seed,arm,anchor,method,rank_cap,alpha,n,noise,fit_budget,representation,input_mode,r,k,delta_rmse,delta_truth_ss,decomposition_level
301,X_BASE,8,B5_WORST_GROUP_RANK,0,0.0,exact,0,8,per_prompt,actual_d,0,23,0.003437385096144238,0.0408347699300163,FITTED_RESPONSE_VS_FINITE_STEP
301,X_BASE,8,B5_WORST_GROUP_RANK,1,0.01,exact,0,8,per_prompt,actual_d,1,23,0.0010146507760067929,0.0408347699300163,FITTED_RESPONSE_VS_FINITE_STEP
301,X_BASE,8,B5_WORST_GROUP_RANK,2,0.01,exact,0,8,per_prompt,actual_d,2,23,0.0005251020321209596,0.0408347699300163,FITTED_RESPONSE_VS_FINITE_STEP
301,X_BASE,8,B5_WORST_GROUP_RANK,4,0.01,exact,0,8,per_prompt,actual_d,4,23,0.0005236197720678678,0.0408347699300163,FITTED_RESPONSE_VS_FINITE_STEP
301,X_BASE,8,B5_WORST_GROUP_RANK,8,0.01,exact,0,8,per_prompt,actual_d,8,23,0.000524581751905471,0.0408347699300163,FITTED_RESPONSE_VS_FINITE_STEP
301,X_BASE,8,B5_WORST_GROUP_RANK,16,0.01,exact,0,8,per_prompt,actual_d,16,23,0.0005255941350045633,0.0408347699300163,FITTED_RESPONSE_VS_FINITE_STEP
301,X_BASE,8,B5_WORST_GROUP_RANK,FULL,0.01,exact,0,8,per_prompt,actual_d,23,23,0.0005257001595563074,0.0408347699300163,FITTED_RESPONSE_VS_FINITE_STEP
301,X_BASE,8,B6_FULL_Q_RIDGE,FULL,0.01,exact,0,8,per_prompt,actual_d,23,23,0.0005257001595562902,0.0408347699300163,FITTED_RESPONSE_VS_FINITE_STEP
301,X_BASE,8,O0_FULL_J_ORACLE,FULL,0.0,exact,0,8,per_prompt,actual_d,737,23,9.968688102150797e-05,0.0408347699300163,FULL_J_VS_FINITE_STEP
301,X_BASE,8,O1_JQ_SVD_ORACLE,0,0.0,exact,0,8,per_prompt,actual_d,0,23,0.003437385096144238,0.0408347699300163,LOW_RANK_J_VS_FINITE_STEP
301,X_BASE,8,O1_JQ_SVD_ORACLE,1,0.0,exact,0,8,per_prompt,actual_d,1,23,0.002217745306220371,0.0408347699300163,LOW_RANK_J_VS_FINITE_STEP
301,X_BASE,8,O1_JQ_SVD_ORACLE,2,0.0,exact,0,8,per_prompt,actual_d,2,23,0.000438618676339111,0.0408347699300163,LOW_RANK_J_VS_FINITE_STEP
301,X_BASE,8,O1_JQ_SVD_ORACLE,4,0.0,exact,0,8,per_prompt,actual_d,4,23,0.0003833557952932051,0.0408347699300163,LOW_RANK_J_VS_FINITE_STEP
301,X_BASE,8,O1_JQ_SVD_ORACLE,8,0.0,exact,0,8,per_prompt,actual_d,8,23,0.0003774983181118984,0.0408347699300163,LOW_RANK_J_VS_FINITE_STEP
301,X_BASE,8,O1_JQ_SVD_ORACLE,16,0.0,exact,0,8,per_prompt,actual_d,16,23,0.0003766558554769655,0.0408347699300163,LOW_RANK_J_VS_FINITE_STEP
301,X_BASE,8,O1_JQ_SVD_ORACLE,FULL,0.0,exact,0,8,per_prompt,actual_d,23,23,0.00037657672934438794,0.0408347699300163,LOW_RANK_J_VS_FINITE_STEP
301,X_BASE,24,B5_WORST_GROUP_RANK,0,0.0,exact,0,8,per_prompt,actual_d,0,20,0.00899933664337857,0.27989473543207927,FITTED_RESPONSE_VS_FINITE_STEP
301,X_BASE,24,B5_WORST_GROUP_RANK,1,0.01,exact,0,8,per_prompt,actual_d,1,20,0.001546614099018542,0.27989473543207927,FITTED_RESPONSE_VS_FINITE_STEP
301,X_BASE,24,B5_WORST_GROUP_RANK,2,0.01,exact,0,8,per_prompt,actual_d,2,20,0.0009449982553928136,0.27989473543207927,FITTED_RESPONSE_VS_FINITE_STEP
301,X_BASE,24,B5_WORST_GROUP_RANK,4,0.01,exact,0,8,per_prompt,actual_d,4,20,0.0009289901527971249,0.27989473543207927,FITTED_RESPONSE_VS_FINITE_STEP
301,X_BASE,24,B5_WORST_GROUP_RANK,8,0.01,exact,0,8,per_prompt,actual_d,8,20,0.0009361560079868298,0.27989473543207927,FITTED_RESPONSE_VS_FINITE_STEP
301,X_BASE,24,B5_WORST_GROUP_RANK,16,0.01,exact,0,8,per_prompt,actual_d,16,20,0.0009373624938780186,0.27989473543207927,FITTED_RESPONSE_VS_FINITE_STEP
301,X_BASE,24,B5_WORST_GROUP_RANK,FULL,0.01,exact,0,8,per_prompt,actual_d,20,20,0.0009373636364154924,0.27989473543207927,FITTED_RESPONSE_VS_FINITE_STEP
301,X_BASE,24,B6_FULL_Q_RIDGE,FULL,0.01,exact,0,8,per_prompt,actual_d,20,20,0.00093736363641549,0.27989473543207927,FITTED_RESPONSE_VS_FINITE_STEP
301,X_BASE,24,O0_FULL_J_ORACLE,FULL,0.0,exact,0,8,per_prompt,actual_d,737,20,0.00017957079414051161,0.27989473543207927,FULL_J_VS_FINITE_STEP
301,X_BASE,24,O1_JQ_SVD_ORACLE,0,0.0,exact,0,8,per_prompt,actual_d,0,20,0.00899933664337857,0.27989473543207927,LOW_RANK_J_VS_FINITE_STEP
301,X_BASE,24,O1_JQ_SVD_ORACLE,1,0.0,exact,0,8,per_prompt,actual_d,1,20,0.005627383099392868,0.27989473543207927,LOW_RANK_J_VS_FINITE_STEP
301,X_BASE,24,O1_JQ_SVD_ORACLE,2,0.0,exact,0,8,per_prompt,actual_d,2,20,0.0005302139840760394,0.27989473543207927,LOW_RANK_J_VS_FINITE_STEP
301,X_BASE,24,O1_JQ_SVD_ORACLE,4,0.0,exact,0,8,per_prompt,actual_d,4,20,0.00044542815264052646,0.27989473543207927,LOW_RANK_J_VS_FINITE_STEP
301,X_BASE,24,O1_JQ_SVD_ORACLE,8,0.0,exact,0,8,per_prompt,actual_d,8,20,0.00036993154898137966,0.27989473543207927,LOW_RANK_J_VS_FINITE_STEP
301,X_BASE,24,O1_JQ_SVD_ORACLE,16,0.0,exact,0,8,per_prompt,actual_d,16,20,0.00036687470339337837,0.27989473543207927,LOW_RANK_J_VS_FINITE_STEP
301,X_BASE,24,O1_JQ_SVD_ORACLE,FULL,0.0,exact,0,8,per_prompt,actual_d,20,20,0.00036655750828924684,0.27989473543207927,LOW_RANK_J_VS_FINITE_STEP
301,X_BASE,40,B5_WORST_GROUP_RANK,0,0.0,exact,0,8,per_prompt,actual_d,0,11,0.00481669858107546,0.08018122252354912,FITTED_RESPONSE_VS_FINITE_STEP
301,X_BASE,40,B5_WORST_GROUP_RANK,1,0.01,exact,0,8,per_prompt,actual_d,1,11,0.001750785381944457,0.08018122252354912,FITTED_RESPONSE_VS_FINITE_STEP
301,X_BASE,40,B5_WORST_GROUP_RANK,2,0.01,exact,0,8,per_prompt,actual_d,2,11,0.001548080761153123,0.08018122252354912,FITTED_RESPONSE_VS_FINITE_STEP
301,X_BASE,40,B5_WORST_GROUP_RANK,4,0.01,exact,0,8,per_prompt,actual_d,4,11,0.0015028564776235365,0.08018122252354912,FITTED_RESPONSE_VS_FINITE_STEP
301,X_BASE,40,B5_WORST_GROUP_RANK,8,0.01,exact,0,8,per_prompt,actual_d,8,11,0.0014985513816366178,0.08018122252354912,FITTED_RESPONSE_VS_FINITE_STEP
301,X_BASE,40,B5_WORST_GROUP_RANK,16,0.01,exact,0,8,per_prompt,actual_d,11,11,0.0014982359352954013,0.08018122252354912,FITTED_RESPONSE_VS_FINITE_STEP
301,X_BASE,40,B5_WORST_GROUP_RANK,FULL,0.01,exact,0,8,per_prompt,actual_d,11,11,0.0014982359352954013,0.08018122252354912,FITTED_RESPONSE_VS_FINITE_STEP
301,X_BASE,40,B6_FULL_Q_RIDGE,FULL,0.01,exact,0,8,per_prompt,actual_d,11,11,0.001498235935295384,0.08018122252354912,FITTED_RESPONSE_VS_FINITE_STEP
301,X_BASE,40,O0_FULL_J_ORACLE,FULL,0.0,exact,0,8,per_prompt,actual_d,737,11,0.00024867401651509035,0.08018122252354912,FULL_J_VS_FINITE_STEP
301,X_BASE,40,O1_JQ_SVD_ORACLE,0,0.0,exact,0,8,per_prompt,actual_d,0,11,0.00481669858107546,0.08018122252354912,LOW_RANK_J_VS_FINITE_STEP
301,X_BASE,40,O1_JQ_SVD_ORACLE,1,0.0,exact,0,8,per_prompt,actual_d,1,11,0.0035113636015560207,0.08018122252354912,LOW_RANK_J_VS_FINITE_STEP
301,X_BASE,40,O1_JQ_SVD_ORACLE,2,0.0,exact,0,8,per_prompt,actual_d,2,11,0.0018252170230041785,0.08018122252354912,LOW_RANK_J_VS_FINITE_STEP
301,X_BASE,40,O1_JQ_SVD_ORACLE,4,0.0,exact,0,8,per_prompt,actual_d,4,11,0.0014375568632839471,0.08018122252354912,LOW_RANK_J_VS_FINITE_STEP
301,X_BASE,40,O1_JQ_SVD_ORACLE,8,0.0,exact,0,8,per_prompt,actual_d,8,11,0.0010382906397204043,0.08018122252354912,LOW_RANK_J_VS_FINITE_STEP
301,X_BASE,40,O1_JQ_SVD_ORACLE,16,0.0,exact,0,8,per_prompt,actual_d,11,11,0.0009984866872284935,0.08018122252354912,LOW_RANK_J_VS_FINITE_STEP
301,X_BASE,40,O1_JQ_SVD_ORACLE,FULL,0.0,exact,0,8,per_prompt,actual_d,11,11,0.0009984866872284935,0.08018122252354912,LOW_RANK_J_VS_FINITE_STEP
301,X_VALID,8,B5_WORST_GROUP_RANK,0,0.0,exact,0,8,per_prompt,actual_d,0,14,0.005025638016125112,0.08728832149328548,FITTED_RESPONSE_VS_FINITE_STEP
301,X_VALID,8,B5_WORST_GROUP_RANK,1,0.01,exact,0,8,per_prompt,actual_d,1,14,0.0002880071110111961,0.08728832149328548,FITTED_RESPONSE_VS_FINITE_STEP
301,X_VALID,8,B5_WORST_GROUP_RANK,2,0.01,exact,0,8,per_prompt,actual_d,2,14,0.0002637136271827856,0.08728832149328548,FITTED_RESPONSE_VS_FINITE_STEP
301,X_VALID,8,B5_WORST_GROUP_RANK,4,0.01,exact,0,8,per_prompt,actual_d,4,14,0.00026339180880552963,0.08728832149328548,FITTED_RESPONSE_VS_FINITE_STEP
301,X_VALID,8,B5_WORST_GROUP_RANK,8,0.01,exact,0,8,per_prompt,actual_d,8,14,0.00026283448491454644,0.08728832149328548,FITTED_RESPONSE_VS_FINITE_STEP
301,X_VALID,8,B5_WORST_GROUP_RANK,16,0.01,exact,0,8,per_prompt,actual_d,14,14,0.0002630468978112163,0.08728832149328548,FITTED_RESPONSE_VS_FINITE_STEP
301,X_VALID,8,B5_WORST_GROUP_RANK,FULL,0.01,exact,0,8,per_prompt,actual_d,14,14,0.0002630468978112163,0.08728832149328548,FITTED_RESPONSE_VS_FINITE_STEP
301,X_VALID,8,B6_FULL_Q_RIDGE,FULL,0.01,exact,0,8,per_prompt,actual_d,14,14,0.00026304689781121596,0.08728832149328548,FITTED_RESPONSE_VS_FINITE_STEP
301,X_VALID,8,O0_FULL_J_ORACLE,FULL,0.0,exact,0,8,per_prompt,actual_d,737,14,7.713737609026699e-05,0.08728832149328548,FULL_J_VS_FINITE_STEP
301,X_VALID,8,O1_JQ_SVD_ORACLE,0,0.0,exact,0,8,per_prompt,actual_d,0,14,0.005025638016125112,0.08728832149328548,LOW_RANK_J_VS_FINITE_STEP
301,X_VALID,8,O1_JQ_SVD_ORACLE,1,0.0,exact,0,8,per_prompt,actual_d,1,14,0.00038717642865056023,0.08728832149328548,LOW_RANK_J_VS_FINITE_STEP
301,X_VALID,8,O1_JQ_SVD_ORACLE,2,0.0,exact,0,8,per_prompt,actual_d,2,14,0.0001856056619779794,0.08728832149328548,LOW_RANK_J_VS_FINITE_STEP
301,X_VALID,8,O1_JQ_SVD_ORACLE,4,0.0,exact,0,8,per_prompt,actual_d,4,14,0.0001670896213581955,0.08728832149328548,LOW_RANK_J_VS_FINITE_STEP
301,X_VALID,8,O1_JQ_SVD_ORACLE,8,0.0,exact,0,8,per_prompt,actual_d,8,14,0.00015219119195872862,0.08728832149328548,LOW_RANK_J_VS_FINITE_STEP
301,X_VALID,8,O1_JQ_SVD_ORACLE,16,0.0,exact,0,8,per_prompt,actual_d,14,14,0.00014843398592319484,0.08728832149328548,LOW_RANK_J_VS_FINITE_STEP
301,X_VALID,8,O1_JQ_SVD_ORACLE,FULL,0.0,exact,0,8,per_prompt,actual_d,14,14,0.00014843398592319484,0.08728832149328548,LOW_RANK_J_VS_FINITE_STEP
301,X_VALID,24,B5_WORST_GROUP_RANK,0,0.0,exact,0,8,per_prompt,actual_d,0,9,0.0016143251639117219,0.009006494059602228,FITTED_RESPONSE_VS_FINITE_STEP
301,X_VALID,24,B5_WORST_GROUP_RANK,1,0.01,exact,0,8,per_prompt,actual_d,1,9,0.00023963395251668817,0.009006494059602228,FITTED_RESPONSE_VS_FINITE_STEP
301,X_VALID,24,B5_WORST_GROUP_RANK,2,0.01,exact,0,8,per_prompt,actual_d,2,9,0.00023356427573160044,0.009006494059602228,FITTED_RESPONSE_VS_FINITE_STEP
301,X_VALID,24,B5_WORST_GROUP_RANK,4,0.01,exact,0,8,per_prompt,actual_d,4,9,0.00022729299506543427,0.009006494059602228,FITTED_RESPONSE_VS_FINITE_STEP
301,X_VALID,24,B5_WORST_GROUP_RANK,8,0.01,exact,0,8,per_prompt,actual_d,8,9,0.0002262201228469705,0.009006494059602228,FITTED_RESPONSE_VS_FINITE_STEP
301,X_VALID,24,B5_WORST_GROUP_RANK,16,0.01,exact,0,8,per_prompt,actual_d,9,9,0.00022622079098606626,0.009006494059602228,FITTED_RESPONSE_VS_FINITE_STEP
301,X_VALID,24,B5_WORST_GROUP_RANK,FULL,0.01,exact,0,8,per_prompt,actual_d,9,9,0.00022622079098606626,0.009006494059602228,FITTED_RESPONSE_VS_FINITE_STEP
301,X_VALID,24,B6_FULL_Q_RIDGE,FULL,0.01,exact,0,8,per_prompt,actual_d,9,9,0.0002262207909860635,0.009006494059602228,FITTED_RESPONSE_VS_FINITE_STEP
301,X_VALID,24,O0_FULL_J_ORACLE,FULL,0.0,exact,0,8,per_prompt,actual_d,737,9,4.442883377737667e-05,0.009006494059602228,FULL_J_VS_FINITE_STEP
301,X_VALID,24,O1_JQ_SVD_ORACLE,0,0.0,exact,0,8,per_prompt,actual_d,0,9,0.0016143251639117219,0.009006494059602228,LOW_RANK_J_VS_FINITE_STEP
301,X_VALID,24,O1_JQ_SVD_ORACLE,1,0.0,exact,0,8,per_prompt,actual_d,1,9,0.0003300442204300866,0.009006494059602228,LOW_RANK_J_VS_FINITE_STEP
301,X_VALID,24,O1_JQ_SVD_ORACLE,2,0.0,exact,0,8,per_prompt,actual_d,2,9,0.0002975140602033452,0.009006494059602228,LOW_RANK_J_VS_FINITE_STEP
301,X_VALID,24,O1_JQ_SVD_ORACLE,4,0.0,exact,0,8,per_prompt,actual_d,4,9,0.00019507428627981804,0.009006494059602228,LOW_RANK_J_VS_FINITE_STEP
301,X_VALID,24,O1_JQ_SVD_ORACLE,8,0.0,exact,0,8,per_prompt,actual_d,8,9,0.00017247006243583207,0.009006494059602228,LOW_RANK_J_VS_FINITE_STEP
301,X_VALID,24,O1_JQ_SVD_ORACLE,16,0.0,exact,0,8,per_prompt,actual_d,9,9,0.00017250220600521912,0.009006494059602228,LOW_RANK_J_VS_FINITE_STEP
301,X_VALID,24,O1_JQ_SVD_ORACLE,FULL,0.0,exact,0,8,per_prompt,actual_d,9,9,0.00017250220600521912,0.009006494059602228,LOW_RANK_J_VS_FINITE_STEP
301,X_VALID,40,B5_WORST_GROUP_RANK,0,0.0,exact,0,8,per_prompt,actual_d,0,9,0.0031523487494404673,0.034343317917269724,FITTED_RESPONSE_VS_FINITE_STEP
301,X_VALID,40,B5_WORST_GROUP_RANK,1,0.01,exact,0,8,per_prompt,actual_d,1,9,0.00023713865623974757,0.034343317917269724,FITTED_RESPONSE_VS_FINITE_STEP
301,X_VALID,40,B5_WORST_GROUP_RANK,2,0.01,exact,0,8,per_prompt,actual_d,2,9,0.00023225581625332158,0.034343317917269724,FITTED_RESPONSE_VS_FINITE_STEP
301,X_VALID,40,B5_WORST_GROUP_RANK,4,0.01,exact,0,8,per_prompt,actual_d,4,9,0.00022773281267828328,0.034343317917269724,FITTED_RESPONSE_VS_FINITE_STEP
301,X_VALID,40,B5_WORST_GROUP_RANK,8,0.01,exact,0,8,per_prompt,actual_d,8,9,0.00022499602609544494,0.034343317917269724,FITTED_RESPONSE_VS_FINITE_STEP
301,X_VALID,40,B5_WORST_GROUP_RANK,16,0.01,exact,0,8,per_prompt,actual_d,9,9,0.00022499375467114602,0.034343317917269724,FITTED_RESPONSE_VS_FINITE_STEP
301,X_VALID,40,B5_WORST_GROUP_RANK,FULL,0.01,exact,0,8,per_prompt,actual_d,9,9,0.00022499375467114602,0.034343317917269724,FITTED_RESPONSE_VS_FINITE_STEP
301,X_VALID,40,B6_FULL_Q_RIDGE,FULL,0.01,exact,0,8,per_prompt,actual_d,9,9,0.00022499375467114447,0.034343317917269724,FITTED_RESPONSE_VS_FINITE_STEP
301,X_VALID,40,O0_FULL_J_ORACLE,FULL,0.0,exact,0,8,per_prompt,actual_d,737,9,5.285797913501239e-05,0.034343317917269724,FULL_J_VS_FINITE_STEP
301,X_VALID,40,O1_JQ_SVD_ORACLE,0,0.0,exact,0,8,per_prompt,actual_d,0,9,0.0031523487494404673,0.034343317917269724,LOW_RANK_J_VS_FINITE_STEP
301,X_VALID,40,O1_JQ_SVD_ORACLE,1,0.0,exact,0,8,per_prompt,actual_d,1,9,0.0006038773384321035,0.034343317917269724,LOW_RANK_J_VS_FINITE_STEP
301,X_VALID,40,O1_JQ_SVD_ORACLE,2,0.0,exact,0,8,per_prompt,actual_d,2,9,0.0005847309725964895,0.034343317917269724,LOW_RANK_J_VS_FINITE_STEP
301,X_VALID,40,O1_JQ_SVD_ORACLE,4,0.0,exact,0,8,per_prompt,actual_d,4,9,0.00029025332734093824,0.034343317917269724,LOW_RANK_J_VS_FINITE_STEP
301,X_VALID,40,O1_JQ_SVD_ORACLE,8,0.0,exact,0,8,per_prompt,actual_d,8,9,0.00019591691046885612,0.034343317917269724,LOW_RANK_J_VS_FINITE_STEP
301,X_VALID,40,O1_JQ_SVD_ORACLE,16,0.0,exact,0,8,per_prompt,actual_d,9,9,0.0001870231448973303,0.034343317917269724,LOW_RANK_J_VS_FINITE_STEP
301,X_VALID,40,O1_JQ_SVD_ORACLE,FULL,0.0,exact,0,8,per_prompt,actual_d,9,9,0.0001870231448973303,0.034343317917269724,LOW_RANK_J_VS_FINITE_STEP
302,X_BASE,8,B5_WORST_GROUP_RANK,0,0.0,exact,0,8,per_prompt,actual_d,0,18,0.0022698120623165694,0.017805473734709826,FITTED_RESPONSE_VS_FINITE_STEP
302,X_BASE,8,B5_WORST_GROUP_RANK,1,0.01,exact,0,8,per_prompt,actual_d,1,18,0.0019076377024593407,0.017805473734709826,FITTED_RESPONSE_VS_FINITE_STEP
302,X_BASE,8,B5_WORST_GROUP_RANK,2,0.01,exact,0,8,per_prompt,actual_d,2,18,0.0006106043152354889,0.017805473734709826,FITTED_RESPONSE_VS_FINITE_STEP
302,X_BASE,8,B5_WORST_GROUP_RANK,4,0.01,exact,0,8,per_prompt,actual_d,4,18,0.000606358598208621,0.017805473734709826,FITTED_RESPONSE_VS_FINITE_STEP
302,X_BASE,8,B5_WORST_GROUP_RANK,8,0.01,exact,0,8,per_prompt,actual_d,8,18,0.0006066346786087332,0.017805473734709826,FITTED_RESPONSE_VS_FINITE_STEP
302,X_BASE,8,B5_WORST_GROUP_RANK,16,0.01,exact,0,8,per_prompt,actual_d,16,18,0.0006077210635372351,0.017805473734709826,FITTED_RESPONSE_VS_FINITE_STEP
302,X_BASE,8,B5_WORST_GROUP_RANK,FULL,0.01,exact,0,8,per_prompt,actual_d,18,18,0.0006077521108472116,0.017805473734709826,FITTED_RESPONSE_VS_FINITE_STEP
302,X_BASE,8,B6_FULL_Q_RIDGE,FULL,0.01,exact,0,8,per_prompt,actual_d,18,18,0.0006077521108472145,0.017805473734709826,FITTED_RESPONSE_VS_FINITE_STEP
302,X_BASE,8,O0_FULL_J_ORACLE,FULL,0.0,exact,0,8,per_prompt,actual_d,737,18,4.251344309297736e-05,0.017805473734709826,FULL_J_VS_FINITE_STEP
302,X_BASE,8,O1_JQ_SVD_ORACLE,0,0.0,exact,0,8,per_prompt,actual_d,0,18,0.0022698120623165694,0.017805473734709826,LOW_RANK_J_VS_FINITE_STEP
302,X_BASE,8,O1_JQ_SVD_ORACLE,1,0.0,exact,0,8,per_prompt,actual_d,1,18,0.0018972392905245122,0.017805473734709826,LOW_RANK_J_VS_FINITE_STEP
302,X_BASE,8,O1_JQ_SVD_ORACLE,2,0.0,exact,0,8,per_prompt,actual_d,2,18,0.0005219764682794484,0.017805473734709826,LOW_RANK_J_VS_FINITE_STEP
302,X_BASE,8,O1_JQ_SVD_ORACLE,4,0.0,exact,0,8,per_prompt,actual_d,4,18,0.000481433851573578,0.017805473734709826,LOW_RANK_J_VS_FINITE_STEP
302,X_BASE,8,O1_JQ_SVD_ORACLE,8,0.0,exact,0,8,per_prompt,actual_d,8,18,0.00048017704044978304,0.017805473734709826,LOW_RANK_J_VS_FINITE_STEP
302,X_BASE,8,O1_JQ_SVD_ORACLE,16,0.0,exact,0,8,per_prompt,actual_d,16,18,0.0004797274349552543,0.017805473734709826,LOW_RANK_J_VS_FINITE_STEP
302,X_BASE,8,O1_JQ_SVD_ORACLE,FULL,0.0,exact,0,8,per_prompt,actual_d,18,18,0.00047970805383206204,0.017805473734709826,LOW_RANK_J_VS_FINITE_STEP
302,X_BASE,24,B5_WORST_GROUP_RANK,0,0.0,exact,0,8,per_prompt,actual_d,0,21,0.006039768666497034,0.12607075196282658,FITTED_RESPONSE_VS_FINITE_STEP
302,X_BASE,24,B5_WORST_GROUP_RANK,1,0.01,exact,0,8,per_prompt,actual_d,1,21,0.0015267073353965044,0.12607075196282658,FITTED_RESPONSE_VS_FINITE_STEP
302,X_BASE,24,B5_WORST_GROUP_RANK,2,0.01,exact,0,8,per_prompt,actual_d,2,21,0.0008368427707766015,0.12607075196282658,FITTED_RESPONSE_VS_FINITE_STEP
302,X_BASE,24,B5_WORST_GROUP_RANK,4,0.01,exact,0,8,per_prompt,actual_d,4,21,0.0008447408547901772,0.12607075196282658,FITTED_RESPONSE_VS_FINITE_STEP
302,X_BASE,24,B5_WORST_GROUP_RANK,8,0.01,exact,0,8,per_prompt,actual_d,8,21,0.0008387459429715523,0.12607075196282658,FITTED_RESPONSE_VS_FINITE_STEP
302,X_BASE,24,B5_WORST_GROUP_RANK,16,0.01,exact,0,8,per_prompt,actual_d,16,21,0.0008386940217245128,0.12607075196282658,FITTED_RESPONSE_VS_FINITE_STEP
302,X_BASE,24,B5_WORST_GROUP_RANK,FULL,0.01,exact,0,8,per_prompt,actual_d,21,21,0.0008387062728497051,0.12607075196282658,FITTED_RESPONSE_VS_FINITE_STEP
302,X_BASE,24,B6_FULL_Q_RIDGE,FULL,0.01,exact,0,8,per_prompt,actual_d,21,21,0.0008387062728497101,0.12607075196282658,FITTED_RESPONSE_VS_FINITE_STEP
302,X_BASE,24,O0_FULL_J_ORACLE,FULL,0.0,exact,0,8,per_prompt,actual_d,737,21,7.423268149159489e-05,0.12607075196282658,FULL_J_VS_FINITE_STEP
302,X_BASE,24,O1_JQ_SVD_ORACLE,0,0.0,exact,0,8,per_prompt,actual_d,0,21,0.006039768666497034,0.12607075196282658,LOW_RANK_J_VS_FINITE_STEP
302,X_BASE,24,O1_JQ_SVD_ORACLE,1,0.0,exact,0,8,per_prompt,actual_d,1,21,0.005037077337940135,0.12607075196282658,LOW_RANK_J_VS_FINITE_STEP
302,X_BASE,24,O1_JQ_SVD_ORACLE,2,0.0,exact,0,8,per_prompt,actual_d,2,21,0.0006451799308505801,0.12607075196282658,LOW_RANK_J_VS_FINITE_STEP
302,X_BASE,24,O1_JQ_SVD_ORACLE,4,0.0,exact,0,8,per_prompt,actual_d,4,21,0.0005311358869961268,0.12607075196282658,LOW_RANK_J_VS_FINITE_STEP
302,X_BASE,24,O1_JQ_SVD_ORACLE,8,0.0,exact,0,8,per_prompt,actual_d,8,21,0.00041188263547699874,0.12607075196282658,LOW_RANK_J_VS_FINITE_STEP
302,X_BASE,24,O1_JQ_SVD_ORACLE,16,0.0,exact,0,8,per_prompt,actual_d,16,21,0.0003820439409491319,0.12607075196282658,LOW_RANK_J_VS_FINITE_STEP
302,X_BASE,24,O1_JQ_SVD_ORACLE,FULL,0.0,exact,0,8,per_prompt,actual_d,21,21,0.00038155775407067665,0.12607075196282658,LOW_RANK_J_VS_FINITE_STEP
302,X_BASE,40,B5_WORST_GROUP_RANK,0,0.0,exact,0,8,per_prompt,actual_d,0,15,0.008673027370055106,0.2599651714005216,FITTED_RESPONSE_VS_FINITE_STEP
302,X_BASE,40,B5_WORST_GROUP_RANK,1,0.01,exact,0,8,per_prompt,actual_d,1,15,0.0014992736000759626,0.2599651714005216,FITTED_RESPONSE_VS_FINITE_STEP
302,X_BASE,40,B5_WORST_GROUP_RANK,2,0.01,exact,0,8,per_prompt,actual_d,2,15,0.0014431335125375375,0.2599651714005216,FITTED_RESPONSE_VS_FINITE_STEP
302,X_BASE,40,B5_WORST_GROUP_RANK,4,0.01,exact,0,8,per_prompt,actual_d,4,15,0.0014255880277019572,0.2599651714005216,FITTED_RESPONSE_VS_FINITE_STEP
302,X_BASE,40,B5_WORST_GROUP_RANK,8,0.01,exact,0,8,per_prompt,actual_d,8,15,0.0013941071408742351,0.2599651714005216,FITTED_RESPONSE_VS_FINITE_STEP
302,X_BASE,40,B5_WORST_GROUP_RANK,16,0.01,exact,0,8,per_prompt,actual_d,15,15,0.001390643091072992,0.2599651714005216,FITTED_RESPONSE_VS_FINITE_STEP
302,X_BASE,40,B5_WORST_GROUP_RANK,FULL,0.01,exact,0,8,per_prompt,actual_d,15,15,0.001390643091072992,0.2599651714005216,FITTED_RESPONSE_VS_FINITE_STEP
302,X_BASE,40,B6_FULL_Q_RIDGE,FULL,0.01,exact,0,8,per_prompt,actual_d,15,15,0.0013906430910729825,0.2599651714005216,FITTED_RESPONSE_VS_FINITE_STEP
302,X_BASE,40,O0_FULL_J_ORACLE,FULL,0.0,exact,0,8,per_prompt,actual_d,737,15,0.00011331193301314413,0.2599651714005216,FULL_J_VS_FINITE_STEP
302,X_BASE,40,O1_JQ_SVD_ORACLE,0,0.0,exact,0,8,per_prompt,actual_d,0,15,0.008673027370055106,0.2599651714005216,LOW_RANK_J_VS_FINITE_STEP
302,X_BASE,40,O1_JQ_SVD_ORACLE,1,0.0,exact,0,8,per_prompt,actual_d,1,15,0.0026648470348899335,0.2599651714005216,LOW_RANK_J_VS_FINITE_STEP
302,X_BASE,40,O1_JQ_SVD_ORACLE,2,0.0,exact,0,8,per_prompt,actual_d,2,15,0.00225376425632215,0.2599651714005216,LOW_RANK_J_VS_FINITE_STEP
302,X_BASE,40,O1_JQ_SVD_ORACLE,4,0.0,exact,0,8,per_prompt,actual_d,4,15,0.001278528092887935,0.2599651714005216,LOW_RANK_J_VS_FINITE_STEP
302,X_BASE,40,O1_JQ_SVD_ORACLE,8,0.0,exact,0,8,per_prompt,actual_d,8,15,0.0011107056077100722,0.2599651714005216,LOW_RANK_J_VS_FINITE_STEP
302,X_BASE,40,O1_JQ_SVD_ORACLE,16,0.0,exact,0,8,per_prompt,actual_d,15,15,0.0009736922430884027,0.2599651714005216,LOW_RANK_J_VS_FINITE_STEP
302,X_BASE,40,O1_JQ_SVD_ORACLE,FULL,0.0,exact,0,8,per_prompt,actual_d,15,15,0.0009736922430884027,0.2599651714005216,LOW_RANK_J_VS_FINITE_STEP
302,X_VALID,8,B5_WORST_GROUP_RANK,0,0.0,exact,0,8,per_prompt,actual_d,0,18,0.00639177298182565,0.14119405695773463,FITTED_RESPONSE_VS_FINITE_STEP
302,X_VALID,8,B5_WORST_GROUP_RANK,1,0.01,exact,0,8,per_prompt,actual_d,1,18,0.00030310334284167594,0.14119405695773463,FITTED_RESPONSE_VS_FINITE_STEP
302,X_VALID,8,B5_WORST_GROUP_RANK,2,0.01,exact,0,8,per_prompt,actual_d,2,18,0.0002988358815720049,0.14119405695773463,FITTED_RESPONSE_VS_FINITE_STEP
302,X_VALID,8,B5_WORST_GROUP_RANK,4,0.01,exact,0,8,per_prompt,actual_d,4,18,0.00029800122467657427,0.14119405695773463,FITTED_RESPONSE_VS_FINITE_STEP
302,X_VALID,8,B5_WORST_GROUP_RANK,8,0.01,exact,0,8,per_prompt,actual_d,8,18,0.0002973560689064334,0.14119405695773463,FITTED_RESPONSE_VS_FINITE_STEP
302,X_VALID,8,B5_WORST_GROUP_RANK,16,0.01,exact,0,8,per_prompt,actual_d,16,18,0.00029740994945162653,0.14119405695773463,FITTED_RESPONSE_VS_FINITE_STEP
302,X_VALID,8,B5_WORST_GROUP_RANK,FULL,0.01,exact,0,8,per_prompt,actual_d,18,18,0.0002974093739504618,0.14119405695773463,FITTED_RESPONSE_VS_FINITE_STEP
302,X_VALID,8,B6_FULL_Q_RIDGE,FULL,0.01,exact,0,8,per_prompt,actual_d,18,18,0.00029740937395046017,0.14119405695773463,FITTED_RESPONSE_VS_FINITE_STEP
302,X_VALID,8,O0_FULL_J_ORACLE,FULL,0.0,exact,0,8,per_prompt,actual_d,737,18,0.00011477113381258404,0.14119405695773463,FULL_J_VS_FINITE_STEP
302,X_VALID,8,O1_JQ_SVD_ORACLE,0,0.0,exact,0,8,per_prompt,actual_d,0,18,0.00639177298182565,0.14119405695773463,LOW_RANK_J_VS_FINITE_STEP
302,X_VALID,8,O1_JQ_SVD_ORACLE,1,0.0,exact,0,8,per_prompt,actual_d,1,18,0.00031542600976568213,0.14119405695773463,LOW_RANK_J_VS_FINITE_STEP
302,X_VALID,8,O1_JQ_SVD_ORACLE,2,0.0,exact,0,8,per_prompt,actual_d,2,18,0.00017964552970746382,0.14119405695773463,LOW_RANK_J_VS_FINITE_STEP
302,X_VALID,8,O1_JQ_SVD_ORACLE,4,0.0,exact,0,8,per_prompt,actual_d,4,18,0.0001771432670997952,0.14119405695773463,LOW_RANK_J_VS_FINITE_STEP
302,X_VALID,8,O1_JQ_SVD_ORACLE,8,0.0,exact,0,8,per_prompt,actual_d,8,18,0.00016970022387730803,0.14119405695773463,LOW_RANK_J_VS_FINITE_STEP
302,X_VALID,8,O1_JQ_SVD_ORACLE,16,0.0,exact,0,8,per_prompt,actual_d,16,18,0.00016098441271573014,0.14119405695773463,LOW_RANK_J_VS_FINITE_STEP
302,X_VALID,8,O1_JQ_SVD_ORACLE,FULL,0.0,exact,0,8,per_prompt,actual_d,18,18,0.0001608802387830463,0.14119405695773463,LOW_RANK_J_VS_FINITE_STEP
302,X_VALID,24,B5_WORST_GROUP_RANK,0,0.0,exact,0,8,per_prompt,actual_d,0,9,0.00150820176291738,0.007861268359297471,FITTED_RESPONSE_VS_FINITE_STEP
302,X_VALID,24,B5_WORST_GROUP_RANK,1,0.01,exact,0,8,per_prompt,actual_d,1,9,0.0002920204433304198,0.007861268359297471,FITTED_RESPONSE_VS_FINITE_STEP
302,X_VALID,24,B5_WORST_GROUP_RANK,2,0.01,exact,0,8,per_prompt,actual_d,2,9,0.0002698995951582436,0.007861268359297471,FITTED_RESPONSE_VS_FINITE_STEP
302,X_VALID,24,B5_WORST_GROUP_RANK,4,0.01,exact,0,8,per_prompt,actual_d,4,9,0.0002586589670977435,0.007861268359297471,FITTED_RESPONSE_VS_FINITE_STEP
302,X_VALID,24,B5_WORST_GROUP_RANK,8,0.01,exact,0,8,per_prompt,actual_d,8,9,0.00025682184419175834,0.007861268359297471,FITTED_RESPONSE_VS_FINITE_STEP
302,X_VALID,24,B5_WORST_GROUP_RANK,16,0.01,exact,0,8,per_prompt,actual_d,9,9,0.0002567232466955897,0.007861268359297471,FITTED_RESPONSE_VS_FINITE_STEP
302,X_VALID,24,B5_WORST_GROUP_RANK,FULL,0.01,exact,0,8,per_prompt,actual_d,9,9,0.0002567232466955897,0.007861268359297471,FITTED_RESPONSE_VS_FINITE_STEP
302,X_VALID,24,B6_FULL_Q_RIDGE,FULL,0.01,exact,0,8,per_prompt,actual_d,9,9,0.00025672324669558956,0.007861268359297471,FITTED_RESPONSE_VS_FINITE_STEP
302,X_VALID,24,O0_FULL_J_ORACLE,FULL,0.0,exact,0,8,per_prompt,actual_d,737,9,2.9542184067034932e-05,0.007861268359297471,FULL_J_VS_FINITE_STEP
302,X_VALID,24,O1_JQ_SVD_ORACLE,0,0.0,exact,0,8,per_prompt,actual_d,0,9,0.00150820176291738,0.007861268359297471,LOW_RANK_J_VS_FINITE_STEP
302,X_VALID,24,O1_JQ_SVD_ORACLE,1,0.0,exact,0,8,per_prompt,actual_d,1,9,0.0005610505390997214,0.007861268359297471,LOW_RANK_J_VS_FINITE_STEP
302,X_VALID,24,O1_JQ_SVD_ORACLE,2,0.0,exact,0,8,per_prompt,actual_d,2,9,0.0004594946371414018,0.007861268359297471,LOW_RANK_J_VS_FINITE_STEP
302,X_VALID,24,O1_JQ_SVD_ORACLE,4,0.0,exact,0,8,per_prompt,actual_d,4,9,0.000289694368712905,0.007861268359297471,LOW_RANK_J_VS_FINITE_STEP
302,X_VALID,24,O1_JQ_SVD_ORACLE,8,0.0,exact,0,8,per_prompt,actual_d,8,9,0.0001940041135950569,0.007861268359297471,LOW_RANK_J_VS_FINITE_STEP
302,X_VALID,24,O1_JQ_SVD_ORACLE,16,0.0,exact,0,8,per_prompt,actual_d,9,9,0.00018882468742840495,0.007861268359297471,LOW_RANK_J_VS_FINITE_STEP
302,X_VALID,24,O1_JQ_SVD_ORACLE,FULL,0.0,exact,0,8,per_prompt,actual_d,9,9,0.00018882468742840495,0.007861268359297471,LOW_RANK_J_VS_FINITE_STEP
302,X_VALID,40,B5_WORST_GROUP_RANK,0,0.0,exact,0,8,per_prompt,actual_d,0,12,0.002213187209474955,0.016928170989178308,FITTED_RESPONSE_VS_FINITE_STEP
302,X_VALID,40,B5_WORST_GROUP_RANK,1,0.01,exact,0,8,per_prompt,actual_d,1,12,0.0001800782185463859,0.016928170989178308,FITTED_RESPONSE_VS_FINITE_STEP
302,X_VALID,40,B5_WORST_GROUP_RANK,2,0.01,exact,0,8,per_prompt,actual_d,2,12,0.00017869774552924512,0.016928170989178308,FITTED_RESPONSE_VS_FINITE_STEP
302,X_VALID,40,B5_WORST_GROUP_RANK,4,0.01,exact,0,8,per_prompt,actual_d,4,12,0.000173741649552988,0.016928170989178308,FITTED_RESPONSE_VS_FINITE_STEP
302,X_VALID,40,B5_WORST_GROUP_RANK,8,0.01,exact,0,8,per_prompt,actual_d,8,12,0.00017337597556853695,0.016928170989178308,FITTED_RESPONSE_VS_FINITE_STEP
302,X_VALID,40,B5_WORST_GROUP_RANK,16,0.01,exact,0,8,per_prompt,actual_d,12,12,0.00017329969474544726,0.016928170989178308,FITTED_RESPONSE_VS_FINITE_STEP
302,X_VALID,40,B5_WORST_GROUP_RANK,FULL,0.01,exact,0,8,per_prompt,actual_d,12,12,0.00017329969474544726,0.016928170989178308,FITTED_RESPONSE_VS_FINITE_STEP
302,X_VALID,40,B6_FULL_Q_RIDGE,FULL,0.01,exact,0,8,per_prompt,actual_d,12,12,0.00017329969474544734,0.016928170989178308,FITTED_RESPONSE_VS_FINITE_STEP
302,X_VALID,40,O0_FULL_J_ORACLE,FULL,0.0,exact,0,8,per_prompt,actual_d,737,12,2.7514647318856684e-05,0.016928170989178308,FULL_J_VS_FINITE_STEP
302,X_VALID,40,O1_JQ_SVD_ORACLE,0,0.0,exact,0,8,per_prompt,actual_d,0,12,0.002213187209474955,0.016928170989178308,LOW_RANK_J_VS_FINITE_STEP
302,X_VALID,40,O1_JQ_SVD_ORACLE,1,0.0,exact,0,8,per_prompt,actual_d,1,12,0.0004685031655459088,0.016928170989178308,LOW_RANK_J_VS_FINITE_STEP
302,X_VALID,40,O1_JQ_SVD_ORACLE,2,0.0,exact,0,8,per_prompt,actual_d,2,12,0.00041985929285746047,0.016928170989178308,LOW_RANK_J_VS_FINITE_STEP
302,X_VALID,40,O1_JQ_SVD_ORACLE,4,0.0,exact,0,8,per_prompt,actual_d,4,12,0.00022244628648718457,0.016928170989178308,LOW_RANK_J_VS_FINITE_STEP
302,X_VALID,40,O1_JQ_SVD_ORACLE,8,0.0,exact,0,8,per_prompt,actual_d,8,12,0.00017273371589801402,0.016928170989178308,LOW_RANK_J_VS_FINITE_STEP
302,X_VALID,40,O1_JQ_SVD_ORACLE,16,0.0,exact,0,8,per_prompt,actual_d,12,12,0.00015953159789714401,0.016928170989178308,LOW_RANK_J_VS_FINITE_STEP
302,X_VALID,40,O1_JQ_SVD_ORACLE,FULL,0.0,exact,0,8,per_prompt,actual_d,12,12,0.00015953159789714401,0.016928170989178308,LOW_RANK_J_VS_FINITE_STEP
303,X_BASE,8,B5_WORST_GROUP_RANK,0,0.0,exact,0,8,per_prompt,actual_d,0,18,0.0021697898830837534,0.016270807000547897,FITTED_RESPONSE_VS_FINITE_STEP
303,X_BASE,8,B5_WORST_GROUP_RANK,1,0.01,exact,0,8,per_prompt,actual_d,1,18,0.0018060570104764906,0.016270807000547897,FITTED_RESPONSE_VS_FINITE_STEP
303,X_BASE,8,B5_WORST_GROUP_RANK,2,0.01,exact,0,8,per_prompt,actual_d,2,18,0.00042207207293770384,0.016270807000547897,FITTED_RESPONSE_VS_FINITE_STEP
303,X_BASE,8,B5_WORST_GROUP_RANK,4,0.01,exact,0,8,per_prompt,actual_d,4,18,0.0004118172378823491,0.016270807000547897,FITTED_RESPONSE_VS_FINITE_STEP
303,X_BASE,8,B5_WORST_GROUP_RANK,8,0.01,exact,0,8,per_prompt,actual_d,8,18,0.0004142214402712147,0.016270807000547897,FITTED_RESPONSE_VS_FINITE_STEP
303,X_BASE,8,B5_WORST_GROUP_RANK,16,0.01,exact,0,8,per_prompt,actual_d,16,18,0.00041588722649142754,0.016270807000547897,FITTED_RESPONSE_VS_FINITE_STEP
303,X_BASE,8,B5_WORST_GROUP_RANK,FULL,0.01,exact,0,8,per_prompt,actual_d,18,18,0.00041597770671420695,0.016270807000547897,FITTED_RESPONSE_VS_FINITE_STEP
303,X_BASE,8,B6_FULL_Q_RIDGE,FULL,0.01,exact,0,8,per_prompt,actual_d,18,18,0.0004159777067142029,0.016270807000547897,FITTED_RESPONSE_VS_FINITE_STEP
303,X_BASE,8,O0_FULL_J_ORACLE,FULL,0.0,exact,0,8,per_prompt,actual_d,737,18,3.950850716299334e-05,0.016270807000547897,FULL_J_VS_FINITE_STEP
303,X_BASE,8,O1_JQ_SVD_ORACLE,0,0.0,exact,0,8,per_prompt,actual_d,0,18,0.0021697898830837534,0.016270807000547897,LOW_RANK_J_VS_FINITE_STEP
303,X_BASE,8,O1_JQ_SVD_ORACLE,1,0.0,exact,0,8,per_prompt,actual_d,1,18,0.001788607061952838,0.016270807000547897,LOW_RANK_J_VS_FINITE_STEP
303,X_BASE,8,O1_JQ_SVD_ORACLE,2,0.0,exact,0,8,per_prompt,actual_d,2,18,0.0003003921094631797,0.016270807000547897,LOW_RANK_J_VS_FINITE_STEP
303,X_BASE,8,O1_JQ_SVD_ORACLE,4,0.0,exact,0,8,per_prompt,actual_d,4,18,0.0002870102057853463,0.016270807000547897,LOW_RANK_J_VS_FINITE_STEP
303,X_BASE,8,O1_JQ_SVD_ORACLE,8,0.0,exact,0,8,per_prompt,actual_d,8,18,0.0002849470380185716,0.016270807000547897,LOW_RANK_J_VS_FINITE_STEP
303,X_BASE,8,O1_JQ_SVD_ORACLE,16,0.0,exact,0,8,per_prompt,actual_d,16,18,0.00028457924994881645,0.016270807000547897,LOW_RANK_J_VS_FINITE_STEP
303,X_BASE,8,O1_JQ_SVD_ORACLE,FULL,0.0,exact,0,8,per_prompt,actual_d,18,18,0.00028458365369663717,0.016270807000547897,LOW_RANK_J_VS_FINITE_STEP
303,X_BASE,24,B5_WORST_GROUP_RANK,0,0.0,exact,0,8,per_prompt,actual_d,0,17,0.008698350662589257,0.26148546748581225,FITTED_RESPONSE_VS_FINITE_STEP
303,X_BASE,24,B5_WORST_GROUP_RANK,1,0.01,exact,0,8,per_prompt,actual_d,1,17,0.0008356476102216165,0.26148546748581225,FITTED_RESPONSE_VS_FINITE_STEP
303,X_BASE,24,B5_WORST_GROUP_RANK,2,0.01,exact,0,8,per_prompt,actual_d,2,17,0.0006542255917940412,0.26148546748581225,FITTED_RESPONSE_VS_FINITE_STEP
303,X_BASE,24,B5_WORST_GROUP_RANK,4,0.01,exact,0,8,per_prompt,actual_d,4,17,0.0006399507005877018,0.26148546748581225,FITTED_RESPONSE_VS_FINITE_STEP
303,X_BASE,24,B5_WORST_GROUP_RANK,8,0.01,exact,0,8,per_prompt,actual_d,8,17,0.0006391086696474938,0.26148546748581225,FITTED_RESPONSE_VS_FINITE_STEP
303,X_BASE,24,B5_WORST_GROUP_RANK,16,0.01,exact,0,8,per_prompt,actual_d,16,17,0.0006390768988846572,0.26148546748581225,FITTED_RESPONSE_VS_FINITE_STEP
303,X_BASE,24,B5_WORST_GROUP_RANK,FULL,0.01,exact,0,8,per_prompt,actual_d,17,17,0.0006390766887374058,0.26148546748581225,FITTED_RESPONSE_VS_FINITE_STEP
303,X_BASE,24,B6_FULL_Q_RIDGE,FULL,0.01,exact,0,8,per_prompt,actual_d,17,17,0.000639076688737407,0.26148546748581225,FITTED_RESPONSE_VS_FINITE_STEP
303,X_BASE,24,O0_FULL_J_ORACLE,FULL,0.0,exact,0,8,per_prompt,actual_d,737,17,0.00017919406775148946,0.26148546748581225,FULL_J_VS_FINITE_STEP
303,X_BASE,24,O1_JQ_SVD_ORACLE,0,0.0,exact,0,8,per_prompt,actual_d,0,17,0.008698350662589257,0.26148546748581225,LOW_RANK_J_VS_FINITE_STEP
303,X_BASE,24,O1_JQ_SVD_ORACLE,1,0.0,exact,0,8,per_prompt,actual_d,1,17,0.004495622312700521,0.26148546748581225,LOW_RANK_J_VS_FINITE_STEP
303,X_BASE,24,O1_JQ_SVD_ORACLE,2,0.0,exact,0,8,per_prompt,actual_d,2,17,0.0007051222536552928,0.26148546748581225,LOW_RANK_J_VS_FINITE_STEP
303,X_BASE,24,O1_JQ_SVD_ORACLE,4,0.0,exact,0,8,per_prompt,actual_d,4,17,0.0006646940045874089,0.26148546748581225,LOW_RANK_J_VS_FINITE_STEP
303,X_BASE,24,O1_JQ_SVD_ORACLE,8,0.0,exact,0,8,per_prompt,actual_d,8,17,0.0006033330227004204,0.26148546748581225,LOW_RANK_J_VS_FINITE_STEP
303,X_BASE,24,O1_JQ_SVD_ORACLE,16,0.0,exact,0,8,per_prompt,actual_d,16,17,0.0006021101255665417,0.26148546748581225,LOW_RANK_J_VS_FINITE_STEP
303,X_BASE,24,O1_JQ_SVD_ORACLE,FULL,0.0,exact,0,8,per_prompt,actual_d,17,17,0.0006020669793809497,0.26148546748581225,LOW_RANK_J_VS_FINITE_STEP
303,X_BASE,40,B5_WORST_GROUP_RANK,0,0.0,exact,0,8,per_prompt,actual_d,0,12,0.009660495036769728,0.32253176801244404,FITTED_RESPONSE_VS_FINITE_STEP
303,X_BASE,40,B5_WORST_GROUP_RANK,1,0.01,exact,0,8,per_prompt,actual_d,1,12,0.0009223724463335338,0.32253176801244404,FITTED_RESPONSE_VS_FINITE_STEP
303,X_BASE,40,B5_WORST_GROUP_RANK,2,0.01,exact,0,8,per_prompt,actual_d,2,12,0.0008205285837186748,0.32253176801244404,FITTED_RESPONSE_VS_FINITE_STEP
303,X_BASE,40,B5_WORST_GROUP_RANK,4,0.01,exact,0,8,per_prompt,actual_d,4,12,0.0007351819400273965,0.32253176801244404,FITTED_RESPONSE_VS_FINITE_STEP
303,X_BASE,40,B5_WORST_GROUP_RANK,8,0.01,exact,0,8,per_prompt,actual_d,8,12,0.0007136451711607989,0.32253176801244404,FITTED_RESPONSE_VS_FINITE_STEP
303,X_BASE,40,B5_WORST_GROUP_RANK,16,0.01,exact,0,8,per_prompt,actual_d,12,12,0.0007132483631102427,0.32253176801244404,FITTED_RESPONSE_VS_FINITE_STEP
303,X_BASE,40,B5_WORST_GROUP_RANK,FULL,0.01,exact,0,8,per_prompt,actual_d,12,12,0.0007132483631102427,0.32253176801244404,FITTED_RESPONSE_VS_FINITE_STEP
303,X_BASE,40,B6_FULL_Q_RIDGE,FULL,0.01,exact,0,8,per_prompt,actual_d,12,12,0.0007132483631102434,0.32253176801244404,FITTED_RESPONSE_VS_FINITE_STEP
303,X_BASE,40,O0_FULL_J_ORACLE,FULL,0.0,exact,0,8,per_prompt,actual_d,737,12,0.00011246553143971892,0.32253176801244404,FULL_J_VS_FINITE_STEP
303,X_BASE,40,O1_JQ_SVD_ORACLE,0,0.0,exact,0,8,per_prompt,actual_d,0,12,0.009660495036769728,0.32253176801244404,LOW_RANK_J_VS_FINITE_STEP
303,X_BASE,40,O1_JQ_SVD_ORACLE,1,0.0,exact,0,8,per_prompt,actual_d,1,12,0.00289174726917584,0.32253176801244404,LOW_RANK_J_VS_FINITE_STEP
303,X_BASE,40,O1_JQ_SVD_ORACLE,2,0.0,exact,0,8,per_prompt,actual_d,2,12,0.001604779959143483,0.32253176801244404,LOW_RANK_J_VS_FINITE_STEP
303,X_BASE,40,O1_JQ_SVD_ORACLE,4,0.0,exact,0,8,per_prompt,actual_d,4,12,0.0010722332421662674,0.32253176801244404,LOW_RANK_J_VS_FINITE_STEP
303,X_BASE,40,O1_JQ_SVD_ORACLE,8,0.0,exact,0,8,per_prompt,actual_d,8,12,0.0006809389789593172,0.32253176801244404,LOW_RANK_J_VS_FINITE_STEP
303,X_BASE,40,O1_JQ_SVD_ORACLE,16,0.0,exact,0,8,per_prompt,actual_d,12,12,0.0005728503791792753,0.32253176801244404,LOW_RANK_J_VS_FINITE_STEP
303,X_BASE,40,O1_JQ_SVD_ORACLE,FULL,0.0,exact,0,8,per_prompt,actual_d,12,12,0.0005728503791792753,0.32253176801244404,LOW_RANK_J_VS_FINITE_STEP
303,X_VALID,8,B5_WORST_GROUP_RANK,0,0.0,exact,0,8,per_prompt,actual_d,0,17,0.004970176279884746,0.08537236618681375,FITTED_RESPONSE_VS_FINITE_STEP
303,X_VALID,8,B5_WORST_GROUP_RANK,1,0.01,exact,0,8,per_prompt,actual_d,1,17,0.0002300431506733798,0.08537236618681375,FITTED_RESPONSE_VS_FINITE_STEP
303,X_VALID,8,B5_WORST_GROUP_RANK,2,0.01,exact,0,8,per_prompt,actual_d,2,17,0.0002154241117798963,0.08537236618681375,FITTED_RESPONSE_VS_FINITE_STEP
303,X_VALID,8,B5_WORST_GROUP_RANK,4,0.01,exact,0,8,per_prompt,actual_d,4,17,0.0002105380643704922,0.08537236618681375,FITTED_RESPONSE_VS_FINITE_STEP
303,X_VALID,8,B5_WORST_GROUP_RANK,8,0.01,exact,0,8,per_prompt,actual_d,8,17,0.00021006288599580307,0.08537236618681375,FITTED_RESPONSE_VS_FINITE_STEP
303,X_VALID,8,B5_WORST_GROUP_RANK,16,0.01,exact,0,8,per_prompt,actual_d,16,17,0.00021007104863355168,0.08537236618681375,FITTED_RESPONSE_VS_FINITE_STEP
303,X_VALID,8,B5_WORST_GROUP_RANK,FULL,0.01,exact,0,8,per_prompt,actual_d,17,17,0.00021007045172392563,0.08537236618681375,FITTED_RESPONSE_VS_FINITE_STEP
303,X_VALID,8,B6_FULL_Q_RIDGE,FULL,0.01,exact,0,8,per_prompt,actual_d,17,17,0.00021007045172392603,0.08537236618681375,FITTED_RESPONSE_VS_FINITE_STEP
303,X_VALID,8,O0_FULL_J_ORACLE,FULL,0.0,exact,0,8,per_prompt,actual_d,737,17,8.588562180094847e-05,0.08537236618681375,FULL_J_VS_FINITE_STEP
303,X_VALID,8,O1_JQ_SVD_ORACLE,0,0.0,exact,0,8,per_prompt,actual_d,0,17,0.004970176279884746,0.08537236618681375,LOW_RANK_J_VS_FINITE_STEP
303,X_VALID,8,O1_JQ_SVD_ORACLE,1,0.0,exact,0,8,per_prompt,actual_d,1,17,0.00037289202054349225,0.08537236618681375,LOW_RANK_J_VS_FINITE_STEP
303,X_VALID,8,O1_JQ_SVD_ORACLE,2,0.0,exact,0,8,per_prompt,actual_d,2,17,0.00013266960273313502,0.08537236618681375,LOW_RANK_J_VS_FINITE_STEP
303,X_VALID,8,O1_JQ_SVD_ORACLE,4,0.0,exact,0,8,per_prompt,actual_d,4,17,0.00012115019093440295,0.08537236618681375,LOW_RANK_J_VS_FINITE_STEP
303,X_VALID,8,O1_JQ_SVD_ORACLE,8,0.0,exact,0,8,per_prompt,actual_d,8,17,9.658644733624518e-05,0.08537236618681375,LOW_RANK_J_VS_FINITE_STEP
303,X_VALID,8,O1_JQ_SVD_ORACLE,16,0.0,exact,0,8,per_prompt,actual_d,16,17,9.252248569361153e-05,0.08537236618681375,LOW_RANK_J_VS_FINITE_STEP
303,X_VALID,8,O1_JQ_SVD_ORACLE,FULL,0.0,exact,0,8,per_prompt,actual_d,17,17,9.256312256389324e-05,0.08537236618681375,LOW_RANK_J_VS_FINITE_STEP
303,X_VALID,24,B5_WORST_GROUP_RANK,0,0.0,exact,0,8,per_prompt,actual_d,0,16,0.0009102633729376719,0.0028635704344346126,FITTED_RESPONSE_VS_FINITE_STEP
303,X_VALID,24,B5_WORST_GROUP_RANK,1,0.01,exact,0,8,per_prompt,actual_d,1,16,0.0003839234311949745,0.0028635704344346126,FITTED_RESPONSE_VS_FINITE_STEP
303,X_VALID,24,B5_WORST_GROUP_RANK,2,0.01,exact,0,8,per_prompt,actual_d,2,16,0.0002536659877981717,0.0028635704344346126,FITTED_RESPONSE_VS_FINITE_STEP
303,X_VALID,24,B5_WORST_GROUP_RANK,4,0.01,exact,0,8,per_prompt,actual_d,4,16,0.0002333242757050786,0.0028635704344346126,FITTED_RESPONSE_VS_FINITE_STEP
303,X_VALID,24,B5_WORST_GROUP_RANK,8,0.01,exact,0,8,per_prompt,actual_d,8,16,0.0002313111667094755,0.0028635704344346126,FITTED_RESPONSE_VS_FINITE_STEP
303,X_VALID,24,B5_WORST_GROUP_RANK,16,0.01,exact,0,8,per_prompt,actual_d,16,16,0.00022969339717453648,0.0028635704344346126,FITTED_RESPONSE_VS_FINITE_STEP
303,X_VALID,24,B5_WORST_GROUP_RANK,FULL,0.01,exact,0,8,per_prompt,actual_d,16,16,0.00022969339717453648,0.0028635704344346126,FITTED_RESPONSE_VS_FINITE_STEP
303,X_VALID,24,B6_FULL_Q_RIDGE,FULL,0.01,exact,0,8,per_prompt,actual_d,16,16,0.00022969339717453715,0.0028635704344346126,FITTED_RESPONSE_VS_FINITE_STEP
303,X_VALID,24,O0_FULL_J_ORACLE,FULL,0.0,exact,0,8,per_prompt,actual_d,737,16,3.311935407601205e-05,0.0028635704344346126,FULL_J_VS_FINITE_STEP
303,X_VALID,24,O1_JQ_SVD_ORACLE,0,0.0,exact,0,8,per_prompt,actual_d,0,16,0.0009102633729376719,0.0028635704344346126,LOW_RANK_J_VS_FINITE_STEP
303,X_VALID,24,O1_JQ_SVD_ORACLE,1,0.0,exact,0,8,per_prompt,actual_d,1,16,0.0006298252758857359,0.0028635704344346126,LOW_RANK_J_VS_FINITE_STEP
303,X_VALID,24,O1_JQ_SVD_ORACLE,2,0.0,exact,0,8,per_prompt,actual_d,2,16,0.0005999183922285418,0.0028635704344346126,LOW_RANK_J_VS_FINITE_STEP
303,X_VALID,24,O1_JQ_SVD_ORACLE,4,0.0,exact,0,8,per_prompt,actual_d,4,16,0.00020509354146482005,0.0028635704344346126,LOW_RANK_J_VS_FINITE_STEP
303,X_VALID,24,O1_JQ_SVD_ORACLE,8,0.0,exact,0,8,per_prompt,actual_d,8,16,0.0001380609885553806,0.0028635704344346126,LOW_RANK_J_VS_FINITE_STEP
303,X_VALID,24,O1_JQ_SVD_ORACLE,16,0.0,exact,0,8,per_prompt,actual_d,16,16,0.00010677816655112818,0.0028635704344346126,LOW_RANK_J_VS_FINITE_STEP
303,X_VALID,24,O1_JQ_SVD_ORACLE,FULL,0.0,exact,0,8,per_prompt,actual_d,16,16,0.00010677816655112818,0.0028635704344346126,LOW_RANK_J_VS_FINITE_STEP
303,X_VALID,40,B5_WORST_GROUP_RANK,0,0.0,exact,0,8,per_prompt,actual_d,0,10,0.0018571607522530037,0.011919903182354105,FITTED_RESPONSE_VS_FINITE_STEP
303,X_VALID,40,B5_WORST_GROUP_RANK,1,0.01,exact,0,8,per_prompt,actual_d,1,10,0.00018922999577187358,0.011919903182354105,FITTED_RESPONSE_VS_FINITE_STEP
303,X_VALID,40,B5_WORST_GROUP_RANK,2,0.01,exact,0,8,per_prompt,actual_d,2,10,0.00018195744014349487,0.011919903182354105,FITTED_RESPONSE_VS_FINITE_STEP
303,X_VALID,40,B5_WORST_GROUP_RANK,4,0.01,exact,0,8,per_prompt,actual_d,4,10,0.00017826378474023607,0.011919903182354105,FITTED_RESPONSE_VS_FINITE_STEP
303,X_VALID,40,B5_WORST_GROUP_RANK,8,0.01,exact,0,8,per_prompt,actual_d,8,10,0.00017603993733589284,0.011919903182354105,FITTED_RESPONSE_VS_FINITE_STEP
303,X_VALID,40,B5_WORST_GROUP_RANK,16,0.01,exact,0,8,per_prompt,actual_d,10,10,0.00017607371612792942,0.011919903182354105,FITTED_RESPONSE_VS_FINITE_STEP
303,X_VALID,40,B5_WORST_GROUP_RANK,FULL,0.01,exact,0,8,per_prompt,actual_d,10,10,0.00017607371612792942,0.011919903182354105,FITTED_RESPONSE_VS_FINITE_STEP
303,X_VALID,40,B6_FULL_Q_RIDGE,FULL,0.01,exact,0,8,per_prompt,actual_d,10,10,0.00017607371612792967,0.011919903182354105,FITTED_RESPONSE_VS_FINITE_STEP
303,X_VALID,40,O0_FULL_J_ORACLE,FULL,0.0,exact,0,8,per_prompt,actual_d,737,10,8.954517751392016e-06,0.011919903182354105,FULL_J_VS_FINITE_STEP
303,X_VALID,40,O1_JQ_SVD_ORACLE,0,0.0,exact,0,8,per_prompt,actual_d,0,10,0.0018571607522530037,0.011919903182354105,LOW_RANK_J_VS_FINITE_STEP
303,X_VALID,40,O1_JQ_SVD_ORACLE,1,0.0,exact,0,8,per_prompt,actual_d,1,10,0.0003806869501679726,0.011919903182354105,LOW_RANK_J_VS_FINITE_STEP
303,X_VALID,40,O1_JQ_SVD_ORACLE,2,0.0,exact,0,8,per_prompt,actual_d,2,10,0.00034569942386614394,0.011919903182354105,LOW_RANK_J_VS_FINITE_STEP
303,X_VALID,40,O1_JQ_SVD_ORACLE,4,0.0,exact,0,8,per_prompt,actual_d,4,10,0.00030478148767651924,0.011919903182354105,LOW_RANK_J_VS_FINITE_STEP
303,X_VALID,40,O1_JQ_SVD_ORACLE,8,0.0,exact,0,8,per_prompt,actual_d,8,10,0.00015584474961382908,0.011919903182354105,LOW_RANK_J_VS_FINITE_STEP
303,X_VALID,40,O1_JQ_SVD_ORACLE,16,0.0,exact,0,8,per_prompt,actual_d,10,10,0.00015316843800614762,0.011919903182354105,LOW_RANK_J_VS_FINITE_STEP
303,X_VALID,40,O1_JQ_SVD_ORACLE,FULL,0.0,exact,0,8,per_prompt,actual_d,10,10,0.00015316843800614762,0.011919903182354105,LOW_RANK_J_VS_FINITE_STEP
304,X_BASE,8,B5_WORST_GROUP_RANK,0,0.0,exact,0,8,per_prompt,actual_d,0,22,0.0025363973703566374,0.022233524959936735,FITTED_RESPONSE_VS_FINITE_STEP
304,X_BASE,8,B5_WORST_GROUP_RANK,1,0.01,exact,0,8,per_prompt,actual_d,1,22,0.0021827816798744965,0.022233524959936735,FITTED_RESPONSE_VS_FINITE_STEP
304,X_BASE,8,B5_WORST_GROUP_RANK,2,0.01,exact,0,8,per_prompt,actual_d,2,22,0.00046716466385975813,0.022233524959936735,FITTED_RESPONSE_VS_FINITE_STEP
304,X_BASE,8,B5_WORST_GROUP_RANK,4,0.01,exact,0,8,per_prompt,actual_d,4,22,0.0004588360989574701,0.022233524959936735,FITTED_RESPONSE_VS_FINITE_STEP
304,X_BASE,8,B5_WORST_GROUP_RANK,8,0.01,exact,0,8,per_prompt,actual_d,8,22,0.00045994290820276556,0.022233524959936735,FITTED_RESPONSE_VS_FINITE_STEP
304,X_BASE,8,B5_WORST_GROUP_RANK,16,0.01,exact,0,8,per_prompt,actual_d,16,22,0.0004647825738839814,0.022233524959936735,FITTED_RESPONSE_VS_FINITE_STEP
304,X_BASE,8,B5_WORST_GROUP_RANK,FULL,0.01,exact,0,8,per_prompt,actual_d,22,22,0.00046491782629674155,0.022233524959936735,FITTED_RESPONSE_VS_FINITE_STEP
304,X_BASE,8,B6_FULL_Q_RIDGE,FULL,0.01,exact,0,8,per_prompt,actual_d,22,22,0.0004649178262967409,0.022233524959936735,FITTED_RESPONSE_VS_FINITE_STEP
304,X_BASE,8,O0_FULL_J_ORACLE,FULL,0.0,exact,0,8,per_prompt,actual_d,737,22,5.3479645194333073e-05,0.022233524959936735,FULL_J_VS_FINITE_STEP
304,X_BASE,8,O1_JQ_SVD_ORACLE,0,0.0,exact,0,8,per_prompt,actual_d,0,22,0.0025363973703566374,0.022233524959936735,LOW_RANK_J_VS_FINITE_STEP
304,X_BASE,8,O1_JQ_SVD_ORACLE,1,0.0,exact,0,8,per_prompt,actual_d,1,22,0.0020551167482945024,0.022233524959936735,LOW_RANK_J_VS_FINITE_STEP
304,X_BASE,8,O1_JQ_SVD_ORACLE,2,0.0,exact,0,8,per_prompt,actual_d,2,22,0.0003308182090229197,0.022233524959936735,LOW_RANK_J_VS_FINITE_STEP
304,X_BASE,8,O1_JQ_SVD_ORACLE,4,0.0,exact,0,8,per_prompt,actual_d,4,22,0.00023461748404641144,0.022233524959936735,LOW_RANK_J_VS_FINITE_STEP
304,X_BASE,8,O1_JQ_SVD_ORACLE,8,0.0,exact,0,8,per_prompt,actual_d,8,22,0.00022872152288392838,0.022233524959936735,LOW_RANK_J_VS_FINITE_STEP
304,X_BASE,8,O1_JQ_SVD_ORACLE,16,0.0,exact,0,8,per_prompt,actual_d,16,22,0.00022721727895520506,0.022233524959936735,LOW_RANK_J_VS_FINITE_STEP
304,X_BASE,8,O1_JQ_SVD_ORACLE,FULL,0.0,exact,0,8,per_prompt,actual_d,22,22,0.0002271793431015787,0.022233524959936735,LOW_RANK_J_VS_FINITE_STEP
304,X_BASE,24,B5_WORST_GROUP_RANK,0,0.0,exact,0,8,per_prompt,actual_d,0,15,0.006335037501053835,0.13869861168300507,FITTED_RESPONSE_VS_FINITE_STEP
304,X_BASE,24,B5_WORST_GROUP_RANK,1,0.01,exact,0,8,per_prompt,actual_d,1,15,0.0011587267185484407,0.13869861168300507,FITTED_RESPONSE_VS_FINITE_STEP
304,X_BASE,24,B5_WORST_GROUP_RANK,2,0.01,exact,0,8,per_prompt,actual_d,2,15,0.0009379855842051048,0.13869861168300507,FITTED_RESPONSE_VS_FINITE_STEP
304,X_BASE,24,B5_WORST_GROUP_RANK,4,0.01,exact,0,8,per_prompt,actual_d,4,15,0.0009290251078887152,0.13869861168300507,FITTED_RESPONSE_VS_FINITE_STEP
304,X_BASE,24,B5_WORST_GROUP_RANK,8,0.01,exact,0,8,per_prompt,actual_d,8,15,0.0009322272879735815,0.13869861168300507,FITTED_RESPONSE_VS_FINITE_STEP
304,X_BASE,24,B5_WORST_GROUP_RANK,16,0.01,exact,0,8,per_prompt,actual_d,15,15,0.0009322518323374467,0.13869861168300507,FITTED_RESPONSE_VS_FINITE_STEP
304,X_BASE,24,B5_WORST_GROUP_RANK,FULL,0.01,exact,0,8,per_prompt,actual_d,15,15,0.0009322518323374467,0.13869861168300507,FITTED_RESPONSE_VS_FINITE_STEP
304,X_BASE,24,B6_FULL_Q_RIDGE,FULL,0.01,exact,0,8,per_prompt,actual_d,15,15,0.0009322518323374441,0.13869861168300507,FITTED_RESPONSE_VS_FINITE_STEP
304,X_BASE,24,O0_FULL_J_ORACLE,FULL,0.0,exact,0,8,per_prompt,actual_d,737,15,0.00011123717813418325,0.13869861168300507,FULL_J_VS_FINITE_STEP
304,X_BASE,24,O1_JQ_SVD_ORACLE,0,0.0,exact,0,8,per_prompt,actual_d,0,15,0.006335037501053835,0.13869861168300507,LOW_RANK_J_VS_FINITE_STEP
304,X_BASE,24,O1_JQ_SVD_ORACLE,1,0.0,exact,0,8,per_prompt,actual_d,1,15,0.004262020788333137,0.13869861168300507,LOW_RANK_J_VS_FINITE_STEP
304,X_BASE,24,O1_JQ_SVD_ORACLE,2,0.0,exact,0,8,per_prompt,actual_d,2,15,0.0008335174494863124,0.13869861168300507,LOW_RANK_J_VS_FINITE_STEP
304,X_BASE,24,O1_JQ_SVD_ORACLE,4,0.0,exact,0,8,per_prompt,actual_d,4,15,0.0008113959632060028,0.13869861168300507,LOW_RANK_J_VS_FINITE_STEP
304,X_BASE,24,O1_JQ_SVD_ORACLE,8,0.0,exact,0,8,per_prompt,actual_d,8,15,0.0007993933719655828,0.13869861168300507,LOW_RANK_J_VS_FINITE_STEP
304,X_BASE,24,O1_JQ_SVD_ORACLE,16,0.0,exact,0,8,per_prompt,actual_d,15,15,0.0007972869715579628,0.13869861168300507,LOW_RANK_J_VS_FINITE_STEP
304,X_BASE,24,O1_JQ_SVD_ORACLE,FULL,0.0,exact,0,8,per_prompt,actual_d,15,15,0.0007972869715579628,0.13869861168300507,LOW_RANK_J_VS_FINITE_STEP
304,X_BASE,40,B5_WORST_GROUP_RANK,0,0.0,exact,0,8,per_prompt,actual_d,0,13,0.008661144101718359,0.25925328167292533,FITTED_RESPONSE_VS_FINITE_STEP
304,X_BASE,40,B5_WORST_GROUP_RANK,1,0.01,exact,0,8,per_prompt,actual_d,1,13,0.002522617034548008,0.25925328167292533,FITTED_RESPONSE_VS_FINITE_STEP
304,X_BASE,40,B5_WORST_GROUP_RANK,2,0.01,exact,0,8,per_prompt,actual_d,2,13,0.002343794698364688,0.25925328167292533,FITTED_RESPONSE_VS_FINITE_STEP
304,X_BASE,40,B5_WORST_GROUP_RANK,4,0.01,exact,0,8,per_prompt,actual_d,4,13,0.0022938302573484977,0.25925328167292533,FITTED_RESPONSE_VS_FINITE_STEP
304,X_BASE,40,B5_WORST_GROUP_RANK,8,0.01,exact,0,8,per_prompt,actual_d,8,13,0.002383797559108882,0.25925328167292533,FITTED_RESPONSE_VS_FINITE_STEP
304,X_BASE,40,B5_WORST_GROUP_RANK,16,0.01,exact,0,8,per_prompt,actual_d,13,13,0.0023841599949475057,0.25925328167292533,FITTED_RESPONSE_VS_FINITE_STEP
304,X_BASE,40,B5_WORST_GROUP_RANK,FULL,0.01,exact,0,8,per_prompt,actual_d,13,13,0.0023841599949475057,0.25925328167292533,FITTED_RESPONSE_VS_FINITE_STEP
304,X_BASE,40,B6_FULL_Q_RIDGE,FULL,0.01,exact,0,8,per_prompt,actual_d,13,13,0.0023841599949474992,0.25925328167292533,FITTED_RESPONSE_VS_FINITE_STEP
304,X_BASE,40,O0_FULL_J_ORACLE,FULL,0.0,exact,0,8,per_prompt,actual_d,737,13,0.00016150431899485145,0.25925328167292533,FULL_J_VS_FINITE_STEP
304,X_BASE,40,O1_JQ_SVD_ORACLE,0,0.0,exact,0,8,per_prompt,actual_d,0,13,0.008661144101718359,0.25925328167292533,LOW_RANK_J_VS_FINITE_STEP
304,X_BASE,40,O1_JQ_SVD_ORACLE,1,0.0,exact,0,8,per_prompt,actual_d,1,13,0.0027296148782655783,0.25925328167292533,LOW_RANK_J_VS_FINITE_STEP
304,X_BASE,40,O1_JQ_SVD_ORACLE,2,0.0,exact,0,8,per_prompt,actual_d,2,13,0.0025798649097654247,0.25925328167292533,LOW_RANK_J_VS_FINITE_STEP
304,X_BASE,40,O1_JQ_SVD_ORACLE,4,0.0,exact,0,8,per_prompt,actual_d,4,13,0.0017269465976952848,0.25925328167292533,LOW_RANK_J_VS_FINITE_STEP
304,X_BASE,40,O1_JQ_SVD_ORACLE,8,0.0,exact,0,8,per_prompt,actual_d,8,13,0.0012741785602418357,0.25925328167292533,LOW_RANK_J_VS_FINITE_STEP
304,X_BASE,40,O1_JQ_SVD_ORACLE,16,0.0,exact,0,8,per_prompt,actual_d,13,13,0.001265446395630205,0.25925328167292533,LOW_RANK_J_VS_FINITE_STEP
304,X_BASE,40,O1_JQ_SVD_ORACLE,FULL,0.0,exact,0,8,per_prompt,actual_d,13,13,0.001265446395630205,0.25925328167292533,LOW_RANK_J_VS_FINITE_STEP
304,X_VALID,8,B5_WORST_GROUP_RANK,0,0.0,exact,0,8,per_prompt,actual_d,0,16,0.006043765992704531,0.1262376830865201,FITTED_RESPONSE_VS_FINITE_STEP
304,X_VALID,8,B5_WORST_GROUP_RANK,1,0.01,exact,0,8,per_prompt,actual_d,1,16,0.00029753280404799256,0.1262376830865201,FITTED_RESPONSE_VS_FINITE_STEP
304,X_VALID,8,B5_WORST_GROUP_RANK,2,0.01,exact,0,8,per_prompt,actual_d,2,16,0.0002891755844244187,0.1262376830865201,FITTED_RESPONSE_VS_FINITE_STEP
304,X_VALID,8,B5_WORST_GROUP_RANK,4,0.01,exact,0,8,per_prompt,actual_d,4,16,0.00028634477579357273,0.1262376830865201,FITTED_RESPONSE_VS_FINITE_STEP
304,X_VALID,8,B5_WORST_GROUP_RANK,8,0.01,exact,0,8,per_prompt,actual_d,8,16,0.00028666322651842244,0.1262376830865201,FITTED_RESPONSE_VS_FINITE_STEP
304,X_VALID,8,B5_WORST_GROUP_RANK,16,0.01,exact,0,8,per_prompt,actual_d,16,16,0.0002873244826387736,0.1262376830865201,FITTED_RESPONSE_VS_FINITE_STEP
304,X_VALID,8,B5_WORST_GROUP_RANK,FULL,0.01,exact,0,8,per_prompt,actual_d,16,16,0.0002873244826387736,0.1262376830865201,FITTED_RESPONSE_VS_FINITE_STEP
304,X_VALID,8,B6_FULL_Q_RIDGE,FULL,0.01,exact,0,8,per_prompt,actual_d,16,16,0.0002873244826387764,0.1262376830865201,FITTED_RESPONSE_VS_FINITE_STEP
304,X_VALID,8,O0_FULL_J_ORACLE,FULL,0.0,exact,0,8,per_prompt,actual_d,737,16,0.000108661819859573,0.1262376830865201,FULL_J_VS_FINITE_STEP
304,X_VALID,8,O1_JQ_SVD_ORACLE,0,0.0,exact,0,8,per_prompt,actual_d,0,16,0.006043765992704531,0.1262376830865201,LOW_RANK_J_VS_FINITE_STEP
304,X_VALID,8,O1_JQ_SVD_ORACLE,1,0.0,exact,0,8,per_prompt,actual_d,1,16,0.00022071847406839252,0.1262376830865201,LOW_RANK_J_VS_FINITE_STEP
304,X_VALID,8,O1_JQ_SVD_ORACLE,2,0.0,exact,0,8,per_prompt,actual_d,2,16,0.00018928465197790592,0.1262376830865201,LOW_RANK_J_VS_FINITE_STEP
304,X_VALID,8,O1_JQ_SVD_ORACLE,4,0.0,exact,0,8,per_prompt,actual_d,4,16,0.00018496969338313015,0.1262376830865201,LOW_RANK_J_VS_FINITE_STEP
304,X_VALID,8,O1_JQ_SVD_ORACLE,8,0.0,exact,0,8,per_prompt,actual_d,8,16,0.00016431995500650523,0.1262376830865201,LOW_RANK_J_VS_FINITE_STEP
304,X_VALID,8,O1_JQ_SVD_ORACLE,16,0.0,exact,0,8,per_prompt,actual_d,16,16,0.00016110112517952872,0.1262376830865201,LOW_RANK_J_VS_FINITE_STEP
304,X_VALID,8,O1_JQ_SVD_ORACLE,FULL,0.0,exact,0,8,per_prompt,actual_d,16,16,0.00016110112517952872,0.1262376830865201,LOW_RANK_J_VS_FINITE_STEP
304,X_VALID,24,B5_WORST_GROUP_RANK,0,0.0,exact,0,8,per_prompt,actual_d,0,10,0.002034396237028867,0.01430358237816381,FITTED_RESPONSE_VS_FINITE_STEP
304,X_VALID,24,B5_WORST_GROUP_RANK,1,0.01,exact,0,8,per_prompt,actual_d,1,10,0.00031246518072734053,0.01430358237816381,FITTED_RESPONSE_VS_FINITE_STEP
304,X_VALID,24,B5_WORST_GROUP_RANK,2,0.01,exact,0,8,per_prompt,actual_d,2,10,0.00030718971895444326,0.01430358237816381,FITTED_RESPONSE_VS_FINITE_STEP
304,X_VALID,24,B5_WORST_GROUP_RANK,4,0.01,exact,0,8,per_prompt,actual_d,4,10,0.0003025065395879695,0.01430358237816381,FITTED_RESPONSE_VS_FINITE_STEP
304,X_VALID,24,B5_WORST_GROUP_RANK,8,0.01,exact,0,8,per_prompt,actual_d,8,10,0.0003003033695868933,0.01430358237816381,FITTED_RESPONSE_VS_FINITE_STEP
304,X_VALID,24,B5_WORST_GROUP_RANK,16,0.01,exact,0,8,per_prompt,actual_d,10,10,0.0003001810448360426,0.01430358237816381,FITTED_RESPONSE_VS_FINITE_STEP
304,X_VALID,24,B5_WORST_GROUP_RANK,FULL,0.01,exact,0,8,per_prompt,actual_d,10,10,0.0003001810448360426,0.01430358237816381,FITTED_RESPONSE_VS_FINITE_STEP
304,X_VALID,24,B6_FULL_Q_RIDGE,FULL,0.01,exact,0,8,per_prompt,actual_d,10,10,0.00030018104483604157,0.01430358237816381,FITTED_RESPONSE_VS_FINITE_STEP
304,X_VALID,24,O0_FULL_J_ORACLE,FULL,0.0,exact,0,8,per_prompt,actual_d,737,10,5.979977919190688e-05,0.01430358237816381,FULL_J_VS_FINITE_STEP
304,X_VALID,24,O1_JQ_SVD_ORACLE,0,0.0,exact,0,8,per_prompt,actual_d,0,10,0.002034396237028867,0.01430358237816381,LOW_RANK_J_VS_FINITE_STEP
304,X_VALID,24,O1_JQ_SVD_ORACLE,1,0.0,exact,0,8,per_prompt,actual_d,1,10,0.0007236353812412518,0.01430358237816381,LOW_RANK_J_VS_FINITE_STEP
304,X_VALID,24,O1_JQ_SVD_ORACLE,2,0.0,exact,0,8,per_prompt,actual_d,2,10,0.00040175492575846337,0.01430358237816381,LOW_RANK_J_VS_FINITE_STEP
304,X_VALID,24,O1_JQ_SVD_ORACLE,4,0.0,exact,0,8,per_prompt,actual_d,4,10,0.00019729225855905913,0.01430358237816381,LOW_RANK_J_VS_FINITE_STEP
304,X_VALID,24,O1_JQ_SVD_ORACLE,8,0.0,exact,0,8,per_prompt,actual_d,8,10,0.0001594910065720169,0.01430358237816381,LOW_RANK_J_VS_FINITE_STEP
304,X_VALID,24,O1_JQ_SVD_ORACLE,16,0.0,exact,0,8,per_prompt,actual_d,10,10,0.00014822074077789607,0.01430358237816381,LOW_RANK_J_VS_FINITE_STEP
304,X_VALID,24,O1_JQ_SVD_ORACLE,FULL,0.0,exact,0,8,per_prompt,actual_d,10,10,0.00014822074077789607,0.01430358237816381,LOW_RANK_J_VS_FINITE_STEP
304,X_VALID,40,B5_WORST_GROUP_RANK,0,0.0,exact,0,8,per_prompt,actual_d,0,11,0.0023363749982021477,0.01886508794496644,FITTED_RESPONSE_VS_FINITE_STEP
304,X_VALID,40,B5_WORST_GROUP_RANK,1,0.01,exact,0,8,per_prompt,actual_d,1,11,0.0004321178267177688,0.01886508794496644,FITTED_RESPONSE_VS_FINITE_STEP
304,X_VALID,40,B5_WORST_GROUP_RANK,2,0.01,exact,0,8,per_prompt,actual_d,2,11,0.00036349293144399006,0.01886508794496644,FITTED_RESPONSE_VS_FINITE_STEP
304,X_VALID,40,B5_WORST_GROUP_RANK,4,0.01,exact,0,8,per_prompt,actual_d,4,11,0.00037271018389093373,0.01886508794496644,FITTED_RESPONSE_VS_FINITE_STEP
304,X_VALID,40,B5_WORST_GROUP_RANK,8,0.01,exact,0,8,per_prompt,actual_d,8,11,0.00037050686830392675,0.01886508794496644,FITTED_RESPONSE_VS_FINITE_STEP
304,X_VALID,40,B5_WORST_GROUP_RANK,16,0.01,exact,0,8,per_prompt,actual_d,11,11,0.00037048183145540423,0.01886508794496644,FITTED_RESPONSE_VS_FINITE_STEP
304,X_VALID,40,B5_WORST_GROUP_RANK,FULL,0.01,exact,0,8,per_prompt,actual_d,11,11,0.00037048183145540423,0.01886508794496644,FITTED_RESPONSE_VS_FINITE_STEP
304,X_VALID,40,B6_FULL_Q_RIDGE,FULL,0.01,exact,0,8,per_prompt,actual_d,11,11,0.0003704818314554051,0.01886508794496644,FITTED_RESPONSE_VS_FINITE_STEP
304,X_VALID,40,O0_FULL_J_ORACLE,FULL,0.0,exact,0,8,per_prompt,actual_d,737,11,2.194571826720904e-05,0.01886508794496644,FULL_J_VS_FINITE_STEP
304,X_VALID,40,O1_JQ_SVD_ORACLE,0,0.0,exact,0,8,per_prompt,actual_d,0,11,0.0023363749982021477,0.01886508794496644,LOW_RANK_J_VS_FINITE_STEP
304,X_VALID,40,O1_JQ_SVD_ORACLE,1,0.0,exact,0,8,per_prompt,actual_d,1,11,0.0004985557698814343,0.01886508794496644,LOW_RANK_J_VS_FINITE_STEP
304,X_VALID,40,O1_JQ_SVD_ORACLE,2,0.0,exact,0,8,per_prompt,actual_d,2,11,0.0004916675030188086,0.01886508794496644,LOW_RANK_J_VS_FINITE_STEP
304,X_VALID,40,O1_JQ_SVD_ORACLE,4,0.0,exact,0,8,per_prompt,actual_d,4,11,0.0004389263519508581,0.01886508794496644,LOW_RANK_J_VS_FINITE_STEP
304,X_VALID,40,O1_JQ_SVD_ORACLE,8,0.0,exact,0,8,per_prompt,actual_d,8,11,0.00021223152502477066,0.01886508794496644,LOW_RANK_J_VS_FINITE_STEP
304,X_VALID,40,O1_JQ_SVD_ORACLE,16,0.0,exact,0,8,per_prompt,actual_d,11,11,0.0001972341241265047,0.01886508794496644,LOW_RANK_J_VS_FINITE_STEP
304,X_VALID,40,O1_JQ_SVD_ORACLE,FULL,0.0,exact,0,8,per_prompt,actual_d,11,11,0.0001972341241265047,0.01886508794496644,LOW_RANK_J_VS_FINITE_STEP
305,X_BASE,8,B5_WORST_GROUP_RANK,0,0.0,exact,0,8,per_prompt,actual_d,0,21,0.0023108899225769224,0.01845577348162874,FITTED_RESPONSE_VS_FINITE_STEP
305,X_BASE,8,B5_WORST_GROUP_RANK,1,0.01,exact,0,8,per_prompt,actual_d,1,21,0.00169187992197066,0.01845577348162874,FITTED_RESPONSE_VS_FINITE_STEP
305,X_BASE,8,B5_WORST_GROUP_RANK,2,0.01,exact,0,8,per_prompt,actual_d,2,21,0.0006608185990404835,0.01845577348162874,FITTED_RESPONSE_VS_FINITE_STEP
305,X_BASE,8,B5_WORST_GROUP_RANK,4,0.01,exact,0,8,per_prompt,actual_d,4,21,0.0006515744312172287,0.01845577348162874,FITTED_RESPONSE_VS_FINITE_STEP
305,X_BASE,8,B5_WORST_GROUP_RANK,8,0.01,exact,0,8,per_prompt,actual_d,8,21,0.0006516583706610145,0.01845577348162874,FITTED_RESPONSE_VS_FINITE_STEP
305,X_BASE,8,B5_WORST_GROUP_RANK,16,0.01,exact,0,8,per_prompt,actual_d,16,21,0.0006572392208578538,0.01845577348162874,FITTED_RESPONSE_VS_FINITE_STEP
305,X_BASE,8,B5_WORST_GROUP_RANK,FULL,0.01,exact,0,8,per_prompt,actual_d,21,21,0.000657693565366766,0.01845577348162874,FITTED_RESPONSE_VS_FINITE_STEP
305,X_BASE,8,B6_FULL_Q_RIDGE,FULL,0.01,exact,0,8,per_prompt,actual_d,21,21,0.0006576935653667667,0.01845577348162874,FITTED_RESPONSE_VS_FINITE_STEP
305,X_BASE,8,O0_FULL_J_ORACLE,FULL,0.0,exact,0,8,per_prompt,actual_d,737,21,3.6051478591273035e-05,0.01845577348162874,FULL_J_VS_FINITE_STEP
305,X_BASE,8,O1_JQ_SVD_ORACLE,0,0.0,exact,0,8,per_prompt,actual_d,0,21,0.0023108899225769224,0.01845577348162874,LOW_RANK_J_VS_FINITE_STEP
305,X_BASE,8,O1_JQ_SVD_ORACLE,1,0.0,exact,0,8,per_prompt,actual_d,1,21,0.0017078162837808207,0.01845577348162874,LOW_RANK_J_VS_FINITE_STEP
305,X_BASE,8,O1_JQ_SVD_ORACLE,2,0.0,exact,0,8,per_prompt,actual_d,2,21,0.0005926787568036504,0.01845577348162874,LOW_RANK_J_VS_FINITE_STEP
305,X_BASE,8,O1_JQ_SVD_ORACLE,4,0.0,exact,0,8,per_prompt,actual_d,4,21,0.0005048430628042996,0.01845577348162874,LOW_RANK_J_VS_FINITE_STEP
305,X_BASE,8,O1_JQ_SVD_ORACLE,8,0.0,exact,0,8,per_prompt,actual_d,8,21,0.0005036958524474464,0.01845577348162874,LOW_RANK_J_VS_FINITE_STEP
305,X_BASE,8,O1_JQ_SVD_ORACLE,16,0.0,exact,0,8,per_prompt,actual_d,16,21,0.0005031402486944805,0.01845577348162874,LOW_RANK_J_VS_FINITE_STEP
305,X_BASE,8,O1_JQ_SVD_ORACLE,FULL,0.0,exact,0,8,per_prompt,actual_d,21,21,0.0005031044315345324,0.01845577348162874,LOW_RANK_J_VS_FINITE_STEP
305,X_BASE,24,B5_WORST_GROUP_RANK,0,0.0,exact,0,8,per_prompt,actual_d,0,22,0.00793475672278302,0.2175910188471372,FITTED_RESPONSE_VS_FINITE_STEP
305,X_BASE,24,B5_WORST_GROUP_RANK,1,0.01,exact,0,8,per_prompt,actual_d,1,22,0.0009494699332050411,0.2175910188471372,FITTED_RESPONSE_VS_FINITE_STEP
305,X_BASE,24,B5_WORST_GROUP_RANK,2,0.01,exact,0,8,per_prompt,actual_d,2,22,0.0008128202489246036,0.2175910188471372,FITTED_RESPONSE_VS_FINITE_STEP
305,X_BASE,24,B5_WORST_GROUP_RANK,4,0.01,exact,0,8,per_prompt,actual_d,4,22,0.0008071053828429477,0.2175910188471372,FITTED_RESPONSE_VS_FINITE_STEP
305,X_BASE,24,B5_WORST_GROUP_RANK,8,0.01,exact,0,8,per_prompt,actual_d,8,22,0.0008045865952317725,0.2175910188471372,FITTED_RESPONSE_VS_FINITE_STEP
305,X_BASE,24,B5_WORST_GROUP_RANK,16,0.01,exact,0,8,per_prompt,actual_d,16,22,0.0008045196518791682,0.2175910188471372,FITTED_RESPONSE_VS_FINITE_STEP
305,X_BASE,24,B5_WORST_GROUP_RANK,FULL,0.01,exact,0,8,per_prompt,actual_d,22,22,0.0008045205789007259,0.2175910188471372,FITTED_RESPONSE_VS_FINITE_STEP
305,X_BASE,24,B6_FULL_Q_RIDGE,FULL,0.01,exact,0,8,per_prompt,actual_d,22,22,0.0008045205789007256,0.2175910188471372,FITTED_RESPONSE_VS_FINITE_STEP
305,X_BASE,24,O0_FULL_J_ORACLE,FULL,0.0,exact,0,8,per_prompt,actual_d,737,22,0.00023426473416974418,0.2175910188471372,FULL_J_VS_FINITE_STEP
305,X_BASE,24,O1_JQ_SVD_ORACLE,0,0.0,exact,0,8,per_prompt,actual_d,0,22,0.00793475672278302,0.2175910188471372,LOW_RANK_J_VS_FINITE_STEP
305,X_BASE,24,O1_JQ_SVD_ORACLE,1,0.0,exact,0,8,per_prompt,actual_d,1,22,0.004989446085725503,0.2175910188471372,LOW_RANK_J_VS_FINITE_STEP
305,X_BASE,24,O1_JQ_SVD_ORACLE,2,0.0,exact,0,8,per_prompt,actual_d,2,22,0.0007030519964598036,0.2175910188471372,LOW_RANK_J_VS_FINITE_STEP
305,X_BASE,24,O1_JQ_SVD_ORACLE,4,0.0,exact,0,8,per_prompt,actual_d,4,22,0.0005394193011486979,0.2175910188471372,LOW_RANK_J_VS_FINITE_STEP
305,X_BASE,24,O1_JQ_SVD_ORACLE,8,0.0,exact,0,8,per_prompt,actual_d,8,22,0.0005267125872384075,0.2175910188471372,LOW_RANK_J_VS_FINITE_STEP
305,X_BASE,24,O1_JQ_SVD_ORACLE,16,0.0,exact,0,8,per_prompt,actual_d,16,22,0.0005228374543940686,0.2175910188471372,LOW_RANK_J_VS_FINITE_STEP
305,X_BASE,24,O1_JQ_SVD_ORACLE,FULL,0.0,exact,0,8,per_prompt,actual_d,22,22,0.0005224544303710196,0.2175910188471372,LOW_RANK_J_VS_FINITE_STEP
305,X_BASE,40,B5_WORST_GROUP_RANK,0,0.0,exact,0,8,per_prompt,actual_d,0,12,0.005441430935100774,0.10232929366780615,FITTED_RESPONSE_VS_FINITE_STEP
305,X_BASE,40,B5_WORST_GROUP_RANK,1,0.01,exact,0,8,per_prompt,actual_d,1,12,0.002323693811153141,0.10232929366780615,FITTED_RESPONSE_VS_FINITE_STEP
305,X_BASE,40,B5_WORST_GROUP_RANK,2,0.01,exact,0,8,per_prompt,actual_d,2,12,0.0019300209349717124,0.10232929366780615,FITTED_RESPONSE_VS_FINITE_STEP
305,X_BASE,40,B5_WORST_GROUP_RANK,4,0.01,exact,0,8,per_prompt,actual_d,4,12,0.0019916102788008036,0.10232929366780615,FITTED_RESPONSE_VS_FINITE_STEP
305,X_BASE,40,B5_WORST_GROUP_RANK,8,0.01,exact,0,8,per_prompt,actual_d,8,12,0.002093927410780321,0.10232929366780615,FITTED_RESPONSE_VS_FINITE_STEP
305,X_BASE,40,B5_WORST_GROUP_RANK,16,0.01,exact,0,8,per_prompt,actual_d,12,12,0.0020952292945110246,0.10232929366780615,FITTED_RESPONSE_VS_FINITE_STEP
305,X_BASE,40,B5_WORST_GROUP_RANK,FULL,0.01,exact,0,8,per_prompt,actual_d,12,12,0.0020952292945110246,0.10232929366780615,FITTED_RESPONSE_VS_FINITE_STEP
305,X_BASE,40,B6_FULL_Q_RIDGE,FULL,0.01,exact,0,8,per_prompt,actual_d,12,12,0.0020952292945110268,0.10232929366780615,FITTED_RESPONSE_VS_FINITE_STEP
305,X_BASE,40,O0_FULL_J_ORACLE,FULL,0.0,exact,0,8,per_prompt,actual_d,737,12,0.0003611624074979119,0.10232929366780615,FULL_J_VS_FINITE_STEP
305,X_BASE,40,O1_JQ_SVD_ORACLE,0,0.0,exact,0,8,per_prompt,actual_d,0,12,0.005441430935100774,0.10232929366780615,LOW_RANK_J_VS_FINITE_STEP
305,X_BASE,40,O1_JQ_SVD_ORACLE,1,0.0,exact,0,8,per_prompt,actual_d,1,12,0.00282677226158066,0.10232929366780615,LOW_RANK_J_VS_FINITE_STEP
305,X_BASE,40,O1_JQ_SVD_ORACLE,2,0.0,exact,0,8,per_prompt,actual_d,2,12,0.0018505757576580207,0.10232929366780615,LOW_RANK_J_VS_FINITE_STEP
305,X_BASE,40,O1_JQ_SVD_ORACLE,4,0.0,exact,0,8,per_prompt,actual_d,4,12,0.0016612734408636737,0.10232929366780615,LOW_RANK_J_VS_FINITE_STEP
305,X_BASE,40,O1_JQ_SVD_ORACLE,8,0.0,exact,0,8,per_prompt,actual_d,8,12,0.0013316882259474883,0.10232929366780615,LOW_RANK_J_VS_FINITE_STEP
305,X_BASE,40,O1_JQ_SVD_ORACLE,16,0.0,exact,0,8,per_prompt,actual_d,12,12,0.0013280805527471945,0.10232929366780615,LOW_RANK_J_VS_FINITE_STEP
305,X_BASE,40,O1_JQ_SVD_ORACLE,FULL,0.0,exact,0,8,per_prompt,actual_d,12,12,0.0013280805527471945,0.10232929366780615,LOW_RANK_J_VS_FINITE_STEP
305,X_VALID,8,B5_WORST_GROUP_RANK,0,0.0,exact,0,8,per_prompt,actual_d,0,13,0.0067251496699962795,0.15630671721778927,FITTED_RESPONSE_VS_FINITE_STEP
305,X_VALID,8,B5_WORST_GROUP_RANK,1,0.01,exact,0,8,per_prompt,actual_d,1,13,0.0003070870045944173,0.15630671721778927,FITTED_RESPONSE_VS_FINITE_STEP
305,X_VALID,8,B5_WORST_GROUP_RANK,2,0.01,exact,0,8,per_prompt,actual_d,2,13,0.00030445610466320534,0.15630671721778927,FITTED_RESPONSE_VS_FINITE_STEP
305,X_VALID,8,B5_WORST_GROUP_RANK,4,0.01,exact,0,8,per_prompt,actual_d,4,13,0.00030358365583894523,0.15630671721778927,FITTED_RESPONSE_VS_FINITE_STEP
305,X_VALID,8,B5_WORST_GROUP_RANK,8,0.01,exact,0,8,per_prompt,actual_d,8,13,0.0003036332968249757,0.15630671721778927,FITTED_RESPONSE_VS_FINITE_STEP
305,X_VALID,8,B5_WORST_GROUP_RANK,16,0.01,exact,0,8,per_prompt,actual_d,13,13,0.0003036730189609728,0.15630671721778927,FITTED_RESPONSE_VS_FINITE_STEP
305,X_VALID,8,B5_WORST_GROUP_RANK,FULL,0.01,exact,0,8,per_prompt,actual_d,13,13,0.0003036730189609728,0.15630671721778927,FITTED_RESPONSE_VS_FINITE_STEP
305,X_VALID,8,B6_FULL_Q_RIDGE,FULL,0.01,exact,0,8,per_prompt,actual_d,13,13,0.00030367301896096763,0.15630671721778927,FITTED_RESPONSE_VS_FINITE_STEP
305,X_VALID,8,O0_FULL_J_ORACLE,FULL,0.0,exact,0,8,per_prompt,actual_d,737,13,0.00011549331671231234,0.15630671721778927,FULL_J_VS_FINITE_STEP
305,X_VALID,8,O1_JQ_SVD_ORACLE,0,0.0,exact,0,8,per_prompt,actual_d,0,13,0.0067251496699962795,0.15630671721778927,LOW_RANK_J_VS_FINITE_STEP
305,X_VALID,8,O1_JQ_SVD_ORACLE,1,0.0,exact,0,8,per_prompt,actual_d,1,13,0.00015495549889496882,0.15630671721778927,LOW_RANK_J_VS_FINITE_STEP
305,X_VALID,8,O1_JQ_SVD_ORACLE,2,0.0,exact,0,8,per_prompt,actual_d,2,13,0.00015857279039808568,0.15630671721778927,LOW_RANK_J_VS_FINITE_STEP
305,X_VALID,8,O1_JQ_SVD_ORACLE,4,0.0,exact,0,8,per_prompt,actual_d,4,13,0.00016395902990259275,0.15630671721778927,LOW_RANK_J_VS_FINITE_STEP
305,X_VALID,8,O1_JQ_SVD_ORACLE,8,0.0,exact,0,8,per_prompt,actual_d,8,13,0.00015748009790376175,0.15630671721778927,LOW_RANK_J_VS_FINITE_STEP
305,X_VALID,8,O1_JQ_SVD_ORACLE,16,0.0,exact,0,8,per_prompt,actual_d,13,13,0.00015524569944264736,0.15630671721778927,LOW_RANK_J_VS_FINITE_STEP
305,X_VALID,8,O1_JQ_SVD_ORACLE,FULL,0.0,exact,0,8,per_prompt,actual_d,13,13,0.00015524569944264736,0.15630671721778927,LOW_RANK_J_VS_FINITE_STEP
305,X_VALID,24,B5_WORST_GROUP_RANK,0,0.0,exact,0,8,per_prompt,actual_d,0,10,0.0008398025568188586,0.002437407363822885,FITTED_RESPONSE_VS_FINITE_STEP
305,X_VALID,24,B5_WORST_GROUP_RANK,1,0.01,exact,0,8,per_prompt,actual_d,1,10,0.0003960882318209324,0.002437407363822885,FITTED_RESPONSE_VS_FINITE_STEP
305,X_VALID,24,B5_WORST_GROUP_RANK,2,0.01,exact,0,8,per_prompt,actual_d,2,10,0.0003235967290750865,0.002437407363822885,FITTED_RESPONSE_VS_FINITE_STEP
305,X_VALID,24,B5_WORST_GROUP_RANK,4,0.01,exact,0,8,per_prompt,actual_d,4,10,0.0003307365732596635,0.002437407363822885,FITTED_RESPONSE_VS_FINITE_STEP
305,X_VALID,24,B5_WORST_GROUP_RANK,8,0.01,exact,0,8,per_prompt,actual_d,8,10,0.000326158958122212,0.002437407363822885,FITTED_RESPONSE_VS_FINITE_STEP
305,X_VALID,24,B5_WORST_GROUP_RANK,16,0.01,exact,0,8,per_prompt,actual_d,10,10,0.0003262064502266083,0.002437407363822885,FITTED_RESPONSE_VS_FINITE_STEP
305,X_VALID,24,B5_WORST_GROUP_RANK,FULL,0.01,exact,0,8,per_prompt,actual_d,10,10,0.0003262064502266083,0.002437407363822885,FITTED_RESPONSE_VS_FINITE_STEP
305,X_VALID,24,B6_FULL_Q_RIDGE,FULL,0.01,exact,0,8,per_prompt,actual_d,10,10,0.0003262064502266082,0.002437407363822885,FITTED_RESPONSE_VS_FINITE_STEP
305,X_VALID,24,O0_FULL_J_ORACLE,FULL,0.0,exact,0,8,per_prompt,actual_d,737,10,3.801468702009542e-05,0.002437407363822885,FULL_J_VS_FINITE_STEP
305,X_VALID,24,O1_JQ_SVD_ORACLE,0,0.0,exact,0,8,per_prompt,actual_d,0,10,0.0008398025568188586,0.002437407363822885,LOW_RANK_J_VS_FINITE_STEP
305,X_VALID,24,O1_JQ_SVD_ORACLE,1,0.0,exact,0,8,per_prompt,actual_d,1,10,0.0004113779080911876,0.002437407363822885,LOW_RANK_J_VS_FINITE_STEP
305,X_VALID,24,O1_JQ_SVD_ORACLE,2,0.0,exact,0,8,per_prompt,actual_d,2,10,0.0004065666495941844,0.002437407363822885,LOW_RANK_J_VS_FINITE_STEP
305,X_VALID,24,O1_JQ_SVD_ORACLE,4,0.0,exact,0,8,per_prompt,actual_d,4,10,0.0003426551103309159,0.002437407363822885,LOW_RANK_J_VS_FINITE_STEP
305,X_VALID,24,O1_JQ_SVD_ORACLE,8,0.0,exact,0,8,per_prompt,actual_d,8,10,0.00015248678549083103,0.002437407363822885,LOW_RANK_J_VS_FINITE_STEP
305,X_VALID,24,O1_JQ_SVD_ORACLE,16,0.0,exact,0,8,per_prompt,actual_d,10,10,0.00014945175022817523,0.002437407363822885,LOW_RANK_J_VS_FINITE_STEP
305,X_VALID,24,O1_JQ_SVD_ORACLE,FULL,0.0,exact,0,8,per_prompt,actual_d,10,10,0.00014945175022817523,0.002437407363822885,LOW_RANK_J_VS_FINITE_STEP
305,X_VALID,40,B5_WORST_GROUP_RANK,0,0.0,exact,0,8,per_prompt,actual_d,0,9,0.0007180276801041199,0.0017817883179115546,FITTED_RESPONSE_VS_FINITE_STEP
305,X_VALID,40,B5_WORST_GROUP_RANK,1,0.01,exact,0,8,per_prompt,actual_d,1,9,0.0003277647583731853,0.0017817883179115546,FITTED_RESPONSE_VS_FINITE_STEP
305,X_VALID,40,B5_WORST_GROUP_RANK,2,0.01,exact,0,8,per_prompt,actual_d,2,9,0.00019040227983589756,0.0017817883179115546,FITTED_RESPONSE_VS_FINITE_STEP
305,X_VALID,40,B5_WORST_GROUP_RANK,4,0.01,exact,0,8,per_prompt,actual_d,4,9,0.0001808745856639491,0.0017817883179115546,FITTED_RESPONSE_VS_FINITE_STEP
305,X_VALID,40,B5_WORST_GROUP_RANK,8,0.01,exact,0,8,per_prompt,actual_d,8,9,0.0001800172856057928,0.0017817883179115546,FITTED_RESPONSE_VS_FINITE_STEP
305,X_VALID,40,B5_WORST_GROUP_RANK,16,0.01,exact,0,8,per_prompt,actual_d,9,9,0.00018001481650102265,0.0017817883179115546,FITTED_RESPONSE_VS_FINITE_STEP
305,X_VALID,40,B5_WORST_GROUP_RANK,FULL,0.01,exact,0,8,per_prompt,actual_d,9,9,0.00018001481650102265,0.0017817883179115546,FITTED_RESPONSE_VS_FINITE_STEP
305,X_VALID,40,B6_FULL_Q_RIDGE,FULL,0.01,exact,0,8,per_prompt,actual_d,9,9,0.00018001481650102233,0.0017817883179115546,FITTED_RESPONSE_VS_FINITE_STEP
305,X_VALID,40,O0_FULL_J_ORACLE,FULL,0.0,exact,0,8,per_prompt,actual_d,737,9,9.444159230435215e-06,0.0017817883179115546,FULL_J_VS_FINITE_STEP
305,X_VALID,40,O1_JQ_SVD_ORACLE,0,0.0,exact,0,8,per_prompt,actual_d,0,9,0.0007180276801041199,0.0017817883179115546,LOW_RANK_J_VS_FINITE_STEP
305,X_VALID,40,O1_JQ_SVD_ORACLE,1,0.0,exact,0,8,per_prompt,actual_d,1,9,0.0005237164797694997,0.0017817883179115546,LOW_RANK_J_VS_FINITE_STEP
305,X_VALID,40,O1_JQ_SVD_ORACLE,2,0.0,exact,0,8,per_prompt,actual_d,2,9,0.0004819250744915203,0.0017817883179115546,LOW_RANK_J_VS_FINITE_STEP
305,X_VALID,40,O1_JQ_SVD_ORACLE,4,0.0,exact,0,8,per_prompt,actual_d,4,9,0.00037162527426542303,0.0017817883179115546,LOW_RANK_J_VS_FINITE_STEP
305,X_VALID,40,O1_JQ_SVD_ORACLE,8,0.0,exact,0,8,per_prompt,actual_d,8,9,8.479945957293148e-05,0.0017817883179115546,LOW_RANK_J_VS_FINITE_STEP
305,X_VALID,40,O1_JQ_SVD_ORACLE,16,0.0,exact,0,8,per_prompt,actual_d,9,9,7.98958197038731e-05,0.0017817883179115546,LOW_RANK_J_VS_FINITE_STEP
305,X_VALID,40,O1_JQ_SVD_ORACLE,FULL,0.0,exact,0,8,per_prompt,actual_d,9,9,7.98958197038731e-05,0.0017817883179115546,LOW_RANK_J_VS_FINITE_STEP
306,X_BASE,8,B5_WORST_GROUP_RANK,0,0.0,exact,0,8,per_prompt,actual_d,0,22,0.002732549749015694,0.02580535802020285,FITTED_RESPONSE_VS_FINITE_STEP
306,X_BASE,8,B5_WORST_GROUP_RANK,1,0.01,exact,0,8,per_prompt,actual_d,1,22,0.0020635172086584303,0.02580535802020285,FITTED_RESPONSE_VS_FINITE_STEP
306,X_BASE,8,B5_WORST_GROUP_RANK,2,0.01,exact,0,8,per_prompt,actual_d,2,22,0.0004490323065145692,0.02580535802020285,FITTED_RESPONSE_VS_FINITE_STEP
306,X_BASE,8,B5_WORST_GROUP_RANK,4,0.01,exact,0,8,per_prompt,actual_d,4,22,0.0004466368206141368,0.02580535802020285,FITTED_RESPONSE_VS_FINITE_STEP
306,X_BASE,8,B5_WORST_GROUP_RANK,8,0.01,exact,0,8,per_prompt,actual_d,8,22,0.00044754162854028734,0.02580535802020285,FITTED_RESPONSE_VS_FINITE_STEP
306,X_BASE,8,B5_WORST_GROUP_RANK,16,0.01,exact,0,8,per_prompt,actual_d,16,22,0.000449851970168951,0.02580535802020285,FITTED_RESPONSE_VS_FINITE_STEP
306,X_BASE,8,B5_WORST_GROUP_RANK,FULL,0.01,exact,0,8,per_prompt,actual_d,22,22,0.00045033449916984607,0.02580535802020285,FITTED_RESPONSE_VS_FINITE_STEP
306,X_BASE,8,B6_FULL_Q_RIDGE,FULL,0.01,exact,0,8,per_prompt,actual_d,22,22,0.00045033449916985133,0.02580535802020285,FITTED_RESPONSE_VS_FINITE_STEP
306,X_BASE,8,O0_FULL_J_ORACLE,FULL,0.0,exact,0,8,per_prompt,actual_d,737,22,6.235747606184432e-05,0.02580535802020285,FULL_J_VS_FINITE_STEP
306,X_BASE,8,O1_JQ_SVD_ORACLE,0,0.0,exact,0,8,per_prompt,actual_d,0,22,0.002732549749015694,0.02580535802020285,LOW_RANK_J_VS_FINITE_STEP
306,X_BASE,8,O1_JQ_SVD_ORACLE,1,0.0,exact,0,8,per_prompt,actual_d,1,22,0.0022391358368697967,0.02580535802020285,LOW_RANK_J_VS_FINITE_STEP
306,X_BASE,8,O1_JQ_SVD_ORACLE,2,0.0,exact,0,8,per_prompt,actual_d,2,22,0.00027112384108059527,0.02580535802020285,LOW_RANK_J_VS_FINITE_STEP
306,X_BASE,8,O1_JQ_SVD_ORACLE,4,0.0,exact,0,8,per_prompt,actual_d,4,22,0.0002616758164608848,0.02580535802020285,LOW_RANK_J_VS_FINITE_STEP
306,X_BASE,8,O1_JQ_SVD_ORACLE,8,0.0,exact,0,8,per_prompt,actual_d,8,22,0.00026215790483947847,0.02580535802020285,LOW_RANK_J_VS_FINITE_STEP
306,X_BASE,8,O1_JQ_SVD_ORACLE,16,0.0,exact,0,8,per_prompt,actual_d,16,22,0.0002612694059925141,0.02580535802020285,LOW_RANK_J_VS_FINITE_STEP
306,X_BASE,8,O1_JQ_SVD_ORACLE,FULL,0.0,exact,0,8,per_prompt,actual_d,22,22,0.00026114707214892153,0.02580535802020285,LOW_RANK_J_VS_FINITE_STEP
306,X_BASE,24,B5_WORST_GROUP_RANK,0,0.0,exact,0,8,per_prompt,actual_d,0,16,0.010340201576763821,0.3695147204478647,FITTED_RESPONSE_VS_FINITE_STEP
306,X_BASE,24,B5_WORST_GROUP_RANK,1,0.01,exact,0,8,per_prompt,actual_d,1,16,0.001138529187655297,0.3695147204478647,FITTED_RESPONSE_VS_FINITE_STEP
306,X_BASE,24,B5_WORST_GROUP_RANK,2,0.01,exact,0,8,per_prompt,actual_d,2,16,0.0010671658963272738,0.3695147204478647,FITTED_RESPONSE_VS_FINITE_STEP
306,X_BASE,24,B5_WORST_GROUP_RANK,4,0.01,exact,0,8,per_prompt,actual_d,4,16,0.0010621654725339398,0.3695147204478647,FITTED_RESPONSE_VS_FINITE_STEP
306,X_BASE,24,B5_WORST_GROUP_RANK,8,0.01,exact,0,8,per_prompt,actual_d,8,16,0.0010554337062161573,0.3695147204478647,FITTED_RESPONSE_VS_FINITE_STEP
306,X_BASE,24,B5_WORST_GROUP_RANK,16,0.01,exact,0,8,per_prompt,actual_d,16,16,0.0010552713612355493,0.3695147204478647,FITTED_RESPONSE_VS_FINITE_STEP
306,X_BASE,24,B5_WORST_GROUP_RANK,FULL,0.01,exact,0,8,per_prompt,actual_d,16,16,0.0010552713612355493,0.3695147204478647,FITTED_RESPONSE_VS_FINITE_STEP
306,X_BASE,24,B6_FULL_Q_RIDGE,FULL,0.01,exact,0,8,per_prompt,actual_d,16,16,0.001055271361235553,0.3695147204478647,FITTED_RESPONSE_VS_FINITE_STEP
306,X_BASE,24,O0_FULL_J_ORACLE,FULL,0.0,exact,0,8,per_prompt,actual_d,737,16,0.00017747569053268373,0.3695147204478647,FULL_J_VS_FINITE_STEP
306,X_BASE,24,O1_JQ_SVD_ORACLE,0,0.0,exact,0,8,per_prompt,actual_d,0,16,0.010340201576763821,0.3695147204478647,LOW_RANK_J_VS_FINITE_STEP
306,X_BASE,24,O1_JQ_SVD_ORACLE,1,0.0,exact,0,8,per_prompt,actual_d,1,16,0.0036948596820541866,0.3695147204478647,LOW_RANK_J_VS_FINITE_STEP
306,X_BASE,24,O1_JQ_SVD_ORACLE,2,0.0,exact,0,8,per_prompt,actual_d,2,16,0.000763811669426046,0.3695147204478647,LOW_RANK_J_VS_FINITE_STEP
306,X_BASE,24,O1_JQ_SVD_ORACLE,4,0.0,exact,0,8,per_prompt,actual_d,4,16,0.0006466536485629147,0.3695147204478647,LOW_RANK_J_VS_FINITE_STEP
306,X_BASE,24,O1_JQ_SVD_ORACLE,8,0.0,exact,0,8,per_prompt,actual_d,8,16,0.000601739536052604,0.3695147204478647,LOW_RANK_J_VS_FINITE_STEP
306,X_BASE,24,O1_JQ_SVD_ORACLE,16,0.0,exact,0,8,per_prompt,actual_d,16,16,0.0006003022097971389,0.3695147204478647,LOW_RANK_J_VS_FINITE_STEP
306,X_BASE,24,O1_JQ_SVD_ORACLE,FULL,0.0,exact,0,8,per_prompt,actual_d,16,16,0.0006003022097971389,0.3695147204478647,LOW_RANK_J_VS_FINITE_STEP
306,X_BASE,40,B5_WORST_GROUP_RANK,0,0.0,exact,0,8,per_prompt,actual_d,0,14,0.00770295502130893,0.20506354350442604,FITTED_RESPONSE_VS_FINITE_STEP
306,X_BASE,40,B5_WORST_GROUP_RANK,1,0.01,exact,0,8,per_prompt,actual_d,1,14,0.002573059115332793,0.20506354350442604,FITTED_RESPONSE_VS_FINITE_STEP
306,X_BASE,40,B5_WORST_GROUP_RANK,2,0.01,exact,0,8,per_prompt,actual_d,2,14,0.002632780248581802,0.20506354350442604,FITTED_RESPONSE_VS_FINITE_STEP
306,X_BASE,40,B5_WORST_GROUP_RANK,4,0.01,exact,0,8,per_prompt,actual_d,4,14,0.002552868780633523,0.20506354350442604,FITTED_RESPONSE_VS_FINITE_STEP
306,X_BASE,40,B5_WORST_GROUP_RANK,8,0.01,exact,0,8,per_prompt,actual_d,8,14,0.0025272528220785374,0.20506354350442604,FITTED_RESPONSE_VS_FINITE_STEP
306,X_BASE,40,B5_WORST_GROUP_RANK,16,0.01,exact,0,8,per_prompt,actual_d,14,14,0.002524132651502684,0.20506354350442604,FITTED_RESPONSE_VS_FINITE_STEP
306,X_BASE,40,B5_WORST_GROUP_RANK,FULL,0.01,exact,0,8,per_prompt,actual_d,14,14,0.002524132651502684,0.20506354350442604,FITTED_RESPONSE_VS_FINITE_STEP
306,X_BASE,40,B6_FULL_Q_RIDGE,FULL,0.01,exact,0,8,per_prompt,actual_d,14,14,0.002524132651502678,0.20506354350442604,FITTED_RESPONSE_VS_FINITE_STEP
306,X_BASE,40,O0_FULL_J_ORACLE,FULL,0.0,exact,0,8,per_prompt,actual_d,737,14,0.00012433243638730815,0.20506354350442604,FULL_J_VS_FINITE_STEP
306,X_BASE,40,O1_JQ_SVD_ORACLE,0,0.0,exact,0,8,per_prompt,actual_d,0,14,0.00770295502130893,0.20506354350442604,LOW_RANK_J_VS_FINITE_STEP
306,X_BASE,40,O1_JQ_SVD_ORACLE,1,0.0,exact,0,8,per_prompt,actual_d,1,14,0.0034079381430085257,0.20506354350442604,LOW_RANK_J_VS_FINITE_STEP
306,X_BASE,40,O1_JQ_SVD_ORACLE,2,0.0,exact,0,8,per_prompt,actual_d,2,14,0.003229560764389352,0.20506354350442604,LOW_RANK_J_VS_FINITE_STEP
306,X_BASE,40,O1_JQ_SVD_ORACLE,4,0.0,exact,0,8,per_prompt,actual_d,4,14,0.0014318013676004745,0.20506354350442604,LOW_RANK_J_VS_FINITE_STEP
306,X_BASE,40,O1_JQ_SVD_ORACLE,8,0.0,exact,0,8,per_prompt,actual_d,8,14,0.0009697212308824081,0.20506354350442604,LOW_RANK_J_VS_FINITE_STEP
306,X_BASE,40,O1_JQ_SVD_ORACLE,16,0.0,exact,0,8,per_prompt,actual_d,14,14,0.0009351186125747864,0.20506354350442604,LOW_RANK_J_VS_FINITE_STEP
306,X_BASE,40,O1_JQ_SVD_ORACLE,FULL,0.0,exact,0,8,per_prompt,actual_d,14,14,0.0009351186125747864,0.20506354350442604,LOW_RANK_J_VS_FINITE_STEP
306,X_VALID,8,B5_WORST_GROUP_RANK,0,0.0,exact,0,8,per_prompt,actual_d,0,19,0.00427334571805794,0.06311168741160852,FITTED_RESPONSE_VS_FINITE_STEP
306,X_VALID,8,B5_WORST_GROUP_RANK,1,0.01,exact,0,8,per_prompt,actual_d,1,19,0.00031359664924906534,0.06311168741160852,FITTED_RESPONSE_VS_FINITE_STEP
306,X_VALID,8,B5_WORST_GROUP_RANK,2,0.01,exact,0,8,per_prompt,actual_d,2,19,0.0002873330756480078,0.06311168741160852,FITTED_RESPONSE_VS_FINITE_STEP
306,X_VALID,8,B5_WORST_GROUP_RANK,4,0.01,exact,0,8,per_prompt,actual_d,4,19,0.00028337888265101937,0.06311168741160852,FITTED_RESPONSE_VS_FINITE_STEP
306,X_VALID,8,B5_WORST_GROUP_RANK,8,0.01,exact,0,8,per_prompt,actual_d,8,19,0.00028544157315164647,0.06311168741160852,FITTED_RESPONSE_VS_FINITE_STEP
306,X_VALID,8,B5_WORST_GROUP_RANK,16,0.01,exact,0,8,per_prompt,actual_d,16,19,0.00028550480673433115,0.06311168741160852,FITTED_RESPONSE_VS_FINITE_STEP
306,X_VALID,8,B5_WORST_GROUP_RANK,FULL,0.01,exact,0,8,per_prompt,actual_d,19,19,0.000285505894507162,0.06311168741160852,FITTED_RESPONSE_VS_FINITE_STEP
306,X_VALID,8,B6_FULL_Q_RIDGE,FULL,0.01,exact,0,8,per_prompt,actual_d,19,19,0.0002855058945071558,0.06311168741160852,FITTED_RESPONSE_VS_FINITE_STEP
306,X_VALID,8,O0_FULL_J_ORACLE,FULL,0.0,exact,0,8,per_prompt,actual_d,737,19,5.82401371819093e-05,0.06311168741160852,FULL_J_VS_FINITE_STEP
306,X_VALID,8,O1_JQ_SVD_ORACLE,0,0.0,exact,0,8,per_prompt,actual_d,0,19,0.00427334571805794,0.06311168741160852,LOW_RANK_J_VS_FINITE_STEP
306,X_VALID,8,O1_JQ_SVD_ORACLE,1,0.0,exact,0,8,per_prompt,actual_d,1,19,0.0005093224870539053,0.06311168741160852,LOW_RANK_J_VS_FINITE_STEP
306,X_VALID,8,O1_JQ_SVD_ORACLE,2,0.0,exact,0,8,per_prompt,actual_d,2,19,0.0002130655730572983,0.06311168741160852,LOW_RANK_J_VS_FINITE_STEP
306,X_VALID,8,O1_JQ_SVD_ORACLE,4,0.0,exact,0,8,per_prompt,actual_d,4,19,0.0001805531813524797,0.06311168741160852,LOW_RANK_J_VS_FINITE_STEP
306,X_VALID,8,O1_JQ_SVD_ORACLE,8,0.0,exact,0,8,per_prompt,actual_d,8,19,0.0001744187655783095,0.06311168741160852,LOW_RANK_J_VS_FINITE_STEP
306,X_VALID,8,O1_JQ_SVD_ORACLE,16,0.0,exact,0,8,per_prompt,actual_d,16,19,0.00016455174213987687,0.06311168741160852,LOW_RANK_J_VS_FINITE_STEP
306,X_VALID,8,O1_JQ_SVD_ORACLE,FULL,0.0,exact,0,8,per_prompt,actual_d,19,19,0.00016453675008085803,0.06311168741160852,LOW_RANK_J_VS_FINITE_STEP
306,X_VALID,24,B5_WORST_GROUP_RANK,0,0.0,exact,0,8,per_prompt,actual_d,0,8,0.0015768984704118661,0.00859371996437205,FITTED_RESPONSE_VS_FINITE_STEP
306,X_VALID,24,B5_WORST_GROUP_RANK,1,0.01,exact,0,8,per_prompt,actual_d,1,8,0.0002587273687175667,0.00859371996437205,FITTED_RESPONSE_VS_FINITE_STEP
306,X_VALID,24,B5_WORST_GROUP_RANK,2,0.01,exact,0,8,per_prompt,actual_d,2,8,0.00020150193874865342,0.00859371996437205,FITTED_RESPONSE_VS_FINITE_STEP
306,X_VALID,24,B5_WORST_GROUP_RANK,4,0.01,exact,0,8,per_prompt,actual_d,4,8,0.0001922932483336099,0.00859371996437205,FITTED_RESPONSE_VS_FINITE_STEP
306,X_VALID,24,B5_WORST_GROUP_RANK,8,0.01,exact,0,8,per_prompt,actual_d,8,8,0.00018850969804188485,0.00859371996437205,FITTED_RESPONSE_VS_FINITE_STEP
306,X_VALID,24,B5_WORST_GROUP_RANK,16,0.01,exact,0,8,per_prompt,actual_d,8,8,0.00018850969804188485,0.00859371996437205,FITTED_RESPONSE_VS_FINITE_STEP
306,X_VALID,24,B5_WORST_GROUP_RANK,FULL,0.01,exact,0,8,per_prompt,actual_d,8,8,0.00018850969804188485,0.00859371996437205,FITTED_RESPONSE_VS_FINITE_STEP
306,X_VALID,24,B6_FULL_Q_RIDGE,FULL,0.01,exact,0,8,per_prompt,actual_d,8,8,0.00018850969804188724,0.00859371996437205,FITTED_RESPONSE_VS_FINITE_STEP
306,X_VALID,24,O0_FULL_J_ORACLE,FULL,0.0,exact,0,8,per_prompt,actual_d,737,8,6.0222300733998184e-05,0.00859371996437205,FULL_J_VS_FINITE_STEP
306,X_VALID,24,O1_JQ_SVD_ORACLE,0,0.0,exact,0,8,per_prompt,actual_d,0,8,0.0015768984704118661,0.00859371996437205,LOW_RANK_J_VS_FINITE_STEP
306,X_VALID,24,O1_JQ_SVD_ORACLE,1,0.0,exact,0,8,per_prompt,actual_d,1,8,0.0004163599127617339,0.00859371996437205,LOW_RANK_J_VS_FINITE_STEP
306,X_VALID,24,O1_JQ_SVD_ORACLE,2,0.0,exact,0,8,per_prompt,actual_d,2,8,0.0004048607687719263,0.00859371996437205,LOW_RANK_J_VS_FINITE_STEP
306,X_VALID,24,O1_JQ_SVD_ORACLE,4,0.0,exact,0,8,per_prompt,actual_d,4,8,0.00020702687513820433,0.00859371996437205,LOW_RANK_J_VS_FINITE_STEP
306,X_VALID,24,O1_JQ_SVD_ORACLE,8,0.0,exact,0,8,per_prompt,actual_d,8,8,0.00014684760568315977,0.00859371996437205,LOW_RANK_J_VS_FINITE_STEP
306,X_VALID,24,O1_JQ_SVD_ORACLE,16,0.0,exact,0,8,per_prompt,actual_d,8,8,0.00014684760568315977,0.00859371996437205,LOW_RANK_J_VS_FINITE_STEP
306,X_VALID,24,O1_JQ_SVD_ORACLE,FULL,0.0,exact,0,8,per_prompt,actual_d,8,8,0.00014684760568315977,0.00859371996437205,LOW_RANK_J_VS_FINITE_STEP
306,X_VALID,40,B5_WORST_GROUP_RANK,0,0.0,exact,0,8,per_prompt,actual_d,0,11,0.0018522186769076587,0.011856547677607687,FITTED_RESPONSE_VS_FINITE_STEP
306,X_VALID,40,B5_WORST_GROUP_RANK,1,0.01,exact,0,8,per_prompt,actual_d,1,11,0.00021223273467302846,0.011856547677607687,FITTED_RESPONSE_VS_FINITE_STEP
306,X_VALID,40,B5_WORST_GROUP_RANK,2,0.01,exact,0,8,per_prompt,actual_d,2,11,0.00020960488085265688,0.011856547677607687,FITTED_RESPONSE_VS_FINITE_STEP
306,X_VALID,40,B5_WORST_GROUP_RANK,4,0.01,exact,0,8,per_prompt,actual_d,4,11,0.00018588264912928877,0.011856547677607687,FITTED_RESPONSE_VS_FINITE_STEP
306,X_VALID,40,B5_WORST_GROUP_RANK,8,0.01,exact,0,8,per_prompt,actual_d,8,11,0.0001850675574643497,0.011856547677607687,FITTED_RESPONSE_VS_FINITE_STEP
306,X_VALID,40,B5_WORST_GROUP_RANK,16,0.01,exact,0,8,per_prompt,actual_d,11,11,0.00018503462309500766,0.011856547677607687,FITTED_RESPONSE_VS_FINITE_STEP
306,X_VALID,40,B5_WORST_GROUP_RANK,FULL,0.01,exact,0,8,per_prompt,actual_d,11,11,0.00018503462309500766,0.011856547677607687,FITTED_RESPONSE_VS_FINITE_STEP
306,X_VALID,40,B6_FULL_Q_RIDGE,FULL,0.01,exact,0,8,per_prompt,actual_d,11,11,0.0001850346230950062,0.011856547677607687,FITTED_RESPONSE_VS_FINITE_STEP
306,X_VALID,40,O0_FULL_J_ORACLE,FULL,0.0,exact,0,8,per_prompt,actual_d,737,11,1.1061825821175206e-05,0.011856547677607687,FULL_J_VS_FINITE_STEP
306,X_VALID,40,O1_JQ_SVD_ORACLE,0,0.0,exact,0,8,per_prompt,actual_d,0,11,0.0018522186769076587,0.011856547677607687,LOW_RANK_J_VS_FINITE_STEP
306,X_VALID,40,O1_JQ_SVD_ORACLE,1,0.0,exact,0,8,per_prompt,actual_d,1,11,0.0004539454854935207,0.011856547677607687,LOW_RANK_J_VS_FINITE_STEP
306,X_VALID,40,O1_JQ_SVD_ORACLE,2,0.0,exact,0,8,per_prompt,actual_d,2,11,0.00043809905608881893,0.011856547677607687,LOW_RANK_J_VS_FINITE_STEP
306,X_VALID,40,O1_JQ_SVD_ORACLE,4,0.0,exact,0,8,per_prompt,actual_d,4,11,0.0003441386024485869,0.011856547677607687,LOW_RANK_J_VS_FINITE_STEP
306,X_VALID,40,O1_JQ_SVD_ORACLE,8,0.0,exact,0,8,per_prompt,actual_d,8,11,9.76244204184111e-05,0.011856547677607687,LOW_RANK_J_VS_FINITE_STEP
306,X_VALID,40,O1_JQ_SVD_ORACLE,16,0.0,exact,0,8,per_prompt,actual_d,11,11,6.352836479822894e-05,0.011856547677607687,LOW_RANK_J_VS_FINITE_STEP
306,X_VALID,40,O1_JQ_SVD_ORACLE,FULL,0.0,exact,0,8,per_prompt,actual_d,11,11,6.352836479822894e-05,0.011856547677607687,LOW_RANK_J_VS_FINITE_STEP
307,X_BASE,8,B5_WORST_GROUP_RANK,0,0.0,exact,0,8,per_prompt,actual_d,0,23,0.0027910675480081583,0.026922440646873005,FITTED_RESPONSE_VS_FINITE_STEP
307,X_BASE,8,B5_WORST_GROUP_RANK,1,0.01,exact,0,8,per_prompt,actual_d,1,23,0.0018585555995736757,0.026922440646873005,FITTED_RESPONSE_VS_FINITE_STEP
307,X_BASE,8,B5_WORST_GROUP_RANK,2,0.01,exact,0,8,per_prompt,actual_d,2,23,0.0005921907991715178,0.026922440646873005,FITTED_RESPONSE_VS_FINITE_STEP
307,X_BASE,8,B5_WORST_GROUP_RANK,4,0.01,exact,0,8,per_prompt,actual_d,4,23,0.0005873560015822901,0.026922440646873005,FITTED_RESPONSE_VS_FINITE_STEP
307,X_BASE,8,B5_WORST_GROUP_RANK,8,0.01,exact,0,8,per_prompt,actual_d,8,23,0.0005893997023947691,0.026922440646873005,FITTED_RESPONSE_VS_FINITE_STEP
307,X_BASE,8,B5_WORST_GROUP_RANK,16,0.01,exact,0,8,per_prompt,actual_d,16,23,0.0005921131809866966,0.026922440646873005,FITTED_RESPONSE_VS_FINITE_STEP
307,X_BASE,8,B5_WORST_GROUP_RANK,FULL,0.01,exact,0,8,per_prompt,actual_d,23,23,0.0005926801339427182,0.026922440646873005,FITTED_RESPONSE_VS_FINITE_STEP
307,X_BASE,8,B6_FULL_Q_RIDGE,FULL,0.01,exact,0,8,per_prompt,actual_d,23,23,0.0005926801339427185,0.026922440646873005,FITTED_RESPONSE_VS_FINITE_STEP
307,X_BASE,8,O0_FULL_J_ORACLE,FULL,0.0,exact,0,8,per_prompt,actual_d,737,23,5.9625758804837546e-05,0.026922440646873005,FULL_J_VS_FINITE_STEP
307,X_BASE,8,O1_JQ_SVD_ORACLE,0,0.0,exact,0,8,per_prompt,actual_d,0,23,0.0027910675480081583,0.026922440646873005,LOW_RANK_J_VS_FINITE_STEP
307,X_BASE,8,O1_JQ_SVD_ORACLE,1,0.0,exact,0,8,per_prompt,actual_d,1,23,0.002135527914552738,0.026922440646873005,LOW_RANK_J_VS_FINITE_STEP
307,X_BASE,8,O1_JQ_SVD_ORACLE,2,0.0,exact,0,8,per_prompt,actual_d,2,23,0.000446592546355465,0.026922440646873005,LOW_RANK_J_VS_FINITE_STEP
307,X_BASE,8,O1_JQ_SVD_ORACLE,4,0.0,exact,0,8,per_prompt,actual_d,4,23,0.00041222350461995175,0.026922440646873005,LOW_RANK_J_VS_FINITE_STEP
307,X_BASE,8,O1_JQ_SVD_ORACLE,8,0.0,exact,0,8,per_prompt,actual_d,8,23,0.00040418708222494167,0.026922440646873005,LOW_RANK_J_VS_FINITE_STEP
307,X_BASE,8,O1_JQ_SVD_ORACLE,16,0.0,exact,0,8,per_prompt,actual_d,16,23,0.00040358772677253084,0.026922440646873005,LOW_RANK_J_VS_FINITE_STEP
307,X_BASE,8,O1_JQ_SVD_ORACLE,FULL,0.0,exact,0,8,per_prompt,actual_d,23,23,0.0004035175321584015,0.026922440646873005,LOW_RANK_J_VS_FINITE_STEP
307,X_BASE,24,B5_WORST_GROUP_RANK,0,0.0,exact,0,8,per_prompt,actual_d,0,18,0.00676595333094721,0.15820919819097629,FITTED_RESPONSE_VS_FINITE_STEP
307,X_BASE,24,B5_WORST_GROUP_RANK,1,0.01,exact,0,8,per_prompt,actual_d,1,18,0.0011138012906983922,0.15820919819097629,FITTED_RESPONSE_VS_FINITE_STEP
307,X_BASE,24,B5_WORST_GROUP_RANK,2,0.01,exact,0,8,per_prompt,actual_d,2,18,0.0008178912241293696,0.15820919819097629,FITTED_RESPONSE_VS_FINITE_STEP
307,X_BASE,24,B5_WORST_GROUP_RANK,4,0.01,exact,0,8,per_prompt,actual_d,4,18,0.0007922401286151938,0.15820919819097629,FITTED_RESPONSE_VS_FINITE_STEP
307,X_BASE,24,B5_WORST_GROUP_RANK,8,0.01,exact,0,8,per_prompt,actual_d,8,18,0.0007938808502058296,0.15820919819097629,FITTED_RESPONSE_VS_FINITE_STEP
307,X_BASE,24,B5_WORST_GROUP_RANK,16,0.01,exact,0,8,per_prompt,actual_d,16,18,0.0007950743902416707,0.15820919819097629,FITTED_RESPONSE_VS_FINITE_STEP
307,X_BASE,24,B5_WORST_GROUP_RANK,FULL,0.01,exact,0,8,per_prompt,actual_d,18,18,0.0007950732146312493,0.15820919819097629,FITTED_RESPONSE_VS_FINITE_STEP
307,X_BASE,24,B6_FULL_Q_RIDGE,FULL,0.01,exact,0,8,per_prompt,actual_d,18,18,0.0007950732146312481,0.15820919819097629,FITTED_RESPONSE_VS_FINITE_STEP
307,X_BASE,24,O0_FULL_J_ORACLE,FULL,0.0,exact,0,8,per_prompt,actual_d,737,18,0.00016047000697098064,0.15820919819097629,FULL_J_VS_FINITE_STEP
307,X_BASE,24,O1_JQ_SVD_ORACLE,0,0.0,exact,0,8,per_prompt,actual_d,0,18,0.00676595333094721,0.15820919819097629,LOW_RANK_J_VS_FINITE_STEP
307,X_BASE,24,O1_JQ_SVD_ORACLE,1,0.0,exact,0,8,per_prompt,actual_d,1,18,0.0042726054691144535,0.15820919819097629,LOW_RANK_J_VS_FINITE_STEP
307,X_BASE,24,O1_JQ_SVD_ORACLE,2,0.0,exact,0,8,per_prompt,actual_d,2,18,0.0006337993736151867,0.15820919819097629,LOW_RANK_J_VS_FINITE_STEP
307,X_BASE,24,O1_JQ_SVD_ORACLE,4,0.0,exact,0,8,per_prompt,actual_d,4,18,0.0006412678047144943,0.15820919819097629,LOW_RANK_J_VS_FINITE_STEP
307,X_BASE,24,O1_JQ_SVD_ORACLE,8,0.0,exact,0,8,per_prompt,actual_d,8,18,0.0006304102019369153,0.15820919819097629,LOW_RANK_J_VS_FINITE_STEP
307,X_BASE,24,O1_JQ_SVD_ORACLE,16,0.0,exact,0,8,per_prompt,actual_d,16,18,0.0006258982285095655,0.15820919819097629,LOW_RANK_J_VS_FINITE_STEP
307,X_BASE,24,O1_JQ_SVD_ORACLE,FULL,0.0,exact,0,8,per_prompt,actual_d,18,18,0.0006259065891302552,0.15820919819097629,LOW_RANK_J_VS_FINITE_STEP
307,X_BASE,40,B5_WORST_GROUP_RANK,0,0.0,exact,0,8,per_prompt,actual_d,0,17,0.008094668213360915,0.22644974644207114,FITTED_RESPONSE_VS_FINITE_STEP
307,X_BASE,40,B5_WORST_GROUP_RANK,1,0.01,exact,0,8,per_prompt,actual_d,1,17,0.00185995500356795,0.22644974644207114,FITTED_RESPONSE_VS_FINITE_STEP
307,X_BASE,40,B5_WORST_GROUP_RANK,2,0.01,exact,0,8,per_prompt,actual_d,2,17,0.00185583548950076,0.22644974644207114,FITTED_RESPONSE_VS_FINITE_STEP
307,X_BASE,40,B5_WORST_GROUP_RANK,4,0.01,exact,0,8,per_prompt,actual_d,4,17,0.0017231354803226482,0.22644974644207114,FITTED_RESPONSE_VS_FINITE_STEP
307,X_BASE,40,B5_WORST_GROUP_RANK,8,0.01,exact,0,8,per_prompt,actual_d,8,17,0.0016887688557298156,0.22644974644207114,FITTED_RESPONSE_VS_FINITE_STEP
307,X_BASE,40,B5_WORST_GROUP_RANK,16,0.01,exact,0,8,per_prompt,actual_d,16,17,0.0016837284842173314,0.22644974644207114,FITTED_RESPONSE_VS_FINITE_STEP
307,X_BASE,40,B5_WORST_GROUP_RANK,FULL,0.01,exact,0,8,per_prompt,actual_d,17,17,0.0016837276184117188,0.22644974644207114,FITTED_RESPONSE_VS_FINITE_STEP
307,X_BASE,40,B6_FULL_Q_RIDGE,FULL,0.01,exact,0,8,per_prompt,actual_d,17,17,0.0016837276184116987,0.22644974644207114,FITTED_RESPONSE_VS_FINITE_STEP
307,X_BASE,40,O0_FULL_J_ORACLE,FULL,0.0,exact,0,8,per_prompt,actual_d,737,17,0.0002254560112713125,0.22644974644207114,FULL_J_VS_FINITE_STEP
307,X_BASE,40,O1_JQ_SVD_ORACLE,0,0.0,exact,0,8,per_prompt,actual_d,0,17,0.008094668213360915,0.22644974644207114,LOW_RANK_J_VS_FINITE_STEP
307,X_BASE,40,O1_JQ_SVD_ORACLE,1,0.0,exact,0,8,per_prompt,actual_d,1,17,0.0026088652870005407,0.22644974644207114,LOW_RANK_J_VS_FINITE_STEP
307,X_BASE,40,O1_JQ_SVD_ORACLE,2,0.0,exact,0,8,per_prompt,actual_d,2,17,0.0019979416743573218,0.22644974644207114,LOW_RANK_J_VS_FINITE_STEP
307,X_BASE,40,O1_JQ_SVD_ORACLE,4,0.0,exact,0,8,per_prompt,actual_d,4,17,0.0017419428511848665,0.22644974644207114,LOW_RANK_J_VS_FINITE_STEP
307,X_BASE,40,O1_JQ_SVD_ORACLE,8,0.0,exact,0,8,per_prompt,actual_d,8,17,0.0010825410592872411,0.22644974644207114,LOW_RANK_J_VS_FINITE_STEP
307,X_BASE,40,O1_JQ_SVD_ORACLE,16,0.0,exact,0,8,per_prompt,actual_d,16,17,0.0009632955681185542,0.22644974644207114,LOW_RANK_J_VS_FINITE_STEP
307,X_BASE,40,O1_JQ_SVD_ORACLE,FULL,0.0,exact,0,8,per_prompt,actual_d,17,17,0.0009631423642752968,0.22644974644207114,LOW_RANK_J_VS_FINITE_STEP
307,X_VALID,8,B5_WORST_GROUP_RANK,0,0.0,exact,0,8,per_prompt,actual_d,0,17,0.004747656757925782,0.07789908565236678,FITTED_RESPONSE_VS_FINITE_STEP
307,X_VALID,8,B5_WORST_GROUP_RANK,1,0.01,exact,0,8,per_prompt,actual_d,1,17,0.0003134599597951614,0.07789908565236678,FITTED_RESPONSE_VS_FINITE_STEP
307,X_VALID,8,B5_WORST_GROUP_RANK,2,0.01,exact,0,8,per_prompt,actual_d,2,17,0.00023743272729770295,0.07789908565236678,FITTED_RESPONSE_VS_FINITE_STEP
307,X_VALID,8,B5_WORST_GROUP_RANK,4,0.01,exact,0,8,per_prompt,actual_d,4,17,0.0002371249858739695,0.07789908565236678,FITTED_RESPONSE_VS_FINITE_STEP
307,X_VALID,8,B5_WORST_GROUP_RANK,8,0.01,exact,0,8,per_prompt,actual_d,8,17,0.00023638063170999574,0.07789908565236678,FITTED_RESPONSE_VS_FINITE_STEP
307,X_VALID,8,B5_WORST_GROUP_RANK,16,0.01,exact,0,8,per_prompt,actual_d,16,17,0.0002371806695944243,0.07789908565236678,FITTED_RESPONSE_VS_FINITE_STEP
307,X_VALID,8,B5_WORST_GROUP_RANK,FULL,0.01,exact,0,8,per_prompt,actual_d,17,17,0.00023718048917824975,0.07789908565236678,FITTED_RESPONSE_VS_FINITE_STEP
307,X_VALID,8,B6_FULL_Q_RIDGE,FULL,0.01,exact,0,8,per_prompt,actual_d,17,17,0.0002371804891782491,0.07789908565236678,FITTED_RESPONSE_VS_FINITE_STEP
307,X_VALID,8,O0_FULL_J_ORACLE,FULL,0.0,exact,0,8,per_prompt,actual_d,737,17,7.507420252804186e-05,0.07789908565236678,FULL_J_VS_FINITE_STEP
307,X_VALID,8,O1_JQ_SVD_ORACLE,0,0.0,exact,0,8,per_prompt,actual_d,0,17,0.004747656757925782,0.07789908565236678,LOW_RANK_J_VS_FINITE_STEP
307,X_VALID,8,O1_JQ_SVD_ORACLE,1,0.0,exact,0,8,per_prompt,actual_d,1,17,0.00048175296556699946,0.07789908565236678,LOW_RANK_J_VS_FINITE_STEP
307,X_VALID,8,O1_JQ_SVD_ORACLE,2,0.0,exact,0,8,per_prompt,actual_d,2,17,0.0002115862695439058,0.07789908565236678,LOW_RANK_J_VS_FINITE_STEP
307,X_VALID,8,O1_JQ_SVD_ORACLE,4,0.0,exact,0,8,per_prompt,actual_d,4,17,0.00015496221625660412,0.07789908565236678,LOW_RANK_J_VS_FINITE_STEP
307,X_VALID,8,O1_JQ_SVD_ORACLE,8,0.0,exact,0,8,per_prompt,actual_d,8,17,0.00014424687188978094,0.07789908565236678,LOW_RANK_J_VS_FINITE_STEP
307,X_VALID,8,O1_JQ_SVD_ORACLE,16,0.0,exact,0,8,per_prompt,actual_d,16,17,0.00013877747996176822,0.07789908565236678,LOW_RANK_J_VS_FINITE_STEP
307,X_VALID,8,O1_JQ_SVD_ORACLE,FULL,0.0,exact,0,8,per_prompt,actual_d,17,17,0.00013879677782363843,0.07789908565236678,LOW_RANK_J_VS_FINITE_STEP
307,X_VALID,24,B5_WORST_GROUP_RANK,0,0.0,exact,0,8,per_prompt,actual_d,0,8,0.0010752305390859937,0.003995553181304989,FITTED_RESPONSE_VS_FINITE_STEP
307,X_VALID,24,B5_WORST_GROUP_RANK,1,0.01,exact,0,8,per_prompt,actual_d,1,8,0.00033643555336916587,0.003995553181304989,FITTED_RESPONSE_VS_FINITE_STEP
307,X_VALID,24,B5_WORST_GROUP_RANK,2,0.01,exact,0,8,per_prompt,actual_d,2,8,0.000295769365148719,0.003995553181304989,FITTED_RESPONSE_VS_FINITE_STEP
307,X_VALID,24,B5_WORST_GROUP_RANK,4,0.01,exact,0,8,per_prompt,actual_d,4,8,0.0002963852219544851,0.003995553181304989,FITTED_RESPONSE_VS_FINITE_STEP
307,X_VALID,24,B5_WORST_GROUP_RANK,8,0.01,exact,0,8,per_prompt,actual_d,8,8,0.0002957649212852326,0.003995553181304989,FITTED_RESPONSE_VS_FINITE_STEP
307,X_VALID,24,B5_WORST_GROUP_RANK,16,0.01,exact,0,8,per_prompt,actual_d,8,8,0.0002957649212852326,0.003995553181304989,FITTED_RESPONSE_VS_FINITE_STEP
307,X_VALID,24,B5_WORST_GROUP_RANK,FULL,0.01,exact,0,8,per_prompt,actual_d,8,8,0.0002957649212852326,0.003995553181304989,FITTED_RESPONSE_VS_FINITE_STEP
307,X_VALID,24,B6_FULL_Q_RIDGE,FULL,0.01,exact,0,8,per_prompt,actual_d,8,8,0.0002957649212852323,0.003995553181304989,FITTED_RESPONSE_VS_FINITE_STEP
307,X_VALID,24,O0_FULL_J_ORACLE,FULL,0.0,exact,0,8,per_prompt,actual_d,737,8,5.858316582957538e-05,0.003995553181304989,FULL_J_VS_FINITE_STEP
307,X_VALID,24,O1_JQ_SVD_ORACLE,0,0.0,exact,0,8,per_prompt,actual_d,0,8,0.0010752305390859937,0.003995553181304989,LOW_RANK_J_VS_FINITE_STEP
307,X_VALID,24,O1_JQ_SVD_ORACLE,1,0.0,exact,0,8,per_prompt,actual_d,1,8,0.0005414738020025453,0.003995553181304989,LOW_RANK_J_VS_FINITE_STEP
307,X_VALID,24,O1_JQ_SVD_ORACLE,2,0.0,exact,0,8,per_prompt,actual_d,2,8,0.0004260241941632428,0.003995553181304989,LOW_RANK_J_VS_FINITE_STEP
307,X_VALID,24,O1_JQ_SVD_ORACLE,4,0.0,exact,0,8,per_prompt,actual_d,4,8,0.0002713919147825835,0.003995553181304989,LOW_RANK_J_VS_FINITE_STEP
307,X_VALID,24,O1_JQ_SVD_ORACLE,8,0.0,exact,0,8,per_prompt,actual_d,8,8,0.0001765976590112438,0.003995553181304989,LOW_RANK_J_VS_FINITE_STEP
307,X_VALID,24,O1_JQ_SVD_ORACLE,16,0.0,exact,0,8,per_prompt,actual_d,8,8,0.0001765976590112438,0.003995553181304989,LOW_RANK_J_VS_FINITE_STEP
307,X_VALID,24,O1_JQ_SVD_ORACLE,FULL,0.0,exact,0,8,per_prompt,actual_d,8,8,0.0001765976590112438,0.003995553181304989,LOW_RANK_J_VS_FINITE_STEP
307,X_VALID,40,B5_WORST_GROUP_RANK,0,0.0,exact,0,8,per_prompt,actual_d,0,12,0.0031436666626858704,0.034154404137501176,FITTED_RESPONSE_VS_FINITE_STEP
307,X_VALID,40,B5_WORST_GROUP_RANK,1,0.01,exact,0,8,per_prompt,actual_d,1,12,0.00016600869793344288,0.034154404137501176,FITTED_RESPONSE_VS_FINITE_STEP
307,X_VALID,40,B5_WORST_GROUP_RANK,2,0.01,exact,0,8,per_prompt,actual_d,2,12,0.00015951009133308353,0.034154404137501176,FITTED_RESPONSE_VS_FINITE_STEP
307,X_VALID,40,B5_WORST_GROUP_RANK,4,0.01,exact,0,8,per_prompt,actual_d,4,12,0.00012875054089235034,0.034154404137501176,FITTED_RESPONSE_VS_FINITE_STEP
307,X_VALID,40,B5_WORST_GROUP_RANK,8,0.01,exact,0,8,per_prompt,actual_d,8,12,0.00012774950420857637,0.034154404137501176,FITTED_RESPONSE_VS_FINITE_STEP
307,X_VALID,40,B5_WORST_GROUP_RANK,16,0.01,exact,0,8,per_prompt,actual_d,12,12,0.00012768456946845336,0.034154404137501176,FITTED_RESPONSE_VS_FINITE_STEP
307,X_VALID,40,B5_WORST_GROUP_RANK,FULL,0.01,exact,0,8,per_prompt,actual_d,12,12,0.00012768456946845336,0.034154404137501176,FITTED_RESPONSE_VS_FINITE_STEP
307,X_VALID,40,B6_FULL_Q_RIDGE,FULL,0.01,exact,0,8,per_prompt,actual_d,12,12,0.0001276845694684535,0.034154404137501176,FITTED_RESPONSE_VS_FINITE_STEP
307,X_VALID,40,O0_FULL_J_ORACLE,FULL,0.0,exact,0,8,per_prompt,actual_d,737,12,7.491327563273101e-05,0.034154404137501176,FULL_J_VS_FINITE_STEP
307,X_VALID,40,O1_JQ_SVD_ORACLE,0,0.0,exact,0,8,per_prompt,actual_d,0,12,0.0031436666626858704,0.034154404137501176,LOW_RANK_J_VS_FINITE_STEP
307,X_VALID,40,O1_JQ_SVD_ORACLE,1,0.0,exact,0,8,per_prompt,actual_d,1,12,0.0003496434768241671,0.034154404137501176,LOW_RANK_J_VS_FINITE_STEP
307,X_VALID,40,O1_JQ_SVD_ORACLE,2,0.0,exact,0,8,per_prompt,actual_d,2,12,0.0003095183703411343,0.034154404137501176,LOW_RANK_J_VS_FINITE_STEP
307,X_VALID,40,O1_JQ_SVD_ORACLE,4,0.0,exact,0,8,per_prompt,actual_d,4,12,0.0002628009194720571,0.034154404137501176,LOW_RANK_J_VS_FINITE_STEP
307,X_VALID,40,O1_JQ_SVD_ORACLE,8,0.0,exact,0,8,per_prompt,actual_d,8,12,8.481594639549507e-05,0.034154404137501176,LOW_RANK_J_VS_FINITE_STEP
307,X_VALID,40,O1_JQ_SVD_ORACLE,16,0.0,exact,0,8,per_prompt,actual_d,12,12,7.302230830649885e-05,0.034154404137501176,LOW_RANK_J_VS_FINITE_STEP
307,X_VALID,40,O1_JQ_SVD_ORACLE,FULL,0.0,exact,0,8,per_prompt,actual_d,12,12,7.302230830649885e-05,0.034154404137501176,LOW_RANK_J_VS_FINITE_STEP
308,X_BASE,8,B5_WORST_GROUP_RANK,0,0.0,exact,0,8,per_prompt,actual_d,0,15,0.002796472294927877,0.027026809216009997,FITTED_RESPONSE_VS_FINITE_STEP
308,X_BASE,8,B5_WORST_GROUP_RANK,1,0.01,exact,0,8,per_prompt,actual_d,1,15,0.0008919552442549495,0.027026809216009997,FITTED_RESPONSE_VS_FINITE_STEP
308,X_BASE,8,B5_WORST_GROUP_RANK,2,0.01,exact,0,8,per_prompt,actual_d,2,15,0.00044335538812091246,0.027026809216009997,FITTED_RESPONSE_VS_FINITE_STEP
308,X_BASE,8,B5_WORST_GROUP_RANK,4,0.01,exact,0,8,per_prompt,actual_d,4,15,0.00044048727022287065,0.027026809216009997,FITTED_RESPONSE_VS_FINITE_STEP
308,X_BASE,8,B5_WORST_GROUP_RANK,8,0.01,exact,0,8,per_prompt,actual_d,8,15,0.000444449942758191,0.027026809216009997,FITTED_RESPONSE_VS_FINITE_STEP
308,X_BASE,8,B5_WORST_GROUP_RANK,16,0.01,exact,0,8,per_prompt,actual_d,15,15,0.00044587586121654056,0.027026809216009997,FITTED_RESPONSE_VS_FINITE_STEP
308,X_BASE,8,B5_WORST_GROUP_RANK,FULL,0.01,exact,0,8,per_prompt,actual_d,15,15,0.00044587586121654056,0.027026809216009997,FITTED_RESPONSE_VS_FINITE_STEP
308,X_BASE,8,B6_FULL_Q_RIDGE,FULL,0.01,exact,0,8,per_prompt,actual_d,15,15,0.0004458758612165325,0.027026809216009997,FITTED_RESPONSE_VS_FINITE_STEP
308,X_BASE,8,O0_FULL_J_ORACLE,FULL,0.0,exact,0,8,per_prompt,actual_d,737,15,2.510765768635467e-05,0.027026809216009997,FULL_J_VS_FINITE_STEP
308,X_BASE,8,O1_JQ_SVD_ORACLE,0,0.0,exact,0,8,per_prompt,actual_d,0,15,0.002796472294927877,0.027026809216009997,LOW_RANK_J_VS_FINITE_STEP
308,X_BASE,8,O1_JQ_SVD_ORACLE,1,0.0,exact,0,8,per_prompt,actual_d,1,15,0.0019470108976508938,0.027026809216009997,LOW_RANK_J_VS_FINITE_STEP
308,X_BASE,8,O1_JQ_SVD_ORACLE,2,0.0,exact,0,8,per_prompt,actual_d,2,15,0.00037551184947415603,0.027026809216009997,LOW_RANK_J_VS_FINITE_STEP
308,X_BASE,8,O1_JQ_SVD_ORACLE,4,0.0,exact,0,8,per_prompt,actual_d,4,15,0.00028250118870686296,0.027026809216009997,LOW_RANK_J_VS_FINITE_STEP
308,X_BASE,8,O1_JQ_SVD_ORACLE,8,0.0,exact,0,8,per_prompt,actual_d,8,15,0.00027682365608856205,0.027026809216009997,LOW_RANK_J_VS_FINITE_STEP
308,X_BASE,8,O1_JQ_SVD_ORACLE,16,0.0,exact,0,8,per_prompt,actual_d,15,15,0.0002763910936167478,0.027026809216009997,LOW_RANK_J_VS_FINITE_STEP
308,X_BASE,8,O1_JQ_SVD_ORACLE,FULL,0.0,exact,0,8,per_prompt,actual_d,15,15,0.0002763910936167478,0.027026809216009997,LOW_RANK_J_VS_FINITE_STEP
308,X_BASE,24,B5_WORST_GROUP_RANK,0,0.0,exact,0,8,per_prompt,actual_d,0,20,0.007633147879745668,0.20136365529085132,FITTED_RESPONSE_VS_FINITE_STEP
308,X_BASE,24,B5_WORST_GROUP_RANK,1,0.01,exact,0,8,per_prompt,actual_d,1,20,0.0008913385538257693,0.20136365529085132,FITTED_RESPONSE_VS_FINITE_STEP
308,X_BASE,24,B5_WORST_GROUP_RANK,2,0.01,exact,0,8,per_prompt,actual_d,2,20,0.0005842691532655853,0.20136365529085132,FITTED_RESPONSE_VS_FINITE_STEP
308,X_BASE,24,B5_WORST_GROUP_RANK,4,0.01,exact,0,8,per_prompt,actual_d,4,20,0.0005888210962401545,0.20136365529085132,FITTED_RESPONSE_VS_FINITE_STEP
308,X_BASE,24,B5_WORST_GROUP_RANK,8,0.01,exact,0,8,per_prompt,actual_d,8,20,0.0005884874414115362,0.20136365529085132,FITTED_RESPONSE_VS_FINITE_STEP
308,X_BASE,24,B5_WORST_GROUP_RANK,16,0.01,exact,0,8,per_prompt,actual_d,16,20,0.0005884334825948135,0.20136365529085132,FITTED_RESPONSE_VS_FINITE_STEP
308,X_BASE,24,B5_WORST_GROUP_RANK,FULL,0.01,exact,0,8,per_prompt,actual_d,20,20,0.0005884280970528269,0.20136365529085132,FITTED_RESPONSE_VS_FINITE_STEP
308,X_BASE,24,B6_FULL_Q_RIDGE,FULL,0.01,exact,0,8,per_prompt,actual_d,20,20,0.000588428097052826,0.20136365529085132,FITTED_RESPONSE_VS_FINITE_STEP
308,X_BASE,24,O0_FULL_J_ORACLE,FULL,0.0,exact,0,8,per_prompt,actual_d,737,20,0.00018571231390088644,0.20136365529085132,FULL_J_VS_FINITE_STEP
308,X_BASE,24,O1_JQ_SVD_ORACLE,0,0.0,exact,0,8,per_prompt,actual_d,0,20,0.007633147879745668,0.20136365529085132,LOW_RANK_J_VS_FINITE_STEP
308,X_BASE,24,O1_JQ_SVD_ORACLE,1,0.0,exact,0,8,per_prompt,actual_d,1,20,0.00296619811391718,0.20136365529085132,LOW_RANK_J_VS_FINITE_STEP
308,X_BASE,24,O1_JQ_SVD_ORACLE,2,0.0,exact,0,8,per_prompt,actual_d,2,20,0.0005107762105717764,0.20136365529085132,LOW_RANK_J_VS_FINITE_STEP
308,X_BASE,24,O1_JQ_SVD_ORACLE,4,0.0,exact,0,8,per_prompt,actual_d,4,20,0.0004575812583899887,0.20136365529085132,LOW_RANK_J_VS_FINITE_STEP
308,X_BASE,24,O1_JQ_SVD_ORACLE,8,0.0,exact,0,8,per_prompt,actual_d,8,20,0.0004529265345325042,0.20136365529085132,LOW_RANK_J_VS_FINITE_STEP
308,X_BASE,24,O1_JQ_SVD_ORACLE,16,0.0,exact,0,8,per_prompt,actual_d,16,20,0.00045115176274396386,0.20136365529085132,LOW_RANK_J_VS_FINITE_STEP
308,X_BASE,24,O1_JQ_SVD_ORACLE,FULL,0.0,exact,0,8,per_prompt,actual_d,20,20,0.0004509726846650787,0.20136365529085132,LOW_RANK_J_VS_FINITE_STEP
308,X_BASE,40,B5_WORST_GROUP_RANK,0,0.0,exact,0,8,per_prompt,actual_d,0,15,0.004183743120522563,0.060492809658884664,FITTED_RESPONSE_VS_FINITE_STEP
308,X_BASE,40,B5_WORST_GROUP_RANK,1,0.01,exact,0,8,per_prompt,actual_d,1,15,0.0025495241953059295,0.060492809658884664,FITTED_RESPONSE_VS_FINITE_STEP
308,X_BASE,40,B5_WORST_GROUP_RANK,2,0.01,exact,0,8,per_prompt,actual_d,2,15,0.002282859167701944,0.060492809658884664,FITTED_RESPONSE_VS_FINITE_STEP
308,X_BASE,40,B5_WORST_GROUP_RANK,4,0.01,exact,0,8,per_prompt,actual_d,4,15,0.0021284898863565397,0.060492809658884664,FITTED_RESPONSE_VS_FINITE_STEP
308,X_BASE,40,B5_WORST_GROUP_RANK,8,0.01,exact,0,8,per_prompt,actual_d,8,15,0.002106314488925376,0.060492809658884664,FITTED_RESPONSE_VS_FINITE_STEP
308,X_BASE,40,B5_WORST_GROUP_RANK,16,0.01,exact,0,8,per_prompt,actual_d,15,15,0.0020969358585511255,0.060492809658884664,FITTED_RESPONSE_VS_FINITE_STEP
308,X_BASE,40,B5_WORST_GROUP_RANK,FULL,0.01,exact,0,8,per_prompt,actual_d,15,15,0.0020969358585511255,0.060492809658884664,FITTED_RESPONSE_VS_FINITE_STEP
308,X_BASE,40,B6_FULL_Q_RIDGE,FULL,0.01,exact,0,8,per_prompt,actual_d,15,15,0.0020969358585511536,0.060492809658884664,FITTED_RESPONSE_VS_FINITE_STEP
308,X_BASE,40,O0_FULL_J_ORACLE,FULL,0.0,exact,0,8,per_prompt,actual_d,737,15,0.00027131281507253405,0.060492809658884664,FULL_J_VS_FINITE_STEP
308,X_BASE,40,O1_JQ_SVD_ORACLE,0,0.0,exact,0,8,per_prompt,actual_d,0,15,0.004183743120522563,0.060492809658884664,LOW_RANK_J_VS_FINITE_STEP
308,X_BASE,40,O1_JQ_SVD_ORACLE,1,0.0,exact,0,8,per_prompt,actual_d,1,15,0.0030176833282487374,0.060492809658884664,LOW_RANK_J_VS_FINITE_STEP
308,X_BASE,40,O1_JQ_SVD_ORACLE,2,0.0,exact,0,8,per_prompt,actual_d,2,15,0.002379386470796901,0.060492809658884664,LOW_RANK_J_VS_FINITE_STEP
308,X_BASE,40,O1_JQ_SVD_ORACLE,4,0.0,exact,0,8,per_prompt,actual_d,4,15,0.00229031167709123,0.060492809658884664,LOW_RANK_J_VS_FINITE_STEP
308,X_BASE,40,O1_JQ_SVD_ORACLE,8,0.0,exact,0,8,per_prompt,actual_d,8,15,0.0018433677504769595,0.060492809658884664,LOW_RANK_J_VS_FINITE_STEP
308,X_BASE,40,O1_JQ_SVD_ORACLE,16,0.0,exact,0,8,per_prompt,actual_d,15,15,0.0017971736051847007,0.060492809658884664,LOW_RANK_J_VS_FINITE_STEP
308,X_BASE,40,O1_JQ_SVD_ORACLE,FULL,0.0,exact,0,8,per_prompt,actual_d,15,15,0.0017971736051847007,0.060492809658884664,LOW_RANK_J_VS_FINITE_STEP
308,X_VALID,8,B5_WORST_GROUP_RANK,0,0.0,exact,0,8,per_prompt,actual_d,0,18,0.005546136322112195,0.10630527472553072,FITTED_RESPONSE_VS_FINITE_STEP
308,X_VALID,8,B5_WORST_GROUP_RANK,1,0.01,exact,0,8,per_prompt,actual_d,1,18,0.000339165209572388,0.10630527472553072,FITTED_RESPONSE_VS_FINITE_STEP
308,X_VALID,8,B5_WORST_GROUP_RANK,2,0.01,exact,0,8,per_prompt,actual_d,2,18,0.0003310799300115585,0.10630527472553072,FITTED_RESPONSE_VS_FINITE_STEP
308,X_VALID,8,B5_WORST_GROUP_RANK,4,0.01,exact,0,8,per_prompt,actual_d,4,18,0.00033000836804088164,0.10630527472553072,FITTED_RESPONSE_VS_FINITE_STEP
308,X_VALID,8,B5_WORST_GROUP_RANK,8,0.01,exact,0,8,per_prompt,actual_d,8,18,0.0003307010309694781,0.10630527472553072,FITTED_RESPONSE_VS_FINITE_STEP
308,X_VALID,8,B5_WORST_GROUP_RANK,16,0.01,exact,0,8,per_prompt,actual_d,16,18,0.00033119703094471216,0.10630527472553072,FITTED_RESPONSE_VS_FINITE_STEP
308,X_VALID,8,B5_WORST_GROUP_RANK,FULL,0.01,exact,0,8,per_prompt,actual_d,18,18,0.00033119804485178374,0.10630527472553072,FITTED_RESPONSE_VS_FINITE_STEP
308,X_VALID,8,B6_FULL_Q_RIDGE,FULL,0.01,exact,0,8,per_prompt,actual_d,18,18,0.0003311980448517836,0.10630527472553072,FITTED_RESPONSE_VS_FINITE_STEP
308,X_VALID,8,O0_FULL_J_ORACLE,FULL,0.0,exact,0,8,per_prompt,actual_d,737,18,8.22697567628873e-05,0.10630527472553072,FULL_J_VS_FINITE_STEP
308,X_VALID,8,O1_JQ_SVD_ORACLE,0,0.0,exact,0,8,per_prompt,actual_d,0,18,0.005546136322112195,0.10630527472553072,LOW_RANK_J_VS_FINITE_STEP
308,X_VALID,8,O1_JQ_SVD_ORACLE,1,0.0,exact,0,8,per_prompt,actual_d,1,18,0.0003041647849301219,0.10630527472553072,LOW_RANK_J_VS_FINITE_STEP
308,X_VALID,8,O1_JQ_SVD_ORACLE,2,0.0,exact,0,8,per_prompt,actual_d,2,18,0.0002988102818009352,0.10630527472553072,LOW_RANK_J_VS_FINITE_STEP
308,X_VALID,8,O1_JQ_SVD_ORACLE,4,0.0,exact,0,8,per_prompt,actual_d,4,18,0.00012855130572555273,0.10630527472553072,LOW_RANK_J_VS_FINITE_STEP
308,X_VALID,8,O1_JQ_SVD_ORACLE,8,0.0,exact,0,8,per_prompt,actual_d,8,18,0.00011954024055984185,0.10630527472553072,LOW_RANK_J_VS_FINITE_STEP
308,X_VALID,8,O1_JQ_SVD_ORACLE,16,0.0,exact,0,8,per_prompt,actual_d,16,18,0.00011050683605887343,0.10630527472553072,LOW_RANK_J_VS_FINITE_STEP
308,X_VALID,8,O1_JQ_SVD_ORACLE,FULL,0.0,exact,0,8,per_prompt,actual_d,18,18,0.00011021790898524702,0.10630527472553072,LOW_RANK_J_VS_FINITE_STEP
308,X_VALID,24,B5_WORST_GROUP_RANK,0,0.0,exact,0,8,per_prompt,actual_d,0,11,0.001134681079888545,0.004449603984965112,FITTED_RESPONSE_VS_FINITE_STEP
308,X_VALID,24,B5_WORST_GROUP_RANK,1,0.01,exact,0,8,per_prompt,actual_d,1,11,0.00022688266522995727,0.004449603984965112,FITTED_RESPONSE_VS_FINITE_STEP
308,X_VALID,24,B5_WORST_GROUP_RANK,2,0.01,exact,0,8,per_prompt,actual_d,2,11,0.0001968004759935395,0.004449603984965112,FITTED_RESPONSE_VS_FINITE_STEP
308,X_VALID,24,B5_WORST_GROUP_RANK,4,0.01,exact,0,8,per_prompt,actual_d,4,11,0.00019550734641152705,0.004449603984965112,FITTED_RESPONSE_VS_FINITE_STEP
308,X_VALID,24,B5_WORST_GROUP_RANK,8,0.01,exact,0,8,per_prompt,actual_d,8,11,0.00019397282512321101,0.004449603984965112,FITTED_RESPONSE_VS_FINITE_STEP
308,X_VALID,24,B5_WORST_GROUP_RANK,16,0.01,exact,0,8,per_prompt,actual_d,11,11,0.00019320356860657724,0.004449603984965112,FITTED_RESPONSE_VS_FINITE_STEP
308,X_VALID,24,B5_WORST_GROUP_RANK,FULL,0.01,exact,0,8,per_prompt,actual_d,11,11,0.00019320356860657724,0.004449603984965112,FITTED_RESPONSE_VS_FINITE_STEP
308,X_VALID,24,B6_FULL_Q_RIDGE,FULL,0.01,exact,0,8,per_prompt,actual_d,11,11,0.00019320356860657667,0.004449603984965112,FITTED_RESPONSE_VS_FINITE_STEP
308,X_VALID,24,O0_FULL_J_ORACLE,FULL,0.0,exact,0,8,per_prompt,actual_d,737,11,3.320651923303368e-05,0.004449603984965112,FULL_J_VS_FINITE_STEP
308,X_VALID,24,O1_JQ_SVD_ORACLE,0,0.0,exact,0,8,per_prompt,actual_d,0,11,0.001134681079888545,0.004449603984965112,LOW_RANK_J_VS_FINITE_STEP
308,X_VALID,24,O1_JQ_SVD_ORACLE,1,0.0,exact,0,8,per_prompt,actual_d,1,11,0.0004569364492179577,0.004449603984965112,LOW_RANK_J_VS_FINITE_STEP
308,X_VALID,24,O1_JQ_SVD_ORACLE,2,0.0,exact,0,8,per_prompt,actual_d,2,11,0.0002693900295665441,0.004449603984965112,LOW_RANK_J_VS_FINITE_STEP
308,X_VALID,24,O1_JQ_SVD_ORACLE,4,0.0,exact,0,8,per_prompt,actual_d,4,11,0.00025118107374603115,0.004449603984965112,LOW_RANK_J_VS_FINITE_STEP
308,X_VALID,24,O1_JQ_SVD_ORACLE,8,0.0,exact,0,8,per_prompt,actual_d,8,11,0.00017991448388258684,0.004449603984965112,LOW_RANK_J_VS_FINITE_STEP
308,X_VALID,24,O1_JQ_SVD_ORACLE,16,0.0,exact,0,8,per_prompt,actual_d,11,11,0.000169672821838075,0.004449603984965112,LOW_RANK_J_VS_FINITE_STEP
308,X_VALID,24,O1_JQ_SVD_ORACLE,FULL,0.0,exact,0,8,per_prompt,actual_d,11,11,0.000169672821838075,0.004449603984965112,LOW_RANK_J_VS_FINITE_STEP
308,X_VALID,40,B5_WORST_GROUP_RANK,0,0.0,exact,0,8,per_prompt,actual_d,0,13,0.001549001808114098,0.008292349214924813,FITTED_RESPONSE_VS_FINITE_STEP
308,X_VALID,40,B5_WORST_GROUP_RANK,1,0.01,exact,0,8,per_prompt,actual_d,1,13,0.00013993254783561785,0.008292349214924813,FITTED_RESPONSE_VS_FINITE_STEP
308,X_VALID,40,B5_WORST_GROUP_RANK,2,0.01,exact,0,8,per_prompt,actual_d,2,13,0.00013907413834368172,0.008292349214924813,FITTED_RESPONSE_VS_FINITE_STEP
308,X_VALID,40,B5_WORST_GROUP_RANK,4,0.01,exact,0,8,per_prompt,actual_d,4,13,0.0001358104187404041,0.008292349214924813,FITTED_RESPONSE_VS_FINITE_STEP
308,X_VALID,40,B5_WORST_GROUP_RANK,8,0.01,exact,0,8,per_prompt,actual_d,8,13,0.0001336268385182631,0.008292349214924813,FITTED_RESPONSE_VS_FINITE_STEP
308,X_VALID,40,B5_WORST_GROUP_RANK,16,0.01,exact,0,8,per_prompt,actual_d,13,13,0.00013345299700075216,0.008292349214924813,FITTED_RESPONSE_VS_FINITE_STEP
308,X_VALID,40,B5_WORST_GROUP_RANK,FULL,0.01,exact,0,8,per_prompt,actual_d,13,13,0.00013345299700075216,0.008292349214924813,FITTED_RESPONSE_VS_FINITE_STEP
308,X_VALID,40,B6_FULL_Q_RIDGE,FULL,0.01,exact,0,8,per_prompt,actual_d,13,13,0.0001334529970007518,0.008292349214924813,FITTED_RESPONSE_VS_FINITE_STEP
308,X_VALID,40,O0_FULL_J_ORACLE,FULL,0.0,exact,0,8,per_prompt,actual_d,737,13,1.2021923569123986e-05,0.008292349214924813,FULL_J_VS_FINITE_STEP
308,X_VALID,40,O1_JQ_SVD_ORACLE,0,0.0,exact,0,8,per_prompt,actual_d,0,13,0.001549001808114098,0.008292349214924813,LOW_RANK_J_VS_FINITE_STEP
308,X_VALID,40,O1_JQ_SVD_ORACLE,1,0.0,exact,0,8,per_prompt,actual_d,1,13,0.00037145018821274254,0.008292349214924813,LOW_RANK_J_VS_FINITE_STEP
308,X_VALID,40,O1_JQ_SVD_ORACLE,2,0.0,exact,0,8,per_prompt,actual_d,2,13,0.00034365257961860063,0.008292349214924813,LOW_RANK_J_VS_FINITE_STEP
308,X_VALID,40,O1_JQ_SVD_ORACLE,4,0.0,exact,0,8,per_prompt,actual_d,4,13,0.0002106752559941608,0.008292349214924813,LOW_RANK_J_VS_FINITE_STEP
308,X_VALID,40,O1_JQ_SVD_ORACLE,8,0.0,exact,0,8,per_prompt,actual_d,8,13,0.00010559980383177805,0.008292349214924813,LOW_RANK_J_VS_FINITE_STEP
308,X_VALID,40,O1_JQ_SVD_ORACLE,16,0.0,exact,0,8,per_prompt,actual_d,13,13,8.271117868503129e-05,0.008292349214924813,LOW_RANK_J_VS_FINITE_STEP
308,X_VALID,40,O1_JQ_SVD_ORACLE,FULL,0.0,exact,0,8,per_prompt,actual_d,13,13,8.271117868503129e-05,0.008292349214924813,LOW_RANK_J_VS_FINITE_STEP
309,X_BASE,8,B5_WORST_GROUP_RANK,0,0.0,exact,0,8,per_prompt,actual_d,0,20,0.0023355994359670856,0.01885256545060144,FITTED_RESPONSE_VS_FINITE_STEP
309,X_BASE,8,B5_WORST_GROUP_RANK,1,0.01,exact,0,8,per_prompt,actual_d,1,20,0.001318372731965832,0.01885256545060144,FITTED_RESPONSE_VS_FINITE_STEP
309,X_BASE,8,B5_WORST_GROUP_RANK,2,0.01,exact,0,8,per_prompt,actual_d,2,20,0.0004862899054190655,0.01885256545060144,FITTED_RESPONSE_VS_FINITE_STEP
309,X_BASE,8,B5_WORST_GROUP_RANK,4,0.01,exact,0,8,per_prompt,actual_d,4,20,0.0004842852406238117,0.01885256545060144,FITTED_RESPONSE_VS_FINITE_STEP
309,X_BASE,8,B5_WORST_GROUP_RANK,8,0.01,exact,0,8,per_prompt,actual_d,8,20,0.0004836377225763162,0.01885256545060144,FITTED_RESPONSE_VS_FINITE_STEP
309,X_BASE,8,B5_WORST_GROUP_RANK,16,0.01,exact,0,8,per_prompt,actual_d,16,20,0.00048745180458239953,0.01885256545060144,FITTED_RESPONSE_VS_FINITE_STEP
309,X_BASE,8,B5_WORST_GROUP_RANK,FULL,0.01,exact,0,8,per_prompt,actual_d,20,20,0.0004875529406491468,0.01885256545060144,FITTED_RESPONSE_VS_FINITE_STEP
309,X_BASE,8,B6_FULL_Q_RIDGE,FULL,0.01,exact,0,8,per_prompt,actual_d,20,20,0.00048755294064914954,0.01885256545060144,FITTED_RESPONSE_VS_FINITE_STEP
309,X_BASE,8,O0_FULL_J_ORACLE,FULL,0.0,exact,0,8,per_prompt,actual_d,737,20,6.134333480802522e-05,0.01885256545060144,FULL_J_VS_FINITE_STEP
309,X_BASE,8,O1_JQ_SVD_ORACLE,0,0.0,exact,0,8,per_prompt,actual_d,0,20,0.0023355994359670856,0.01885256545060144,LOW_RANK_J_VS_FINITE_STEP
309,X_BASE,8,O1_JQ_SVD_ORACLE,1,0.0,exact,0,8,per_prompt,actual_d,1,20,0.0018193842677577624,0.01885256545060144,LOW_RANK_J_VS_FINITE_STEP
309,X_BASE,8,O1_JQ_SVD_ORACLE,2,0.0,exact,0,8,per_prompt,actual_d,2,20,0.0003782003693736767,0.01885256545060144,LOW_RANK_J_VS_FINITE_STEP
309,X_BASE,8,O1_JQ_SVD_ORACLE,4,0.0,exact,0,8,per_prompt,actual_d,4,20,0.00034342303520165044,0.01885256545060144,LOW_RANK_J_VS_FINITE_STEP
309,X_BASE,8,O1_JQ_SVD_ORACLE,8,0.0,exact,0,8,per_prompt,actual_d,8,20,0.00033929446992375325,0.01885256545060144,LOW_RANK_J_VS_FINITE_STEP
309,X_BASE,8,O1_JQ_SVD_ORACLE,16,0.0,exact,0,8,per_prompt,actual_d,16,20,0.0003389593747521176,0.01885256545060144,LOW_RANK_J_VS_FINITE_STEP
309,X_BASE,8,O1_JQ_SVD_ORACLE,FULL,0.0,exact,0,8,per_prompt,actual_d,20,20,0.0003389310169374608,0.01885256545060144,LOW_RANK_J_VS_FINITE_STEP
309,X_BASE,24,B5_WORST_GROUP_RANK,0,0.0,exact,0,8,per_prompt,actual_d,0,18,0.00973318136997836,0.32740353647156906,FITTED_RESPONSE_VS_FINITE_STEP
309,X_BASE,24,B5_WORST_GROUP_RANK,1,0.01,exact,0,8,per_prompt,actual_d,1,18,0.0009423979040593711,0.32740353647156906,FITTED_RESPONSE_VS_FINITE_STEP
309,X_BASE,24,B5_WORST_GROUP_RANK,2,0.01,exact,0,8,per_prompt,actual_d,2,18,0.0006649509688965266,0.32740353647156906,FITTED_RESPONSE_VS_FINITE_STEP
309,X_BASE,24,B5_WORST_GROUP_RANK,4,0.01,exact,0,8,per_prompt,actual_d,4,18,0.0006594734455613094,0.32740353647156906,FITTED_RESPONSE_VS_FINITE_STEP
309,X_BASE,24,B5_WORST_GROUP_RANK,8,0.01,exact,0,8,per_prompt,actual_d,8,18,0.0006577342662869392,0.32740353647156906,FITTED_RESPONSE_VS_FINITE_STEP
309,X_BASE,24,B5_WORST_GROUP_RANK,16,0.01,exact,0,8,per_prompt,actual_d,16,18,0.000658543011750265,0.32740353647156906,FITTED_RESPONSE_VS_FINITE_STEP
309,X_BASE,24,B5_WORST_GROUP_RANK,FULL,0.01,exact,0,8,per_prompt,actual_d,18,18,0.000658541874731077,0.32740353647156906,FITTED_RESPONSE_VS_FINITE_STEP
309,X_BASE,24,B6_FULL_Q_RIDGE,FULL,0.01,exact,0,8,per_prompt,actual_d,18,18,0.000658541874731075,0.32740353647156906,FITTED_RESPONSE_VS_FINITE_STEP
309,X_BASE,24,O0_FULL_J_ORACLE,FULL,0.0,exact,0,8,per_prompt,actual_d,737,18,0.00021073100671508904,0.32740353647156906,FULL_J_VS_FINITE_STEP
309,X_BASE,24,O1_JQ_SVD_ORACLE,0,0.0,exact,0,8,per_prompt,actual_d,0,18,0.00973318136997836,0.32740353647156906,LOW_RANK_J_VS_FINITE_STEP
309,X_BASE,24,O1_JQ_SVD_ORACLE,1,0.0,exact,0,8,per_prompt,actual_d,1,18,0.0047593780056067354,0.32740353647156906,LOW_RANK_J_VS_FINITE_STEP
309,X_BASE,24,O1_JQ_SVD_ORACLE,2,0.0,exact,0,8,per_prompt,actual_d,2,18,0.0011578251314106954,0.32740353647156906,LOW_RANK_J_VS_FINITE_STEP
309,X_BASE,24,O1_JQ_SVD_ORACLE,4,0.0,exact,0,8,per_prompt,actual_d,4,18,0.0004888811905520563,0.32740353647156906,LOW_RANK_J_VS_FINITE_STEP
309,X_BASE,24,O1_JQ_SVD_ORACLE,8,0.0,exact,0,8,per_prompt,actual_d,8,18,0.0004684766682399397,0.32740353647156906,LOW_RANK_J_VS_FINITE_STEP
309,X_BASE,24,O1_JQ_SVD_ORACLE,16,0.0,exact,0,8,per_prompt,actual_d,16,18,0.0004532300167853022,0.32740353647156906,LOW_RANK_J_VS_FINITE_STEP
309,X_BASE,24,O1_JQ_SVD_ORACLE,FULL,0.0,exact,0,8,per_prompt,actual_d,18,18,0.00045332899673673023,0.32740353647156906,LOW_RANK_J_VS_FINITE_STEP
309,X_BASE,40,B5_WORST_GROUP_RANK,0,0.0,exact,0,8,per_prompt,actual_d,0,13,0.007889185963255751,0.2150988658427459,FITTED_RESPONSE_VS_FINITE_STEP
309,X_BASE,40,B5_WORST_GROUP_RANK,1,0.01,exact,0,8,per_prompt,actual_d,1,13,0.0019750357660752805,0.2150988658427459,FITTED_RESPONSE_VS_FINITE_STEP
309,X_BASE,40,B5_WORST_GROUP_RANK,2,0.01,exact,0,8,per_prompt,actual_d,2,13,0.001988168988184268,0.2150988658427459,FITTED_RESPONSE_VS_FINITE_STEP
309,X_BASE,40,B5_WORST_GROUP_RANK,4,0.01,exact,0,8,per_prompt,actual_d,4,13,0.0019367991549061722,0.2150988658427459,FITTED_RESPONSE_VS_FINITE_STEP
309,X_BASE,40,B5_WORST_GROUP_RANK,8,0.01,exact,0,8,per_prompt,actual_d,8,13,0.0019806088194251966,0.2150988658427459,FITTED_RESPONSE_VS_FINITE_STEP
309,X_BASE,40,B5_WORST_GROUP_RANK,16,0.01,exact,0,8,per_prompt,actual_d,13,13,0.001979839135555029,0.2150988658427459,FITTED_RESPONSE_VS_FINITE_STEP
309,X_BASE,40,B5_WORST_GROUP_RANK,FULL,0.01,exact,0,8,per_prompt,actual_d,13,13,0.001979839135555029,0.2150988658427459,FITTED_RESPONSE_VS_FINITE_STEP
309,X_BASE,40,B6_FULL_Q_RIDGE,FULL,0.01,exact,0,8,per_prompt,actual_d,13,13,0.001979839135555013,0.2150988658427459,FITTED_RESPONSE_VS_FINITE_STEP
309,X_BASE,40,O0_FULL_J_ORACLE,FULL,0.0,exact,0,8,per_prompt,actual_d,737,13,0.0005130545659276871,0.2150988658427459,FULL_J_VS_FINITE_STEP
309,X_BASE,40,O1_JQ_SVD_ORACLE,0,0.0,exact,0,8,per_prompt,actual_d,0,13,0.007889185963255751,0.2150988658427459,LOW_RANK_J_VS_FINITE_STEP
309,X_BASE,40,O1_JQ_SVD_ORACLE,1,0.0,exact,0,8,per_prompt,actual_d,1,13,0.0037855966122619157,0.2150988658427459,LOW_RANK_J_VS_FINITE_STEP
309,X_BASE,40,O1_JQ_SVD_ORACLE,2,0.0,exact,0,8,per_prompt,actual_d,2,13,0.00302423577485166,0.2150988658427459,LOW_RANK_J_VS_FINITE_STEP
309,X_BASE,40,O1_JQ_SVD_ORACLE,4,0.0,exact,0,8,per_prompt,actual_d,4,13,0.0026534224673121377,0.2150988658427459,LOW_RANK_J_VS_FINITE_STEP
309,X_BASE,40,O1_JQ_SVD_ORACLE,8,0.0,exact,0,8,per_prompt,actual_d,8,13,0.001734090356229956,0.2150988658427459,LOW_RANK_J_VS_FINITE_STEP
309,X_BASE,40,O1_JQ_SVD_ORACLE,16,0.0,exact,0,8,per_prompt,actual_d,13,13,0.0017053373994364161,0.2150988658427459,LOW_RANK_J_VS_FINITE_STEP
309,X_BASE,40,O1_JQ_SVD_ORACLE,FULL,0.0,exact,0,8,per_prompt,actual_d,13,13,0.0017053373994364161,0.2150988658427459,LOW_RANK_J_VS_FINITE_STEP
309,X_VALID,8,B5_WORST_GROUP_RANK,0,0.0,exact,0,8,per_prompt,actual_d,0,19,0.005238603767850583,0.09484290237267645,FITTED_RESPONSE_VS_FINITE_STEP
309,X_VALID,8,B5_WORST_GROUP_RANK,1,0.01,exact,0,8,per_prompt,actual_d,1,19,0.0003204572624380956,0.09484290237267645,FITTED_RESPONSE_VS_FINITE_STEP
309,X_VALID,8,B5_WORST_GROUP_RANK,2,0.01,exact,0,8,per_prompt,actual_d,2,19,0.00031405677718748814,0.09484290237267645,FITTED_RESPONSE_VS_FINITE_STEP
309,X_VALID,8,B5_WORST_GROUP_RANK,4,0.01,exact,0,8,per_prompt,actual_d,4,19,0.0003144898690078275,0.09484290237267645,FITTED_RESPONSE_VS_FINITE_STEP
309,X_VALID,8,B5_WORST_GROUP_RANK,8,0.01,exact,0,8,per_prompt,actual_d,8,19,0.000313119340764842,0.09484290237267645,FITTED_RESPONSE_VS_FINITE_STEP
309,X_VALID,8,B5_WORST_GROUP_RANK,16,0.01,exact,0,8,per_prompt,actual_d,16,19,0.00031339993292267614,0.09484290237267645,FITTED_RESPONSE_VS_FINITE_STEP
309,X_VALID,8,B5_WORST_GROUP_RANK,FULL,0.01,exact,0,8,per_prompt,actual_d,19,19,0.00031340042006251263,0.09484290237267645,FITTED_RESPONSE_VS_FINITE_STEP
309,X_VALID,8,B6_FULL_Q_RIDGE,FULL,0.01,exact,0,8,per_prompt,actual_d,19,19,0.00031340042006250445,0.09484290237267645,FITTED_RESPONSE_VS_FINITE_STEP
309,X_VALID,8,O0_FULL_J_ORACLE,FULL,0.0,exact,0,8,per_prompt,actual_d,737,19,8.670319318954228e-05,0.09484290237267645,FULL_J_VS_FINITE_STEP
309,X_VALID,8,O1_JQ_SVD_ORACLE,0,0.0,exact,0,8,per_prompt,actual_d,0,19,0.005238603767850583,0.09484290237267645,LOW_RANK_J_VS_FINITE_STEP
309,X_VALID,8,O1_JQ_SVD_ORACLE,1,0.0,exact,0,8,per_prompt,actual_d,1,19,0.0004359936589600786,0.09484290237267645,LOW_RANK_J_VS_FINITE_STEP
309,X_VALID,8,O1_JQ_SVD_ORACLE,2,0.0,exact,0,8,per_prompt,actual_d,2,19,0.00020799633030697584,0.09484290237267645,LOW_RANK_J_VS_FINITE_STEP
309,X_VALID,8,O1_JQ_SVD_ORACLE,4,0.0,exact,0,8,per_prompt,actual_d,4,19,0.0002015014478209826,0.09484290237267645,LOW_RANK_J_VS_FINITE_STEP
309,X_VALID,8,O1_JQ_SVD_ORACLE,8,0.0,exact,0,8,per_prompt,actual_d,8,19,0.00015132749502187333,0.09484290237267645,LOW_RANK_J_VS_FINITE_STEP
309,X_VALID,8,O1_JQ_SVD_ORACLE,16,0.0,exact,0,8,per_prompt,actual_d,16,19,0.00014333933493767469,0.09484290237267645,LOW_RANK_J_VS_FINITE_STEP
309,X_VALID,8,O1_JQ_SVD_ORACLE,FULL,0.0,exact,0,8,per_prompt,actual_d,19,19,0.00014330059102900464,0.09484290237267645,LOW_RANK_J_VS_FINITE_STEP
309,X_VALID,24,B5_WORST_GROUP_RANK,0,0.0,exact,0,8,per_prompt,actual_d,0,12,0.0017198516114225605,0.01022246633772096,FITTED_RESPONSE_VS_FINITE_STEP
309,X_VALID,24,B5_WORST_GROUP_RANK,1,0.01,exact,0,8,per_prompt,actual_d,1,12,0.0003580324664084894,0.01022246633772096,FITTED_RESPONSE_VS_FINITE_STEP
309,X_VALID,24,B5_WORST_GROUP_RANK,2,0.01,exact,0,8,per_prompt,actual_d,2,12,0.00030717718156615155,0.01022246633772096,FITTED_RESPONSE_VS_FINITE_STEP
309,X_VALID,24,B5_WORST_GROUP_RANK,4,0.01,exact,0,8,per_prompt,actual_d,4,12,0.0002982671096856779,0.01022246633772096,FITTED_RESPONSE_VS_FINITE_STEP
309,X_VALID,24,B5_WORST_GROUP_RANK,8,0.01,exact,0,8,per_prompt,actual_d,8,12,0.0002964531015871716,0.01022246633772096,FITTED_RESPONSE_VS_FINITE_STEP
309,X_VALID,24,B5_WORST_GROUP_RANK,16,0.01,exact,0,8,per_prompt,actual_d,12,12,0.0002964382211677471,0.01022246633772096,FITTED_RESPONSE_VS_FINITE_STEP
309,X_VALID,24,B5_WORST_GROUP_RANK,FULL,0.01,exact,0,8,per_prompt,actual_d,12,12,0.0002964382211677471,0.01022246633772096,FITTED_RESPONSE_VS_FINITE_STEP
309,X_VALID,24,B6_FULL_Q_RIDGE,FULL,0.01,exact,0,8,per_prompt,actual_d,12,12,0.0002964382211677437,0.01022246633772096,FITTED_RESPONSE_VS_FINITE_STEP
309,X_VALID,24,O0_FULL_J_ORACLE,FULL,0.0,exact,0,8,per_prompt,actual_d,737,12,4.002422561639067e-05,0.01022246633772096,FULL_J_VS_FINITE_STEP
309,X_VALID,24,O1_JQ_SVD_ORACLE,0,0.0,exact,0,8,per_prompt,actual_d,0,12,0.0017198516114225605,0.01022246633772096,LOW_RANK_J_VS_FINITE_STEP
309,X_VALID,24,O1_JQ_SVD_ORACLE,1,0.0,exact,0,8,per_prompt,actual_d,1,12,0.0006765273563833827,0.01022246633772096,LOW_RANK_J_VS_FINITE_STEP
309,X_VALID,24,O1_JQ_SVD_ORACLE,2,0.0,exact,0,8,per_prompt,actual_d,2,12,0.0006218819635052334,0.01022246633772096,LOW_RANK_J_VS_FINITE_STEP
309,X_VALID,24,O1_JQ_SVD_ORACLE,4,0.0,exact,0,8,per_prompt,actual_d,4,12,0.0002630114601252623,0.01022246633772096,LOW_RANK_J_VS_FINITE_STEP
309,X_VALID,24,O1_JQ_SVD_ORACLE,8,0.0,exact,0,8,per_prompt,actual_d,8,12,0.0002483867934259819,0.01022246633772096,LOW_RANK_J_VS_FINITE_STEP
309,X_VALID,24,O1_JQ_SVD_ORACLE,16,0.0,exact,0,8,per_prompt,actual_d,12,12,0.0001924909708616057,0.01022246633772096,LOW_RANK_J_VS_FINITE_STEP
309,X_VALID,24,O1_JQ_SVD_ORACLE,FULL,0.0,exact,0,8,per_prompt,actual_d,12,12,0.0001924909708616057,0.01022246633772096,LOW_RANK_J_VS_FINITE_STEP
309,X_VALID,40,B5_WORST_GROUP_RANK,0,0.0,exact,0,8,per_prompt,actual_d,0,10,0.0012383739880439594,0.005300018384016041,FITTED_RESPONSE_VS_FINITE_STEP
309,X_VALID,40,B5_WORST_GROUP_RANK,1,0.01,exact,0,8,per_prompt,actual_d,1,10,0.0004284488087353191,0.005300018384016041,FITTED_RESPONSE_VS_FINITE_STEP
309,X_VALID,40,B5_WORST_GROUP_RANK,2,0.01,exact,0,8,per_prompt,actual_d,2,10,0.00032913161081498196,0.005300018384016041,FITTED_RESPONSE_VS_FINITE_STEP
309,X_VALID,40,B5_WORST_GROUP_RANK,4,0.01,exact,0,8,per_prompt,actual_d,4,10,0.00032973968741776004,0.005300018384016041,FITTED_RESPONSE_VS_FINITE_STEP
309,X_VALID,40,B5_WORST_GROUP_RANK,8,0.01,exact,0,8,per_prompt,actual_d,8,10,0.0003233186033478228,0.005300018384016041,FITTED_RESPONSE_VS_FINITE_STEP
309,X_VALID,40,B5_WORST_GROUP_RANK,16,0.01,exact,0,8,per_prompt,actual_d,10,10,0.0003231575427933831,0.005300018384016041,FITTED_RESPONSE_VS_FINITE_STEP
309,X_VALID,40,B5_WORST_GROUP_RANK,FULL,0.01,exact,0,8,per_prompt,actual_d,10,10,0.0003231575427933831,0.005300018384016041,FITTED_RESPONSE_VS_FINITE_STEP
309,X_VALID,40,B6_FULL_Q_RIDGE,FULL,0.01,exact,0,8,per_prompt,actual_d,10,10,0.0003231575427933838,0.005300018384016041,FITTED_RESPONSE_VS_FINITE_STEP
309,X_VALID,40,O0_FULL_J_ORACLE,FULL,0.0,exact,0,8,per_prompt,actual_d,737,10,1.4899604566196609e-05,0.005300018384016041,FULL_J_VS_FINITE_STEP
309,X_VALID,40,O1_JQ_SVD_ORACLE,0,0.0,exact,0,8,per_prompt,actual_d,0,10,0.0012383739880439594,0.005300018384016041,LOW_RANK_J_VS_FINITE_STEP
309,X_VALID,40,O1_JQ_SVD_ORACLE,1,0.0,exact,0,8,per_prompt,actual_d,1,10,0.0005721903679853368,0.005300018384016041,LOW_RANK_J_VS_FINITE_STEP
309,X_VALID,40,O1_JQ_SVD_ORACLE,2,0.0,exact,0,8,per_prompt,actual_d,2,10,0.0005077891885301855,0.005300018384016041,LOW_RANK_J_VS_FINITE_STEP
309,X_VALID,40,O1_JQ_SVD_ORACLE,4,0.0,exact,0,8,per_prompt,actual_d,4,10,0.000201456901468635,0.005300018384016041,LOW_RANK_J_VS_FINITE_STEP
309,X_VALID,40,O1_JQ_SVD_ORACLE,8,0.0,exact,0,8,per_prompt,actual_d,8,10,0.0001245933412283657,0.005300018384016041,LOW_RANK_J_VS_FINITE_STEP
309,X_VALID,40,O1_JQ_SVD_ORACLE,16,0.0,exact,0,8,per_prompt,actual_d,10,10,0.00010374651140812741,0.005300018384016041,LOW_RANK_J_VS_FINITE_STEP
309,X_VALID,40,O1_JQ_SVD_ORACLE,FULL,0.0,exact,0,8,per_prompt,actual_d,10,10,0.00010374651140812741,0.005300018384016041,LOW_RANK_J_VS_FINITE_STEP
310,X_BASE,8,B5_WORST_GROUP_RANK,0,0.0,exact,0,8,per_prompt,actual_d,0,20,0.0019399080507551002,0.013005768656048666,FITTED_RESPONSE_VS_FINITE_STEP
310,X_BASE,8,B5_WORST_GROUP_RANK,1,0.01,exact,0,8,per_prompt,actual_d,1,20,0.001545870979940939,0.013005768656048666,FITTED_RESPONSE_VS_FINITE_STEP
310,X_BASE,8,B5_WORST_GROUP_RANK,2,0.01,exact,0,8,per_prompt,actual_d,2,20,0.0004672798632944855,0.013005768656048666,FITTED_RESPONSE_VS_FINITE_STEP
310,X_BASE,8,B5_WORST_GROUP_RANK,4,0.01,exact,0,8,per_prompt,actual_d,4,20,0.00046487238788540063,0.013005768656048666,FITTED_RESPONSE_VS_FINITE_STEP
310,X_BASE,8,B5_WORST_GROUP_RANK,8,0.01,exact,0,8,per_prompt,actual_d,8,20,0.0004663298936753864,0.013005768656048666,FITTED_RESPONSE_VS_FINITE_STEP
310,X_BASE,8,B5_WORST_GROUP_RANK,16,0.01,exact,0,8,per_prompt,actual_d,16,20,0.00046789783620313267,0.013005768656048666,FITTED_RESPONSE_VS_FINITE_STEP
310,X_BASE,8,B5_WORST_GROUP_RANK,FULL,0.01,exact,0,8,per_prompt,actual_d,20,20,0.00046795177086490184,0.013005768656048666,FITTED_RESPONSE_VS_FINITE_STEP
310,X_BASE,8,B6_FULL_Q_RIDGE,FULL,0.01,exact,0,8,per_prompt,actual_d,20,20,0.00046795177086490704,0.013005768656048666,FITTED_RESPONSE_VS_FINITE_STEP
310,X_BASE,8,O0_FULL_J_ORACLE,FULL,0.0,exact,0,8,per_prompt,actual_d,737,20,2.7579933697812746e-05,0.013005768656048666,FULL_J_VS_FINITE_STEP
310,X_BASE,8,O1_JQ_SVD_ORACLE,0,0.0,exact,0,8,per_prompt,actual_d,0,20,0.0019399080507551002,0.013005768656048666,LOW_RANK_J_VS_FINITE_STEP
310,X_BASE,8,O1_JQ_SVD_ORACLE,1,0.0,exact,0,8,per_prompt,actual_d,1,20,0.0015947686883908947,0.013005768656048666,LOW_RANK_J_VS_FINITE_STEP
310,X_BASE,8,O1_JQ_SVD_ORACLE,2,0.0,exact,0,8,per_prompt,actual_d,2,20,0.00035530917071140725,0.013005768656048666,LOW_RANK_J_VS_FINITE_STEP
310,X_BASE,8,O1_JQ_SVD_ORACLE,4,0.0,exact,0,8,per_prompt,actual_d,4,20,0.0003495942590620487,0.013005768656048666,LOW_RANK_J_VS_FINITE_STEP
310,X_BASE,8,O1_JQ_SVD_ORACLE,8,0.0,exact,0,8,per_prompt,actual_d,8,20,0.00034554746682519344,0.013005768656048666,LOW_RANK_J_VS_FINITE_STEP
310,X_BASE,8,O1_JQ_SVD_ORACLE,16,0.0,exact,0,8,per_prompt,actual_d,16,20,0.000345024377558576,0.013005768656048666,LOW_RANK_J_VS_FINITE_STEP
310,X_BASE,8,O1_JQ_SVD_ORACLE,FULL,0.0,exact,0,8,per_prompt,actual_d,20,20,0.00034496755701660787,0.013005768656048666,LOW_RANK_J_VS_FINITE_STEP
310,X_BASE,24,B5_WORST_GROUP_RANK,0,0.0,exact,0,8,per_prompt,actual_d,0,21,0.006187490604340138,0.1323130981667241,FITTED_RESPONSE_VS_FINITE_STEP
310,X_BASE,24,B5_WORST_GROUP_RANK,1,0.01,exact,0,8,per_prompt,actual_d,1,21,0.0012765483783854991,0.1323130981667241,FITTED_RESPONSE_VS_FINITE_STEP
310,X_BASE,24,B5_WORST_GROUP_RANK,2,0.01,exact,0,8,per_prompt,actual_d,2,21,0.000693065796251498,0.1323130981667241,FITTED_RESPONSE_VS_FINITE_STEP
310,X_BASE,24,B5_WORST_GROUP_RANK,4,0.01,exact,0,8,per_prompt,actual_d,4,21,0.0006886854315707548,0.1323130981667241,FITTED_RESPONSE_VS_FINITE_STEP
310,X_BASE,24,B5_WORST_GROUP_RANK,8,0.01,exact,0,8,per_prompt,actual_d,8,21,0.0006920277657025391,0.1323130981667241,FITTED_RESPONSE_VS_FINITE_STEP
310,X_BASE,24,B5_WORST_GROUP_RANK,16,0.01,exact,0,8,per_prompt,actual_d,16,21,0.0006922319125880123,0.1323130981667241,FITTED_RESPONSE_VS_FINITE_STEP
310,X_BASE,24,B5_WORST_GROUP_RANK,FULL,0.01,exact,0,8,per_prompt,actual_d,21,21,0.0006922346439341377,0.1323130981667241,FITTED_RESPONSE_VS_FINITE_STEP
310,X_BASE,24,B6_FULL_Q_RIDGE,FULL,0.01,exact,0,8,per_prompt,actual_d,21,21,0.0006922346439341365,0.1323130981667241,FITTED_RESPONSE_VS_FINITE_STEP
310,X_BASE,24,O0_FULL_J_ORACLE,FULL,0.0,exact,0,8,per_prompt,actual_d,737,21,0.00014400640550750945,0.1323130981667241,FULL_J_VS_FINITE_STEP
310,X_BASE,24,O1_JQ_SVD_ORACLE,0,0.0,exact,0,8,per_prompt,actual_d,0,21,0.006187490604340138,0.1323130981667241,LOW_RANK_J_VS_FINITE_STEP
310,X_BASE,24,O1_JQ_SVD_ORACLE,1,0.0,exact,0,8,per_prompt,actual_d,1,21,0.004168863784820626,0.1323130981667241,LOW_RANK_J_VS_FINITE_STEP
310,X_BASE,24,O1_JQ_SVD_ORACLE,2,0.0,exact,0,8,per_prompt,actual_d,2,21,0.0006178567483792646,0.1323130981667241,LOW_RANK_J_VS_FINITE_STEP
310,X_BASE,24,O1_JQ_SVD_ORACLE,4,0.0,exact,0,8,per_prompt,actual_d,4,21,0.0005859085044472816,0.1323130981667241,LOW_RANK_J_VS_FINITE_STEP
310,X_BASE,24,O1_JQ_SVD_ORACLE,8,0.0,exact,0,8,per_prompt,actual_d,8,21,0.000562668134090994,0.1323130981667241,LOW_RANK_J_VS_FINITE_STEP
310,X_BASE,24,O1_JQ_SVD_ORACLE,16,0.0,exact,0,8,per_prompt,actual_d,16,21,0.0005617055575128246,0.1323130981667241,LOW_RANK_J_VS_FINITE_STEP
310,X_BASE,24,O1_JQ_SVD_ORACLE,FULL,0.0,exact,0,8,per_prompt,actual_d,21,21,0.0005616307358240087,0.1323130981667241,LOW_RANK_J_VS_FINITE_STEP
310,X_BASE,40,B5_WORST_GROUP_RANK,0,0.0,exact,0,8,per_prompt,actual_d,0,11,0.005962360276810552,0.12285990168360791,FITTED_RESPONSE_VS_FINITE_STEP
310,X_BASE,40,B5_WORST_GROUP_RANK,1,0.01,exact,0,8,per_prompt,actual_d,1,11,0.002176108576744883,0.12285990168360791,FITTED_RESPONSE_VS_FINITE_STEP
310,X_BASE,40,B5_WORST_GROUP_RANK,2,0.01,exact,0,8,per_prompt,actual_d,2,11,0.0021484346714275493,0.12285990168360791,FITTED_RESPONSE_VS_FINITE_STEP
310,X_BASE,40,B5_WORST_GROUP_RANK,4,0.01,exact,0,8,per_prompt,actual_d,4,11,0.002083387976068083,0.12285990168360791,FITTED_RESPONSE_VS_FINITE_STEP
310,X_BASE,40,B5_WORST_GROUP_RANK,8,0.01,exact,0,8,per_prompt,actual_d,8,11,0.002042035275368604,0.12285990168360791,FITTED_RESPONSE_VS_FINITE_STEP
310,X_BASE,40,B5_WORST_GROUP_RANK,16,0.01,exact,0,8,per_prompt,actual_d,11,11,0.0020414444667223026,0.12285990168360791,FITTED_RESPONSE_VS_FINITE_STEP
310,X_BASE,40,B5_WORST_GROUP_RANK,FULL,0.01,exact,0,8,per_prompt,actual_d,11,11,0.0020414444667223026,0.12285990168360791,FITTED_RESPONSE_VS_FINITE_STEP
310,X_BASE,40,B6_FULL_Q_RIDGE,FULL,0.01,exact,0,8,per_prompt,actual_d,11,11,0.0020414444667223052,0.12285990168360791,FITTED_RESPONSE_VS_FINITE_STEP
310,X_BASE,40,O0_FULL_J_ORACLE,FULL,0.0,exact,0,8,per_prompt,actual_d,737,11,0.00019806354130179915,0.12285990168360791,FULL_J_VS_FINITE_STEP
310,X_BASE,40,O1_JQ_SVD_ORACLE,0,0.0,exact,0,8,per_prompt,actual_d,0,11,0.005962360276810552,0.12285990168360791,LOW_RANK_J_VS_FINITE_STEP
310,X_BASE,40,O1_JQ_SVD_ORACLE,1,0.0,exact,0,8,per_prompt,actual_d,1,11,0.0030556238939435723,0.12285990168360791,LOW_RANK_J_VS_FINITE_STEP
310,X_BASE,40,O1_JQ_SVD_ORACLE,2,0.0,exact,0,8,per_prompt,actual_d,2,11,0.002165812063591131,0.12285990168360791,LOW_RANK_J_VS_FINITE_STEP
310,X_BASE,40,O1_JQ_SVD_ORACLE,4,0.0,exact,0,8,per_prompt,actual_d,4,11,0.001844932163593056,0.12285990168360791,LOW_RANK_J_VS_FINITE_STEP
310,X_BASE,40,O1_JQ_SVD_ORACLE,8,0.0,exact,0,8,per_prompt,actual_d,8,11,0.0012256273556457305,0.12285990168360791,LOW_RANK_J_VS_FINITE_STEP
310,X_BASE,40,O1_JQ_SVD_ORACLE,16,0.0,exact,0,8,per_prompt,actual_d,11,11,0.0012208663446554855,0.12285990168360791,LOW_RANK_J_VS_FINITE_STEP
310,X_BASE,40,O1_JQ_SVD_ORACLE,FULL,0.0,exact,0,8,per_prompt,actual_d,11,11,0.0012208663446554855,0.12285990168360791,LOW_RANK_J_VS_FINITE_STEP
310,X_VALID,8,B5_WORST_GROUP_RANK,0,0.0,exact,0,8,per_prompt,actual_d,0,20,0.005071724902114914,0.08889659187632361,FITTED_RESPONSE_VS_FINITE_STEP
310,X_VALID,8,B5_WORST_GROUP_RANK,1,0.01,exact,0,8,per_prompt,actual_d,1,20,0.00024327137304256652,0.08889659187632361,FITTED_RESPONSE_VS_FINITE_STEP
310,X_VALID,8,B5_WORST_GROUP_RANK,2,0.01,exact,0,8,per_prompt,actual_d,2,20,0.00023185369271746446,0.08889659187632361,FITTED_RESPONSE_VS_FINITE_STEP
310,X_VALID,8,B5_WORST_GROUP_RANK,4,0.01,exact,0,8,per_prompt,actual_d,4,20,0.00023156246275512677,0.08889659187632361,FITTED_RESPONSE_VS_FINITE_STEP
310,X_VALID,8,B5_WORST_GROUP_RANK,8,0.01,exact,0,8,per_prompt,actual_d,8,20,0.00023157721307736707,0.08889659187632361,FITTED_RESPONSE_VS_FINITE_STEP
310,X_VALID,8,B5_WORST_GROUP_RANK,16,0.01,exact,0,8,per_prompt,actual_d,16,20,0.00023181181345630067,0.08889659187632361,FITTED_RESPONSE_VS_FINITE_STEP
310,X_VALID,8,B5_WORST_GROUP_RANK,FULL,0.01,exact,0,8,per_prompt,actual_d,20,20,0.0002318535722706328,0.08889659187632361,FITTED_RESPONSE_VS_FINITE_STEP
310,X_VALID,8,B6_FULL_Q_RIDGE,FULL,0.01,exact,0,8,per_prompt,actual_d,20,20,0.00023185357227063205,0.08889659187632361,FITTED_RESPONSE_VS_FINITE_STEP
310,X_VALID,8,O0_FULL_J_ORACLE,FULL,0.0,exact,0,8,per_prompt,actual_d,737,20,6.971352079213789e-05,0.08889659187632361,FULL_J_VS_FINITE_STEP
310,X_VALID,8,O1_JQ_SVD_ORACLE,0,0.0,exact,0,8,per_prompt,actual_d,0,20,0.005071724902114914,0.08889659187632361,LOW_RANK_J_VS_FINITE_STEP
310,X_VALID,8,O1_JQ_SVD_ORACLE,1,0.0,exact,0,8,per_prompt,actual_d,1,20,0.00030301643131772934,0.08889659187632361,LOW_RANK_J_VS_FINITE_STEP
310,X_VALID,8,O1_JQ_SVD_ORACLE,2,0.0,exact,0,8,per_prompt,actual_d,2,20,0.00016513898325721364,0.08889659187632361,LOW_RANK_J_VS_FINITE_STEP
310,X_VALID,8,O1_JQ_SVD_ORACLE,4,0.0,exact,0,8,per_prompt,actual_d,4,20,0.000149892462108783,0.08889659187632361,LOW_RANK_J_VS_FINITE_STEP
310,X_VALID,8,O1_JQ_SVD_ORACLE,8,0.0,exact,0,8,per_prompt,actual_d,8,20,0.00014495334592451502,0.08889659187632361,LOW_RANK_J_VS_FINITE_STEP
310,X_VALID,8,O1_JQ_SVD_ORACLE,16,0.0,exact,0,8,per_prompt,actual_d,16,20,0.00013376163232592717,0.08889659187632361,LOW_RANK_J_VS_FINITE_STEP
310,X_VALID,8,O1_JQ_SVD_ORACLE,FULL,0.0,exact,0,8,per_prompt,actual_d,20,20,0.000133448689294733,0.08889659187632361,LOW_RANK_J_VS_FINITE_STEP
310,X_VALID,24,B5_WORST_GROUP_RANK,0,0.0,exact,0,8,per_prompt,actual_d,0,9,0.0016743079692331524,0.009688229599694894,FITTED_RESPONSE_VS_FINITE_STEP
310,X_VALID,24,B5_WORST_GROUP_RANK,1,0.01,exact,0,8,per_prompt,actual_d,1,9,0.0003047038989138531,0.009688229599694894,FITTED_RESPONSE_VS_FINITE_STEP
310,X_VALID,24,B5_WORST_GROUP_RANK,2,0.01,exact,0,8,per_prompt,actual_d,2,9,0.00023771957237861662,0.009688229599694894,FITTED_RESPONSE_VS_FINITE_STEP
310,X_VALID,24,B5_WORST_GROUP_RANK,4,0.01,exact,0,8,per_prompt,actual_d,4,9,0.00024366789915671987,0.009688229599694894,FITTED_RESPONSE_VS_FINITE_STEP
310,X_VALID,24,B5_WORST_GROUP_RANK,8,0.01,exact,0,8,per_prompt,actual_d,8,9,0.00024337737330455938,0.009688229599694894,FITTED_RESPONSE_VS_FINITE_STEP
310,X_VALID,24,B5_WORST_GROUP_RANK,16,0.01,exact,0,8,per_prompt,actual_d,9,9,0.00024337677626840024,0.009688229599694894,FITTED_RESPONSE_VS_FINITE_STEP
310,X_VALID,24,B5_WORST_GROUP_RANK,FULL,0.01,exact,0,8,per_prompt,actual_d,9,9,0.00024337677626840024,0.009688229599694894,FITTED_RESPONSE_VS_FINITE_STEP
310,X_VALID,24,B6_FULL_Q_RIDGE,FULL,0.01,exact,0,8,per_prompt,actual_d,9,9,0.0002433767762684002,0.009688229599694894,FITTED_RESPONSE_VS_FINITE_STEP
310,X_VALID,24,O0_FULL_J_ORACLE,FULL,0.0,exact,0,8,per_prompt,actual_d,737,9,4.380701192872752e-05,0.009688229599694894,FULL_J_VS_FINITE_STEP
310,X_VALID,24,O1_JQ_SVD_ORACLE,0,0.0,exact,0,8,per_prompt,actual_d,0,9,0.0016743079692331524,0.009688229599694894,LOW_RANK_J_VS_FINITE_STEP
310,X_VALID,24,O1_JQ_SVD_ORACLE,1,0.0,exact,0,8,per_prompt,actual_d,1,9,0.00034050864789900837,0.009688229599694894,LOW_RANK_J_VS_FINITE_STEP
310,X_VALID,24,O1_JQ_SVD_ORACLE,2,0.0,exact,0,8,per_prompt,actual_d,2,9,0.00031944204688004734,0.009688229599694894,LOW_RANK_J_VS_FINITE_STEP
310,X_VALID,24,O1_JQ_SVD_ORACLE,4,0.0,exact,0,8,per_prompt,actual_d,4,9,0.0001588703736562361,0.009688229599694894,LOW_RANK_J_VS_FINITE_STEP
310,X_VALID,24,O1_JQ_SVD_ORACLE,8,0.0,exact,0,8,per_prompt,actual_d,8,9,0.0001553651167666881,0.009688229599694894,LOW_RANK_J_VS_FINITE_STEP
310,X_VALID,24,O1_JQ_SVD_ORACLE,16,0.0,exact,0,8,per_prompt,actual_d,9,9,0.00015438801450251452,0.009688229599694894,LOW_RANK_J_VS_FINITE_STEP
310,X_VALID,24,O1_JQ_SVD_ORACLE,FULL,0.0,exact,0,8,per_prompt,actual_d,9,9,0.00015438801450251452,0.009688229599694894,LOW_RANK_J_VS_FINITE_STEP
310,X_VALID,40,B5_WORST_GROUP_RANK,0,0.0,exact,0,8,per_prompt,actual_d,0,8,0.0016966160902760412,0.009948117281299983,FITTED_RESPONSE_VS_FINITE_STEP
310,X_VALID,40,B5_WORST_GROUP_RANK,1,0.01,exact,0,8,per_prompt,actual_d,1,8,0.00016318686966910445,0.009948117281299983,FITTED_RESPONSE_VS_FINITE_STEP
310,X_VALID,40,B5_WORST_GROUP_RANK,2,0.01,exact,0,8,per_prompt,actual_d,2,8,0.0001700859059483529,0.009948117281299983,FITTED_RESPONSE_VS_FINITE_STEP
310,X_VALID,40,B5_WORST_GROUP_RANK,4,0.01,exact,0,8,per_prompt,actual_d,4,8,0.000164036782325748,0.009948117281299983,FITTED_RESPONSE_VS_FINITE_STEP
310,X_VALID,40,B5_WORST_GROUP_RANK,8,0.01,exact,0,8,per_prompt,actual_d,8,8,0.00015734845078716348,0.009948117281299983,FITTED_RESPONSE_VS_FINITE_STEP
310,X_VALID,40,B5_WORST_GROUP_RANK,16,0.01,exact,0,8,per_prompt,actual_d,8,8,0.00015734845078716348,0.009948117281299983,FITTED_RESPONSE_VS_FINITE_STEP
310,X_VALID,40,B5_WORST_GROUP_RANK,FULL,0.01,exact,0,8,per_prompt,actual_d,8,8,0.00015734845078716348,0.009948117281299983,FITTED_RESPONSE_VS_FINITE_STEP
310,X_VALID,40,B6_FULL_Q_RIDGE,FULL,0.01,exact,0,8,per_prompt,actual_d,8,8,0.00015734845078716473,0.009948117281299983,FITTED_RESPONSE_VS_FINITE_STEP
310,X_VALID,40,O0_FULL_J_ORACLE,FULL,0.0,exact,0,8,per_prompt,actual_d,737,8,1.4928226754633808e-05,0.009948117281299983,FULL_J_VS_FINITE_STEP
310,X_VALID,40,O1_JQ_SVD_ORACLE,0,0.0,exact,0,8,per_prompt,actual_d,0,8,0.0016966160902760412,0.009948117281299983,LOW_RANK_J_VS_FINITE_STEP
310,X_VALID,40,O1_JQ_SVD_ORACLE,1,0.0,exact,0,8,per_prompt,actual_d,1,8,0.0003437021079821431,0.009948117281299983,LOW_RANK_J_VS_FINITE_STEP
310,X_VALID,40,O1_JQ_SVD_ORACLE,2,0.0,exact,0,8,per_prompt,actual_d,2,8,0.0003103801423886046,0.009948117281299983,LOW_RANK_J_VS_FINITE_STEP
310,X_VALID,40,O1_JQ_SVD_ORACLE,4,0.0,exact,0,8,per_prompt,actual_d,4,8,0.00027466328960594895,0.009948117281299983,LOW_RANK_J_VS_FINITE_STEP
310,X_VALID,40,O1_JQ_SVD_ORACLE,8,0.0,exact,0,8,per_prompt,actual_d,8,8,0.00013312588547629997,0.009948117281299983,LOW_RANK_J_VS_FINITE_STEP
310,X_VALID,40,O1_JQ_SVD_ORACLE,16,0.0,exact,0,8,per_prompt,actual_d,8,8,0.00013312588547629997,0.009948117281299983,LOW_RANK_J_VS_FINITE_STEP
310,X_VALID,40,O1_JQ_SVD_ORACLE,FULL,0.0,exact,0,8,per_prompt,actual_d,8,8,0.00013312588547629997,0.009948117281299983,LOW_RANK_J_VS_FINITE_STEP
