seed,arm,anchor,method,rank_cap,alpha,n,noise,r,k,selection_source,branch,group,pred_delta_pX,true_delta_pX,pred_delta_v,true_delta_v,source_frozen_record
301,X_BASE,8,B5_EXACT_SELECTED_DIAGNOSTIC,1,0.01,64,0,1,23,EXACT_MODEL_SELECTION_FROZEN_BEFORE_LOCKED_TEST,0,0,-0.001039074561102022,0.0013936138308733095,0.010084179765850807,0.0004040468633587392,83
301,X_BASE,8,B5_EXACT_SELECTED_DIAGNOSTIC,1,0.01,64,0,1,23,EXACT_MODEL_SELECTION_FROZEN_BEFORE_LOCKED_TEST,0,1,-0.00669455795629972,0.0013751831977374454,-0.0024861357995815702,0.0004215512776945818,83
301,X_BASE,8,B5_EXACT_SELECTED_DIAGNOSTIC,1,0.01,64,0,1,23,EXACT_MODEL_SELECTION_FROZEN_BEFORE_LOCKED_TEST,0,2,-0.0009966938371965394,0.001274874371020987,0.0003460668855559148,0.0005182816526978912,83
301,X_BASE,8,B5_EXACT_SELECTED_DIAGNOSTIC,1,0.01,64,0,1,23,EXACT_MODEL_SELECTION_FROZEN_BEFORE_LOCKED_TEST,0,3,0.002974153466054993,0.001252305965580236,0.0030426938435666098,0.0005816937973278855,83
301,X_BASE,8,B5_EXACT_SELECTED_DIAGNOSTIC,1,0.01,64,0,1,23,EXACT_MODEL_SELECTION_FROZEN_BEFORE_LOCKED_TEST,0,4,0.004320196551462435,0.0011312137414881847,-0.008345019312823053,0.00047842547115076184,83
301,X_BASE,8,B5_EXACT_SELECTED_DIAGNOSTIC,1,0.01,64,0,1,23,EXACT_MODEL_SELECTION_FROZEN_BEFORE_LOCKED_TEST,0,5,-0.0008861215397152671,0.001128895199230117,0.0002920004588751019,0.0005254560067175507,83
301,X_BASE,8,B5_EXACT_SELECTED_DIAGNOSTIC,1,0.01,64,0,1,23,EXACT_MODEL_SELECTION_FROZEN_BEFORE_LOCKED_TEST,1,0,-0.0010157472775754095,0.001146435231421928,0.009857789351401785,0.0011099273840236266,83
301,X_BASE,8,B5_EXACT_SELECTED_DIAGNOSTIC,1,0.01,64,0,1,23,EXACT_MODEL_SELECTION_FROZEN_BEFORE_LOCKED_TEST,1,1,-0.006544264745996974,0.0011158867743466087,-0.002430321908207895,0.0012028740844992544,83
301,X_BASE,8,B5_EXACT_SELECTED_DIAGNOSTIC,1,0.01,64,0,1,23,EXACT_MODEL_SELECTION_FROZEN_BEFORE_LOCKED_TEST,1,2,-0.0009743180033537287,0.001032169323385932,0.00033829766411527773,0.0012259899818410913,83
301,X_BASE,8,B5_EXACT_SELECTED_DIAGNOSTIC,1,0.01,64,0,1,23,EXACT_MODEL_SELECTION_FROZEN_BEFORE_LOCKED_TEST,1,3,0.0029073835500628836,0.000999733956762577,0.002974385192166006,0.001379922758579219,83
301,X_BASE,8,B5_EXACT_SELECTED_DIAGNOSTIC,1,0.01,64,0,1,23,EXACT_MODEL_SELECTION_FROZEN_BEFORE_LOCKED_TEST,1,4,0.004223207890956906,0.0009332842431051565,-0.00815767315035054,0.0011910367210833616,83
301,X_BASE,8,B5_EXACT_SELECTED_DIAGNOSTIC,1,0.01,64,0,1,23,EXACT_MODEL_SELECTION_FROZEN_BEFORE_LOCKED_TEST,1,5,-0.0008662280602963765,0.0009226182760967762,0.0002854450318161852,0.0013134537079049768,83
301,X_BASE,8,B5_EXACT_SELECTED_DIAGNOSTIC,1,0.01,64,0,1,23,EXACT_MODEL_SELECTION_FROZEN_BEFORE_LOCKED_TEST,2,0,-0.0010157472775754095,0.001146435231421928,0.009857789351401785,0.0011099273840236266,83
301,X_BASE,8,B5_EXACT_SELECTED_DIAGNOSTIC,1,0.01,64,0,1,23,EXACT_MODEL_SELECTION_FROZEN_BEFORE_LOCKED_TEST,2,1,-0.006544264745996974,0.0011158867743466087,-0.002430321908207895,0.0012028740844992544,83
301,X_BASE,8,B5_EXACT_SELECTED_DIAGNOSTIC,1,0.01,64,0,1,23,EXACT_MODEL_SELECTION_FROZEN_BEFORE_LOCKED_TEST,2,2,-0.0009743180033537287,0.001032169323385932,0.00033829766411527773,0.0012259899818410913,83
301,X_BASE,8,B5_EXACT_SELECTED_DIAGNOSTIC,1,0.01,64,0,1,23,EXACT_MODEL_SELECTION_FROZEN_BEFORE_LOCKED_TEST,2,3,0.0029073835500628836,0.000999733956762577,0.002974385192166006,0.001379922758579219,83
301,X_BASE,8,B5_EXACT_SELECTED_DIAGNOSTIC,1,0.01,64,0,1,23,EXACT_MODEL_SELECTION_FROZEN_BEFORE_LOCKED_TEST,2,4,0.004223207890956906,0.0009332842431051565,-0.00815767315035054,0.0011910367210833616,83
301,X_BASE,8,B5_EXACT_SELECTED_DIAGNOSTIC,1,0.01,64,0,1,23,EXACT_MODEL_SELECTION_FROZEN_BEFORE_LOCKED_TEST,2,5,-0.0008662280602963765,0.0009226182760967762,0.0002854450318161852,0.0013134537079049768,83
301,X_BASE,8,B5_EXACT_SELECTED_DIAGNOSTIC,1,0.01,64,0,1,23,EXACT_MODEL_SELECTION_FROZEN_BEFORE_LOCKED_TEST,3,0,-0.0014929395568542628,0.0013784062396472198,0.014488922580205331,-0.00015159358960332067,83
301,X_BASE,8,B5_EXACT_SELECTED_DIAGNOSTIC,1,0.01,64,0,1,23,EXACT_MODEL_SELECTION_FROZEN_BEFORE_LOCKED_TEST,3,1,-0.009618723008686922,0.0013718836837751738,-0.0035720732831437296,-0.0001427074083828056,83
301,X_BASE,8,B5_EXACT_SELECTED_DIAGNOSTIC,1,0.01,64,0,1,23,EXACT_MODEL_SELECTION_FROZEN_BEFORE_LOCKED_TEST,3,2,-0.0014320470458303108,0.0012427664138980113,0.0004972279777649699,-4.3552494790379905e-05,83
301,X_BASE,8,B5_EXACT_SELECTED_DIAGNOSTIC,1,0.01,64,0,1,23,EXACT_MODEL_SELECTION_FROZEN_BEFORE_LOCKED_TEST,3,3,0.004273255764167192,0.0012421900116353784,0.004371734395691278,-1.1140363120223465e-05,83
301,X_BASE,8,B5_EXACT_SELECTED_DIAGNOSTIC,1,0.01,64,0,1,23,EXACT_MODEL_SELECTION_FROZEN_BEFORE_LOCKED_TEST,3,4,0.006207246877666912,0.0010980621928964203,-0.011990101481854162,-9.714289120819203e-05,83
301,X_BASE,8,B5_EXACT_SELECTED_DIAGNOSTIC,1,0.01,64,0,1,23,EXACT_MODEL_SELECTION_FROZEN_BEFORE_LOCKED_TEST,3,5,-0.0012731770638465627,0.001102348645788909,0.00041954548017409613,-6.538364830256198e-05,83
301,X_BASE,8,B5_EXACT_SELECTED_DIAGNOSTIC,1,0.01,64,0,1,23,EXACT_MODEL_SELECTION_FROZEN_BEFORE_LOCKED_TEST,4,0,-0.0026752335103895873,0.0007234662773479688,0.025963041194834818,0.0032809396235646687,83
301,X_BASE,8,B5_EXACT_SELECTED_DIAGNOSTIC,1,0.01,64,0,1,23,EXACT_MODEL_SELECTION_FROZEN_BEFORE_LOCKED_TEST,4,1,-0.01723601602077889,0.0007236926059369803,-0.006400882142053327,0.003253978920179805,83
301,X_BASE,8,B5_EXACT_SELECTED_DIAGNOSTIC,1,0.01,64,0,1,23,EXACT_MODEL_SELECTION_FROZEN_BEFORE_LOCKED_TEST,4,2,-0.002566118787509383,0.0006634790599761818,0.0008909945096658376,0.00326609941794459,83
301,X_BASE,8,B5_EXACT_SELECTED_DIAGNOSTIC,1,0.01,64,0,1,23,EXACT_MODEL_SELECTION_FROZEN_BEFORE_LOCKED_TEST,4,3,0.007657347523736017,0.000651134811768739,0.007833813700079859,0.003382364365686281,83
301,X_BASE,8,B5_EXACT_SELECTED_DIAGNOSTIC,1,0.01,64,0,1,23,EXACT_MODEL_SELECTION_FROZEN_BEFORE_LOCKED_TEST,4,4,0.011122911693347731,0.0006094627390207495,-0.021485344888854938,0.0033259194060787,83
301,X_BASE,8,B5_EXACT_SELECTED_DIAGNOSTIC,1,0.01,64,0,1,23,EXACT_MODEL_SELECTION_FROZEN_BEFORE_LOCKED_TEST,4,5,-0.002281435929689308,0.0006121258409768973,0.0007517934149050042,0.003343672893765489,83
301,X_BASE,8,B5_EXACT_SELECTED_DIAGNOSTIC,1,0.01,64,0,1,23,EXACT_MODEL_SELECTION_FROZEN_BEFORE_LOCKED_TEST,5,0,-0.0023009059143194598,0.0012421114953220767,0.02233020587059544,0.0006107936810340562,83
301,X_BASE,8,B5_EXACT_SELECTED_DIAGNOSTIC,1,0.01,64,0,1,23,EXACT_MODEL_SELECTION_FROZEN_BEFORE_LOCKED_TEST,5,1,-0.01482429516806544,0.0012264876559593477,-0.005505249362463142,0.0006612081090496408,83
301,X_BASE,8,B5_EXACT_SELECTED_DIAGNOSTIC,1,0.01,64,0,1,23,EXACT_MODEL_SELECTION_FROZEN_BEFORE_LOCKED_TEST,5,2,-0.002207058887419058,0.001132438003858419,0.0007663235859428757,0.0007168435819076627,83
301,X_BASE,8,B5_EXACT_SELECTED_DIAGNOSTIC,1,0.01,64,0,1,23,EXACT_MODEL_SELECTION_FROZEN_BEFORE_LOCKED_TEST,5,3,0.006585905916974659,0.001119859745308125,0.006737680357317911,0.0008363808478125378,83
301,X_BASE,8,B5_EXACT_SELECTED_DIAGNOSTIC,1,0.01,64,0,1,23,EXACT_MODEL_SELECTION_FROZEN_BEFORE_LOCKED_TEST,5,4,0.009566556788513708,0.0010049118082738479,-0.01847904376719642,0.0006674689465665495,83
301,X_BASE,8,B5_EXACT_SELECTED_DIAGNOSTIC,1,0.01,64,0,1,23,EXACT_MODEL_SELECTION_FROZEN_BEFORE_LOCKED_TEST,5,5,-0.001962209804630695,0.0010047844174505677,0.000646599972669095,0.0007377882709714567,83
301,X_BASE,8,B5_EXACT_SELECTED_DIAGNOSTIC,1,0.01,64,0,1,23,EXACT_MODEL_SELECTION_FROZEN_BEFORE_LOCKED_TEST,6,0,-0.00010962669763668651,0.0013402413857795774,0.0010639230017646208,-0.001272544718531286,83
301,X_BASE,8,B5_EXACT_SELECTED_DIAGNOSTIC,1,0.01,64,0,1,23,EXACT_MODEL_SELECTION_FROZEN_BEFORE_LOCKED_TEST,6,1,-0.000706303771028887,0.0013691310654786563,-0.0002622976904519855,-0.0013412806921087848,83
301,X_BASE,8,B5_EXACT_SELECTED_DIAGNOSTIC,1,0.01,64,0,1,23,EXACT_MODEL_SELECTION_FROZEN_BEFORE_LOCKED_TEST,6,2,-0.00010515535459824025,0.0012407590881189031,3.65114990253169e-05,-0.0011444716036818025,83
301,X_BASE,8,B5_EXACT_SELECTED_DIAGNOSTIC,1,0.01,64,0,1,23,EXACT_MODEL_SELECTION_FROZEN_BEFORE_LOCKED_TEST,6,3,0.000313785588593869,0.0012361441546520635,0.00032101688413574165,-0.0011653527441397328,83
301,X_BASE,8,B5_EXACT_SELECTED_DIAGNOSTIC,1,0.01,64,0,1,23,EXACT_MODEL_SELECTION_FROZEN_BEFORE_LOCKED_TEST,6,4,0.0004557987451602396,0.0010716253234169554,-0.0008804343241825731,-0.0011410000683823585,83
301,X_BASE,8,B5_EXACT_SELECTED_DIAGNOSTIC,1,0.01,64,0,1,23,EXACT_MODEL_SELECTION_FROZEN_BEFORE_LOCKED_TEST,6,5,-9.348951628715975e-05,0.0010818133805473543,3.0807265631567644e-05,-0.0011595392598880612,83
301,X_BASE,8,B5_EXACT_SELECTED_DIAGNOSTIC,1,0.01,64,0,1,23,EXACT_MODEL_SELECTION_FROZEN_BEFORE_LOCKED_TEST,7,0,-0.0009017178775395959,0.0011725401862637795,0.008751138287464934,0.0003820147653794473,83
301,X_BASE,8,B5_EXACT_SELECTED_DIAGNOSTIC,1,0.01,64,0,1,23,EXACT_MODEL_SELECTION_FROZEN_BEFORE_LOCKED_TEST,7,1,-0.00580959520846906,0.001203682962057251,-0.0021574901170675355,0.0002630827434609272,83
301,X_BASE,8,B5_EXACT_SELECTED_DIAGNOSTIC,1,0.01,64,0,1,23,EXACT_MODEL_SELECTION_FROZEN_BEFORE_LOCKED_TEST,7,2,-0.0008649395193358185,0.001108162624298684,0.0003003198319081729,0.0005149862840275488,83
301,X_BASE,8,B5_EXACT_SELECTED_DIAGNOSTIC,1,0.01,64,0,1,23,EXACT_MODEL_SELECTION_FROZEN_BEFORE_LOCKED_TEST,7,3,0.002580996062538405,0.0010943046604762082,0.0026404759940555334,0.0005121573568338464,83
301,X_BASE,8,B5_EXACT_SELECTED_DIAGNOSTIC,1,0.01,64,0,1,23,EXACT_MODEL_SELECTION_FROZEN_BEFORE_LOCKED_TEST,7,4,0.0037491038764407747,0.0009631582812321838,-0.007241879826992425,0.00048177715994839054,83
301,X_BASE,8,B5_EXACT_SELECTED_DIAGNOSTIC,1,0.01,64,0,1,23,EXACT_MODEL_SELECTION_FROZEN_BEFORE_LOCKED_TEST,7,5,-0.000768983924682683,0.0009715193702892576,0.00025340051991860083,0.0004185549825317196,83
301,X_BASE,8,B5_EXACT_SELECTED_DIAGNOSTIC,1,0.01,64,0,1,23,EXACT_MODEL_SELECTION_FROZEN_BEFORE_LOCKED_TEST,8,0,-0.00010962669763668651,0.0013402413857795774,0.0010639230017646208,-0.001272544718531286,83
301,X_BASE,8,B5_EXACT_SELECTED_DIAGNOSTIC,1,0.01,64,0,1,23,EXACT_MODEL_SELECTION_FROZEN_BEFORE_LOCKED_TEST,8,1,-0.000706303771028887,0.0013691310654786563,-0.0002622976904519855,-0.0013412806921087848,83
301,X_BASE,8,B5_EXACT_SELECTED_DIAGNOSTIC,1,0.01,64,0,1,23,EXACT_MODEL_SELECTION_FROZEN_BEFORE_LOCKED_TEST,8,2,-0.00010515535459824025,0.0012407590881189031,3.65114990253169e-05,-0.0011444716036818025,83
301,X_BASE,8,B5_EXACT_SELECTED_DIAGNOSTIC,1,0.01,64,0,1,23,EXACT_MODEL_SELECTION_FROZEN_BEFORE_LOCKED_TEST,8,3,0.000313785588593869,0.0012361441546520635,0.00032101688413574165,-0.0011653527441397328,83
301,X_BASE,8,B5_EXACT_SELECTED_DIAGNOSTIC,1,0.01,64,0,1,23,EXACT_MODEL_SELECTION_FROZEN_BEFORE_LOCKED_TEST,8,4,0.0004557987451602396,0.0010716253234169554,-0.0008804343241825731,-0.0011410000683823585,83
301,X_BASE,8,B5_EXACT_SELECTED_DIAGNOSTIC,1,0.01,64,0,1,23,EXACT_MODEL_SELECTION_FROZEN_BEFORE_LOCKED_TEST,8,5,-9.348951628715975e-05,0.0010818133805473543,3.0807265631567644e-05,-0.0011595392598880612,83
301,X_BASE,8,B5_EXACT_SELECTED_DIAGNOSTIC,1,0.01,64,0,1,23,EXACT_MODEL_SELECTION_FROZEN_BEFORE_LOCKED_TEST,9,0,-9.160961964205396e-05,0.0012670113893059529,0.0008890679334617878,-0.0006847746585340713,83
301,X_BASE,8,B5_EXACT_SELECTED_DIAGNOSTIC,1,0.01,64,0,1,23,EXACT_MODEL_SELECTION_FROZEN_BEFORE_LOCKED_TEST,9,1,-0.0005902231957231869,0.001246945466656266,-0.0002191892319417482,-0.0006574366382827759,83
301,X_BASE,8,B5_EXACT_SELECTED_DIAGNOSTIC,1,0.01,64,0,1,23,EXACT_MODEL_SELECTION_FROZEN_BEFORE_LOCKED_TEST,9,2,-8.787313898659599e-05,0.001182850805622333,3.0510857394934118e-05,-0.0005891786196320706,83
301,X_BASE,8,B5_EXACT_SELECTED_DIAGNOSTIC,1,0.01,64,0,1,23,EXACT_MODEL_SELECTION_FROZEN_BEFORE_LOCKED_TEST,9,3,0.00026221512678881046,0.0011557624211680055,0.0002682579635100777,-0.0005505724964784293,83
301,X_BASE,8,B5_EXACT_SELECTED_DIAGNOSTIC,1,0.01,64,0,1,23,EXACT_MODEL_SELECTION_FROZEN_BEFORE_LOCKED_TEST,9,4,0.00038088851144487567,0.0010368789434947914,-0.0007357355032756429,-0.0005909946835355567,83
301,X_BASE,8,B5_EXACT_SELECTED_DIAGNOSTIC,1,0.01,64,0,1,23,EXACT_MODEL_SELECTION_FROZEN_BEFORE_LOCKED_TEST,9,5,-7.812457377827804e-05,0.0010250280948951081,2.5744111129506177e-05,-0.0005548646538743272,83
301,X_BASE,8,B5_EXACT_SELECTED_DIAGNOSTIC,1,0.01,64,0,1,23,EXACT_MODEL_SELECTION_FROZEN_BEFORE_LOCKED_TEST,10,0,-0.0005108420765576855,0.0007357856594238411,0.004957703253272535,0.0028400384547191703,83
301,X_BASE,8,B5_EXACT_SELECTED_DIAGNOSTIC,1,0.01,64,0,1,23,EXACT_MODEL_SELECTION_FROZEN_BEFORE_LOCKED_TEST,10,1,-0.0032912574477859304,0.0006981624164457667,-0.0012222633697390216,0.0028907871814426236,83
301,X_BASE,8,B5_EXACT_SELECTED_DIAGNOSTIC,1,0.01,64,0,1,23,EXACT_MODEL_SELECTION_FROZEN_BEFORE_LOCKED_TEST,10,2,-0.0004900063658047122,0.0007683048053346055,0.00017013747912155526,0.002918475771214892,83
301,X_BASE,8,B5_EXACT_SELECTED_DIAGNOSTIC,1,0.01,64,0,1,23,EXACT_MODEL_SELECTION_FROZEN_BEFORE_LOCKED_TEST,10,3,0.001462188364027898,0.0007378714330044667,0.0014958849918607917,0.0030020097641641,83
301,X_BASE,8,B5_EXACT_SELECTED_DIAGNOSTIC,1,0.01,64,0,1,23,EXACT_MODEL_SELECTION_FROZEN_BEFORE_LOCKED_TEST,10,4,0.0021239459227505183,0.0006741408131908556,-0.004102676703157163,0.0028791757276320656,83
301,X_BASE,8,B5_EXACT_SELECTED_DIAGNOSTIC,1,0.01,64,0,1,23,EXACT_MODEL_SELECTION_FROZEN_BEFORE_LOCKED_TEST,10,5,-0.00043564551031886537,0.000650166507384979,0.00014355670550663015,0.0029681034015989808,83
301,X_BASE,8,B5_EXACT_SELECTED_DIAGNOSTIC,1,0.01,64,0,1,23,EXACT_MODEL_SELECTION_FROZEN_BEFORE_LOCKED_TEST,11,0,-9.160961964205396e-05,0.0012670113893059529,0.0008890679334617878,-0.0006847746585340713,83
301,X_BASE,8,B5_EXACT_SELECTED_DIAGNOSTIC,1,0.01,64,0,1,23,EXACT_MODEL_SELECTION_FROZEN_BEFORE_LOCKED_TEST,11,1,-0.0005902231957231869,0.001246945466656266,-0.0002191892319417482,-0.0006574366382827759,83
301,X_BASE,8,B5_EXACT_SELECTED_DIAGNOSTIC,1,0.01,64,0,1,23,EXACT_MODEL_SELECTION_FROZEN_BEFORE_LOCKED_TEST,11,2,-8.787313898659599e-05,0.001182850805622333,3.0510857394934118e-05,-0.0005891786196320706,83
301,X_BASE,8,B5_EXACT_SELECTED_DIAGNOSTIC,1,0.01,64,0,1,23,EXACT_MODEL_SELECTION_FROZEN_BEFORE_LOCKED_TEST,11,3,0.00026221512678881046,0.0011557624211680055,0.0002682579635100777,-0.0005505724964784293,83
301,X_BASE,8,B5_EXACT_SELECTED_DIAGNOSTIC,1,0.01,64,0,1,23,EXACT_MODEL_SELECTION_FROZEN_BEFORE_LOCKED_TEST,11,4,0.00038088851144487567,0.0010368789434947914,-0.0007357355032756429,-0.0005909946835355567,83
301,X_BASE,8,B5_EXACT_SELECTED_DIAGNOSTIC,1,0.01,64,0,1,23,EXACT_MODEL_SELECTION_FROZEN_BEFORE_LOCKED_TEST,11,5,-7.812457377827804e-05,0.0010250280948951081,2.5744111129506177e-05,-0.0005548646538743272,83
301,X_BASE,24,B5_EXACT_SELECTED_DIAGNOSTIC,1,0.01,64,0,1,20,EXACT_MODEL_SELECTION_FROZEN_BEFORE_LOCKED_TEST,0,0,-0.00028804309965960607,0.002553804546997862,-0.004505370926430137,0.00541119035656561,320
301,X_BASE,24,B5_EXACT_SELECTED_DIAGNOSTIC,1,0.01,64,0,1,20,EXACT_MODEL_SELECTION_FROZEN_BEFORE_LOCKED_TEST,0,1,-0.0010292468221629186,0.002559452977113579,0.0016394310236615831,0.0053061301032250935,320
301,X_BASE,24,B5_EXACT_SELECTED_DIAGNOSTIC,1,0.01,64,0,1,20,EXACT_MODEL_SELECTION_FROZEN_BEFORE_LOCKED_TEST,0,2,0.012192553781040089,0.0022280350647061534,0.012076616779706376,0.005359230968588047,320
301,X_BASE,24,B5_EXACT_SELECTED_DIAGNOSTIC,1,0.01,64,0,1,20,EXACT_MODEL_SELECTION_FROZEN_BEFORE_LOCKED_TEST,0,3,-0.011770252934466043,0.00218641381252437,0.01606516094486602,0.005276469310907935,320
301,X_BASE,24,B5_EXACT_SELECTED_DIAGNOSTIC,1,0.01,64,0,1,20,EXACT_MODEL_SELECTION_FROZEN_BEFORE_LOCKED_TEST,0,4,0.0141467584912491,0.0021000720758997927,-9.703158514489582e-05,0.005397281052116246,320
301,X_BASE,24,B5_EXACT_SELECTED_DIAGNOSTIC,1,0.01,64,0,1,20,EXACT_MODEL_SELECTION_FROZEN_BEFORE_LOCKED_TEST,0,5,-0.0032623097695786956,0.0021174661710414815,0.017793146427702272,0.005280765935209563,320
301,X_BASE,24,B5_EXACT_SELECTED_DIAGNOSTIC,1,0.01,64,0,1,20,EXACT_MODEL_SELECTION_FROZEN_BEFORE_LOCKED_TEST,1,0,-0.00032683251277207506,0.0019609040891182886,-0.00511208809582851,0.007694419332504025,320
301,X_BASE,24,B5_EXACT_SELECTED_DIAGNOSTIC,1,0.01,64,0,1,20,EXACT_MODEL_SELECTION_FROZEN_BEFORE_LOCKED_TEST,1,1,-0.0011678506638336753,0.0019708048801300193,0.0018602055095678898,0.007669957416830547,320
301,X_BASE,24,B5_EXACT_SELECTED_DIAGNOSTIC,1,0.01,64,0,1,20,EXACT_MODEL_SELECTION_FROZEN_BEFORE_LOCKED_TEST,1,2,0.013834467807335687,0.0016829397074681282,0.013702918113856025,0.00773031966814447,320
301,X_BASE,24,B5_EXACT_SELECTED_DIAGNOSTIC,1,0.01,64,0,1,20,EXACT_MODEL_SELECTION_FROZEN_BEFORE_LOCKED_TEST,1,3,-0.013355297686632657,0.0016689904634078166,0.01822858081274392,0.007745046190146564,320
301,X_BASE,24,B5_EXACT_SELECTED_DIAGNOSTIC,1,0.01,64,0,1,20,EXACT_MODEL_SELECTION_FROZEN_BEFORE_LOCKED_TEST,1,4,0.016051836099314976,0.0016349886223910506,-0.0001100983735720142,0.007704616469379927,320
301,X_BASE,24,B5_EXACT_SELECTED_DIAGNOSTIC,1,0.01,64,0,1,20,EXACT_MODEL_SELECTION_FROZEN_BEFORE_LOCKED_TEST,1,5,-0.0037016297237889447,0.0016495225947732207,0.020189265995122687,0.007667554443537135,320
301,X_BASE,24,B5_EXACT_SELECTED_DIAGNOSTIC,1,0.01,64,0,1,20,EXACT_MODEL_SELECTION_FROZEN_BEFORE_LOCKED_TEST,2,0,-0.00034813121265446327,0.0023585462273561244,-0.005445227627149512,0.006772791307847449,320
301,X_BASE,24,B5_EXACT_SELECTED_DIAGNOSTIC,1,0.01,64,0,1,20,EXACT_MODEL_SELECTION_FROZEN_BEFORE_LOCKED_TEST,2,1,-0.0012439560077771694,0.0023565640664601497,0.001981429553442228,0.006666910714884631,320
301,X_BASE,24,B5_EXACT_SELECTED_DIAGNOSTIC,1,0.01,64,0,1,20,EXACT_MODEL_SELECTION_FROZEN_BEFORE_LOCKED_TEST,2,2,0.014736018804700574,0.002101748037794185,0.01459589641012309,0.006766047145308023,320
301,X_BASE,24,B5_EXACT_SELECTED_DIAGNOSTIC,1,0.01,64,0,1,20,EXACT_MODEL_SELECTION_FROZEN_BEFORE_LOCKED_TEST,2,3,-0.014225622596645034,0.0020551660686314497,0.01941648304658059,0.006683485219678829,320
301,X_BASE,24,B5_EXACT_SELECTED_DIAGNOSTIC,1,0.01,64,0,1,20,EXACT_MODEL_SELECTION_FROZEN_BEFORE_LOCKED_TEST,2,4,0.017097886373630657,0.0019815526030081717,-0.00011727315614293934,0.006786254578962418,320
301,X_BASE,24,B5_EXACT_SELECTED_DIAGNOSTIC,1,0.01,64,0,1,20,EXACT_MODEL_SELECTION_FROZEN_BEFORE_LOCKED_TEST,2,5,-0.003942853890546398,0.001993227105217514,0.021504940233369598,0.006669581938784884,320
301,X_BASE,24,B5_EXACT_SELECTED_DIAGNOSTIC,1,0.01,64,0,1,20,EXACT_MODEL_SELECTION_FROZEN_BEFORE_LOCKED_TEST,3,0,-0.00010814539701816635,0.0024026112579506854,-0.0016915354963499545,0.0037371007807282856,320
301,X_BASE,24,B5_EXACT_SELECTED_DIAGNOSTIC,1,0.01,64,0,1,20,EXACT_MODEL_SELECTION_FROZEN_BEFORE_LOCKED_TEST,3,1,-0.00038642934458083845,0.0024110468564079016,0.0006155221879895782,0.003633084891260707,320
301,X_BASE,24,B5_EXACT_SELECTED_DIAGNOSTIC,1,0.01,64,0,1,20,EXACT_MODEL_SELECTION_FROZEN_BEFORE_LOCKED_TEST,3,2,0.004577678031079862,0.002243667327664145,0.004534149638790144,0.0036753369208531506,320
301,X_BASE,24,B5_EXACT_SELECTED_DIAGNOSTIC,1,0.01,64,0,1,20,EXACT_MODEL_SELECTION_FROZEN_BEFORE_LOCKED_TEST,3,3,-0.004419125742315341,0.0022046792293840428,0.0060316432179642965,0.0035909782162293646,320
301,X_BASE,24,B5_EXACT_SELECTED_DIAGNOSTIC,1,0.01,64,0,1,20,EXACT_MODEL_SELECTION_FROZEN_BEFORE_LOCKED_TEST,3,4,0.0053113815792296785,0.0020082170010681734,-3.6430379034240106e-05,0.0037682935403796115,320
301,X_BASE,24,B5_EXACT_SELECTED_DIAGNOSTIC,1,0.01,64,0,1,20,EXACT_MODEL_SELECTION_FROZEN_BEFORE_LOCKED_TEST,3,5,-0.0012248298454094406,0.0020295097596398077,0.006680413059365782,0.00365354000931086,320
301,X_BASE,24,B5_EXACT_SELECTED_DIAGNOSTIC,1,0.01,64,0,1,20,EXACT_MODEL_SELECTION_FROZEN_BEFORE_LOCKED_TEST,4,0,-0.00010814539701816635,0.0024026112579506854,-0.0016915354963499545,0.0037371007807282856,320
301,X_BASE,24,B5_EXACT_SELECTED_DIAGNOSTIC,1,0.01,64,0,1,20,EXACT_MODEL_SELECTION_FROZEN_BEFORE_LOCKED_TEST,4,1,-0.00038642934458083845,0.0024110468564079016,0.0006155221879895782,0.003633084891260707,320
301,X_BASE,24,B5_EXACT_SELECTED_DIAGNOSTIC,1,0.01,64,0,1,20,EXACT_MODEL_SELECTION_FROZEN_BEFORE_LOCKED_TEST,4,2,0.004577678031079862,0.002243667327664145,0.004534149638790144,0.0036753369208531506,320
301,X_BASE,24,B5_EXACT_SELECTED_DIAGNOSTIC,1,0.01,64,0,1,20,EXACT_MODEL_SELECTION_FROZEN_BEFORE_LOCKED_TEST,4,3,-0.004419125742315341,0.0022046792293840428,0.0060316432179642965,0.0035909782162293646,320
301,X_BASE,24,B5_EXACT_SELECTED_DIAGNOSTIC,1,0.01,64,0,1,20,EXACT_MODEL_SELECTION_FROZEN_BEFORE_LOCKED_TEST,4,4,0.0053113815792296785,0.0020082170010681734,-3.6430379034240106e-05,0.0037682935403796115,320
301,X_BASE,24,B5_EXACT_SELECTED_DIAGNOSTIC,1,0.01,64,0,1,20,EXACT_MODEL_SELECTION_FROZEN_BEFORE_LOCKED_TEST,4,5,-0.0012248298454094406,0.0020295097596398077,0.006680413059365782,0.00365354000931086,320
301,X_BASE,24,B5_EXACT_SELECTED_DIAGNOSTIC,1,0.01,64,0,1,20,EXACT_MODEL_SELECTION_FROZEN_BEFORE_LOCKED_TEST,5,0,-0.00010814539701816635,0.0024026112579506854,-0.0016915354963499545,0.0037371007807282856,320
301,X_BASE,24,B5_EXACT_SELECTED_DIAGNOSTIC,1,0.01,64,0,1,20,EXACT_MODEL_SELECTION_FROZEN_BEFORE_LOCKED_TEST,5,1,-0.00038642934458083845,0.0024110468564079016,0.0006155221879895782,0.003633084891260707,320
301,X_BASE,24,B5_EXACT_SELECTED_DIAGNOSTIC,1,0.01,64,0,1,20,EXACT_MODEL_SELECTION_FROZEN_BEFORE_LOCKED_TEST,5,2,0.004577678031079862,0.002243667327664145,0.004534149638790144,0.0036753369208531506,320
301,X_BASE,24,B5_EXACT_SELECTED_DIAGNOSTIC,1,0.01,64,0,1,20,EXACT_MODEL_SELECTION_FROZEN_BEFORE_LOCKED_TEST,5,3,-0.004419125742315341,0.0022046792293840428,0.0060316432179642965,0.0035909782162293646,320
301,X_BASE,24,B5_EXACT_SELECTED_DIAGNOSTIC,1,0.01,64,0,1,20,EXACT_MODEL_SELECTION_FROZEN_BEFORE_LOCKED_TEST,5,4,0.0053113815792296785,0.0020082170010681734,-3.6430379034240106e-05,0.0037682935403796115,320
301,X_BASE,24,B5_EXACT_SELECTED_DIAGNOSTIC,1,0.01,64,0,1,20,EXACT_MODEL_SELECTION_FROZEN_BEFORE_LOCKED_TEST,5,5,-0.0012248298454094406,0.0020295097596398077,0.006680413059365782,0.00365354000931086,320
301,X_BASE,24,B5_EXACT_SELECTED_DIAGNOSTIC,1,0.01,64,0,1,20,EXACT_MODEL_SELECTION_FROZEN_BEFORE_LOCKED_TEST,6,0,-0.00020588241876553075,0.002582509984879059,-0.0032202703861522737,0.0032830528888770256,320
301,X_BASE,24,B5_EXACT_SELECTED_DIAGNOSTIC,1,0.01,64,0,1,20,EXACT_MODEL_SELECTION_FROZEN_BEFORE_LOCKED_TEST,6,1,-0.0007356670772674448,0.002601033377808331,0.0011718038895900367,0.0031657752035468265,320
301,X_BASE,24,B5_EXACT_SELECTED_DIAGNOSTIC,1,0.01,64,0,1,20,EXACT_MODEL_SELECTION_FROZEN_BEFORE_LOCKED_TEST,6,2,0.00871478076140623,0.0024296286236368952,0.008631913335360565,0.00325201664336316,320
301,X_BASE,24,B5_EXACT_SELECTED_DIAGNOSTIC,1,0.01,64,0,1,20,EXACT_MODEL_SELECTION_FROZEN_BEFORE_LOCKED_TEST,6,3,-0.008412935933871248,0.002401069870474912,0.011482775310692132,0.003159457758941086,320
301,X_BASE,24,B5_EXACT_SELECTED_DIAGNOSTIC,1,0.01,64,0,1,20,EXACT_MODEL_SELECTION_FROZEN_BEFORE_LOCKED_TEST,6,4,0.010111573092054958,0.002168809715414135,-6.9354542670498e-05,0.003308902949630687,320
301,X_BASE,24,B5_EXACT_SELECTED_DIAGNOSTIC,1,0.01,64,0,1,20,EXACT_MODEL_SELECTION_FROZEN_BEFORE_LOCKED_TEST,6,5,-0.0023317768310263534,0.0022048268088232484,0.012717874610826288,0.003172791106786263,320
301,X_BASE,24,B5_EXACT_SELECTED_DIAGNOSTIC,1,0.01,64,0,1,20,EXACT_MODEL_SELECTION_FROZEN_BEFORE_LOCKED_TEST,7,0,-0.00020555015851955998,0.0026943691127472038,-0.003215073401208099,0.004641436067503037,320
301,X_BASE,24,B5_EXACT_SELECTED_DIAGNOSTIC,1,0.01,64,0,1,20,EXACT_MODEL_SELECTION_FROZEN_BEFORE_LOCKED_TEST,7,1,-0.0007344798320159523,0.002730077789905695,0.0011699127915015316,0.004615516529406189,320
301,X_BASE,24,B5_EXACT_SELECTED_DIAGNOSTIC,1,0.01,64,0,1,20,EXACT_MODEL_SELECTION_FROZEN_BEFORE_LOCKED_TEST,7,2,0.008700716543505904,0.002504664880414375,0.008617982851809808,0.004567521773922944,320
301,X_BASE,24,B5_EXACT_SELECTED_DIAGNOSTIC,1,0.01,64,0,1,20,EXACT_MODEL_SELECTION_FROZEN_BEFORE_LOCKED_TEST,7,3,-0.008399358843707438,0.0024852448912087745,0.011464244006406749,0.0045639658409981675,320
301,X_BASE,24,B5_EXACT_SELECTED_DIAGNOSTIC,1,0.01,64,0,1,20,EXACT_MODEL_SELECTION_FROZEN_BEFORE_LOCKED_TEST,7,4,0.010095254681853346,0.0022575673220485235,-6.924261588459248e-05,0.004615275845659846,320
301,X_BASE,24,B5_EXACT_SELECTED_DIAGNOSTIC,1,0.01,64,0,1,20,EXACT_MODEL_SELECTION_FROZEN_BEFORE_LOCKED_TEST,7,5,-0.0023280137280471337,0.0022774982139591904,0.012697350060105764,0.00454989631269626,320
301,X_BASE,24,B5_EXACT_SELECTED_DIAGNOSTIC,1,0.01,64,0,1,20,EXACT_MODEL_SELECTION_FROZEN_BEFORE_LOCKED_TEST,8,0,-0.00020588241876553075,0.002582509984879059,-0.0032202703861522737,0.0032830528888770256,320
301,X_BASE,24,B5_EXACT_SELECTED_DIAGNOSTIC,1,0.01,64,0,1,20,EXACT_MODEL_SELECTION_FROZEN_BEFORE_LOCKED_TEST,8,1,-0.0007356670772674448,0.002601033377808331,0.0011718038895900367,0.0031657752035468265,320
301,X_BASE,24,B5_EXACT_SELECTED_DIAGNOSTIC,1,0.01,64,0,1,20,EXACT_MODEL_SELECTION_FROZEN_BEFORE_LOCKED_TEST,8,2,0.00871478076140623,0.0024296286236368952,0.008631913335360565,0.00325201664336316,320
301,X_BASE,24,B5_EXACT_SELECTED_DIAGNOSTIC,1,0.01,64,0,1,20,EXACT_MODEL_SELECTION_FROZEN_BEFORE_LOCKED_TEST,8,3,-0.008412935933871248,0.002401069870474912,0.011482775310692132,0.003159457758941086,320
301,X_BASE,24,B5_EXACT_SELECTED_DIAGNOSTIC,1,0.01,64,0,1,20,EXACT_MODEL_SELECTION_FROZEN_BEFORE_LOCKED_TEST,8,4,0.010111573092054958,0.002168809715414135,-6.9354542670498e-05,0.003308902949630687,320
301,X_BASE,24,B5_EXACT_SELECTED_DIAGNOSTIC,1,0.01,64,0,1,20,EXACT_MODEL_SELECTION_FROZEN_BEFORE_LOCKED_TEST,8,5,-0.0023317768310263534,0.0022048268088232484,0.012717874610826288,0.003172791106786263,320
301,X_BASE,24,B5_EXACT_SELECTED_DIAGNOSTIC,1,0.01,64,0,1,20,EXACT_MODEL_SELECTION_FROZEN_BEFORE_LOCKED_TEST,9,0,-8.1365229819088e-05,0.0024669906055241318,-0.0012726586447737633,0.003610382126169273,320
301,X_BASE,24,B5_EXACT_SELECTED_DIAGNOSTIC,1,0.01,64,0,1,20,EXACT_MODEL_SELECTION_FROZEN_BEFORE_LOCKED_TEST,9,1,-0.00029073740813377456,0.0024914226423802277,0.0004630997311527505,0.0035524595077782114,320
301,X_BASE,24,B5_EXACT_SELECTED_DIAGNOSTIC,1,0.01,64,0,1,20,EXACT_MODEL_SELECTION_FROZEN_BEFORE_LOCKED_TEST,9,2,0.0034441024334492857,0.0022749303272430557,0.0034113530262626524,0.003536217324595694,320
301,X_BASE,24,B5_EXACT_SELECTED_DIAGNOSTIC,1,0.01,64,0,1,20,EXACT_MODEL_SELECTION_FROZEN_BEFORE_LOCKED_TEST,9,3,-0.00332481262760114,0.002251489679991394,0.004538020573672431,0.0035003628998624818,320
301,X_BASE,24,B5_EXACT_SELECTED_DIAGNOSTIC,1,0.01,64,0,1,20,EXACT_MODEL_SELECTION_FROZEN_BEFORE_LOCKED_TEST,9,4,0.003996118140638956,0.0019992755616909355,-2.740908299610284e-05,0.00361739719881957,320
301,X_BASE,24,B5_EXACT_SELECTED_DIAGNOSTIC,1,0.01,64,0,1,20,EXACT_MODEL_SELECTION_FROZEN_BEFORE_LOCKED_TEST,9,5,-0.0009215238429822136,0.002028640144311203,0.005026134804151036,0.0035545138951207033,320
301,X_BASE,24,B5_EXACT_SELECTED_DIAGNOSTIC,1,0.01,64,0,1,20,EXACT_MODEL_SELECTION_FROZEN_BEFORE_LOCKED_TEST,10,0,-0.00013037496881289487,0.002345674047910619,-0.002039235082242896,0.005987274104392555,320
301,X_BASE,24,B5_EXACT_SELECTED_DIAGNOSTIC,1,0.01,64,0,1,20,EXACT_MODEL_SELECTION_FROZEN_BEFORE_LOCKED_TEST,10,1,-0.0004658609162963411,0.0023578733285104965,0.0007420443983326106,0.00593119398336328,320
301,X_BASE,24,B5_EXACT_SELECTED_DIAGNOSTIC,1,0.01,64,0,1,20,EXACT_MODEL_SELECTION_FROZEN_BEFORE_LOCKED_TEST,10,2,0.005518631832636023,0.0021726888093257513,0.005466156064422848,0.0059676712666105825,320
301,X_BASE,24,B5_EXACT_SELECTED_DIAGNOSTIC,1,0.01,64,0,1,20,EXACT_MODEL_SELECTION_FROZEN_BEFORE_LOCKED_TEST,10,3,-0.005327488702434973,0.0021381054483297058,0.007271463401262578,0.005935241038731249,320
301,X_BASE,24,B5_EXACT_SELECTED_DIAGNOSTIC,1,0.01,64,0,1,20,EXACT_MODEL_SELECTION_FROZEN_BEFORE_LOCKED_TEST,10,4,0.006403150081636257,0.0018862606129841746,-4.3918739598626404e-05,0.0060347067123379386,320
301,X_BASE,24,B5_EXACT_SELECTED_DIAGNOSTIC,1,0.01,64,0,1,20,EXACT_MODEL_SELECTION_FROZEN_BEFORE_LOCKED_TEST,10,5,-0.0014765968529343414,0.0018993629890123366,0.008053589595919364,0.005963747793869851,320
301,X_BASE,24,B5_EXACT_SELECTED_DIAGNOSTIC,1,0.01,64,0,1,20,EXACT_MODEL_SELECTION_FROZEN_BEFORE_LOCKED_TEST,11,0,-8.1365229819088e-05,0.0024669906055241318,-0.0012726586447737633,0.003610382126169273,320
301,X_BASE,24,B5_EXACT_SELECTED_DIAGNOSTIC,1,0.01,64,0,1,20,EXACT_MODEL_SELECTION_FROZEN_BEFORE_LOCKED_TEST,11,1,-0.00029073740813377456,0.0024914226423802277,0.0004630997311527505,0.0035524595077782114,320
301,X_BASE,24,B5_EXACT_SELECTED_DIAGNOSTIC,1,0.01,64,0,1,20,EXACT_MODEL_SELECTION_FROZEN_BEFORE_LOCKED_TEST,11,2,0.0034441024334492857,0.0022749303272430557,0.0034113530262626524,0.003536217324595694,320
301,X_BASE,24,B5_EXACT_SELECTED_DIAGNOSTIC,1,0.01,64,0,1,20,EXACT_MODEL_SELECTION_FROZEN_BEFORE_LOCKED_TEST,11,3,-0.00332481262760114,0.002251489679991394,0.004538020573672431,0.0035003628998624818,320
301,X_BASE,24,B5_EXACT_SELECTED_DIAGNOSTIC,1,0.01,64,0,1,20,EXACT_MODEL_SELECTION_FROZEN_BEFORE_LOCKED_TEST,11,4,0.003996118140638956,0.0019992755616909355,-2.740908299610284e-05,0.00361739719881957,320
301,X_BASE,24,B5_EXACT_SELECTED_DIAGNOSTIC,1,0.01,64,0,1,20,EXACT_MODEL_SELECTION_FROZEN_BEFORE_LOCKED_TEST,11,5,-0.0009215238429822136,0.002028640144311203,0.005026134804151036,0.0035545138951207033,320
301,X_BASE,40,B5_EXACT_SELECTED_DIAGNOSTIC,1,0.01,64,0,1,11,EXACT_MODEL_SELECTION_FROZEN_BEFORE_LOCKED_TEST,0,0,-0.0030039047972028076,0.00046127728552814926,0.006345077915374881,0.0028222353904273413,557
301,X_BASE,40,B5_EXACT_SELECTED_DIAGNOSTIC,1,0.01,64,0,1,11,EXACT_MODEL_SELECTION_FROZEN_BEFORE_LOCKED_TEST,0,1,0.006182564837124728,0.0006206579989387855,-0.0030285703628847326,0.002511721792313783,557
301,X_BASE,40,B5_EXACT_SELECTED_DIAGNOSTIC,1,0.01,64,0,1,11,EXACT_MODEL_SELECTION_FROZEN_BEFORE_LOCKED_TEST,0,2,-0.015505042313543764,0.0005896131735705721,0.017963375148088087,0.0031905424398124458,557
301,X_BASE,40,B5_EXACT_SELECTED_DIAGNOSTIC,1,0.01,64,0,1,11,EXACT_MODEL_SELECTION_FROZEN_BEFORE_LOCKED_TEST,0,3,0.004276878204857063,0.0007739575915082947,0.014070612978189833,0.0030024790269372204,557
301,X_BASE,40,B5_EXACT_SELECTED_DIAGNOSTIC,1,0.01,64,0,1,11,EXACT_MODEL_SELECTION_FROZEN_BEFORE_LOCKED_TEST,0,4,0.007569359277830571,0.0006091789104611349,0.0034779479022596232,0.0030010329096286236,557
301,X_BASE,40,B5_EXACT_SELECTED_DIAGNOSTIC,1,0.01,64,0,1,11,EXACT_MODEL_SELECTION_FROZEN_BEFORE_LOCKED_TEST,0,5,0.012387290710269809,0.0009093926163451458,-0.01684444367479666,0.0027771150837605355,557
301,X_BASE,40,B5_EXACT_SELECTED_DIAGNOSTIC,1,0.01,64,0,1,11,EXACT_MODEL_SELECTION_FROZEN_BEFORE_LOCKED_TEST,1,0,-0.0018832677855323127,0.000296922469047849,0.003977982539874507,0.004369115693444652,557
301,X_BASE,40,B5_EXACT_SELECTED_DIAGNOSTIC,1,0.01,64,0,1,11,EXACT_MODEL_SELECTION_FROZEN_BEFORE_LOCKED_TEST,1,1,0.003876096606178733,0.00040788045420185083,-0.0018987316129159078,0.004365347409191856,557
301,X_BASE,40,B5_EXACT_SELECTED_DIAGNOSTIC,1,0.01,64,0,1,11,EXACT_MODEL_SELECTION_FROZEN_BEFORE_LOCKED_TEST,1,2,-0.009720729741369677,0.0006151781261934074,0.01126195669294443,0.004723556763733708,557
301,X_BASE,40,B5_EXACT_SELECTED_DIAGNOSTIC,1,0.01,64,0,1,11,EXACT_MODEL_SELECTION_FROZEN_BEFORE_LOCKED_TEST,1,3,0.0026813456116694563,0.0007142121581101604,0.008821428751401515,0.0047728028896458505,557
301,X_BASE,40,B5_EXACT_SELECTED_DIAGNOSTIC,1,0.01,64,0,1,11,EXACT_MODEL_SELECTION_FROZEN_BEFORE_LOCKED_TEST,1,4,0.004745533379863644,0.0004761547134540297,0.002180464324363546,0.004474005318180783,557
301,X_BASE,40,B5_EXACT_SELECTED_DIAGNOSTIC,1,0.01,64,0,1,11,EXACT_MODEL_SELECTION_FROZEN_BEFORE_LOCKED_TEST,1,5,0.007766086850155189,0.0006269021704840781,-0.01056045390236658,0.004498337976603535,557
301,X_BASE,40,B5_EXACT_SELECTED_DIAGNOSTIC,1,0.01,64,0,1,11,EXACT_MODEL_SELECTION_FROZEN_BEFORE_LOCKED_TEST,2,0,-0.0030039047972028076,0.00046127728552814926,0.006345077915374881,0.0028222353904273413,557
301,X_BASE,40,B5_EXACT_SELECTED_DIAGNOSTIC,1,0.01,64,0,1,11,EXACT_MODEL_SELECTION_FROZEN_BEFORE_LOCKED_TEST,2,1,0.006182564837124728,0.0006206579989387855,-0.0030285703628847326,0.002511721792313783,557
301,X_BASE,40,B5_EXACT_SELECTED_DIAGNOSTIC,1,0.01,64,0,1,11,EXACT_MODEL_SELECTION_FROZEN_BEFORE_LOCKED_TEST,2,2,-0.015505042313543764,0.0005896131735705721,0.017963375148088087,0.0031905424398124458,557
301,X_BASE,40,B5_EXACT_SELECTED_DIAGNOSTIC,1,0.01,64,0,1,11,EXACT_MODEL_SELECTION_FROZEN_BEFORE_LOCKED_TEST,2,3,0.004276878204857063,0.0007739575915082947,0.014070612978189833,0.0030024790269372204,557
301,X_BASE,40,B5_EXACT_SELECTED_DIAGNOSTIC,1,0.01,64,0,1,11,EXACT_MODEL_SELECTION_FROZEN_BEFORE_LOCKED_TEST,2,4,0.007569359277830571,0.0006091789104611349,0.0034779479022596232,0.0030010329096286236,557
301,X_BASE,40,B5_EXACT_SELECTED_DIAGNOSTIC,1,0.01,64,0,1,11,EXACT_MODEL_SELECTION_FROZEN_BEFORE_LOCKED_TEST,2,5,0.012387290710269809,0.0009093926163451458,-0.01684444367479666,0.0027771150837605355,557
301,X_BASE,40,B5_EXACT_SELECTED_DIAGNOSTIC,1,0.01,64,0,1,11,EXACT_MODEL_SELECTION_FROZEN_BEFORE_LOCKED_TEST,3,0,-0.0026173971809342277,0.0007872291726665597,0.005528666908476918,0.0034635525925670774,557
301,X_BASE,40,B5_EXACT_SELECTED_DIAGNOSTIC,1,0.01,64,0,1,11,EXACT_MODEL_SELECTION_FROZEN_BEFORE_LOCKED_TEST,3,1,0.005387064127565559,0.0009431743073922451,-0.0026388890678083147,0.0031526909283478796,557
301,X_BASE,40,B5_EXACT_SELECTED_DIAGNOSTIC,1,0.01,64,0,1,11,EXACT_MODEL_SELECTION_FROZEN_BEFORE_LOCKED_TEST,3,2,-0.013510033367077914,0.0008064087791437592,0.015652056455468067,0.0038140182901652887,557
301,X_BASE,40,B5_EXACT_SELECTED_DIAGNOSTIC,1,0.01,64,0,1,11,EXACT_MODEL_SELECTION_FROZEN_BEFORE_LOCKED_TEST,3,3,0.0037265791402629907,0.0009837745947663835,0.012260169755521104,0.0036240793970341947,557
301,X_BASE,40,B5_EXACT_SELECTED_DIAGNOSTIC,1,0.01,64,0,1,11,EXACT_MODEL_SELECTION_FROZEN_BEFORE_LOCKED_TEST,3,4,0.0065954219500300865,0.000986567135963428,0.0030304459193537642,0.003616609629132098,557
301,X_BASE,40,B5_EXACT_SELECTED_DIAGNOSTIC,1,0.01,64,0,1,11,EXACT_MODEL_SELECTION_FROZEN_BEFORE_LOCKED_TEST,3,5,0.010793437866161491,0.0012778961372711488,-0.01467709610167167,0.003392543189069102,557
301,X_BASE,40,B5_EXACT_SELECTED_DIAGNOSTIC,1,0.01,64,0,1,11,EXACT_MODEL_SELECTION_FROZEN_BEFORE_LOCKED_TEST,4,0,-0.0022578084658338026,0.000642811260132835,0.004769116067542698,0.004868830180964705,557
301,X_BASE,40,B5_EXACT_SELECTED_DIAGNOSTIC,1,0.01,64,0,1,11,EXACT_MODEL_SELECTION_FROZEN_BEFORE_LOCKED_TEST,4,1,0.004646967255029201,0.0008228628285224618,-0.0022763477095085953,0.0045700498013245975,557
301,X_BASE,40,B5_EXACT_SELECTED_DIAGNOSTIC,1,0.01,64,0,1,11,EXACT_MODEL_SELECTION_FROZEN_BEFORE_LOCKED_TEST,4,2,-0.011653969803313615,0.0006629632143656394,0.013501713011034401,0.005318463181151228,557
301,X_BASE,40,B5_EXACT_SELECTED_DIAGNOSTIC,1,0.01,64,0,1,11,EXACT_MODEL_SELECTION_FROZEN_BEFORE_LOCKED_TEST,4,3,0.0032146064772952264,0.000878743826981373,0.010575817559601276,0.0051592367941698525,557
301,X_BASE,40,B5_EXACT_SELECTED_DIAGNOSTIC,1,0.01,64,0,1,11,EXACT_MODEL_SELECTION_FROZEN_BEFORE_LOCKED_TEST,4,4,0.005689315944479206,0.0008118461187708639,0.002614110881530887,0.004963426373061895,557
301,X_BASE,40,B5_EXACT_SELECTED_DIAGNOSTIC,1,0.01,64,0,1,11,EXACT_MODEL_SELECTION_FROZEN_BEFORE_LOCKED_TEST,4,5,0.009310591287858088,0.0011431641127888838,-0.01266069669272839,0.004766173661333507,557
301,X_BASE,40,B5_EXACT_SELECTED_DIAGNOSTIC,1,0.01,64,0,1,11,EXACT_MODEL_SELECTION_FROZEN_BEFORE_LOCKED_TEST,5,0,-0.0019448654550700448,0.000757245591451817,0.004108093857978319,0.004193230509623614,557
301,X_BASE,40,B5_EXACT_SELECTED_DIAGNOSTIC,1,0.01,64,0,1,11,EXACT_MODEL_SELECTION_FROZEN_BEFORE_LOCKED_TEST,5,1,0.0040028754528610416,0.0009041232353043932,-0.001960835071240706,0.0038954218263269167,557
301,X_BASE,40,B5_EXACT_SELECTED_DIAGNOSTIC,1,0.01,64,0,1,11,EXACT_MODEL_SELECTION_FROZEN_BEFORE_LOCKED_TEST,5,2,-0.010038674062870005,0.0008317635754904728,0.011630311258370272,0.0046057627405669275,557
301,X_BASE,40,B5_EXACT_SELECTED_DIAGNOSTIC,1,0.01,64,0,1,11,EXACT_MODEL_SELECTION_FROZEN_BEFORE_LOCKED_TEST,5,3,0.0027690467034488064,0.0010077215437580018,0.00910995885702635,0.0044282760907525314,557
301,X_BASE,40,B5_EXACT_SELECTED_DIAGNOSTIC,1,0.01,64,0,1,11,EXACT_MODEL_SELECTION_FROZEN_BEFORE_LOCKED_TEST,5,4,0.004900749647650272,0.0009624587850429507,0.0022517826583374873,0.004338409020069365,557
301,X_BASE,40,B5_EXACT_SELECTED_DIAGNOSTIC,1,0.01,64,0,1,11,EXACT_MODEL_SELECTION_FROZEN_BEFORE_LOCKED_TEST,5,5,0.008020098974756987,0.0012497416196194187,-0.010905863808830076,0.004126076798790367,557
301,X_BASE,40,B5_EXACT_SELECTED_DIAGNOSTIC,1,0.01,64,0,1,11,EXACT_MODEL_SELECTION_FROZEN_BEFORE_LOCKED_TEST,6,0,-0.0027277956949827756,0.0007540166646069155,0.005761859110184482,0.0031395155024717633,557
301,X_BASE,40,B5_EXACT_SELECTED_DIAGNOSTIC,1,0.01,64,0,1,11,EXACT_MODEL_SELECTION_FROZEN_BEFORE_LOCKED_TEST,6,1,0.005614283702454529,0.0008843555709391835,-0.002750194082556214,0.00283105263444898,557
301,X_BASE,40,B5_EXACT_SELECTED_DIAGNOSTIC,1,0.01,64,0,1,11,EXACT_MODEL_SELECTION_FROZEN_BEFORE_LOCKED_TEST,6,2,-0.014079869546063682,0.0008439364203408345,0.016312240468454153,0.003629597547257897,557
301,X_BASE,40,B5_EXACT_SELECTED_DIAGNOSTIC,1,0.01,64,0,1,11,EXACT_MODEL_SELECTION_FROZEN_BEFORE_LOCKED_TEST,6,3,0.0038837615513109386,0.001003147608387393,0.01277728826273572,0.0034521491982528775,557
301,X_BASE,40,B5_EXACT_SELECTED_DIAGNOSTIC,1,0.01,64,0,1,11,EXACT_MODEL_SELECTION_FROZEN_BEFORE_LOCKED_TEST,6,4,0.006873608534821392,0.000919831646761461,0.0031582663085702473,0.0034659176910029504,557
301,X_BASE,40,B5_EXACT_SELECTED_DIAGNOSTIC,1,0.01,64,0,1,11,EXACT_MODEL_SELECTION_FROZEN_BEFORE_LOCKED_TEST,6,5,0.011248691470994296,0.0011843172976614008,-0.015296157515802905,0.0032487489598235775,557
301,X_BASE,40,B5_EXACT_SELECTED_DIAGNOSTIC,1,0.01,64,0,1,11,EXACT_MODEL_SELECTION_FROZEN_BEFORE_LOCKED_TEST,7,0,-0.0012361664444834773,0.0010332431440796448,0.0026111254970275413,0.0045619871970503855,557
301,X_BASE,40,B5_EXACT_SELECTED_DIAGNOSTIC,1,0.01,64,0,1,11,EXACT_MODEL_SELECTION_FROZEN_BEFORE_LOCKED_TEST,7,1,0.002544248139825798,0.001146468404672246,-0.001246316814314968,0.0042754276751188055,557
301,X_BASE,40,B5_EXACT_SELECTED_DIAGNOSTIC,1,0.01,64,0,1,11,EXACT_MODEL_SELECTION_FROZEN_BEFORE_LOCKED_TEST,7,2,-0.006380632650591029,0.0009576632499588393,0.007392285404122174,0.005101162848667189,557
301,X_BASE,40,B5_EXACT_SELECTED_DIAGNOSTIC,1,0.01,64,0,1,11,EXACT_MODEL_SELECTION_FROZEN_BEFORE_LOCKED_TEST,7,3,0.0017600202672568548,0.0011144103355007768,0.00579033650904938,0.004956824931393523,557
301,X_BASE,40,B5_EXACT_SELECTED_DIAGNOSTIC,1,0.01,64,0,1,11,EXACT_MODEL_SELECTION_FROZEN_BEFORE_LOCKED_TEST,7,4,0.0031149415767793066,0.0011118701534658323,0.0014312445908533818,0.004788740714353674,557
301,X_BASE,40,B5_EXACT_SELECTED_DIAGNOSTIC,1,0.01,64,0,1,11,EXACT_MODEL_SELECTION_FROZEN_BEFORE_LOCKED_TEST,7,5,0.005097615985818339,0.001371730084611774,-0.006931822894708652,0.004597154136990403,557
301,X_BASE,40,B5_EXACT_SELECTED_DIAGNOSTIC,1,0.01,64,0,1,11,EXACT_MODEL_SELECTION_FROZEN_BEFORE_LOCKED_TEST,8,0,-0.0025864641453284174,0.00075498061255118,0.005463327780132807,0.0035906879749357207,557
301,X_BASE,40,B5_EXACT_SELECTED_DIAGNOSTIC,1,0.01,64,0,1,11,EXACT_MODEL_SELECTION_FROZEN_BEFORE_LOCKED_TEST,8,1,0.00532339849527918,0.000887728814952357,-0.0026077020358634133,0.0032801241865123235,557
301,X_BASE,40,B5_EXACT_SELECTED_DIAGNOSTIC,1,0.01,64,0,1,11,EXACT_MODEL_SELECTION_FROZEN_BEFORE_LOCKED_TEST,8,2,-0.013350368511387068,0.0008569558424406735,0.015467076650657425,0.004090742731178503,557
301,X_BASE,40,B5_EXACT_SELECTED_DIAGNOSTIC,1,0.01,64,0,1,11,EXACT_MODEL_SELECTION_FROZEN_BEFORE_LOCKED_TEST,8,3,0.0036825375228602872,0.0010195786230327679,0.012115276091562372,0.00391103135777074,557
301,X_BASE,40,B5_EXACT_SELECTED_DIAGNOSTIC,1,0.01,64,0,1,11,EXACT_MODEL_SELECTION_FROZEN_BEFORE_LOCKED_TEST,8,4,0.006517475651508131,0.0008931273821020548,0.002994631373434756,0.003906301639136775,557
301,X_BASE,40,B5_EXACT_SELECTED_DIAGNOSTIC,1,0.01,64,0,1,11,EXACT_MODEL_SELECTION_FROZEN_BEFORE_LOCKED_TEST,8,5,0.010665878395915594,0.0011642029509311951,-0.014503638615123575,0.0036912662702125666,557
301,X_BASE,40,B5_EXACT_SELECTED_DIAGNOSTIC,1,0.01,64,0,1,11,EXACT_MODEL_SELECTION_FROZEN_BEFORE_LOCKED_TEST,9,0,-0.002425894747666387,0.001054064798060577,0.005124160793236581,0.0030330036866528967,557
301,X_BASE,40,B5_EXACT_SELECTED_DIAGNOSTIC,1,0.01,64,0,1,11,EXACT_MODEL_SELECTION_FROZEN_BEFORE_LOCKED_TEST,9,1,0.004992918410548135,0.001204485893599416,-0.00244581417596908,0.0028048134312541415,557
301,X_BASE,40,B5_EXACT_SELECTED_DIAGNOSTIC,1,0.01,64,0,1,11,EXACT_MODEL_SELECTION_FROZEN_BEFORE_LOCKED_TEST,9,2,-0.012521568841261592,0.0009738563456465887,0.01450687034512089,0.0034388026135491983,557
301,X_BASE,40,B5_EXACT_SELECTED_DIAGNOSTIC,1,0.01,64,0,1,11,EXACT_MODEL_SELECTION_FROZEN_BEFORE_LOCKED_TEST,9,3,0.0034539231680154724,0.001157616646242001,0.011363151772327183,0.0033425248121490754,557
301,X_BASE,40,B5_EXACT_SELECTED_DIAGNOSTIC,1,0.01,64,0,1,11,EXACT_MODEL_SELECTION_FROZEN_BEFORE_LOCKED_TEST,9,4,0.006112866470464671,0.0012182513012201676,0.00280872268542115,0.003128712315880537,557
301,X_BASE,40,B5_EXACT_SELECTED_DIAGNOSTIC,1,0.01,64,0,1,11,EXACT_MODEL_SELECTION_FROZEN_BEFORE_LOCKED_TEST,9,5,0.010003733640241368,0.0014971744289022295,-0.013603243177381118,0.0029724186271326944,557
301,X_BASE,40,B5_EXACT_SELECTED_DIAGNOSTIC,1,0.01,64,0,1,11,EXACT_MODEL_SELECTION_FROZEN_BEFORE_LOCKED_TEST,10,0,-0.0019714986495647604,0.0009948496071379564,0.004164350532411429,0.0036504765139286025,557
301,X_BASE,40,B5_EXACT_SELECTED_DIAGNOSTIC,1,0.01,64,0,1,11,EXACT_MODEL_SELECTION_FROZEN_BEFORE_LOCKED_TEST,10,1,0.004057691255258194,0.0011376464711553354,-0.0019876869553585863,0.003434473764275123,557
301,X_BASE,40,B5_EXACT_SELECTED_DIAGNOSTIC,1,0.01,64,0,1,11,EXACT_MODEL_SELECTION_FROZEN_BEFORE_LOCKED_TEST,10,2,-0.010176144733701487,0.0010041614171301596,0.011789577978322927,0.00408818480530786,557
301,X_BASE,40,B5_EXACT_SELECTED_DIAGNOSTIC,1,0.01,64,0,1,11,EXACT_MODEL_SELECTION_FROZEN_BEFORE_LOCKED_TEST,10,3,0.0028069663236598833,0.001184702289945495,0.009234711603004495,0.004002649297938599,557
301,X_BASE,40,B5_EXACT_SELECTED_DIAGNOSTIC,1,0.01,64,0,1,11,EXACT_MODEL_SELECTION_FROZEN_BEFORE_LOCKED_TEST,10,4,0.004967861034813595,0.0011983532149162166,0.002282618809672781,0.0037409158613258583,557
301,X_BASE,40,B5_EXACT_SELECTED_DIAGNOSTIC,1,0.01,64,0,1,11,EXACT_MODEL_SELECTION_FROZEN_BEFORE_LOCKED_TEST,10,5,0.008129927063535434,0.001471460976797277,-0.011055209868320336,0.003597353641142381,557
301,X_BASE,40,B5_EXACT_SELECTED_DIAGNOSTIC,1,0.01,64,0,1,11,EXACT_MODEL_SELECTION_FROZEN_BEFORE_LOCKED_TEST,11,0,-0.0019714986495647604,0.0009948496071379564,0.004164350532411429,0.0036504765139286025,557
301,X_BASE,40,B5_EXACT_SELECTED_DIAGNOSTIC,1,0.01,64,0,1,11,EXACT_MODEL_SELECTION_FROZEN_BEFORE_LOCKED_TEST,11,1,0.004057691255258194,0.0011376464711553354,-0.0019876869553585863,0.003434473764275123,557
301,X_BASE,40,B5_EXACT_SELECTED_DIAGNOSTIC,1,0.01,64,0,1,11,EXACT_MODEL_SELECTION_FROZEN_BEFORE_LOCKED_TEST,11,2,-0.010176144733701487,0.0010041614171301596,0.011789577978322927,0.00408818480530786,557
301,X_BASE,40,B5_EXACT_SELECTED_DIAGNOSTIC,1,0.01,64,0,1,11,EXACT_MODEL_SELECTION_FROZEN_BEFORE_LOCKED_TEST,11,3,0.0028069663236598833,0.001184702289945495,0.009234711603004495,0.004002649297938599,557
301,X_BASE,40,B5_EXACT_SELECTED_DIAGNOSTIC,1,0.01,64,0,1,11,EXACT_MODEL_SELECTION_FROZEN_BEFORE_LOCKED_TEST,11,4,0.004967861034813595,0.0011983532149162166,0.002282618809672781,0.0037409158613258583,557
301,X_BASE,40,B5_EXACT_SELECTED_DIAGNOSTIC,1,0.01,64,0,1,11,EXACT_MODEL_SELECTION_FROZEN_BEFORE_LOCKED_TEST,11,5,0.008129927063535434,0.001471460976797277,-0.011055209868320336,0.003597353641142381,557
301,X_VALID,8,B5_EXACT_SELECTED_DIAGNOSTIC,1,0.01,64,0,1,14,EXACT_MODEL_SELECTION_FROZEN_BEFORE_LOCKED_TEST,0,0,-0.003870581110984901,-0.00042648665476131077,-0.007719677097748575,0.00576908057005951,794
301,X_VALID,8,B5_EXACT_SELECTED_DIAGNOSTIC,1,0.01,64,0,1,14,EXACT_MODEL_SELECTION_FROZEN_BEFORE_LOCKED_TEST,0,1,-0.003172734968005101,-0.0004356617698687143,0.02044251052492636,0.005718041786494841,794
301,X_VALID,8,B5_EXACT_SELECTED_DIAGNOSTIC,1,0.01,64,0,1,14,EXACT_MODEL_SELECTION_FROZEN_BEFORE_LOCKED_TEST,0,2,-0.0012682485420361588,-0.0003643577789803655,0.01633275033504707,0.005668162480943775,794
301,X_VALID,8,B5_EXACT_SELECTED_DIAGNOSTIC,1,0.01,64,0,1,14,EXACT_MODEL_SELECTION_FROZEN_BEFORE_LOCKED_TEST,0,3,-0.0015888150351698012,-0.00037869589495229057,0.0027505835404812978,0.005634431531609537,794
301,X_VALID,8,B5_EXACT_SELECTED_DIAGNOSTIC,1,0.01,64,0,1,14,EXACT_MODEL_SELECTION_FROZEN_BEFORE_LOCKED_TEST,0,4,-0.003002759666544299,-0.0003176490359343709,0.014369445138918385,0.005834552422969153,794
301,X_VALID,8,B5_EXACT_SELECTED_DIAGNOSTIC,1,0.01,64,0,1,14,EXACT_MODEL_SELECTION_FROZEN_BEFORE_LOCKED_TEST,0,5,0.001007000220987743,-0.00033551290924479366,0.01468007133083274,0.005859140440577498,794
301,X_VALID,8,B5_EXACT_SELECTED_DIAGNOSTIC,1,0.01,64,0,1,14,EXACT_MODEL_SELECTION_FROZEN_BEFORE_LOCKED_TEST,1,0,-0.002371153095634774,-0.0005383373061787662,-0.004729144209296691,0.006661667247791926,794
301,X_VALID,8,B5_EXACT_SELECTED_DIAGNOSTIC,1,0.01,64,0,1,14,EXACT_MODEL_SELECTION_FROZEN_BEFORE_LOCKED_TEST,1,1,-0.001943646218823119,-0.0005393568984107261,0.012523267365760328,0.006584622295349504,794
301,X_VALID,8,B5_EXACT_SELECTED_DIAGNOSTIC,1,0.01,64,0,1,14,EXACT_MODEL_SELECTION_FROZEN_BEFORE_LOCKED_TEST,1,2,-0.0007769405601522492,-0.0005353997925198051,0.010005590996986556,0.0067588014482697556,794
301,X_VALID,8,B5_EXACT_SELECTED_DIAGNOSTIC,1,0.01,64,0,1,14,EXACT_MODEL_SELECTION_FROZEN_BEFORE_LOCKED_TEST,1,3,-0.0009733225014564613,-0.0005392225015523038,0.0016850324253131841,0.006667047487969344,794
301,X_VALID,8,B5_EXACT_SELECTED_DIAGNOSTIC,1,0.01,64,0,1,14,EXACT_MODEL_SELECTION_FROZEN_BEFORE_LOCKED_TEST,1,4,-0.0018395178074338341,-0.0004217804438373038,0.008802852426216286,0.0067272673577630495,794
301,X_VALID,8,B5_EXACT_SELECTED_DIAGNOSTIC,1,0.01,64,0,1,14,EXACT_MODEL_SELECTION_FROZEN_BEFORE_LOCKED_TEST,1,5,0.0006168974690966756,-0.0004333100306200121,0.008993144848832785,0.0067290343363316804,794
301,X_VALID,8,B5_EXACT_SELECTED_DIAGNOSTIC,1,0.01,64,0,1,14,EXACT_MODEL_SELECTION_FROZEN_BEFORE_LOCKED_TEST,2,0,-0.003870581110984901,-0.00042648665476131077,-0.007719677097748575,0.00576908057005951,794
301,X_VALID,8,B5_EXACT_SELECTED_DIAGNOSTIC,1,0.01,64,0,1,14,EXACT_MODEL_SELECTION_FROZEN_BEFORE_LOCKED_TEST,2,1,-0.003172734968005101,-0.0004356617698687143,0.02044251052492636,0.005718041786494841,794
301,X_VALID,8,B5_EXACT_SELECTED_DIAGNOSTIC,1,0.01,64,0,1,14,EXACT_MODEL_SELECTION_FROZEN_BEFORE_LOCKED_TEST,2,2,-0.0012682485420361588,-0.0003643577789803655,0.01633275033504707,0.005668162480943775,794
301,X_VALID,8,B5_EXACT_SELECTED_DIAGNOSTIC,1,0.01,64,0,1,14,EXACT_MODEL_SELECTION_FROZEN_BEFORE_LOCKED_TEST,2,3,-0.0015888150351698012,-0.00037869589495229057,0.0027505835404812978,0.005634431531609537,794
301,X_VALID,8,B5_EXACT_SELECTED_DIAGNOSTIC,1,0.01,64,0,1,14,EXACT_MODEL_SELECTION_FROZEN_BEFORE_LOCKED_TEST,2,4,-0.003002759666544299,-0.0003176490359343709,0.014369445138918385,0.005834552422969153,794
301,X_VALID,8,B5_EXACT_SELECTED_DIAGNOSTIC,1,0.01,64,0,1,14,EXACT_MODEL_SELECTION_FROZEN_BEFORE_LOCKED_TEST,2,5,0.001007000220987743,-0.00033551290924479366,0.01468007133083274,0.005859140440577498,794
301,X_VALID,8,B5_EXACT_SELECTED_DIAGNOSTIC,1,0.01,64,0,1,14,EXACT_MODEL_SELECTION_FROZEN_BEFORE_LOCKED_TEST,3,0,-0.0030689104778864364,-0.00040495638199577387,-0.006120785807574042,0.0057564342341177915,794
301,X_VALID,8,B5_EXACT_SELECTED_DIAGNOSTIC,1,0.01,64,0,1,14,EXACT_MODEL_SELECTION_FROZEN_BEFORE_LOCKED_TEST,3,1,-0.002515601484033988,-0.00041172075087747675,0.016208479539726397,0.005703129504569288,794
301,X_VALID,8,B5_EXACT_SELECTED_DIAGNOSTIC,1,0.01,64,0,1,14,EXACT_MODEL_SELECTION_FROZEN_BEFORE_LOCKED_TEST,3,2,-0.0010055702561491033,-0.00036060938999338266,0.012949928498766106,0.005713751066912535,794
301,X_VALID,8,B5_EXACT_SELECTED_DIAGNOSTIC,1,0.01,64,0,1,14,EXACT_MODEL_SELECTION_FROZEN_BEFORE_LOCKED_TEST,3,3,-0.001259741358995937,-0.00037250393869761876,0.002180885610103406,0.005678781853246043,794
301,X_VALID,8,B5_EXACT_SELECTED_DIAGNOSTIC,1,0.01,64,0,1,14,EXACT_MODEL_SELECTION_FROZEN_BEFORE_LOCKED_TEST,3,4,-0.002380831285793077,-0.0002958835950084467,0.011393260981687503,0.005809285017754053,794
301,X_VALID,8,B5_EXACT_SELECTED_DIAGNOSTIC,1,0.01,64,0,1,14,EXACT_MODEL_SELECTION_FROZEN_BEFORE_LOCKED_TEST,3,5,0.0007984314088271016,-0.00031018552473908594,0.01163955060790576,0.005823232429825704,794
301,X_VALID,8,B5_EXACT_SELECTED_DIAGNOSTIC,1,0.01,64,0,1,14,EXACT_MODEL_SELECTION_FROZEN_BEFORE_LOCKED_TEST,4,0,-0.0030976990190977175,-0.00047645507795342906,-0.006178203088311449,0.0061789920711771765,794
301,X_VALID,8,B5_EXACT_SELECTED_DIAGNOSTIC,1,0.01,64,0,1,14,EXACT_MODEL_SELECTION_FROZEN_BEFORE_LOCKED_TEST,4,1,-0.002539199597278449,-0.0004873125829670336,0.01636052649077431,0.006141268899902022,794
301,X_VALID,8,B5_EXACT_SELECTED_DIAGNOSTIC,1,0.01,64,0,1,14,EXACT_MODEL_SELECTION_FROZEN_BEFORE_LOCKED_TEST,4,2,-0.0010150032132094618,-0.00043141726282797344,0.01307140794658846,0.006133751834613658,794
301,X_VALID,8,B5_EXACT_SELECTED_DIAGNOSTIC,1,0.01,64,0,1,14,EXACT_MODEL_SELECTION_FROZEN_BEFORE_LOCKED_TEST,4,3,-0.0012715586199718869,-0.00044943972860266024,0.0022013438527650805,0.006125506157757051,794
301,X_VALID,8,B5_EXACT_SELECTED_DIAGNOSTIC,1,0.01,64,0,1,14,EXACT_MODEL_SELECTION_FROZEN_BEFORE_LOCKED_TEST,4,4,-0.002403165159681564,-0.0003559745101656987,0.01150013779209485,0.006243793052123075,794
301,X_VALID,8,B5_EXACT_SELECTED_DIAGNOSTIC,1,0.01,64,0,1,14,EXACT_MODEL_SELECTION_FROZEN_BEFORE_LOCKED_TEST,4,5,0.0008059212576457699,-0.0003757152513312057,0.011748737788428304,0.006284160930686098,794
301,X_VALID,8,B5_EXACT_SELECTED_DIAGNOSTIC,1,0.01,64,0,1,14,EXACT_MODEL_SELECTION_FROZEN_BEFORE_LOCKED_TEST,5,0,-0.0030976990190977175,-0.00047645507795342906,-0.006178203088311449,0.0061789920711771765,794
301,X_VALID,8,B5_EXACT_SELECTED_DIAGNOSTIC,1,0.01,64,0,1,14,EXACT_MODEL_SELECTION_FROZEN_BEFORE_LOCKED_TEST,5,1,-0.002539199597278449,-0.0004873125829670336,0.01636052649077431,0.006141268899902022,794
301,X_VALID,8,B5_EXACT_SELECTED_DIAGNOSTIC,1,0.01,64,0,1,14,EXACT_MODEL_SELECTION_FROZEN_BEFORE_LOCKED_TEST,5,2,-0.0010150032132094618,-0.00043141726282797344,0.01307140794658846,0.006133751834613658,794
301,X_VALID,8,B5_EXACT_SELECTED_DIAGNOSTIC,1,0.01,64,0,1,14,EXACT_MODEL_SELECTION_FROZEN_BEFORE_LOCKED_TEST,5,3,-0.0012715586199718869,-0.00044943972860266024,0.0022013438527650805,0.006125506157757051,794
301,X_VALID,8,B5_EXACT_SELECTED_DIAGNOSTIC,1,0.01,64,0,1,14,EXACT_MODEL_SELECTION_FROZEN_BEFORE_LOCKED_TEST,5,4,-0.002403165159681564,-0.0003559745101656987,0.01150013779209485,0.006243793052123075,794
301,X_VALID,8,B5_EXACT_SELECTED_DIAGNOSTIC,1,0.01,64,0,1,14,EXACT_MODEL_SELECTION_FROZEN_BEFORE_LOCKED_TEST,5,5,0.0008059212576457699,-0.0003757152513312057,0.011748737788428304,0.006284160930686098,794
301,X_VALID,8,B5_EXACT_SELECTED_DIAGNOSTIC,1,0.01,64,0,1,14,EXACT_MODEL_SELECTION_FROZEN_BEFORE_LOCKED_TEST,6,0,-0.0037012885947920304,-0.00038021870759231334,-0.007382031787496499,0.005592772885785216,794
301,X_VALID,8,B5_EXACT_SELECTED_DIAGNOSTIC,1,0.01,64,0,1,14,EXACT_MODEL_SELECTION_FROZEN_BEFORE_LOCKED_TEST,6,1,-0.0030339650338413876,-0.0004037313318443348,0.019548390509137977,0.005589045714623022,794
301,X_VALID,8,B5_EXACT_SELECTED_DIAGNOSTIC,1,0.01,64,0,1,14,EXACT_MODEL_SELECTION_FROZEN_BEFORE_LOCKED_TEST,6,2,-0.0012127775466784067,-0.00033703090465674913,0.015618384114242961,0.005561906029697604,794
301,X_VALID,8,B5_EXACT_SELECTED_DIAGNOSTIC,1,0.01,64,0,1,14,EXACT_MODEL_SELECTION_FROZEN_BEFORE_LOCKED_TEST,6,3,-0.0015193230164376314,-0.00036570564290069017,0.0026302777788360446,0.0056056116571406925,794
301,X_VALID,8,B5_EXACT_SELECTED_DIAGNOSTIC,1,0.01,64,0,1,14,EXACT_MODEL_SELECTION_FROZEN_BEFORE_LOCKED_TEST,6,4,-0.0028714241577678435,-0.0002759061063893331,0.013740950488087031,0.00564065658354763,794
301,X_VALID,8,B5_EXACT_SELECTED_DIAGNOSTIC,1,0.01,64,0,1,14,EXACT_MODEL_SELECTION_FROZEN_BEFORE_LOCKED_TEST,6,5,0.0009629557748620756,-0.000306490745739309,0.014037990428191456,0.0057094698147858265,794
301,X_VALID,8,B5_EXACT_SELECTED_DIAGNOSTIC,1,0.01,64,0,1,14,EXACT_MODEL_SELECTION_FROZEN_BEFORE_LOCKED_TEST,7,0,-0.0030735185551701238,-0.0005021505096519391,-0.0061299763832657886,0.006353106507619672,794
301,X_VALID,8,B5_EXACT_SELECTED_DIAGNOSTIC,1,0.01,64,0,1,14,EXACT_MODEL_SELECTION_FROZEN_BEFORE_LOCKED_TEST,7,1,-0.00251937874835529,-0.000531744236668328,0.016232817143220647,0.006416655755962511,794
301,X_VALID,8,B5_EXACT_SELECTED_DIAGNOSTIC,1,0.01,64,0,1,14,EXACT_MODEL_SELECTION_FROZEN_BEFORE_LOCKED_TEST,7,2,-0.0010070801553422855,-0.00046788343970185765,0.012969373272985021,0.006427999506621491,794
301,X_VALID,8,B5_EXACT_SELECTED_DIAGNOSTIC,1,0.01,64,0,1,14,EXACT_MODEL_SELECTION_FROZEN_BEFORE_LOCKED_TEST,7,3,-0.0012616329050614019,-0.0005044787329959149,0.0021841602867388637,0.006602232756602269,794
301,X_VALID,8,B5_EXACT_SELECTED_DIAGNOSTIC,1,0.01,64,0,1,14,EXACT_MODEL_SELECTION_FROZEN_BEFORE_LOCKED_TEST,7,4,-0.002384406187910104,-0.00036959363140822284,0.011410368364745807,0.006379906333303972,794
301,X_VALID,8,B5_EXACT_SELECTED_DIAGNOSTIC,1,0.01,64,0,1,14,EXACT_MODEL_SELECTION_FROZEN_BEFORE_LOCKED_TEST,7,5,0.000799630281737896,-0.0004098209420685019,0.011657027803521314,0.00649964168389109,794
301,X_VALID,8,B5_EXACT_SELECTED_DIAGNOSTIC,1,0.01,64,0,1,14,EXACT_MODEL_SELECTION_FROZEN_BEFORE_LOCKED_TEST,8,0,-0.0037012885947920304,-0.00038021870759231334,-0.007382031787496499,0.005592772885785216,794
301,X_VALID,8,B5_EXACT_SELECTED_DIAGNOSTIC,1,0.01,64,0,1,14,EXACT_MODEL_SELECTION_FROZEN_BEFORE_LOCKED_TEST,8,1,-0.0030339650338413876,-0.0004037313318443348,0.019548390509137977,0.005589045714623022,794
301,X_VALID,8,B5_EXACT_SELECTED_DIAGNOSTIC,1,0.01,64,0,1,14,EXACT_MODEL_SELECTION_FROZEN_BEFORE_LOCKED_TEST,8,2,-0.0012127775466784067,-0.00033703090465674913,0.015618384114242961,0.005561906029697604,794
301,X_VALID,8,B5_EXACT_SELECTED_DIAGNOSTIC,1,0.01,64,0,1,14,EXACT_MODEL_SELECTION_FROZEN_BEFORE_LOCKED_TEST,8,3,-0.0015193230164376314,-0.00036570564290069017,0.0026302777788360446,0.0056056116571406925,794
301,X_VALID,8,B5_EXACT_SELECTED_DIAGNOSTIC,1,0.01,64,0,1,14,EXACT_MODEL_SELECTION_FROZEN_BEFORE_LOCKED_TEST,8,4,-0.0028714241577678435,-0.0002759061063893331,0.013740950488087031,0.00564065658354763,794
301,X_VALID,8,B5_EXACT_SELECTED_DIAGNOSTIC,1,0.01,64,0,1,14,EXACT_MODEL_SELECTION_FROZEN_BEFORE_LOCKED_TEST,8,5,0.0009629557748620756,-0.000306490745739309,0.014037990428191456,0.0057094698147858265,794
301,X_VALID,8,B5_EXACT_SELECTED_DIAGNOSTIC,1,0.01,64,0,1,14,EXACT_MODEL_SELECTION_FROZEN_BEFORE_LOCKED_TEST,9,0,-0.0030603029677847143,-0.00030409096047372537,-0.0061036185666105795,0.005247679025915775,794
301,X_VALID,8,B5_EXACT_SELECTED_DIAGNOSTIC,1,0.01,64,0,1,14,EXACT_MODEL_SELECTION_FROZEN_BEFORE_LOCKED_TEST,9,1,-0.0025085458643468853,-0.0003297296406920477,0.016163018894205107,0.005259690322995027,794
301,X_VALID,8,B5_EXACT_SELECTED_DIAGNOSTIC,1,0.01,64,0,1,14,EXACT_MODEL_SELECTION_FROZEN_BEFORE_LOCKED_TEST,9,2,-0.0010027498883996462,-0.0002313603138027661,0.012913607256692444,0.005170728557242372,794
301,X_VALID,8,B5_EXACT_SELECTED_DIAGNOSTIC,1,0.01,64,0,1,14,EXACT_MODEL_SELECTION_FROZEN_BEFORE_LOCKED_TEST,9,3,-0.0012562081062173858,-0.00025981424633485353,0.002174768782957443,0.005207284063072151,794
301,X_VALID,8,B5_EXACT_SELECTED_DIAGNOSTIC,1,0.01,64,0,1,14,EXACT_MODEL_SELECTION_FROZEN_BEFORE_LOCKED_TEST,9,4,-0.0023741536620922143,-0.0002189946413544662,0.01136130579443193,0.005341218437565466,794
301,X_VALID,8,B5_EXACT_SELECTED_DIAGNOSTIC,1,0.01,64,0,1,14,EXACT_MODEL_SELECTION_FROZEN_BEFORE_LOCKED_TEST,9,5,0.000796192012641863,-0.00024874093815428826,0.01160690464115014,0.005412157846123769,794
301,X_VALID,8,B5_EXACT_SELECTED_DIAGNOSTIC,1,0.01,64,0,1,14,EXACT_MODEL_SELECTION_FROZEN_BEFORE_LOCKED_TEST,10,0,-0.0032224600180469237,-0.00044644857564736924,-0.006427032553103455,0.006153571971192834,794
301,X_VALID,8,B5_EXACT_SELECTED_DIAGNOSTIC,1,0.01,64,0,1,14,EXACT_MODEL_SELECTION_FROZEN_BEFORE_LOCKED_TEST,10,1,-0.0026414668208966283,-0.0004669211475290871,0.017019452879600327,0.00611708918995563,794
301,X_VALID,8,B5_EXACT_SELECTED_DIAGNOSTIC,1,0.01,64,0,1,14,EXACT_MODEL_SELECTION_FROZEN_BEFORE_LOCKED_TEST,10,2,-0.00105588285130082,-0.00037244889354201387,0.013597863842734237,0.006057605096069229,794
301,X_VALID,8,B5_EXACT_SELECTED_DIAGNOSTIC,1,0.01,64,0,1,14,EXACT_MODEL_SELECTION_FROZEN_BEFORE_LOCKED_TEST,10,3,-0.0013227711240506002,-0.00039503974324522445,0.002290003808560806,0.0060435192013528856,794
301,X_VALID,8,B5_EXACT_SELECTED_DIAGNOSTIC,1,0.01,64,0,1,14,EXACT_MODEL_SELECTION_FROZEN_BEFORE_LOCKED_TEST,10,4,-0.0024999535449034198,-0.00034297505663980973,0.01196331018881569,0.0062910445766117574,794
301,X_VALID,8,B5_EXACT_SELECTED_DIAGNOSTIC,1,0.01,64,0,1,14,EXACT_MODEL_SELECTION_FROZEN_BEFORE_LOCKED_TEST,10,5,0.0008383800409421457,-0.0003697343064396295,0.012221922643974259,0.006298162715967035,794
301,X_VALID,8,B5_EXACT_SELECTED_DIAGNOSTIC,1,0.01,64,0,1,14,EXACT_MODEL_SELECTION_FROZEN_BEFORE_LOCKED_TEST,11,0,-0.0030603029677847143,-0.00030409096047372537,-0.0061036185666105795,0.005247679025915775,794
301,X_VALID,8,B5_EXACT_SELECTED_DIAGNOSTIC,1,0.01,64,0,1,14,EXACT_MODEL_SELECTION_FROZEN_BEFORE_LOCKED_TEST,11,1,-0.0025085458643468853,-0.0003297296406920477,0.016163018894205107,0.005259690322995027,794
301,X_VALID,8,B5_EXACT_SELECTED_DIAGNOSTIC,1,0.01,64,0,1,14,EXACT_MODEL_SELECTION_FROZEN_BEFORE_LOCKED_TEST,11,2,-0.0010027498883996462,-0.0002313603138027661,0.012913607256692444,0.005170728557242372,794
301,X_VALID,8,B5_EXACT_SELECTED_DIAGNOSTIC,1,0.01,64,0,1,14,EXACT_MODEL_SELECTION_FROZEN_BEFORE_LOCKED_TEST,11,3,-0.0012562081062173858,-0.00025981424633485353,0.002174768782957443,0.005207284063072151,794
301,X_VALID,8,B5_EXACT_SELECTED_DIAGNOSTIC,1,0.01,64,0,1,14,EXACT_MODEL_SELECTION_FROZEN_BEFORE_LOCKED_TEST,11,4,-0.0023741536620922143,-0.0002189946413544662,0.01136130579443193,0.005341218437565466,794
301,X_VALID,8,B5_EXACT_SELECTED_DIAGNOSTIC,1,0.01,64,0,1,14,EXACT_MODEL_SELECTION_FROZEN_BEFORE_LOCKED_TEST,11,5,0.000796192012641863,-0.00024874093815428826,0.01160690464115014,0.005412157846123769,794
301,X_VALID,24,B5_EXACT_SELECTED_DIAGNOSTIC,1,0.01,64,0,1,9,EXACT_MODEL_SELECTION_FROZEN_BEFORE_LOCKED_TEST,0,0,-0.0014512185527462181,-0.00018144354763266826,-0.0004439148533289157,0.0008091738766207715,1031
301,X_VALID,24,B5_EXACT_SELECTED_DIAGNOSTIC,1,0.01,64,0,1,9,EXACT_MODEL_SELECTION_FROZEN_BEFORE_LOCKED_TEST,0,1,0.0010237095028120511,-0.0001547792038307626,-0.0003713875165528041,0.0008165133137688431,1031
301,X_VALID,24,B5_EXACT_SELECTED_DIAGNOSTIC,1,0.01,64,0,1,9,EXACT_MODEL_SELECTION_FROZEN_BEFORE_LOCKED_TEST,0,2,0.001260948620085481,-0.00016017536774751728,8.59707633624967e-05,0.0007745900117016082,1031
301,X_VALID,24,B5_EXACT_SELECTED_DIAGNOSTIC,1,0.01,64,0,1,9,EXACT_MODEL_SELECTION_FROZEN_BEFORE_LOCKED_TEST,0,3,-0.00039023693821448757,-0.00014215910222065606,0.000538287234010093,0.0007858792063035581,1031
301,X_VALID,24,B5_EXACT_SELECTED_DIAGNOSTIC,1,0.01,64,0,1,9,EXACT_MODEL_SELECTION_FROZEN_BEFORE_LOCKED_TEST,0,4,-0.004181183055443152,-0.00029518766849077026,0.000506358981555209,0.0008714428188914265,1031
301,X_VALID,24,B5_EXACT_SELECTED_DIAGNOSTIC,1,0.01,64,0,1,9,EXACT_MODEL_SELECTION_FROZEN_BEFORE_LOCKED_TEST,0,5,-0.0010814469206878866,-0.0002606760382655599,0.0010767938799063498,0.0008625835210981803,1031
301,X_VALID,24,B5_EXACT_SELECTED_DIAGNOSTIC,1,0.01,64,0,1,9,EXACT_MODEL_SELECTION_FROZEN_BEFORE_LOCKED_TEST,1,0,-0.0045647161357356796,-0.00046486928765488686,-0.001396306083634804,0.0010668419734206319,1031
301,X_VALID,24,B5_EXACT_SELECTED_DIAGNOSTIC,1,0.01,64,0,1,9,EXACT_MODEL_SELECTION_FROZEN_BEFORE_LOCKED_TEST,1,1,0.003220013468646237,-0.0003976475591421826,-0.0011681759347765511,0.0010650659668175351,1031
301,X_VALID,24,B5_EXACT_SELECTED_DIAGNOSTIC,1,0.01,64,0,1,9,EXACT_MODEL_SELECTION_FROZEN_BEFORE_LOCKED_TEST,1,2,0.003966234101366532,-0.0006258008965279293,0.000270415596589282,0.001130935760748925,1031
301,X_VALID,24,B5_EXACT_SELECTED_DIAGNOSTIC,1,0.01,64,0,1,9,EXACT_MODEL_SELECTION_FROZEN_BEFORE_LOCKED_TEST,1,3,-0.0012274655979672186,-0.000557604318658542,0.0016931484359103903,0.0011187274575399468,1031
301,X_VALID,24,B5_EXACT_SELECTED_DIAGNOSTIC,1,0.01,64,0,1,9,EXACT_MODEL_SELECTION_FROZEN_BEFORE_LOCKED_TEST,1,4,-0.013151646747851091,-0.0005684746481083181,0.0015927201379873433,0.0011226780326035579,1031
301,X_VALID,24,B5_EXACT_SELECTED_DIAGNOSTIC,1,0.01,64,0,1,9,EXACT_MODEL_SELECTION_FROZEN_BEFORE_LOCKED_TEST,1,5,-0.0034016228633957746,-0.0004991890402434567,0.0033869870180260157,0.001105650214005535,1031
301,X_VALID,24,B5_EXACT_SELECTED_DIAGNOSTIC,1,0.01,64,0,1,9,EXACT_MODEL_SELECTION_FROZEN_BEFORE_LOCKED_TEST,2,0,-0.0014512185527462181,-0.00018144354763266826,-0.0004439148533289157,0.0008091738766207715,1031
301,X_VALID,24,B5_EXACT_SELECTED_DIAGNOSTIC,1,0.01,64,0,1,9,EXACT_MODEL_SELECTION_FROZEN_BEFORE_LOCKED_TEST,2,1,0.0010237095028120511,-0.0001547792038307626,-0.0003713875165528041,0.0008165133137688431,1031
301,X_VALID,24,B5_EXACT_SELECTED_DIAGNOSTIC,1,0.01,64,0,1,9,EXACT_MODEL_SELECTION_FROZEN_BEFORE_LOCKED_TEST,2,2,0.001260948620085481,-0.00016017536774751728,8.59707633624967e-05,0.0007745900117016082,1031
301,X_VALID,24,B5_EXACT_SELECTED_DIAGNOSTIC,1,0.01,64,0,1,9,EXACT_MODEL_SELECTION_FROZEN_BEFORE_LOCKED_TEST,2,3,-0.00039023693821448757,-0.00014215910222065606,0.000538287234010093,0.0007858792063035581,1031
301,X_VALID,24,B5_EXACT_SELECTED_DIAGNOSTIC,1,0.01,64,0,1,9,EXACT_MODEL_SELECTION_FROZEN_BEFORE_LOCKED_TEST,2,4,-0.004181183055443152,-0.00029518766849077026,0.000506358981555209,0.0008714428188914265,1031
301,X_VALID,24,B5_EXACT_SELECTED_DIAGNOSTIC,1,0.01,64,0,1,9,EXACT_MODEL_SELECTION_FROZEN_BEFORE_LOCKED_TEST,2,5,-0.0010814469206878866,-0.0002606760382655599,0.0010767938799063498,0.0008625835210981803,1031
301,X_VALID,24,B5_EXACT_SELECTED_DIAGNOSTIC,1,0.01,64,0,1,9,EXACT_MODEL_SELECTION_FROZEN_BEFORE_LOCKED_TEST,3,0,-0.011357400355401268,-0.0004932691897744068,-0.00347412779655071,0.0009550631561761175,1031
301,X_VALID,24,B5_EXACT_SELECTED_DIAGNOSTIC,1,0.01,64,0,1,9,EXACT_MODEL_SELECTION_FROZEN_BEFORE_LOCKED_TEST,3,1,0.00801166622977874,-0.0005737109232657351,-0.002906520664655556,0.0010043163718945552,1031
301,X_VALID,24,B5_EXACT_SELECTED_DIAGNOSTIC,1,0.01,64,0,1,9,EXACT_MODEL_SELECTION_FROZEN_BEFORE_LOCKED_TEST,3,2,0.009868326365316241,-0.000486945301161475,0.0006728169072257495,0.000942528525609628,1031
301,X_VALID,24,B5_EXACT_SELECTED_DIAGNOSTIC,1,0.01,64,0,1,9,EXACT_MODEL_SELECTION_FROZEN_BEFORE_LOCKED_TEST,3,3,-0.0030540383682257006,-0.00057606900132891,0.004212696710144182,0.0009979360338112178,1031
301,X_VALID,24,B5_EXACT_SELECTED_DIAGNOSTIC,1,0.01,64,0,1,9,EXACT_MODEL_SELECTION_FROZEN_BEFORE_LOCKED_TEST,3,4,-0.032722410990422446,-0.0005185404711433809,0.003962822599113676,0.0009883852191132434,1031
301,X_VALID,24,B5_EXACT_SELECTED_DIAGNOSTIC,1,0.01,64,0,1,9,EXACT_MODEL_SELECTION_FROZEN_BEFORE_LOCKED_TEST,3,5,-0.00846352578536536,-0.0005873909363293302,0.008427110562499082,0.0010140959013748517,1031
301,X_VALID,24,B5_EXACT_SELECTED_DIAGNOSTIC,1,0.01,64,0,1,9,EXACT_MODEL_SELECTION_FROZEN_BEFORE_LOCKED_TEST,4,0,-0.011357400355401268,-0.0004932691897744068,-0.00347412779655071,0.0009550631561761175,1031
301,X_VALID,24,B5_EXACT_SELECTED_DIAGNOSTIC,1,0.01,64,0,1,9,EXACT_MODEL_SELECTION_FROZEN_BEFORE_LOCKED_TEST,4,1,0.00801166622977874,-0.0005737109232657351,-0.002906520664655556,0.0010043163718945552,1031
301,X_VALID,24,B5_EXACT_SELECTED_DIAGNOSTIC,1,0.01,64,0,1,9,EXACT_MODEL_SELECTION_FROZEN_BEFORE_LOCKED_TEST,4,2,0.009868326365316241,-0.000486945301161475,0.0006728169072257495,0.000942528525609628,1031
301,X_VALID,24,B5_EXACT_SELECTED_DIAGNOSTIC,1,0.01,64,0,1,9,EXACT_MODEL_SELECTION_FROZEN_BEFORE_LOCKED_TEST,4,3,-0.0030540383682257006,-0.00057606900132891,0.004212696710144182,0.0009979360338112178,1031
301,X_VALID,24,B5_EXACT_SELECTED_DIAGNOSTIC,1,0.01,64,0,1,9,EXACT_MODEL_SELECTION_FROZEN_BEFORE_LOCKED_TEST,4,4,-0.032722410990422446,-0.0005185404711433809,0.003962822599113676,0.0009883852191132434,1031
301,X_VALID,24,B5_EXACT_SELECTED_DIAGNOSTIC,1,0.01,64,0,1,9,EXACT_MODEL_SELECTION_FROZEN_BEFORE_LOCKED_TEST,4,5,-0.00846352578536536,-0.0005873909363293302,0.008427110562499082,0.0010140959013748517,1031
301,X_VALID,24,B5_EXACT_SELECTED_DIAGNOSTIC,1,0.01,64,0,1,9,EXACT_MODEL_SELECTION_FROZEN_BEFORE_LOCKED_TEST,5,0,-0.011357400355401268,-0.0004932691897744068,-0.00347412779655071,0.0009550631561761175,1031
301,X_VALID,24,B5_EXACT_SELECTED_DIAGNOSTIC,1,0.01,64,0,1,9,EXACT_MODEL_SELECTION_FROZEN_BEFORE_LOCKED_TEST,5,1,0.00801166622977874,-0.0005737109232657351,-0.002906520664655556,0.0010043163718945552,1031
301,X_VALID,24,B5_EXACT_SELECTED_DIAGNOSTIC,1,0.01,64,0,1,9,EXACT_MODEL_SELECTION_FROZEN_BEFORE_LOCKED_TEST,5,2,0.009868326365316241,-0.000486945301161475,0.0006728169072257495,0.000942528525609628,1031
301,X_VALID,24,B5_EXACT_SELECTED_DIAGNOSTIC,1,0.01,64,0,1,9,EXACT_MODEL_SELECTION_FROZEN_BEFORE_LOCKED_TEST,5,3,-0.0030540383682257006,-0.00057606900132891,0.004212696710144182,0.0009979360338112178,1031
301,X_VALID,24,B5_EXACT_SELECTED_DIAGNOSTIC,1,0.01,64,0,1,9,EXACT_MODEL_SELECTION_FROZEN_BEFORE_LOCKED_TEST,5,4,-0.032722410990422446,-0.0005185404711433809,0.003962822599113676,0.0009883852191132434,1031
301,X_VALID,24,B5_EXACT_SELECTED_DIAGNOSTIC,1,0.01,64,0,1,9,EXACT_MODEL_SELECTION_FROZEN_BEFORE_LOCKED_TEST,5,5,-0.00846352578536536,-0.0005873909363293302,0.008427110562499082,0.0010140959013748517,1031
301,X_VALID,24,B5_EXACT_SELECTED_DIAGNOSTIC,1,0.01,64,0,1,9,EXACT_MODEL_SELECTION_FROZEN_BEFORE_LOCKED_TEST,6,0,-0.008842968155163949,-0.0003911288905571666,-0.002704985340880184,0.0009138235491790125,1031
301,X_VALID,24,B5_EXACT_SELECTED_DIAGNOSTIC,1,0.01,64,0,1,9,EXACT_MODEL_SELECTION_FROZEN_BEFORE_LOCKED_TEST,6,1,0.006237951214429359,-0.0004044401004934817,-0.0022630416182917905,0.0009376854148059597,1031
301,X_VALID,24,B5_EXACT_SELECTED_DIAGNOSTIC,1,0.01,64,0,1,9,EXACT_MODEL_SELECTION_FROZEN_BEFORE_LOCKED_TEST,6,2,0.00768356252861645,-0.00034775003183344703,0.0005238609451698764,0.000870427076176703,1031
301,X_VALID,24,B5_EXACT_SELECTED_DIAGNOSTIC,1,0.01,64,0,1,9,EXACT_MODEL_SELECTION_FROZEN_BEFORE_LOCKED_TEST,6,3,-0.002377900152302465,-0.00037401130436692565,0.003280041355366376,0.0008957024514250692,1031
301,X_VALID,24,B5_EXACT_SELECTED_DIAGNOSTIC,1,0.01,64,0,1,9,EXACT_MODEL_SELECTION_FROZEN_BEFORE_LOCKED_TEST,6,4,-0.02547794647486203,-0.00044436951345972153,0.0030854872551763766,0.0009494477483851091,1031
301,X_VALID,24,B5_EXACT_SELECTED_DIAGNOSTIC,1,0.01,64,0,1,9,EXACT_MODEL_SELECTION_FROZEN_BEFORE_LOCKED_TEST,6,5,-0.006589772893301385,-0.00045198521580145447,0.006561419692208452,0.0009534645914698025,1031
301,X_VALID,24,B5_EXACT_SELECTED_DIAGNOSTIC,1,0.01,64,0,1,9,EXACT_MODEL_SELECTION_FROZEN_BEFORE_LOCKED_TEST,7,0,-0.008842968155163949,-0.0003911288905571666,-0.002704985340880184,0.0009138235491790125,1031
301,X_VALID,24,B5_EXACT_SELECTED_DIAGNOSTIC,1,0.01,64,0,1,9,EXACT_MODEL_SELECTION_FROZEN_BEFORE_LOCKED_TEST,7,1,0.006237951214429359,-0.0004044401004934817,-0.0022630416182917905,0.0009376854148059597,1031
301,X_VALID,24,B5_EXACT_SELECTED_DIAGNOSTIC,1,0.01,64,0,1,9,EXACT_MODEL_SELECTION_FROZEN_BEFORE_LOCKED_TEST,7,2,0.00768356252861645,-0.00034775003183344703,0.0005238609451698764,0.000870427076176703,1031
301,X_VALID,24,B5_EXACT_SELECTED_DIAGNOSTIC,1,0.01,64,0,1,9,EXACT_MODEL_SELECTION_FROZEN_BEFORE_LOCKED_TEST,7,3,-0.002377900152302465,-0.00037401130436692565,0.003280041355366376,0.0008957024514250692,1031
301,X_VALID,24,B5_EXACT_SELECTED_DIAGNOSTIC,1,0.01,64,0,1,9,EXACT_MODEL_SELECTION_FROZEN_BEFORE_LOCKED_TEST,7,4,-0.02547794647486203,-0.00044436951345972153,0.0030854872551763766,0.0009494477483851091,1031
301,X_VALID,24,B5_EXACT_SELECTED_DIAGNOSTIC,1,0.01,64,0,1,9,EXACT_MODEL_SELECTION_FROZEN_BEFORE_LOCKED_TEST,7,5,-0.006589772893301385,-0.00045198521580145447,0.006561419692208452,0.0009534645914698025,1031
301,X_VALID,24,B5_EXACT_SELECTED_DIAGNOSTIC,1,0.01,64,0,1,9,EXACT_MODEL_SELECTION_FROZEN_BEFORE_LOCKED_TEST,8,0,-0.008842968155163949,-0.0003911288905571666,-0.002704985340880184,0.0009138235491790125,1031
301,X_VALID,24,B5_EXACT_SELECTED_DIAGNOSTIC,1,0.01,64,0,1,9,EXACT_MODEL_SELECTION_FROZEN_BEFORE_LOCKED_TEST,8,1,0.006237951214429359,-0.0004044401004934817,-0.0022630416182917905,0.0009376854148059597,1031
301,X_VALID,24,B5_EXACT_SELECTED_DIAGNOSTIC,1,0.01,64,0,1,9,EXACT_MODEL_SELECTION_FROZEN_BEFORE_LOCKED_TEST,8,2,0.00768356252861645,-0.00034775003183344703,0.0005238609451698764,0.000870427076176703,1031
301,X_VALID,24,B5_EXACT_SELECTED_DIAGNOSTIC,1,0.01,64,0,1,9,EXACT_MODEL_SELECTION_FROZEN_BEFORE_LOCKED_TEST,8,3,-0.002377900152302465,-0.00037401130436692565,0.003280041355366376,0.0008957024514250692,1031
301,X_VALID,24,B5_EXACT_SELECTED_DIAGNOSTIC,1,0.01,64,0,1,9,EXACT_MODEL_SELECTION_FROZEN_BEFORE_LOCKED_TEST,8,4,-0.02547794647486203,-0.00044436951345972153,0.0030854872551763766,0.0009494477483851091,1031
301,X_VALID,24,B5_EXACT_SELECTED_DIAGNOSTIC,1,0.01,64,0,1,9,EXACT_MODEL_SELECTION_FROZEN_BEFORE_LOCKED_TEST,8,5,-0.006589772893301385,-0.00045198521580145447,0.006561419692208452,0.0009534645914698025,1031
301,X_VALID,24,B5_EXACT_SELECTED_DIAGNOSTIC,1,0.01,64,0,1,9,EXACT_MODEL_SELECTION_FROZEN_BEFORE_LOCKED_TEST,9,0,-0.006490454723591564,-0.0003865111838595476,-0.001985372397016874,0.000913029972926146,1031
301,X_VALID,24,B5_EXACT_SELECTED_DIAGNOSTIC,1,0.01,64,0,1,9,EXACT_MODEL_SELECTION_FROZEN_BEFORE_LOCKED_TEST,9,1,0.004578455922809566,-0.0004877885205068685,-0.0016609998931805408,0.0009689700893026734,1031
301,X_VALID,24,B5_EXACT_SELECTED_DIAGNOSTIC,1,0.01,64,0,1,9,EXACT_MODEL_SELECTION_FROZEN_BEFORE_LOCKED_TEST,9,2,0.005639488216266812,-0.00028955603172180325,0.00038449711526976886,0.0008558311079809355,1031
301,X_VALID,24,B5_EXACT_SELECTED_DIAGNOSTIC,1,0.01,64,0,1,9,EXACT_MODEL_SELECTION_FROZEN_BEFORE_LOCKED_TEST,9,3,-0.0017453023696266474,-0.0004025419651937055,0.0024074450495540287,0.0009236261371711249,1031
301,X_VALID,24,B5_EXACT_SELECTED_DIAGNOSTIC,1,0.01,64,0,1,9,EXACT_MODEL_SELECTION_FROZEN_BEFORE_LOCKED_TEST,9,4,-0.018699994746516808,-0.00042906225046571617,0.002264648586147691,0.0009484026804481828,1031
301,X_VALID,24,B5_EXACT_SELECTED_DIAGNOSTIC,1,0.01,64,0,1,9,EXACT_MODEL_SELECTION_FROZEN_BEFORE_LOCKED_TEST,9,5,-0.004836681739914132,-0.0005159744216045158,0.004815871400587611,0.000980260729656776,1031
301,X_VALID,24,B5_EXACT_SELECTED_DIAGNOSTIC,1,0.01,64,0,1,9,EXACT_MODEL_SELECTION_FROZEN_BEFORE_LOCKED_TEST,10,0,-0.006490454723591564,-0.0003865111838595476,-0.001985372397016874,0.000913029972926146,1031
301,X_VALID,24,B5_EXACT_SELECTED_DIAGNOSTIC,1,0.01,64,0,1,9,EXACT_MODEL_SELECTION_FROZEN_BEFORE_LOCKED_TEST,10,1,0.004578455922809566,-0.0004877885205068685,-0.0016609998931805408,0.0009689700893026734,1031
301,X_VALID,24,B5_EXACT_SELECTED_DIAGNOSTIC,1,0.01,64,0,1,9,EXACT_MODEL_SELECTION_FROZEN_BEFORE_LOCKED_TEST,10,2,0.005639488216266812,-0.00028955603172180325,0.00038449711526976886,0.0008558311079809355,1031
301,X_VALID,24,B5_EXACT_SELECTED_DIAGNOSTIC,1,0.01,64,0,1,9,EXACT_MODEL_SELECTION_FROZEN_BEFORE_LOCKED_TEST,10,3,-0.0017453023696266474,-0.0004025419651937055,0.0024074450495540287,0.0009236261371711249,1031
301,X_VALID,24,B5_EXACT_SELECTED_DIAGNOSTIC,1,0.01,64,0,1,9,EXACT_MODEL_SELECTION_FROZEN_BEFORE_LOCKED_TEST,10,4,-0.018699994746516808,-0.00042906225046571617,0.002264648586147691,0.0009484026804481828,1031
301,X_VALID,24,B5_EXACT_SELECTED_DIAGNOSTIC,1,0.01,64,0,1,9,EXACT_MODEL_SELECTION_FROZEN_BEFORE_LOCKED_TEST,10,5,-0.004836681739914132,-0.0005159744216045158,0.004815871400587611,0.000980260729656776,1031
301,X_VALID,24,B5_EXACT_SELECTED_DIAGNOSTIC,1,0.01,64,0,1,9,EXACT_MODEL_SELECTION_FROZEN_BEFORE_LOCKED_TEST,11,0,-0.006490454723591564,-0.0003865111838595476,-0.001985372397016874,0.000913029972926146,1031
301,X_VALID,24,B5_EXACT_SELECTED_DIAGNOSTIC,1,0.01,64,0,1,9,EXACT_MODEL_SELECTION_FROZEN_BEFORE_LOCKED_TEST,11,1,0.004578455922809566,-0.0004877885205068685,-0.0016609998931805408,0.0009689700893026734,1031
301,X_VALID,24,B5_EXACT_SELECTED_DIAGNOSTIC,1,0.01,64,0,1,9,EXACT_MODEL_SELECTION_FROZEN_BEFORE_LOCKED_TEST,11,2,0.005639488216266812,-0.00028955603172180325,0.00038449711526976886,0.0008558311079809355,1031
301,X_VALID,24,B5_EXACT_SELECTED_DIAGNOSTIC,1,0.01,64,0,1,9,EXACT_MODEL_SELECTION_FROZEN_BEFORE_LOCKED_TEST,11,3,-0.0017453023696266474,-0.0004025419651937055,0.0024074450495540287,0.0009236261371711249,1031
301,X_VALID,24,B5_EXACT_SELECTED_DIAGNOSTIC,1,0.01,64,0,1,9,EXACT_MODEL_SELECTION_FROZEN_BEFORE_LOCKED_TEST,11,4,-0.018699994746516808,-0.00042906225046571617,0.002264648586147691,0.0009484026804481828,1031
301,X_VALID,24,B5_EXACT_SELECTED_DIAGNOSTIC,1,0.01,64,0,1,9,EXACT_MODEL_SELECTION_FROZEN_BEFORE_LOCKED_TEST,11,5,-0.004836681739914132,-0.0005159744216045158,0.004815871400587611,0.000980260729656776,1031
301,X_VALID,40,B5_EXACT_SELECTED_DIAGNOSTIC,1,0.01,64,0,1,9,EXACT_MODEL_SELECTION_FROZEN_BEFORE_LOCKED_TEST,0,0,0.0038518776790968986,0.0011388055159080365,-0.00030919157915035577,-0.0005944038945226406,1268
301,X_VALID,40,B5_EXACT_SELECTED_DIAGNOSTIC,1,0.01,64,0,1,9,EXACT_MODEL_SELECTION_FROZEN_BEFORE_LOCKED_TEST,0,1,-0.0011581727657655634,0.0013292600237348091,-0.0026237061374545304,-0.0010024230973449246,1268
301,X_VALID,40,B5_EXACT_SELECTED_DIAGNOSTIC,1,0.01,64,0,1,9,EXACT_MODEL_SELECTION_FROZEN_BEFORE_LOCKED_TEST,0,2,-0.017214188572630757,0.0011157185261673533,0.003555291468738146,-0.0013649652760731907,1268
301,X_VALID,40,B5_EXACT_SELECTED_DIAGNOSTIC,1,0.01,64,0,1,9,EXACT_MODEL_SELECTION_FROZEN_BEFORE_LOCKED_TEST,0,3,0.023491513399564585,0.001246646780125411,-0.007441771402763717,-0.002034903083346123,1268
301,X_VALID,40,B5_EXACT_SELECTED_DIAGNOSTIC,1,0.01,64,0,1,9,EXACT_MODEL_SELECTION_FROZEN_BEFORE_LOCKED_TEST,0,4,0.003272045968797977,0.0008252618095544763,-0.0009656866068247901,-0.0003128659995166925,1268
301,X_VALID,40,B5_EXACT_SELECTED_DIAGNOSTIC,1,0.01,64,0,1,9,EXACT_MODEL_SELECTION_FROZEN_BEFORE_LOCKED_TEST,0,5,-0.006055041033517366,0.0010359562310906366,0.0012307182795932138,-0.0006192628330174899,1268
301,X_VALID,40,B5_EXACT_SELECTED_DIAGNOSTIC,1,0.01,64,0,1,9,EXACT_MODEL_SELECTION_FROZEN_BEFORE_LOCKED_TEST,1,0,0.0038518776790968986,0.0011388055159080365,-0.00030919157915035577,-0.0005944038945226406,1268
301,X_VALID,40,B5_EXACT_SELECTED_DIAGNOSTIC,1,0.01,64,0,1,9,EXACT_MODEL_SELECTION_FROZEN_BEFORE_LOCKED_TEST,1,1,-0.0011581727657655634,0.0013292600237348091,-0.0026237061374545304,-0.0010024230973449246,1268
301,X_VALID,40,B5_EXACT_SELECTED_DIAGNOSTIC,1,0.01,64,0,1,9,EXACT_MODEL_SELECTION_FROZEN_BEFORE_LOCKED_TEST,1,2,-0.017214188572630757,0.0011157185261673533,0.003555291468738146,-0.0013649652760731907,1268
301,X_VALID,40,B5_EXACT_SELECTED_DIAGNOSTIC,1,0.01,64,0,1,9,EXACT_MODEL_SELECTION_FROZEN_BEFORE_LOCKED_TEST,1,3,0.023491513399564585,0.001246646780125411,-0.007441771402763717,-0.002034903083346123,1268
301,X_VALID,40,B5_EXACT_SELECTED_DIAGNOSTIC,1,0.01,64,0,1,9,EXACT_MODEL_SELECTION_FROZEN_BEFORE_LOCKED_TEST,1,4,0.003272045968797977,0.0008252618095544763,-0.0009656866068247901,-0.0003128659995166925,1268
301,X_VALID,40,B5_EXACT_SELECTED_DIAGNOSTIC,1,0.01,64,0,1,9,EXACT_MODEL_SELECTION_FROZEN_BEFORE_LOCKED_TEST,1,5,-0.006055041033517366,0.0010359562310906366,0.0012307182795932138,-0.0006192628330174899,1268
301,X_VALID,40,B5_EXACT_SELECTED_DIAGNOSTIC,1,0.01,64,0,1,9,EXACT_MODEL_SELECTION_FROZEN_BEFORE_LOCKED_TEST,2,0,0.0038518776790968986,0.0011388055159080365,-0.00030919157915035577,-0.0005944038945226406,1268
301,X_VALID,40,B5_EXACT_SELECTED_DIAGNOSTIC,1,0.01,64,0,1,9,EXACT_MODEL_SELECTION_FROZEN_BEFORE_LOCKED_TEST,2,1,-0.0011581727657655634,0.0013292600237348091,-0.0026237061374545304,-0.0010024230973449246,1268
301,X_VALID,40,B5_EXACT_SELECTED_DIAGNOSTIC,1,0.01,64,0,1,9,EXACT_MODEL_SELECTION_FROZEN_BEFORE_LOCKED_TEST,2,2,-0.017214188572630757,0.0011157185261673533,0.003555291468738146,-0.0013649652760731907,1268
301,X_VALID,40,B5_EXACT_SELECTED_DIAGNOSTIC,1,0.01,64,0,1,9,EXACT_MODEL_SELECTION_FROZEN_BEFORE_LOCKED_TEST,2,3,0.023491513399564585,0.001246646780125411,-0.007441771402763717,-0.002034903083346123,1268
301,X_VALID,40,B5_EXACT_SELECTED_DIAGNOSTIC,1,0.01,64,0,1,9,EXACT_MODEL_SELECTION_FROZEN_BEFORE_LOCKED_TEST,2,4,0.003272045968797977,0.0008252618095544763,-0.0009656866068247901,-0.0003128659995166925,1268
301,X_VALID,40,B5_EXACT_SELECTED_DIAGNOSTIC,1,0.01,64,0,1,9,EXACT_MODEL_SELECTION_FROZEN_BEFORE_LOCKED_TEST,2,5,-0.006055041033517366,0.0010359562310906366,0.0012307182795932138,-0.0006192628330174899,1268
301,X_VALID,40,B5_EXACT_SELECTED_DIAGNOSTIC,1,0.01,64,0,1,9,EXACT_MODEL_SELECTION_FROZEN_BEFORE_LOCKED_TEST,3,0,0.002384577429028168,0.0010834794050084123,-0.0001914108708302437,-0.0005546423528584412,1268
301,X_VALID,40,B5_EXACT_SELECTED_DIAGNOSTIC,1,0.01,64,0,1,9,EXACT_MODEL_SELECTION_FROZEN_BEFORE_LOCKED_TEST,3,1,-0.0007169886653324891,0.0013310735282408392,-0.0016242547030319038,-0.001013251653379234,1268
301,X_VALID,40,B5_EXACT_SELECTED_DIAGNOSTIC,1,0.01,64,0,1,9,EXACT_MODEL_SELECTION_FROZEN_BEFORE_LOCKED_TEST,3,2,-0.01065676767257939,0.0012074532957400605,0.0022009701491759446,-0.001479726537708625,1268
301,X_VALID,40,B5_EXACT_SELECTED_DIAGNOSTIC,1,0.01,64,0,1,9,EXACT_MODEL_SELECTION_FROZEN_BEFORE_LOCKED_TEST,3,3,0.014542863842822802,0.0013741128659755665,-0.0046069687558661565,-0.002269749437245579,1268
301,X_VALID,40,B5_EXACT_SELECTED_DIAGNOSTIC,1,0.01,64,0,1,9,EXACT_MODEL_SELECTION_FROZEN_BEFORE_LOCKED_TEST,3,4,0.0020256216873863974,0.0008894692842036523,-0.0005978264830800885,-0.0003473418343905405,1268
301,X_VALID,40,B5_EXACT_SELECTED_DIAGNOSTIC,1,0.01,64,0,1,9,EXACT_MODEL_SELECTION_FROZEN_BEFORE_LOCKED_TEST,3,5,-0.0037484872011175007,0.0011508120511737729,0.000761899332093648,-0.0007122995947129775,1268
301,X_VALID,40,B5_EXACT_SELECTED_DIAGNOSTIC,1,0.01,64,0,1,9,EXACT_MODEL_SELECTION_FROZEN_BEFORE_LOCKED_TEST,4,0,0.002384577429028168,0.0010834794050084123,-0.0001914108708302437,-0.0005546423528584412,1268
301,X_VALID,40,B5_EXACT_SELECTED_DIAGNOSTIC,1,0.01,64,0,1,9,EXACT_MODEL_SELECTION_FROZEN_BEFORE_LOCKED_TEST,4,1,-0.0007169886653324891,0.0013310735282408392,-0.0016242547030319038,-0.001013251653379234,1268
301,X_VALID,40,B5_EXACT_SELECTED_DIAGNOSTIC,1,0.01,64,0,1,9,EXACT_MODEL_SELECTION_FROZEN_BEFORE_LOCKED_TEST,4,2,-0.01065676767257939,0.0012074532957400605,0.0022009701491759446,-0.001479726537708625,1268
301,X_VALID,40,B5_EXACT_SELECTED_DIAGNOSTIC,1,0.01,64,0,1,9,EXACT_MODEL_SELECTION_FROZEN_BEFORE_LOCKED_TEST,4,3,0.014542863842822802,0.0013741128659755665,-0.0046069687558661565,-0.002269749437245579,1268
301,X_VALID,40,B5_EXACT_SELECTED_DIAGNOSTIC,1,0.01,64,0,1,9,EXACT_MODEL_SELECTION_FROZEN_BEFORE_LOCKED_TEST,4,4,0.0020256216873863974,0.0008894692842036523,-0.0005978264830800885,-0.0003473418343905405,1268
301,X_VALID,40,B5_EXACT_SELECTED_DIAGNOSTIC,1,0.01,64,0,1,9,EXACT_MODEL_SELECTION_FROZEN_BEFORE_LOCKED_TEST,4,5,-0.0037484872011175007,0.0011508120511737729,0.000761899332093648,-0.0007122995947129775,1268
301,X_VALID,40,B5_EXACT_SELECTED_DIAGNOSTIC,1,0.01,64,0,1,9,EXACT_MODEL_SELECTION_FROZEN_BEFORE_LOCKED_TEST,5,0,0.002384577429028168,0.0010834794050084123,-0.0001914108708302437,-0.0005546423528584412,1268
301,X_VALID,40,B5_EXACT_SELECTED_DIAGNOSTIC,1,0.01,64,0,1,9,EXACT_MODEL_SELECTION_FROZEN_BEFORE_LOCKED_TEST,5,1,-0.0007169886653324891,0.0013310735282408392,-0.0016242547030319038,-0.001013251653379234,1268
301,X_VALID,40,B5_EXACT_SELECTED_DIAGNOSTIC,1,0.01,64,0,1,9,EXACT_MODEL_SELECTION_FROZEN_BEFORE_LOCKED_TEST,5,2,-0.01065676767257939,0.0012074532957400605,0.0022009701491759446,-0.001479726537708625,1268
301,X_VALID,40,B5_EXACT_SELECTED_DIAGNOSTIC,1,0.01,64,0,1,9,EXACT_MODEL_SELECTION_FROZEN_BEFORE_LOCKED_TEST,5,3,0.014542863842822802,0.0013741128659755665,-0.0046069687558661565,-0.002269749437245579,1268
301,X_VALID,40,B5_EXACT_SELECTED_DIAGNOSTIC,1,0.01,64,0,1,9,EXACT_MODEL_SELECTION_FROZEN_BEFORE_LOCKED_TEST,5,4,0.0020256216873863974,0.0008894692842036523,-0.0005978264830800885,-0.0003473418343905405,1268
301,X_VALID,40,B5_EXACT_SELECTED_DIAGNOSTIC,1,0.01,64,0,1,9,EXACT_MODEL_SELECTION_FROZEN_BEFORE_LOCKED_TEST,5,5,-0.0037484872011175007,0.0011508120511737729,0.000761899332093648,-0.0007122995947129775,1268
301,X_VALID,40,B5_EXACT_SELECTED_DIAGNOSTIC,1,0.01,64,0,1,9,EXACT_MODEL_SELECTION_FROZEN_BEFORE_LOCKED_TEST,6,0,0.003900190298594249,0.0011221506110123906,-0.0003130696501483887,-0.0005774778388762551,1268
301,X_VALID,40,B5_EXACT_SELECTED_DIAGNOSTIC,1,0.01,64,0,1,9,EXACT_MODEL_SELECTION_FROZEN_BEFORE_LOCKED_TEST,6,1,-0.0011726992810929527,0.001191709156935003,-0.002656614273914726,-0.0008577804917623018,1268
301,X_VALID,40,B5_EXACT_SELECTED_DIAGNOSTIC,1,0.01,64,0,1,9,EXACT_MODEL_SELECTION_FROZEN_BEFORE_LOCKED_TEST,6,2,-0.01743009951574776,0.0012980617492928004,0.003599884121527575,-0.0016499288007991296,1268
301,X_VALID,40,B5_EXACT_SELECTED_DIAGNOSTIC,1,0.01,64,0,1,9,EXACT_MODEL_SELECTION_FROZEN_BEFORE_LOCKED_TEST,6,3,0.023786158412423906,0.0013131175817864393,-0.007535110677818858,-0.002152345955785423,1268
301,X_VALID,40,B5_EXACT_SELECTED_DIAGNOSTIC,1,0.01,64,0,1,9,EXACT_MODEL_SELECTION_FROZEN_BEFORE_LOCKED_TEST,6,4,0.0033130859822766575,0.0008714738639352624,-0.0009777988423307089,-0.0003366979290274376,1268
301,X_VALID,40,B5_EXACT_SELECTED_DIAGNOSTIC,1,0.01,64,0,1,9,EXACT_MODEL_SELECTION_FROZEN_BEFORE_LOCKED_TEST,6,5,-0.006130987083175347,0.0009624963486624406,0.001246154705384481,-0.0005518089703310434,1268
301,X_VALID,40,B5_EXACT_SELECTED_DIAGNOSTIC,1,0.01,64,0,1,9,EXACT_MODEL_SELECTION_FROZEN_BEFORE_LOCKED_TEST,7,0,0.003900190298594249,0.0011221506110123906,-0.0003130696501483887,-0.0005774778388762551,1268
301,X_VALID,40,B5_EXACT_SELECTED_DIAGNOSTIC,1,0.01,64,0,1,9,EXACT_MODEL_SELECTION_FROZEN_BEFORE_LOCKED_TEST,7,1,-0.0011726992810929527,0.001191709156935003,-0.002656614273914726,-0.0008577804917623018,1268
301,X_VALID,40,B5_EXACT_SELECTED_DIAGNOSTIC,1,0.01,64,0,1,9,EXACT_MODEL_SELECTION_FROZEN_BEFORE_LOCKED_TEST,7,2,-0.01743009951574776,0.0012980617492928004,0.003599884121527575,-0.0016499288007991296,1268
301,X_VALID,40,B5_EXACT_SELECTED_DIAGNOSTIC,1,0.01,64,0,1,9,EXACT_MODEL_SELECTION_FROZEN_BEFORE_LOCKED_TEST,7,3,0.023786158412423906,0.0013131175817864393,-0.007535110677818858,-0.002152345955785423,1268
301,X_VALID,40,B5_EXACT_SELECTED_DIAGNOSTIC,1,0.01,64,0,1,9,EXACT_MODEL_SELECTION_FROZEN_BEFORE_LOCKED_TEST,7,4,0.0033130859822766575,0.0008714738639352624,-0.0009777988423307089,-0.0003366979290274376,1268
301,X_VALID,40,B5_EXACT_SELECTED_DIAGNOSTIC,1,0.01,64,0,1,9,EXACT_MODEL_SELECTION_FROZEN_BEFORE_LOCKED_TEST,7,5,-0.006130987083175347,0.0009624963486624406,0.001246154705384481,-0.0005518089703310434,1268
301,X_VALID,40,B5_EXACT_SELECTED_DIAGNOSTIC,1,0.01,64,0,1,9,EXACT_MODEL_SELECTION_FROZEN_BEFORE_LOCKED_TEST,8,0,0.003900190298594249,0.0011221506110123906,-0.0003130696501483887,-0.0005774778388762551,1268
301,X_VALID,40,B5_EXACT_SELECTED_DIAGNOSTIC,1,0.01,64,0,1,9,EXACT_MODEL_SELECTION_FROZEN_BEFORE_LOCKED_TEST,8,1,-0.0011726992810929527,0.001191709156935003,-0.002656614273914726,-0.0008577804917623018,1268
301,X_VALID,40,B5_EXACT_SELECTED_DIAGNOSTIC,1,0.01,64,0,1,9,EXACT_MODEL_SELECTION_FROZEN_BEFORE_LOCKED_TEST,8,2,-0.01743009951574776,0.0012980617492928004,0.003599884121527575,-0.0016499288007991296,1268
301,X_VALID,40,B5_EXACT_SELECTED_DIAGNOSTIC,1,0.01,64,0,1,9,EXACT_MODEL_SELECTION_FROZEN_BEFORE_LOCKED_TEST,8,3,0.023786158412423906,0.0013131175817864393,-0.007535110677818858,-0.002152345955785423,1268
301,X_VALID,40,B5_EXACT_SELECTED_DIAGNOSTIC,1,0.01,64,0,1,9,EXACT_MODEL_SELECTION_FROZEN_BEFORE_LOCKED_TEST,8,4,0.0033130859822766575,0.0008714738639352624,-0.0009777988423307089,-0.0003366979290274376,1268
301,X_VALID,40,B5_EXACT_SELECTED_DIAGNOSTIC,1,0.01,64,0,1,9,EXACT_MODEL_SELECTION_FROZEN_BEFORE_LOCKED_TEST,8,5,-0.006130987083175347,0.0009624963486624406,0.001246154705384481,-0.0005518089703310434,1268
301,X_VALID,40,B5_EXACT_SELECTED_DIAGNOSTIC,1,0.01,64,0,1,9,EXACT_MODEL_SELECTION_FROZEN_BEFORE_LOCKED_TEST,9,0,0.0032577116013880543,0.000995080718122332,-0.0002614976586395046,-0.0005005622981150833,1268
301,X_VALID,40,B5_EXACT_SELECTED_DIAGNOSTIC,1,0.01,64,0,1,9,EXACT_MODEL_SELECTION_FROZEN_BEFORE_LOCKED_TEST,9,1,-0.0009795204234862344,0.001160093048342157,-0.00221898996663431,-0.0008552307272654582,1268
301,X_VALID,40,B5_EXACT_SELECTED_DIAGNOSTIC,1,0.01,64,0,1,9,EXACT_MODEL_SELECTION_FROZEN_BEFORE_LOCKED_TEST,9,2,-0.014558837661399733,0.0010242332955565404,0.003006874887766362,-0.0012364272474120746,1268
301,X_VALID,40,B5_EXACT_SELECTED_DIAGNOSTIC,1,0.01,64,0,1,9,EXACT_MODEL_SELECTION_FROZEN_BEFORE_LOCKED_TEST,9,3,0.019867862406748912,0.0011336411306784179,-0.00629385122098301,-0.0018243452789273018,1268
301,X_VALID,40,B5_EXACT_SELECTED_DIAGNOSTIC,1,0.01,64,0,1,9,EXACT_MODEL_SELECTION_FROZEN_BEFORE_LOCKED_TEST,9,4,0.0027673210316811916,0.0007012647641080368,-0.000816725951457464,-0.00024104663493464663,1268
301,X_VALID,40,B5_EXACT_SELECTED_DIAGNOSTIC,1,0.01,64,0,1,9,EXACT_MODEL_SELECTION_FROZEN_BEFORE_LOCKED_TEST,9,5,-0.005121029031844814,0.000889478845660111,0.0010408755291552187,-0.0005039472598242062,1268
301,X_VALID,40,B5_EXACT_SELECTED_DIAGNOSTIC,1,0.01,64,0,1,9,EXACT_MODEL_SELECTION_FROZEN_BEFORE_LOCKED_TEST,10,0,0.0032577116013880543,0.000995080718122332,-0.0002614976586395046,-0.0005005622981150833,1268
301,X_VALID,40,B5_EXACT_SELECTED_DIAGNOSTIC,1,0.01,64,0,1,9,EXACT_MODEL_SELECTION_FROZEN_BEFORE_LOCKED_TEST,10,1,-0.0009795204234862344,0.001160093048342157,-0.00221898996663431,-0.0008552307272654582,1268
301,X_VALID,40,B5_EXACT_SELECTED_DIAGNOSTIC,1,0.01,64,0,1,9,EXACT_MODEL_SELECTION_FROZEN_BEFORE_LOCKED_TEST,10,2,-0.014558837661399733,0.0010242332955565404,0.003006874887766362,-0.0012364272474120746,1268
301,X_VALID,40,B5_EXACT_SELECTED_DIAGNOSTIC,1,0.01,64,0,1,9,EXACT_MODEL_SELECTION_FROZEN_BEFORE_LOCKED_TEST,10,3,0.019867862406748912,0.0011336411306784179,-0.00629385122098301,-0.0018243452789273018,1268
301,X_VALID,40,B5_EXACT_SELECTED_DIAGNOSTIC,1,0.01,64,0,1,9,EXACT_MODEL_SELECTION_FROZEN_BEFORE_LOCKED_TEST,10,4,0.0027673210316811916,0.0007012647641080368,-0.000816725951457464,-0.00024104663493464663,1268
301,X_VALID,40,B5_EXACT_SELECTED_DIAGNOSTIC,1,0.01,64,0,1,9,EXACT_MODEL_SELECTION_FROZEN_BEFORE_LOCKED_TEST,10,5,-0.005121029031844814,0.000889478845660111,0.0010408755291552187,-0.0005039472598242062,1268
301,X_VALID,40,B5_EXACT_SELECTED_DIAGNOSTIC,1,0.01,64,0,1,9,EXACT_MODEL_SELECTION_FROZEN_BEFORE_LOCKED_TEST,11,0,0.0032577116013880543,0.000995080718122332,-0.0002614976586395046,-0.0005005622981150833,1268
301,X_VALID,40,B5_EXACT_SELECTED_DIAGNOSTIC,1,0.01,64,0,1,9,EXACT_MODEL_SELECTION_FROZEN_BEFORE_LOCKED_TEST,11,1,-0.0009795204234862344,0.001160093048342157,-0.00221898996663431,-0.0008552307272654582,1268
301,X_VALID,40,B5_EXACT_SELECTED_DIAGNOSTIC,1,0.01,64,0,1,9,EXACT_MODEL_SELECTION_FROZEN_BEFORE_LOCKED_TEST,11,2,-0.014558837661399733,0.0010242332955565404,0.003006874887766362,-0.0012364272474120746,1268
301,X_VALID,40,B5_EXACT_SELECTED_DIAGNOSTIC,1,0.01,64,0,1,9,EXACT_MODEL_SELECTION_FROZEN_BEFORE_LOCKED_TEST,11,3,0.019867862406748912,0.0011336411306784179,-0.00629385122098301,-0.0018243452789273018,1268
301,X_VALID,40,B5_EXACT_SELECTED_DIAGNOSTIC,1,0.01,64,0,1,9,EXACT_MODEL_SELECTION_FROZEN_BEFORE_LOCKED_TEST,11,4,0.0027673210316811916,0.0007012647641080368,-0.000816725951457464,-0.00024104663493464663,1268
301,X_VALID,40,B5_EXACT_SELECTED_DIAGNOSTIC,1,0.01,64,0,1,9,EXACT_MODEL_SELECTION_FROZEN_BEFORE_LOCKED_TEST,11,5,-0.005121029031844814,0.000889478845660111,0.0010408755291552187,-0.0005039472598242062,1268
302,X_BASE,8,B5_EXACT_SELECTED_DIAGNOSTIC,1,0.01,64,0,1,18,EXACT_MODEL_SELECTION_FROZEN_BEFORE_LOCKED_TEST,0,0,0.011412992490398581,0.0009786544955103667,0.027997845264355156,0.0015838523668646569,1505
302,X_BASE,8,B5_EXACT_SELECTED_DIAGNOSTIC,1,0.01,64,0,1,18,EXACT_MODEL_SELECTION_FROZEN_BEFORE_LOCKED_TEST,0,1,0.0061373185726571735,0.0009793679724440358,-0.0036244690950407703,0.0015365598131775297,1505
302,X_BASE,8,B5_EXACT_SELECTED_DIAGNOSTIC,1,0.01,64,0,1,18,EXACT_MODEL_SELECTION_FROZEN_BEFORE_LOCKED_TEST,0,2,0.000880220895572332,0.0009464285474207525,0.014724081030890937,0.0015658771197177128,1505
302,X_BASE,8,B5_EXACT_SELECTED_DIAGNOSTIC,1,0.01,64,0,1,18,EXACT_MODEL_SELECTION_FROZEN_BEFORE_LOCKED_TEST,0,3,-0.002641571108375459,0.0009727516266025046,-0.012511916367034318,0.0015453453397695747,1505
302,X_BASE,8,B5_EXACT_SELECTED_DIAGNOSTIC,1,0.01,64,0,1,18,EXACT_MODEL_SELECTION_FROZEN_BEFORE_LOCKED_TEST,0,4,0.0014377484554302204,0.0008694801573373793,0.0031433194859188615,0.0015972586367737466,1505
302,X_BASE,8,B5_EXACT_SELECTED_DIAGNOSTIC,1,0.01,64,0,1,18,EXACT_MODEL_SELECTION_FROZEN_BEFORE_LOCKED_TEST,0,5,-0.0064877611685088795,0.0009013808978284224,-0.001992326117801337,0.0015912282377075597,1505
302,X_BASE,8,B5_EXACT_SELECTED_DIAGNOSTIC,1,0.01,64,0,1,18,EXACT_MODEL_SELECTION_FROZEN_BEFORE_LOCKED_TEST,1,0,0.011651607386163795,0.0005016706183436602,0.028583204707553333,0.003822428547586751,1505
302,X_BASE,8,B5_EXACT_SELECTED_DIAGNOSTIC,1,0.01,64,0,1,18,EXACT_MODEL_SELECTION_FROZEN_BEFORE_LOCKED_TEST,1,1,0.006265633353616199,0.0004964793767992017,-0.003700246969778265,0.003719965287775639,1505
302,X_BASE,8,B5_EXACT_SELECTED_DIAGNOSTIC,1,0.01,64,0,1,18,EXACT_MODEL_SELECTION_FROZEN_BEFORE_LOCKED_TEST,1,2,0.0008986239408230878,0.0004999530469308606,0.015031921859085674,0.003807594402516801,1505
302,X_BASE,8,B5_EXACT_SELECTED_DIAGNOSTIC,1,0.01,64,0,1,18,EXACT_MODEL_SELECTION_FROZEN_BEFORE_LOCKED_TEST,1,3,-0.002696799236774883,0.0005017159586125133,-0.012773506797611975,0.0037466165258874438,1505
302,X_BASE,8,B5_EXACT_SELECTED_DIAGNOSTIC,1,0.01,64,0,1,18,EXACT_MODEL_SELECTION_FROZEN_BEFORE_LOCKED_TEST,1,4,0.0014678078984831872,0.0004700412652789941,0.003209037819837007,0.00384597735253955,1505
302,X_BASE,8,B5_EXACT_SELECTED_DIAGNOSTIC,1,0.01,64,0,1,18,EXACT_MODEL_SELECTION_FROZEN_BEFORE_LOCKED_TEST,1,5,-0.006623402759114997,0.00048189233739612144,-0.0020339802842549996,0.003842756866633426,1505
302,X_BASE,8,B5_EXACT_SELECTED_DIAGNOSTIC,1,0.01,64,0,1,18,EXACT_MODEL_SELECTION_FROZEN_BEFORE_LOCKED_TEST,2,0,0.013425049025930369,0.0007602724195217766,0.03293373281464882,0.0026571550255111973,1505
302,X_BASE,8,B5_EXACT_SELECTED_DIAGNOSTIC,1,0.01,64,0,1,18,EXACT_MODEL_SELECTION_FROZEN_BEFORE_LOCKED_TEST,2,1,0.007219298776809944,0.0007537516523741539,-0.004263445834633375,0.0025915618965043677,1505
302,X_BASE,8,B5_EXACT_SELECTED_DIAGNOSTIC,1,0.01,64,0,1,18,EXACT_MODEL_SELECTION_FROZEN_BEFORE_LOCKED_TEST,2,2,0.0010353996716153259,0.0007786540148634879,0.017319866798105533,0.00268431222565004,1505
302,X_BASE,8,B5_EXACT_SELECTED_DIAGNOSTIC,1,0.01,64,0,1,18,EXACT_MODEL_SELECTION_FROZEN_BEFORE_LOCKED_TEST,2,3,-0.003107267586941456,0.0007872577895100564,-0.014717707978611848,0.0026279459733039635,1505
302,X_BASE,8,B5_EXACT_SELECTED_DIAGNOSTIC,1,0.01,64,0,1,18,EXACT_MODEL_SELECTION_FROZEN_BEFORE_LOCKED_TEST,2,4,0.0016912167003828703,0.0007036781635416609,0.003697471827666926,0.002704228490550504,1505
302,X_BASE,8,B5_EXACT_SELECTED_DIAGNOSTIC,1,0.01,64,0,1,18,EXACT_MODEL_SELECTION_FROZEN_BEFORE_LOCKED_TEST,2,5,-0.007631522742964428,0.0007227615138439229,-0.0023435637787044866,0.002714569571469594,1505
302,X_BASE,8,B5_EXACT_SELECTED_DIAGNOSTIC,1,0.01,64,0,1,18,EXACT_MODEL_SELECTION_FROZEN_BEFORE_LOCKED_TEST,3,0,0.008389253788692536,0.0009969846579774982,0.020580144046955035,0.0013023282158525693,1505
302,X_BASE,8,B5_EXACT_SELECTED_DIAGNOSTIC,1,0.01,64,0,1,18,EXACT_MODEL_SELECTION_FROZEN_BEFORE_LOCKED_TEST,3,1,0.004511307891544853,0.000980443138961089,-0.0026642084548070947,0.0012944964782373725,1505
302,X_BASE,8,B5_EXACT_SELECTED_DIAGNOSTIC,1,0.01,64,0,1,18,EXACT_MODEL_SELECTION_FROZEN_BEFORE_LOCKED_TEST,3,2,0.0006470166776398742,0.000896620946958384,0.010823108196849764,0.0012594046554402414,1505
302,X_BASE,8,B5_EXACT_SELECTED_DIAGNOSTIC,1,0.01,64,0,1,18,EXACT_MODEL_SELECTION_FROZEN_BEFORE_LOCKED_TEST,3,3,-0.0019417177788982863,0.0008919590128071778,-0.009197030653814182,0.0012878746086012135,1505
302,X_BASE,8,B5_EXACT_SELECTED_DIAGNOSTIC,1,0.01,64,0,1,18,EXACT_MODEL_SELECTION_FROZEN_BEFORE_LOCKED_TEST,3,4,0.001056833839770938,0.0008543956059522476,0.002310533799833854,0.0013360032970556196,1505
302,X_BASE,8,B5_EXACT_SELECTED_DIAGNOSTIC,1,0.01,64,0,1,18,EXACT_MODEL_SELECTION_FROZEN_BEFORE_LOCKED_TEST,3,5,-0.004768904825691743,0.0008716058158188133,-0.0014644826452078232,0.0013392168766880655,1505
302,X_BASE,8,B5_EXACT_SELECTED_DIAGNOSTIC,1,0.01,64,0,1,18,EXACT_MODEL_SELECTION_FROZEN_BEFORE_LOCKED_TEST,4,0,0.009257082350764728,0.0005256643074891369,0.022709062454403888,0.004171495531604039,1505
302,X_BASE,8,B5_EXACT_SELECTED_DIAGNOSTIC,1,0.01,64,0,1,18,EXACT_MODEL_SELECTION_FROZEN_BEFORE_LOCKED_TEST,4,1,0.004977981321529912,0.0005211761116783754,-0.002939808198316124,0.004098174041124741,1505
302,X_BASE,8,B5_EXACT_SELECTED_DIAGNOSTIC,1,0.01,64,0,1,18,EXACT_MODEL_SELECTION_FROZEN_BEFORE_LOCKED_TEST,4,2,0.0007139474878330009,0.0003924932642036874,0.011942707467560078,0.004050961221600451,1505
302,X_BASE,8,B5_EXACT_SELECTED_DIAGNOSTIC,1,0.01,64,0,1,18,EXACT_MODEL_SELECTION_FROZEN_BEFORE_LOCKED_TEST,4,3,-0.0021425792846358465,0.00038801282850930177,-0.010148419905906094,0.0040897539394142,1505
302,X_BASE,8,B5_EXACT_SELECTED_DIAGNOSTIC,1,0.01,64,0,1,18,EXACT_MODEL_SELECTION_FROZEN_BEFORE_LOCKED_TEST,4,4,0.001166158293961827,0.00044121019039763607,0.002549547575746994,0.004156325924886018,1505
302,X_BASE,8,B5_EXACT_SELECTED_DIAGNOSTIC,1,0.01,64,0,1,18,EXACT_MODEL_SELECTION_FROZEN_BEFORE_LOCKED_TEST,4,5,-0.0052622254382016925,0.0004487147339381255,-0.0016159764371686057,0.00416052656470077,1505
302,X_BASE,8,B5_EXACT_SELECTED_DIAGNOSTIC,1,0.01,64,0,1,18,EXACT_MODEL_SELECTION_FROZEN_BEFORE_LOCKED_TEST,5,0,0.008150269313953155,0.0009494920479689745,0.019993877969064825,0.0019405439437961726,1505
302,X_BASE,8,B5_EXACT_SELECTED_DIAGNOSTIC,1,0.01,64,0,1,18,EXACT_MODEL_SELECTION_FROZEN_BEFORE_LOCKED_TEST,5,1,0.004382794370079854,0.0009329299139013829,-0.0025883132114153094,0.0019038669618371394,1505
302,X_BASE,8,B5_EXACT_SELECTED_DIAGNOSTIC,1,0.01,64,0,1,18,EXACT_MODEL_SELECTION_FROZEN_BEFORE_LOCKED_TEST,5,2,0.0006285851288098934,0.0008381886389092173,0.010514790569010455,0.001875004640000573,1505
302,X_BASE,8,B5_EXACT_SELECTED_DIAGNOSTIC,1,0.01,64,0,1,18,EXACT_MODEL_SELECTION_FROZEN_BEFORE_LOCKED_TEST,5,3,-0.0018864041103444059,0.0008332273689605081,-0.00893503505857706,0.0018872233878908299,1505
302,X_BASE,8,B5_EXACT_SELECTED_DIAGNOSTIC,1,0.01,64,0,1,18,EXACT_MODEL_SELECTION_FROZEN_BEFORE_LOCKED_TEST,5,4,0.0010267278391127058,0.0008200313756602292,0.002244713677993563,0.001964210766242058,1505
302,X_BASE,8,B5_EXACT_SELECTED_DIAGNOSTIC,1,0.01,64,0,1,18,EXACT_MODEL_SELECTION_FROZEN_BEFORE_LOCKED_TEST,5,5,-0.0046330531464415375,0.0008348666042604357,-0.0014227639626473245,0.0019582986049424024,1505
302,X_BASE,8,B5_EXACT_SELECTED_DIAGNOSTIC,1,0.01,64,0,1,18,EXACT_MODEL_SELECTION_FROZEN_BEFORE_LOCKED_TEST,6,0,0.008457040994549104,0.0010240375046876038,0.02074643660362427,0.0016513170030509697,1505
302,X_BASE,8,B5_EXACT_SELECTED_DIAGNOSTIC,1,0.01,64,0,1,18,EXACT_MODEL_SELECTION_FROZEN_BEFORE_LOCKED_TEST,6,1,0.004547760353757726,0.0010219959485771833,-0.0026857359054623894,0.001584110174236707,1505
302,X_BASE,8,B5_EXACT_SELECTED_DIAGNOSTIC,1,0.01,64,0,1,18,EXACT_MODEL_SELECTION_FROZEN_BEFORE_LOCKED_TEST,6,2,0.0006522447293622939,0.0009192325384567943,0.010910561536780501,0.0016269341432144392,1505
302,X_BASE,8,B5_EXACT_SELECTED_DIAGNOSTIC,1,0.01,64,0,1,18,EXACT_MODEL_SELECTION_FROZEN_BEFORE_LOCKED_TEST,6,3,-0.001957407329615054,0.0009207142336236292,-0.009271344892708653,0.0016105490477447877,1505
302,X_BASE,8,B5_EXACT_SELECTED_DIAGNOSTIC,1,0.01,64,0,1,18,EXACT_MODEL_SELECTION_FROZEN_BEFORE_LOCKED_TEST,6,4,0.001065373313585558,0.000877389846409669,0.002329203473475029,0.0017561730320806816,1505
302,X_BASE,8,B5_EXACT_SELECTED_DIAGNOSTIC,1,0.01,64,0,1,18,EXACT_MODEL_SELECTION_FROZEN_BEFORE_LOCKED_TEST,6,5,-0.004807438733625876,0.0008866068767639611,-0.0014763160202665073,0.0017186779166603258,1505
302,X_BASE,8,B5_EXACT_SELECTED_DIAGNOSTIC,1,0.01,64,0,1,18,EXACT_MODEL_SELECTION_FROZEN_BEFORE_LOCKED_TEST,7,0,0.007199935964299218,0.0004655729836355131,0.017662562488435955,0.0041095122112333226,1505
302,X_BASE,8,B5_EXACT_SELECTED_DIAGNOSTIC,1,0.01,64,0,1,18,EXACT_MODEL_SELECTION_FROZEN_BEFORE_LOCKED_TEST,7,1,0.0038717541217003575,0.0004673040384946976,-0.002286512096702844,0.003967603410967884,1505
302,X_BASE,8,B5_EXACT_SELECTED_DIAGNOSTIC,1,0.01,64,0,1,18,EXACT_MODEL_SELECTION_FROZEN_BEFORE_LOCKED_TEST,7,2,0.0005552911813348213,0.0003848441044917254,0.009288750574816618,0.0040560855331531346,1505
302,X_BASE,8,B5_EXACT_SELECTED_DIAGNOSTIC,1,0.01,64,0,1,18,EXACT_MODEL_SELECTION_FROZEN_BEFORE_LOCKED_TEST,7,3,-0.0016664466257597613,0.0003782143226627721,-0.007893196872695771,0.004000032074254506,1505
302,X_BASE,8,B5_EXACT_SELECTED_DIAGNOSTIC,1,0.01,64,0,1,18,EXACT_MODEL_SELECTION_FROZEN_BEFORE_LOCKED_TEST,7,4,0.0009070098679707598,0.0003982274193550974,0.0019829767725676787,0.004265034312966979,1505
302,X_BASE,8,B5_EXACT_SELECTED_DIAGNOSTIC,1,0.01,64,0,1,18,EXACT_MODEL_SELECTION_FROZEN_BEFORE_LOCKED_TEST,7,5,-0.004092832357878795,0.00039234653171671294,-0.001256867598943764,0.004194354699914904,1505
302,X_BASE,8,B5_EXACT_SELECTED_DIAGNOSTIC,1,0.01,64,0,1,18,EXACT_MODEL_SELECTION_FROZEN_BEFORE_LOCKED_TEST,8,0,0.00808687948322194,0.0009080000991224663,0.019838372857356457,0.002419933027896329,1505
302,X_BASE,8,B5_EXACT_SELECTED_DIAGNOSTIC,1,0.01,64,0,1,18,EXACT_MODEL_SELECTION_FROZEN_BEFORE_LOCKED_TEST,8,1,0.004348706589351743,0.0009068487595063982,-0.0025681822525437915,0.0023309166580563596,1505
302,X_BASE,8,B5_EXACT_SELECTED_DIAGNOSTIC,1,0.01,64,0,1,18,EXACT_MODEL_SELECTION_FROZEN_BEFORE_LOCKED_TEST,8,2,0.0006236962222743496,0.0007839787868231807,0.010433010351858285,0.0023859981960716176,1505
302,X_BASE,8,B5_EXACT_SELECTED_DIAGNOSTIC,1,0.01,64,0,1,18,EXACT_MODEL_SELECTION_FROZEN_BEFORE_LOCKED_TEST,8,3,-0.0018717323451990884,0.0007843185825667486,-0.008865541605278407,0.0023578016984012046,1505
302,X_BASE,8,B5_EXACT_SELECTED_DIAGNOSTIC,1,0.01,64,0,1,18,EXACT_MODEL_SELECTION_FROZEN_BEFORE_LOCKED_TEST,8,4,0.0010187423233682187,0.000759607217929372,0.0022272551113368196,0.0025476824065390354,1505
302,X_BASE,8,B5_EXACT_SELECTED_DIAGNOSTIC,1,0.01,64,0,1,18,EXACT_MODEL_SELECTION_FROZEN_BEFORE_LOCKED_TEST,8,5,-0.0045970189439620114,0.0007670275405745256,-0.0014116982219596784,0.0024969680517818297,1505
302,X_BASE,8,B5_EXACT_SELECTED_DIAGNOSTIC,1,0.01,64,0,1,18,EXACT_MODEL_SELECTION_FROZEN_BEFORE_LOCKED_TEST,9,0,0.006449319464062168,0.0010105015808301806,0.015821183494785642,0.0008675522438574591,1505
302,X_BASE,8,B5_EXACT_SELECTED_DIAGNOSTIC,1,0.01,64,0,1,18,EXACT_MODEL_SELECTION_FROZEN_BEFORE_LOCKED_TEST,9,1,0.003468111291678054,0.001036523834985539,-0.0020481358505407975,0.000836215231398877,1505
302,X_BASE,8,B5_EXACT_SELECTED_DIAGNOSTIC,1,0.01,64,0,1,18,EXACT_MODEL_SELECTION_FROZEN_BEFORE_LOCKED_TEST,9,2,0.0004974002882473296,0.0009428062003590242,0.008320368427723126,0.0008532721885180922,1505
302,X_BASE,8,B5_EXACT_SELECTED_DIAGNOSTIC,1,0.01,64,0,1,18,EXACT_MODEL_SELECTION_FROZEN_BEFORE_LOCKED_TEST,9,3,-0.0014927142008795942,0.000981014158242131,-0.007070305691212662,0.0008248085101202965,1505
302,X_BASE,8,B5_EXACT_SELECTED_DIAGNOSTIC,1,0.01,64,0,1,18,EXACT_MODEL_SELECTION_FROZEN_BEFORE_LOCKED_TEST,9,4,0.0008124511696500385,0.0008555579106790922,0.0017762450610001596,0.0009256924606110851,1505
302,X_BASE,8,B5_EXACT_SELECTED_DIAGNOSTIC,1,0.01,64,0,1,18,EXACT_MODEL_SELECTION_FROZEN_BEFORE_LOCKED_TEST,9,5,-0.003666141410103546,0.0008892639455859684,-0.0011258351060079279,0.0009303030206327343,1505
302,X_BASE,8,B5_EXACT_SELECTED_DIAGNOSTIC,1,0.01,64,0,1,18,EXACT_MODEL_SELECTION_FROZEN_BEFORE_LOCKED_TEST,10,0,0.007831147092979674,0.0004981653323325695,0.019211021538488058,0.003996737654617947,1505
302,X_BASE,8,B5_EXACT_SELECTED_DIAGNOSTIC,1,0.01,64,0,1,18,EXACT_MODEL_SELECTION_FROZEN_BEFORE_LOCKED_TEST,10,1,0.004211186902943094,0.0005038773026881683,-0.0024869683074882965,0.003887068414350433,1505
302,X_BASE,8,B5_EXACT_SELECTED_DIAGNOSTIC,1,0.01,64,0,1,18,EXACT_MODEL_SELECTION_FROZEN_BEFORE_LOCKED_TEST,10,2,0.0006039729994863517,0.0004413474538272818,0.010103085974941514,0.003956662540582147,1505
302,X_BASE,8,B5_EXACT_SELECTED_DIAGNOSTIC,1,0.01,64,0,1,18,EXACT_MODEL_SELECTION_FROZEN_BEFORE_LOCKED_TEST,10,3,-0.0018125423217141808,0.0004555714017757638,-0.008585185486430098,0.003891721324932606,1505
302,X_BASE,8,B5_EXACT_SELECTED_DIAGNOSTIC,1,0.01,64,0,1,18,EXACT_MODEL_SELECTION_FROZEN_BEFORE_LOCKED_TEST,10,4,0.0009865265088582532,0.0004445586561108508,0.002156822347440289,0.004002384117786362,1505
302,X_BASE,8,B5_EXACT_SELECTED_DIAGNOSTIC,1,0.01,64,0,1,18,EXACT_MODEL_SELECTION_FROZEN_BEFORE_LOCKED_TEST,10,5,-0.004451646845247366,0.00045207882473662493,-0.0013670559144600412,0.003991304302142874,1505
302,X_BASE,8,B5_EXACT_SELECTED_DIAGNOSTIC,1,0.01,64,0,1,18,EXACT_MODEL_SELECTION_FROZEN_BEFORE_LOCKED_TEST,11,0,0.008619265518374492,0.0009567286289679419,0.021144398585984978,0.0017384075371650529,1505
302,X_BASE,8,B5_EXACT_SELECTED_DIAGNOSTIC,1,0.01,64,0,1,18,EXACT_MODEL_SELECTION_FROZEN_BEFORE_LOCKED_TEST,11,1,0.004634996333615911,0.0009625825937934427,-0.0027372541881176583,0.0017024009605550183,1505
302,X_BASE,8,B5_EXACT_SELECTED_DIAGNOSTIC,1,0.01,64,0,1,18,EXACT_MODEL_SELECTION_FROZEN_BEFORE_LOCKED_TEST,11,2,0.000664756208342543,0.0009217559934214074,0.011119849945233603,0.0017052966256333676,1505
302,X_BASE,8,B5_EXACT_SELECTED_DIAGNOSTIC,1,0.01,64,0,1,18,EXACT_MODEL_SELECTION_FROZEN_BEFORE_LOCKED_TEST,11,3,-0.001994954678881045,0.0009493395142668448,-0.009449189544450324,0.0016909039438062709,1505
302,X_BASE,8,B5_EXACT_SELECTED_DIAGNOSTIC,1,0.01,64,0,1,18,EXACT_MODEL_SELECTION_FROZEN_BEFORE_LOCKED_TEST,11,4,0.0010858095014441831,0.000834333586893091,0.0023738826851071454,0.0017772520823280322,1505
302,X_BASE,8,B5_EXACT_SELECTED_DIAGNOSTIC,1,0.01,64,0,1,18,EXACT_MODEL_SELECTION_FROZEN_BEFORE_LOCKED_TEST,11,5,-0.004899655912173885,0.0008583812002812599,-0.0015046349870963822,0.0017767928491379918,1505
302,X_BASE,24,B5_EXACT_SELECTED_DIAGNOSTIC,1,0.01,64,0,1,21,EXACT_MODEL_SELECTION_FROZEN_BEFORE_LOCKED_TEST,0,0,0.0018305155480097654,0.0020223559379267974,0.006464283696755325,0.0036989871952800026,1742
302,X_BASE,24,B5_EXACT_SELECTED_DIAGNOSTIC,1,0.01,64,0,1,21,EXACT_MODEL_SELECTION_FROZEN_BEFORE_LOCKED_TEST,0,1,-0.005454585663219037,0.002037896933380672,0.005519831492599725,0.003686549172609358,1742
302,X_BASE,24,B5_EXACT_SELECTED_DIAGNOSTIC,1,0.01,64,0,1,21,EXACT_MODEL_SELECTION_FROZEN_BEFORE_LOCKED_TEST,0,2,0.0010626459922220563,0.002322146567452433,0.003184281352291427,0.003830461490096191,1742
302,X_BASE,24,B5_EXACT_SELECTED_DIAGNOSTIC,1,0.01,64,0,1,21,EXACT_MODEL_SELECTION_FROZEN_BEFORE_LOCKED_TEST,0,3,0.001346023432086828,0.0023904405363461335,0.009682918724561564,0.003816824402612855,1742
302,X_BASE,24,B5_EXACT_SELECTED_DIAGNOSTIC,1,0.01,64,0,1,21,EXACT_MODEL_SELECTION_FROZEN_BEFORE_LOCKED_TEST,0,4,0.019055949145203675,0.002064485634493808,0.0032104801452665283,0.0038618930420635605,1742
302,X_BASE,24,B5_EXACT_SELECTED_DIAGNOSTIC,1,0.01,64,0,1,21,EXACT_MODEL_SELECTION_FROZEN_BEFORE_LOCKED_TEST,0,5,-0.0071630577364869925,0.002109109211791593,0.00930543972805731,0.0038593821799902763,1742
302,X_BASE,24,B5_EXACT_SELECTED_DIAGNOSTIC,1,0.01,64,0,1,21,EXACT_MODEL_SELECTION_FROZEN_BEFORE_LOCKED_TEST,1,0,0.0016981182959407697,0.0020386781143507094,0.0059967359619243635,0.004468866254269684,1742
302,X_BASE,24,B5_EXACT_SELECTED_DIAGNOSTIC,1,0.01,64,0,1,21,EXACT_MODEL_SELECTION_FROZEN_BEFORE_LOCKED_TEST,1,1,-0.0050600672152493744,0.0020578383021310916,0.0051205939541375785,0.00446497457905538,1742
302,X_BASE,24,B5_EXACT_SELECTED_DIAGNOSTIC,1,0.01,64,0,1,21,EXACT_MODEL_SELECTION_FROZEN_BEFORE_LOCKED_TEST,1,2,0.0009857870934023758,0.0023260998003693883,0.002953969131607855,0.004605916161005672,1742
302,X_BASE,24,B5_EXACT_SELECTED_DIAGNOSTIC,1,0.01,64,0,1,21,EXACT_MODEL_SELECTION_FROZEN_BEFORE_LOCKED_TEST,1,3,0.0012486684525989283,0.002394713650377453,0.008982574041593298,0.004598661265741665,1742
302,X_BASE,24,B5_EXACT_SELECTED_DIAGNOSTIC,1,0.01,64,0,1,21,EXACT_MODEL_SELECTION_FROZEN_BEFORE_LOCKED_TEST,1,4,0.01767767333370642,0.002088204484373404,0.0029782730222418126,0.004620334955147086,1742
302,X_BASE,24,B5_EXACT_SELECTED_DIAGNOSTIC,1,0.01,64,0,1,21,EXACT_MODEL_SELECTION_FROZEN_BEFORE_LOCKED_TEST,1,5,-0.006644969178455595,0.00213039360362555,0.008632397288932458,0.004621736304901745,1742
302,X_BASE,24,B5_EXACT_SELECTED_DIAGNOSTIC,1,0.01,64,0,1,21,EXACT_MODEL_SELECTION_FROZEN_BEFORE_LOCKED_TEST,2,0,0.0016981182959407697,0.0020386781143507094,0.0059967359619243635,0.004468866254269684,1742
302,X_BASE,24,B5_EXACT_SELECTED_DIAGNOSTIC,1,0.01,64,0,1,21,EXACT_MODEL_SELECTION_FROZEN_BEFORE_LOCKED_TEST,2,1,-0.0050600672152493744,0.0020578383021310916,0.0051205939541375785,0.00446497457905538,1742
302,X_BASE,24,B5_EXACT_SELECTED_DIAGNOSTIC,1,0.01,64,0,1,21,EXACT_MODEL_SELECTION_FROZEN_BEFORE_LOCKED_TEST,2,2,0.0009857870934023758,0.0023260998003693883,0.002953969131607855,0.004605916161005672,1742
302,X_BASE,24,B5_EXACT_SELECTED_DIAGNOSTIC,1,0.01,64,0,1,21,EXACT_MODEL_SELECTION_FROZEN_BEFORE_LOCKED_TEST,2,3,0.0012486684525989283,0.002394713650377453,0.008982574041593298,0.004598661265741665,1742
302,X_BASE,24,B5_EXACT_SELECTED_DIAGNOSTIC,1,0.01,64,0,1,21,EXACT_MODEL_SELECTION_FROZEN_BEFORE_LOCKED_TEST,2,4,0.01767767333370642,0.002088204484373404,0.0029782730222418126,0.004620334955147086,1742
302,X_BASE,24,B5_EXACT_SELECTED_DIAGNOSTIC,1,0.01,64,0,1,21,EXACT_MODEL_SELECTION_FROZEN_BEFORE_LOCKED_TEST,2,5,-0.006644969178455595,0.00213039360362555,0.008632397288932458,0.004621736304901745,1742
302,X_BASE,24,B5_EXACT_SELECTED_DIAGNOSTIC,1,0.01,64,0,1,21,EXACT_MODEL_SELECTION_FROZEN_BEFORE_LOCKED_TEST,3,0,0.0013235195304253805,0.0018303853130441858,0.004673877658219375,0.00497261073047973,1742
302,X_BASE,24,B5_EXACT_SELECTED_DIAGNOSTIC,1,0.01,64,0,1,21,EXACT_MODEL_SELECTION_FROZEN_BEFORE_LOCKED_TEST,3,1,-0.0039438346554869835,0.0017781238580204355,0.003991009414290884,0.004888017324522528,1742
302,X_BASE,24,B5_EXACT_SELECTED_DIAGNOSTIC,1,0.01,64,0,1,21,EXACT_MODEL_SELECTION_FROZEN_BEFORE_LOCKED_TEST,3,2,0.0007683260194994232,0.0020083842911269626,0.0023023342056336126,0.005161812208381632,1742
302,X_BASE,24,B5_EXACT_SELECTED_DIAGNOSTIC,1,0.01,64,0,1,21,EXACT_MODEL_SELECTION_FROZEN_BEFORE_LOCKED_TEST,3,3,0.0009732166999149725,0.0019747627707900027,0.007001050637025492,0.005065338215106337,1742
302,X_BASE,24,B5_EXACT_SELECTED_DIAGNOSTIC,1,0.01,64,0,1,21,EXACT_MODEL_SELECTION_FROZEN_BEFORE_LOCKED_TEST,3,4,0.013778042416460981,0.0018328824574129644,0.0023212767457359454,0.005136404428608782,1742
302,X_BASE,24,B5_EXACT_SELECTED_DIAGNOSTIC,1,0.01,64,0,1,21,EXACT_MODEL_SELECTION_FROZEN_BEFORE_LOCKED_TEST,3,5,-0.005179112967443952,0.001807966747037049,0.006728121611788884,0.005064466349005444,1742
302,X_BASE,24,B5_EXACT_SELECTED_DIAGNOSTIC,1,0.01,64,0,1,21,EXACT_MODEL_SELECTION_FROZEN_BEFORE_LOCKED_TEST,4,0,0.0008270514686989893,0.0016189839629060163,0.0029206500492722953,0.006565679097474914,1742
302,X_BASE,24,B5_EXACT_SELECTED_DIAGNOSTIC,1,0.01,64,0,1,21,EXACT_MODEL_SELECTION_FROZEN_BEFORE_LOCKED_TEST,4,1,-0.002464454939382842,0.0015511254039288884,0.002493933879932926,0.00647605115905837,1742
302,X_BASE,24,B5_EXACT_SELECTED_DIAGNOSTIC,1,0.01,64,0,1,21,EXACT_MODEL_SELECTION_FROZEN_BEFORE_LOCKED_TEST,4,2,0.00048011770756598796,0.0016668860707601308,0.0014387010107763248,0.006759097356801907,1742
302,X_BASE,24,B5_EXACT_SELECTED_DIAGNOSTIC,1,0.01,64,0,1,21,EXACT_MODEL_SELECTION_FROZEN_BEFORE_LOCKED_TEST,4,3,0.0006081514345076337,0.0016252274598193308,0.004374872511270725,0.006666368334607232,1742
302,X_BASE,24,B5_EXACT_SELECTED_DIAGNOSTIC,1,0.01,64,0,1,21,EXACT_MODEL_SELECTION_FROZEN_BEFORE_LOCKED_TEST,4,4,0.008609733331754186,0.0015906030779565584,0.001450537976723847,0.006651329499843682,1742
302,X_BASE,24,B5_EXACT_SELECTED_DIAGNOSTIC,1,0.01,64,0,1,21,EXACT_MODEL_SELECTION_FROZEN_BEFORE_LOCKED_TEST,4,5,-0.003236365529797525,0.001557305360586924,0.004204322439297121,0.006582236766947163,1742
302,X_BASE,24,B5_EXACT_SELECTED_DIAGNOSTIC,1,0.01,64,0,1,21,EXACT_MODEL_SELECTION_FROZEN_BEFORE_LOCKED_TEST,5,0,0.0011145644043810375,0.001812344773391548,0.003935973401623192,0.006044135804774201,1742
302,X_BASE,24,B5_EXACT_SELECTED_DIAGNOSTIC,1,0.01,64,0,1,21,EXACT_MODEL_SELECTION_FROZEN_BEFORE_LOCKED_TEST,5,1,-0.0033211884091784993,0.0017512358180334746,0.0033609152932473634,0.005939639374320548,1742
302,X_BASE,24,B5_EXACT_SELECTED_DIAGNOSTIC,1,0.01,64,0,1,21,EXACT_MODEL_SELECTION_FROZEN_BEFORE_LOCKED_TEST,5,2,0.0006470239483497418,0.001982852334144395,0.0019388453994051496,0.0062496578747859854,1742
302,X_BASE,24,B5_EXACT_SELECTED_DIAGNOSTIC,1,0.01,64,0,1,21,EXACT_MODEL_SELECTION_FROZEN_BEFORE_LOCKED_TEST,5,3,0.0008195668190296999,0.0019460173989139194,0.005895736068805772,0.006135318784135101,1742
302,X_BASE,24,B5_EXACT_SELECTED_DIAGNOSTIC,1,0.01,64,0,1,21,EXACT_MODEL_SELECTION_FROZEN_BEFORE_LOCKED_TEST,5,4,0.011602787330613777,0.0018246848327019647,0.0019547973218674024,0.006178036272766022,1742
302,X_BASE,24,B5_EXACT_SELECTED_DIAGNOSTIC,1,0.01,64,0,1,21,EXACT_MODEL_SELECTION_FROZEN_BEFORE_LOCKED_TEST,5,5,-0.004361442976157669,0.0017982514990622887,0.005665896637306513,0.006092491715198892,1742
302,X_BASE,24,B5_EXACT_SELECTED_DIAGNOSTIC,1,0.01,64,0,1,21,EXACT_MODEL_SELECTION_FROZEN_BEFORE_LOCKED_TEST,6,0,0.0018558828222759209,0.0020835228388645065,0.00655386570421115,0.005202683419153683,1742
302,X_BASE,24,B5_EXACT_SELECTED_DIAGNOSTIC,1,0.01,64,0,1,21,EXACT_MODEL_SELECTION_FROZEN_BEFORE_LOCKED_TEST,6,1,-0.005530175280951345,0.00201020250067728,0.005596325286672095,0.00508911298388472,1742
302,X_BASE,24,B5_EXACT_SELECTED_DIAGNOSTIC,1,0.01,64,0,1,21,EXACT_MODEL_SELECTION_FROZEN_BEFORE_LOCKED_TEST,6,2,0.0010773721344620563,0.0021787870180515457,0.003228409105531216,0.00534373719863217,1742
302,X_BASE,24,B5_EXACT_SELECTED_DIAGNOSTIC,1,0.01,64,0,1,21,EXACT_MODEL_SELECTION_FROZEN_BEFORE_LOCKED_TEST,6,3,0.0013646766173097227,0.0021381867792046212,0.009817104558301077,0.0052247635891552145,1742
302,X_BASE,24,B5_EXACT_SELECTED_DIAGNOSTIC,1,0.01,64,0,1,21,EXACT_MODEL_SELECTION_FROZEN_BEFORE_LOCKED_TEST,6,4,0.019320026382293427,0.0020489906730573396,0.0032549709612334082,0.005337348557210281,1742
302,X_BASE,24,B5_EXACT_SELECTED_DIAGNOSTIC,1,0.01,64,0,1,21,EXACT_MODEL_SELECTION_FROZEN_BEFORE_LOCKED_TEST,6,5,-0.0072623233506924146,0.0020043964086802913,0.009434394459966274,0.005257413707416024,1742
302,X_BASE,24,B5_EXACT_SELECTED_DIAGNOSTIC,1,0.01,64,0,1,21,EXACT_MODEL_SELECTION_FROZEN_BEFORE_LOCKED_TEST,7,0,0.001634911397047854,0.0017634906075517723,0.005773527081518965,0.005951068255562787,1742
302,X_BASE,24,B5_EXACT_SELECTED_DIAGNOSTIC,1,0.01,64,0,1,21,EXACT_MODEL_SELECTION_FROZEN_BEFORE_LOCKED_TEST,7,1,-0.0048717227650245795,0.0016862708967509757,0.004929996594045216,0.005827805945962091,1742
302,X_BASE,24,B5_EXACT_SELECTED_DIAGNOSTIC,1,0.01,64,0,1,21,EXACT_MODEL_SELECTION_FROZEN_BEFORE_LOCKED_TEST,7,2,0.0009490943934346713,0.0017806127461423595,0.00284401729334037,0.006076270200889102,1742
302,X_BASE,24,B5_EXACT_SELECTED_DIAGNOSTIC,1,0.01,64,0,1,21,EXACT_MODEL_SELECTION_FROZEN_BEFORE_LOCKED_TEST,7,3,0.001202190853939952,0.0017343288460280211,0.008648227105574577,0.005944343257547406,1742
302,X_BASE,24,B5_EXACT_SELECTED_DIAGNOSTIC,1,0.01,64,0,1,21,EXACT_MODEL_SELECTION_FROZEN_BEFORE_LOCKED_TEST,7,4,0.017019679768866716,0.001734704129133524,0.002867416551145347,0.006084207895692619,1742
302,X_BASE,24,B5_EXACT_SELECTED_DIAGNOSTIC,1,0.01,64,0,1,21,EXACT_MODEL_SELECTION_FROZEN_BEFORE_LOCKED_TEST,7,5,-0.006397631936984731,0.0016929142086928573,0.008311084537076878,0.005992132611813775,1742
302,X_BASE,24,B5_EXACT_SELECTED_DIAGNOSTIC,1,0.01,64,0,1,21,EXACT_MODEL_SELECTION_FROZEN_BEFORE_LOCKED_TEST,8,0,0.00178537822857598,0.0019314235470624015,0.006304885740016684,0.005836535721855729,1742
302,X_BASE,24,B5_EXACT_SELECTED_DIAGNOSTIC,1,0.01,64,0,1,21,EXACT_MODEL_SELECTION_FROZEN_BEFORE_LOCKED_TEST,8,1,-0.005320085098212986,0.0018545989991966792,0.005383722079285515,0.005713659757382899,1742
302,X_BASE,24,B5_EXACT_SELECTED_DIAGNOSTIC,1,0.01,64,0,1,21,EXACT_MODEL_SELECTION_FROZEN_BEFORE_LOCKED_TEST,8,2,0.0010364429962146685,0.001997211522435051,0.0031057625302460747,0.005971556037199569,1742
302,X_BASE,24,B5_EXACT_SELECTED_DIAGNOSTIC,1,0.01,64,0,1,21,EXACT_MODEL_SELECTION_FROZEN_BEFORE_LOCKED_TEST,8,3,0.001312832842864287,0.001951100840409806,0.009444154844081487,0.00584096211596788,1742
302,X_BASE,24,B5_EXACT_SELECTED_DIAGNOSTIC,1,0.01,64,0,1,21,EXACT_MODEL_SELECTION_FROZEN_BEFORE_LOCKED_TEST,8,4,0.0185860626891087,0.001896900758041153,0.0031313153066994475,0.005959085575566152,1742
302,X_BASE,24,B5_EXACT_SELECTED_DIAGNOSTIC,1,0.01,64,0,1,21,EXACT_MODEL_SELECTION_FROZEN_BEFORE_LOCKED_TEST,8,5,-0.006986429231186399,0.0018520159945510928,0.009075983820985747,0.00586831974460932,1742
302,X_BASE,24,B5_EXACT_SELECTED_DIAGNOSTIC,1,0.01,64,0,1,21,EXACT_MODEL_SELECTION_FROZEN_BEFORE_LOCKED_TEST,9,0,0.001329338875594467,0.001721000251942651,0.004694428097216311,0.0050277957427852585,1742
302,X_BASE,24,B5_EXACT_SELECTED_DIAGNOSTIC,1,0.01,64,0,1,21,EXACT_MODEL_SELECTION_FROZEN_BEFORE_LOCKED_TEST,9,1,-0.0039611751892853105,0.0016694145288414046,0.004008557369436941,0.004950507333342549,1742
302,X_BASE,24,B5_EXACT_SELECTED_DIAGNOSTIC,1,0.01,64,0,1,21,EXACT_MODEL_SELECTION_FROZEN_BEFORE_LOCKED_TEST,9,2,0.0007717042501995166,0.0019373149408462252,0.002312457273052851,0.005112276773445533,1742
302,X_BASE,24,B5_EXACT_SELECTED_DIAGNOSTIC,1,0.01,64,0,1,21,EXACT_MODEL_SELECTION_FROZEN_BEFORE_LOCKED_TEST,9,3,0.0009774958085876694,0.0019107642279122053,0.007031833356333012,0.005038669619043788,1742
302,X_BASE,24,B5_EXACT_SELECTED_DIAGNOSTIC,1,0.01,64,0,1,21,EXACT_MODEL_SELECTION_FROZEN_BEFORE_LOCKED_TEST,9,4,0.013838622697093435,0.0018260889145847187,0.0023314831010679813,0.005217040246408236,1742
302,X_BASE,24,B5_EXACT_SELECTED_DIAGNOSTIC,1,0.01,64,0,1,21,EXACT_MODEL_SELECTION_FROZEN_BEFORE_LOCKED_TEST,9,5,-0.005201884861121685,0.0017935134555749858,0.006757704297271439,0.00515656249356689,1742
302,X_BASE,24,B5_EXACT_SELECTED_DIAGNOSTIC,1,0.01,64,0,1,21,EXACT_MODEL_SELECTION_FROZEN_BEFORE_LOCKED_TEST,10,0,0.000996870010455506,0.0012096080947191143,0.003520347348799172,0.007306841406688031,1742
302,X_BASE,24,B5_EXACT_SELECTED_DIAGNOSTIC,1,0.01,64,0,1,21,EXACT_MODEL_SELECTION_FROZEN_BEFORE_LOCKED_TEST,10,1,-0.00297048166186601,0.0011384459341356329,0.0030060135155493203,0.007217057101861571,1742
302,X_BASE,24,B5_EXACT_SELECTED_DIAGNOSTIC,1,0.01,64,0,1,21,EXACT_MODEL_SELECTION_FROZEN_BEFORE_LOCKED_TEST,10,2,0.0005787003134328216,0.0013172077434962504,0.0017341096001087302,0.0074688775445691845,1742
302,X_BASE,24,B5_EXACT_SELECTED_DIAGNOSTIC,1,0.01,64,0,1,21,EXACT_MODEL_SELECTION_FROZEN_BEFORE_LOCKED_TEST,10,3,0.0007330232153868573,0.0012851550342776498,0.0052731654209047,0.007384228574915373,1742
302,X_BASE,24,B5_EXACT_SELECTED_DIAGNOSTIC,1,0.01,64,0,1,21,EXACT_MODEL_SELECTION_FROZEN_BEFORE_LOCKED_TEST,10,4,0.010377570539770935,0.0012622842474278861,0.0017483770511857834,0.007403391671156852,1742
302,X_BASE,24,B5_EXACT_SELECTED_DIAGNOSTIC,1,0.01,64,0,1,21,EXACT_MODEL_SELECTION_FROZEN_BEFORE_LOCKED_TEST,10,5,-0.0039008887132528734,0.0012272125209868985,0.005067596289519246,0.007344282239804427,1742
302,X_BASE,24,B5_EXACT_SELECTED_DIAGNOSTIC,1,0.01,64,0,1,21,EXACT_MODEL_SELECTION_FROZEN_BEFORE_LOCKED_TEST,11,0,0.0012771703380002322,0.0016487104358331311,0.0045102000924770805,0.006197642005348994,1742
302,X_BASE,24,B5_EXACT_SELECTED_DIAGNOSTIC,1,0.01,64,0,1,21,EXACT_MODEL_SELECTION_FROZEN_BEFORE_LOCKED_TEST,11,1,-0.0038057229411238534,0.0015971385283635095,0.0038512456563249598,0.006114235988791413,1742
302,X_BASE,24,B5_EXACT_SELECTED_DIAGNOSTIC,1,0.01,64,0,1,21,EXACT_MODEL_SELECTION_FROZEN_BEFORE_LOCKED_TEST,11,2,0.0007414195102229164,0.0018668375195412107,0.0022217072646094653,0.006284994783908982,1742
302,X_BASE,24,B5_EXACT_SELECTED_DIAGNOSTIC,1,0.01,64,0,1,21,EXACT_MODEL_SELECTION_FROZEN_BEFORE_LOCKED_TEST,11,3,0.0009391349904586512,0.001839517281285755,0.006755876285084187,0.006201677834237692,1742
302,X_BASE,24,B5_EXACT_SELECTED_DIAGNOSTIC,1,0.01,64,0,1,21,EXACT_MODEL_SELECTION_FROZEN_BEFORE_LOCKED_TEST,11,4,0.013295540175638621,0.0017534912550506321,0.0022399864435629522,0.006389802559924794,1742
302,X_BASE,24,B5_EXACT_SELECTED_DIAGNOSTIC,1,0.01,64,0,1,21,EXACT_MODEL_SELECTION_FROZEN_BEFORE_LOCKED_TEST,11,5,-0.004997742237355452,0.0017233583082752822,0.0064925051391370794,0.006318019197310954,1742
302,X_BASE,40,B5_EXACT_SELECTED_DIAGNOSTIC,1,0.01,64,0,1,15,EXACT_MODEL_SELECTION_FROZEN_BEFORE_LOCKED_TEST,0,0,-0.0069402515415218574,0.0016570209730065583,0.006297987058487953,0.001613606040088378,1979
302,X_BASE,40,B5_EXACT_SELECTED_DIAGNOSTIC,1,0.01,64,0,1,15,EXACT_MODEL_SELECTION_FROZEN_BEFORE_LOCKED_TEST,0,1,0.0009868527524634935,0.0016391506196020502,0.002572588834019685,0.0017535462385342311,1979
302,X_BASE,40,B5_EXACT_SELECTED_DIAGNOSTIC,1,0.01,64,0,1,15,EXACT_MODEL_SELECTION_FROZEN_BEFORE_LOCKED_TEST,0,2,-0.007907472277361586,0.0017376336676010694,0.0018355820608264505,0.0021248184707607616,1979
302,X_BASE,40,B5_EXACT_SELECTED_DIAGNOSTIC,1,0.01,64,0,1,15,EXACT_MODEL_SELECTION_FROZEN_BEFORE_LOCKED_TEST,0,3,-0.010262483274739612,0.001660324136034325,-0.00038052326572916303,0.002276444538540285,1979
302,X_BASE,40,B5_EXACT_SELECTED_DIAGNOSTIC,1,0.01,64,0,1,15,EXACT_MODEL_SELECTION_FROZEN_BEFORE_LOCKED_TEST,0,4,0.003111442757981798,0.001819771673822878,0.0010622768171650006,0.002108427226675265,1979
302,X_BASE,40,B5_EXACT_SELECTED_DIAGNOSTIC,1,0.01,64,0,1,15,EXACT_MODEL_SELECTION_FROZEN_BEFORE_LOCKED_TEST,0,5,-0.015237584325854132,0.0017191111625032337,0.004094274129276898,0.002203423567431928,1979
302,X_BASE,40,B5_EXACT_SELECTED_DIAGNOSTIC,1,0.01,64,0,1,15,EXACT_MODEL_SELECTION_FROZEN_BEFORE_LOCKED_TEST,1,0,-0.0069402515415218574,0.0016570209730065583,0.006297987058487953,0.001613606040088378,1979
302,X_BASE,40,B5_EXACT_SELECTED_DIAGNOSTIC,1,0.01,64,0,1,15,EXACT_MODEL_SELECTION_FROZEN_BEFORE_LOCKED_TEST,1,1,0.0009868527524634935,0.0016391506196020502,0.002572588834019685,0.0017535462385342311,1979
302,X_BASE,40,B5_EXACT_SELECTED_DIAGNOSTIC,1,0.01,64,0,1,15,EXACT_MODEL_SELECTION_FROZEN_BEFORE_LOCKED_TEST,1,2,-0.007907472277361586,0.0017376336676010694,0.0018355820608264505,0.0021248184707607616,1979
302,X_BASE,40,B5_EXACT_SELECTED_DIAGNOSTIC,1,0.01,64,0,1,15,EXACT_MODEL_SELECTION_FROZEN_BEFORE_LOCKED_TEST,1,3,-0.010262483274739612,0.001660324136034325,-0.00038052326572916303,0.002276444538540285,1979
302,X_BASE,40,B5_EXACT_SELECTED_DIAGNOSTIC,1,0.01,64,0,1,15,EXACT_MODEL_SELECTION_FROZEN_BEFORE_LOCKED_TEST,1,4,0.003111442757981798,0.001819771673822878,0.0010622768171650006,0.002108427226675265,1979
302,X_BASE,40,B5_EXACT_SELECTED_DIAGNOSTIC,1,0.01,64,0,1,15,EXACT_MODEL_SELECTION_FROZEN_BEFORE_LOCKED_TEST,1,5,-0.015237584325854132,0.0017191111625032337,0.004094274129276898,0.002203423567431928,1979
302,X_BASE,40,B5_EXACT_SELECTED_DIAGNOSTIC,1,0.01,64,0,1,15,EXACT_MODEL_SELECTION_FROZEN_BEFORE_LOCKED_TEST,2,0,-0.0069402515415218574,0.0016570209730065583,0.006297987058487953,0.001613606040088378,1979
302,X_BASE,40,B5_EXACT_SELECTED_DIAGNOSTIC,1,0.01,64,0,1,15,EXACT_MODEL_SELECTION_FROZEN_BEFORE_LOCKED_TEST,2,1,0.0009868527524634935,0.0016391506196020502,0.002572588834019685,0.0017535462385342311,1979
302,X_BASE,40,B5_EXACT_SELECTED_DIAGNOSTIC,1,0.01,64,0,1,15,EXACT_MODEL_SELECTION_FROZEN_BEFORE_LOCKED_TEST,2,2,-0.007907472277361586,0.0017376336676010694,0.0018355820608264505,0.0021248184707607616,1979
302,X_BASE,40,B5_EXACT_SELECTED_DIAGNOSTIC,1,0.01,64,0,1,15,EXACT_MODEL_SELECTION_FROZEN_BEFORE_LOCKED_TEST,2,3,-0.010262483274739612,0.001660324136034325,-0.00038052326572916303,0.002276444538540285,1979
302,X_BASE,40,B5_EXACT_SELECTED_DIAGNOSTIC,1,0.01,64,0,1,15,EXACT_MODEL_SELECTION_FROZEN_BEFORE_LOCKED_TEST,2,4,0.003111442757981798,0.001819771673822878,0.0010622768171650006,0.002108427226675265,1979
302,X_BASE,40,B5_EXACT_SELECTED_DIAGNOSTIC,1,0.01,64,0,1,15,EXACT_MODEL_SELECTION_FROZEN_BEFORE_LOCKED_TEST,2,5,-0.015237584325854132,0.0017191111625032337,0.004094274129276898,0.002203423567431928,1979
302,X_BASE,40,B5_EXACT_SELECTED_DIAGNOSTIC,1,0.01,64,0,1,15,EXACT_MODEL_SELECTION_FROZEN_BEFORE_LOCKED_TEST,3,0,-0.0050485027773244364,0.0019902524106061637,0.004581304433435234,0.0019757083354810818,1979
302,X_BASE,40,B5_EXACT_SELECTED_DIAGNOSTIC,1,0.01,64,0,1,15,EXACT_MODEL_SELECTION_FROZEN_BEFORE_LOCKED_TEST,3,1,0.0007178599841540812,0.0018291735994336404,0.0018713618369247565,0.0017259486991437845,1979
302,X_BASE,40,B5_EXACT_SELECTED_DIAGNOSTIC,1,0.01,64,0,1,15,EXACT_MODEL_SELECTION_FROZEN_BEFORE_LOCKED_TEST,3,2,-0.005752081969225299,0.001732019106346182,0.0013352457150360283,0.002104767143892531,1979
302,X_BASE,40,B5_EXACT_SELECTED_DIAGNOSTIC,1,0.01,64,0,1,15,EXACT_MODEL_SELECTION_FROZEN_BEFORE_LOCKED_TEST,3,3,-0.0074651725524357004,0.001651394900008504,-0.00027680160472238303,0.002019781598727494,1979
302,X_BASE,40,B5_EXACT_SELECTED_DIAGNOSTIC,1,0.01,64,0,1,15,EXACT_MODEL_SELECTION_FROZEN_BEFORE_LOCKED_TEST,3,4,0.0022633368994162766,0.0017855885230971258,0.0007727252290006902,0.002173998556131496,1979
302,X_BASE,40,B5_EXACT_SELECTED_DIAGNOSTIC,1,0.01,64,0,1,15,EXACT_MODEL_SELECTION_FROZEN_BEFORE_LOCKED_TEST,3,5,-0.011084178480931739,0.0016742310890187906,0.002978271635994553,0.002024707859055937,1979
302,X_BASE,40,B5_EXACT_SELECTED_DIAGNOSTIC,1,0.01,64,0,1,15,EXACT_MODEL_SELECTION_FROZEN_BEFORE_LOCKED_TEST,4,0,-0.0050485027773244364,0.0019902524106061637,0.004581304433435234,0.0019757083354810818,1979
302,X_BASE,40,B5_EXACT_SELECTED_DIAGNOSTIC,1,0.01,64,0,1,15,EXACT_MODEL_SELECTION_FROZEN_BEFORE_LOCKED_TEST,4,1,0.0007178599841540812,0.0018291735994336404,0.0018713618369247565,0.0017259486991437845,1979
302,X_BASE,40,B5_EXACT_SELECTED_DIAGNOSTIC,1,0.01,64,0,1,15,EXACT_MODEL_SELECTION_FROZEN_BEFORE_LOCKED_TEST,4,2,-0.005752081969225299,0.001732019106346182,0.0013352457150360283,0.002104767143892531,1979
302,X_BASE,40,B5_EXACT_SELECTED_DIAGNOSTIC,1,0.01,64,0,1,15,EXACT_MODEL_SELECTION_FROZEN_BEFORE_LOCKED_TEST,4,3,-0.0074651725524357004,0.001651394900008504,-0.00027680160472238303,0.002019781598727494,1979
302,X_BASE,40,B5_EXACT_SELECTED_DIAGNOSTIC,1,0.01,64,0,1,15,EXACT_MODEL_SELECTION_FROZEN_BEFORE_LOCKED_TEST,4,4,0.0022633368994162766,0.0017855885230971258,0.0007727252290006902,0.002173998556131496,1979
302,X_BASE,40,B5_EXACT_SELECTED_DIAGNOSTIC,1,0.01,64,0,1,15,EXACT_MODEL_SELECTION_FROZEN_BEFORE_LOCKED_TEST,4,5,-0.011084178480931739,0.0016742310890187906,0.002978271635994553,0.002024707859055937,1979
302,X_BASE,40,B5_EXACT_SELECTED_DIAGNOSTIC,1,0.01,64,0,1,15,EXACT_MODEL_SELECTION_FROZEN_BEFORE_LOCKED_TEST,5,0,-0.0050485027773244364,0.0019902524106061637,0.004581304433435234,0.0019757083354810818,1979
302,X_BASE,40,B5_EXACT_SELECTED_DIAGNOSTIC,1,0.01,64,0,1,15,EXACT_MODEL_SELECTION_FROZEN_BEFORE_LOCKED_TEST,5,1,0.0007178599841540812,0.0018291735994336404,0.0018713618369247565,0.0017259486991437845,1979
302,X_BASE,40,B5_EXACT_SELECTED_DIAGNOSTIC,1,0.01,64,0,1,15,EXACT_MODEL_SELECTION_FROZEN_BEFORE_LOCKED_TEST,5,2,-0.005752081969225299,0.001732019106346182,0.0013352457150360283,0.002104767143892531,1979
302,X_BASE,40,B5_EXACT_SELECTED_DIAGNOSTIC,1,0.01,64,0,1,15,EXACT_MODEL_SELECTION_FROZEN_BEFORE_LOCKED_TEST,5,3,-0.0074651725524357004,0.001651394900008504,-0.00027680160472238303,0.002019781598727494,1979
302,X_BASE,40,B5_EXACT_SELECTED_DIAGNOSTIC,1,0.01,64,0,1,15,EXACT_MODEL_SELECTION_FROZEN_BEFORE_LOCKED_TEST,5,4,0.0022633368994162766,0.0017855885230971258,0.0007727252290006902,0.002173998556131496,1979
302,X_BASE,40,B5_EXACT_SELECTED_DIAGNOSTIC,1,0.01,64,0,1,15,EXACT_MODEL_SELECTION_FROZEN_BEFORE_LOCKED_TEST,5,5,-0.011084178480931739,0.0016742310890187906,0.002978271635994553,0.002024707859055937,1979
302,X_BASE,40,B5_EXACT_SELECTED_DIAGNOSTIC,1,0.01,64,0,1,15,EXACT_MODEL_SELECTION_FROZEN_BEFORE_LOCKED_TEST,6,0,0.00044874730989433566,0.0014951675384533361,-0.0004072193541310868,0.0016163133860200181,1979
302,X_BASE,40,B5_EXACT_SELECTED_DIAGNOSTIC,1,0.01,64,0,1,15,EXACT_MODEL_SELECTION_FROZEN_BEFORE_LOCKED_TEST,6,1,-6.380856879327258e-05,0.0015308920753560214,-0.00016634012640950958,0.001683919484403176,1979
302,X_BASE,40,B5_EXACT_SELECTED_DIAGNOSTIC,1,0.01,64,0,1,15,EXACT_MODEL_SELECTION_FROZEN_BEFORE_LOCKED_TEST,6,2,0.0005112864989547544,0.0015699965283020288,-0.00011868626186790156,0.002017995122740024,1979
302,X_BASE,40,B5_EXACT_SELECTED_DIAGNOSTIC,1,0.01,64,0,1,15,EXACT_MODEL_SELECTION_FROZEN_BEFORE_LOCKED_TEST,6,3,0.0006635583357206635,0.0015511013152131297,2.460412145389261e-05,0.0021070209616805627,1979
302,X_BASE,40,B5_EXACT_SELECTED_DIAGNOSTIC,1,0.01,64,0,1,15,EXACT_MODEL_SELECTION_FROZEN_BEFORE_LOCKED_TEST,6,4,-0.00020118169481049878,0.0016193301984121875,-6.868538715260773e-05,0.0020717847353023933,1979
302,X_BASE,40,B5_EXACT_SELECTED_DIAGNOSTIC,1,0.01,64,0,1,15,EXACT_MODEL_SELECTION_FROZEN_BEFORE_LOCKED_TEST,6,5,0.0009852416637359718,0.001567934080602841,-0.00026473024651785183,0.0021174111031212637,1979
302,X_BASE,40,B5_EXACT_SELECTED_DIAGNOSTIC,1,0.01,64,0,1,15,EXACT_MODEL_SELECTION_FROZEN_BEFORE_LOCKED_TEST,7,0,-0.003469460839155461,0.0012607524503173092,0.0031483901317127835,0.003807270231191272,1979
302,X_BASE,40,B5_EXACT_SELECTED_DIAGNOSTIC,1,0.01,64,0,1,15,EXACT_MODEL_SELECTION_FROZEN_BEFORE_LOCKED_TEST,7,1,0.0004933318278452608,0.0012514378467672488,0.0012860479424241045,0.004031315398529801,1979
302,X_BASE,40,B5_EXACT_SELECTED_DIAGNOSTIC,1,0.01,64,0,1,15,EXACT_MODEL_SELECTION_FROZEN_BEFORE_LOCKED_TEST,7,2,-0.0039529785395930475,0.001384225969590604,0.000917615166970903,0.003812148049556232,1979
302,X_BASE,40,B5_EXACT_SELECTED_DIAGNOSTIC,1,0.01,64,0,1,15,EXACT_MODEL_SELECTION_FROZEN_BEFORE_LOCKED_TEST,7,3,-0.005130258409393249,0.001292852397331298,-0.00019022517569231844,0.003969537700278904,1979
302,X_BASE,40,B5_EXACT_SELECTED_DIAGNOSTIC,1,0.01,64,0,1,15,EXACT_MODEL_SELECTION_FROZEN_BEFORE_LOCKED_TEST,7,4,0.0015554232778895183,0.0013634840054918794,0.0005310366339673783,0.0037590732981717875,1979
302,X_BASE,40,B5_EXACT_SELECTED_DIAGNOSTIC,1,0.01,64,0,1,15,EXACT_MODEL_SELECTION_FROZEN_BEFORE_LOCKED_TEST,7,5,-0.0076173322804792,0.0011939681247370628,0.002046744800431062,0.003846131579896545,1979
302,X_BASE,40,B5_EXACT_SELECTED_DIAGNOSTIC,1,0.01,64,0,1,15,EXACT_MODEL_SELECTION_FROZEN_BEFORE_LOCKED_TEST,8,0,0.00044874730989433566,0.0014951675384533361,-0.0004072193541310868,0.0016163133860200181,1979
302,X_BASE,40,B5_EXACT_SELECTED_DIAGNOSTIC,1,0.01,64,0,1,15,EXACT_MODEL_SELECTION_FROZEN_BEFORE_LOCKED_TEST,8,1,-6.380856879327258e-05,0.0015308920753560214,-0.00016634012640950958,0.001683919484403176,1979
302,X_BASE,40,B5_EXACT_SELECTED_DIAGNOSTIC,1,0.01,64,0,1,15,EXACT_MODEL_SELECTION_FROZEN_BEFORE_LOCKED_TEST,8,2,0.0005112864989547544,0.0015699965283020288,-0.00011868626186790156,0.002017995122740024,1979
302,X_BASE,40,B5_EXACT_SELECTED_DIAGNOSTIC,1,0.01,64,0,1,15,EXACT_MODEL_SELECTION_FROZEN_BEFORE_LOCKED_TEST,8,3,0.0006635583357206635,0.0015511013152131297,2.460412145389261e-05,0.0021070209616805627,1979
302,X_BASE,40,B5_EXACT_SELECTED_DIAGNOSTIC,1,0.01,64,0,1,15,EXACT_MODEL_SELECTION_FROZEN_BEFORE_LOCKED_TEST,8,4,-0.00020118169481049878,0.0016193301984121875,-6.868538715260773e-05,0.0020717847353023933,1979
302,X_BASE,40,B5_EXACT_SELECTED_DIAGNOSTIC,1,0.01,64,0,1,15,EXACT_MODEL_SELECTION_FROZEN_BEFORE_LOCKED_TEST,8,5,0.0009852416637359718,0.001567934080602841,-0.00026473024651785183,0.0021174111031212637,1979
302,X_BASE,40,B5_EXACT_SELECTED_DIAGNOSTIC,1,0.01,64,0,1,15,EXACT_MODEL_SELECTION_FROZEN_BEFORE_LOCKED_TEST,9,0,0.0006457271519725759,0.001390269086015885,-0.0005859702954722885,0.001830093642008631,1979
302,X_BASE,40,B5_EXACT_SELECTED_DIAGNOSTIC,1,0.01,64,0,1,15,EXACT_MODEL_SELECTION_FROZEN_BEFORE_LOCKED_TEST,9,1,-9.181765436772867e-05,0.0013973828562171473,-0.00023935594424056214,0.0017726712163669879,1979
302,X_BASE,40,B5_EXACT_SELECTED_DIAGNOSTIC,1,0.01,64,0,1,15,EXACT_MODEL_SELECTION_FROZEN_BEFORE_LOCKED_TEST,9,2,0.0007357182261211152,0.0012858262919066069,-0.00017078418112919093,0.001969050144475295,1979
302,X_BASE,40,B5_EXACT_SELECTED_DIAGNOSTIC,1,0.01,64,0,1,15,EXACT_MODEL_SELECTION_FROZEN_BEFORE_LOCKED_TEST,9,3,0.0009548305356826716,0.0013662725694195306,3.540422175890124e-05,0.00206900088734418,1979
302,X_BASE,40,B5_EXACT_SELECTED_DIAGNOSTIC,1,0.01,64,0,1,15,EXACT_MODEL_SELECTION_FROZEN_BEFORE_LOCKED_TEST,9,4,-0.0002894913907107057,0.00156389986584393,-9.883517616769779e-05,0.0021891911347824877,1979
302,X_BASE,40,B5_EXACT_SELECTED_DIAGNOSTIC,1,0.01,64,0,1,15,EXACT_MODEL_SELECTION_FROZEN_BEFORE_LOCKED_TEST,9,5,0.0014177183450498091,0.0015536637273260861,-0.00038093489221188107,0.0021832578275354226,1979
302,X_BASE,40,B5_EXACT_SELECTED_DIAGNOSTIC,1,0.01,64,0,1,15,EXACT_MODEL_SELECTION_FROZEN_BEFORE_LOCKED_TEST,10,0,-0.0073848008484264415,0.0016175007381917378,0.006701396901055555,0.003420480036652604,1979
302,X_BASE,40,B5_EXACT_SELECTED_DIAGNOSTIC,1,0.01,64,0,1,15,EXACT_MODEL_SELECTION_FROZEN_BEFORE_LOCKED_TEST,10,1,0.001050064396090509,0.0015947725079038997,0.002737372858960538,0.003662357813985292,1979
302,X_BASE,40,B5_EXACT_SELECTED_DIAGNOSTIC,1,0.01,64,0,1,15,EXACT_MODEL_SELECTION_FROZEN_BEFORE_LOCKED_TEST,10,2,-0.008413975723128263,0.001435775294788201,0.0019531580201450605,0.0033571706552644348,1979
302,X_BASE,40,B5_EXACT_SELECTED_DIAGNOSTIC,1,0.01,64,0,1,15,EXACT_MODEL_SELECTION_FROZEN_BEFORE_LOCKED_TEST,10,3,-0.010919834063772393,0.0013881604081951871,-0.0004048972171672222,0.0035889488002482112,1979
302,X_BASE,40,B5_EXACT_SELECTED_DIAGNOSTIC,1,0.01,64,0,1,15,EXACT_MODEL_SELECTION_FROZEN_BEFORE_LOCKED_TEST,10,4,0.003310742410632542,0.001646268682058984,0.0011303196568209193,0.003571141443476753,1979
302,X_BASE,40,B5_EXACT_SELECTED_DIAGNOSTIC,1,0.01,64,0,1,15,EXACT_MODEL_SELECTION_FROZEN_BEFORE_LOCKED_TEST,10,5,-0.01621360911550798,0.0013936212373531296,0.0043565278409123005,0.0036298550832859623,1979
302,X_BASE,40,B5_EXACT_SELECTED_DIAGNOSTIC,1,0.01,64,0,1,15,EXACT_MODEL_SELECTION_FROZEN_BEFORE_LOCKED_TEST,11,0,0.0006457271519725759,0.001390269086015885,-0.0005859702954722885,0.001830093642008631,1979
302,X_BASE,40,B5_EXACT_SELECTED_DIAGNOSTIC,1,0.01,64,0,1,15,EXACT_MODEL_SELECTION_FROZEN_BEFORE_LOCKED_TEST,11,1,-9.181765436772867e-05,0.0013973828562171473,-0.00023935594424056214,0.0017726712163669879,1979
302,X_BASE,40,B5_EXACT_SELECTED_DIAGNOSTIC,1,0.01,64,0,1,15,EXACT_MODEL_SELECTION_FROZEN_BEFORE_LOCKED_TEST,11,2,0.0007357182261211152,0.0012858262919066069,-0.00017078418112919093,0.001969050144475295,1979
302,X_BASE,40,B5_EXACT_SELECTED_DIAGNOSTIC,1,0.01,64,0,1,15,EXACT_MODEL_SELECTION_FROZEN_BEFORE_LOCKED_TEST,11,3,0.0009548305356826716,0.0013662725694195306,3.540422175890124e-05,0.00206900088734418,1979
302,X_BASE,40,B5_EXACT_SELECTED_DIAGNOSTIC,1,0.01,64,0,1,15,EXACT_MODEL_SELECTION_FROZEN_BEFORE_LOCKED_TEST,11,4,-0.0002894913907107057,0.00156389986584393,-9.883517616769779e-05,0.0021891911347824877,1979
302,X_BASE,40,B5_EXACT_SELECTED_DIAGNOSTIC,1,0.01,64,0,1,15,EXACT_MODEL_SELECTION_FROZEN_BEFORE_LOCKED_TEST,11,5,0.0014177183450498091,0.0015536637273260861,-0.00038093489221188107,0.0021832578275354226,1979
302,X_VALID,8,B5_EXACT_SELECTED_DIAGNOSTIC,1,0.01,64,0,1,18,EXACT_MODEL_SELECTION_FROZEN_BEFORE_LOCKED_TEST,0,0,-5.682882956785317e-05,-0.0006955999377013128,0.00044146467267951005,0.0066148711741984625,2216
302,X_VALID,8,B5_EXACT_SELECTED_DIAGNOSTIC,1,0.01,64,0,1,18,EXACT_MODEL_SELECTION_FROZEN_BEFORE_LOCKED_TEST,0,1,4.2798380636504845e-05,-0.0006861509067840511,-0.00023244089606062966,0.006626999631007318,2216
302,X_VALID,8,B5_EXACT_SELECTED_DIAGNOSTIC,1,0.01,64,0,1,18,EXACT_MODEL_SELECTION_FROZEN_BEFORE_LOCKED_TEST,0,2,0.0003042636242318297,-0.0008002576251479217,-0.0005924371199862091,0.006685918506248955,2216
302,X_VALID,8,B5_EXACT_SELECTED_DIAGNOSTIC,1,0.01,64,0,1,18,EXACT_MODEL_SELECTION_FROZEN_BEFORE_LOCKED_TEST,0,3,0.0002821021604306343,-0.0008163396839540512,-0.0001348061835963171,0.0067335909326501865,2216
302,X_VALID,8,B5_EXACT_SELECTED_DIAGNOSTIC,1,0.01,64,0,1,18,EXACT_MODEL_SELECTION_FROZEN_BEFORE_LOCKED_TEST,0,4,7.292061641324067e-05,-0.0006283128445740971,-0.0006792918851664097,0.006552829478515286,2216
302,X_VALID,8,B5_EXACT_SELECTED_DIAGNOSTIC,1,0.01,64,0,1,18,EXACT_MODEL_SELECTION_FROZEN_BEFORE_LOCKED_TEST,0,5,0.0004882026076152136,-0.0006366123375837572,1.6550681162271003e-05,0.006557756435237112,2216
302,X_VALID,8,B5_EXACT_SELECTED_DIAGNOSTIC,1,0.01,64,0,1,18,EXACT_MODEL_SELECTION_FROZEN_BEFORE_LOCKED_TEST,1,0,0.0001976743944766622,-0.0008767359079216967,-0.0015355984368913484,0.0076780010062353,2216
302,X_VALID,8,B5_EXACT_SELECTED_DIAGNOSTIC,1,0.01,64,0,1,18,EXACT_MODEL_SELECTION_FROZEN_BEFORE_LOCKED_TEST,1,1,-0.00014887063557769494,-0.000865226928790484,0.0008085264773144188,0.007663527739599756,2216
302,X_VALID,8,B5_EXACT_SELECTED_DIAGNOSTIC,1,0.01,64,0,1,18,EXACT_MODEL_SELECTION_FROZEN_BEFORE_LOCKED_TEST,1,2,-0.0010583559108759914,-0.001005370151160124,0.0020607436375043365,0.007814399448489566,2216
302,X_VALID,8,B5_EXACT_SELECTED_DIAGNOSTIC,1,0.01,64,0,1,18,EXACT_MODEL_SELECTION_FROZEN_BEFORE_LOCKED_TEST,1,3,-0.0009812690876749752,-0.0010203480141547864,0.0004689121862398132,0.007831360354039255,2216
302,X_VALID,8,B5_EXACT_SELECTED_DIAGNOSTIC,1,0.01,64,0,1,18,EXACT_MODEL_SELECTION_FROZEN_BEFORE_LOCKED_TEST,1,4,-0.0002536483472203401,-0.0007928512748955849,0.0023628607714479325,0.007677437951630339,2216
302,X_VALID,8,B5_EXACT_SELECTED_DIAGNOSTIC,1,0.01,64,0,1,18,EXACT_MODEL_SELECTION_FROZEN_BEFORE_LOCKED_TEST,1,5,-0.0016981724870303485,-0.0007987708663231991,-5.7570178759741906e-05,0.007625549686657743,2216
302,X_VALID,8,B5_EXACT_SELECTED_DIAGNOSTIC,1,0.01,64,0,1,18,EXACT_MODEL_SELECTION_FROZEN_BEFORE_LOCKED_TEST,2,0,-5.682882956785317e-05,-0.0006955999377013128,0.00044146467267951005,0.0066148711741984625,2216
302,X_VALID,8,B5_EXACT_SELECTED_DIAGNOSTIC,1,0.01,64,0,1,18,EXACT_MODEL_SELECTION_FROZEN_BEFORE_LOCKED_TEST,2,1,4.2798380636504845e-05,-0.0006861509067840511,-0.00023244089606062966,0.006626999631007318,2216
302,X_VALID,8,B5_EXACT_SELECTED_DIAGNOSTIC,1,0.01,64,0,1,18,EXACT_MODEL_SELECTION_FROZEN_BEFORE_LOCKED_TEST,2,2,0.0003042636242318297,-0.0008002576251479217,-0.0005924371199862091,0.006685918506248955,2216
302,X_VALID,8,B5_EXACT_SELECTED_DIAGNOSTIC,1,0.01,64,0,1,18,EXACT_MODEL_SELECTION_FROZEN_BEFORE_LOCKED_TEST,2,3,0.0002821021604306343,-0.0008163396839540512,-0.0001348061835963171,0.0067335909326501865,2216
302,X_VALID,8,B5_EXACT_SELECTED_DIAGNOSTIC,1,0.01,64,0,1,18,EXACT_MODEL_SELECTION_FROZEN_BEFORE_LOCKED_TEST,2,4,7.292061641324067e-05,-0.0006283128445740971,-0.0006792918851664097,0.006552829478515286,2216
302,X_VALID,8,B5_EXACT_SELECTED_DIAGNOSTIC,1,0.01,64,0,1,18,EXACT_MODEL_SELECTION_FROZEN_BEFORE_LOCKED_TEST,2,5,0.0004882026076152136,-0.0006366123375837572,1.6550681162271003e-05,0.006557756435237112,2216
302,X_VALID,8,B5_EXACT_SELECTED_DIAGNOSTIC,1,0.01,64,0,1,18,EXACT_MODEL_SELECTION_FROZEN_BEFORE_LOCKED_TEST,3,0,-0.0001609684265476031,-0.000760874689588196,0.0012504546420884146,0.0067337467649124195,2216
302,X_VALID,8,B5_EXACT_SELECTED_DIAGNOSTIC,1,0.01,64,0,1,18,EXACT_MODEL_SELECTION_FROZEN_BEFORE_LOCKED_TEST,3,1,0.00012122699063541256,-0.0007478072390402982,-0.0006583919744382651,0.006742511163698475,2216
302,X_VALID,8,B5_EXACT_SELECTED_DIAGNOSTIC,1,0.01,64,0,1,18,EXACT_MODEL_SELECTION_FROZEN_BEFORE_LOCKED_TEST,3,2,0.00086183082109391,-0.0008354584153238339,-0.0016780861361698491,0.0067911712881365514,2216
302,X_VALID,8,B5_EXACT_SELECTED_DIAGNOSTIC,1,0.01,64,0,1,18,EXACT_MODEL_SELECTION_FROZEN_BEFORE_LOCKED_TEST,3,3,0.0007990581758503413,-0.0008509474187721258,-0.0003818403339888846,0.006848615880643249,2216
302,X_VALID,8,B5_EXACT_SELECTED_DIAGNOSTIC,1,0.01,64,0,1,18,EXACT_MODEL_SELECTION_FROZEN_BEFORE_LOCKED_TEST,3,4,0.0002065486299151333,-0.0006636384325308057,-0.0019241034304821557,0.006656290460659838,2216
302,X_VALID,8,B5_EXACT_SELECTED_DIAGNOSTIC,1,0.01,64,0,1,18,EXACT_MODEL_SELECTION_FROZEN_BEFORE_LOCKED_TEST,3,5,0.001382840473433078,-0.0006710392145103291,4.6880027712005554e-05,0.006663469152124151,2216
302,X_VALID,8,B5_EXACT_SELECTED_DIAGNOSTIC,1,0.01,64,0,1,18,EXACT_MODEL_SELECTION_FROZEN_BEFORE_LOCKED_TEST,4,0,0.0004580451307873732,-0.000866493441510954,-0.0035582422737398273,0.007333087686651603,2216
302,X_VALID,8,B5_EXACT_SELECTED_DIAGNOSTIC,1,0.01,64,0,1,18,EXACT_MODEL_SELECTION_FROZEN_BEFORE_LOCKED_TEST,4,1,-0.0003449585361023338,-0.0008441209419362284,0.001873493109853737,0.007306783121598946,2216
302,X_VALID,8,B5_EXACT_SELECTED_DIAGNOSTIC,1,0.01,64,0,1,18,EXACT_MODEL_SELECTION_FROZEN_BEFORE_LOCKED_TEST,4,2,-0.0024523903204570854,-0.0009602094367781611,0.00477509285640614,0.007470361683808223,2216
302,X_VALID,8,B5_EXACT_SELECTED_DIAGNOSTIC,1,0.01,64,0,1,18,EXACT_MODEL_SELECTION_FROZEN_BEFORE_LOCKED_TEST,4,3,-0.0022737670642251754,-0.0009631485978955646,0.001086549141797754,0.007465318242270229,2216
302,X_VALID,8,B5_EXACT_SELECTED_DIAGNOSTIC,1,0.01,64,0,1,18,EXACT_MODEL_SELECTION_FROZEN_BEFORE_LOCKED_TEST,4,4,-0.0005877462818800139,-0.0007538002607701515,0.005475149545572517,0.0072671109578070605,2216
302,X_VALID,8,B5_EXACT_SELECTED_DIAGNOSTIC,1,0.01,64,0,1,18,EXACT_MODEL_SELECTION_FROZEN_BEFORE_LOCKED_TEST,4,5,-0.003934953947781873,-0.0007527302614451665,-0.00013339987775994727,0.007236041037123869,2216
302,X_VALID,8,B5_EXACT_SELECTED_DIAGNOSTIC,1,0.01,64,0,1,18,EXACT_MODEL_SELECTION_FROZEN_BEFORE_LOCKED_TEST,5,0,-0.0001609684265476031,-0.000760874689588196,0.0012504546420884146,0.0067337467649124195,2216
302,X_VALID,8,B5_EXACT_SELECTED_DIAGNOSTIC,1,0.01,64,0,1,18,EXACT_MODEL_SELECTION_FROZEN_BEFORE_LOCKED_TEST,5,1,0.00012122699063541256,-0.0007478072390402982,-0.0006583919744382651,0.006742511163698475,2216
302,X_VALID,8,B5_EXACT_SELECTED_DIAGNOSTIC,1,0.01,64,0,1,18,EXACT_MODEL_SELECTION_FROZEN_BEFORE_LOCKED_TEST,5,2,0.00086183082109391,-0.0008354584153238339,-0.0016780861361698491,0.0067911712881365514,2216
302,X_VALID,8,B5_EXACT_SELECTED_DIAGNOSTIC,1,0.01,64,0,1,18,EXACT_MODEL_SELECTION_FROZEN_BEFORE_LOCKED_TEST,5,3,0.0007990581758503413,-0.0008509474187721258,-0.0003818403339888846,0.006848615880643249,2216
302,X_VALID,8,B5_EXACT_SELECTED_DIAGNOSTIC,1,0.01,64,0,1,18,EXACT_MODEL_SELECTION_FROZEN_BEFORE_LOCKED_TEST,5,4,0.0002065486299151333,-0.0006636384325308057,-0.0019241034304821557,0.006656290460659838,2216
302,X_VALID,8,B5_EXACT_SELECTED_DIAGNOSTIC,1,0.01,64,0,1,18,EXACT_MODEL_SELECTION_FROZEN_BEFORE_LOCKED_TEST,5,5,0.001382840473433078,-0.0006710392145103291,4.6880027712005554e-05,0.006663469152124151,2216
302,X_VALID,8,B5_EXACT_SELECTED_DIAGNOSTIC,1,0.01,64,0,1,18,EXACT_MODEL_SELECTION_FROZEN_BEFORE_LOCKED_TEST,6,0,-0.00037289336041979574,-0.0006154161794019643,0.002896755864125859,0.00632770890696622,2216
302,X_VALID,8,B5_EXACT_SELECTED_DIAGNOSTIC,1,0.01,64,0,1,18,EXACT_MODEL_SELECTION_FROZEN_BEFORE_LOCKED_TEST,6,1,0.000280829855153301,-0.0006151737402310889,-0.001525205912037069,0.006371604774495052,2216
302,X_VALID,8,B5_EXACT_SELECTED_DIAGNOSTIC,1,0.01,64,0,1,18,EXACT_MODEL_SELECTION_FROZEN_BEFORE_LOCKED_TEST,6,2,0.0019964846391538845,-0.0006593255388950402,-0.003887390787193874,0.0063404854684522794,2216
302,X_VALID,8,B5_EXACT_SELECTED_DIAGNOSTIC,1,0.01,64,0,1,18,EXACT_MODEL_SELECTION_FROZEN_BEFORE_LOCKED_TEST,6,3,0.001851067906634655,-0.0006896101486064075,-0.000884556855892635,0.006435206607346953,2216
302,X_VALID,8,B5_EXACT_SELECTED_DIAGNOSTIC,1,0.01,64,0,1,18,EXACT_MODEL_SELECTION_FROZEN_BEFORE_LOCKED_TEST,6,4,0.00047848273323577236,-0.0005330722612636157,-0.004457305133535405,0.006267627620608863,2216
302,X_VALID,8,B5_EXACT_SELECTED_DIAGNOSTIC,1,0.01,64,0,1,18,EXACT_MODEL_SELECTION_FROZEN_BEFORE_LOCKED_TEST,6,5,0.003203435867036125,-0.0005515612888811686,0.00010860049666282377,0.006303958492931552,2216
302,X_VALID,8,B5_EXACT_SELECTED_DIAGNOSTIC,1,0.01,64,0,1,18,EXACT_MODEL_SELECTION_FROZEN_BEFORE_LOCKED_TEST,7,0,-0.0003603835476416316,-0.0008741394649631953,0.0027995756046450553,0.007666612674260166,2216
302,X_VALID,8,B5_EXACT_SELECTED_DIAGNOSTIC,1,0.01,64,0,1,18,EXACT_MODEL_SELECTION_FROZEN_BEFORE_LOCKED_TEST,7,1,0.0002714085854730584,-0.0008566053044435801,-0.0014740383600424353,0.007659042028270843,2216
302,X_VALID,8,B5_EXACT_SELECTED_DIAGNOSTIC,1,0.01,64,0,1,18,EXACT_MODEL_SELECTION_FROZEN_BEFORE_LOCKED_TEST,7,2,0.0019295066457077712,-0.0008971987201473833,-0.003756976743649065,0.00765630327107233,2216
302,X_VALID,8,B5_EXACT_SELECTED_DIAGNOSTIC,1,0.01,64,0,1,18,EXACT_MODEL_SELECTION_FROZEN_BEFORE_LOCKED_TEST,7,3,0.0017889683483974176,-0.0009155521886847184,-0.0008548817749354379,0.007704839632363797,2216
302,X_VALID,8,B5_EXACT_SELECTED_DIAGNOSTIC,1,0.01,64,0,1,18,EXACT_MODEL_SELECTION_FROZEN_BEFORE_LOCKED_TEST,7,4,0.00046243061205124535,-0.0007349991140935836,-0.0043077716244031795,0.007600956914294632,2216
302,X_VALID,8,B5_EXACT_SELECTED_DIAGNOSTIC,1,0.01,64,0,1,18,EXACT_MODEL_SELECTION_FROZEN_BEFORE_LOCKED_TEST,7,5,0.003095967118066275,-0.0007442544078513809,0.00010495717118409139,0.0075769586803025165,2216
302,X_VALID,8,B5_EXACT_SELECTED_DIAGNOSTIC,1,0.01,64,0,1,18,EXACT_MODEL_SELECTION_FROZEN_BEFORE_LOCKED_TEST,8,0,-0.0003646844040754604,-0.0006870157328599009,0.002832986044244817,0.006687096900702628,2216
302,X_VALID,8,B5_EXACT_SELECTED_DIAGNOSTIC,1,0.01,64,0,1,18,EXACT_MODEL_SELECTION_FROZEN_BEFORE_LOCKED_TEST,8,1,0.0002746476050361519,-0.0006817479327349395,-0.0014916296940697138,0.00673062342912133,2216
302,X_VALID,8,B5_EXACT_SELECTED_DIAGNOSTIC,1,0.01,64,0,1,18,EXACT_MODEL_SELECTION_FROZEN_BEFORE_LOCKED_TEST,8,2,0.001952533587768846,-0.00071882778427365,-0.003801812912518066,0.00665037731396833,2216
302,X_VALID,8,B5_EXACT_SELECTED_DIAGNOSTIC,1,0.01,64,0,1,18,EXACT_MODEL_SELECTION_FROZEN_BEFORE_LOCKED_TEST,8,3,0.0018103180911408698,-0.0007456415703742184,-0.0008650840269692922,0.0067431541442815055,2216
302,X_VALID,8,B5_EXACT_SELECTED_DIAGNOSTIC,1,0.01,64,0,1,18,EXACT_MODEL_SELECTION_FROZEN_BEFORE_LOCKED_TEST,8,4,0.0004679493092449863,-0.0005851816906840655,-0.00435918103925445,0.006576947393289248,2216
302,X_VALID,8,B5_EXACT_SELECTED_DIAGNOSTIC,1,0.01,64,0,1,18,EXACT_MODEL_SELECTION_FROZEN_BEFORE_LOCKED_TEST,8,5,0.0031329147262070876,-0.0006008333844031398,0.00010620974147459911,0.006612780611959117,2216
302,X_VALID,8,B5_EXACT_SELECTED_DIAGNOSTIC,1,0.01,64,0,1,18,EXACT_MODEL_SELECTION_FROZEN_BEFORE_LOCKED_TEST,9,0,-0.0003070923678730343,-0.0006221879576855174,0.002385592536330083,0.006319842277260311,2216
302,X_VALID,8,B5_EXACT_SELECTED_DIAGNOSTIC,1,0.01,64,0,1,18,EXACT_MODEL_SELECTION_FROZEN_BEFORE_LOCKED_TEST,9,1,0.00023127444557173222,-0.0006027879146950343,-0.0012560671353711499,0.006304623600321792,2216
302,X_VALID,8,B5_EXACT_SELECTED_DIAGNOSTIC,1,0.01,64,0,1,18,EXACT_MODEL_SELECTION_FROZEN_BEFORE_LOCKED_TEST,9,2,0.001644183727405835,-0.0006687807385751671,-0.003201419409407676,0.00630977328610447,2216
302,X_VALID,8,B5_EXACT_SELECTED_DIAGNOSTIC,1,0.01,64,0,1,18,EXACT_MODEL_SELECTION_FROZEN_BEFORE_LOCKED_TEST,9,3,0.001524427321264903,-0.0006734838003133922,-0.000728467407112286,0.006345484006776572,2216
302,X_VALID,8,B5_EXACT_SELECTED_DIAGNOSTIC,1,0.01,64,0,1,18,EXACT_MODEL_SELECTION_FROZEN_BEFORE_LOCKED_TEST,9,4,0.00039404937478724344,-0.0005446294913743679,-0.0036707663184162025,0.006248484623731814,2216
302,X_VALID,8,B5_EXACT_SELECTED_DIAGNOSTIC,1,0.01,64,0,1,18,EXACT_MODEL_SELECTION_FROZEN_BEFORE_LOCKED_TEST,9,5,0.002638155596629676,-0.000542564941044549,8.943678598843616e-05,0.00623588279627963,2216
302,X_VALID,8,B5_EXACT_SELECTED_DIAGNOSTIC,1,0.01,64,0,1,18,EXACT_MODEL_SELECTION_FROZEN_BEFORE_LOCKED_TEST,10,0,-0.0003070923678730343,-0.0006221879576855174,0.002385592536330083,0.006319842277260311,2216
302,X_VALID,8,B5_EXACT_SELECTED_DIAGNOSTIC,1,0.01,64,0,1,18,EXACT_MODEL_SELECTION_FROZEN_BEFORE_LOCKED_TEST,10,1,0.00023127444557173222,-0.0006027879146950343,-0.0012560671353711499,0.006304623600321792,2216
302,X_VALID,8,B5_EXACT_SELECTED_DIAGNOSTIC,1,0.01,64,0,1,18,EXACT_MODEL_SELECTION_FROZEN_BEFORE_LOCKED_TEST,10,2,0.001644183727405835,-0.0006687807385751671,-0.003201419409407676,0.00630977328610447,2216
302,X_VALID,8,B5_EXACT_SELECTED_DIAGNOSTIC,1,0.01,64,0,1,18,EXACT_MODEL_SELECTION_FROZEN_BEFORE_LOCKED_TEST,10,3,0.001524427321264903,-0.0006734838003133922,-0.000728467407112286,0.006345484006776572,2216
302,X_VALID,8,B5_EXACT_SELECTED_DIAGNOSTIC,1,0.01,64,0,1,18,EXACT_MODEL_SELECTION_FROZEN_BEFORE_LOCKED_TEST,10,4,0.00039404937478724344,-0.0005446294913743679,-0.0036707663184162025,0.006248484623731814,2216
302,X_VALID,8,B5_EXACT_SELECTED_DIAGNOSTIC,1,0.01,64,0,1,18,EXACT_MODEL_SELECTION_FROZEN_BEFORE_LOCKED_TEST,10,5,0.002638155596629676,-0.000542564941044549,8.943678598843616e-05,0.00623588279627963,2216
302,X_VALID,8,B5_EXACT_SELECTED_DIAGNOSTIC,1,0.01,64,0,1,18,EXACT_MODEL_SELECTION_FROZEN_BEFORE_LOCKED_TEST,11,0,-0.0003070923678730343,-0.0006221879576855174,0.002385592536330083,0.006319842277260311,2216
302,X_VALID,8,B5_EXACT_SELECTED_DIAGNOSTIC,1,0.01,64,0,1,18,EXACT_MODEL_SELECTION_FROZEN_BEFORE_LOCKED_TEST,11,1,0.00023127444557173222,-0.0006027879146950343,-0.0012560671353711499,0.006304623600321792,2216
302,X_VALID,8,B5_EXACT_SELECTED_DIAGNOSTIC,1,0.01,64,0,1,18,EXACT_MODEL_SELECTION_FROZEN_BEFORE_LOCKED_TEST,11,2,0.001644183727405835,-0.0006687807385751671,-0.003201419409407676,0.00630977328610447,2216
302,X_VALID,8,B5_EXACT_SELECTED_DIAGNOSTIC,1,0.01,64,0,1,18,EXACT_MODEL_SELECTION_FROZEN_BEFORE_LOCKED_TEST,11,3,0.001524427321264903,-0.0006734838003133922,-0.000728467407112286,0.006345484006776572,2216
302,X_VALID,8,B5_EXACT_SELECTED_DIAGNOSTIC,1,0.01,64,0,1,18,EXACT_MODEL_SELECTION_FROZEN_BEFORE_LOCKED_TEST,11,4,0.00039404937478724344,-0.0005446294913743679,-0.0036707663184162025,0.006248484623731814,2216
302,X_VALID,8,B5_EXACT_SELECTED_DIAGNOSTIC,1,0.01,64,0,1,18,EXACT_MODEL_SELECTION_FROZEN_BEFORE_LOCKED_TEST,11,5,0.002638155596629676,-0.000542564941044549,8.943678598843616e-05,0.00623588279627963,2216
302,X_VALID,24,B5_EXACT_SELECTED_DIAGNOSTIC,1,0.01,64,0,1,9,EXACT_MODEL_SELECTION_FROZEN_BEFORE_LOCKED_TEST,0,0,0.003135388527309739,0.000556089706626817,0.013873699819329248,-4.0160470580251295e-05,2453
302,X_VALID,24,B5_EXACT_SELECTED_DIAGNOSTIC,1,0.01,64,0,1,9,EXACT_MODEL_SELECTION_FROZEN_BEFORE_LOCKED_TEST,0,1,0.0036519657345639098,0.0006220057860256365,0.004653670337093795,-0.00021911654812157023,2453
302,X_VALID,24,B5_EXACT_SELECTED_DIAGNOSTIC,1,0.01,64,0,1,9,EXACT_MODEL_SELECTION_FROZEN_BEFORE_LOCKED_TEST,0,2,0.006312204307800295,0.0005886730128678644,-0.001248010523993394,-4.994423819995308e-05,2453
302,X_VALID,24,B5_EXACT_SELECTED_DIAGNOSTIC,1,0.01,64,0,1,9,EXACT_MODEL_SELECTION_FROZEN_BEFORE_LOCKED_TEST,0,3,0.02753654924637709,0.0006718314367875998,0.007474703092683328,-0.00022400620612305117,2453
302,X_VALID,24,B5_EXACT_SELECTED_DIAGNOSTIC,1,0.01,64,0,1,9,EXACT_MODEL_SELECTION_FROZEN_BEFORE_LOCKED_TEST,0,4,0.004368320932318881,0.0004424762983915598,-0.007947117068813373,0.00012353142567821397,2453
302,X_VALID,24,B5_EXACT_SELECTED_DIAGNOSTIC,1,0.01,64,0,1,9,EXACT_MODEL_SELECTION_FROZEN_BEFORE_LOCKED_TEST,0,5,-0.008816476172617417,0.0005120405955668759,-0.008806431361854387,-5.586811583254437e-05,2453
302,X_VALID,24,B5_EXACT_SELECTED_DIAGNOSTIC,1,0.01,64,0,1,9,EXACT_MODEL_SELECTION_FROZEN_BEFORE_LOCKED_TEST,1,0,0.003135388527309739,0.000556089706626817,0.013873699819329248,-4.0160470580251295e-05,2453
302,X_VALID,24,B5_EXACT_SELECTED_DIAGNOSTIC,1,0.01,64,0,1,9,EXACT_MODEL_SELECTION_FROZEN_BEFORE_LOCKED_TEST,1,1,0.0036519657345639098,0.0006220057860256365,0.004653670337093795,-0.00021911654812157023,2453
302,X_VALID,24,B5_EXACT_SELECTED_DIAGNOSTIC,1,0.01,64,0,1,9,EXACT_MODEL_SELECTION_FROZEN_BEFORE_LOCKED_TEST,1,2,0.006312204307800295,0.0005886730128678644,-0.001248010523993394,-4.994423819995308e-05,2453
302,X_VALID,24,B5_EXACT_SELECTED_DIAGNOSTIC,1,0.01,64,0,1,9,EXACT_MODEL_SELECTION_FROZEN_BEFORE_LOCKED_TEST,1,3,0.02753654924637709,0.0006718314367875998,0.007474703092683328,-0.00022400620612305117,2453
302,X_VALID,24,B5_EXACT_SELECTED_DIAGNOSTIC,1,0.01,64,0,1,9,EXACT_MODEL_SELECTION_FROZEN_BEFORE_LOCKED_TEST,1,4,0.004368320932318881,0.0004424762983915598,-0.007947117068813373,0.00012353142567821397,2453
302,X_VALID,24,B5_EXACT_SELECTED_DIAGNOSTIC,1,0.01,64,0,1,9,EXACT_MODEL_SELECTION_FROZEN_BEFORE_LOCKED_TEST,1,5,-0.008816476172617417,0.0005120405955668759,-0.008806431361854387,-5.586811583254437e-05,2453
302,X_VALID,24,B5_EXACT_SELECTED_DIAGNOSTIC,1,0.01,64,0,1,9,EXACT_MODEL_SELECTION_FROZEN_BEFORE_LOCKED_TEST,2,0,0.003135388527309739,0.000556089706626817,0.013873699819329248,-4.0160470580251295e-05,2453
302,X_VALID,24,B5_EXACT_SELECTED_DIAGNOSTIC,1,0.01,64,0,1,9,EXACT_MODEL_SELECTION_FROZEN_BEFORE_LOCKED_TEST,2,1,0.0036519657345639098,0.0006220057860256365,0.004653670337093795,-0.00021911654812157023,2453
302,X_VALID,24,B5_EXACT_SELECTED_DIAGNOSTIC,1,0.01,64,0,1,9,EXACT_MODEL_SELECTION_FROZEN_BEFORE_LOCKED_TEST,2,2,0.006312204307800295,0.0005886730128678644,-0.001248010523993394,-4.994423819995308e-05,2453
302,X_VALID,24,B5_EXACT_SELECTED_DIAGNOSTIC,1,0.01,64,0,1,9,EXACT_MODEL_SELECTION_FROZEN_BEFORE_LOCKED_TEST,2,3,0.02753654924637709,0.0006718314367875998,0.007474703092683328,-0.00022400620612305117,2453
302,X_VALID,24,B5_EXACT_SELECTED_DIAGNOSTIC,1,0.01,64,0,1,9,EXACT_MODEL_SELECTION_FROZEN_BEFORE_LOCKED_TEST,2,4,0.004368320932318881,0.0004424762983915598,-0.007947117068813373,0.00012353142567821397,2453
302,X_VALID,24,B5_EXACT_SELECTED_DIAGNOSTIC,1,0.01,64,0,1,9,EXACT_MODEL_SELECTION_FROZEN_BEFORE_LOCKED_TEST,2,5,-0.008816476172617417,0.0005120405955668759,-0.008806431361854387,-5.586811583254437e-05,2453
302,X_VALID,24,B5_EXACT_SELECTED_DIAGNOSTIC,1,0.01,64,0,1,9,EXACT_MODEL_SELECTION_FROZEN_BEFORE_LOCKED_TEST,3,0,0.0037339856530820294,0.0006491253749891101,0.01652241680076304,-0.00018438807746966727,2453
302,X_VALID,24,B5_EXACT_SELECTED_DIAGNOSTIC,1,0.01,64,0,1,9,EXACT_MODEL_SELECTION_FROZEN_BEFORE_LOCKED_TEST,3,1,0.004349185926922191,0.0007782015241290923,0.005542132377383996,-0.0004871867798642085,2453
302,X_VALID,24,B5_EXACT_SELECTED_DIAGNOSTIC,1,0.01,64,0,1,9,EXACT_MODEL_SELECTION_FROZEN_BEFORE_LOCKED_TEST,3,2,0.007517307701853584,0.0007057644592330017,-0.0014862762145414828,-0.00019577642427206794,2453
302,X_VALID,24,B5_EXACT_SELECTED_DIAGNOSTIC,1,0.01,64,0,1,9,EXACT_MODEL_SELECTION_FROZEN_BEFORE_LOCKED_TEST,3,3,0.0327937284090219,0.0008583421314008322,0.008901746582926813,-0.0004899981929697388,2453
302,X_VALID,24,B5_EXACT_SELECTED_DIAGNOSTIC,1,0.01,64,0,1,9,EXACT_MODEL_SELECTION_FROZEN_BEFORE_LOCKED_TEST,3,4,0.0052023050882731145,0.0005821114785451402,-0.009464352140043713,-6.285567299183295e-05,2453
302,X_VALID,24,B5_EXACT_SELECTED_DIAGNOSTIC,1,0.01,64,0,1,9,EXACT_MODEL_SELECTION_FROZEN_BEFORE_LOCKED_TEST,3,5,-0.010499686164106714,0.0007127546524612864,-0.010487723634120273,-0.0003633228265198949,2453
302,X_VALID,24,B5_EXACT_SELECTED_DIAGNOSTIC,1,0.01,64,0,1,9,EXACT_MODEL_SELECTION_FROZEN_BEFORE_LOCKED_TEST,4,0,0.0037339856530820294,0.0006491253749891101,0.01652241680076304,-0.00018438807746966727,2453
302,X_VALID,24,B5_EXACT_SELECTED_DIAGNOSTIC,1,0.01,64,0,1,9,EXACT_MODEL_SELECTION_FROZEN_BEFORE_LOCKED_TEST,4,1,0.004349185926922191,0.0007782015241290923,0.005542132377383996,-0.0004871867798642085,2453
302,X_VALID,24,B5_EXACT_SELECTED_DIAGNOSTIC,1,0.01,64,0,1,9,EXACT_MODEL_SELECTION_FROZEN_BEFORE_LOCKED_TEST,4,2,0.007517307701853584,0.0007057644592330017,-0.0014862762145414828,-0.00019577642427206794,2453
302,X_VALID,24,B5_EXACT_SELECTED_DIAGNOSTIC,1,0.01,64,0,1,9,EXACT_MODEL_SELECTION_FROZEN_BEFORE_LOCKED_TEST,4,3,0.0327937284090219,0.0008583421314008322,0.008901746582926813,-0.0004899981929697388,2453
302,X_VALID,24,B5_EXACT_SELECTED_DIAGNOSTIC,1,0.01,64,0,1,9,EXACT_MODEL_SELECTION_FROZEN_BEFORE_LOCKED_TEST,4,4,0.0052023050882731145,0.0005821114785451402,-0.009464352140043713,-6.285567299183295e-05,2453
302,X_VALID,24,B5_EXACT_SELECTED_DIAGNOSTIC,1,0.01,64,0,1,9,EXACT_MODEL_SELECTION_FROZEN_BEFORE_LOCKED_TEST,4,5,-0.010499686164106714,0.0007127546524612864,-0.010487723634120273,-0.0003633228265198949,2453
302,X_VALID,24,B5_EXACT_SELECTED_DIAGNOSTIC,1,0.01,64,0,1,9,EXACT_MODEL_SELECTION_FROZEN_BEFORE_LOCKED_TEST,5,0,0.0037339856530820294,0.0006491253749891101,0.01652241680076304,-0.00018438807746966727,2453
302,X_VALID,24,B5_EXACT_SELECTED_DIAGNOSTIC,1,0.01,64,0,1,9,EXACT_MODEL_SELECTION_FROZEN_BEFORE_LOCKED_TEST,5,1,0.004349185926922191,0.0007782015241290923,0.005542132377383996,-0.0004871867798642085,2453
302,X_VALID,24,B5_EXACT_SELECTED_DIAGNOSTIC,1,0.01,64,0,1,9,EXACT_MODEL_SELECTION_FROZEN_BEFORE_LOCKED_TEST,5,2,0.007517307701853584,0.0007057644592330017,-0.0014862762145414828,-0.00019577642427206794,2453
302,X_VALID,24,B5_EXACT_SELECTED_DIAGNOSTIC,1,0.01,64,0,1,9,EXACT_MODEL_SELECTION_FROZEN_BEFORE_LOCKED_TEST,5,3,0.0327937284090219,0.0008583421314008322,0.008901746582926813,-0.0004899981929697388,2453
302,X_VALID,24,B5_EXACT_SELECTED_DIAGNOSTIC,1,0.01,64,0,1,9,EXACT_MODEL_SELECTION_FROZEN_BEFORE_LOCKED_TEST,5,4,0.0052023050882731145,0.0005821114785451402,-0.009464352140043713,-6.285567299183295e-05,2453
302,X_VALID,24,B5_EXACT_SELECTED_DIAGNOSTIC,1,0.01,64,0,1,9,EXACT_MODEL_SELECTION_FROZEN_BEFORE_LOCKED_TEST,5,5,-0.010499686164106714,0.0007127546524612864,-0.010487723634120273,-0.0003633228265198949,2453
302,X_VALID,24,B5_EXACT_SELECTED_DIAGNOSTIC,1,0.01,64,0,1,9,EXACT_MODEL_SELECTION_FROZEN_BEFORE_LOCKED_TEST,6,0,0.00278971227844849,0.0006669644969389618,0.012344125902221224,-0.0002087841315818719,2453
302,X_VALID,24,B5_EXACT_SELECTED_DIAGNOSTIC,1,0.01,64,0,1,9,EXACT_MODEL_SELECTION_FROZEN_BEFORE_LOCKED_TEST,6,1,0.0032493369040064914,0.0007131070613451933,0.004140603681541626,-0.0003763713441655601,2453
302,X_VALID,24,B5_EXACT_SELECTED_DIAGNOSTIC,1,0.01,64,0,1,9,EXACT_MODEL_SELECTION_FROZEN_BEFORE_LOCKED_TEST,6,2,0.005616284459857741,0.0007855003428776253,-0.001110417497573935,-0.0003134224325917918,2453
302,X_VALID,24,B5_EXACT_SELECTED_DIAGNOSTIC,1,0.01,64,0,1,9,EXACT_MODEL_SELECTION_FROZEN_BEFORE_LOCKED_TEST,6,3,0.02450064764529607,0.0008479903309265886,0.006650617878386983,-0.0004910718382945097,2453
302,X_VALID,24,B5_EXACT_SELECTED_DIAGNOSTIC,1,0.01,64,0,1,9,EXACT_MODEL_SELECTION_FROZEN_BEFORE_LOCKED_TEST,6,4,0.0038867140180390385,0.0005428273797691724,-0.007070948264315727,-6.2528823526420444e-06,2453
302,X_VALID,24,B5_EXACT_SELECTED_DIAGNOSTIC,1,0.01,64,0,1,9,EXACT_MODEL_SELECTION_FROZEN_BEFORE_LOCKED_TEST,6,5,-0.007844460620165314,0.0005919483943025387,-0.007835523248711587,-0.00017078553223105723,2453
302,X_VALID,24,B5_EXACT_SELECTED_DIAGNOSTIC,1,0.01,64,0,1,9,EXACT_MODEL_SELECTION_FROZEN_BEFORE_LOCKED_TEST,7,0,0.0016651505677913972,0.0004681559456336786,0.007368081796020839,0.00027568393594399704,2453
302,X_VALID,24,B5_EXACT_SELECTED_DIAGNOSTIC,1,0.01,64,0,1,9,EXACT_MODEL_SELECTION_FROZEN_BEFORE_LOCKED_TEST,7,1,0.0019394957797085426,0.0004128603721888057,0.002471483752852359,0.00034595396959593666,2453
302,X_VALID,24,B5_EXACT_SELECTED_DIAGNOSTIC,1,0.01,64,0,1,9,EXACT_MODEL_SELECTION_FROZEN_BEFORE_LOCKED_TEST,7,2,0.0033523024325688646,0.0003710068906216558,-0.0006627967840465159,0.0004970955453008422,2453
302,X_VALID,24,B5_EXACT_SELECTED_DIAGNOSTIC,1,0.01,64,0,1,9,EXACT_MODEL_SELECTION_FROZEN_BEFORE_LOCKED_TEST,7,3,0.014624184598890332,0.0003203266449153524,0.003969685412331732,0.0006185688345905728,2453
302,X_VALID,24,B5_EXACT_SELECTED_DIAGNOSTIC,1,0.01,64,0,1,9,EXACT_MODEL_SELECTION_FROZEN_BEFORE_LOCKED_TEST,7,4,0.0023199396238740033,0.00035648049026291116,-0.004220576296741677,0.0004504185857589606,2453
302,X_VALID,24,B5_EXACT_SELECTED_DIAGNOSTIC,1,0.01,64,0,1,9,EXACT_MODEL_SELECTION_FROZEN_BEFORE_LOCKED_TEST,7,5,-0.00468227786664441,0.0003082936963574763,-0.004676943241541418,0.0005023396937184097,2453
302,X_VALID,24,B5_EXACT_SELECTED_DIAGNOSTIC,1,0.01,64,0,1,9,EXACT_MODEL_SELECTION_FROZEN_BEFORE_LOCKED_TEST,8,0,0.00278971227844849,0.0006669644969389618,0.012344125902221224,-0.0002087841315818719,2453
302,X_VALID,24,B5_EXACT_SELECTED_DIAGNOSTIC,1,0.01,64,0,1,9,EXACT_MODEL_SELECTION_FROZEN_BEFORE_LOCKED_TEST,8,1,0.0032493369040064914,0.0007131070613451933,0.004140603681541626,-0.0003763713441655601,2453
302,X_VALID,24,B5_EXACT_SELECTED_DIAGNOSTIC,1,0.01,64,0,1,9,EXACT_MODEL_SELECTION_FROZEN_BEFORE_LOCKED_TEST,8,2,0.005616284459857741,0.0007855003428776253,-0.001110417497573935,-0.0003134224325917918,2453
302,X_VALID,24,B5_EXACT_SELECTED_DIAGNOSTIC,1,0.01,64,0,1,9,EXACT_MODEL_SELECTION_FROZEN_BEFORE_LOCKED_TEST,8,3,0.02450064764529607,0.0008479903309265886,0.006650617878386983,-0.0004910718382945097,2453
302,X_VALID,24,B5_EXACT_SELECTED_DIAGNOSTIC,1,0.01,64,0,1,9,EXACT_MODEL_SELECTION_FROZEN_BEFORE_LOCKED_TEST,8,4,0.0038867140180390385,0.0005428273797691724,-0.007070948264315727,-6.2528823526420444e-06,2453
302,X_VALID,24,B5_EXACT_SELECTED_DIAGNOSTIC,1,0.01,64,0,1,9,EXACT_MODEL_SELECTION_FROZEN_BEFORE_LOCKED_TEST,8,5,-0.007844460620165314,0.0005919483943025387,-0.007835523248711587,-0.00017078553223105723,2453
302,X_VALID,24,B5_EXACT_SELECTED_DIAGNOSTIC,1,0.01,64,0,1,9,EXACT_MODEL_SELECTION_FROZEN_BEFORE_LOCKED_TEST,9,0,0.0032665662236371663,0.0006715252581762267,0.014454144624171142,-9.282077768454217e-05,2453
302,X_VALID,24,B5_EXACT_SELECTED_DIAGNOSTIC,1,0.01,64,0,1,9,EXACT_MODEL_SELECTION_FROZEN_BEFORE_LOCKED_TEST,9,1,0.0038047558745909374,0.0007441358283731611,0.004848369574196324,-0.0003019122404566054,2453
302,X_VALID,24,B5_EXACT_SELECTED_DIAGNOSTIC,1,0.01,64,0,1,9,EXACT_MODEL_SELECTION_FROZEN_BEFORE_LOCKED_TEST,9,2,0.006576292924771714,0.0007012674945637022,-0.0013002245140950625,-7.28437038147135e-05,2453
302,X_VALID,24,B5_EXACT_SELECTED_DIAGNOSTIC,1,0.01,64,0,1,9,EXACT_MODEL_SELECTION_FROZEN_BEFORE_LOCKED_TEST,9,3,0.02868861734367467,0.000789916457074262,0.007787428078403353,-0.0002712924373122856,2453
302,X_VALID,24,B5_EXACT_SELECTED_DIAGNOSTIC,1,0.01,64,0,1,9,EXACT_MODEL_SELECTION_FROZEN_BEFORE_LOCKED_TEST,9,4,0.0045510817837187325,0.0005532227705959345,-0.008279606806672361,8.81564933011113e-05,2453
302,X_VALID,24,B5_EXACT_SELECTED_DIAGNOSTIC,1,0.01,64,0,1,9,EXACT_MODEL_SELECTION_FROZEN_BEFORE_LOCKED_TEST,9,5,-0.009185337965653934,0.0006258308552137623,-0.009174872902305148,-0.00011512119511944158,2453
302,X_VALID,24,B5_EXACT_SELECTED_DIAGNOSTIC,1,0.01,64,0,1,9,EXACT_MODEL_SELECTION_FROZEN_BEFORE_LOCKED_TEST,10,0,0.005325803085262524,0.00017625709550139756,0.023566008696596367,0.0008375314725330285,2453
302,X_VALID,24,B5_EXACT_SELECTED_DIAGNOSTIC,1,0.01,64,0,1,9,EXACT_MODEL_SELECTION_FROZEN_BEFORE_LOCKED_TEST,10,1,0.006203266423603929,0.0003408011175882319,0.007904772127349304,0.000589625340426859,2453
302,X_VALID,24,B5_EXACT_SELECTED_DIAGNOSTIC,1,0.01,64,0,1,9,EXACT_MODEL_SELECTION_FROZEN_BEFORE_LOCKED_TEST,10,2,0.01072197492734181,0.00010014679962733429,-0.0021198834661894845,0.0010007466640537964,2453
302,X_VALID,24,B5_EXACT_SELECTED_DIAGNOSTIC,1,0.01,64,0,1,9,EXACT_MODEL_SELECTION_FROZEN_BEFORE_LOCKED_TEST,10,3,0.04677386475598042,0.0002790645630472155,0.012696607277118336,0.0007627517308558144,2453
302,X_VALID,24,B5_EXACT_SELECTED_DIAGNOSTIC,1,0.01,64,0,1,9,EXACT_MODEL_SELECTION_FROZEN_BEFORE_LOCKED_TEST,10,4,0.007420074704018482,0.00011870339613811604,-0.013499054498469025,0.000911055765208789,2453
302,X_VALID,24,B5_EXACT_SELECTED_DIAGNOSTIC,1,0.01,64,0,1,9,EXACT_MODEL_SELECTION_FROZEN_BEFORE_LOCKED_TEST,10,5,-0.014975756781746612,0.0002803515033804628,-0.014958694563241103,0.0006626173755899505,2453
302,X_VALID,24,B5_EXACT_SELECTED_DIAGNOSTIC,1,0.01,64,0,1,9,EXACT_MODEL_SELECTION_FROZEN_BEFORE_LOCKED_TEST,11,0,0.0028676801694483395,0.00042616177603534605,0.012689124011978997,0.00034778996519279487,2453
302,X_VALID,24,B5_EXACT_SELECTED_DIAGNOSTIC,1,0.01,64,0,1,9,EXACT_MODEL_SELECTION_FROZEN_BEFORE_LOCKED_TEST,11,1,0.0033401505508153513,0.000545081250453183,0.004256326775643486,0.00011724781518102426,2453
302,X_VALID,24,B5_EXACT_SELECTED_DIAGNOSTIC,1,0.01,64,0,1,9,EXACT_MODEL_SELECTION_FROZEN_BEFORE_LOCKED_TEST,11,2,0.005773250415799929,0.000489860309576679,-0.0011414518487089978,0.00029984401809398314,2453
302,X_VALID,24,B5_EXACT_SELECTED_DIAGNOSTIC,1,0.01,64,0,1,9,EXACT_MODEL_SELECTION_FROZEN_BEFORE_LOCKED_TEST,11,3,0.02518540063569998,0.0006236852973833708,0.00683649176001613,6.023105880366333e-05,2453
302,X_VALID,24,B5_EXACT_SELECTED_DIAGNOSTIC,1,0.01,64,0,1,9,EXACT_MODEL_SELECTION_FROZEN_BEFORE_LOCKED_TEST,11,4,0.003995341311701947,0.00035974458242186747,-0.007268569692086888,0.000430899853246149,2453
302,X_VALID,24,B5_EXACT_SELECTED_DIAGNOSTIC,1,0.01,64,0,1,9,EXACT_MODEL_SELECTION_FROZEN_BEFORE_LOCKED_TEST,11,5,-0.00806370045192524,0.0004754008587389066,-0.008054513295571214,0.00020012093807397248,2453
302,X_VALID,40,B5_EXACT_SELECTED_DIAGNOSTIC,1,0.01,64,0,1,12,EXACT_MODEL_SELECTION_FROZEN_BEFORE_LOCKED_TEST,0,0,-0.00032277807959627387,0.0007594127908739194,0.003417894536271723,1.0643904773487463e-05,2690
302,X_VALID,40,B5_EXACT_SELECTED_DIAGNOSTIC,1,0.01,64,0,1,12,EXACT_MODEL_SELECTION_FROZEN_BEFORE_LOCKED_TEST,0,1,-0.00806048933849106,0.0007215980025919456,0.002570660355822777,-0.0003568420866763254,2690
302,X_VALID,40,B5_EXACT_SELECTED_DIAGNOSTIC,1,0.01,64,0,1,12,EXACT_MODEL_SELECTION_FROZEN_BEFORE_LOCKED_TEST,0,2,0.001346183985547484,0.000772698320740374,0.0032676968362838586,2.6863066340952785e-05,2690
302,X_VALID,40,B5_EXACT_SELECTED_DIAGNOSTIC,1,0.01,64,0,1,12,EXACT_MODEL_SELECTION_FROZEN_BEFORE_LOCKED_TEST,0,3,0.00024302076258618638,0.0007799246220030724,-0.0034950318778470507,-0.00031672146832327264,2690
302,X_VALID,40,B5_EXACT_SELECTED_DIAGNOSTIC,1,0.01,64,0,1,12,EXACT_MODEL_SELECTION_FROZEN_BEFORE_LOCKED_TEST,0,4,0.004935172794244822,0.0007674077539395,0.00012712175084282932,-8.347212099380115e-05,2690
302,X_VALID,40,B5_EXACT_SELECTED_DIAGNOSTIC,1,0.01,64,0,1,12,EXACT_MODEL_SELECTION_FROZEN_BEFORE_LOCKED_TEST,0,5,-0.000825517734436539,0.0007542637725715158,-0.001412147888923585,-0.0004715058270517362,2690
302,X_VALID,40,B5_EXACT_SELECTED_DIAGNOSTIC,1,0.01,64,0,1,12,EXACT_MODEL_SELECTION_FROZEN_BEFORE_LOCKED_TEST,1,0,-0.00032277807959627387,0.0007594127908739194,0.003417894536271723,1.0643904773487463e-05,2690
302,X_VALID,40,B5_EXACT_SELECTED_DIAGNOSTIC,1,0.01,64,0,1,12,EXACT_MODEL_SELECTION_FROZEN_BEFORE_LOCKED_TEST,1,1,-0.00806048933849106,0.0007215980025919456,0.002570660355822777,-0.0003568420866763254,2690
302,X_VALID,40,B5_EXACT_SELECTED_DIAGNOSTIC,1,0.01,64,0,1,12,EXACT_MODEL_SELECTION_FROZEN_BEFORE_LOCKED_TEST,1,2,0.001346183985547484,0.000772698320740374,0.0032676968362838586,2.6863066340952785e-05,2690
302,X_VALID,40,B5_EXACT_SELECTED_DIAGNOSTIC,1,0.01,64,0,1,12,EXACT_MODEL_SELECTION_FROZEN_BEFORE_LOCKED_TEST,1,3,0.00024302076258618638,0.0007799246220030724,-0.0034950318778470507,-0.00031672146832327264,2690
302,X_VALID,40,B5_EXACT_SELECTED_DIAGNOSTIC,1,0.01,64,0,1,12,EXACT_MODEL_SELECTION_FROZEN_BEFORE_LOCKED_TEST,1,4,0.004935172794244822,0.0007674077539395,0.00012712175084282932,-8.347212099380115e-05,2690
302,X_VALID,40,B5_EXACT_SELECTED_DIAGNOSTIC,1,0.01,64,0,1,12,EXACT_MODEL_SELECTION_FROZEN_BEFORE_LOCKED_TEST,1,5,-0.000825517734436539,0.0007542637725715158,-0.001412147888923585,-0.0004715058270517362,2690
302,X_VALID,40,B5_EXACT_SELECTED_DIAGNOSTIC,1,0.01,64,0,1,12,EXACT_MODEL_SELECTION_FROZEN_BEFORE_LOCKED_TEST,2,0,-0.00032277807959627387,0.0007594127908739194,0.003417894536271723,1.0643904773487463e-05,2690
302,X_VALID,40,B5_EXACT_SELECTED_DIAGNOSTIC,1,0.01,64,0,1,12,EXACT_MODEL_SELECTION_FROZEN_BEFORE_LOCKED_TEST,2,1,-0.00806048933849106,0.0007215980025919456,0.002570660355822777,-0.0003568420866763254,2690
302,X_VALID,40,B5_EXACT_SELECTED_DIAGNOSTIC,1,0.01,64,0,1,12,EXACT_MODEL_SELECTION_FROZEN_BEFORE_LOCKED_TEST,2,2,0.001346183985547484,0.000772698320740374,0.0032676968362838586,2.6863066340952785e-05,2690
302,X_VALID,40,B5_EXACT_SELECTED_DIAGNOSTIC,1,0.01,64,0,1,12,EXACT_MODEL_SELECTION_FROZEN_BEFORE_LOCKED_TEST,2,3,0.00024302076258618638,0.0007799246220030724,-0.0034950318778470507,-0.00031672146832327264,2690
302,X_VALID,40,B5_EXACT_SELECTED_DIAGNOSTIC,1,0.01,64,0,1,12,EXACT_MODEL_SELECTION_FROZEN_BEFORE_LOCKED_TEST,2,4,0.004935172794244822,0.0007674077539395,0.00012712175084282932,-8.347212099380115e-05,2690
302,X_VALID,40,B5_EXACT_SELECTED_DIAGNOSTIC,1,0.01,64,0,1,12,EXACT_MODEL_SELECTION_FROZEN_BEFORE_LOCKED_TEST,2,5,-0.000825517734436539,0.0007542637725715158,-0.001412147888923585,-0.0004715058270517362,2690
302,X_VALID,40,B5_EXACT_SELECTED_DIAGNOSTIC,1,0.01,64,0,1,12,EXACT_MODEL_SELECTION_FROZEN_BEFORE_LOCKED_TEST,3,0,-0.0005884235286625385,0.0006166731025362334,0.006230812098965827,0.00014687970647635925,2690
302,X_VALID,40,B5_EXACT_SELECTED_DIAGNOSTIC,1,0.01,64,0,1,12,EXACT_MODEL_SELECTION_FROZEN_BEFORE_LOCKED_TEST,3,1,-0.014694249328312906,0.0006068557867060613,0.004686306577751869,-0.00021069661213959345,2690
302,X_VALID,40,B5_EXACT_SELECTED_DIAGNOSTIC,1,0.01,64,0,1,12,EXACT_MODEL_SELECTION_FROZEN_BEFORE_LOCKED_TEST,3,2,0.0024540896085497167,0.0006129942598924332,0.005957002115541917,0.00019617641040172622,2690
302,X_VALID,40,B5_EXACT_SELECTED_DIAGNOSTIC,1,0.01,64,0,1,12,EXACT_MODEL_SELECTION_FROZEN_BEFORE_LOCKED_TEST,3,3,0.00044302616472000127,0.0006479341982548771,-0.0063714332550808064,-0.00011714857358193348,2690
302,X_VALID,40,B5_EXACT_SELECTED_DIAGNOSTIC,1,0.01,64,0,1,12,EXACT_MODEL_SELECTION_FROZEN_BEFORE_LOCKED_TEST,3,4,0.008996806083551714,0.0006450040389782448,0.0002317425932215038,2.6900844003185757e-05,2690
302,X_VALID,40,B5_EXACT_SELECTED_DIAGNOSTIC,1,0.01,64,0,1,12,EXACT_MODEL_SELECTION_FROZEN_BEFORE_LOCKED_TEST,3,5,-0.001504916501387659,0.0006553815074541678,-0.002574341618343783,-0.00035432740812913675,2690
302,X_VALID,40,B5_EXACT_SELECTED_DIAGNOSTIC,1,0.01,64,0,1,12,EXACT_MODEL_SELECTION_FROZEN_BEFORE_LOCKED_TEST,4,0,-0.0005884235286625385,0.0006166731025362334,0.006230812098965827,0.00014687970647635925,2690
302,X_VALID,40,B5_EXACT_SELECTED_DIAGNOSTIC,1,0.01,64,0,1,12,EXACT_MODEL_SELECTION_FROZEN_BEFORE_LOCKED_TEST,4,1,-0.014694249328312906,0.0006068557867060613,0.004686306577751869,-0.00021069661213959345,2690
302,X_VALID,40,B5_EXACT_SELECTED_DIAGNOSTIC,1,0.01,64,0,1,12,EXACT_MODEL_SELECTION_FROZEN_BEFORE_LOCKED_TEST,4,2,0.0024540896085497167,0.0006129942598924332,0.005957002115541917,0.00019617641040172622,2690
302,X_VALID,40,B5_EXACT_SELECTED_DIAGNOSTIC,1,0.01,64,0,1,12,EXACT_MODEL_SELECTION_FROZEN_BEFORE_LOCKED_TEST,4,3,0.00044302616472000127,0.0006479341982548771,-0.0063714332550808064,-0.00011714857358193348,2690
302,X_VALID,40,B5_EXACT_SELECTED_DIAGNOSTIC,1,0.01,64,0,1,12,EXACT_MODEL_SELECTION_FROZEN_BEFORE_LOCKED_TEST,4,4,0.008996806083551714,0.0006450040389782448,0.0002317425932215038,2.6900844003185757e-05,2690
302,X_VALID,40,B5_EXACT_SELECTED_DIAGNOSTIC,1,0.01,64,0,1,12,EXACT_MODEL_SELECTION_FROZEN_BEFORE_LOCKED_TEST,4,5,-0.001504916501387659,0.0006553815074541678,-0.002574341618343783,-0.00035432740812913675,2690
302,X_VALID,40,B5_EXACT_SELECTED_DIAGNOSTIC,1,0.01,64,0,1,12,EXACT_MODEL_SELECTION_FROZEN_BEFORE_LOCKED_TEST,5,0,-0.0005884235286625385,0.0006166731025362334,0.006230812098965827,0.00014687970647635925,2690
302,X_VALID,40,B5_EXACT_SELECTED_DIAGNOSTIC,1,0.01,64,0,1,12,EXACT_MODEL_SELECTION_FROZEN_BEFORE_LOCKED_TEST,5,1,-0.014694249328312906,0.0006068557867060613,0.004686306577751869,-0.00021069661213959345,2690
302,X_VALID,40,B5_EXACT_SELECTED_DIAGNOSTIC,1,0.01,64,0,1,12,EXACT_MODEL_SELECTION_FROZEN_BEFORE_LOCKED_TEST,5,2,0.0024540896085497167,0.0006129942598924332,0.005957002115541917,0.00019617641040172622,2690
302,X_VALID,40,B5_EXACT_SELECTED_DIAGNOSTIC,1,0.01,64,0,1,12,EXACT_MODEL_SELECTION_FROZEN_BEFORE_LOCKED_TEST,5,3,0.00044302616472000127,0.0006479341982548771,-0.0063714332550808064,-0.00011714857358193348,2690
302,X_VALID,40,B5_EXACT_SELECTED_DIAGNOSTIC,1,0.01,64,0,1,12,EXACT_MODEL_SELECTION_FROZEN_BEFORE_LOCKED_TEST,5,4,0.008996806083551714,0.0006450040389782448,0.0002317425932215038,2.6900844003185757e-05,2690
302,X_VALID,40,B5_EXACT_SELECTED_DIAGNOSTIC,1,0.01,64,0,1,12,EXACT_MODEL_SELECTION_FROZEN_BEFORE_LOCKED_TEST,5,5,-0.001504916501387659,0.0006553815074541678,-0.002574341618343783,-0.00035432740812913675,2690
302,X_VALID,40,B5_EXACT_SELECTED_DIAGNOSTIC,1,0.01,64,0,1,12,EXACT_MODEL_SELECTION_FROZEN_BEFORE_LOCKED_TEST,6,0,-0.0004627534486643179,0.0008133123875453292,0.004900092614123493,1.4739833239559396e-05,2690
302,X_VALID,40,B5_EXACT_SELECTED_DIAGNOSTIC,1,0.01,64,0,1,12,EXACT_MODEL_SELECTION_FROZEN_BEFORE_LOCKED_TEST,6,1,-0.011555986837687833,0.0007921843012179466,0.003685448362818014,-0.00044023093653871155,2690
302,X_VALID,40,B5_EXACT_SELECTED_DIAGNOSTIC,1,0.01,64,0,1,12,EXACT_MODEL_SELECTION_FROZEN_BEFORE_LOCKED_TEST,6,2,0.0019299677432493294,0.0007580478558246,0.00468476044615915,7.233150272145025e-05,2690
302,X_VALID,40,B5_EXACT_SELECTED_DIAGNOSTIC,1,0.01,64,0,1,12,EXACT_MODEL_SELECTION_FROZEN_BEFORE_LOCKED_TEST,6,3,0.0003484087151285221,0.0007929792802128475,-0.0050106811983279325,-0.00034070155296110687,2690
302,X_VALID,40,B5_EXACT_SELECTED_DIAGNOSTIC,1,0.01,64,0,1,12,EXACT_MODEL_SELECTION_FROZEN_BEFORE_LOCKED_TEST,6,4,0.0070753510682869435,0.0007814320772180956,0.00018224914367277918,-7.877996783853504e-05,2690
302,X_VALID,40,B5_EXACT_SELECTED_DIAGNOSTIC,1,0.01,64,0,1,12,EXACT_MODEL_SELECTION_FROZEN_BEFORE_LOCKED_TEST,6,5,-0.0011835102898619268,0.0007912938676625422,-0.0020245374358778714,-0.0005420454673163259,2690
302,X_VALID,40,B5_EXACT_SELECTED_DIAGNOSTIC,1,0.01,64,0,1,12,EXACT_MODEL_SELECTION_FROZEN_BEFORE_LOCKED_TEST,7,0,-0.0004627534486643179,0.0008133123875453292,0.004900092614123493,1.4739833239559396e-05,2690
302,X_VALID,40,B5_EXACT_SELECTED_DIAGNOSTIC,1,0.01,64,0,1,12,EXACT_MODEL_SELECTION_FROZEN_BEFORE_LOCKED_TEST,7,1,-0.011555986837687833,0.0007921843012179466,0.003685448362818014,-0.00044023093653871155,2690
302,X_VALID,40,B5_EXACT_SELECTED_DIAGNOSTIC,1,0.01,64,0,1,12,EXACT_MODEL_SELECTION_FROZEN_BEFORE_LOCKED_TEST,7,2,0.0019299677432493294,0.0007580478558246,0.00468476044615915,7.233150272145025e-05,2690
302,X_VALID,40,B5_EXACT_SELECTED_DIAGNOSTIC,1,0.01,64,0,1,12,EXACT_MODEL_SELECTION_FROZEN_BEFORE_LOCKED_TEST,7,3,0.0003484087151285221,0.0007929792802128475,-0.0050106811983279325,-0.00034070155296110687,2690
302,X_VALID,40,B5_EXACT_SELECTED_DIAGNOSTIC,1,0.01,64,0,1,12,EXACT_MODEL_SELECTION_FROZEN_BEFORE_LOCKED_TEST,7,4,0.0070753510682869435,0.0007814320772180956,0.00018224914367277918,-7.877996783853504e-05,2690
302,X_VALID,40,B5_EXACT_SELECTED_DIAGNOSTIC,1,0.01,64,0,1,12,EXACT_MODEL_SELECTION_FROZEN_BEFORE_LOCKED_TEST,7,5,-0.0011835102898619268,0.0007912938676625422,-0.0020245374358778714,-0.0005420454673163259,2690
302,X_VALID,40,B5_EXACT_SELECTED_DIAGNOSTIC,1,0.01,64,0,1,12,EXACT_MODEL_SELECTION_FROZEN_BEFORE_LOCKED_TEST,8,0,-0.0004627534486643179,0.0008133123875453292,0.004900092614123493,1.4739833239559396e-05,2690
302,X_VALID,40,B5_EXACT_SELECTED_DIAGNOSTIC,1,0.01,64,0,1,12,EXACT_MODEL_SELECTION_FROZEN_BEFORE_LOCKED_TEST,8,1,-0.011555986837687833,0.0007921843012179466,0.003685448362818014,-0.00044023093653871155,2690
302,X_VALID,40,B5_EXACT_SELECTED_DIAGNOSTIC,1,0.01,64,0,1,12,EXACT_MODEL_SELECTION_FROZEN_BEFORE_LOCKED_TEST,8,2,0.0019299677432493294,0.0007580478558246,0.00468476044615915,7.233150272145025e-05,2690
302,X_VALID,40,B5_EXACT_SELECTED_DIAGNOSTIC,1,0.01,64,0,1,12,EXACT_MODEL_SELECTION_FROZEN_BEFORE_LOCKED_TEST,8,3,0.0003484087151285221,0.0007929792802128475,-0.0050106811983279325,-0.00034070155296110687,2690
302,X_VALID,40,B5_EXACT_SELECTED_DIAGNOSTIC,1,0.01,64,0,1,12,EXACT_MODEL_SELECTION_FROZEN_BEFORE_LOCKED_TEST,8,4,0.0070753510682869435,0.0007814320772180956,0.00018224914367277918,-7.877996783853504e-05,2690
302,X_VALID,40,B5_EXACT_SELECTED_DIAGNOSTIC,1,0.01,64,0,1,12,EXACT_MODEL_SELECTION_FROZEN_BEFORE_LOCKED_TEST,8,5,-0.0011835102898619268,0.0007912938676625422,-0.0020245374358778714,-0.0005420454673163259,2690
302,X_VALID,40,B5_EXACT_SELECTED_DIAGNOSTIC,1,0.01,64,0,1,12,EXACT_MODEL_SELECTION_FROZEN_BEFORE_LOCKED_TEST,9,0,-0.0005235523498672307,0.0008810793559850087,0.005543891698908548,-8.163390259488318e-05,2690
302,X_VALID,40,B5_EXACT_SELECTED_DIAGNOSTIC,1,0.01,64,0,1,12,EXACT_MODEL_SELECTION_FROZEN_BEFORE_LOCKED_TEST,9,1,-0.013074271151018585,0.0008113141574000206,0.004169661309358258,-0.0004448148070803532,2690
302,X_VALID,40,B5_EXACT_SELECTED_DIAGNOSTIC,1,0.01,64,0,1,12,EXACT_MODEL_SELECTION_FROZEN_BEFORE_LOCKED_TEST,9,2,0.0021835367193105797,0.000848099594180003,0.0053002680957454805,-1.1198896923675256e-05,2690
302,X_VALID,40,B5_EXACT_SELECTED_DIAGNOSTIC,1,0.01,64,0,1,12,EXACT_MODEL_SELECTION_FROZEN_BEFORE_LOCKED_TEST,9,3,0.00039418442379255195,0.0008331185287949432,-0.005669009973652567,-0.0003195733748751343,2690
302,X_VALID,40,B5_EXACT_SELECTED_DIAGNOSTIC,1,0.01,64,0,1,12,EXACT_MODEL_SELECTION_FROZEN_BEFORE_LOCKED_TEST,9,4,0.008004946670044949,0.0008556422393716246,0.00020619396291174925,-0.0001593344715925646,2690
302,X_VALID,40,B5_EXACT_SELECTED_DIAGNOSTIC,1,0.01,64,0,1,12,EXACT_MODEL_SELECTION_FROZEN_BEFORE_LOCKED_TEST,9,5,-0.0013390058899350086,0.0008191385029470387,-0.002290531459046841,-0.0005396042044765839,2690
302,X_VALID,40,B5_EXACT_SELECTED_DIAGNOSTIC,1,0.01,64,0,1,12,EXACT_MODEL_SELECTION_FROZEN_BEFORE_LOCKED_TEST,10,0,-0.0005235523498672307,0.0008810793559850087,0.005543891698908548,-8.163390259488318e-05,2690
302,X_VALID,40,B5_EXACT_SELECTED_DIAGNOSTIC,1,0.01,64,0,1,12,EXACT_MODEL_SELECTION_FROZEN_BEFORE_LOCKED_TEST,10,1,-0.013074271151018585,0.0008113141574000206,0.004169661309358258,-0.0004448148070803532,2690
302,X_VALID,40,B5_EXACT_SELECTED_DIAGNOSTIC,1,0.01,64,0,1,12,EXACT_MODEL_SELECTION_FROZEN_BEFORE_LOCKED_TEST,10,2,0.0021835367193105797,0.000848099594180003,0.0053002680957454805,-1.1198896923675256e-05,2690
302,X_VALID,40,B5_EXACT_SELECTED_DIAGNOSTIC,1,0.01,64,0,1,12,EXACT_MODEL_SELECTION_FROZEN_BEFORE_LOCKED_TEST,10,3,0.00039418442379255195,0.0008331185287949432,-0.005669009973652567,-0.0003195733748751343,2690
302,X_VALID,40,B5_EXACT_SELECTED_DIAGNOSTIC,1,0.01,64,0,1,12,EXACT_MODEL_SELECTION_FROZEN_BEFORE_LOCKED_TEST,10,4,0.008004946670044949,0.0008556422393716246,0.00020619396291174925,-0.0001593344715925646,2690
302,X_VALID,40,B5_EXACT_SELECTED_DIAGNOSTIC,1,0.01,64,0,1,12,EXACT_MODEL_SELECTION_FROZEN_BEFORE_LOCKED_TEST,10,5,-0.0013390058899350086,0.0008191385029470387,-0.002290531459046841,-0.0005396042044765839,2690
302,X_VALID,40,B5_EXACT_SELECTED_DIAGNOSTIC,1,0.01,64,0,1,12,EXACT_MODEL_SELECTION_FROZEN_BEFORE_LOCKED_TEST,11,0,-0.0005235523498672307,0.0008810793559850087,0.005543891698908548,-8.163390259488318e-05,2690
302,X_VALID,40,B5_EXACT_SELECTED_DIAGNOSTIC,1,0.01,64,0,1,12,EXACT_MODEL_SELECTION_FROZEN_BEFORE_LOCKED_TEST,11,1,-0.013074271151018585,0.0008113141574000206,0.004169661309358258,-0.0004448148070803532,2690
302,X_VALID,40,B5_EXACT_SELECTED_DIAGNOSTIC,1,0.01,64,0,1,12,EXACT_MODEL_SELECTION_FROZEN_BEFORE_LOCKED_TEST,11,2,0.0021835367193105797,0.000848099594180003,0.0053002680957454805,-1.1198896923675256e-05,2690
302,X_VALID,40,B5_EXACT_SELECTED_DIAGNOSTIC,1,0.01,64,0,1,12,EXACT_MODEL_SELECTION_FROZEN_BEFORE_LOCKED_TEST,11,3,0.00039418442379255195,0.0008331185287949432,-0.005669009973652567,-0.0003195733748751343,2690
302,X_VALID,40,B5_EXACT_SELECTED_DIAGNOSTIC,1,0.01,64,0,1,12,EXACT_MODEL_SELECTION_FROZEN_BEFORE_LOCKED_TEST,11,4,0.008004946670044949,0.0008556422393716246,0.00020619396291174925,-0.0001593344715925646,2690
302,X_VALID,40,B5_EXACT_SELECTED_DIAGNOSTIC,1,0.01,64,0,1,12,EXACT_MODEL_SELECTION_FROZEN_BEFORE_LOCKED_TEST,11,5,-0.0013390058899350086,0.0008191385029470387,-0.002290531459046841,-0.0005396042044765839,2690
303,X_BASE,8,B5_EXACT_SELECTED_DIAGNOSTIC,1,0.01,64,0,1,18,EXACT_MODEL_SELECTION_FROZEN_BEFORE_LOCKED_TEST,0,0,-0.0014037726846144322,0.0007445087896516765,-0.004039611992472712,0.0017915010029700591,2927
303,X_BASE,8,B5_EXACT_SELECTED_DIAGNOSTIC,1,0.01,64,0,1,18,EXACT_MODEL_SELECTION_FROZEN_BEFORE_LOCKED_TEST,0,1,0.0029231178728652708,0.0007504166006694508,0.0027371575357048677,0.0017854674922052963,2927
303,X_BASE,8,B5_EXACT_SELECTED_DIAGNOSTIC,1,0.01,64,0,1,18,EXACT_MODEL_SELECTION_FROZEN_BEFORE_LOCKED_TEST,0,2,0.0009655176876905966,0.0007683395534262306,-0.004951687219079611,0.0017809614783279141,2927
303,X_BASE,8,B5_EXACT_SELECTED_DIAGNOSTIC,1,0.01,64,0,1,18,EXACT_MODEL_SELECTION_FROZEN_BEFORE_LOCKED_TEST,0,3,-0.001727061704702961,0.0007675304971666852,0.003256586779050884,0.0017966389201420213,2927
303,X_BASE,8,B5_EXACT_SELECTED_DIAGNOSTIC,1,0.01,64,0,1,18,EXACT_MODEL_SELECTION_FROZEN_BEFORE_LOCKED_TEST,0,4,-0.004526145845270416,0.0006959433852114054,0.008310382360426652,0.0018556255163898704,2927
303,X_BASE,8,B5_EXACT_SELECTED_DIAGNOSTIC,1,0.01,64,0,1,18,EXACT_MODEL_SELECTION_FROZEN_BEFORE_LOCKED_TEST,0,5,0.0034270363909137424,0.0006961941091719291,0.009306851146156626,0.0018562309826851305,2927
303,X_BASE,8,B5_EXACT_SELECTED_DIAGNOSTIC,1,0.01,64,0,1,18,EXACT_MODEL_SELECTION_FROZEN_BEFORE_LOCKED_TEST,1,0,0.0003466789460199835,0.0002728929699314826,0.0009976319123667654,0.004279699128419952,2927
303,X_BASE,8,B5_EXACT_SELECTED_DIAGNOSTIC,1,0.01,64,0,1,18,EXACT_MODEL_SELECTION_FROZEN_BEFORE_LOCKED_TEST,1,1,-0.0007218999446021052,0.0002740155791830755,-0.0006759747500211916,0.004314171380339356,2927
303,X_BASE,8,B5_EXACT_SELECTED_DIAGNOSTIC,1,0.01,64,0,1,18,EXACT_MODEL_SELECTION_FROZEN_BEFORE_LOCKED_TEST,1,2,-0.00023844647926324672,0.00020321421633517217,0.0012228801179463356,0.004193784743477977,2927
303,X_BASE,8,B5_EXACT_SELECTED_DIAGNOSTIC,1,0.01,64,0,1,18,EXACT_MODEL_SELECTION_FROZEN_BEFORE_LOCKED_TEST,1,3,0.000426519149474938,0.00019960890757917543,-0.0008042541962512019,0.004236871791321434,2927
303,X_BASE,8,B5_EXACT_SELECTED_DIAGNOSTIC,1,0.01,64,0,1,18,EXACT_MODEL_SELECTION_FROZEN_BEFORE_LOCKED_TEST,1,4,0.0011177874369325375,0.00024576795720683206,-0.00205235123130145,0.004312025651756562,2927
303,X_BASE,8,B5_EXACT_SELECTED_DIAGNOSTIC,1,0.01,64,0,1,18,EXACT_MODEL_SELECTION_FROZEN_BEFORE_LOCKED_TEST,1,5,-0.0008463488262705644,0.00023675244810035466,-0.0022984414652580712,0.004375553652452977,2927
303,X_BASE,8,B5_EXACT_SELECTED_DIAGNOSTIC,1,0.01,64,0,1,18,EXACT_MODEL_SELECTION_FROZEN_BEFORE_LOCKED_TEST,2,0,-0.0010041481035979636,0.0007505034315341332,-0.0028896193564467362,0.0024904565675198096,2927
303,X_BASE,8,B5_EXACT_SELECTED_DIAGNOSTIC,1,0.01,64,0,1,18,EXACT_MODEL_SELECTION_FROZEN_BEFORE_LOCKED_TEST,2,1,0.002090967647968718,0.0007523034861662824,0.0019579463105750886,0.0024733948333519433,2927
303,X_BASE,8,B5_EXACT_SELECTED_DIAGNOSTIC,1,0.01,64,0,1,18,EXACT_MODEL_SELECTION_FROZEN_BEFORE_LOCKED_TEST,2,2,0.0006906550937419735,0.0007271808825698237,-0.003542045934605687,0.002461659828026095,2927
303,X_BASE,8,B5_EXACT_SELECTED_DIAGNOSTIC,1,0.01,64,0,1,18,EXACT_MODEL_SELECTION_FROZEN_BEFORE_LOCKED_TEST,2,3,-0.0012354035340490152,0.0007225836436981943,0.0023295049648899,0.002461261916804274,2927
303,X_BASE,8,B5_EXACT_SELECTED_DIAGNOSTIC,1,0.01,64,0,1,18,EXACT_MODEL_SELECTION_FROZEN_BEFORE_LOCKED_TEST,2,4,-0.0032376472465585984,0.000689504184106613,0.005944591156999489,0.0025676256146060887,2927
303,X_BASE,8,B5_EXACT_SELECTED_DIAGNOSTIC,1,0.01,64,0,1,18,EXACT_MODEL_SELECTION_FROZEN_BEFORE_LOCKED_TEST,2,5,0.0024514311544980905,0.0006835596560673471,0.006657386221650681,0.002558037270630147,2927
303,X_BASE,8,B5_EXACT_SELECTED_DIAGNOSTIC,1,0.01,64,0,1,18,EXACT_MODEL_SELECTION_FROZEN_BEFORE_LOCKED_TEST,3,0,-0.0029500314951489194,0.0008856892896874462,-0.008489253806252086,0.0013466801861694983,2927
303,X_BASE,8,B5_EXACT_SELECTED_DIAGNOSTIC,1,0.01,64,0,1,18,EXACT_MODEL_SELECTION_FROZEN_BEFORE_LOCKED_TEST,3,1,0.006142938870016395,0.0008893213378851697,0.0057521427977717055,0.0013413757076659015,2927
303,X_BASE,8,B5_EXACT_SELECTED_DIAGNOSTIC,1,0.01,64,0,1,18,EXACT_MODEL_SELECTION_FROZEN_BEFORE_LOCKED_TEST,3,2,0.0020290376205695667,0.0008951465014104543,-0.010405981973088061,0.001406498507130767,2927
303,X_BASE,8,B5_EXACT_SELECTED_DIAGNOSTIC,1,0.01,64,0,1,18,EXACT_MODEL_SELECTION_FROZEN_BEFORE_LOCKED_TEST,3,3,-0.0036294241074641704,0.0008947880776587538,0.006843724536159071,0.0014354772430494843,2927
303,X_BASE,8,B5_EXACT_SELECTED_DIAGNOSTIC,1,0.01,64,0,1,18,EXACT_MODEL_SELECTION_FROZEN_BEFORE_LOCKED_TEST,3,4,-0.009511705806451535,0.0008027328092644585,0.017464287465261723,0.0014474282152860212,2927
303,X_BASE,8,B5_EXACT_SELECTED_DIAGNOSTIC,1,0.01,64,0,1,18,EXACT_MODEL_SELECTION_FROZEN_BEFORE_LOCKED_TEST,3,5,0.007201924783850493,0.0008021283289967723,0.019558368888881707,0.0014394567890446477,2927
303,X_BASE,8,B5_EXACT_SELECTED_DIAGNOSTIC,1,0.01,64,0,1,18,EXACT_MODEL_SELECTION_FROZEN_BEFORE_LOCKED_TEST,4,0,-0.0014902725978350698,0.0008196735346463665,-0.004288531273082531,0.0019081369209978348,2927
303,X_BASE,8,B5_EXACT_SELECTED_DIAGNOSTIC,1,0.01,64,0,1,18,EXACT_MODEL_SELECTION_FROZEN_BEFORE_LOCKED_TEST,4,1,0.003103239230908357,0.0008224047344273984,0.002905820091904069,0.0018918788733490132,2927
303,X_BASE,8,B5_EXACT_SELECTED_DIAGNOSTIC,1,0.01,64,0,1,18,EXACT_MODEL_SELECTION_FROZEN_BEFORE_LOCKED_TEST,4,2,0.0010250125027084333,0.0008616273354544098,-0.0052568082115597966,0.0019628702037749585,2927
303,X_BASE,8,B5_EXACT_SELECTED_DIAGNOSTIC,1,0.01,64,0,1,18,EXACT_MODEL_SELECTION_FROZEN_BEFORE_LOCKED_TEST,4,3,-0.001833482558464285,0.000859998019582074,0.0034572563581578113,0.0019811686411156486,2927
303,X_BASE,8,B5_EXACT_SELECTED_DIAGNOSTIC,1,0.01,64,0,1,18,EXACT_MODEL_SELECTION_FROZEN_BEFORE_LOCKED_TEST,4,4,-0.004805045147935917,0.0007649536724084558,0.008822464808593585,0.00201971815991238,2927
303,X_BASE,8,B5_EXACT_SELECTED_DIAGNOSTIC,1,0.01,64,0,1,18,EXACT_MODEL_SELECTION_FROZEN_BEFORE_LOCKED_TEST,4,5,0.0036382090071549757,0.0007614214341859268,0.009880335603664121,0.0020029442501040898,2927
303,X_BASE,8,B5_EXACT_SELECTED_DIAGNOSTIC,1,0.01,64,0,1,18,EXACT_MODEL_SELECTION_FROZEN_BEFORE_LOCKED_TEST,5,0,-0.0014902725978350698,0.0008196735346463665,-0.004288531273082531,0.0019081369209978348,2927
303,X_BASE,8,B5_EXACT_SELECTED_DIAGNOSTIC,1,0.01,64,0,1,18,EXACT_MODEL_SELECTION_FROZEN_BEFORE_LOCKED_TEST,5,1,0.003103239230908357,0.0008224047344273984,0.002905820091904069,0.0018918788733490132,2927
303,X_BASE,8,B5_EXACT_SELECTED_DIAGNOSTIC,1,0.01,64,0,1,18,EXACT_MODEL_SELECTION_FROZEN_BEFORE_LOCKED_TEST,5,2,0.0010250125027084333,0.0008616273354544098,-0.0052568082115597966,0.0019628702037749585,2927
303,X_BASE,8,B5_EXACT_SELECTED_DIAGNOSTIC,1,0.01,64,0,1,18,EXACT_MODEL_SELECTION_FROZEN_BEFORE_LOCKED_TEST,5,3,-0.001833482558464285,0.000859998019582074,0.0034572563581578113,0.0019811686411156486,2927
303,X_BASE,8,B5_EXACT_SELECTED_DIAGNOSTIC,1,0.01,64,0,1,18,EXACT_MODEL_SELECTION_FROZEN_BEFORE_LOCKED_TEST,5,4,-0.004805045147935917,0.0007649536724084558,0.008822464808593585,0.00201971815991238,2927
303,X_BASE,8,B5_EXACT_SELECTED_DIAGNOSTIC,1,0.01,64,0,1,18,EXACT_MODEL_SELECTION_FROZEN_BEFORE_LOCKED_TEST,5,5,0.0036382090071549757,0.0007614214341859268,0.009880335603664121,0.0020029442501040898,2927
303,X_BASE,8,B5_EXACT_SELECTED_DIAGNOSTIC,1,0.01,64,0,1,18,EXACT_MODEL_SELECTION_FROZEN_BEFORE_LOCKED_TEST,6,0,4.293133898791929e-05,0.000996534168648962,0.00012354275997053193,0.0021501612090102395,2927
303,X_BASE,8,B5_EXACT_SELECTED_DIAGNOSTIC,1,0.01,64,0,1,18,EXACT_MODEL_SELECTION_FROZEN_BEFORE_LOCKED_TEST,6,1,-8.939721201092689e-05,0.001005094428883976,-8.371001894865857e-05,0.0021429731448024784,2927
303,X_BASE,8,B5_EXACT_SELECTED_DIAGNOSTIC,1,0.01,64,0,1,18,EXACT_MODEL_SELECTION_FROZEN_BEFORE_LOCKED_TEST,6,2,-2.952826166471685e-05,0.0008397821105782846,0.00015143660002391564,0.002118880816888257,2927
303,X_BASE,8,B5_EXACT_SELECTED_DIAGNOSTIC,1,0.01,64,0,1,18,EXACT_MODEL_SELECTION_FROZEN_BEFORE_LOCKED_TEST,6,3,5.2818431581051626e-05,0.0008456630400981262,-9.959563431269536e-05,0.0021405140968341007,2927
303,X_BASE,8,B5_EXACT_SELECTED_DIAGNOSTIC,1,0.01,64,0,1,18,EXACT_MODEL_SELECTION_FROZEN_BEFORE_LOCKED_TEST,6,4,0.00013842234125351844,0.0008175974035444349,-0.0002541549968488632,0.0022020833831224614,2927
303,X_BASE,8,B5_EXACT_SELECTED_DIAGNOSTIC,1,0.01,64,0,1,18,EXACT_MODEL_SELECTION_FROZEN_BEFORE_LOCKED_TEST,6,5,-0.00010480846552635695,0.0008256237236596124,-0.0002846298306306617,0.0022114115764261546,2927
303,X_BASE,8,B5_EXACT_SELECTED_DIAGNOSTIC,1,0.01,64,0,1,18,EXACT_MODEL_SELECTION_FROZEN_BEFORE_LOCKED_TEST,7,0,0.0005724923321335996,0.0005813887687816296,0.001647451126405672,0.003546862362382233,2927
303,X_BASE,8,B5_EXACT_SELECTED_DIAGNOSTIC,1,0.01,64,0,1,18,EXACT_MODEL_SELECTION_FROZEN_BEFORE_LOCKED_TEST,7,1,-0.0011921179165825465,0.0005750845061264822,-0.0011162788093879578,0.003555570577188283,2927
303,X_BASE,8,B5_EXACT_SELECTED_DIAGNOSTIC,1,0.01,64,0,1,18,EXACT_MODEL_SELECTION_FROZEN_BEFORE_LOCKED_TEST,7,2,-0.0003937613823095947,0.00047256768889391193,0.002019417385105799,0.003492934117591368,2927
303,X_BASE,8,B5_EXACT_SELECTED_DIAGNOSTIC,1,0.01,64,0,1,18,EXACT_MODEL_SELECTION_FROZEN_BEFORE_LOCKED_TEST,7,3,0.0007043373858892244,0.00046898212683080834,-0.001328114573226908,0.003529610665045927,2927
303,X_BASE,8,B5_EXACT_SELECTED_DIAGNOSTIC,1,0.01,64,0,1,18,EXACT_MODEL_SELECTION_FROZEN_BEFORE_LOCKED_TEST,7,4,0.001845871357190122,0.0004960751706990663,-0.003389174209319608,0.003624219171111418,2927
303,X_BASE,8,B5_EXACT_SELECTED_DIAGNOSTIC,1,0.01,64,0,1,18,EXACT_MODEL_SELECTION_FROZEN_BEFORE_LOCKED_TEST,7,5,-0.0013976280328319702,0.0004882787248538702,-0.0037955581953405203,0.0036639258055946138,2927
303,X_BASE,8,B5_EXACT_SELECTED_DIAGNOSTIC,1,0.01,64,0,1,18,EXACT_MODEL_SELECTION_FROZEN_BEFORE_LOCKED_TEST,8,0,2.1820082082862227e-05,0.0008798409260769557,6.279126686588826e-05,0.0025261648719872125,2927
303,X_BASE,8,B5_EXACT_SELECTED_DIAGNOSTIC,1,0.01,64,0,1,18,EXACT_MODEL_SELECTION_FROZEN_BEFORE_LOCKED_TEST,8,1,-4.543660994609018e-05,0.0008753077253601931,-4.2546063730545874e-05,0.002548096393082497,2927
303,X_BASE,8,B5_EXACT_SELECTED_DIAGNOSTIC,1,0.01,64,0,1,18,EXACT_MODEL_SELECTION_FROZEN_BEFORE_LOCKED_TEST,8,2,-1.5007896526816031e-05,0.000758130007985682,7.696845988896946e-05,0.0024998934640346818,2927
303,X_BASE,8,B5_EXACT_SELECTED_DIAGNOSTIC,1,0.01,64,0,1,18,EXACT_MODEL_SELECTION_FROZEN_BEFORE_LOCKED_TEST,8,3,2.684524964178032e-05,0.0007594589261388542,-5.062001249039238e-05,0.0025544754822213133,2927
303,X_BASE,8,B5_EXACT_SELECTED_DIAGNOSTIC,1,0.01,64,0,1,18,EXACT_MODEL_SELECTION_FROZEN_BEFORE_LOCKED_TEST,8,4,7.035389343676575e-05,0.0007350170424124553,-0.0001291756330864109,0.002594696968444056,2927
303,X_BASE,8,B5_EXACT_SELECTED_DIAGNOSTIC,1,0.01,64,0,1,18,EXACT_MODEL_SELECTION_FROZEN_BEFORE_LOCKED_TEST,8,5,-5.326946176562253e-05,0.0007350017767316815,-0.0001446646299417744,0.002647562138433321,2927
303,X_BASE,8,B5_EXACT_SELECTED_DIAGNOSTIC,1,0.01,64,0,1,18,EXACT_MODEL_SELECTION_FROZEN_BEFORE_LOCKED_TEST,9,0,-0.0020600799027853407,0.0007971965116080152,-0.005928255743934373,0.0017019169614511977,2927
303,X_BASE,8,B5_EXACT_SELECTED_DIAGNOSTIC,1,0.01,64,0,1,18,EXACT_MODEL_SELECTION_FROZEN_BEFORE_LOCKED_TEST,9,1,0.004289766035030362,0.0008019768236600643,0.004016863479297446,0.0016965034427131448,2927
303,X_BASE,8,B5_EXACT_SELECTED_DIAGNOSTIC,1,0.01,64,0,1,18,EXACT_MODEL_SELECTION_FROZEN_BEFORE_LOCKED_TEST,9,2,0.0014169271178983605,0.0007878557195344164,-0.00726675439457405,0.0017043944782426414,2927
303,X_BASE,8,B5_EXACT_SELECTED_DIAGNOSTIC,1,0.01,64,0,1,18,EXACT_MODEL_SELECTION_FROZEN_BEFORE_LOCKED_TEST,9,3,-0.0025345165550831254,0.0007859218372617029,0.004779141985542946,0.0017174513795983764,2927
303,X_BASE,8,B5_EXACT_SELECTED_DIAGNOSTIC,1,0.01,64,0,1,18,EXACT_MODEL_SELECTION_FROZEN_BEFORE_LOCKED_TEST,9,4,-0.00664225924546893,0.0007220263488980725,0.012195743565048092,0.0017940724728895015,2927
303,X_BASE,8,B5_EXACT_SELECTED_DIAGNOSTIC,1,0.01,64,0,1,18,EXACT_MODEL_SELECTION_FROZEN_BEFORE_LOCKED_TEST,9,5,0.005029282071387887,0.0007202446449543787,0.013658092378167409,0.0017893246676771817,2927
303,X_BASE,8,B5_EXACT_SELECTED_DIAGNOSTIC,1,0.01,64,0,1,18,EXACT_MODEL_SELECTION_FROZEN_BEFORE_LOCKED_TEST,10,0,0.00021578149707383951,0.00029530800499496385,0.0006209506231933951,0.00446236949032651,2927
303,X_BASE,8,B5_EXACT_SELECTED_DIAGNOSTIC,1,0.01,64,0,1,18,EXACT_MODEL_SELECTION_FROZEN_BEFORE_LOCKED_TEST,10,1,-0.0004493282692015135,0.00030073819560441406,-0.00042074329929247915,0.004494064716460828,2927
303,X_BASE,8,B5_EXACT_SELECTED_DIAGNOSTIC,1,0.01,64,0,1,18,EXACT_MODEL_SELECTION_FROZEN_BEFORE_LOCKED_TEST,10,2,-0.00014841494950329002,0.00024040559570206893,0.0007611506427537234,0.004373918064600177,2927
303,X_BASE,8,B5_EXACT_SELECTED_DIAGNOSTIC,1,0.01,64,0,1,18,EXACT_MODEL_SELECTION_FROZEN_BEFORE_LOCKED_TEST,10,3,0.000265476002107892,0.0002385933533328282,-0.000500587579624747,0.004418351958428307,2927
303,X_BASE,8,B5_EXACT_SELECTED_DIAGNOSTIC,1,0.01,64,0,1,18,EXACT_MODEL_SELECTION_FROZEN_BEFORE_LOCKED_TEST,10,4,0.0006957383750028183,0.00027664245998047093,-0.0012774338513941287,0.004489866943603903,2927
303,X_BASE,8,B5_EXACT_SELECTED_DIAGNOSTIC,1,0.01,64,0,1,18,EXACT_MODEL_SELECTION_FROZEN_BEFORE_LOCKED_TEST,10,5,-0.0005267883119986819,0.0002695247548062495,-0.0014306064616955063,0.004556951548662651,2927
303,X_BASE,8,B5_EXACT_SELECTED_DIAGNOSTIC,1,0.01,64,0,1,18,EXACT_MODEL_SELECTION_FROZEN_BEFORE_LOCKED_TEST,11,0,-0.000985520794563229,0.0007746043261812538,-0.0028360158764895275,0.0024088293370750934,2927
303,X_BASE,8,B5_EXACT_SELECTED_DIAGNOSTIC,1,0.01,64,0,1,18,EXACT_MODEL_SELECTION_FROZEN_BEFORE_LOCKED_TEST,11,1,0.0020521794448931105,0.0007762860223809731,0.0019216257012249155,0.0023903872104456478,2927
303,X_BASE,8,B5_EXACT_SELECTED_DIAGNOSTIC,1,0.01,64,0,1,18,EXACT_MODEL_SELECTION_FROZEN_BEFORE_LOCKED_TEST,11,2,0.000677843192966134,0.0007399822133690263,-0.0034763397066073323,0.0023903205121675423,2927
303,X_BASE,8,B5_EXACT_SELECTED_DIAGNOSTIC,1,0.01,64,0,1,18,EXACT_MODEL_SELECTION_FROZEN_BEFORE_LOCKED_TEST,11,3,-0.0012124863534768685,0.0007353659646602758,0.0022862918086597856,0.0023886604436911076,2927
303,X_BASE,8,B5_EXACT_SELECTED_DIAGNOSTIC,1,0.01,64,0,1,18,EXACT_MODEL_SELECTION_FROZEN_BEFORE_LOCKED_TEST,11,4,-0.0031775877238736376,0.0007012366217664616,0.005834316849683851,0.0025009234727604683,2927
303,X_BASE,8,B5_EXACT_SELECTED_DIAGNOSTIC,1,0.01,64,0,1,18,EXACT_MODEL_SELECTION_FROZEN_BEFORE_LOCKED_TEST,11,5,0.0024059562235306427,0.0006946957480335967,0.006533889309123603,0.0024868981570349753,2927
303,X_BASE,24,B5_EXACT_SELECTED_DIAGNOSTIC,1,0.01,64,0,1,17,EXACT_MODEL_SELECTION_FROZEN_BEFORE_LOCKED_TEST,0,0,-0.0016138856770771294,0.0025402638870556603,-0.00011863775883891358,0.0038194967915654485,3164
303,X_BASE,24,B5_EXACT_SELECTED_DIAGNOSTIC,1,0.01,64,0,1,17,EXACT_MODEL_SELECTION_FROZEN_BEFORE_LOCKED_TEST,0,1,-0.001288171081413678,0.002525864173228911,0.0014058677114614738,0.0037871179502915755,3164
303,X_BASE,24,B5_EXACT_SELECTED_DIAGNOSTIC,1,0.01,64,0,1,17,EXACT_MODEL_SELECTION_FROZEN_BEFORE_LOCKED_TEST,0,2,-0.0002535561799443176,0.0025357482519944483,0.0019327519560866418,0.003941127363848325,3164
303,X_BASE,24,B5_EXACT_SELECTED_DIAGNOSTIC,1,0.01,64,0,1,17,EXACT_MODEL_SELECTION_FROZEN_BEFORE_LOCKED_TEST,0,3,0.000204880854472414,0.002510412659481886,0.002730231731176058,0.0038373278138579443,3164
303,X_BASE,24,B5_EXACT_SELECTED_DIAGNOSTIC,1,0.01,64,0,1,17,EXACT_MODEL_SELECTION_FROZEN_BEFORE_LOCKED_TEST,0,4,0.00012779935568664903,0.0022937547427349992,0.000995522732551096,0.0038761525455239198,3164
303,X_BASE,24,B5_EXACT_SELECTED_DIAGNOSTIC,1,0.01,64,0,1,17,EXACT_MODEL_SELECTION_FROZEN_BEFORE_LOCKED_TEST,0,5,0.0002707514737728594,0.002309971658658138,0.0005229482698149501,0.003859743627500497,3164
303,X_BASE,24,B5_EXACT_SELECTED_DIAGNOSTIC,1,0.01,64,0,1,17,EXACT_MODEL_SELECTION_FROZEN_BEFORE_LOCKED_TEST,1,0,-0.006173886460151837,0.002178980448097638,-0.0004538463060685073,0.004803909074332876,3164
303,X_BASE,24,B5_EXACT_SELECTED_DIAGNOSTIC,1,0.01,64,0,1,17,EXACT_MODEL_SELECTION_FROZEN_BEFORE_LOCKED_TEST,1,1,-0.004927871974365983,0.00216780196854264,0.005378118011603022,0.00476526700198739,3164
303,X_BASE,24,B5_EXACT_SELECTED_DIAGNOSTIC,1,0.01,64,0,1,17,EXACT_MODEL_SELECTION_FROZEN_BEFORE_LOCKED_TEST,1,2,-0.0009699739507454787,0.002207594116051199,0.007393702851447407,0.004992588723195732,3164
303,X_BASE,24,B5_EXACT_SELECTED_DIAGNOSTIC,1,0.01,64,0,1,17,EXACT_MODEL_SELECTION_FROZEN_BEFORE_LOCKED_TEST,1,3,0.0007837674944004882,0.0021702464033509284,0.010444445326953109,0.0048520925833726546,3164
303,X_BASE,24,B5_EXACT_SELECTED_DIAGNOSTIC,1,0.01,64,0,1,17,EXACT_MODEL_SELECTION_FROZEN_BEFORE_LOCKED_TEST,1,4,0.0004888938063561646,0.002010143915868174,0.0038083517355466524,0.004895630432092402,3164
303,X_BASE,24,B5_EXACT_SELECTED_DIAGNOSTIC,1,0.01,64,0,1,17,EXACT_MODEL_SELECTION_FROZEN_BEFORE_LOCKED_TEST,1,5,0.0010357541935806665,0.0020320332715231767,0.0020005278491706025,0.004879223382805202,3164
303,X_BASE,24,B5_EXACT_SELECTED_DIAGNOSTIC,1,0.01,64,0,1,17,EXACT_MODEL_SELECTION_FROZEN_BEFORE_LOCKED_TEST,2,0,-0.0017638855989126746,0.002533045190983555,-0.00012966434814777397,0.004470830852208846,3164
303,X_BASE,24,B5_EXACT_SELECTED_DIAGNOSTIC,1,0.01,64,0,1,17,EXACT_MODEL_SELECTION_FROZEN_BEFORE_LOCKED_TEST,2,1,-0.0014078980015216796,0.002530708951732765,0.0015365337492270843,0.004468408487429122,3164
303,X_BASE,24,B5_EXACT_SELECTED_DIAGNOSTIC,1,0.01,64,0,1,17,EXACT_MODEL_SELECTION_FROZEN_BEFORE_LOCKED_TEST,2,2,-0.0002771225376565003,0.0025361771807551683,0.0021123883742408377,0.004587137212183945,3164
303,X_BASE,24,B5_EXACT_SELECTED_DIAGNOSTIC,1,0.01,64,0,1,17,EXACT_MODEL_SELECTION_FROZEN_BEFORE_LOCKED_TEST,2,3,0.00022392316496129612,0.002510978114042829,0.0029839885815441925,0.004492472025391758,3164
303,X_BASE,24,B5_EXACT_SELECTED_DIAGNOSTIC,1,0.01,64,0,1,17,EXACT_MODEL_SELECTION_FROZEN_BEFORE_LOCKED_TEST,2,4,0.00013967745438714038,0.0022957888036617678,0.0010880499382814413,0.004534846530477833,3164
303,X_BASE,24,B5_EXACT_SELECTED_DIAGNOSTIC,1,0.01,64,0,1,17,EXACT_MODEL_SELECTION_FROZEN_BEFORE_LOCKED_TEST,2,5,0.0002959160194898398,0.0023201329471403908,0.0005715528275667365,0.004547711358270603,3164
303,X_BASE,24,B5_EXACT_SELECTED_DIAGNOSTIC,1,0.01,64,0,1,17,EXACT_MODEL_SELECTION_FROZEN_BEFORE_LOCKED_TEST,3,0,-0.000987132473384481,0.0023745756621880755,-7.256473366288602e-05,0.0036756212013971125,3164
303,X_BASE,24,B5_EXACT_SELECTED_DIAGNOSTIC,1,0.01,64,0,1,17,EXACT_MODEL_SELECTION_FROZEN_BEFORE_LOCKED_TEST,3,1,-0.0007879092824227812,0.0023371292880501916,0.0008598983750693645,0.0036271763405027295,3164
303,X_BASE,24,B5_EXACT_SELECTED_DIAGNOSTIC,1,0.01,64,0,1,17,EXACT_MODEL_SELECTION_FROZEN_BEFORE_LOCKED_TEST,3,2,-0.00015508752732947963,0.002304157705593654,0.0011821668944394018,0.0037882900000158447,3164
303,X_BASE,24,B5_EXACT_SELECTED_DIAGNOSTIC,1,0.01,64,0,1,17,EXACT_MODEL_SELECTION_FROZEN_BEFORE_LOCKED_TEST,3,3,0.0001253152856469737,0.0022458268985628403,0.0016699450524833024,0.003669311767000889,3164
303,X_BASE,24,B5_EXACT_SELECTED_DIAGNOSTIC,1,0.01,64,0,1,17,EXACT_MODEL_SELECTION_FROZEN_BEFORE_LOCKED_TEST,3,4,7.816842039541564e-05,0.0020978226029903057,0.000608911046954335,0.0037004032551940283,3164
303,X_BASE,24,B5_EXACT_SELECTED_DIAGNOSTIC,1,0.01,64,0,1,17,EXACT_MODEL_SELECTION_FROZEN_BEFORE_LOCKED_TEST,3,5,0.00016560502133084053,0.0020793741484311234,0.0003198610820869785,0.003652003800838679,3164
303,X_BASE,24,B5_EXACT_SELECTED_DIAGNOSTIC,1,0.01,64,0,1,17,EXACT_MODEL_SELECTION_FROZEN_BEFORE_LOCKED_TEST,4,0,-0.004241611596693632,0.0024001061884332334,-0.0003118035563759631,0.005094253167228001,3164
303,X_BASE,24,B5_EXACT_SELECTED_DIAGNOSTIC,1,0.01,64,0,1,17,EXACT_MODEL_SELECTION_FROZEN_BEFORE_LOCKED_TEST,4,1,-0.0033855690493178017,0.002366469569450958,0.0036948991326026495,0.005026818914600829,3164
303,X_BASE,24,B5_EXACT_SELECTED_DIAGNOSTIC,1,0.01,64,0,1,17,EXACT_MODEL_SELECTION_FROZEN_BEFORE_LOCKED_TEST,4,2,-0.0006663959216819766,0.00230200582284693,0.0050796554098655735,0.005214792149331407,3164
303,X_BASE,24,B5_EXACT_SELECTED_DIAGNOSTIC,1,0.01,64,0,1,17,EXACT_MODEL_SELECTION_FROZEN_BEFORE_LOCKED_TEST,4,3,0.0005384675139100077,0.002245478006943824,0.007175590400920234,0.005076442427995591,3164
303,X_BASE,24,B5_EXACT_SELECTED_DIAGNOSTIC,1,0.01,64,0,1,17,EXACT_MODEL_SELECTION_FROZEN_BEFORE_LOCKED_TEST,4,4,0.0003358820496580693,0.0021320835771465457,0.002616431155649359,0.005138244842773356,3164
303,X_BASE,24,B5_EXACT_SELECTED_DIAGNOSTIC,1,0.01,64,0,1,17,EXACT_MODEL_SELECTION_FROZEN_BEFORE_LOCKED_TEST,4,5,0.0007115885637306927,0.0021132504931972544,0.001374411754948585,0.00506948304426295,3164
303,X_BASE,24,B5_EXACT_SELECTED_DIAGNOSTIC,1,0.01,64,0,1,17,EXACT_MODEL_SELECTION_FROZEN_BEFORE_LOCKED_TEST,5,0,-0.000987132473384481,0.0023745756621880755,-7.256473366288602e-05,0.0036756212013971125,3164
303,X_BASE,24,B5_EXACT_SELECTED_DIAGNOSTIC,1,0.01,64,0,1,17,EXACT_MODEL_SELECTION_FROZEN_BEFORE_LOCKED_TEST,5,1,-0.0007879092824227812,0.0023371292880501916,0.0008598983750693645,0.0036271763405027295,3164
303,X_BASE,24,B5_EXACT_SELECTED_DIAGNOSTIC,1,0.01,64,0,1,17,EXACT_MODEL_SELECTION_FROZEN_BEFORE_LOCKED_TEST,5,2,-0.00015508752732947963,0.002304157705593654,0.0011821668944394018,0.0037882900000158447,3164
303,X_BASE,24,B5_EXACT_SELECTED_DIAGNOSTIC,1,0.01,64,0,1,17,EXACT_MODEL_SELECTION_FROZEN_BEFORE_LOCKED_TEST,5,3,0.0001253152856469737,0.0022458268985628403,0.0016699450524833024,0.003669311767000889,3164
303,X_BASE,24,B5_EXACT_SELECTED_DIAGNOSTIC,1,0.01,64,0,1,17,EXACT_MODEL_SELECTION_FROZEN_BEFORE_LOCKED_TEST,5,4,7.816842039541564e-05,0.0020978226029903057,0.000608911046954335,0.0037004032551940283,3164
303,X_BASE,24,B5_EXACT_SELECTED_DIAGNOSTIC,1,0.01,64,0,1,17,EXACT_MODEL_SELECTION_FROZEN_BEFORE_LOCKED_TEST,5,5,0.00016560502133084053,0.0020793741484311234,0.0003198610820869785,0.003652003800838679,3164
303,X_BASE,24,B5_EXACT_SELECTED_DIAGNOSTIC,1,0.01,64,0,1,17,EXACT_MODEL_SELECTION_FROZEN_BEFORE_LOCKED_TEST,6,0,-0.00548752408238979,0.002399186045623314,-0.00040339137273239287,0.0052298953342771555,3164
303,X_BASE,24,B5_EXACT_SELECTED_DIAGNOSTIC,1,0.01,64,0,1,17,EXACT_MODEL_SELECTION_FROZEN_BEFORE_LOCKED_TEST,6,1,-0.004380031331771853,0.00237317787828605,0.004780222684218273,0.005172805158990423,3164
303,X_BASE,24,B5_EXACT_SELECTED_DIAGNOSTIC,1,0.01,64,0,1,17,EXACT_MODEL_SELECTION_FROZEN_BEFORE_LOCKED_TEST,6,2,-0.0008621401524568512,0.0023299313778153627,0.006571731229141178,0.005300351133044227,3164
303,X_BASE,24,B5_EXACT_SELECTED_DIAGNOSTIC,1,0.01,64,0,1,17,EXACT_MODEL_SELECTION_FROZEN_BEFORE_LOCKED_TEST,6,3,0.000696634612294313,0.0022925233573090967,0.009283317020612839,0.005171278148545896,3164
303,X_BASE,24,B5_EXACT_SELECTED_DIAGNOSTIC,1,0.01,64,0,1,17,EXACT_MODEL_SELECTION_FROZEN_BEFORE_LOCKED_TEST,6,4,0.0004345425775848627,0.002178203033338664,0.0033849702287057043,0.005239067640218763,3164
303,X_BASE,24,B5_EXACT_SELECTED_DIAGNOSTIC,1,0.01,64,0,1,17,EXACT_MODEL_SELECTION_FROZEN_BEFORE_LOCKED_TEST,6,5,0.0009206074840207448,0.0021687991701815784,0.0017781254677536034,0.005180960189915451,3164
303,X_BASE,24,B5_EXACT_SELECTED_DIAGNOSTIC,1,0.01,64,0,1,17,EXACT_MODEL_SELECTION_FROZEN_BEFORE_LOCKED_TEST,7,0,-0.009186071981331869,0.0020138339094656586,-0.0006752739725479744,0.005833295716520897,3164
303,X_BASE,24,B5_EXACT_SELECTED_DIAGNOSTIC,1,0.01,64,0,1,17,EXACT_MODEL_SELECTION_FROZEN_BEFORE_LOCKED_TEST,7,1,-0.007332137862185534,0.001988024683019064,0.00800205502604396,0.005765572362684524,3164
303,X_BASE,24,B5_EXACT_SELECTED_DIAGNOSTIC,1,0.01,64,0,1,17,EXACT_MODEL_SELECTION_FROZEN_BEFORE_LOCKED_TEST,7,2,-0.0014432158072673212,0.001918576716617694,0.011001026183481867,0.005937811311539284,3164
303,X_BASE,24,B5_EXACT_SELECTED_DIAGNOSTIC,1,0.01,64,0,1,17,EXACT_MODEL_SELECTION_FROZEN_BEFORE_LOCKED_TEST,7,3,0.0011661608399604324,0.0018820125227544473,0.015540199386192943,0.005793904532505528,3164
303,X_BASE,24,B5_EXACT_SELECTED_DIAGNOSTIC,1,0.01,64,0,1,17,EXACT_MODEL_SELECTION_FROZEN_BEFORE_LOCKED_TEST,7,4,0.0007274208434835059,0.0018189309742237998,0.005666413433217124,0.005827331436876648,3164
303,X_BASE,24,B5_EXACT_SELECTED_DIAGNOSTIC,1,0.01,64,0,1,17,EXACT_MODEL_SELECTION_FROZEN_BEFORE_LOCKED_TEST,7,5,0.0015410896586142185,0.0018076382121936664,0.0029765679919368355,0.005759690038179881,3164
303,X_BASE,24,B5_EXACT_SELECTED_DIAGNOSTIC,1,0.01,64,0,1,17,EXACT_MODEL_SELECTION_FROZEN_BEFORE_LOCKED_TEST,8,0,-0.007290574607545247,0.002199333926668249,-0.0005359347594270291,0.0056795593911676085,3164
303,X_BASE,24,B5_EXACT_SELECTED_DIAGNOSTIC,1,0.01,64,0,1,17,EXACT_MODEL_SELECTION_FROZEN_BEFORE_LOCKED_TEST,8,1,-0.00581918998955205,0.002176417164661251,0.006350873289433703,0.005618853855631149,3164
303,X_BASE,24,B5_EXACT_SELECTED_DIAGNOSTIC,1,0.01,64,0,1,17,EXACT_MODEL_SELECTION_FROZEN_BEFORE_LOCKED_TEST,8,2,-0.0011454158577304677,0.002157083527172569,0.008731022608273176,0.005746404743788929,3164
303,X_BASE,24,B5_EXACT_SELECTED_DIAGNOSTIC,1,0.01,64,0,1,17,EXACT_MODEL_SELECTION_FROZEN_BEFORE_LOCKED_TEST,8,3,0.0009255297177517291,0.002125232107220302,0.01233356142553782,0.005615913417217896,3164
303,X_BASE,24,B5_EXACT_SELECTED_DIAGNOSTIC,1,0.01,64,0,1,17,EXACT_MODEL_SELECTION_FROZEN_BEFORE_LOCKED_TEST,8,4,0.0005773213993181737,0.0019956576796013037,0.004497178987495416,0.005681614991949381,3164
303,X_BASE,24,B5_EXACT_SELECTED_DIAGNOSTIC,1,0.01,64,0,1,17,EXACT_MODEL_SELECTION_FROZEN_BEFORE_LOCKED_TEST,8,5,0.0012230939574473492,0.001986023967036489,0.002362368928062794,0.005619013682397555,3164
303,X_BASE,24,B5_EXACT_SELECTED_DIAGNOSTIC,1,0.01,64,0,1,17,EXACT_MODEL_SELECTION_FROZEN_BEFORE_LOCKED_TEST,9,0,-0.0024527732417525968,0.0026227766917368855,-0.0001803049153200197,0.004432219050838162,3164
303,X_BASE,24,B5_EXACT_SELECTED_DIAGNOSTIC,1,0.01,64,0,1,17,EXACT_MODEL_SELECTION_FROZEN_BEFORE_LOCKED_TEST,9,1,-0.00195775425990101,0.002625727357453219,0.002136628853638353,0.00440749455714198,3164
303,X_BASE,24,B5_EXACT_SELECTED_DIAGNOSTIC,1,0.01,64,0,1,17,EXACT_MODEL_SELECTION_FROZEN_BEFORE_LOCKED_TEST,9,2,-0.0003853530781528258,0.0024614686006065,0.002937384195279495,0.004552690461269608,3164
303,X_BASE,24,B5_EXACT_SELECTED_DIAGNOSTIC,1,0.01,64,0,1,17,EXACT_MODEL_SELECTION_FROZEN_BEFORE_LOCKED_TEST,9,3,0.0003113766264457219,0.00246346981975539,0.004149388912193975,0.004470426531607938,3164
303,X_BASE,24,B5_EXACT_SELECTED_DIAGNOSTIC,1,0.01,64,0,1,17,EXACT_MODEL_SELECTION_FROZEN_BEFORE_LOCKED_TEST,9,4,0.0001942286522482447,0.0022330098140943603,0.0015129891507433331,0.0044175059389759365,3164
303,X_BASE,24,B5_EXACT_SELECTED_DIAGNOSTIC,1,0.01,64,0,1,17,EXACT_MODEL_SELECTION_FROZEN_BEFORE_LOCKED_TEST,9,5,0.00041148637692718773,0.0022502092223296685,0.0007947734720255695,0.004401033362122906,3164
303,X_BASE,24,B5_EXACT_SELECTED_DIAGNOSTIC,1,0.01,64,0,1,17,EXACT_MODEL_SELECTION_FROZEN_BEFORE_LOCKED_TEST,10,0,-0.0028054057779624397,0.0026339386741474763,-0.00020622715651952357,0.004851340894709479,3164
303,X_BASE,24,B5_EXACT_SELECTED_DIAGNOSTIC,1,0.01,64,0,1,17,EXACT_MODEL_SELECTION_FROZEN_BEFORE_LOCKED_TEST,10,1,-0.0022392184565061665,0.0026390958647653667,0.002443809655667674,0.004832345630661135,3164
303,X_BASE,24,B5_EXACT_SELECTED_DIAGNOSTIC,1,0.01,64,0,1,17,EXACT_MODEL_SELECTION_FROZEN_BEFORE_LOCKED_TEST,10,2,-0.00044075487028433284,0.002481352582697388,0.0033596887202032868,0.004985205384473117,3164
303,X_BASE,24,B5_EXACT_SELECTED_DIAGNOSTIC,1,0.01,64,0,1,17,EXACT_MODEL_SELECTION_FROZEN_BEFORE_LOCKED_TEST,10,3,0.0003561429047265305,0.002483834554033592,0.0047459420345618815,0.00490709773921861,3164
303,X_BASE,24,B5_EXACT_SELECTED_DIAGNOSTIC,1,0.01,64,0,1,17,EXACT_MODEL_SELECTION_FROZEN_BEFORE_LOCKED_TEST,10,4,0.0002221526939333933,0.0022439649318328615,0.0017305099522599758,0.004836103048956908,3164
303,X_BASE,24,B5_EXACT_SELECTED_DIAGNOSTIC,1,0.01,64,0,1,17,EXACT_MODEL_SELECTION_FROZEN_BEFORE_LOCKED_TEST,10,5,0.0004706453249463496,0.0022599122931648992,0.0009090371880437776,0.0048230918491391946,3164
303,X_BASE,24,B5_EXACT_SELECTED_DIAGNOSTIC,1,0.01,64,0,1,17,EXACT_MODEL_SELECTION_FROZEN_BEFORE_LOCKED_TEST,11,0,-0.0028054057779624397,0.0026339386741474763,-0.00020622715651952357,0.004851340894709479,3164
303,X_BASE,24,B5_EXACT_SELECTED_DIAGNOSTIC,1,0.01,64,0,1,17,EXACT_MODEL_SELECTION_FROZEN_BEFORE_LOCKED_TEST,11,1,-0.0022392184565061665,0.0026390958647653667,0.002443809655667674,0.004832345630661135,3164
303,X_BASE,24,B5_EXACT_SELECTED_DIAGNOSTIC,1,0.01,64,0,1,17,EXACT_MODEL_SELECTION_FROZEN_BEFORE_LOCKED_TEST,11,2,-0.00044075487028433284,0.002481352582697388,0.0033596887202032868,0.004985205384473117,3164
303,X_BASE,24,B5_EXACT_SELECTED_DIAGNOSTIC,1,0.01,64,0,1,17,EXACT_MODEL_SELECTION_FROZEN_BEFORE_LOCKED_TEST,11,3,0.0003561429047265305,0.002483834554033592,0.0047459420345618815,0.00490709773921861,3164
303,X_BASE,24,B5_EXACT_SELECTED_DIAGNOSTIC,1,0.01,64,0,1,17,EXACT_MODEL_SELECTION_FROZEN_BEFORE_LOCKED_TEST,11,4,0.0002221526939333933,0.0022439649318328615,0.0017305099522599758,0.004836103048956908,3164
303,X_BASE,24,B5_EXACT_SELECTED_DIAGNOSTIC,1,0.01,64,0,1,17,EXACT_MODEL_SELECTION_FROZEN_BEFORE_LOCKED_TEST,11,5,0.0004706453249463496,0.0022599122931648992,0.0009090371880437776,0.0048230918491391946,3164
303,X_BASE,40,B5_EXACT_SELECTED_DIAGNOSTIC,1,0.01,64,0,1,12,EXACT_MODEL_SELECTION_FROZEN_BEFORE_LOCKED_TEST,0,0,-0.0054303646620703985,0.0014513912929660308,-0.002616798274041702,0.001947106219986469,3401
303,X_BASE,40,B5_EXACT_SELECTED_DIAGNOSTIC,1,0.01,64,0,1,12,EXACT_MODEL_SELECTION_FROZEN_BEFORE_LOCKED_TEST,0,1,-0.0023923064537216925,0.0015408364325265299,0.001853920441295456,0.0020070653281127728,3401
303,X_BASE,40,B5_EXACT_SELECTED_DIAGNOSTIC,1,0.01,64,0,1,12,EXACT_MODEL_SELECTION_FROZEN_BEFORE_LOCKED_TEST,0,2,1.282316298336182e-05,0.0015654104111732365,-0.00010147893441286628,0.0021333096824810434,3401
303,X_BASE,40,B5_EXACT_SELECTED_DIAGNOSTIC,1,0.01,64,0,1,12,EXACT_MODEL_SELECTION_FROZEN_BEFORE_LOCKED_TEST,0,3,-0.008913902113646068,0.0016183595901726733,-0.002903177127901524,0.0021840784881263305,3401
303,X_BASE,40,B5_EXACT_SELECTED_DIAGNOSTIC,1,0.01,64,0,1,12,EXACT_MODEL_SELECTION_FROZEN_BEFORE_LOCKED_TEST,0,4,0.019922479440699786,0.0015198653295960755,0.0013492666174799398,0.001951966554638818,3401
303,X_BASE,40,B5_EXACT_SELECTED_DIAGNOSTIC,1,0.01,64,0,1,12,EXACT_MODEL_SELECTION_FROZEN_BEFORE_LOCKED_TEST,0,5,-0.02000287925727414,0.0015791274377717345,-0.0014887653547208527,0.0019937031071594366,3401
303,X_BASE,40,B5_EXACT_SELECTED_DIAGNOSTIC,1,0.01,64,0,1,12,EXACT_MODEL_SELECTION_FROZEN_BEFORE_LOCKED_TEST,1,0,-0.0054303646620703985,0.0014513912929660308,-0.002616798274041702,0.001947106219986469,3401
303,X_BASE,40,B5_EXACT_SELECTED_DIAGNOSTIC,1,0.01,64,0,1,12,EXACT_MODEL_SELECTION_FROZEN_BEFORE_LOCKED_TEST,1,1,-0.0023923064537216925,0.0015408364325265299,0.001853920441295456,0.0020070653281127728,3401
303,X_BASE,40,B5_EXACT_SELECTED_DIAGNOSTIC,1,0.01,64,0,1,12,EXACT_MODEL_SELECTION_FROZEN_BEFORE_LOCKED_TEST,1,2,1.282316298336182e-05,0.0015654104111732365,-0.00010147893441286628,0.0021333096824810434,3401
303,X_BASE,40,B5_EXACT_SELECTED_DIAGNOSTIC,1,0.01,64,0,1,12,EXACT_MODEL_SELECTION_FROZEN_BEFORE_LOCKED_TEST,1,3,-0.008913902113646068,0.0016183595901726733,-0.002903177127901524,0.0021840784881263305,3401
303,X_BASE,40,B5_EXACT_SELECTED_DIAGNOSTIC,1,0.01,64,0,1,12,EXACT_MODEL_SELECTION_FROZEN_BEFORE_LOCKED_TEST,1,4,0.019922479440699786,0.0015198653295960755,0.0013492666174799398,0.001951966554638818,3401
303,X_BASE,40,B5_EXACT_SELECTED_DIAGNOSTIC,1,0.01,64,0,1,12,EXACT_MODEL_SELECTION_FROZEN_BEFORE_LOCKED_TEST,1,5,-0.02000287925727414,0.0015791274377717345,-0.0014887653547208527,0.0019937031071594366,3401
303,X_BASE,40,B5_EXACT_SELECTED_DIAGNOSTIC,1,0.01,64,0,1,12,EXACT_MODEL_SELECTION_FROZEN_BEFORE_LOCKED_TEST,2,0,-0.0054303646620703985,0.0014513912929660308,-0.002616798274041702,0.001947106219986469,3401
303,X_BASE,40,B5_EXACT_SELECTED_DIAGNOSTIC,1,0.01,64,0,1,12,EXACT_MODEL_SELECTION_FROZEN_BEFORE_LOCKED_TEST,2,1,-0.0023923064537216925,0.0015408364325265299,0.001853920441295456,0.0020070653281127728,3401
303,X_BASE,40,B5_EXACT_SELECTED_DIAGNOSTIC,1,0.01,64,0,1,12,EXACT_MODEL_SELECTION_FROZEN_BEFORE_LOCKED_TEST,2,2,1.282316298336182e-05,0.0015654104111732365,-0.00010147893441286628,0.0021333096824810434,3401
303,X_BASE,40,B5_EXACT_SELECTED_DIAGNOSTIC,1,0.01,64,0,1,12,EXACT_MODEL_SELECTION_FROZEN_BEFORE_LOCKED_TEST,2,3,-0.008913902113646068,0.0016183595901726733,-0.002903177127901524,0.0021840784881263305,3401
303,X_BASE,40,B5_EXACT_SELECTED_DIAGNOSTIC,1,0.01,64,0,1,12,EXACT_MODEL_SELECTION_FROZEN_BEFORE_LOCKED_TEST,2,4,0.019922479440699786,0.0015198653295960755,0.0013492666174799398,0.001951966554638818,3401
303,X_BASE,40,B5_EXACT_SELECTED_DIAGNOSTIC,1,0.01,64,0,1,12,EXACT_MODEL_SELECTION_FROZEN_BEFORE_LOCKED_TEST,2,5,-0.02000287925727414,0.0015791274377717345,-0.0014887653547208527,0.0019937031071594366,3401
303,X_BASE,40,B5_EXACT_SELECTED_DIAGNOSTIC,1,0.01,64,0,1,12,EXACT_MODEL_SELECTION_FROZEN_BEFORE_LOCKED_TEST,3,0,-0.00080807349358553,0.0017649382752915807,-0.00038939656080246693,0.0018870886587540666,3401
303,X_BASE,40,B5_EXACT_SELECTED_DIAGNOSTIC,1,0.01,64,0,1,12,EXACT_MODEL_SELECTION_FROZEN_BEFORE_LOCKED_TEST,3,1,-0.00035599072144982917,0.0018482130442113627,0.00027587538978571556,0.0020387806019423397,3401
303,X_BASE,40,B5_EXACT_SELECTED_DIAGNOSTIC,1,0.01,64,0,1,12,EXACT_MODEL_SELECTION_FROZEN_BEFORE_LOCKED_TEST,3,2,1.9081698478112083e-06,0.0017670045644694887,-1.5100723829673162e-05,0.001990277535993008,3401
303,X_BASE,40,B5_EXACT_SELECTED_DIAGNOSTIC,1,0.01,64,0,1,12,EXACT_MODEL_SELECTION_FROZEN_BEFORE_LOCKED_TEST,3,3,-0.0013264464673551312,0.0019134831746697653,-0.0004320115922650678,0.0022475413048629513,3401
303,X_BASE,40,B5_EXACT_SELECTED_DIAGNOSTIC,1,0.01,64,0,1,12,EXACT_MODEL_SELECTION_FROZEN_BEFORE_LOCKED_TEST,3,4,0.0029645941965883173,0.0017853096177085522,0.00020077962663922702,0.0019258179428077503,3401
303,X_BASE,40,B5_EXACT_SELECTED_DIAGNOSTIC,1,0.01,64,0,1,12,EXACT_MODEL_SELECTION_FROZEN_BEFORE_LOCKED_TEST,3,5,-0.0029765582109236087,0.0018417440739390701,-0.0002215379437998386,0.0020844973215682007,3401
303,X_BASE,40,B5_EXACT_SELECTED_DIAGNOSTIC,1,0.01,64,0,1,12,EXACT_MODEL_SELECTION_FROZEN_BEFORE_LOCKED_TEST,4,0,-0.00080807349358553,0.0017649382752915807,-0.00038939656080246693,0.0018870886587540666,3401
303,X_BASE,40,B5_EXACT_SELECTED_DIAGNOSTIC,1,0.01,64,0,1,12,EXACT_MODEL_SELECTION_FROZEN_BEFORE_LOCKED_TEST,4,1,-0.00035599072144982917,0.0018482130442113627,0.00027587538978571556,0.0020387806019423397,3401
303,X_BASE,40,B5_EXACT_SELECTED_DIAGNOSTIC,1,0.01,64,0,1,12,EXACT_MODEL_SELECTION_FROZEN_BEFORE_LOCKED_TEST,4,2,1.9081698478112083e-06,0.0017670045644694887,-1.5100723829673162e-05,0.001990277535993008,3401
303,X_BASE,40,B5_EXACT_SELECTED_DIAGNOSTIC,1,0.01,64,0,1,12,EXACT_MODEL_SELECTION_FROZEN_BEFORE_LOCKED_TEST,4,3,-0.0013264464673551312,0.0019134831746697653,-0.0004320115922650678,0.0022475413048629513,3401
303,X_BASE,40,B5_EXACT_SELECTED_DIAGNOSTIC,1,0.01,64,0,1,12,EXACT_MODEL_SELECTION_FROZEN_BEFORE_LOCKED_TEST,4,4,0.0029645941965883173,0.0017853096177085522,0.00020077962663922702,0.0019258179428077503,3401
303,X_BASE,40,B5_EXACT_SELECTED_DIAGNOSTIC,1,0.01,64,0,1,12,EXACT_MODEL_SELECTION_FROZEN_BEFORE_LOCKED_TEST,4,5,-0.0029765582109236087,0.0018417440739390701,-0.0002215379437998386,0.0020844973215682007,3401
303,X_BASE,40,B5_EXACT_SELECTED_DIAGNOSTIC,1,0.01,64,0,1,12,EXACT_MODEL_SELECTION_FROZEN_BEFORE_LOCKED_TEST,5,0,-0.00080807349358553,0.0017649382752915807,-0.00038939656080246693,0.0018870886587540666,3401
303,X_BASE,40,B5_EXACT_SELECTED_DIAGNOSTIC,1,0.01,64,0,1,12,EXACT_MODEL_SELECTION_FROZEN_BEFORE_LOCKED_TEST,5,1,-0.00035599072144982917,0.0018482130442113627,0.00027587538978571556,0.0020387806019423397,3401
303,X_BASE,40,B5_EXACT_SELECTED_DIAGNOSTIC,1,0.01,64,0,1,12,EXACT_MODEL_SELECTION_FROZEN_BEFORE_LOCKED_TEST,5,2,1.9081698478112083e-06,0.0017670045644694887,-1.5100723829673162e-05,0.001990277535993008,3401
303,X_BASE,40,B5_EXACT_SELECTED_DIAGNOSTIC,1,0.01,64,0,1,12,EXACT_MODEL_SELECTION_FROZEN_BEFORE_LOCKED_TEST,5,3,-0.0013264464673551312,0.0019134831746697653,-0.0004320115922650678,0.0022475413048629513,3401
303,X_BASE,40,B5_EXACT_SELECTED_DIAGNOSTIC,1,0.01,64,0,1,12,EXACT_MODEL_SELECTION_FROZEN_BEFORE_LOCKED_TEST,5,4,0.0029645941965883173,0.0017853096177085522,0.00020077962663922702,0.0019258179428077503,3401
303,X_BASE,40,B5_EXACT_SELECTED_DIAGNOSTIC,1,0.01,64,0,1,12,EXACT_MODEL_SELECTION_FROZEN_BEFORE_LOCKED_TEST,5,5,-0.0029765582109236087,0.0018417440739390701,-0.0002215379437998386,0.0020844973215682007,3401
303,X_BASE,40,B5_EXACT_SELECTED_DIAGNOSTIC,1,0.01,64,0,1,12,EXACT_MODEL_SELECTION_FROZEN_BEFORE_LOCKED_TEST,6,0,-0.005087623408708778,0.0017542456782019197,-0.0024516372257415626,0.0022842871902984344,3401
303,X_BASE,40,B5_EXACT_SELECTED_DIAGNOSTIC,1,0.01,64,0,1,12,EXACT_MODEL_SELECTION_FROZEN_BEFORE_LOCKED_TEST,6,1,-0.0022413143632455724,0.0018563036572689744,0.001736908959521398,0.0024748807677053017,3401
303,X_BASE,40,B5_EXACT_SELECTED_DIAGNOSTIC,1,0.01,64,0,1,12,EXACT_MODEL_SELECTION_FROZEN_BEFORE_LOCKED_TEST,6,2,1.2013820107426658e-05,0.001925620581047633,-9.507402068517446e-05,0.002745080757733554,3401
303,X_BASE,40,B5_EXACT_SELECTED_DIAGNOSTIC,1,0.01,64,0,1,12,EXACT_MODEL_SELECTION_FROZEN_BEFORE_LOCKED_TEST,6,3,-0.008351294964237976,0.002097312177120069,-0.0027199410784888877,0.003045230084563285,3401
303,X_BASE,40,B5_EXACT_SELECTED_DIAGNOSTIC,1,0.01,64,0,1,12,EXACT_MODEL_SELECTION_FROZEN_BEFORE_LOCKED_TEST,6,4,0.018665058254739655,0.001790102422818374,0.0012641067137953588,0.002286784405162133,3401
303,X_BASE,40,B5_EXACT_SELECTED_DIAGNOSTIC,1,0.01,64,0,1,12,EXACT_MODEL_SELECTION_FROZEN_BEFORE_LOCKED_TEST,6,5,-0.01874038358081152,0.0018507998337667347,-0.0013948008909340254,0.002472616887614134,3401
303,X_BASE,40,B5_EXACT_SELECTED_DIAGNOSTIC,1,0.01,64,0,1,12,EXACT_MODEL_SELECTION_FROZEN_BEFORE_LOCKED_TEST,7,0,-0.004434900774838716,0.0017702436291448566,-0.0021371015420388927,0.0025889653233384467,3401
303,X_BASE,40,B5_EXACT_SELECTED_DIAGNOSTIC,1,0.01,64,0,1,12,EXACT_MODEL_SELECTION_FROZEN_BEFORE_LOCKED_TEST,7,1,-0.0019537622987582074,0.0018675579071762937,0.0015140701800412462,0.002789946250962332,3401
303,X_BASE,40,B5_EXACT_SELECTED_DIAGNOSTIC,1,0.01,64,0,1,12,EXACT_MODEL_SELECTION_FROZEN_BEFORE_LOCKED_TEST,7,2,1.047249291525709e-05,0.0019801695404954834,-8.287638728958592e-05,0.003103550038351778,3401
303,X_BASE,40,B5_EXACT_SELECTED_DIAGNOSTIC,1,0.01,64,0,1,12,EXACT_MODEL_SELECTION_FROZEN_BEFORE_LOCKED_TEST,7,3,-0.007279855746478214,0.002163134535718076,-0.0023709830361771,0.003427638963671278,3401
303,X_BASE,40,B5_EXACT_SELECTED_DIAGNOSTIC,1,0.01,64,0,1,12,EXACT_MODEL_SELECTION_FROZEN_BEFORE_LOCKED_TEST,7,4,0.016270402635277476,0.0018046857886070058,0.0011019266549669195,0.002590121629267099,3401
303,X_BASE,40,B5_EXACT_SELECTED_DIAGNOSTIC,1,0.01,64,0,1,12,EXACT_MODEL_SELECTION_FROZEN_BEFORE_LOCKED_TEST,7,5,-0.016336064009975386,0.0018581350231158394,-0.0012158532688092524,0.0027881685836516103,3401
303,X_BASE,40,B5_EXACT_SELECTED_DIAGNOSTIC,1,0.01,64,0,1,12,EXACT_MODEL_SELECTION_FROZEN_BEFORE_LOCKED_TEST,8,0,-0.004434900774838716,0.0017702436291448566,-0.0021371015420388927,0.0025889653233384467,3401
303,X_BASE,40,B5_EXACT_SELECTED_DIAGNOSTIC,1,0.01,64,0,1,12,EXACT_MODEL_SELECTION_FROZEN_BEFORE_LOCKED_TEST,8,1,-0.0019537622987582074,0.0018675579071762937,0.0015140701800412462,0.002789946250962332,3401
303,X_BASE,40,B5_EXACT_SELECTED_DIAGNOSTIC,1,0.01,64,0,1,12,EXACT_MODEL_SELECTION_FROZEN_BEFORE_LOCKED_TEST,8,2,1.047249291525709e-05,0.0019801695404954834,-8.287638728958592e-05,0.003103550038351778,3401
303,X_BASE,40,B5_EXACT_SELECTED_DIAGNOSTIC,1,0.01,64,0,1,12,EXACT_MODEL_SELECTION_FROZEN_BEFORE_LOCKED_TEST,8,3,-0.007279855746478214,0.002163134535718076,-0.0023709830361771,0.003427638963671278,3401
303,X_BASE,40,B5_EXACT_SELECTED_DIAGNOSTIC,1,0.01,64,0,1,12,EXACT_MODEL_SELECTION_FROZEN_BEFORE_LOCKED_TEST,8,4,0.016270402635277476,0.0018046857886070058,0.0011019266549669195,0.002590121629267099,3401
303,X_BASE,40,B5_EXACT_SELECTED_DIAGNOSTIC,1,0.01,64,0,1,12,EXACT_MODEL_SELECTION_FROZEN_BEFORE_LOCKED_TEST,8,5,-0.016336064009975386,0.0018581350231158394,-0.0012158532688092524,0.0027881685836516103,3401
303,X_BASE,40,B5_EXACT_SELECTED_DIAGNOSTIC,1,0.01,64,0,1,12,EXACT_MODEL_SELECTION_FROZEN_BEFORE_LOCKED_TEST,9,0,-0.00015240278316384277,0.0018784683565698963,-7.344025028887193e-05,0.002599552030437413,3401
303,X_BASE,40,B5_EXACT_SELECTED_DIAGNOSTIC,1,0.01,64,0,1,12,EXACT_MODEL_SELECTION_FROZEN_BEFORE_LOCKED_TEST,9,1,-6.713990393216105e-05,0.0019995165071234507,5.2030140257660685e-05,0.002749173025005753,3401
303,X_BASE,40,B5_EXACT_SELECTED_DIAGNOSTIC,1,0.01,64,0,1,12,EXACT_MODEL_SELECTION_FROZEN_BEFORE_LOCKED_TEST,9,2,3.5988112203182436e-07,0.00218331858320946,-2.847998799241849e-06,0.0031888837562416717,3401
303,X_BASE,40,B5_EXACT_SELECTED_DIAGNOSTIC,1,0.01,64,0,1,12,EXACT_MODEL_SELECTION_FROZEN_BEFORE_LOCKED_TEST,9,3,-0.0002501680044543775,0.0023145235176643478,-8.147745167101039e-05,0.003387176583776788,3401
303,X_BASE,40,B5_EXACT_SELECTED_DIAGNOSTIC,1,0.01,64,0,1,12,EXACT_MODEL_SELECTION_FROZEN_BEFORE_LOCKED_TEST,9,4,0.0005591229140640212,0.0017948372925517357,3.786706796512024e-05,0.0026541835213674055,3401
303,X_BASE,40,B5_EXACT_SELECTED_DIAGNOSTIC,1,0.01,64,0,1,12,EXACT_MODEL_SELECTION_FROZEN_BEFORE_LOCKED_TEST,9,5,-0.0005613793289779917,0.0018712940955876757,-4.178208972265558e-05,0.0027981338950720893,3401
303,X_BASE,40,B5_EXACT_SELECTED_DIAGNOSTIC,1,0.01,64,0,1,12,EXACT_MODEL_SELECTION_FROZEN_BEFORE_LOCKED_TEST,10,0,0.0001521609697345751,0.0019343589677490146,7.332372460344836e-05,0.0030196400039706416,3401
303,X_BASE,40,B5_EXACT_SELECTED_DIAGNOSTIC,1,0.01,64,0,1,12,EXACT_MODEL_SELECTION_FROZEN_BEFORE_LOCKED_TEST,10,1,6.703337483818066e-05,0.002048117024180609,-5.194758542250745e-05,0.0031937878536165295,3401
303,X_BASE,40,B5_EXACT_SELECTED_DIAGNOSTIC,1,0.01,64,0,1,12,EXACT_MODEL_SELECTION_FROZEN_BEFORE_LOCKED_TEST,10,2,-3.593101082586465e-07,0.0021662299313801787,2.8434799555442566e-06,0.003660154028015662,3401
303,X_BASE,40,B5_EXACT_SELECTED_DIAGNOSTIC,1,0.01,64,0,1,12,EXACT_MODEL_SELECTION_FROZEN_BEFORE_LOCKED_TEST,10,3,0.00024977106955729534,0.002315530874966422,8.134817357262175e-05,0.003910316136302921,3401
303,X_BASE,40,B5_EXACT_SELECTED_DIAGNOSTIC,1,0.01,64,0,1,12,EXACT_MODEL_SELECTION_FROZEN_BEFORE_LOCKED_TEST,10,4,-0.0005582357686561411,0.0018276320903800331,-3.780698529884034e-05,0.00306380216579543,3401
303,X_BASE,40,B5_EXACT_SELECTED_DIAGNOSTIC,1,0.01,64,0,1,12,EXACT_MODEL_SELECTION_FROZEN_BEFORE_LOCKED_TEST,10,5,0.0005604886033767786,0.0018968589945362508,4.1715795195823065e-05,0.0032383761156959136,3401
303,X_BASE,40,B5_EXACT_SELECTED_DIAGNOSTIC,1,0.01,64,0,1,12,EXACT_MODEL_SELECTION_FROZEN_BEFORE_LOCKED_TEST,11,0,0.0001521609697345751,0.0019343589677490146,7.332372460344836e-05,0.0030196400039706416,3401
303,X_BASE,40,B5_EXACT_SELECTED_DIAGNOSTIC,1,0.01,64,0,1,12,EXACT_MODEL_SELECTION_FROZEN_BEFORE_LOCKED_TEST,11,1,6.703337483818066e-05,0.002048117024180609,-5.194758542250745e-05,0.0031937878536165295,3401
303,X_BASE,40,B5_EXACT_SELECTED_DIAGNOSTIC,1,0.01,64,0,1,12,EXACT_MODEL_SELECTION_FROZEN_BEFORE_LOCKED_TEST,11,2,-3.593101082586465e-07,0.0021662299313801787,2.8434799555442566e-06,0.003660154028015662,3401
303,X_BASE,40,B5_EXACT_SELECTED_DIAGNOSTIC,1,0.01,64,0,1,12,EXACT_MODEL_SELECTION_FROZEN_BEFORE_LOCKED_TEST,11,3,0.00024977106955729534,0.002315530874966422,8.134817357262175e-05,0.003910316136302921,3401
303,X_BASE,40,B5_EXACT_SELECTED_DIAGNOSTIC,1,0.01,64,0,1,12,EXACT_MODEL_SELECTION_FROZEN_BEFORE_LOCKED_TEST,11,4,-0.0005582357686561411,0.0018276320903800331,-3.780698529884034e-05,0.00306380216579543,3401
303,X_BASE,40,B5_EXACT_SELECTED_DIAGNOSTIC,1,0.01,64,0,1,12,EXACT_MODEL_SELECTION_FROZEN_BEFORE_LOCKED_TEST,11,5,0.0005604886033767786,0.0018968589945362508,4.1715795195823065e-05,0.0032383761156959136,3401
303,X_VALID,8,B5_EXACT_SELECTED_DIAGNOSTIC,1,0.01,64,0,1,17,EXACT_MODEL_SELECTION_FROZEN_BEFORE_LOCKED_TEST,0,0,0.0064689346952605045,-0.000437787650468541,0.018929536433710092,0.005155779011343017,3638
303,X_VALID,8,B5_EXACT_SELECTED_DIAGNOSTIC,1,0.01,64,0,1,17,EXACT_MODEL_SELECTION_FROZEN_BEFORE_LOCKED_TEST,0,1,0.012555266489355059,-0.0004134915679912087,0.011362767387731494,0.005120688037787623,3638
303,X_VALID,8,B5_EXACT_SELECTED_DIAGNOSTIC,1,0.01,64,0,1,17,EXACT_MODEL_SELECTION_FROZEN_BEFORE_LOCKED_TEST,0,2,0.016234014401611874,-0.0005436806176823602,0.01625658299826378,0.005146982918197613,3638
303,X_VALID,8,B5_EXACT_SELECTED_DIAGNOSTIC,1,0.01,64,0,1,17,EXACT_MODEL_SELECTION_FROZEN_BEFORE_LOCKED_TEST,0,3,-0.016578189101872684,-0.0005237761731410317,-0.0024471421717144936,0.00506762668685335,3638
303,X_VALID,8,B5_EXACT_SELECTED_DIAGNOSTIC,1,0.01,64,0,1,17,EXACT_MODEL_SELECTION_FROZEN_BEFORE_LOCKED_TEST,0,4,0.00012275578814638943,-0.00046214842259805394,-0.0026150517514946145,0.0052473243187328615,3638
303,X_VALID,8,B5_EXACT_SELECTED_DIAGNOSTIC,1,0.01,64,0,1,17,EXACT_MODEL_SELECTION_FROZEN_BEFORE_LOCKED_TEST,0,5,-0.02421693690498677,-0.00044271845590960053,-0.01372627049190935,0.0051606179667040885,3638
303,X_VALID,8,B5_EXACT_SELECTED_DIAGNOSTIC,1,0.01,64,0,1,17,EXACT_MODEL_SELECTION_FROZEN_BEFORE_LOCKED_TEST,1,0,0.0064689346952605045,-0.000437787650468541,0.018929536433710092,0.005155779011343017,3638
303,X_VALID,8,B5_EXACT_SELECTED_DIAGNOSTIC,1,0.01,64,0,1,17,EXACT_MODEL_SELECTION_FROZEN_BEFORE_LOCKED_TEST,1,1,0.012555266489355059,-0.0004134915679912087,0.011362767387731494,0.005120688037787623,3638
303,X_VALID,8,B5_EXACT_SELECTED_DIAGNOSTIC,1,0.01,64,0,1,17,EXACT_MODEL_SELECTION_FROZEN_BEFORE_LOCKED_TEST,1,2,0.016234014401611874,-0.0005436806176823602,0.01625658299826378,0.005146982918197613,3638
303,X_VALID,8,B5_EXACT_SELECTED_DIAGNOSTIC,1,0.01,64,0,1,17,EXACT_MODEL_SELECTION_FROZEN_BEFORE_LOCKED_TEST,1,3,-0.016578189101872684,-0.0005237761731410317,-0.0024471421717144936,0.00506762668685335,3638
303,X_VALID,8,B5_EXACT_SELECTED_DIAGNOSTIC,1,0.01,64,0,1,17,EXACT_MODEL_SELECTION_FROZEN_BEFORE_LOCKED_TEST,1,4,0.00012275578814638943,-0.00046214842259805394,-0.0026150517514946145,0.0052473243187328615,3638
303,X_VALID,8,B5_EXACT_SELECTED_DIAGNOSTIC,1,0.01,64,0,1,17,EXACT_MODEL_SELECTION_FROZEN_BEFORE_LOCKED_TEST,1,5,-0.02421693690498677,-0.00044271845590960053,-0.01372627049190935,0.0051606179667040885,3638
303,X_VALID,8,B5_EXACT_SELECTED_DIAGNOSTIC,1,0.01,64,0,1,17,EXACT_MODEL_SELECTION_FROZEN_BEFORE_LOCKED_TEST,2,0,0.0064689346952605045,-0.000437787650468541,0.018929536433710092,0.005155779011343017,3638
303,X_VALID,8,B5_EXACT_SELECTED_DIAGNOSTIC,1,0.01,64,0,1,17,EXACT_MODEL_SELECTION_FROZEN_BEFORE_LOCKED_TEST,2,1,0.012555266489355059,-0.0004134915679912087,0.011362767387731494,0.005120688037787623,3638
303,X_VALID,8,B5_EXACT_SELECTED_DIAGNOSTIC,1,0.01,64,0,1,17,EXACT_MODEL_SELECTION_FROZEN_BEFORE_LOCKED_TEST,2,2,0.016234014401611874,-0.0005436806176823602,0.01625658299826378,0.005146982918197613,3638
303,X_VALID,8,B5_EXACT_SELECTED_DIAGNOSTIC,1,0.01,64,0,1,17,EXACT_MODEL_SELECTION_FROZEN_BEFORE_LOCKED_TEST,2,3,-0.016578189101872684,-0.0005237761731410317,-0.0024471421717144936,0.00506762668685335,3638
303,X_VALID,8,B5_EXACT_SELECTED_DIAGNOSTIC,1,0.01,64,0,1,17,EXACT_MODEL_SELECTION_FROZEN_BEFORE_LOCKED_TEST,2,4,0.00012275578814638943,-0.00046214842259805394,-0.0026150517514946145,0.0052473243187328615,3638
303,X_VALID,8,B5_EXACT_SELECTED_DIAGNOSTIC,1,0.01,64,0,1,17,EXACT_MODEL_SELECTION_FROZEN_BEFORE_LOCKED_TEST,2,5,-0.02421693690498677,-0.00044271845590960053,-0.01372627049190935,0.0051606179667040885,3638
303,X_VALID,8,B5_EXACT_SELECTED_DIAGNOSTIC,1,0.01,64,0,1,17,EXACT_MODEL_SELECTION_FROZEN_BEFORE_LOCKED_TEST,3,0,0.0067308612610842726,-0.0005478459426010192,0.019695991608215127,0.005456133246416261,3638
303,X_VALID,8,B5_EXACT_SELECTED_DIAGNOSTIC,1,0.01,64,0,1,17,EXACT_MODEL_SELECTION_FROZEN_BEFORE_LOCKED_TEST,3,1,0.013063628065020427,-0.0005162175479955436,0.011822844785375241,0.005407792802894791,3638
303,X_VALID,8,B5_EXACT_SELECTED_DIAGNOSTIC,1,0.01,64,0,1,17,EXACT_MODEL_SELECTION_FROZEN_BEFORE_LOCKED_TEST,3,2,0.01689132813904427,-0.0006771625562218662,0.016914810536081404,0.005561955557421447,3638
303,X_VALID,8,B5_EXACT_SELECTED_DIAGNOSTIC,1,0.01,64,0,1,17,EXACT_MODEL_SELECTION_FROZEN_BEFORE_LOCKED_TEST,3,3,-0.017249438440996776,-0.0006475184751968862,-0.002546226731277185,0.0054747850090701424,3638
303,X_VALID,8,B5_EXACT_SELECTED_DIAGNOSTIC,1,0.01,64,0,1,17,EXACT_MODEL_SELECTION_FROZEN_BEFORE_LOCKED_TEST,3,4,0.00012772615862295783,-0.0005350739870668431,-0.002720934954369154,0.005512473248437299,3638
303,X_VALID,8,B5_EXACT_SELECTED_DIAGNOSTIC,1,0.01,64,0,1,17,EXACT_MODEL_SELECTION_FROZEN_BEFORE_LOCKED_TEST,3,5,-0.0251974784341726,-0.0005107834304838594,-0.014282045911028675,0.005418711487573166,3638
303,X_VALID,8,B5_EXACT_SELECTED_DIAGNOSTIC,1,0.01,64,0,1,17,EXACT_MODEL_SELECTION_FROZEN_BEFORE_LOCKED_TEST,4,0,0.00040513871515096013,-0.0007598501799719939,0.0011855256592365017,0.006643658075661671,3638
303,X_VALID,8,B5_EXACT_SELECTED_DIAGNOSTIC,1,0.01,64,0,1,17,EXACT_MODEL_SELECTION_FROZEN_BEFORE_LOCKED_TEST,4,1,0.0007863156413685778,-0.000732075254276732,0.0007116313886114107,0.006622758716680617,3638
303,X_VALID,8,B5_EXACT_SELECTED_DIAGNOSTIC,1,0.01,64,0,1,17,EXACT_MODEL_SELECTION_FROZEN_BEFORE_LOCKED_TEST,4,2,0.0010167095582569266,-0.000934973578407035,0.0010181229922582025,0.006886641410609572,3638
303,X_VALID,8,B5_EXACT_SELECTED_DIAGNOSTIC,1,0.01,64,0,1,17,EXACT_MODEL_SELECTION_FROZEN_BEFORE_LOCKED_TEST,4,3,-0.0010382646523210682,-0.0009155926625643972,-0.00015326047980767483,0.006886892373228012,3638
303,X_VALID,8,B5_EXACT_SELECTED_DIAGNOSTIC,1,0.01,64,0,1,17,EXACT_MODEL_SELECTION_FROZEN_BEFORE_LOCKED_TEST,4,4,7.687992633997207e-06,-0.0007297264170061339,-0.000163776379970262,0.0067157606651129355,3638
303,X_VALID,8,B5_EXACT_SELECTED_DIAGNOSTIC,1,0.01,64,0,1,17,EXACT_MODEL_SELECTION_FROZEN_BEFORE_LOCKED_TEST,4,5,-0.0015166668338399576,-0.0007119341761266055,-0.0008596536915082808,0.006657229411995342,3638
303,X_VALID,8,B5_EXACT_SELECTED_DIAGNOSTIC,1,0.01,64,0,1,17,EXACT_MODEL_SELECTION_FROZEN_BEFORE_LOCKED_TEST,5,0,0.0067308612610842726,-0.0005478459426010192,0.019695991608215127,0.005456133246416261,3638
303,X_VALID,8,B5_EXACT_SELECTED_DIAGNOSTIC,1,0.01,64,0,1,17,EXACT_MODEL_SELECTION_FROZEN_BEFORE_LOCKED_TEST,5,1,0.013063628065020427,-0.0005162175479955436,0.011822844785375241,0.005407792802894791,3638
303,X_VALID,8,B5_EXACT_SELECTED_DIAGNOSTIC,1,0.01,64,0,1,17,EXACT_MODEL_SELECTION_FROZEN_BEFORE_LOCKED_TEST,5,2,0.01689132813904427,-0.0006771625562218662,0.016914810536081404,0.005561955557421447,3638
303,X_VALID,8,B5_EXACT_SELECTED_DIAGNOSTIC,1,0.01,64,0,1,17,EXACT_MODEL_SELECTION_FROZEN_BEFORE_LOCKED_TEST,5,3,-0.017249438440996776,-0.0006475184751968862,-0.002546226731277185,0.0054747850090701424,3638
303,X_VALID,8,B5_EXACT_SELECTED_DIAGNOSTIC,1,0.01,64,0,1,17,EXACT_MODEL_SELECTION_FROZEN_BEFORE_LOCKED_TEST,5,4,0.00012772615862295783,-0.0005350739870668431,-0.002720934954369154,0.005512473248437299,3638
303,X_VALID,8,B5_EXACT_SELECTED_DIAGNOSTIC,1,0.01,64,0,1,17,EXACT_MODEL_SELECTION_FROZEN_BEFORE_LOCKED_TEST,5,5,-0.0251974784341726,-0.0005107834304838594,-0.014282045911028675,0.005418711487573166,3638
303,X_VALID,8,B5_EXACT_SELECTED_DIAGNOSTIC,1,0.01,64,0,1,17,EXACT_MODEL_SELECTION_FROZEN_BEFORE_LOCKED_TEST,6,0,0.006094951253268592,-0.00042263376831778017,0.017835178007742827,0.005048324968780654,3638
303,X_VALID,8,B5_EXACT_SELECTED_DIAGNOSTIC,1,0.01,64,0,1,17,EXACT_MODEL_SELECTION_FROZEN_BEFORE_LOCKED_TEST,6,1,0.011829418726468387,-0.00039831587810695325,0.010705860639031319,0.005010235250716246,3638
303,X_VALID,8,B5_EXACT_SELECTED_DIAGNOSTIC,1,0.01,64,0,1,17,EXACT_MODEL_SELECTION_FROZEN_BEFORE_LOCKED_TEST,6,2,0.015295490074305048,-0.0005402485318131098,0.01531675393040006,0.005176237677341112,3638
303,X_VALID,8,B5_EXACT_SELECTED_DIAGNOSTIC,1,0.01,64,0,1,17,EXACT_MODEL_SELECTION_FROZEN_BEFORE_LOCKED_TEST,6,3,-0.015619767272872974,-0.000517707314384295,-0.002305667462889273,0.0051005996372425425,3638
303,X_VALID,8,B5_EXACT_SELECTED_DIAGNOSTIC,1,0.01,64,0,1,17,EXACT_MODEL_SELECTION_FROZEN_BEFORE_LOCKED_TEST,6,4,0.00011565900415673747,-0.00042125871556920766,-0.002463869817979739,0.005117534719094942,3638
303,X_VALID,8,B5_EXACT_SELECTED_DIAGNOSTIC,1,0.01,64,0,1,17,EXACT_MODEL_SELECTION_FROZEN_BEFORE_LOCKED_TEST,6,5,-0.022816902147352946,-0.00040388910877946275,-0.01293272439412027,0.005036574673118364,3638
303,X_VALID,8,B5_EXACT_SELECTED_DIAGNOSTIC,1,0.01,64,0,1,17,EXACT_MODEL_SELECTION_FROZEN_BEFORE_LOCKED_TEST,7,0,0.006094951253268592,-0.00042263376831778017,0.017835178007742827,0.005048324968780654,3638
303,X_VALID,8,B5_EXACT_SELECTED_DIAGNOSTIC,1,0.01,64,0,1,17,EXACT_MODEL_SELECTION_FROZEN_BEFORE_LOCKED_TEST,7,1,0.011829418726468387,-0.00039831587810695325,0.010705860639031319,0.005010235250716246,3638
303,X_VALID,8,B5_EXACT_SELECTED_DIAGNOSTIC,1,0.01,64,0,1,17,EXACT_MODEL_SELECTION_FROZEN_BEFORE_LOCKED_TEST,7,2,0.015295490074305048,-0.0005402485318131098,0.01531675393040006,0.005176237677341112,3638
303,X_VALID,8,B5_EXACT_SELECTED_DIAGNOSTIC,1,0.01,64,0,1,17,EXACT_MODEL_SELECTION_FROZEN_BEFORE_LOCKED_TEST,7,3,-0.015619767272872974,-0.000517707314384295,-0.002305667462889273,0.0051005996372425425,3638
303,X_VALID,8,B5_EXACT_SELECTED_DIAGNOSTIC,1,0.01,64,0,1,17,EXACT_MODEL_SELECTION_FROZEN_BEFORE_LOCKED_TEST,7,4,0.00011565900415673747,-0.00042125871556920766,-0.002463869817979739,0.005117534719094942,3638
303,X_VALID,8,B5_EXACT_SELECTED_DIAGNOSTIC,1,0.01,64,0,1,17,EXACT_MODEL_SELECTION_FROZEN_BEFORE_LOCKED_TEST,7,5,-0.022816902147352946,-0.00040388910877946275,-0.01293272439412027,0.005036574673118364,3638
303,X_VALID,8,B5_EXACT_SELECTED_DIAGNOSTIC,1,0.01,64,0,1,17,EXACT_MODEL_SELECTION_FROZEN_BEFORE_LOCKED_TEST,8,0,0.006094951253268592,-0.00042263376831778017,0.017835178007742827,0.005048324968780654,3638
303,X_VALID,8,B5_EXACT_SELECTED_DIAGNOSTIC,1,0.01,64,0,1,17,EXACT_MODEL_SELECTION_FROZEN_BEFORE_LOCKED_TEST,8,1,0.011829418726468387,-0.00039831587810695325,0.010705860639031319,0.005010235250716246,3638
303,X_VALID,8,B5_EXACT_SELECTED_DIAGNOSTIC,1,0.01,64,0,1,17,EXACT_MODEL_SELECTION_FROZEN_BEFORE_LOCKED_TEST,8,2,0.015295490074305048,-0.0005402485318131098,0.01531675393040006,0.005176237677341112,3638
303,X_VALID,8,B5_EXACT_SELECTED_DIAGNOSTIC,1,0.01,64,0,1,17,EXACT_MODEL_SELECTION_FROZEN_BEFORE_LOCKED_TEST,8,3,-0.015619767272872974,-0.000517707314384295,-0.002305667462889273,0.0051005996372425425,3638
303,X_VALID,8,B5_EXACT_SELECTED_DIAGNOSTIC,1,0.01,64,0,1,17,EXACT_MODEL_SELECTION_FROZEN_BEFORE_LOCKED_TEST,8,4,0.00011565900415673747,-0.00042125871556920766,-0.002463869817979739,0.005117534719094942,3638
303,X_VALID,8,B5_EXACT_SELECTED_DIAGNOSTIC,1,0.01,64,0,1,17,EXACT_MODEL_SELECTION_FROZEN_BEFORE_LOCKED_TEST,8,5,-0.022816902147352946,-0.00040388910877946275,-0.01293272439412027,0.005036574673118364,3638
303,X_VALID,8,B5_EXACT_SELECTED_DIAGNOSTIC,1,0.01,64,0,1,17,EXACT_MODEL_SELECTION_FROZEN_BEFORE_LOCKED_TEST,9,0,0.00509446262208118,-0.00046034728736480773,0.014907526564692962,0.005231220832120884,3638
303,X_VALID,8,B5_EXACT_SELECTED_DIAGNOSTIC,1,0.01,64,0,1,17,EXACT_MODEL_SELECTION_FROZEN_BEFORE_LOCKED_TEST,9,1,0.009887615017531408,-0.0004154544338505102,0.008948489429428374,0.005129670795996,3638
303,X_VALID,8,B5_EXACT_SELECTED_DIAGNOSTIC,1,0.01,64,0,1,17,EXACT_MODEL_SELECTION_FROZEN_BEFORE_LOCKED_TEST,9,2,0.01278472939847923,-0.0005452323414231059,0.012802502784282648,0.005281476361389995,3638
303,X_VALID,8,B5_EXACT_SELECTED_DIAGNOSTIC,1,0.01,64,0,1,17,EXACT_MODEL_SELECTION_FROZEN_BEFORE_LOCKED_TEST,9,3,-0.013055776368118497,-0.0004963161222388811,-0.0019271912474015187,0.005118720732599195,3638
303,X_VALID,8,B5_EXACT_SELECTED_DIAGNOSTIC,1,0.01,64,0,1,17,EXACT_MODEL_SELECTION_FROZEN_BEFORE_LOCKED_TEST,9,4,9.667353340482518e-05,-0.00044686397738624706,-0.0020594246240509847,0.00530472188136689,3638
303,X_VALID,8,B5_EXACT_SELECTED_DIAGNOSTIC,1,0.01,64,0,1,17,EXACT_MODEL_SELECTION_FROZEN_BEFORE_LOCKED_TEST,9,5,-0.01907149873906482,-0.00040809530378961914,-0.010809812628475149,0.005166531492304205,3638
303,X_VALID,8,B5_EXACT_SELECTED_DIAGNOSTIC,1,0.01,64,0,1,17,EXACT_MODEL_SELECTION_FROZEN_BEFORE_LOCKED_TEST,10,0,0.004290813045023892,-0.0005119153986742394,0.012555869813545456,0.005534653681948318,3638
303,X_VALID,8,B5_EXACT_SELECTED_DIAGNOSTIC,1,0.01,64,0,1,17,EXACT_MODEL_SELECTION_FROZEN_BEFORE_LOCKED_TEST,10,1,0.008327847439199806,-0.00047084028310666906,0.007536868562078893,0.005461432798212843,3638
303,X_VALID,8,B5_EXACT_SELECTED_DIAGNOSTIC,1,0.01,64,0,1,17,EXACT_MODEL_SELECTION_FROZEN_BEFORE_LOCKED_TEST,10,2,0.01076794310793963,-0.0006108872403455534,0.010782912748766716,0.005617674096221107,3638
303,X_VALID,8,B5_EXACT_SELECTED_DIAGNOSTIC,1,0.01,64,0,1,17,EXACT_MODEL_SELECTION_FROZEN_BEFORE_LOCKED_TEST,10,3,-0.010996232519290196,-0.0005677024095662158,-0.001623177547473726,0.005504452123581666,3638
303,X_VALID,8,B5_EXACT_SELECTED_DIAGNOSTIC,1,0.01,64,0,1,17,EXACT_MODEL_SELECTION_FROZEN_BEFORE_LOCKED_TEST,10,4,8.142331959489629e-05,-0.0004952849946092622,-0.001734551158314607,0.005601294510313136,3638
303,X_VALID,8,B5_EXACT_SELECTED_DIAGNOSTIC,1,0.01,64,0,1,17,EXACT_MODEL_SELECTION_FROZEN_BEFORE_LOCKED_TEST,10,5,-0.01606297693166822,-0.0004604591301365987,-0.009104568721239709,0.005487863904855841,3638
303,X_VALID,8,B5_EXACT_SELECTED_DIAGNOSTIC,1,0.01,64,0,1,17,EXACT_MODEL_SELECTION_FROZEN_BEFORE_LOCKED_TEST,11,0,0.004290813045023892,-0.0005119153986742394,0.012555869813545456,0.005534653681948318,3638
303,X_VALID,8,B5_EXACT_SELECTED_DIAGNOSTIC,1,0.01,64,0,1,17,EXACT_MODEL_SELECTION_FROZEN_BEFORE_LOCKED_TEST,11,1,0.008327847439199806,-0.00047084028310666906,0.007536868562078893,0.005461432798212843,3638
303,X_VALID,8,B5_EXACT_SELECTED_DIAGNOSTIC,1,0.01,64,0,1,17,EXACT_MODEL_SELECTION_FROZEN_BEFORE_LOCKED_TEST,11,2,0.01076794310793963,-0.0006108872403455534,0.010782912748766716,0.005617674096221107,3638
303,X_VALID,8,B5_EXACT_SELECTED_DIAGNOSTIC,1,0.01,64,0,1,17,EXACT_MODEL_SELECTION_FROZEN_BEFORE_LOCKED_TEST,11,3,-0.010996232519290196,-0.0005677024095662158,-0.001623177547473726,0.005504452123581666,3638
303,X_VALID,8,B5_EXACT_SELECTED_DIAGNOSTIC,1,0.01,64,0,1,17,EXACT_MODEL_SELECTION_FROZEN_BEFORE_LOCKED_TEST,11,4,8.142331959489629e-05,-0.0004952849946092622,-0.001734551158314607,0.005601294510313136,3638
303,X_VALID,8,B5_EXACT_SELECTED_DIAGNOSTIC,1,0.01,64,0,1,17,EXACT_MODEL_SELECTION_FROZEN_BEFORE_LOCKED_TEST,11,5,-0.01606297693166822,-0.0004604591301365987,-0.009104568721239709,0.005487863904855841,3638
303,X_VALID,24,B5_EXACT_SELECTED_DIAGNOSTIC,1,0.01,64,0,1,16,EXACT_MODEL_SELECTION_FROZEN_BEFORE_LOCKED_TEST,0,0,-0.0121697202142313,0.0003773334196907399,0.002887225824105879,0.000584187643584243,3875
303,X_VALID,24,B5_EXACT_SELECTED_DIAGNOSTIC,1,0.01,64,0,1,16,EXACT_MODEL_SELECTION_FROZEN_BEFORE_LOCKED_TEST,0,1,0.008864813251593976,0.0004573557309354356,0.0024518649436456874,0.0004701555677509435,3875
303,X_VALID,24,B5_EXACT_SELECTED_DIAGNOSTIC,1,0.01,64,0,1,16,EXACT_MODEL_SELECTION_FROZEN_BEFORE_LOCKED_TEST,0,2,0.008063438659532088,0.0004847933281975717,0.006415211282473988,0.0003562091924459376,3875
303,X_VALID,24,B5_EXACT_SELECTED_DIAGNOSTIC,1,0.01,64,0,1,16,EXACT_MODEL_SELECTION_FROZEN_BEFORE_LOCKED_TEST,0,3,0.005451146498734044,0.0005713889867558983,-0.0014866632417800073,0.00019981958251677145,3875
303,X_VALID,24,B5_EXACT_SELECTED_DIAGNOSTIC,1,0.01,64,0,1,16,EXACT_MODEL_SELECTION_FROZEN_BEFORE_LOCKED_TEST,0,4,0.009048282032526259,0.00033640006094300237,0.0019623950932990595,0.0005411372435710561,3875
303,X_VALID,24,B5_EXACT_SELECTED_DIAGNOSTIC,1,0.01,64,0,1,16,EXACT_MODEL_SELECTION_FROZEN_BEFORE_LOCKED_TEST,0,5,0.0005847014595901171,0.00041577468521364233,-0.0024763074377407287,0.00041569715906269794,3875
303,X_VALID,24,B5_EXACT_SELECTED_DIAGNOSTIC,1,0.01,64,0,1,16,EXACT_MODEL_SELECTION_FROZEN_BEFORE_LOCKED_TEST,1,0,-0.01403017216481567,0.000147851008243186,0.003328611889001096,0.0009672887646189865,3875
303,X_VALID,24,B5_EXACT_SELECTED_DIAGNOSTIC,1,0.01,64,0,1,16,EXACT_MODEL_SELECTION_FROZEN_BEFORE_LOCKED_TEST,1,1,0.01022002592823446,0.00010867920862617578,0.0028266950002677565,0.0010186881846926236,3875
303,X_VALID,24,B5_EXACT_SELECTED_DIAGNOSTIC,1,0.01,64,0,1,16,EXACT_MODEL_SELECTION_FROZEN_BEFORE_LOCKED_TEST,1,2,0.009296140802100733,0.0002388564928090924,0.007395939855833672,0.0007924405156778643,3875
303,X_VALID,24,B5_EXACT_SELECTED_DIAGNOSTIC,1,0.01,64,0,1,16,EXACT_MODEL_SELECTION_FROZEN_BEFORE_LOCKED_TEST,1,3,0.006284493195121634,0.00018264205713705456,-0.001713937614513514,0.0008619126442074614,3875
303,X_VALID,24,B5_EXACT_SELECTED_DIAGNOSTIC,1,0.01,64,0,1,16,EXACT_MODEL_SELECTION_FROZEN_BEFORE_LOCKED_TEST,1,4,0.010431542589097257,3.177965915413609e-05,0.002262397206320196,0.0010189077880279457,3875
303,X_VALID,24,B5_EXACT_SELECTED_DIAGNOSTIC,1,0.01,64,0,1,16,EXACT_MODEL_SELECTION_FROZEN_BEFORE_LOCKED_TEST,1,5,0.0006740879821933148,-1.6586105067200457e-05,-0.002854874152643823,0.0011056488636247781,3875
303,X_VALID,24,B5_EXACT_SELECTED_DIAGNOSTIC,1,0.01,64,0,1,16,EXACT_MODEL_SELECTION_FROZEN_BEFORE_LOCKED_TEST,2,0,-0.0121697202142313,0.0003773334196907399,0.002887225824105879,0.000584187643584243,3875
303,X_VALID,24,B5_EXACT_SELECTED_DIAGNOSTIC,1,0.01,64,0,1,16,EXACT_MODEL_SELECTION_FROZEN_BEFORE_LOCKED_TEST,2,1,0.008864813251593976,0.0004573557309354356,0.0024518649436456874,0.0004701555677509435,3875
303,X_VALID,24,B5_EXACT_SELECTED_DIAGNOSTIC,1,0.01,64,0,1,16,EXACT_MODEL_SELECTION_FROZEN_BEFORE_LOCKED_TEST,2,2,0.008063438659532088,0.0004847933281975717,0.006415211282473988,0.0003562091924459376,3875
303,X_VALID,24,B5_EXACT_SELECTED_DIAGNOSTIC,1,0.01,64,0,1,16,EXACT_MODEL_SELECTION_FROZEN_BEFORE_LOCKED_TEST,2,3,0.005451146498734044,0.0005713889867558983,-0.0014866632417800073,0.00019981958251677145,3875
303,X_VALID,24,B5_EXACT_SELECTED_DIAGNOSTIC,1,0.01,64,0,1,16,EXACT_MODEL_SELECTION_FROZEN_BEFORE_LOCKED_TEST,2,4,0.009048282032526259,0.00033640006094300237,0.0019623950932990595,0.0005411372435710561,3875
303,X_VALID,24,B5_EXACT_SELECTED_DIAGNOSTIC,1,0.01,64,0,1,16,EXACT_MODEL_SELECTION_FROZEN_BEFORE_LOCKED_TEST,2,5,0.0005847014595901171,0.00041577468521364233,-0.0024763074377407287,0.00041569715906269794,3875
303,X_VALID,24,B5_EXACT_SELECTED_DIAGNOSTIC,1,0.01,64,0,1,16,EXACT_MODEL_SELECTION_FROZEN_BEFORE_LOCKED_TEST,3,0,-0.010806438307261265,0.00028516717155347565,0.002563791705814703,0.0006622065844325136,3875
303,X_VALID,24,B5_EXACT_SELECTED_DIAGNOSTIC,1,0.01,64,0,1,16,EXACT_MODEL_SELECTION_FROZEN_BEFORE_LOCKED_TEST,3,1,0.007871755128496477,0.0003503948000476859,0.002177201018989685,0.0005734343263784607,3875
303,X_VALID,24,B5_EXACT_SELECTED_DIAGNOSTIC,1,0.01,64,0,1,16,EXACT_MODEL_SELECTION_FROZEN_BEFORE_LOCKED_TEST,3,2,0.007160152483762175,0.0004347376528239481,0.005696563580075742,0.00041883077537209116,3875
303,X_VALID,24,B5_EXACT_SELECTED_DIAGNOSTIC,1,0.01,64,0,1,16,EXACT_MODEL_SELECTION_FROZEN_BEFORE_LOCKED_TEST,3,3,0.004840495697964047,0.0005117203735084548,-0.0013201235791092069,0.0002825581846551694,3875
303,X_VALID,24,B5_EXACT_SELECTED_DIAGNOSTIC,1,0.01,64,0,1,16,EXACT_MODEL_SELECTION_FROZEN_BEFORE_LOCKED_TEST,3,4,0.008034671286596363,0.0002932851249120387,0.0017425627817975289,0.0005850104056937393,3875
303,X_VALID,24,B5_EXACT_SELECTED_DIAGNOSTIC,1,0.01,64,0,1,16,EXACT_MODEL_SELECTION_FROZEN_BEFORE_LOCKED_TEST,3,5,0.0005192017679944115,0.0003628023013420104,-0.002198905404946295,0.0004744663590102634,3875
303,X_VALID,24,B5_EXACT_SELECTED_DIAGNOSTIC,1,0.01,64,0,1,16,EXACT_MODEL_SELECTION_FROZEN_BEFORE_LOCKED_TEST,4,0,-0.010806438307261265,0.00028516717155347565,0.002563791705814703,0.0006622065844325136,3875
303,X_VALID,24,B5_EXACT_SELECTED_DIAGNOSTIC,1,0.01,64,0,1,16,EXACT_MODEL_SELECTION_FROZEN_BEFORE_LOCKED_TEST,4,1,0.007871755128496477,0.0003503948000476859,0.002177201018989685,0.0005734343263784607,3875
303,X_VALID,24,B5_EXACT_SELECTED_DIAGNOSTIC,1,0.01,64,0,1,16,EXACT_MODEL_SELECTION_FROZEN_BEFORE_LOCKED_TEST,4,2,0.007160152483762175,0.0004347376528239481,0.005696563580075742,0.00041883077537209116,3875
303,X_VALID,24,B5_EXACT_SELECTED_DIAGNOSTIC,1,0.01,64,0,1,16,EXACT_MODEL_SELECTION_FROZEN_BEFORE_LOCKED_TEST,4,3,0.004840495697964047,0.0005117203735084548,-0.0013201235791092069,0.0002825581846551694,3875
303,X_VALID,24,B5_EXACT_SELECTED_DIAGNOSTIC,1,0.01,64,0,1,16,EXACT_MODEL_SELECTION_FROZEN_BEFORE_LOCKED_TEST,4,4,0.008034671286596363,0.0002932851249120387,0.0017425627817975289,0.0005850104056937393,3875
303,X_VALID,24,B5_EXACT_SELECTED_DIAGNOSTIC,1,0.01,64,0,1,16,EXACT_MODEL_SELECTION_FROZEN_BEFORE_LOCKED_TEST,4,5,0.0005192017679944115,0.0003628023013420104,-0.002198905404946295,0.0004744663590102634,3875
303,X_VALID,24,B5_EXACT_SELECTED_DIAGNOSTIC,1,0.01,64,0,1,16,EXACT_MODEL_SELECTION_FROZEN_BEFORE_LOCKED_TEST,5,0,-0.010806438307261265,0.00028516717155347565,0.002563791705814703,0.0006622065844325136,3875
303,X_VALID,24,B5_EXACT_SELECTED_DIAGNOSTIC,1,0.01,64,0,1,16,EXACT_MODEL_SELECTION_FROZEN_BEFORE_LOCKED_TEST,5,1,0.007871755128496477,0.0003503948000476859,0.002177201018989685,0.0005734343263784607,3875
303,X_VALID,24,B5_EXACT_SELECTED_DIAGNOSTIC,1,0.01,64,0,1,16,EXACT_MODEL_SELECTION_FROZEN_BEFORE_LOCKED_TEST,5,2,0.007160152483762175,0.0004347376528239481,0.005696563580075742,0.00041883077537209116,3875
303,X_VALID,24,B5_EXACT_SELECTED_DIAGNOSTIC,1,0.01,64,0,1,16,EXACT_MODEL_SELECTION_FROZEN_BEFORE_LOCKED_TEST,5,3,0.004840495697964047,0.0005117203735084548,-0.0013201235791092069,0.0002825581846551694,3875
303,X_VALID,24,B5_EXACT_SELECTED_DIAGNOSTIC,1,0.01,64,0,1,16,EXACT_MODEL_SELECTION_FROZEN_BEFORE_LOCKED_TEST,5,4,0.008034671286596363,0.0002932851249120387,0.0017425627817975289,0.0005850104056937393,3875
303,X_VALID,24,B5_EXACT_SELECTED_DIAGNOSTIC,1,0.01,64,0,1,16,EXACT_MODEL_SELECTION_FROZEN_BEFORE_LOCKED_TEST,5,5,0.0005192017679944115,0.0003628023013420104,-0.002198905404946295,0.0004744663590102634,3875
303,X_VALID,24,B5_EXACT_SELECTED_DIAGNOSTIC,1,0.01,64,0,1,16,EXACT_MODEL_SELECTION_FROZEN_BEFORE_LOCKED_TEST,6,0,-0.011895248407656238,0.00033317566908880905,0.002822108296834725,0.0005841076088968327,3875
303,X_VALID,24,B5_EXACT_SELECTED_DIAGNOSTIC,1,0.01,64,0,1,16,EXACT_MODEL_SELECTION_FROZEN_BEFORE_LOCKED_TEST,6,1,0.008664879213236198,0.0004605054451137034,0.0023965664003173445,0.0004196243125675952,3875
303,X_VALID,24,B5_EXACT_SELECTED_DIAGNOSTIC,1,0.01,64,0,1,16,EXACT_MODEL_SELECTION_FROZEN_BEFORE_LOCKED_TEST,6,2,0.007881578556166616,0.0005944753643052902,0.006270524749072646,0.0002449606364817278,3875
303,X_VALID,24,B5_EXACT_SELECTED_DIAGNOSTIC,1,0.01,64,0,1,16,EXACT_MODEL_SELECTION_FROZEN_BEFORE_LOCKED_TEST,6,3,0.005328203160590311,0.0007414145994574772,-0.001453133535381094,-1.048408324663512e-05,3875
303,X_VALID,24,B5_EXACT_SELECTED_DIAGNOSTIC,1,0.01,64,0,1,16,EXACT_MODEL_SELECTION_FROZEN_BEFORE_LOCKED_TEST,6,4,0.00884421010053854,0.0003495911340546578,0.0019181358895548391,0.0005158062247316708,3875
303,X_VALID,24,B5_EXACT_SELECTED_DIAGNOSTIC,1,0.01,64,0,1,16,EXACT_MODEL_SELECTION_FROZEN_BEFORE_LOCKED_TEST,6,5,0.0005715142980863447,0.00048179532983899886,-0.0024204576265612447,0.0003207945067707392,3875
303,X_VALID,24,B5_EXACT_SELECTED_DIAGNOSTIC,1,0.01,64,0,1,16,EXACT_MODEL_SELECTION_FROZEN_BEFORE_LOCKED_TEST,7,0,-0.011895248407656238,0.00033317566908880905,0.002822108296834725,0.0005841076088968327,3875
303,X_VALID,24,B5_EXACT_SELECTED_DIAGNOSTIC,1,0.01,64,0,1,16,EXACT_MODEL_SELECTION_FROZEN_BEFORE_LOCKED_TEST,7,1,0.008664879213236198,0.0004605054451137034,0.0023965664003173445,0.0004196243125675952,3875
303,X_VALID,24,B5_EXACT_SELECTED_DIAGNOSTIC,1,0.01,64,0,1,16,EXACT_MODEL_SELECTION_FROZEN_BEFORE_LOCKED_TEST,7,2,0.007881578556166616,0.0005944753643052902,0.006270524749072646,0.0002449606364817278,3875
303,X_VALID,24,B5_EXACT_SELECTED_DIAGNOSTIC,1,0.01,64,0,1,16,EXACT_MODEL_SELECTION_FROZEN_BEFORE_LOCKED_TEST,7,3,0.005328203160590311,0.0007414145994574772,-0.001453133535381094,-1.048408324663512e-05,3875
303,X_VALID,24,B5_EXACT_SELECTED_DIAGNOSTIC,1,0.01,64,0,1,16,EXACT_MODEL_SELECTION_FROZEN_BEFORE_LOCKED_TEST,7,4,0.00884421010053854,0.0003495911340546578,0.0019181358895548391,0.0005158062247316708,3875
303,X_VALID,24,B5_EXACT_SELECTED_DIAGNOSTIC,1,0.01,64,0,1,16,EXACT_MODEL_SELECTION_FROZEN_BEFORE_LOCKED_TEST,7,5,0.0005715142980863447,0.00048179532983899886,-0.0024204576265612447,0.0003207945067707392,3875
303,X_VALID,24,B5_EXACT_SELECTED_DIAGNOSTIC,1,0.01,64,0,1,16,EXACT_MODEL_SELECTION_FROZEN_BEFORE_LOCKED_TEST,8,0,-0.011895248407656238,0.00033317566908880905,0.002822108296834725,0.0005841076088968327,3875
303,X_VALID,24,B5_EXACT_SELECTED_DIAGNOSTIC,1,0.01,64,0,1,16,EXACT_MODEL_SELECTION_FROZEN_BEFORE_LOCKED_TEST,8,1,0.008664879213236198,0.0004605054451137034,0.0023965664003173445,0.0004196243125675952,3875
303,X_VALID,24,B5_EXACT_SELECTED_DIAGNOSTIC,1,0.01,64,0,1,16,EXACT_MODEL_SELECTION_FROZEN_BEFORE_LOCKED_TEST,8,2,0.007881578556166616,0.0005944753643052902,0.006270524749072646,0.0002449606364817278,3875
303,X_VALID,24,B5_EXACT_SELECTED_DIAGNOSTIC,1,0.01,64,0,1,16,EXACT_MODEL_SELECTION_FROZEN_BEFORE_LOCKED_TEST,8,3,0.005328203160590311,0.0007414145994574772,-0.001453133535381094,-1.048408324663512e-05,3875
303,X_VALID,24,B5_EXACT_SELECTED_DIAGNOSTIC,1,0.01,64,0,1,16,EXACT_MODEL_SELECTION_FROZEN_BEFORE_LOCKED_TEST,8,4,0.00884421010053854,0.0003495911340546578,0.0019181358895548391,0.0005158062247316708,3875
303,X_VALID,24,B5_EXACT_SELECTED_DIAGNOSTIC,1,0.01,64,0,1,16,EXACT_MODEL_SELECTION_FROZEN_BEFORE_LOCKED_TEST,8,5,0.0005715142980863447,0.00048179532983899886,-0.0024204576265612447,0.0003207945067707392,3875
303,X_VALID,24,B5_EXACT_SELECTED_DIAGNOSTIC,1,0.01,64,0,1,16,EXACT_MODEL_SELECTION_FROZEN_BEFORE_LOCKED_TEST,9,0,-0.011000948285301895,0.00023078560594588562,0.00260993855403792,0.0006953465915815372,3875
303,X_VALID,24,B5_EXACT_SELECTED_DIAGNOSTIC,1,0.01,64,0,1,16,EXACT_MODEL_SELECTION_FROZEN_BEFORE_LOCKED_TEST,9,1,0.008013442414691057,0.00030393860659621436,0.002216389446328334,0.0006038177892766671,3875
303,X_VALID,24,B5_EXACT_SELECTED_DIAGNOSTIC,1,0.01,64,0,1,16,EXACT_MODEL_SELECTION_FROZEN_BEFORE_LOCKED_TEST,9,2,0.00728903131162244,0.000399411708997137,0.005799098608302665,0.0004583652508121946,3875
303,X_VALID,24,B5_EXACT_SELECTED_DIAGNOSTIC,1,0.01,64,0,1,16,EXACT_MODEL_SELECTION_FROZEN_BEFORE_LOCKED_TEST,9,3,0.004927621972611272,0.0004840592817675528,-0.0013438850813805806,0.00031693530302274314,3875
303,X_VALID,24,B5_EXACT_SELECTED_DIAGNOSTIC,1,0.01,64,0,1,16,EXACT_MODEL_SELECTION_FROZEN_BEFORE_LOCKED_TEST,9,4,0.008179290974516052,0.00024479827614331114,0.0017739279586286485,0.000631749628195282,3875
303,X_VALID,24,B5_EXACT_SELECTED_DIAGNOSTIC,1,0.01,64,0,1,16,EXACT_MODEL_SELECTION_FROZEN_BEFORE_LOCKED_TEST,9,5,0.0005285471157972481,0.00032146571355333615,-0.002238484499359126,0.0005196062584397386,3875
303,X_VALID,24,B5_EXACT_SELECTED_DIAGNOSTIC,1,0.01,64,0,1,16,EXACT_MODEL_SELECTION_FROZEN_BEFORE_LOCKED_TEST,10,0,-0.007107079535283734,-7.74021111946364e-05,0.0016861310865840414,0.0011277528941462378,3875
303,X_VALID,24,B5_EXACT_SELECTED_DIAGNOSTIC,1,0.01,64,0,1,16,EXACT_MODEL_SELECTION_FROZEN_BEFORE_LOCKED_TEST,10,1,0.005177023936083576,5.349188218865935e-05,0.001431881658535283,0.0010221597666732563,3875
303,X_VALID,24,B5_EXACT_SELECTED_DIAGNOSTIC,1,0.01,64,0,1,16,EXACT_MODEL_SELECTION_FROZEN_BEFORE_LOCKED_TEST,10,2,0.004709023615363043,-9.834755401794185e-05,0.003746463847778121,0.001199732570185645,3875
303,X_VALID,24,B5_EXACT_SELECTED_DIAGNOSTIC,1,0.01,64,0,1,16,EXACT_MODEL_SELECTION_FROZEN_BEFORE_LOCKED_TEST,10,3,0.0031834529506834194,5.174967860596564e-05,-0.0008682068047182836,0.0010641572620089833,3875
303,X_VALID,24,B5_EXACT_SELECTED_DIAGNOSTIC,1,0.01,64,0,1,16,EXACT_MODEL_SELECTION_FROZEN_BEFORE_LOCKED_TEST,10,4,0.005284169145289161,-2.7202066677325595e-05,0.001146032756892588,0.001074951761878654,3875
303,X_VALID,24,B5_EXACT_SELECTED_DIAGNOSTIC,1,0.01,64,0,1,16,EXACT_MODEL_SELECTION_FROZEN_BEFORE_LOCKED_TEST,10,5,0.0003414638713586839,0.00010798498783928974,-0.0014461560006332232,0.0009420456506849417,3875
303,X_VALID,24,B5_EXACT_SELECTED_DIAGNOSTIC,1,0.01,64,0,1,16,EXACT_MODEL_SELECTION_FROZEN_BEFORE_LOCKED_TEST,11,0,-0.011000948285301895,0.00023078560594588562,0.00260993855403792,0.0006953465915815372,3875
303,X_VALID,24,B5_EXACT_SELECTED_DIAGNOSTIC,1,0.01,64,0,1,16,EXACT_MODEL_SELECTION_FROZEN_BEFORE_LOCKED_TEST,11,1,0.008013442414691057,0.00030393860659621436,0.002216389446328334,0.0006038177892766671,3875
303,X_VALID,24,B5_EXACT_SELECTED_DIAGNOSTIC,1,0.01,64,0,1,16,EXACT_MODEL_SELECTION_FROZEN_BEFORE_LOCKED_TEST,11,2,0.00728903131162244,0.000399411708997137,0.005799098608302665,0.0004583652508121946,3875
303,X_VALID,24,B5_EXACT_SELECTED_DIAGNOSTIC,1,0.01,64,0,1,16,EXACT_MODEL_SELECTION_FROZEN_BEFORE_LOCKED_TEST,11,3,0.004927621972611272,0.0004840592817675528,-0.0013438850813805806,0.00031693530302274314,3875
303,X_VALID,24,B5_EXACT_SELECTED_DIAGNOSTIC,1,0.01,64,0,1,16,EXACT_MODEL_SELECTION_FROZEN_BEFORE_LOCKED_TEST,11,4,0.008179290974516052,0.00024479827614331114,0.0017739279586286485,0.000631749628195282,3875
303,X_VALID,24,B5_EXACT_SELECTED_DIAGNOSTIC,1,0.01,64,0,1,16,EXACT_MODEL_SELECTION_FROZEN_BEFORE_LOCKED_TEST,11,5,0.0005285471157972481,0.00032146571355333615,-0.002238484499359126,0.0005196062584397386,3875
303,X_VALID,40,B5_EXACT_SELECTED_DIAGNOSTIC,1,0.01,64,0,1,10,EXACT_MODEL_SELECTION_FROZEN_BEFORE_LOCKED_TEST,0,0,-0.005320947933212183,0.0006980597318820229,0.007448228648941125,-0.00010251686645290651,4112
303,X_VALID,40,B5_EXACT_SELECTED_DIAGNOSTIC,1,0.01,64,0,1,10,EXACT_MODEL_SELECTION_FROZEN_BEFORE_LOCKED_TEST,0,1,0.0008577920373060953,0.0006944562060313617,-0.004825177392370965,-0.00022408506094511544,4112
303,X_VALID,40,B5_EXACT_SELECTED_DIAGNOSTIC,1,0.01,64,0,1,10,EXACT_MODEL_SELECTION_FROZEN_BEFORE_LOCKED_TEST,0,2,-0.014548193315679329,0.0005779686440420557,-0.0026908270922047736,-4.446546312987513e-05,4112
303,X_VALID,40,B5_EXACT_SELECTED_DIAGNOSTIC,1,0.01,64,0,1,10,EXACT_MODEL_SELECTION_FROZEN_BEFORE_LOCKED_TEST,0,3,0.011323579063288397,0.0005937664249400527,-0.0015331350705386623,-0.00014494744332161423,4112
303,X_VALID,40,B5_EXACT_SELECTED_DIAGNOSTIC,1,0.01,64,0,1,10,EXACT_MODEL_SELECTION_FROZEN_BEFORE_LOCKED_TEST,0,4,0.006731493247517974,0.0006241529093189476,-4.189943348068383e-05,-2.0387559277297254e-05,4112
303,X_VALID,40,B5_EXACT_SELECTED_DIAGNOSTIC,1,0.01,64,0,1,10,EXACT_MODEL_SELECTION_FROZEN_BEFORE_LOCKED_TEST,0,5,-0.014027896539638781,0.0006417719168067682,-0.004323803439330172,-0.00010430301287733718,4112
303,X_VALID,40,B5_EXACT_SELECTED_DIAGNOSTIC,1,0.01,64,0,1,10,EXACT_MODEL_SELECTION_FROZEN_BEFORE_LOCKED_TEST,1,0,-0.005320947933212183,0.0006980597318820229,0.007448228648941125,-0.00010251686645290651,4112
303,X_VALID,40,B5_EXACT_SELECTED_DIAGNOSTIC,1,0.01,64,0,1,10,EXACT_MODEL_SELECTION_FROZEN_BEFORE_LOCKED_TEST,1,1,0.0008577920373060953,0.0006944562060313617,-0.004825177392370965,-0.00022408506094511544,4112
303,X_VALID,40,B5_EXACT_SELECTED_DIAGNOSTIC,1,0.01,64,0,1,10,EXACT_MODEL_SELECTION_FROZEN_BEFORE_LOCKED_TEST,1,2,-0.014548193315679329,0.0005779686440420557,-0.0026908270922047736,-4.446546312987513e-05,4112
303,X_VALID,40,B5_EXACT_SELECTED_DIAGNOSTIC,1,0.01,64,0,1,10,EXACT_MODEL_SELECTION_FROZEN_BEFORE_LOCKED_TEST,1,3,0.011323579063288397,0.0005937664249400527,-0.0015331350705386623,-0.00014494744332161423,4112
303,X_VALID,40,B5_EXACT_SELECTED_DIAGNOSTIC,1,0.01,64,0,1,10,EXACT_MODEL_SELECTION_FROZEN_BEFORE_LOCKED_TEST,1,4,0.006731493247517974,0.0006241529093189476,-4.189943348068383e-05,-2.0387559277297254e-05,4112
303,X_VALID,40,B5_EXACT_SELECTED_DIAGNOSTIC,1,0.01,64,0,1,10,EXACT_MODEL_SELECTION_FROZEN_BEFORE_LOCKED_TEST,1,5,-0.014027896539638781,0.0006417719168067682,-0.004323803439330172,-0.00010430301287733718,4112
303,X_VALID,40,B5_EXACT_SELECTED_DIAGNOSTIC,1,0.01,64,0,1,10,EXACT_MODEL_SELECTION_FROZEN_BEFORE_LOCKED_TEST,2,0,-0.005320947933212183,0.0006980597318820229,0.007448228648941125,-0.00010251686645290651,4112
303,X_VALID,40,B5_EXACT_SELECTED_DIAGNOSTIC,1,0.01,64,0,1,10,EXACT_MODEL_SELECTION_FROZEN_BEFORE_LOCKED_TEST,2,1,0.0008577920373060953,0.0006944562060313617,-0.004825177392370965,-0.00022408506094511544,4112
303,X_VALID,40,B5_EXACT_SELECTED_DIAGNOSTIC,1,0.01,64,0,1,10,EXACT_MODEL_SELECTION_FROZEN_BEFORE_LOCKED_TEST,2,2,-0.014548193315679329,0.0005779686440420557,-0.0026908270922047736,-4.446546312987513e-05,4112
303,X_VALID,40,B5_EXACT_SELECTED_DIAGNOSTIC,1,0.01,64,0,1,10,EXACT_MODEL_SELECTION_FROZEN_BEFORE_LOCKED_TEST,2,3,0.011323579063288397,0.0005937664249400527,-0.0015331350705386623,-0.00014494744332161423,4112
303,X_VALID,40,B5_EXACT_SELECTED_DIAGNOSTIC,1,0.01,64,0,1,10,EXACT_MODEL_SELECTION_FROZEN_BEFORE_LOCKED_TEST,2,4,0.006731493247517974,0.0006241529093189476,-4.189943348068383e-05,-2.0387559277297254e-05,4112
303,X_VALID,40,B5_EXACT_SELECTED_DIAGNOSTIC,1,0.01,64,0,1,10,EXACT_MODEL_SELECTION_FROZEN_BEFORE_LOCKED_TEST,2,5,-0.014027896539638781,0.0006417719168067682,-0.004323803439330172,-0.00010430301287733718,4112
303,X_VALID,40,B5_EXACT_SELECTED_DIAGNOSTIC,1,0.01,64,0,1,10,EXACT_MODEL_SELECTION_FROZEN_BEFORE_LOCKED_TEST,3,0,-0.003068317969465521,0.0005369888516053497,0.004295011733076214,-1.9917131228930872e-05,4112
303,X_VALID,40,B5_EXACT_SELECTED_DIAGNOSTIC,1,0.01,64,0,1,10,EXACT_MODEL_SELECTION_FROZEN_BEFORE_LOCKED_TEST,3,1,0.0004946447052605979,0.0005621647096352654,-0.0027824325072718648,-0.00014367950413400154,4112
303,X_VALID,40,B5_EXACT_SELECTED_DIAGNOSTIC,1,0.01,64,0,1,10,EXACT_MODEL_SELECTION_FROZEN_BEFORE_LOCKED_TEST,3,2,-0.008389197476474732,0.00046315085387831946,-0.0015516620766391042,5.153264255930919e-05,4112
303,X_VALID,40,B5_EXACT_SELECTED_DIAGNOSTIC,1,0.01,64,0,1,10,EXACT_MODEL_SELECTION_FROZEN_BEFORE_LOCKED_TEST,3,3,0.006529727701653467,0.0005036448207760528,-0.0008840804205561435,-6.23932114706091e-05,4112
303,X_VALID,40,B5_EXACT_SELECTED_DIAGNOSTIC,1,0.01,64,0,1,10,EXACT_MODEL_SELECTION_FROZEN_BEFORE_LOCKED_TEST,3,4,0.0038817071604432076,0.0005033101029945069,-2.4161255902685518e-05,4.49401506197148e-05,4112
303,X_VALID,40,B5_EXACT_SELECTED_DIAGNOSTIC,1,0.01,64,0,1,10,EXACT_MODEL_SELECTION_FROZEN_BEFORE_LOCKED_TEST,3,5,-0.008089168991434387,0.0005453278029962186,-0.0024933158444428918,-4.410980548129278e-05,4112
303,X_VALID,40,B5_EXACT_SELECTED_DIAGNOSTIC,1,0.01,64,0,1,10,EXACT_MODEL_SELECTION_FROZEN_BEFORE_LOCKED_TEST,4,0,-0.003068317969465521,0.0005369888516053497,0.004295011733076214,-1.9917131228930872e-05,4112
303,X_VALID,40,B5_EXACT_SELECTED_DIAGNOSTIC,1,0.01,64,0,1,10,EXACT_MODEL_SELECTION_FROZEN_BEFORE_LOCKED_TEST,4,1,0.0004946447052605979,0.0005621647096352654,-0.0027824325072718648,-0.00014367950413400154,4112
303,X_VALID,40,B5_EXACT_SELECTED_DIAGNOSTIC,1,0.01,64,0,1,10,EXACT_MODEL_SELECTION_FROZEN_BEFORE_LOCKED_TEST,4,2,-0.008389197476474732,0.00046315085387831946,-0.0015516620766391042,5.153264255930919e-05,4112
303,X_VALID,40,B5_EXACT_SELECTED_DIAGNOSTIC,1,0.01,64,0,1,10,EXACT_MODEL_SELECTION_FROZEN_BEFORE_LOCKED_TEST,4,3,0.006529727701653467,0.0005036448207760528,-0.0008840804205561435,-6.23932114706091e-05,4112
303,X_VALID,40,B5_EXACT_SELECTED_DIAGNOSTIC,1,0.01,64,0,1,10,EXACT_MODEL_SELECTION_FROZEN_BEFORE_LOCKED_TEST,4,4,0.0038817071604432076,0.0005033101029945069,-2.4161255902685518e-05,4.49401506197148e-05,4112
303,X_VALID,40,B5_EXACT_SELECTED_DIAGNOSTIC,1,0.01,64,0,1,10,EXACT_MODEL_SELECTION_FROZEN_BEFORE_LOCKED_TEST,4,5,-0.008089168991434387,0.0005453278029962186,-0.0024933158444428918,-4.410980548129278e-05,4112
303,X_VALID,40,B5_EXACT_SELECTED_DIAGNOSTIC,1,0.01,64,0,1,10,EXACT_MODEL_SELECTION_FROZEN_BEFORE_LOCKED_TEST,5,0,-0.003068317969465521,0.0005369888516053497,0.004295011733076214,-1.9917131228930872e-05,4112
303,X_VALID,40,B5_EXACT_SELECTED_DIAGNOSTIC,1,0.01,64,0,1,10,EXACT_MODEL_SELECTION_FROZEN_BEFORE_LOCKED_TEST,5,1,0.0004946447052605979,0.0005621647096352654,-0.0027824325072718648,-0.00014367950413400154,4112
303,X_VALID,40,B5_EXACT_SELECTED_DIAGNOSTIC,1,0.01,64,0,1,10,EXACT_MODEL_SELECTION_FROZEN_BEFORE_LOCKED_TEST,5,2,-0.008389197476474732,0.00046315085387831946,-0.0015516620766391042,5.153264255930919e-05,4112
303,X_VALID,40,B5_EXACT_SELECTED_DIAGNOSTIC,1,0.01,64,0,1,10,EXACT_MODEL_SELECTION_FROZEN_BEFORE_LOCKED_TEST,5,3,0.006529727701653467,0.0005036448207760528,-0.0008840804205561435,-6.23932114706091e-05,4112
303,X_VALID,40,B5_EXACT_SELECTED_DIAGNOSTIC,1,0.01,64,0,1,10,EXACT_MODEL_SELECTION_FROZEN_BEFORE_LOCKED_TEST,5,4,0.0038817071604432076,0.0005033101029945069,-2.4161255902685518e-05,4.49401506197148e-05,4112
303,X_VALID,40,B5_EXACT_SELECTED_DIAGNOSTIC,1,0.01,64,0,1,10,EXACT_MODEL_SELECTION_FROZEN_BEFORE_LOCKED_TEST,5,5,-0.008089168991434387,0.0005453278029962186,-0.0024933158444428918,-4.410980548129278e-05,4112
303,X_VALID,40,B5_EXACT_SELECTED_DIAGNOSTIC,1,0.01,64,0,1,10,EXACT_MODEL_SELECTION_FROZEN_BEFORE_LOCKED_TEST,6,0,-0.004945446455263712,0.0007346175380646367,0.0069226040984135045,-0.00012099434150233544,4112
303,X_VALID,40,B5_EXACT_SELECTED_DIAGNOSTIC,1,0.01,64,0,1,10,EXACT_MODEL_SELECTION_FROZEN_BEFORE_LOCKED_TEST,6,1,0.0007972573014237193,0.0007196049867691639,-0.004484662644822017,-0.0002380288801209073,4112
303,X_VALID,40,B5_EXACT_SELECTED_DIAGNOSTIC,1,0.01,64,0,1,10,EXACT_MODEL_SELECTION_FROZEN_BEFORE_LOCKED_TEST,6,2,-0.013521521346683052,0.0006792253923272306,-0.0025009343207081916,-0.00018192898589495114,4112
303,X_VALID,40,B5_EXACT_SELECTED_DIAGNOSTIC,1,0.01,64,0,1,10,EXACT_MODEL_SELECTION_FROZEN_BEFORE_LOCKED_TEST,6,3,0.01052446944460731,0.0006767066531213669,-0.0014249410998199224,-0.00029670963430547103,4112
303,X_VALID,40,B5_EXACT_SELECTED_DIAGNOSTIC,1,0.01,64,0,1,10,EXACT_MODEL_SELECTION_FROZEN_BEFORE_LOCKED_TEST,6,4,0.006256449008226344,0.0006833240917058161,-3.894257327556981e-05,-5.305725057511666e-05,4112
303,X_VALID,40,B5_EXACT_SELECTED_DIAGNOSTIC,1,0.01,64,0,1,10,EXACT_MODEL_SELECTION_FROZEN_BEFORE_LOCKED_TEST,6,5,-0.013037942127519084,0.0006881174974353912,-0.004018670857277821,-0.00013840972091434472,4112
303,X_VALID,40,B5_EXACT_SELECTED_DIAGNOSTIC,1,0.01,64,0,1,10,EXACT_MODEL_SELECTION_FROZEN_BEFORE_LOCKED_TEST,7,0,-0.004945446455263712,0.0007346175380646367,0.0069226040984135045,-0.00012099434150233544,4112
303,X_VALID,40,B5_EXACT_SELECTED_DIAGNOSTIC,1,0.01,64,0,1,10,EXACT_MODEL_SELECTION_FROZEN_BEFORE_LOCKED_TEST,7,1,0.0007972573014237193,0.0007196049867691639,-0.004484662644822017,-0.0002380288801209073,4112
303,X_VALID,40,B5_EXACT_SELECTED_DIAGNOSTIC,1,0.01,64,0,1,10,EXACT_MODEL_SELECTION_FROZEN_BEFORE_LOCKED_TEST,7,2,-0.013521521346683052,0.0006792253923272306,-0.0025009343207081916,-0.00018192898589495114,4112
303,X_VALID,40,B5_EXACT_SELECTED_DIAGNOSTIC,1,0.01,64,0,1,10,EXACT_MODEL_SELECTION_FROZEN_BEFORE_LOCKED_TEST,7,3,0.01052446944460731,0.0006767066531213669,-0.0014249410998199224,-0.00029670963430547103,4112
303,X_VALID,40,B5_EXACT_SELECTED_DIAGNOSTIC,1,0.01,64,0,1,10,EXACT_MODEL_SELECTION_FROZEN_BEFORE_LOCKED_TEST,7,4,0.006256449008226344,0.0006833240917058161,-3.894257327556981e-05,-5.305725057511666e-05,4112
303,X_VALID,40,B5_EXACT_SELECTED_DIAGNOSTIC,1,0.01,64,0,1,10,EXACT_MODEL_SELECTION_FROZEN_BEFORE_LOCKED_TEST,7,5,-0.013037942127519084,0.0006881174974353912,-0.004018670857277821,-0.00013840972091434472,4112
303,X_VALID,40,B5_EXACT_SELECTED_DIAGNOSTIC,1,0.01,64,0,1,10,EXACT_MODEL_SELECTION_FROZEN_BEFORE_LOCKED_TEST,8,0,-0.004945446455263712,0.0007346175380646367,0.0069226040984135045,-0.00012099434150233544,4112
303,X_VALID,40,B5_EXACT_SELECTED_DIAGNOSTIC,1,0.01,64,0,1,10,EXACT_MODEL_SELECTION_FROZEN_BEFORE_LOCKED_TEST,8,1,0.0007972573014237193,0.0007196049867691639,-0.004484662644822017,-0.0002380288801209073,4112
303,X_VALID,40,B5_EXACT_SELECTED_DIAGNOSTIC,1,0.01,64,0,1,10,EXACT_MODEL_SELECTION_FROZEN_BEFORE_LOCKED_TEST,8,2,-0.013521521346683052,0.0006792253923272306,-0.0025009343207081916,-0.00018192898589495114,4112
303,X_VALID,40,B5_EXACT_SELECTED_DIAGNOSTIC,1,0.01,64,0,1,10,EXACT_MODEL_SELECTION_FROZEN_BEFORE_LOCKED_TEST,8,3,0.01052446944460731,0.0006767066531213669,-0.0014249410998199224,-0.00029670963430547103,4112
303,X_VALID,40,B5_EXACT_SELECTED_DIAGNOSTIC,1,0.01,64,0,1,10,EXACT_MODEL_SELECTION_FROZEN_BEFORE_LOCKED_TEST,8,4,0.006256449008226344,0.0006833240917058161,-3.894257327556981e-05,-5.305725057511666e-05,4112
303,X_VALID,40,B5_EXACT_SELECTED_DIAGNOSTIC,1,0.01,64,0,1,10,EXACT_MODEL_SELECTION_FROZEN_BEFORE_LOCKED_TEST,8,5,-0.013037942127519084,0.0006881174974353912,-0.004018670857277821,-0.00013840972091434472,4112
303,X_VALID,40,B5_EXACT_SELECTED_DIAGNOSTIC,1,0.01,64,0,1,10,EXACT_MODEL_SELECTION_FROZEN_BEFORE_LOCKED_TEST,9,0,-0.0023447357534792028,0.0008076319326666548,0.0032821460071528075,-0.00016744902468569995,4112
303,X_VALID,40,B5_EXACT_SELECTED_DIAGNOSTIC,1,0.01,64,0,1,10,EXACT_MODEL_SELECTION_FROZEN_BEFORE_LOCKED_TEST,9,1,0.00037799574139173647,0.000844510088687339,-0.0021262688699044993,-0.00036373724747471096,4112
303,X_VALID,40,B5_EXACT_SELECTED_DIAGNOSTIC,1,0.01,64,0,1,10,EXACT_MODEL_SELECTION_FROZEN_BEFORE_LOCKED_TEST,9,2,-0.006410825560401176,0.0007112545547913301,-0.0011857433240686098,-0.000197299441604958,4112
303,X_VALID,40,B5_EXACT_SELECTED_DIAGNOSTIC,1,0.01,64,0,1,10,EXACT_MODEL_SELECTION_FROZEN_BEFORE_LOCKED_TEST,9,3,0.004989862900427311,0.0007662198684726633,-0.0006755932702079143,-0.00042041957000480784,4112
303,X_VALID,40,B5_EXACT_SELECTED_DIAGNOSTIC,1,0.01,64,0,1,10,EXACT_MODEL_SELECTION_FROZEN_BEFORE_LOCKED_TEST,9,4,0.0029663084641820387,0.0006974908895447685,-1.84634581968883e-05,-5.585979957745507e-05,4112
303,X_VALID,40,B5_EXACT_SELECTED_DIAGNOSTIC,1,0.01,64,0,1,10,EXACT_MODEL_SELECTION_FROZEN_BEFORE_LOCKED_TEST,9,5,-0.00618155091450819,0.0007614288830849024,-0.0019053327795097448,-0.00020033315481393223,4112
303,X_VALID,40,B5_EXACT_SELECTED_DIAGNOSTIC,1,0.01,64,0,1,10,EXACT_MODEL_SELECTION_FROZEN_BEFORE_LOCKED_TEST,10,0,-0.0023447357534792028,0.0008076319326666548,0.0032821460071528075,-0.00016744902468569995,4112
303,X_VALID,40,B5_EXACT_SELECTED_DIAGNOSTIC,1,0.01,64,0,1,10,EXACT_MODEL_SELECTION_FROZEN_BEFORE_LOCKED_TEST,10,1,0.00037799574139173647,0.000844510088687339,-0.0021262688699044993,-0.00036373724747471096,4112
303,X_VALID,40,B5_EXACT_SELECTED_DIAGNOSTIC,1,0.01,64,0,1,10,EXACT_MODEL_SELECTION_FROZEN_BEFORE_LOCKED_TEST,10,2,-0.006410825560401176,0.0007112545547913301,-0.0011857433240686098,-0.000197299441604958,4112
303,X_VALID,40,B5_EXACT_SELECTED_DIAGNOSTIC,1,0.01,64,0,1,10,EXACT_MODEL_SELECTION_FROZEN_BEFORE_LOCKED_TEST,10,3,0.004989862900427311,0.0007662198684726633,-0.0006755932702079143,-0.00042041957000480784,4112
303,X_VALID,40,B5_EXACT_SELECTED_DIAGNOSTIC,1,0.01,64,0,1,10,EXACT_MODEL_SELECTION_FROZEN_BEFORE_LOCKED_TEST,10,4,0.0029663084641820387,0.0006974908895447685,-1.84634581968883e-05,-5.585979957745507e-05,4112
303,X_VALID,40,B5_EXACT_SELECTED_DIAGNOSTIC,1,0.01,64,0,1,10,EXACT_MODEL_SELECTION_FROZEN_BEFORE_LOCKED_TEST,10,5,-0.00618155091450819,0.0007614288830849024,-0.0019053327795097448,-0.00020033315481393223,4112
303,X_VALID,40,B5_EXACT_SELECTED_DIAGNOSTIC,1,0.01,64,0,1,10,EXACT_MODEL_SELECTION_FROZEN_BEFORE_LOCKED_TEST,11,0,-0.0023447357534792028,0.0008076319326666548,0.0032821460071528075,-0.00016744902468569995,4112
303,X_VALID,40,B5_EXACT_SELECTED_DIAGNOSTIC,1,0.01,64,0,1,10,EXACT_MODEL_SELECTION_FROZEN_BEFORE_LOCKED_TEST,11,1,0.00037799574139173647,0.000844510088687339,-0.0021262688699044993,-0.00036373724747471096,4112
303,X_VALID,40,B5_EXACT_SELECTED_DIAGNOSTIC,1,0.01,64,0,1,10,EXACT_MODEL_SELECTION_FROZEN_BEFORE_LOCKED_TEST,11,2,-0.006410825560401176,0.0007112545547913301,-0.0011857433240686098,-0.000197299441604958,4112
303,X_VALID,40,B5_EXACT_SELECTED_DIAGNOSTIC,1,0.01,64,0,1,10,EXACT_MODEL_SELECTION_FROZEN_BEFORE_LOCKED_TEST,11,3,0.004989862900427311,0.0007662198684726633,-0.0006755932702079143,-0.00042041957000480784,4112
303,X_VALID,40,B5_EXACT_SELECTED_DIAGNOSTIC,1,0.01,64,0,1,10,EXACT_MODEL_SELECTION_FROZEN_BEFORE_LOCKED_TEST,11,4,0.0029663084641820387,0.0006974908895447685,-1.84634581968883e-05,-5.585979957745507e-05,4112
303,X_VALID,40,B5_EXACT_SELECTED_DIAGNOSTIC,1,0.01,64,0,1,10,EXACT_MODEL_SELECTION_FROZEN_BEFORE_LOCKED_TEST,11,5,-0.00618155091450819,0.0007614288830849024,-0.0019053327795097448,-0.00020033315481393223,4112
304,X_BASE,8,B5_EXACT_SELECTED_DIAGNOSTIC,1,0.01,64,0,1,22,EXACT_MODEL_SELECTION_FROZEN_BEFORE_LOCKED_TEST,0,0,0.006333566679612749,0.0011815399674413422,0.0030762118186968977,0.0011092954568359288,4349
304,X_BASE,8,B5_EXACT_SELECTED_DIAGNOSTIC,1,0.01,64,0,1,22,EXACT_MODEL_SELECTION_FROZEN_BEFORE_LOCKED_TEST,0,1,0.0008449927210132462,0.0011281532835799302,0.004320441002789432,0.0009955577116773859,4349
304,X_BASE,8,B5_EXACT_SELECTED_DIAGNOSTIC,1,0.01,64,0,1,22,EXACT_MODEL_SELECTION_FROZEN_BEFORE_LOCKED_TEST,0,2,-0.004090026995995159,0.001053960744861274,-0.00039268599912405545,0.0011436509427606642,4349
304,X_BASE,8,B5_EXACT_SELECTED_DIAGNOSTIC,1,0.01,64,0,1,22,EXACT_MODEL_SELECTION_FROZEN_BEFORE_LOCKED_TEST,0,3,-0.0010978175860497956,0.0010029385056868924,0.0008106449382747471,0.0010021989410160873,4349
304,X_BASE,8,B5_EXACT_SELECTED_DIAGNOSTIC,1,0.01,64,0,1,22,EXACT_MODEL_SELECTION_FROZEN_BEFORE_LOCKED_TEST,0,4,0.0012794288259924006,0.0009683170302951007,-0.0034142421511712865,0.001197468881007317,4349
304,X_BASE,8,B5_EXACT_SELECTED_DIAGNOSTIC,1,0.01,64,0,1,22,EXACT_MODEL_SELECTION_FROZEN_BEFORE_LOCKED_TEST,0,5,-0.008894249565142455,0.0009484408742893979,0.0028475862435250222,0.001084966052684153,4349
304,X_BASE,8,B5_EXACT_SELECTED_DIAGNOSTIC,1,0.01,64,0,1,22,EXACT_MODEL_SELECTION_FROZEN_BEFORE_LOCKED_TEST,1,0,-0.0008059315837519328,0.0006961763748214618,-0.00039144077711839785,0.0038339944840169262,4349
304,X_BASE,8,B5_EXACT_SELECTED_DIAGNOSTIC,1,0.01,64,0,1,22,EXACT_MODEL_SELECTION_FROZEN_BEFORE_LOCKED_TEST,1,1,-0.00010752335237855249,0.0006541537278239307,-0.0005497660380040042,0.0037511549875645055,4349
304,X_BASE,8,B5_EXACT_SELECTED_DIAGNOSTIC,1,0.01,64,0,1,22,EXACT_MODEL_SELECTION_FROZEN_BEFORE_LOCKED_TEST,1,2,0.0005204463931959554,0.00062836084371594,4.996837725100104e-05,0.003894600496888673,4349
304,X_BASE,8,B5_EXACT_SELECTED_DIAGNOSTIC,1,0.01,64,0,1,22,EXACT_MODEL_SELECTION_FROZEN_BEFORE_LOCKED_TEST,1,3,0.00013969472661333598,0.000590232773296194,-0.00010315267715855176,0.0038313782438287535,4349
304,X_BASE,8,B5_EXACT_SELECTED_DIAGNOSTIC,1,0.01,64,0,1,22,EXACT_MODEL_SELECTION_FROZEN_BEFORE_LOCKED_TEST,1,4,-0.00016280433319650143,0.0005963948924853427,0.0004344543483000521,0.003903299264208699,4349
304,X_BASE,8,B5_EXACT_SELECTED_DIAGNOSTIC,1,0.01,64,0,1,22,EXACT_MODEL_SELECTION_FROZEN_BEFORE_LOCKED_TEST,1,5,0.0011317725068552495,0.0005700598837758813,-0.00036234870606188346,0.0038505834997421134,4349
304,X_BASE,8,B5_EXACT_SELECTED_DIAGNOSTIC,1,0.01,64,0,1,22,EXACT_MODEL_SELECTION_FROZEN_BEFORE_LOCKED_TEST,2,0,0.006333566679612749,0.0011815399674413422,0.0030762118186968977,0.0011092954568359288,4349
304,X_BASE,8,B5_EXACT_SELECTED_DIAGNOSTIC,1,0.01,64,0,1,22,EXACT_MODEL_SELECTION_FROZEN_BEFORE_LOCKED_TEST,2,1,0.0008449927210132462,0.0011281532835799302,0.004320441002789432,0.0009955577116773859,4349
304,X_BASE,8,B5_EXACT_SELECTED_DIAGNOSTIC,1,0.01,64,0,1,22,EXACT_MODEL_SELECTION_FROZEN_BEFORE_LOCKED_TEST,2,2,-0.004090026995995159,0.001053960744861274,-0.00039268599912405545,0.0011436509427606642,4349
304,X_BASE,8,B5_EXACT_SELECTED_DIAGNOSTIC,1,0.01,64,0,1,22,EXACT_MODEL_SELECTION_FROZEN_BEFORE_LOCKED_TEST,2,3,-0.0010978175860497956,0.0010029385056868924,0.0008106449382747471,0.0010021989410160873,4349
304,X_BASE,8,B5_EXACT_SELECTED_DIAGNOSTIC,1,0.01,64,0,1,22,EXACT_MODEL_SELECTION_FROZEN_BEFORE_LOCKED_TEST,2,4,0.0012794288259924006,0.0009683170302951007,-0.0034142421511712865,0.001197468881007317,4349
304,X_BASE,8,B5_EXACT_SELECTED_DIAGNOSTIC,1,0.01,64,0,1,22,EXACT_MODEL_SELECTION_FROZEN_BEFORE_LOCKED_TEST,2,5,-0.008894249565142455,0.0009484408742893979,0.0028475862435250222,0.001084966052684153,4349
304,X_BASE,8,B5_EXACT_SELECTED_DIAGNOSTIC,1,0.01,64,0,1,22,EXACT_MODEL_SELECTION_FROZEN_BEFORE_LOCKED_TEST,3,0,0.0028543149776199656,0.0013373198142347862,0.001386340100705306,0.0019055032526489799,4349
304,X_BASE,8,B5_EXACT_SELECTED_DIAGNOSTIC,1,0.01,64,0,1,22,EXACT_MODEL_SELECTION_FROZEN_BEFORE_LOCKED_TEST,3,1,0.0003808083977913414,0.0012732878900470063,0.001947070282512492,0.0017874706914487032,4349
304,X_BASE,8,B5_EXACT_SELECTED_DIAGNOSTIC,1,0.01,64,0,1,22,EXACT_MODEL_SELECTION_FROZEN_BEFORE_LOCKED_TEST,3,2,-0.0018432308214449509,0.0010441881609243575,-0.00017696972109086323,0.0019602010908498467,4349
304,X_BASE,8,B5_EXACT_SELECTED_DIAGNOSTIC,1,0.01,64,0,1,22,EXACT_MODEL_SELECTION_FROZEN_BEFORE_LOCKED_TEST,3,3,-0.0004947476417423806,0.0009945379286928613,0.00036532906431655253,0.0018320725780188903,4349
304,X_BASE,8,B5_EXACT_SELECTED_DIAGNOSTIC,1,0.01,64,0,1,22,EXACT_MODEL_SELECTION_FROZEN_BEFORE_LOCKED_TEST,3,4,0.0005765934181421022,0.001004296755720992,-0.0015386784417505284,0.0019672610700300678,4349
304,X_BASE,8,B5_EXACT_SELECTED_DIAGNOSTIC,1,0.01,64,0,1,22,EXACT_MODEL_SELECTION_FROZEN_BEFORE_LOCKED_TEST,3,5,-0.00400832438224653,0.0009867640528190482,0.0012833066226524683,0.0019001475535762394,4349
304,X_BASE,8,B5_EXACT_SELECTED_DIAGNOSTIC,1,0.01,64,0,1,22,EXACT_MODEL_SELECTION_FROZEN_BEFORE_LOCKED_TEST,4,0,3.483931932870708e-05,0.0010002610856087019,1.6921449050075667e-05,0.0036271447529807516,4349
304,X_BASE,8,B5_EXACT_SELECTED_DIAGNOSTIC,1,0.01,64,0,1,22,EXACT_MODEL_SELECTION_FROZEN_BEFORE_LOCKED_TEST,4,1,4.648087361671789e-06,0.000940771764553794,2.3765633386561858e-05,0.003588933931811176,4349
304,X_BASE,8,B5_EXACT_SELECTED_DIAGNOSTIC,1,0.01,64,0,1,22,EXACT_MODEL_SELECTION_FROZEN_BEFORE_LOCKED_TEST,4,2,-2.249818526979183e-05,0.0006633639884102057,-2.1600645594263877e-06,0.0036094039594370374,4349
304,X_BASE,8,B5_EXACT_SELECTED_DIAGNOSTIC,1,0.01,64,0,1,22,EXACT_MODEL_SELECTION_FROZEN_BEFORE_LOCKED_TEST,4,3,-6.038811838544933e-06,0.00061668113656914,4.45914905382835e-06,0.00352448851949042,4349
304,X_BASE,8,B5_EXACT_SELECTED_DIAGNOSTIC,1,0.01,64,0,1,22,EXACT_MODEL_SELECTION_FROZEN_BEFORE_LOCKED_TEST,4,4,7.037808502211504e-06,0.0006976473408191406,-1.8780866861807664e-05,0.003628237282801615,4349
304,X_BASE,8,B5_EXACT_SELECTED_DIAGNOSTIC,1,0.01,64,0,1,22,EXACT_MODEL_SELECTION_FROZEN_BEFORE_LOCKED_TEST,4,5,-4.8924976472839234e-05,0.0006771082297821642,1.5663838635116022e-05,0.0036453964475757195,4349
304,X_BASE,8,B5_EXACT_SELECTED_DIAGNOSTIC,1,0.01,64,0,1,22,EXACT_MODEL_SELECTION_FROZEN_BEFORE_LOCKED_TEST,5,0,0.0012421103787834417,0.0012660095802156355,0.0006032927133520493,0.0028517842094914364,4349
304,X_BASE,8,B5_EXACT_SELECTED_DIAGNOSTIC,1,0.01,64,0,1,22,EXACT_MODEL_SELECTION_FROZEN_BEFORE_LOCKED_TEST,5,1,0.0001657161409771704,0.001199167926116733,0.0008473052992021892,0.002713205566505072,4349
304,X_BASE,8,B5_EXACT_SELECTED_DIAGNOSTIC,1,0.01,64,0,1,22,EXACT_MODEL_SELECTION_FROZEN_BEFORE_LOCKED_TEST,5,2,-0.000802117548960686,0.0009088572579193261,-7.701179758397328e-05,0.0028709802045369056,4349
304,X_BASE,8,B5_EXACT_SELECTED_DIAGNOSTIC,1,0.01,64,0,1,22,EXACT_MODEL_SELECTION_FROZEN_BEFORE_LOCKED_TEST,5,3,-0.00021529900711913095,0.0008578778977395401,0.0001589800095703567,0.0027216657226899325,4349
304,X_BASE,8,B5_EXACT_SELECTED_DIAGNOSTIC,1,0.01,64,0,1,22,EXACT_MODEL_SELECTION_FROZEN_BEFORE_LOCKED_TEST,5,4,0.0002509157800130784,0.0009173322764923815,-0.0006695856894190078,0.0028957774656124466,4349
304,X_BASE,8,B5_EXACT_SELECTED_DIAGNOSTIC,1,0.01,64,0,1,22,EXACT_MODEL_SELECTION_FROZEN_BEFORE_LOCKED_TEST,5,5,-0.0017442998953362307,0.0008954405950029123,0.0005584557022110084,0.0028236704869809824,4349
304,X_BASE,8,B5_EXACT_SELECTED_DIAGNOSTIC,1,0.01,64,0,1,22,EXACT_MODEL_SELECTION_FROZEN_BEFORE_LOCKED_TEST,6,0,0.005014281147339118,0.0010419405726621752,0.002435435151786666,0.0017952229476711837,4349
304,X_BASE,8,B5_EXACT_SELECTED_DIAGNOSTIC,1,0.01,64,0,1,22,EXACT_MODEL_SELECTION_FROZEN_BEFORE_LOCKED_TEST,6,1,0.000668980257878104,0.0009984410788583566,0.003420490691005492,0.001711409952319681,4349
304,X_BASE,8,B5_EXACT_SELECTED_DIAGNOSTIC,1,0.01,64,0,1,22,EXACT_MODEL_SELECTION_FROZEN_BEFORE_LOCKED_TEST,6,2,-0.00323807205253589,0.0008424372091072654,-0.00031088928274331597,0.0018265476656495114,4349
304,X_BASE,8,B5_EXACT_SELECTED_DIAGNOSTIC,1,0.01,64,0,1,22,EXACT_MODEL_SELECTION_FROZEN_BEFORE_LOCKED_TEST,6,3,-0.0008691415601048681,0.0008020964028824981,0.0006417871377688697,0.0017253229303756668,4349
304,X_BASE,8,B5_EXACT_SELECTED_DIAGNOSTIC,1,0.01,64,0,1,22,EXACT_MODEL_SELECTION_FROZEN_BEFORE_LOCKED_TEST,6,4,0.0010129230757428733,0.0008125809058031312,-0.0027030535742485467,0.0018383180324411802,4349
304,X_BASE,8,B5_EXACT_SELECTED_DIAGNOSTIC,1,0.01,64,0,1,22,EXACT_MODEL_SELECTION_FROZEN_BEFORE_LOCKED_TEST,6,5,-0.007041572335186946,0.0008010577897339574,0.002254432413617973,0.0017946481530042625,4349
304,X_BASE,8,B5_EXACT_SELECTED_DIAGNOSTIC,1,0.01,64,0,1,22,EXACT_MODEL_SELECTION_FROZEN_BEFORE_LOCKED_TEST,7,0,-0.0014585519903388914,0.0004946517219671873,-0.0007084183522227825,0.0049722674056363785,4349
304,X_BASE,8,B5_EXACT_SELECTED_DIAGNOSTIC,1,0.01,64,0,1,22,EXACT_MODEL_SELECTION_FROZEN_BEFORE_LOCKED_TEST,7,1,-0.00019459269593276055,0.0004547733186502807,-0.000994950893000716,0.004899194817150084,4349
304,X_BASE,8,B5_EXACT_SELECTED_DIAGNOSTIC,1,0.01,64,0,1,22,EXACT_MODEL_SELECTION_FROZEN_BEFORE_LOCKED_TEST,7,2,0.0009418890361967877,0.0002861966212883184,9.043134375521047e-05,0.004933510431419152,4349
304,X_BASE,8,B5_EXACT_SELECTED_DIAGNOSTIC,1,0.01,64,0,1,22,EXACT_MODEL_SELECTION_FROZEN_BEFORE_LOCKED_TEST,7,3,0.00025281553130500415,0.00024174375904963707,-0.0001866827725971102,0.0048279328141694125,4349
304,X_BASE,8,B5_EXACT_SELECTED_DIAGNOSTIC,1,0.01,64,0,1,22,EXACT_MODEL_SELECTION_FROZEN_BEFORE_LOCKED_TEST,7,4,-0.00029463863807655807,0.0003631412198584697,0.0007862630863458916,0.004980875615660174,4349
304,X_BASE,8,B5_EXACT_SELECTED_DIAGNOSTIC,1,0.01,64,0,1,22,EXACT_MODEL_SELECTION_FROZEN_BEFORE_LOCKED_TEST,7,5,0.002048249598061,0.0003315785670106088,-0.000655768351902631,0.00497507970914424,4349
304,X_BASE,8,B5_EXACT_SELECTED_DIAGNOSTIC,1,0.01,64,0,1,22,EXACT_MODEL_SELECTION_FROZEN_BEFORE_LOCKED_TEST,8,0,0.005014281147339118,0.0010419405726621752,0.002435435151786666,0.0017952229476711837,4349
304,X_BASE,8,B5_EXACT_SELECTED_DIAGNOSTIC,1,0.01,64,0,1,22,EXACT_MODEL_SELECTION_FROZEN_BEFORE_LOCKED_TEST,8,1,0.000668980257878104,0.0009984410788583566,0.003420490691005492,0.001711409952319681,4349
304,X_BASE,8,B5_EXACT_SELECTED_DIAGNOSTIC,1,0.01,64,0,1,22,EXACT_MODEL_SELECTION_FROZEN_BEFORE_LOCKED_TEST,8,2,-0.00323807205253589,0.0008424372091072654,-0.00031088928274331597,0.0018265476656495114,4349
304,X_BASE,8,B5_EXACT_SELECTED_DIAGNOSTIC,1,0.01,64,0,1,22,EXACT_MODEL_SELECTION_FROZEN_BEFORE_LOCKED_TEST,8,3,-0.0008691415601048681,0.0008020964028824981,0.0006417871377688697,0.0017253229303756668,4349
304,X_BASE,8,B5_EXACT_SELECTED_DIAGNOSTIC,1,0.01,64,0,1,22,EXACT_MODEL_SELECTION_FROZEN_BEFORE_LOCKED_TEST,8,4,0.0010129230757428733,0.0008125809058031312,-0.0027030535742485467,0.0018383180324411802,4349
304,X_BASE,8,B5_EXACT_SELECTED_DIAGNOSTIC,1,0.01,64,0,1,22,EXACT_MODEL_SELECTION_FROZEN_BEFORE_LOCKED_TEST,8,5,-0.007041572335186946,0.0008010577897339574,0.002254432413617973,0.0017946481530042625,4349
304,X_BASE,8,B5_EXACT_SELECTED_DIAGNOSTIC,1,0.01,64,0,1,22,EXACT_MODEL_SELECTION_FROZEN_BEFORE_LOCKED_TEST,9,0,0.0031901547968923513,0.0012800685224772085,0.0015494574204550544,0.001921036921616216,4349
304,X_BASE,8,B5_EXACT_SELECTED_DIAGNOSTIC,1,0.01,64,0,1,22,EXACT_MODEL_SELECTION_FROZEN_BEFORE_LOCKED_TEST,9,1,0.00042561446316759173,0.0012474970718540704,0.0021761633352823297,0.0018648686843055079,4349
304,X_BASE,8,B5_EXACT_SELECTED_DIAGNOSTIC,1,0.01,64,0,1,22,EXACT_MODEL_SELECTION_FROZEN_BEFORE_LOCKED_TEST,9,2,-0.00206010608251636,0.0010415020973881702,-0.00019779204785362183,0.001960112549656038,4349
304,X_BASE,8,B5_EXACT_SELECTED_DIAGNOSTIC,1,0.01,64,0,1,22,EXACT_MODEL_SELECTION_FROZEN_BEFORE_LOCKED_TEST,9,3,-0.0005529598432306503,0.001005378986498057,0.0004083138252476415,0.0018898592724633778,4349
304,X_BASE,8,B5_EXACT_SELECTED_DIAGNOSTIC,1,0.01,64,0,1,22,EXACT_MODEL_SELECTION_FROZEN_BEFORE_LOCKED_TEST,9,4,0.0006444356257683813,0.0009995633753971413,-0.00171971995043038,0.0019409105903209743,4349
304,X_BASE,8,B5_EXACT_SELECTED_DIAGNOSTIC,1,0.01,64,0,1,22,EXACT_MODEL_SELECTION_FROZEN_BEFORE_LOCKED_TEST,9,5,-0.0044799454004851155,0.0009962568380044179,0.0014343009829812764,0.0019307267743934574,4349
304,X_BASE,8,B5_EXACT_SELECTED_DIAGNOSTIC,1,0.01,64,0,1,22,EXACT_MODEL_SELECTION_FROZEN_BEFORE_LOCKED_TEST,10,0,-0.0031625737800654538,0.000565313298606576,-0.0015360613271909402,0.004724169102573794,4349
304,X_BASE,8,B5_EXACT_SELECTED_DIAGNOSTIC,1,0.01,64,0,1,22,EXACT_MODEL_SELECTION_FROZEN_BEFORE_LOCKED_TEST,10,1,-0.0004219347421453297,0.0005479855623062649,-0.0021573489512195358,0.004764198430942668,4349
304,X_BASE,8,B5_EXACT_SELECTED_DIAGNOSTIC,1,0.01,64,0,1,22,EXACT_MODEL_SELECTION_FROZEN_BEFORE_LOCKED_TEST,10,2,0.0020422950908420916,0.00036720596621054566,0.0001960820036246111,0.004674220751374429,4349
304,X_BASE,8,B5_EXACT_SELECTED_DIAGNOSTIC,1,0.01,64,0,1,22,EXACT_MODEL_SELECTION_FROZEN_BEFORE_LOCKED_TEST,10,3,0.0005481791364274575,0.0003484007332344846,-0.0004047836797839239,0.004693822770342687,4349
304,X_BASE,8,B5_EXACT_SELECTED_DIAGNOSTIC,1,0.01,64,0,1,22,EXACT_MODEL_SELECTION_FROZEN_BEFORE_LOCKED_TEST,10,4,-0.0006388640497885933,0.00041410109439167275,0.0017048518239881835,0.004631557535998001,4349
304,X_BASE,8,B5_EXACT_SELECTED_DIAGNOSTIC,1,0.01,64,0,1,22,EXACT_MODEL_SELECTION_FROZEN_BEFORE_LOCKED_TEST,10,5,0.004441213283286686,0.00039842442498723023,-0.001421900493956424,0.004719026864125085,4349
304,X_BASE,8,B5_EXACT_SELECTED_DIAGNOSTIC,1,0.01,64,0,1,22,EXACT_MODEL_SELECTION_FROZEN_BEFORE_LOCKED_TEST,11,0,0.0007298002078242259,0.0011119895315786082,0.0003544637860722109,0.0032232086451771413,4349
304,X_BASE,8,B5_EXACT_SELECTED_DIAGNOSTIC,1,0.01,64,0,1,22,EXACT_MODEL_SELECTION_FROZEN_BEFORE_LOCKED_TEST,11,1,9.736628579129941e-05,0.001070977675650446,0.0004978330380380273,0.0031992474017681883,4349
304,X_BASE,8,B5_EXACT_SELECTED_DIAGNOSTIC,1,0.01,64,0,1,22,EXACT_MODEL_SELECTION_FROZEN_BEFORE_LOCKED_TEST,11,2,-0.00047128303887478243,0.0008568430901136186,-4.524817346486387e-05,0.003220244408304679,4349
304,X_BASE,8,B5_EXACT_SELECTED_DIAGNOSTIC,1,0.01,64,0,1,22,EXACT_MODEL_SELECTION_FROZEN_BEFORE_LOCKED_TEST,11,3,-0.00012649862912649052,0.0008176580590731805,9.340848124784252e-05,0.0031676225279687734,4349
304,X_BASE,8,B5_EXACT_SELECTED_DIAGNOSTIC,1,0.01,64,0,1,22,EXACT_MODEL_SELECTION_FROZEN_BEFORE_LOCKED_TEST,11,4,0.0001474252139969025,0.000854142238233053,-0.00039341413101525715,0.003216826317275448,4349
304,X_BASE,8,B5_EXACT_SELECTED_DIAGNOSTIC,1,0.01,64,0,1,22,EXACT_MODEL_SELECTION_FROZEN_BEFORE_LOCKED_TEST,11,5,-0.001024860952672306,0.0008409149136150967,0.0003281198631746359,0.003264175342178996,4349
304,X_BASE,24,B5_EXACT_SELECTED_DIAGNOSTIC,1,0.01,64,0,1,15,EXACT_MODEL_SELECTION_FROZEN_BEFORE_LOCKED_TEST,0,0,0.00014814593434577783,0.002269637224808672,0.008064305266771174,0.003666877679873915,4586
304,X_BASE,24,B5_EXACT_SELECTED_DIAGNOSTIC,1,0.01,64,0,1,15,EXACT_MODEL_SELECTION_FROZEN_BEFORE_LOCKED_TEST,0,1,0.005522005730611679,0.0022694327726514307,-0.009605451448746817,0.0036321672417620964,4586
304,X_BASE,24,B5_EXACT_SELECTED_DIAGNOSTIC,1,0.01,64,0,1,15,EXACT_MODEL_SELECTION_FROZEN_BEFORE_LOCKED_TEST,0,2,-0.008346944557103308,0.002194224629735833,0.008900597043627513,0.0037232257064123016,4586
304,X_BASE,24,B5_EXACT_SELECTED_DIAGNOSTIC,1,0.01,64,0,1,15,EXACT_MODEL_SELECTION_FROZEN_BEFORE_LOCKED_TEST,0,3,-0.00562864460251105,0.0022279674187142967,-0.014981928393216543,0.003722937684636829,4586
304,X_BASE,24,B5_EXACT_SELECTED_DIAGNOSTIC,1,0.01,64,0,1,15,EXACT_MODEL_SELECTION_FROZEN_BEFORE_LOCKED_TEST,0,4,0.001476647034497263,0.0020388327863548714,0.003961678151105919,0.0036450601595668635,4586
304,X_BASE,24,B5_EXACT_SELECTED_DIAGNOSTIC,1,0.01,64,0,1,15,EXACT_MODEL_SELECTION_FROZEN_BEFORE_LOCKED_TEST,0,5,0.012276321858402864,0.0020775531165168827,-0.010924777779387823,0.0036684159350209348,4586
304,X_BASE,24,B5_EXACT_SELECTED_DIAGNOSTIC,1,0.01,64,0,1,15,EXACT_MODEL_SELECTION_FROZEN_BEFORE_LOCKED_TEST,1,0,0.00015892061126214206,0.0021604330023734,0.008650823446889245,0.0040319638890903625,4586
304,X_BASE,24,B5_EXACT_SELECTED_DIAGNOSTIC,1,0.01,64,0,1,15,EXACT_MODEL_SELECTION_FROZEN_BEFORE_LOCKED_TEST,1,1,0.005923622068855365,0.002151123474411589,-0.010304057431105315,0.0039891347674996065,4586
304,X_BASE,24,B5_EXACT_SELECTED_DIAGNOSTIC,1,0.01,64,0,1,15,EXACT_MODEL_SELECTION_FROZEN_BEFORE_LOCKED_TEST,1,2,-0.008954019136900162,0.00206955138593554,0.009547938855141408,0.004114526273019229,4586
304,X_BASE,24,B5_EXACT_SELECTED_DIAGNOSTIC,1,0.01,64,0,1,15,EXACT_MODEL_SELECTION_FROZEN_BEFORE_LOCKED_TEST,1,3,-0.006038016802544095,0.0021015803249833606,-0.016071566382499517,0.00411314661293524,4586
304,X_BASE,24,B5_EXACT_SELECTED_DIAGNOSTIC,1,0.01,64,0,1,15,EXACT_MODEL_SELECTION_FROZEN_BEFORE_LOCKED_TEST,1,4,0.0015840438036794473,0.0019422667460643323,0.0042498116210744384,0.004027198709058537,4586
304,X_BASE,24,B5_EXACT_SELECTED_DIAGNOSTIC,1,0.01,64,0,1,15,EXACT_MODEL_SELECTION_FROZEN_BEFORE_LOCKED_TEST,1,5,0.013169180662322748,0.001974452474378104,-0.011719338571594337,0.004040834207733959,4586
304,X_BASE,24,B5_EXACT_SELECTED_DIAGNOSTIC,1,0.01,64,0,1,15,EXACT_MODEL_SELECTION_FROZEN_BEFORE_LOCKED_TEST,2,0,0.00015892061126214206,0.0021604330023734,0.008650823446889245,0.0040319638890903625,4586
304,X_BASE,24,B5_EXACT_SELECTED_DIAGNOSTIC,1,0.01,64,0,1,15,EXACT_MODEL_SELECTION_FROZEN_BEFORE_LOCKED_TEST,2,1,0.005923622068855365,0.002151123474411589,-0.010304057431105315,0.0039891347674996065,4586
304,X_BASE,24,B5_EXACT_SELECTED_DIAGNOSTIC,1,0.01,64,0,1,15,EXACT_MODEL_SELECTION_FROZEN_BEFORE_LOCKED_TEST,2,2,-0.008954019136900162,0.00206955138593554,0.009547938855141408,0.004114526273019229,4586
304,X_BASE,24,B5_EXACT_SELECTED_DIAGNOSTIC,1,0.01,64,0,1,15,EXACT_MODEL_SELECTION_FROZEN_BEFORE_LOCKED_TEST,2,3,-0.006038016802544095,0.0021015803249833606,-0.016071566382499517,0.00411314661293524,4586
304,X_BASE,24,B5_EXACT_SELECTED_DIAGNOSTIC,1,0.01,64,0,1,15,EXACT_MODEL_SELECTION_FROZEN_BEFORE_LOCKED_TEST,2,4,0.0015840438036794473,0.0019422667460643323,0.0042498116210744384,0.004027198709058537,4586
304,X_BASE,24,B5_EXACT_SELECTED_DIAGNOSTIC,1,0.01,64,0,1,15,EXACT_MODEL_SELECTION_FROZEN_BEFORE_LOCKED_TEST,2,5,0.013169180662322748,0.001974452474378104,-0.011719338571594337,0.004040834207733959,4586
304,X_BASE,24,B5_EXACT_SELECTED_DIAGNOSTIC,1,0.01,64,0,1,15,EXACT_MODEL_SELECTION_FROZEN_BEFORE_LOCKED_TEST,3,0,6.940816134106923e-05,0.0021911066148532555,0.0037782245157889868,0.0041710641350902215,4586
304,X_BASE,24,B5_EXACT_SELECTED_DIAGNOSTIC,1,0.01,64,0,1,15,EXACT_MODEL_SELECTION_FROZEN_BEFORE_LOCKED_TEST,3,1,0.002587126446427009,0.002123906827089255,-0.004500270134665508,0.004048665686808179,4586
304,X_BASE,24,B5_EXACT_SELECTED_DIAGNOSTIC,1,0.01,64,0,1,15,EXACT_MODEL_SELECTION_FROZEN_BEFORE_LOCKED_TEST,3,2,-0.003910644440448612,0.0020040050573370675,0.004170037324102535,0.004198179176741573,4586
304,X_BASE,24,B5_EXACT_SELECTED_DIAGNOSTIC,1,0.01,64,0,1,15,EXACT_MODEL_SELECTION_FROZEN_BEFORE_LOCKED_TEST,3,3,-0.0026370880471871462,0.0020096283583471764,-0.0070192145853265366,0.004169287122036361,4586
304,X_BASE,24,B5_EXACT_SELECTED_DIAGNOSTIC,1,0.01,64,0,1,15,EXACT_MODEL_SELECTION_FROZEN_BEFORE_LOCKED_TEST,3,4,0.0006918269884813585,0.0019284670916534425,0.001856094110902498,0.004093225121583525,4586
304,X_BASE,24,B5_EXACT_SELECTED_DIAGNOSTIC,1,0.01,64,0,1,15,EXACT_MODEL_SELECTION_FROZEN_BEFORE_LOCKED_TEST,3,5,0.005751605212696127,0.001912925364268806,-0.005118390471366199,0.0040460060312210245,4586
304,X_BASE,24,B5_EXACT_SELECTED_DIAGNOSTIC,1,0.01,64,0,1,15,EXACT_MODEL_SELECTION_FROZEN_BEFORE_LOCKED_TEST,4,0,2.9966321112936203e-05,0.0017724864118139883,0.0016312129134287898,0.006208399510187784,4586
304,X_BASE,24,B5_EXACT_SELECTED_DIAGNOSTIC,1,0.01,64,0,1,15,EXACT_MODEL_SELECTION_FROZEN_BEFORE_LOCKED_TEST,4,1,0.0011169675201802031,0.0016956255363454371,-0.0019429493210123148,0.006108378198048714,4586
304,X_BASE,24,B5_EXACT_SELECTED_DIAGNOSTIC,1,0.01,64,0,1,15,EXACT_MODEL_SELECTION_FROZEN_BEFORE_LOCKED_TEST,4,2,-0.0016883839709446612,0.0014014555898213647,0.001800374409760458,0.006240318749301976,4586
304,X_BASE,24,B5_EXACT_SELECTED_DIAGNOSTIC,1,0.01,64,0,1,15,EXACT_MODEL_SELECTION_FROZEN_BEFORE_LOCKED_TEST,4,3,-0.0011385379715906294,0.0013991682061323823,-0.003030479905538739,0.0062243763618287365,4586
304,X_BASE,24,B5_EXACT_SELECTED_DIAGNOSTIC,1,0.01,64,0,1,15,EXACT_MODEL_SELECTION_FROZEN_BEFORE_LOCKED_TEST,4,4,0.00029868979801314974,0.0014993317168539848,0.0008013511821732029,0.006101156172706222,4586
304,X_BASE,24,B5_EXACT_SELECTED_DIAGNOSTIC,1,0.01,64,0,1,15,EXACT_MODEL_SELECTION_FROZEN_BEFORE_LOCKED_TEST,4,5,0.002483201476430802,0.0014684327444539913,-0.002209816965077815,0.006073006158646498,4586
304,X_BASE,24,B5_EXACT_SELECTED_DIAGNOSTIC,1,0.01,64,0,1,15,EXACT_MODEL_SELECTION_FROZEN_BEFORE_LOCKED_TEST,5,0,7.308865022056918e-05,0.0022036558605998346,0.003978571464129608,0.0046389530159266544,4586
304,X_BASE,24,B5_EXACT_SELECTED_DIAGNOSTIC,1,0.01,64,0,1,15,EXACT_MODEL_SELECTION_FROZEN_BEFORE_LOCKED_TEST,5,1,0.0027243133410509053,0.0021519575180122008,-0.004738904811991025,0.004542243311493232,4586
304,X_BASE,24,B5_EXACT_SELECTED_DIAGNOSTIC,1,0.01,64,0,1,15,EXACT_MODEL_SELECTION_FROZEN_BEFORE_LOCKED_TEST,5,2,-0.0041180131863807175,0.0019954522527791153,0.004391160830357686,0.004657627107310543,4586
304,X_BASE,24,B5_EXACT_SELECTED_DIAGNOSTIC,1,0.01,64,0,1,15,EXACT_MODEL_SELECTION_FROZEN_BEFORE_LOCKED_TEST,5,3,-0.0027769242428794874,0.0020036064159589064,-0.007391420687965856,0.004652246721719447,4586
304,X_BASE,24,B5_EXACT_SELECTED_DIAGNOSTIC,1,0.01,64,0,1,15,EXACT_MODEL_SELECTION_FROZEN_BEFORE_LOCKED_TEST,5,4,0.0007285123218549317,0.0019421849150714997,0.0019545167402084916,0.004550291056670426,4586
304,X_BASE,24,B5_EXACT_SELECTED_DIAGNOSTIC,1,0.01,64,0,1,15,EXACT_MODEL_SELECTION_FROZEN_BEFORE_LOCKED_TEST,5,5,0.006056594116242812,0.0019331270674547145,-0.005389802058228922,0.004526368882873567,4586
304,X_BASE,24,B5_EXACT_SELECTED_DIAGNOSTIC,1,0.01,64,0,1,15,EXACT_MODEL_SELECTION_FROZEN_BEFORE_LOCKED_TEST,6,0,0.00011437226644959852,0.002152919483428741,0.006225839910998124,0.0046066620191533856,4586
304,X_BASE,24,B5_EXACT_SELECTED_DIAGNOSTIC,1,0.01,64,0,1,15,EXACT_MODEL_SELECTION_FROZEN_BEFORE_LOCKED_TEST,6,1,0.004263122802166369,0.002162968367449674,-0.007415642267310461,0.004587818996518152,4586
304,X_BASE,24,B5_EXACT_SELECTED_DIAGNOSTIC,1,0.01,64,0,1,15,EXACT_MODEL_SELECTION_FROZEN_BEFORE_LOCKED_TEST,6,2,-0.006444044321168042,0.0019604488015009373,0.0068714775139104905,0.004599752847846035,4586
304,X_BASE,24,B5_EXACT_SELECTED_DIAGNOSTIC,1,0.01,64,0,1,15,EXACT_MODEL_SELECTION_FROZEN_BEFORE_LOCKED_TEST,6,3,-0.00434545060633204,0.0019746894033600645,-0.011566413305128942,0.004581823499914583,4586
304,X_BASE,24,B5_EXACT_SELECTED_DIAGNOSTIC,1,0.01,64,0,1,15,EXACT_MODEL_SELECTION_FROZEN_BEFORE_LOCKED_TEST,6,4,0.0011400074448708185,0.0019371841245615629,0.0030585119401810384,0.00456571994303043,4586
304,X_BASE,24,B5_EXACT_SELECTED_DIAGNOSTIC,1,0.01,64,0,1,15,EXACT_MODEL_SELECTION_FROZEN_BEFORE_LOCKED_TEST,6,5,0.009477619219256663,0.00195346790418597,-0.008434194300401366,0.004577570348986333,4586
304,X_BASE,24,B5_EXACT_SELECTED_DIAGNOSTIC,1,0.01,64,0,1,15,EXACT_MODEL_SELECTION_FROZEN_BEFORE_LOCKED_TEST,7,0,0.00011935951907242105,0.0020849381062863354,0.006497320379028153,0.004447711723574416,4586
304,X_BASE,24,B5_EXACT_SELECTED_DIAGNOSTIC,1,0.01,64,0,1,15,EXACT_MODEL_SELECTION_FROZEN_BEFORE_LOCKED_TEST,7,1,0.004449018133582958,0.002107525290117591,-0.0077390045866525215,0.004446174582872144,4586
304,X_BASE,24,B5_EXACT_SELECTED_DIAGNOSTIC,1,0.01,64,0,1,15,EXACT_MODEL_SELECTION_FROZEN_BEFORE_LOCKED_TEST,7,2,-0.006725039687789424,0.0018265061063899243,0.007171111291553703,0.004437567171941559,4586
304,X_BASE,24,B5_EXACT_SELECTED_DIAGNOSTIC,1,0.01,64,0,1,15,EXACT_MODEL_SELECTION_FROZEN_BEFORE_LOCKED_TEST,7,3,-0.004534935877600325,0.001847801548445763,-0.012070771808141234,0.0044348312564186235,4586
304,X_BASE,24,B5_EXACT_SELECTED_DIAGNOSTIC,1,0.01,64,0,1,15,EXACT_MODEL_SELECTION_FROZEN_BEFORE_LOCKED_TEST,7,4,0.0011897179673249086,0.001851031886607837,0.0031918796889291215,0.00442462010129529,4586
304,X_BASE,24,B5_EXACT_SELECTED_DIAGNOSTIC,1,0.01,64,0,1,15,EXACT_MODEL_SELECTION_FROZEN_BEFORE_LOCKED_TEST,7,5,0.009890894944016135,0.001878928925248596,-0.008801971025929485,0.004453549263597961,4586
304,X_BASE,24,B5_EXACT_SELECTED_DIAGNOSTIC,1,0.01,64,0,1,15,EXACT_MODEL_SELECTION_FROZEN_BEFORE_LOCKED_TEST,8,0,0.00011935951907242105,0.0020849381062863354,0.006497320379028153,0.004447711723574416,4586
304,X_BASE,24,B5_EXACT_SELECTED_DIAGNOSTIC,1,0.01,64,0,1,15,EXACT_MODEL_SELECTION_FROZEN_BEFORE_LOCKED_TEST,8,1,0.004449018133582958,0.002107525290117591,-0.0077390045866525215,0.004446174582872144,4586
304,X_BASE,24,B5_EXACT_SELECTED_DIAGNOSTIC,1,0.01,64,0,1,15,EXACT_MODEL_SELECTION_FROZEN_BEFORE_LOCKED_TEST,8,2,-0.006725039687789424,0.0018265061063899243,0.007171111291553703,0.004437567171941559,4586
304,X_BASE,24,B5_EXACT_SELECTED_DIAGNOSTIC,1,0.01,64,0,1,15,EXACT_MODEL_SELECTION_FROZEN_BEFORE_LOCKED_TEST,8,3,-0.004534935877600325,0.001847801548445763,-0.012070771808141234,0.0044348312564186235,4586
304,X_BASE,24,B5_EXACT_SELECTED_DIAGNOSTIC,1,0.01,64,0,1,15,EXACT_MODEL_SELECTION_FROZEN_BEFORE_LOCKED_TEST,8,4,0.0011897179673249086,0.001851031886607837,0.0031918796889291215,0.00442462010129529,4586
304,X_BASE,24,B5_EXACT_SELECTED_DIAGNOSTIC,1,0.01,64,0,1,15,EXACT_MODEL_SELECTION_FROZEN_BEFORE_LOCKED_TEST,8,5,0.009890894944016135,0.001878928925248596,-0.008801971025929485,0.004453549263597961,4586
304,X_BASE,24,B5_EXACT_SELECTED_DIAGNOSTIC,1,0.01,64,0,1,15,EXACT_MODEL_SELECTION_FROZEN_BEFORE_LOCKED_TEST,9,0,8.057387355951959e-05,0.002109413779298822,0.004386028653297948,0.0035727965333821176,4586
304,X_BASE,24,B5_EXACT_SELECTED_DIAGNOSTIC,1,0.01,64,0,1,15,EXACT_MODEL_SELECTION_FROZEN_BEFORE_LOCKED_TEST,9,1,0.0030033182719328647,0.0020366754704990177,-0.005224229972501274,0.003453686327059917,4586
304,X_BASE,24,B5_EXACT_SELECTED_DIAGNOSTIC,1,0.01,64,0,1,15,EXACT_MODEL_SELECTION_FROZEN_BEFORE_LOCKED_TEST,9,2,-0.004539751011881338,0.0018762097439697957,0.00484087250834437,0.0035980857905347483,4586
304,X_BASE,24,B5_EXACT_SELECTED_DIAGNOSTIC,1,0.01,64,0,1,15,EXACT_MODEL_SELECTION_FROZEN_BEFORE_LOCKED_TEST,9,3,-0.003061317210742045,0.0019140145230572003,-0.008148397790082123,0.0036080379159708228,4586
304,X_BASE,24,B5_EXACT_SELECTED_DIAGNOSTIC,1,0.01,64,0,1,15,EXACT_MODEL_SELECTION_FROZEN_BEFORE_LOCKED_TEST,9,4,0.0008031214084614607,0.0018131592985521263,0.0021546845402160863,0.0034904166814424017,4586
304,X_BASE,24,B5_EXACT_SELECTED_DIAGNOSTIC,1,0.01,64,0,1,15,EXACT_MODEL_SELECTION_FROZEN_BEFORE_LOCKED_TEST,9,5,0.0066768677086081266,0.0017927242658422396,-0.005941787517487261,0.003435751045346679,4586
304,X_BASE,24,B5_EXACT_SELECTED_DIAGNOSTIC,1,0.01,64,0,1,15,EXACT_MODEL_SELECTION_FROZEN_BEFORE_LOCKED_TEST,10,0,0.00011243647846642697,0.00208004769608465,0.006120465536082063,0.005130282348596725,4586
304,X_BASE,24,B5_EXACT_SELECTED_DIAGNOSTIC,1,0.01,64,0,1,15,EXACT_MODEL_SELECTION_FROZEN_BEFORE_LOCKED_TEST,10,1,0.00419096805567584,0.0020798445796347946,-0.007290130098721199,0.005135904415080385,4586
304,X_BASE,24,B5_EXACT_SELECTED_DIAGNOSTIC,1,0.01,64,0,1,15,EXACT_MODEL_SELECTION_FROZEN_BEFORE_LOCKED_TEST,10,2,-0.0063349767653070365,0.0017436100080027012,0.006755175511589652,0.00510129352090944,4586
304,X_BASE,24,B5_EXACT_SELECTED_DIAGNOSTIC,1,0.01,64,0,1,15,EXACT_MODEL_SELECTION_FROZEN_BEFORE_LOCKED_TEST,10,3,-0.004271902434853687,0.001783395788163213,-0.01137064798037401,0.005166635393421714,4586
304,X_BASE,24,B5_EXACT_SELECTED_DIAGNOSTIC,1,0.01,64,0,1,15,EXACT_MODEL_SELECTION_FROZEN_BEFORE_LOCKED_TEST,10,4,0.0011207124463452854,0.00177320425410675,0.003006745626161217,0.005039969053716941,4586
304,X_BASE,24,B5_EXACT_SELECTED_DIAGNOSTIC,1,0.01,64,0,1,15,EXACT_MODEL_SELECTION_FROZEN_BEFORE_LOCKED_TEST,10,5,0.009317207416961943,0.0017919052920821223,-0.00829144280581902,0.005101727810666847,4586
304,X_BASE,24,B5_EXACT_SELECTED_DIAGNOSTIC,1,0.01,64,0,1,15,EXACT_MODEL_SELECTION_FROZEN_BEFORE_LOCKED_TEST,11,0,8.057387355951959e-05,0.002109413779298822,0.004386028653297948,0.0035727965333821176,4586
304,X_BASE,24,B5_EXACT_SELECTED_DIAGNOSTIC,1,0.01,64,0,1,15,EXACT_MODEL_SELECTION_FROZEN_BEFORE_LOCKED_TEST,11,1,0.0030033182719328647,0.0020366754704990177,-0.005224229972501274,0.003453686327059917,4586
304,X_BASE,24,B5_EXACT_SELECTED_DIAGNOSTIC,1,0.01,64,0,1,15,EXACT_MODEL_SELECTION_FROZEN_BEFORE_LOCKED_TEST,11,2,-0.004539751011881338,0.0018762097439697957,0.00484087250834437,0.0035980857905347483,4586
304,X_BASE,24,B5_EXACT_SELECTED_DIAGNOSTIC,1,0.01,64,0,1,15,EXACT_MODEL_SELECTION_FROZEN_BEFORE_LOCKED_TEST,11,3,-0.003061317210742045,0.0019140145230572003,-0.008148397790082123,0.0036080379159708228,4586
304,X_BASE,24,B5_EXACT_SELECTED_DIAGNOSTIC,1,0.01,64,0,1,15,EXACT_MODEL_SELECTION_FROZEN_BEFORE_LOCKED_TEST,11,4,0.0008031214084614607,0.0018131592985521263,0.0021546845402160863,0.0034904166814424017,4586
304,X_BASE,24,B5_EXACT_SELECTED_DIAGNOSTIC,1,0.01,64,0,1,15,EXACT_MODEL_SELECTION_FROZEN_BEFORE_LOCKED_TEST,11,5,0.0066768677086081266,0.0017927242658422396,-0.005941787517487261,0.003435751045346679,4586
304,X_BASE,40,B5_EXACT_SELECTED_DIAGNOSTIC,1,0.01,64,0,1,13,EXACT_MODEL_SELECTION_FROZEN_BEFORE_LOCKED_TEST,0,0,0.007353904414732934,0.0016439385588088024,-0.0015368020248917834,0.001645613670367239,4823
304,X_BASE,40,B5_EXACT_SELECTED_DIAGNOSTIC,1,0.01,64,0,1,13,EXACT_MODEL_SELECTION_FROZEN_BEFORE_LOCKED_TEST,0,1,-0.0006629507311715129,0.0014227087919570648,0.0022282051546818923,0.0017932601216607037,4823
304,X_BASE,40,B5_EXACT_SELECTED_DIAGNOSTIC,1,0.01,64,0,1,13,EXACT_MODEL_SELECTION_FROZEN_BEFORE_LOCKED_TEST,0,2,0.015343997883803995,0.0015920360087337212,0.004769858757307098,0.0014123489319920121,4823
304,X_BASE,40,B5_EXACT_SELECTED_DIAGNOSTIC,1,0.01,64,0,1,13,EXACT_MODEL_SELECTION_FROZEN_BEFORE_LOCKED_TEST,0,3,0.01040570133874867,0.001506967080373358,0.006379531897661639,0.001738337179578881,4823
304,X_BASE,40,B5_EXACT_SELECTED_DIAGNOSTIC,1,0.01,64,0,1,13,EXACT_MODEL_SELECTION_FROZEN_BEFORE_LOCKED_TEST,0,4,0.007419871656331587,0.0016969258477355514,0.002834872586565705,0.001503446640734168,4823
304,X_BASE,40,B5_EXACT_SELECTED_DIAGNOSTIC,1,0.01,64,0,1,13,EXACT_MODEL_SELECTION_FROZEN_BEFORE_LOCKED_TEST,0,5,0.0028587603243269352,0.0015036455749086123,-0.006184388155827818,0.001699233227071339,4823
304,X_BASE,40,B5_EXACT_SELECTED_DIAGNOSTIC,1,0.01,64,0,1,13,EXACT_MODEL_SELECTION_FROZEN_BEFORE_LOCKED_TEST,1,0,0.007353904414732934,0.0016439385588088024,-0.0015368020248917834,0.001645613670367239,4823
304,X_BASE,40,B5_EXACT_SELECTED_DIAGNOSTIC,1,0.01,64,0,1,13,EXACT_MODEL_SELECTION_FROZEN_BEFORE_LOCKED_TEST,1,1,-0.0006629507311715129,0.0014227087919570648,0.0022282051546818923,0.0017932601216607037,4823
304,X_BASE,40,B5_EXACT_SELECTED_DIAGNOSTIC,1,0.01,64,0,1,13,EXACT_MODEL_SELECTION_FROZEN_BEFORE_LOCKED_TEST,1,2,0.015343997883803995,0.0015920360087337212,0.004769858757307098,0.0014123489319920121,4823
304,X_BASE,40,B5_EXACT_SELECTED_DIAGNOSTIC,1,0.01,64,0,1,13,EXACT_MODEL_SELECTION_FROZEN_BEFORE_LOCKED_TEST,1,3,0.01040570133874867,0.001506967080373358,0.006379531897661639,0.001738337179578881,4823
304,X_BASE,40,B5_EXACT_SELECTED_DIAGNOSTIC,1,0.01,64,0,1,13,EXACT_MODEL_SELECTION_FROZEN_BEFORE_LOCKED_TEST,1,4,0.007419871656331587,0.0016969258477355514,0.002834872586565705,0.001503446640734168,4823
304,X_BASE,40,B5_EXACT_SELECTED_DIAGNOSTIC,1,0.01,64,0,1,13,EXACT_MODEL_SELECTION_FROZEN_BEFORE_LOCKED_TEST,1,5,0.0028587603243269352,0.0015036455749086123,-0.006184388155827818,0.001699233227071339,4823
304,X_BASE,40,B5_EXACT_SELECTED_DIAGNOSTIC,1,0.01,64,0,1,13,EXACT_MODEL_SELECTION_FROZEN_BEFORE_LOCKED_TEST,2,0,0.007353904414732934,0.0016439385588088024,-0.0015368020248917834,0.001645613670367239,4823
304,X_BASE,40,B5_EXACT_SELECTED_DIAGNOSTIC,1,0.01,64,0,1,13,EXACT_MODEL_SELECTION_FROZEN_BEFORE_LOCKED_TEST,2,1,-0.0006629507311715129,0.0014227087919570648,0.0022282051546818923,0.0017932601216607037,4823
304,X_BASE,40,B5_EXACT_SELECTED_DIAGNOSTIC,1,0.01,64,0,1,13,EXACT_MODEL_SELECTION_FROZEN_BEFORE_LOCKED_TEST,2,2,0.015343997883803995,0.0015920360087337212,0.004769858757307098,0.0014123489319920121,4823
304,X_BASE,40,B5_EXACT_SELECTED_DIAGNOSTIC,1,0.01,64,0,1,13,EXACT_MODEL_SELECTION_FROZEN_BEFORE_LOCKED_TEST,2,3,0.01040570133874867,0.001506967080373358,0.006379531897661639,0.001738337179578881,4823
304,X_BASE,40,B5_EXACT_SELECTED_DIAGNOSTIC,1,0.01,64,0,1,13,EXACT_MODEL_SELECTION_FROZEN_BEFORE_LOCKED_TEST,2,4,0.007419871656331587,0.0016969258477355514,0.002834872586565705,0.001503446640734168,4823
304,X_BASE,40,B5_EXACT_SELECTED_DIAGNOSTIC,1,0.01,64,0,1,13,EXACT_MODEL_SELECTION_FROZEN_BEFORE_LOCKED_TEST,2,5,0.0028587603243269352,0.0015036455749086123,-0.006184388155827818,0.001699233227071339,4823
304,X_BASE,40,B5_EXACT_SELECTED_DIAGNOSTIC,1,0.01,64,0,1,13,EXACT_MODEL_SELECTION_FROZEN_BEFORE_LOCKED_TEST,3,0,0.011588628961566748,0.0014027768742238787,-0.0024217650175294165,0.0017017544643344723,4823
304,X_BASE,40,B5_EXACT_SELECTED_DIAGNOSTIC,1,0.01,64,0,1,13,EXACT_MODEL_SELECTION_FROZEN_BEFORE_LOCKED_TEST,3,1,-0.0010447089885958335,0.0012730178976296195,0.003511310636038047,0.0017245658325977077,4823
304,X_BASE,40,B5_EXACT_SELECTED_DIAGNOSTIC,1,0.01,64,0,1,13,EXACT_MODEL_SELECTION_FROZEN_BEFORE_LOCKED_TEST,3,2,0.024179794600842328,0.0013945953710358654,0.007516568100446171,0.0013390201893878169,4823
304,X_BASE,40,B5_EXACT_SELECTED_DIAGNOSTIC,1,0.01,64,0,1,13,EXACT_MODEL_SELECTION_FROZEN_BEFORE_LOCKED_TEST,3,3,0.016397794300677757,0.0013855198780160303,0.010053166854109216,0.001480744068298746,4823
304,X_BASE,40,B5_EXACT_SELECTED_DIAGNOSTIC,1,0.01,64,0,1,13,EXACT_MODEL_SELECTION_FROZEN_BEFORE_LOCKED_TEST,3,4,0.011692583248077907,0.0016476975546675452,0.004467325750550981,0.0015992823179993287,4823
304,X_BASE,40,B5_EXACT_SELECTED_DIAGNOSTIC,1,0.01,64,0,1,13,EXACT_MODEL_SELECTION_FROZEN_BEFORE_LOCKED_TEST,3,5,0.004504969172879329,0.0015307262286341622,-0.009745650154034452,0.0016343311399323504,4823
304,X_BASE,40,B5_EXACT_SELECTED_DIAGNOSTIC,1,0.01,64,0,1,13,EXACT_MODEL_SELECTION_FROZEN_BEFORE_LOCKED_TEST,4,0,0.011588628961566748,0.0014027768742238787,-0.0024217650175294165,0.0017017544643344723,4823
304,X_BASE,40,B5_EXACT_SELECTED_DIAGNOSTIC,1,0.01,64,0,1,13,EXACT_MODEL_SELECTION_FROZEN_BEFORE_LOCKED_TEST,4,1,-0.0010447089885958335,0.0012730178976296195,0.003511310636038047,0.0017245658325977077,4823
304,X_BASE,40,B5_EXACT_SELECTED_DIAGNOSTIC,1,0.01,64,0,1,13,EXACT_MODEL_SELECTION_FROZEN_BEFORE_LOCKED_TEST,4,2,0.024179794600842328,0.0013945953710358654,0.007516568100446171,0.0013390201893878169,4823
304,X_BASE,40,B5_EXACT_SELECTED_DIAGNOSTIC,1,0.01,64,0,1,13,EXACT_MODEL_SELECTION_FROZEN_BEFORE_LOCKED_TEST,4,3,0.016397794300677757,0.0013855198780160303,0.010053166854109216,0.001480744068298746,4823
304,X_BASE,40,B5_EXACT_SELECTED_DIAGNOSTIC,1,0.01,64,0,1,13,EXACT_MODEL_SELECTION_FROZEN_BEFORE_LOCKED_TEST,4,4,0.011692583248077907,0.0016476975546675452,0.004467325750550981,0.0015992823179993287,4823
304,X_BASE,40,B5_EXACT_SELECTED_DIAGNOSTIC,1,0.01,64,0,1,13,EXACT_MODEL_SELECTION_FROZEN_BEFORE_LOCKED_TEST,4,5,0.004504969172879329,0.0015307262286341622,-0.009745650154034452,0.0016343311399323504,4823
304,X_BASE,40,B5_EXACT_SELECTED_DIAGNOSTIC,1,0.01,64,0,1,13,EXACT_MODEL_SELECTION_FROZEN_BEFORE_LOCKED_TEST,5,0,0.011588628961566748,0.0014027768742238787,-0.0024217650175294165,0.0017017544643344723,4823
304,X_BASE,40,B5_EXACT_SELECTED_DIAGNOSTIC,1,0.01,64,0,1,13,EXACT_MODEL_SELECTION_FROZEN_BEFORE_LOCKED_TEST,5,1,-0.0010447089885958335,0.0012730178976296195,0.003511310636038047,0.0017245658325977077,4823
304,X_BASE,40,B5_EXACT_SELECTED_DIAGNOSTIC,1,0.01,64,0,1,13,EXACT_MODEL_SELECTION_FROZEN_BEFORE_LOCKED_TEST,5,2,0.024179794600842328,0.0013945953710358654,0.007516568100446171,0.0013390201893878169,4823
304,X_BASE,40,B5_EXACT_SELECTED_DIAGNOSTIC,1,0.01,64,0,1,13,EXACT_MODEL_SELECTION_FROZEN_BEFORE_LOCKED_TEST,5,3,0.016397794300677757,0.0013855198780160303,0.010053166854109216,0.001480744068298746,4823
304,X_BASE,40,B5_EXACT_SELECTED_DIAGNOSTIC,1,0.01,64,0,1,13,EXACT_MODEL_SELECTION_FROZEN_BEFORE_LOCKED_TEST,5,4,0.011692583248077907,0.0016476975546675452,0.004467325750550981,0.0015992823179993287,4823
304,X_BASE,40,B5_EXACT_SELECTED_DIAGNOSTIC,1,0.01,64,0,1,13,EXACT_MODEL_SELECTION_FROZEN_BEFORE_LOCKED_TEST,5,5,0.004504969172879329,0.0015307262286341622,-0.009745650154034452,0.0016343311399323504,4823
304,X_BASE,40,B5_EXACT_SELECTED_DIAGNOSTIC,1,0.01,64,0,1,13,EXACT_MODEL_SELECTION_FROZEN_BEFORE_LOCKED_TEST,6,0,0.009793735714442328,0.0010535817246301177,-0.0020466723563956676,0.0016858128508775749,4823
304,X_BASE,40,B5_EXACT_SELECTED_DIAGNOSTIC,1,0.01,64,0,1,13,EXACT_MODEL_SELECTION_FROZEN_BEFORE_LOCKED_TEST,6,1,-0.0008829002780866155,0.0009185099802466306,0.0029674647876566196,0.001770123784899038,4823
304,X_BASE,40,B5_EXACT_SELECTED_DIAGNOSTIC,1,0.01,64,0,1,13,EXACT_MODEL_SELECTION_FROZEN_BEFORE_LOCKED_TEST,6,2,0.020434731212425766,0.0012508558484503052,0.006352371941453979,0.001102206385654305,4823
304,X_BASE,40,B5_EXACT_SELECTED_DIAGNOSTIC,1,0.01,64,0,1,13,EXACT_MODEL_SELECTION_FROZEN_BEFORE_LOCKED_TEST,6,3,0.013858038272968796,0.001288913753708024,0.008496092125209092,0.001365319702538242,4823
304,X_BASE,40,B5_EXACT_SELECTED_DIAGNOSTIC,1,0.01,64,0,1,13,EXACT_MODEL_SELECTION_FROZEN_BEFORE_LOCKED_TEST,6,4,0.009881589144891283,0.001400644603317565,0.0037754084539525982,0.0016355603575647958,4823
304,X_BASE,40,B5_EXACT_SELECTED_DIAGNOSTIC,1,0.01,64,0,1,13,EXACT_MODEL_SELECTION_FROZEN_BEFORE_LOCKED_TEST,6,5,0.0038072215123302233,0.0012985301538959403,-0.0082362048427447,0.001739768078117131,4823
304,X_BASE,40,B5_EXACT_SELECTED_DIAGNOSTIC,1,0.01,64,0,1,13,EXACT_MODEL_SELECTION_FROZEN_BEFORE_LOCKED_TEST,7,0,0.009793735714442328,0.0010535817246301177,-0.0020466723563956676,0.0016858128508775749,4823
304,X_BASE,40,B5_EXACT_SELECTED_DIAGNOSTIC,1,0.01,64,0,1,13,EXACT_MODEL_SELECTION_FROZEN_BEFORE_LOCKED_TEST,7,1,-0.0008829002780866155,0.0009185099802466306,0.0029674647876566196,0.001770123784899038,4823
304,X_BASE,40,B5_EXACT_SELECTED_DIAGNOSTIC,1,0.01,64,0,1,13,EXACT_MODEL_SELECTION_FROZEN_BEFORE_LOCKED_TEST,7,2,0.020434731212425766,0.0012508558484503052,0.006352371941453979,0.001102206385654305,4823
304,X_BASE,40,B5_EXACT_SELECTED_DIAGNOSTIC,1,0.01,64,0,1,13,EXACT_MODEL_SELECTION_FROZEN_BEFORE_LOCKED_TEST,7,3,0.013858038272968796,0.001288913753708024,0.008496092125209092,0.001365319702538242,4823
304,X_BASE,40,B5_EXACT_SELECTED_DIAGNOSTIC,1,0.01,64,0,1,13,EXACT_MODEL_SELECTION_FROZEN_BEFORE_LOCKED_TEST,7,4,0.009881589144891283,0.001400644603317565,0.0037754084539525982,0.0016355603575647958,4823
304,X_BASE,40,B5_EXACT_SELECTED_DIAGNOSTIC,1,0.01,64,0,1,13,EXACT_MODEL_SELECTION_FROZEN_BEFORE_LOCKED_TEST,7,5,0.0038072215123302233,0.0012985301538959403,-0.0082362048427447,0.001739768078117131,4823
304,X_BASE,40,B5_EXACT_SELECTED_DIAGNOSTIC,1,0.01,64,0,1,13,EXACT_MODEL_SELECTION_FROZEN_BEFORE_LOCKED_TEST,8,0,0.009793735714442328,0.0010535817246301177,-0.0020466723563956676,0.0016858128508775749,4823
304,X_BASE,40,B5_EXACT_SELECTED_DIAGNOSTIC,1,0.01,64,0,1,13,EXACT_MODEL_SELECTION_FROZEN_BEFORE_LOCKED_TEST,8,1,-0.0008829002780866155,0.0009185099802466306,0.0029674647876566196,0.001770123784899038,4823
304,X_BASE,40,B5_EXACT_SELECTED_DIAGNOSTIC,1,0.01,64,0,1,13,EXACT_MODEL_SELECTION_FROZEN_BEFORE_LOCKED_TEST,8,2,0.020434731212425766,0.0012508558484503052,0.006352371941453979,0.001102206385654305,4823
304,X_BASE,40,B5_EXACT_SELECTED_DIAGNOSTIC,1,0.01,64,0,1,13,EXACT_MODEL_SELECTION_FROZEN_BEFORE_LOCKED_TEST,8,3,0.013858038272968796,0.001288913753708024,0.008496092125209092,0.001365319702538242,4823
304,X_BASE,40,B5_EXACT_SELECTED_DIAGNOSTIC,1,0.01,64,0,1,13,EXACT_MODEL_SELECTION_FROZEN_BEFORE_LOCKED_TEST,8,4,0.009881589144891283,0.001400644603317565,0.0037754084539525982,0.0016355603575647958,4823
304,X_BASE,40,B5_EXACT_SELECTED_DIAGNOSTIC,1,0.01,64,0,1,13,EXACT_MODEL_SELECTION_FROZEN_BEFORE_LOCKED_TEST,8,5,0.0038072215123302233,0.0012985301538959403,-0.0082362048427447,0.001739768078117131,4823
304,X_BASE,40,B5_EXACT_SELECTED_DIAGNOSTIC,1,0.01,64,0,1,13,EXACT_MODEL_SELECTION_FROZEN_BEFORE_LOCKED_TEST,9,0,0.00958042301022421,0.0009029861188127238,-0.0020020947582532716,0.001958068521666217,4823
304,X_BASE,40,B5_EXACT_SELECTED_DIAGNOSTIC,1,0.01,64,0,1,13,EXACT_MODEL_SELECTION_FROZEN_BEFORE_LOCKED_TEST,9,1,-0.000863670246629279,0.0005869637349278055,0.002902831847072606,0.0019356109281192038,4823
304,X_BASE,40,B5_EXACT_SELECTED_DIAGNOSTIC,1,0.01,64,0,1,13,EXACT_MODEL_SELECTION_FROZEN_BEFORE_LOCKED_TEST,9,2,0.019989652041209727,0.001651966112952951,0.006214013946451863,0.0022967751975407984,4823
304,X_BASE,40,B5_EXACT_SELECTED_DIAGNOSTIC,1,0.01,64,0,1,13,EXACT_MODEL_SELECTION_FROZEN_BEFORE_LOCKED_TEST,9,3,0.013556202925828894,0.001355669230069709,0.008311042779447997,0.0022843665941318417,4823
304,X_BASE,40,B5_EXACT_SELECTED_DIAGNOSTIC,1,0.01,64,0,1,13,EXACT_MODEL_SELECTION_FROZEN_BEFORE_LOCKED_TEST,9,4,0.009666362946847076,0.00138475915855878,0.003693178076257908,0.0019155052052350064,4823
304,X_BASE,40,B5_EXACT_SELECTED_DIAGNOSTIC,1,0.01,64,0,1,13,EXACT_MODEL_SELECTION_FROZEN_BEFORE_LOCKED_TEST,9,5,0.003724298229526611,0.0011182055626237995,-0.008056815978400585,0.001937499669673514,4823
304,X_BASE,40,B5_EXACT_SELECTED_DIAGNOSTIC,1,0.01,64,0,1,13,EXACT_MODEL_SELECTION_FROZEN_BEFORE_LOCKED_TEST,10,0,0.008947169312838175,0.0009586932871575819,-0.001869758857549509,0.0023516966437065515,4823
304,X_BASE,40,B5_EXACT_SELECTED_DIAGNOSTIC,1,0.01,64,0,1,13,EXACT_MODEL_SELECTION_FROZEN_BEFORE_LOCKED_TEST,10,1,-0.0008065827488834464,0.0006500976815555394,0.0027109583778023136,0.0023058808677566085,4823
304,X_BASE,40,B5_EXACT_SELECTED_DIAGNOSTIC,1,0.01,64,0,1,13,EXACT_MODEL_SELECTION_FROZEN_BEFORE_LOCKED_TEST,10,2,0.018668361629393133,0.0016924782472937962,0.005803275578949767,0.00277163511520437,4823
304,X_BASE,40,B5_EXACT_SELECTED_DIAGNOSTIC,1,0.01,64,0,1,13,EXACT_MODEL_SELECTION_FROZEN_BEFORE_LOCKED_TEST,10,3,0.012660155265288733,0.0013771466882988859,0.007761693490423673,0.0027036302545860764,4823
304,X_BASE,40,B5_EXACT_SELECTED_DIAGNOSTIC,1,0.01,64,0,1,13,EXACT_MODEL_SELECTION_FROZEN_BEFORE_LOCKED_TEST,10,4,0.009027428729659202,0.0014294471878921952,0.0034490637329351232,0.002305054447159446,4823
304,X_BASE,40,B5_EXACT_SELECTED_DIAGNOSTIC,1,0.01,64,0,1,13,EXACT_MODEL_SELECTION_FROZEN_BEFORE_LOCKED_TEST,10,5,0.0034781268839086687,0.0011680885908127488,-0.007524270755497987,0.0023034481460685423,4823
304,X_BASE,40,B5_EXACT_SELECTED_DIAGNOSTIC,1,0.01,64,0,1,13,EXACT_MODEL_SELECTION_FROZEN_BEFORE_LOCKED_TEST,11,0,0.008947169312838175,0.0009586932871575819,-0.001869758857549509,0.0023516966437065515,4823
304,X_BASE,40,B5_EXACT_SELECTED_DIAGNOSTIC,1,0.01,64,0,1,13,EXACT_MODEL_SELECTION_FROZEN_BEFORE_LOCKED_TEST,11,1,-0.0008065827488834464,0.0006500976815555394,0.0027109583778023136,0.0023058808677566085,4823
304,X_BASE,40,B5_EXACT_SELECTED_DIAGNOSTIC,1,0.01,64,0,1,13,EXACT_MODEL_SELECTION_FROZEN_BEFORE_LOCKED_TEST,11,2,0.018668361629393133,0.0016924782472937962,0.005803275578949767,0.00277163511520437,4823
304,X_BASE,40,B5_EXACT_SELECTED_DIAGNOSTIC,1,0.01,64,0,1,13,EXACT_MODEL_SELECTION_FROZEN_BEFORE_LOCKED_TEST,11,3,0.012660155265288733,0.0013771466882988859,0.007761693490423673,0.0027036302545860764,4823
304,X_BASE,40,B5_EXACT_SELECTED_DIAGNOSTIC,1,0.01,64,0,1,13,EXACT_MODEL_SELECTION_FROZEN_BEFORE_LOCKED_TEST,11,4,0.009027428729659202,0.0014294471878921952,0.0034490637329351232,0.002305054447159446,4823
304,X_BASE,40,B5_EXACT_SELECTED_DIAGNOSTIC,1,0.01,64,0,1,13,EXACT_MODEL_SELECTION_FROZEN_BEFORE_LOCKED_TEST,11,5,0.0034781268839086687,0.0011680885908127488,-0.007524270755497987,0.0023034481460685423,4823
304,X_VALID,8,B5_EXACT_SELECTED_DIAGNOSTIC,1,0.01,64,0,1,16,EXACT_MODEL_SELECTION_FROZEN_BEFORE_LOCKED_TEST,0,0,-0.00029295115028748266,-0.0007632636314688328,0.0020461753284344904,0.005959470702731436,5060
304,X_VALID,8,B5_EXACT_SELECTED_DIAGNOSTIC,1,0.01,64,0,1,16,EXACT_MODEL_SELECTION_FROZEN_BEFORE_LOCKED_TEST,0,1,0.003025831627680319,-0.0007552654957036486,0.0007933248628504546,0.005883998459743032,5060
304,X_VALID,8,B5_EXACT_SELECTED_DIAGNOSTIC,1,0.01,64,0,1,16,EXACT_MODEL_SELECTION_FROZEN_BEFORE_LOCKED_TEST,0,2,0.002905051214109568,-0.0008523530125487232,2.4499756240383033e-05,0.006060639778528015,5060
304,X_VALID,8,B5_EXACT_SELECTED_DIAGNOSTIC,1,0.01,64,0,1,16,EXACT_MODEL_SELECTION_FROZEN_BEFORE_LOCKED_TEST,0,3,0.002636116562546448,-0.0008446460499525483,0.001867932357314015,0.005957091778910641,5060
304,X_VALID,8,B5_EXACT_SELECTED_DIAGNOSTIC,1,0.01,64,0,1,16,EXACT_MODEL_SELECTION_FROZEN_BEFORE_LOCKED_TEST,0,4,0.00025498556279552817,-0.0006767342323440815,-0.000882482317155125,0.005974260294550015,5060
304,X_VALID,8,B5_EXACT_SELECTED_DIAGNOSTIC,1,0.01,64,0,1,16,EXACT_MODEL_SELECTION_FROZEN_BEFORE_LOCKED_TEST,0,5,-0.0006876836285180837,-0.0006727225530890375,0.001749753143415231,0.005842127413250186,5060
304,X_VALID,8,B5_EXACT_SELECTED_DIAGNOSTIC,1,0.01,64,0,1,16,EXACT_MODEL_SELECTION_FROZEN_BEFORE_LOCKED_TEST,1,0,-0.00040527502411642774,-0.0009543447916650754,0.0028307236710418925,0.007071718908784503,5060
304,X_VALID,8,B5_EXACT_SELECTED_DIAGNOSTIC,1,0.01,64,0,1,16,EXACT_MODEL_SELECTION_FROZEN_BEFORE_LOCKED_TEST,1,1,0.00418600160701533,-0.0009721012411978228,0.0010975029543607074,0.0070914380523414795,5060
304,X_VALID,8,B5_EXACT_SELECTED_DIAGNOSTIC,1,0.01,64,0,1,16,EXACT_MODEL_SELECTION_FROZEN_BEFORE_LOCKED_TEST,1,2,0.004018911343076639,-0.0010893987730502986,3.3893498255336704e-05,0.00725248444101301,5060
304,X_VALID,8,B5_EXACT_SELECTED_DIAGNOSTIC,1,0.01,64,0,1,16,EXACT_MODEL_SELECTION_FROZEN_BEFORE_LOCKED_TEST,1,3,0.003646861268205698,-0.0011106692052456346,0.002584138449073843,0.007203927213039605,5060
304,X_VALID,8,B5_EXACT_SELECTED_DIAGNOSTIC,1,0.01,64,0,1,16,EXACT_MODEL_SELECTION_FROZEN_BEFORE_LOCKED_TEST,1,4,0.0003527526005953155,-0.0008775078197066841,-0.0012208453252919224,0.007119015996215154,5060
304,X_VALID,8,B5_EXACT_SELECTED_DIAGNOSTIC,1,0.01,64,0,1,16,EXACT_MODEL_SELECTION_FROZEN_BEFORE_LOCKED_TEST,1,5,-0.0009513565618658285,-0.0009005814097885438,0.002420646741613779,0.007069951750387503,5060
304,X_VALID,8,B5_EXACT_SELECTED_DIAGNOSTIC,1,0.01,64,0,1,16,EXACT_MODEL_SELECTION_FROZEN_BEFORE_LOCKED_TEST,2,0,-0.00029295115028748266,-0.0007632636314688328,0.0020461753284344904,0.005959470702731436,5060
304,X_VALID,8,B5_EXACT_SELECTED_DIAGNOSTIC,1,0.01,64,0,1,16,EXACT_MODEL_SELECTION_FROZEN_BEFORE_LOCKED_TEST,2,1,0.003025831627680319,-0.0007552654957036486,0.0007933248628504546,0.005883998459743032,5060
304,X_VALID,8,B5_EXACT_SELECTED_DIAGNOSTIC,1,0.01,64,0,1,16,EXACT_MODEL_SELECTION_FROZEN_BEFORE_LOCKED_TEST,2,2,0.002905051214109568,-0.0008523530125487232,2.4499756240383033e-05,0.006060639778528015,5060
304,X_VALID,8,B5_EXACT_SELECTED_DIAGNOSTIC,1,0.01,64,0,1,16,EXACT_MODEL_SELECTION_FROZEN_BEFORE_LOCKED_TEST,2,3,0.002636116562546448,-0.0008446460499525483,0.001867932357314015,0.005957091778910641,5060
304,X_VALID,8,B5_EXACT_SELECTED_DIAGNOSTIC,1,0.01,64,0,1,16,EXACT_MODEL_SELECTION_FROZEN_BEFORE_LOCKED_TEST,2,4,0.00025498556279552817,-0.0006767342323440815,-0.000882482317155125,0.005974260294550015,5060
304,X_VALID,8,B5_EXACT_SELECTED_DIAGNOSTIC,1,0.01,64,0,1,16,EXACT_MODEL_SELECTION_FROZEN_BEFORE_LOCKED_TEST,2,5,-0.0006876836285180837,-0.0006727225530890375,0.001749753143415231,0.005842127413250186,5060
304,X_VALID,8,B5_EXACT_SELECTED_DIAGNOSTIC,1,0.01,64,0,1,16,EXACT_MODEL_SELECTION_FROZEN_BEFORE_LOCKED_TEST,3,0,-0.0004744480541733736,-0.0007136083947242693,0.003313876399258456,0.00581257562030053,5060
304,X_VALID,8,B5_EXACT_SELECTED_DIAGNOSTIC,1,0.01,64,0,1,16,EXACT_MODEL_SELECTION_FROZEN_BEFORE_LOCKED_TEST,3,1,0.004900475477226748,-0.0007100544738814045,0.0012848266242934715,0.005744274877059405,5060
304,X_VALID,8,B5_EXACT_SELECTED_DIAGNOSTIC,1,0.01,64,0,1,16,EXACT_MODEL_SELECTION_FROZEN_BEFORE_LOCKED_TEST,3,2,0.004704865962996597,-0.0008052557118121325,3.9678498154264314e-05,0.005923078612214082,5060
304,X_VALID,8,B5_EXACT_SELECTED_DIAGNOSTIC,1,0.01,64,0,1,16,EXACT_MODEL_SELECTION_FROZEN_BEFORE_LOCKED_TEST,3,3,0.004269313748886149,-0.0008026613011254327,0.003025203592426321,0.00583034501766887,5060
304,X_VALID,8,B5_EXACT_SELECTED_DIAGNOSTIC,1,0.01,64,0,1,16,EXACT_MODEL_SELECTION_FROZEN_BEFORE_LOCKED_TEST,3,4,0.0004129610141210289,-0.0006386700465952378,-0.0014292212807691044,0.005849475582701655,5060
304,X_VALID,8,B5_EXACT_SELECTED_DIAGNOSTIC,1,0.01,64,0,1,16,EXACT_MODEL_SELECTION_FROZEN_BEFORE_LOCKED_TEST,3,5,-0.0011137357170883599,-0.0006393176987479094,0.0028338068424118776,0.005726369581432428,5060
304,X_VALID,8,B5_EXACT_SELECTED_DIAGNOSTIC,1,0.01,64,0,1,16,EXACT_MODEL_SELECTION_FROZEN_BEFORE_LOCKED_TEST,4,0,-0.0012982275027845639,-0.0009585123054691337,0.009067727108379936,0.007080577117693793,5060
304,X_VALID,8,B5_EXACT_SELECTED_DIAGNOSTIC,1,0.01,64,0,1,16,EXACT_MODEL_SELECTION_FROZEN_BEFORE_LOCKED_TEST,4,1,0.013409122421929662,-0.0009489988441785351,0.0035156583429850354,0.007040666544614028,5060
304,X_VALID,8,B5_EXACT_SELECTED_DIAGNOSTIC,1,0.01,64,0,1,16,EXACT_MODEL_SELECTION_FROZEN_BEFORE_LOCKED_TEST,4,2,0.012873878049134506,-0.0011266082635563654,0.0001085718807779727,0.007317896572523984,5060
304,X_VALID,8,B5_EXACT_SELECTED_DIAGNOSTIC,1,0.01,64,0,1,16,EXACT_MODEL_SELECTION_FROZEN_BEFORE_LOCKED_TEST,4,3,0.011682080847558734,-0.0011211869652089275,0.0082778345714858,0.0072735755164058365,5060
304,X_VALID,8,B5_EXACT_SELECTED_DIAGNOSTIC,1,0.01,64,0,1,16,EXACT_MODEL_SELECTION_FROZEN_BEFORE_LOCKED_TEST,4,4,0.001129981125212531,-0.0008629104861545787,-0.00391076400870096,0.007037451286183259,5060
304,X_VALID,8,B5_EXACT_SELECTED_DIAGNOSTIC,1,0.01,64,0,1,16,EXACT_MODEL_SELECTION_FROZEN_BEFORE_LOCKED_TEST,4,5,-0.0030475039912994163,-0.0008549759852802744,0.007754117543611691,0.006926322731512373,5060
304,X_VALID,8,B5_EXACT_SELECTED_DIAGNOSTIC,1,0.01,64,0,1,16,EXACT_MODEL_SELECTION_FROZEN_BEFORE_LOCKED_TEST,5,0,-0.0004744480541733736,-0.0007136083947242693,0.003313876399258456,0.00581257562030053,5060
304,X_VALID,8,B5_EXACT_SELECTED_DIAGNOSTIC,1,0.01,64,0,1,16,EXACT_MODEL_SELECTION_FROZEN_BEFORE_LOCKED_TEST,5,1,0.004900475477226748,-0.0007100544738814045,0.0012848266242934715,0.005744274877059405,5060
304,X_VALID,8,B5_EXACT_SELECTED_DIAGNOSTIC,1,0.01,64,0,1,16,EXACT_MODEL_SELECTION_FROZEN_BEFORE_LOCKED_TEST,5,2,0.004704865962996597,-0.0008052557118121325,3.9678498154264314e-05,0.005923078612214082,5060
304,X_VALID,8,B5_EXACT_SELECTED_DIAGNOSTIC,1,0.01,64,0,1,16,EXACT_MODEL_SELECTION_FROZEN_BEFORE_LOCKED_TEST,5,3,0.004269313748886149,-0.0008026613011254327,0.003025203592426321,0.00583034501766887,5060
304,X_VALID,8,B5_EXACT_SELECTED_DIAGNOSTIC,1,0.01,64,0,1,16,EXACT_MODEL_SELECTION_FROZEN_BEFORE_LOCKED_TEST,5,4,0.0004129610141210289,-0.0006386700465952378,-0.0014292212807691044,0.005849475582701655,5060
304,X_VALID,8,B5_EXACT_SELECTED_DIAGNOSTIC,1,0.01,64,0,1,16,EXACT_MODEL_SELECTION_FROZEN_BEFORE_LOCKED_TEST,5,5,-0.0011137357170883599,-0.0006393176987479094,0.0028338068424118776,0.005726369581432428,5060
304,X_VALID,8,B5_EXACT_SELECTED_DIAGNOSTIC,1,0.01,64,0,1,16,EXACT_MODEL_SELECTION_FROZEN_BEFORE_LOCKED_TEST,6,0,-0.00043745268932655836,-0.0006044467171071218,0.0030554749465189807,0.005580860567093681,5060
304,X_VALID,8,B5_EXACT_SELECTED_DIAGNOSTIC,1,0.01,64,0,1,16,EXACT_MODEL_SELECTION_FROZEN_BEFORE_LOCKED_TEST,6,1,0.004518358032317542,-0.0005644738406089383,0.0011846415159079934,0.005429516442281029,5060
304,X_VALID,8,B5_EXACT_SELECTED_DIAGNOSTIC,1,0.01,64,0,1,16,EXACT_MODEL_SELECTION_FROZEN_BEFORE_LOCKED_TEST,6,2,0.004338001284502592,-0.0006923247711740638,3.6584544026139466e-05,0.005591742305057486,5060
304,X_VALID,8,B5_EXACT_SELECTED_DIAGNOSTIC,1,0.01,64,0,1,16,EXACT_MODEL_SELECTION_FROZEN_BEFORE_LOCKED_TEST,6,3,0.003936411509333805,-0.000650235936914235,0.0027893115708377773,0.005403475535053304,5060
304,X_VALID,8,B5_EXACT_SELECTED_DIAGNOSTIC,1,0.01,64,0,1,16,EXACT_MODEL_SELECTION_FROZEN_BEFORE_LOCKED_TEST,6,4,0.00038076013722727317,-0.0005670542158611522,-0.0013177769144917292,0.005615484002160582,5060
304,X_VALID,8,B5_EXACT_SELECTED_DIAGNOSTIC,1,0.01,64,0,1,16,EXACT_MODEL_SELECTION_FROZEN_BEFORE_LOCKED_TEST,6,5,-0.0010268915223779374,-0.0005308875248810092,0.0026128390944819453,0.005418502016697112,5060
304,X_VALID,8,B5_EXACT_SELECTED_DIAGNOSTIC,1,0.01,64,0,1,16,EXACT_MODEL_SELECTION_FROZEN_BEFORE_LOCKED_TEST,7,0,-0.00043745268932655836,-0.0006044467171071218,0.0030554749465189807,0.005580860567093681,5060
304,X_VALID,8,B5_EXACT_SELECTED_DIAGNOSTIC,1,0.01,64,0,1,16,EXACT_MODEL_SELECTION_FROZEN_BEFORE_LOCKED_TEST,7,1,0.004518358032317542,-0.0005644738406089383,0.0011846415159079934,0.005429516442281029,5060
304,X_VALID,8,B5_EXACT_SELECTED_DIAGNOSTIC,1,0.01,64,0,1,16,EXACT_MODEL_SELECTION_FROZEN_BEFORE_LOCKED_TEST,7,2,0.004338001284502592,-0.0006923247711740638,3.6584544026139466e-05,0.005591742305057486,5060
304,X_VALID,8,B5_EXACT_SELECTED_DIAGNOSTIC,1,0.01,64,0,1,16,EXACT_MODEL_SELECTION_FROZEN_BEFORE_LOCKED_TEST,7,3,0.003936411509333805,-0.000650235936914235,0.0027893115708377773,0.005403475535053304,5060
304,X_VALID,8,B5_EXACT_SELECTED_DIAGNOSTIC,1,0.01,64,0,1,16,EXACT_MODEL_SELECTION_FROZEN_BEFORE_LOCKED_TEST,7,4,0.00038076013722727317,-0.0005670542158611522,-0.0013177769144917292,0.005615484002160582,5060
304,X_VALID,8,B5_EXACT_SELECTED_DIAGNOSTIC,1,0.01,64,0,1,16,EXACT_MODEL_SELECTION_FROZEN_BEFORE_LOCKED_TEST,7,5,-0.0010268915223779374,-0.0005308875248810092,0.0026128390944819453,0.005418502016697112,5060
304,X_VALID,8,B5_EXACT_SELECTED_DIAGNOSTIC,1,0.01,64,0,1,16,EXACT_MODEL_SELECTION_FROZEN_BEFORE_LOCKED_TEST,8,0,-0.00043745268932655836,-0.0006044467171071218,0.0030554749465189807,0.005580860567093681,5060
304,X_VALID,8,B5_EXACT_SELECTED_DIAGNOSTIC,1,0.01,64,0,1,16,EXACT_MODEL_SELECTION_FROZEN_BEFORE_LOCKED_TEST,8,1,0.004518358032317542,-0.0005644738406089383,0.0011846415159079934,0.005429516442281029,5060
304,X_VALID,8,B5_EXACT_SELECTED_DIAGNOSTIC,1,0.01,64,0,1,16,EXACT_MODEL_SELECTION_FROZEN_BEFORE_LOCKED_TEST,8,2,0.004338001284502592,-0.0006923247711740638,3.6584544026139466e-05,0.005591742305057486,5060
304,X_VALID,8,B5_EXACT_SELECTED_DIAGNOSTIC,1,0.01,64,0,1,16,EXACT_MODEL_SELECTION_FROZEN_BEFORE_LOCKED_TEST,8,3,0.003936411509333805,-0.000650235936914235,0.0027893115708377773,0.005403475535053304,5060
304,X_VALID,8,B5_EXACT_SELECTED_DIAGNOSTIC,1,0.01,64,0,1,16,EXACT_MODEL_SELECTION_FROZEN_BEFORE_LOCKED_TEST,8,4,0.00038076013722727317,-0.0005670542158611522,-0.0013177769144917292,0.005615484002160582,5060
304,X_VALID,8,B5_EXACT_SELECTED_DIAGNOSTIC,1,0.01,64,0,1,16,EXACT_MODEL_SELECTION_FROZEN_BEFORE_LOCKED_TEST,8,5,-0.0010268915223779374,-0.0005308875248810092,0.0026128390944819453,0.005418502016697112,5060
304,X_VALID,8,B5_EXACT_SELECTED_DIAGNOSTIC,1,0.01,64,0,1,16,EXACT_MODEL_SELECTION_FROZEN_BEFORE_LOCKED_TEST,9,0,-0.00037838897482895005,-0.0007898463818453242,0.0026429327349860796,0.006057719910775721,5060
304,X_VALID,8,B5_EXACT_SELECTED_DIAGNOSTIC,1,0.01,64,0,1,16,EXACT_MODEL_SELECTION_FROZEN_BEFORE_LOCKED_TEST,9,1,0.003908301184273886,-0.0007773268084872586,0.0010246943262237345,0.005988226839101918,5060
304,X_VALID,8,B5_EXACT_SELECTED_DIAGNOSTIC,1,0.01,64,0,1,16,EXACT_MODEL_SELECTION_FROZEN_BEFORE_LOCKED_TEST,9,2,0.0037522957314002434,-0.0008884990017465436,3.164499486777977e-05,0.006173597210849224,5060
304,X_VALID,8,B5_EXACT_SELECTED_DIAGNOSTIC,1,0.01,64,0,1,16,EXACT_MODEL_SELECTION_FROZEN_BEFORE_LOCKED_TEST,9,3,0.003404927554142407,-0.0008738451331619894,0.0024127060400352105,0.0060725171455095995,5060
304,X_VALID,8,B5_EXACT_SELECTED_DIAGNOSTIC,1,0.01,64,0,1,16,EXACT_MODEL_SELECTION_FROZEN_BEFORE_LOCKED_TEST,9,4,0.0003293509023866257,-0.0007070251904854243,-0.0011398541325586705,0.006077354059892945,5060
304,X_VALID,8,B5_EXACT_SELECTED_DIAGNOSTIC,1,0.01,64,0,1,16,EXACT_MODEL_SELECTION_FROZEN_BEFORE_LOCKED_TEST,9,5,-0.0008882433229780966,-0.0006966843247608866,0.00226006041447829,0.005942240103237707,5060
304,X_VALID,8,B5_EXACT_SELECTED_DIAGNOSTIC,1,0.01,64,0,1,16,EXACT_MODEL_SELECTION_FROZEN_BEFORE_LOCKED_TEST,10,0,-0.0008131193983505506,-0.0009325519695832438,0.005679393476843026,0.006772873314044136,5060
304,X_VALID,8,B5_EXACT_SELECTED_DIAGNOSTIC,1,0.01,64,0,1,16,EXACT_MODEL_SELECTION_FROZEN_BEFORE_LOCKED_TEST,10,1,0.008398541498113416,-0.0009083949713838806,0.0022019638241545284,0.006683582792178,5060
304,X_VALID,8,B5_EXACT_SELECTED_DIAGNOSTIC,1,0.01,64,0,1,16,EXACT_MODEL_SELECTION_FROZEN_BEFORE_LOCKED_TEST,10,2,0.00806330165652616,-0.0010721400505671694,6.80018734671831e-05,0.0070044558514492745,5060
304,X_VALID,8,B5_EXACT_SELECTED_DIAGNOSTIC,1,0.01,64,0,1,16,EXACT_MODEL_SELECTION_FROZEN_BEFORE_LOCKED_TEST,10,3,0.007316842795176668,-0.0010452838569405092,0.005184659739510137,0.006883108886566288,5060
304,X_VALID,8,B5_EXACT_SELECTED_DIAGNOSTIC,1,0.01,64,0,1,16,EXACT_MODEL_SELECTION_FROZEN_BEFORE_LOCKED_TEST,10,4,0.0007077415712650817,-0.0008401882694748694,-0.002449430528181933,0.006791817391489235,5060
304,X_VALID,8,B5_EXACT_SELECTED_DIAGNOSTIC,1,0.01,64,0,1,16,EXACT_MODEL_SELECTION_FROZEN_BEFORE_LOCKED_TEST,10,5,-0.0019087445047661217,-0.0008182444957487144,0.0048566398248976825,0.006636213314965773,5060
304,X_VALID,8,B5_EXACT_SELECTED_DIAGNOSTIC,1,0.01,64,0,1,16,EXACT_MODEL_SELECTION_FROZEN_BEFORE_LOCKED_TEST,11,0,-0.00037838897482895005,-0.0007898463818453242,0.0026429327349860796,0.006057719910775721,5060
304,X_VALID,8,B5_EXACT_SELECTED_DIAGNOSTIC,1,0.01,64,0,1,16,EXACT_MODEL_SELECTION_FROZEN_BEFORE_LOCKED_TEST,11,1,0.003908301184273886,-0.0007773268084872586,0.0010246943262237345,0.005988226839101918,5060
304,X_VALID,8,B5_EXACT_SELECTED_DIAGNOSTIC,1,0.01,64,0,1,16,EXACT_MODEL_SELECTION_FROZEN_BEFORE_LOCKED_TEST,11,2,0.0037522957314002434,-0.0008884990017465436,3.164499486777977e-05,0.006173597210849224,5060
304,X_VALID,8,B5_EXACT_SELECTED_DIAGNOSTIC,1,0.01,64,0,1,16,EXACT_MODEL_SELECTION_FROZEN_BEFORE_LOCKED_TEST,11,3,0.003404927554142407,-0.0008738451331619894,0.0024127060400352105,0.0060725171455095995,5060
304,X_VALID,8,B5_EXACT_SELECTED_DIAGNOSTIC,1,0.01,64,0,1,16,EXACT_MODEL_SELECTION_FROZEN_BEFORE_LOCKED_TEST,11,4,0.0003293509023866257,-0.0007070251904854243,-0.0011398541325586705,0.006077354059892945,5060
304,X_VALID,8,B5_EXACT_SELECTED_DIAGNOSTIC,1,0.01,64,0,1,16,EXACT_MODEL_SELECTION_FROZEN_BEFORE_LOCKED_TEST,11,5,-0.0008882433229780966,-0.0006966843247608866,0.00226006041447829,0.005942240103237707,5060
304,X_VALID,24,B5_EXACT_SELECTED_DIAGNOSTIC,1,0.01,64,0,1,10,EXACT_MODEL_SELECTION_FROZEN_BEFORE_LOCKED_TEST,0,0,-0.009442159612882297,0.0009788966560170611,-0.002447230014667301,-0.00020217729345834053,5297
304,X_VALID,24,B5_EXACT_SELECTED_DIAGNOSTIC,1,0.01,64,0,1,10,EXACT_MODEL_SELECTION_FROZEN_BEFORE_LOCKED_TEST,0,1,-0.0023632695433872188,0.0012873603132190648,0.0024693113457874304,-0.0004442581360709916,5297
304,X_VALID,24,B5_EXACT_SELECTED_DIAGNOSTIC,1,0.01,64,0,1,10,EXACT_MODEL_SELECTION_FROZEN_BEFORE_LOCKED_TEST,0,2,0.004461987517262958,0.0012184322480962462,0.0005843382569746001,-0.0005089610352273645,5297
304,X_VALID,24,B5_EXACT_SELECTED_DIAGNOSTIC,1,0.01,64,0,1,10,EXACT_MODEL_SELECTION_FROZEN_BEFORE_LOCKED_TEST,0,3,-0.0021272772971202615,0.0015449185551865807,-0.0015146295631331419,-0.0008433446844681508,5297
304,X_VALID,24,B5_EXACT_SELECTED_DIAGNOSTIC,1,0.01,64,0,1,10,EXACT_MODEL_SELECTION_FROZEN_BEFORE_LOCKED_TEST,0,4,0.0025050209653873063,0.0007183458892825225,0.0007845854006100434,-3.106688376743643e-05,5297
304,X_VALID,24,B5_EXACT_SELECTED_DIAGNOSTIC,1,0.01,64,0,1,10,EXACT_MODEL_SELECTION_FROZEN_BEFORE_LOCKED_TEST,0,5,0.006657324017659771,0.001023220605955448,0.0026031841132507553,-0.00021698368189841956,5297
304,X_VALID,24,B5_EXACT_SELECTED_DIAGNOSTIC,1,0.01,64,0,1,10,EXACT_MODEL_SELECTION_FROZEN_BEFORE_LOCKED_TEST,1,0,-0.009442159612882297,0.0009788966560170611,-0.002447230014667301,-0.00020217729345834053,5297
304,X_VALID,24,B5_EXACT_SELECTED_DIAGNOSTIC,1,0.01,64,0,1,10,EXACT_MODEL_SELECTION_FROZEN_BEFORE_LOCKED_TEST,1,1,-0.0023632695433872188,0.0012873603132190648,0.0024693113457874304,-0.0004442581360709916,5297
304,X_VALID,24,B5_EXACT_SELECTED_DIAGNOSTIC,1,0.01,64,0,1,10,EXACT_MODEL_SELECTION_FROZEN_BEFORE_LOCKED_TEST,1,2,0.004461987517262958,0.0012184322480962462,0.0005843382569746001,-0.0005089610352273645,5297
304,X_VALID,24,B5_EXACT_SELECTED_DIAGNOSTIC,1,0.01,64,0,1,10,EXACT_MODEL_SELECTION_FROZEN_BEFORE_LOCKED_TEST,1,3,-0.0021272772971202615,0.0015449185551865807,-0.0015146295631331419,-0.0008433446844681508,5297
304,X_VALID,24,B5_EXACT_SELECTED_DIAGNOSTIC,1,0.01,64,0,1,10,EXACT_MODEL_SELECTION_FROZEN_BEFORE_LOCKED_TEST,1,4,0.0025050209653873063,0.0007183458892825225,0.0007845854006100434,-3.106688376743643e-05,5297
304,X_VALID,24,B5_EXACT_SELECTED_DIAGNOSTIC,1,0.01,64,0,1,10,EXACT_MODEL_SELECTION_FROZEN_BEFORE_LOCKED_TEST,1,5,0.006657324017659771,0.001023220605955448,0.0026031841132507553,-0.00021698368189841956,5297
304,X_VALID,24,B5_EXACT_SELECTED_DIAGNOSTIC,1,0.01,64,0,1,10,EXACT_MODEL_SELECTION_FROZEN_BEFORE_LOCKED_TEST,2,0,-0.009442159612882297,0.0009788966560170611,-0.002447230014667301,-0.00020217729345834053,5297
304,X_VALID,24,B5_EXACT_SELECTED_DIAGNOSTIC,1,0.01,64,0,1,10,EXACT_MODEL_SELECTION_FROZEN_BEFORE_LOCKED_TEST,2,1,-0.0023632695433872188,0.0012873603132190648,0.0024693113457874304,-0.0004442581360709916,5297
304,X_VALID,24,B5_EXACT_SELECTED_DIAGNOSTIC,1,0.01,64,0,1,10,EXACT_MODEL_SELECTION_FROZEN_BEFORE_LOCKED_TEST,2,2,0.004461987517262958,0.0012184322480962462,0.0005843382569746001,-0.0005089610352273645,5297
304,X_VALID,24,B5_EXACT_SELECTED_DIAGNOSTIC,1,0.01,64,0,1,10,EXACT_MODEL_SELECTION_FROZEN_BEFORE_LOCKED_TEST,2,3,-0.0021272772971202615,0.0015449185551865807,-0.0015146295631331419,-0.0008433446844681508,5297
304,X_VALID,24,B5_EXACT_SELECTED_DIAGNOSTIC,1,0.01,64,0,1,10,EXACT_MODEL_SELECTION_FROZEN_BEFORE_LOCKED_TEST,2,4,0.0025050209653873063,0.0007183458892825225,0.0007845854006100434,-3.106688376743643e-05,5297
304,X_VALID,24,B5_EXACT_SELECTED_DIAGNOSTIC,1,0.01,64,0,1,10,EXACT_MODEL_SELECTION_FROZEN_BEFORE_LOCKED_TEST,2,5,0.006657324017659771,0.001023220605955448,0.0026031841132507553,-0.00021698368189841956,5297
304,X_VALID,24,B5_EXACT_SELECTED_DIAGNOSTIC,1,0.01,64,0,1,10,EXACT_MODEL_SELECTION_FROZEN_BEFORE_LOCKED_TEST,3,0,-2.4845158290908308e-05,0.0007401895006284078,-6.439397296961251e-06,-5.4473810762850714e-05,5297
304,X_VALID,24,B5_EXACT_SELECTED_DIAGNOSTIC,1,0.01,64,0,1,10,EXACT_MODEL_SELECTION_FROZEN_BEFORE_LOCKED_TEST,3,1,-6.2184720759676524e-06,0.0009127432151480857,6.497499912194009e-06,-0.0001934635988504288,5297
304,X_VALID,24,B5_EXACT_SELECTED_DIAGNOSTIC,1,0.01,64,0,1,10,EXACT_MODEL_SELECTION_FROZEN_BEFORE_LOCKED_TEST,3,2,1.1740829503369794e-05,0.0009538105224658084,1.5375694846505213e-06,-0.0002776697570048994,5297
304,X_VALID,24,B5_EXACT_SELECTED_DIAGNOSTIC,1,0.01,64,0,1,10,EXACT_MODEL_SELECTION_FROZEN_BEFORE_LOCKED_TEST,3,3,-5.597505585851329e-06,0.001139582695600919,-3.985445363239838e-06,-0.00047645520072420064,5297
304,X_VALID,24,B5_EXACT_SELECTED_DIAGNOSTIC,1,0.01,64,0,1,10,EXACT_MODEL_SELECTION_FROZEN_BEFORE_LOCKED_TEST,3,4,6.591462648246107e-06,0.0005620812642204587,2.064479872199682e-06,8.309930240060033e-05,5297
304,X_VALID,24,B5_EXACT_SELECTED_DIAGNOSTIC,1,0.01,64,0,1,10,EXACT_MODEL_SELECTION_FROZEN_BEFORE_LOCKED_TEST,3,5,1.7517419297483397e-05,0.0007378436823390153,6.8497593777012784e-06,-2.8364817671487862e-05,5297
304,X_VALID,24,B5_EXACT_SELECTED_DIAGNOSTIC,1,0.01,64,0,1,10,EXACT_MODEL_SELECTION_FROZEN_BEFORE_LOCKED_TEST,4,0,-2.4845158290908308e-05,0.0007401895006284078,-6.439397296961251e-06,-5.4473810762850714e-05,5297
304,X_VALID,24,B5_EXACT_SELECTED_DIAGNOSTIC,1,0.01,64,0,1,10,EXACT_MODEL_SELECTION_FROZEN_BEFORE_LOCKED_TEST,4,1,-6.2184720759676524e-06,0.0009127432151480857,6.497499912194009e-06,-0.0001934635988504288,5297
304,X_VALID,24,B5_EXACT_SELECTED_DIAGNOSTIC,1,0.01,64,0,1,10,EXACT_MODEL_SELECTION_FROZEN_BEFORE_LOCKED_TEST,4,2,1.1740829503369794e-05,0.0009538105224658084,1.5375694846505213e-06,-0.0002776697570048994,5297
304,X_VALID,24,B5_EXACT_SELECTED_DIAGNOSTIC,1,0.01,64,0,1,10,EXACT_MODEL_SELECTION_FROZEN_BEFORE_LOCKED_TEST,4,3,-5.597505585851329e-06,0.001139582695600919,-3.985445363239838e-06,-0.00047645520072420064,5297
304,X_VALID,24,B5_EXACT_SELECTED_DIAGNOSTIC,1,0.01,64,0,1,10,EXACT_MODEL_SELECTION_FROZEN_BEFORE_LOCKED_TEST,4,4,6.591462648246107e-06,0.0005620812642204587,2.064479872199682e-06,8.309930240060033e-05,5297
304,X_VALID,24,B5_EXACT_SELECTED_DIAGNOSTIC,1,0.01,64,0,1,10,EXACT_MODEL_SELECTION_FROZEN_BEFORE_LOCKED_TEST,4,5,1.7517419297483397e-05,0.0007378436823390153,6.8497593777012784e-06,-2.8364817671487862e-05,5297
304,X_VALID,24,B5_EXACT_SELECTED_DIAGNOSTIC,1,0.01,64,0,1,10,EXACT_MODEL_SELECTION_FROZEN_BEFORE_LOCKED_TEST,5,0,-2.4845158290908308e-05,0.0007401895006284078,-6.439397296961251e-06,-5.4473810762850714e-05,5297
304,X_VALID,24,B5_EXACT_SELECTED_DIAGNOSTIC,1,0.01,64,0,1,10,EXACT_MODEL_SELECTION_FROZEN_BEFORE_LOCKED_TEST,5,1,-6.2184720759676524e-06,0.0009127432151480857,6.497499912194009e-06,-0.0001934635988504288,5297
304,X_VALID,24,B5_EXACT_SELECTED_DIAGNOSTIC,1,0.01,64,0,1,10,EXACT_MODEL_SELECTION_FROZEN_BEFORE_LOCKED_TEST,5,2,1.1740829503369794e-05,0.0009538105224658084,1.5375694846505213e-06,-0.0002776697570048994,5297
304,X_VALID,24,B5_EXACT_SELECTED_DIAGNOSTIC,1,0.01,64,0,1,10,EXACT_MODEL_SELECTION_FROZEN_BEFORE_LOCKED_TEST,5,3,-5.597505585851329e-06,0.001139582695600919,-3.985445363239838e-06,-0.00047645520072420064,5297
304,X_VALID,24,B5_EXACT_SELECTED_DIAGNOSTIC,1,0.01,64,0,1,10,EXACT_MODEL_SELECTION_FROZEN_BEFORE_LOCKED_TEST,5,4,6.591462648246107e-06,0.0005620812642204587,2.064479872199682e-06,8.309930240060033e-05,5297
304,X_VALID,24,B5_EXACT_SELECTED_DIAGNOSTIC,1,0.01,64,0,1,10,EXACT_MODEL_SELECTION_FROZEN_BEFORE_LOCKED_TEST,5,5,1.7517419297483397e-05,0.0007378436823390153,6.8497593777012784e-06,-2.8364817671487862e-05,5297
304,X_VALID,24,B5_EXACT_SELECTED_DIAGNOSTIC,1,0.01,64,0,1,10,EXACT_MODEL_SELECTION_FROZEN_BEFORE_LOCKED_TEST,6,0,-0.014498509853929788,0.0006487192014757922,-0.0037577408068889535,-1.5846309522184562e-05,5297
304,X_VALID,24,B5_EXACT_SELECTED_DIAGNOSTIC,1,0.01,64,0,1,10,EXACT_MODEL_SELECTION_FROZEN_BEFORE_LOCKED_TEST,6,1,-0.003628818847284074,0.0009993367478406204,0.003791646863337765,-0.00026249033265797315,5297
304,X_VALID,24,B5_EXACT_SELECTED_DIAGNOSTIC,1,0.01,64,0,1,10,EXACT_MODEL_SELECTION_FROZEN_BEFORE_LOCKED_TEST,6,2,0.006851416692732745,0.0009308411008763848,0.0008972559588185399,-0.0002718389568453831,5297
304,X_VALID,24,B5_EXACT_SELECTED_DIAGNOSTIC,1,0.01,64,0,1,10,EXACT_MODEL_SELECTION_FROZEN_BEFORE_LOCKED_TEST,6,3,-0.003266450909414819,0.0013014971866730965,-0.0023257255274713355,-0.0006185975044388838,5297
304,X_VALID,24,B5_EXACT_SELECTED_DIAGNOSTIC,1,0.01,64,0,1,10,EXACT_MODEL_SELECTION_FROZEN_BEFORE_LOCKED_TEST,6,4,0.003846479263220365,0.000612016308518769,0.001204737012332898,4.57261784677079e-05,5297
304,X_VALID,24,B5_EXACT_SELECTED_DIAGNOSTIC,1,0.01,64,0,1,10,EXACT_MODEL_SELECTION_FROZEN_BEFORE_LOCKED_TEST,6,5,0.010222373040501881,0.0009578316282890225,0.0039972095436796385,-0.00015851421197118012,5297
304,X_VALID,24,B5_EXACT_SELECTED_DIAGNOSTIC,1,0.01,64,0,1,10,EXACT_MODEL_SELECTION_FROZEN_BEFORE_LOCKED_TEST,7,0,-0.014498509853929788,0.0006487192014757922,-0.0037577408068889535,-1.5846309522184562e-05,5297
304,X_VALID,24,B5_EXACT_SELECTED_DIAGNOSTIC,1,0.01,64,0,1,10,EXACT_MODEL_SELECTION_FROZEN_BEFORE_LOCKED_TEST,7,1,-0.003628818847284074,0.0009993367478406204,0.003791646863337765,-0.00026249033265797315,5297
304,X_VALID,24,B5_EXACT_SELECTED_DIAGNOSTIC,1,0.01,64,0,1,10,EXACT_MODEL_SELECTION_FROZEN_BEFORE_LOCKED_TEST,7,2,0.006851416692732745,0.0009308411008763848,0.0008972559588185399,-0.0002718389568453831,5297
304,X_VALID,24,B5_EXACT_SELECTED_DIAGNOSTIC,1,0.01,64,0,1,10,EXACT_MODEL_SELECTION_FROZEN_BEFORE_LOCKED_TEST,7,3,-0.003266450909414819,0.0013014971866730965,-0.0023257255274713355,-0.0006185975044388838,5297
304,X_VALID,24,B5_EXACT_SELECTED_DIAGNOSTIC,1,0.01,64,0,1,10,EXACT_MODEL_SELECTION_FROZEN_BEFORE_LOCKED_TEST,7,4,0.003846479263220365,0.000612016308518769,0.001204737012332898,4.57261784677079e-05,5297
304,X_VALID,24,B5_EXACT_SELECTED_DIAGNOSTIC,1,0.01,64,0,1,10,EXACT_MODEL_SELECTION_FROZEN_BEFORE_LOCKED_TEST,7,5,0.010222373040501881,0.0009578316282890225,0.0039972095436796385,-0.00015851421197118012,5297
304,X_VALID,24,B5_EXACT_SELECTED_DIAGNOSTIC,1,0.01,64,0,1,10,EXACT_MODEL_SELECTION_FROZEN_BEFORE_LOCKED_TEST,8,0,-0.014498509853929788,0.0006487192014757922,-0.0037577408068889535,-1.5846309522184562e-05,5297
304,X_VALID,24,B5_EXACT_SELECTED_DIAGNOSTIC,1,0.01,64,0,1,10,EXACT_MODEL_SELECTION_FROZEN_BEFORE_LOCKED_TEST,8,1,-0.003628818847284074,0.0009993367478406204,0.003791646863337765,-0.00026249033265797315,5297
304,X_VALID,24,B5_EXACT_SELECTED_DIAGNOSTIC,1,0.01,64,0,1,10,EXACT_MODEL_SELECTION_FROZEN_BEFORE_LOCKED_TEST,8,2,0.006851416692732745,0.0009308411008763848,0.0008972559588185399,-0.0002718389568453831,5297
304,X_VALID,24,B5_EXACT_SELECTED_DIAGNOSTIC,1,0.01,64,0,1,10,EXACT_MODEL_SELECTION_FROZEN_BEFORE_LOCKED_TEST,8,3,-0.003266450909414819,0.0013014971866730965,-0.0023257255274713355,-0.0006185975044388838,5297
304,X_VALID,24,B5_EXACT_SELECTED_DIAGNOSTIC,1,0.01,64,0,1,10,EXACT_MODEL_SELECTION_FROZEN_BEFORE_LOCKED_TEST,8,4,0.003846479263220365,0.000612016308518769,0.001204737012332898,4.57261784677079e-05,5297
304,X_VALID,24,B5_EXACT_SELECTED_DIAGNOSTIC,1,0.01,64,0,1,10,EXACT_MODEL_SELECTION_FROZEN_BEFORE_LOCKED_TEST,8,5,0.010222373040501881,0.0009578316282890225,0.0039972095436796385,-0.00015851421197118012,5297
304,X_VALID,24,B5_EXACT_SELECTED_DIAGNOSTIC,1,0.01,64,0,1,10,EXACT_MODEL_SELECTION_FROZEN_BEFORE_LOCKED_TEST,9,0,-0.012702442275357164,0.0005961293761698322,-0.003292233903080956,4.598980568640103e-05,5297
304,X_VALID,24,B5_EXACT_SELECTED_DIAGNOSTIC,1,0.01,64,0,1,10,EXACT_MODEL_SELECTION_FROZEN_BEFORE_LOCKED_TEST,9,1,-0.003179282726276874,0.000784461043099224,0.003321939695549642,-9.285954266258381e-05,5297
304,X_VALID,24,B5_EXACT_SELECTED_DIAGNOSTIC,1,0.01,64,0,1,10,EXACT_MODEL_SELECTION_FROZEN_BEFORE_LOCKED_TEST,9,2,0.006002666889264276,0.0008708158775539773,0.0007861043747212077,-0.00020851584606293222,5297
304,X_VALID,24,B5_EXACT_SELECTED_DIAGNOSTIC,1,0.01,64,0,1,10,EXACT_MODEL_SELECTION_FROZEN_BEFORE_LOCKED_TEST,9,3,-0.002861804733048709,0.0010729110103296555,-0.002037615903886966,-0.00041584999720642777,5297
304,X_VALID,24,B5_EXACT_SELECTED_DIAGNOSTIC,1,0.01,64,0,1,10,EXACT_MODEL_SELECTION_FROZEN_BEFORE_LOCKED_TEST,9,4,0.0033699794873175686,0.0005275342663538929,0.0010554948412161824,0.00011975898638624718,5297
304,X_VALID,24,B5_EXACT_SELECTED_DIAGNOSTIC,1,0.01,64,0,1,10,EXACT_MODEL_SELECTION_FROZEN_BEFORE_LOCKED_TEST,9,5,0.008956030983345995,0.0007182645378599554,0.0035020373819544693,1.0311278558543825e-06,5297
304,X_VALID,24,B5_EXACT_SELECTED_DIAGNOSTIC,1,0.01,64,0,1,10,EXACT_MODEL_SELECTION_FROZEN_BEFORE_LOCKED_TEST,10,0,-0.012702442275357164,0.0005961293761698322,-0.003292233903080956,4.598980568640103e-05,5297
304,X_VALID,24,B5_EXACT_SELECTED_DIAGNOSTIC,1,0.01,64,0,1,10,EXACT_MODEL_SELECTION_FROZEN_BEFORE_LOCKED_TEST,10,1,-0.003179282726276874,0.000784461043099224,0.003321939695549642,-9.285954266258381e-05,5297
304,X_VALID,24,B5_EXACT_SELECTED_DIAGNOSTIC,1,0.01,64,0,1,10,EXACT_MODEL_SELECTION_FROZEN_BEFORE_LOCKED_TEST,10,2,0.006002666889264276,0.0008708158775539773,0.0007861043747212077,-0.00020851584606293222,5297
304,X_VALID,24,B5_EXACT_SELECTED_DIAGNOSTIC,1,0.01,64,0,1,10,EXACT_MODEL_SELECTION_FROZEN_BEFORE_LOCKED_TEST,10,3,-0.002861804733048709,0.0010729110103296555,-0.002037615903886966,-0.00041584999720642777,5297
304,X_VALID,24,B5_EXACT_SELECTED_DIAGNOSTIC,1,0.01,64,0,1,10,EXACT_MODEL_SELECTION_FROZEN_BEFORE_LOCKED_TEST,10,4,0.0033699794873175686,0.0005275342663538929,0.0010554948412161824,0.00011975898638624718,5297
304,X_VALID,24,B5_EXACT_SELECTED_DIAGNOSTIC,1,0.01,64,0,1,10,EXACT_MODEL_SELECTION_FROZEN_BEFORE_LOCKED_TEST,10,5,0.008956030983345995,0.0007182645378599554,0.0035020373819544693,1.0311278558543825e-06,5297
304,X_VALID,24,B5_EXACT_SELECTED_DIAGNOSTIC,1,0.01,64,0,1,10,EXACT_MODEL_SELECTION_FROZEN_BEFORE_LOCKED_TEST,11,0,-0.012702442275357164,0.0005961293761698322,-0.003292233903080956,4.598980568640103e-05,5297
304,X_VALID,24,B5_EXACT_SELECTED_DIAGNOSTIC,1,0.01,64,0,1,10,EXACT_MODEL_SELECTION_FROZEN_BEFORE_LOCKED_TEST,11,1,-0.003179282726276874,0.000784461043099224,0.003321939695549642,-9.285954266258381e-05,5297
304,X_VALID,24,B5_EXACT_SELECTED_DIAGNOSTIC,1,0.01,64,0,1,10,EXACT_MODEL_SELECTION_FROZEN_BEFORE_LOCKED_TEST,11,2,0.006002666889264276,0.0008708158775539773,0.0007861043747212077,-0.00020851584606293222,5297
304,X_VALID,24,B5_EXACT_SELECTED_DIAGNOSTIC,1,0.01,64,0,1,10,EXACT_MODEL_SELECTION_FROZEN_BEFORE_LOCKED_TEST,11,3,-0.002861804733048709,0.0010729110103296555,-0.002037615903886966,-0.00041584999720642777,5297
304,X_VALID,24,B5_EXACT_SELECTED_DIAGNOSTIC,1,0.01,64,0,1,10,EXACT_MODEL_SELECTION_FROZEN_BEFORE_LOCKED_TEST,11,4,0.0033699794873175686,0.0005275342663538929,0.0010554948412161824,0.00011975898638624718,5297
304,X_VALID,24,B5_EXACT_SELECTED_DIAGNOSTIC,1,0.01,64,0,1,10,EXACT_MODEL_SELECTION_FROZEN_BEFORE_LOCKED_TEST,11,5,0.008956030983345995,0.0007182645378599554,0.0035020373819544693,1.0311278558543825e-06,5297
304,X_VALID,40,B5_EXACT_SELECTED_DIAGNOSTIC,1,0.01,64,0,1,11,EXACT_MODEL_SELECTION_FROZEN_BEFORE_LOCKED_TEST,0,0,-0.008071911375562985,0.0010765918439193465,-0.0016457719506540378,-0.00032050612101250245,5534
304,X_VALID,40,B5_EXACT_SELECTED_DIAGNOSTIC,1,0.01,64,0,1,11,EXACT_MODEL_SELECTION_FROZEN_BEFORE_LOCKED_TEST,0,1,-0.0024191528698839396,0.0011569042336650962,-0.0005643409218808759,-0.0005128306420106798,5534
304,X_VALID,40,B5_EXACT_SELECTED_DIAGNOSTIC,1,0.01,64,0,1,11,EXACT_MODEL_SELECTION_FROZEN_BEFORE_LOCKED_TEST,0,2,0.003628475722531071,0.0009104710055453224,-0.001704194310283791,-0.00022478691323140417,5534
304,X_VALID,40,B5_EXACT_SELECTED_DIAGNOSTIC,1,0.01,64,0,1,11,EXACT_MODEL_SELECTION_FROZEN_BEFORE_LOCKED_TEST,0,3,0.007571474839110762,0.0010261464785310144,-0.004356273063982725,-0.00040820696502078674,5534
304,X_VALID,40,B5_EXACT_SELECTED_DIAGNOSTIC,1,0.01,64,0,1,11,EXACT_MODEL_SELECTION_FROZEN_BEFORE_LOCKED_TEST,0,4,-0.00893842026779027,0.0010647706118384465,-0.00013839337148057007,-0.00016694731777908763,5534
304,X_VALID,40,B5_EXACT_SELECTED_DIAGNOSTIC,1,0.01,64,0,1,11,EXACT_MODEL_SELECTION_FROZEN_BEFORE_LOCKED_TEST,0,5,-0.006139142925062072,0.0011820665900267625,0.00447090557662153,-0.00029717895780290415,5534
304,X_VALID,40,B5_EXACT_SELECTED_DIAGNOSTIC,1,0.01,64,0,1,11,EXACT_MODEL_SELECTION_FROZEN_BEFORE_LOCKED_TEST,1,0,-0.0064950654170484986,0.0006910498068808819,-0.0013242707933343665,-1.7578901474909342e-05,5534
304,X_VALID,40,B5_EXACT_SELECTED_DIAGNOSTIC,1,0.01,64,0,1,11,EXACT_MODEL_SELECTION_FROZEN_BEFORE_LOCKED_TEST,1,1,-0.001946571934784272,0.000893813837639953,-0.00045409705763501356,-0.00022473661177710118,5534
304,X_VALID,40,B5_EXACT_SELECTED_DIAGNOSTIC,1,0.01,64,0,1,11,EXACT_MODEL_SELECTION_FROZEN_BEFORE_LOCKED_TEST,1,2,0.0029196538571222737,0.0005157754834393095,-0.0013712803589698804,9.394945485666623e-05,5534
304,X_VALID,40,B5_EXACT_SELECTED_DIAGNOSTIC,1,0.01,64,0,1,11,EXACT_MODEL_SELECTION_FROZEN_BEFORE_LOCKED_TEST,1,3,0.006092389038417961,0.0007570199011577178,-0.003505276161821176,-0.00010439383682864364,5534
304,X_VALID,40,B5_EXACT_SELECTED_DIAGNOSTIC,1,0.01,64,0,1,11,EXACT_MODEL_SELECTION_FROZEN_BEFORE_LOCKED_TEST,1,4,-0.007192302004222735,0.000588027476091575,-0.00011135825942953984,8.352333788445865e-05,5534
304,X_VALID,40,B5_EXACT_SELECTED_DIAGNOSTIC,1,0.01,64,0,1,11,EXACT_MODEL_SELECTION_FROZEN_BEFORE_LOCKED_TEST,1,5,-0.004939862821537427,0.0008279589568179884,0.003597515240506272,-3.945214675207223e-05,5534
304,X_VALID,40,B5_EXACT_SELECTED_DIAGNOSTIC,1,0.01,64,0,1,11,EXACT_MODEL_SELECTION_FROZEN_BEFORE_LOCKED_TEST,2,0,-0.008071911375562985,0.0010765918439193465,-0.0016457719506540378,-0.00032050612101250245,5534
304,X_VALID,40,B5_EXACT_SELECTED_DIAGNOSTIC,1,0.01,64,0,1,11,EXACT_MODEL_SELECTION_FROZEN_BEFORE_LOCKED_TEST,2,1,-0.0024191528698839396,0.0011569042336650962,-0.0005643409218808759,-0.0005128306420106798,5534
304,X_VALID,40,B5_EXACT_SELECTED_DIAGNOSTIC,1,0.01,64,0,1,11,EXACT_MODEL_SELECTION_FROZEN_BEFORE_LOCKED_TEST,2,2,0.003628475722531071,0.0009104710055453224,-0.001704194310283791,-0.00022478691323140417,5534
304,X_VALID,40,B5_EXACT_SELECTED_DIAGNOSTIC,1,0.01,64,0,1,11,EXACT_MODEL_SELECTION_FROZEN_BEFORE_LOCKED_TEST,2,3,0.007571474839110762,0.0010261464785310144,-0.004356273063982725,-0.00040820696502078674,5534
304,X_VALID,40,B5_EXACT_SELECTED_DIAGNOSTIC,1,0.01,64,0,1,11,EXACT_MODEL_SELECTION_FROZEN_BEFORE_LOCKED_TEST,2,4,-0.00893842026779027,0.0010647706118384465,-0.00013839337148057007,-0.00016694731777908763,5534
304,X_VALID,40,B5_EXACT_SELECTED_DIAGNOSTIC,1,0.01,64,0,1,11,EXACT_MODEL_SELECTION_FROZEN_BEFORE_LOCKED_TEST,2,5,-0.006139142925062072,0.0011820665900267625,0.00447090557662153,-0.00029717895780290415,5534
304,X_VALID,40,B5_EXACT_SELECTED_DIAGNOSTIC,1,0.01,64,0,1,11,EXACT_MODEL_SELECTION_FROZEN_BEFORE_LOCKED_TEST,3,0,-0.005099001746786783,0.0009593884590854395,-0.001039629111464611,-0.00026196710669639883,5534
304,X_VALID,40,B5_EXACT_SELECTED_DIAGNOSTIC,1,0.01,64,0,1,11,EXACT_MODEL_SELECTION_FROZEN_BEFORE_LOCKED_TEST,3,1,-0.0015281714745563769,0.0008832309022423235,-0.0003564924356287485,-0.00031992741053993523,5534
304,X_VALID,40,B5_EXACT_SELECTED_DIAGNOSTIC,1,0.01,64,0,1,11,EXACT_MODEL_SELECTION_FROZEN_BEFORE_LOCKED_TEST,3,2,0.0022920970246739065,0.0005803481896311755,-0.0010765343374938973,-5.723624287953883e-05,5534
304,X_VALID,40,B5_EXACT_SELECTED_DIAGNOSTIC,1,0.01,64,0,1,11,EXACT_MODEL_SELECTION_FROZEN_BEFORE_LOCKED_TEST,3,3,0.004782877516130467,0.0005401283015834136,-0.0027518443809944437,-7.350008859250074e-05,5534
304,X_VALID,40,B5_EXACT_SELECTED_DIAGNOSTIC,1,0.01,64,0,1,11,EXACT_MODEL_SELECTION_FROZEN_BEFORE_LOCKED_TEST,3,4,-0.005646372765805811,0.0008461661843771744,-8.742266981021233e-05,-8.756317979204435e-05,5534
304,X_VALID,40,B5_EXACT_SELECTED_DIAGNOSTIC,1,0.01,64,0,1,11,EXACT_MODEL_SELECTION_FROZEN_BEFORE_LOCKED_TEST,3,5,-0.003878077823479811,0.0008044349951861172,0.0028242573888916044,-0.0001245813928256785,5534
304,X_VALID,40,B5_EXACT_SELECTED_DIAGNOSTIC,1,0.01,64,0,1,11,EXACT_MODEL_SELECTION_FROZEN_BEFORE_LOCKED_TEST,4,0,-0.005099001746786783,0.0009593884590854395,-0.001039629111464611,-0.00026196710669639883,5534
304,X_VALID,40,B5_EXACT_SELECTED_DIAGNOSTIC,1,0.01,64,0,1,11,EXACT_MODEL_SELECTION_FROZEN_BEFORE_LOCKED_TEST,4,1,-0.0015281714745563769,0.0008832309022423235,-0.0003564924356287485,-0.00031992741053993523,5534
304,X_VALID,40,B5_EXACT_SELECTED_DIAGNOSTIC,1,0.01,64,0,1,11,EXACT_MODEL_SELECTION_FROZEN_BEFORE_LOCKED_TEST,4,2,0.0022920970246739065,0.0005803481896311755,-0.0010765343374938973,-5.723624287953883e-05,5534
304,X_VALID,40,B5_EXACT_SELECTED_DIAGNOSTIC,1,0.01,64,0,1,11,EXACT_MODEL_SELECTION_FROZEN_BEFORE_LOCKED_TEST,4,3,0.004782877516130467,0.0005401283015834136,-0.0027518443809944437,-7.350008859250074e-05,5534
304,X_VALID,40,B5_EXACT_SELECTED_DIAGNOSTIC,1,0.01,64,0,1,11,EXACT_MODEL_SELECTION_FROZEN_BEFORE_LOCKED_TEST,4,4,-0.005646372765805811,0.0008461661843771744,-8.742266981021233e-05,-8.756317979204435e-05,5534
304,X_VALID,40,B5_EXACT_SELECTED_DIAGNOSTIC,1,0.01,64,0,1,11,EXACT_MODEL_SELECTION_FROZEN_BEFORE_LOCKED_TEST,4,5,-0.003878077823479811,0.0008044349951861172,0.0028242573888916044,-0.0001245813928256785,5534
304,X_VALID,40,B5_EXACT_SELECTED_DIAGNOSTIC,1,0.01,64,0,1,11,EXACT_MODEL_SELECTION_FROZEN_BEFORE_LOCKED_TEST,5,0,-0.005099001746786783,0.0009593884590854395,-0.001039629111464611,-0.00026196710669639883,5534
304,X_VALID,40,B5_EXACT_SELECTED_DIAGNOSTIC,1,0.01,64,0,1,11,EXACT_MODEL_SELECTION_FROZEN_BEFORE_LOCKED_TEST,5,1,-0.0015281714745563769,0.0008832309022423235,-0.0003564924356287485,-0.00031992741053993523,5534
304,X_VALID,40,B5_EXACT_SELECTED_DIAGNOSTIC,1,0.01,64,0,1,11,EXACT_MODEL_SELECTION_FROZEN_BEFORE_LOCKED_TEST,5,2,0.0022920970246739065,0.0005803481896311755,-0.0010765343374938973,-5.723624287953883e-05,5534
304,X_VALID,40,B5_EXACT_SELECTED_DIAGNOSTIC,1,0.01,64,0,1,11,EXACT_MODEL_SELECTION_FROZEN_BEFORE_LOCKED_TEST,5,3,0.004782877516130467,0.0005401283015834136,-0.0027518443809944437,-7.350008859250074e-05,5534
304,X_VALID,40,B5_EXACT_SELECTED_DIAGNOSTIC,1,0.01,64,0,1,11,EXACT_MODEL_SELECTION_FROZEN_BEFORE_LOCKED_TEST,5,4,-0.005646372765805811,0.0008461661843771744,-8.742266981021233e-05,-8.756317979204435e-05,5534
304,X_VALID,40,B5_EXACT_SELECTED_DIAGNOSTIC,1,0.01,64,0,1,11,EXACT_MODEL_SELECTION_FROZEN_BEFORE_LOCKED_TEST,5,5,-0.003878077823479811,0.0008044349951861172,0.0028242573888916044,-0.0001245813928256785,5534
304,X_VALID,40,B5_EXACT_SELECTED_DIAGNOSTIC,1,0.01,64,0,1,11,EXACT_MODEL_SELECTION_FROZEN_BEFORE_LOCKED_TEST,6,0,-0.00961728648292179,0.000983991182352673,-0.001960856555352476,-0.00026158827306076545,5534
304,X_VALID,40,B5_EXACT_SELECTED_DIAGNOSTIC,1,0.01,64,0,1,11,EXACT_MODEL_SELECTION_FROZEN_BEFORE_LOCKED_TEST,6,1,-0.0028823019868740303,0.001036128931101616,-0.0006723845279317164,-0.0004156257445768992,5534
304,X_VALID,40,B5_EXACT_SELECTED_DIAGNOSTIC,1,0.01,64,0,1,11,EXACT_MODEL_SELECTION_FROZEN_BEFORE_LOCKED_TEST,6,2,0.00432315084944476,0.0008094101887420416,-0.0020304639312794,-0.00018907063896851043,5534
304,X_VALID,40,B5_EXACT_SELECTED_DIAGNOSTIC,1,0.01,64,0,1,11,EXACT_MODEL_SELECTION_FROZEN_BEFORE_LOCKED_TEST,6,3,0.009021040895767224,0.0008874450312021097,-0.005190285683883057,-0.0003391875495874033,5534
304,X_VALID,40,B5_EXACT_SELECTED_DIAGNOSTIC,1,0.01,64,0,1,11,EXACT_MODEL_SELECTION_FROZEN_BEFORE_LOCKED_TEST,6,4,-0.010649689326414082,0.0008943326587020026,-0.00016488891403038122,-0.0001039636532043794,5534
304,X_VALID,40,B5_EXACT_SELECTED_DIAGNOSTIC,1,0.01,64,0,1,11,EXACT_MODEL_SELECTION_FROZEN_BEFORE_LOCKED_TEST,6,5,-0.007314487674959941,0.000983179862440708,0.005326864700055375,-0.0002032055619321562,5534
304,X_VALID,40,B5_EXACT_SELECTED_DIAGNOSTIC,1,0.01,64,0,1,11,EXACT_MODEL_SELECTION_FROZEN_BEFORE_LOCKED_TEST,7,0,-0.00961728648292179,0.000983991182352673,-0.001960856555352476,-0.00026158827306076545,5534
304,X_VALID,40,B5_EXACT_SELECTED_DIAGNOSTIC,1,0.01,64,0,1,11,EXACT_MODEL_SELECTION_FROZEN_BEFORE_LOCKED_TEST,7,1,-0.0028823019868740303,0.001036128931101616,-0.0006723845279317164,-0.0004156257445768992,5534
304,X_VALID,40,B5_EXACT_SELECTED_DIAGNOSTIC,1,0.01,64,0,1,11,EXACT_MODEL_SELECTION_FROZEN_BEFORE_LOCKED_TEST,7,2,0.00432315084944476,0.0008094101887420416,-0.0020304639312794,-0.00018907063896851043,5534
304,X_VALID,40,B5_EXACT_SELECTED_DIAGNOSTIC,1,0.01,64,0,1,11,EXACT_MODEL_SELECTION_FROZEN_BEFORE_LOCKED_TEST,7,3,0.009021040895767224,0.0008874450312021097,-0.005190285683883057,-0.0003391875495874033,5534
304,X_VALID,40,B5_EXACT_SELECTED_DIAGNOSTIC,1,0.01,64,0,1,11,EXACT_MODEL_SELECTION_FROZEN_BEFORE_LOCKED_TEST,7,4,-0.010649689326414082,0.0008943326587020026,-0.00016488891403038122,-0.0001039636532043794,5534
304,X_VALID,40,B5_EXACT_SELECTED_DIAGNOSTIC,1,0.01,64,0,1,11,EXACT_MODEL_SELECTION_FROZEN_BEFORE_LOCKED_TEST,7,5,-0.007314487674959941,0.000983179862440708,0.005326864700055375,-0.0002032055619321562,5534
304,X_VALID,40,B5_EXACT_SELECTED_DIAGNOSTIC,1,0.01,64,0,1,11,EXACT_MODEL_SELECTION_FROZEN_BEFORE_LOCKED_TEST,8,0,-0.00961728648292179,0.000983991182352673,-0.001960856555352476,-0.00026158827306076545,5534
304,X_VALID,40,B5_EXACT_SELECTED_DIAGNOSTIC,1,0.01,64,0,1,11,EXACT_MODEL_SELECTION_FROZEN_BEFORE_LOCKED_TEST,8,1,-0.0028823019868740303,0.001036128931101616,-0.0006723845279317164,-0.0004156257445768992,5534
304,X_VALID,40,B5_EXACT_SELECTED_DIAGNOSTIC,1,0.01,64,0,1,11,EXACT_MODEL_SELECTION_FROZEN_BEFORE_LOCKED_TEST,8,2,0.00432315084944476,0.0008094101887420416,-0.0020304639312794,-0.00018907063896851043,5534
304,X_VALID,40,B5_EXACT_SELECTED_DIAGNOSTIC,1,0.01,64,0,1,11,EXACT_MODEL_SELECTION_FROZEN_BEFORE_LOCKED_TEST,8,3,0.009021040895767224,0.0008874450312021097,-0.005190285683883057,-0.0003391875495874033,5534
304,X_VALID,40,B5_EXACT_SELECTED_DIAGNOSTIC,1,0.01,64,0,1,11,EXACT_MODEL_SELECTION_FROZEN_BEFORE_LOCKED_TEST,8,4,-0.010649689326414082,0.0008943326587020026,-0.00016488891403038122,-0.0001039636532043794,5534
304,X_VALID,40,B5_EXACT_SELECTED_DIAGNOSTIC,1,0.01,64,0,1,11,EXACT_MODEL_SELECTION_FROZEN_BEFORE_LOCKED_TEST,8,5,-0.007314487674959941,0.000983179862440708,0.005326864700055375,-0.0002032055619321562,5534
304,X_VALID,40,B5_EXACT_SELECTED_DIAGNOSTIC,1,0.01,64,0,1,11,EXACT_MODEL_SELECTION_FROZEN_BEFORE_LOCKED_TEST,9,0,-0.015326010355793758,0.0012030668730035165,-0.0031248011512316023,-0.00040007994972223376,5534
304,X_VALID,40,B5_EXACT_SELECTED_DIAGNOSTIC,1,0.01,64,0,1,11,EXACT_MODEL_SELECTION_FROZEN_BEFORE_LOCKED_TEST,9,1,-0.004593207260467917,0.001276983521065608,-0.0010715051752338228,-0.0006194609017397793,5534
304,X_VALID,40,B5_EXACT_SELECTED_DIAGNOSTIC,1,0.01,64,0,1,11,EXACT_MODEL_SELECTION_FROZEN_BEFORE_LOCKED_TEST,9,2,0.006889329418012704,0.0009578445836800897,-0.003235726760673524,-0.0002581607550064763,5534
304,X_VALID,40,B5_EXACT_SELECTED_DIAGNOSTIC,1,0.01,64,0,1,11,EXACT_MODEL_SELECTION_FROZEN_BEFORE_LOCKED_TEST,9,3,0.014375839425609408,0.00107469621062096,-0.008271186709679168,-0.0004589974189402855,5534
304,X_VALID,40,B5_EXACT_SELECTED_DIAGNOSTIC,1,0.01,64,0,1,11,EXACT_MODEL_SELECTION_FROZEN_BEFORE_LOCKED_TEST,9,4,-0.01697123707320634,0.0010875814296815456,-0.0002627653037551465,-0.00017208972152222754,5534
304,X_VALID,40,B5_EXACT_SELECTED_DIAGNOSTIC,1,0.01,64,0,1,11,EXACT_MODEL_SELECTION_FROZEN_BEFORE_LOCKED_TEST,9,5,-0.011656293493266578,0.0012100153864942822,0.008488837646870044,-0.000309289628558692,5534
304,X_VALID,40,B5_EXACT_SELECTED_DIAGNOSTIC,1,0.01,64,0,1,11,EXACT_MODEL_SELECTION_FROZEN_BEFORE_LOCKED_TEST,10,0,-0.015326010355793758,0.0012030668730035165,-0.0031248011512316023,-0.00040007994972223376,5534
304,X_VALID,40,B5_EXACT_SELECTED_DIAGNOSTIC,1,0.01,64,0,1,11,EXACT_MODEL_SELECTION_FROZEN_BEFORE_LOCKED_TEST,10,1,-0.004593207260467917,0.001276983521065608,-0.0010715051752338228,-0.0006194609017397793,5534
304,X_VALID,40,B5_EXACT_SELECTED_DIAGNOSTIC,1,0.01,64,0,1,11,EXACT_MODEL_SELECTION_FROZEN_BEFORE_LOCKED_TEST,10,2,0.006889329418012704,0.0009578445836800897,-0.003235726760673524,-0.0002581607550064763,5534
304,X_VALID,40,B5_EXACT_SELECTED_DIAGNOSTIC,1,0.01,64,0,1,11,EXACT_MODEL_SELECTION_FROZEN_BEFORE_LOCKED_TEST,10,3,0.014375839425609408,0.00107469621062096,-0.008271186709679168,-0.0004589974189402855,5534
304,X_VALID,40,B5_EXACT_SELECTED_DIAGNOSTIC,1,0.01,64,0,1,11,EXACT_MODEL_SELECTION_FROZEN_BEFORE_LOCKED_TEST,10,4,-0.01697123707320634,0.0010875814296815456,-0.0002627653037551465,-0.00017208972152222754,5534
304,X_VALID,40,B5_EXACT_SELECTED_DIAGNOSTIC,1,0.01,64,0,1,11,EXACT_MODEL_SELECTION_FROZEN_BEFORE_LOCKED_TEST,10,5,-0.011656293493266578,0.0012100153864942822,0.008488837646870044,-0.000309289628558692,5534
304,X_VALID,40,B5_EXACT_SELECTED_DIAGNOSTIC,1,0.01,64,0,1,11,EXACT_MODEL_SELECTION_FROZEN_BEFORE_LOCKED_TEST,11,0,-0.015326010355793758,0.0012030668730035165,-0.0031248011512316023,-0.00040007994972223376,5534
304,X_VALID,40,B5_EXACT_SELECTED_DIAGNOSTIC,1,0.01,64,0,1,11,EXACT_MODEL_SELECTION_FROZEN_BEFORE_LOCKED_TEST,11,1,-0.004593207260467917,0.001276983521065608,-0.0010715051752338228,-0.0006194609017397793,5534
304,X_VALID,40,B5_EXACT_SELECTED_DIAGNOSTIC,1,0.01,64,0,1,11,EXACT_MODEL_SELECTION_FROZEN_BEFORE_LOCKED_TEST,11,2,0.006889329418012704,0.0009578445836800897,-0.003235726760673524,-0.0002581607550064763,5534
304,X_VALID,40,B5_EXACT_SELECTED_DIAGNOSTIC,1,0.01,64,0,1,11,EXACT_MODEL_SELECTION_FROZEN_BEFORE_LOCKED_TEST,11,3,0.014375839425609408,0.00107469621062096,-0.008271186709679168,-0.0004589974189402855,5534
304,X_VALID,40,B5_EXACT_SELECTED_DIAGNOSTIC,1,0.01,64,0,1,11,EXACT_MODEL_SELECTION_FROZEN_BEFORE_LOCKED_TEST,11,4,-0.01697123707320634,0.0010875814296815456,-0.0002627653037551465,-0.00017208972152222754,5534
304,X_VALID,40,B5_EXACT_SELECTED_DIAGNOSTIC,1,0.01,64,0,1,11,EXACT_MODEL_SELECTION_FROZEN_BEFORE_LOCKED_TEST,11,5,-0.011656293493266578,0.0012100153864942822,0.008488837646870044,-0.000309289628558692,5534
305,X_BASE,8,B5_EXACT_SELECTED_DIAGNOSTIC,1,0.01,64,0,1,21,EXACT_MODEL_SELECTION_FROZEN_BEFORE_LOCKED_TEST,0,0,-1.8582901069137672e-05,0.0008382450390946426,0.0006827341968068153,0.0015262394986910687,5771
305,X_BASE,8,B5_EXACT_SELECTED_DIAGNOSTIC,1,0.01,64,0,1,21,EXACT_MODEL_SELECTION_FROZEN_BEFORE_LOCKED_TEST,0,1,-0.0018151155116749506,0.0008595558031688922,0.003261691738201218,0.001553135400699782,5771
305,X_BASE,8,B5_EXACT_SELECTED_DIAGNOSTIC,1,0.01,64,0,1,21,EXACT_MODEL_SELECTION_FROZEN_BEFORE_LOCKED_TEST,0,2,0.0009254351629456236,0.0008920380060796774,1.898410682234039e-05,0.00156082497146308,5771
305,X_BASE,8,B5_EXACT_SELECTED_DIAGNOSTIC,1,0.01,64,0,1,21,EXACT_MODEL_SELECTION_FROZEN_BEFORE_LOCKED_TEST,0,3,-0.0014015016706447837,0.0009090652611588335,-8.531344037229547e-05,0.001620171043089924,5771
305,X_BASE,8,B5_EXACT_SELECTED_DIAGNOSTIC,1,0.01,64,0,1,21,EXACT_MODEL_SELECTION_FROZEN_BEFORE_LOCKED_TEST,0,4,-0.0005699093545889171,0.0007624139643682843,0.00207718989593688,0.0016122454078156313,5771
305,X_BASE,8,B5_EXACT_SELECTED_DIAGNOSTIC,1,0.01,64,0,1,21,EXACT_MODEL_SELECTION_FROZEN_BEFORE_LOCKED_TEST,0,5,9.146130317895525e-05,0.0007780369922326292,-0.0011559360997381613,0.0016531781993103384,5771
305,X_BASE,8,B5_EXACT_SELECTED_DIAGNOSTIC,1,0.01,64,0,1,21,EXACT_MODEL_SELECTION_FROZEN_BEFORE_LOCKED_TEST,1,0,-2.1617744130416716e-05,0.0003875012831283167,0.0007942340714586906,0.003970939552466597,5771
305,X_BASE,8,B5_EXACT_SELECTED_DIAGNOSTIC,1,0.01,64,0,1,21,EXACT_MODEL_SELECTION_FROZEN_BEFORE_LOCKED_TEST,1,1,-0.0021115488132101567,0.0003843105804309874,0.0037943708125224352,0.004016307312097205,5771
305,X_BASE,8,B5_EXACT_SELECTED_DIAGNOSTIC,1,0.01,64,0,1,21,EXACT_MODEL_SELECTION_FROZEN_BEFORE_LOCKED_TEST,1,2,0.0010765714399176588,0.0003142971812709703,2.2084472295416874e-05,0.003984504932711001,5771
305,X_BASE,8,B5_EXACT_SELECTED_DIAGNOSTIC,1,0.01,64,0,1,21,EXACT_MODEL_SELECTION_FROZEN_BEFORE_LOCKED_TEST,1,3,-0.0016303861491609587,0.00030587371380460214,-9.924629733496339e-05,0.004095172770937947,5771
305,X_BASE,8,B5_EXACT_SELECTED_DIAGNOSTIC,1,0.01,64,0,1,21,EXACT_MODEL_SELECTION_FROZEN_BEFORE_LOCKED_TEST,1,4,-0.0006629833823683925,0.0003083544182622087,0.0024164235451496195,0.003983025760588768,5771
305,X_BASE,8,B5_EXACT_SELECTED_DIAGNOSTIC,1,0.01,64,0,1,21,EXACT_MODEL_SELECTION_FROZEN_BEFORE_LOCKED_TEST,1,5,0.00010639819060549243,0.00030705177731285273,-0.0013447163466178294,0.004047688664898688,5771
305,X_BASE,8,B5_EXACT_SELECTED_DIAGNOSTIC,1,0.01,64,0,1,21,EXACT_MODEL_SELECTION_FROZEN_BEFORE_LOCKED_TEST,2,0,-7.564418908917258e-05,0.000695142871973765,0.0027791610410427877,0.001969706286081297,5771
305,X_BASE,8,B5_EXACT_SELECTED_DIAGNOSTIC,1,0.01,64,0,1,21,EXACT_MODEL_SELECTION_FROZEN_BEFORE_LOCKED_TEST,2,1,-0.007388670933187261,0.0007129357203416736,0.013277153318372448,0.001997893010628865,5771
305,X_BASE,8,B5_EXACT_SELECTED_DIAGNOSTIC,1,0.01,64,0,1,21,EXACT_MODEL_SELECTION_FROZEN_BEFORE_LOCKED_TEST,2,2,0.0037671078479716304,0.0007328092344854233,7.727735087300818e-05,0.002020139465447709,5771
305,X_BASE,8,B5_EXACT_SELECTED_DIAGNOSTIC,1,0.01,64,0,1,21,EXACT_MODEL_SELECTION_FROZEN_BEFORE_LOCKED_TEST,2,3,-0.005705000365046138,0.0007424062072883363,-0.0003472797918559507,0.0020942506974766287,5771
305,X_BASE,8,B5_EXACT_SELECTED_DIAGNOSTIC,1,0.01,64,0,1,21,EXACT_MODEL_SELECTION_FROZEN_BEFORE_LOCKED_TEST,2,4,-0.002319892401182192,0.0006370250616603099,0.008455479834810395,0.002019450576590996,5771
305,X_BASE,8,B5_EXACT_SELECTED_DIAGNOSTIC,1,0.01,64,0,1,21,EXACT_MODEL_SELECTION_FROZEN_BEFORE_LOCKED_TEST,2,5,0.00037230549128313095,0.000648284226567279,-0.004705392800525353,0.0020347447690713624,5771
305,X_BASE,8,B5_EXACT_SELECTED_DIAGNOSTIC,1,0.01,64,0,1,21,EXACT_MODEL_SELECTION_FROZEN_BEFORE_LOCKED_TEST,3,0,-1.6712278816605432e-05,0.0004344851916804997,0.0006140076951502683,0.0023208704222765046,5771
305,X_BASE,8,B5_EXACT_SELECTED_DIAGNOSTIC,1,0.01,64,0,1,21,EXACT_MODEL_SELECTION_FROZEN_BEFORE_LOCKED_TEST,3,1,-0.0016323993978441225,0.0004222532182022425,0.002933358012284072,0.002255834218811784,5771
305,X_BASE,8,B5_EXACT_SELECTED_DIAGNOSTIC,1,0.01,64,0,1,21,EXACT_MODEL_SELECTION_FROZEN_BEFORE_LOCKED_TEST,3,2,0.0008322775013597841,0.0005617047900803862,1.7073097742853823e-05,0.002342039300966102,5771
305,X_BASE,8,B5_EXACT_SELECTED_DIAGNOSTIC,1,0.01,64,0,1,21,EXACT_MODEL_SELECTION_FROZEN_BEFORE_LOCKED_TEST,3,3,-0.0012604214269134493,0.0005460049575069566,-7.672547989148871e-05,0.0022966769016971055,5771
305,X_BASE,8,B5_EXACT_SELECTED_DIAGNOSTIC,1,0.01,64,0,1,21,EXACT_MODEL_SELECTION_FROZEN_BEFORE_LOCKED_TEST,3,4,-0.0005125402109523056,0.0004633451966082995,0.0018680924236090608,0.0023699734878150198,5771
305,X_BASE,8,B5_EXACT_SELECTED_DIAGNOSTIC,1,0.01,64,0,1,21,EXACT_MODEL_SELECTION_FROZEN_BEFORE_LOCKED_TEST,3,5,8.225447651956468e-05,0.00045612501562235984,-0.0010395753774467067,0.0023189197291269385,5771
305,X_BASE,8,B5_EXACT_SELECTED_DIAGNOSTIC,1,0.01,64,0,1,21,EXACT_MODEL_SELECTION_FROZEN_BEFORE_LOCKED_TEST,4,0,-2.485044132107958e-05,0.00010381172362646021,0.0009130030899114874,0.0052029316043818155,5771
305,X_BASE,8,B5_EXACT_SELECTED_DIAGNOSTIC,1,0.01,64,0,1,21,EXACT_MODEL_SELECTION_FROZEN_BEFORE_LOCKED_TEST,4,1,-0.002427307843164063,0.00010959475147310181,0.004361777466610641,0.005234122678935625,5771
305,X_BASE,8,B5_EXACT_SELECTED_DIAGNOSTIC,1,0.01,64,0,1,21,EXACT_MODEL_SELECTION_FROZEN_BEFORE_LOCKED_TEST,4,2,0.0012375609237589907,0.000131696149851634,2.5386963578316818e-05,0.005115322742168138,5771
305,X_BASE,8,B5_EXACT_SELECTED_DIAGNOSTIC,1,0.01,64,0,1,21,EXACT_MODEL_SELECTION_FROZEN_BEFORE_LOCKED_TEST,4,3,-0.0018741925654221535,0.00011880616757614186,-0.00011408749559519312,0.00517468605514192,5771
305,X_BASE,8,B5_EXACT_SELECTED_DIAGNOSTIC,1,0.01,64,0,1,21,EXACT_MODEL_SELECTION_FROZEN_BEFORE_LOCKED_TEST,4,4,-0.0007621252958219306,0.0001422909012800446,0.0027777732566981917,0.005205472755227752,5771
305,X_BASE,8,B5_EXACT_SELECTED_DIAGNOSTIC,1,0.01,64,0,1,21,EXACT_MODEL_SELECTION_FROZEN_BEFORE_LOCKED_TEST,4,5,0.00012230887628050897,0.00014328782802485186,-0.0015458039684216954,0.0052821127517180474,5771
305,X_BASE,8,B5_EXACT_SELECTED_DIAGNOSTIC,1,0.01,64,0,1,21,EXACT_MODEL_SELECTION_FROZEN_BEFORE_LOCKED_TEST,5,0,-1.6712278816605432e-05,0.0004344851916804997,0.0006140076951502683,0.0023208704222765046,5771
305,X_BASE,8,B5_EXACT_SELECTED_DIAGNOSTIC,1,0.01,64,0,1,21,EXACT_MODEL_SELECTION_FROZEN_BEFORE_LOCKED_TEST,5,1,-0.0016323993978441225,0.0004222532182022425,0.002933358012284072,0.002255834218811784,5771
305,X_BASE,8,B5_EXACT_SELECTED_DIAGNOSTIC,1,0.01,64,0,1,21,EXACT_MODEL_SELECTION_FROZEN_BEFORE_LOCKED_TEST,5,2,0.0008322775013597841,0.0005617047900803862,1.7073097742853823e-05,0.002342039300966102,5771
305,X_BASE,8,B5_EXACT_SELECTED_DIAGNOSTIC,1,0.01,64,0,1,21,EXACT_MODEL_SELECTION_FROZEN_BEFORE_LOCKED_TEST,5,3,-0.0012604214269134493,0.0005460049575069566,-7.672547989148871e-05,0.0022966769016971055,5771
305,X_BASE,8,B5_EXACT_SELECTED_DIAGNOSTIC,1,0.01,64,0,1,21,EXACT_MODEL_SELECTION_FROZEN_BEFORE_LOCKED_TEST,5,4,-0.0005125402109523056,0.0004633451966082995,0.0018680924236090608,0.0023699734878150198,5771
305,X_BASE,8,B5_EXACT_SELECTED_DIAGNOSTIC,1,0.01,64,0,1,21,EXACT_MODEL_SELECTION_FROZEN_BEFORE_LOCKED_TEST,5,5,8.225447651956468e-05,0.00045612501562235984,-0.0010395753774467067,0.0023189197291269385,5771
305,X_BASE,8,B5_EXACT_SELECTED_DIAGNOSTIC,1,0.01,64,0,1,21,EXACT_MODEL_SELECTION_FROZEN_BEFORE_LOCKED_TEST,6,0,-3.116098107741019e-05,0.0007804616998271027,0.0011448517811317907,0.0018166136989297514,5771
305,X_BASE,8,B5_EXACT_SELECTED_DIAGNOSTIC,1,0.01,64,0,1,21,EXACT_MODEL_SELECTION_FROZEN_BEFORE_LOCKED_TEST,6,1,-0.003043700222165676,0.000789342122562879,0.005469410516489943,0.0017507846674253448,5771
305,X_BASE,8,B5_EXACT_SELECTED_DIAGNOSTIC,1,0.01,64,0,1,21,EXACT_MODEL_SELECTION_FROZEN_BEFORE_LOCKED_TEST,6,2,0.001551828075370414,0.0008477323941368844,3.1833748200109716e-05,0.0018278773593077408,5771
305,X_BASE,8,B5_EXACT_SELECTED_DIAGNOSTIC,1,0.01,64,0,1,21,EXACT_MODEL_SELECTION_FROZEN_BEFORE_LOCKED_TEST,6,3,-0.0023501264348574427,0.000844229029492836,-0.00014305896001916537,0.001801929773132643,5771
305,X_BASE,8,B5_EXACT_SELECTED_DIAGNOSTIC,1,0.01,64,0,1,21,EXACT_MODEL_SELECTION_FROZEN_BEFORE_LOCKED_TEST,6,4,-0.0009556599665527075,0.000729713158789733,0.0034831630863587596,0.0018573980251811832,5771
305,X_BASE,8,B5_EXACT_SELECTED_DIAGNOSTIC,1,0.01,64,0,1,21,EXACT_MODEL_SELECTION_FROZEN_BEFORE_LOCKED_TEST,6,5,0.00015336808429809723,0.0007441954798193673,-0.0019383465905901118,0.0017958884697664053,5771
305,X_BASE,8,B5_EXACT_SELECTED_DIAGNOSTIC,1,0.01,64,0,1,21,EXACT_MODEL_SELECTION_FROZEN_BEFORE_LOCKED_TEST,7,0,-3.20505445925142e-05,0.0004709592043965014,0.001177534268636491,0.003387655046255246,5771
305,X_BASE,8,B5_EXACT_SELECTED_DIAGNOSTIC,1,0.01,64,0,1,21,EXACT_MODEL_SELECTION_FROZEN_BEFORE_LOCKED_TEST,7,1,-0.003130589805706911,0.00047964536140550584,0.005625547707180726,0.0033258322703127612,5771
305,X_BASE,8,B5_EXACT_SELECTED_DIAGNOSTIC,1,0.01,64,0,1,21,EXACT_MODEL_SELECTION_FROZEN_BEFORE_LOCKED_TEST,7,2,0.0015961286586586697,0.000493145096091365,3.2742517435502966e-05,0.0033508936922048934,5771
305,X_BASE,8,B5_EXACT_SELECTED_DIAGNOSTIC,1,0.01,64,0,1,21,EXACT_MODEL_SELECTION_FROZEN_BEFORE_LOCKED_TEST,7,3,-0.002417216322917678,0.00048637187831954376,-0.00014714291459766936,0.00333314888986104,5771
305,X_BASE,8,B5_EXACT_SELECTED_DIAGNOSTIC,1,0.01,64,0,1,21,EXACT_MODEL_SELECTION_FROZEN_BEFORE_LOCKED_TEST,7,4,-0.0009829415286119671,0.0004452019980261251,0.0035825981712517677,0.0034114968224830955,5771
305,X_BASE,8,B5_EXACT_SELECTED_DIAGNOSTIC,1,0.01,64,0,1,21,EXACT_MODEL_SELECTION_FROZEN_BEFORE_LOCKED_TEST,7,5,0.00015774633708269572,0.00045466518305735566,-0.001993681254230249,0.0033661703245389516,5771
305,X_BASE,8,B5_EXACT_SELECTED_DIAGNOSTIC,1,0.01,64,0,1,21,EXACT_MODEL_SELECTION_FROZEN_BEFORE_LOCKED_TEST,8,0,-3.6839161960738966e-05,0.0007070497001632937,0.0013534676614122847,0.001895768152853058,5771
305,X_BASE,8,B5_EXACT_SELECTED_DIAGNOSTIC,1,0.01,64,0,1,21,EXACT_MODEL_SELECTION_FROZEN_BEFORE_LOCKED_TEST,8,1,-0.0035983259052644145,0.0007173025033794066,0.006466051224324586,0.0018279856245161513,5771
305,X_BASE,8,B5_EXACT_SELECTED_DIAGNOSTIC,1,0.01,64,0,1,21,EXACT_MODEL_SELECTION_FROZEN_BEFORE_LOCKED_TEST,8,2,0.001834603527461987,0.000781535419839168,3.763452128955543e-05,0.0018953594979570036,5771
305,X_BASE,8,B5_EXACT_SELECTED_DIAGNOSTIC,1,0.01,64,0,1,21,EXACT_MODEL_SELECTION_FROZEN_BEFORE_LOCKED_TEST,8,3,-0.0027783685034451894,0.0007790695190903184,-0.00016912728726315723,0.0018686385577487234,5771
305,X_BASE,8,B5_EXACT_SELECTED_DIAGNOSTIC,1,0.01,64,0,1,21,EXACT_MODEL_SELECTION_FROZEN_BEFORE_LOCKED_TEST,8,4,-0.001129801150989813,0.0006723954694142666,0.004117868072101893,0.0019367602172602044,5771
305,X_BASE,8,B5_EXACT_SELECTED_DIAGNOSTIC,1,0.01,64,0,1,21,EXACT_MODEL_SELECTION_FROZEN_BEFORE_LOCKED_TEST,8,5,0.00018131494907141395,0.0006878916482059606,-0.0022915537803320832,0.0018721866605873952,5771
305,X_BASE,8,B5_EXACT_SELECTED_DIAGNOSTIC,1,0.01,64,0,1,21,EXACT_MODEL_SELECTION_FROZEN_BEFORE_LOCKED_TEST,9,0,-1.013350718818203e-05,0.0007508844845920837,0.00037230418787784496,0.0010703015627161541,5771
305,X_BASE,8,B5_EXACT_SELECTED_DIAGNOSTIC,1,0.01,64,0,1,21,EXACT_MODEL_SELECTION_FROZEN_BEFORE_LOCKED_TEST,9,1,-0.000989807028327068,0.0007539769893539385,0.0017786446019232994,0.0010356592411648047,5771
305,X_BASE,8,B5_EXACT_SELECTED_DIAGNOSTIC,1,0.01,64,0,1,21,EXACT_MODEL_SELECTION_FROZEN_BEFORE_LOCKED_TEST,9,2,0.0005046523059567247,0.0008031266414927548,1.0352290109583314e-05,0.001112518122265133,5771
305,X_BASE,8,B5_EXACT_SELECTED_DIAGNOSTIC,1,0.01,64,0,1,21,EXACT_MODEL_SELECTION_FROZEN_BEFORE_LOCKED_TEST,9,3,-0.0007642578088797448,0.0008013513658698858,-4.652257244682856e-05,0.0011138304200525966,5771
305,X_BASE,8,B5_EXACT_SELECTED_DIAGNOSTIC,1,0.01,64,0,1,21,EXACT_MODEL_SELECTION_FROZEN_BEFORE_LOCKED_TEST,9,4,-0.0003107792760588075,0.0006883863461614875,0.0011327197332312176,0.0011058733447457808,5771
305,X_BASE,8,B5_EXACT_SELECTED_DIAGNOSTIC,1,0.01,64,0,1,21,EXACT_MODEL_SELECTION_FROZEN_BEFORE_LOCKED_TEST,9,5,4.9875085152539e-05,0.000700358207267094,-0.0006303475830923895,0.0010671758801711246,5771
305,X_BASE,8,B5_EXACT_SELECTED_DIAGNOSTIC,1,0.01,64,0,1,21,EXACT_MODEL_SELECTION_FROZEN_BEFORE_LOCKED_TEST,10,0,-2.9845427945549967e-06,0.00018095173782532435,0.00010965184715212124,0.004954539957459159,5771
305,X_BASE,8,B5_EXACT_SELECTED_DIAGNOSTIC,1,0.01,64,0,1,21,EXACT_MODEL_SELECTION_FROZEN_BEFORE_LOCKED_TEST,10,1,-0.0002915201400200892,0.00019846836140427135,0.000523850314818457,0.004989199988534663,5771
305,X_BASE,8,B5_EXACT_SELECTED_DIAGNOSTIC,1,0.01,64,0,1,21,EXACT_MODEL_SELECTION_FROZEN_BEFORE_LOCKED_TEST,10,2,0.00014863130558146804,0.00014510482144663184,3.0489792211064156e-06,0.004848330156759026,5771
305,X_BASE,8,B5_EXACT_SELECTED_DIAGNOSTIC,1,0.01,64,0,1,21,EXACT_MODEL_SELECTION_FROZEN_BEFORE_LOCKED_TEST,10,3,-0.0002250908885064511,0.00014235769213910796,-1.370193022039521e-05,0.004904180512074688,5771
305,X_BASE,8,B5_EXACT_SELECTED_DIAGNOSTIC,1,0.01,64,0,1,21,EXACT_MODEL_SELECTION_FROZEN_BEFORE_LOCKED_TEST,10,4,-9.153139498830525e-05,0.00015850102427480682,0.0003336111037655403,0.004961879699413898,5771
305,X_BASE,8,B5_EXACT_SELECTED_DIAGNOSTIC,1,0.01,64,0,1,21,EXACT_MODEL_SELECTION_FROZEN_BEFORE_LOCKED_TEST,10,5,1.4689319626024733e-05,0.00016460550756786443,-0.00018565135468375104,0.005056723465924267,5771
305,X_BASE,8,B5_EXACT_SELECTED_DIAGNOSTIC,1,0.01,64,0,1,21,EXACT_MODEL_SELECTION_FROZEN_BEFORE_LOCKED_TEST,11,0,-1.013350718818203e-05,0.0007508844845920837,0.00037230418787784496,0.0010703015627161541,5771
305,X_BASE,8,B5_EXACT_SELECTED_DIAGNOSTIC,1,0.01,64,0,1,21,EXACT_MODEL_SELECTION_FROZEN_BEFORE_LOCKED_TEST,11,1,-0.000989807028327068,0.0007539769893539385,0.0017786446019232994,0.0010356592411648047,5771
305,X_BASE,8,B5_EXACT_SELECTED_DIAGNOSTIC,1,0.01,64,0,1,21,EXACT_MODEL_SELECTION_FROZEN_BEFORE_LOCKED_TEST,11,2,0.0005046523059567247,0.0008031266414927548,1.0352290109583314e-05,0.001112518122265133,5771
305,X_BASE,8,B5_EXACT_SELECTED_DIAGNOSTIC,1,0.01,64,0,1,21,EXACT_MODEL_SELECTION_FROZEN_BEFORE_LOCKED_TEST,11,3,-0.0007642578088797448,0.0008013513658698858,-4.652257244682856e-05,0.0011138304200525966,5771
305,X_BASE,8,B5_EXACT_SELECTED_DIAGNOSTIC,1,0.01,64,0,1,21,EXACT_MODEL_SELECTION_FROZEN_BEFORE_LOCKED_TEST,11,4,-0.0003107792760588075,0.0006883863461614875,0.0011327197332312176,0.0011058733447457808,5771
305,X_BASE,8,B5_EXACT_SELECTED_DIAGNOSTIC,1,0.01,64,0,1,21,EXACT_MODEL_SELECTION_FROZEN_BEFORE_LOCKED_TEST,11,5,4.9875085152539e-05,0.000700358207267094,-0.0006303475830923895,0.0010671758801711246,5771
305,X_BASE,24,B5_EXACT_SELECTED_DIAGNOSTIC,1,0.01,64,0,1,22,EXACT_MODEL_SELECTION_FROZEN_BEFORE_LOCKED_TEST,0,0,-0.005991379353058158,0.002648911215205998,0.008788014532285194,0.004319948386315391,6008
305,X_BASE,24,B5_EXACT_SELECTED_DIAGNOSTIC,1,0.01,64,0,1,22,EXACT_MODEL_SELECTION_FROZEN_BEFORE_LOCKED_TEST,0,1,-0.007828429438229331,0.0026458126194486863,-0.0006514439445338909,0.004307587772128228,6008
305,X_BASE,24,B5_EXACT_SELECTED_DIAGNOSTIC,1,0.01,64,0,1,22,EXACT_MODEL_SELECTION_FROZEN_BEFORE_LOCKED_TEST,0,2,-0.020729541256669426,0.002276799674815052,-0.008010510239715782,0.004251559253577417,6008
305,X_BASE,24,B5_EXACT_SELECTED_DIAGNOSTIC,1,0.01,64,0,1,22,EXACT_MODEL_SELECTION_FROZEN_BEFORE_LOCKED_TEST,0,3,-0.0018854707546466138,0.002289560682408088,-0.003175468140415274,0.004227377906843244,6008
305,X_BASE,24,B5_EXACT_SELECTED_DIAGNOSTIC,1,0.01,64,0,1,22,EXACT_MODEL_SELECTION_FROZEN_BEFORE_LOCKED_TEST,0,4,0.00057439833689587,0.002122288239625223,-0.006273616475847542,0.004229883189217427,6008
305,X_BASE,24,B5_EXACT_SELECTED_DIAGNOSTIC,1,0.01,64,0,1,22,EXACT_MODEL_SELECTION_FROZEN_BEFORE_LOCKED_TEST,0,5,0.001060494059380768,0.0021032466287084213,0.012187422917101612,0.004165776195162018,6008
305,X_BASE,24,B5_EXACT_SELECTED_DIAGNOSTIC,1,0.01,64,0,1,22,EXACT_MODEL_SELECTION_FROZEN_BEFORE_LOCKED_TEST,1,0,-0.006332485836688592,0.0026790228738280838,0.009288341511859753,0.004623095690108796,6008
305,X_BASE,24,B5_EXACT_SELECTED_DIAGNOSTIC,1,0.01,64,0,1,22,EXACT_MODEL_SELECTION_FROZEN_BEFORE_LOCKED_TEST,1,1,-0.008274124474491783,0.0026564296447088437,-0.0006885325246600804,0.004592434644378093,6008
305,X_BASE,24,B5_EXACT_SELECTED_DIAGNOSTIC,1,0.01,64,0,1,22,EXACT_MODEL_SELECTION_FROZEN_BEFORE_LOCKED_TEST,1,2,-0.021909733748023737,0.0022714694938835607,-0.008466571660456954,0.004520709078379405,6008
305,X_BASE,24,B5_EXACT_SELECTED_DIAGNOSTIC,1,0.01,64,0,1,22,EXACT_MODEL_SELECTION_FROZEN_BEFORE_LOCKED_TEST,1,3,-0.0019928160354586596,0.002277163073632313,-0.003356256687998167,0.004485332203819287,6008
305,X_BASE,24,B5_EXACT_SELECTED_DIAGNOSTIC,1,0.01,64,0,1,22,EXACT_MODEL_SELECTION_FROZEN_BEFORE_LOCKED_TEST,1,4,0.0006071004886635941,0.0021281309130959207,-0.006630791531810241,0.00448928414773389,6008
305,X_BASE,24,B5_EXACT_SELECTED_DIAGNOSTIC,1,0.01,64,0,1,22,EXACT_MODEL_SELECTION_FROZEN_BEFORE_LOCKED_TEST,1,5,0.0011208710407384422,0.0021045081153682524,0.012881288007391299,0.004417925730376697,6008
305,X_BASE,24,B5_EXACT_SELECTED_DIAGNOSTIC,1,0.01,64,0,1,22,EXACT_MODEL_SELECTION_FROZEN_BEFORE_LOCKED_TEST,2,0,-0.006332485836688592,0.0026790228738280838,0.009288341511859753,0.004623095690108796,6008
305,X_BASE,24,B5_EXACT_SELECTED_DIAGNOSTIC,1,0.01,64,0,1,22,EXACT_MODEL_SELECTION_FROZEN_BEFORE_LOCKED_TEST,2,1,-0.008274124474491783,0.0026564296447088437,-0.0006885325246600804,0.004592434644378093,6008
305,X_BASE,24,B5_EXACT_SELECTED_DIAGNOSTIC,1,0.01,64,0,1,22,EXACT_MODEL_SELECTION_FROZEN_BEFORE_LOCKED_TEST,2,2,-0.021909733748023737,0.0022714694938835607,-0.008466571660456954,0.004520709078379405,6008
305,X_BASE,24,B5_EXACT_SELECTED_DIAGNOSTIC,1,0.01,64,0,1,22,EXACT_MODEL_SELECTION_FROZEN_BEFORE_LOCKED_TEST,2,3,-0.0019928160354586596,0.002277163073632313,-0.003356256687998167,0.004485332203819287,6008
305,X_BASE,24,B5_EXACT_SELECTED_DIAGNOSTIC,1,0.01,64,0,1,22,EXACT_MODEL_SELECTION_FROZEN_BEFORE_LOCKED_TEST,2,4,0.0006071004886635941,0.0021281309130959207,-0.006630791531810241,0.00448928414773389,6008
305,X_BASE,24,B5_EXACT_SELECTED_DIAGNOSTIC,1,0.01,64,0,1,22,EXACT_MODEL_SELECTION_FROZEN_BEFORE_LOCKED_TEST,2,5,0.0011208710407384422,0.0021045081153682524,0.012881288007391299,0.004417925730376697,6008
305,X_BASE,24,B5_EXACT_SELECTED_DIAGNOSTIC,1,0.01,64,0,1,22,EXACT_MODEL_SELECTION_FROZEN_BEFORE_LOCKED_TEST,3,0,-0.007302029062865235,0.0026834065042676777,0.01071044474706385,0.0036592588448501793,6008
305,X_BASE,24,B5_EXACT_SELECTED_DIAGNOSTIC,1,0.01,64,0,1,22,EXACT_MODEL_SELECTION_FROZEN_BEFORE_LOCKED_TEST,3,1,-0.00954094473176075,0.0026916735701468116,-0.0007939511647490688,0.003672380623661055,6008
305,X_BASE,24,B5_EXACT_SELECTED_DIAGNOSTIC,1,0.01,64,0,1,22,EXACT_MODEL_SELECTION_FROZEN_BEFORE_LOCKED_TEST,3,2,-0.025264251150914366,0.0024062920305235485,-0.009762856786714376,0.003629625615593991,6008
305,X_BASE,24,B5_EXACT_SELECTED_DIAGNOSTIC,1,0.01,64,0,1,22,EXACT_MODEL_SELECTION_FROZEN_BEFORE_LOCKED_TEST,3,3,-0.002297928646528548,0.0024337299346261303,-0.003870120598803264,0.003649979489608046,6008
305,X_BASE,24,B5_EXACT_SELECTED_DIAGNOSTIC,1,0.01,64,0,1,22,EXACT_MODEL_SELECTION_FROZEN_BEFORE_LOCKED_TEST,3,4,0.0007000513742355859,0.002204835286308163,-0.007646007227455269,0.0035932171676665175,6008
305,X_BASE,24,B5_EXACT_SELECTED_DIAGNOSTIC,1,0.01,64,0,1,22,EXACT_MODEL_SELECTION_FROZEN_BEFORE_LOCKED_TEST,3,5,0.001292483414297861,0.0021895926122166803,0.01485349384473234,0.003543149145761759,6008
305,X_BASE,24,B5_EXACT_SELECTED_DIAGNOSTIC,1,0.01,64,0,1,22,EXACT_MODEL_SELECTION_FROZEN_BEFORE_LOCKED_TEST,4,0,-0.008989842863703862,0.0025498028781142886,0.013186090393168771,0.004097185794150162,6008
305,X_BASE,24,B5_EXACT_SELECTED_DIAGNOSTIC,1,0.01,64,0,1,22,EXACT_MODEL_SELECTION_FROZEN_BEFORE_LOCKED_TEST,4,1,-0.011746268492138333,0.002547054621135874,-0.0009774675163711413,0.004097015090573503,6008
305,X_BASE,24,B5_EXACT_SELECTED_DIAGNOSTIC,1,0.01,64,0,1,22,EXACT_MODEL_SELECTION_FROZEN_BEFORE_LOCKED_TEST,4,2,-0.031103909058771875,0.002195141768140426,-0.012019473992475237,0.00408173115753551,6008
305,X_BASE,24,B5_EXACT_SELECTED_DIAGNOSTIC,1,0.01,64,0,1,22,EXACT_MODEL_SELECTION_FROZEN_BEFORE_LOCKED_TEST,4,3,-0.002829079050007144,0.002215364319466976,-0.004764672359873204,0.00409695494347425,6008
305,X_BASE,24,B5_EXACT_SELECTED_DIAGNOSTIC,1,0.01,64,0,1,22,EXACT_MODEL_SELECTION_FROZEN_BEFORE_LOCKED_TEST,4,4,0.000861863435042049,0.0020711457604325402,-0.009413329215454463,0.004020254106633023,6008
305,X_BASE,24,B5_EXACT_SELECTED_DIAGNOSTIC,1,0.01,64,0,1,22,EXACT_MODEL_SELECTION_FROZEN_BEFORE_LOCKED_TEST,4,5,0.0015912320669293461,0.0020532886416066,0.018286776797453653,0.00396840583827894,6008
305,X_BASE,24,B5_EXACT_SELECTED_DIAGNOSTIC,1,0.01,64,0,1,22,EXACT_MODEL_SELECTION_FROZEN_BEFORE_LOCKED_TEST,5,0,-0.0076886930150860166,0.0027149447327793424,0.0112775943516858,0.004241494947672683,6008
305,X_BASE,24,B5_EXACT_SELECTED_DIAGNOSTIC,1,0.01,64,0,1,22,EXACT_MODEL_SELECTION_FROZEN_BEFORE_LOCKED_TEST,5,1,-0.010046165864974794,0.0027275321333335724,-0.0008359932180727663,0.0042648358963132465,6008
305,X_BASE,24,B5_EXACT_SELECTED_DIAGNOSTIC,1,0.01,64,0,1,22,EXACT_MODEL_SELECTION_FROZEN_BEFORE_LOCKED_TEST,5,2,-0.026602067683251993,0.0023904119910251194,-0.010279828817038672,0.004218483921282438,6008
305,X_BASE,24,B5_EXACT_SELECTED_DIAGNOSTIC,1,0.01,64,0,1,22,EXACT_MODEL_SELECTION_FROZEN_BEFORE_LOCKED_TEST,5,3,-0.0024196107385523573,0.0024251960259400207,-0.0040750548867143485,0.004254897169592059,6008
305,X_BASE,24,B5_EXACT_SELECTED_DIAGNOSTIC,1,0.01,64,0,1,22,EXACT_MODEL_SELECTION_FROZEN_BEFORE_LOCKED_TEST,5,4,0.0007371211570026971,0.002216240900065942,-0.008050885836924463,0.004166552695780549,6008
305,X_BASE,24,B5_EXACT_SELECTED_DIAGNOSTIC,1,0.01,64,0,1,22,EXACT_MODEL_SELECTION_FROZEN_BEFORE_LOCKED_TEST,5,5,0.001360924219017981,0.0022053706342392773,0.015640030105386123,0.004127151006187865,6008
305,X_BASE,24,B5_EXACT_SELECTED_DIAGNOSTIC,1,0.01,64,0,1,22,EXACT_MODEL_SELECTION_FROZEN_BEFORE_LOCKED_TEST,6,0,-0.005411214202925768,0.0024222266162983613,0.007937041914788282,0.003452462942026531,6008
305,X_BASE,24,B5_EXACT_SELECTED_DIAGNOSTIC,1,0.01,64,0,1,22,EXACT_MODEL_SELECTION_FROZEN_BEFORE_LOCKED_TEST,6,1,-0.0070703766305711254,0.00240574973523537,-0.000588362465026099,0.003442596209770983,6008
305,X_BASE,24,B5_EXACT_SELECTED_DIAGNOSTIC,1,0.01,64,0,1,22,EXACT_MODEL_SELECTION_FROZEN_BEFORE_LOCKED_TEST,6,2,-0.018722230968561477,0.002188607139699221,-0.007234825943663058,0.003375155876750899,6008
305,X_BASE,24,B5_EXACT_SELECTED_DIAGNOSTIC,1,0.01,64,0,1,22,EXACT_MODEL_SELECTION_FROZEN_BEFORE_LOCKED_TEST,6,3,-0.001702894362971225,0.0021662457879711382,-0.002867977019946611,0.0033354411874914093,6008
305,X_BASE,24,B5_EXACT_SELECTED_DIAGNOSTIC,1,0.01,64,0,1,22,EXACT_MODEL_SELECTION_FROZEN_BEFORE_LOCKED_TEST,6,4,0.0005187774393155993,0.0019978999203351376,-0.005666121368276812,0.003393189566715744,6008
305,X_BASE,24,B5_EXACT_SELECTED_DIAGNOSTIC,1,0.01,64,0,1,22,EXACT_MODEL_SELECTION_FROZEN_BEFORE_LOCKED_TEST,6,5,0.0009578028994793167,0.001961542522709685,0.01100727430193871,0.0033228068273832034,6008
305,X_BASE,24,B5_EXACT_SELECTED_DIAGNOSTIC,1,0.01,64,0,1,22,EXACT_MODEL_SELECTION_FROZEN_BEFORE_LOCKED_TEST,7,0,-0.0077524752810536985,0.0018461074741188712,0.01137114868153139,0.005973192159645916,6008
305,X_BASE,24,B5_EXACT_SELECTED_DIAGNOSTIC,1,0.01,64,0,1,22,EXACT_MODEL_SELECTION_FROZEN_BEFORE_LOCKED_TEST,7,1,-0.010129504765604327,0.0018600001226969955,-0.0008429282773445649,0.006030221462683047,6008
305,X_BASE,24,B5_EXACT_SELECTED_DIAGNOSTIC,1,0.01,64,0,1,22,EXACT_MODEL_SELECTION_FROZEN_BEFORE_LOCKED_TEST,7,2,-0.026822747602834453,0.0016349027497080393,-0.010365106090357306,0.005898435278247432,6008
305,X_BASE,24,B5_EXACT_SELECTED_DIAGNOSTIC,1,0.01,64,0,1,22,EXACT_MODEL_SELECTION_FROZEN_BEFORE_LOCKED_TEST,7,3,-0.0024396828438323793,0.0016383680699236295,-0.00410885988245385,0.005893686961591378,6008
305,X_BASE,24,B5_EXACT_SELECTED_DIAGNOSTIC,1,0.01,64,0,1,22,EXACT_MODEL_SELECTION_FROZEN_BEFORE_LOCKED_TEST,7,4,0.0007432360139223449,0.0015127429871800533,-0.008117672707036014,0.005869991996960924,6008
305,X_BASE,24,B5_EXACT_SELECTED_DIAGNOSTIC,1,0.01,64,0,1,22,EXACT_MODEL_SELECTION_FROZEN_BEFORE_LOCKED_TEST,7,5,0.001372213892091018,0.0015144003961156255,0.015769773425605427,0.005885221204126589,6008
305,X_BASE,24,B5_EXACT_SELECTED_DIAGNOSTIC,1,0.01,64,0,1,22,EXACT_MODEL_SELECTION_FROZEN_BEFORE_LOCKED_TEST,8,0,-0.005411214202925768,0.0024222266162983613,0.007937041914788282,0.003452462942026531,6008
305,X_BASE,24,B5_EXACT_SELECTED_DIAGNOSTIC,1,0.01,64,0,1,22,EXACT_MODEL_SELECTION_FROZEN_BEFORE_LOCKED_TEST,8,1,-0.0070703766305711254,0.00240574973523537,-0.000588362465026099,0.003442596209770983,6008
305,X_BASE,24,B5_EXACT_SELECTED_DIAGNOSTIC,1,0.01,64,0,1,22,EXACT_MODEL_SELECTION_FROZEN_BEFORE_LOCKED_TEST,8,2,-0.018722230968561477,0.002188607139699221,-0.007234825943663058,0.003375155876750899,6008
305,X_BASE,24,B5_EXACT_SELECTED_DIAGNOSTIC,1,0.01,64,0,1,22,EXACT_MODEL_SELECTION_FROZEN_BEFORE_LOCKED_TEST,8,3,-0.001702894362971225,0.0021662457879711382,-0.002867977019946611,0.0033354411874914093,6008
305,X_BASE,24,B5_EXACT_SELECTED_DIAGNOSTIC,1,0.01,64,0,1,22,EXACT_MODEL_SELECTION_FROZEN_BEFORE_LOCKED_TEST,8,4,0.0005187774393155993,0.0019978999203351376,-0.005666121368276812,0.003393189566715744,6008
305,X_BASE,24,B5_EXACT_SELECTED_DIAGNOSTIC,1,0.01,64,0,1,22,EXACT_MODEL_SELECTION_FROZEN_BEFORE_LOCKED_TEST,8,5,0.0009578028994793167,0.001961542522709685,0.01100727430193871,0.0033228068273832034,6008
305,X_BASE,24,B5_EXACT_SELECTED_DIAGNOSTIC,1,0.01,64,0,1,22,EXACT_MODEL_SELECTION_FROZEN_BEFORE_LOCKED_TEST,9,0,-0.006997624619940321,0.002869835848560886,0.0102639514588779,0.0038403476852392517,6008
305,X_BASE,24,B5_EXACT_SELECTED_DIAGNOSTIC,1,0.01,64,0,1,22,EXACT_MODEL_SELECTION_FROZEN_BEFORE_LOCKED_TEST,9,1,-0.00914320515265951,0.0028565043591117327,-0.0007608532052731039,0.0038516201050125356,6008
305,X_BASE,24,B5_EXACT_SELECTED_DIAGNOSTIC,1,0.01,64,0,1,22,EXACT_MODEL_SELECTION_FROZEN_BEFORE_LOCKED_TEST,9,2,-0.024211043853148345,0.0026480301211593512,-0.009355866215199257,0.0037486230825677183,6008
305,X_BASE,24,B5_EXACT_SELECTED_DIAGNOSTIC,1,0.01,64,0,1,22,EXACT_MODEL_SELECTION_FROZEN_BEFORE_LOCKED_TEST,9,3,-0.0022021333979057984,0.002628354426882041,-0.003708784359959442,0.003716561422569089,6008
305,X_BASE,24,B5_EXACT_SELECTED_DIAGNOSTIC,1,0.01,64,0,1,22,EXACT_MODEL_SELECTION_FROZEN_BEFORE_LOCKED_TEST,9,4,0.000670867876503878,0.0024170878443445717,-0.007327263142676166,0.0038178342550070576,6008
305,X_BASE,24,B5_EXACT_SELECTED_DIAGNOSTIC,1,0.01,64,0,1,22,EXACT_MODEL_SELECTION_FROZEN_BEFORE_LOCKED_TEST,9,5,0.0012386028161337301,0.0024053291863041382,0.01423428656955337,0.0037889588004947823,6008
305,X_BASE,24,B5_EXACT_SELECTED_DIAGNOSTIC,1,0.01,64,0,1,22,EXACT_MODEL_SELECTION_FROZEN_BEFORE_LOCKED_TEST,10,0,-0.009314192125628337,0.0026755370113537187,0.013661838273475056,0.003754224990438272,6008
305,X_BASE,24,B5_EXACT_SELECTED_DIAGNOSTIC,1,0.01,64,0,1,22,EXACT_MODEL_SELECTION_FROZEN_BEFORE_LOCKED_TEST,10,1,-0.012170068281918201,0.002682054558093816,-0.0010127340802362523,0.0038389399218931967,6008
305,X_BASE,24,B5_EXACT_SELECTED_DIAGNOSTIC,1,0.01,64,0,1,22,EXACT_MODEL_SELECTION_FROZEN_BEFORE_LOCKED_TEST,10,2,-0.03222612332871319,0.002325933890023646,-0.012453130906982591,0.003674957515553589,6008
305,X_BASE,24,B5_EXACT_SELECTED_DIAGNOSTIC,1,0.01,64,0,1,22,EXACT_MODEL_SELECTION_FROZEN_BEFORE_LOCKED_TEST,10,3,-0.002931150878815256,0.002326008612428524,-0.004936579476234088,0.003745871882074091,6008
305,X_BASE,24,B5_EXACT_SELECTED_DIAGNOSTIC,1,0.01,64,0,1,22,EXACT_MODEL_SELECTION_FROZEN_BEFORE_LOCKED_TEST,10,4,0.0008929590585444567,0.002180492248551814,-0.009752957663868385,0.00368528435791437,6008
305,X_BASE,24,B5_EXACT_SELECTED_DIAGNOSTIC,1,0.01,64,0,1,22,EXACT_MODEL_SELECTION_FROZEN_BEFORE_LOCKED_TEST,10,5,0.0016486429643481307,0.002153256303353366,0.01894655502129548,0.0037116614829088832,6008
305,X_BASE,24,B5_EXACT_SELECTED_DIAGNOSTIC,1,0.01,64,0,1,22,EXACT_MODEL_SELECTION_FROZEN_BEFORE_LOCKED_TEST,11,0,-0.007381609965316894,0.002812501552293003,0.010827172145885718,0.004156877691087861,6008
305,X_BASE,24,B5_EXACT_SELECTED_DIAGNOSTIC,1,0.01,64,0,1,22,EXACT_MODEL_SELECTION_FROZEN_BEFORE_LOCKED_TEST,11,1,-0.009644926376514292,0.0028010798826784943,-0.0008026040131079723,0.004176672930095964,6008
305,X_BASE,24,B5_EXACT_SELECTED_DIAGNOSTIC,1,0.01,64,0,1,22,EXACT_MODEL_SELECTION_FROZEN_BEFORE_LOCKED_TEST,11,2,-0.025539592688046803,0.002573908117475767,-0.00986925693205811,0.0040607185148041755,6008
305,X_BASE,24,B5_EXACT_SELECTED_DIAGNOSTIC,1,0.01,64,0,1,22,EXACT_MODEL_SELECTION_FROZEN_BEFORE_LOCKED_TEST,11,3,-0.0023229725396554947,0.0025533700957272587,-0.003912298969664014,0.004034363525201688,6008
305,X_BASE,24,B5_EXACT_SELECTED_DIAGNOSTIC,1,0.01,64,0,1,22,EXACT_MODEL_SELECTION_FROZEN_BEFORE_LOCKED_TEST,11,4,0.0007076808590876163,0.0023642450962130753,-0.007729336963625071,0.004126812451576465,6008
305,X_BASE,24,B5_EXACT_SELECTED_DIAGNOSTIC,1,0.01,64,0,1,22,EXACT_MODEL_SELECTION_FROZEN_BEFORE_LOCKED_TEST,11,5,0.0013065694985393919,0.002351018335393943,0.01501537411589359,0.004106059261338599,6008
305,X_BASE,40,B5_EXACT_SELECTED_DIAGNOSTIC,1,0.01,64,0,1,12,EXACT_MODEL_SELECTION_FROZEN_BEFORE_LOCKED_TEST,0,0,0.010350050373545526,0.0019467058512989872,0.00576587132298053,0.0022460806165510313,6245
305,X_BASE,40,B5_EXACT_SELECTED_DIAGNOSTIC,1,0.01,64,0,1,12,EXACT_MODEL_SELECTION_FROZEN_BEFORE_LOCKED_TEST,0,1,0.014720120995011,0.001963676569151736,0.0035958164118258125,0.002304867728771173,6245
305,X_BASE,40,B5_EXACT_SELECTED_DIAGNOSTIC,1,0.01,64,0,1,12,EXACT_MODEL_SELECTION_FROZEN_BEFORE_LOCKED_TEST,0,2,-0.00015557791605952444,0.0013764360201555502,0.011568478282814968,0.002297648661836692,6245
305,X_BASE,40,B5_EXACT_SELECTED_DIAGNOSTIC,1,0.01,64,0,1,12,EXACT_MODEL_SELECTION_FROZEN_BEFORE_LOCKED_TEST,0,3,0.008434000002693627,0.0013697060264360103,-0.0011565421820635608,0.0023169630212566262,6245
305,X_BASE,40,B5_EXACT_SELECTED_DIAGNOSTIC,1,0.01,64,0,1,12,EXACT_MODEL_SELECTION_FROZEN_BEFORE_LOCKED_TEST,0,4,-0.0018339621653228743,0.0018620338071996534,0.007657362005565271,0.0022816796565745304,6245
305,X_BASE,40,B5_EXACT_SELECTED_DIAGNOSTIC,1,0.01,64,0,1,12,EXACT_MODEL_SELECTION_FROZEN_BEFORE_LOCKED_TEST,0,5,-0.00614644295046134,0.0018462550902810602,0.005574884027364394,0.0023085325094104646,6245
305,X_BASE,40,B5_EXACT_SELECTED_DIAGNOSTIC,1,0.01,64,0,1,12,EXACT_MODEL_SELECTION_FROZEN_BEFORE_LOCKED_TEST,1,0,0.011492123750393183,0.002033181630612274,0.006402104760948779,0.0029558488163289667,6245
305,X_BASE,40,B5_EXACT_SELECTED_DIAGNOSTIC,1,0.01,64,0,1,12,EXACT_MODEL_SELECTION_FROZEN_BEFORE_LOCKED_TEST,1,1,0.016344408576774657,0.0020577230832344653,0.003992595755284345,0.0029876656979951435,6245
305,X_BASE,40,B5_EXACT_SELECTED_DIAGNOSTIC,1,0.01,64,0,1,12,EXACT_MODEL_SELECTION_FROZEN_BEFORE_LOCKED_TEST,1,2,-0.00017274511714012822,0.0014414706777278342,0.01284499874219485,0.003007781282870411,6245
305,X_BASE,40,B5_EXACT_SELECTED_DIAGNOSTIC,1,0.01,64,0,1,12,EXACT_MODEL_SELECTION_FROZEN_BEFORE_LOCKED_TEST,1,3,0.009364647344085245,0.0014507060304255782,-0.001284160501556204,0.00300745756935132,6245
305,X_BASE,40,B5_EXACT_SELECTED_DIAGNOSTIC,1,0.01,64,0,1,12,EXACT_MODEL_SELECTION_FROZEN_BEFORE_LOCKED_TEST,1,4,-0.0020363302009910544,0.0019253606765381234,0.008502311447144181,0.0030000783832799306,6245
305,X_BASE,40,B5_EXACT_SELECTED_DIAGNOSTIC,1,0.01,64,0,1,12,EXACT_MODEL_SELECTION_FROZEN_BEFORE_LOCKED_TEST,1,5,-0.00682467045686817,0.0019249005552120259,0.006190043026294469,0.00300298248677266,6245
305,X_BASE,40,B5_EXACT_SELECTED_DIAGNOSTIC,1,0.01,64,0,1,12,EXACT_MODEL_SELECTION_FROZEN_BEFORE_LOCKED_TEST,2,0,0.010350050373545526,0.0019467058512989872,0.00576587132298053,0.0022460806165510313,6245
305,X_BASE,40,B5_EXACT_SELECTED_DIAGNOSTIC,1,0.01,64,0,1,12,EXACT_MODEL_SELECTION_FROZEN_BEFORE_LOCKED_TEST,2,1,0.014720120995011,0.001963676569151736,0.0035958164118258125,0.002304867728771173,6245
305,X_BASE,40,B5_EXACT_SELECTED_DIAGNOSTIC,1,0.01,64,0,1,12,EXACT_MODEL_SELECTION_FROZEN_BEFORE_LOCKED_TEST,2,2,-0.00015557791605952444,0.0013764360201555502,0.011568478282814968,0.002297648661836692,6245
305,X_BASE,40,B5_EXACT_SELECTED_DIAGNOSTIC,1,0.01,64,0,1,12,EXACT_MODEL_SELECTION_FROZEN_BEFORE_LOCKED_TEST,2,3,0.008434000002693627,0.0013697060264360103,-0.0011565421820635608,0.0023169630212566262,6245
305,X_BASE,40,B5_EXACT_SELECTED_DIAGNOSTIC,1,0.01,64,0,1,12,EXACT_MODEL_SELECTION_FROZEN_BEFORE_LOCKED_TEST,2,4,-0.0018339621653228743,0.0018620338071996534,0.007657362005565271,0.0022816796565745304,6245
305,X_BASE,40,B5_EXACT_SELECTED_DIAGNOSTIC,1,0.01,64,0,1,12,EXACT_MODEL_SELECTION_FROZEN_BEFORE_LOCKED_TEST,2,5,-0.00614644295046134,0.0018462550902810602,0.005574884027364394,0.0023085325094104646,6245
305,X_BASE,40,B5_EXACT_SELECTED_DIAGNOSTIC,1,0.01,64,0,1,12,EXACT_MODEL_SELECTION_FROZEN_BEFORE_LOCKED_TEST,3,0,0.01135663617428564,0.001923158479581932,0.0063266264877516395,0.0025875732075370454,6245
305,X_BASE,40,B5_EXACT_SELECTED_DIAGNOSTIC,1,0.01,64,0,1,12,EXACT_MODEL_SELECTION_FROZEN_BEFORE_LOCKED_TEST,3,1,0.016151714489147664,0.001993191618479589,0.003945524636576434,0.0026300368666899777,6245
305,X_BASE,40,B5_EXACT_SELECTED_DIAGNOSTIC,1,0.01,64,0,1,12,EXACT_MODEL_SELECTION_FROZEN_BEFORE_LOCKED_TEST,3,2,-0.00017070852079691863,0.0012613925877115635,0.012693561307088493,0.002653322552507877,6245
305,X_BASE,40,B5_EXACT_SELECTED_DIAGNOSTIC,1,0.01,64,0,1,12,EXACT_MODEL_SELECTION_FROZEN_BEFORE_LOCKED_TEST,3,3,0.009254241870100627,0.0013289636255970569,-0.001269020759114522,0.0027123213684597,6245
305,X_BASE,40,B5_EXACT_SELECTED_DIAGNOSTIC,1,0.01,64,0,1,12,EXACT_MODEL_SELECTION_FROZEN_BEFORE_LOCKED_TEST,3,4,-0.0020123226764395177,0.0017137512686321993,0.008402072570996892,0.002631028498204822,6245
305,X_BASE,40,B5_EXACT_SELECTED_DIAGNOSTIC,1,0.01,64,0,1,12,EXACT_MODEL_SELECTION_FROZEN_BEFORE_LOCKED_TEST,3,5,-0.006744210301894451,0.0017701757502574516,0.006117064876750497,0.002676992500781241,6245
305,X_BASE,40,B5_EXACT_SELECTED_DIAGNOSTIC,1,0.01,64,0,1,12,EXACT_MODEL_SELECTION_FROZEN_BEFORE_LOCKED_TEST,4,0,0.011980492392834717,0.001985459709892997,0.00667416824362456,0.002840861278868539,6245
305,X_BASE,40,B5_EXACT_SELECTED_DIAGNOSTIC,1,0.01,64,0,1,12,EXACT_MODEL_SELECTION_FROZEN_BEFORE_LOCKED_TEST,4,1,0.017038979641402816,0.0020668052332827778,0.004162264879214492,0.0029090337517209603,6245
305,X_BASE,40,B5_EXACT_SELECTED_DIAGNOSTIC,1,0.01,64,0,1,12,EXACT_MODEL_SELECTION_FROZEN_BEFORE_LOCKED_TEST,4,2,-0.0001800860838907867,0.001314152348487027,0.013390859083950593,0.0029155555122243686,6245
305,X_BASE,40,B5_EXACT_SELECTED_DIAGNOSTIC,1,0.01,64,0,1,12,EXACT_MODEL_SELECTION_FROZEN_BEFORE_LOCKED_TEST,4,3,0.00976260686920941,0.0013923751393278457,-0.001338732113770229,0.0029978675097587387,6245
305,X_BASE,40,B5_EXACT_SELECTED_DIAGNOSTIC,1,0.01,64,0,1,12,EXACT_MODEL_SELECTION_FROZEN_BEFORE_LOCKED_TEST,4,4,-0.002122865974310295,0.001773873533246588,0.008863625194650148,0.0028826112221181192,6245
305,X_BASE,40,B5_EXACT_SELECTED_DIAGNOSTIC,1,0.01,64,0,1,12,EXACT_MODEL_SELECTION_FROZEN_BEFORE_LOCKED_TEST,4,5,-0.007114691267514024,0.0018370437716224402,0.006453094745460186,0.0029556560809941915,6245
305,X_BASE,40,B5_EXACT_SELECTED_DIAGNOSTIC,1,0.01,64,0,1,12,EXACT_MODEL_SELECTION_FROZEN_BEFORE_LOCKED_TEST,5,0,0.011980492392834717,0.001985459709892997,0.00667416824362456,0.002840861278868539,6245
305,X_BASE,40,B5_EXACT_SELECTED_DIAGNOSTIC,1,0.01,64,0,1,12,EXACT_MODEL_SELECTION_FROZEN_BEFORE_LOCKED_TEST,5,1,0.017038979641402816,0.0020668052332827778,0.004162264879214492,0.0029090337517209603,6245
305,X_BASE,40,B5_EXACT_SELECTED_DIAGNOSTIC,1,0.01,64,0,1,12,EXACT_MODEL_SELECTION_FROZEN_BEFORE_LOCKED_TEST,5,2,-0.0001800860838907867,0.001314152348487027,0.013390859083950593,0.0029155555122243686,6245
305,X_BASE,40,B5_EXACT_SELECTED_DIAGNOSTIC,1,0.01,64,0,1,12,EXACT_MODEL_SELECTION_FROZEN_BEFORE_LOCKED_TEST,5,3,0.00976260686920941,0.0013923751393278457,-0.001338732113770229,0.0029978675097587387,6245
305,X_BASE,40,B5_EXACT_SELECTED_DIAGNOSTIC,1,0.01,64,0,1,12,EXACT_MODEL_SELECTION_FROZEN_BEFORE_LOCKED_TEST,5,4,-0.002122865974310295,0.001773873533246588,0.008863625194650148,0.0028826112221181192,6245
305,X_BASE,40,B5_EXACT_SELECTED_DIAGNOSTIC,1,0.01,64,0,1,12,EXACT_MODEL_SELECTION_FROZEN_BEFORE_LOCKED_TEST,5,5,-0.007114691267514024,0.0018370437716224402,0.006453094745460186,0.0029556560809941915,6245
305,X_BASE,40,B5_EXACT_SELECTED_DIAGNOSTIC,1,0.01,64,0,1,12,EXACT_MODEL_SELECTION_FROZEN_BEFORE_LOCKED_TEST,6,0,0.007378990919631266,0.001488761873639173,0.004110734788768079,0.002439166970464883,6245
305,X_BASE,40,B5_EXACT_SELECTED_DIAGNOSTIC,1,0.01,64,0,1,12,EXACT_MODEL_SELECTION_FROZEN_BEFORE_LOCKED_TEST,6,1,0.010494600049067285,0.001544909437292876,0.0025636103877661035,0.002516655195319609,6245
305,X_BASE,40,B5_EXACT_SELECTED_DIAGNOSTIC,1,0.01,64,0,1,12,EXACT_MODEL_SELECTION_FROZEN_BEFORE_LOCKED_TEST,6,2,-0.0001109181103922608,0.001395063829611884,0.00824765997477951,0.0025876981505408964,6245
305,X_BASE,40,B5_EXACT_SELECTED_DIAGNOSTIC,1,0.01,64,0,1,12,EXACT_MODEL_SELECTION_FROZEN_BEFORE_LOCKED_TEST,6,3,0.006012957153823711,0.0013863578681074993,-0.0008245480892953462,0.0025933847537924115,6245
305,X_BASE,40,B5_EXACT_SELECTED_DIAGNOSTIC,1,0.01,64,0,1,12,EXACT_MODEL_SELECTION_FROZEN_BEFORE_LOCKED_TEST,6,4,-0.0013075095942966855,0.0017314853832033808,0.005459258908711926,0.002543795676845316,6245
305,X_BASE,40,B5_EXACT_SELECTED_DIAGNOSTIC,1,0.01,64,0,1,12,EXACT_MODEL_SELECTION_FROZEN_BEFORE_LOCKED_TEST,6,5,-0.004382060481117169,0.0017550570909436157,0.003974571826342455,0.002585645254695976,6245
305,X_BASE,40,B5_EXACT_SELECTED_DIAGNOSTIC,1,0.01,64,0,1,12,EXACT_MODEL_SELECTION_FROZEN_BEFORE_LOCKED_TEST,7,0,0.005545856803752112,0.0015300589837687131,0.003089520876907268,0.002709112481708936,6245
305,X_BASE,40,B5_EXACT_SELECTED_DIAGNOSTIC,1,0.01,64,0,1,12,EXACT_MODEL_SELECTION_FROZEN_BEFORE_LOCKED_TEST,7,1,0.007887467232130085,0.0016219880580441725,0.0019267425947547719,0.0027904109521996096,6245
305,X_BASE,40,B5_EXACT_SELECTED_DIAGNOSTIC,1,0.01,64,0,1,12,EXACT_MODEL_SELECTION_FROZEN_BEFORE_LOCKED_TEST,7,2,-8.336315410576295e-05,0.0013997667301032396,0.006198725772175176,0.0028583368136523416,6245
305,X_BASE,40,B5_EXACT_SELECTED_DIAGNOSTIC,1,0.01,64,0,1,12,EXACT_MODEL_SELECTION_FROZEN_BEFORE_LOCKED_TEST,7,3,0.004519181512134122,0.0014255305662852803,-0.0006197088031201845,0.002872029391074584,6245
305,X_BASE,40,B5_EXACT_SELECTED_DIAGNOSTIC,1,0.01,64,0,1,12,EXACT_MODEL_SELECTION_FROZEN_BEFORE_LOCKED_TEST,7,4,-0.000982690053217167,0.0017525923479427812,0.004103036376122454,0.002806495876631971,6245
305,X_BASE,40,B5_EXACT_SELECTED_DIAGNOSTIC,1,0.01,64,0,1,12,EXACT_MODEL_SELECTION_FROZEN_BEFORE_LOCKED_TEST,7,5,-0.0032934421790657667,0.001819926921663403,0.0029871843515189254,0.0028555395053085435,6245
305,X_BASE,40,B5_EXACT_SELECTED_DIAGNOSTIC,1,0.01,64,0,1,12,EXACT_MODEL_SELECTION_FROZEN_BEFORE_LOCKED_TEST,8,0,0.005545856803752112,0.0015300589837687131,0.003089520876907268,0.002709112481708936,6245
305,X_BASE,40,B5_EXACT_SELECTED_DIAGNOSTIC,1,0.01,64,0,1,12,EXACT_MODEL_SELECTION_FROZEN_BEFORE_LOCKED_TEST,8,1,0.007887467232130085,0.0016219880580441725,0.0019267425947547719,0.0027904109521996096,6245
305,X_BASE,40,B5_EXACT_SELECTED_DIAGNOSTIC,1,0.01,64,0,1,12,EXACT_MODEL_SELECTION_FROZEN_BEFORE_LOCKED_TEST,8,2,-8.336315410576295e-05,0.0013997667301032396,0.006198725772175176,0.0028583368136523416,6245
305,X_BASE,40,B5_EXACT_SELECTED_DIAGNOSTIC,1,0.01,64,0,1,12,EXACT_MODEL_SELECTION_FROZEN_BEFORE_LOCKED_TEST,8,3,0.004519181512134122,0.0014255305662852803,-0.0006197088031201845,0.002872029391074584,6245
305,X_BASE,40,B5_EXACT_SELECTED_DIAGNOSTIC,1,0.01,64,0,1,12,EXACT_MODEL_SELECTION_FROZEN_BEFORE_LOCKED_TEST,8,4,-0.000982690053217167,0.0017525923479427812,0.004103036376122454,0.002806495876631971,6245
305,X_BASE,40,B5_EXACT_SELECTED_DIAGNOSTIC,1,0.01,64,0,1,12,EXACT_MODEL_SELECTION_FROZEN_BEFORE_LOCKED_TEST,8,5,-0.0032934421790657667,0.001819926921663403,0.0029871843515189254,0.0028555395053085435,6245
305,X_BASE,40,B5_EXACT_SELECTED_DIAGNOSTIC,1,0.01,64,0,1,12,EXACT_MODEL_SELECTION_FROZEN_BEFORE_LOCKED_TEST,9,0,0.005463387407131957,0.0016694683966303424,0.003043578305438143,0.0023741429468022725,6245
305,X_BASE,40,B5_EXACT_SELECTED_DIAGNOSTIC,1,0.01,64,0,1,12,EXACT_MODEL_SELECTION_FROZEN_BEFORE_LOCKED_TEST,9,1,0.007770177030360915,0.0018111564271036395,0.0018980910617537247,0.0023595401907118042,6245
305,X_BASE,40,B5_EXACT_SELECTED_DIAGNOSTIC,1,0.01,64,0,1,12,EXACT_MODEL_SELECTION_FROZEN_BEFORE_LOCKED_TEST,9,2,-8.212350633577357e-05,0.001017494113757721,0.006106547918989492,0.0024589135169468504,6245
305,X_BASE,40,B5_EXACT_SELECTED_DIAGNOSTIC,1,0.01,64,0,1,12,EXACT_MODEL_SELECTION_FROZEN_BEFORE_LOCKED_TEST,9,3,0.004451979241013361,0.0011589900897092085,-0.0006104934531964458,0.00244804009862395,6245
305,X_BASE,40,B5_EXACT_SELECTED_DIAGNOSTIC,1,0.01,64,0,1,12,EXACT_MODEL_SELECTION_FROZEN_BEFORE_LOCKED_TEST,9,4,-0.0009680770080879416,0.001576266681460481,0.004042022371213341,0.0024019551148616335,6245
305,X_BASE,40,B5_EXACT_SELECTED_DIAGNOSTIC,1,0.01,64,0,1,12,EXACT_MODEL_SELECTION_FROZEN_BEFORE_LOCKED_TEST,9,5,-0.003244467205689758,0.0017513684708236454,0.0029427635704240614,0.0023906562608180574,6245
305,X_BASE,40,B5_EXACT_SELECTED_DIAGNOSTIC,1,0.01,64,0,1,12,EXACT_MODEL_SELECTION_FROZEN_BEFORE_LOCKED_TEST,10,0,0.005463387407131957,0.0016694683966303424,0.003043578305438143,0.0023741429468022725,6245
305,X_BASE,40,B5_EXACT_SELECTED_DIAGNOSTIC,1,0.01,64,0,1,12,EXACT_MODEL_SELECTION_FROZEN_BEFORE_LOCKED_TEST,10,1,0.007770177030360915,0.0018111564271036395,0.0018980910617537247,0.0023595401907118042,6245
305,X_BASE,40,B5_EXACT_SELECTED_DIAGNOSTIC,1,0.01,64,0,1,12,EXACT_MODEL_SELECTION_FROZEN_BEFORE_LOCKED_TEST,10,2,-8.212350633577357e-05,0.001017494113757721,0.006106547918989492,0.0024589135169468504,6245
305,X_BASE,40,B5_EXACT_SELECTED_DIAGNOSTIC,1,0.01,64,0,1,12,EXACT_MODEL_SELECTION_FROZEN_BEFORE_LOCKED_TEST,10,3,0.004451979241013361,0.0011589900897092085,-0.0006104934531964458,0.00244804009862395,6245
305,X_BASE,40,B5_EXACT_SELECTED_DIAGNOSTIC,1,0.01,64,0,1,12,EXACT_MODEL_SELECTION_FROZEN_BEFORE_LOCKED_TEST,10,4,-0.0009680770080879416,0.001576266681460481,0.004042022371213341,0.0024019551148616335,6245
305,X_BASE,40,B5_EXACT_SELECTED_DIAGNOSTIC,1,0.01,64,0,1,12,EXACT_MODEL_SELECTION_FROZEN_BEFORE_LOCKED_TEST,10,5,-0.003244467205689758,0.0017513684708236454,0.0029427635704240614,0.0023906562608180574,6245
305,X_BASE,40,B5_EXACT_SELECTED_DIAGNOSTIC,1,0.01,64,0,1,12,EXACT_MODEL_SELECTION_FROZEN_BEFORE_LOCKED_TEST,11,0,0.005463387407131957,0.0016694683966303424,0.003043578305438143,0.0023741429468022725,6245
305,X_BASE,40,B5_EXACT_SELECTED_DIAGNOSTIC,1,0.01,64,0,1,12,EXACT_MODEL_SELECTION_FROZEN_BEFORE_LOCKED_TEST,11,1,0.007770177030360915,0.0018111564271036395,0.0018980910617537247,0.0023595401907118042,6245
305,X_BASE,40,B5_EXACT_SELECTED_DIAGNOSTIC,1,0.01,64,0,1,12,EXACT_MODEL_SELECTION_FROZEN_BEFORE_LOCKED_TEST,11,2,-8.212350633577357e-05,0.001017494113757721,0.006106547918989492,0.0024589135169468504,6245
305,X_BASE,40,B5_EXACT_SELECTED_DIAGNOSTIC,1,0.01,64,0,1,12,EXACT_MODEL_SELECTION_FROZEN_BEFORE_LOCKED_TEST,11,3,0.004451979241013361,0.0011589900897092085,-0.0006104934531964458,0.00244804009862395,6245
305,X_BASE,40,B5_EXACT_SELECTED_DIAGNOSTIC,1,0.01,64,0,1,12,EXACT_MODEL_SELECTION_FROZEN_BEFORE_LOCKED_TEST,11,4,-0.0009680770080879416,0.001576266681460481,0.004042022371213341,0.0024019551148616335,6245
305,X_BASE,40,B5_EXACT_SELECTED_DIAGNOSTIC,1,0.01,64,0,1,12,EXACT_MODEL_SELECTION_FROZEN_BEFORE_LOCKED_TEST,11,5,-0.003244467205689758,0.0017513684708236454,0.0029427635704240614,0.0023906562608180574,6245
305,X_VALID,8,B5_EXACT_SELECTED_DIAGNOSTIC,1,0.01,64,0,1,13,EXACT_MODEL_SELECTION_FROZEN_BEFORE_LOCKED_TEST,0,0,-0.009290274002056108,-0.0008447254694701414,0.002948699267334945,0.006658959393759341,6482
305,X_VALID,8,B5_EXACT_SELECTED_DIAGNOSTIC,1,0.01,64,0,1,13,EXACT_MODEL_SELECTION_FROZEN_BEFORE_LOCKED_TEST,0,1,-0.0035927793112339305,-0.0008515684598776873,0.00027754803401764663,0.006651860626915771,6482
305,X_VALID,8,B5_EXACT_SELECTED_DIAGNOSTIC,1,0.01,64,0,1,13,EXACT_MODEL_SELECTION_FROZEN_BEFORE_LOCKED_TEST,0,2,-0.013865039414284663,-0.0009310988952797184,0.005202808287878073,0.006774115578804622,6482
305,X_VALID,8,B5_EXACT_SELECTED_DIAGNOSTIC,1,0.01,64,0,1,13,EXACT_MODEL_SELECTION_FROZEN_BEFORE_LOCKED_TEST,0,3,0.010434454986786579,-0.0009365598671652233,0.0006241500644907959,0.006717921067715976,6482
305,X_VALID,8,B5_EXACT_SELECTED_DIAGNOSTIC,1,0.01,64,0,1,13,EXACT_MODEL_SELECTION_FROZEN_BEFORE_LOCKED_TEST,0,4,-0.007533409488883709,-0.0007518879617129052,0.0015764938330647068,0.006642818344281206,6482
305,X_VALID,8,B5_EXACT_SELECTED_DIAGNOSTIC,1,0.01,64,0,1,13,EXACT_MODEL_SELECTION_FROZEN_BEFORE_LOCKED_TEST,0,5,-0.007074272967083908,-0.0007654959700843112,0.01680905067567841,0.006587959547961167,6482
305,X_VALID,8,B5_EXACT_SELECTED_DIAGNOSTIC,1,0.01,64,0,1,13,EXACT_MODEL_SELECTION_FROZEN_BEFORE_LOCKED_TEST,1,0,-0.009230396484391485,-0.001020919046640724,0.002929694360436779,0.007572980333767548,6482
305,X_VALID,8,B5_EXACT_SELECTED_DIAGNOSTIC,1,0.01,64,0,1,13,EXACT_MODEL_SELECTION_FROZEN_BEFORE_LOCKED_TEST,1,1,-0.003569623190475178,-0.0010295676733810915,0.00027575918609927687,0.007612550348216699,6482
305,X_VALID,8,B5_EXACT_SELECTED_DIAGNOSTIC,1,0.01,64,0,1,13,EXACT_MODEL_SELECTION_FROZEN_BEFORE_LOCKED_TEST,1,2,-0.013775676695567673,-0.001123922923021702,0.005169275235452052,0.00772890481713063,6482
305,X_VALID,8,B5_EXACT_SELECTED_DIAGNOSTIC,1,0.01,64,0,1,13,EXACT_MODEL_SELECTION_FROZEN_BEFORE_LOCKED_TEST,1,3,0.01036720301309304,-0.0011380017623274657,0.0006201273029981157,0.007753547628001143,6482
305,X_VALID,8,B5_EXACT_SELECTED_DIAGNOSTIC,1,0.01,64,0,1,13,EXACT_MODEL_SELECTION_FROZEN_BEFORE_LOCKED_TEST,1,4,-0.007484855284815492,-0.0008988753118082988,0.001566333041540516,0.007522234818369242,6482
305,X_VALID,8,B5_EXACT_SELECTED_DIAGNOSTIC,1,0.01,64,0,1,13,EXACT_MODEL_SELECTION_FROZEN_BEFORE_LOCKED_TEST,1,5,-0.007028677981999809,-0.0009135272500996119,0.016700713265120258,0.007488059407825958,6482
305,X_VALID,8,B5_EXACT_SELECTED_DIAGNOSTIC,1,0.01,64,0,1,13,EXACT_MODEL_SELECTION_FROZEN_BEFORE_LOCKED_TEST,2,0,-0.009519535794414917,-0.0009505747097282887,0.0030214661285714035,0.007249088987048874,6482
305,X_VALID,8,B5_EXACT_SELECTED_DIAGNOSTIC,1,0.01,64,0,1,13,EXACT_MODEL_SELECTION_FROZEN_BEFORE_LOCKED_TEST,2,1,-0.0036814405309418554,-0.000959576333221464,0.0002843972571654749,0.007287019011897579,6482
305,X_VALID,8,B5_EXACT_SELECTED_DIAGNOSTIC,1,0.01,64,0,1,13,EXACT_MODEL_SELECTION_FROZEN_BEFORE_LOCKED_TEST,2,2,-0.014207195499943806,-0.0010649303316901174,0.0053312011806080604,0.007426955543392293,6482
305,X_VALID,8,B5_EXACT_SELECTED_DIAGNOSTIC,1,0.01,64,0,1,13,EXACT_MODEL_SELECTION_FROZEN_BEFORE_LOCKED_TEST,2,3,0.010691952435411723,-0.00107807480952457,0.0006395525986307325,0.00744937384564132,6482
305,X_VALID,8,B5_EXACT_SELECTED_DIAGNOSTIC,1,0.01,64,0,1,13,EXACT_MODEL_SELECTION_FROZEN_BEFORE_LOCKED_TEST,2,4,-0.007719316057582549,-0.0008451338162177644,0.0016153979387704207,0.007216523757980477,6482
305,X_VALID,8,B5_EXACT_SELECTED_DIAGNOSTIC,1,0.01,64,0,1,13,EXACT_MODEL_SELECTION_FROZEN_BEFORE_LOCKED_TEST,2,5,-0.007248849142093401,-0.0008591685458178514,0.017223857933774688,0.007181476509486658,6482
305,X_VALID,8,B5_EXACT_SELECTED_DIAGNOSTIC,1,0.01,64,0,1,13,EXACT_MODEL_SELECTION_FROZEN_BEFORE_LOCKED_TEST,3,0,-0.007442168593131626,-0.0009201238929518642,0.002362117314633948,0.0068095856571563085,6482
305,X_VALID,8,B5_EXACT_SELECTED_DIAGNOSTIC,1,0.01,64,0,1,13,EXACT_MODEL_SELECTION_FROZEN_BEFORE_LOCKED_TEST,3,1,-0.002878071125372685,-0.000937839217954708,0.00022233566646090485,0.00681359364112881,6482
305,X_VALID,8,B5_EXACT_SELECTED_DIAGNOSTIC,1,0.01,64,0,1,13,EXACT_MODEL_SELECTION_FROZEN_BEFORE_LOCKED_TEST,3,2,-0.011106880254412787,-0.0010129424469737934,0.0041678185624623824,0.0069643482105430235,6482
305,X_VALID,8,B5_EXACT_SELECTED_DIAGNOSTIC,1,0.01,64,0,1,13,EXACT_MODEL_SELECTION_FROZEN_BEFORE_LOCKED_TEST,3,3,0.008358738738160175,-0.0010268221578559604,0.000499988483259639,0.006919167263710547,6482
305,X_VALID,8,B5_EXACT_SELECTED_DIAGNOSTIC,1,0.01,64,0,1,13,EXACT_MODEL_SELECTION_FROZEN_BEFORE_LOCKED_TEST,3,4,-0.006034795473735425,-0.0008122011598708905,0.0012628834078632373,0.006796454925687274,6482
305,X_VALID,8,B5_EXACT_SELECTED_DIAGNOSTIC,1,0.01,64,0,1,13,EXACT_MODEL_SELECTION_FROZEN_BEFORE_LOCKED_TEST,3,5,-0.005666994545394463,-0.0008340921746289304,0.01346524214368767,0.006747514818407023,6482
305,X_VALID,8,B5_EXACT_SELECTED_DIAGNOSTIC,1,0.01,64,0,1,13,EXACT_MODEL_SELECTION_FROZEN_BEFORE_LOCKED_TEST,4,0,-0.006053026014278327,-0.0010366070125079514,0.0019212084992877114,0.007709514733067929,6482
305,X_VALID,8,B5_EXACT_SELECTED_DIAGNOSTIC,1,0.01,64,0,1,13,EXACT_MODEL_SELECTION_FROZEN_BEFORE_LOCKED_TEST,4,1,-0.0023408552459967162,-0.0010569357183009473,0.00018083486770667945,0.007806295455405058,6482
305,X_VALID,8,B5_EXACT_SELECTED_DIAGNOSTIC,1,0.01,64,0,1,13,EXACT_MODEL_SELECTION_FROZEN_BEFORE_LOCKED_TEST,4,2,-0.009033688806711746,-0.0011607664261156295,0.0033898606119538498,0.007821291582873586,6482
305,X_VALID,8,B5_EXACT_SELECTED_DIAGNOSTIC,1,0.01,64,0,1,13,EXACT_MODEL_SELECTION_FROZEN_BEFORE_LOCKED_TEST,4,3,0.00679851072916223,-0.00117467441477096,0.00040666148020393635,0.007805748804051088,6482
305,X_VALID,8,B5_EXACT_SELECTED_DIAGNOSTIC,1,0.01,64,0,1,13,EXACT_MODEL_SELECTION_FROZEN_BEFORE_LOCKED_TEST,4,4,-0.004908350776557525,-0.0009244668217395259,0.0010271557309050401,0.007626704280205462,6482
305,X_VALID,8,B5_EXACT_SELECTED_DIAGNOSTIC,1,0.01,64,0,1,13,EXACT_MODEL_SELECTION_FROZEN_BEFORE_LOCKED_TEST,4,5,-0.004609202946262704,-0.0009456165606730403,0.010951842861974356,0.007603034039313912,6482
305,X_VALID,8,B5_EXACT_SELECTED_DIAGNOSTIC,1,0.01,64,0,1,13,EXACT_MODEL_SELECTION_FROZEN_BEFORE_LOCKED_TEST,5,0,-0.006096132188021471,-0.0009324530951656662,0.0019348902424640576,0.0069463010721517214,6482
305,X_VALID,8,B5_EXACT_SELECTED_DIAGNOSTIC,1,0.01,64,0,1,13,EXACT_MODEL_SELECTION_FROZEN_BEFORE_LOCKED_TEST,5,1,-0.0023575254722114167,-0.0009534587502718593,0.00018212266974285094,0.006947613394129889,6482
305,X_VALID,8,B5_EXACT_SELECTED_DIAGNOSTIC,1,0.01,64,0,1,13,EXACT_MODEL_SELECTION_FROZEN_BEFORE_LOCKED_TEST,5,2,-0.009098021548438787,-0.0010383578475227345,0.003414001251719686,0.0071162516254159175,6482
305,X_VALID,8,B5_EXACT_SELECTED_DIAGNOSTIC,1,0.01,64,0,1,13,EXACT_MODEL_SELECTION_FROZEN_BEFORE_LOCKED_TEST,5,3,0.0068469258167555445,-0.0010539355010666443,0.00040955748963442134,0.007069894096882981,6482
305,X_VALID,8,B5_EXACT_SELECTED_DIAGNOSTIC,1,0.01,64,0,1,13,EXACT_MODEL_SELECTION_FROZEN_BEFORE_LOCKED_TEST,5,4,-0.004943305230886233,-0.0008267748415392191,0.0010344705439081913,0.00693065292367361,6482
305,X_VALID,8,B5_EXACT_SELECTED_DIAGNOSTIC,1,0.01,64,0,1,13,EXACT_MODEL_SELECTION_FROZEN_BEFORE_LOCKED_TEST,5,5,-0.0046420270416078,-0.0008503452607465141,0.011029835594882208,0.006878509665042218,6482
305,X_VALID,8,B5_EXACT_SELECTED_DIAGNOSTIC,1,0.01,64,0,1,13,EXACT_MODEL_SELECTION_FROZEN_BEFORE_LOCKED_TEST,6,0,-0.003884141419973452,-0.0008501866775938045,0.0012328123967889676,0.006487729644288149,6482
305,X_VALID,8,B5_EXACT_SELECTED_DIAGNOSTIC,1,0.01,64,0,1,13,EXACT_MODEL_SELECTION_FROZEN_BEFORE_LOCKED_TEST,6,1,-0.0015020937953497309,-0.0008726451576875835,0.00011603918406728898,0.006498944396477025,6482
305,X_VALID,8,B5_EXACT_SELECTED_DIAGNOSTIC,1,0.01,64,0,1,13,EXACT_MODEL_SELECTION_FROZEN_BEFORE_LOCKED_TEST,6,2,-0.005796790693866367,-0.0009487101580967888,0.002175225743251048,0.006639107995138757,6482
305,X_VALID,8,B5_EXACT_SELECTED_DIAGNOSTIC,1,0.01,64,0,1,13,EXACT_MODEL_SELECTION_FROZEN_BEFORE_LOCKED_TEST,6,3,0.004362508447012056,-0.0009662136671758909,0.00026094893619189923,0.0065734849684083866,6482
305,X_VALID,8,B5_EXACT_SELECTED_DIAGNOSTIC,1,0.01,64,0,1,13,EXACT_MODEL_SELECTION_FROZEN_BEFORE_LOCKED_TEST,6,4,-0.0031496194647131263,-0.0007525741054208683,0.0006591113452610914,0.006494091185605407,6482
305,X_VALID,8,B5_EXACT_SELECTED_DIAGNOSTIC,1,0.01,64,0,1,13,EXACT_MODEL_SELECTION_FROZEN_BEFORE_LOCKED_TEST,6,5,-0.0029576605212685673,-0.0007820074484169038,0.007027643097005068,0.006455140173393302,6482
305,X_VALID,8,B5_EXACT_SELECTED_DIAGNOSTIC,1,0.01,64,0,1,13,EXACT_MODEL_SELECTION_FROZEN_BEFORE_LOCKED_TEST,7,0,-0.003884141419973452,-0.0008501866775938045,0.0012328123967889676,0.006487729644288149,6482
305,X_VALID,8,B5_EXACT_SELECTED_DIAGNOSTIC,1,0.01,64,0,1,13,EXACT_MODEL_SELECTION_FROZEN_BEFORE_LOCKED_TEST,7,1,-0.0015020937953497309,-0.0008726451576875835,0.00011603918406728898,0.006498944396477025,6482
305,X_VALID,8,B5_EXACT_SELECTED_DIAGNOSTIC,1,0.01,64,0,1,13,EXACT_MODEL_SELECTION_FROZEN_BEFORE_LOCKED_TEST,7,2,-0.005796790693866367,-0.0009487101580967888,0.002175225743251048,0.006639107995138757,6482
305,X_VALID,8,B5_EXACT_SELECTED_DIAGNOSTIC,1,0.01,64,0,1,13,EXACT_MODEL_SELECTION_FROZEN_BEFORE_LOCKED_TEST,7,3,0.004362508447012056,-0.0009662136671758909,0.00026094893619189923,0.0065734849684083866,6482
305,X_VALID,8,B5_EXACT_SELECTED_DIAGNOSTIC,1,0.01,64,0,1,13,EXACT_MODEL_SELECTION_FROZEN_BEFORE_LOCKED_TEST,7,4,-0.0031496194647131263,-0.0007525741054208683,0.0006591113452610914,0.006494091185605407,6482
305,X_VALID,8,B5_EXACT_SELECTED_DIAGNOSTIC,1,0.01,64,0,1,13,EXACT_MODEL_SELECTION_FROZEN_BEFORE_LOCKED_TEST,7,5,-0.0029576605212685673,-0.0007820074484169038,0.007027643097005068,0.006455140173393302,6482
305,X_VALID,8,B5_EXACT_SELECTED_DIAGNOSTIC,1,0.01,64,0,1,13,EXACT_MODEL_SELECTION_FROZEN_BEFORE_LOCKED_TEST,8,0,-0.003884141419973452,-0.0008501866775938045,0.0012328123967889676,0.006487729644288149,6482
305,X_VALID,8,B5_EXACT_SELECTED_DIAGNOSTIC,1,0.01,64,0,1,13,EXACT_MODEL_SELECTION_FROZEN_BEFORE_LOCKED_TEST,8,1,-0.0015020937953497309,-0.0008726451576875835,0.00011603918406728898,0.006498944396477025,6482
305,X_VALID,8,B5_EXACT_SELECTED_DIAGNOSTIC,1,0.01,64,0,1,13,EXACT_MODEL_SELECTION_FROZEN_BEFORE_LOCKED_TEST,8,2,-0.005796790693866367,-0.0009487101580967888,0.002175225743251048,0.006639107995138757,6482
305,X_VALID,8,B5_EXACT_SELECTED_DIAGNOSTIC,1,0.01,64,0,1,13,EXACT_MODEL_SELECTION_FROZEN_BEFORE_LOCKED_TEST,8,3,0.004362508447012056,-0.0009662136671758909,0.00026094893619189923,0.0065734849684083866,6482
305,X_VALID,8,B5_EXACT_SELECTED_DIAGNOSTIC,1,0.01,64,0,1,13,EXACT_MODEL_SELECTION_FROZEN_BEFORE_LOCKED_TEST,8,4,-0.0031496194647131263,-0.0007525741054208683,0.0006591113452610914,0.006494091185605407,6482
305,X_VALID,8,B5_EXACT_SELECTED_DIAGNOSTIC,1,0.01,64,0,1,13,EXACT_MODEL_SELECTION_FROZEN_BEFORE_LOCKED_TEST,8,5,-0.0029576605212685673,-0.0007820074484169038,0.007027643097005068,0.006455140173393302,6482
305,X_VALID,8,B5_EXACT_SELECTED_DIAGNOSTIC,1,0.01,64,0,1,13,EXACT_MODEL_SELECTION_FROZEN_BEFORE_LOCKED_TEST,9,0,-0.008789833971929362,-0.0007550466233118466,0.0027898614171430955,0.006231430497683407,6482
305,X_VALID,8,B5_EXACT_SELECTED_DIAGNOSTIC,1,0.01,64,0,1,13,EXACT_MODEL_SELECTION_FROZEN_BEFORE_LOCKED_TEST,9,1,-0.003399246743049745,-0.0007632719256202147,0.000262597328960436,0.0062203736288093635,6482
305,X_VALID,8,B5_EXACT_SELECTED_DIAGNOSTIC,1,0.01,64,0,1,13,EXACT_MODEL_SELECTION_FROZEN_BEFORE_LOCKED_TEST,9,2,-0.01311817008183467,-0.0008563656569997603,0.004922548143155416,0.006373748686623554,6482
305,X_VALID,8,B5_EXACT_SELECTED_DIAGNOSTIC,1,0.01,64,0,1,13,EXACT_MODEL_SELECTION_FROZEN_BEFORE_LOCKED_TEST,9,3,0.009872381256045377,-0.0008604506345764295,0.0005905289165022374,0.006289529860227567,6482
305,X_VALID,8,B5_EXACT_SELECTED_DIAGNOSTIC,1,0.01,64,0,1,13,EXACT_MODEL_SELECTION_FROZEN_BEFORE_LOCKED_TEST,9,4,-0.007127606638425291,-0.0006615943329391442,0.0014915726971392307,0.006202901588503199,6482
305,X_VALID,8,B5_EXACT_SELECTED_DIAGNOSTIC,1,0.01,64,0,1,13,EXACT_MODEL_SELECTION_FROZEN_BEFORE_LOCKED_TEST,9,5,-0.006693202465181725,-0.0006753290477839007,0.015903596022276714,0.006138105791657403,6482
305,X_VALID,8,B5_EXACT_SELECTED_DIAGNOSTIC,1,0.01,64,0,1,13,EXACT_MODEL_SELECTION_FROZEN_BEFORE_LOCKED_TEST,10,0,-0.008394271940571579,-0.0008333196758032567,0.00266431146331051,0.0068036320744769745,6482
305,X_VALID,8,B5_EXACT_SELECTED_DIAGNOSTIC,1,0.01,64,0,1,13,EXACT_MODEL_SELECTION_FROZEN_BEFORE_LOCKED_TEST,10,1,-0.0032462730974654095,-0.0008398541694205035,0.00025077986651411075,0.006782659043804112,6482
305,X_VALID,8,B5_EXACT_SELECTED_DIAGNOSTIC,1,0.01,64,0,1,13,EXACT_MODEL_SELECTION_FROZEN_BEFORE_LOCKED_TEST,10,2,-0.012527823321948331,-0.0009429941705869869,0.0047010225547106975,0.006937459621780946,6482
305,X_VALID,8,B5_EXACT_SELECTED_DIAGNOSTIC,1,0.01,64,0,1,13,EXACT_MODEL_SELECTION_FROZEN_BEFORE_LOCKED_TEST,10,3,0.00942810219497881,-0.0009459552081773082,0.000563953805011725,0.006844147859500772,6482
305,X_VALID,8,B5_EXACT_SELECTED_DIAGNOSTIC,1,0.01,64,0,1,13,EXACT_MODEL_SELECTION_FROZEN_BEFORE_LOCKED_TEST,10,4,-0.00680684852517553,-0.0007350752185289189,0.0014244486163110352,0.006786908867636583,6482
305,X_VALID,8,B5_EXACT_SELECTED_DIAGNOSTIC,1,0.01,64,0,1,13,EXACT_MODEL_SELECTION_FROZEN_BEFORE_LOCKED_TEST,10,5,-0.006391993503570926,-0.0007474483908437458,0.015187898914850638,0.006705994754460191,6482
305,X_VALID,8,B5_EXACT_SELECTED_DIAGNOSTIC,1,0.01,64,0,1,13,EXACT_MODEL_SELECTION_FROZEN_BEFORE_LOCKED_TEST,11,0,-0.008789833971929362,-0.0007550466233118466,0.0027898614171430955,0.006231430497683407,6482
305,X_VALID,8,B5_EXACT_SELECTED_DIAGNOSTIC,1,0.01,64,0,1,13,EXACT_MODEL_SELECTION_FROZEN_BEFORE_LOCKED_TEST,11,1,-0.003399246743049745,-0.0007632719256202147,0.000262597328960436,0.0062203736288093635,6482
305,X_VALID,8,B5_EXACT_SELECTED_DIAGNOSTIC,1,0.01,64,0,1,13,EXACT_MODEL_SELECTION_FROZEN_BEFORE_LOCKED_TEST,11,2,-0.01311817008183467,-0.0008563656569997603,0.004922548143155416,0.006373748686623554,6482
305,X_VALID,8,B5_EXACT_SELECTED_DIAGNOSTIC,1,0.01,64,0,1,13,EXACT_MODEL_SELECTION_FROZEN_BEFORE_LOCKED_TEST,11,3,0.009872381256045377,-0.0008604506345764295,0.0005905289165022374,0.006289529860227567,6482
305,X_VALID,8,B5_EXACT_SELECTED_DIAGNOSTIC,1,0.01,64,0,1,13,EXACT_MODEL_SELECTION_FROZEN_BEFORE_LOCKED_TEST,11,4,-0.007127606638425291,-0.0006615943329391442,0.0014915726971392307,0.006202901588503199,6482
305,X_VALID,8,B5_EXACT_SELECTED_DIAGNOSTIC,1,0.01,64,0,1,13,EXACT_MODEL_SELECTION_FROZEN_BEFORE_LOCKED_TEST,11,5,-0.006693202465181725,-0.0006753290477839007,0.015903596022276714,0.006138105791657403,6482
305,X_VALID,24,B5_EXACT_SELECTED_DIAGNOSTIC,1,0.01,64,0,1,10,EXACT_MODEL_SELECTION_FROZEN_BEFORE_LOCKED_TEST,0,0,-0.0073847555116645985,-0.0001627615606255266,-0.0007288426672128256,0.0006409841273507096,6719
305,X_VALID,24,B5_EXACT_SELECTED_DIAGNOSTIC,1,0.01,64,0,1,10,EXACT_MODEL_SELECTION_FROZEN_BEFORE_LOCKED_TEST,0,1,0.0028322634831283357,-0.00011347712914249082,-0.003706594213971244,0.0006437365041715658,6719
305,X_VALID,24,B5_EXACT_SELECTED_DIAGNOSTIC,1,0.01,64,0,1,10,EXACT_MODEL_SELECTION_FROZEN_BEFORE_LOCKED_TEST,0,2,0.00461361504073094,-0.0002566922213855302,-0.0016080628238045113,0.0006922086759591165,6719
305,X_VALID,24,B5_EXACT_SELECTED_DIAGNOSTIC,1,0.01,64,0,1,10,EXACT_MODEL_SELECTION_FROZEN_BEFORE_LOCKED_TEST,0,3,-0.0034542220668039914,-0.00019689226483700882,0.00205906293860965,0.0007079458878289885,6719
305,X_VALID,24,B5_EXACT_SELECTED_DIAGNOSTIC,1,0.01,64,0,1,10,EXACT_MODEL_SELECTION_FROZEN_BEFORE_LOCKED_TEST,0,4,-0.0005183123121554667,-0.0003170476694750006,-0.0022168845150678197,0.0006924683474398884,6719
305,X_VALID,24,B5_EXACT_SELECTED_DIAGNOSTIC,1,0.01,64,0,1,10,EXACT_MODEL_SELECTION_FROZEN_BEFORE_LOCKED_TEST,0,5,-0.006588202924215335,-0.0002569312053518312,0.0017276427251632165,0.0007030115167391005,6719
305,X_VALID,24,B5_EXACT_SELECTED_DIAGNOSTIC,1,0.01,64,0,1,10,EXACT_MODEL_SELECTION_FROZEN_BEFORE_LOCKED_TEST,1,0,-0.0073847555116645985,-0.0001627615606255266,-0.0007288426672128256,0.0006409841273507096,6719
305,X_VALID,24,B5_EXACT_SELECTED_DIAGNOSTIC,1,0.01,64,0,1,10,EXACT_MODEL_SELECTION_FROZEN_BEFORE_LOCKED_TEST,1,1,0.0028322634831283357,-0.00011347712914249082,-0.003706594213971244,0.0006437365041715658,6719
305,X_VALID,24,B5_EXACT_SELECTED_DIAGNOSTIC,1,0.01,64,0,1,10,EXACT_MODEL_SELECTION_FROZEN_BEFORE_LOCKED_TEST,1,2,0.00461361504073094,-0.0002566922213855302,-0.0016080628238045113,0.0006922086759591165,6719
305,X_VALID,24,B5_EXACT_SELECTED_DIAGNOSTIC,1,0.01,64,0,1,10,EXACT_MODEL_SELECTION_FROZEN_BEFORE_LOCKED_TEST,1,3,-0.0034542220668039914,-0.00019689226483700882,0.00205906293860965,0.0007079458878289885,6719
305,X_VALID,24,B5_EXACT_SELECTED_DIAGNOSTIC,1,0.01,64,0,1,10,EXACT_MODEL_SELECTION_FROZEN_BEFORE_LOCKED_TEST,1,4,-0.0005183123121554667,-0.0003170476694750006,-0.0022168845150678197,0.0006924683474398884,6719
305,X_VALID,24,B5_EXACT_SELECTED_DIAGNOSTIC,1,0.01,64,0,1,10,EXACT_MODEL_SELECTION_FROZEN_BEFORE_LOCKED_TEST,1,5,-0.006588202924215335,-0.0002569312053518312,0.0017276427251632165,0.0007030115167391005,6719
305,X_VALID,24,B5_EXACT_SELECTED_DIAGNOSTIC,1,0.01,64,0,1,10,EXACT_MODEL_SELECTION_FROZEN_BEFORE_LOCKED_TEST,2,0,-0.0073847555116645985,-0.0001627615606255266,-0.0007288426672128256,0.0006409841273507096,6719
305,X_VALID,24,B5_EXACT_SELECTED_DIAGNOSTIC,1,0.01,64,0,1,10,EXACT_MODEL_SELECTION_FROZEN_BEFORE_LOCKED_TEST,2,1,0.0028322634831283357,-0.00011347712914249082,-0.003706594213971244,0.0006437365041715658,6719
305,X_VALID,24,B5_EXACT_SELECTED_DIAGNOSTIC,1,0.01,64,0,1,10,EXACT_MODEL_SELECTION_FROZEN_BEFORE_LOCKED_TEST,2,2,0.00461361504073094,-0.0002566922213855302,-0.0016080628238045113,0.0006922086759591165,6719
305,X_VALID,24,B5_EXACT_SELECTED_DIAGNOSTIC,1,0.01,64,0,1,10,EXACT_MODEL_SELECTION_FROZEN_BEFORE_LOCKED_TEST,2,3,-0.0034542220668039914,-0.00019689226483700882,0.00205906293860965,0.0007079458878289885,6719
305,X_VALID,24,B5_EXACT_SELECTED_DIAGNOSTIC,1,0.01,64,0,1,10,EXACT_MODEL_SELECTION_FROZEN_BEFORE_LOCKED_TEST,2,4,-0.0005183123121554667,-0.0003170476694750006,-0.0022168845150678197,0.0006924683474398884,6719
305,X_VALID,24,B5_EXACT_SELECTED_DIAGNOSTIC,1,0.01,64,0,1,10,EXACT_MODEL_SELECTION_FROZEN_BEFORE_LOCKED_TEST,2,5,-0.006588202924215335,-0.0002569312053518312,0.0017276427251632165,0.0007030115167391005,6719
305,X_VALID,24,B5_EXACT_SELECTED_DIAGNOSTIC,1,0.01,64,0,1,10,EXACT_MODEL_SELECTION_FROZEN_BEFORE_LOCKED_TEST,3,0,-0.0038221789076035655,-2.1419297298741712e-05,-0.0003772321324899823,0.0005751192858363022,6719
305,X_VALID,24,B5_EXACT_SELECTED_DIAGNOSTIC,1,0.01,64,0,1,10,EXACT_MODEL_SELECTION_FROZEN_BEFORE_LOCKED_TEST,3,1,0.0014659141699260908,0.0001357149048291257,-0.0019184475642163624,0.0005126966330591221,6719
305,X_VALID,24,B5_EXACT_SELECTED_DIAGNOSTIC,1,0.01,64,0,1,10,EXACT_MODEL_SELECTION_FROZEN_BEFORE_LOCKED_TEST,3,2,0.0023879005972006055,1.3015029083808758e-05,-0.0008322961806303038,0.0005560391241423131,6719
305,X_VALID,24,B5_EXACT_SELECTED_DIAGNOSTIC,1,0.01,64,0,1,10,EXACT_MODEL_SELECTION_FROZEN_BEFORE_LOCKED_TEST,3,3,-0.0017878255691827223,0.00018153028856472916,0.0010657234245535668,0.00048446138555083474,6719
305,X_VALID,24,B5_EXACT_SELECTED_DIAGNOSTIC,1,0.01,64,0,1,10,EXACT_MODEL_SELECTION_FROZEN_BEFORE_LOCKED_TEST,3,4,-0.0002682664827485004,-0.00019141649973944812,-0.0011474082277607054,0.0006345516762906645,6719
305,X_VALID,24,B5_EXACT_SELECTED_DIAGNOSTIC,1,0.01,64,0,1,10,EXACT_MODEL_SELECTION_FROZEN_BEFORE_LOCKED_TEST,3,5,-0.0034099016841076003,-2.870215432874794e-05,0.0008941879759679585,0.000593547375357712,6719
305,X_VALID,24,B5_EXACT_SELECTED_DIAGNOSTIC,1,0.01,64,0,1,10,EXACT_MODEL_SELECTION_FROZEN_BEFORE_LOCKED_TEST,4,0,-0.0038221789076035655,-2.1419297298741712e-05,-0.0003772321324899823,0.0005751192858363022,6719
305,X_VALID,24,B5_EXACT_SELECTED_DIAGNOSTIC,1,0.01,64,0,1,10,EXACT_MODEL_SELECTION_FROZEN_BEFORE_LOCKED_TEST,4,1,0.0014659141699260908,0.0001357149048291257,-0.0019184475642163624,0.0005126966330591221,6719
305,X_VALID,24,B5_EXACT_SELECTED_DIAGNOSTIC,1,0.01,64,0,1,10,EXACT_MODEL_SELECTION_FROZEN_BEFORE_LOCKED_TEST,4,2,0.0023879005972006055,1.3015029083808758e-05,-0.0008322961806303038,0.0005560391241423131,6719
305,X_VALID,24,B5_EXACT_SELECTED_DIAGNOSTIC,1,0.01,64,0,1,10,EXACT_MODEL_SELECTION_FROZEN_BEFORE_LOCKED_TEST,4,3,-0.0017878255691827223,0.00018153028856472916,0.0010657234245535668,0.00048446138555083474,6719
305,X_VALID,24,B5_EXACT_SELECTED_DIAGNOSTIC,1,0.01,64,0,1,10,EXACT_MODEL_SELECTION_FROZEN_BEFORE_LOCKED_TEST,4,4,-0.0002682664827485004,-0.00019141649973944812,-0.0011474082277607054,0.0006345516762906645,6719
305,X_VALID,24,B5_EXACT_SELECTED_DIAGNOSTIC,1,0.01,64,0,1,10,EXACT_MODEL_SELECTION_FROZEN_BEFORE_LOCKED_TEST,4,5,-0.0034099016841076003,-2.870215432874794e-05,0.0008941879759679585,0.000593547375357712,6719
305,X_VALID,24,B5_EXACT_SELECTED_DIAGNOSTIC,1,0.01,64,0,1,10,EXACT_MODEL_SELECTION_FROZEN_BEFORE_LOCKED_TEST,5,0,-0.0038221789076035655,-2.1419297298741712e-05,-0.0003772321324899823,0.0005751192858363022,6719
305,X_VALID,24,B5_EXACT_SELECTED_DIAGNOSTIC,1,0.01,64,0,1,10,EXACT_MODEL_SELECTION_FROZEN_BEFORE_LOCKED_TEST,5,1,0.0014659141699260908,0.0001357149048291257,-0.0019184475642163624,0.0005126966330591221,6719
305,X_VALID,24,B5_EXACT_SELECTED_DIAGNOSTIC,1,0.01,64,0,1,10,EXACT_MODEL_SELECTION_FROZEN_BEFORE_LOCKED_TEST,5,2,0.0023879005972006055,1.3015029083808758e-05,-0.0008322961806303038,0.0005560391241423131,6719
305,X_VALID,24,B5_EXACT_SELECTED_DIAGNOSTIC,1,0.01,64,0,1,10,EXACT_MODEL_SELECTION_FROZEN_BEFORE_LOCKED_TEST,5,3,-0.0017878255691827223,0.00018153028856472916,0.0010657234245535668,0.00048446138555083474,6719
305,X_VALID,24,B5_EXACT_SELECTED_DIAGNOSTIC,1,0.01,64,0,1,10,EXACT_MODEL_SELECTION_FROZEN_BEFORE_LOCKED_TEST,5,4,-0.0002682664827485004,-0.00019141649973944812,-0.0011474082277607054,0.0006345516762906645,6719
305,X_VALID,24,B5_EXACT_SELECTED_DIAGNOSTIC,1,0.01,64,0,1,10,EXACT_MODEL_SELECTION_FROZEN_BEFORE_LOCKED_TEST,5,5,-0.0034099016841076003,-2.870215432874794e-05,0.0008941879759679585,0.000593547375357712,6719
305,X_VALID,24,B5_EXACT_SELECTED_DIAGNOSTIC,1,0.01,64,0,1,10,EXACT_MODEL_SELECTION_FROZEN_BEFORE_LOCKED_TEST,6,0,-0.006935925005725246,5.187823339126291e-06,-0.000684545083825182,0.0005589112382326774,6719
305,X_VALID,24,B5_EXACT_SELECTED_DIAGNOSTIC,1,0.01,64,0,1,10,EXACT_MODEL_SELECTION_FROZEN_BEFORE_LOCKED_TEST,6,1,0.0026601242362598206,1.7748739217955667e-05,-0.003481314913425571,0.000567831470125734,6719
305,X_VALID,24,B5_EXACT_SELECTED_DIAGNOSTIC,1,0.01,64,0,1,10,EXACT_MODEL_SELECTION_FROZEN_BEFORE_LOCKED_TEST,6,2,0.004333208848586883,-9.437709841040275e-05,-0.0015103280173304966,0.0006055329074808226,6719
305,X_VALID,24,B5_EXACT_SELECTED_DIAGNOSTIC,1,0.01,64,0,1,10,EXACT_MODEL_SELECTION_FROZEN_BEFORE_LOCKED_TEST,6,3,-0.0032442814349954423,-7.005101433931483e-05,0.0019339172572072842,0.0006281392516707609,6719
305,X_VALID,24,B5_EXACT_SELECTED_DIAGNOSTIC,1,0.01,64,0,1,10,EXACT_MODEL_SELECTION_FROZEN_BEFORE_LOCKED_TEST,6,4,-0.00048681033799642036,-0.00011102581663290437,-0.002082146757408091,0.0006046000996519936,6719
305,X_VALID,24,B5_EXACT_SELECTED_DIAGNOSTIC,1,0.01,64,0,1,10,EXACT_MODEL_SELECTION_FROZEN_BEFORE_LOCKED_TEST,6,5,-0.006187785273687029,-8.40249007267527e-05,0.001622640094108927,0.000612157034282997,6719
305,X_VALID,24,B5_EXACT_SELECTED_DIAGNOSTIC,1,0.01,64,0,1,10,EXACT_MODEL_SELECTION_FROZEN_BEFORE_LOCKED_TEST,7,0,-0.009117654218191473,-0.00029440109597910917,-0.0008998720957808681,0.0007980177740880351,6719
305,X_VALID,24,B5_EXACT_SELECTED_DIAGNOSTIC,1,0.01,64,0,1,10,EXACT_MODEL_SELECTION_FROZEN_BEFORE_LOCKED_TEST,7,1,0.003496879355475621,-0.00046951773591662654,-0.004576379585858649,0.0009235173127025627,6719
305,X_VALID,24,B5_EXACT_SELECTED_DIAGNOSTIC,1,0.01,64,0,1,10,EXACT_MODEL_SELECTION_FROZEN_BEFORE_LOCKED_TEST,7,2,0.005696240934556018,-0.0007131686860886449,-0.001985409099247644,0.0010228659406761149,6719
305,X_VALID,24,B5_EXACT_SELECTED_DIAGNOSTIC,1,0.01,64,0,1,10,EXACT_MODEL_SELECTION_FROZEN_BEFORE_LOCKED_TEST,7,3,-0.00426478606478149,-0.0008872079722714003,0.002542240411084943,0.001215460017894639,6719
305,X_VALID,24,B5_EXACT_SELECTED_DIAGNOSTIC,1,0.01,64,0,1,10,EXACT_MODEL_SELECTION_FROZEN_BEFORE_LOCKED_TEST,7,4,-0.0006399389162986156,-0.0003945848402640625,-0.0027370962272379,0.0008228036910312387,6719
305,X_VALID,24,B5_EXACT_SELECTED_DIAGNOSTIC,1,0.01,64,0,1,10,EXACT_MODEL_SELECTION_FROZEN_BEFORE_LOCKED_TEST,7,5,-0.008134183465842758,-0.000550394268347521,0.0021330494903630927,0.0009281655495668432,6719
305,X_VALID,24,B5_EXACT_SELECTED_DIAGNOSTIC,1,0.01,64,0,1,10,EXACT_MODEL_SELECTION_FROZEN_BEFORE_LOCKED_TEST,8,0,-0.006935925005725246,5.187823339126291e-06,-0.000684545083825182,0.0005589112382326774,6719
305,X_VALID,24,B5_EXACT_SELECTED_DIAGNOSTIC,1,0.01,64,0,1,10,EXACT_MODEL_SELECTION_FROZEN_BEFORE_LOCKED_TEST,8,1,0.0026601242362598206,1.7748739217955667e-05,-0.003481314913425571,0.000567831470125734,6719
305,X_VALID,24,B5_EXACT_SELECTED_DIAGNOSTIC,1,0.01,64,0,1,10,EXACT_MODEL_SELECTION_FROZEN_BEFORE_LOCKED_TEST,8,2,0.004333208848586883,-9.437709841040275e-05,-0.0015103280173304966,0.0006055329074808226,6719
305,X_VALID,24,B5_EXACT_SELECTED_DIAGNOSTIC,1,0.01,64,0,1,10,EXACT_MODEL_SELECTION_FROZEN_BEFORE_LOCKED_TEST,8,3,-0.0032442814349954423,-7.005101433931483e-05,0.0019339172572072842,0.0006281392516707609,6719
305,X_VALID,24,B5_EXACT_SELECTED_DIAGNOSTIC,1,0.01,64,0,1,10,EXACT_MODEL_SELECTION_FROZEN_BEFORE_LOCKED_TEST,8,4,-0.00048681033799642036,-0.00011102581663290437,-0.002082146757408091,0.0006046000996519936,6719
305,X_VALID,24,B5_EXACT_SELECTED_DIAGNOSTIC,1,0.01,64,0,1,10,EXACT_MODEL_SELECTION_FROZEN_BEFORE_LOCKED_TEST,8,5,-0.006187785273687029,-8.40249007267527e-05,0.001622640094108927,0.000612157034282997,6719
305,X_VALID,24,B5_EXACT_SELECTED_DIAGNOSTIC,1,0.01,64,0,1,10,EXACT_MODEL_SELECTION_FROZEN_BEFORE_LOCKED_TEST,9,0,-0.005351948124985435,0.0001177506458853184,-0.0005282135799943093,0.0004918710012429233,6719
305,X_VALID,24,B5_EXACT_SELECTED_DIAGNOSTIC,1,0.01,64,0,1,10,EXACT_MODEL_SELECTION_FROZEN_BEFORE_LOCKED_TEST,9,1,0.002052624113831579,0.00010595727524320582,-0.0026862771451554375,0.0005021260913583084,6719
305,X_VALID,24,B5_EXACT_SELECTED_DIAGNOSTIC,1,0.01,64,0,1,10,EXACT_MODEL_SELECTION_FROZEN_BEFORE_LOCKED_TEST,9,2,0.0033436216442971657,4.1685944769588014e-05,-0.0011654101210426388,0.000536601573536357,6719
305,X_VALID,24,B5_EXACT_SELECTED_DIAGNOSTIC,1,0.01,64,0,1,10,EXACT_MODEL_SELECTION_FROZEN_BEFORE_LOCKED_TEST,9,3,-0.0025033756749988623,4.2248447956327643e-05,0.0014922630838776268,0.0005604751551814047,6719
305,X_VALID,24,B5_EXACT_SELECTED_DIAGNOSTIC,1,0.01,64,0,1,10,EXACT_MODEL_SELECTION_FROZEN_BEFORE_LOCKED_TEST,9,4,-0.0003756360793279712,4.3833585053135636e-05,-0.0016066409923775591,0.0005359904014814613,6719
305,X_VALID,24,B5_EXACT_SELECTED_DIAGNOSTIC,1,0.01,64,0,1,10,EXACT_MODEL_SELECTION_FROZEN_BEFORE_LOCKED_TEST,9,5,-0.004774663187099871,4.827540885202498e-05,0.0012520731700564867,0.0005391827657168273,6719
305,X_VALID,24,B5_EXACT_SELECTED_DIAGNOSTIC,1,0.01,64,0,1,10,EXACT_MODEL_SELECTION_FROZEN_BEFORE_LOCKED_TEST,10,0,-0.005351948124985435,0.0001177506458853184,-0.0005282135799943093,0.0004918710012429233,6719
305,X_VALID,24,B5_EXACT_SELECTED_DIAGNOSTIC,1,0.01,64,0,1,10,EXACT_MODEL_SELECTION_FROZEN_BEFORE_LOCKED_TEST,10,1,0.002052624113831579,0.00010595727524320582,-0.0026862771451554375,0.0005021260913583084,6719
305,X_VALID,24,B5_EXACT_SELECTED_DIAGNOSTIC,1,0.01,64,0,1,10,EXACT_MODEL_SELECTION_FROZEN_BEFORE_LOCKED_TEST,10,2,0.0033436216442971657,4.1685944769588014e-05,-0.0011654101210426388,0.000536601573536357,6719
305,X_VALID,24,B5_EXACT_SELECTED_DIAGNOSTIC,1,0.01,64,0,1,10,EXACT_MODEL_SELECTION_FROZEN_BEFORE_LOCKED_TEST,10,3,-0.0025033756749988623,4.2248447956327643e-05,0.0014922630838776268,0.0005604751551814047,6719
305,X_VALID,24,B5_EXACT_SELECTED_DIAGNOSTIC,1,0.01,64,0,1,10,EXACT_MODEL_SELECTION_FROZEN_BEFORE_LOCKED_TEST,10,4,-0.0003756360793279712,4.3833585053135636e-05,-0.0016066409923775591,0.0005359904014814613,6719
305,X_VALID,24,B5_EXACT_SELECTED_DIAGNOSTIC,1,0.01,64,0,1,10,EXACT_MODEL_SELECTION_FROZEN_BEFORE_LOCKED_TEST,10,5,-0.004774663187099871,4.827540885202498e-05,0.0012520731700564867,0.0005391827657168273,6719
305,X_VALID,24,B5_EXACT_SELECTED_DIAGNOSTIC,1,0.01,64,0,1,10,EXACT_MODEL_SELECTION_FROZEN_BEFORE_LOCKED_TEST,11,0,-0.005351948124985435,0.0001177506458853184,-0.0005282135799943093,0.0004918710012429233,6719
305,X_VALID,24,B5_EXACT_SELECTED_DIAGNOSTIC,1,0.01,64,0,1,10,EXACT_MODEL_SELECTION_FROZEN_BEFORE_LOCKED_TEST,11,1,0.002052624113831579,0.00010595727524320582,-0.0026862771451554375,0.0005021260913583084,6719
305,X_VALID,24,B5_EXACT_SELECTED_DIAGNOSTIC,1,0.01,64,0,1,10,EXACT_MODEL_SELECTION_FROZEN_BEFORE_LOCKED_TEST,11,2,0.0033436216442971657,4.1685944769588014e-05,-0.0011654101210426388,0.000536601573536357,6719
305,X_VALID,24,B5_EXACT_SELECTED_DIAGNOSTIC,1,0.01,64,0,1,10,EXACT_MODEL_SELECTION_FROZEN_BEFORE_LOCKED_TEST,11,3,-0.0025033756749988623,4.2248447956327643e-05,0.0014922630838776268,0.0005604751551814047,6719
305,X_VALID,24,B5_EXACT_SELECTED_DIAGNOSTIC,1,0.01,64,0,1,10,EXACT_MODEL_SELECTION_FROZEN_BEFORE_LOCKED_TEST,11,4,-0.0003756360793279712,4.3833585053135636e-05,-0.0016066409923775591,0.0005359904014814613,6719
305,X_VALID,24,B5_EXACT_SELECTED_DIAGNOSTIC,1,0.01,64,0,1,10,EXACT_MODEL_SELECTION_FROZEN_BEFORE_LOCKED_TEST,11,5,-0.004774663187099871,4.827540885202498e-05,0.0012520731700564867,0.0005391827657168273,6719
305,X_VALID,40,B5_EXACT_SELECTED_DIAGNOSTIC,1,0.01,64,0,1,9,EXACT_MODEL_SELECTION_FROZEN_BEFORE_LOCKED_TEST,0,0,0.0034834014593641467,6.151183768523273e-05,-0.001509071570572212,0.00036013459888422516,6956
305,X_VALID,40,B5_EXACT_SELECTED_DIAGNOSTIC,1,0.01,64,0,1,9,EXACT_MODEL_SELECTION_FROZEN_BEFORE_LOCKED_TEST,0,1,0.00657309402691032,0.0002173321330777017,-0.0058027684963022075,0.00023491777460129802,6956
305,X_VALID,40,B5_EXACT_SELECTED_DIAGNOSTIC,1,0.01,64,0,1,9,EXACT_MODEL_SELECTION_FROZEN_BEFORE_LOCKED_TEST,0,2,0.006856892900760223,0.0002680250434854217,-0.0053017923431313155,0.0001406247688800442,6956
305,X_VALID,40,B5_EXACT_SELECTED_DIAGNOSTIC,1,0.01,64,0,1,9,EXACT_MODEL_SELECTION_FROZEN_BEFORE_LOCKED_TEST,0,3,-0.006442557480050012,0.0003250683904158982,0.0025107016958204084,-0.00035119325611588465,6956
305,X_VALID,40,B5_EXACT_SELECTED_DIAGNOSTIC,1,0.01,64,0,1,9,EXACT_MODEL_SELECTION_FROZEN_BEFORE_LOCKED_TEST,0,4,-0.004355245130503657,-9.636912460587257e-05,0.004930056457260452,0.00036074636277050965,6956
305,X_VALID,40,B5_EXACT_SELECTED_DIAGNOSTIC,1,0.01,64,0,1,9,EXACT_MODEL_SELECTION_FROZEN_BEFORE_LOCKED_TEST,0,5,-0.015325767987349586,0.00011076407051817047,0.002628883136807555,0.0003786982311949634,6956
305,X_VALID,40,B5_EXACT_SELECTED_DIAGNOSTIC,1,0.01,64,0,1,9,EXACT_MODEL_SELECTION_FROZEN_BEFORE_LOCKED_TEST,1,0,0.0034834014593641467,6.151183768523273e-05,-0.001509071570572212,0.00036013459888422516,6956
305,X_VALID,40,B5_EXACT_SELECTED_DIAGNOSTIC,1,0.01,64,0,1,9,EXACT_MODEL_SELECTION_FROZEN_BEFORE_LOCKED_TEST,1,1,0.00657309402691032,0.0002173321330777017,-0.0058027684963022075,0.00023491777460129802,6956
305,X_VALID,40,B5_EXACT_SELECTED_DIAGNOSTIC,1,0.01,64,0,1,9,EXACT_MODEL_SELECTION_FROZEN_BEFORE_LOCKED_TEST,1,2,0.006856892900760223,0.0002680250434854217,-0.0053017923431313155,0.0001406247688800442,6956
305,X_VALID,40,B5_EXACT_SELECTED_DIAGNOSTIC,1,0.01,64,0,1,9,EXACT_MODEL_SELECTION_FROZEN_BEFORE_LOCKED_TEST,1,3,-0.006442557480050012,0.0003250683904158982,0.0025107016958204084,-0.00035119325611588465,6956
305,X_VALID,40,B5_EXACT_SELECTED_DIAGNOSTIC,1,0.01,64,0,1,9,EXACT_MODEL_SELECTION_FROZEN_BEFORE_LOCKED_TEST,1,4,-0.004355245130503657,-9.636912460587257e-05,0.004930056457260452,0.00036074636277050965,6956
305,X_VALID,40,B5_EXACT_SELECTED_DIAGNOSTIC,1,0.01,64,0,1,9,EXACT_MODEL_SELECTION_FROZEN_BEFORE_LOCKED_TEST,1,5,-0.015325767987349586,0.00011076407051817047,0.002628883136807555,0.0003786982311949634,6956
305,X_VALID,40,B5_EXACT_SELECTED_DIAGNOSTIC,1,0.01,64,0,1,9,EXACT_MODEL_SELECTION_FROZEN_BEFORE_LOCKED_TEST,2,0,0.0034834014593641467,6.151183768523273e-05,-0.001509071570572212,0.00036013459888422516,6956
305,X_VALID,40,B5_EXACT_SELECTED_DIAGNOSTIC,1,0.01,64,0,1,9,EXACT_MODEL_SELECTION_FROZEN_BEFORE_LOCKED_TEST,2,1,0.00657309402691032,0.0002173321330777017,-0.0058027684963022075,0.00023491777460129802,6956
305,X_VALID,40,B5_EXACT_SELECTED_DIAGNOSTIC,1,0.01,64,0,1,9,EXACT_MODEL_SELECTION_FROZEN_BEFORE_LOCKED_TEST,2,2,0.006856892900760223,0.0002680250434854217,-0.0053017923431313155,0.0001406247688800442,6956
305,X_VALID,40,B5_EXACT_SELECTED_DIAGNOSTIC,1,0.01,64,0,1,9,EXACT_MODEL_SELECTION_FROZEN_BEFORE_LOCKED_TEST,2,3,-0.006442557480050012,0.0003250683904158982,0.0025107016958204084,-0.00035119325611588465,6956
305,X_VALID,40,B5_EXACT_SELECTED_DIAGNOSTIC,1,0.01,64,0,1,9,EXACT_MODEL_SELECTION_FROZEN_BEFORE_LOCKED_TEST,2,4,-0.004355245130503657,-9.636912460587257e-05,0.004930056457260452,0.00036074636277050965,6956
305,X_VALID,40,B5_EXACT_SELECTED_DIAGNOSTIC,1,0.01,64,0,1,9,EXACT_MODEL_SELECTION_FROZEN_BEFORE_LOCKED_TEST,2,5,-0.015325767987349586,0.00011076407051817047,0.002628883136807555,0.0003786982311949634,6956
305,X_VALID,40,B5_EXACT_SELECTED_DIAGNOSTIC,1,0.01,64,0,1,9,EXACT_MODEL_SELECTION_FROZEN_BEFORE_LOCKED_TEST,3,0,0.0032142381257605312,7.808605341840258e-05,-0.001392465219188355,0.0003556521387173788,6956
305,X_VALID,40,B5_EXACT_SELECTED_DIAGNOSTIC,1,0.01,64,0,1,9,EXACT_MODEL_SELECTION_FROZEN_BEFORE_LOCKED_TEST,3,1,0.006065189347816534,0.0002093146782679156,-0.005354387070613815,0.00027629585126778605,6956
305,X_VALID,40,B5_EXACT_SELECTED_DIAGNOSTIC,1,0.01,64,0,1,9,EXACT_MODEL_SELECTION_FROZEN_BEFORE_LOCKED_TEST,3,2,0.006327059009128201,0.0002645507075619361,-0.004892121474642956,0.0001416520888187383,6956
305,X_VALID,40,B5_EXACT_SELECTED_DIAGNOSTIC,1,0.01,64,0,1,9,EXACT_MODEL_SELECTION_FROZEN_BEFORE_LOCKED_TEST,3,3,-0.005944739393764977,0.00030709932088483424,0.0023166991250530918,-0.00027568844020816485,6956
305,X_VALID,40,B5_EXACT_SELECTED_DIAGNOSTIC,1,0.01,64,0,1,9,EXACT_MODEL_SELECTION_FROZEN_BEFORE_LOCKED_TEST,3,4,-0.004018714210464008,-7.033967211288646e-05,0.004549109717020966,0.0003466758752507927,6956
305,X_VALID,40,B5_EXACT_SELECTED_DIAGNOSTIC,1,0.01,64,0,1,9,EXACT_MODEL_SELECTION_FROZEN_BEFORE_LOCKED_TEST,3,5,-0.014141541922788098,0.00010783665382689486,0.0024257486554645383,0.0003837631808764409,6956
305,X_VALID,40,B5_EXACT_SELECTED_DIAGNOSTIC,1,0.01,64,0,1,9,EXACT_MODEL_SELECTION_FROZEN_BEFORE_LOCKED_TEST,4,0,0.0032142381257605312,7.808605341840258e-05,-0.001392465219188355,0.0003556521387173788,6956
305,X_VALID,40,B5_EXACT_SELECTED_DIAGNOSTIC,1,0.01,64,0,1,9,EXACT_MODEL_SELECTION_FROZEN_BEFORE_LOCKED_TEST,4,1,0.006065189347816534,0.0002093146782679156,-0.005354387070613815,0.00027629585126778605,6956
305,X_VALID,40,B5_EXACT_SELECTED_DIAGNOSTIC,1,0.01,64,0,1,9,EXACT_MODEL_SELECTION_FROZEN_BEFORE_LOCKED_TEST,4,2,0.006327059009128201,0.0002645507075619361,-0.004892121474642956,0.0001416520888187383,6956
305,X_VALID,40,B5_EXACT_SELECTED_DIAGNOSTIC,1,0.01,64,0,1,9,EXACT_MODEL_SELECTION_FROZEN_BEFORE_LOCKED_TEST,4,3,-0.005944739393764977,0.00030709932088483424,0.0023166991250530918,-0.00027568844020816485,6956
305,X_VALID,40,B5_EXACT_SELECTED_DIAGNOSTIC,1,0.01,64,0,1,9,EXACT_MODEL_SELECTION_FROZEN_BEFORE_LOCKED_TEST,4,4,-0.004018714210464008,-7.033967211288646e-05,0.004549109717020966,0.0003466758752507927,6956
305,X_VALID,40,B5_EXACT_SELECTED_DIAGNOSTIC,1,0.01,64,0,1,9,EXACT_MODEL_SELECTION_FROZEN_BEFORE_LOCKED_TEST,4,5,-0.014141541922788098,0.00010783665382689486,0.0024257486554645383,0.0003837631808764409,6956
305,X_VALID,40,B5_EXACT_SELECTED_DIAGNOSTIC,1,0.01,64,0,1,9,EXACT_MODEL_SELECTION_FROZEN_BEFORE_LOCKED_TEST,5,0,0.0032142381257605312,7.808605341840258e-05,-0.001392465219188355,0.0003556521387173788,6956
305,X_VALID,40,B5_EXACT_SELECTED_DIAGNOSTIC,1,0.01,64,0,1,9,EXACT_MODEL_SELECTION_FROZEN_BEFORE_LOCKED_TEST,5,1,0.006065189347816534,0.0002093146782679156,-0.005354387070613815,0.00027629585126778605,6956
305,X_VALID,40,B5_EXACT_SELECTED_DIAGNOSTIC,1,0.01,64,0,1,9,EXACT_MODEL_SELECTION_FROZEN_BEFORE_LOCKED_TEST,5,2,0.006327059009128201,0.0002645507075619361,-0.004892121474642956,0.0001416520888187383,6956
305,X_VALID,40,B5_EXACT_SELECTED_DIAGNOSTIC,1,0.01,64,0,1,9,EXACT_MODEL_SELECTION_FROZEN_BEFORE_LOCKED_TEST,5,3,-0.005944739393764977,0.00030709932088483424,0.0023166991250530918,-0.00027568844020816485,6956
305,X_VALID,40,B5_EXACT_SELECTED_DIAGNOSTIC,1,0.01,64,0,1,9,EXACT_MODEL_SELECTION_FROZEN_BEFORE_LOCKED_TEST,5,4,-0.004018714210464008,-7.033967211288646e-05,0.004549109717020966,0.0003466758752507927,6956
305,X_VALID,40,B5_EXACT_SELECTED_DIAGNOSTIC,1,0.01,64,0,1,9,EXACT_MODEL_SELECTION_FROZEN_BEFORE_LOCKED_TEST,5,5,-0.014141541922788098,0.00010783665382689486,0.0024257486554645383,0.0003837631808764409,6956
305,X_VALID,40,B5_EXACT_SELECTED_DIAGNOSTIC,1,0.01,64,0,1,9,EXACT_MODEL_SELECTION_FROZEN_BEFORE_LOCKED_TEST,6,0,0.0029719110627189228,0.00011152690978618399,-0.00128748481831228,0.00034047381630593533,6956
305,X_VALID,40,B5_EXACT_SELECTED_DIAGNOSTIC,1,0.01,64,0,1,9,EXACT_MODEL_SELECTION_FROZEN_BEFORE_LOCKED_TEST,6,1,0.005607924060074397,0.00027945166891715025,-0.004950710416164699,0.00012535031875076326,6956
305,X_VALID,40,B5_EXACT_SELECTED_DIAGNOSTIC,1,0.01,64,0,1,9,EXACT_MODEL_SELECTION_FROZEN_BEFORE_LOCKED_TEST,6,2,0.00585005090724396,0.00039042301374738196,-0.004523295836152805,-2.2879948464035276e-05,6956
305,X_VALID,40,B5_EXACT_SELECTED_DIAGNOSTIC,1,0.01,64,0,1,9,EXACT_MODEL_SELECTION_FROZEN_BEFORE_LOCKED_TEST,6,3,-0.005496555039813926,0.0004353089548749251,0.0021420391051790682,-0.000742205632669547,6956
305,X_VALID,40,B5_EXACT_SELECTED_DIAGNOSTIC,1,0.01,64,0,1,9,EXACT_MODEL_SELECTION_FROZEN_BEFORE_LOCKED_TEST,6,4,-0.0037157362811001426,-4.925472087646358e-05,0.004206144337964335,0.00033874879541630876,6956
305,X_VALID,40,B5_EXACT_SELECTED_DIAGNOSTIC,1,0.01,64,0,1,9,EXACT_MODEL_SELECTION_FROZEN_BEFORE_LOCKED_TEST,6,5,-0.013075386215914893,0.0001793939261863029,0.0022428671997799924,0.0002789091714927373,6956
305,X_VALID,40,B5_EXACT_SELECTED_DIAGNOSTIC,1,0.01,64,0,1,9,EXACT_MODEL_SELECTION_FROZEN_BEFORE_LOCKED_TEST,7,0,0.0029719110627189228,0.00011152690978618399,-0.00128748481831228,0.00034047381630593533,6956
305,X_VALID,40,B5_EXACT_SELECTED_DIAGNOSTIC,1,0.01,64,0,1,9,EXACT_MODEL_SELECTION_FROZEN_BEFORE_LOCKED_TEST,7,1,0.005607924060074397,0.00027945166891715025,-0.004950710416164699,0.00012535031875076326,6956
305,X_VALID,40,B5_EXACT_SELECTED_DIAGNOSTIC,1,0.01,64,0,1,9,EXACT_MODEL_SELECTION_FROZEN_BEFORE_LOCKED_TEST,7,2,0.00585005090724396,0.00039042301374738196,-0.004523295836152805,-2.2879948464035276e-05,6956
305,X_VALID,40,B5_EXACT_SELECTED_DIAGNOSTIC,1,0.01,64,0,1,9,EXACT_MODEL_SELECTION_FROZEN_BEFORE_LOCKED_TEST,7,3,-0.005496555039813926,0.0004353089548749251,0.0021420391051790682,-0.000742205632669547,6956
305,X_VALID,40,B5_EXACT_SELECTED_DIAGNOSTIC,1,0.01,64,0,1,9,EXACT_MODEL_SELECTION_FROZEN_BEFORE_LOCKED_TEST,7,4,-0.0037157362811001426,-4.925472087646358e-05,0.004206144337964335,0.00033874879541630876,6956
305,X_VALID,40,B5_EXACT_SELECTED_DIAGNOSTIC,1,0.01,64,0,1,9,EXACT_MODEL_SELECTION_FROZEN_BEFORE_LOCKED_TEST,7,5,-0.013075386215914893,0.0001793939261863029,0.0022428671997799924,0.0002789091714927373,6956
305,X_VALID,40,B5_EXACT_SELECTED_DIAGNOSTIC,1,0.01,64,0,1,9,EXACT_MODEL_SELECTION_FROZEN_BEFORE_LOCKED_TEST,8,0,0.0029719110627189228,0.00011152690978618399,-0.00128748481831228,0.00034047381630593533,6956
305,X_VALID,40,B5_EXACT_SELECTED_DIAGNOSTIC,1,0.01,64,0,1,9,EXACT_MODEL_SELECTION_FROZEN_BEFORE_LOCKED_TEST,8,1,0.005607924060074397,0.00027945166891715025,-0.004950710416164699,0.00012535031875076326,6956
305,X_VALID,40,B5_EXACT_SELECTED_DIAGNOSTIC,1,0.01,64,0,1,9,EXACT_MODEL_SELECTION_FROZEN_BEFORE_LOCKED_TEST,8,2,0.00585005090724396,0.00039042301374738196,-0.004523295836152805,-2.2879948464035276e-05,6956
305,X_VALID,40,B5_EXACT_SELECTED_DIAGNOSTIC,1,0.01,64,0,1,9,EXACT_MODEL_SELECTION_FROZEN_BEFORE_LOCKED_TEST,8,3,-0.005496555039813926,0.0004353089548749251,0.0021420391051790682,-0.000742205632669547,6956
305,X_VALID,40,B5_EXACT_SELECTED_DIAGNOSTIC,1,0.01,64,0,1,9,EXACT_MODEL_SELECTION_FROZEN_BEFORE_LOCKED_TEST,8,4,-0.0037157362811001426,-4.925472087646358e-05,0.004206144337964335,0.00033874879541630876,6956
305,X_VALID,40,B5_EXACT_SELECTED_DIAGNOSTIC,1,0.01,64,0,1,9,EXACT_MODEL_SELECTION_FROZEN_BEFORE_LOCKED_TEST,8,5,-0.013075386215914893,0.0001793939261863029,0.0022428671997799924,0.0002789091714927373,6956
305,X_VALID,40,B5_EXACT_SELECTED_DIAGNOSTIC,1,0.01,64,0,1,9,EXACT_MODEL_SELECTION_FROZEN_BEFORE_LOCKED_TEST,9,0,0.00282783858721686,5.478149855498345e-05,-0.0012250700552083416,0.00036845312675542335,6956
305,X_VALID,40,B5_EXACT_SELECTED_DIAGNOSTIC,1,0.01,64,0,1,9,EXACT_MODEL_SELECTION_FROZEN_BEFORE_LOCKED_TEST,9,1,0.005336062794810512,0.0001947107065869118,-0.004710709591746299,0.00029570317498446157,6956
305,X_VALID,40,B5_EXACT_SELECTED_DIAGNOSTIC,1,0.01,64,0,1,9,EXACT_MODEL_SELECTION_FROZEN_BEFORE_LOCKED_TEST,9,2,0.00556645180275103,0.00028035215280122414,-0.0043040152403376305,0.00011571812329992904,6956
305,X_VALID,40,B5_EXACT_SELECTED_DIAGNOSTIC,1,0.01,64,0,1,9,EXACT_MODEL_SELECTION_FROZEN_BEFORE_LOCKED_TEST,9,3,-0.005230092728322397,0.0003191759396756015,0.002038197210185401,-0.0003367826269350395,6956
305,X_VALID,40,B5_EXACT_SELECTED_DIAGNOSTIC,1,0.01,64,0,1,9,EXACT_MODEL_SELECTION_FROZEN_BEFORE_LOCKED_TEST,9,4,-0.0035356046038617374,-9.942501568636214e-05,0.004002238630727219,0.00036169693752734065,6956
305,X_VALID,40,B5_EXACT_SELECTED_DIAGNOSTIC,1,0.01,64,0,1,9,EXACT_MODEL_SELECTION_FROZEN_BEFORE_LOCKED_TEST,9,5,-0.012441516890582876,8.783704624053777e-05,0.00213413735461462,0.00041252194949644593,6956
305,X_VALID,40,B5_EXACT_SELECTED_DIAGNOSTIC,1,0.01,64,0,1,9,EXACT_MODEL_SELECTION_FROZEN_BEFORE_LOCKED_TEST,10,0,0.005918293560641248,-0.00015383776750393582,-0.002563910207551723,0.0005992417515596309,6956
305,X_VALID,40,B5_EXACT_SELECTED_DIAGNOSTIC,1,0.01,64,0,1,9,EXACT_MODEL_SELECTION_FROZEN_BEFORE_LOCKED_TEST,10,1,0.011167676337844165,-0.00011879372419635927,-0.009858894481782208,0.00116153454512055,6956
305,X_VALID,40,B5_EXACT_SELECTED_DIAGNOSTIC,1,0.01,64,0,1,9,EXACT_MODEL_SELECTION_FROZEN_BEFORE_LOCKED_TEST,10,2,0.011649850174887262,-0.0002856209336594614,-0.009007736791250803,0.0009540855634350737,6956
305,X_VALID,40,B5_EXACT_SELECTED_DIAGNOSTIC,1,0.01,64,0,1,9,EXACT_MODEL_SELECTION_FROZEN_BEFORE_LOCKED_TEST,10,3,-0.010945894951540011,-0.00022345148493641345,0.004265678203446966,0.00173049339496726,6956
305,X_VALID,40,B5_EXACT_SELECTED_DIAGNOSTIC,1,0.01,64,0,1,9,EXACT_MODEL_SELECTION_FROZEN_BEFORE_LOCKED_TEST,10,4,-0.0073995545766289555,-0.00031378013323580915,0.008376158110104358,0.0005297250550389063,6956
305,X_VALID,40,B5_EXACT_SELECTED_DIAGNOSTIC,1,0.01,64,0,1,9,EXACT_MODEL_SELECTION_FROZEN_BEFORE_LOCKED_TEST,10,5,-0.026038455529604543,-0.00028012098730599506,0.00446646828444705,0.001066104913519791,6956
305,X_VALID,40,B5_EXACT_SELECTED_DIAGNOSTIC,1,0.01,64,0,1,9,EXACT_MODEL_SELECTION_FROZEN_BEFORE_LOCKED_TEST,11,0,0.00282783858721686,5.478149855498345e-05,-0.0012250700552083416,0.00036845312675542335,6956
305,X_VALID,40,B5_EXACT_SELECTED_DIAGNOSTIC,1,0.01,64,0,1,9,EXACT_MODEL_SELECTION_FROZEN_BEFORE_LOCKED_TEST,11,1,0.005336062794810512,0.0001947107065869118,-0.004710709591746299,0.00029570317498446157,6956
305,X_VALID,40,B5_EXACT_SELECTED_DIAGNOSTIC,1,0.01,64,0,1,9,EXACT_MODEL_SELECTION_FROZEN_BEFORE_LOCKED_TEST,11,2,0.00556645180275103,0.00028035215280122414,-0.0043040152403376305,0.00011571812329992904,6956
305,X_VALID,40,B5_EXACT_SELECTED_DIAGNOSTIC,1,0.01,64,0,1,9,EXACT_MODEL_SELECTION_FROZEN_BEFORE_LOCKED_TEST,11,3,-0.005230092728322397,0.0003191759396756015,0.002038197210185401,-0.0003367826269350395,6956
305,X_VALID,40,B5_EXACT_SELECTED_DIAGNOSTIC,1,0.01,64,0,1,9,EXACT_MODEL_SELECTION_FROZEN_BEFORE_LOCKED_TEST,11,4,-0.0035356046038617374,-9.942501568636214e-05,0.004002238630727219,0.00036169693752734065,6956
305,X_VALID,40,B5_EXACT_SELECTED_DIAGNOSTIC,1,0.01,64,0,1,9,EXACT_MODEL_SELECTION_FROZEN_BEFORE_LOCKED_TEST,11,5,-0.012441516890582876,8.783704624053777e-05,0.00213413735461462,0.00041252194949644593,6956
306,X_BASE,8,B5_EXACT_SELECTED_DIAGNOSTIC,1,0.01,64,0,1,22,EXACT_MODEL_SELECTION_FROZEN_BEFORE_LOCKED_TEST,0,0,0.012005829913415823,0.0013811775671319474,-0.0036730583524788793,0.0021373991649140944,7193
306,X_BASE,8,B5_EXACT_SELECTED_DIAGNOSTIC,1,0.01,64,0,1,22,EXACT_MODEL_SELECTION_FROZEN_BEFORE_LOCKED_TEST,0,1,0.0019047070481010338,0.0013938822261946153,0.0012263076317002078,0.002120723737063665,7193
306,X_BASE,8,B5_EXACT_SELECTED_DIAGNOSTIC,1,0.01,64,0,1,22,EXACT_MODEL_SELECTION_FROZEN_BEFORE_LOCKED_TEST,0,2,-0.0031220144089380408,0.0011565855158020197,0.009140394821344117,0.002104472866126521,7193
306,X_BASE,8,B5_EXACT_SELECTED_DIAGNOSTIC,1,0.01,64,0,1,22,EXACT_MODEL_SELECTION_FROZEN_BEFORE_LOCKED_TEST,0,3,-0.004979070582673675,0.001170194285454369,0.0013893672431559874,0.002080553782352669,7193
306,X_BASE,8,B5_EXACT_SELECTED_DIAGNOSTIC,1,0.01,64,0,1,22,EXACT_MODEL_SELECTION_FROZEN_BEFORE_LOCKED_TEST,0,4,-0.003693817333153338,0.0010978034344098417,0.0029704074665156516,0.0021427369409015157,7193
306,X_BASE,8,B5_EXACT_SELECTED_DIAGNOSTIC,1,0.01,64,0,1,22,EXACT_MODEL_SELECTION_FROZEN_BEFORE_LOCKED_TEST,0,5,-0.001954731491626511,0.0010996946736779062,0.003976862674595213,0.0021080402236132133,7193
306,X_BASE,8,B5_EXACT_SELECTED_DIAGNOSTIC,1,0.01,64,0,1,22,EXACT_MODEL_SELECTION_FROZEN_BEFORE_LOCKED_TEST,1,0,0.010370463435026279,0.00037809616481878847,-0.003172735047373544,0.004921940071230553,7193
306,X_BASE,8,B5_EXACT_SELECTED_DIAGNOSTIC,1,0.01,64,0,1,22,EXACT_MODEL_SELECTION_FROZEN_BEFORE_LOCKED_TEST,1,1,0.0016452585901367883,0.00037709841076696723,0.0010592669183518701,0.004939854084226622,7193
306,X_BASE,8,B5_EXACT_SELECTED_DIAGNOSTIC,1,0.01,64,0,1,22,EXACT_MODEL_SELECTION_FROZEN_BEFORE_LOCKED_TEST,1,2,-0.0026967512037912498,0.00031963773429593417,0.007895341759800393,0.004874562297229001,7193
306,X_BASE,8,B5_EXACT_SELECTED_DIAGNOSTIC,1,0.01,64,0,1,22,EXACT_MODEL_SELECTION_FROZEN_BEFORE_LOCKED_TEST,1,3,-0.004300849653078366,0.0003184898248706584,0.0012001154686417715,0.004922606646844752,7193
306,X_BASE,8,B5_EXACT_SELECTED_DIAGNOSTIC,1,0.01,64,0,1,22,EXACT_MODEL_SELECTION_FROZEN_BEFORE_LOCKED_TEST,1,4,-0.0031906663567112126,0.0003271403604698947,0.0025657953045134622,0.00488471221305822,7193
306,X_BASE,8,B5_EXACT_SELECTED_DIAGNOSTIC,1,0.01,64,0,1,22,EXACT_MODEL_SELECTION_FROZEN_BEFORE_LOCKED_TEST,1,5,-0.0016884689859344828,0.000309954432984148,0.0034351568571636183,0.004906582711852052,7193
306,X_BASE,8,B5_EXACT_SELECTED_DIAGNOSTIC,1,0.01,64,0,1,22,EXACT_MODEL_SELECTION_FROZEN_BEFORE_LOCKED_TEST,2,0,0.010843756543558354,0.0012046766060394957,-0.0033175341339841125,0.0028154756491808527,7193
306,X_BASE,8,B5_EXACT_SELECTED_DIAGNOSTIC,1,0.01,64,0,1,22,EXACT_MODEL_SELECTION_FROZEN_BEFORE_LOCKED_TEST,2,1,0.0017203458374274846,0.0012105411611120394,0.001107610344438178,0.0028071852872430885,7193
306,X_BASE,8,B5_EXACT_SELECTED_DIAGNOSTIC,1,0.01,64,0,1,22,EXACT_MODEL_SELECTION_FROZEN_BEFORE_LOCKED_TEST,2,2,-0.002819827069028776,0.0009876451119715812,0.008255673857573188,0.002797206972964017,7193
306,X_BASE,8,B5_EXACT_SELECTED_DIAGNOSTIC,1,0.01,64,0,1,22,EXACT_MODEL_SELECTION_FROZEN_BEFORE_LOCKED_TEST,2,3,-0.004497134275688332,0.00099352410111648,0.0012548870209749534,0.002802697341439239,7193
306,X_BASE,8,B5_EXACT_SELECTED_DIAGNOSTIC,1,0.01,64,0,1,22,EXACT_MODEL_SELECTION_FROZEN_BEFORE_LOCKED_TEST,2,4,-0.003336283802615909,0.000952984419109257,0.002682894529937531,0.002820115935806581,7193
306,X_BASE,8,B5_EXACT_SELECTED_DIAGNOSTIC,1,0.01,64,0,1,22,EXACT_MODEL_SELECTION_FROZEN_BEFORE_LOCKED_TEST,2,5,-0.0017655282938448533,0.0009496963405814981,0.0035919324995838976,0.0028040484701426422,7193
306,X_BASE,8,B5_EXACT_SELECTED_DIAGNOSTIC,1,0.01,64,0,1,22,EXACT_MODEL_SELECTION_FROZEN_BEFORE_LOCKED_TEST,3,0,0.01719504212670556,0.0012382701017193756,-0.005260643667302514,0.0019255233457594275,7193
306,X_BASE,8,B5_EXACT_SELECTED_DIAGNOSTIC,1,0.01,64,0,1,22,EXACT_MODEL_SELECTION_FROZEN_BEFORE_LOCKED_TEST,3,1,0.0027279678429004152,0.0012482643126708996,0.0017563476693787537,0.0019164312756171236,7193
306,X_BASE,8,B5_EXACT_SELECTED_DIAGNOSTIC,1,0.01,64,0,1,22,EXACT_MODEL_SELECTION_FROZEN_BEFORE_LOCKED_TEST,3,2,-0.004471425105055297,0.0011073120978293365,0.013091096170878247,0.0018800671051985192,7193
306,X_BASE,8,B5_EXACT_SELECTED_DIAGNOSTIC,1,0.01,64,0,1,22,EXACT_MODEL_SELECTION_FROZEN_BEFORE_LOCKED_TEST,3,3,-0.0071311462046654535,0.0011148388174569343,0.0019898856178893576,0.0018763422473306683,7193
306,X_BASE,8,B5_EXACT_SELECTED_DIAGNOSTIC,1,0.01,64,0,1,22,EXACT_MODEL_SELECTION_FROZEN_BEFORE_LOCKED_TEST,3,4,-0.005290375185221644,0.0010317329384245254,0.004254289948181138,0.0019174179210626485,7193
306,X_BASE,8,B5_EXACT_SELECTED_DIAGNOSTIC,1,0.01,64,0,1,22,EXACT_MODEL_SELECTION_FROZEN_BEFORE_LOCKED_TEST,3,5,-0.0027996140697742777,0.0010323374042160507,0.005695759619697288,0.0018877702908744558,7193
306,X_BASE,8,B5_EXACT_SELECTED_DIAGNOSTIC,1,0.01,64,0,1,22,EXACT_MODEL_SELECTION_FROZEN_BEFORE_LOCKED_TEST,4,0,0.01876142829060423,0.0005187107474960198,-0.0057398631651638206,0.004129994815167023,7193
306,X_BASE,8,B5_EXACT_SELECTED_DIAGNOSTIC,1,0.01,64,0,1,22,EXACT_MODEL_SELECTION_FROZEN_BEFORE_LOCKED_TEST,4,1,0.002976472676630555,0.0005304679800745364,0.0019163425486025617,0.004092335750282883,7193
306,X_BASE,8,B5_EXACT_SELECTED_DIAGNOSTIC,1,0.01,64,0,1,22,EXACT_MODEL_SELECTION_FROZEN_BEFORE_LOCKED_TEST,4,2,-0.004878750563513458,0.0004787631621454627,0.014283632470657545,0.004081702058003686,7193
306,X_BASE,8,B5_EXACT_SELECTED_DIAGNOSTIC,1,0.01,64,0,1,22,EXACT_MODEL_SELECTION_FROZEN_BEFORE_LOCKED_TEST,4,3,-0.007780759544686193,0.0004804231846305927,0.0021711546881617665,0.004040145376968782,7193
306,X_BASE,8,B5_EXACT_SELECTED_DIAGNOSTIC,1,0.01,64,0,1,22,EXACT_MODEL_SELECTION_FROZEN_BEFORE_LOCKED_TEST,4,4,-0.005772303082280643,0.0004561124202394883,0.0046418354315210415,0.0041487424205817955,7193
306,X_BASE,8,B5_EXACT_SELECTED_DIAGNOSTIC,1,0.01,64,0,1,22,EXACT_MODEL_SELECTION_FROZEN_BEFORE_LOCKED_TEST,4,5,-0.003054645532380565,0.0004512962834724947,0.006214616101434555,0.0040770073363963,7193
306,X_BASE,8,B5_EXACT_SELECTED_DIAGNOSTIC,1,0.01,64,0,1,22,EXACT_MODEL_SELECTION_FROZEN_BEFORE_LOCKED_TEST,5,0,0.018798919700987498,0.0012087253033746664,-0.0057513332708581015,0.002339950760643448,7193
306,X_BASE,8,B5_EXACT_SELECTED_DIAGNOSTIC,1,0.01,64,0,1,22,EXACT_MODEL_SELECTION_FROZEN_BEFORE_LOCKED_TEST,5,1,0.002982420633091312,0.00121779133698241,0.0019201720217008622,0.002328540008443545,7193
306,X_BASE,8,B5_EXACT_SELECTED_DIAGNOSTIC,1,0.01,64,0,1,22,EXACT_MODEL_SELECTION_FROZEN_BEFORE_LOCKED_TEST,5,2,-0.004888499887322984,0.0010750207303238657,0.014312175794674585,0.002282186966156998,7193
306,X_BASE,8,B5_EXACT_SELECTED_DIAGNOSTIC,1,0.01,64,0,1,22,EXACT_MODEL_SELECTION_FROZEN_BEFORE_LOCKED_TEST,5,3,-0.007796308022374825,0.0010813068633672776,0.002175493358446277,0.002275423713032866,7193
306,X_BASE,8,B5_EXACT_SELECTED_DIAGNOSTIC,1,0.01,64,0,1,22,EXACT_MODEL_SELECTION_FROZEN_BEFORE_LOCKED_TEST,5,4,-0.005783838013436322,0.001004653342701052,0.004651111322162157,0.002320309703466626,7193
306,X_BASE,8,B5_EXACT_SELECTED_DIAGNOSTIC,1,0.01,64,0,1,22,EXACT_MODEL_SELECTION_FROZEN_BEFORE_LOCKED_TEST,5,5,-0.0030607497035266013,0.0010048271088184749,0.006227034917263736,0.002289321830514455,7193
306,X_BASE,8,B5_EXACT_SELECTED_DIAGNOSTIC,1,0.01,64,0,1,22,EXACT_MODEL_SELECTION_FROZEN_BEFORE_LOCKED_TEST,6,0,0.019069705732718295,0.0013331773025794316,-0.0058341774309666845,0.0016370155061609833,7193
306,X_BASE,8,B5_EXACT_SELECTED_DIAGNOSTIC,1,0.01,64,0,1,22,EXACT_MODEL_SELECTION_FROZEN_BEFORE_LOCKED_TEST,6,1,0.0030253804340284064,0.0013483758699161022,0.0019478308324339902,0.0016695781436296883,7193
306,X_BASE,8,B5_EXACT_SELECTED_DIAGNOSTIC,1,0.01,64,0,1,22,EXACT_MODEL_SELECTION_FROZEN_BEFORE_LOCKED_TEST,6,2,-0.004958915501978496,0.001188805912046458,0.014518333241512865,0.0016160506590116308,7193
306,X_BASE,8,B5_EXACT_SELECTED_DIAGNOSTIC,1,0.01,64,0,1,22,EXACT_MODEL_SELECTION_FROZEN_BEFORE_LOCKED_TEST,6,3,-0.007908608694174542,0.0012034974326315985,0.00220682990453299,0.0016243672723069008,7193
306,X_BASE,8,B5_EXACT_SELECTED_DIAGNOSTIC,1,0.01,64,0,1,22,EXACT_MODEL_SELECTION_FROZEN_BEFORE_LOCKED_TEST,6,4,-0.005867150382909868,0.0010951747399597569,0.004718107511203822,0.0016495293272484855,7193
306,X_BASE,8,B5_EXACT_SELECTED_DIAGNOSTIC,1,0.01,64,0,1,22,EXACT_MODEL_SELECTION_FROZEN_BEFORE_LOCKED_TEST,6,5,-0.0031048377830291507,0.0010990718678979706,0.00631673124564405,0.0016408173709763923,7193
306,X_BASE,8,B5_EXACT_SELECTED_DIAGNOSTIC,1,0.01,64,0,1,22,EXACT_MODEL_SELECTION_FROZEN_BEFORE_LOCKED_TEST,7,0,0.01046287056122941,0.0004172542932000788,-0.0032010060431461665,0.004779147151558368,7193
306,X_BASE,8,B5_EXACT_SELECTED_DIAGNOSTIC,1,0.01,64,0,1,22,EXACT_MODEL_SELECTION_FROZEN_BEFORE_LOCKED_TEST,7,1,0.0016599188431841176,0.0004223516818384401,0.0010687056297865327,0.004842057190762933,7193
306,X_BASE,8,B5_EXACT_SELECTED_DIAGNOSTIC,1,0.01,64,0,1,22,EXACT_MODEL_SELECTION_FROZEN_BEFORE_LOCKED_TEST,7,2,-0.0027207808944977926,0.0003473080892822851,0.007965694048971055,0.004693534875368106,7193
306,X_BASE,8,B5_EXACT_SELECTED_DIAGNOSTIC,1,0.01,64,0,1,22,EXACT_MODEL_SELECTION_FROZEN_BEFORE_LOCKED_TEST,7,3,-0.004339172834984626,0.000347425437726423,0.0012108092261834593,0.0047521944042381815,7193
306,X_BASE,8,B5_EXACT_SELECTED_DIAGNOSTIC,1,0.01,64,0,1,22,EXACT_MODEL_SELECTION_FROZEN_BEFORE_LOCKED_TEST,7,4,-0.0032190971313380127,0.0003595626412420689,0.0025886580986403656,0.004723936729493165,7193
306,X_BASE,8,B5_EXACT_SELECTED_DIAGNOSTIC,1,0.01,64,0,1,22,EXACT_MODEL_SELECTION_FROZEN_BEFORE_LOCKED_TEST,7,5,-0.0017035142698459361,0.00035078565430291496,0.0034657661906052997,0.004774364462107669,7193
306,X_BASE,8,B5_EXACT_SELECTED_DIAGNOSTIC,1,0.01,64,0,1,22,EXACT_MODEL_SELECTION_FROZEN_BEFORE_LOCKED_TEST,8,0,0.013246964110955979,0.0009942193492922281,-0.004052770406014461,0.00260065680611104,7193
306,X_BASE,8,B5_EXACT_SELECTED_DIAGNOSTIC,1,0.01,64,0,1,22,EXACT_MODEL_SELECTION_FROZEN_BEFORE_LOCKED_TEST,8,1,0.0021016111414242557,0.0010177920987604258,0.0013530804037104832,0.0026609451471500006,7193
306,X_BASE,8,B5_EXACT_SELECTED_DIAGNOSTIC,1,0.01,64,0,1,22,EXACT_MODEL_SELECTION_FROZEN_BEFORE_LOCKED_TEST,8,2,-0.003444760847634145,0.0008796711249060701,0.01008530714090916,0.0025600583244570637,7193
306,X_BASE,8,B5_EXACT_SELECTED_DIAGNOSTIC,1,0.01,64,0,1,22,EXACT_MODEL_SELECTION_FROZEN_BEFORE_LOCKED_TEST,8,3,-0.005493795080412648,0.0008950221663039035,0.001532996730734858,0.0025876274335762234,7193
306,X_BASE,8,B5_EXACT_SELECTED_DIAGNOSTIC,1,0.01,64,0,1,22,EXACT_MODEL_SELECTION_FROZEN_BEFORE_LOCKED_TEST,8,4,-0.004075675400834294,0.0008129886726295516,0.003277481139381993,0.0026058865033815686,7193
306,X_BASE,8,B5_EXACT_SELECTED_DIAGNOSTIC,1,0.01,64,0,1,22,EXACT_MODEL_SELECTION_FROZEN_BEFORE_LOCKED_TEST,8,5,-0.0021568069931755824,0.000817753780271877,0.0043879812977939,0.002630480518504687,7193
306,X_BASE,8,B5_EXACT_SELECTED_DIAGNOSTIC,1,0.01,64,0,1,22,EXACT_MODEL_SELECTION_FROZEN_BEFORE_LOCKED_TEST,9,0,0.017386337658317267,0.0011765542645906582,-0.005319168538573021,0.0015557679528410175,7193
306,X_BASE,8,B5_EXACT_SELECTED_DIAGNOSTIC,1,0.01,64,0,1,22,EXACT_MODEL_SELECTION_FROZEN_BEFORE_LOCKED_TEST,9,1,0.0027583165942952595,0.0011765812806609048,0.0017758871074698638,0.0015775356368881212,7193
306,X_BASE,8,B5_EXACT_SELECTED_DIAGNOSTIC,1,0.01,64,0,1,22,EXACT_MODEL_SELECTION_FROZEN_BEFORE_LOCKED_TEST,9,2,-0.004521169888245156,0.0010954149124516716,0.013236735139537633,0.0015520404172385007,7193
306,X_BASE,8,B5_EXACT_SELECTED_DIAGNOSTIC,1,0.01,64,0,1,22,EXACT_MODEL_SELECTION_FROZEN_BEFORE_LOCKED_TEST,9,3,-0.007210480491500586,0.001098704343663431,0.0020120231750012066,0.001559375705033968,7193
306,X_BASE,8,B5_EXACT_SELECTED_DIAGNOSTIC,1,0.01,64,0,1,22,EXACT_MODEL_SELECTION_FROZEN_BEFORE_LOCKED_TEST,9,4,-0.005349230820818523,0.0010014311269016727,0.004301619094063466,0.0015946324936949596,7193
306,X_BASE,8,B5_EXACT_SELECTED_DIAGNOSTIC,1,0.01,64,0,1,22,EXACT_MODEL_SELECTION_FROZEN_BEFORE_LOCKED_TEST,9,5,-0.00283075988830957,0.000998312672943321,0.00575912517334663,0.001578717720087128,7193
306,X_BASE,8,B5_EXACT_SELECTED_DIAGNOSTIC,1,0.01,64,0,1,22,EXACT_MODEL_SELECTION_FROZEN_BEFORE_LOCKED_TEST,10,0,0.006772036892950837,0.0005625821832860057,-0.002071834005007254,0.003710215924925084,7193
306,X_BASE,8,B5_EXACT_SELECTED_DIAGNOSTIC,1,0.01,64,0,1,22,EXACT_MODEL_SELECTION_FROZEN_BEFORE_LOCKED_TEST,10,1,0.0010743735745906305,0.0005606751234588821,0.0006917139909421054,0.003751056351640445,7193
306,X_BASE,8,B5_EXACT_SELECTED_DIAGNOSTIC,1,0.01,64,0,1,22,EXACT_MODEL_SELECTION_FROZEN_BEFORE_LOCKED_TEST,10,2,-0.0017610108514053743,0.0005620310350115029,0.0051557527794984384,0.003628124823293269,7193
306,X_BASE,8,B5_EXACT_SELECTED_DIAGNOSTIC,1,0.01,64,0,1,22,EXACT_MODEL_SELECTION_FROZEN_BEFORE_LOCKED_TEST,10,3,-0.0028085063607967598,0.000561141855122386,0.0007836897820779464,0.00364146818136893,7193
306,X_BASE,8,B5_EXACT_SELECTED_DIAGNOSTIC,1,0.01,64,0,1,22,EXACT_MODEL_SELECTION_FROZEN_BEFORE_LOCKED_TEST,10,4,-0.0020835433648766946,0.0005307222053209005,0.0016754950799246677,0.00368598697666588,7193
306,X_BASE,8,B5_EXACT_SELECTED_DIAGNOSTIC,1,0.01,64,0,1,22,EXACT_MODEL_SELECTION_FROZEN_BEFORE_LOCKED_TEST,10,5,-0.0011025904808392624,0.0005227077171047293,0.002243198591416289,0.0037095901220399103,7193
306,X_BASE,8,B5_EXACT_SELECTED_DIAGNOSTIC,1,0.01,64,0,1,22,EXACT_MODEL_SELECTION_FROZEN_BEFORE_LOCKED_TEST,11,0,0.012901083724016674,0.001132469225562693,-0.003946951911718921,0.0023004896891667924,7193
306,X_BASE,8,B5_EXACT_SELECTED_DIAGNOSTIC,1,0.01,64,0,1,22,EXACT_MODEL_SELECTION_FROZEN_BEFORE_LOCKED_TEST,11,1,0.0020467377327924165,0.0011334435723480546,0.0013177512543540422,0.0023387867813783373,7193
306,X_BASE,8,B5_EXACT_SELECTED_DIAGNOSTIC,1,0.01,64,0,1,22,EXACT_MODEL_SELECTION_FROZEN_BEFORE_LOCKED_TEST,11,2,-0.003354817581772373,0.0010449748347645695,0.009821978131554152,0.002260187151968296,7193
306,X_BASE,8,B5_EXACT_SELECTED_DIAGNOSTIC,1,0.01,64,0,1,22,EXACT_MODEL_SELECTION_FROZEN_BEFORE_LOCKED_TEST,11,3,-0.005350351197552966,0.0010483694934027045,0.0014929699368247931,0.0022733275939494945,7193
306,X_BASE,8,B5_EXACT_SELECTED_DIAGNOSTIC,1,0.01,64,0,1,22,EXACT_MODEL_SELECTION_FROZEN_BEFORE_LOCKED_TEST,11,4,-0.003969258853399574,0.0009675641736882004,0.003191905573902944,0.0023133262199999567,7193
306,X_BASE,8,B5_EXACT_SELECTED_DIAGNOSTIC,1,0.01,64,0,1,22,EXACT_MODEL_SELECTION_FROZEN_BEFORE_LOCKED_TEST,11,5,-0.00210049241187948,0.0009638036864261333,0.0042734103926075455,0.002315922039108296,7193
306,X_BASE,24,B5_EXACT_SELECTED_DIAGNOSTIC,1,0.01,64,0,1,16,EXACT_MODEL_SELECTION_FROZEN_BEFORE_LOCKED_TEST,0,0,0.008161617484576505,0.0024931377296026243,0.00022903361848338906,0.0037103173621019715,7430
306,X_BASE,24,B5_EXACT_SELECTED_DIAGNOSTIC,1,0.01,64,0,1,16,EXACT_MODEL_SELECTION_FROZEN_BEFORE_LOCKED_TEST,0,1,0.00982326201878001,0.0024749842854098134,-0.0038793879658425338,0.003685682079569282,7430
306,X_BASE,24,B5_EXACT_SELECTED_DIAGNOSTIC,1,0.01,64,0,1,16,EXACT_MODEL_SELECTION_FROZEN_BEFORE_LOCKED_TEST,0,2,-0.001449419549200341,0.0025315808156128362,0.007831968500635302,0.0036707100494464545,7430
306,X_BASE,24,B5_EXACT_SELECTED_DIAGNOSTIC,1,0.01,64,0,1,16,EXACT_MODEL_SELECTION_FROZEN_BEFORE_LOCKED_TEST,0,3,-0.010868236899602082,0.0025019712457643706,0.010944343872782536,0.0036617307909198016,7430
306,X_BASE,24,B5_EXACT_SELECTED_DIAGNOSTIC,1,0.01,64,0,1,16,EXACT_MODEL_SELECTION_FROZEN_BEFORE_LOCKED_TEST,0,4,0.0016418240249346592,0.002291046286873328,0.004015626504049743,0.003660296188525871,7430
306,X_BASE,24,B5_EXACT_SELECTED_DIAGNOSTIC,1,0.01,64,0,1,16,EXACT_MODEL_SELECTION_FROZEN_BEFORE_LOCKED_TEST,0,5,-0.012820990145956855,0.0022625437859021924,-0.005181522952786,0.0036916747626920634,7430
306,X_BASE,24,B5_EXACT_SELECTED_DIAGNOSTIC,1,0.01,64,0,1,16,EXACT_MODEL_SELECTION_FROZEN_BEFORE_LOCKED_TEST,1,0,0.010306353522501852,0.0023601391150810725,0.00028921980784916713,0.005518440478655307,7430
306,X_BASE,24,B5_EXACT_SELECTED_DIAGNOSTIC,1,0.01,64,0,1,16,EXACT_MODEL_SELECTION_FROZEN_BEFORE_LOCKED_TEST,1,1,0.012404650340577106,0.002325462197693471,-0.00489882598669559,0.005436600574083271,7430
306,X_BASE,24,B5_EXACT_SELECTED_DIAGNOSTIC,1,0.01,64,0,1,16,EXACT_MODEL_SELECTION_FROZEN_BEFORE_LOCKED_TEST,1,2,-0.0018303026703608255,0.0023772528647992494,0.009890078320527244,0.0055221733150339755,7430
306,X_BASE,24,B5_EXACT_SELECTED_DIAGNOSTIC,1,0.01,64,0,1,16,EXACT_MODEL_SELECTION_FROZEN_BEFORE_LOCKED_TEST,1,3,-0.013724227074507482,0.0023398229887205842,0.013820333682371377,0.005447611940246868,7430
306,X_BASE,24,B5_EXACT_SELECTED_DIAGNOSTIC,1,0.01,64,0,1,16,EXACT_MODEL_SELECTION_FROZEN_BEFORE_LOCKED_TEST,1,4,0.0020732678117653196,0.002208794384247388,0.005070865725240779,0.005509718832347729,7430
306,X_BASE,24,B5_EXACT_SELECTED_DIAGNOSTIC,1,0.01,64,0,1,16,EXACT_MODEL_SELECTION_FROZEN_BEFORE_LOCKED_TEST,1,5,-0.016190131086448532,0.002163617995820738,-0.006543140184808744,0.005478081395023269,7430
306,X_BASE,24,B5_EXACT_SELECTED_DIAGNOSTIC,1,0.01,64,0,1,16,EXACT_MODEL_SELECTION_FROZEN_BEFORE_LOCKED_TEST,2,0,0.008161617484576505,0.0024931377296026243,0.00022903361848338906,0.0037103173621019715,7430
306,X_BASE,24,B5_EXACT_SELECTED_DIAGNOSTIC,1,0.01,64,0,1,16,EXACT_MODEL_SELECTION_FROZEN_BEFORE_LOCKED_TEST,2,1,0.00982326201878001,0.0024749842854098134,-0.0038793879658425338,0.003685682079569282,7430
306,X_BASE,24,B5_EXACT_SELECTED_DIAGNOSTIC,1,0.01,64,0,1,16,EXACT_MODEL_SELECTION_FROZEN_BEFORE_LOCKED_TEST,2,2,-0.001449419549200341,0.0025315808156128362,0.007831968500635302,0.0036707100494464545,7430
306,X_BASE,24,B5_EXACT_SELECTED_DIAGNOSTIC,1,0.01,64,0,1,16,EXACT_MODEL_SELECTION_FROZEN_BEFORE_LOCKED_TEST,2,3,-0.010868236899602082,0.0025019712457643706,0.010944343872782536,0.0036617307909198016,7430
306,X_BASE,24,B5_EXACT_SELECTED_DIAGNOSTIC,1,0.01,64,0,1,16,EXACT_MODEL_SELECTION_FROZEN_BEFORE_LOCKED_TEST,2,4,0.0016418240249346592,0.002291046286873328,0.004015626504049743,0.003660296188525871,7430
306,X_BASE,24,B5_EXACT_SELECTED_DIAGNOSTIC,1,0.01,64,0,1,16,EXACT_MODEL_SELECTION_FROZEN_BEFORE_LOCKED_TEST,2,5,-0.012820990145956855,0.0022625437859021924,-0.005181522952786,0.0036916747626920634,7430
306,X_BASE,24,B5_EXACT_SELECTED_DIAGNOSTIC,1,0.01,64,0,1,16,EXACT_MODEL_SELECTION_FROZEN_BEFORE_LOCKED_TEST,3,0,0.008161617484576505,0.0024931377296026243,0.00022903361848338906,0.0037103173621019715,7430
306,X_BASE,24,B5_EXACT_SELECTED_DIAGNOSTIC,1,0.01,64,0,1,16,EXACT_MODEL_SELECTION_FROZEN_BEFORE_LOCKED_TEST,3,1,0.00982326201878001,0.0024749842854098134,-0.0038793879658425338,0.003685682079569282,7430
306,X_BASE,24,B5_EXACT_SELECTED_DIAGNOSTIC,1,0.01,64,0,1,16,EXACT_MODEL_SELECTION_FROZEN_BEFORE_LOCKED_TEST,3,2,-0.001449419549200341,0.0025315808156128362,0.007831968500635302,0.0036707100494464545,7430
306,X_BASE,24,B5_EXACT_SELECTED_DIAGNOSTIC,1,0.01,64,0,1,16,EXACT_MODEL_SELECTION_FROZEN_BEFORE_LOCKED_TEST,3,3,-0.010868236899602082,0.0025019712457643706,0.010944343872782536,0.0036617307909198016,7430
306,X_BASE,24,B5_EXACT_SELECTED_DIAGNOSTIC,1,0.01,64,0,1,16,EXACT_MODEL_SELECTION_FROZEN_BEFORE_LOCKED_TEST,3,4,0.0016418240249346592,0.002291046286873328,0.004015626504049743,0.003660296188525871,7430
306,X_BASE,24,B5_EXACT_SELECTED_DIAGNOSTIC,1,0.01,64,0,1,16,EXACT_MODEL_SELECTION_FROZEN_BEFORE_LOCKED_TEST,3,5,-0.012820990145956855,0.0022625437859021924,-0.005181522952786,0.0036916747626920634,7430
306,X_BASE,24,B5_EXACT_SELECTED_DIAGNOSTIC,1,0.01,64,0,1,16,EXACT_MODEL_SELECTION_FROZEN_BEFORE_LOCKED_TEST,4,0,0.009880734729469645,0.002211989637342911,0.0002772759728866837,0.0058957777842852735,7430
306,X_BASE,24,B5_EXACT_SELECTED_DIAGNOSTIC,1,0.01,64,0,1,16,EXACT_MODEL_SELECTION_FROZEN_BEFORE_LOCKED_TEST,4,1,0.011892378731184329,0.0021757133421849797,-0.004696520447769538,0.005833508453819345,7430
306,X_BASE,24,B5_EXACT_SELECTED_DIAGNOSTIC,1,0.01,64,0,1,16,EXACT_MODEL_SELECTION_FROZEN_BEFORE_LOCKED_TEST,4,2,-0.0017547171384128118,0.002114434178004903,0.009481650335926637,0.005815500912579894,7430
306,X_BASE,24,B5_EXACT_SELECTED_DIAGNOSTIC,1,0.01,64,0,1,16,EXACT_MODEL_SELECTION_FROZEN_BEFORE_LOCKED_TEST,4,3,-0.013157461248941875,0.0020591692326473615,0.013249598967289984,0.0057728923453776206,7430
306,X_BASE,24,B5_EXACT_SELECTED_DIAGNOSTIC,1,0.01,64,0,1,16,EXACT_MODEL_SELECTION_FROZEN_BEFORE_LOCKED_TEST,4,4,0.0019876486117495706,0.0020537149068058417,0.00486145550610816,0.005827801419360192,7430
306,X_BASE,24,B5_EXACT_SELECTED_DIAGNOSTIC,1,0.01,64,0,1,16,EXACT_MODEL_SELECTION_FROZEN_BEFORE_LOCKED_TEST,4,5,-0.015521531466126693,0.0019999703466347402,-0.006272929831358461,0.005848955043489207,7430
306,X_BASE,24,B5_EXACT_SELECTED_DIAGNOSTIC,1,0.01,64,0,1,16,EXACT_MODEL_SELECTION_FROZEN_BEFORE_LOCKED_TEST,5,0,0.008161617484576505,0.0024931377296026243,0.00022903361848338906,0.0037103173621019715,7430
306,X_BASE,24,B5_EXACT_SELECTED_DIAGNOSTIC,1,0.01,64,0,1,16,EXACT_MODEL_SELECTION_FROZEN_BEFORE_LOCKED_TEST,5,1,0.00982326201878001,0.0024749842854098134,-0.0038793879658425338,0.003685682079569282,7430
306,X_BASE,24,B5_EXACT_SELECTED_DIAGNOSTIC,1,0.01,64,0,1,16,EXACT_MODEL_SELECTION_FROZEN_BEFORE_LOCKED_TEST,5,2,-0.001449419549200341,0.0025315808156128362,0.007831968500635302,0.0036707100494464545,7430
306,X_BASE,24,B5_EXACT_SELECTED_DIAGNOSTIC,1,0.01,64,0,1,16,EXACT_MODEL_SELECTION_FROZEN_BEFORE_LOCKED_TEST,5,3,-0.010868236899602082,0.0025019712457643706,0.010944343872782536,0.0036617307909198016,7430
306,X_BASE,24,B5_EXACT_SELECTED_DIAGNOSTIC,1,0.01,64,0,1,16,EXACT_MODEL_SELECTION_FROZEN_BEFORE_LOCKED_TEST,5,4,0.0016418240249346592,0.002291046286873328,0.004015626504049743,0.003660296188525871,7430
306,X_BASE,24,B5_EXACT_SELECTED_DIAGNOSTIC,1,0.01,64,0,1,16,EXACT_MODEL_SELECTION_FROZEN_BEFORE_LOCKED_TEST,5,5,-0.012820990145956855,0.0022625437859021924,-0.005181522952786,0.0036916747626920634,7430
306,X_BASE,24,B5_EXACT_SELECTED_DIAGNOSTIC,1,0.01,64,0,1,16,EXACT_MODEL_SELECTION_FROZEN_BEFORE_LOCKED_TEST,6,0,0.009455755946664769,0.002832399225858677,0.00026535009807223694,0.004627791584445182,7430
306,X_BASE,24,B5_EXACT_SELECTED_DIAGNOSTIC,1,0.01,64,0,1,16,EXACT_MODEL_SELECTION_FROZEN_BEFORE_LOCKED_TEST,6,1,0.011380877433334527,0.002819042176275916,-0.004494519119127607,0.004622111495645696,7430
306,X_BASE,24,B5_EXACT_SELECTED_DIAGNOSTIC,1,0.01,64,0,1,16,EXACT_MODEL_SELECTION_FROZEN_BEFORE_LOCKED_TEST,6,2,-0.0016792452657164024,0.0028942862824208894,0.009073836511441963,0.004578550890268227,7430
306,X_BASE,24,B5_EXACT_SELECTED_DIAGNOSTIC,1,0.01,64,0,1,16,EXACT_MODEL_SELECTION_FROZEN_BEFORE_LOCKED_TEST,6,3,-0.012591547678800129,0.0028787848048891806,0.01267972247571921,0.004588290521878331,7430
306,X_BASE,24,B5_EXACT_SELECTED_DIAGNOSTIC,1,0.01,64,0,1,16,EXACT_MODEL_SELECTION_FROZEN_BEFORE_LOCKED_TEST,6,4,0.0019021581587829756,0.0026256232987571224,0.004652360180688285,0.004565024043157344,7430
306,X_BASE,24,B5_EXACT_SELECTED_DIAGNOSTIC,1,0.01,64,0,1,16,EXACT_MODEL_SELECTION_FROZEN_BEFORE_LOCKED_TEST,6,5,-0.014853937230440109,0.002620497797257266,-0.006003125797818313,0.004607522641676333,7430
306,X_BASE,24,B5_EXACT_SELECTED_DIAGNOSTIC,1,0.01,64,0,1,16,EXACT_MODEL_SELECTION_FROZEN_BEFORE_LOCKED_TEST,7,0,0.009857653894211102,0.002600963233688299,0.0002766282719589114,0.004431509688706379,7430
306,X_BASE,24,B5_EXACT_SELECTED_DIAGNOSTIC,1,0.01,64,0,1,16,EXACT_MODEL_SELECTION_FROZEN_BEFORE_LOCKED_TEST,7,1,0.011864598809767353,0.0025675673755405095,-0.004685549642691646,0.00439142653420533,7430
306,X_BASE,24,B5_EXACT_SELECTED_DIAGNOSTIC,1,0.01,64,0,1,16,EXACT_MODEL_SELECTION_FROZEN_BEFORE_LOCKED_TEST,7,2,-0.0017506182188176671,0.002597301961195559,0.009459501739149728,0.004355068533054739,7430
306,X_BASE,24,B5_EXACT_SELECTED_DIAGNOSTIC,1,0.01,64,0,1,16,EXACT_MODEL_SELECTION_FROZEN_BEFORE_LOCKED_TEST,7,3,-0.013126726166600095,0.0025753453398511665,0.013218648656470109,0.0043309061397518315,7430
306,X_BASE,24,B5_EXACT_SELECTED_DIAGNOSTIC,1,0.01,64,0,1,16,EXACT_MODEL_SELECTION_FROZEN_BEFORE_LOCKED_TEST,7,4,0.0019830055774595363,0.002411430514421427,0.004850099422099695,0.004381069129225344,7430
306,X_BASE,24,B5_EXACT_SELECTED_DIAGNOSTIC,1,0.01,64,0,1,16,EXACT_MODEL_SELECTION_FROZEN_BEFORE_LOCKED_TEST,7,5,-0.015485274049999382,0.0023859161807400237,-0.006258276623475635,0.004373213642797568,7430
306,X_BASE,24,B5_EXACT_SELECTED_DIAGNOSTIC,1,0.01,64,0,1,16,EXACT_MODEL_SELECTION_FROZEN_BEFORE_LOCKED_TEST,8,0,0.009896763991473953,0.0027758271076295652,0.00027772579057115725,0.004749840154267445,7430
306,X_BASE,24,B5_EXACT_SELECTED_DIAGNOSTIC,1,0.01,64,0,1,16,EXACT_MODEL_SELECTION_FROZEN_BEFORE_LOCKED_TEST,8,1,0.011911671431550837,0.0027627812587382207,-0.00470413949218547,0.004751574520699094,7430
306,X_BASE,24,B5_EXACT_SELECTED_DIAGNOSTIC,1,0.01,64,0,1,16,EXACT_MODEL_SELECTION_FROZEN_BEFORE_LOCKED_TEST,8,2,-0.001757563770928021,0.002816351630798998,0.00949703217357627,0.004695496015710319,7430
306,X_BASE,24,B5_EXACT_SELECTED_DIAGNOSTIC,1,0.01,64,0,1,16,EXACT_MODEL_SELECTION_FROZEN_BEFORE_LOCKED_TEST,8,3,-0.01317880626016272,0.00279563530429777,0.013271093451163252,0.004705284985802013,7430
306,X_BASE,24,B5_EXACT_SELECTED_DIAGNOSTIC,1,0.01,64,0,1,16,EXACT_MODEL_SELECTION_FROZEN_BEFORE_LOCKED_TEST,8,4,0.001990873123007343,0.0025711252115009756,0.004869342120430197,0.004687172693480911,7430
306,X_BASE,24,B5_EXACT_SELECTED_DIAGNOSTIC,1,0.01,64,0,1,16,EXACT_MODEL_SELECTION_FROZEN_BEFORE_LOCKED_TEST,8,5,-0.015546711647701305,0.0025624600816141537,-0.006283106244201683,0.004733201139803343,7430
306,X_BASE,24,B5_EXACT_SELECTED_DIAGNOSTIC,1,0.01,64,0,1,16,EXACT_MODEL_SELECTION_FROZEN_BEFORE_LOCKED_TEST,9,0,0.011364816439232546,0.002558420383584649,0.00031892269361996417,0.004801642836316781,7430
306,X_BASE,24,B5_EXACT_SELECTED_DIAGNOSTIC,1,0.01,64,0,1,16,EXACT_MODEL_SELECTION_FROZEN_BEFORE_LOCKED_TEST,9,1,0.01367860842399092,0.002579541161805954,-0.005401935610396452,0.004810935072977763,7430
306,X_BASE,24,B5_EXACT_SELECTED_DIAGNOSTIC,1,0.01,64,0,1,16,EXACT_MODEL_SELECTION_FROZEN_BEFORE_LOCKED_TEST,9,2,-0.0020182748274133054,0.0025137975645220557,0.010905789757456407,0.004764575419983185,7430
306,X_BASE,24,B5_EXACT_SELECTED_DIAGNOSTIC,1,0.01,64,0,1,16,EXACT_MODEL_SELECTION_FROZEN_BEFORE_LOCKED_TEST,9,3,-0.015133705740986528,0.0025142626118955166,0.015239682501301012,0.004781640302935145,7430
306,X_BASE,24,B5_EXACT_SELECTED_DIAGNOSTIC,1,0.01,64,0,1,16,EXACT_MODEL_SELECTION_FROZEN_BEFORE_LOCKED_TEST,9,4,0.002286192498504793,0.002340251602065251,0.0055916438369336885,0.00468071429792359,7430
306,X_BASE,24,B5_EXACT_SELECTED_DIAGNOSTIC,1,0.01,64,0,1,16,EXACT_MODEL_SELECTION_FROZEN_BEFORE_LOCKED_TEST,9,5,-0.01785285819304353,0.002356175391368526,-0.007215120942063936,0.004760717001461748,7430
306,X_BASE,24,B5_EXACT_SELECTED_DIAGNOSTIC,1,0.01,64,0,1,16,EXACT_MODEL_SELECTION_FROZEN_BEFORE_LOCKED_TEST,10,0,0.013797807418511875,0.0023787457742827692,0.0003871979746870842,0.005834323693996055,7430
306,X_BASE,24,B5_EXACT_SELECTED_DIAGNOSTIC,1,0.01,64,0,1,16,EXACT_MODEL_SELECTION_FROZEN_BEFORE_LOCKED_TEST,10,1,0.016606938246352006,0.00240814036165223,-0.006558387250510216,0.005846705384161338,7430
306,X_BASE,24,B5_EXACT_SELECTED_DIAGNOSTIC,1,0.01,64,0,1,16,EXACT_MODEL_SELECTION_FROZEN_BEFORE_LOCKED_TEST,10,2,-0.002450349069444329,0.0023692426323032325,0.013240511857341033,0.005833718195005232,7430
306,X_BASE,24,B5_EXACT_SELECTED_DIAGNOSTIC,1,0.01,64,0,1,16,EXACT_MODEL_SELECTION_FROZEN_BEFORE_LOCKED_TEST,10,3,-0.01837354421508462,0.0023711681519091067,0.018502208583530484,0.005846477587149558,7430
306,X_BASE,24,B5_EXACT_SELECTED_DIAGNOSTIC,1,0.01,64,0,1,16,EXACT_MODEL_SELECTION_FROZEN_BEFORE_LOCKED_TEST,10,4,0.002775622816671361,0.0022310621795540377,0.0067887083990711495,0.005724570461121883,7430
306,X_BASE,24,B5_EXACT_SELECTED_DIAGNOSTIC,1,0.01,64,0,1,16,EXACT_MODEL_SELECTION_FROZEN_BEFORE_LOCKED_TEST,10,5,-0.021674815474120493,0.002260721145904983,-0.008759741065082514,0.005807657209706357,7430
306,X_BASE,24,B5_EXACT_SELECTED_DIAGNOSTIC,1,0.01,64,0,1,16,EXACT_MODEL_SELECTION_FROZEN_BEFORE_LOCKED_TEST,11,0,0.012455332322869337,0.0025569310510713205,0.00034952505881472165,0.005128337327601024,7430
306,X_BASE,24,B5_EXACT_SELECTED_DIAGNOSTIC,1,0.01,64,0,1,16,EXACT_MODEL_SELECTION_FROZEN_BEFORE_LOCKED_TEST,11,1,0.014991145219650545,0.002586259303346919,-0.005920280681521802,0.0051502722439741334,7430
306,X_BASE,24,B5_EXACT_SELECTED_DIAGNOSTIC,1,0.01,64,0,1,16,EXACT_MODEL_SELECTION_FROZEN_BEFORE_LOCKED_TEST,11,2,-0.0022119392626117978,0.0025290800941437665,0.01195225953703454,0.005088481437261265,7430
306,X_BASE,24,B5_EXACT_SELECTED_DIAGNOSTIC,1,0.01,64,0,1,16,EXACT_MODEL_SELECTION_FROZEN_BEFORE_LOCKED_TEST,11,3,-0.016585867029914977,0.0025335747931105866,0.016702012836164976,0.005108805244982304,7430
306,X_BASE,24,B5_EXACT_SELECTED_DIAGNOSTIC,1,0.01,64,0,1,16,EXACT_MODEL_SELECTION_FROZEN_BEFORE_LOCKED_TEST,11,4,0.0025055650898705623,0.002352094721188956,0.0061281924431008565,0.00500194156580743,7430
306,X_BASE,24,B5_EXACT_SELECTED_DIAGNOSTIC,1,0.01,64,0,1,16,EXACT_MODEL_SELECTION_FROZEN_BEFORE_LOCKED_TEST,11,5,-0.019565936933199926,0.0023745536852227637,-0.007907450996997275,0.00509216529502419,7430
306,X_BASE,40,B5_EXACT_SELECTED_DIAGNOSTIC,1,0.01,64,0,1,14,EXACT_MODEL_SELECTION_FROZEN_BEFORE_LOCKED_TEST,0,0,0.014376218819698477,0.0014941832992783472,-0.005481062838745492,0.0017913691304513068,7667
306,X_BASE,40,B5_EXACT_SELECTED_DIAGNOSTIC,1,0.01,64,0,1,14,EXACT_MODEL_SELECTION_FROZEN_BEFORE_LOCKED_TEST,0,1,-0.013031726265053216,0.0016054958295418365,0.004075149026131428,0.0019820227220431878,7667
306,X_BASE,40,B5_EXACT_SELECTED_DIAGNOSTIC,1,0.01,64,0,1,14,EXACT_MODEL_SELECTION_FROZEN_BEFORE_LOCKED_TEST,0,2,0.00021207311027872898,0.0007879259546293947,-0.004864520112489989,0.0021444777543133497,7667
306,X_BASE,40,B5_EXACT_SELECTED_DIAGNOSTIC,1,0.01,64,0,1,14,EXACT_MODEL_SELECTION_FROZEN_BEFORE_LOCKED_TEST,0,3,0.004224669461625374,0.0007185460484947474,0.002134196950714795,0.0022379703496023906,7667
306,X_BASE,40,B5_EXACT_SELECTED_DIAGNOSTIC,1,0.01,64,0,1,14,EXACT_MODEL_SELECTION_FROZEN_BEFORE_LOCKED_TEST,0,4,0.006191064989908887,0.0016276199696591016,-0.005018965728179157,0.0020151534380427587,7667
306,X_BASE,40,B5_EXACT_SELECTED_DIAGNOSTIC,1,0.01,64,0,1,14,EXACT_MODEL_SELECTION_FROZEN_BEFORE_LOCKED_TEST,0,5,0.007307112991450505,0.0016588056086951498,-0.0007752650508129036,0.002169335280663125,7667
306,X_BASE,40,B5_EXACT_SELECTED_DIAGNOSTIC,1,0.01,64,0,1,14,EXACT_MODEL_SELECTION_FROZEN_BEFORE_LOCKED_TEST,1,0,0.014376218819698477,0.0014941832992783472,-0.005481062838745492,0.0017913691304513068,7667
306,X_BASE,40,B5_EXACT_SELECTED_DIAGNOSTIC,1,0.01,64,0,1,14,EXACT_MODEL_SELECTION_FROZEN_BEFORE_LOCKED_TEST,1,1,-0.013031726265053216,0.0016054958295418365,0.004075149026131428,0.0019820227220431878,7667
306,X_BASE,40,B5_EXACT_SELECTED_DIAGNOSTIC,1,0.01,64,0,1,14,EXACT_MODEL_SELECTION_FROZEN_BEFORE_LOCKED_TEST,1,2,0.00021207311027872898,0.0007879259546293947,-0.004864520112489989,0.0021444777543133497,7667
306,X_BASE,40,B5_EXACT_SELECTED_DIAGNOSTIC,1,0.01,64,0,1,14,EXACT_MODEL_SELECTION_FROZEN_BEFORE_LOCKED_TEST,1,3,0.004224669461625374,0.0007185460484947474,0.002134196950714795,0.0022379703496023906,7667
306,X_BASE,40,B5_EXACT_SELECTED_DIAGNOSTIC,1,0.01,64,0,1,14,EXACT_MODEL_SELECTION_FROZEN_BEFORE_LOCKED_TEST,1,4,0.006191064989908887,0.0016276199696591016,-0.005018965728179157,0.0020151534380427587,7667
306,X_BASE,40,B5_EXACT_SELECTED_DIAGNOSTIC,1,0.01,64,0,1,14,EXACT_MODEL_SELECTION_FROZEN_BEFORE_LOCKED_TEST,1,5,0.007307112991450505,0.0016588056086951498,-0.0007752650508129036,0.002169335280663125,7667
306,X_BASE,40,B5_EXACT_SELECTED_DIAGNOSTIC,1,0.01,64,0,1,14,EXACT_MODEL_SELECTION_FROZEN_BEFORE_LOCKED_TEST,2,0,0.014376218819698477,0.0014941832992783472,-0.005481062838745492,0.0017913691304513068,7667
306,X_BASE,40,B5_EXACT_SELECTED_DIAGNOSTIC,1,0.01,64,0,1,14,EXACT_MODEL_SELECTION_FROZEN_BEFORE_LOCKED_TEST,2,1,-0.013031726265053216,0.0016054958295418365,0.004075149026131428,0.0019820227220431878,7667
306,X_BASE,40,B5_EXACT_SELECTED_DIAGNOSTIC,1,0.01,64,0,1,14,EXACT_MODEL_SELECTION_FROZEN_BEFORE_LOCKED_TEST,2,2,0.00021207311027872898,0.0007879259546293947,-0.004864520112489989,0.0021444777543133497,7667
306,X_BASE,40,B5_EXACT_SELECTED_DIAGNOSTIC,1,0.01,64,0,1,14,EXACT_MODEL_SELECTION_FROZEN_BEFORE_LOCKED_TEST,2,3,0.004224669461625374,0.0007185460484947474,0.002134196950714795,0.0022379703496023906,7667
306,X_BASE,40,B5_EXACT_SELECTED_DIAGNOSTIC,1,0.01,64,0,1,14,EXACT_MODEL_SELECTION_FROZEN_BEFORE_LOCKED_TEST,2,4,0.006191064989908887,0.0016276199696591016,-0.005018965728179157,0.0020151534380427587,7667
306,X_BASE,40,B5_EXACT_SELECTED_DIAGNOSTIC,1,0.01,64,0,1,14,EXACT_MODEL_SELECTION_FROZEN_BEFORE_LOCKED_TEST,2,5,0.007307112991450505,0.0016588056086951498,-0.0007752650508129036,0.002169335280663125,7667
306,X_BASE,40,B5_EXACT_SELECTED_DIAGNOSTIC,1,0.01,64,0,1,14,EXACT_MODEL_SELECTION_FROZEN_BEFORE_LOCKED_TEST,3,0,0.02552229006192608,0.0011539391199484352,-0.009730602836013348,0.0020088122793432295,7667
306,X_BASE,40,B5_EXACT_SELECTED_DIAGNOSTIC,1,0.01,64,0,1,14,EXACT_MODEL_SELECTION_FROZEN_BEFORE_LOCKED_TEST,3,1,-0.02313539477352534,0.0012360056305752976,0.007234665581744622,0.0020675965374130118,7667
306,X_BASE,40,B5_EXACT_SELECTED_DIAGNOSTIC,1,0.01,64,0,1,14,EXACT_MODEL_SELECTION_FROZEN_BEFORE_LOCKED_TEST,3,2,0.0003764961776633587,0.0007729985526919274,-0.008636046437532368,0.002357317464488817,7667
306,X_BASE,40,B5_EXACT_SELECTED_DIAGNOSTIC,1,0.01,64,0,1,14,EXACT_MODEL_SELECTION_FROZEN_BEFORE_LOCKED_TEST,3,3,0.007500111174408609,0.0007316600289569673,0.003788867873295463,0.002400115776709569,7667
306,X_BASE,40,B5_EXACT_SELECTED_DIAGNOSTIC,1,0.01,64,0,1,14,EXACT_MODEL_SELECTION_FROZEN_BEFORE_LOCKED_TEST,3,4,0.010991078978860739,0.0013059624319449483,-0.008910235767275355,0.0023248025342048613,7667
306,X_BASE,40,B5_EXACT_SELECTED_DIAGNOSTIC,1,0.01,64,0,1,14,EXACT_MODEL_SELECTION_FROZEN_BEFORE_LOCKED_TEST,3,5,0.01297241365215806,0.0013420982045611804,-0.0013763382256403202,0.0023761702386268543,7667
306,X_BASE,40,B5_EXACT_SELECTED_DIAGNOSTIC,1,0.01,64,0,1,14,EXACT_MODEL_SELECTION_FROZEN_BEFORE_LOCKED_TEST,4,0,0.028795749017369508,0.0012069331339315964,-0.01097863853022908,0.0024014955968693647,7667
306,X_BASE,40,B5_EXACT_SELECTED_DIAGNOSTIC,1,0.01,64,0,1,14,EXACT_MODEL_SELECTION_FROZEN_BEFORE_LOCKED_TEST,4,1,-0.02610271334193599,0.001280355114050117,0.008162575294420816,0.002439469018774787,7667
306,X_BASE,40,B5_EXACT_SELECTED_DIAGNOSTIC,1,0.01,64,0,1,14,EXACT_MODEL_SELECTION_FROZEN_BEFORE_LOCKED_TEST,4,2,0.00042478513533416646,0.000796556091745782,-0.009743695613291017,0.002681163955593729,7667
306,X_BASE,40,B5_EXACT_SELECTED_DIAGNOSTIC,1,0.01,64,0,1,14,EXACT_MODEL_SELECTION_FROZEN_BEFORE_LOCKED_TEST,4,3,0.00846206662711755,0.0007638934603164683,0.004274823617891169,0.002718616765533373,7667
306,X_BASE,40,B5_EXACT_SELECTED_DIAGNOSTIC,1,0.01,64,0,1,14,EXACT_MODEL_SELECTION_FROZEN_BEFORE_LOCKED_TEST,4,4,0.012400781863125446,0.0013481805098593772,-0.010053052144517747,0.0027211028361364344,7667
306,X_BASE,40,B5_EXACT_SELECTED_DIAGNOSTIC,1,0.01,64,0,1,14,EXACT_MODEL_SELECTION_FROZEN_BEFORE_LOCKED_TEST,4,5,0.014636240195165734,0.0013831018251412974,-0.0015528657503847594,0.0027614814829335006,7667
306,X_BASE,40,B5_EXACT_SELECTED_DIAGNOSTIC,1,0.01,64,0,1,14,EXACT_MODEL_SELECTION_FROZEN_BEFORE_LOCKED_TEST,5,0,0.028795749017369508,0.0012069331339315964,-0.01097863853022908,0.0024014955968693647,7667
306,X_BASE,40,B5_EXACT_SELECTED_DIAGNOSTIC,1,0.01,64,0,1,14,EXACT_MODEL_SELECTION_FROZEN_BEFORE_LOCKED_TEST,5,1,-0.02610271334193599,0.001280355114050117,0.008162575294420816,0.002439469018774787,7667
306,X_BASE,40,B5_EXACT_SELECTED_DIAGNOSTIC,1,0.01,64,0,1,14,EXACT_MODEL_SELECTION_FROZEN_BEFORE_LOCKED_TEST,5,2,0.00042478513533416646,0.000796556091745782,-0.009743695613291017,0.002681163955593729,7667
306,X_BASE,40,B5_EXACT_SELECTED_DIAGNOSTIC,1,0.01,64,0,1,14,EXACT_MODEL_SELECTION_FROZEN_BEFORE_LOCKED_TEST,5,3,0.00846206662711755,0.0007638934603164683,0.004274823617891169,0.002718616765533373,7667
306,X_BASE,40,B5_EXACT_SELECTED_DIAGNOSTIC,1,0.01,64,0,1,14,EXACT_MODEL_SELECTION_FROZEN_BEFORE_LOCKED_TEST,5,4,0.012400781863125446,0.0013481805098593772,-0.010053052144517747,0.0027211028361364344,7667
306,X_BASE,40,B5_EXACT_SELECTED_DIAGNOSTIC,1,0.01,64,0,1,14,EXACT_MODEL_SELECTION_FROZEN_BEFORE_LOCKED_TEST,5,5,0.014636240195165734,0.0013831018251412974,-0.0015528657503847594,0.0027614814829335006,7667
306,X_BASE,40,B5_EXACT_SELECTED_DIAGNOSTIC,1,0.01,64,0,1,14,EXACT_MODEL_SELECTION_FROZEN_BEFORE_LOCKED_TEST,6,0,0.014548371829629527,0.0011804998626183266,-0.005546697723491292,0.0015842623487188538,7667
306,X_BASE,40,B5_EXACT_SELECTED_DIAGNOSTIC,1,0.01,64,0,1,14,EXACT_MODEL_SELECTION_FROZEN_BEFORE_LOCKED_TEST,6,1,-0.013187779183366652,0.0013062917874286765,0.004123948309139339,0.0018127046746452685,7667
306,X_BASE,40,B5_EXACT_SELECTED_DIAGNOSTIC,1,0.01,64,0,1,14,EXACT_MODEL_SELECTION_FROZEN_BEFORE_LOCKED_TEST,6,2,0.00021461265316673008,0.0008279481959603292,-0.004922771992886233,0.00200006118785181,7667
306,X_BASE,40,B5_EXACT_SELECTED_DIAGNOSTIC,1,0.01,64,0,1,14,EXACT_MODEL_SELECTION_FROZEN_BEFORE_LOCKED_TEST,6,3,0.004275259228858608,0.0007463628177231668,0.002159753631053285,0.0021100813645288092,7667
306,X_BASE,40,B5_EXACT_SELECTED_DIAGNOSTIC,1,0.01,64,0,1,14,EXACT_MODEL_SELECTION_FROZEN_BEFORE_LOCKED_TEST,6,4,0.0062652020412475315,0.0014714043944262661,-0.005079067071076284,0.0019243031988664776,7667
306,X_BASE,40,B5_EXACT_SELECTED_DIAGNOSTIC,1,0.01,64,0,1,14,EXACT_MODEL_SELECTION_FROZEN_BEFORE_LOCKED_TEST,6,5,0.0073946145460081535,0.0015027222960202126,-0.0007845487305944681,0.0021093845913486282,7667
306,X_BASE,40,B5_EXACT_SELECTED_DIAGNOSTIC,1,0.01,64,0,1,14,EXACT_MODEL_SELECTION_FROZEN_BEFORE_LOCKED_TEST,7,0,0.014548371829629527,0.0011804998626183266,-0.005546697723491292,0.0015842623487188538,7667
306,X_BASE,40,B5_EXACT_SELECTED_DIAGNOSTIC,1,0.01,64,0,1,14,EXACT_MODEL_SELECTION_FROZEN_BEFORE_LOCKED_TEST,7,1,-0.013187779183366652,0.0013062917874286765,0.004123948309139339,0.0018127046746452685,7667
306,X_BASE,40,B5_EXACT_SELECTED_DIAGNOSTIC,1,0.01,64,0,1,14,EXACT_MODEL_SELECTION_FROZEN_BEFORE_LOCKED_TEST,7,2,0.00021461265316673008,0.0008279481959603292,-0.004922771992886233,0.00200006118785181,7667
306,X_BASE,40,B5_EXACT_SELECTED_DIAGNOSTIC,1,0.01,64,0,1,14,EXACT_MODEL_SELECTION_FROZEN_BEFORE_LOCKED_TEST,7,3,0.004275259228858608,0.0007463628177231668,0.002159753631053285,0.0021100813645288092,7667
306,X_BASE,40,B5_EXACT_SELECTED_DIAGNOSTIC,1,0.01,64,0,1,14,EXACT_MODEL_SELECTION_FROZEN_BEFORE_LOCKED_TEST,7,4,0.0062652020412475315,0.0014714043944262661,-0.005079067071076284,0.0019243031988664776,7667
306,X_BASE,40,B5_EXACT_SELECTED_DIAGNOSTIC,1,0.01,64,0,1,14,EXACT_MODEL_SELECTION_FROZEN_BEFORE_LOCKED_TEST,7,5,0.0073946145460081535,0.0015027222960202126,-0.0007845487305944681,0.0021093845913486282,7667
306,X_BASE,40,B5_EXACT_SELECTED_DIAGNOSTIC,1,0.01,64,0,1,14,EXACT_MODEL_SELECTION_FROZEN_BEFORE_LOCKED_TEST,8,0,0.014548371829629527,0.0011804998626183266,-0.005546697723491292,0.0015842623487188538,7667
306,X_BASE,40,B5_EXACT_SELECTED_DIAGNOSTIC,1,0.01,64,0,1,14,EXACT_MODEL_SELECTION_FROZEN_BEFORE_LOCKED_TEST,8,1,-0.013187779183366652,0.0013062917874286765,0.004123948309139339,0.0018127046746452685,7667
306,X_BASE,40,B5_EXACT_SELECTED_DIAGNOSTIC,1,0.01,64,0,1,14,EXACT_MODEL_SELECTION_FROZEN_BEFORE_LOCKED_TEST,8,2,0.00021461265316673008,0.0008279481959603292,-0.004922771992886233,0.00200006118785181,7667
306,X_BASE,40,B5_EXACT_SELECTED_DIAGNOSTIC,1,0.01,64,0,1,14,EXACT_MODEL_SELECTION_FROZEN_BEFORE_LOCKED_TEST,8,3,0.004275259228858608,0.0007463628177231668,0.002159753631053285,0.0021100813645288092,7667
306,X_BASE,40,B5_EXACT_SELECTED_DIAGNOSTIC,1,0.01,64,0,1,14,EXACT_MODEL_SELECTION_FROZEN_BEFORE_LOCKED_TEST,8,4,0.0062652020412475315,0.0014714043944262661,-0.005079067071076284,0.0019243031988664776,7667
306,X_BASE,40,B5_EXACT_SELECTED_DIAGNOSTIC,1,0.01,64,0,1,14,EXACT_MODEL_SELECTION_FROZEN_BEFORE_LOCKED_TEST,8,5,0.0073946145460081535,0.0015027222960202126,-0.0007845487305944681,0.0021093845913486282,7667
306,X_BASE,40,B5_EXACT_SELECTED_DIAGNOSTIC,1,0.01,64,0,1,14,EXACT_MODEL_SELECTION_FROZEN_BEFORE_LOCKED_TEST,9,0,0.01489816070371064,0.0011375288444427773,-0.005680057880510163,0.001673681271087051,7667
306,X_BASE,40,B5_EXACT_SELECTED_DIAGNOSTIC,1,0.01,64,0,1,14,EXACT_MODEL_SELECTION_FROZEN_BEFORE_LOCKED_TEST,9,1,-0.0135048551067896,0.0012615749912147066,0.004223101070198464,0.0018764631812895527,7667
306,X_BASE,40,B5_EXACT_SELECTED_DIAGNOSTIC,1,0.01,64,0,1,14,EXACT_MODEL_SELECTION_FROZEN_BEFORE_LOCKED_TEST,9,2,0.00021977262015092976,0.0007945215367300938,-0.005041131001915875,0.0020119767575135857,7667
306,X_BASE,40,B5_EXACT_SELECTED_DIAGNOSTIC,1,0.01,64,0,1,14,EXACT_MODEL_SELECTION_FROZEN_BEFORE_LOCKED_TEST,9,3,0.0043780499830117095,0.0007326905603140971,0.0022116809394659115,0.0021071607640525676,7667
306,X_BASE,40,B5_EXACT_SELECTED_DIAGNOSTIC,1,0.01,64,0,1,14,EXACT_MODEL_SELECTION_FROZEN_BEFORE_LOCKED_TEST,9,4,0.006415837314634991,0.0012983237809226136,-0.005201183908134019,0.0018960318983408861,7667
306,X_BASE,40,B5_EXACT_SELECTED_DIAGNOSTIC,1,0.01,64,0,1,14,EXACT_MODEL_SELECTION_FROZEN_BEFORE_LOCKED_TEST,9,5,0.007572404468248397,0.0013429748434442296,-0.0008034117635407058,0.002060328968370872,7667
306,X_BASE,40,B5_EXACT_SELECTED_DIAGNOSTIC,1,0.01,64,0,1,14,EXACT_MODEL_SELECTION_FROZEN_BEFORE_LOCKED_TEST,10,0,0.01489816070371064,0.0011375288444427773,-0.005680057880510163,0.001673681271087051,7667
306,X_BASE,40,B5_EXACT_SELECTED_DIAGNOSTIC,1,0.01,64,0,1,14,EXACT_MODEL_SELECTION_FROZEN_BEFORE_LOCKED_TEST,10,1,-0.0135048551067896,0.0012615749912147066,0.004223101070198464,0.0018764631812895527,7667
306,X_BASE,40,B5_EXACT_SELECTED_DIAGNOSTIC,1,0.01,64,0,1,14,EXACT_MODEL_SELECTION_FROZEN_BEFORE_LOCKED_TEST,10,2,0.00021977262015092976,0.0007945215367300938,-0.005041131001915875,0.0020119767575135857,7667
306,X_BASE,40,B5_EXACT_SELECTED_DIAGNOSTIC,1,0.01,64,0,1,14,EXACT_MODEL_SELECTION_FROZEN_BEFORE_LOCKED_TEST,10,3,0.0043780499830117095,0.0007326905603140971,0.0022116809394659115,0.0021071607640525676,7667
306,X_BASE,40,B5_EXACT_SELECTED_DIAGNOSTIC,1,0.01,64,0,1,14,EXACT_MODEL_SELECTION_FROZEN_BEFORE_LOCKED_TEST,10,4,0.006415837314634991,0.0012983237809226136,-0.005201183908134019,0.0018960318983408861,7667
306,X_BASE,40,B5_EXACT_SELECTED_DIAGNOSTIC,1,0.01,64,0,1,14,EXACT_MODEL_SELECTION_FROZEN_BEFORE_LOCKED_TEST,10,5,0.007572404468248397,0.0013429748434442296,-0.0008034117635407058,0.002060328968370872,7667
306,X_BASE,40,B5_EXACT_SELECTED_DIAGNOSTIC,1,0.01,64,0,1,14,EXACT_MODEL_SELECTION_FROZEN_BEFORE_LOCKED_TEST,11,0,0.01489816070371064,0.0011375288444427773,-0.005680057880510163,0.001673681271087051,7667
306,X_BASE,40,B5_EXACT_SELECTED_DIAGNOSTIC,1,0.01,64,0,1,14,EXACT_MODEL_SELECTION_FROZEN_BEFORE_LOCKED_TEST,11,1,-0.0135048551067896,0.0012615749912147066,0.004223101070198464,0.0018764631812895527,7667
306,X_BASE,40,B5_EXACT_SELECTED_DIAGNOSTIC,1,0.01,64,0,1,14,EXACT_MODEL_SELECTION_FROZEN_BEFORE_LOCKED_TEST,11,2,0.00021977262015092976,0.0007945215367300938,-0.005041131001915875,0.0020119767575135857,7667
306,X_BASE,40,B5_EXACT_SELECTED_DIAGNOSTIC,1,0.01,64,0,1,14,EXACT_MODEL_SELECTION_FROZEN_BEFORE_LOCKED_TEST,11,3,0.0043780499830117095,0.0007326905603140971,0.0022116809394659115,0.0021071607640525676,7667
306,X_BASE,40,B5_EXACT_SELECTED_DIAGNOSTIC,1,0.01,64,0,1,14,EXACT_MODEL_SELECTION_FROZEN_BEFORE_LOCKED_TEST,11,4,0.006415837314634991,0.0012983237809226136,-0.005201183908134019,0.0018960318983408861,7667
306,X_BASE,40,B5_EXACT_SELECTED_DIAGNOSTIC,1,0.01,64,0,1,14,EXACT_MODEL_SELECTION_FROZEN_BEFORE_LOCKED_TEST,11,5,0.007572404468248397,0.0013429748434442296,-0.0008034117635407058,0.002060328968370872,7667
306,X_VALID,8,B5_EXACT_SELECTED_DIAGNOSTIC,1,0.01,64,0,1,19,EXACT_MODEL_SELECTION_FROZEN_BEFORE_LOCKED_TEST,0,0,-0.002628013735393087,-0.0002978738907076853,0.0020260139683865273,0.00463096946595417,7904
306,X_VALID,8,B5_EXACT_SELECTED_DIAGNOSTIC,1,0.01,64,0,1,19,EXACT_MODEL_SELECTION_FROZEN_BEFORE_LOCKED_TEST,0,1,-0.0018988135102617088,-0.00028817185230828785,-0.002393176789762415,0.00457848508294705,7904
306,X_VALID,8,B5_EXACT_SELECTED_DIAGNOSTIC,1,0.01,64,0,1,19,EXACT_MODEL_SELECTION_FROZEN_BEFORE_LOCKED_TEST,0,2,0.0011676587485084074,-0.0002944774686271026,-0.0006924927687817634,0.00454799400121747,7904
306,X_VALID,8,B5_EXACT_SELECTED_DIAGNOSTIC,1,0.01,64,0,1,19,EXACT_MODEL_SELECTION_FROZEN_BEFORE_LOCKED_TEST,0,3,-0.00030997896517100505,-0.00028431556109370935,0.0008504603170259176,0.004495640795847367,7904
306,X_VALID,8,B5_EXACT_SELECTED_DIAGNOSTIC,1,0.01,64,0,1,19,EXACT_MODEL_SELECTION_FROZEN_BEFORE_LOCKED_TEST,0,4,0.0024131583683980307,-0.00021714313745331386,0.0027742786570276235,0.004567639571211782,7904
306,X_VALID,8,B5_EXACT_SELECTED_DIAGNOSTIC,1,0.01,64,0,1,19,EXACT_MODEL_SELECTION_FROZEN_BEFORE_LOCKED_TEST,0,5,0.004102962902339534,-0.00020860587091465753,0.0009047107421039584,0.004453321801350493,7904
306,X_VALID,8,B5_EXACT_SELECTED_DIAGNOSTIC,1,0.01,64,0,1,19,EXACT_MODEL_SELECTION_FROZEN_BEFORE_LOCKED_TEST,1,0,-0.006651954587460015,-0.0005068902821634448,0.005128189677916961,0.005848123846469874,7904
306,X_VALID,8,B5_EXACT_SELECTED_DIAGNOSTIC,1,0.01,64,0,1,19,EXACT_MODEL_SELECTION_FROZEN_BEFORE_LOCKED_TEST,1,1,-0.004806223449371419,-0.0005007729099654542,-0.006057541903555457,0.005786843020352689,7904
306,X_VALID,8,B5_EXACT_SELECTED_DIAGNOSTIC,1,0.01,64,0,1,19,EXACT_MODEL_SELECTION_FROZEN_BEFORE_LOCKED_TEST,1,2,0.0029555450430575982,-0.0005222718843881057,-0.00175281825511149,0.005830162546728898,7904
306,X_VALID,8,B5_EXACT_SELECTED_DIAGNOSTIC,1,0.01,64,0,1,19,EXACT_MODEL_SELECTION_FROZEN_BEFORE_LOCKED_TEST,1,3,-0.0007846100542077102,-0.0005178627655716672,0.002152661278403504,0.00577889486603513,7904
306,X_VALID,8,B5_EXACT_SELECTED_DIAGNOSTIC,1,0.01,64,0,1,19,EXACT_MODEL_SELECTION_FROZEN_BEFORE_LOCKED_TEST,1,4,0.006108118714429698,-0.00040807657920012276,0.007022176250820467,0.005869837251197159,7904
306,X_VALID,8,B5_EXACT_SELECTED_DIAGNOSTIC,1,0.01,64,0,1,19,EXACT_MODEL_SELECTION_FROZEN_BEFORE_LOCKED_TEST,1,5,0.010385304510713829,-0.0004016079900994128,0.0022899784313199652,0.0057208442927141265,7904
306,X_VALID,8,B5_EXACT_SELECTED_DIAGNOSTIC,1,0.01,64,0,1,19,EXACT_MODEL_SELECTION_FROZEN_BEFORE_LOCKED_TEST,2,0,-0.0028933739859493463,-0.0003725922413229839,0.002230588079640598,0.005089944248977835,7904
306,X_VALID,8,B5_EXACT_SELECTED_DIAGNOSTIC,1,0.01,64,0,1,19,EXACT_MODEL_SELECTION_FROZEN_BEFORE_LOCKED_TEST,2,1,-0.002090543721583186,-0.0003696506676833493,-0.0026348246868050044,0.005053700466418963,7904
306,X_VALID,8,B5_EXACT_SELECTED_DIAGNOSTIC,1,0.01,64,0,1,19,EXACT_MODEL_SELECTION_FROZEN_BEFORE_LOCKED_TEST,2,2,0.0012855615638154411,-0.00038770589989060855,-0.0007624163206100954,0.005060305029165025,7904
306,X_VALID,8,B5_EXACT_SELECTED_DIAGNOSTIC,1,0.01,64,0,1,19,EXACT_MODEL_SELECTION_FROZEN_BEFORE_LOCKED_TEST,2,3,-0.0003412786858525045,-0.0003871443689899053,0.0009363344354807807,0.005043098839317567,7904
306,X_VALID,8,B5_EXACT_SELECTED_DIAGNOSTIC,1,0.01,64,0,1,19,EXACT_MODEL_SELECTION_FROZEN_BEFORE_LOCKED_TEST,2,4,0.0026568238792155593,-0.0002808027449905208,0.003054407816790793,0.005022555395034332,7904
306,X_VALID,8,B5_EXACT_SELECTED_DIAGNOSTIC,1,0.01,64,0,1,19,EXACT_MODEL_SELECTION_FROZEN_BEFORE_LOCKED_TEST,2,5,0.0045172542163934935,-0.0002799189757462384,0.0009960627262935457,0.004926789060794397,7904
306,X_VALID,8,B5_EXACT_SELECTED_DIAGNOSTIC,1,0.01,64,0,1,19,EXACT_MODEL_SELECTION_FROZEN_BEFORE_LOCKED_TEST,3,0,-0.005173744493327852,-0.0004744543941060976,0.0039885935416457165,0.005105806604268453,7904
306,X_VALID,8,B5_EXACT_SELECTED_DIAGNOSTIC,1,0.01,64,0,1,19,EXACT_MODEL_SELECTION_FROZEN_BEFORE_LOCKED_TEST,3,1,-0.0037381752653220506,-0.00047914596138044313,-0.00471142333498547,0.005092698298722946,7904
306,X_VALID,8,B5_EXACT_SELECTED_DIAGNOSTIC,1,0.01,64,0,1,19,EXACT_MODEL_SELECTION_FROZEN_BEFORE_LOCKED_TEST,3,2,0.002298758160515418,-0.0004808287267386094,-0.0013633036239127994,0.005092151590340453,7904
306,X_VALID,8,B5_EXACT_SELECTED_DIAGNOSTIC,1,0.01,64,0,1,19,EXACT_MODEL_SELECTION_FROZEN_BEFORE_LOCKED_TEST,3,3,-0.000610252504582542,-0.00048810448543667025,0.0016742927644358592,0.005071066744237139,7904
306,X_VALID,8,B5_EXACT_SELECTED_DIAGNOSTIC,1,0.01,64,0,1,19,EXACT_MODEL_SELECTION_FROZEN_BEFORE_LOCKED_TEST,3,4,0.004750760870037796,-0.00035604068773483166,0.005461694789280367,0.005054177859422998,7904
306,X_VALID,8,B5_EXACT_SELECTED_DIAGNOSTIC,1,0.01,64,0,1,19,EXACT_MODEL_SELECTION_FROZEN_BEFORE_LOCKED_TEST,3,5,0.008077462243222438,-0.00036339974554371507,0.0017810950365199612,0.004989027159893441,7904
306,X_VALID,8,B5_EXACT_SELECTED_DIAGNOSTIC,1,0.01,64,0,1,19,EXACT_MODEL_SELECTION_FROZEN_BEFORE_LOCKED_TEST,4,0,-0.00540309192986473,-0.0005751466295839646,0.004165404303240863,0.005900993438315956,7904
306,X_VALID,8,B5_EXACT_SELECTED_DIAGNOSTIC,1,0.01,64,0,1,19,EXACT_MODEL_SELECTION_FROZEN_BEFORE_LOCKED_TEST,4,1,-0.0039038852101275622,-0.0005890619532213122,-0.0049202764907051695,0.005947744590829577,7904
306,X_VALID,8,B5_EXACT_SELECTED_DIAGNOSTIC,1,0.01,64,0,1,19,EXACT_MODEL_SELECTION_FROZEN_BEFORE_LOCKED_TEST,4,2,0.0024006600406744293,-0.0005919166030351255,-0.001423737646460502,0.005863397088499135,7904
306,X_VALID,8,B5_EXACT_SELECTED_DIAGNOSTIC,1,0.01,64,0,1,19,EXACT_MODEL_SELECTION_FROZEN_BEFORE_LOCKED_TEST,4,3,-0.0006373044488265444,-0.000608845968037386,0.0017485126556637334,0.005882167769776359,7904
306,X_VALID,8,B5_EXACT_SELECTED_DIAGNOSTIC,1,0.01,64,0,1,19,EXACT_MODEL_SELECTION_FROZEN_BEFORE_LOCKED_TEST,4,4,0.004961357823278917,-0.00044496884639344303,0.0057038068032547115,0.005830725596686438,7904
306,X_VALID,8,B5_EXACT_SELECTED_DIAGNOSTIC,1,0.01,64,0,1,19,EXACT_MODEL_SELECTION_FROZEN_BEFORE_LOCKED_TEST,4,5,0.008435528873995478,-0.0004623734974774328,0.0018600493763373225,0.005810457416702281,7904
306,X_VALID,8,B5_EXACT_SELECTED_DIAGNOSTIC,1,0.01,64,0,1,19,EXACT_MODEL_SELECTION_FROZEN_BEFORE_LOCKED_TEST,5,0,-0.005173744493327852,-0.0004744543941060976,0.0039885935416457165,0.005105806604268453,7904
306,X_VALID,8,B5_EXACT_SELECTED_DIAGNOSTIC,1,0.01,64,0,1,19,EXACT_MODEL_SELECTION_FROZEN_BEFORE_LOCKED_TEST,5,1,-0.0037381752653220506,-0.00047914596138044313,-0.00471142333498547,0.005092698298722946,7904
306,X_VALID,8,B5_EXACT_SELECTED_DIAGNOSTIC,1,0.01,64,0,1,19,EXACT_MODEL_SELECTION_FROZEN_BEFORE_LOCKED_TEST,5,2,0.002298758160515418,-0.0004808287267386094,-0.0013633036239127994,0.005092151590340453,7904
306,X_VALID,8,B5_EXACT_SELECTED_DIAGNOSTIC,1,0.01,64,0,1,19,EXACT_MODEL_SELECTION_FROZEN_BEFORE_LOCKED_TEST,5,3,-0.000610252504582542,-0.00048810448543667025,0.0016742927644358592,0.005071066744237139,7904
306,X_VALID,8,B5_EXACT_SELECTED_DIAGNOSTIC,1,0.01,64,0,1,19,EXACT_MODEL_SELECTION_FROZEN_BEFORE_LOCKED_TEST,5,4,0.004750760870037796,-0.00035604068773483166,0.005461694789280367,0.005054177859422998,7904
306,X_VALID,8,B5_EXACT_SELECTED_DIAGNOSTIC,1,0.01,64,0,1,19,EXACT_MODEL_SELECTION_FROZEN_BEFORE_LOCKED_TEST,5,5,0.008077462243222438,-0.00036339974554371507,0.0017810950365199612,0.004989027159893441,7904
306,X_VALID,8,B5_EXACT_SELECTED_DIAGNOSTIC,1,0.01,64,0,1,19,EXACT_MODEL_SELECTION_FROZEN_BEFORE_LOCKED_TEST,6,0,-0.005045325694380805,-0.00027475511138553427,0.0038895916692558755,0.004545100564272237,7904
306,X_VALID,8,B5_EXACT_SELECTED_DIAGNOSTIC,1,0.01,64,0,1,19,EXACT_MODEL_SELECTION_FROZEN_BEFORE_LOCKED_TEST,6,1,-0.0036453890872559912,-0.00028932512949251626,-0.004594479924503914,0.004554006167793963,7904
306,X_VALID,8,B5_EXACT_SELECTED_DIAGNOSTIC,1,0.01,64,0,1,19,EXACT_MODEL_SELECTION_FROZEN_BEFORE_LOCKED_TEST,6,2,0.002241700112437508,-0.000332141895803573,-0.001329464725565806,0.004575836659555751,7904
306,X_VALID,8,B5_EXACT_SELECTED_DIAGNOSTIC,1,0.01,64,0,1,19,EXACT_MODEL_SELECTION_FROZEN_BEFORE_LOCKED_TEST,6,3,-0.0005951052753766971,-0.000347415735829186,0.001632734727278852,0.004566204326576722,7904
306,X_VALID,8,B5_EXACT_SELECTED_DIAGNOSTIC,1,0.01,64,0,1,19,EXACT_MODEL_SELECTION_FROZEN_BEFORE_LOCKED_TEST,6,4,0.004632841052814185,-0.0002156662967161387,0.0053261287044149,0.004531063017675267,7904
306,X_VALID,8,B5_EXACT_SELECTED_DIAGNOSTIC,1,0.01,64,0,1,19,EXACT_MODEL_SELECTION_FROZEN_BEFORE_LOCKED_TEST,6,5,0.007876969543756418,-0.0002320234420289258,0.0017368860336023628,0.004485417878264164,7904
306,X_VALID,8,B5_EXACT_SELECTED_DIAGNOSTIC,1,0.01,64,0,1,19,EXACT_MODEL_SELECTION_FROZEN_BEFORE_LOCKED_TEST,7,0,-0.006033898035456707,-0.0005186202523685882,0.004651711495650454,0.005840825267896442,7904
306,X_VALID,8,B5_EXACT_SELECTED_DIAGNOSTIC,1,0.01,64,0,1,19,EXACT_MODEL_SELECTION_FROZEN_BEFORE_LOCKED_TEST,7,1,-0.004359660284482135,-0.0005221331606547643,-0.005494714329599241,0.005818824276403172,7904
306,X_VALID,8,B5_EXACT_SELECTED_DIAGNOSTIC,1,0.01,64,0,1,19,EXACT_MODEL_SELECTION_FROZEN_BEFORE_LOCKED_TEST,7,2,0.0026809349334145985,-0.0005452415435637821,-0.0015899577315166755,0.005847640486320412,7904
306,X_VALID,8,B5_EXACT_SELECTED_DIAGNOSTIC,1,0.01,64,0,1,19,EXACT_MODEL_SELECTION_FROZEN_BEFORE_LOCKED_TEST,7,3,-0.0007117091679501693,-0.0005515560462711726,0.0019526499298790807,0.005815332787376809,7904
306,X_VALID,8,B5_EXACT_SELECTED_DIAGNOSTIC,1,0.01,64,0,1,19,EXACT_MODEL_SELECTION_FROZEN_BEFORE_LOCKED_TEST,7,4,0.005540591870668004,-0.00040419858643675537,0.006369721098868075,0.005783342377849707,7904
306,X_VALID,8,B5_EXACT_SELECTED_DIAGNOSTIC,1,0.01,64,0,1,19,EXACT_MODEL_SELECTION_FROZEN_BEFORE_LOCKED_TEST,7,5,0.009420369255518842,-0.00041092963863395673,0.002077208462010238,0.005715330695029588,7904
306,X_VALID,8,B5_EXACT_SELECTED_DIAGNOSTIC,1,0.01,64,0,1,19,EXACT_MODEL_SELECTION_FROZEN_BEFORE_LOCKED_TEST,8,0,-0.005045325694380805,-0.00027475511138553427,0.0038895916692558755,0.004545100564272237,7904
306,X_VALID,8,B5_EXACT_SELECTED_DIAGNOSTIC,1,0.01,64,0,1,19,EXACT_MODEL_SELECTION_FROZEN_BEFORE_LOCKED_TEST,8,1,-0.0036453890872559912,-0.00028932512949251626,-0.004594479924503914,0.004554006167793963,7904
306,X_VALID,8,B5_EXACT_SELECTED_DIAGNOSTIC,1,0.01,64,0,1,19,EXACT_MODEL_SELECTION_FROZEN_BEFORE_LOCKED_TEST,8,2,0.002241700112437508,-0.000332141895803573,-0.001329464725565806,0.004575836659555751,7904
306,X_VALID,8,B5_EXACT_SELECTED_DIAGNOSTIC,1,0.01,64,0,1,19,EXACT_MODEL_SELECTION_FROZEN_BEFORE_LOCKED_TEST,8,3,-0.0005951052753766971,-0.000347415735829186,0.001632734727278852,0.004566204326576722,7904
306,X_VALID,8,B5_EXACT_SELECTED_DIAGNOSTIC,1,0.01,64,0,1,19,EXACT_MODEL_SELECTION_FROZEN_BEFORE_LOCKED_TEST,8,4,0.004632841052814185,-0.0002156662967161387,0.0053261287044149,0.004531063017675267,7904
306,X_VALID,8,B5_EXACT_SELECTED_DIAGNOSTIC,1,0.01,64,0,1,19,EXACT_MODEL_SELECTION_FROZEN_BEFORE_LOCKED_TEST,8,5,0.007876969543756418,-0.0002320234420289258,0.0017368860336023628,0.004485417878264164,7904
306,X_VALID,8,B5_EXACT_SELECTED_DIAGNOSTIC,1,0.01,64,0,1,19,EXACT_MODEL_SELECTION_FROZEN_BEFORE_LOCKED_TEST,9,0,0.00637295459923376,-0.00024899083528357423,-0.004913100287129772,0.0042341448559250405,7904
306,X_VALID,8,B5_EXACT_SELECTED_DIAGNOSTIC,1,0.01,64,0,1,19,EXACT_MODEL_SELECTION_FROZEN_BEFORE_LOCKED_TEST,9,1,0.0046046381456600486,-0.0002302479625722522,0.005803473103543196,0.004153045189221222,7904
306,X_VALID,8,B5_EXACT_SELECTED_DIAGNOSTIC,1,0.01,64,0,1,19,EXACT_MODEL_SELECTION_FROZEN_BEFORE_LOCKED_TEST,9,2,-0.0028315819249434535,-0.00023589316329614718,0.0016793005745397108,0.004272226414237215,7904
306,X_VALID,8,B5_EXACT_SELECTED_DIAGNOSTIC,1,0.01,64,0,1,19,EXACT_MODEL_SELECTION_FROZEN_BEFORE_LOCKED_TEST,9,3,0.0007517015018404365,-0.00021678366565096598,-0.0020623731588090173,0.004196557064372867,7904
306,X_VALID,8,B5_EXACT_SELECTED_DIAGNOSTIC,1,0.01,64,0,1,19,EXACT_MODEL_SELECTION_FROZEN_BEFORE_LOCKED_TEST,9,4,-0.005851928593615721,-0.00015357614101222232,-0.006727648219165681,0.004204885865923606,7904
306,X_VALID,8,B5_EXACT_SELECTED_DIAGNOSTIC,1,0.01,64,0,1,19,EXACT_MODEL_SELECTION_FROZEN_BEFORE_LOCKED_TEST,9,5,-0.009949718278408891,-0.00013795372901611395,-0.002193930879134163,0.004074376451644708,7904
306,X_VALID,8,B5_EXACT_SELECTED_DIAGNOSTIC,1,0.01,64,0,1,19,EXACT_MODEL_SELECTION_FROZEN_BEFORE_LOCKED_TEST,10,0,0.00637295459923376,-0.00024899083528357423,-0.004913100287129772,0.0042341448559250405,7904
306,X_VALID,8,B5_EXACT_SELECTED_DIAGNOSTIC,1,0.01,64,0,1,19,EXACT_MODEL_SELECTION_FROZEN_BEFORE_LOCKED_TEST,10,1,0.0046046381456600486,-0.0002302479625722522,0.005803473103543196,0.004153045189221222,7904
306,X_VALID,8,B5_EXACT_SELECTED_DIAGNOSTIC,1,0.01,64,0,1,19,EXACT_MODEL_SELECTION_FROZEN_BEFORE_LOCKED_TEST,10,2,-0.0028315819249434535,-0.00023589316329614718,0.0016793005745397108,0.004272226414237215,7904
306,X_VALID,8,B5_EXACT_SELECTED_DIAGNOSTIC,1,0.01,64,0,1,19,EXACT_MODEL_SELECTION_FROZEN_BEFORE_LOCKED_TEST,10,3,0.0007517015018404365,-0.00021678366565096598,-0.0020623731588090173,0.004196557064372867,7904
306,X_VALID,8,B5_EXACT_SELECTED_DIAGNOSTIC,1,0.01,64,0,1,19,EXACT_MODEL_SELECTION_FROZEN_BEFORE_LOCKED_TEST,10,4,-0.005851928593615721,-0.00015357614101222232,-0.006727648219165681,0.004204885865923606,7904
306,X_VALID,8,B5_EXACT_SELECTED_DIAGNOSTIC,1,0.01,64,0,1,19,EXACT_MODEL_SELECTION_FROZEN_BEFORE_LOCKED_TEST,10,5,-0.009949718278408891,-0.00013795372901611395,-0.002193930879134163,0.004074376451644708,7904
306,X_VALID,8,B5_EXACT_SELECTED_DIAGNOSTIC,1,0.01,64,0,1,19,EXACT_MODEL_SELECTION_FROZEN_BEFORE_LOCKED_TEST,11,0,0.00637295459923376,-0.00024899083528357423,-0.004913100287129772,0.0042341448559250405,7904
306,X_VALID,8,B5_EXACT_SELECTED_DIAGNOSTIC,1,0.01,64,0,1,19,EXACT_MODEL_SELECTION_FROZEN_BEFORE_LOCKED_TEST,11,1,0.0046046381456600486,-0.0002302479625722522,0.005803473103543196,0.004153045189221222,7904
306,X_VALID,8,B5_EXACT_SELECTED_DIAGNOSTIC,1,0.01,64,0,1,19,EXACT_MODEL_SELECTION_FROZEN_BEFORE_LOCKED_TEST,11,2,-0.0028315819249434535,-0.00023589316329614718,0.0016793005745397108,0.004272226414237215,7904
306,X_VALID,8,B5_EXACT_SELECTED_DIAGNOSTIC,1,0.01,64,0,1,19,EXACT_MODEL_SELECTION_FROZEN_BEFORE_LOCKED_TEST,11,3,0.0007517015018404365,-0.00021678366565096598,-0.0020623731588090173,0.004196557064372867,7904
306,X_VALID,8,B5_EXACT_SELECTED_DIAGNOSTIC,1,0.01,64,0,1,19,EXACT_MODEL_SELECTION_FROZEN_BEFORE_LOCKED_TEST,11,4,-0.005851928593615721,-0.00015357614101222232,-0.006727648219165681,0.004204885865923606,7904
306,X_VALID,8,B5_EXACT_SELECTED_DIAGNOSTIC,1,0.01,64,0,1,19,EXACT_MODEL_SELECTION_FROZEN_BEFORE_LOCKED_TEST,11,5,-0.009949718278408891,-0.00013795372901611395,-0.002193930879134163,0.004074376451644708,7904
306,X_VALID,24,B5_EXACT_SELECTED_DIAGNOSTIC,1,0.01,64,0,1,8,EXACT_MODEL_SELECTION_FROZEN_BEFORE_LOCKED_TEST,0,0,-0.004251242546229924,-0.00032337195723251426,0.003222966919299406,0.001357515848145914,8141
306,X_VALID,24,B5_EXACT_SELECTED_DIAGNOSTIC,1,0.01,64,0,1,8,EXACT_MODEL_SELECTION_FROZEN_BEFORE_LOCKED_TEST,0,1,-0.0018913070123417538,-0.0002319246932193994,0.000744539119319094,0.0013173590892484627,8141
306,X_VALID,24,B5_EXACT_SELECTED_DIAGNOSTIC,1,0.01,64,0,1,8,EXACT_MODEL_SELECTION_FROZEN_BEFORE_LOCKED_TEST,0,2,0.002766985668368461,-0.00025512938403641415,-0.0015545518507172615,0.0012543656451481,8141
306,X_VALID,24,B5_EXACT_SELECTED_DIAGNOSTIC,1,0.01,64,0,1,8,EXACT_MODEL_SELECTION_FROZEN_BEFORE_LOCKED_TEST,0,3,-0.005662186373763477,-0.00016266497563668068,0.0030585508584348446,0.0011923541660855239,8141
306,X_VALID,24,B5_EXACT_SELECTED_DIAGNOSTIC,1,0.01,64,0,1,8,EXACT_MODEL_SELECTION_FROZEN_BEFORE_LOCKED_TEST,0,4,0.007138596564156284,-0.00023707026269151275,-0.002884928114330457,0.0013171165432944814,8141
306,X_VALID,24,B5_EXACT_SELECTED_DIAGNOSTIC,1,0.01,64,0,1,8,EXACT_MODEL_SELECTION_FROZEN_BEFORE_LOCKED_TEST,0,5,-0.005154650946020166,-0.00013933986459378823,-0.0008350290584544648,0.0012277689659292816,8141
306,X_VALID,24,B5_EXACT_SELECTED_DIAGNOSTIC,1,0.01,64,0,1,8,EXACT_MODEL_SELECTION_FROZEN_BEFORE_LOCKED_TEST,1,0,-0.004251242546229924,-0.00032337195723251426,0.003222966919299406,0.001357515848145914,8141
306,X_VALID,24,B5_EXACT_SELECTED_DIAGNOSTIC,1,0.01,64,0,1,8,EXACT_MODEL_SELECTION_FROZEN_BEFORE_LOCKED_TEST,1,1,-0.0018913070123417538,-0.0002319246932193994,0.000744539119319094,0.0013173590892484627,8141
306,X_VALID,24,B5_EXACT_SELECTED_DIAGNOSTIC,1,0.01,64,0,1,8,EXACT_MODEL_SELECTION_FROZEN_BEFORE_LOCKED_TEST,1,2,0.002766985668368461,-0.00025512938403641415,-0.0015545518507172615,0.0012543656451481,8141
306,X_VALID,24,B5_EXACT_SELECTED_DIAGNOSTIC,1,0.01,64,0,1,8,EXACT_MODEL_SELECTION_FROZEN_BEFORE_LOCKED_TEST,1,3,-0.005662186373763477,-0.00016266497563668068,0.0030585508584348446,0.0011923541660855239,8141
306,X_VALID,24,B5_EXACT_SELECTED_DIAGNOSTIC,1,0.01,64,0,1,8,EXACT_MODEL_SELECTION_FROZEN_BEFORE_LOCKED_TEST,1,4,0.007138596564156284,-0.00023707026269151275,-0.002884928114330457,0.0013171165432944814,8141
306,X_VALID,24,B5_EXACT_SELECTED_DIAGNOSTIC,1,0.01,64,0,1,8,EXACT_MODEL_SELECTION_FROZEN_BEFORE_LOCKED_TEST,1,5,-0.005154650946020166,-0.00013933986459378823,-0.0008350290584544648,0.0012277689659292816,8141
306,X_VALID,24,B5_EXACT_SELECTED_DIAGNOSTIC,1,0.01,64,0,1,8,EXACT_MODEL_SELECTION_FROZEN_BEFORE_LOCKED_TEST,2,0,-0.004251242546229924,-0.00032337195723251426,0.003222966919299406,0.001357515848145914,8141
306,X_VALID,24,B5_EXACT_SELECTED_DIAGNOSTIC,1,0.01,64,0,1,8,EXACT_MODEL_SELECTION_FROZEN_BEFORE_LOCKED_TEST,2,1,-0.0018913070123417538,-0.0002319246932193994,0.000744539119319094,0.0013173590892484627,8141
306,X_VALID,24,B5_EXACT_SELECTED_DIAGNOSTIC,1,0.01,64,0,1,8,EXACT_MODEL_SELECTION_FROZEN_BEFORE_LOCKED_TEST,2,2,0.002766985668368461,-0.00025512938403641415,-0.0015545518507172615,0.0012543656451481,8141
306,X_VALID,24,B5_EXACT_SELECTED_DIAGNOSTIC,1,0.01,64,0,1,8,EXACT_MODEL_SELECTION_FROZEN_BEFORE_LOCKED_TEST,2,3,-0.005662186373763477,-0.00016266497563668068,0.0030585508584348446,0.0011923541660855239,8141
306,X_VALID,24,B5_EXACT_SELECTED_DIAGNOSTIC,1,0.01,64,0,1,8,EXACT_MODEL_SELECTION_FROZEN_BEFORE_LOCKED_TEST,2,4,0.007138596564156284,-0.00023707026269151275,-0.002884928114330457,0.0013171165432944814,8141
306,X_VALID,24,B5_EXACT_SELECTED_DIAGNOSTIC,1,0.01,64,0,1,8,EXACT_MODEL_SELECTION_FROZEN_BEFORE_LOCKED_TEST,2,5,-0.005154650946020166,-0.00013933986459378823,-0.0008350290584544648,0.0012277689659292816,8141
306,X_VALID,24,B5_EXACT_SELECTED_DIAGNOSTIC,1,0.01,64,0,1,8,EXACT_MODEL_SELECTION_FROZEN_BEFORE_LOCKED_TEST,3,0,-0.0012612911186908277,-0.00012494473384921644,0.0009562144495264525,0.00120951899923528,8141
306,X_VALID,24,B5_EXACT_SELECTED_DIAGNOSTIC,1,0.01,64,0,1,8,EXACT_MODEL_SELECTION_FROZEN_BEFORE_LOCKED_TEST,3,1,-0.0005611274142661727,-3.5224913917483724e-05,0.00022089555430043826,0.0011685399928964607,8141
306,X_VALID,24,B5_EXACT_SELECTED_DIAGNOSTIC,1,0.01,64,0,1,8,EXACT_MODEL_SELECTION_FROZEN_BEFORE_LOCKED_TEST,3,2,0.0008209304482410481,-0.00021297901981457736,-0.00046121632005985966,0.0012036939731714952,8141
306,X_VALID,24,B5_EXACT_SELECTED_DIAGNOSTIC,1,0.01,64,0,1,8,EXACT_MODEL_SELECTION_FROZEN_BEFORE_LOCKED_TEST,3,3,-0.001679900713247579,-0.00011072107534007558,0.0009074342364279298,0.0011418284701762453,8141
306,X_VALID,24,B5_EXACT_SELECTED_DIAGNOSTIC,1,0.01,64,0,1,8,EXACT_MODEL_SELECTION_FROZEN_BEFORE_LOCKED_TEST,3,4,0.0021179333685093916,-7.725340240622863e-05,-0.0008559225142054948,0.0011811725520847376,8141
306,X_VALID,24,B5_EXACT_SELECTED_DIAGNOSTIC,1,0.01,64,0,1,8,EXACT_MODEL_SELECTION_FROZEN_BEFORE_LOCKED_TEST,3,5,-0.001529321224904509,2.5494182034487927e-05,-0.00024774280079864936,0.0010901585053718836,8141
306,X_VALID,24,B5_EXACT_SELECTED_DIAGNOSTIC,1,0.01,64,0,1,8,EXACT_MODEL_SELECTION_FROZEN_BEFORE_LOCKED_TEST,4,0,-0.0012612911186908277,-0.00012494473384921644,0.0009562144495264525,0.00120951899923528,8141
306,X_VALID,24,B5_EXACT_SELECTED_DIAGNOSTIC,1,0.01,64,0,1,8,EXACT_MODEL_SELECTION_FROZEN_BEFORE_LOCKED_TEST,4,1,-0.0005611274142661727,-3.5224913917483724e-05,0.00022089555430043826,0.0011685399928964607,8141
306,X_VALID,24,B5_EXACT_SELECTED_DIAGNOSTIC,1,0.01,64,0,1,8,EXACT_MODEL_SELECTION_FROZEN_BEFORE_LOCKED_TEST,4,2,0.0008209304482410481,-0.00021297901981457736,-0.00046121632005985966,0.0012036939731714952,8141
306,X_VALID,24,B5_EXACT_SELECTED_DIAGNOSTIC,1,0.01,64,0,1,8,EXACT_MODEL_SELECTION_FROZEN_BEFORE_LOCKED_TEST,4,3,-0.001679900713247579,-0.00011072107534007558,0.0009074342364279298,0.0011418284701762453,8141
306,X_VALID,24,B5_EXACT_SELECTED_DIAGNOSTIC,1,0.01,64,0,1,8,EXACT_MODEL_SELECTION_FROZEN_BEFORE_LOCKED_TEST,4,4,0.0021179333685093916,-7.725340240622863e-05,-0.0008559225142054948,0.0011811725520847376,8141
306,X_VALID,24,B5_EXACT_SELECTED_DIAGNOSTIC,1,0.01,64,0,1,8,EXACT_MODEL_SELECTION_FROZEN_BEFORE_LOCKED_TEST,4,5,-0.001529321224904509,2.5494182034487927e-05,-0.00024774280079864936,0.0010901585053718836,8141
306,X_VALID,24,B5_EXACT_SELECTED_DIAGNOSTIC,1,0.01,64,0,1,8,EXACT_MODEL_SELECTION_FROZEN_BEFORE_LOCKED_TEST,5,0,-0.0012612911186908277,-0.00012494473384921644,0.0009562144495264525,0.00120951899923528,8141
306,X_VALID,24,B5_EXACT_SELECTED_DIAGNOSTIC,1,0.01,64,0,1,8,EXACT_MODEL_SELECTION_FROZEN_BEFORE_LOCKED_TEST,5,1,-0.0005611274142661727,-3.5224913917483724e-05,0.00022089555430043826,0.0011685399928964607,8141
306,X_VALID,24,B5_EXACT_SELECTED_DIAGNOSTIC,1,0.01,64,0,1,8,EXACT_MODEL_SELECTION_FROZEN_BEFORE_LOCKED_TEST,5,2,0.0008209304482410481,-0.00021297901981457736,-0.00046121632005985966,0.0012036939731714952,8141
306,X_VALID,24,B5_EXACT_SELECTED_DIAGNOSTIC,1,0.01,64,0,1,8,EXACT_MODEL_SELECTION_FROZEN_BEFORE_LOCKED_TEST,5,3,-0.001679900713247579,-0.00011072107534007558,0.0009074342364279298,0.0011418284701762453,8141
306,X_VALID,24,B5_EXACT_SELECTED_DIAGNOSTIC,1,0.01,64,0,1,8,EXACT_MODEL_SELECTION_FROZEN_BEFORE_LOCKED_TEST,5,4,0.0021179333685093916,-7.725340240622863e-05,-0.0008559225142054948,0.0011811725520847376,8141
306,X_VALID,24,B5_EXACT_SELECTED_DIAGNOSTIC,1,0.01,64,0,1,8,EXACT_MODEL_SELECTION_FROZEN_BEFORE_LOCKED_TEST,5,5,-0.001529321224904509,2.5494182034487927e-05,-0.00024774280079864936,0.0010901585053718836,8141
306,X_VALID,24,B5_EXACT_SELECTED_DIAGNOSTIC,1,0.01,64,0,1,8,EXACT_MODEL_SELECTION_FROZEN_BEFORE_LOCKED_TEST,6,0,0.0006115928025813032,-0.00054191210079541,-0.00046366288193770477,0.0015102072975477707,8141
306,X_VALID,24,B5_EXACT_SELECTED_DIAGNOSTIC,1,0.01,64,0,1,8,EXACT_MODEL_SELECTION_FROZEN_BEFORE_LOCKED_TEST,6,1,0.00027208745293668416,-0.0005278990173429905,-0.00010711098265131842,0.001511715481344078,8141
306,X_VALID,24,B5_EXACT_SELECTED_DIAGNOSTIC,1,0.01,64,0,1,8,EXACT_MODEL_SELECTION_FROZEN_BEFORE_LOCKED_TEST,6,2,-0.00039806444850353195,-0.0005677456900071038,0.0002236411385140248,0.0014630022179781153,8141
306,X_VALID,24,B5_EXACT_SELECTED_DIAGNOSTIC,1,0.01,64,0,1,8,EXACT_MODEL_SELECTION_FROZEN_BEFORE_LOCKED_TEST,6,3,0.0008145741851729157,-0.0005491778488353078,-0.00044000963741917923,0.0014379942502698105,8141
306,X_VALID,24,B5_EXACT_SELECTED_DIAGNOSTIC,1,0.01,64,0,1,8,EXACT_MODEL_SELECTION_FROZEN_BEFORE_LOCKED_TEST,6,4,-0.001026973698087721,-0.0004154958805027102,0.0004150318998509415,0.0014836285520669404,8141
306,X_VALID,24,B5_EXACT_SELECTED_DIAGNOSTIC,1,0.01,64,0,1,8,EXACT_MODEL_SELECTION_FROZEN_BEFORE_LOCKED_TEST,6,5,0.0007415590581159792,-0.00039472335923758546,0.0001201290579268146,0.001452803400119939,8141
306,X_VALID,24,B5_EXACT_SELECTED_DIAGNOSTIC,1,0.01,64,0,1,8,EXACT_MODEL_SELECTION_FROZEN_BEFORE_LOCKED_TEST,7,0,0.0007729318656306245,-0.0007002490932359485,-0.0005859778186518806,0.0017661400709628107,8141
306,X_VALID,24,B5_EXACT_SELECTED_DIAGNOSTIC,1,0.01,64,0,1,8,EXACT_MODEL_SELECTION_FROZEN_BEFORE_LOCKED_TEST,7,1,0.00034386451528765124,-0.0007017098356196556,-0.00013536701429576963,0.0017753767429522695,8141
306,X_VALID,24,B5_EXACT_SELECTED_DIAGNOSTIC,1,0.01,64,0,1,8,EXACT_MODEL_SELECTION_FROZEN_BEFORE_LOCKED_TEST,7,2,-0.0005030744239050451,-0.0007426085120879217,0.00028263799327563657,0.0017552335153187427,8141
306,X_VALID,24,B5_EXACT_SELECTED_DIAGNOSTIC,1,0.01,64,0,1,8,EXACT_MODEL_SELECTION_FROZEN_BEFORE_LOCKED_TEST,7,3,0.0010294600295865143,-0.0007355094808824113,-0.0005560848141286777,0.0017423354444752227,8141
306,X_VALID,24,B5_EXACT_SELECTED_DIAGNOSTIC,1,0.01,64,0,1,8,EXACT_MODEL_SELECTION_FROZEN_BEFORE_LOCKED_TEST,7,4,-0.0012978908402228974,-0.0005380204066763577,0.0005245179133797374,0.0017421962783721184,8141
306,X_VALID,24,B5_EXACT_SELECTED_DIAGNOSTIC,1,0.01,64,0,1,8,EXACT_MODEL_SELECTION_FROZEN_BEFORE_LOCKED_TEST,7,5,0.0009371834067466435,-0.0005311974801653288,0.0001518192765969953,0.0017221772894449863,8141
306,X_VALID,24,B5_EXACT_SELECTED_DIAGNOSTIC,1,0.01,64,0,1,8,EXACT_MODEL_SELECTION_FROZEN_BEFORE_LOCKED_TEST,8,0,0.0006115928025813032,-0.00054191210079541,-0.00046366288193770477,0.0015102072975477707,8141
306,X_VALID,24,B5_EXACT_SELECTED_DIAGNOSTIC,1,0.01,64,0,1,8,EXACT_MODEL_SELECTION_FROZEN_BEFORE_LOCKED_TEST,8,1,0.00027208745293668416,-0.0005278990173429905,-0.00010711098265131842,0.001511715481344078,8141
306,X_VALID,24,B5_EXACT_SELECTED_DIAGNOSTIC,1,0.01,64,0,1,8,EXACT_MODEL_SELECTION_FROZEN_BEFORE_LOCKED_TEST,8,2,-0.00039806444850353195,-0.0005677456900071038,0.0002236411385140248,0.0014630022179781153,8141
306,X_VALID,24,B5_EXACT_SELECTED_DIAGNOSTIC,1,0.01,64,0,1,8,EXACT_MODEL_SELECTION_FROZEN_BEFORE_LOCKED_TEST,8,3,0.0008145741851729157,-0.0005491778488353078,-0.00044000963741917923,0.0014379942502698105,8141
306,X_VALID,24,B5_EXACT_SELECTED_DIAGNOSTIC,1,0.01,64,0,1,8,EXACT_MODEL_SELECTION_FROZEN_BEFORE_LOCKED_TEST,8,4,-0.001026973698087721,-0.0004154958805027102,0.0004150318998509415,0.0014836285520669404,8141
306,X_VALID,24,B5_EXACT_SELECTED_DIAGNOSTIC,1,0.01,64,0,1,8,EXACT_MODEL_SELECTION_FROZEN_BEFORE_LOCKED_TEST,8,5,0.0007415590581159792,-0.00039472335923758546,0.0001201290579268146,0.001452803400119939,8141
306,X_VALID,24,B5_EXACT_SELECTED_DIAGNOSTIC,1,0.01,64,0,1,8,EXACT_MODEL_SELECTION_FROZEN_BEFORE_LOCKED_TEST,9,0,-0.003839207894628455,-0.0002887084203431883,0.0029105937631513858,0.0012981492063629213,8141
306,X_VALID,24,B5_EXACT_SELECTED_DIAGNOSTIC,1,0.01,64,0,1,8,EXACT_MODEL_SELECTION_FROZEN_BEFORE_LOCKED_TEST,9,1,-0.0017079996575090496,-0.0001840112377489046,0.0006723776481030239,0.0012527682117404965,8141
306,X_VALID,24,B5_EXACT_SELECTED_DIAGNOSTIC,1,0.01,64,0,1,8,EXACT_MODEL_SELECTION_FROZEN_BEFORE_LOCKED_TEST,9,2,0.0024988066681221666,-0.00011926595494485676,-0.0014038831407480461,0.0011622500171708078,8141
306,X_VALID,24,B5_EXACT_SELECTED_DIAGNOSTIC,1,0.01,64,0,1,8,EXACT_MODEL_SELECTION_FROZEN_BEFORE_LOCKED_TEST,9,3,-0.005113401644488226,-7.830887812005383e-06,0.0027621130702690853,0.0010937461764119998,8141
306,X_VALID,24,B5_EXACT_SELECTED_DIAGNOSTIC,1,0.01,64,0,1,8,EXACT_MODEL_SELECTION_FROZEN_BEFORE_LOCKED_TEST,9,4,0.006446716692271767,-0.00017743133557693476,-0.002605318015034294,0.0012578982527122681,8141
306,X_VALID,24,B5_EXACT_SELECTED_DIAGNOSTIC,1,0.01,64,0,1,8,EXACT_MODEL_SELECTION_FROZEN_BEFORE_LOCKED_TEST,9,5,-0.004655057054687362,-6.135915118767159e-05,-0.0007540972124268841,0.0011574859019563562,8141
306,X_VALID,24,B5_EXACT_SELECTED_DIAGNOSTIC,1,0.01,64,0,1,8,EXACT_MODEL_SELECTION_FROZEN_BEFORE_LOCKED_TEST,10,0,-0.003839207894628455,-0.0002887084203431883,0.0029105937631513858,0.0012981492063629213,8141
306,X_VALID,24,B5_EXACT_SELECTED_DIAGNOSTIC,1,0.01,64,0,1,8,EXACT_MODEL_SELECTION_FROZEN_BEFORE_LOCKED_TEST,10,1,-0.0017079996575090496,-0.0001840112377489046,0.0006723776481030239,0.0012527682117404965,8141
306,X_VALID,24,B5_EXACT_SELECTED_DIAGNOSTIC,1,0.01,64,0,1,8,EXACT_MODEL_SELECTION_FROZEN_BEFORE_LOCKED_TEST,10,2,0.0024988066681221666,-0.00011926595494485676,-0.0014038831407480461,0.0011622500171708078,8141
306,X_VALID,24,B5_EXACT_SELECTED_DIAGNOSTIC,1,0.01,64,0,1,8,EXACT_MODEL_SELECTION_FROZEN_BEFORE_LOCKED_TEST,10,3,-0.005113401644488226,-7.830887812005383e-06,0.0027621130702690853,0.0010937461764119998,8141
306,X_VALID,24,B5_EXACT_SELECTED_DIAGNOSTIC,1,0.01,64,0,1,8,EXACT_MODEL_SELECTION_FROZEN_BEFORE_LOCKED_TEST,10,4,0.006446716692271767,-0.00017743133557693476,-0.002605318015034294,0.0012578982527122681,8141
306,X_VALID,24,B5_EXACT_SELECTED_DIAGNOSTIC,1,0.01,64,0,1,8,EXACT_MODEL_SELECTION_FROZEN_BEFORE_LOCKED_TEST,10,5,-0.004655057054687362,-6.135915118767159e-05,-0.0007540972124268841,0.0011574859019563562,8141
306,X_VALID,24,B5_EXACT_SELECTED_DIAGNOSTIC,1,0.01,64,0,1,8,EXACT_MODEL_SELECTION_FROZEN_BEFORE_LOCKED_TEST,11,0,-0.003839207894628455,-0.0002887084203431883,0.0029105937631513858,0.0012981492063629213,8141
306,X_VALID,24,B5_EXACT_SELECTED_DIAGNOSTIC,1,0.01,64,0,1,8,EXACT_MODEL_SELECTION_FROZEN_BEFORE_LOCKED_TEST,11,1,-0.0017079996575090496,-0.0001840112377489046,0.0006723776481030239,0.0012527682117404965,8141
306,X_VALID,24,B5_EXACT_SELECTED_DIAGNOSTIC,1,0.01,64,0,1,8,EXACT_MODEL_SELECTION_FROZEN_BEFORE_LOCKED_TEST,11,2,0.0024988066681221666,-0.00011926595494485676,-0.0014038831407480461,0.0011622500171708078,8141
306,X_VALID,24,B5_EXACT_SELECTED_DIAGNOSTIC,1,0.01,64,0,1,8,EXACT_MODEL_SELECTION_FROZEN_BEFORE_LOCKED_TEST,11,3,-0.005113401644488226,-7.830887812005383e-06,0.0027621130702690853,0.0010937461764119998,8141
306,X_VALID,24,B5_EXACT_SELECTED_DIAGNOSTIC,1,0.01,64,0,1,8,EXACT_MODEL_SELECTION_FROZEN_BEFORE_LOCKED_TEST,11,4,0.006446716692271767,-0.00017743133557693476,-0.002605318015034294,0.0012578982527122681,8141
306,X_VALID,24,B5_EXACT_SELECTED_DIAGNOSTIC,1,0.01,64,0,1,8,EXACT_MODEL_SELECTION_FROZEN_BEFORE_LOCKED_TEST,11,5,-0.004655057054687362,-6.135915118767159e-05,-0.0007540972124268841,0.0011574859019563562,8141
306,X_VALID,40,B5_EXACT_SELECTED_DIAGNOSTIC,1,0.01,64,0,1,11,EXACT_MODEL_SELECTION_FROZEN_BEFORE_LOCKED_TEST,0,0,0.01770557163908107,0.0007605064457516757,0.006318539555782651,-1.1200106998168265e-06,8378
306,X_VALID,40,B5_EXACT_SELECTED_DIAGNOSTIC,1,0.01,64,0,1,11,EXACT_MODEL_SELECTION_FROZEN_BEFORE_LOCKED_TEST,0,1,-0.0003868058788217826,0.0006465288671726714,0.000855431733806934,6.453566044641952e-05,8378
306,X_VALID,40,B5_EXACT_SELECTED_DIAGNOSTIC,1,0.01,64,0,1,11,EXACT_MODEL_SELECTION_FROZEN_BEFORE_LOCKED_TEST,0,2,0.005409071608593458,0.0008839636997608515,0.002920296610309498,-0.00037581701686148164,8378
306,X_VALID,40,B5_EXACT_SELECTED_DIAGNOSTIC,1,0.01,64,0,1,11,EXACT_MODEL_SELECTION_FROZEN_BEFORE_LOCKED_TEST,0,3,-0.0023480215838450023,0.0007700214789618538,-0.0017035821316335326,-0.00031562876420186377,8378
306,X_VALID,40,B5_EXACT_SELECTED_DIAGNOSTIC,1,0.01,64,0,1,11,EXACT_MODEL_SELECTION_FROZEN_BEFORE_LOCKED_TEST,0,4,0.012546017733822598,0.0006313035323605552,0.0025506783332318807,-3.280976929320202e-05,8378
306,X_VALID,40,B5_EXACT_SELECTED_DIAGNOSTIC,1,0.01,64,0,1,11,EXACT_MODEL_SELECTION_FROZEN_BEFORE_LOCKED_TEST,0,5,-0.0050571934407355155,0.0005159039960091292,0.00031685832300446583,4.217265213495307e-05,8378
306,X_VALID,40,B5_EXACT_SELECTED_DIAGNOSTIC,1,0.01,64,0,1,11,EXACT_MODEL_SELECTION_FROZEN_BEFORE_LOCKED_TEST,1,0,0.01770557163908107,0.0007605064457516757,0.006318539555782651,-1.1200106998168265e-06,8378
306,X_VALID,40,B5_EXACT_SELECTED_DIAGNOSTIC,1,0.01,64,0,1,11,EXACT_MODEL_SELECTION_FROZEN_BEFORE_LOCKED_TEST,1,1,-0.0003868058788217826,0.0006465288671726714,0.000855431733806934,6.453566044641952e-05,8378
306,X_VALID,40,B5_EXACT_SELECTED_DIAGNOSTIC,1,0.01,64,0,1,11,EXACT_MODEL_SELECTION_FROZEN_BEFORE_LOCKED_TEST,1,2,0.005409071608593458,0.0008839636997608515,0.002920296610309498,-0.00037581701686148164,8378
306,X_VALID,40,B5_EXACT_SELECTED_DIAGNOSTIC,1,0.01,64,0,1,11,EXACT_MODEL_SELECTION_FROZEN_BEFORE_LOCKED_TEST,1,3,-0.0023480215838450023,0.0007700214789618538,-0.0017035821316335326,-0.00031562876420186377,8378
306,X_VALID,40,B5_EXACT_SELECTED_DIAGNOSTIC,1,0.01,64,0,1,11,EXACT_MODEL_SELECTION_FROZEN_BEFORE_LOCKED_TEST,1,4,0.012546017733822598,0.0006313035323605552,0.0025506783332318807,-3.280976929320202e-05,8378
306,X_VALID,40,B5_EXACT_SELECTED_DIAGNOSTIC,1,0.01,64,0,1,11,EXACT_MODEL_SELECTION_FROZEN_BEFORE_LOCKED_TEST,1,5,-0.0050571934407355155,0.0005159039960091292,0.00031685832300446583,4.217265213495307e-05,8378
306,X_VALID,40,B5_EXACT_SELECTED_DIAGNOSTIC,1,0.01,64,0,1,11,EXACT_MODEL_SELECTION_FROZEN_BEFORE_LOCKED_TEST,2,0,0.01770557163908107,0.0007605064457516757,0.006318539555782651,-1.1200106998168265e-06,8378
306,X_VALID,40,B5_EXACT_SELECTED_DIAGNOSTIC,1,0.01,64,0,1,11,EXACT_MODEL_SELECTION_FROZEN_BEFORE_LOCKED_TEST,2,1,-0.0003868058788217826,0.0006465288671726714,0.000855431733806934,6.453566044641952e-05,8378
306,X_VALID,40,B5_EXACT_SELECTED_DIAGNOSTIC,1,0.01,64,0,1,11,EXACT_MODEL_SELECTION_FROZEN_BEFORE_LOCKED_TEST,2,2,0.005409071608593458,0.0008839636997608515,0.002920296610309498,-0.00037581701686148164,8378
306,X_VALID,40,B5_EXACT_SELECTED_DIAGNOSTIC,1,0.01,64,0,1,11,EXACT_MODEL_SELECTION_FROZEN_BEFORE_LOCKED_TEST,2,3,-0.0023480215838450023,0.0007700214789618538,-0.0017035821316335326,-0.00031562876420186377,8378
306,X_VALID,40,B5_EXACT_SELECTED_DIAGNOSTIC,1,0.01,64,0,1,11,EXACT_MODEL_SELECTION_FROZEN_BEFORE_LOCKED_TEST,2,4,0.012546017733822598,0.0006313035323605552,0.0025506783332318807,-3.280976929320202e-05,8378
306,X_VALID,40,B5_EXACT_SELECTED_DIAGNOSTIC,1,0.01,64,0,1,11,EXACT_MODEL_SELECTION_FROZEN_BEFORE_LOCKED_TEST,2,5,-0.0050571934407355155,0.0005159039960091292,0.00031685832300446583,4.217265213495307e-05,8378
306,X_VALID,40,B5_EXACT_SELECTED_DIAGNOSTIC,1,0.01,64,0,1,11,EXACT_MODEL_SELECTION_FROZEN_BEFORE_LOCKED_TEST,3,0,0.017716667705623475,0.0008004010014940714,0.0063224993790965195,-8.330456017204725e-06,8378
306,X_VALID,40,B5_EXACT_SELECTED_DIAGNOSTIC,1,0.01,64,0,1,11,EXACT_MODEL_SELECTION_FROZEN_BEFORE_LOCKED_TEST,3,1,-0.00038704828973388947,0.0006906058085326868,0.0008559678321399491,5.413944252151393e-05,8378
306,X_VALID,40,B5_EXACT_SELECTED_DIAGNOSTIC,1,0.01,64,0,1,11,EXACT_MODEL_SELECTION_FROZEN_BEFORE_LOCKED_TEST,3,2,0.005412461469125785,0.0008822989487789172,0.0029221267576875153,-0.000374348488524675,8378
306,X_VALID,40,B5_EXACT_SELECTED_DIAGNOSTIC,1,0.01,64,0,1,11,EXACT_MODEL_SELECTION_FROZEN_BEFORE_LOCKED_TEST,3,3,-0.002349493086955348,0.000771608736293034,-0.0017046497650925585,-0.0003180246153114454,8378
306,X_VALID,40,B5_EXACT_SELECTED_DIAGNOSTIC,1,0.01,64,0,1,11,EXACT_MODEL_SELECTION_FROZEN_BEFORE_LOCKED_TEST,3,4,0.012553880312363097,0.0006433183032785334,0.0025522768411530444,-3.644624143228152e-05,8378
306,X_VALID,40,B5_EXACT_SELECTED_DIAGNOSTIC,1,0.01,64,0,1,11,EXACT_MODEL_SELECTION_FROZEN_BEFORE_LOCKED_TEST,3,5,-0.005060362779522203,0.0005314908137242121,0.0003170568978434064,3.476454250270038e-05,8378
306,X_VALID,40,B5_EXACT_SELECTED_DIAGNOSTIC,1,0.01,64,0,1,11,EXACT_MODEL_SELECTION_FROZEN_BEFORE_LOCKED_TEST,4,0,0.017716667705623475,0.0008004010014940714,0.0063224993790965195,-8.330456017204725e-06,8378
306,X_VALID,40,B5_EXACT_SELECTED_DIAGNOSTIC,1,0.01,64,0,1,11,EXACT_MODEL_SELECTION_FROZEN_BEFORE_LOCKED_TEST,4,1,-0.00038704828973388947,0.0006906058085326868,0.0008559678321399491,5.413944252151393e-05,8378
306,X_VALID,40,B5_EXACT_SELECTED_DIAGNOSTIC,1,0.01,64,0,1,11,EXACT_MODEL_SELECTION_FROZEN_BEFORE_LOCKED_TEST,4,2,0.005412461469125785,0.0008822989487789172,0.0029221267576875153,-0.000374348488524675,8378
306,X_VALID,40,B5_EXACT_SELECTED_DIAGNOSTIC,1,0.01,64,0,1,11,EXACT_MODEL_SELECTION_FROZEN_BEFORE_LOCKED_TEST,4,3,-0.002349493086955348,0.000771608736293034,-0.0017046497650925585,-0.0003180246153114454,8378
306,X_VALID,40,B5_EXACT_SELECTED_DIAGNOSTIC,1,0.01,64,0,1,11,EXACT_MODEL_SELECTION_FROZEN_BEFORE_LOCKED_TEST,4,4,0.012553880312363097,0.0006433183032785334,0.0025522768411530444,-3.644624143228152e-05,8378
306,X_VALID,40,B5_EXACT_SELECTED_DIAGNOSTIC,1,0.01,64,0,1,11,EXACT_MODEL_SELECTION_FROZEN_BEFORE_LOCKED_TEST,4,5,-0.005060362779522203,0.0005314908137242121,0.0003170568978434064,3.476454250270038e-05,8378
306,X_VALID,40,B5_EXACT_SELECTED_DIAGNOSTIC,1,0.01,64,0,1,11,EXACT_MODEL_SELECTION_FROZEN_BEFORE_LOCKED_TEST,5,0,0.017716667705623475,0.0008004010014940714,0.0063224993790965195,-8.330456017204725e-06,8378
306,X_VALID,40,B5_EXACT_SELECTED_DIAGNOSTIC,1,0.01,64,0,1,11,EXACT_MODEL_SELECTION_FROZEN_BEFORE_LOCKED_TEST,5,1,-0.00038704828973388947,0.0006906058085326868,0.0008559678321399491,5.413944252151393e-05,8378
306,X_VALID,40,B5_EXACT_SELECTED_DIAGNOSTIC,1,0.01,64,0,1,11,EXACT_MODEL_SELECTION_FROZEN_BEFORE_LOCKED_TEST,5,2,0.005412461469125785,0.0008822989487789172,0.0029221267576875153,-0.000374348488524675,8378
306,X_VALID,40,B5_EXACT_SELECTED_DIAGNOSTIC,1,0.01,64,0,1,11,EXACT_MODEL_SELECTION_FROZEN_BEFORE_LOCKED_TEST,5,3,-0.002349493086955348,0.000771608736293034,-0.0017046497650925585,-0.0003180246153114454,8378
306,X_VALID,40,B5_EXACT_SELECTED_DIAGNOSTIC,1,0.01,64,0,1,11,EXACT_MODEL_SELECTION_FROZEN_BEFORE_LOCKED_TEST,5,4,0.012553880312363097,0.0006433183032785334,0.0025522768411530444,-3.644624143228152e-05,8378
306,X_VALID,40,B5_EXACT_SELECTED_DIAGNOSTIC,1,0.01,64,0,1,11,EXACT_MODEL_SELECTION_FROZEN_BEFORE_LOCKED_TEST,5,5,-0.005060362779522203,0.0005314908137242121,0.0003170568978434064,3.476454250270038e-05,8378
306,X_VALID,40,B5_EXACT_SELECTED_DIAGNOSTIC,1,0.01,64,0,1,11,EXACT_MODEL_SELECTION_FROZEN_BEFORE_LOCKED_TEST,6,0,0.017857506982530667,0.0009639668849069615,0.0063727603116597855,-0.0001039824950852273,8378
306,X_VALID,40,B5_EXACT_SELECTED_DIAGNOSTIC,1,0.01,64,0,1,11,EXACT_MODEL_SELECTION_FROZEN_BEFORE_LOCKED_TEST,6,1,-0.0003901251438105154,0.0009170865440765499,0.000862772378713691,-0.00010588781150837371,8378
306,X_VALID,40,B5_EXACT_SELECTED_DIAGNOSTIC,1,0.01,64,0,1,11,EXACT_MODEL_SELECTION_FROZEN_BEFORE_LOCKED_TEST,6,2,0.005455488023118089,0.0010554931587399077,0.0029453563077599157,-0.0005027339707161339,8378
306,X_VALID,40,B5_EXACT_SELECTED_DIAGNOSTIC,1,0.01,64,0,1,11,EXACT_MODEL_SELECTION_FROZEN_BEFORE_LOCKED_TEST,6,3,-0.002368170465397132,0.0010129022307969106,-0.001718200938726607,-0.0005535954034343314,8378
306,X_VALID,40,B5_EXACT_SELECTED_DIAGNOSTIC,1,0.01,64,0,1,11,EXACT_MODEL_SELECTION_FROZEN_BEFORE_LOCKED_TEST,6,4,0.01265367782817988,0.0008365846966397351,0.0025725662562252074,-0.00015549269739985935,8378
306,X_VALID,40,B5_EXACT_SELECTED_DIAGNOSTIC,1,0.01,64,0,1,11,EXACT_MODEL_SELECTION_FROZEN_BEFORE_LOCKED_TEST,6,5,-0.00510059031252096,0.0007896621513334671,0.0003195773528732498,-0.00016753504148598195,8378
306,X_VALID,40,B5_EXACT_SELECTED_DIAGNOSTIC,1,0.01,64,0,1,11,EXACT_MODEL_SELECTION_FROZEN_BEFORE_LOCKED_TEST,7,0,0.017857506982530667,0.0009639668849069615,0.0063727603116597855,-0.0001039824950852273,8378
306,X_VALID,40,B5_EXACT_SELECTED_DIAGNOSTIC,1,0.01,64,0,1,11,EXACT_MODEL_SELECTION_FROZEN_BEFORE_LOCKED_TEST,7,1,-0.0003901251438105154,0.0009170865440765499,0.000862772378713691,-0.00010588781150837371,8378
306,X_VALID,40,B5_EXACT_SELECTED_DIAGNOSTIC,1,0.01,64,0,1,11,EXACT_MODEL_SELECTION_FROZEN_BEFORE_LOCKED_TEST,7,2,0.005455488023118089,0.0010554931587399077,0.0029453563077599157,-0.0005027339707161339,8378
306,X_VALID,40,B5_EXACT_SELECTED_DIAGNOSTIC,1,0.01,64,0,1,11,EXACT_MODEL_SELECTION_FROZEN_BEFORE_LOCKED_TEST,7,3,-0.002368170465397132,0.0010129022307969106,-0.001718200938726607,-0.0005535954034343314,8378
306,X_VALID,40,B5_EXACT_SELECTED_DIAGNOSTIC,1,0.01,64,0,1,11,EXACT_MODEL_SELECTION_FROZEN_BEFORE_LOCKED_TEST,7,4,0.01265367782817988,0.0008365846966397351,0.0025725662562252074,-0.00015549269739985935,8378
306,X_VALID,40,B5_EXACT_SELECTED_DIAGNOSTIC,1,0.01,64,0,1,11,EXACT_MODEL_SELECTION_FROZEN_BEFORE_LOCKED_TEST,7,5,-0.00510059031252096,0.0007896621513334671,0.0003195773528732498,-0.00016753504148598195,8378
306,X_VALID,40,B5_EXACT_SELECTED_DIAGNOSTIC,1,0.01,64,0,1,11,EXACT_MODEL_SELECTION_FROZEN_BEFORE_LOCKED_TEST,8,0,0.017857506982530667,0.0009639668849069615,0.0063727603116597855,-0.0001039824950852273,8378
306,X_VALID,40,B5_EXACT_SELECTED_DIAGNOSTIC,1,0.01,64,0,1,11,EXACT_MODEL_SELECTION_FROZEN_BEFORE_LOCKED_TEST,8,1,-0.0003901251438105154,0.0009170865440765499,0.000862772378713691,-0.00010588781150837371,8378
306,X_VALID,40,B5_EXACT_SELECTED_DIAGNOSTIC,1,0.01,64,0,1,11,EXACT_MODEL_SELECTION_FROZEN_BEFORE_LOCKED_TEST,8,2,0.005455488023118089,0.0010554931587399077,0.0029453563077599157,-0.0005027339707161339,8378
306,X_VALID,40,B5_EXACT_SELECTED_DIAGNOSTIC,1,0.01,64,0,1,11,EXACT_MODEL_SELECTION_FROZEN_BEFORE_LOCKED_TEST,8,3,-0.002368170465397132,0.0010129022307969106,-0.001718200938726607,-0.0005535954034343314,8378
306,X_VALID,40,B5_EXACT_SELECTED_DIAGNOSTIC,1,0.01,64,0,1,11,EXACT_MODEL_SELECTION_FROZEN_BEFORE_LOCKED_TEST,8,4,0.01265367782817988,0.0008365846966397351,0.0025725662562252074,-0.00015549269739985935,8378
306,X_VALID,40,B5_EXACT_SELECTED_DIAGNOSTIC,1,0.01,64,0,1,11,EXACT_MODEL_SELECTION_FROZEN_BEFORE_LOCKED_TEST,8,5,-0.00510059031252096,0.0007896621513334671,0.0003195773528732498,-0.00016753504148598195,8378
306,X_VALID,40,B5_EXACT_SELECTED_DIAGNOSTIC,1,0.01,64,0,1,11,EXACT_MODEL_SELECTION_FROZEN_BEFORE_LOCKED_TEST,9,0,0.016432419446860403,0.0007436534461007725,0.005864193169737633,2.0715691780013624e-06,8378
306,X_VALID,40,B5_EXACT_SELECTED_DIAGNOSTIC,1,0.01,64,0,1,11,EXACT_MODEL_SELECTION_FROZEN_BEFORE_LOCKED_TEST,9,1,-0.0003589918797810056,0.0006313223962013693,0.0007939203175481394,6.786112329816537e-05,8378
306,X_VALID,40,B5_EXACT_SELECTED_DIAGNOSTIC,1,0.01,64,0,1,11,EXACT_MODEL_SELECTION_FROZEN_BEFORE_LOCKED_TEST,9,2,0.0050201222136381,0.0008699687198143359,0.002710307229162181,-0.00036384440166018357,8378
306,X_VALID,40,B5_EXACT_SELECTED_DIAGNOSTIC,1,0.01,64,0,1,11,EXACT_MODEL_SELECTION_FROZEN_BEFORE_LOCKED_TEST,9,3,-0.0021791827071461402,0.0007574180268170583,-0.0015810828771768285,-0.0003025662862929856,8378
306,X_VALID,40,B5_EXACT_SELECTED_DIAGNOSTIC,1,0.01,64,0,1,11,EXACT_MODEL_SELECTION_FROZEN_BEFORE_LOCKED_TEST,9,4,0.011643872900147826,0.0006224606377716116,0.0023672670445256732,-2.8569325767475123e-05,8378
306,X_VALID,40,B5_EXACT_SELECTED_DIAGNOSTIC,1,0.01,64,0,1,11,EXACT_MODEL_SELECTION_FROZEN_BEFORE_LOCKED_TEST,9,5,-0.0046935465025398195,0.0005085405050708428,0.0002940740335853059,4.633997640773359e-05,8378
306,X_VALID,40,B5_EXACT_SELECTED_DIAGNOSTIC,1,0.01,64,0,1,11,EXACT_MODEL_SELECTION_FROZEN_BEFORE_LOCKED_TEST,10,0,0.019014010642899468,0.0004686597978538886,0.006785478651028067,0.0002580380791128575,8378
306,X_VALID,40,B5_EXACT_SELECTED_DIAGNOSTIC,1,0.01,64,0,1,11,EXACT_MODEL_SELECTION_FROZEN_BEFORE_LOCKED_TEST,10,1,-0.00041539077340036504,0.0002797983887560234,0.00091864800653921,0.000414469342149763,8378
306,X_VALID,40,B5_EXACT_SELECTED_DIAGNOSTIC,1,0.01,64,0,1,11,EXACT_MODEL_SELECTION_FROZEN_BEFORE_LOCKED_TEST,10,2,0.005808801163300889,0.0006773263946772724,0.0031361060778340322,-5.4174711476333435e-05,8378
306,X_VALID,40,B5_EXACT_SELECTED_DIAGNOSTIC,1,0.01,64,0,1,11,EXACT_MODEL_SELECTION_FROZEN_BEFORE_LOCKED_TEST,10,3,-0.0025215400154854103,0.0004949007744395045,-0.0018294765874960761,0.00014706086650751151,8378
306,X_VALID,40,B5_EXACT_SELECTED_DIAGNOSTIC,1,0.01,64,0,1,11,EXACT_MODEL_SELECTION_FROZEN_BEFORE_LOCKED_TEST,10,4,0.013473166502591907,0.0004355221042727283,0.0027391730672865853,0.00020801565159162872,8378
306,X_VALID,40,B5_EXACT_SELECTED_DIAGNOSTIC,1,0.01,64,0,1,11,EXACT_MODEL_SELECTION_FROZEN_BEFORE_LOCKED_TEST,10,5,-0.005430919253298795,0.00024726679735791006,0.00034027410403400515,0.0003866779401540444,8378
306,X_VALID,40,B5_EXACT_SELECTED_DIAGNOSTIC,1,0.01,64,0,1,11,EXACT_MODEL_SELECTION_FROZEN_BEFORE_LOCKED_TEST,11,0,0.016432419446860403,0.0007436534461007725,0.005864193169737633,2.0715691780013624e-06,8378
306,X_VALID,40,B5_EXACT_SELECTED_DIAGNOSTIC,1,0.01,64,0,1,11,EXACT_MODEL_SELECTION_FROZEN_BEFORE_LOCKED_TEST,11,1,-0.0003589918797810056,0.0006313223962013693,0.0007939203175481394,6.786112329816537e-05,8378
306,X_VALID,40,B5_EXACT_SELECTED_DIAGNOSTIC,1,0.01,64,0,1,11,EXACT_MODEL_SELECTION_FROZEN_BEFORE_LOCKED_TEST,11,2,0.0050201222136381,0.0008699687198143359,0.002710307229162181,-0.00036384440166018357,8378
306,X_VALID,40,B5_EXACT_SELECTED_DIAGNOSTIC,1,0.01,64,0,1,11,EXACT_MODEL_SELECTION_FROZEN_BEFORE_LOCKED_TEST,11,3,-0.0021791827071461402,0.0007574180268170583,-0.0015810828771768285,-0.0003025662862929856,8378
306,X_VALID,40,B5_EXACT_SELECTED_DIAGNOSTIC,1,0.01,64,0,1,11,EXACT_MODEL_SELECTION_FROZEN_BEFORE_LOCKED_TEST,11,4,0.011643872900147826,0.0006224606377716116,0.0023672670445256732,-2.8569325767475123e-05,8378
306,X_VALID,40,B5_EXACT_SELECTED_DIAGNOSTIC,1,0.01,64,0,1,11,EXACT_MODEL_SELECTION_FROZEN_BEFORE_LOCKED_TEST,11,5,-0.0046935465025398195,0.0005085405050708428,0.0002940740335853059,4.633997640773359e-05,8378
307,X_BASE,8,B5_EXACT_SELECTED_DIAGNOSTIC,1,0.01,64,0,1,23,EXACT_MODEL_SELECTION_FROZEN_BEFORE_LOCKED_TEST,0,0,-0.003698101728971242,0.0012176057521347296,0.00622540636990121,0.0009257893722207136,8615
307,X_BASE,8,B5_EXACT_SELECTED_DIAGNOSTIC,1,0.01,64,0,1,23,EXACT_MODEL_SELECTION_FROZEN_BEFORE_LOCKED_TEST,0,1,0.001714289024110924,0.0011955150922610888,-0.0019795473539540344,0.0008902680065370911,8615
307,X_BASE,8,B5_EXACT_SELECTED_DIAGNOSTIC,1,0.01,64,0,1,23,EXACT_MODEL_SELECTION_FROZEN_BEFORE_LOCKED_TEST,0,2,0.007609390753460305,0.0011699147378675032,-0.013508312258719657,0.0009239620871842996,8615
307,X_BASE,8,B5_EXACT_SELECTED_DIAGNOSTIC,1,0.01,64,0,1,23,EXACT_MODEL_SELECTION_FROZEN_BEFORE_LOCKED_TEST,0,3,0.005070870634754292,0.0011646461719608096,0.00886092788824954,0.0008764198285535219,8615
307,X_BASE,8,B5_EXACT_SELECTED_DIAGNOSTIC,1,0.01,64,0,1,23,EXACT_MODEL_SELECTION_FROZEN_BEFORE_LOCKED_TEST,0,4,0.007167769766451122,0.0010544875110290724,0.0010167900493035515,0.0009648951558892451,8615
307,X_BASE,8,B5_EXACT_SELECTED_DIAGNOSTIC,1,0.01,64,0,1,23,EXACT_MODEL_SELECTION_FROZEN_BEFORE_LOCKED_TEST,0,5,0.002204478403396868,0.0010411715048637405,0.005975207587831435,0.0009336452223713115,8615
307,X_BASE,8,B5_EXACT_SELECTED_DIAGNOSTIC,1,0.01,64,0,1,23,EXACT_MODEL_SELECTION_FROZEN_BEFORE_LOCKED_TEST,1,0,-0.0038535050942735925,0.0012295092101832124,0.006487013316156433,0.0015801604641940033,8615
307,X_BASE,8,B5_EXACT_SELECTED_DIAGNOSTIC,1,0.01,64,0,1,23,EXACT_MODEL_SELECTION_FROZEN_BEFORE_LOCKED_TEST,1,1,0.0017863276815011904,0.0012127695012020604,-0.0020627328212898394,0.001570716345968973,8615
307,X_BASE,8,B5_EXACT_SELECTED_DIAGNOSTIC,1,0.01,64,0,1,23,EXACT_MODEL_SELECTION_FROZEN_BEFORE_LOCKED_TEST,1,2,0.007929156140584275,0.0011296245131578904,-0.014075964891992124,0.0015570581794513393,8615
307,X_BASE,8,B5_EXACT_SELECTED_DIAGNOSTIC,1,0.01,64,0,1,23,EXACT_MODEL_SELECTION_FROZEN_BEFORE_LOCKED_TEST,1,3,0.005283961138858106,0.001123739364986669,0.009233285955835332,0.0015338363831836471,8615
307,X_BASE,8,B5_EXACT_SELECTED_DIAGNOSTIC,1,0.01,64,0,1,23,EXACT_MODEL_SELECTION_FROZEN_BEFORE_LOCKED_TEST,1,4,0.00746897714933423,0.001038341700789963,0.0010595180776403143,0.0016159159542404947,8615
307,X_BASE,8,B5_EXACT_SELECTED_DIAGNOSTIC,1,0.01,64,0,1,23,EXACT_MODEL_SELECTION_FROZEN_BEFORE_LOCKED_TEST,1,5,0.0022971160287873216,0.0010231713282386912,0.006226300563520737,0.0016125086943705954,8615
307,X_BASE,8,B5_EXACT_SELECTED_DIAGNOSTIC,1,0.01,64,0,1,23,EXACT_MODEL_SELECTION_FROZEN_BEFORE_LOCKED_TEST,2,0,-0.0038535050942735925,0.0012295092101832124,0.006487013316156433,0.0015801604641940033,8615
307,X_BASE,8,B5_EXACT_SELECTED_DIAGNOSTIC,1,0.01,64,0,1,23,EXACT_MODEL_SELECTION_FROZEN_BEFORE_LOCKED_TEST,2,1,0.0017863276815011904,0.0012127695012020604,-0.0020627328212898394,0.001570716345968973,8615
307,X_BASE,8,B5_EXACT_SELECTED_DIAGNOSTIC,1,0.01,64,0,1,23,EXACT_MODEL_SELECTION_FROZEN_BEFORE_LOCKED_TEST,2,2,0.007929156140584275,0.0011296245131578904,-0.014075964891992124,0.0015570581794513393,8615
307,X_BASE,8,B5_EXACT_SELECTED_DIAGNOSTIC,1,0.01,64,0,1,23,EXACT_MODEL_SELECTION_FROZEN_BEFORE_LOCKED_TEST,2,3,0.005283961138858106,0.001123739364986669,0.009233285955835332,0.0015338363831836471,8615
307,X_BASE,8,B5_EXACT_SELECTED_DIAGNOSTIC,1,0.01,64,0,1,23,EXACT_MODEL_SELECTION_FROZEN_BEFORE_LOCKED_TEST,2,4,0.00746897714933423,0.001038341700789963,0.0010595180776403143,0.0016159159542404947,8615
307,X_BASE,8,B5_EXACT_SELECTED_DIAGNOSTIC,1,0.01,64,0,1,23,EXACT_MODEL_SELECTION_FROZEN_BEFORE_LOCKED_TEST,2,5,0.0022971160287873216,0.0010231713282386912,0.006226300563520737,0.0016125086943705954,8615
307,X_BASE,8,B5_EXACT_SELECTED_DIAGNOSTIC,1,0.01,64,0,1,23,EXACT_MODEL_SELECTION_FROZEN_BEFORE_LOCKED_TEST,3,0,-0.006333017827012476,0.0009851533558809186,0.010661039746991766,0.0012036896048100976,8615
307,X_BASE,8,B5_EXACT_SELECTED_DIAGNOSTIC,1,0.01,64,0,1,23,EXACT_MODEL_SELECTION_FROZEN_BEFORE_LOCKED_TEST,3,1,0.0029357285834769186,0.0009401185280182023,-0.003389984808636875,0.0012196254649920399,8615
307,X_BASE,8,B5_EXACT_SELECTED_DIAGNOSTIC,1,0.01,64,0,1,23,EXACT_MODEL_SELECTION_FROZEN_BEFORE_LOCKED_TEST,3,2,0.013031119970778599,0.000969900335160105,-0.023133052743554747,0.001269912733226991,8615
307,X_BASE,8,B5_EXACT_SELECTED_DIAGNOSTIC,1,0.01,64,0,1,23,EXACT_MODEL_SELECTION_FROZEN_BEFORE_LOCKED_TEST,3,3,0.008683891488649403,0.0009354552272839491,0.015174383614310984,0.0012843128879096236,8615
307,X_BASE,8,B5_EXACT_SELECTED_DIAGNOSTIC,1,0.01,64,0,1,23,EXACT_MODEL_SELECTION_FROZEN_BEFORE_LOCKED_TEST,3,4,0.012274841807416642,0.0008820953980758847,0.0017412580779273535,0.0012403734388154615,8615
307,X_BASE,8,B5_EXACT_SELECTED_DIAGNOSTIC,1,0.01,64,0,1,23,EXACT_MODEL_SELECTION_FROZEN_BEFORE_LOCKED_TEST,3,5,0.0037751803631048604,0.0008510888618733451,0.01023257307320303,0.0012531588900080992,8615
307,X_BASE,8,B5_EXACT_SELECTED_DIAGNOSTIC,1,0.01,64,0,1,23,EXACT_MODEL_SELECTION_FROZEN_BEFORE_LOCKED_TEST,4,0,-0.003374394738468904,0.0002914780814171324,0.005680476103416787,0.005037116901808387,8615
307,X_BASE,8,B5_EXACT_SELECTED_DIAGNOSTIC,1,0.01,64,0,1,23,EXACT_MODEL_SELECTION_FROZEN_BEFORE_LOCKED_TEST,4,1,0.001564231675363918,0.00023880789812348707,-0.0018062710723727841,0.004916676883456927,8615
307,X_BASE,8,B5_EXACT_SELECTED_DIAGNOSTIC,1,0.01,64,0,1,23,EXACT_MODEL_SELECTION_FROZEN_BEFORE_LOCKED_TEST,4,2,0.006943315788279673,0.0003088459508045147,-0.0123258853195742,0.004984831385488689,8615
307,X_BASE,8,B5_EXACT_SELECTED_DIAGNOSTIC,1,0.01,64,0,1,23,EXACT_MODEL_SELECTION_FROZEN_BEFORE_LOCKED_TEST,4,3,0.004627000673161962,0.00026779089025710914,0.008085301767071569,0.00492007634544643,8615
307,X_BASE,8,B5_EXACT_SELECTED_DIAGNOSTIC,1,0.01,64,0,1,23,EXACT_MODEL_SELECTION_FROZEN_BEFORE_LOCKED_TEST,4,4,0.006540351336737721,0.00031476384386075126,0.0009277870767097331,0.00501224753666438,8615
307,X_BASE,8,B5_EXACT_SELECTED_DIAGNOSTIC,1,0.01,64,0,1,23,EXACT_MODEL_SELECTION_FROZEN_BEFORE_LOCKED_TEST,4,5,0.0020115131682870396,0.00027844068371266073,0.005452178042502587,0.004892788669642205,8615
307,X_BASE,8,B5_EXACT_SELECTED_DIAGNOSTIC,1,0.01,64,0,1,23,EXACT_MODEL_SELECTION_FROZEN_BEFORE_LOCKED_TEST,5,0,-0.006333017827012476,0.0009851533558809186,0.010661039746991766,0.0012036896048100976,8615
307,X_BASE,8,B5_EXACT_SELECTED_DIAGNOSTIC,1,0.01,64,0,1,23,EXACT_MODEL_SELECTION_FROZEN_BEFORE_LOCKED_TEST,5,1,0.0029357285834769186,0.0009401185280182023,-0.003389984808636875,0.0012196254649920399,8615
307,X_BASE,8,B5_EXACT_SELECTED_DIAGNOSTIC,1,0.01,64,0,1,23,EXACT_MODEL_SELECTION_FROZEN_BEFORE_LOCKED_TEST,5,2,0.013031119970778599,0.000969900335160105,-0.023133052743554747,0.001269912733226991,8615
307,X_BASE,8,B5_EXACT_SELECTED_DIAGNOSTIC,1,0.01,64,0,1,23,EXACT_MODEL_SELECTION_FROZEN_BEFORE_LOCKED_TEST,5,3,0.008683891488649403,0.0009354552272839491,0.015174383614310984,0.0012843128879096236,8615
307,X_BASE,8,B5_EXACT_SELECTED_DIAGNOSTIC,1,0.01,64,0,1,23,EXACT_MODEL_SELECTION_FROZEN_BEFORE_LOCKED_TEST,5,4,0.012274841807416642,0.0008820953980758847,0.0017412580779273535,0.0012403734388154615,8615
307,X_BASE,8,B5_EXACT_SELECTED_DIAGNOSTIC,1,0.01,64,0,1,23,EXACT_MODEL_SELECTION_FROZEN_BEFORE_LOCKED_TEST,5,5,0.0037751803631048604,0.0008510888618733451,0.01023257307320303,0.0012531588900080992,8615
307,X_BASE,8,B5_EXACT_SELECTED_DIAGNOSTIC,1,0.01,64,0,1,23,EXACT_MODEL_SELECTION_FROZEN_BEFORE_LOCKED_TEST,6,0,-0.006003411985135529,0.0011151211169870706,0.010106179319139713,0.0005991031814151134,8615
307,X_BASE,8,B5_EXACT_SELECTED_DIAGNOSTIC,1,0.01,64,0,1,23,EXACT_MODEL_SELECTION_FROZEN_BEFORE_LOCKED_TEST,6,1,0.0027829367679933358,0.001072883352626907,-0.00321355094608956,0.0006305158770869695,8615
307,X_BASE,8,B5_EXACT_SELECTED_DIAGNOSTIC,1,0.01,64,0,1,23,EXACT_MODEL_SELECTION_FROZEN_BEFORE_LOCKED_TEST,6,2,0.012352907247257149,0.0011213781515288293,-0.02192907866153007,0.0006567540776419531,8615
307,X_BASE,8,B5_EXACT_SELECTED_DIAGNOSTIC,1,0.01,64,0,1,23,EXACT_MODEL_SELECTION_FROZEN_BEFORE_LOCKED_TEST,6,3,0.008231932968546098,0.0010879466909702446,0.014384623404758852,0.0006761076086431462,8615
307,X_BASE,8,B5_EXACT_SELECTED_DIAGNOSTIC,1,0.01,64,0,1,23,EXACT_MODEL_SELECTION_FROZEN_BEFORE_LOCKED_TEST,6,4,0.011635990050110206,0.0009901551555885596,0.0016506332209670147,0.0006710602489088842,8615
307,X_BASE,8,B5_EXACT_SELECTED_DIAGNOSTIC,1,0.01,64,0,1,23,EXACT_MODEL_SELECTION_FROZEN_BEFORE_LOCKED_TEST,6,5,0.0035786987589459343,0.0009629268004854846,0.00970001245921349,0.0006946230254922051,8615
307,X_BASE,8,B5_EXACT_SELECTED_DIAGNOSTIC,1,0.01,64,0,1,23,EXACT_MODEL_SELECTION_FROZEN_BEFORE_LOCKED_TEST,7,0,-0.0038404743541015514,0.0005477908281003701,0.00646507729091515,0.004083643764038625,8615
307,X_BASE,8,B5_EXACT_SELECTED_DIAGNOSTIC,1,0.01,64,0,1,23,EXACT_MODEL_SELECTION_FROZEN_BEFORE_LOCKED_TEST,7,1,0.001780287162205042,0.0005034985235004055,-0.002055757629930026,0.003991415410171677,8615
307,X_BASE,8,B5_EXACT_SELECTED_DIAGNOSTIC,1,0.01,64,0,1,23,EXACT_MODEL_SELECTION_FROZEN_BEFORE_LOCKED_TEST,7,2,0.007902343467206722,0.0005654671266963352,-0.014028366605058273,0.0040665241681345455,8615
307,X_BASE,8,B5_EXACT_SELECTED_DIAGNOSTIC,1,0.01,64,0,1,23,EXACT_MODEL_SELECTION_FROZEN_BEFORE_LOCKED_TEST,7,3,0.00526609326973762,0.0005276445817001263,0.009202063329348234,0.004038700971714635,8615
307,X_BASE,8,B5_EXACT_SELECTED_DIAGNOSTIC,1,0.01,64,0,1,23,EXACT_MODEL_SELECTION_FROZEN_BEFORE_LOCKED_TEST,7,4,0.007443720584673528,0.0005249423970356496,0.0010559352862751685,0.004157036476085317,8615
307,X_BASE,8,B5_EXACT_SELECTED_DIAGNOSTIC,1,0.01,64,0,1,23,EXACT_MODEL_SELECTION_FROZEN_BEFORE_LOCKED_TEST,7,5,0.0022893482637568207,0.0004839247475417509,0.006205246146077038,0.004074114677782984,8615
307,X_BASE,8,B5_EXACT_SELECTED_DIAGNOSTIC,1,0.01,64,0,1,23,EXACT_MODEL_SELECTION_FROZEN_BEFORE_LOCKED_TEST,8,0,-0.006003411985135529,0.0011151211169870706,0.010106179319139713,0.0005991031814151134,8615
307,X_BASE,8,B5_EXACT_SELECTED_DIAGNOSTIC,1,0.01,64,0,1,23,EXACT_MODEL_SELECTION_FROZEN_BEFORE_LOCKED_TEST,8,1,0.0027829367679933358,0.001072883352626907,-0.00321355094608956,0.0006305158770869695,8615
307,X_BASE,8,B5_EXACT_SELECTED_DIAGNOSTIC,1,0.01,64,0,1,23,EXACT_MODEL_SELECTION_FROZEN_BEFORE_LOCKED_TEST,8,2,0.012352907247257149,0.0011213781515288293,-0.02192907866153007,0.0006567540776419531,8615
307,X_BASE,8,B5_EXACT_SELECTED_DIAGNOSTIC,1,0.01,64,0,1,23,EXACT_MODEL_SELECTION_FROZEN_BEFORE_LOCKED_TEST,8,3,0.008231932968546098,0.0010879466909702446,0.014384623404758852,0.0006761076086431462,8615
307,X_BASE,8,B5_EXACT_SELECTED_DIAGNOSTIC,1,0.01,64,0,1,23,EXACT_MODEL_SELECTION_FROZEN_BEFORE_LOCKED_TEST,8,4,0.011635990050110206,0.0009901551555885596,0.0016506332209670147,0.0006710602489088842,8615
307,X_BASE,8,B5_EXACT_SELECTED_DIAGNOSTIC,1,0.01,64,0,1,23,EXACT_MODEL_SELECTION_FROZEN_BEFORE_LOCKED_TEST,8,5,0.0035786987589459343,0.0009629268004854846,0.00970001245921349,0.0006946230254922051,8615
307,X_BASE,8,B5_EXACT_SELECTED_DIAGNOSTIC,1,0.01,64,0,1,23,EXACT_MODEL_SELECTION_FROZEN_BEFORE_LOCKED_TEST,9,0,-0.006292631112606389,0.0010370931385063446,0.010593052512580836,0.0029097651848089038,8615
307,X_BASE,8,B5_EXACT_SELECTED_DIAGNOSTIC,1,0.01,64,0,1,23,EXACT_MODEL_SELECTION_FROZEN_BEFORE_LOCKED_TEST,9,1,0.0029170069510556502,0.000982369572424512,-0.003368366308255681,0.0028856234479826166,8615
307,X_BASE,8,B5_EXACT_SELECTED_DIAGNOSTIC,1,0.01,64,0,1,23,EXACT_MODEL_SELECTION_FROZEN_BEFORE_LOCKED_TEST,9,2,0.012948018338187808,0.0009171856664576122,-0.02298552939528468,0.0028875007390991338,8615
307,X_BASE,8,B5_EXACT_SELECTED_DIAGNOSTIC,1,0.01,64,0,1,23,EXACT_MODEL_SELECTION_FROZEN_BEFORE_LOCKED_TEST,9,3,0.008628512859524177,0.0008741448895409782,0.015077614030826534,0.002862708639013683,8615
307,X_BASE,8,B5_EXACT_SELECTED_DIAGNOSTIC,1,0.01,64,0,1,23,EXACT_MODEL_SELECTION_FROZEN_BEFORE_LOCKED_TEST,9,4,0.012196563087223953,0.0009029378753924224,0.0017301537837943713,0.002912441685411441,8615
307,X_BASE,8,B5_EXACT_SELECTED_DIAGNOSTIC,1,0.01,64,0,1,23,EXACT_MODEL_SELECTION_FROZEN_BEFORE_LOCKED_TEST,9,5,0.003751105406216877,0.0008683359216801733,0.010167318242467487,0.0029049134623095004,8615
307,X_BASE,8,B5_EXACT_SELECTED_DIAGNOSTIC,1,0.01,64,0,1,23,EXACT_MODEL_SELECTION_FROZEN_BEFORE_LOCKED_TEST,10,0,-0.005051869190011325,0.0005937914866893877,0.008504346537852836,0.004454191929163726,8615
307,X_BASE,8,B5_EXACT_SELECTED_DIAGNOSTIC,1,0.01,64,0,1,23,EXACT_MODEL_SELECTION_FROZEN_BEFORE_LOCKED_TEST,10,1,0.002341840365243208,0.0005411248275444513,-0.002704202052978895,0.00441139021349955,8615
307,X_BASE,8,B5_EXACT_SELECTED_DIAGNOSTIC,1,0.01,64,0,1,23,EXACT_MODEL_SELECTION_FROZEN_BEFORE_LOCKED_TEST,10,2,0.01039496734257148,0.0004836475993399911,-0.018453312404648783,0.004399439736822905,8615
307,X_BASE,8,B5_EXACT_SELECTED_DIAGNOSTIC,1,0.01,64,0,1,23,EXACT_MODEL_SELECTION_FROZEN_BEFORE_LOCKED_TEST,10,3,0.006927168856810968,0.00044239001208503406,0.01210465581378496,0.004346122725292813,8615
307,X_BASE,8,B5_EXACT_SELECTED_DIAGNOSTIC,1,0.01,64,0,1,23,EXACT_MODEL_SELECTION_FROZEN_BEFORE_LOCKED_TEST,10,4,0.009791681759469163,0.0005144123171446306,0.0013890073067880837,0.0044902915615665446,8615
307,X_BASE,8,B5_EXACT_SELECTED_DIAGNOSTIC,1,0.01,64,0,1,23,EXACT_MODEL_SELECTION_FROZEN_BEFORE_LOCKED_TEST,10,5,0.003011473816125678,0.00048119213451821376,0.008162557260231133,0.004450803380054055,8615
307,X_BASE,8,B5_EXACT_SELECTED_DIAGNOSTIC,1,0.01,64,0,1,23,EXACT_MODEL_SELECTION_FROZEN_BEFORE_LOCKED_TEST,11,0,-0.005574986784520547,0.0009164272351465478,0.009384965797066951,0.0036488916769236274,8615
307,X_BASE,8,B5_EXACT_SELECTED_DIAGNOSTIC,1,0.01,64,0,1,23,EXACT_MODEL_SELECTION_FROZEN_BEFORE_LOCKED_TEST,11,1,0.0025843363310953777,0.0008590326042210149,-0.0029842203234080288,0.0036461306708221904,8615
307,X_BASE,8,B5_EXACT_SELECTED_DIAGNOSTIC,1,0.01,64,0,1,23,EXACT_MODEL_SELECTION_FROZEN_BEFORE_LOCKED_TEST,11,2,0.011471359091193872,0.0007834225612746286,-0.020364140265143205,0.0035871164304363324,8615
307,X_BASE,8,B5_EXACT_SELECTED_DIAGNOSTIC,1,0.01,64,0,1,23,EXACT_MODEL_SELECTION_FROZEN_BEFORE_LOCKED_TEST,11,3,0.007644472447390675,0.0007395593356277994,0.013358084632604995,0.0035712165364062674,8615
307,X_BASE,8,B5_EXACT_SELECTED_DIAGNOSTIC,1,0.01,64,0,1,23,EXACT_MODEL_SELECTION_FROZEN_BEFORE_LOCKED_TEST,11,4,0.010805603699162504,0.0007916158341164809,0.0015328380620498,0.0036610116806454324,8615
307,X_BASE,8,B5_EXACT_SELECTED_DIAGNOSTIC,1,0.01,64,0,1,23,EXACT_MODEL_SELECTION_FROZEN_BEFORE_LOCKED_TEST,11,5,0.003323309867172684,0.0007551455334445997,0.00900778447384517,0.0036782304313639747,8615
307,X_BASE,24,B5_EXACT_SELECTED_DIAGNOSTIC,1,0.01,64,0,1,18,EXACT_MODEL_SELECTION_FROZEN_BEFORE_LOCKED_TEST,0,0,7.67700075516902e-05,0.0022357909762918565,0.0025085860077376627,0.0038601720631079492,8852
307,X_BASE,24,B5_EXACT_SELECTED_DIAGNOSTIC,1,0.01,64,0,1,18,EXACT_MODEL_SELECTION_FROZEN_BEFORE_LOCKED_TEST,0,1,-0.0019856562082288674,0.0023108258740782857,0.000610482771998106,0.0039085186702846825,8852
307,X_BASE,24,B5_EXACT_SELECTED_DIAGNOSTIC,1,0.01,64,0,1,18,EXACT_MODEL_SELECTION_FROZEN_BEFORE_LOCKED_TEST,0,2,-0.001872950563667,0.0020151740414372002,0.0005297146781853575,0.0038939521166835834,8852
307,X_BASE,24,B5_EXACT_SELECTED_DIAGNOSTIC,1,0.01,64,0,1,18,EXACT_MODEL_SELECTION_FROZEN_BEFORE_LOCKED_TEST,0,3,-0.0016645323722737973,0.001975590912814897,-0.0028660079727254625,0.0038503188012297177,8852
307,X_BASE,24,B5_EXACT_SELECTED_DIAGNOSTIC,1,0.01,64,0,1,18,EXACT_MODEL_SELECTION_FROZEN_BEFORE_LOCKED_TEST,0,4,-0.0033155280750393154,0.0018053036276109082,0.001365988914597185,0.0037435571260814094,8852
307,X_BASE,24,B5_EXACT_SELECTED_DIAGNOSTIC,1,0.01,64,0,1,18,EXACT_MODEL_SELECTION_FROZEN_BEFORE_LOCKED_TEST,0,5,5.618686947319587e-05,0.001797475784231592,0.0012123965705688395,0.00372302289308446,8852
307,X_BASE,24,B5_EXACT_SELECTED_DIAGNOSTIC,1,0.01,64,0,1,18,EXACT_MODEL_SELECTION_FROZEN_BEFORE_LOCKED_TEST,1,0,1.2832723539869278e-05,0.002009751723656495,0.0004193303054139542,0.004774476816133041,8852
307,X_BASE,24,B5_EXACT_SELECTED_DIAGNOSTIC,1,0.01,64,0,1,18,EXACT_MODEL_SELECTION_FROZEN_BEFORE_LOCKED_TEST,1,1,-0.00033191838815789174,0.002071338194990372,0.00010204710001662971,0.004798406997878986,8852
307,X_BASE,24,B5_EXACT_SELECTED_DIAGNOSTIC,1,0.01,64,0,1,18,EXACT_MODEL_SELECTION_FROZEN_BEFORE_LOCKED_TEST,1,2,-0.0003130787341814166,0.0017589297680635173,8.854606423721601e-05,0.004832320508668268,8852
307,X_BASE,24,B5_EXACT_SELECTED_DIAGNOSTIC,1,0.01,64,0,1,18,EXACT_MODEL_SELECTION_FROZEN_BEFORE_LOCKED_TEST,1,3,-0.0002782399590383023,0.001728485509170911,-0.0004790762584240149,0.004796738387040582,8852
307,X_BASE,24,B5_EXACT_SELECTED_DIAGNOSTIC,1,0.01,64,0,1,18,EXACT_MODEL_SELECTION_FROZEN_BEFORE_LOCKED_TEST,1,4,-0.0005542171550133943,0.001585477506371302,0.00022833602156088176,0.004630357311596174,8852
307,X_BASE,24,B5_EXACT_SELECTED_DIAGNOSTIC,1,0.01,64,0,1,18,EXACT_MODEL_SELECTION_FROZEN_BEFORE_LOCKED_TEST,1,5,9.392086643143373e-06,0.0015832090987028126,0.0002026618272809198,0.004602974562960689,8852
307,X_BASE,24,B5_EXACT_SELECTED_DIAGNOSTIC,1,0.01,64,0,1,18,EXACT_MODEL_SELECTION_FROZEN_BEFORE_LOCKED_TEST,2,0,1.2832723539869278e-05,0.002009751723656495,0.0004193303054139542,0.004774476816133041,8852
307,X_BASE,24,B5_EXACT_SELECTED_DIAGNOSTIC,1,0.01,64,0,1,18,EXACT_MODEL_SELECTION_FROZEN_BEFORE_LOCKED_TEST,2,1,-0.00033191838815789174,0.002071338194990372,0.00010204710001662971,0.004798406997878986,8852
307,X_BASE,24,B5_EXACT_SELECTED_DIAGNOSTIC,1,0.01,64,0,1,18,EXACT_MODEL_SELECTION_FROZEN_BEFORE_LOCKED_TEST,2,2,-0.0003130787341814166,0.0017589297680635173,8.854606423721601e-05,0.004832320508668268,8852
307,X_BASE,24,B5_EXACT_SELECTED_DIAGNOSTIC,1,0.01,64,0,1,18,EXACT_MODEL_SELECTION_FROZEN_BEFORE_LOCKED_TEST,2,3,-0.0002782399590383023,0.001728485509170911,-0.0004790762584240149,0.004796738387040582,8852
307,X_BASE,24,B5_EXACT_SELECTED_DIAGNOSTIC,1,0.01,64,0,1,18,EXACT_MODEL_SELECTION_FROZEN_BEFORE_LOCKED_TEST,2,4,-0.0005542171550133943,0.001585477506371302,0.00022833602156088176,0.004630357311596174,8852
307,X_BASE,24,B5_EXACT_SELECTED_DIAGNOSTIC,1,0.01,64,0,1,18,EXACT_MODEL_SELECTION_FROZEN_BEFORE_LOCKED_TEST,2,5,9.392086643143373e-06,0.0015832090987028126,0.0002026618272809198,0.004602974562960689,8852
307,X_BASE,24,B5_EXACT_SELECTED_DIAGNOSTIC,1,0.01,64,0,1,18,EXACT_MODEL_SELECTION_FROZEN_BEFORE_LOCKED_TEST,3,0,5.46195137592141e-06,0.0022143792054319738,0.0001784782265047254,0.0026833830931967512,8852
307,X_BASE,24,B5_EXACT_SELECTED_DIAGNOSTIC,1,0.01,64,0,1,18,EXACT_MODEL_SELECTION_FROZEN_BEFORE_LOCKED_TEST,3,1,-0.00014127336969897,0.002270315689166684,4.343398317691047e-05,0.0027268695247434113,8852
307,X_BASE,24,B5_EXACT_SELECTED_DIAGNOSTIC,1,0.01,64,0,1,18,EXACT_MODEL_SELECTION_FROZEN_BEFORE_LOCKED_TEST,3,2,-0.00013325470759353357,0.0019501436224680588,3.7687580184386835e-05,0.0026086048783133275,8852
307,X_BASE,24,B5_EXACT_SELECTED_DIAGNOSTIC,1,0.01,64,0,1,18,EXACT_MODEL_SELECTION_FROZEN_BEFORE_LOCKED_TEST,3,3,-0.00011842639034371848,0.0018891164879376206,-0.0002039077067888743,0.0025304518790138495,8852
307,X_BASE,24,B5_EXACT_SELECTED_DIAGNOSTIC,1,0.01,64,0,1,18,EXACT_MODEL_SELECTION_FROZEN_BEFORE_LOCKED_TEST,3,4,-0.00023588968802919596,0.001789244107488162,9.718593588197833e-05,0.0026639578921704584,8852
307,X_BASE,24,B5_EXACT_SELECTED_DIAGNOSTIC,1,0.01,64,0,1,18,EXACT_MODEL_SELECTION_FROZEN_BEFORE_LOCKED_TEST,3,5,3.997524017712374e-06,0.0017718598385959555,8.625831008707693e-05,0.002632600374143978,8852
307,X_BASE,24,B5_EXACT_SELECTED_DIAGNOSTIC,1,0.01,64,0,1,18,EXACT_MODEL_SELECTION_FROZEN_BEFORE_LOCKED_TEST,4,0,-4.218048420999249e-08,0.002183354517425513,-1.3783165569905912e-06,0.003456453760376784,8852
307,X_BASE,24,B5_EXACT_SELECTED_DIAGNOSTIC,1,0.01,64,0,1,18,EXACT_MODEL_SELECTION_FROZEN_BEFORE_LOCKED_TEST,4,1,1.0909982037096715e-06,0.0022421463362560733,-3.35423425709586e-07,0.0035073304636822882,8852
307,X_BASE,24,B5_EXACT_SELECTED_DIAGNOSTIC,1,0.01,64,0,1,18,EXACT_MODEL_SELECTION_FROZEN_BEFORE_LOCKED_TEST,4,2,1.0290732565534782e-06,0.0019238965149486799,-2.9104623448101974e-07,0.0034009434498994532,8852
307,X_BASE,24,B5_EXACT_SELECTED_DIAGNOSTIC,1,0.01,64,0,1,18,EXACT_MODEL_SELECTION_FROZEN_BEFORE_LOCKED_TEST,4,3,9.145600434967129e-07,0.0018790479006716581,1.5746983476309205e-06,0.0033463541610595144,8852
307,X_BASE,24,B5_EXACT_SELECTED_DIAGNOSTIC,1,0.01,64,0,1,18,EXACT_MODEL_SELECTION_FROZEN_BEFORE_LOCKED_TEST,4,4,1.8216825043663112e-06,0.001770399311321999,-7.505284378720006e-07,0.0034356902318801274,8852
307,X_BASE,24,B5_EXACT_SELECTED_DIAGNOSTIC,1,0.01,64,0,1,18,EXACT_MODEL_SELECTION_FROZEN_BEFORE_LOCKED_TEST,4,5,-3.0871292529538005e-08,0.0017636451428491167,-6.661387178670722e-07,0.0034142668680830976,8852
307,X_BASE,24,B5_EXACT_SELECTED_DIAGNOSTIC,1,0.01,64,0,1,18,EXACT_MODEL_SELECTION_FROZEN_BEFORE_LOCKED_TEST,5,0,-4.218048420999249e-08,0.002183354517425513,-1.3783165569905912e-06,0.003456453760376784,8852
307,X_BASE,24,B5_EXACT_SELECTED_DIAGNOSTIC,1,0.01,64,0,1,18,EXACT_MODEL_SELECTION_FROZEN_BEFORE_LOCKED_TEST,5,1,1.0909982037096715e-06,0.0022421463362560733,-3.35423425709586e-07,0.0035073304636822882,8852
307,X_BASE,24,B5_EXACT_SELECTED_DIAGNOSTIC,1,0.01,64,0,1,18,EXACT_MODEL_SELECTION_FROZEN_BEFORE_LOCKED_TEST,5,2,1.0290732565534782e-06,0.0019238965149486799,-2.9104623448101974e-07,0.0034009434498994532,8852
307,X_BASE,24,B5_EXACT_SELECTED_DIAGNOSTIC,1,0.01,64,0,1,18,EXACT_MODEL_SELECTION_FROZEN_BEFORE_LOCKED_TEST,5,3,9.145600434967129e-07,0.0018790479006716581,1.5746983476309205e-06,0.0033463541610595144,8852
307,X_BASE,24,B5_EXACT_SELECTED_DIAGNOSTIC,1,0.01,64,0,1,18,EXACT_MODEL_SELECTION_FROZEN_BEFORE_LOCKED_TEST,5,4,1.8216825043663112e-06,0.001770399311321999,-7.505284378720006e-07,0.0034356902318801274,8852
307,X_BASE,24,B5_EXACT_SELECTED_DIAGNOSTIC,1,0.01,64,0,1,18,EXACT_MODEL_SELECTION_FROZEN_BEFORE_LOCKED_TEST,5,5,-3.0871292529538005e-08,0.0017636451428491167,-6.661387178670722e-07,0.0034142668680830976,8852
307,X_BASE,24,B5_EXACT_SELECTED_DIAGNOSTIC,1,0.01,64,0,1,18,EXACT_MODEL_SELECTION_FROZEN_BEFORE_LOCKED_TEST,6,0,-3.104495965034734e-05,0.0019543410044332876,-0.0010144450140532446,0.002537623651458673,8852
307,X_BASE,24,B5_EXACT_SELECTED_DIAGNOSTIC,1,0.01,64,0,1,18,EXACT_MODEL_SELECTION_FROZEN_BEFORE_LOCKED_TEST,6,1,0.0008029778663551793,0.00201584554146033,-0.0002468726215918709,0.0025926169959903885,8852
307,X_BASE,24,B5_EXACT_SELECTED_DIAGNOSTIC,1,0.01,64,0,1,18,EXACT_MODEL_SELECTION_FROZEN_BEFORE_LOCKED_TEST,6,2,0.0007574009242735505,0.0018128687639526024,-0.000214210879156012,0.002469523119686379,8852
307,X_BASE,24,B5_EXACT_SELECTED_DIAGNOSTIC,1,0.01,64,0,1,18,EXACT_MODEL_SELECTION_FROZEN_BEFORE_LOCKED_TEST,6,3,0.0006731188648007309,0.0017513739377533026,0.0011589825858871795,0.0023854244213108514,8852
307,X_BASE,24,B5_EXACT_SELECTED_DIAGNOSTIC,1,0.01,64,0,1,18,EXACT_MODEL_SELECTION_FROZEN_BEFORE_LOCKED_TEST,6,4,0.001340763647051689,0.0016262396343108612,-0.0005523911236811897,0.0025186833182439666,8852
307,X_BASE,24,B5_EXACT_SELECTED_DIAGNOSTIC,1,0.01,64,0,1,18,EXACT_MODEL_SELECTION_FROZEN_BEFORE_LOCKED_TEST,6,5,-2.2721361522600266e-05,0.001615883888051071,-0.0004902800431299506,0.002486698493134557,8852
307,X_BASE,24,B5_EXACT_SELECTED_DIAGNOSTIC,1,0.01,64,0,1,18,EXACT_MODEL_SELECTION_FROZEN_BEFORE_LOCKED_TEST,7,0,-0.0001695119144344014,0.00151016632572343,-0.005539080042536802,0.00516635101869651,8852
307,X_BASE,24,B5_EXACT_SELECTED_DIAGNOSTIC,1,0.01,64,0,1,18,EXACT_MODEL_SELECTION_FROZEN_BEFORE_LOCKED_TEST,7,1,0.004384425584936942,0.0015646905311166779,-0.0013479756836150215,0.005183932373167447,8852
307,X_BASE,24,B5_EXACT_SELECTED_DIAGNOSTIC,1,0.01,64,0,1,18,EXACT_MODEL_SELECTION_FROZEN_BEFORE_LOCKED_TEST,7,2,0.004135566034358128,0.0014872445352675998,-0.0011696358000583085,0.00521011411242088,8852
307,X_BASE,24,B5_EXACT_SELECTED_DIAGNOSTIC,1,0.01,64,0,1,18,EXACT_MODEL_SELECTION_FROZEN_BEFORE_LOCKED_TEST,7,3,0.0036753685203455145,0.0014308719730865757,0.006328285143307362,0.005091919715346744,8852
307,X_BASE,24,B5_EXACT_SELECTED_DIAGNOSTIC,1,0.01,64,0,1,18,EXACT_MODEL_SELECTION_FROZEN_BEFORE_LOCKED_TEST,7,4,0.007320847415346531,0.001289866432497417,-0.003016170030381127,0.005152243422529758,8852
307,X_BASE,24,B5_EXACT_SELECTED_DIAGNOSTIC,1,0.01,64,0,1,18,EXACT_MODEL_SELECTION_FROZEN_BEFORE_LOCKED_TEST,7,5,-0.00012406334341004727,0.0012807825330530456,-0.002677030656698221,0.005081580757470076,8852
307,X_BASE,24,B5_EXACT_SELECTED_DIAGNOSTIC,1,0.01,64,0,1,18,EXACT_MODEL_SELECTION_FROZEN_BEFORE_LOCKED_TEST,8,0,-3.104495965034734e-05,0.0019543410044332876,-0.0010144450140532446,0.002537623651458673,8852
307,X_BASE,24,B5_EXACT_SELECTED_DIAGNOSTIC,1,0.01,64,0,1,18,EXACT_MODEL_SELECTION_FROZEN_BEFORE_LOCKED_TEST,8,1,0.0008029778663551793,0.00201584554146033,-0.0002468726215918709,0.0025926169959903885,8852
307,X_BASE,24,B5_EXACT_SELECTED_DIAGNOSTIC,1,0.01,64,0,1,18,EXACT_MODEL_SELECTION_FROZEN_BEFORE_LOCKED_TEST,8,2,0.0007574009242735505,0.0018128687639526024,-0.000214210879156012,0.002469523119686379,8852
307,X_BASE,24,B5_EXACT_SELECTED_DIAGNOSTIC,1,0.01,64,0,1,18,EXACT_MODEL_SELECTION_FROZEN_BEFORE_LOCKED_TEST,8,3,0.0006731188648007309,0.0017513739377533026,0.0011589825858871795,0.0023854244213108514,8852
307,X_BASE,24,B5_EXACT_SELECTED_DIAGNOSTIC,1,0.01,64,0,1,18,EXACT_MODEL_SELECTION_FROZEN_BEFORE_LOCKED_TEST,8,4,0.001340763647051689,0.0016262396343108612,-0.0005523911236811897,0.0025186833182439666,8852
307,X_BASE,24,B5_EXACT_SELECTED_DIAGNOSTIC,1,0.01,64,0,1,18,EXACT_MODEL_SELECTION_FROZEN_BEFORE_LOCKED_TEST,8,5,-2.2721361522600266e-05,0.001615883888051071,-0.0004902800431299506,0.002486698493134557,8852
307,X_BASE,24,B5_EXACT_SELECTED_DIAGNOSTIC,1,0.01,64,0,1,18,EXACT_MODEL_SELECTION_FROZEN_BEFORE_LOCKED_TEST,9,0,5.364971137920548e-05,0.0020478613709679397,0.0017530923804380363,0.002915064204048171,8852
307,X_BASE,24,B5_EXACT_SELECTED_DIAGNOSTIC,1,0.01,64,0,1,18,EXACT_MODEL_SELECTION_FROZEN_BEFORE_LOCKED_TEST,9,1,-0.0013876497588993742,0.002089223292227896,0.00042662786632687396,0.002949313065664512,8852
307,X_BASE,24,B5_EXACT_SELECTED_DIAGNOSTIC,1,0.01,64,0,1,18,EXACT_MODEL_SELECTION_FROZEN_BEFORE_LOCKED_TEST,9,2,-0.0013088868996215467,0.00195988761363554,0.00037018414488025397,0.00289538758193884,8852
307,X_BASE,24,B5_EXACT_SELECTED_DIAGNOSTIC,1,0.01,64,0,1,18,EXACT_MODEL_SELECTION_FROZEN_BEFORE_LOCKED_TEST,9,3,-0.0011632365842051704,0.0018795674424280373,-0.0020028720258193754,0.0027801821306737834,8852
307,X_BASE,24,B5_EXACT_SELECTED_DIAGNOSTIC,1,0.01,64,0,1,18,EXACT_MODEL_SELECTION_FROZEN_BEFORE_LOCKED_TEST,9,4,-0.0023170132447329086,0.0017259771431059393,0.0009546034102704666,0.002915503032479673,8852
307,X_BASE,24,B5_EXACT_SELECTED_DIAGNOSTIC,1,0.01,64,0,1,18,EXACT_MODEL_SELECTION_FROZEN_BEFORE_LOCKED_TEST,9,5,3.926545569906846e-05,0.0017035838873957164,0.0008472674181302011,0.0028685564564436155,8852
307,X_BASE,24,B5_EXACT_SELECTED_DIAGNOSTIC,1,0.01,64,0,1,18,EXACT_MODEL_SELECTION_FROZEN_BEFORE_LOCKED_TEST,10,0,-3.294615613819613e-05,0.0014499001401979718,-0.0010765697299348499,0.005053602698018738,8852
307,X_BASE,24,B5_EXACT_SELECTED_DIAGNOSTIC,1,0.01,64,0,1,18,EXACT_MODEL_SELECTION_FROZEN_BEFORE_LOCKED_TEST,10,1,0.000852152312594722,0.0014756100204324312,-0.0002619911260577394,0.0050382429162330435,8852
307,X_BASE,24,B5_EXACT_SELECTED_DIAGNOSTIC,1,0.01,64,0,1,18,EXACT_MODEL_SELECTION_FROZEN_BEFORE_LOCKED_TEST,10,2,0.0008037842339425061,0.0014647943194570183,-0.00022732917519173757,0.004992908330869957,8852
307,X_BASE,24,B5_EXACT_SELECTED_DIAGNOSTIC,1,0.01,64,0,1,18,EXACT_MODEL_SELECTION_FROZEN_BEFORE_LOCKED_TEST,10,3,0.0007143407325717714,0.0014053183921228472,0.0012299587973747647,0.0048898116481833065,8852
307,X_BASE,24,B5_EXACT_SELECTED_DIAGNOSTIC,1,0.01,64,0,1,18,EXACT_MODEL_SELECTION_FROZEN_BEFORE_LOCKED_TEST,10,4,0.001422872149221428,0.0012759807125667002,-0.0005862196123018787,0.005019829953448359,8852
307,X_BASE,24,B5_EXACT_SELECTED_DIAGNOSTIC,1,0.01,64,0,1,18,EXACT_MODEL_SELECTION_FROZEN_BEFORE_LOCKED_TEST,10,5,-2.4112820014169772e-05,0.0012628716302222672,-0.0005203048428578054,0.0049542485295164685,8852
307,X_BASE,24,B5_EXACT_SELECTED_DIAGNOSTIC,1,0.01,64,0,1,18,EXACT_MODEL_SELECTION_FROZEN_BEFORE_LOCKED_TEST,11,0,4.5196766697592226e-05,0.002029182153498718,0.001476878538226328,0.00348933017148815,8852
307,X_BASE,24,B5_EXACT_SELECTED_DIAGNOSTIC,1,0.01,64,0,1,18,EXACT_MODEL_SELECTION_FROZEN_BEFORE_LOCKED_TEST,11,1,-0.0011690143487939602,0.0020736930326718333,0.00035940920548067,0.003521707435696117,8852
307,X_BASE,24,B5_EXACT_SELECTED_DIAGNOSTIC,1,0.01,64,0,1,18,EXACT_MODEL_SELECTION_FROZEN_BEFORE_LOCKED_TEST,11,2,-0.0011026612131721516,0.0019449206461917602,0.00031185864753385524,0.0034868873031336845,8852
307,X_BASE,24,B5_EXACT_SELECTED_DIAGNOSTIC,1,0.01,64,0,1,18,EXACT_MODEL_SELECTION_FROZEN_BEFORE_LOCKED_TEST,11,3,-0.000979959279534979,0.0018678032264636754,-0.0016873033861498066,0.003368961071533555,8852
307,X_BASE,24,B5_EXACT_SELECTED_DIAGNOSTIC,1,0.01,64,0,1,18,EXACT_MODEL_SELECTION_FROZEN_BEFORE_LOCKED_TEST,11,4,-0.0019519491226567046,0.0017177785528809907,0.0008041979446592809,0.003485393006273618,8852
307,X_BASE,24,B5_EXACT_SELECTED_DIAGNOSTIC,1,0.01,64,0,1,18,EXACT_MODEL_SELECTION_FROZEN_BEFORE_LOCKED_TEST,11,5,3.307886650054417e-05,0.0016985115586576189,0.0007137736036832631,0.0034365083462505326,8852
307,X_BASE,40,B5_EXACT_SELECTED_DIAGNOSTIC,1,0.01,64,0,1,17,EXACT_MODEL_SELECTION_FROZEN_BEFORE_LOCKED_TEST,0,0,0.018455001941137642,0.001686272830661032,0.002811192224391487,0.0015646923851359478,9089
307,X_BASE,40,B5_EXACT_SELECTED_DIAGNOSTIC,1,0.01,64,0,1,17,EXACT_MODEL_SELECTION_FROZEN_BEFORE_LOCKED_TEST,0,1,0.003907372565118231,0.0015992520706884633,0.0011927705077785097,0.0017521483600733525,9089
307,X_BASE,40,B5_EXACT_SELECTED_DIAGNOSTIC,1,0.01,64,0,1,17,EXACT_MODEL_SELECTION_FROZEN_BEFORE_LOCKED_TEST,0,2,0.004676203454829513,0.0017748197610396432,-0.003938340154966439,0.0015473440315137727,9089
307,X_BASE,40,B5_EXACT_SELECTED_DIAGNOSTIC,1,0.01,64,0,1,17,EXACT_MODEL_SELECTION_FROZEN_BEFORE_LOCKED_TEST,0,3,0.013617445918648899,0.00164045033032173,-0.001383807089988756,0.0018076813582777696,9089
307,X_BASE,40,B5_EXACT_SELECTED_DIAGNOSTIC,1,0.01,64,0,1,17,EXACT_MODEL_SELECTION_FROZEN_BEFORE_LOCKED_TEST,0,4,0.005452347633888369,0.0016056030004221809,0.001239948351585337,0.0018027693693953998,9089
307,X_BASE,40,B5_EXACT_SELECTED_DIAGNOSTIC,1,0.01,64,0,1,17,EXACT_MODEL_SELECTION_FROZEN_BEFORE_LOCKED_TEST,0,5,-0.006975186696175386,0.0013557570033100805,-0.0009787039085796864,0.0018640864936437975,9089
307,X_BASE,40,B5_EXACT_SELECTED_DIAGNOSTIC,1,0.01,64,0,1,17,EXACT_MODEL_SELECTION_FROZEN_BEFORE_LOCKED_TEST,1,0,0.01465172958579797,0.0019687701749622048,0.002231851744955324,0.0033561677205262252,9089
307,X_BASE,40,B5_EXACT_SELECTED_DIAGNOSTIC,1,0.01,64,0,1,17,EXACT_MODEL_SELECTION_FROZEN_BEFORE_LOCKED_TEST,1,1,0.003102127347245834,0.0015840667916861828,0.0009469601246115258,0.0034982929902823263,9089
307,X_BASE,40,B5_EXACT_SELECTED_DIAGNOSTIC,1,0.01,64,0,1,17,EXACT_MODEL_SELECTION_FROZEN_BEFORE_LOCKED_TEST,1,2,0.0037125148361871574,0.001846291609059392,-0.0031267130261759726,0.0028582174880944227,9089
307,X_BASE,40,B5_EXACT_SELECTED_DIAGNOSTIC,1,0.01,64,0,1,17,EXACT_MODEL_SELECTION_FROZEN_BEFORE_LOCKED_TEST,1,3,0.010811114292246593,0.0014137297220014056,-0.0010986272093654087,0.002961504338501417,9089
307,X_BASE,40,B5_EXACT_SELECTED_DIAGNOSTIC,1,0.01,64,0,1,17,EXACT_MODEL_SELECTION_FROZEN_BEFORE_LOCKED_TEST,1,4,0.00432870846582925,0.0017237116160413641,0.000984415390782906,0.003113594455320596,9089
307,X_BASE,40,B5_EXACT_SELECTED_DIAGNOSTIC,1,0.01,64,0,1,17,EXACT_MODEL_SELECTION_FROZEN_BEFORE_LOCKED_TEST,1,5,-0.005537715444776451,0.0011485245422434263,-0.0007770091305766153,0.0030727550231150285,9089
307,X_BASE,40,B5_EXACT_SELECTED_DIAGNOSTIC,1,0.01,64,0,1,17,EXACT_MODEL_SELECTION_FROZEN_BEFORE_LOCKED_TEST,2,0,0.018455001941137642,0.001686272830661032,0.002811192224391487,0.0015646923851359478,9089
307,X_BASE,40,B5_EXACT_SELECTED_DIAGNOSTIC,1,0.01,64,0,1,17,EXACT_MODEL_SELECTION_FROZEN_BEFORE_LOCKED_TEST,2,1,0.003907372565118231,0.0015992520706884633,0.0011927705077785097,0.0017521483600733525,9089
307,X_BASE,40,B5_EXACT_SELECTED_DIAGNOSTIC,1,0.01,64,0,1,17,EXACT_MODEL_SELECTION_FROZEN_BEFORE_LOCKED_TEST,2,2,0.004676203454829513,0.0017748197610396432,-0.003938340154966439,0.0015473440315137727,9089
307,X_BASE,40,B5_EXACT_SELECTED_DIAGNOSTIC,1,0.01,64,0,1,17,EXACT_MODEL_SELECTION_FROZEN_BEFORE_LOCKED_TEST,2,3,0.013617445918648899,0.00164045033032173,-0.001383807089988756,0.0018076813582777696,9089
307,X_BASE,40,B5_EXACT_SELECTED_DIAGNOSTIC,1,0.01,64,0,1,17,EXACT_MODEL_SELECTION_FROZEN_BEFORE_LOCKED_TEST,2,4,0.005452347633888369,0.0016056030004221809,0.001239948351585337,0.0018027693693953998,9089
307,X_BASE,40,B5_EXACT_SELECTED_DIAGNOSTIC,1,0.01,64,0,1,17,EXACT_MODEL_SELECTION_FROZEN_BEFORE_LOCKED_TEST,2,5,-0.006975186696175386,0.0013557570033100805,-0.0009787039085796864,0.0018640864936437975,9089
307,X_BASE,40,B5_EXACT_SELECTED_DIAGNOSTIC,1,0.01,64,0,1,17,EXACT_MODEL_SELECTION_FROZEN_BEFORE_LOCKED_TEST,3,0,0.024773767570175808,0.0020174717991077785,0.0037737098584053066,0.0016617864076145421,9089
307,X_BASE,40,B5_EXACT_SELECTED_DIAGNOSTIC,1,0.01,64,0,1,17,EXACT_MODEL_SELECTION_FROZEN_BEFORE_LOCKED_TEST,3,1,0.005245208862457233,0.0018885690194306627,0.001601160456038611,0.001809600620030298,9089
307,X_BASE,40,B5_EXACT_SELECTED_DIAGNOSTIC,1,0.01,64,0,1,17,EXACT_MODEL_SELECTION_FROZEN_BEFORE_LOCKED_TEST,3,2,0.006277277990557511,0.0018006554483379355,-0.0052867793741025355,0.0016477775913458345,9089
307,X_BASE,40,B5_EXACT_SELECTED_DIAGNOSTIC,1,0.01,64,0,1,17,EXACT_MODEL_SELECTION_FROZEN_BEFORE_LOCKED_TEST,3,3,0.018279891877770835,0.0016360288278840375,-0.00185760561384311,0.0018089774312098333,9089
307,X_BASE,40,B5_EXACT_SELECTED_DIAGNOSTIC,1,0.01,64,0,1,17,EXACT_MODEL_SELECTION_FROZEN_BEFORE_LOCKED_TEST,3,4,0.00731916438830902,0.0018413387563940245,0.0016644914131775043,0.0017917541431240415,9089
307,X_BASE,40,B5_EXACT_SELECTED_DIAGNOSTIC,1,0.01,64,0,1,17,EXACT_MODEL_SELECTION_FROZEN_BEFORE_LOCKED_TEST,3,5,-0.009363404811377624,0.0015677583836283197,-0.0013138000867466242,0.0018001244738513258,9089
307,X_BASE,40,B5_EXACT_SELECTED_DIAGNOSTIC,1,0.01,64,0,1,17,EXACT_MODEL_SELECTION_FROZEN_BEFORE_LOCKED_TEST,4,0,0.020936325160028416,0.0021962947352702615,0.0031891643623189786,0.0028871659621778185,9089
307,X_BASE,40,B5_EXACT_SELECTED_DIAGNOSTIC,1,0.01,64,0,1,17,EXACT_MODEL_SELECTION_FROZEN_BEFORE_LOCKED_TEST,4,1,0.004432729013283795,0.0018567526394306967,0.001353141618288212,0.0031075554943856176,9089
307,X_BASE,40,B5_EXACT_SELECTED_DIAGNOSTIC,1,0.01,64,0,1,17,EXACT_MODEL_SELECTION_FROZEN_BEFORE_LOCKED_TEST,4,2,0.005304931224446343,0.0018710786958250011,-0.004467860276480212,0.0026649387105031935,9089
307,X_BASE,40,B5_EXACT_SELECTED_DIAGNOSTIC,1,0.01,64,0,1,17,EXACT_MODEL_SELECTION_FROZEN_BEFORE_LOCKED_TEST,4,3,0.015448347093718078,0.0013949625419343494,-0.001569863567999785,0.0026971131479103794,9089
307,X_BASE,40,B5_EXACT_SELECTED_DIAGNOSTIC,1,0.01,64,0,1,17,EXACT_MODEL_SELECTION_FROZEN_BEFORE_LOCKED_TEST,4,4,0.006185430015812919,0.0018938097465209566,0.0014066626464321892,0.0029116864028463987,9089
307,X_BASE,40,B5_EXACT_SELECTED_DIAGNOSTIC,1,0.01,64,0,1,17,EXACT_MODEL_SELECTION_FROZEN_BEFORE_LOCKED_TEST,4,5,-0.007913018767963896,0.0012608772209825054,-0.00111029320564525,0.002847749384827234,9089
307,X_BASE,40,B5_EXACT_SELECTED_DIAGNOSTIC,1,0.01,64,0,1,17,EXACT_MODEL_SELECTION_FROZEN_BEFORE_LOCKED_TEST,5,0,0.024773767570175808,0.0020174717991077785,0.0037737098584053066,0.0016617864076145421,9089
307,X_BASE,40,B5_EXACT_SELECTED_DIAGNOSTIC,1,0.01,64,0,1,17,EXACT_MODEL_SELECTION_FROZEN_BEFORE_LOCKED_TEST,5,1,0.005245208862457233,0.0018885690194306627,0.001601160456038611,0.001809600620030298,9089
307,X_BASE,40,B5_EXACT_SELECTED_DIAGNOSTIC,1,0.01,64,0,1,17,EXACT_MODEL_SELECTION_FROZEN_BEFORE_LOCKED_TEST,5,2,0.006277277990557511,0.0018006554483379355,-0.0052867793741025355,0.0016477775913458345,9089
307,X_BASE,40,B5_EXACT_SELECTED_DIAGNOSTIC,1,0.01,64,0,1,17,EXACT_MODEL_SELECTION_FROZEN_BEFORE_LOCKED_TEST,5,3,0.018279891877770835,0.0016360288278840375,-0.00185760561384311,0.0018089774312098333,9089
307,X_BASE,40,B5_EXACT_SELECTED_DIAGNOSTIC,1,0.01,64,0,1,17,EXACT_MODEL_SELECTION_FROZEN_BEFORE_LOCKED_TEST,5,4,0.00731916438830902,0.0018413387563940245,0.0016644914131775043,0.0017917541431240415,9089
307,X_BASE,40,B5_EXACT_SELECTED_DIAGNOSTIC,1,0.01,64,0,1,17,EXACT_MODEL_SELECTION_FROZEN_BEFORE_LOCKED_TEST,5,5,-0.009363404811377624,0.0015677583836283197,-0.0013138000867466242,0.0018001244738513258,9089
307,X_BASE,40,B5_EXACT_SELECTED_DIAGNOSTIC,1,0.01,64,0,1,17,EXACT_MODEL_SELECTION_FROZEN_BEFORE_LOCKED_TEST,6,0,0.03222679368863242,0.0018650798205747758,0.004909005814440321,0.0016484351105332492,9089
307,X_BASE,40,B5_EXACT_SELECTED_DIAGNOSTIC,1,0.01,64,0,1,17,EXACT_MODEL_SELECTION_FROZEN_BEFORE_LOCKED_TEST,6,1,0.006823195680082669,0.0019170071668603201,0.0020828591183390467,0.0018334105330055188,9089
307,X_BASE,40,B5_EXACT_SELECTED_DIAGNOSTIC,1,0.01,64,0,1,17,EXACT_MODEL_SELECTION_FROZEN_BEFORE_LOCKED_TEST,6,2,0.008165756062530722,0.001776572728834059,-0.006877272408562867,0.0016273207699515379,9089
307,X_BASE,40,B5_EXACT_SELECTED_DIAGNOSTIC,1,0.01,64,0,1,17,EXACT_MODEL_SELECTION_FROZEN_BEFORE_LOCKED_TEST,6,3,0.02377927792075622,0.0019531863695527525,-0.00241645412642993,0.002044123007043891,9089
307,X_BASE,40,B5_EXACT_SELECTED_DIAGNOSTIC,1,0.01,64,0,1,17,EXACT_MODEL_SELECTION_FROZEN_BEFORE_LOCKED_TEST,6,4,0.009521087176065176,0.001862392527803827,0.0021652427801715658,0.0018667041694277692,9089
307,X_BASE,40,B5_EXACT_SELECTED_DIAGNOSTIC,1,0.01,64,0,1,17,EXACT_MODEL_SELECTION_FROZEN_BEFORE_LOCKED_TEST,6,5,-0.012180323974730558,0.0017794513527767842,-0.001709048259363739,0.001960657562513193,9089
307,X_BASE,40,B5_EXACT_SELECTED_DIAGNOSTIC,1,0.01,64,0,1,17,EXACT_MODEL_SELECTION_FROZEN_BEFORE_LOCKED_TEST,7,0,0.03222679368863242,0.0018650798205747758,0.004909005814440321,0.0016484351105332492,9089
307,X_BASE,40,B5_EXACT_SELECTED_DIAGNOSTIC,1,0.01,64,0,1,17,EXACT_MODEL_SELECTION_FROZEN_BEFORE_LOCKED_TEST,7,1,0.006823195680082669,0.0019170071668603201,0.0020828591183390467,0.0018334105330055188,9089
307,X_BASE,40,B5_EXACT_SELECTED_DIAGNOSTIC,1,0.01,64,0,1,17,EXACT_MODEL_SELECTION_FROZEN_BEFORE_LOCKED_TEST,7,2,0.008165756062530722,0.001776572728834059,-0.006877272408562867,0.0016273207699515379,9089
307,X_BASE,40,B5_EXACT_SELECTED_DIAGNOSTIC,1,0.01,64,0,1,17,EXACT_MODEL_SELECTION_FROZEN_BEFORE_LOCKED_TEST,7,3,0.02377927792075622,0.0019531863695527525,-0.00241645412642993,0.002044123007043891,9089
307,X_BASE,40,B5_EXACT_SELECTED_DIAGNOSTIC,1,0.01,64,0,1,17,EXACT_MODEL_SELECTION_FROZEN_BEFORE_LOCKED_TEST,7,4,0.009521087176065176,0.001862392527803827,0.0021652427801715658,0.0018667041694277692,9089
307,X_BASE,40,B5_EXACT_SELECTED_DIAGNOSTIC,1,0.01,64,0,1,17,EXACT_MODEL_SELECTION_FROZEN_BEFORE_LOCKED_TEST,7,5,-0.012180323974730558,0.0017794513527767842,-0.001709048259363739,0.001960657562513193,9089
307,X_BASE,40,B5_EXACT_SELECTED_DIAGNOSTIC,1,0.01,64,0,1,17,EXACT_MODEL_SELECTION_FROZEN_BEFORE_LOCKED_TEST,8,0,0.03222679368863242,0.0018650798205747758,0.004909005814440321,0.0016484351105332492,9089
307,X_BASE,40,B5_EXACT_SELECTED_DIAGNOSTIC,1,0.01,64,0,1,17,EXACT_MODEL_SELECTION_FROZEN_BEFORE_LOCKED_TEST,8,1,0.006823195680082669,0.0019170071668603201,0.0020828591183390467,0.0018334105330055188,9089
307,X_BASE,40,B5_EXACT_SELECTED_DIAGNOSTIC,1,0.01,64,0,1,17,EXACT_MODEL_SELECTION_FROZEN_BEFORE_LOCKED_TEST,8,2,0.008165756062530722,0.001776572728834059,-0.006877272408562867,0.0016273207699515379,9089
307,X_BASE,40,B5_EXACT_SELECTED_DIAGNOSTIC,1,0.01,64,0,1,17,EXACT_MODEL_SELECTION_FROZEN_BEFORE_LOCKED_TEST,8,3,0.02377927792075622,0.0019531863695527525,-0.00241645412642993,0.002044123007043891,9089
307,X_BASE,40,B5_EXACT_SELECTED_DIAGNOSTIC,1,0.01,64,0,1,17,EXACT_MODEL_SELECTION_FROZEN_BEFORE_LOCKED_TEST,8,4,0.009521087176065176,0.001862392527803827,0.0021652427801715658,0.0018667041694277692,9089
307,X_BASE,40,B5_EXACT_SELECTED_DIAGNOSTIC,1,0.01,64,0,1,17,EXACT_MODEL_SELECTION_FROZEN_BEFORE_LOCKED_TEST,8,5,-0.012180323974730558,0.0017794513527767842,-0.001709048259363739,0.001960657562513193,9089
307,X_BASE,40,B5_EXACT_SELECTED_DIAGNOSTIC,1,0.01,64,0,1,17,EXACT_MODEL_SELECTION_FROZEN_BEFORE_LOCKED_TEST,9,0,0.021290882376096998,0.0015794199001880765,0.0032431729444959384,0.0019171223146341768,9089
307,X_BASE,40,B5_EXACT_SELECTED_DIAGNOSTIC,1,0.01,64,0,1,17,EXACT_MODEL_SELECTION_FROZEN_BEFORE_LOCKED_TEST,9,1,0.004507797395462772,0.001703348627288127,0.0013760571071077478,0.0019276157506882413,9089
307,X_BASE,40,B5_EXACT_SELECTED_DIAGNOSTIC,1,0.01,64,0,1,17,EXACT_MODEL_SELECTION_FROZEN_BEFORE_LOCKED_TEST,9,2,0.0053947703739627055,0.0015854781103416937,-0.004543523607523454,0.0021003760722399898,9089
307,X_BASE,40,B5_EXACT_SELECTED_DIAGNOSTIC,1,0.01,64,0,1,17,EXACT_MODEL_SELECTION_FROZEN_BEFORE_LOCKED_TEST,9,3,0.015709965257199178,0.001725531846376616,-0.0015964492487256538,0.0023205636735045905,9089
307,X_BASE,40,B5_EXACT_SELECTED_DIAGNOSTIC,1,0.01,64,0,1,17,EXACT_MODEL_SELECTION_FROZEN_BEFORE_LOCKED_TEST,9,4,0.00629018043547017,0.0016014650998626555,0.0014304845152680278,0.0022343007796358457,9089
307,X_BASE,40,B5_EXACT_SELECTED_DIAGNOSTIC,1,0.01,64,0,1,17,EXACT_MODEL_SELECTION_FROZEN_BEFORE_LOCKED_TEST,9,5,-0.008047025948480184,0.0016776656362102339,-0.0011290960502230096,0.0022722002034677538,9089
307,X_BASE,40,B5_EXACT_SELECTED_DIAGNOSTIC,1,0.01,64,0,1,17,EXACT_MODEL_SELECTION_FROZEN_BEFORE_LOCKED_TEST,10,0,0.008937113908549238,0.0017462153382112704,0.0013613623671429366,0.0038661676573226566,9089
307,X_BASE,40,B5_EXACT_SELECTED_DIAGNOSTIC,1,0.01,64,0,1,17,EXACT_MODEL_SELECTION_FROZEN_BEFORE_LOCKED_TEST,10,1,0.001892204282014244,0.001707609955767345,0.0005776171646459087,0.003511373885961957,9089
307,X_BASE,40,B5_EXACT_SELECTED_DIAGNOSTIC,1,0.01,64,0,1,17,EXACT_MODEL_SELECTION_FROZEN_BEFORE_LOCKED_TEST,10,2,0.002264522272533917,0.001556834665626895,-0.001907200805928434,0.0035477997438185215,9089
307,X_BASE,40,B5_EXACT_SELECTED_DIAGNOSTIC,1,0.01,64,0,1,17,EXACT_MODEL_SELECTION_FROZEN_BEFORE_LOCKED_TEST,10,3,0.00659445421391118,0.0017188688972515347,-0.0006701295199064711,0.003593250111864324,9089
307,X_BASE,40,B5_EXACT_SELECTED_DIAGNOSTIC,1,0.01,64,0,1,17,EXACT_MODEL_SELECTION_FROZEN_BEFORE_LOCKED_TEST,10,4,0.0026403818340679872,0.0015690694606098968,0.0006004637492957587,0.0037234721766545424,9089
307,X_BASE,40,B5_EXACT_SELECTED_DIAGNOSTIC,1,0.01,64,0,1,17,EXACT_MODEL_SELECTION_FROZEN_BEFORE_LOCKED_TEST,10,5,-0.0033778396900712494,0.001663444147443487,-0.0004739521752214904,0.003567425205207,9089
307,X_BASE,40,B5_EXACT_SELECTED_DIAGNOSTIC,1,0.01,64,0,1,17,EXACT_MODEL_SELECTION_FROZEN_BEFORE_LOCKED_TEST,11,0,0.01674606211098587,0.0016030197546605303,0.002550874811378014,0.0024994390863377993,9089
307,X_BASE,40,B5_EXACT_SELECTED_DIAGNOSTIC,1,0.01,64,0,1,17,EXACT_MODEL_SELECTION_FROZEN_BEFORE_LOCKED_TEST,11,1,0.0035455484575364106,0.0017670435320403036,0.0010823195289341593,0.002488801914347076,9089
307,X_BASE,40,B5_EXACT_SELECTED_DIAGNOSTIC,1,0.01,64,0,1,17,EXACT_MODEL_SELECTION_FROZEN_BEFORE_LOCKED_TEST,11,2,0.004243185329806284,0.0016336795766959955,-0.0035736484374052665,0.0026739426072128277,9089
307,X_BASE,40,B5_EXACT_SELECTED_DIAGNOSTIC,1,0.01,64,0,1,17,EXACT_MODEL_SELECTION_FROZEN_BEFORE_LOCKED_TEST,11,3,0.012356465519430244,0.0018119475742100696,-0.0012556660547902295,0.002898931549202274,9089
307,X_BASE,40,B5_EXACT_SELECTED_DIAGNOSTIC,1,0.01,64,0,1,17,EXACT_MODEL_SELECTION_FROZEN_BEFORE_LOCKED_TEST,11,4,0.0049474582781947425,0.0016609034363563202,0.0011251286874035737,0.002774834210926397,9089
307,X_BASE,40,B5_EXACT_SELECTED_DIAGNOSTIC,1,0.01,64,0,1,17,EXACT_MODEL_SELECTION_FROZEN_BEFORE_LOCKED_TEST,11,5,-0.0063292818945471715,0.0017864850586925187,-0.0008880755739616988,0.0028220457268156862,9089
307,X_VALID,8,B5_EXACT_SELECTED_DIAGNOSTIC,1,0.01,64,0,1,17,EXACT_MODEL_SELECTION_FROZEN_BEFORE_LOCKED_TEST,0,0,0.00014010996529341166,-0.00015052919591889967,-0.00013509607819503204,0.005140486749192944,9326
307,X_VALID,8,B5_EXACT_SELECTED_DIAGNOSTIC,1,0.01,64,0,1,17,EXACT_MODEL_SELECTION_FROZEN_BEFORE_LOCKED_TEST,0,1,-0.010537856411910601,-0.00014225091333050326,0.002871499737770038,0.0050184547106085125,9326
307,X_VALID,8,B5_EXACT_SELECTED_DIAGNOSTIC,1,0.01,64,0,1,17,EXACT_MODEL_SELECTION_FROZEN_BEFORE_LOCKED_TEST,0,2,-0.0046319248960337315,-0.00021562635744941847,-0.0047321262645139755,0.005103827023120342,9326
307,X_VALID,8,B5_EXACT_SELECTED_DIAGNOSTIC,1,0.01,64,0,1,17,EXACT_MODEL_SELECTION_FROZEN_BEFORE_LOCKED_TEST,0,3,-0.0005981265693166914,-0.00022244913271001325,-0.001140166930218446,0.005096154591423689,9326
307,X_VALID,8,B5_EXACT_SELECTED_DIAGNOSTIC,1,0.01,64,0,1,17,EXACT_MODEL_SELECTION_FROZEN_BEFORE_LOCKED_TEST,0,4,-0.003315292867821676,-0.00014457505091769116,0.002297101534509001,0.005101929157729313,9326
307,X_VALID,8,B5_EXACT_SELECTED_DIAGNOSTIC,1,0.01,64,0,1,17,EXACT_MODEL_SELECTION_FROZEN_BEFORE_LOCKED_TEST,0,5,-0.0025097780049894397,-0.00014925460662185372,0.003107143378079522,0.005020275498147574,9326
307,X_VALID,8,B5_EXACT_SELECTED_DIAGNOSTIC,1,0.01,64,0,1,17,EXACT_MODEL_SELECTION_FROZEN_BEFORE_LOCKED_TEST,1,0,6.717464104956046e-05,-0.00029539212493460515,-6.47707715932279e-05,0.006010103559171666,9326
307,X_VALID,8,B5_EXACT_SELECTED_DIAGNOSTIC,1,0.01,64,0,1,17,EXACT_MODEL_SELECTION_FROZEN_BEFORE_LOCKED_TEST,1,1,-0.00505229389229739,-0.00029615402674783124,0.001376718377987346,0.0059321172600367835,9326
307,X_VALID,8,B5_EXACT_SELECTED_DIAGNOSTIC,1,0.01,64,0,1,17,EXACT_MODEL_SELECTION_FROZEN_BEFORE_LOCKED_TEST,1,2,-0.0022207406276063013,-0.00038499327936141435,-0.0022687814000541397,0.005997197673525529,9326
307,X_VALID,8,B5_EXACT_SELECTED_DIAGNOSTIC,1,0.01,64,0,1,17,EXACT_MODEL_SELECTION_FROZEN_BEFORE_LOCKED_TEST,1,3,-0.0002867671654326152,-0.00041036708320614626,-0.0005466442312908401,0.006060699424068498,9326
307,X_VALID,8,B5_EXACT_SELECTED_DIAGNOSTIC,1,0.01,64,0,1,17,EXACT_MODEL_SELECTION_FROZEN_BEFORE_LOCKED_TEST,1,4,-0.001589491567596305,-0.0002794680829405806,0.0011013275944497891,0.00598311279515737,9326
307,X_VALID,8,B5_EXACT_SELECTED_DIAGNOSTIC,1,0.01,64,0,1,17,EXACT_MODEL_SELECTION_FROZEN_BEFORE_LOCKED_TEST,1,5,-0.0012032936861142392,-0.0002988377745596644,0.001489695901893318,0.005961970848629413,9326
307,X_VALID,8,B5_EXACT_SELECTED_DIAGNOSTIC,1,0.01,64,0,1,17,EXACT_MODEL_SELECTION_FROZEN_BEFORE_LOCKED_TEST,2,0,6.717464104956046e-05,-0.00029539212493460515,-6.47707715932279e-05,0.006010103559171666,9326
307,X_VALID,8,B5_EXACT_SELECTED_DIAGNOSTIC,1,0.01,64,0,1,17,EXACT_MODEL_SELECTION_FROZEN_BEFORE_LOCKED_TEST,2,1,-0.00505229389229739,-0.00029615402674783124,0.001376718377987346,0.0059321172600367835,9326
307,X_VALID,8,B5_EXACT_SELECTED_DIAGNOSTIC,1,0.01,64,0,1,17,EXACT_MODEL_SELECTION_FROZEN_BEFORE_LOCKED_TEST,2,2,-0.0022207406276063013,-0.00038499327936141435,-0.0022687814000541397,0.005997197673525529,9326
307,X_VALID,8,B5_EXACT_SELECTED_DIAGNOSTIC,1,0.01,64,0,1,17,EXACT_MODEL_SELECTION_FROZEN_BEFORE_LOCKED_TEST,2,3,-0.0002867671654326152,-0.00041036708320614626,-0.0005466442312908401,0.006060699424068498,9326
307,X_VALID,8,B5_EXACT_SELECTED_DIAGNOSTIC,1,0.01,64,0,1,17,EXACT_MODEL_SELECTION_FROZEN_BEFORE_LOCKED_TEST,2,4,-0.001589491567596305,-0.0002794680829405806,0.0011013275944497891,0.00598311279515737,9326
307,X_VALID,8,B5_EXACT_SELECTED_DIAGNOSTIC,1,0.01,64,0,1,17,EXACT_MODEL_SELECTION_FROZEN_BEFORE_LOCKED_TEST,2,5,-0.0012032936861142392,-0.0002988377745596644,0.001489695901893318,0.005961970848629413,9326
307,X_VALID,8,B5_EXACT_SELECTED_DIAGNOSTIC,1,0.01,64,0,1,17,EXACT_MODEL_SELECTION_FROZEN_BEFORE_LOCKED_TEST,3,0,0.00013626149545372727,-0.00016919956956728695,-0.00013138532727660567,0.004831375369261664,9326
307,X_VALID,8,B5_EXACT_SELECTED_DIAGNOSTIC,1,0.01,64,0,1,17,EXACT_MODEL_SELECTION_FROZEN_BEFORE_LOCKED_TEST,3,1,-0.010248407888450954,-0.0001613360929703962,0.0027926268316756935,0.0047095158505280725,9326
307,X_VALID,8,B5_EXACT_SELECTED_DIAGNOSTIC,1,0.01,64,0,1,17,EXACT_MODEL_SELECTION_FROZEN_BEFORE_LOCKED_TEST,3,2,-0.004504697519845763,-0.00016922491609813509,-0.004602146607689269,0.004759013059935452,9326
307,X_VALID,8,B5_EXACT_SELECTED_DIAGNOSTIC,1,0.01,64,0,1,17,EXACT_MODEL_SELECTION_FROZEN_BEFORE_LOCKED_TEST,3,3,-0.000581697530472034,-0.0001731486359121126,-0.0011088494002057735,0.004726267539701477,9326
307,X_VALID,8,B5_EXACT_SELECTED_DIAGNOSTIC,1,0.01,64,0,1,17,EXACT_MODEL_SELECTION_FROZEN_BEFORE_LOCKED_TEST,3,4,-0.0032242300759295164,-0.00012707145265823208,0.002234005908471716,0.004778593586827948,9326
307,X_VALID,8,B5_EXACT_SELECTED_DIAGNOSTIC,1,0.01,64,0,1,17,EXACT_MODEL_SELECTION_FROZEN_BEFORE_LOCKED_TEST,3,5,-0.0024408406889585813,-0.0001295270863831121,0.0030217979313579267,0.004685261337097878,9326
307,X_VALID,8,B5_EXACT_SELECTED_DIAGNOSTIC,1,0.01,64,0,1,17,EXACT_MODEL_SELECTION_FROZEN_BEFORE_LOCKED_TEST,4,0,0.00013626149545372727,-0.00016919956956728695,-0.00013138532727660567,0.004831375369261664,9326
307,X_VALID,8,B5_EXACT_SELECTED_DIAGNOSTIC,1,0.01,64,0,1,17,EXACT_MODEL_SELECTION_FROZEN_BEFORE_LOCKED_TEST,4,1,-0.010248407888450954,-0.0001613360929703962,0.0027926268316756935,0.0047095158505280725,9326
307,X_VALID,8,B5_EXACT_SELECTED_DIAGNOSTIC,1,0.01,64,0,1,17,EXACT_MODEL_SELECTION_FROZEN_BEFORE_LOCKED_TEST,4,2,-0.004504697519845763,-0.00016922491609813509,-0.004602146607689269,0.004759013059935452,9326
307,X_VALID,8,B5_EXACT_SELECTED_DIAGNOSTIC,1,0.01,64,0,1,17,EXACT_MODEL_SELECTION_FROZEN_BEFORE_LOCKED_TEST,4,3,-0.000581697530472034,-0.0001731486359121126,-0.0011088494002057735,0.004726267539701477,9326
307,X_VALID,8,B5_EXACT_SELECTED_DIAGNOSTIC,1,0.01,64,0,1,17,EXACT_MODEL_SELECTION_FROZEN_BEFORE_LOCKED_TEST,4,4,-0.0032242300759295164,-0.00012707145265823208,0.002234005908471716,0.004778593586827948,9326
307,X_VALID,8,B5_EXACT_SELECTED_DIAGNOSTIC,1,0.01,64,0,1,17,EXACT_MODEL_SELECTION_FROZEN_BEFORE_LOCKED_TEST,4,5,-0.0024408406889585813,-0.0001295270863831121,0.0030217979313579267,0.004685261337097878,9326
307,X_VALID,8,B5_EXACT_SELECTED_DIAGNOSTIC,1,0.01,64,0,1,17,EXACT_MODEL_SELECTION_FROZEN_BEFORE_LOCKED_TEST,5,0,0.00013626149545372727,-0.00016919956956728695,-0.00013138532727660567,0.004831375369261664,9326
307,X_VALID,8,B5_EXACT_SELECTED_DIAGNOSTIC,1,0.01,64,0,1,17,EXACT_MODEL_SELECTION_FROZEN_BEFORE_LOCKED_TEST,5,1,-0.010248407888450954,-0.0001613360929703962,0.0027926268316756935,0.0047095158505280725,9326
307,X_VALID,8,B5_EXACT_SELECTED_DIAGNOSTIC,1,0.01,64,0,1,17,EXACT_MODEL_SELECTION_FROZEN_BEFORE_LOCKED_TEST,5,2,-0.004504697519845763,-0.00016922491609813509,-0.004602146607689269,0.004759013059935452,9326
307,X_VALID,8,B5_EXACT_SELECTED_DIAGNOSTIC,1,0.01,64,0,1,17,EXACT_MODEL_SELECTION_FROZEN_BEFORE_LOCKED_TEST,5,3,-0.000581697530472034,-0.0001731486359121126,-0.0011088494002057735,0.004726267539701477,9326
307,X_VALID,8,B5_EXACT_SELECTED_DIAGNOSTIC,1,0.01,64,0,1,17,EXACT_MODEL_SELECTION_FROZEN_BEFORE_LOCKED_TEST,5,4,-0.0032242300759295164,-0.00012707145265823208,0.002234005908471716,0.004778593586827948,9326
307,X_VALID,8,B5_EXACT_SELECTED_DIAGNOSTIC,1,0.01,64,0,1,17,EXACT_MODEL_SELECTION_FROZEN_BEFORE_LOCKED_TEST,5,5,-0.0024408406889585813,-0.0001295270863831121,0.0030217979313579267,0.004685261337097878,9326
307,X_VALID,8,B5_EXACT_SELECTED_DIAGNOSTIC,1,0.01,64,0,1,17,EXACT_MODEL_SELECTION_FROZEN_BEFORE_LOCKED_TEST,6,0,3.6107496282903314e-05,-0.00041035650296268773,-3.4815376130075326e-05,0.005828154447139838,9326
307,X_VALID,8,B5_EXACT_SELECTED_DIAGNOSTIC,1,0.01,64,0,1,17,EXACT_MODEL_SELECTION_FROZEN_BEFORE_LOCKED_TEST,6,1,-0.002715692709123261,-0.00040657707939961533,0.0007400092198350218,0.005712329480666459,9326
307,X_VALID,8,B5_EXACT_SELECTED_DIAGNOSTIC,1,0.01,64,0,1,17,EXACT_MODEL_SELECTION_FROZEN_BEFORE_LOCKED_TEST,6,2,-0.0011936853357716862,-0.00042239913070353806,-0.00121950805674921,0.0057178441951199,9326
307,X_VALID,8,B5_EXACT_SELECTED_DIAGNOSTIC,1,0.01,64,0,1,17,EXACT_MODEL_SELECTION_FROZEN_BEFORE_LOCKED_TEST,6,3,-0.00015414216135933682,-0.00044144596879157685,-0.00029383044317039564,0.005723716849680813,9326
307,X_VALID,8,B5_EXACT_SELECTED_DIAGNOSTIC,1,0.01,64,0,1,17,EXACT_MODEL_SELECTION_FROZEN_BEFORE_LOCKED_TEST,6,4,-0.0008543783780898279,-0.00034960474869276566,0.0005919820545600805,0.005839135827959606,9326
307,X_VALID,8,B5_EXACT_SELECTED_DIAGNOSTIC,1,0.01,64,0,1,17,EXACT_MODEL_SELECTION_FROZEN_BEFORE_LOCKED_TEST,6,5,-0.000646790539104716,-0.0003635132063196326,0.0008007365339039851,0.005775572696894032,9326
307,X_VALID,8,B5_EXACT_SELECTED_DIAGNOSTIC,1,0.01,64,0,1,17,EXACT_MODEL_SELECTION_FROZEN_BEFORE_LOCKED_TEST,7,0,-0.00011744209727634454,-0.00047820108291300327,0.00011323938824628133,0.006337517768275261,9326
307,X_VALID,8,B5_EXACT_SELECTED_DIAGNOSTIC,1,0.01,64,0,1,17,EXACT_MODEL_SELECTION_FROZEN_BEFORE_LOCKED_TEST,7,1,0.008832975978689766,-0.00048182530407140804,-0.002406930519367176,0.006234060666452765,9326
307,X_VALID,8,B5_EXACT_SELECTED_DIAGNOSTIC,1,0.01,64,0,1,17,EXACT_MODEL_SELECTION_FROZEN_BEFORE_LOCKED_TEST,7,2,0.0038825430659235037,-0.0005348162817350605,0.003966533229218716,0.006352035999464347,9326
307,X_VALID,8,B5_EXACT_SELECTED_DIAGNOSTIC,1,0.01,64,0,1,17,EXACT_MODEL_SELECTION_FROZEN_BEFORE_LOCKED_TEST,7,3,0.0005013579054862598,-0.0005647764449043224,0.0009557035807522466,0.006394995810945838,9326
307,X_VALID,8,B5_EXACT_SELECTED_DIAGNOSTIC,1,0.01,64,0,1,17,EXACT_MODEL_SELECTION_FROZEN_BEFORE_LOCKED_TEST,7,4,0.0027789240163390073,-0.00042043207223819355,-0.0019254620562105978,0.006386512534114926,9326
307,X_VALID,8,B5_EXACT_SELECTED_DIAGNOSTIC,1,0.01,64,0,1,17,EXACT_MODEL_SELECTION_FROZEN_BEFORE_LOCKED_TEST,7,5,0.0021037303948134045,-0.0004422885631955893,-0.002604450255167723,0.006331067304036305,9326
307,X_VALID,8,B5_EXACT_SELECTED_DIAGNOSTIC,1,0.01,64,0,1,17,EXACT_MODEL_SELECTION_FROZEN_BEFORE_LOCKED_TEST,8,0,-0.00011744209727634454,-0.00047820108291300327,0.00011323938824628133,0.006337517768275261,9326
307,X_VALID,8,B5_EXACT_SELECTED_DIAGNOSTIC,1,0.01,64,0,1,17,EXACT_MODEL_SELECTION_FROZEN_BEFORE_LOCKED_TEST,8,1,0.008832975978689766,-0.00048182530407140804,-0.002406930519367176,0.006234060666452765,9326
307,X_VALID,8,B5_EXACT_SELECTED_DIAGNOSTIC,1,0.01,64,0,1,17,EXACT_MODEL_SELECTION_FROZEN_BEFORE_LOCKED_TEST,8,2,0.0038825430659235037,-0.0005348162817350605,0.003966533229218716,0.006352035999464347,9326
307,X_VALID,8,B5_EXACT_SELECTED_DIAGNOSTIC,1,0.01,64,0,1,17,EXACT_MODEL_SELECTION_FROZEN_BEFORE_LOCKED_TEST,8,3,0.0005013579054862598,-0.0005647764449043224,0.0009557035807522466,0.006394995810945838,9326
307,X_VALID,8,B5_EXACT_SELECTED_DIAGNOSTIC,1,0.01,64,0,1,17,EXACT_MODEL_SELECTION_FROZEN_BEFORE_LOCKED_TEST,8,4,0.0027789240163390073,-0.00042043207223819355,-0.0019254620562105978,0.006386512534114926,9326
307,X_VALID,8,B5_EXACT_SELECTED_DIAGNOSTIC,1,0.01,64,0,1,17,EXACT_MODEL_SELECTION_FROZEN_BEFORE_LOCKED_TEST,8,5,0.0021037303948134045,-0.0004422885631955893,-0.002604450255167723,0.006331067304036305,9326
307,X_VALID,8,B5_EXACT_SELECTED_DIAGNOSTIC,1,0.01,64,0,1,17,EXACT_MODEL_SELECTION_FROZEN_BEFORE_LOCKED_TEST,9,0,0.00013690952045440117,-0.00029070038000913724,-0.00013201016246216864,0.005336145375745019,9326
307,X_VALID,8,B5_EXACT_SELECTED_DIAGNOSTIC,1,0.01,64,0,1,17,EXACT_MODEL_SELECTION_FROZEN_BEFORE_LOCKED_TEST,9,1,-0.010297146708663574,-0.00028545288835104865,0.0028059078543039378,0.005238796754674448,9326
307,X_VALID,8,B5_EXACT_SELECTED_DIAGNOSTIC,1,0.01,64,0,1,17,EXACT_MODEL_SELECTION_FROZEN_BEFORE_LOCKED_TEST,9,2,-0.004526120715030981,-0.0003114555439091282,-0.0046240332459403745,0.005203367632507016,9326
307,X_VALID,8,B5_EXACT_SELECTED_DIAGNOSTIC,1,0.01,64,0,1,17,EXACT_MODEL_SELECTION_FROZEN_BEFORE_LOCKED_TEST,9,3,-0.0005844639359141656,-0.0003267244025424749,-0.0011141228058066967,0.005239247944831765,9326
307,X_VALID,8,B5_EXACT_SELECTED_DIAGNOSTIC,1,0.01,64,0,1,17,EXACT_MODEL_SELECTION_FROZEN_BEFORE_LOCKED_TEST,9,4,-0.0032395636937660923,-0.00025836245073743044,0.002244630272130157,0.005325371637449555,9326
307,X_VALID,8,B5_EXACT_SELECTED_DIAGNOSTIC,1,0.01,64,0,1,17,EXACT_MODEL_SELECTION_FROZEN_BEFORE_LOCKED_TEST,9,5,-0.002452448706203959,-0.0002702293934049571,0.0030361688334237294,0.005274284792533963,9326
307,X_VALID,8,B5_EXACT_SELECTED_DIAGNOSTIC,1,0.01,64,0,1,17,EXACT_MODEL_SELECTION_FROZEN_BEFORE_LOCKED_TEST,10,0,-0.00010151567059319835,-0.0005208122372370774,9.78828946517825e-05,0.006720700373687824,9326
307,X_VALID,8,B5_EXACT_SELECTED_DIAGNOSTIC,1,0.01,64,0,1,17,EXACT_MODEL_SELECTION_FROZEN_BEFORE_LOCKED_TEST,10,1,0.007635128293906224,-0.0005119454976872106,-0.002080524542829413,0.006635502376402752,9326
307,X_VALID,8,B5_EXACT_SELECTED_DIAGNOSTIC,1,0.01,64,0,1,17,EXACT_MODEL_SELECTION_FROZEN_BEFORE_LOCKED_TEST,10,2,0.0033560279668437567,-0.0006253368623015861,0.00342862814980952,0.006816319756320622,9326
307,X_VALID,8,B5_EXACT_SELECTED_DIAGNOSTIC,1,0.01,64,0,1,17,EXACT_MODEL_SELECTION_FROZEN_BEFORE_LOCKED_TEST,10,3,0.00043336831649796033,-0.0006357165807897632,0.0008260997728957208,0.006768441012755599,9326
307,X_VALID,8,B5_EXACT_SELECTED_DIAGNOSTIC,1,0.01,64,0,1,17,EXACT_MODEL_SELECTION_FROZEN_BEFORE_LOCKED_TEST,10,4,0.002402071672667761,-0.0004746134050608083,-0.0016643484437956178,0.006739979925989331,9326
307,X_VALID,8,B5_EXACT_SELECTED_DIAGNOSTIC,1,0.01,64,0,1,17,EXACT_MODEL_SELECTION_FROZEN_BEFORE_LOCKED_TEST,10,5,0.001818441655331312,-0.0004832126157648051,-0.002251258452561991,0.006664032525001618,9326
307,X_VALID,8,B5_EXACT_SELECTED_DIAGNOSTIC,1,0.01,64,0,1,17,EXACT_MODEL_SELECTION_FROZEN_BEFORE_LOCKED_TEST,11,0,0.00013690952045440117,-0.00029070038000913724,-0.00013201016246216864,0.005336145375745019,9326
307,X_VALID,8,B5_EXACT_SELECTED_DIAGNOSTIC,1,0.01,64,0,1,17,EXACT_MODEL_SELECTION_FROZEN_BEFORE_LOCKED_TEST,11,1,-0.010297146708663574,-0.00028545288835104865,0.0028059078543039378,0.005238796754674448,9326
307,X_VALID,8,B5_EXACT_SELECTED_DIAGNOSTIC,1,0.01,64,0,1,17,EXACT_MODEL_SELECTION_FROZEN_BEFORE_LOCKED_TEST,11,2,-0.004526120715030981,-0.0003114555439091282,-0.0046240332459403745,0.005203367632507016,9326
307,X_VALID,8,B5_EXACT_SELECTED_DIAGNOSTIC,1,0.01,64,0,1,17,EXACT_MODEL_SELECTION_FROZEN_BEFORE_LOCKED_TEST,11,3,-0.0005844639359141656,-0.0003267244025424749,-0.0011141228058066967,0.005239247944831765,9326
307,X_VALID,8,B5_EXACT_SELECTED_DIAGNOSTIC,1,0.01,64,0,1,17,EXACT_MODEL_SELECTION_FROZEN_BEFORE_LOCKED_TEST,11,4,-0.0032395636937660923,-0.00025836245073743044,0.002244630272130157,0.005325371637449555,9326
307,X_VALID,8,B5_EXACT_SELECTED_DIAGNOSTIC,1,0.01,64,0,1,17,EXACT_MODEL_SELECTION_FROZEN_BEFORE_LOCKED_TEST,11,5,-0.002452448706203959,-0.0002702293934049571,0.0030361688334237294,0.005274284792533963,9326
307,X_VALID,24,B5_EXACT_SELECTED_DIAGNOSTIC,1,0.01,64,0,1,8,EXACT_MODEL_SELECTION_FROZEN_BEFORE_LOCKED_TEST,0,0,-0.007407826111645851,-0.0004546403303805283,-0.0028312520914183033,0.0009495828730518818,9563
307,X_VALID,24,B5_EXACT_SELECTED_DIAGNOSTIC,1,0.01,64,0,1,8,EXACT_MODEL_SELECTION_FROZEN_BEFORE_LOCKED_TEST,0,1,-0.0009945728266863617,-0.0003196441210077325,0.0035641332753323413,0.0009379541035160107,9563
307,X_VALID,24,B5_EXACT_SELECTED_DIAGNOSTIC,1,0.01,64,0,1,8,EXACT_MODEL_SELECTION_FROZEN_BEFORE_LOCKED_TEST,0,2,-0.0067890829359913765,-0.00019112297294576348,-0.0006668934966630131,0.0008266221911943268,9563
307,X_VALID,24,B5_EXACT_SELECTED_DIAGNOSTIC,1,0.01,64,0,1,8,EXACT_MODEL_SELECTION_FROZEN_BEFORE_LOCKED_TEST,0,3,-0.003200110187703825,-2.6619390124540027e-05,0.0013938599987158556,0.0007550180385465185,9563
307,X_VALID,24,B5_EXACT_SELECTED_DIAGNOSTIC,1,0.01,64,0,1,8,EXACT_MODEL_SELECTION_FROZEN_BEFORE_LOCKED_TEST,0,4,-0.0008336656259427096,-0.00037167411934098567,-0.0014792680954978056,0.0008830613219036634,9563
307,X_VALID,24,B5_EXACT_SELECTED_DIAGNOSTIC,1,0.01,64,0,1,8,EXACT_MODEL_SELECTION_FROZEN_BEFORE_LOCKED_TEST,0,5,0.0033532874159553504,-0.00022006813525426763,-0.0073742859921966915,0.0008495243173267589,9563
307,X_VALID,24,B5_EXACT_SELECTED_DIAGNOSTIC,1,0.01,64,0,1,8,EXACT_MODEL_SELECTION_FROZEN_BEFORE_LOCKED_TEST,1,0,-0.010893390226195782,-0.0008808898957860615,-0.004163425733234461,0.0012100882878974004,9563
307,X_VALID,24,B5_EXACT_SELECTED_DIAGNOSTIC,1,0.01,64,0,1,8,EXACT_MODEL_SELECTION_FROZEN_BEFORE_LOCKED_TEST,1,1,-0.00146254376738576,-0.000684482078745745,0.005241145513030725,0.0012074990914345532,9563
307,X_VALID,24,B5_EXACT_SELECTED_DIAGNOSTIC,1,0.01,64,0,1,8,EXACT_MODEL_SELECTION_FROZEN_BEFORE_LOCKED_TEST,1,2,-0.009983513190663927,-0.0005579357159530701,-0.000980683265100069,0.0011013360408683936,9563
307,X_VALID,24,B5_EXACT_SELECTED_DIAGNOSTIC,1,0.01,64,0,1,8,EXACT_MODEL_SELECTION_FROZEN_BEFORE_LOCKED_TEST,1,3,-0.004705840622619216,-0.000329213910199169,0.002049705359960599,0.001030368517392308,9563
307,X_VALID,24,B5_EXACT_SELECTED_DIAGNOSTIC,1,0.01,64,0,1,8,EXACT_MODEL_SELECTION_FROZEN_BEFORE_LOCKED_TEST,1,4,-0.001225925776967519,-0.0007249670349447958,-0.0021753000638184286,0.0011296710276975663,9563
307,X_VALID,24,B5_EXACT_SELECTED_DIAGNOSTIC,1,0.01,64,0,1,8,EXACT_MODEL_SELECTION_FROZEN_BEFORE_LOCKED_TEST,1,5,0.004931091498647163,-0.0005124579595528501,-0.010844068656833008,0.0011005510917540767,9563
307,X_VALID,24,B5_EXACT_SELECTED_DIAGNOSTIC,1,0.01,64,0,1,8,EXACT_MODEL_SELECTION_FROZEN_BEFORE_LOCKED_TEST,2,0,-0.007407826111645851,-0.0004546403303805283,-0.0028312520914183033,0.0009495828730518818,9563
307,X_VALID,24,B5_EXACT_SELECTED_DIAGNOSTIC,1,0.01,64,0,1,8,EXACT_MODEL_SELECTION_FROZEN_BEFORE_LOCKED_TEST,2,1,-0.0009945728266863617,-0.0003196441210077325,0.0035641332753323413,0.0009379541035160107,9563
307,X_VALID,24,B5_EXACT_SELECTED_DIAGNOSTIC,1,0.01,64,0,1,8,EXACT_MODEL_SELECTION_FROZEN_BEFORE_LOCKED_TEST,2,2,-0.0067890829359913765,-0.00019112297294576348,-0.0006668934966630131,0.0008266221911943268,9563
307,X_VALID,24,B5_EXACT_SELECTED_DIAGNOSTIC,1,0.01,64,0,1,8,EXACT_MODEL_SELECTION_FROZEN_BEFORE_LOCKED_TEST,2,3,-0.003200110187703825,-2.6619390124540027e-05,0.0013938599987158556,0.0007550180385465185,9563
307,X_VALID,24,B5_EXACT_SELECTED_DIAGNOSTIC,1,0.01,64,0,1,8,EXACT_MODEL_SELECTION_FROZEN_BEFORE_LOCKED_TEST,2,4,-0.0008336656259427096,-0.00037167411934098567,-0.0014792680954978056,0.0008830613219036634,9563
307,X_VALID,24,B5_EXACT_SELECTED_DIAGNOSTIC,1,0.01,64,0,1,8,EXACT_MODEL_SELECTION_FROZEN_BEFORE_LOCKED_TEST,2,5,0.0033532874159553504,-0.00022006813525426763,-0.0073742859921966915,0.0008495243173267589,9563
307,X_VALID,24,B5_EXACT_SELECTED_DIAGNOSTIC,1,0.01,64,0,1,8,EXACT_MODEL_SELECTION_FROZEN_BEFORE_LOCKED_TEST,3,0,-0.007407826111645851,-0.0004546403303805283,-0.0028312520914183033,0.0009495828730518818,9563
307,X_VALID,24,B5_EXACT_SELECTED_DIAGNOSTIC,1,0.01,64,0,1,8,EXACT_MODEL_SELECTION_FROZEN_BEFORE_LOCKED_TEST,3,1,-0.0009945728266863617,-0.0003196441210077325,0.0035641332753323413,0.0009379541035160107,9563
307,X_VALID,24,B5_EXACT_SELECTED_DIAGNOSTIC,1,0.01,64,0,1,8,EXACT_MODEL_SELECTION_FROZEN_BEFORE_LOCKED_TEST,3,2,-0.0067890829359913765,-0.00019112297294576348,-0.0006668934966630131,0.0008266221911943268,9563
307,X_VALID,24,B5_EXACT_SELECTED_DIAGNOSTIC,1,0.01,64,0,1,8,EXACT_MODEL_SELECTION_FROZEN_BEFORE_LOCKED_TEST,3,3,-0.003200110187703825,-2.6619390124540027e-05,0.0013938599987158556,0.0007550180385465185,9563
307,X_VALID,24,B5_EXACT_SELECTED_DIAGNOSTIC,1,0.01,64,0,1,8,EXACT_MODEL_SELECTION_FROZEN_BEFORE_LOCKED_TEST,3,4,-0.0008336656259427096,-0.00037167411934098567,-0.0014792680954978056,0.0008830613219036634,9563
307,X_VALID,24,B5_EXACT_SELECTED_DIAGNOSTIC,1,0.01,64,0,1,8,EXACT_MODEL_SELECTION_FROZEN_BEFORE_LOCKED_TEST,3,5,0.0033532874159553504,-0.00022006813525426763,-0.0073742859921966915,0.0008495243173267589,9563
307,X_VALID,24,B5_EXACT_SELECTED_DIAGNOSTIC,1,0.01,64,0,1,8,EXACT_MODEL_SELECTION_FROZEN_BEFORE_LOCKED_TEST,4,0,-0.007407826111645851,-0.0004546403303805283,-0.0028312520914183033,0.0009495828730518818,9563
307,X_VALID,24,B5_EXACT_SELECTED_DIAGNOSTIC,1,0.01,64,0,1,8,EXACT_MODEL_SELECTION_FROZEN_BEFORE_LOCKED_TEST,4,1,-0.0009945728266863617,-0.0003196441210077325,0.0035641332753323413,0.0009379541035160107,9563
307,X_VALID,24,B5_EXACT_SELECTED_DIAGNOSTIC,1,0.01,64,0,1,8,EXACT_MODEL_SELECTION_FROZEN_BEFORE_LOCKED_TEST,4,2,-0.0067890829359913765,-0.00019112297294576348,-0.0006668934966630131,0.0008266221911943268,9563
307,X_VALID,24,B5_EXACT_SELECTED_DIAGNOSTIC,1,0.01,64,0,1,8,EXACT_MODEL_SELECTION_FROZEN_BEFORE_LOCKED_TEST,4,3,-0.003200110187703825,-2.6619390124540027e-05,0.0013938599987158556,0.0007550180385465185,9563
307,X_VALID,24,B5_EXACT_SELECTED_DIAGNOSTIC,1,0.01,64,0,1,8,EXACT_MODEL_SELECTION_FROZEN_BEFORE_LOCKED_TEST,4,4,-0.0008336656259427096,-0.00037167411934098567,-0.0014792680954978056,0.0008830613219036634,9563
307,X_VALID,24,B5_EXACT_SELECTED_DIAGNOSTIC,1,0.01,64,0,1,8,EXACT_MODEL_SELECTION_FROZEN_BEFORE_LOCKED_TEST,4,5,0.0033532874159553504,-0.00022006813525426763,-0.0073742859921966915,0.0008495243173267589,9563
307,X_VALID,24,B5_EXACT_SELECTED_DIAGNOSTIC,1,0.01,64,0,1,8,EXACT_MODEL_SELECTION_FROZEN_BEFORE_LOCKED_TEST,5,0,-0.007407826111645851,-0.0004546403303805283,-0.0028312520914183033,0.0009495828730518818,9563
307,X_VALID,24,B5_EXACT_SELECTED_DIAGNOSTIC,1,0.01,64,0,1,8,EXACT_MODEL_SELECTION_FROZEN_BEFORE_LOCKED_TEST,5,1,-0.0009945728266863617,-0.0003196441210077325,0.0035641332753323413,0.0009379541035160107,9563
307,X_VALID,24,B5_EXACT_SELECTED_DIAGNOSTIC,1,0.01,64,0,1,8,EXACT_MODEL_SELECTION_FROZEN_BEFORE_LOCKED_TEST,5,2,-0.0067890829359913765,-0.00019112297294576348,-0.0006668934966630131,0.0008266221911943268,9563
307,X_VALID,24,B5_EXACT_SELECTED_DIAGNOSTIC,1,0.01,64,0,1,8,EXACT_MODEL_SELECTION_FROZEN_BEFORE_LOCKED_TEST,5,3,-0.003200110187703825,-2.6619390124540027e-05,0.0013938599987158556,0.0007550180385465185,9563
307,X_VALID,24,B5_EXACT_SELECTED_DIAGNOSTIC,1,0.01,64,0,1,8,EXACT_MODEL_SELECTION_FROZEN_BEFORE_LOCKED_TEST,5,4,-0.0008336656259427096,-0.00037167411934098567,-0.0014792680954978056,0.0008830613219036634,9563
307,X_VALID,24,B5_EXACT_SELECTED_DIAGNOSTIC,1,0.01,64,0,1,8,EXACT_MODEL_SELECTION_FROZEN_BEFORE_LOCKED_TEST,5,5,0.0033532874159553504,-0.00022006813525426763,-0.0073742859921966915,0.0008495243173267589,9563
307,X_VALID,24,B5_EXACT_SELECTED_DIAGNOSTIC,1,0.01,64,0,1,8,EXACT_MODEL_SELECTION_FROZEN_BEFORE_LOCKED_TEST,6,0,-0.0010988098387999434,0.00011823461507625098,-0.0004199622949143649,0.000724089158159178,9563
307,X_VALID,24,B5_EXACT_SELECTED_DIAGNOSTIC,1,0.01,64,0,1,8,EXACT_MODEL_SELECTION_FROZEN_BEFORE_LOCKED_TEST,6,1,-0.0001475259260807949,0.00018145250782055795,0.0005286712526327552,0.0007028383378885399,9563
307,X_VALID,24,B5_EXACT_SELECTED_DIAGNOSTIC,1,0.01,64,0,1,8,EXACT_MODEL_SELECTION_FROZEN_BEFORE_LOCKED_TEST,6,2,-0.0010070310795725066,0.000303148544968981,-9.892094178790165e-05,0.0005723695255152697,9563
307,X_VALID,24,B5_EXACT_SELECTED_DIAGNOSTIC,1,0.01,64,0,1,8,EXACT_MODEL_SELECTION_FROZEN_BEFORE_LOCKED_TEST,6,3,-0.0004746753644722979,0.0003893317416380898,0.00020675256916342143,0.0005031219046788297,9563
307,X_VALID,24,B5_EXACT_SELECTED_DIAGNOSTIC,1,0.01,64,0,1,8,EXACT_MODEL_SELECTION_FROZEN_BEFORE_LOCKED_TEST,6,4,-0.00012365840912694458,0.00015358103756306826,-0.00021942123276901657,0.0006537804897688601,9563
307,X_VALID,24,B5_EXACT_SELECTED_DIAGNOSTIC,1,0.01,64,0,1,8,EXACT_MODEL_SELECTION_FROZEN_BEFORE_LOCKED_TEST,6,5,0.0004973962873106827,0.0002335873906111318,-0.0010938348012261912,0.0006097942347098427,9563
307,X_VALID,24,B5_EXACT_SELECTED_DIAGNOSTIC,1,0.01,64,0,1,8,EXACT_MODEL_SELECTION_FROZEN_BEFORE_LOCKED_TEST,7,0,-0.0010988098387999434,0.00011823461507625098,-0.0004199622949143649,0.000724089158159178,9563
307,X_VALID,24,B5_EXACT_SELECTED_DIAGNOSTIC,1,0.01,64,0,1,8,EXACT_MODEL_SELECTION_FROZEN_BEFORE_LOCKED_TEST,7,1,-0.0001475259260807949,0.00018145250782055795,0.0005286712526327552,0.0007028383378885399,9563
307,X_VALID,24,B5_EXACT_SELECTED_DIAGNOSTIC,1,0.01,64,0,1,8,EXACT_MODEL_SELECTION_FROZEN_BEFORE_LOCKED_TEST,7,2,-0.0010070310795725066,0.000303148544968981,-9.892094178790165e-05,0.0005723695255152697,9563
307,X_VALID,24,B5_EXACT_SELECTED_DIAGNOSTIC,1,0.01,64,0,1,8,EXACT_MODEL_SELECTION_FROZEN_BEFORE_LOCKED_TEST,7,3,-0.0004746753644722979,0.0003893317416380898,0.00020675256916342143,0.0005031219046788297,9563
307,X_VALID,24,B5_EXACT_SELECTED_DIAGNOSTIC,1,0.01,64,0,1,8,EXACT_MODEL_SELECTION_FROZEN_BEFORE_LOCKED_TEST,7,4,-0.00012365840912694458,0.00015358103756306826,-0.00021942123276901657,0.0006537804897688601,9563
307,X_VALID,24,B5_EXACT_SELECTED_DIAGNOSTIC,1,0.01,64,0,1,8,EXACT_MODEL_SELECTION_FROZEN_BEFORE_LOCKED_TEST,7,5,0.0004973962873106827,0.0002335873906111318,-0.0010938348012261912,0.0006097942347098427,9563
307,X_VALID,24,B5_EXACT_SELECTED_DIAGNOSTIC,1,0.01,64,0,1,8,EXACT_MODEL_SELECTION_FROZEN_BEFORE_LOCKED_TEST,8,0,-0.0010988098387999434,0.00011823461507625098,-0.0004199622949143649,0.000724089158159178,9563
307,X_VALID,24,B5_EXACT_SELECTED_DIAGNOSTIC,1,0.01,64,0,1,8,EXACT_MODEL_SELECTION_FROZEN_BEFORE_LOCKED_TEST,8,1,-0.0001475259260807949,0.00018145250782055795,0.0005286712526327552,0.0007028383378885399,9563
307,X_VALID,24,B5_EXACT_SELECTED_DIAGNOSTIC,1,0.01,64,0,1,8,EXACT_MODEL_SELECTION_FROZEN_BEFORE_LOCKED_TEST,8,2,-0.0010070310795725066,0.000303148544968981,-9.892094178790165e-05,0.0005723695255152697,9563
307,X_VALID,24,B5_EXACT_SELECTED_DIAGNOSTIC,1,0.01,64,0,1,8,EXACT_MODEL_SELECTION_FROZEN_BEFORE_LOCKED_TEST,8,3,-0.0004746753644722979,0.0003893317416380898,0.00020675256916342143,0.0005031219046788297,9563
307,X_VALID,24,B5_EXACT_SELECTED_DIAGNOSTIC,1,0.01,64,0,1,8,EXACT_MODEL_SELECTION_FROZEN_BEFORE_LOCKED_TEST,8,4,-0.00012365840912694458,0.00015358103756306826,-0.00021942123276901657,0.0006537804897688601,9563
307,X_VALID,24,B5_EXACT_SELECTED_DIAGNOSTIC,1,0.01,64,0,1,8,EXACT_MODEL_SELECTION_FROZEN_BEFORE_LOCKED_TEST,8,5,0.0004973962873106827,0.0002335873906111318,-0.0010938348012261912,0.0006097942347098427,9563
307,X_VALID,24,B5_EXACT_SELECTED_DIAGNOSTIC,1,0.01,64,0,1,8,EXACT_MODEL_SELECTION_FROZEN_BEFORE_LOCKED_TEST,9,0,-0.00572308653428831,-0.000318409746555215,-0.0021873489570844768,0.0008874904428551178,9563
307,X_VALID,24,B5_EXACT_SELECTED_DIAGNOSTIC,1,0.01,64,0,1,8,EXACT_MODEL_SELECTION_FROZEN_BEFORE_LOCKED_TEST,9,1,-0.0007683801247479813,-0.00017784066777841502,0.0027535531810602234,0.0008665222057574685,9563
307,X_VALID,24,B5_EXACT_SELECTED_DIAGNOSTIC,1,0.01,64,0,1,8,EXACT_MODEL_SELECTION_FROZEN_BEFORE_LOCKED_TEST,9,2,-0.00524506225518112,-4.617232670794715e-05,-0.0005152239176559928,0.0007546057387502014,9563
307,X_VALID,24,B5_EXACT_SELECTED_DIAGNOSTIC,1,0.01,64,0,1,8,EXACT_MODEL_SELECTION_FROZEN_BEFORE_LOCKED_TEST,9,3,-0.0024723187676738713,0.00012509287063496773,0.0010768586180489445,0.0006698344016660534,9563
307,X_VALID,24,B5_EXACT_SELECTED_DIAGNOSTIC,1,0.01,64,0,1,8,EXACT_MODEL_SELECTION_FROZEN_BEFORE_LOCKED_TEST,9,4,-0.0006440675639552395,-0.00020517648460510393,-0.0011428426086617272,0.0008137826158774475,9563
307,X_VALID,24,B5_EXACT_SELECTED_DIAGNOSTIC,1,0.01,64,0,1,8,EXACT_MODEL_SELECTION_FROZEN_BEFORE_LOCKED_TEST,9,5,0.0025906593603327263,-4.596879547833869e-05,-0.005697174343169766,0.0007658417541873842,9563
307,X_VALID,24,B5_EXACT_SELECTED_DIAGNOSTIC,1,0.01,64,0,1,8,EXACT_MODEL_SELECTION_FROZEN_BEFORE_LOCKED_TEST,10,0,-0.00572308653428831,-0.000318409746555215,-0.0021873489570844768,0.0008874904428551178,9563
307,X_VALID,24,B5_EXACT_SELECTED_DIAGNOSTIC,1,0.01,64,0,1,8,EXACT_MODEL_SELECTION_FROZEN_BEFORE_LOCKED_TEST,10,1,-0.0007683801247479813,-0.00017784066777841502,0.0027535531810602234,0.0008665222057574685,9563
307,X_VALID,24,B5_EXACT_SELECTED_DIAGNOSTIC,1,0.01,64,0,1,8,EXACT_MODEL_SELECTION_FROZEN_BEFORE_LOCKED_TEST,10,2,-0.00524506225518112,-4.617232670794715e-05,-0.0005152239176559928,0.0007546057387502014,9563
307,X_VALID,24,B5_EXACT_SELECTED_DIAGNOSTIC,1,0.01,64,0,1,8,EXACT_MODEL_SELECTION_FROZEN_BEFORE_LOCKED_TEST,10,3,-0.0024723187676738713,0.00012509287063496773,0.0010768586180489445,0.0006698344016660534,9563
307,X_VALID,24,B5_EXACT_SELECTED_DIAGNOSTIC,1,0.01,64,0,1,8,EXACT_MODEL_SELECTION_FROZEN_BEFORE_LOCKED_TEST,10,4,-0.0006440675639552395,-0.00020517648460510393,-0.0011428426086617272,0.0008137826158774475,9563
307,X_VALID,24,B5_EXACT_SELECTED_DIAGNOSTIC,1,0.01,64,0,1,8,EXACT_MODEL_SELECTION_FROZEN_BEFORE_LOCKED_TEST,10,5,0.0025906593603327263,-4.596879547833869e-05,-0.005697174343169766,0.0007658417541873842,9563
307,X_VALID,24,B5_EXACT_SELECTED_DIAGNOSTIC,1,0.01,64,0,1,8,EXACT_MODEL_SELECTION_FROZEN_BEFORE_LOCKED_TEST,11,0,-0.00572308653428831,-0.000318409746555215,-0.0021873489570844768,0.0008874904428551178,9563
307,X_VALID,24,B5_EXACT_SELECTED_DIAGNOSTIC,1,0.01,64,0,1,8,EXACT_MODEL_SELECTION_FROZEN_BEFORE_LOCKED_TEST,11,1,-0.0007683801247479813,-0.00017784066777841502,0.0027535531810602234,0.0008665222057574685,9563
307,X_VALID,24,B5_EXACT_SELECTED_DIAGNOSTIC,1,0.01,64,0,1,8,EXACT_MODEL_SELECTION_FROZEN_BEFORE_LOCKED_TEST,11,2,-0.00524506225518112,-4.617232670794715e-05,-0.0005152239176559928,0.0007546057387502014,9563
307,X_VALID,24,B5_EXACT_SELECTED_DIAGNOSTIC,1,0.01,64,0,1,8,EXACT_MODEL_SELECTION_FROZEN_BEFORE_LOCKED_TEST,11,3,-0.0024723187676738713,0.00012509287063496773,0.0010768586180489445,0.0006698344016660534,9563
307,X_VALID,24,B5_EXACT_SELECTED_DIAGNOSTIC,1,0.01,64,0,1,8,EXACT_MODEL_SELECTION_FROZEN_BEFORE_LOCKED_TEST,11,4,-0.0006440675639552395,-0.00020517648460510393,-0.0011428426086617272,0.0008137826158774475,9563
307,X_VALID,24,B5_EXACT_SELECTED_DIAGNOSTIC,1,0.01,64,0,1,8,EXACT_MODEL_SELECTION_FROZEN_BEFORE_LOCKED_TEST,11,5,0.0025906593603327263,-4.596879547833869e-05,-0.005697174343169766,0.0007658417541873842,9563
307,X_VALID,40,B5_EXACT_SELECTED_DIAGNOSTIC,1,0.01,64,0,1,12,EXACT_MODEL_SELECTION_FROZEN_BEFORE_LOCKED_TEST,0,0,-0.009947484606783553,0.0008219999214739149,0.0016177455826341816,-0.0011104661106226745,9800
307,X_VALID,40,B5_EXACT_SELECTED_DIAGNOSTIC,1,0.01,64,0,1,12,EXACT_MODEL_SELECTION_FROZEN_BEFORE_LOCKED_TEST,0,1,0.022028809679029426,0.0006505130675863337,0.0030961080154022734,-0.002090631960683171,9800
307,X_VALID,40,B5_EXACT_SELECTED_DIAGNOSTIC,1,0.01,64,0,1,12,EXACT_MODEL_SELECTION_FROZEN_BEFORE_LOCKED_TEST,0,2,0.0017468034455819243,0.0007541512302250691,-0.010573232538526251,-0.001887833757739595,9800
307,X_VALID,40,B5_EXACT_SELECTED_DIAGNOSTIC,1,0.01,64,0,1,12,EXACT_MODEL_SELECTION_FROZEN_BEFORE_LOCKED_TEST,0,3,-0.0025299460321998248,0.0005864160847073799,0.00027010700581031757,-0.002999908552771519,9800
307,X_VALID,40,B5_EXACT_SELECTED_DIAGNOSTIC,1,0.01,64,0,1,12,EXACT_MODEL_SELECTION_FROZEN_BEFORE_LOCKED_TEST,0,4,-0.0032245041517319473,0.000797690471207387,0.002632632847067057,-0.000973781931280407,9800
307,X_VALID,40,B5_EXACT_SELECTED_DIAGNOSTIC,1,0.01,64,0,1,12,EXACT_MODEL_SELECTION_FROZEN_BEFORE_LOCKED_TEST,0,5,-0.005451645926278569,0.0006673690886017571,-0.00724788328887428,-0.0018875607872274782,9800
307,X_VALID,40,B5_EXACT_SELECTED_DIAGNOSTIC,1,0.01,64,0,1,12,EXACT_MODEL_SELECTION_FROZEN_BEFORE_LOCKED_TEST,1,0,-0.009947484606783553,0.0008219999214739149,0.0016177455826341816,-0.0011104661106226745,9800
307,X_VALID,40,B5_EXACT_SELECTED_DIAGNOSTIC,1,0.01,64,0,1,12,EXACT_MODEL_SELECTION_FROZEN_BEFORE_LOCKED_TEST,1,1,0.022028809679029426,0.0006505130675863337,0.0030961080154022734,-0.002090631960683171,9800
307,X_VALID,40,B5_EXACT_SELECTED_DIAGNOSTIC,1,0.01,64,0,1,12,EXACT_MODEL_SELECTION_FROZEN_BEFORE_LOCKED_TEST,1,2,0.0017468034455819243,0.0007541512302250691,-0.010573232538526251,-0.001887833757739595,9800
307,X_VALID,40,B5_EXACT_SELECTED_DIAGNOSTIC,1,0.01,64,0,1,12,EXACT_MODEL_SELECTION_FROZEN_BEFORE_LOCKED_TEST,1,3,-0.0025299460321998248,0.0005864160847073799,0.00027010700581031757,-0.002999908552771519,9800
307,X_VALID,40,B5_EXACT_SELECTED_DIAGNOSTIC,1,0.01,64,0,1,12,EXACT_MODEL_SELECTION_FROZEN_BEFORE_LOCKED_TEST,1,4,-0.0032245041517319473,0.000797690471207387,0.002632632847067057,-0.000973781931280407,9800
307,X_VALID,40,B5_EXACT_SELECTED_DIAGNOSTIC,1,0.01,64,0,1,12,EXACT_MODEL_SELECTION_FROZEN_BEFORE_LOCKED_TEST,1,5,-0.005451645926278569,0.0006673690886017571,-0.00724788328887428,-0.0018875607872274782,9800
307,X_VALID,40,B5_EXACT_SELECTED_DIAGNOSTIC,1,0.01,64,0,1,12,EXACT_MODEL_SELECTION_FROZEN_BEFORE_LOCKED_TEST,2,0,-0.009947484606783553,0.0008219999214739149,0.0016177455826341816,-0.0011104661106226745,9800
307,X_VALID,40,B5_EXACT_SELECTED_DIAGNOSTIC,1,0.01,64,0,1,12,EXACT_MODEL_SELECTION_FROZEN_BEFORE_LOCKED_TEST,2,1,0.022028809679029426,0.0006505130675863337,0.0030961080154022734,-0.002090631960683171,9800
307,X_VALID,40,B5_EXACT_SELECTED_DIAGNOSTIC,1,0.01,64,0,1,12,EXACT_MODEL_SELECTION_FROZEN_BEFORE_LOCKED_TEST,2,2,0.0017468034455819243,0.0007541512302250691,-0.010573232538526251,-0.001887833757739595,9800
307,X_VALID,40,B5_EXACT_SELECTED_DIAGNOSTIC,1,0.01,64,0,1,12,EXACT_MODEL_SELECTION_FROZEN_BEFORE_LOCKED_TEST,2,3,-0.0025299460321998248,0.0005864160847073799,0.00027010700581031757,-0.002999908552771519,9800
307,X_VALID,40,B5_EXACT_SELECTED_DIAGNOSTIC,1,0.01,64,0,1,12,EXACT_MODEL_SELECTION_FROZEN_BEFORE_LOCKED_TEST,2,4,-0.0032245041517319473,0.000797690471207387,0.002632632847067057,-0.000973781931280407,9800
307,X_VALID,40,B5_EXACT_SELECTED_DIAGNOSTIC,1,0.01,64,0,1,12,EXACT_MODEL_SELECTION_FROZEN_BEFORE_LOCKED_TEST,2,5,-0.005451645926278569,0.0006673690886017571,-0.00724788328887428,-0.0018875607872274782,9800
307,X_VALID,40,B5_EXACT_SELECTED_DIAGNOSTIC,1,0.01,64,0,1,12,EXACT_MODEL_SELECTION_FROZEN_BEFORE_LOCKED_TEST,3,0,-0.007841933404893498,0.0008469556996595825,0.0012753227199192305,-0.0011158558113351094,9800
307,X_VALID,40,B5_EXACT_SELECTED_DIAGNOSTIC,1,0.01,64,0,1,12,EXACT_MODEL_SELECTION_FROZEN_BEFORE_LOCKED_TEST,3,1,0.01736604431377743,0.0006776283157968957,0.0024407650608058787,-0.0021173824780043146,9800
307,X_VALID,40,B5_EXACT_SELECTED_DIAGNOSTIC,1,0.01,64,0,1,12,EXACT_MODEL_SELECTION_FROZEN_BEFORE_LOCKED_TEST,3,2,0.0013770633314024513,0.0007641005170904847,-0.008335231339290879,-0.001897610842506012,9800
307,X_VALID,40,B5_EXACT_SELECTED_DIAGNOSTIC,1,0.01,64,0,1,12,EXACT_MODEL_SELECTION_FROZEN_BEFORE_LOCKED_TEST,3,3,-0.0019944407140832557,0.0005992711277875903,0.00021293434827888386,-0.003034591473124751,9800
307,X_VALID,40,B5_EXACT_SELECTED_DIAGNOSTIC,1,0.01,64,0,1,12,EXACT_MODEL_SELECTION_FROZEN_BEFORE_LOCKED_TEST,3,4,-0.00254198401115804,0.0008010140090954065,0.002075392150107626,-0.0009633676406586297,9800
307,X_VALID,40,B5_EXACT_SELECTED_DIAGNOSTIC,1,0.01,64,0,1,12,EXACT_MODEL_SELECTION_FROZEN_BEFORE_LOCKED_TEST,3,5,-0.004297714044390848,0.0006767396728093294,-0.005713747778914182,-0.0018873717776381827,9800
307,X_VALID,40,B5_EXACT_SELECTED_DIAGNOSTIC,1,0.01,64,0,1,12,EXACT_MODEL_SELECTION_FROZEN_BEFORE_LOCKED_TEST,4,0,-0.007841933404893498,0.0008469556996595825,0.0012753227199192305,-0.0011158558113351094,9800
307,X_VALID,40,B5_EXACT_SELECTED_DIAGNOSTIC,1,0.01,64,0,1,12,EXACT_MODEL_SELECTION_FROZEN_BEFORE_LOCKED_TEST,4,1,0.01736604431377743,0.0006776283157968957,0.0024407650608058787,-0.0021173824780043146,9800
307,X_VALID,40,B5_EXACT_SELECTED_DIAGNOSTIC,1,0.01,64,0,1,12,EXACT_MODEL_SELECTION_FROZEN_BEFORE_LOCKED_TEST,4,2,0.0013770633314024513,0.0007641005170904847,-0.008335231339290879,-0.001897610842506012,9800
307,X_VALID,40,B5_EXACT_SELECTED_DIAGNOSTIC,1,0.01,64,0,1,12,EXACT_MODEL_SELECTION_FROZEN_BEFORE_LOCKED_TEST,4,3,-0.0019944407140832557,0.0005992711277875903,0.00021293434827888386,-0.003034591473124751,9800
307,X_VALID,40,B5_EXACT_SELECTED_DIAGNOSTIC,1,0.01,64,0,1,12,EXACT_MODEL_SELECTION_FROZEN_BEFORE_LOCKED_TEST,4,4,-0.00254198401115804,0.0008010140090954065,0.002075392150107626,-0.0009633676406586297,9800
307,X_VALID,40,B5_EXACT_SELECTED_DIAGNOSTIC,1,0.01,64,0,1,12,EXACT_MODEL_SELECTION_FROZEN_BEFORE_LOCKED_TEST,4,5,-0.004297714044390848,0.0006767396728093294,-0.005713747778914182,-0.0018873717776381827,9800
307,X_VALID,40,B5_EXACT_SELECTED_DIAGNOSTIC,1,0.01,64,0,1,12,EXACT_MODEL_SELECTION_FROZEN_BEFORE_LOCKED_TEST,5,0,-0.007841933404893498,0.0008469556996595825,0.0012753227199192305,-0.0011158558113351094,9800
307,X_VALID,40,B5_EXACT_SELECTED_DIAGNOSTIC,1,0.01,64,0,1,12,EXACT_MODEL_SELECTION_FROZEN_BEFORE_LOCKED_TEST,5,1,0.01736604431377743,0.0006776283157968957,0.0024407650608058787,-0.0021173824780043146,9800
307,X_VALID,40,B5_EXACT_SELECTED_DIAGNOSTIC,1,0.01,64,0,1,12,EXACT_MODEL_SELECTION_FROZEN_BEFORE_LOCKED_TEST,5,2,0.0013770633314024513,0.0007641005170904847,-0.008335231339290879,-0.001897610842506012,9800
307,X_VALID,40,B5_EXACT_SELECTED_DIAGNOSTIC,1,0.01,64,0,1,12,EXACT_MODEL_SELECTION_FROZEN_BEFORE_LOCKED_TEST,5,3,-0.0019944407140832557,0.0005992711277875903,0.00021293434827888386,-0.003034591473124751,9800
307,X_VALID,40,B5_EXACT_SELECTED_DIAGNOSTIC,1,0.01,64,0,1,12,EXACT_MODEL_SELECTION_FROZEN_BEFORE_LOCKED_TEST,5,4,-0.00254198401115804,0.0008010140090954065,0.002075392150107626,-0.0009633676406586297,9800
307,X_VALID,40,B5_EXACT_SELECTED_DIAGNOSTIC,1,0.01,64,0,1,12,EXACT_MODEL_SELECTION_FROZEN_BEFORE_LOCKED_TEST,5,5,-0.004297714044390848,0.0006767396728093294,-0.005713747778914182,-0.0018873717776381827,9800
307,X_VALID,40,B5_EXACT_SELECTED_DIAGNOSTIC,1,0.01,64,0,1,12,EXACT_MODEL_SELECTION_FROZEN_BEFORE_LOCKED_TEST,6,0,-0.009620973877386278,0.0008015062703654059,0.0015646455969548962,-0.0010784782296900278,9800
307,X_VALID,40,B5_EXACT_SELECTED_DIAGNOSTIC,1,0.01,64,0,1,12,EXACT_MODEL_SELECTION_FROZEN_BEFORE_LOCKED_TEST,6,1,0.021305748221749177,0.0006377655465053984,0.0029944830794146984,-0.0020560372291540062,9800
307,X_VALID,40,B5_EXACT_SELECTED_DIAGNOSTIC,1,0.01,64,0,1,12,EXACT_MODEL_SELECTION_FROZEN_BEFORE_LOCKED_TEST,6,2,0.0016894673360350262,0.0007385756274170766,-0.010226182605331383,-0.0018413854419835772,9800
307,X_VALID,40,B5_EXACT_SELECTED_DIAGNOSTIC,1,0.01,64,0,1,12,EXACT_MODEL_SELECTION_FROZEN_BEFORE_LOCKED_TEST,6,3,-0.002446904483812207,0.000577473782568365,0.0002612411629396187,-0.002956580216401644,9800
307,X_VALID,40,B5_EXACT_SELECTED_DIAGNOSTIC,1,0.01,64,0,1,12,EXACT_MODEL_SELECTION_FROZEN_BEFORE_LOCKED_TEST,6,4,-0.003118664812025043,0.0007738841857457424,0.002546220763499226,-0.0009362512507604536,9800
307,X_VALID,40,B5_EXACT_SELECTED_DIAGNOSTIC,1,0.01,64,0,1,12,EXACT_MODEL_SELECTION_FROZEN_BEFORE_LOCKED_TEST,6,5,-0.005272704117553271,0.000652407267391642,-0.007009982779068728,-0.0018425637358479832,9800
307,X_VALID,40,B5_EXACT_SELECTED_DIAGNOSTIC,1,0.01,64,0,1,12,EXACT_MODEL_SELECTION_FROZEN_BEFORE_LOCKED_TEST,7,0,-0.009620973877386278,0.0008015062703654059,0.0015646455969548962,-0.0010784782296900278,9800
307,X_VALID,40,B5_EXACT_SELECTED_DIAGNOSTIC,1,0.01,64,0,1,12,EXACT_MODEL_SELECTION_FROZEN_BEFORE_LOCKED_TEST,7,1,0.021305748221749177,0.0006377655465053984,0.0029944830794146984,-0.0020560372291540062,9800
307,X_VALID,40,B5_EXACT_SELECTED_DIAGNOSTIC,1,0.01,64,0,1,12,EXACT_MODEL_SELECTION_FROZEN_BEFORE_LOCKED_TEST,7,2,0.0016894673360350262,0.0007385756274170766,-0.010226182605331383,-0.0018413854419835772,9800
307,X_VALID,40,B5_EXACT_SELECTED_DIAGNOSTIC,1,0.01,64,0,1,12,EXACT_MODEL_SELECTION_FROZEN_BEFORE_LOCKED_TEST,7,3,-0.002446904483812207,0.000577473782568365,0.0002612411629396187,-0.002956580216401644,9800
307,X_VALID,40,B5_EXACT_SELECTED_DIAGNOSTIC,1,0.01,64,0,1,12,EXACT_MODEL_SELECTION_FROZEN_BEFORE_LOCKED_TEST,7,4,-0.003118664812025043,0.0007738841857457424,0.002546220763499226,-0.0009362512507604536,9800
307,X_VALID,40,B5_EXACT_SELECTED_DIAGNOSTIC,1,0.01,64,0,1,12,EXACT_MODEL_SELECTION_FROZEN_BEFORE_LOCKED_TEST,7,5,-0.005272704117553271,0.000652407267391642,-0.007009982779068728,-0.0018425637358479832,9800
307,X_VALID,40,B5_EXACT_SELECTED_DIAGNOSTIC,1,0.01,64,0,1,12,EXACT_MODEL_SELECTION_FROZEN_BEFORE_LOCKED_TEST,8,0,-0.009620973877386278,0.0008015062703654059,0.0015646455969548962,-0.0010784782296900278,9800
307,X_VALID,40,B5_EXACT_SELECTED_DIAGNOSTIC,1,0.01,64,0,1,12,EXACT_MODEL_SELECTION_FROZEN_BEFORE_LOCKED_TEST,8,1,0.021305748221749177,0.0006377655465053984,0.0029944830794146984,-0.0020560372291540062,9800
307,X_VALID,40,B5_EXACT_SELECTED_DIAGNOSTIC,1,0.01,64,0,1,12,EXACT_MODEL_SELECTION_FROZEN_BEFORE_LOCKED_TEST,8,2,0.0016894673360350262,0.0007385756274170766,-0.010226182605331383,-0.0018413854419835772,9800
307,X_VALID,40,B5_EXACT_SELECTED_DIAGNOSTIC,1,0.01,64,0,1,12,EXACT_MODEL_SELECTION_FROZEN_BEFORE_LOCKED_TEST,8,3,-0.002446904483812207,0.000577473782568365,0.0002612411629396187,-0.002956580216401644,9800
307,X_VALID,40,B5_EXACT_SELECTED_DIAGNOSTIC,1,0.01,64,0,1,12,EXACT_MODEL_SELECTION_FROZEN_BEFORE_LOCKED_TEST,8,4,-0.003118664812025043,0.0007738841857457424,0.002546220763499226,-0.0009362512507604536,9800
307,X_VALID,40,B5_EXACT_SELECTED_DIAGNOSTIC,1,0.01,64,0,1,12,EXACT_MODEL_SELECTION_FROZEN_BEFORE_LOCKED_TEST,8,5,-0.005272704117553271,0.000652407267391642,-0.007009982779068728,-0.0018425637358479832,9800
307,X_VALID,40,B5_EXACT_SELECTED_DIAGNOSTIC,1,0.01,64,0,1,12,EXACT_MODEL_SELECTION_FROZEN_BEFORE_LOCKED_TEST,9,0,-0.01124420422050656,0.0009667463545242587,0.0018286292894141812,-0.0013164367624873136,9800
307,X_VALID,40,B5_EXACT_SELECTED_DIAGNOSTIC,1,0.01,64,0,1,12,EXACT_MODEL_SELECTION_FROZEN_BEFORE_LOCKED_TEST,9,1,0.02490040895331119,0.0007560675091601363,0.0034997059246706422,-0.0024032221825216623,9800
307,X_VALID,40,B5_EXACT_SELECTED_DIAGNOSTIC,1,0.01,64,0,1,12,EXACT_MODEL_SELECTION_FROZEN_BEFORE_LOCKED_TEST,9,2,0.001974510688040019,0.0009591980375305899,-0.011951522483686012,-0.0025499743969402766,9800
307,X_VALID,40,B5_EXACT_SELECTED_DIAGNOSTIC,1,0.01,64,0,1,12,EXACT_MODEL_SELECTION_FROZEN_BEFORE_LOCKED_TEST,9,3,-0.0028597410277484505,0.0007259656312426464,0.00030531721885245725,-0.0038671367902747464,9800
307,X_VALID,40,B5_EXACT_SELECTED_DIAGNOSTIC,1,0.01,64,0,1,12,EXACT_MODEL_SELECTION_FROZEN_BEFORE_LOCKED_TEST,9,4,-0.0036448393362901333,0.0009555831088579036,0.002975813739872391,-0.0011909231765219234,9800
307,X_VALID,40,B5_EXACT_SELECTED_DIAGNOSTIC,1,0.01,64,0,1,12,EXACT_MODEL_SELECTION_FROZEN_BEFORE_LOCKED_TEST,9,5,-0.006162303592927058,0.000785314495686645,-0.008192692232056693,-0.0022214279669012407,9800
307,X_VALID,40,B5_EXACT_SELECTED_DIAGNOSTIC,1,0.01,64,0,1,12,EXACT_MODEL_SELECTION_FROZEN_BEFORE_LOCKED_TEST,10,0,-0.01124420422050656,0.0009667463545242587,0.0018286292894141812,-0.0013164367624873136,9800
307,X_VALID,40,B5_EXACT_SELECTED_DIAGNOSTIC,1,0.01,64,0,1,12,EXACT_MODEL_SELECTION_FROZEN_BEFORE_LOCKED_TEST,10,1,0.02490040895331119,0.0007560675091601363,0.0034997059246706422,-0.0024032221825216623,9800
307,X_VALID,40,B5_EXACT_SELECTED_DIAGNOSTIC,1,0.01,64,0,1,12,EXACT_MODEL_SELECTION_FROZEN_BEFORE_LOCKED_TEST,10,2,0.001974510688040019,0.0009591980375305899,-0.011951522483686012,-0.0025499743969402766,9800
307,X_VALID,40,B5_EXACT_SELECTED_DIAGNOSTIC,1,0.01,64,0,1,12,EXACT_MODEL_SELECTION_FROZEN_BEFORE_LOCKED_TEST,10,3,-0.0028597410277484505,0.0007259656312426464,0.00030531721885245725,-0.0038671367902747464,9800
307,X_VALID,40,B5_EXACT_SELECTED_DIAGNOSTIC,1,0.01,64,0,1,12,EXACT_MODEL_SELECTION_FROZEN_BEFORE_LOCKED_TEST,10,4,-0.0036448393362901333,0.0009555831088579036,0.002975813739872391,-0.0011909231765219234,9800
307,X_VALID,40,B5_EXACT_SELECTED_DIAGNOSTIC,1,0.01,64,0,1,12,EXACT_MODEL_SELECTION_FROZEN_BEFORE_LOCKED_TEST,10,5,-0.006162303592927058,0.000785314495686645,-0.008192692232056693,-0.0022214279669012407,9800
307,X_VALID,40,B5_EXACT_SELECTED_DIAGNOSTIC,1,0.01,64,0,1,12,EXACT_MODEL_SELECTION_FROZEN_BEFORE_LOCKED_TEST,11,0,-0.01124420422050656,0.0009667463545242587,0.0018286292894141812,-0.0013164367624873136,9800
307,X_VALID,40,B5_EXACT_SELECTED_DIAGNOSTIC,1,0.01,64,0,1,12,EXACT_MODEL_SELECTION_FROZEN_BEFORE_LOCKED_TEST,11,1,0.02490040895331119,0.0007560675091601363,0.0034997059246706422,-0.0024032221825216623,9800
307,X_VALID,40,B5_EXACT_SELECTED_DIAGNOSTIC,1,0.01,64,0,1,12,EXACT_MODEL_SELECTION_FROZEN_BEFORE_LOCKED_TEST,11,2,0.001974510688040019,0.0009591980375305899,-0.011951522483686012,-0.0025499743969402766,9800
307,X_VALID,40,B5_EXACT_SELECTED_DIAGNOSTIC,1,0.01,64,0,1,12,EXACT_MODEL_SELECTION_FROZEN_BEFORE_LOCKED_TEST,11,3,-0.0028597410277484505,0.0007259656312426464,0.00030531721885245725,-0.0038671367902747464,9800
307,X_VALID,40,B5_EXACT_SELECTED_DIAGNOSTIC,1,0.01,64,0,1,12,EXACT_MODEL_SELECTION_FROZEN_BEFORE_LOCKED_TEST,11,4,-0.0036448393362901333,0.0009555831088579036,0.002975813739872391,-0.0011909231765219234,9800
307,X_VALID,40,B5_EXACT_SELECTED_DIAGNOSTIC,1,0.01,64,0,1,12,EXACT_MODEL_SELECTION_FROZEN_BEFORE_LOCKED_TEST,11,5,-0.006162303592927058,0.000785314495686645,-0.008192692232056693,-0.0022214279669012407,9800
308,X_BASE,8,B5_EXACT_SELECTED_DIAGNOSTIC,1,0.01,64,0,1,15,EXACT_MODEL_SELECTION_FROZEN_BEFORE_LOCKED_TEST,0,0,0.0009284299541932254,0.0009082219670697757,0.01189366582280349,0.003908060090858222,10037
308,X_BASE,8,B5_EXACT_SELECTED_DIAGNOSTIC,1,0.01,64,0,1,15,EXACT_MODEL_SELECTION_FROZEN_BEFORE_LOCKED_TEST,0,1,-0.011740860747928591,0.0008642933371998535,-0.01237019381784138,0.003790095278126994,10037
308,X_BASE,8,B5_EXACT_SELECTED_DIAGNOSTIC,1,0.01,64,0,1,15,EXACT_MODEL_SELECTION_FROZEN_BEFORE_LOCKED_TEST,0,2,-0.01616989502234469,0.0005850333026906143,0.0016825203342597744,0.0038960877108323564,10037
308,X_BASE,8,B5_EXACT_SELECTED_DIAGNOSTIC,1,0.01,64,0,1,15,EXACT_MODEL_SELECTION_FROZEN_BEFORE_LOCKED_TEST,0,3,-0.0004081323991554662,0.0005552414922911064,0.0178706946156769,0.0038043920710587598,10037
308,X_BASE,8,B5_EXACT_SELECTED_DIAGNOSTIC,1,0.01,64,0,1,15,EXACT_MODEL_SELECTION_FROZEN_BEFORE_LOCKED_TEST,0,4,0.007423210476513194,0.0006484456842427473,0.008750556807134185,0.004000799791397807,10037
308,X_BASE,8,B5_EXACT_SELECTED_DIAGNOSTIC,1,0.01,64,0,1,15,EXACT_MODEL_SELECTION_FROZEN_BEFORE_LOCKED_TEST,0,5,-0.011032540198564514,0.0006161661645363066,0.010384705219104088,0.003879975108618622,10037
308,X_BASE,8,B5_EXACT_SELECTED_DIAGNOSTIC,1,0.01,64,0,1,15,EXACT_MODEL_SELECTION_FROZEN_BEFORE_LOCKED_TEST,1,0,4.541501174665547e-05,0.0005844430699023714,0.0005817896876483156,0.00500936297299799,10037
308,X_BASE,8,B5_EXACT_SELECTED_DIAGNOSTIC,1,0.01,64,0,1,15,EXACT_MODEL_SELECTION_FROZEN_BEFORE_LOCKED_TEST,1,1,-0.0005743150857798068,0.0005470586000863725,-0.0006050994962068533,0.004977092042739238,10037
308,X_BASE,8,B5_EXACT_SELECTED_DIAGNOSTIC,1,0.01,64,0,1,15,EXACT_MODEL_SELECTION_FROZEN_BEFORE_LOCKED_TEST,1,2,-0.0007909654024681944,0.0002585035750025458,8.230204163414115e-05,0.0049572067081447265,10037
308,X_BASE,8,B5_EXACT_SELECTED_DIAGNOSTIC,1,0.01,64,0,1,15,EXACT_MODEL_SELECTION_FROZEN_BEFORE_LOCKED_TEST,1,3,-1.9964174591870872e-05,0.00022795840615368276,0.0008741615910024277,0.004949624329916392,10037
308,X_BASE,8,B5_EXACT_SELECTED_DIAGNOSTIC,1,0.01,64,0,1,15,EXACT_MODEL_SELECTION_FROZEN_BEFORE_LOCKED_TEST,1,4,0.0003631132208371001,0.000369313575906956,0.00042804159688181214,0.0050624743181313095,10037
308,X_BASE,8,B5_EXACT_SELECTED_DIAGNOSTIC,1,0.01,64,0,1,15,EXACT_MODEL_SELECTION_FROZEN_BEFORE_LOCKED_TEST,1,5,-0.0005396669295839846,0.000339509428277997,0.0005079774811024823,0.005016848966578547,10037
308,X_BASE,8,B5_EXACT_SELECTED_DIAGNOSTIC,1,0.01,64,0,1,15,EXACT_MODEL_SELECTION_FROZEN_BEFORE_LOCKED_TEST,2,0,0.0008403518684405293,0.0008899152208284381,0.010765340187117682,0.004410428634387512,10037
308,X_BASE,8,B5_EXACT_SELECTED_DIAGNOSTIC,1,0.01,64,0,1,15,EXACT_MODEL_SELECTION_FROZEN_BEFORE_LOCKED_TEST,2,1,-0.010627031389993727,0.00084637834237714,-0.011196661030640325,0.0042841418288098,10037
308,X_BASE,8,B5_EXACT_SELECTED_DIAGNOSTIC,1,0.01,64,0,1,15,EXACT_MODEL_SELECTION_FROZEN_BEFORE_LOCKED_TEST,2,2,-0.014635893029024924,0.0005383899245379452,0.0015229033705757833,0.004385957870486783,10037
308,X_BASE,8,B5_EXACT_SELECTED_DIAGNOSTIC,1,0.01,64,0,1,15,EXACT_MODEL_SELECTION_FROZEN_BEFORE_LOCKED_TEST,2,3,-0.00036941378577067105,0.0005102199822584948,0.016175341546001726,0.004293834770032134,10037
308,X_BASE,8,B5_EXACT_SELECTED_DIAGNOSTIC,1,0.01,64,0,1,15,EXACT_MODEL_SELECTION_FROZEN_BEFORE_LOCKED_TEST,2,4,0.006718987001217413,0.0006202065860184807,0.007920410936288863,0.004510730109695566,10037
308,X_BASE,8,B5_EXACT_SELECTED_DIAGNOSTIC,1,0.01,64,0,1,15,EXACT_MODEL_SELECTION_FROZEN_BEFORE_LOCKED_TEST,2,5,-0.009985907636473551,0.0005893945835270363,0.009399531321306326,0.0043838650430701636,10037
308,X_BASE,8,B5_EXACT_SELECTED_DIAGNOSTIC,1,0.01,64,0,1,15,EXACT_MODEL_SELECTION_FROZEN_BEFORE_LOCKED_TEST,3,0,0.0003657237815697084,0.0011015414272609637,0.004685109977113894,0.0031052718606396253,10037
308,X_BASE,8,B5_EXACT_SELECTED_DIAGNOSTIC,1,0.01,64,0,1,15,EXACT_MODEL_SELECTION_FROZEN_BEFORE_LOCKED_TEST,3,1,-0.004624917552716242,0.0010883299281819088,-0.00487282216755106,0.003078317240794369,10037
308,X_BASE,8,B5_EXACT_SELECTED_DIAGNOSTIC,1,0.01,64,0,1,15,EXACT_MODEL_SELECTION_FROZEN_BEFORE_LOCKED_TEST,3,2,-0.00636958677221472,0.0008771964025595831,0.0006627723464050879,0.003095225209928112,10037
308,X_BASE,8,B5_EXACT_SELECTED_DIAGNOSTIC,1,0.01,64,0,1,15,EXACT_MODEL_SELECTION_FROZEN_BEFORE_LOCKED_TEST,3,3,-0.00016077004379932923,0.0008631039211129896,0.007039559618476655,0.003057021701050433,10037
308,X_BASE,8,B5_EXACT_SELECTED_DIAGNOSTIC,1,0.01,64,0,1,15,EXACT_MODEL_SELECTION_FROZEN_BEFORE_LOCKED_TEST,3,4,0.0029241243182609087,0.0008704439759853992,0.0034469878011708474,0.003175763537432638,10037
308,X_BASE,8,B5_EXACT_SELECTED_DIAGNOSTIC,1,0.01,64,0,1,15,EXACT_MODEL_SELECTION_FROZEN_BEFORE_LOCKED_TEST,3,5,-0.00434589847464043,0.0008510922685169864,0.004090705654275986,0.0031117437619967423,10037
308,X_BASE,8,B5_EXACT_SELECTED_DIAGNOSTIC,1,0.01,64,0,1,15,EXACT_MODEL_SELECTION_FROZEN_BEFORE_LOCKED_TEST,4,0,5.4348686364019245e-05,0.0006818058415882037,0.0006962346600328145,0.004224798446213829,10037
308,X_BASE,8,B5_EXACT_SELECTED_DIAGNOSTIC,1,0.01,64,0,1,15,EXACT_MODEL_SELECTION_FROZEN_BEFORE_LOCKED_TEST,4,1,-0.0006872897148038308,0.0006725591616304182,-0.0007241297860237617,0.0042216312211608995,10037
308,X_BASE,8,B5_EXACT_SELECTED_DIAGNOSTIC,1,0.01,64,0,1,15,EXACT_MODEL_SELECTION_FROZEN_BEFORE_LOCKED_TEST,4,2,-0.0009465577334503245,0.00030709711668277725,9.849183509727456e-05,0.004154903025006831,10037
308,X_BASE,8,B5_EXACT_SELECTED_DIAGNOSTIC,1,0.01,64,0,1,15,EXACT_MODEL_SELECTION_FROZEN_BEFORE_LOCKED_TEST,4,3,-2.389136590920317e-05,0.0002947821175417048,0.0010461196048102243,0.004147839812468422,10037
308,X_BASE,8,B5_EXACT_SELECTED_DIAGNOSTIC,1,0.01,64,0,1,15,EXACT_MODEL_SELECTION_FROZEN_BEFORE_LOCKED_TEST,4,4,0.00043454192336210735,0.0004207641202947753,0.0005122424855784988,0.0042958414275360126,10037
308,X_BASE,8,B5_EXACT_SELECTED_DIAGNOSTIC,1,0.01,64,0,1,15,EXACT_MODEL_SELECTION_FROZEN_BEFORE_LOCKED_TEST,4,5,-0.0006458258529274333,0.00040506231173862106,0.0006079027118705175,0.004278073790618374,10037
308,X_BASE,8,B5_EXACT_SELECTED_DIAGNOSTIC,1,0.01,64,0,1,15,EXACT_MODEL_SELECTION_FROZEN_BEFORE_LOCKED_TEST,5,0,0.00021918579763672357,0.0010157691459232662,0.0028078829408957917,0.003609593883598123,10037
308,X_BASE,8,B5_EXACT_SELECTED_DIAGNOSTIC,1,0.01,64,0,1,15,EXACT_MODEL_SELECTION_FROZEN_BEFORE_LOCKED_TEST,5,1,-0.0027718083807546355,0.0010057844911416358,-0.00292038272423095,0.003594503057728552,10037
308,X_BASE,8,B5_EXACT_SELECTED_DIAGNOSTIC,1,0.01,64,0,1,15,EXACT_MODEL_SELECTION_FROZEN_BEFORE_LOCKED_TEST,5,2,-0.0038174245910177524,0.0007475815808790515,0.0003972131229061831,0.0035750972890290556,10037
308,X_BASE,8,B5_EXACT_SELECTED_DIAGNOSTIC,1,0.01,64,0,1,15,EXACT_MODEL_SELECTION_FROZEN_BEFORE_LOCKED_TEST,5,3,-9.635279974138235e-05,0.000736445862345726,0.004218953121846638,0.00355133507988444,10037
308,X_BASE,8,B5_EXACT_SELECTED_DIAGNOSTIC,1,0.01,64,0,1,15,EXACT_MODEL_SELECTION_FROZEN_BEFORE_LOCKED_TEST,5,4,0.0017524879523449766,0.0007710679655936996,0.0020658508106880737,0.0036729023598043114,10037
308,X_BASE,8,B5_EXACT_SELECTED_DIAGNOSTIC,1,0.01,64,0,1,15,EXACT_MODEL_SELECTION_FROZEN_BEFORE_LOCKED_TEST,5,5,-0.0026045864983782127,0.0007538172934389471,0.0024516441831624203,0.0036253025609416603,10037
308,X_BASE,8,B5_EXACT_SELECTED_DIAGNOSTIC,1,0.01,64,0,1,15,EXACT_MODEL_SELECTION_FROZEN_BEFORE_LOCKED_TEST,6,0,0.0008118946319376547,0.0009211116234452074,0.010400788333014896,0.0033155240282690276,10037
308,X_BASE,8,B5_EXACT_SELECTED_DIAGNOSTIC,1,0.01,64,0,1,15,EXACT_MODEL_SELECTION_FROZEN_BEFORE_LOCKED_TEST,6,1,-0.010267163152716224,0.0008761251860609625,-0.010817503152901845,0.0032271551873732617,10037
308,X_BASE,8,B5_EXACT_SELECTED_DIAGNOSTIC,1,0.01,64,0,1,15,EXACT_MODEL_SELECTION_FROZEN_BEFORE_LOCKED_TEST,6,2,-0.014140270796244405,0.0006872520506019213,0.0014713325667077247,0.0033024726975218383,10037
308,X_BASE,8,B5_EXACT_SELECTED_DIAGNOSTIC,1,0.01,64,0,1,15,EXACT_MODEL_SELECTION_FROZEN_BEFORE_LOCKED_TEST,6,3,-0.000356904150385902,0.0006576177341251094,0.01562758823316197,0.0032201552763892784,10037
308,X_BASE,8,B5_EXACT_SELECTED_DIAGNOSTIC,1,0.01,64,0,1,15,EXACT_MODEL_SELECTION_FROZEN_BEFORE_LOCKED_TEST,6,4,0.0064914587367676385,0.0007144311138655301,0.007652198279568985,0.003374120207845268,10037
308,X_BASE,8,B5_EXACT_SELECTED_DIAGNOSTIC,1,0.01,64,0,1,15,EXACT_MODEL_SELECTION_FROZEN_BEFORE_LOCKED_TEST,6,5,-0.009647750078932378,0.0006832504529926507,0.009081230504860241,0.003273129850835313,10037
308,X_BASE,8,B5_EXACT_SELECTED_DIAGNOSTIC,1,0.01,64,0,1,15,EXACT_MODEL_SELECTION_FROZEN_BEFORE_LOCKED_TEST,7,0,6.040463398349728e-05,0.0005679542623241197,0.0007738144676436783,0.004819627633676867,10037
308,X_BASE,8,B5_EXACT_SELECTED_DIAGNOSTIC,1,0.01,64,0,1,15,EXACT_MODEL_SELECTION_FROZEN_BEFORE_LOCKED_TEST,7,1,-0.0007638728079880933,0.0005467794755153882,-0.0008048178825950692,0.004784678169363637,10037
308,X_BASE,8,B5_EXACT_SELECTED_DIAGNOSTIC,1,0.01,64,0,1,15,EXACT_MODEL_SELECTION_FROZEN_BEFORE_LOCKED_TEST,7,2,-0.0010520304584798283,0.00022135029766707942,0.00010946655103245558,0.0047451043797587114,10037
308,X_BASE,8,B5_EXACT_SELECTED_DIAGNOSTIC,1,0.01,64,0,1,15,EXACT_MODEL_SELECTION_FROZEN_BEFORE_LOCKED_TEST,7,3,-2.6553525202895007e-05,0.00020311494293140617,0.0011626862774250359,0.004713599834293508,10037
308,X_BASE,8,B5_EXACT_SELECTED_DIAGNOSTIC,1,0.01,64,0,1,15,EXACT_MODEL_SELECTION_FROZEN_BEFORE_LOCKED_TEST,7,4,0.00048296191844206785,0.00034629666418259895,0.0005693204734503143,0.004858078524901982,10037
308,X_BASE,8,B5_EXACT_SELECTED_DIAGNOSTIC,1,0.01,64,0,1,15,EXACT_MODEL_SELECTION_FROZEN_BEFORE_LOCKED_TEST,7,5,-0.0007177887244941412,0.0003226322876439958,0.0006756398960992001,0.004806897023706766,10037
308,X_BASE,8,B5_EXACT_SELECTED_DIAGNOSTIC,1,0.01,64,0,1,15,EXACT_MODEL_SELECTION_FROZEN_BEFORE_LOCKED_TEST,8,0,0.00044654264541340487,0.0009090871644401507,0.005720441241895057,0.004178864555427378,10037
308,X_BASE,8,B5_EXACT_SELECTED_DIAGNOSTIC,1,0.01,64,0,1,15,EXACT_MODEL_SELECTION_FROZEN_BEFORE_LOCKED_TEST,8,1,-0.005646947294334387,0.0008697171332960099,-0.005949634699685496,0.004132183824938944,10037
308,X_BASE,8,B5_EXACT_SELECTED_DIAGNOSTIC,1,0.01,64,0,1,15,EXACT_MODEL_SELECTION_FROZEN_BEFORE_LOCKED_TEST,8,2,-0.007777159350281038,0.0006002730776248922,0.0008092339951214461,0.004135223248924073,10037
308,X_BASE,8,B5_EXACT_SELECTED_DIAGNOSTIC,1,0.01,64,0,1,15,EXACT_MODEL_SELECTION_FROZEN_BEFORE_LOCKED_TEST,8,3,-0.00019629754552261168,0.000573418427418868,0.008595185035788532,0.00409205467529108,10037
308,X_BASE,8,B5_EXACT_SELECTED_DIAGNOSTIC,1,0.01,64,0,1,15,EXACT_MODEL_SELECTION_FROZEN_BEFORE_LOCKED_TEST,8,4,0.0035703070852804736,0.0006591150926716938,0.004208714688544765,0.004225807248122534,10037
308,X_BASE,8,B5_EXACT_SELECTED_DIAGNOSTIC,1,0.01,64,0,1,15,EXACT_MODEL_SELECTION_FROZEN_BEFORE_LOCKED_TEST,8,5,-0.005306269647641526,0.0006286927167330503,0.0049946834647388244,0.00416558871919787,10037
308,X_BASE,8,B5_EXACT_SELECTED_DIAGNOSTIC,1,0.01,64,0,1,15,EXACT_MODEL_SELECTION_FROZEN_BEFORE_LOCKED_TEST,9,0,0.0006088096395747592,0.0009781216157734342,0.007799164999039476,0.004432770199690291,10037
308,X_BASE,8,B5_EXACT_SELECTED_DIAGNOSTIC,1,0.01,64,0,1,15,EXACT_MODEL_SELECTION_FROZEN_BEFORE_LOCKED_TEST,9,1,-0.007698964437715898,0.0009434014267408336,-0.008111643970227343,0.0043500548105440085,10037
308,X_BASE,8,B5_EXACT_SELECTED_DIAGNOSTIC,1,0.01,64,0,1,15,EXACT_MODEL_SELECTION_FROZEN_BEFORE_LOCKED_TEST,9,2,-0.010603264054604754,0.0005627700929989864,0.001103297662523189,0.004395623581752041,10037
308,X_BASE,8,B5_EXACT_SELECTED_DIAGNOSTIC,1,0.01,64,0,1,15,EXACT_MODEL_SELECTION_FROZEN_BEFORE_LOCKED_TEST,9,3,-0.00026762917084524433,0.0005366675094720594,0.01171854817779449,0.004320474310858018,10037
308,X_BASE,8,B5_EXACT_SELECTED_DIAGNOSTIC,1,0.01,64,0,1,15,EXACT_MODEL_SELECTION_FROZEN_BEFORE_LOCKED_TEST,9,4,0.00486770388469501,0.0006592048988367944,0.005738099370629603,0.004498748826169504,10037
308,X_BASE,8,B5_EXACT_SELECTED_DIAGNOSTIC,1,0.01,64,0,1,15,EXACT_MODEL_SELECTION_FROZEN_BEFORE_LOCKED_TEST,9,5,-0.0072344895719340585,0.0006277545305668047,0.006809677577698099,0.004400329149440246,10037
308,X_BASE,8,B5_EXACT_SELECTED_DIAGNOSTIC,1,0.01,64,0,1,15,EXACT_MODEL_SELECTION_FROZEN_BEFORE_LOCKED_TEST,10,0,4.806733013448529e-05,0.0006303526982819156,0.0006157672520494291,0.004977626512137122,10037
308,X_BASE,8,B5_EXACT_SELECTED_DIAGNOSTIC,1,0.01,64,0,1,15,EXACT_MODEL_SELECTION_FROZEN_BEFORE_LOCKED_TEST,10,1,-0.0006078561199849545,0.0006002325970564845,-0.0006404383953622432,0.0049360340943037165,10037
308,X_BASE,8,B5_EXACT_SELECTED_DIAGNOSTIC,1,0.01,64,0,1,15,EXACT_MODEL_SELECTION_FROZEN_BEFORE_LOCKED_TEST,10,2,-0.0008371592049229076,0.00027080073597156193,8.710862892734454e-05,0.004903205491229478,10037
308,X_BASE,8,B5_EXACT_SELECTED_DIAGNOSTIC,1,0.01,64,0,1,15,EXACT_MODEL_SELECTION_FROZEN_BEFORE_LOCKED_TEST,10,3,-2.1130118303682435e-05,0.0002473992032771879,0.0009252142005378846,0.0049024808795918124,10037
308,X_BASE,8,B5_EXACT_SELECTED_DIAGNOSTIC,1,0.01,64,0,1,15,EXACT_MODEL_SELECTION_FROZEN_BEFORE_LOCKED_TEST,10,4,0.00038431968617642096,0.0003988427841256654,0.0004530399961886057,0.0050354845633233634,10037
308,X_BASE,8,B5_EXACT_SELECTED_DIAGNOSTIC,1,0.01,64,0,1,15,EXACT_MODEL_SELECTION_FROZEN_BEFORE_LOCKED_TEST,10,5,-0.0005711844491350964,0.0003677001455251565,0.0005376442798528039,0.0049805593540711715,10037
308,X_BASE,8,B5_EXACT_SELECTED_DIAGNOSTIC,1,0.01,64,0,1,15,EXACT_MODEL_SELECTION_FROZEN_BEFORE_LOCKED_TEST,11,0,0.00032864228546262807,0.0007695674370057718,0.00421007691628333,0.004943465492282031,10037
308,X_BASE,8,B5_EXACT_SELECTED_DIAGNOSTIC,1,0.01,64,0,1,15,EXACT_MODEL_SELECTION_FROZEN_BEFORE_LOCKED_TEST,11,1,-0.004155987527191169,0.0007420797846940918,-0.0043787565766808265,0.004871066303049443,10037
308,X_BASE,8,B5_EXACT_SELECTED_DIAGNOSTIC,1,0.01,64,0,1,15,EXACT_MODEL_SELECTION_FROZEN_BEFORE_LOCKED_TEST,11,2,-0.005723761099944173,0.00038682868945680987,0.0005955724774832049,0.0048643550802364025,10037
308,X_BASE,8,B5_EXACT_SELECTED_DIAGNOSTIC,1,0.01,64,0,1,15,EXACT_MODEL_SELECTION_FROZEN_BEFORE_LOCKED_TEST,11,3,-0.0001444692341344712,0.00036433460565356524,0.006325804003603307,0.004803526459891228,10037
308,X_BASE,8,B5_EXACT_SELECTED_DIAGNOSTIC,1,0.01,64,0,1,15,EXACT_MODEL_SELECTION_FROZEN_BEFORE_LOCKED_TEST,11,4,0.0026276412619531814,0.0005036624392397229,0.0030974905270760174,0.005016674108998778,10037
308,X_BASE,8,B5_EXACT_SELECTED_DIAGNOSTIC,1,0.01,64,0,1,15,EXACT_MODEL_SELECTION_FROZEN_BEFORE_LOCKED_TEST,11,5,-0.003905258774707697,0.0004762435413947861,0.0036759404860302086,0.0049338665075249226,10037
308,X_BASE,24,B5_EXACT_SELECTED_DIAGNOSTIC,1,0.01,64,0,1,20,EXACT_MODEL_SELECTION_FROZEN_BEFORE_LOCKED_TEST,0,0,0.0025220833981214746,0.0022068973013845117,-0.000801524743849529,0.0019257982308768992,10274
308,X_BASE,24,B5_EXACT_SELECTED_DIAGNOSTIC,1,0.01,64,0,1,20,EXACT_MODEL_SELECTION_FROZEN_BEFORE_LOCKED_TEST,0,1,0.00042228955646155566,0.0022560753562180305,0.0015133167212705242,0.001916269428191407,10274
308,X_BASE,24,B5_EXACT_SELECTED_DIAGNOSTIC,1,0.01,64,0,1,20,EXACT_MODEL_SELECTION_FROZEN_BEFORE_LOCKED_TEST,0,2,-0.0029962790945797803,0.002313125299283906,0.00029911896489627314,0.002023383908276473,10274
308,X_BASE,24,B5_EXACT_SELECTED_DIAGNOSTIC,1,0.01,64,0,1,20,EXACT_MODEL_SELECTION_FROZEN_BEFORE_LOCKED_TEST,0,3,-0.00048386752897320223,0.0023768308033810235,0.00039341566588654554,0.001991175722194419,10274
308,X_BASE,24,B5_EXACT_SELECTED_DIAGNOSTIC,1,0.01,64,0,1,20,EXACT_MODEL_SELECTION_FROZEN_BEFORE_LOCKED_TEST,0,4,0.002045049505440539,0.0020075683349950416,-0.0024445292578920523,0.001930968388768774,10274
308,X_BASE,24,B5_EXACT_SELECTED_DIAGNOSTIC,1,0.01,64,0,1,20,EXACT_MODEL_SELECTION_FROZEN_BEFORE_LOCKED_TEST,0,5,-0.0026286598335642434,0.002050231950673623,0.0006291099607848484,0.0019052987164116075,10274
308,X_BASE,24,B5_EXACT_SELECTED_DIAGNOSTIC,1,0.01,64,0,1,20,EXACT_MODEL_SELECTION_FROZEN_BEFORE_LOCKED_TEST,1,0,0.0023188740158740185,0.002212061062732072,-0.0007369442671789207,0.0026228295463172706,10274
308,X_BASE,24,B5_EXACT_SELECTED_DIAGNOSTIC,1,0.01,64,0,1,20,EXACT_MODEL_SELECTION_FROZEN_BEFORE_LOCKED_TEST,1,1,0.00038826482914206206,0.0022510615111320346,0.0013913857191858283,0.002608926583417837,10274
308,X_BASE,24,B5_EXACT_SELECTED_DIAGNOSTIC,1,0.01,64,0,1,20,EXACT_MODEL_SELECTION_FROZEN_BEFORE_LOCKED_TEST,1,2,-0.002754862801881438,0.002330380093280593,0.0002750183423235448,0.002717208326120648,10274
308,X_BASE,24,B5_EXACT_SELECTED_DIAGNOSTIC,1,0.01,64,0,1,20,EXACT_MODEL_SELECTION_FROZEN_BEFORE_LOCKED_TEST,1,3,-0.0004448813393311452,0.002389857671623886,0.000361717366579385,0.00268783594851376,10274
308,X_BASE,24,B5_EXACT_SELECTED_DIAGNOSTIC,1,0.01,64,0,1,20,EXACT_MODEL_SELECTION_FROZEN_BEFORE_LOCKED_TEST,1,4,0.0018802757128785763,0.0020314326831419593,-0.002247568570251005,0.002620402483059536,10274
308,X_BASE,24,B5_EXACT_SELECTED_DIAGNOSTIC,1,0.01,64,0,1,20,EXACT_MODEL_SELECTION_FROZEN_BEFORE_LOCKED_TEST,1,5,-0.0024168633714348954,0.0020689426176757086,0.0005784212933950108,0.0025927876081035402,10274
308,X_BASE,24,B5_EXACT_SELECTED_DIAGNOSTIC,1,0.01,64,0,1,20,EXACT_MODEL_SELECTION_FROZEN_BEFORE_LOCKED_TEST,2,0,0.0023188740158740185,0.002212061062732072,-0.0007369442671789207,0.0026228295463172706,10274
308,X_BASE,24,B5_EXACT_SELECTED_DIAGNOSTIC,1,0.01,64,0,1,20,EXACT_MODEL_SELECTION_FROZEN_BEFORE_LOCKED_TEST,2,1,0.00038826482914206206,0.0022510615111320346,0.0013913857191858283,0.002608926583417837,10274
308,X_BASE,24,B5_EXACT_SELECTED_DIAGNOSTIC,1,0.01,64,0,1,20,EXACT_MODEL_SELECTION_FROZEN_BEFORE_LOCKED_TEST,2,2,-0.002754862801881438,0.002330380093280593,0.0002750183423235448,0.002717208326120648,10274
308,X_BASE,24,B5_EXACT_SELECTED_DIAGNOSTIC,1,0.01,64,0,1,20,EXACT_MODEL_SELECTION_FROZEN_BEFORE_LOCKED_TEST,2,3,-0.0004448813393311452,0.002389857671623886,0.000361717366579385,0.00268783594851376,10274
308,X_BASE,24,B5_EXACT_SELECTED_DIAGNOSTIC,1,0.01,64,0,1,20,EXACT_MODEL_SELECTION_FROZEN_BEFORE_LOCKED_TEST,2,4,0.0018802757128785763,0.0020314326831419593,-0.002247568570251005,0.002620402483059536,10274
308,X_BASE,24,B5_EXACT_SELECTED_DIAGNOSTIC,1,0.01,64,0,1,20,EXACT_MODEL_SELECTION_FROZEN_BEFORE_LOCKED_TEST,2,5,-0.0024168633714348954,0.0020689426176757086,0.0005784212933950108,0.0025927876081035402,10274
308,X_BASE,24,B5_EXACT_SELECTED_DIAGNOSTIC,1,0.01,64,0,1,20,EXACT_MODEL_SELECTION_FROZEN_BEFORE_LOCKED_TEST,3,0,-0.0016865419980825911,0.002117735789051557,0.0005359874871748842,0.002322486521013993,10274
308,X_BASE,24,B5_EXACT_SELECTED_DIAGNOSTIC,1,0.01,64,0,1,20,EXACT_MODEL_SELECTION_FROZEN_BEFORE_LOCKED_TEST,3,1,-0.00028238918382102597,0.0021630998496867254,-0.0010119697900253404,0.002325434838328644,10274
308,X_BASE,24,B5_EXACT_SELECTED_DIAGNOSTIC,1,0.01,64,0,1,20,EXACT_MODEL_SELECTION_FROZEN_BEFORE_LOCKED_TEST,3,2,0.002003641328732258,0.002174853116072613,-0.00020002379663428503,0.0024101010518819154,10274
308,X_BASE,24,B5_EXACT_SELECTED_DIAGNOSTIC,1,0.01,64,0,1,20,EXACT_MODEL_SELECTION_FROZEN_BEFORE_LOCKED_TEST,3,3,0.0003235669802709854,0.0022286714852868712,-0.00026308092893180817,0.0024071867505335,10274
308,X_BASE,24,B5_EXACT_SELECTED_DIAGNOSTIC,1,0.01,64,0,1,20,EXACT_MODEL_SELECTION_FROZEN_BEFORE_LOCKED_TEST,3,4,-0.0013675447376769812,0.0018962168631514176,0.0016346807809953488,0.002302696967950024,10274
308,X_BASE,24,B5_EXACT_SELECTED_DIAGNOSTIC,1,0.01,64,0,1,20,EXACT_MODEL_SELECTION_FROZEN_BEFORE_LOCKED_TEST,3,5,0.0017578107097017419,0.0019316662540878368,-0.00042069202432640397,0.002289792463907481,10274
308,X_BASE,24,B5_EXACT_SELECTED_DIAGNOSTIC,1,0.01,64,0,1,20,EXACT_MODEL_SELECTION_FROZEN_BEFORE_LOCKED_TEST,4,0,-0.00023723963848428233,0.0021169549740674212,7.539538169463446e-05,0.0035657771644246835,10274
308,X_BASE,24,B5_EXACT_SELECTED_DIAGNOSTIC,1,0.01,64,0,1,20,EXACT_MODEL_SELECTION_FROZEN_BEFORE_LOCKED_TEST,4,1,-3.9722644296872775e-05,0.0022001168098210663,-0.00014235005556669815,0.003670315851761008,10274
308,X_BASE,24,B5_EXACT_SELECTED_DIAGNOSTIC,1,0.01,64,0,1,20,EXACT_MODEL_SELECTION_FROZEN_BEFORE_LOCKED_TEST,4,2,0.00028184483103357036,0.0021401524031920438,-2.8136609260677028e-05,0.003628828465258898,10274
308,X_BASE,24,B5_EXACT_SELECTED_DIAGNOSTIC,1,0.01,64,0,1,20,EXACT_MODEL_SELECTION_FROZEN_BEFORE_LOCKED_TEST,4,3,4.551497295188042e-05,0.0021595257345244853,-3.70066233410423e-05,0.0036458567783790087,10274
308,X_BASE,24,B5_EXACT_SELECTED_DIAGNOSTIC,1,0.01,64,0,1,20,EXACT_MODEL_SELECTION_FROZEN_BEFORE_LOCKED_TEST,4,4,-0.00019236747116076376,0.0018970253038640243,0.0002299445124766763,0.0035506076181350504,10274
308,X_BASE,24,B5_EXACT_SELECTED_DIAGNOSTIC,1,0.01,64,0,1,20,EXACT_MODEL_SELECTION_FROZEN_BEFORE_LOCKED_TEST,4,5,0.0002472647451220003,0.0019430681509394036,-5.9177194447504904e-05,0.0036401443159193047,10274
308,X_BASE,24,B5_EXACT_SELECTED_DIAGNOSTIC,1,0.01,64,0,1,20,EXACT_MODEL_SELECTION_FROZEN_BEFORE_LOCKED_TEST,5,0,-0.0034683954810425595,0.002116373420232614,0.0011022652151717648,0.0031525703156817914,10274
308,X_BASE,24,B5_EXACT_SELECTED_DIAGNOSTIC,1,0.01,64,0,1,20,EXACT_MODEL_SELECTION_FROZEN_BEFORE_LOCKED_TEST,5,1,-0.000580737017028722,0.002152903812822749,-0.0020811289909565575,0.0031644186165656063,10274
308,X_BASE,24,B5_EXACT_SELECTED_DIAGNOSTIC,1,0.01,64,0,1,20,EXACT_MODEL_SELECTION_FROZEN_BEFORE_LOCKED_TEST,5,2,0.004120514364958467,0.0021574287929281913,-0.00041135153060882,0.0032523250313275256,10274
308,X_BASE,24,B5_EXACT_SELECTED_DIAGNOSTIC,1,0.01,64,0,1,20,EXACT_MODEL_SELECTION_FROZEN_BEFORE_LOCKED_TEST,5,3,0.0006654196891997677,0.0022013703953371344,-0.0005410293405636716,0.0032563596698901424,10274
308,X_BASE,24,B5_EXACT_SELECTED_DIAGNOSTIC,1,0.01,64,0,1,20,EXACT_MODEL_SELECTION_FROZEN_BEFORE_LOCKED_TEST,5,4,-0.0028123734799814326,0.0018935433594919483,0.003361742215845929,0.0031251847730270504,10274
308,X_BASE,24,B5_EXACT_SELECTED_DIAGNOSTIC,1,0.01,64,0,1,20,EXACT_MODEL_SELECTION_FROZEN_BEFORE_LOCKED_TEST,5,5,0.0036149605103158386,0.0019244100322679595,-0.0008651586012937768,0.003118240020304817,10274
308,X_BASE,24,B5_EXACT_SELECTED_DIAGNOSTIC,1,0.01,64,0,1,20,EXACT_MODEL_SELECTION_FROZEN_BEFORE_LOCKED_TEST,6,0,-0.002270745701814346,0.002222995658017353,0.0007216489622626273,0.0032995814895860087,10274
308,X_BASE,24,B5_EXACT_SELECTED_DIAGNOSTIC,1,0.01,64,0,1,20,EXACT_MODEL_SELECTION_FROZEN_BEFORE_LOCKED_TEST,6,1,-0.00038020637857193477,0.00222709191641488,-0.0013625074582657843,0.0032626929199422255,10274
308,X_BASE,24,B5_EXACT_SELECTED_DIAGNOSTIC,1,0.01,64,0,1,20,EXACT_MODEL_SELECTION_FROZEN_BEFORE_LOCKED_TEST,6,2,0.002697685524800998,0.0022599136756585084,-0.0002693103266828031,0.0034113886929441743,10274
308,X_BASE,24,B5_EXACT_SELECTED_DIAGNOSTIC,1,0.01,64,0,1,20,EXACT_MODEL_SELECTION_FROZEN_BEFORE_LOCKED_TEST,6,3,0.000435647811044553,0.0022661831392986518,-0.0003542099095548128,0.003358176760735817,10274
308,X_BASE,24,B5_EXACT_SELECTED_DIAGNOSTIC,1,0.01,64,0,1,20,EXACT_MODEL_SELECTION_FROZEN_BEFORE_LOCKED_TEST,6,4,-0.0018412505224591283,0.0019926855727380676,0.0022009202032939414,0.003260134552253014,10274
308,X_BASE,24,B5_EXACT_SELECTED_DIAGNOSTIC,1,0.01,64,0,1,20,EXACT_MODEL_SELECTION_FROZEN_BEFORE_LOCKED_TEST,6,5,0.002366701284756852,0.001995262023270624,-0.0005664161385324581,0.0032188947832883404,10274
308,X_BASE,24,B5_EXACT_SELECTED_DIAGNOSTIC,1,0.01,64,0,1,20,EXACT_MODEL_SELECTION_FROZEN_BEFORE_LOCKED_TEST,7,0,-0.0040861606512605534,0.0017308842491072496,0.001298592612666607,0.00459242693766141,10274
308,X_BASE,24,B5_EXACT_SELECTED_DIAGNOSTIC,1,0.01,64,0,1,20,EXACT_MODEL_SELECTION_FROZEN_BEFORE_LOCKED_TEST,7,1,-0.0006841736361044683,0.0017124230805702113,-0.002451804426434125,0.0045397846521959976,10274
308,X_BASE,24,B5_EXACT_SELECTED_DIAGNOSTIC,1,0.01,64,0,1,20,EXACT_MODEL_SELECTION_FROZEN_BEFORE_LOCKED_TEST,7,2,0.004854430168957007,0.0016776060340769304,-0.00048461844890430877,0.004716247730935361,10274
308,X_BASE,24,B5_EXACT_SELECTED_DIAGNOSTIC,1,0.01,64,0,1,20,EXACT_MODEL_SELECTION_FROZEN_BEFORE_LOCKED_TEST,7,3,0.0007839393648860399,0.0016600674112939053,-0.0006373935194737943,0.004639376988661432,10274
308,X_BASE,24,B5_EXACT_SELECTED_DIAGNOSTIC,1,0.01,64,0,1,20,EXACT_MODEL_SELECTION_FROZEN_BEFORE_LOCKED_TEST,7,4,-0.0033132928218135415,0.0015167354702889674,0.00396051108852847,0.004534132061551992,10274
308,X_BASE,24,B5_EXACT_SELECTED_DIAGNOSTIC,1,0.01,64,0,1,20,EXACT_MODEL_SELECTION_FROZEN_BEFORE_LOCKED_TEST,7,5,0.004258830768823761,0.0015034011049335435,-0.001019254307367398,0.0044851052564450385,10274
308,X_BASE,24,B5_EXACT_SELECTED_DIAGNOSTIC,1,0.01,64,0,1,20,EXACT_MODEL_SELECTION_FROZEN_BEFORE_LOCKED_TEST,8,0,-0.004111210862691415,0.0019503018851313343,0.0013065536358093995,0.004179371543338012,10274
308,X_BASE,24,B5_EXACT_SELECTED_DIAGNOSTIC,1,0.01,64,0,1,20,EXACT_MODEL_SELECTION_FROZEN_BEFORE_LOCKED_TEST,8,1,-0.0006883679631763976,0.0019314057766417411,-0.0024668352156054594,0.004121432590175844,10274
308,X_BASE,24,B5_EXACT_SELECTED_DIAGNOSTIC,1,0.01,64,0,1,20,EXACT_MODEL_SELECTION_FROZEN_BEFORE_LOCKED_TEST,8,2,0.004884190257335133,0.0019406144185566017,-0.00048758940272733246,0.0043137510652825894,10274
308,X_BASE,24,B5_EXACT_SELECTED_DIAGNOSTIC,1,0.01,64,0,1,20,EXACT_MODEL_SELECTION_FROZEN_BEFORE_LOCKED_TEST,8,3,0.0007887453058451444,0.001919744148095102,-0.0006413010609999826,0.004229528080225063,10274
308,X_BASE,24,B5_EXACT_SELECTED_DIAGNOSTIC,1,0.01,64,0,1,20,EXACT_MODEL_SELECTION_FROZEN_BEFORE_LOCKED_TEST,8,4,-0.00333360496634295,0.0017182061590277568,0.003984791005205585,0.004118671112119851,10274
308,X_BASE,24,B5_EXACT_SELECTED_DIAGNOSTIC,1,0.01,64,0,1,20,EXACT_MODEL_SELECTION_FROZEN_BEFORE_LOCKED_TEST,8,5,0.00428493953456071,0.0017023429560727107,-0.0010255028467863003,0.0040622943973681646,10274
308,X_BASE,24,B5_EXACT_SELECTED_DIAGNOSTIC,1,0.01,64,0,1,20,EXACT_MODEL_SELECTION_FROZEN_BEFORE_LOCKED_TEST,9,0,0.001655385070267111,0.0022015866718999868,-0.0005260857334878164,0.0024561312335584836,10274
308,X_BASE,24,B5_EXACT_SELECTED_DIAGNOSTIC,1,0.01,64,0,1,20,EXACT_MODEL_SELECTION_FROZEN_BEFORE_LOCKED_TEST,9,1,0.0002771723677404382,0.002244660864774833,0.000993274809565256,0.0024596403478579047,10274
308,X_BASE,24,B5_EXACT_SELECTED_DIAGNOSTIC,1,0.01,64,0,1,20,EXACT_MODEL_SELECTION_FROZEN_BEFORE_LOCKED_TEST,9,2,-0.0019666263547094363,0.002226448451405892,0.00019632858655342276,0.0025124391609065177,10274
308,X_BASE,24,B5_EXACT_SELECTED_DIAGNOSTIC,1,0.01,64,0,1,20,EXACT_MODEL_SELECTION_FROZEN_BEFORE_LOCKED_TEST,9,3,-0.00031758945165963885,0.0022817531339727666,0.00025822081070073097,0.0025152547701630806,10274
308,X_BASE,24,B5_EXACT_SELECTED_DIAGNOSTIC,1,0.01,64,0,1,20,EXACT_MODEL_SELECTION_FROZEN_BEFORE_LOCKED_TEST,9,4,0.0013422809181428796,0.0019644861429119476,-0.0016044819296458252,0.002434903166022297,10274
308,X_BASE,24,B5_EXACT_SELECTED_DIAGNOSTIC,1,0.01,64,0,1,20,EXACT_MODEL_SELECTION_FROZEN_BEFORE_LOCKED_TEST,9,5,-0.0017253371742322896,0.0020044974488460103,0.00041292022199394617,0.0024298584327062337,10274
308,X_BASE,24,B5_EXACT_SELECTED_DIAGNOSTIC,1,0.01,64,0,1,20,EXACT_MODEL_SELECTION_FROZEN_BEFORE_LOCKED_TEST,10,0,0.0026708302863205752,0.0017143571201094626,-0.0008487968965273512,0.00413163412133539,10274
308,X_BASE,24,B5_EXACT_SELECTED_DIAGNOSTIC,1,0.01,64,0,1,20,EXACT_MODEL_SELECTION_FROZEN_BEFORE_LOCKED_TEST,10,1,0.00044719525842582073,0.0017628682989482766,0.0016025687869699854,0.004229281594631457,10274
308,X_BASE,24,B5_EXACT_SELECTED_DIAGNOSTIC,1,0.01,64,0,1,20,EXACT_MODEL_SELECTION_FROZEN_BEFORE_LOCKED_TEST,10,2,-0.003172992993821464,0.0016083285298657257,0.0003167603383983535,0.0041494544577626346,10274
308,X_BASE,24,B5_EXACT_SELECTED_DIAGNOSTIC,1,0.01,64,0,1,20,EXACT_MODEL_SELECTION_FROZEN_BEFORE_LOCKED_TEST,10,3,-0.0005124049632582703,0.0016244850059825542,0.00041661844978853286,0.004169869672165403,10274
308,X_BASE,24,B5_EXACT_SELECTED_DIAGNOSTIC,1,0.01,64,0,1,20,EXACT_MODEL_SELECTION_FROZEN_BEFORE_LOCKED_TEST,10,4,0.0021656619920751856,0.001496936752258948,-0.0025887021748122207,0.004072751223677068,10274
308,X_BASE,24,B5_EXACT_SELECTED_DIAGNOSTIC,1,0.01,64,0,1,20,EXACT_MODEL_SELECTION_FROZEN_BEFORE_LOCKED_TEST,10,5,-0.002783692363681162,0.0015158286379820106,0.0006662134717438851,0.004144154366765802,10274
308,X_BASE,24,B5_EXACT_SELECTED_DIAGNOSTIC,1,0.01,64,0,1,20,EXACT_MODEL_SELECTION_FROZEN_BEFORE_LOCKED_TEST,11,0,0.0013447924451947116,0.0021341250974372616,-0.00042737857953797817,0.003122623384726518,10274
308,X_BASE,24,B5_EXACT_SELECTED_DIAGNOSTIC,1,0.01,64,0,1,20,EXACT_MODEL_SELECTION_FROZEN_BEFORE_LOCKED_TEST,11,1,0.00022516773459478373,0.0021663471671426564,0.0008069110226359825,0.003125420563503643,10274
308,X_BASE,24,B5_EXACT_SELECTED_DIAGNOSTIC,1,0.01,64,0,1,20,EXACT_MODEL_SELECTION_FROZEN_BEFORE_LOCKED_TEST,11,2,-0.001597636895388527,0.0021607925498038846,0.0001594923167515318,0.003181732100123799,10274
308,X_BASE,24,B5_EXACT_SELECTED_DIAGNOSTIC,1,0.01,64,0,1,20,EXACT_MODEL_SELECTION_FROZEN_BEFORE_LOCKED_TEST,11,3,-0.00025800153869727635,0.002213285600394315,0.0002097719749075449,0.0031894250575523696,10274
308,X_BASE,24,B5_EXACT_SELECTED_DIAGNOSTIC,1,0.01,64,0,1,20,EXACT_MODEL_SELECTION_FROZEN_BEFORE_LOCKED_TEST,11,4,0.0010904346489945683,0.0019265648632977104,-0.0013034400371213783,0.0031019859505206897,10274
308,X_BASE,24,B5_EXACT_SELECTED_DIAGNOSTIC,1,0.01,64,0,1,20,EXACT_MODEL_SELECTION_FROZEN_BEFORE_LOCKED_TEST,11,5,-0.0014016197433427302,0.0019571733616807036,0.00033544581558656977,0.0030886529374794768,10274
308,X_BASE,40,B5_EXACT_SELECTED_DIAGNOSTIC,1,0.01,64,0,1,15,EXACT_MODEL_SELECTION_FROZEN_BEFORE_LOCKED_TEST,0,0,0.00034911445907901133,0.0015799332276594236,-0.0002560384176059851,0.002327225968643373,10511
308,X_BASE,40,B5_EXACT_SELECTED_DIAGNOSTIC,1,0.01,64,0,1,15,EXACT_MODEL_SELECTION_FROZEN_BEFORE_LOCKED_TEST,0,1,-0.0005832660510244862,0.0016324858768291355,0.0007390946155685389,0.0024505603825991274,10511
308,X_BASE,40,B5_EXACT_SELECTED_DIAGNOSTIC,1,0.01,64,0,1,15,EXACT_MODEL_SELECTION_FROZEN_BEFORE_LOCKED_TEST,0,2,0.0016256340971330804,0.0014175610377476662,0.0005682820303678739,0.002273507470822213,10511
308,X_BASE,40,B5_EXACT_SELECTED_DIAGNOSTIC,1,0.01,64,0,1,15,EXACT_MODEL_SELECTION_FROZEN_BEFORE_LOCKED_TEST,0,3,-0.0005822850481807997,0.0014409438454520047,0.0002069811670721381,0.0023893972628892704,10511
308,X_BASE,40,B5_EXACT_SELECTED_DIAGNOSTIC,1,0.01,64,0,1,15,EXACT_MODEL_SELECTION_FROZEN_BEFORE_LOCKED_TEST,0,4,8.007952921156139e-05,0.0017154276254235875,-1.9466242143493075e-05,0.0025605276490474733,10511
308,X_BASE,40,B5_EXACT_SELECTED_DIAGNOSTIC,1,0.01,64,0,1,15,EXACT_MODEL_SELECTION_FROZEN_BEFORE_LOCKED_TEST,0,5,-6.738271674349107e-05,0.001700733076079251,0.00014185641082832334,0.0026356245962494786,10511
308,X_BASE,40,B5_EXACT_SELECTED_DIAGNOSTIC,1,0.01,64,0,1,15,EXACT_MODEL_SELECTION_FROZEN_BEFORE_LOCKED_TEST,1,0,-0.0013895437812235902,0.001399373937113069,0.001019082944537127,0.0035279671272298147,10511
308,X_BASE,40,B5_EXACT_SELECTED_DIAGNOSTIC,1,0.01,64,0,1,15,EXACT_MODEL_SELECTION_FROZEN_BEFORE_LOCKED_TEST,1,1,0.002321512881872619,0.0014575833817213693,-0.0029417410253027424,0.00380941627107285,10511
308,X_BASE,40,B5_EXACT_SELECTED_DIAGNOSTIC,1,0.01,64,0,1,15,EXACT_MODEL_SELECTION_FROZEN_BEFORE_LOCKED_TEST,1,2,-0.0064703414352284576,0.0012589124797094432,-0.0022618735510467093,0.00364035851135701,10511
308,X_BASE,40,B5_EXACT_SELECTED_DIAGNOSTIC,1,0.01,64,0,1,15,EXACT_MODEL_SELECTION_FROZEN_BEFORE_LOCKED_TEST,1,3,0.002317608298818674,0.0012785679871867503,-0.0008238254992194376,0.0038763608830184697,10511
308,X_BASE,40,B5_EXACT_SELECTED_DIAGNOSTIC,1,0.01,64,0,1,15,EXACT_MODEL_SELECTION_FROZEN_BEFORE_LOCKED_TEST,1,4,-0.00031873217772986724,0.0015344395123534158,7.747944838962298e-05,0.0036704458862129867,10511
308,X_BASE,40,B5_EXACT_SELECTED_DIAGNOSTIC,1,0.01,64,0,1,15,EXACT_MODEL_SELECTION_FROZEN_BEFORE_LOCKED_TEST,1,5,0.00026819638252702113,0.0014667152794358908,-0.0005646162407973607,0.0038623430844104776,10511
308,X_BASE,40,B5_EXACT_SELECTED_DIAGNOSTIC,1,0.01,64,0,1,15,EXACT_MODEL_SELECTION_FROZEN_BEFORE_LOCKED_TEST,2,0,-0.0008127922771475351,0.0016308759794040593,0.0005960969048151677,0.003059327208609571,10511
308,X_BASE,40,B5_EXACT_SELECTED_DIAGNOSTIC,1,0.01,64,0,1,15,EXACT_MODEL_SELECTION_FROZEN_BEFORE_LOCKED_TEST,2,1,0.0013579332779446703,0.0016856453013355335,-0.0017207261973629052,0.003338055444649338,10511
308,X_BASE,40,B5_EXACT_SELECTED_DIAGNOSTIC,1,0.01,64,0,1,15,EXACT_MODEL_SELECTION_FROZEN_BEFORE_LOCKED_TEST,2,2,-0.003784726771567021,0.001445578935367216,-0.0013230481680513641,0.003152649920250583,10511
308,X_BASE,40,B5_EXACT_SELECTED_DIAGNOSTIC,1,0.01,64,0,1,15,EXACT_MODEL_SELECTION_FROZEN_BEFORE_LOCKED_TEST,2,3,0.0013556493521018071,0.0014612830163676903,-0.00048188406333850303,0.003384132394589635,10511
308,X_BASE,40,B5_EXACT_SELECTED_DIAGNOSTIC,1,0.01,64,0,1,15,EXACT_MODEL_SELECTION_FROZEN_BEFORE_LOCKED_TEST,2,4,-0.00018643748835976107,0.0017382106664982754,4.5320412454570524e-05,0.0032157456161712628,10511
308,X_BASE,40,B5_EXACT_SELECTED_DIAGNOSTIC,1,0.01,64,0,1,15,EXACT_MODEL_SELECTION_FROZEN_BEFORE_LOCKED_TEST,2,5,0.00015687735170525927,0.0016704467561508435,-0.00033026359174380274,0.0034051836549529144,10511
308,X_BASE,40,B5_EXACT_SELECTED_DIAGNOSTIC,1,0.01,64,0,1,15,EXACT_MODEL_SELECTION_FROZEN_BEFORE_LOCKED_TEST,3,0,-0.0003140809391771376,0.001445681920023558,0.00023034504752183897,0.0010377285595893641,10511
308,X_BASE,40,B5_EXACT_SELECTED_DIAGNOSTIC,1,0.01,64,0,1,15,EXACT_MODEL_SELECTION_FROZEN_BEFORE_LOCKED_TEST,3,1,0.0005247354967169972,0.0014757210331550186,-0.0006649267166158689,0.001206854299087825,10511
308,X_BASE,40,B5_EXACT_SELECTED_DIAGNOSTIC,1,0.01,64,0,1,15,EXACT_MODEL_SELECTION_FROZEN_BEFORE_LOCKED_TEST,3,2,-0.0014625022559446091,0.0013249484482080083,-0.000511255117551684,0.0011573568890950587,10511
308,X_BASE,40,B5_EXACT_SELECTED_DIAGNOSTIC,1,0.01,64,0,1,15,EXACT_MODEL_SELECTION_FROZEN_BEFORE_LOCKED_TEST,3,3,0.0005238529371825303,0.0013527199015542755,-0.00018621067576947425,0.0013250125908376518,10511
308,X_BASE,40,B5_EXACT_SELECTED_DIAGNOSTIC,1,0.01,64,0,1,15,EXACT_MODEL_SELECTION_FROZEN_BEFORE_LOCKED_TEST,3,4,-7.204357507844713e-05,0.0016491170343785836,1.7512811216146667e-05,0.0014602461269957836,10511
308,X_BASE,40,B5_EXACT_SELECTED_DIAGNOSTIC,1,0.01,64,0,1,15,EXACT_MODEL_SELECTION_FROZEN_BEFORE_LOCKED_TEST,3,5,6.062088352036147e-05,0.0016036506172068584,-0.00012762116716332888,0.0015544633979118875,10511
308,X_BASE,40,B5_EXACT_SELECTED_DIAGNOSTIC,1,0.01,64,0,1,15,EXACT_MODEL_SELECTION_FROZEN_BEFORE_LOCKED_TEST,4,0,-0.0003140809391771376,0.001445681920023558,0.00023034504752183897,0.0010377285595893641,10511
308,X_BASE,40,B5_EXACT_SELECTED_DIAGNOSTIC,1,0.01,64,0,1,15,EXACT_MODEL_SELECTION_FROZEN_BEFORE_LOCKED_TEST,4,1,0.0005247354967169972,0.0014757210331550186,-0.0006649267166158689,0.001206854299087825,10511
308,X_BASE,40,B5_EXACT_SELECTED_DIAGNOSTIC,1,0.01,64,0,1,15,EXACT_MODEL_SELECTION_FROZEN_BEFORE_LOCKED_TEST,4,2,-0.0014625022559446091,0.0013249484482080083,-0.000511255117551684,0.0011573568890950587,10511
308,X_BASE,40,B5_EXACT_SELECTED_DIAGNOSTIC,1,0.01,64,0,1,15,EXACT_MODEL_SELECTION_FROZEN_BEFORE_LOCKED_TEST,4,3,0.0005238529371825303,0.0013527199015542755,-0.00018621067576947425,0.0013250125908376518,10511
308,X_BASE,40,B5_EXACT_SELECTED_DIAGNOSTIC,1,0.01,64,0,1,15,EXACT_MODEL_SELECTION_FROZEN_BEFORE_LOCKED_TEST,4,4,-7.204357507844713e-05,0.0016491170343785836,1.7512811216146667e-05,0.0014602461269957836,10511
308,X_BASE,40,B5_EXACT_SELECTED_DIAGNOSTIC,1,0.01,64,0,1,15,EXACT_MODEL_SELECTION_FROZEN_BEFORE_LOCKED_TEST,4,5,6.062088352036147e-05,0.0016036506172068584,-0.00012762116716332888,0.0015544633979118875,10511
308,X_BASE,40,B5_EXACT_SELECTED_DIAGNOSTIC,1,0.01,64,0,1,15,EXACT_MODEL_SELECTION_FROZEN_BEFORE_LOCKED_TEST,5,0,-0.0003140809391771376,0.001445681920023558,0.00023034504752183897,0.0010377285595893641,10511
308,X_BASE,40,B5_EXACT_SELECTED_DIAGNOSTIC,1,0.01,64,0,1,15,EXACT_MODEL_SELECTION_FROZEN_BEFORE_LOCKED_TEST,5,1,0.0005247354967169972,0.0014757210331550186,-0.0006649267166158689,0.001206854299087825,10511
308,X_BASE,40,B5_EXACT_SELECTED_DIAGNOSTIC,1,0.01,64,0,1,15,EXACT_MODEL_SELECTION_FROZEN_BEFORE_LOCKED_TEST,5,2,-0.0014625022559446091,0.0013249484482080083,-0.000511255117551684,0.0011573568890950587,10511
308,X_BASE,40,B5_EXACT_SELECTED_DIAGNOSTIC,1,0.01,64,0,1,15,EXACT_MODEL_SELECTION_FROZEN_BEFORE_LOCKED_TEST,5,3,0.0005238529371825303,0.0013527199015542755,-0.00018621067576947425,0.0013250125908376518,10511
308,X_BASE,40,B5_EXACT_SELECTED_DIAGNOSTIC,1,0.01,64,0,1,15,EXACT_MODEL_SELECTION_FROZEN_BEFORE_LOCKED_TEST,5,4,-7.204357507844713e-05,0.0016491170343785836,1.7512811216146667e-05,0.0014602461269957836,10511
308,X_BASE,40,B5_EXACT_SELECTED_DIAGNOSTIC,1,0.01,64,0,1,15,EXACT_MODEL_SELECTION_FROZEN_BEFORE_LOCKED_TEST,5,5,6.062088352036147e-05,0.0016036506172068584,-0.00012762116716332888,0.0015544633979118875,10511
308,X_BASE,40,B5_EXACT_SELECTED_DIAGNOSTIC,1,0.01,64,0,1,15,EXACT_MODEL_SELECTION_FROZEN_BEFORE_LOCKED_TEST,6,0,-0.0017241451598536443,0.0014324103487731235,0.0012644775573504323,0.002079408826185976,10511
308,X_BASE,40,B5_EXACT_SELECTED_DIAGNOSTIC,1,0.01,64,0,1,15,EXACT_MODEL_SELECTION_FROZEN_BEFORE_LOCKED_TEST,6,1,0.002880531907597737,0.0013982933838088349,-0.0036501106470012644,0.002213744245768792,10511
308,X_BASE,40,B5_EXACT_SELECTED_DIAGNOSTIC,1,0.01,64,0,1,15,EXACT_MODEL_SELECTION_FROZEN_BEFORE_LOCKED_TEST,6,2,-0.008028396095822302,0.0014167670390146162,-0.002806531458695109,0.002011890098468492,10511
308,X_BASE,40,B5_EXACT_SELECTED_DIAGNOSTIC,1,0.01,64,0,1,15,EXACT_MODEL_SELECTION_FROZEN_BEFORE_LOCKED_TEST,6,3,0.0028756871030909104,0.0013545042998209939,-0.0010222022265411813,0.002135744641842281,10511
308,X_BASE,40,B5_EXACT_SELECTED_DIAGNOSTIC,1,0.01,64,0,1,15,EXACT_MODEL_SELECTION_FROZEN_BEFORE_LOCKED_TEST,6,4,-0.0003954827109072115,0.001681355032164287,9.613645696824868e-05,0.0021581032492353114,10511
308,X_BASE,40,B5_EXACT_SELECTED_DIAGNOSTIC,1,0.01,64,0,1,15,EXACT_MODEL_SELECTION_FROZEN_BEFORE_LOCKED_TEST,6,5,0.00033277792400109675,0.0015648277197272825,-0.0007005755211889126,0.0022391636868889595,10511
308,X_BASE,40,B5_EXACT_SELECTED_DIAGNOSTIC,1,0.01,64,0,1,15,EXACT_MODEL_SELECTION_FROZEN_BEFORE_LOCKED_TEST,7,0,-0.002253055645742061,0.0015368952722450945,0.0016523772857642424,0.003060214094768397,10511
308,X_BASE,40,B5_EXACT_SELECTED_DIAGNOSTIC,1,0.01,64,0,1,15,EXACT_MODEL_SELECTION_FROZEN_BEFORE_LOCKED_TEST,7,1,0.003764183450600032,0.0015033127235111524,-0.004769843393874968,0.0031802141829384086,10511
308,X_BASE,40,B5_EXACT_SELECTED_DIAGNOSTIC,1,0.01,64,0,1,15,EXACT_MODEL_SELECTION_FROZEN_BEFORE_LOCKED_TEST,7,2,-0.01049124144018211,0.0014508012503834967,-0.0036674821211123976,0.003044258351015391,10511
308,X_BASE,40,B5_EXACT_SELECTED_DIAGNOSTIC,1,0.01,64,0,1,15,EXACT_MODEL_SELECTION_FROZEN_BEFORE_LOCKED_TEST,7,3,0.0037578524209391923,0.001381752684796703,-0.0013357799280625613,0.003146228026500919,10511
308,X_BASE,40,B5_EXACT_SELECTED_DIAGNOSTIC,1,0.01,64,0,1,15,EXACT_MODEL_SELECTION_FROZEN_BEFORE_LOCKED_TEST,7,4,-0.0005168036748590851,0.001760718790277419,0.0001256279298155713,0.0030755300951126156,10511
308,X_BASE,40,B5_EXACT_SELECTED_DIAGNOSTIC,1,0.01,64,0,1,15,EXACT_MODEL_SELECTION_FROZEN_BEFORE_LOCKED_TEST,7,5,0.00043486314140315195,0.0016473438652899533,-0.0009154888289205033,0.0031505527323501775,10511
308,X_BASE,40,B5_EXACT_SELECTED_DIAGNOSTIC,1,0.01,64,0,1,15,EXACT_MODEL_SELECTION_FROZEN_BEFORE_LOCKED_TEST,8,0,-0.002253055645742061,0.0015368952722450945,0.0016523772857642424,0.003060214094768397,10511
308,X_BASE,40,B5_EXACT_SELECTED_DIAGNOSTIC,1,0.01,64,0,1,15,EXACT_MODEL_SELECTION_FROZEN_BEFORE_LOCKED_TEST,8,1,0.003764183450600032,0.0015033127235111524,-0.004769843393874968,0.0031802141829384086,10511
308,X_BASE,40,B5_EXACT_SELECTED_DIAGNOSTIC,1,0.01,64,0,1,15,EXACT_MODEL_SELECTION_FROZEN_BEFORE_LOCKED_TEST,8,2,-0.01049124144018211,0.0014508012503834967,-0.0036674821211123976,0.003044258351015391,10511
308,X_BASE,40,B5_EXACT_SELECTED_DIAGNOSTIC,1,0.01,64,0,1,15,EXACT_MODEL_SELECTION_FROZEN_BEFORE_LOCKED_TEST,8,3,0.0037578524209391923,0.001381752684796703,-0.0013357799280625613,0.003146228026500919,10511
308,X_BASE,40,B5_EXACT_SELECTED_DIAGNOSTIC,1,0.01,64,0,1,15,EXACT_MODEL_SELECTION_FROZEN_BEFORE_LOCKED_TEST,8,4,-0.0005168036748590851,0.001760718790277419,0.0001256279298155713,0.0030755300951126156,10511
308,X_BASE,40,B5_EXACT_SELECTED_DIAGNOSTIC,1,0.01,64,0,1,15,EXACT_MODEL_SELECTION_FROZEN_BEFORE_LOCKED_TEST,8,5,0.00043486314140315195,0.0016473438652899533,-0.0009154888289205033,0.0031505527323501775,10511
308,X_BASE,40,B5_EXACT_SELECTED_DIAGNOSTIC,1,0.01,64,0,1,15,EXACT_MODEL_SELECTION_FROZEN_BEFORE_LOCKED_TEST,9,0,-0.0023019802841006323,0.001266385862021988,0.0016882583175047202,0.00103020788405922,10511
308,X_BASE,40,B5_EXACT_SELECTED_DIAGNOSTIC,1,0.01,64,0,1,15,EXACT_MODEL_SELECTION_FROZEN_BEFORE_LOCKED_TEST,9,1,0.003845921917372461,0.001300623965628454,-0.0048734195587661336,0.0012539566909617777,10511
308,X_BASE,40,B5_EXACT_SELECTED_DIAGNOSTIC,1,0.01,64,0,1,15,EXACT_MODEL_SELECTION_FROZEN_BEFORE_LOCKED_TEST,9,2,-0.01071905658285885,0.0013066592339209433,-0.003747120738472358,0.0009356184924637261,10511
308,X_BASE,40,B5_EXACT_SELECTED_DIAGNOSTIC,1,0.01,64,0,1,15,EXACT_MODEL_SELECTION_FROZEN_BEFORE_LOCKED_TEST,9,3,0.0038394534107091447,0.0013345307211217565,-0.0013647861135203446,0.001167937384534315,10511
308,X_BASE,40,B5_EXACT_SELECTED_DIAGNOSTIC,1,0.01,64,0,1,15,EXACT_MODEL_SELECTION_FROZEN_BEFORE_LOCKED_TEST,9,4,-0.0005280259599999983,0.001671264243635533,0.00012835591438425148,0.001629135900931905,10511
308,X_BASE,40,B5_EXACT_SELECTED_DIAGNOSTIC,1,0.01,64,0,1,15,EXACT_MODEL_SELECTION_FROZEN_BEFORE_LOCKED_TEST,9,5,0.0004443061047710686,0.0016113063022836955,-0.0009353684799006707,0.001760346906688105,10511
308,X_BASE,40,B5_EXACT_SELECTED_DIAGNOSTIC,1,0.01,64,0,1,15,EXACT_MODEL_SELECTION_FROZEN_BEFORE_LOCKED_TEST,10,0,-0.0027054495918553494,0.0013300599535689163,0.0019841602500188377,0.0025069862373627255,10511
308,X_BASE,40,B5_EXACT_SELECTED_DIAGNOSTIC,1,0.01,64,0,1,15,EXACT_MODEL_SELECTION_FROZEN_BEFORE_LOCKED_TEST,10,1,0.004519998695700389,0.0013876570758806623,-0.005727586394752692,0.0027358163245684197,10511
308,X_BASE,40,B5_EXACT_SELECTED_DIAGNOSTIC,1,0.01,64,0,1,15,EXACT_MODEL_SELECTION_FROZEN_BEFORE_LOCKED_TEST,10,2,-0.012597791326653314,0.0013284151185238232,-0.004403880581667738,0.0024255088629541767,10511
308,X_BASE,40,B5_EXACT_SELECTED_DIAGNOSTIC,1,0.01,64,0,1,15,EXACT_MODEL_SELECTION_FROZEN_BEFORE_LOCKED_TEST,10,3,0.00451239645043658,0.0013642151159460835,-0.0016039929009366138,0.0026411348172116437,10511
308,X_BASE,40,B5_EXACT_SELECTED_DIAGNOSTIC,1,0.01,64,0,1,15,EXACT_MODEL_SELECTION_FROZEN_BEFORE_LOCKED_TEST,10,4,-0.0006205733506223953,0.0017739581051632845,0.00015085292371162361,0.003026410645885713,10511
308,X_BASE,40,B5_EXACT_SELECTED_DIAGNOSTIC,1,0.01,64,0,1,15,EXACT_MODEL_SELECTION_FROZEN_BEFORE_LOCKED_TEST,10,5,0.0005221798718755586,0.0017485624663837428,-0.0010993110104634601,0.003188610781110299,10511
308,X_BASE,40,B5_EXACT_SELECTED_DIAGNOSTIC,1,0.01,64,0,1,15,EXACT_MODEL_SELECTION_FROZEN_BEFORE_LOCKED_TEST,11,0,-0.0023019802841006323,0.001266385862021988,0.0016882583175047202,0.00103020788405922,10511
308,X_BASE,40,B5_EXACT_SELECTED_DIAGNOSTIC,1,0.01,64,0,1,15,EXACT_MODEL_SELECTION_FROZEN_BEFORE_LOCKED_TEST,11,1,0.003845921917372461,0.001300623965628454,-0.0048734195587661336,0.0012539566909617777,10511
308,X_BASE,40,B5_EXACT_SELECTED_DIAGNOSTIC,1,0.01,64,0,1,15,EXACT_MODEL_SELECTION_FROZEN_BEFORE_LOCKED_TEST,11,2,-0.01071905658285885,0.0013066592339209433,-0.003747120738472358,0.0009356184924637261,10511
308,X_BASE,40,B5_EXACT_SELECTED_DIAGNOSTIC,1,0.01,64,0,1,15,EXACT_MODEL_SELECTION_FROZEN_BEFORE_LOCKED_TEST,11,3,0.0038394534107091447,0.0013345307211217565,-0.0013647861135203446,0.001167937384534315,10511
308,X_BASE,40,B5_EXACT_SELECTED_DIAGNOSTIC,1,0.01,64,0,1,15,EXACT_MODEL_SELECTION_FROZEN_BEFORE_LOCKED_TEST,11,4,-0.0005280259599999983,0.001671264243635533,0.00012835591438425148,0.001629135900931905,10511
308,X_BASE,40,B5_EXACT_SELECTED_DIAGNOSTIC,1,0.01,64,0,1,15,EXACT_MODEL_SELECTION_FROZEN_BEFORE_LOCKED_TEST,11,5,0.0004443061047710686,0.0016113063022836955,-0.0009353684799006707,0.001760346906688105,10511
308,X_VALID,8,B5_EXACT_SELECTED_DIAGNOSTIC,1,0.01,64,0,1,18,EXACT_MODEL_SELECTION_FROZEN_BEFORE_LOCKED_TEST,0,0,-0.0007799053024346755,-0.0002790228921817177,0.00014692046284866048,0.005199210408400123,10748
308,X_VALID,8,B5_EXACT_SELECTED_DIAGNOSTIC,1,0.01,64,0,1,18,EXACT_MODEL_SELECTION_FROZEN_BEFORE_LOCKED_TEST,0,1,0.0009963780458054816,-0.0002764712201111432,1.6725899273295095e-05,0.005176881831005937,10748
308,X_VALID,8,B5_EXACT_SELECTED_DIAGNOSTIC,1,0.01,64,0,1,18,EXACT_MODEL_SELECTION_FROZEN_BEFORE_LOCKED_TEST,0,2,0.00042536525291260127,-0.0003972134594586463,0.0008748715005758848,0.00515043093501909,10748
308,X_VALID,8,B5_EXACT_SELECTED_DIAGNOSTIC,1,0.01,64,0,1,18,EXACT_MODEL_SELECTION_FROZEN_BEFORE_LOCKED_TEST,0,3,0.0006167926494789702,-0.00039042787291276225,0.0007656311687974877,0.005064670825863181,10748
308,X_VALID,8,B5_EXACT_SELECTED_DIAGNOSTIC,1,0.01,64,0,1,18,EXACT_MODEL_SELECTION_FROZEN_BEFORE_LOCKED_TEST,0,4,-0.00034936382560610545,-0.00030829822443627537,-3.736946062180118e-06,0.005237639165260624,10748
308,X_VALID,8,B5_EXACT_SELECTED_DIAGNOSTIC,1,0.01,64,0,1,18,EXACT_MODEL_SELECTION_FROZEN_BEFORE_LOCKED_TEST,0,5,-0.00029554151396308414,-0.0003092926392544929,0.0016084776463057618,0.00519045487337269,10748
308,X_VALID,8,B5_EXACT_SELECTED_DIAGNOSTIC,1,0.01,64,0,1,18,EXACT_MODEL_SELECTION_FROZEN_BEFORE_LOCKED_TEST,1,0,-0.0030736109204027944,-0.000632416970293088,0.0005790143208830149,0.006714577075308083,10748
308,X_VALID,8,B5_EXACT_SELECTED_DIAGNOSTIC,1,0.01,64,0,1,18,EXACT_MODEL_SELECTION_FROZEN_BEFORE_LOCKED_TEST,1,1,0.003926731146559727,-0.0006342479806194379,6.591685746906815e-05,0.006739877930490562,10748
308,X_VALID,8,B5_EXACT_SELECTED_DIAGNOSTIC,1,0.01,64,0,1,18,EXACT_MODEL_SELECTION_FROZEN_BEFORE_LOCKED_TEST,1,2,0.0016763667107155941,-0.0007242234214521401,0.0034478732093816615,0.006586949558088297,10748
308,X_VALID,8,B5_EXACT_SELECTED_DIAGNOSTIC,1,0.01,64,0,1,18,EXACT_MODEL_SELECTION_FROZEN_BEFORE_LOCKED_TEST,1,3,0.0024307830926967246,-0.0007259745891012107,0.0030173564842685767,0.006547856486302294,10748
308,X_VALID,8,B5_EXACT_SELECTED_DIAGNOSTIC,1,0.01,64,0,1,18,EXACT_MODEL_SELECTION_FROZEN_BEFORE_LOCKED_TEST,1,4,-0.0013768446838666865,-0.0005942181334196913,-1.4727324188997087e-05,0.006649742462152836,10748
308,X_VALID,8,B5_EXACT_SELECTED_DIAGNOSTIC,1,0.01,64,0,1,18,EXACT_MODEL_SELECTION_FROZEN_BEFORE_LOCKED_TEST,1,5,-0.0011647306691127362,-0.0006040128271690438,0.006339018908418392,0.006638741140042752,10748
308,X_VALID,8,B5_EXACT_SELECTED_DIAGNOSTIC,1,0.01,64,0,1,18,EXACT_MODEL_SELECTION_FROZEN_BEFORE_LOCKED_TEST,2,0,-0.00179814327494557,-0.0004422512509760397,0.00033873861531456546,0.005992545879523701,10748
308,X_VALID,8,B5_EXACT_SELECTED_DIAGNOSTIC,1,0.01,64,0,1,18,EXACT_MODEL_SELECTION_FROZEN_BEFORE_LOCKED_TEST,2,1,0.0022972410583381076,-0.0004567118887203088,3.856309631669878e-05,0.006061825455354854,10748
308,X_VALID,8,B5_EXACT_SELECTED_DIAGNOSTIC,1,0.01,64,0,1,18,EXACT_MODEL_SELECTION_FROZEN_BEFORE_LOCKED_TEST,2,2,0.0009807186417794369,-0.0005656996284881434,0.00201709656325081,0.005898618133304068,10748
308,X_VALID,8,B5_EXACT_SELECTED_DIAGNOSTIC,1,0.01,64,0,1,18,EXACT_MODEL_SELECTION_FROZEN_BEFORE_LOCKED_TEST,2,3,0.001422072078794934,-0.000577743786245096,0.0017652329493903296,0.005886524959233193,10748
308,X_VALID,8,B5_EXACT_SELECTED_DIAGNOSTIC,1,0.01,64,0,1,18,EXACT_MODEL_SELECTION_FROZEN_BEFORE_LOCKED_TEST,2,4,-0.0008054903737181526,-0.0004497431300423439,-8.615872221366542e-06,0.005969331214887098,10748
308,X_VALID,8,B5_EXACT_SELECTED_DIAGNOSTIC,1,0.01,64,0,1,18,EXACT_MODEL_SELECTION_FROZEN_BEFORE_LOCKED_TEST,2,5,-0.0006813980930004824,-0.0004682865425714126,0.0037084928818614375,0.005979554456792108,10748
308,X_VALID,8,B5_EXACT_SELECTED_DIAGNOSTIC,1,0.01,64,0,1,18,EXACT_MODEL_SELECTION_FROZEN_BEFORE_LOCKED_TEST,3,0,-0.00036709876802198146,-0.0003137656225657588,6.915496117360999e-05,0.005467164266169812,10748
308,X_VALID,8,B5_EXACT_SELECTED_DIAGNOSTIC,1,0.01,64,0,1,18,EXACT_MODEL_SELECTION_FROZEN_BEFORE_LOCKED_TEST,3,1,0.0004689917506106177,-0.0003358096713290109,7.872823787860674e-06,0.005471817407249452,10748
308,X_VALID,8,B5_EXACT_SELECTED_DIAGNOSTIC,1,0.01,64,0,1,18,EXACT_MODEL_SELECTION_FROZEN_BEFORE_LOCKED_TEST,3,2,0.00020021797494658477,-0.0005594706164953802,0.0004117990338523827,0.005524474966939505,10748
308,X_VALID,8,B5_EXACT_SELECTED_DIAGNOSTIC,1,0.01,64,0,1,18,EXACT_MODEL_SELECTION_FROZEN_BEFORE_LOCKED_TEST,3,3,0.0002903221981462407,-0.0005767475972228228,0.00036037998196368097,0.005460759718386257,10748
308,X_VALID,8,B5_EXACT_SELECTED_DIAGNOSTIC,1,0.01,64,0,1,18,EXACT_MODEL_SELECTION_FROZEN_BEFORE_LOCKED_TEST,3,4,-0.00016444436211816878,-0.0004049296090366296,-1.7589677763549278e-06,0.005552946817761386,10748
308,X_VALID,8,B5_EXACT_SELECTED_DIAGNOSTIC,1,0.01,64,0,1,18,EXACT_MODEL_SELECTION_FROZEN_BEFORE_LOCKED_TEST,3,5,-0.0001391103834484915,-0.00043142379037535854,0.0007571049465959992,0.005529345140879914,10748
308,X_VALID,8,B5_EXACT_SELECTED_DIAGNOSTIC,1,0.01,64,0,1,18,EXACT_MODEL_SELECTION_FROZEN_BEFORE_LOCKED_TEST,4,0,-0.001631413350131898,-0.00041212059436867947,0.00030732962546941813,0.005925354910316957,10748
308,X_VALID,8,B5_EXACT_SELECTED_DIAGNOSTIC,1,0.01,64,0,1,18,EXACT_MODEL_SELECTION_FROZEN_BEFORE_LOCKED_TEST,4,1,0.002084233099365991,-0.00042314042832185435,3.4987395626407505e-05,0.0059115236399508485,10748
308,X_VALID,8,B5_EXACT_SELECTED_DIAGNOSTIC,1,0.01,64,0,1,18,EXACT_MODEL_SELECTION_FROZEN_BEFORE_LOCKED_TEST,4,2,0.0008897830930467013,-0.000639064645521129,0.0018300645491623304,0.00592425438323019,10748
308,X_VALID,8,B5_EXACT_SELECTED_DIAGNOSTIC,1,0.01,64,0,1,18,EXACT_MODEL_SELECTION_FROZEN_BEFORE_LOCKED_TEST,4,3,0.0012902127469603894,-0.000647595107589625,0.001601554581247293,0.005837636504989817,10748
308,X_VALID,8,B5_EXACT_SELECTED_DIAGNOSTIC,1,0.01,64,0,1,18,EXACT_MODEL_SELECTION_FROZEN_BEFORE_LOCKED_TEST,4,4,-0.0007308025825285268,-0.0004737629609713647,-7.816979414720955e-06,0.005941356142742199,10748
308,X_VALID,8,B5_EXACT_SELECTED_DIAGNOSTIC,1,0.01,64,0,1,18,EXACT_MODEL_SELECTION_FROZEN_BEFORE_LOCKED_TEST,4,5,-0.0006182165576928527,-0.0004933149861606126,0.003364628881711887,0.0059027280065103065,10748
308,X_VALID,8,B5_EXACT_SELECTED_DIAGNOSTIC,1,0.01,64,0,1,18,EXACT_MODEL_SELECTION_FROZEN_BEFORE_LOCKED_TEST,5,0,-0.001631413350131898,-0.00041212059436867947,0.00030732962546941813,0.005925354910316957,10748
308,X_VALID,8,B5_EXACT_SELECTED_DIAGNOSTIC,1,0.01,64,0,1,18,EXACT_MODEL_SELECTION_FROZEN_BEFORE_LOCKED_TEST,5,1,0.002084233099365991,-0.00042314042832185435,3.4987395626407505e-05,0.0059115236399508485,10748
308,X_VALID,8,B5_EXACT_SELECTED_DIAGNOSTIC,1,0.01,64,0,1,18,EXACT_MODEL_SELECTION_FROZEN_BEFORE_LOCKED_TEST,5,2,0.0008897830930467013,-0.000639064645521129,0.0018300645491623304,0.00592425438323019,10748
308,X_VALID,8,B5_EXACT_SELECTED_DIAGNOSTIC,1,0.01,64,0,1,18,EXACT_MODEL_SELECTION_FROZEN_BEFORE_LOCKED_TEST,5,3,0.0012902127469603894,-0.000647595107589625,0.001601554581247293,0.005837636504989817,10748
308,X_VALID,8,B5_EXACT_SELECTED_DIAGNOSTIC,1,0.01,64,0,1,18,EXACT_MODEL_SELECTION_FROZEN_BEFORE_LOCKED_TEST,5,4,-0.0007308025825285268,-0.0004737629609713647,-7.816979414720955e-06,0.005941356142742199,10748
308,X_VALID,8,B5_EXACT_SELECTED_DIAGNOSTIC,1,0.01,64,0,1,18,EXACT_MODEL_SELECTION_FROZEN_BEFORE_LOCKED_TEST,5,5,-0.0006182165576928527,-0.0004933149861606126,0.003364628881711887,0.0059027280065103065,10748
308,X_VALID,8,B5_EXACT_SELECTED_DIAGNOSTIC,1,0.01,64,0,1,18,EXACT_MODEL_SELECTION_FROZEN_BEFORE_LOCKED_TEST,6,0,-0.001725469219642098,-0.0004793083235172842,0.0003250480995443259,0.005796897573239073,10748
308,X_VALID,8,B5_EXACT_SELECTED_DIAGNOSTIC,1,0.01,64,0,1,18,EXACT_MODEL_SELECTION_FROZEN_BEFORE_LOCKED_TEST,6,1,0.0022043953846672347,-0.0005005518562257964,3.700452385284561e-05,0.005807377964009447,10748
308,X_VALID,8,B5_EXACT_SELECTED_DIAGNOSTIC,1,0.01,64,0,1,18,EXACT_MODEL_SELECTION_FROZEN_BEFORE_LOCKED_TEST,6,2,0.0009410817553294493,-0.0006624171509952906,0.0019355732557187276,0.005786867216059436,10748
308,X_VALID,8,B5_EXACT_SELECTED_DIAGNOSTIC,1,0.01,64,0,1,18,EXACT_MODEL_SELECTION_FROZEN_BEFORE_LOCKED_TEST,6,3,0.0013645973790088473,-0.0006794632216318887,0.0016938890032348781,0.005726849841954003,10748
308,X_VALID,8,B5_EXACT_SELECTED_DIAGNOSTIC,1,0.01,64,0,1,18,EXACT_MODEL_SELECTION_FROZEN_BEFORE_LOCKED_TEST,6,4,-0.0007729355418637333,-0.0005071517289997872,-8.267651708002694e-06,0.005804650863054181,10748
308,X_VALID,8,B5_EXACT_SELECTED_DIAGNOSTIC,1,0.01,64,0,1,18,EXACT_MODEL_SELECTION_FROZEN_BEFORE_LOCKED_TEST,6,5,-0.0006538585952394397,-0.000534460036729658,0.0035586098216269344,0.005785016756849472,10748
308,X_VALID,8,B5_EXACT_SELECTED_DIAGNOSTIC,1,0.01,64,0,1,18,EXACT_MODEL_SELECTION_FROZEN_BEFORE_LOCKED_TEST,7,0,-0.0028648069820884324,-0.0007016813881777431,0.0005396793257675804,0.0070722557818272205,10748
308,X_VALID,8,B5_EXACT_SELECTED_DIAGNOSTIC,1,0.01,64,0,1,18,EXACT_MODEL_SELECTION_FROZEN_BEFORE_LOCKED_TEST,7,1,0.0036599709907245525,-0.0007168716944847142,6.143883477937662e-05,0.007089887616973891,10748
308,X_VALID,8,B5_EXACT_SELECTED_DIAGNOSTIC,1,0.01,64,0,1,18,EXACT_MODEL_SELECTION_FROZEN_BEFORE_LOCKED_TEST,7,2,0.0015624837306243344,-0.0008903397595959074,0.0032136439840270343,0.0070727137532833675,10748
308,X_VALID,8,B5_EXACT_SELECTED_DIAGNOSTIC,1,0.01,64,0,1,18,EXACT_MODEL_SELECTION_FROZEN_BEFORE_LOCKED_TEST,7,3,0.002265649282306526,-0.0009055725644676894,0.002812374157770631,0.0070500562040136635,10748
308,X_VALID,8,B5_EXACT_SELECTED_DIAGNOSTIC,1,0.01,64,0,1,18,EXACT_MODEL_SELECTION_FROZEN_BEFORE_LOCKED_TEST,7,4,-0.001283309555353777,-0.0006925692390950602,-1.3726832138723886e-05,0.007055771997574929,10748
308,X_VALID,8,B5_EXACT_SELECTED_DIAGNOSTIC,1,0.01,64,0,1,18,EXACT_MODEL_SELECTION_FROZEN_BEFORE_LOCKED_TEST,7,5,-0.0010856053806216376,-0.0007170983921509609,0.005908381411544354,0.0070391839430859445,10748
308,X_VALID,8,B5_EXACT_SELECTED_DIAGNOSTIC,1,0.01,64,0,1,18,EXACT_MODEL_SELECTION_FROZEN_BEFORE_LOCKED_TEST,8,0,-0.001725469219642098,-0.0004793083235172842,0.0003250480995443259,0.005796897573239073,10748
308,X_VALID,8,B5_EXACT_SELECTED_DIAGNOSTIC,1,0.01,64,0,1,18,EXACT_MODEL_SELECTION_FROZEN_BEFORE_LOCKED_TEST,8,1,0.0022043953846672347,-0.0005005518562257964,3.700452385284561e-05,0.005807377964009447,10748
308,X_VALID,8,B5_EXACT_SELECTED_DIAGNOSTIC,1,0.01,64,0,1,18,EXACT_MODEL_SELECTION_FROZEN_BEFORE_LOCKED_TEST,8,2,0.0009410817553294493,-0.0006624171509952906,0.0019355732557187276,0.005786867216059436,10748
308,X_VALID,8,B5_EXACT_SELECTED_DIAGNOSTIC,1,0.01,64,0,1,18,EXACT_MODEL_SELECTION_FROZEN_BEFORE_LOCKED_TEST,8,3,0.0013645973790088473,-0.0006794632216318887,0.0016938890032348781,0.005726849841954003,10748
308,X_VALID,8,B5_EXACT_SELECTED_DIAGNOSTIC,1,0.01,64,0,1,18,EXACT_MODEL_SELECTION_FROZEN_BEFORE_LOCKED_TEST,8,4,-0.0007729355418637333,-0.0005071517289997872,-8.267651708002694e-06,0.005804650863054181,10748
308,X_VALID,8,B5_EXACT_SELECTED_DIAGNOSTIC,1,0.01,64,0,1,18,EXACT_MODEL_SELECTION_FROZEN_BEFORE_LOCKED_TEST,8,5,-0.0006538585952394397,-0.000534460036729658,0.0035586098216269344,0.005785016756849472,10748
308,X_VALID,8,B5_EXACT_SELECTED_DIAGNOSTIC,1,0.01,64,0,1,18,EXACT_MODEL_SELECTION_FROZEN_BEFORE_LOCKED_TEST,9,0,-0.0009465225270150953,-0.0003654582530717287,0.0001783082219490223,0.00550393756851577,10748
308,X_VALID,8,B5_EXACT_SELECTED_DIAGNOSTIC,1,0.01,64,0,1,18,EXACT_MODEL_SELECTION_FROZEN_BEFORE_LOCKED_TEST,9,1,0.0012092420231457008,-0.0003805318778081999,2.0299182987136108e-05,0.005506839135428712,10748
308,X_VALID,8,B5_EXACT_SELECTED_DIAGNOSTIC,1,0.01,64,0,1,18,EXACT_MODEL_SELECTION_FROZEN_BEFORE_LOCKED_TEST,9,2,0.0005162393342299061,-0.000548963647488294,0.0010617770913385158,0.005495738140130467,10748
308,X_VALID,8,B5_EXACT_SELECTED_DIAGNOSTIC,1,0.01,64,0,1,18,EXACT_MODEL_SELECTION_FROZEN_BEFORE_LOCKED_TEST,9,3,0.0007485628516778422,-0.0005588881198742811,0.000929198899391274,0.005426516877316778,10748
308,X_VALID,8,B5_EXACT_SELECTED_DIAGNOSTIC,1,0.01,64,0,1,18,EXACT_MODEL_SELECTION_FROZEN_BEFORE_LOCKED_TEST,9,4,-0.00042400113196826186,-0.0004007722712009275,-4.535298861351349e-06,0.005500117281071038,10748
308,X_VALID,8,B5_EXACT_SELECTED_DIAGNOSTIC,1,0.01,64,0,1,18,EXACT_MODEL_SELECTION_FROZEN_BEFORE_LOCKED_TEST,9,5,-0.00035868034203759774,-0.0004204336882831881,0.0019521092133568908,0.005471497916318867,10748
308,X_VALID,8,B5_EXACT_SELECTED_DIAGNOSTIC,1,0.01,64,0,1,18,EXACT_MODEL_SELECTION_FROZEN_BEFORE_LOCKED_TEST,10,0,0.0043022172768286985,-0.0006004460534190329,-0.000810462182541859,0.006654847604713687,10748
308,X_VALID,8,B5_EXACT_SELECTED_DIAGNOSTIC,1,0.01,64,0,1,18,EXACT_MODEL_SELECTION_FROZEN_BEFORE_LOCKED_TEST,10,1,-0.005496352992517582,-0.0006018260284849931,-9.226562840312772e-05,0.006643515759968997,10748
308,X_VALID,8,B5_EXACT_SELECTED_DIAGNOSTIC,1,0.01,64,0,1,18,EXACT_MODEL_SELECTION_FROZEN_BEFORE_LOCKED_TEST,10,2,-0.0023464563381353377,-0.0008020260855685721,-0.00482608243979452,0.006701657392472791,10748
308,X_VALID,8,B5_EXACT_SELECTED_DIAGNOSTIC,1,0.01,64,0,1,18,EXACT_MODEL_SELECTION_FROZEN_BEFORE_LOCKED_TEST,10,3,-0.0034024335833152445,-0.0008055748787533425,-0.004223476403861222,0.0066678574826147365,10748
308,X_VALID,8,B5_EXACT_SELECTED_DIAGNOSTIC,1,0.01,64,0,1,18,EXACT_MODEL_SELECTION_FROZEN_BEFORE_LOCKED_TEST,10,4,0.0019272071644203873,-0.0006027238024479721,2.061423849933931e-05,0.006642886127569141,10748
308,X_VALID,8,B5_EXACT_SELECTED_DIAGNOSTIC,1,0.01,64,0,1,18,EXACT_MODEL_SELECTION_FROZEN_BEFORE_LOCKED_TEST,10,5,0.0016303053760794116,-0.0006141798530210502,-0.00887289815536166,0.006624548761654287,10748
308,X_VALID,8,B5_EXACT_SELECTED_DIAGNOSTIC,1,0.01,64,0,1,18,EXACT_MODEL_SELECTION_FROZEN_BEFORE_LOCKED_TEST,11,0,-0.0014505246653948383,-0.0004314682512898017,0.0002732533739005553,0.0058787623423203735,10748
308,X_VALID,8,B5_EXACT_SELECTED_DIAGNOSTIC,1,0.01,64,0,1,18,EXACT_MODEL_SELECTION_FROZEN_BEFORE_LOCKED_TEST,11,1,0.0018531364346247843,-0.0004454966161397805,3.110804526022085e-05,0.005890109614229464,10748
308,X_VALID,8,B5_EXACT_SELECTED_DIAGNOSTIC,1,0.01,64,0,1,18,EXACT_MODEL_SELECTION_FROZEN_BEFORE_LOCKED_TEST,11,2,0.0007911252676773813,-0.0006192155537427946,0.0016271497150676295,0.005871850172333576,10748
308,X_VALID,8,B5_EXACT_SELECTED_DIAGNOSTIC,1,0.01,64,0,1,18,EXACT_MODEL_SELECTION_FROZEN_BEFORE_LOCKED_TEST,11,3,0.0011471558774001492,-0.0006300700901022959,0.0014239765923746307,0.005822545811281277,10748
308,X_VALID,8,B5_EXACT_SELECTED_DIAGNOSTIC,1,0.01,64,0,1,18,EXACT_MODEL_SELECTION_FROZEN_BEFORE_LOCKED_TEST,11,4,-0.0006497722796041674,-0.0004611457991056181,-6.950244368798053e-06,0.005881145463511085,10748
308,X_VALID,8,B5_EXACT_SELECTED_DIAGNOSTIC,1,0.01,64,0,1,18,EXACT_MODEL_SELECTION_FROZEN_BEFORE_LOCKED_TEST,11,5,-0.0005496696256754753,-0.00048197196569439775,0.0029915638378393574,0.005874030527490199,10748
308,X_VALID,24,B5_EXACT_SELECTED_DIAGNOSTIC,1,0.01,64,0,1,11,EXACT_MODEL_SELECTION_FROZEN_BEFORE_LOCKED_TEST,0,0,0.0007121410936519994,-4.595454096761239e-05,0.00020135650790993297,0.0010977013510760543,10985
308,X_VALID,24,B5_EXACT_SELECTED_DIAGNOSTIC,1,0.01,64,0,1,11,EXACT_MODEL_SELECTION_FROZEN_BEFORE_LOCKED_TEST,0,1,0.0004492732053542643,-7.088049197786009e-05,0.0006595979415388318,0.0011429967309978947,10985
308,X_VALID,24,B5_EXACT_SELECTED_DIAGNOSTIC,1,0.01,64,0,1,11,EXACT_MODEL_SELECTION_FROZEN_BEFORE_LOCKED_TEST,0,2,-8.683059413241166e-06,-0.00019354852878136647,-0.0003448247469149997,0.0011371499657904262,10985
308,X_VALID,24,B5_EXACT_SELECTED_DIAGNOSTIC,1,0.01,64,0,1,11,EXACT_MODEL_SELECTION_FROZEN_BEFORE_LOCKED_TEST,0,3,0.0007008147552665027,-0.000212871490358953,0.00012320473928179203,0.0011723875033963515,10985
308,X_VALID,24,B5_EXACT_SELECTED_DIAGNOSTIC,1,0.01,64,0,1,11,EXACT_MODEL_SELECTION_FROZEN_BEFORE_LOCKED_TEST,0,4,-0.0010136805191022817,-1.69286987817905e-05,4.607522927797409e-05,0.0010817005218535433,10985
308,X_VALID,24,B5_EXACT_SELECTED_DIAGNOSTIC,1,0.01,64,0,1,11,EXACT_MODEL_SELECTION_FROZEN_BEFORE_LOCKED_TEST,0,5,0.0013584877153858083,-3.848220293154828e-05,0.00020440074551694723,0.0011193091872254675,10985
308,X_VALID,24,B5_EXACT_SELECTED_DIAGNOSTIC,1,0.01,64,0,1,11,EXACT_MODEL_SELECTION_FROZEN_BEFORE_LOCKED_TEST,1,0,0.0007121410936519994,-4.595454096761239e-05,0.00020135650790993297,0.0010977013510760543,10985
308,X_VALID,24,B5_EXACT_SELECTED_DIAGNOSTIC,1,0.01,64,0,1,11,EXACT_MODEL_SELECTION_FROZEN_BEFORE_LOCKED_TEST,1,1,0.0004492732053542643,-7.088049197786009e-05,0.0006595979415388318,0.0011429967309978947,10985
308,X_VALID,24,B5_EXACT_SELECTED_DIAGNOSTIC,1,0.01,64,0,1,11,EXACT_MODEL_SELECTION_FROZEN_BEFORE_LOCKED_TEST,1,2,-8.683059413241166e-06,-0.00019354852878136647,-0.0003448247469149997,0.0011371499657904262,10985
308,X_VALID,24,B5_EXACT_SELECTED_DIAGNOSTIC,1,0.01,64,0,1,11,EXACT_MODEL_SELECTION_FROZEN_BEFORE_LOCKED_TEST,1,3,0.0007008147552665027,-0.000212871490358953,0.00012320473928179203,0.0011723875033963515,10985
308,X_VALID,24,B5_EXACT_SELECTED_DIAGNOSTIC,1,0.01,64,0,1,11,EXACT_MODEL_SELECTION_FROZEN_BEFORE_LOCKED_TEST,1,4,-0.0010136805191022817,-1.69286987817905e-05,4.607522927797409e-05,0.0010817005218535433,10985
308,X_VALID,24,B5_EXACT_SELECTED_DIAGNOSTIC,1,0.01,64,0,1,11,EXACT_MODEL_SELECTION_FROZEN_BEFORE_LOCKED_TEST,1,5,0.0013584877153858083,-3.848220293154828e-05,0.00020440074551694723,0.0011193091872254675,10985
308,X_VALID,24,B5_EXACT_SELECTED_DIAGNOSTIC,1,0.01,64,0,1,11,EXACT_MODEL_SELECTION_FROZEN_BEFORE_LOCKED_TEST,2,0,0.0007121410936519994,-4.595454096761239e-05,0.00020135650790993297,0.0010977013510760543,10985
308,X_VALID,24,B5_EXACT_SELECTED_DIAGNOSTIC,1,0.01,64,0,1,11,EXACT_MODEL_SELECTION_FROZEN_BEFORE_LOCKED_TEST,2,1,0.0004492732053542643,-7.088049197786009e-05,0.0006595979415388318,0.0011429967309978947,10985
308,X_VALID,24,B5_EXACT_SELECTED_DIAGNOSTIC,1,0.01,64,0,1,11,EXACT_MODEL_SELECTION_FROZEN_BEFORE_LOCKED_TEST,2,2,-8.683059413241166e-06,-0.00019354852878136647,-0.0003448247469149997,0.0011371499657904262,10985
308,X_VALID,24,B5_EXACT_SELECTED_DIAGNOSTIC,1,0.01,64,0,1,11,EXACT_MODEL_SELECTION_FROZEN_BEFORE_LOCKED_TEST,2,3,0.0007008147552665027,-0.000212871490358953,0.00012320473928179203,0.0011723875033963515,10985
308,X_VALID,24,B5_EXACT_SELECTED_DIAGNOSTIC,1,0.01,64,0,1,11,EXACT_MODEL_SELECTION_FROZEN_BEFORE_LOCKED_TEST,2,4,-0.0010136805191022817,-1.69286987817905e-05,4.607522927797409e-05,0.0010817005218535433,10985
308,X_VALID,24,B5_EXACT_SELECTED_DIAGNOSTIC,1,0.01,64,0,1,11,EXACT_MODEL_SELECTION_FROZEN_BEFORE_LOCKED_TEST,2,5,0.0013584877153858083,-3.848220293154828e-05,0.00020440074551694723,0.0011193091872254675,10985
308,X_VALID,24,B5_EXACT_SELECTED_DIAGNOSTIC,1,0.01,64,0,1,11,EXACT_MODEL_SELECTION_FROZEN_BEFORE_LOCKED_TEST,3,0,-7.318930518253166e-05,0.0001298557389057565,-2.069413356324373e-05,0.0009914721323067849,10985
308,X_VALID,24,B5_EXACT_SELECTED_DIAGNOSTIC,1,0.01,64,0,1,11,EXACT_MODEL_SELECTION_FROZEN_BEFORE_LOCKED_TEST,3,1,-4.6173425505305625e-05,3.376614156286317e-05,-6.778925619007454e-05,0.0010887328932291003,10985
308,X_VALID,24,B5_EXACT_SELECTED_DIAGNOSTIC,1,0.01,64,0,1,11,EXACT_MODEL_SELECTION_FROZEN_BEFORE_LOCKED_TEST,3,2,8.923892905193256e-07,3.471634743681661e-05,3.543888122931986e-05,0.0009918873727771972,10985
308,X_VALID,24,B5_EXACT_SELECTED_DIAGNOSTIC,1,0.01,64,0,1,11,EXACT_MODEL_SELECTION_FROZEN_BEFORE_LOCKED_TEST,3,3,-7.20252565914784e-05,-5.956834561798042e-05,-1.2662194814495255e-05,0.0010597683679877238,10985
308,X_VALID,24,B5_EXACT_SELECTED_DIAGNOSTIC,1,0.01,64,0,1,11,EXACT_MODEL_SELECTION_FROZEN_BEFORE_LOCKED_TEST,3,4,0.00010417959801996561,8.780833986308152e-05,-4.735317266536873e-06,0.0009963335317321373,10985
308,X_VALID,24,B5_EXACT_SELECTED_DIAGNOSTIC,1,0.01,64,0,1,11,EXACT_MODEL_SELECTION_FROZEN_BEFORE_LOCKED_TEST,3,5,-0.0001396166755076752,-7.1835002096494694e-06,-2.1007000826843582e-05,0.0010869419131006315,10985
308,X_VALID,24,B5_EXACT_SELECTED_DIAGNOSTIC,1,0.01,64,0,1,11,EXACT_MODEL_SELECTION_FROZEN_BEFORE_LOCKED_TEST,4,0,0.0005385433190162058,-0.000139424309286426,0.00015227207507325646,0.001405111633455721,10985
308,X_VALID,24,B5_EXACT_SELECTED_DIAGNOSTIC,1,0.01,64,0,1,11,EXACT_MODEL_SELECTION_FROZEN_BEFORE_LOCKED_TEST,4,1,0.00033975441848995406,-0.00020589182147401526,0.0004988085476586266,0.0014859003032769262,10985
308,X_VALID,24,B5_EXACT_SELECTED_DIAGNOSTIC,1,0.01,64,0,1,11,EXACT_MODEL_SELECTION_FROZEN_BEFORE_LOCKED_TEST,4,2,-6.5664005030818795e-06,-0.00026200470876303815,-0.0002607672346644193,0.0013940379951667213,10985
308,X_VALID,24,B5_EXACT_SELECTED_DIAGNOSTIC,1,0.01,64,0,1,11,EXACT_MODEL_SELECTION_FROZEN_BEFORE_LOCKED_TEST,4,3,0.0005299779884647198,-0.0003258146199419896,9.317126873142674e-05,0.0014496550934714008,10985
308,X_VALID,24,B5_EXACT_SELECTED_DIAGNOSTIC,1,0.01,64,0,1,11,EXACT_MODEL_SELECTION_FROZEN_BEFORE_LOCKED_TEST,4,4,-0.0007665768427712475,-0.00019845861221441433,3.484352626323573e-05,0.001428234147067691,10985
308,X_VALID,24,B5_EXACT_SELECTED_DIAGNOSTIC,1,0.01,64,0,1,11,EXACT_MODEL_SELECTION_FROZEN_BEFORE_LOCKED_TEST,4,5,0.0010273308051004391,-0.00026176738035093027,0.00015457422255409897,0.001500054422163597,10985
308,X_VALID,24,B5_EXACT_SELECTED_DIAGNOSTIC,1,0.01,64,0,1,11,EXACT_MODEL_SELECTION_FROZEN_BEFORE_LOCKED_TEST,5,0,-7.318930518253166e-05,0.0001298557389057565,-2.069413356324373e-05,0.0009914721323067849,10985
308,X_VALID,24,B5_EXACT_SELECTED_DIAGNOSTIC,1,0.01,64,0,1,11,EXACT_MODEL_SELECTION_FROZEN_BEFORE_LOCKED_TEST,5,1,-4.6173425505305625e-05,3.376614156286317e-05,-6.778925619007454e-05,0.0010887328932291003,10985
308,X_VALID,24,B5_EXACT_SELECTED_DIAGNOSTIC,1,0.01,64,0,1,11,EXACT_MODEL_SELECTION_FROZEN_BEFORE_LOCKED_TEST,5,2,8.923892905193256e-07,3.471634743681661e-05,3.543888122931986e-05,0.0009918873727771972,10985
308,X_VALID,24,B5_EXACT_SELECTED_DIAGNOSTIC,1,0.01,64,0,1,11,EXACT_MODEL_SELECTION_FROZEN_BEFORE_LOCKED_TEST,5,3,-7.20252565914784e-05,-5.956834561798042e-05,-1.2662194814495255e-05,0.0010597683679877238,10985
308,X_VALID,24,B5_EXACT_SELECTED_DIAGNOSTIC,1,0.01,64,0,1,11,EXACT_MODEL_SELECTION_FROZEN_BEFORE_LOCKED_TEST,5,4,0.00010417959801996561,8.780833986308152e-05,-4.735317266536873e-06,0.0009963335317321373,10985
308,X_VALID,24,B5_EXACT_SELECTED_DIAGNOSTIC,1,0.01,64,0,1,11,EXACT_MODEL_SELECTION_FROZEN_BEFORE_LOCKED_TEST,5,5,-0.0001396166755076752,-7.1835002096494694e-06,-2.1007000826843582e-05,0.0010869419131006315,10985
308,X_VALID,24,B5_EXACT_SELECTED_DIAGNOSTIC,1,0.01,64,0,1,11,EXACT_MODEL_SELECTION_FROZEN_BEFORE_LOCKED_TEST,6,0,0.0038861361578116788,-0.00015280792812603453,0.0010987974335067176,0.0011943149118624119,10985
308,X_VALID,24,B5_EXACT_SELECTED_DIAGNOSTIC,1,0.01,64,0,1,11,EXACT_MODEL_SELECTION_FROZEN_BEFORE_LOCKED_TEST,6,1,0.0024516726581661663,-0.00021799149530961232,0.003599409489329099,0.001276135644705673,10985
308,X_VALID,24,B5_EXACT_SELECTED_DIAGNOSTIC,1,0.01,64,0,1,11,EXACT_MODEL_SELECTION_FROZEN_BEFORE_LOCKED_TEST,6,2,-4.738323830349423e-05,-0.00032402509457612447,-0.0018817000297267975,0.001229567491675934,10985
308,X_VALID,24,B5_EXACT_SELECTED_DIAGNOSTIC,1,0.01,64,0,1,11,EXACT_MODEL_SELECTION_FROZEN_BEFORE_LOCKED_TEST,6,3,0.0038243286121892677,-0.0003897703206717622,0.0006723251844397882,0.001291185506365489,10985
308,X_VALID,24,B5_EXACT_SELECTED_DIAGNOSTIC,1,0.01,64,0,1,11,EXACT_MODEL_SELECTION_FROZEN_BEFORE_LOCKED_TEST,6,4,-0.0055316292696313595,-0.00014577651735700066,0.00025143137514838646,0.0011910177682459002,10985
308,X_VALID,24,B5_EXACT_SELECTED_DIAGNOSTIC,1,0.01,64,0,1,11,EXACT_MODEL_SELECTION_FROZEN_BEFORE_LOCKED_TEST,6,5,0.007413233526000648,-0.00021187226775252628,0.0011154097620790237,0.0012675487878639861,10985
308,X_VALID,24,B5_EXACT_SELECTED_DIAGNOSTIC,1,0.01,64,0,1,11,EXACT_MODEL_SELECTION_FROZEN_BEFORE_LOCKED_TEST,7,0,0.0038861361578116788,-0.00015280792812603453,0.0010987974335067176,0.0011943149118624119,10985
308,X_VALID,24,B5_EXACT_SELECTED_DIAGNOSTIC,1,0.01,64,0,1,11,EXACT_MODEL_SELECTION_FROZEN_BEFORE_LOCKED_TEST,7,1,0.0024516726581661663,-0.00021799149530961232,0.003599409489329099,0.001276135644705673,10985
308,X_VALID,24,B5_EXACT_SELECTED_DIAGNOSTIC,1,0.01,64,0,1,11,EXACT_MODEL_SELECTION_FROZEN_BEFORE_LOCKED_TEST,7,2,-4.738323830349423e-05,-0.00032402509457612447,-0.0018817000297267975,0.001229567491675934,10985
308,X_VALID,24,B5_EXACT_SELECTED_DIAGNOSTIC,1,0.01,64,0,1,11,EXACT_MODEL_SELECTION_FROZEN_BEFORE_LOCKED_TEST,7,3,0.0038243286121892677,-0.0003897703206717622,0.0006723251844397882,0.001291185506365489,10985
308,X_VALID,24,B5_EXACT_SELECTED_DIAGNOSTIC,1,0.01,64,0,1,11,EXACT_MODEL_SELECTION_FROZEN_BEFORE_LOCKED_TEST,7,4,-0.0055316292696313595,-0.00014577651735700066,0.00025143137514838646,0.0011910177682459002,10985
308,X_VALID,24,B5_EXACT_SELECTED_DIAGNOSTIC,1,0.01,64,0,1,11,EXACT_MODEL_SELECTION_FROZEN_BEFORE_LOCKED_TEST,7,5,0.007413233526000648,-0.00021187226775252628,0.0011154097620790237,0.0012675487878639861,10985
308,X_VALID,24,B5_EXACT_SELECTED_DIAGNOSTIC,1,0.01,64,0,1,11,EXACT_MODEL_SELECTION_FROZEN_BEFORE_LOCKED_TEST,8,0,0.0038861361578116788,-0.00015280792812603453,0.0010987974335067176,0.0011943149118624119,10985
308,X_VALID,24,B5_EXACT_SELECTED_DIAGNOSTIC,1,0.01,64,0,1,11,EXACT_MODEL_SELECTION_FROZEN_BEFORE_LOCKED_TEST,8,1,0.0024516726581661663,-0.00021799149530961232,0.003599409489329099,0.001276135644705673,10985
308,X_VALID,24,B5_EXACT_SELECTED_DIAGNOSTIC,1,0.01,64,0,1,11,EXACT_MODEL_SELECTION_FROZEN_BEFORE_LOCKED_TEST,8,2,-4.738323830349423e-05,-0.00032402509457612447,-0.0018817000297267975,0.001229567491675934,10985
308,X_VALID,24,B5_EXACT_SELECTED_DIAGNOSTIC,1,0.01,64,0,1,11,EXACT_MODEL_SELECTION_FROZEN_BEFORE_LOCKED_TEST,8,3,0.0038243286121892677,-0.0003897703206717622,0.0006723251844397882,0.001291185506365489,10985
308,X_VALID,24,B5_EXACT_SELECTED_DIAGNOSTIC,1,0.01,64,0,1,11,EXACT_MODEL_SELECTION_FROZEN_BEFORE_LOCKED_TEST,8,4,-0.0055316292696313595,-0.00014577651735700066,0.00025143137514838646,0.0011910177682459002,10985
308,X_VALID,24,B5_EXACT_SELECTED_DIAGNOSTIC,1,0.01,64,0,1,11,EXACT_MODEL_SELECTION_FROZEN_BEFORE_LOCKED_TEST,8,5,0.007413233526000648,-0.00021187226775252628,0.0011154097620790237,0.0012675487878639861,10985
308,X_VALID,24,B5_EXACT_SELECTED_DIAGNOSTIC,1,0.01,64,0,1,11,EXACT_MODEL_SELECTION_FROZEN_BEFORE_LOCKED_TEST,9,0,-0.002543834670191085,2.3825772365510558e-05,-0.0007192643009310699,0.001063713959988037,10985
308,X_VALID,24,B5_EXACT_SELECTED_DIAGNOSTIC,1,0.01,64,0,1,11,EXACT_MODEL_SELECTION_FROZEN_BEFORE_LOCKED_TEST,9,1,-0.001604845958695011,-4.163316181714921e-05,-0.0023561456107925333,0.0011375062604722967,10985
308,X_VALID,24,B5_EXACT_SELECTED_DIAGNOSTIC,1,0.01,64,0,1,11,EXACT_MODEL_SELECTION_FROZEN_BEFORE_LOCKED_TEST,9,2,3.101670129083439e-05,-8.164030767718554e-05,0.0012317462847761052,0.0010722766603131768,10985
308,X_VALID,24,B5_EXACT_SELECTED_DIAGNOSTIC,1,0.01,64,0,1,11,EXACT_MODEL_SELECTION_FROZEN_BEFORE_LOCKED_TEST,9,3,-0.002503375928899261,-0.0001440112743245897,-0.00044009886539426486,0.0011196390815053296,10985
308,X_VALID,24,B5_EXACT_SELECTED_DIAGNOSTIC,1,0.01,64,0,1,11,EXACT_MODEL_SELECTION_FROZEN_BEFORE_LOCKED_TEST,9,4,0.0036209617335322256,7.5361216823974925e-06,-0.00016458503338608025,0.0010648984389593386,10985
308,X_VALID,24,B5_EXACT_SELECTED_DIAGNOSTIC,1,0.01,64,0,1,11,EXACT_MODEL_SELECTION_FROZEN_BEFORE_LOCKED_TEST,9,5,-0.0048526453258093,-5.716176988128027e-05,-0.0007301386027204941,0.001134975252849491,10985
308,X_VALID,24,B5_EXACT_SELECTED_DIAGNOSTIC,1,0.01,64,0,1,11,EXACT_MODEL_SELECTION_FROZEN_BEFORE_LOCKED_TEST,10,0,-0.002543834670191085,2.3825772365510558e-05,-0.0007192643009310699,0.001063713959988037,10985
308,X_VALID,24,B5_EXACT_SELECTED_DIAGNOSTIC,1,0.01,64,0,1,11,EXACT_MODEL_SELECTION_FROZEN_BEFORE_LOCKED_TEST,10,1,-0.001604845958695011,-4.163316181714921e-05,-0.0023561456107925333,0.0011375062604722967,10985
308,X_VALID,24,B5_EXACT_SELECTED_DIAGNOSTIC,1,0.01,64,0,1,11,EXACT_MODEL_SELECTION_FROZEN_BEFORE_LOCKED_TEST,10,2,3.101670129083439e-05,-8.164030767718554e-05,0.0012317462847761052,0.0010722766603131768,10985
308,X_VALID,24,B5_EXACT_SELECTED_DIAGNOSTIC,1,0.01,64,0,1,11,EXACT_MODEL_SELECTION_FROZEN_BEFORE_LOCKED_TEST,10,3,-0.002503375928899261,-0.0001440112743245897,-0.00044009886539426486,0.0011196390815053296,10985
308,X_VALID,24,B5_EXACT_SELECTED_DIAGNOSTIC,1,0.01,64,0,1,11,EXACT_MODEL_SELECTION_FROZEN_BEFORE_LOCKED_TEST,10,4,0.0036209617335322256,7.5361216823974925e-06,-0.00016458503338608025,0.0010648984389593386,10985
308,X_VALID,24,B5_EXACT_SELECTED_DIAGNOSTIC,1,0.01,64,0,1,11,EXACT_MODEL_SELECTION_FROZEN_BEFORE_LOCKED_TEST,10,5,-0.0048526453258093,-5.716176988128027e-05,-0.0007301386027204941,0.001134975252849491,10985
308,X_VALID,24,B5_EXACT_SELECTED_DIAGNOSTIC,1,0.01,64,0,1,11,EXACT_MODEL_SELECTION_FROZEN_BEFORE_LOCKED_TEST,11,0,-0.002543834670191085,2.3825772365510558e-05,-0.0007192643009310699,0.001063713959988037,10985
308,X_VALID,24,B5_EXACT_SELECTED_DIAGNOSTIC,1,0.01,64,0,1,11,EXACT_MODEL_SELECTION_FROZEN_BEFORE_LOCKED_TEST,11,1,-0.001604845958695011,-4.163316181714921e-05,-0.0023561456107925333,0.0011375062604722967,10985
308,X_VALID,24,B5_EXACT_SELECTED_DIAGNOSTIC,1,0.01,64,0,1,11,EXACT_MODEL_SELECTION_FROZEN_BEFORE_LOCKED_TEST,11,2,3.101670129083439e-05,-8.164030767718554e-05,0.0012317462847761052,0.0010722766603131768,10985
308,X_VALID,24,B5_EXACT_SELECTED_DIAGNOSTIC,1,0.01,64,0,1,11,EXACT_MODEL_SELECTION_FROZEN_BEFORE_LOCKED_TEST,11,3,-0.002503375928899261,-0.0001440112743245897,-0.00044009886539426486,0.0011196390815053296,10985
308,X_VALID,24,B5_EXACT_SELECTED_DIAGNOSTIC,1,0.01,64,0,1,11,EXACT_MODEL_SELECTION_FROZEN_BEFORE_LOCKED_TEST,11,4,0.0036209617335322256,7.5361216823974925e-06,-0.00016458503338608025,0.0010648984389593386,10985
308,X_VALID,24,B5_EXACT_SELECTED_DIAGNOSTIC,1,0.01,64,0,1,11,EXACT_MODEL_SELECTION_FROZEN_BEFORE_LOCKED_TEST,11,5,-0.0048526453258093,-5.716176988128027e-05,-0.0007301386027204941,0.001134975252849491,10985
308,X_VALID,40,B5_EXACT_SELECTED_DIAGNOSTIC,1,0.01,64,0,1,13,EXACT_MODEL_SELECTION_FROZEN_BEFORE_LOCKED_TEST,0,0,-9.910958957577214e-05,0.0005289287552173479,-2.2132319965764303e-05,0.00014910499468238206,11222
308,X_VALID,40,B5_EXACT_SELECTED_DIAGNOSTIC,1,0.01,64,0,1,13,EXACT_MODEL_SELECTION_FROZEN_BEFORE_LOCKED_TEST,0,1,-7.585536462346141e-05,0.0005638566017937384,6.106569180209708e-05,7.460091804585856e-07,11222
308,X_VALID,40,B5_EXACT_SELECTED_DIAGNOSTIC,1,0.01,64,0,1,13,EXACT_MODEL_SELECTION_FROZEN_BEFORE_LOCKED_TEST,0,2,6.764744497461762e-05,0.0006399287845111063,-2.463359839338358e-05,1.8285206116108097e-05,11222
308,X_VALID,40,B5_EXACT_SELECTED_DIAGNOSTIC,1,0.01,64,0,1,13,EXACT_MODEL_SELECTION_FROZEN_BEFORE_LOCKED_TEST,0,3,0.00012941375302117874,0.0006934915950724737,-4.538482319979195e-05,-0.00017862093489678121,11222
308,X_VALID,40,B5_EXACT_SELECTED_DIAGNOSTIC,1,0.01,64,0,1,13,EXACT_MODEL_SELECTION_FROZEN_BEFORE_LOCKED_TEST,0,4,-9.692416359080239e-05,0.0004271159609786363,5.938059914491887e-05,0.00022618683329324652,11222
308,X_VALID,40,B5_EXACT_SELECTED_DIAGNOSTIC,1,0.01,64,0,1,13,EXACT_MODEL_SELECTION_FROZEN_BEFORE_LOCKED_TEST,0,5,-2.4624243125016186e-05,0.00047977419368767406,-5.147911339801699e-05,0.0001011954938615844,11222
308,X_VALID,40,B5_EXACT_SELECTED_DIAGNOSTIC,1,0.01,64,0,1,13,EXACT_MODEL_SELECTION_FROZEN_BEFORE_LOCKED_TEST,1,0,-9.910958957577214e-05,0.0005289287552173479,-2.2132319965764303e-05,0.00014910499468238206,11222
308,X_VALID,40,B5_EXACT_SELECTED_DIAGNOSTIC,1,0.01,64,0,1,13,EXACT_MODEL_SELECTION_FROZEN_BEFORE_LOCKED_TEST,1,1,-7.585536462346141e-05,0.0005638566017937384,6.106569180209708e-05,7.460091804585856e-07,11222
308,X_VALID,40,B5_EXACT_SELECTED_DIAGNOSTIC,1,0.01,64,0,1,13,EXACT_MODEL_SELECTION_FROZEN_BEFORE_LOCKED_TEST,1,2,6.764744497461762e-05,0.0006399287845111063,-2.463359839338358e-05,1.8285206116108097e-05,11222
308,X_VALID,40,B5_EXACT_SELECTED_DIAGNOSTIC,1,0.01,64,0,1,13,EXACT_MODEL_SELECTION_FROZEN_BEFORE_LOCKED_TEST,1,3,0.00012941375302117874,0.0006934915950724737,-4.538482319979195e-05,-0.00017862093489678121,11222
308,X_VALID,40,B5_EXACT_SELECTED_DIAGNOSTIC,1,0.01,64,0,1,13,EXACT_MODEL_SELECTION_FROZEN_BEFORE_LOCKED_TEST,1,4,-9.692416359080239e-05,0.0004271159609786363,5.938059914491887e-05,0.00022618683329324652,11222
308,X_VALID,40,B5_EXACT_SELECTED_DIAGNOSTIC,1,0.01,64,0,1,13,EXACT_MODEL_SELECTION_FROZEN_BEFORE_LOCKED_TEST,1,5,-2.4624243125016186e-05,0.00047977419368767406,-5.147911339801699e-05,0.0001011954938615844,11222
308,X_VALID,40,B5_EXACT_SELECTED_DIAGNOSTIC,1,0.01,64,0,1,13,EXACT_MODEL_SELECTION_FROZEN_BEFORE_LOCKED_TEST,2,0,-9.910958957577214e-05,0.0005289287552173479,-2.2132319965764303e-05,0.00014910499468238206,11222
308,X_VALID,40,B5_EXACT_SELECTED_DIAGNOSTIC,1,0.01,64,0,1,13,EXACT_MODEL_SELECTION_FROZEN_BEFORE_LOCKED_TEST,2,1,-7.585536462346141e-05,0.0005638566017937384,6.106569180209708e-05,7.460091804585856e-07,11222
308,X_VALID,40,B5_EXACT_SELECTED_DIAGNOSTIC,1,0.01,64,0,1,13,EXACT_MODEL_SELECTION_FROZEN_BEFORE_LOCKED_TEST,2,2,6.764744497461762e-05,0.0006399287845111063,-2.463359839338358e-05,1.8285206116108097e-05,11222
308,X_VALID,40,B5_EXACT_SELECTED_DIAGNOSTIC,1,0.01,64,0,1,13,EXACT_MODEL_SELECTION_FROZEN_BEFORE_LOCKED_TEST,2,3,0.00012941375302117874,0.0006934915950724737,-4.538482319979195e-05,-0.00017862093489678121,11222
308,X_VALID,40,B5_EXACT_SELECTED_DIAGNOSTIC,1,0.01,64,0,1,13,EXACT_MODEL_SELECTION_FROZEN_BEFORE_LOCKED_TEST,2,4,-9.692416359080239e-05,0.0004271159609786363,5.938059914491887e-05,0.00022618683329324652,11222
308,X_VALID,40,B5_EXACT_SELECTED_DIAGNOSTIC,1,0.01,64,0,1,13,EXACT_MODEL_SELECTION_FROZEN_BEFORE_LOCKED_TEST,2,5,-2.4624243125016186e-05,0.00047977419368767406,-5.147911339801699e-05,0.0001011954938615844,11222
308,X_VALID,40,B5_EXACT_SELECTED_DIAGNOSTIC,1,0.01,64,0,1,13,EXACT_MODEL_SELECTION_FROZEN_BEFORE_LOCKED_TEST,3,0,-7.577540519435563e-05,0.0005121638233955943,-1.692152616588869e-05,0.0001795231353311702,11222
308,X_VALID,40,B5_EXACT_SELECTED_DIAGNOSTIC,1,0.01,64,0,1,13,EXACT_MODEL_SELECTION_FROZEN_BEFORE_LOCKED_TEST,3,1,-5.7996113343945285e-05,0.0005369932409469945,4.66884946207941e-05,7.177904672125864e-05,11222
308,X_VALID,40,B5_EXACT_SELECTED_DIAGNOSTIC,1,0.01,64,0,1,13,EXACT_MODEL_SELECTION_FROZEN_BEFORE_LOCKED_TEST,3,2,5.1720651606528384e-05,0.0006144205472923715,-1.883390807734688e-05,3.406406330065323e-05,11222
308,X_VALID,40,B5_EXACT_SELECTED_DIAGNOSTIC,1,0.01,64,0,1,13,EXACT_MODEL_SELECTION_FROZEN_BEFORE_LOCKED_TEST,3,3,9.894481063716667e-05,0.0006510275131630256,-3.469950165628696e-05,-0.00012759203849963753,11222
308,X_VALID,40,B5_EXACT_SELECTED_DIAGNOSTIC,1,0.01,64,0,1,13,EXACT_MODEL_SELECTION_FROZEN_BEFORE_LOCKED_TEST,3,4,-7.410451199176851e-05,0.00040986280731762637,4.5400137162809755e-05,0.00023801503936306603,11222
308,X_VALID,40,B5_EXACT_SELECTED_DIAGNOSTIC,1,0.01,64,0,1,13,EXACT_MODEL_SELECTION_FROZEN_BEFORE_LOCKED_TEST,3,5,-1.8826755396619672e-05,0.0004479405061181829,-3.935896307792301e-05,0.00014691998324267968,11222
308,X_VALID,40,B5_EXACT_SELECTED_DIAGNOSTIC,1,0.01,64,0,1,13,EXACT_MODEL_SELECTION_FROZEN_BEFORE_LOCKED_TEST,4,0,-7.577540519435563e-05,0.0005121638233955943,-1.692152616588869e-05,0.0001795231353311702,11222
308,X_VALID,40,B5_EXACT_SELECTED_DIAGNOSTIC,1,0.01,64,0,1,13,EXACT_MODEL_SELECTION_FROZEN_BEFORE_LOCKED_TEST,4,1,-5.7996113343945285e-05,0.0005369932409469945,4.66884946207941e-05,7.177904672125864e-05,11222
308,X_VALID,40,B5_EXACT_SELECTED_DIAGNOSTIC,1,0.01,64,0,1,13,EXACT_MODEL_SELECTION_FROZEN_BEFORE_LOCKED_TEST,4,2,5.1720651606528384e-05,0.0006144205472923715,-1.883390807734688e-05,3.406406330065323e-05,11222
308,X_VALID,40,B5_EXACT_SELECTED_DIAGNOSTIC,1,0.01,64,0,1,13,EXACT_MODEL_SELECTION_FROZEN_BEFORE_LOCKED_TEST,4,3,9.894481063716667e-05,0.0006510275131630256,-3.469950165628696e-05,-0.00012759203849963753,11222
308,X_VALID,40,B5_EXACT_SELECTED_DIAGNOSTIC,1,0.01,64,0,1,13,EXACT_MODEL_SELECTION_FROZEN_BEFORE_LOCKED_TEST,4,4,-7.410451199176851e-05,0.00040986280731762637,4.5400137162809755e-05,0.00023801503936306603,11222
308,X_VALID,40,B5_EXACT_SELECTED_DIAGNOSTIC,1,0.01,64,0,1,13,EXACT_MODEL_SELECTION_FROZEN_BEFORE_LOCKED_TEST,4,5,-1.8826755396619672e-05,0.0004479405061181829,-3.935896307792301e-05,0.00014691998324267968,11222
308,X_VALID,40,B5_EXACT_SELECTED_DIAGNOSTIC,1,0.01,64,0,1,13,EXACT_MODEL_SELECTION_FROZEN_BEFORE_LOCKED_TEST,5,0,-7.577540519435563e-05,0.0005121638233955943,-1.692152616588869e-05,0.0001795231353311702,11222
308,X_VALID,40,B5_EXACT_SELECTED_DIAGNOSTIC,1,0.01,64,0,1,13,EXACT_MODEL_SELECTION_FROZEN_BEFORE_LOCKED_TEST,5,1,-5.7996113343945285e-05,0.0005369932409469945,4.66884946207941e-05,7.177904672125864e-05,11222
308,X_VALID,40,B5_EXACT_SELECTED_DIAGNOSTIC,1,0.01,64,0,1,13,EXACT_MODEL_SELECTION_FROZEN_BEFORE_LOCKED_TEST,5,2,5.1720651606528384e-05,0.0006144205472923715,-1.883390807734688e-05,3.406406330065323e-05,11222
308,X_VALID,40,B5_EXACT_SELECTED_DIAGNOSTIC,1,0.01,64,0,1,13,EXACT_MODEL_SELECTION_FROZEN_BEFORE_LOCKED_TEST,5,3,9.894481063716667e-05,0.0006510275131630256,-3.469950165628696e-05,-0.00012759203849963753,11222
308,X_VALID,40,B5_EXACT_SELECTED_DIAGNOSTIC,1,0.01,64,0,1,13,EXACT_MODEL_SELECTION_FROZEN_BEFORE_LOCKED_TEST,5,4,-7.410451199176851e-05,0.00040986280731762637,4.5400137162809755e-05,0.00023801503936306603,11222
308,X_VALID,40,B5_EXACT_SELECTED_DIAGNOSTIC,1,0.01,64,0,1,13,EXACT_MODEL_SELECTION_FROZEN_BEFORE_LOCKED_TEST,5,5,-1.8826755396619672e-05,0.0004479405061181829,-3.935896307792301e-05,0.00014691998324267968,11222
308,X_VALID,40,B5_EXACT_SELECTED_DIAGNOSTIC,1,0.01,64,0,1,13,EXACT_MODEL_SELECTION_FROZEN_BEFORE_LOCKED_TEST,6,0,0.00046719995180919066,0.0006153161315044954,0.00010433116377225311,0.00010150771995053722,11222
308,X_VALID,40,B5_EXACT_SELECTED_DIAGNOSTIC,1,0.01,64,0,1,13,EXACT_MODEL_SELECTION_FROZEN_BEFORE_LOCKED_TEST,6,1,0.00035758015796700637,0.0006272534946053232,-0.00028786203624950676,-1.39374399992921e-05,11222
308,X_VALID,40,B5_EXACT_SELECTED_DIAGNOSTIC,1,0.01,64,0,1,13,EXACT_MODEL_SELECTION_FROZEN_BEFORE_LOCKED_TEST,6,2,-0.00031888824449215783,0.0006801143625695677,0.00011612212331357655,-8.506923331400915e-06,11222
308,X_VALID,40,B5_EXACT_SELECTED_DIAGNOSTIC,1,0.01,64,0,1,13,EXACT_MODEL_SELECTION_FROZEN_BEFORE_LOCKED_TEST,6,3,-0.0006100529669605403,0.0007077467333242311,0.00021394284148054652,-0.00016764716674697163,11222
308,X_VALID,40,B5_EXACT_SELECTED_DIAGNOSTIC,1,0.01,64,0,1,13,EXACT_MODEL_SELECTION_FROZEN_BEFORE_LOCKED_TEST,6,4,0.0004568979122262318,0.00047473379943087135,-0.0002799185545783837,0.0002027484527092416,11222
308,X_VALID,40,B5_EXACT_SELECTED_DIAGNOSTIC,1,0.01,64,0,1,13,EXACT_MODEL_SELECTION_FROZEN_BEFORE_LOCKED_TEST,6,5,0.00011607802282896037,0.0005038072641477664,0.0002426711623131654,0.0001144877967140082,11222
308,X_VALID,40,B5_EXACT_SELECTED_DIAGNOSTIC,1,0.01,64,0,1,13,EXACT_MODEL_SELECTION_FROZEN_BEFORE_LOCKED_TEST,7,0,0.00046719995180919066,0.0006153161315044954,0.00010433116377225311,0.00010150771995053722,11222
308,X_VALID,40,B5_EXACT_SELECTED_DIAGNOSTIC,1,0.01,64,0,1,13,EXACT_MODEL_SELECTION_FROZEN_BEFORE_LOCKED_TEST,7,1,0.00035758015796700637,0.0006272534946053232,-0.00028786203624950676,-1.39374399992921e-05,11222
308,X_VALID,40,B5_EXACT_SELECTED_DIAGNOSTIC,1,0.01,64,0,1,13,EXACT_MODEL_SELECTION_FROZEN_BEFORE_LOCKED_TEST,7,2,-0.00031888824449215783,0.0006801143625695677,0.00011612212331357655,-8.506923331400915e-06,11222
308,X_VALID,40,B5_EXACT_SELECTED_DIAGNOSTIC,1,0.01,64,0,1,13,EXACT_MODEL_SELECTION_FROZEN_BEFORE_LOCKED_TEST,7,3,-0.0006100529669605403,0.0007077467333242311,0.00021394284148054652,-0.00016764716674697163,11222
308,X_VALID,40,B5_EXACT_SELECTED_DIAGNOSTIC,1,0.01,64,0,1,13,EXACT_MODEL_SELECTION_FROZEN_BEFORE_LOCKED_TEST,7,4,0.0004568979122262318,0.00047473379943087135,-0.0002799185545783837,0.0002027484527092416,11222
308,X_VALID,40,B5_EXACT_SELECTED_DIAGNOSTIC,1,0.01,64,0,1,13,EXACT_MODEL_SELECTION_FROZEN_BEFORE_LOCKED_TEST,7,5,0.00011607802282896037,0.0005038072641477664,0.0002426711623131654,0.0001144877967140082,11222
308,X_VALID,40,B5_EXACT_SELECTED_DIAGNOSTIC,1,0.01,64,0,1,13,EXACT_MODEL_SELECTION_FROZEN_BEFORE_LOCKED_TEST,8,0,0.00046719995180919066,0.0006153161315044954,0.00010433116377225311,0.00010150771995053722,11222
308,X_VALID,40,B5_EXACT_SELECTED_DIAGNOSTIC,1,0.01,64,0,1,13,EXACT_MODEL_SELECTION_FROZEN_BEFORE_LOCKED_TEST,8,1,0.00035758015796700637,0.0006272534946053232,-0.00028786203624950676,-1.39374399992921e-05,11222
308,X_VALID,40,B5_EXACT_SELECTED_DIAGNOSTIC,1,0.01,64,0,1,13,EXACT_MODEL_SELECTION_FROZEN_BEFORE_LOCKED_TEST,8,2,-0.00031888824449215783,0.0006801143625695677,0.00011612212331357655,-8.506923331400915e-06,11222
308,X_VALID,40,B5_EXACT_SELECTED_DIAGNOSTIC,1,0.01,64,0,1,13,EXACT_MODEL_SELECTION_FROZEN_BEFORE_LOCKED_TEST,8,3,-0.0006100529669605403,0.0007077467333242311,0.00021394284148054652,-0.00016764716674697163,11222
308,X_VALID,40,B5_EXACT_SELECTED_DIAGNOSTIC,1,0.01,64,0,1,13,EXACT_MODEL_SELECTION_FROZEN_BEFORE_LOCKED_TEST,8,4,0.0004568979122262318,0.00047473379943087135,-0.0002799185545783837,0.0002027484527092416,11222
308,X_VALID,40,B5_EXACT_SELECTED_DIAGNOSTIC,1,0.01,64,0,1,13,EXACT_MODEL_SELECTION_FROZEN_BEFORE_LOCKED_TEST,8,5,0.00011607802282896037,0.0005038072641477664,0.0002426711623131654,0.0001144877967140082,11222
308,X_VALID,40,B5_EXACT_SELECTED_DIAGNOSTIC,1,0.01,64,0,1,13,EXACT_MODEL_SELECTION_FROZEN_BEFORE_LOCKED_TEST,9,0,-0.0016981835394529717,0.0007082710209940878,-0.0003792240651650836,8.289987483490618e-05,11222
308,X_VALID,40,B5_EXACT_SELECTED_DIAGNOSTIC,1,0.01,64,0,1,13,EXACT_MODEL_SELECTION_FROZEN_BEFORE_LOCKED_TEST,9,1,-0.001299736303360248,0.0007376710601277835,0.001046324105341465,-8.101808778746911e-05,11222
308,X_VALID,40,B5_EXACT_SELECTED_DIAGNOSTIC,1,0.01,64,0,1,13,EXACT_MODEL_SELECTION_FROZEN_BEFORE_LOCKED_TEST,9,2,0.0011590985093739988,0.0007806381470438778,-0.0004220819749955391,-6.30504621229387e-05,11222
308,X_VALID,40,B5_EXACT_SELECTED_DIAGNOSTIC,1,0.01,64,0,1,13,EXACT_MODEL_SELECTION_FROZEN_BEFORE_LOCKED_TEST,9,3,0.0022174272550223692,0.000829661147773241,-0.0007776418006447951,-0.0002801703390365406,11222
308,X_VALID,40,B5_EXACT_SELECTED_DIAGNOSTIC,1,0.01,64,0,1,13,EXACT_MODEL_SELECTION_FROZEN_BEFORE_LOCKED_TEST,9,4,-0.0016607375723144335,0.0005845500126804813,0.0010174510505228356,0.00013979561215788687,11222
308,X_VALID,40,B5_EXACT_SELECTED_DIAGNOSTIC,1,0.01,64,0,1,13,EXACT_MODEL_SELECTION_FROZEN_BEFORE_LOCKED_TEST,9,5,-0.00042192167806749534,0.0006306432459000111,-0.0008820638181667532,-7.250593051233434e-06,11222
308,X_VALID,40,B5_EXACT_SELECTED_DIAGNOSTIC,1,0.01,64,0,1,13,EXACT_MODEL_SELECTION_FROZEN_BEFORE_LOCKED_TEST,10,0,-0.0016981835394529717,0.0007082710209940878,-0.0003792240651650836,8.289987483490618e-05,11222
308,X_VALID,40,B5_EXACT_SELECTED_DIAGNOSTIC,1,0.01,64,0,1,13,EXACT_MODEL_SELECTION_FROZEN_BEFORE_LOCKED_TEST,10,1,-0.001299736303360248,0.0007376710601277835,0.001046324105341465,-8.101808778746911e-05,11222
308,X_VALID,40,B5_EXACT_SELECTED_DIAGNOSTIC,1,0.01,64,0,1,13,EXACT_MODEL_SELECTION_FROZEN_BEFORE_LOCKED_TEST,10,2,0.0011590985093739988,0.0007806381470438778,-0.0004220819749955391,-6.30504621229387e-05,11222
308,X_VALID,40,B5_EXACT_SELECTED_DIAGNOSTIC,1,0.01,64,0,1,13,EXACT_MODEL_SELECTION_FROZEN_BEFORE_LOCKED_TEST,10,3,0.0022174272550223692,0.000829661147773241,-0.0007776418006447951,-0.0002801703390365406,11222
308,X_VALID,40,B5_EXACT_SELECTED_DIAGNOSTIC,1,0.01,64,0,1,13,EXACT_MODEL_SELECTION_FROZEN_BEFORE_LOCKED_TEST,10,4,-0.0016607375723144335,0.0005845500126804813,0.0010174510505228356,0.00013979561215788687,11222
308,X_VALID,40,B5_EXACT_SELECTED_DIAGNOSTIC,1,0.01,64,0,1,13,EXACT_MODEL_SELECTION_FROZEN_BEFORE_LOCKED_TEST,10,5,-0.00042192167806749534,0.0006306432459000111,-0.0008820638181667532,-7.250593051233434e-06,11222
308,X_VALID,40,B5_EXACT_SELECTED_DIAGNOSTIC,1,0.01,64,0,1,13,EXACT_MODEL_SELECTION_FROZEN_BEFORE_LOCKED_TEST,11,0,-0.0016981835394529717,0.0007082710209940878,-0.0003792240651650836,8.289987483490618e-05,11222
308,X_VALID,40,B5_EXACT_SELECTED_DIAGNOSTIC,1,0.01,64,0,1,13,EXACT_MODEL_SELECTION_FROZEN_BEFORE_LOCKED_TEST,11,1,-0.001299736303360248,0.0007376710601277835,0.001046324105341465,-8.101808778746911e-05,11222
308,X_VALID,40,B5_EXACT_SELECTED_DIAGNOSTIC,1,0.01,64,0,1,13,EXACT_MODEL_SELECTION_FROZEN_BEFORE_LOCKED_TEST,11,2,0.0011590985093739988,0.0007806381470438778,-0.0004220819749955391,-6.30504621229387e-05,11222
308,X_VALID,40,B5_EXACT_SELECTED_DIAGNOSTIC,1,0.01,64,0,1,13,EXACT_MODEL_SELECTION_FROZEN_BEFORE_LOCKED_TEST,11,3,0.0022174272550223692,0.000829661147773241,-0.0007776418006447951,-0.0002801703390365406,11222
308,X_VALID,40,B5_EXACT_SELECTED_DIAGNOSTIC,1,0.01,64,0,1,13,EXACT_MODEL_SELECTION_FROZEN_BEFORE_LOCKED_TEST,11,4,-0.0016607375723144335,0.0005845500126804813,0.0010174510505228356,0.00013979561215788687,11222
308,X_VALID,40,B5_EXACT_SELECTED_DIAGNOSTIC,1,0.01,64,0,1,13,EXACT_MODEL_SELECTION_FROZEN_BEFORE_LOCKED_TEST,11,5,-0.00042192167806749534,0.0006306432459000111,-0.0008820638181667532,-7.250593051233434e-06,11222
309,X_BASE,8,B5_EXACT_SELECTED_DIAGNOSTIC,1,0.01,64,0,1,20,EXACT_MODEL_SELECTION_FROZEN_BEFORE_LOCKED_TEST,0,0,1.701664698362005e-05,0.0012528386001791128,-3.5637227037035538e-06,0.0015582473005127304,11459
309,X_BASE,8,B5_EXACT_SELECTED_DIAGNOSTIC,1,0.01,64,0,1,20,EXACT_MODEL_SELECTION_FROZEN_BEFORE_LOCKED_TEST,0,1,6.245287588381784e-05,0.0012179200065535027,1.084112364429788e-05,0.001593461636544288,11459
309,X_BASE,8,B5_EXACT_SELECTED_DIAGNOSTIC,1,0.01,64,0,1,20,EXACT_MODEL_SELECTION_FROZEN_BEFORE_LOCKED_TEST,0,2,3.115998734519801e-05,0.0009134814818188801,0.00012978240477240876,0.0015358563711381004,11459
309,X_BASE,8,B5_EXACT_SELECTED_DIAGNOSTIC,1,0.01,64,0,1,20,EXACT_MODEL_SELECTION_FROZEN_BEFORE_LOCKED_TEST,0,3,5.099560357609787e-05,0.0009052978637646992,3.151527629708741e-05,0.0016004467384574533,11459
309,X_BASE,8,B5_EXACT_SELECTED_DIAGNOSTIC,1,0.01,64,0,1,20,EXACT_MODEL_SELECTION_FROZEN_BEFORE_LOCKED_TEST,0,4,2.5179912821362505e-05,0.0009124308436875683,7.69676164972737e-05,0.0016605764839867365,11459
309,X_BASE,8,B5_EXACT_SELECTED_DIAGNOSTIC,1,0.01,64,0,1,20,EXACT_MODEL_SELECTION_FROZEN_BEFORE_LOCKED_TEST,0,5,2.0707082773835122e-05,0.0008935589695209858,0.00016605625479755657,0.0017151390362466952,11459
309,X_BASE,8,B5_EXACT_SELECTED_DIAGNOSTIC,1,0.01,64,0,1,20,EXACT_MODEL_SELECTION_FROZEN_BEFORE_LOCKED_TEST,1,0,0.0005122547504991772,0.0008387863879418823,-0.00010727929457496257,0.0030505630490705025,11459
309,X_BASE,8,B5_EXACT_SELECTED_DIAGNOSTIC,1,0.01,64,0,1,20,EXACT_MODEL_SELECTION_FROZEN_BEFORE_LOCKED_TEST,1,1,0.0018800285617146517,0.0008093426185434849,0.00032635201828457543,0.0030472093404694998,11459
309,X_BASE,8,B5_EXACT_SELECTED_DIAGNOSTIC,1,0.01,64,0,1,20,EXACT_MODEL_SELECTION_FROZEN_BEFORE_LOCKED_TEST,1,2,0.0009380139082885434,0.0004975059768023449,0.003906859761495175,0.002934848666063405,11459
309,X_BASE,8,B5_EXACT_SELECTED_DIAGNOSTIC,1,0.01,64,0,1,20,EXACT_MODEL_SELECTION_FROZEN_BEFORE_LOCKED_TEST,1,3,0.0015351285251186243,0.0004879547758525748,0.0009487092264426085,0.0030060003161201075,11459
309,X_BASE,8,B5_EXACT_SELECTED_DIAGNOSTIC,1,0.01,64,0,1,20,EXACT_MODEL_SELECTION_FROZEN_BEFORE_LOCKED_TEST,1,4,0.0007579948019321307,0.0005754158112716892,0.002316968038608258,0.0031127205901512827,11459
309,X_BASE,8,B5_EXACT_SELECTED_DIAGNOSTIC,1,0.01,64,0,1,20,EXACT_MODEL_SELECTION_FROZEN_BEFORE_LOCKED_TEST,1,5,0.0006233485086743068,0.0005532279316790954,0.004998817067312405,0.0031426604753873066,11459
309,X_BASE,8,B5_EXACT_SELECTED_DIAGNOSTIC,1,0.01,64,0,1,20,EXACT_MODEL_SELECTION_FROZEN_BEFORE_LOCKED_TEST,2,0,0.00018177083361532392,0.0010265487138844387,-3.806747870186154e-05,0.0022252726007840466,11459
309,X_BASE,8,B5_EXACT_SELECTED_DIAGNOSTIC,1,0.01,64,0,1,20,EXACT_MODEL_SELECTION_FROZEN_BEFORE_LOCKED_TEST,2,1,0.0006671179887555574,0.0009954538614425773,0.00011580425239165458,0.0022553563268845208,11459
309,X_BASE,8,B5_EXACT_SELECTED_DIAGNOSTIC,1,0.01,64,0,1,20,EXACT_MODEL_SELECTION_FROZEN_BEFORE_LOCKED_TEST,2,2,0.00033284917296760256,0.0006963452150574728,0.001386328101346294,0.002162340342411053,11459
309,X_BASE,8,B5_EXACT_SELECTED_DIAGNOSTIC,1,0.01,64,0,1,20,EXACT_MODEL_SELECTION_FROZEN_BEFORE_LOCKED_TEST,2,3,0.000544732072168306,0.0006919680093128167,0.00033664434889276677,0.0022461656669946956,11459
309,X_BASE,8,B5_EXACT_SELECTED_DIAGNOSTIC,1,0.01,64,0,1,20,EXACT_MODEL_SELECTION_FROZEN_BEFORE_LOCKED_TEST,2,4,0.0002689703646262372,0.0007327514626735641,0.0008221636040026571,0.0023071358298475827,11459
309,X_BASE,8,B5_EXACT_SELECTED_DIAGNOSTIC,1,0.01,64,0,1,20,EXACT_MODEL_SELECTION_FROZEN_BEFORE_LOCKED_TEST,2,5,0.00022119185413933958,0.0007141207509710224,0.0017738032581063297,0.0023655578226080124,11459
309,X_BASE,8,B5_EXACT_SELECTED_DIAGNOSTIC,1,0.01,64,0,1,20,EXACT_MODEL_SELECTION_FROZEN_BEFORE_LOCKED_TEST,3,0,-9.149310561335943e-05,0.0010269742345187436,1.9161004986501316e-05,0.0008986499843546951,11459
309,X_BASE,8,B5_EXACT_SELECTED_DIAGNOSTIC,1,0.01,64,0,1,20,EXACT_MODEL_SELECTION_FROZEN_BEFORE_LOCKED_TEST,3,1,-0.0003357892759129569,0.0010001903755143943,-5.828927822913712e-05,0.0009077242999752447,11459
309,X_BASE,8,B5_EXACT_SELECTED_DIAGNOSTIC,1,0.01,64,0,1,20,EXACT_MODEL_SELECTION_FROZEN_BEFORE_LOCKED_TEST,3,2,-0.00016753735420552593,0.0008329448755274877,-0.0006977987659982412,0.0009274240247253545,11459
309,X_BASE,8,B5_EXACT_SELECTED_DIAGNOSTIC,1,0.01,64,0,1,20,EXACT_MODEL_SELECTION_FROZEN_BEFORE_LOCKED_TEST,3,3,-0.0002741871620358645,0.0008302063521925777,-0.00016944763004481242,0.0009487083073558394,11459
309,X_BASE,8,B5_EXACT_SELECTED_DIAGNOSTIC,1,0.01,64,0,1,20,EXACT_MODEL_SELECTION_FROZEN_BEFORE_LOCKED_TEST,3,4,-0.00013538439301924131,0.0008125075598748836,-0.0004138304256868076,0.0010029351508499585,11459
309,X_BASE,8,B5_EXACT_SELECTED_DIAGNOSTIC,1,0.01,64,0,1,20,EXACT_MODEL_SELECTION_FROZEN_BEFORE_LOCKED_TEST,3,5,-0.00011133540661651753,0.0007967262644835889,-0.0008928317354515445,0.0009983169664568431,11459
309,X_BASE,8,B5_EXACT_SELECTED_DIAGNOSTIC,1,0.01,64,0,1,20,EXACT_MODEL_SELECTION_FROZEN_BEFORE_LOCKED_TEST,4,0,0.0004107930426022513,0.0006071970751623546,-8.60306083715722e-05,0.003891893174422989,11459
309,X_BASE,8,B5_EXACT_SELECTED_DIAGNOSTIC,1,0.01,64,0,1,20,EXACT_MODEL_SELECTION_FROZEN_BEFORE_LOCKED_TEST,4,1,0.001507653471819073,0.0005847262156367499,0.00026171185024612484,0.0038520840034111403,11459
309,X_BASE,8,B5_EXACT_SELECTED_DIAGNOSTIC,1,0.01,64,0,1,20,EXACT_MODEL_SELECTION_FROZEN_BEFORE_LOCKED_TEST,4,2,0.0007522225748293958,0.00041857276374539866,0.003133032552418447,0.003760561562559535,11459
309,X_BASE,8,B5_EXACT_SELECTED_DIAGNOSTIC,1,0.01,64,0,1,20,EXACT_MODEL_SELECTION_FROZEN_BEFORE_LOCKED_TEST,4,3,0.0012310673878660314,0.0004185895571199062,0.0007607994836463973,0.003818512709355914,11459
309,X_BASE,8,B5_EXACT_SELECTED_DIAGNOSTIC,1,0.01,64,0,1,20,EXACT_MODEL_SELECTION_FROZEN_BEFORE_LOCKED_TEST,4,4,0.0006078596453404515,0.0004570383563503924,0.0018580488502343083,0.00391458370674944,11459
309,X_BASE,8,B5_EXACT_SELECTED_DIAGNOSTIC,1,0.01,64,0,1,20,EXACT_MODEL_SELECTION_FROZEN_BEFORE_LOCKED_TEST,4,5,0.0004998825881660736,0.0004420651794932341,0.004008707133496126,0.003890514903891249,11459
309,X_BASE,8,B5_EXACT_SELECTED_DIAGNOSTIC,1,0.01,64,0,1,20,EXACT_MODEL_SELECTION_FROZEN_BEFORE_LOCKED_TEST,5,0,-9.149310561335943e-05,0.0010269742345187436,1.9161004986501316e-05,0.0008986499843546951,11459
309,X_BASE,8,B5_EXACT_SELECTED_DIAGNOSTIC,1,0.01,64,0,1,20,EXACT_MODEL_SELECTION_FROZEN_BEFORE_LOCKED_TEST,5,1,-0.0003357892759129569,0.0010001903755143943,-5.828927822913712e-05,0.0009077242999752447,11459
309,X_BASE,8,B5_EXACT_SELECTED_DIAGNOSTIC,1,0.01,64,0,1,20,EXACT_MODEL_SELECTION_FROZEN_BEFORE_LOCKED_TEST,5,2,-0.00016753735420552593,0.0008329448755274877,-0.0006977987659982412,0.0009274240247253545,11459
309,X_BASE,8,B5_EXACT_SELECTED_DIAGNOSTIC,1,0.01,64,0,1,20,EXACT_MODEL_SELECTION_FROZEN_BEFORE_LOCKED_TEST,5,3,-0.0002741871620358645,0.0008302063521925777,-0.00016944763004481242,0.0009487083073558394,11459
309,X_BASE,8,B5_EXACT_SELECTED_DIAGNOSTIC,1,0.01,64,0,1,20,EXACT_MODEL_SELECTION_FROZEN_BEFORE_LOCKED_TEST,5,4,-0.00013538439301924131,0.0008125075598748836,-0.0004138304256868076,0.0010029351508499585,11459
309,X_BASE,8,B5_EXACT_SELECTED_DIAGNOSTIC,1,0.01,64,0,1,20,EXACT_MODEL_SELECTION_FROZEN_BEFORE_LOCKED_TEST,5,5,-0.00011133540661651753,0.0007967262644835889,-0.0008928317354515445,0.0009983169664568431,11459
309,X_BASE,8,B5_EXACT_SELECTED_DIAGNOSTIC,1,0.01,64,0,1,20,EXACT_MODEL_SELECTION_FROZEN_BEFORE_LOCKED_TEST,6,0,-0.0003515368865091471,0.0011645500728021385,7.362084815227227e-05,0.00010019418876491364,11459
309,X_BASE,8,B5_EXACT_SELECTED_DIAGNOSTIC,1,0.01,64,0,1,20,EXACT_MODEL_SELECTION_FROZEN_BEFORE_LOCKED_TEST,6,1,-0.0012901771754960036,0.0011417245347674898,-0.0002239603874867731,0.0001673768832074161,11459
309,X_BASE,8,B5_EXACT_SELECTED_DIAGNOSTIC,1,0.01,64,0,1,20,EXACT_MODEL_SELECTION_FROZEN_BEFORE_LOCKED_TEST,6,2,-0.0006437158240127651,0.0009882538982127365,-0.0026810982528625454,0.00012756133910374565,11459
309,X_BASE,8,B5_EXACT_SELECTED_DIAGNOSTIC,1,0.01,64,0,1,20,EXACT_MODEL_SELECTION_FROZEN_BEFORE_LOCKED_TEST,6,3,-0.0010534881357092405,0.001000171958488185,-0.0006510555291896151,0.00020724936142796588,11459
309,X_BASE,8,B5_EXACT_SELECTED_DIAGNOSTIC,1,0.01,64,0,1,20,EXACT_MODEL_SELECTION_FROZEN_BEFORE_LOCKED_TEST,6,4,-0.0005201769869419042,0.0009341730091572565,-0.0015900286520326963,0.00017359676231244853,11459
309,X_BASE,8,B5_EXACT_SELECTED_DIAGNOSTIC,1,0.01,64,0,1,20,EXACT_MODEL_SELECTION_FROZEN_BEFORE_LOCKED_TEST,6,5,-0.00042777542567628787,0.0009247423635090254,-0.003430458353698783,0.00021527758145623022,11459
309,X_BASE,8,B5_EXACT_SELECTED_DIAGNOSTIC,1,0.01,64,0,1,20,EXACT_MODEL_SELECTION_FROZEN_BEFORE_LOCKED_TEST,7,0,0.00017445852235399874,0.000770841456337225,-3.6536093013269874e-05,0.003134228619518882,11459
309,X_BASE,8,B5_EXACT_SELECTED_DIAGNOSTIC,1,0.01,64,0,1,20,EXACT_MODEL_SELECTION_FROZEN_BEFORE_LOCKED_TEST,7,1,0.0006402810409087233,0.0007455537575808321,0.00011114565715923745,0.0031375861603613526,11459
309,X_BASE,8,B5_EXACT_SELECTED_DIAGNOSTIC,1,0.01,64,0,1,20,EXACT_MODEL_SELECTION_FROZEN_BEFORE_LOCKED_TEST,7,2,0.0003194592538732961,0.0005623322061843709,0.001330558633903461,0.0030934428219598735,11459
309,X_BASE,8,B5_EXACT_SELECTED_DIAGNOSTIC,1,0.01,64,0,1,20,EXACT_MODEL_SELECTION_FROZEN_BEFORE_LOCKED_TEST,7,3,0.0005228184879782754,0.0005640267862139081,0.0003231017567479805,0.0031083613131409824,11459
309,X_BASE,8,B5_EXACT_SELECTED_DIAGNOSTIC,1,0.01,64,0,1,20,EXACT_MODEL_SELECTION_FROZEN_BEFORE_LOCKED_TEST,7,4,0.00025815017424090015,0.0005807017951896658,0.0007890894520024338,0.0031178044523127273,11459
309,X_BASE,8,B5_EXACT_SELECTED_DIAGNOSTIC,1,0.01,64,0,1,20,EXACT_MODEL_SELECTION_FROZEN_BEFORE_LOCKED_TEST,7,5,0.00021229370665458205,0.0005648617635186729,0.0017024463672253864,0.003139941354936459,11459
309,X_BASE,8,B5_EXACT_SELECTED_DIAGNOSTIC,1,0.01,64,0,1,20,EXACT_MODEL_SELECTION_FROZEN_BEFORE_LOCKED_TEST,8,0,-0.0003515368865091471,0.0011645500728021385,7.362084815227227e-05,0.00010019418876491364,11459
309,X_BASE,8,B5_EXACT_SELECTED_DIAGNOSTIC,1,0.01,64,0,1,20,EXACT_MODEL_SELECTION_FROZEN_BEFORE_LOCKED_TEST,8,1,-0.0012901771754960036,0.0011417245347674898,-0.0002239603874867731,0.0001673768832074161,11459
309,X_BASE,8,B5_EXACT_SELECTED_DIAGNOSTIC,1,0.01,64,0,1,20,EXACT_MODEL_SELECTION_FROZEN_BEFORE_LOCKED_TEST,8,2,-0.0006437158240127651,0.0009882538982127365,-0.0026810982528625454,0.00012756133910374565,11459
309,X_BASE,8,B5_EXACT_SELECTED_DIAGNOSTIC,1,0.01,64,0,1,20,EXACT_MODEL_SELECTION_FROZEN_BEFORE_LOCKED_TEST,8,3,-0.0010534881357092405,0.001000171958488185,-0.0006510555291896151,0.00020724936142796588,11459
309,X_BASE,8,B5_EXACT_SELECTED_DIAGNOSTIC,1,0.01,64,0,1,20,EXACT_MODEL_SELECTION_FROZEN_BEFORE_LOCKED_TEST,8,4,-0.0005201769869419042,0.0009341730091572565,-0.0015900286520326963,0.00017359676231244853,11459
309,X_BASE,8,B5_EXACT_SELECTED_DIAGNOSTIC,1,0.01,64,0,1,20,EXACT_MODEL_SELECTION_FROZEN_BEFORE_LOCKED_TEST,8,5,-0.00042777542567628787,0.0009247423635090254,-0.003430458353698783,0.00021527758145623022,11459
309,X_BASE,8,B5_EXACT_SELECTED_DIAGNOSTIC,1,0.01,64,0,1,20,EXACT_MODEL_SELECTION_FROZEN_BEFORE_LOCKED_TEST,9,0,-0.00016670475118904307,0.00125469820411384,3.491225428837465e-05,0.0008941638562322817,11459
309,X_BASE,8,B5_EXACT_SELECTED_DIAGNOSTIC,1,0.01,64,0,1,20,EXACT_MODEL_SELECTION_FROZEN_BEFORE_LOCKED_TEST,9,1,-0.0006118238889996174,0.0012082824057275318,-0.00010620581254767612,0.0009329693546034808,11459
309,X_BASE,8,B5_EXACT_SELECTED_DIAGNOSTIC,1,0.01,64,0,1,20,EXACT_MODEL_SELECTION_FROZEN_BEFORE_LOCKED_TEST,9,2,-0.00030526095666408965,0.0010891496157380196,-0.001271422244178061,0.000880441798297351,11459
309,X_BASE,8,B5_EXACT_SELECTED_DIAGNOSTIC,1,0.01,64,0,1,20,EXACT_MODEL_SELECTION_FROZEN_BEFORE_LOCKED_TEST,9,3,-0.0004995819337423866,0.0010814764740492554,-0.00030874156928900647,0.0009414522422777072,11459
309,X_BASE,8,B5_EXACT_SELECTED_DIAGNOSTIC,1,0.01,64,0,1,20,EXACT_MODEL_SELECTION_FROZEN_BEFORE_LOCKED_TEST,9,4,-0.0002466767457706313,0.0010272692227050139,-0.0007540185425567368,0.0009780505914156387,11459
309,X_BASE,8,B5_EXACT_SELECTED_DIAGNOSTIC,1,0.01,64,0,1,20,EXACT_MODEL_SELECTION_FROZEN_BEFORE_LOCKED_TEST,9,5,-0.00020285835893439557,0.0010023268227302158,-0.0016267815078997384,0.000990202886830593,11459
309,X_BASE,8,B5_EXACT_SELECTED_DIAGNOSTIC,1,0.01,64,0,1,20,EXACT_MODEL_SELECTION_FROZEN_BEFORE_LOCKED_TEST,10,0,-0.00010595454809744488,0.0009114962238862059,2.2189602274700575e-05,0.002096472669537608,11459
309,X_BASE,8,B5_EXACT_SELECTED_DIAGNOSTIC,1,0.01,64,0,1,20,EXACT_MODEL_SELECTION_FROZEN_BEFORE_LOCKED_TEST,10,1,-0.0003888642837819519,0.0008770358741441373,-6.750250843810725e-05,0.0021036678322982187,11459
309,X_BASE,8,B5_EXACT_SELECTED_DIAGNOSTIC,1,0.01,64,0,1,20,EXACT_MODEL_SELECTION_FROZEN_BEFORE_LOCKED_TEST,10,2,-0.00019401838570551298,0.0007554593938433937,-0.0008080931608851465,0.002015881430494476,11459
309,X_BASE,8,B5_EXACT_SELECTED_DIAGNOSTIC,1,0.01,64,0,1,20,EXACT_MODEL_SELECTION_FROZEN_BEFORE_LOCKED_TEST,10,3,-0.0003175253113649788,0.0007491270671965427,-0.00019623060062527327,0.0020626187819978783,11459
309,X_BASE,8,B5_EXACT_SELECTED_DIAGNOSTIC,1,0.01,64,0,1,20,EXACT_MODEL_SELECTION_FROZEN_BEFORE_LOCKED_TEST,10,4,-0.00015678331264018234,0.0007371637852172629,-0.00047924065369376245,0.002122078282980243,11459
309,X_BASE,8,B5_EXACT_SELECTED_DIAGNOSTIC,1,0.01,64,0,1,20,EXACT_MODEL_SELECTION_FROZEN_BEFORE_LOCKED_TEST,10,5,-0.00012893313235151434,0.0007146766645347158,-0.0010339531314697509,0.002107470538479083,11459
309,X_BASE,8,B5_EXACT_SELECTED_DIAGNOSTIC,1,0.01,64,0,1,20,EXACT_MODEL_SELECTION_FROZEN_BEFORE_LOCKED_TEST,11,0,-0.00010595454809744488,0.0009114962238862059,2.2189602274700575e-05,0.002096472669537608,11459
309,X_BASE,8,B5_EXACT_SELECTED_DIAGNOSTIC,1,0.01,64,0,1,20,EXACT_MODEL_SELECTION_FROZEN_BEFORE_LOCKED_TEST,11,1,-0.0003888642837819519,0.0008770358741441373,-6.750250843810725e-05,0.0021036678322982187,11459
309,X_BASE,8,B5_EXACT_SELECTED_DIAGNOSTIC,1,0.01,64,0,1,20,EXACT_MODEL_SELECTION_FROZEN_BEFORE_LOCKED_TEST,11,2,-0.00019401838570551298,0.0007554593938433937,-0.0008080931608851465,0.002015881430494476,11459
309,X_BASE,8,B5_EXACT_SELECTED_DIAGNOSTIC,1,0.01,64,0,1,20,EXACT_MODEL_SELECTION_FROZEN_BEFORE_LOCKED_TEST,11,3,-0.0003175253113649788,0.0007491270671965427,-0.00019623060062527327,0.0020626187819978783,11459
309,X_BASE,8,B5_EXACT_SELECTED_DIAGNOSTIC,1,0.01,64,0,1,20,EXACT_MODEL_SELECTION_FROZEN_BEFORE_LOCKED_TEST,11,4,-0.00015678331264018234,0.0007371637852172629,-0.00047924065369376245,0.002122078282980243,11459
309,X_BASE,8,B5_EXACT_SELECTED_DIAGNOSTIC,1,0.01,64,0,1,20,EXACT_MODEL_SELECTION_FROZEN_BEFORE_LOCKED_TEST,11,5,-0.00012893313235151434,0.0007146766645347158,-0.0010339531314697509,0.002107470538479083,11459
309,X_BASE,24,B5_EXACT_SELECTED_DIAGNOSTIC,1,0.01,64,0,1,18,EXACT_MODEL_SELECTION_FROZEN_BEFORE_LOCKED_TEST,0,0,0.005470936876187033,0.0026791339701375933,0.0038220110613631677,0.003540725634932558,11696
309,X_BASE,24,B5_EXACT_SELECTED_DIAGNOSTIC,1,0.01,64,0,1,18,EXACT_MODEL_SELECTION_FROZEN_BEFORE_LOCKED_TEST,0,1,-0.0008313056517760062,0.0027186389819316807,-0.0016244387613507862,0.003552798510297755,11696
309,X_BASE,24,B5_EXACT_SELECTED_DIAGNOSTIC,1,0.01,64,0,1,18,EXACT_MODEL_SELECTION_FROZEN_BEFORE_LOCKED_TEST,0,2,-0.01053385010272762,0.002779147325047294,-0.009701375850244814,0.0035514398945584607,11696
309,X_BASE,24,B5_EXACT_SELECTED_DIAGNOSTIC,1,0.01,64,0,1,18,EXACT_MODEL_SELECTION_FROZEN_BEFORE_LOCKED_TEST,0,3,-0.003022999503230941,0.002804159987766826,0.0013666598544777731,0.003556426427579478,11696
309,X_BASE,24,B5_EXACT_SELECTED_DIAGNOSTIC,1,0.01,64,0,1,18,EXACT_MODEL_SELECTION_FROZEN_BEFORE_LOCKED_TEST,0,4,0.01017351240678103,0.002362299664832059,-0.003188822433123288,0.00353170017322864,11696
309,X_BASE,24,B5_EXACT_SELECTED_DIAGNOSTIC,1,0.01,64,0,1,18,EXACT_MODEL_SELECTION_FROZEN_BEFORE_LOCKED_TEST,0,5,0.0054043972241745375,0.0023763934281773366,0.003002059001441491,0.0035047991121865394,11696
309,X_BASE,24,B5_EXACT_SELECTED_DIAGNOSTIC,1,0.01,64,0,1,18,EXACT_MODEL_SELECTION_FROZEN_BEFORE_LOCKED_TEST,1,0,0.005851337162417943,0.0020444840282726633,0.004087759713673255,0.004872983752684068,11696
309,X_BASE,24,B5_EXACT_SELECTED_DIAGNOSTIC,1,0.01,64,0,1,18,EXACT_MODEL_SELECTION_FROZEN_BEFORE_LOCKED_TEST,1,1,-0.0008891072523130927,0.0020498508955899253,-0.001737387783386132,0.004862092386807684,11696
309,X_BASE,24,B5_EXACT_SELECTED_DIAGNOSTIC,1,0.01,64,0,1,18,EXACT_MODEL_SELECTION_FROZEN_BEFORE_LOCKED_TEST,1,2,-0.011266280339974996,0.0019003274402146035,-0.010375923232856694,0.004872534666413982,11696
309,X_BASE,24,B5_EXACT_SELECTED_DIAGNOSTIC,1,0.01,64,0,1,18,EXACT_MODEL_SELECTION_FROZEN_BEFORE_LOCKED_TEST,1,3,-0.003233191999019049,0.0019041892009879237,0.0014616852242798773,0.004901061088851748,11696
309,X_BASE,24,B5_EXACT_SELECTED_DIAGNOSTIC,1,0.01,64,0,1,18,EXACT_MODEL_SELECTION_FROZEN_BEFORE_LOCKED_TEST,1,4,0.010880887965866339,0.0017081385218431263,-0.003410544780456433,0.004829014406107278,11696
309,X_BASE,24,B5_EXACT_SELECTED_DIAGNOSTIC,1,0.01,64,0,1,18,EXACT_MODEL_SELECTION_FROZEN_BEFORE_LOCKED_TEST,1,5,0.005780170934876595,0.0016985798518209336,0.0032107954810015205,0.004793132189119163,11696
309,X_BASE,24,B5_EXACT_SELECTED_DIAGNOSTIC,1,0.01,64,0,1,18,EXACT_MODEL_SELECTION_FROZEN_BEFORE_LOCKED_TEST,2,0,0.005561361706959411,0.002398146778995011,0.0038851820887859487,0.004182372853710908,11696
309,X_BASE,24,B5_EXACT_SELECTED_DIAGNOSTIC,1,0.01,64,0,1,18,EXACT_MODEL_SELECTION_FROZEN_BEFORE_LOCKED_TEST,2,1,-0.0008450456518131399,0.0024235298828056326,-0.0016512878373718595,0.004210565612906276,11696
309,X_BASE,24,B5_EXACT_SELECTED_DIAGNOSTIC,1,0.01,64,0,1,18,EXACT_MODEL_SELECTION_FROZEN_BEFORE_LOCKED_TEST,2,2,-0.010707955860932714,0.002291199429411854,-0.009861722293526944,0.004181258534283303,11696
309,X_BASE,24,B5_EXACT_SELECTED_DIAGNOSTIC,1,0.01,64,0,1,18,EXACT_MODEL_SELECTION_FROZEN_BEFORE_LOCKED_TEST,2,3,-0.003072964294397596,0.002310016777202871,0.0013892483048403524,0.004225466558624154,11696
309,X_BASE,24,B5_EXACT_SELECTED_DIAGNOSTIC,1,0.01,64,0,1,18,EXACT_MODEL_SELECTION_FROZEN_BEFORE_LOCKED_TEST,2,4,0.010341662425427384,0.0020372658128902568,-0.0032415279816251203,0.004134633131261534,11696
309,X_BASE,24,B5_EXACT_SELECTED_DIAGNOSTIC,1,0.01,64,0,1,18,EXACT_MODEL_SELECTION_FROZEN_BEFORE_LOCKED_TEST,2,5,0.005493722273152857,0.002044121911203378,0.0030516776834547342,0.004120274404967095,11696
309,X_BASE,24,B5_EXACT_SELECTED_DIAGNOSTIC,1,0.01,64,0,1,18,EXACT_MODEL_SELECTION_FROZEN_BEFORE_LOCKED_TEST,3,0,0.006334449795802533,0.0026716272263408343,0.004425263485050538,0.003996954080435041,11696
309,X_BASE,24,B5_EXACT_SELECTED_DIAGNOSTIC,1,0.01,64,0,1,18,EXACT_MODEL_SELECTION_FROZEN_BEFORE_LOCKED_TEST,3,1,-0.0009625159337996349,0.0026896818679067874,-0.0018808343091876005,0.00399337701418441,11696
309,X_BASE,24,B5_EXACT_SELECTED_DIAGNOSTIC,1,0.01,64,0,1,18,EXACT_MODEL_SELECTION_FROZEN_BEFORE_LOCKED_TEST,3,2,-0.012196474962573908,0.0025573196770087305,-0.011232605980352023,0.003971922492015578,11696
309,X_BASE,24,B5_EXACT_SELECTED_DIAGNOSTIC,1,0.01,64,0,1,18,EXACT_MODEL_SELECTION_FROZEN_BEFORE_LOCKED_TEST,3,3,-0.0035001388280133648,0.002557225907727828,0.0015823685105578785,0.003965950176198676,11696
309,X_BASE,24,B5_EXACT_SELECTED_DIAGNOSTIC,1,0.01,64,0,1,18,EXACT_MODEL_SELECTION_FROZEN_BEFORE_LOCKED_TEST,3,4,0.011779262865968684,0.002287898309643009,-0.0036921346503318354,0.003911226703738044,11696
309,X_BASE,24,B5_EXACT_SELECTED_DIAGNOSTIC,1,0.01,64,0,1,18,EXACT_MODEL_SELECTION_FROZEN_BEFORE_LOCKED_TEST,3,5,0.006257407765407717,0.002295921992200955,0.003475893153042861,0.0038813153006255984,11696
309,X_BASE,24,B5_EXACT_SELECTED_DIAGNOSTIC,1,0.01,64,0,1,18,EXACT_MODEL_SELECTION_FROZEN_BEFORE_LOCKED_TEST,4,0,0.005938691417235357,0.002593300114090103,0.004148785628562254,0.004341480507817995,11696
309,X_BASE,24,B5_EXACT_SELECTED_DIAGNOSTIC,1,0.01,64,0,1,18,EXACT_MODEL_SELECTION_FROZEN_BEFORE_LOCKED_TEST,4,1,-0.0009023806801335569,0.0026217225108827896,-0.001763325139401324,0.004378376232988639,11696
309,X_BASE,24,B5_EXACT_SELECTED_DIAGNOSTIC,1,0.01,64,0,1,18,EXACT_MODEL_SELECTION_FROZEN_BEFORE_LOCKED_TEST,4,2,-0.011434473950485713,0.002433575781072996,-0.010530824756540956,0.004304428078121098,11696
309,X_BASE,24,B5_EXACT_SELECTED_DIAGNOSTIC,1,0.01,64,0,1,18,EXACT_MODEL_SELECTION_FROZEN_BEFORE_LOCKED_TEST,4,3,-0.0032814601247339622,0.0024431907278305736,0.0014835066336433107,0.004357543029576908,11696
309,X_BASE,24,B5_EXACT_SELECTED_DIAGNOSTIC,1,0.01,64,0,1,18,EXACT_MODEL_SELECTION_FROZEN_BEFORE_LOCKED_TEST,4,4,0.011043328077182236,0.0021999117151360087,-0.00346146059500421,0.004246154480604838,11696
309,X_BASE,24,B5_EXACT_SELECTED_DIAGNOSTIC,1,0.01,64,0,1,18,EXACT_MODEL_SELECTION_FROZEN_BEFORE_LOCKED_TEST,4,5,0.005866462753433293,0.0022090036578219104,0.0032587292504680037,0.004250038547991149,11696
309,X_BASE,24,B5_EXACT_SELECTED_DIAGNOSTIC,1,0.01,64,0,1,18,EXACT_MODEL_SELECTION_FROZEN_BEFORE_LOCKED_TEST,5,0,0.005938691417235357,0.002593300114090103,0.004148785628562254,0.004341480507817995,11696
309,X_BASE,24,B5_EXACT_SELECTED_DIAGNOSTIC,1,0.01,64,0,1,18,EXACT_MODEL_SELECTION_FROZEN_BEFORE_LOCKED_TEST,5,1,-0.0009023806801335569,0.0026217225108827896,-0.001763325139401324,0.004378376232988639,11696
309,X_BASE,24,B5_EXACT_SELECTED_DIAGNOSTIC,1,0.01,64,0,1,18,EXACT_MODEL_SELECTION_FROZEN_BEFORE_LOCKED_TEST,5,2,-0.011434473950485713,0.002433575781072996,-0.010530824756540956,0.004304428078121098,11696
309,X_BASE,24,B5_EXACT_SELECTED_DIAGNOSTIC,1,0.01,64,0,1,18,EXACT_MODEL_SELECTION_FROZEN_BEFORE_LOCKED_TEST,5,3,-0.0032814601247339622,0.0024431907278305736,0.0014835066336433107,0.004357543029576908,11696
309,X_BASE,24,B5_EXACT_SELECTED_DIAGNOSTIC,1,0.01,64,0,1,18,EXACT_MODEL_SELECTION_FROZEN_BEFORE_LOCKED_TEST,5,4,0.011043328077182236,0.0021999117151360087,-0.00346146059500421,0.004246154480604838,11696
309,X_BASE,24,B5_EXACT_SELECTED_DIAGNOSTIC,1,0.01,64,0,1,18,EXACT_MODEL_SELECTION_FROZEN_BEFORE_LOCKED_TEST,5,5,0.005866462753433293,0.0022090036578219104,0.0032587292504680037,0.004250038547991149,11696
309,X_BASE,24,B5_EXACT_SELECTED_DIAGNOSTIC,1,0.01,64,0,1,18,EXACT_MODEL_SELECTION_FROZEN_BEFORE_LOCKED_TEST,6,0,0.005394985659538894,0.0024141087858587074,0.0037689513392858216,0.0029638439107422983,11696
309,X_BASE,24,B5_EXACT_SELECTED_DIAGNOSTIC,1,0.01,64,0,1,18,EXACT_MODEL_SELECTION_FROZEN_BEFORE_LOCKED_TEST,6,1,-0.0008197649089219479,0.0024391247641359338,-0.0016018872124868241,0.002946441302202254,11696
309,X_BASE,24,B5_EXACT_SELECTED_DIAGNOSTIC,1,0.01,64,0,1,18,EXACT_MODEL_SELECTION_FROZEN_BEFORE_LOCKED_TEST,6,2,-0.010387612127514705,0.0025855600060426588,-0.009566694841185082,0.0029559054340895902,11696
309,X_BASE,24,B5_EXACT_SELECTED_DIAGNOSTIC,1,0.01,64,0,1,18,EXACT_MODEL_SELECTION_FROZEN_BEFORE_LOCKED_TEST,6,3,-0.002981032195730742,0.00262566874777711,0.0013476869653655714,0.0029843340401017105,11696
309,X_BASE,24,B5_EXACT_SELECTED_DIAGNOSTIC,1,0.01,64,0,1,18,EXACT_MODEL_SELECTION_FROZEN_BEFORE_LOCKED_TEST,6,4,0.010032276881245507,0.002184738982439876,-0.0031445530604451324,0.0029364862859759277,11696
309,X_BASE,24,B5_EXACT_SELECTED_DIAGNOSTIC,1,0.01,64,0,1,18,EXACT_MODEL_SELECTION_FROZEN_BEFORE_LOCKED_TEST,6,5,0.00532936975562294,0.0022051487665822496,0.00296038240403796,0.00290607487559175,11696
309,X_BASE,24,B5_EXACT_SELECTED_DIAGNOSTIC,1,0.01,64,0,1,18,EXACT_MODEL_SELECTION_FROZEN_BEFORE_LOCKED_TEST,7,0,0.00538216879565448,0.002415107563894735,0.0037599974440669912,0.0034650876454662694,11696
309,X_BASE,24,B5_EXACT_SELECTED_DIAGNOSTIC,1,0.01,64,0,1,18,EXACT_MODEL_SELECTION_FROZEN_BEFORE_LOCKED_TEST,7,1,-0.000817817393966779,0.0024421998585659895,-0.0015980816100892848,0.0034592349236329555,11696
309,X_BASE,24,B5_EXACT_SELECTED_DIAGNOSTIC,1,0.01,64,0,1,18,EXACT_MODEL_SELECTION_FROZEN_BEFORE_LOCKED_TEST,7,2,-0.01036293428421274,0.0025657961526488805,-0.009543967250540538,0.0034505386241801897,11696
309,X_BASE,24,B5_EXACT_SELECTED_DIAGNOSTIC,1,0.01,64,0,1,18,EXACT_MODEL_SELECTION_FROZEN_BEFORE_LOCKED_TEST,7,3,-0.002973950159503236,0.002611018872672368,0.001344485266327993,0.003502387396443811,11696
309,X_BASE,24,B5_EXACT_SELECTED_DIAGNOSTIC,1,0.01,64,0,1,18,EXACT_MODEL_SELECTION_FROZEN_BEFORE_LOCKED_TEST,7,4,0.01000844320765449,0.002182046107486171,-0.00313708254780683,0.0034323746343833256,11696
309,X_BASE,24,B5_EXACT_SELECTED_DIAGNOSTIC,1,0.01,64,0,1,18,EXACT_MODEL_SELECTION_FROZEN_BEFORE_LOCKED_TEST,7,5,0.005316708775398325,0.0022042549759434087,0.002953349425507002,0.0034124297962938393,11696
309,X_BASE,24,B5_EXACT_SELECTED_DIAGNOSTIC,1,0.01,64,0,1,18,EXACT_MODEL_SELECTION_FROZEN_BEFORE_LOCKED_TEST,8,0,0.00538216879565448,0.002415107563894735,0.0037599974440669912,0.0034650876454662694,11696
309,X_BASE,24,B5_EXACT_SELECTED_DIAGNOSTIC,1,0.01,64,0,1,18,EXACT_MODEL_SELECTION_FROZEN_BEFORE_LOCKED_TEST,8,1,-0.000817817393966779,0.0024421998585659895,-0.0015980816100892848,0.0034592349236329555,11696
309,X_BASE,24,B5_EXACT_SELECTED_DIAGNOSTIC,1,0.01,64,0,1,18,EXACT_MODEL_SELECTION_FROZEN_BEFORE_LOCKED_TEST,8,2,-0.01036293428421274,0.0025657961526488805,-0.009543967250540538,0.0034505386241801897,11696
309,X_BASE,24,B5_EXACT_SELECTED_DIAGNOSTIC,1,0.01,64,0,1,18,EXACT_MODEL_SELECTION_FROZEN_BEFORE_LOCKED_TEST,8,3,-0.002973950159503236,0.002611018872672368,0.001344485266327993,0.003502387396443811,11696
309,X_BASE,24,B5_EXACT_SELECTED_DIAGNOSTIC,1,0.01,64,0,1,18,EXACT_MODEL_SELECTION_FROZEN_BEFORE_LOCKED_TEST,8,4,0.01000844320765449,0.002182046107486171,-0.00313708254780683,0.0034323746343833256,11696
309,X_BASE,24,B5_EXACT_SELECTED_DIAGNOSTIC,1,0.01,64,0,1,18,EXACT_MODEL_SELECTION_FROZEN_BEFORE_LOCKED_TEST,8,5,0.005316708775398325,0.0022042549759434087,0.002953349425507002,0.0034124297962938393,11696
309,X_BASE,24,B5_EXACT_SELECTED_DIAGNOSTIC,1,0.01,64,0,1,18,EXACT_MODEL_SELECTION_FROZEN_BEFORE_LOCKED_TEST,9,0,0.007285674469639225,0.002405363578290518,0.005089791573661796,0.002160391944223005,11696
309,X_BASE,24,B5_EXACT_SELECTED_DIAGNOSTIC,1,0.01,64,0,1,18,EXACT_MODEL_SELECTION_FROZEN_BEFORE_LOCKED_TEST,9,1,-0.0011070539654686,0.0024264226050384487,-0.0021632733622973695,0.0021097859903572505,11696
309,X_BASE,24,B5_EXACT_SELECTED_DIAGNOSTIC,1,0.01,64,0,1,18,EXACT_MODEL_SELECTION_FROZEN_BEFORE_LOCKED_TEST,9,2,-0.014027981769356,0.0025156558045642138,-0.012919371572381275,0.002181795327048798,11696
309,X_BASE,24,B5_EXACT_SELECTED_DIAGNOSTIC,1,0.01,64,0,1,18,EXACT_MODEL_SELECTION_FROZEN_BEFORE_LOCKED_TEST,9,3,-0.004025743816984368,0.0025359705086401146,0.001819987880647805,0.002116798878809327,11696
309,X_BASE,24,B5_EXACT_SELECTED_DIAGNOSTIC,1,0.01,64,0,1,18,EXACT_MODEL_SELECTION_FROZEN_BEFORE_LOCKED_TEST,9,4,0.013548118226562504,0.0021074207261269945,-0.004246571056292503,0.0021639299220959896,11696
309,X_BASE,24,B5_EXACT_SELECTED_DIAGNOSTIC,1,0.01,64,0,1,18,EXACT_MODEL_SELECTION_FROZEN_BEFORE_LOCKED_TEST,9,5,0.007197063276555234,0.0021197193359220458,0.003997857244223332,0.0020961695986558954,11696
309,X_BASE,24,B5_EXACT_SELECTED_DIAGNOSTIC,1,0.01,64,0,1,18,EXACT_MODEL_SELECTION_FROZEN_BEFORE_LOCKED_TEST,10,0,0.006985715039328912,0.0022483063115209478,0.0048802391173729505,0.003307392537864789,11696
309,X_BASE,24,B5_EXACT_SELECTED_DIAGNOSTIC,1,0.01,64,0,1,18,EXACT_MODEL_SELECTION_FROZEN_BEFORE_LOCKED_TEST,10,1,-0.0010614753058416102,0.0022917482120057404,-0.0020742089595349004,0.003375373524439058,11696
309,X_BASE,24,B5_EXACT_SELECTED_DIAGNOSTIC,1,0.01,64,0,1,18,EXACT_MODEL_SELECTION_FROZEN_BEFORE_LOCKED_TEST,10,2,-0.013450433947603285,0.002204765323282789,-0.01238746648206084,0.0033019123754298115,11696
309,X_BASE,24,B5_EXACT_SELECTED_DIAGNOSTIC,1,0.01,64,0,1,18,EXACT_MODEL_SELECTION_FROZEN_BEFORE_LOCKED_TEST,10,3,-0.00385999940623008,0.0022492458804259006,0.0017450569281154437,0.003423959311800269,11696
309,X_BASE,24,B5_EXACT_SELECTED_DIAGNOSTIC,1,0.01,64,0,1,18,EXACT_MODEL_SELECTION_FROZEN_BEFORE_LOCKED_TEST,10,4,0.012990326927767663,0.0019244914415898068,-0.004071734939179953,0.003285282566042814,11696
309,X_BASE,24,B5_EXACT_SELECTED_DIAGNOSTIC,1,0.01,64,0,1,18,EXACT_MODEL_SELECTION_FROZEN_BEFORE_LOCKED_TEST,10,5,0.006900752068946519,0.0019312079208549555,0.003833260955103298,0.0033210545607541032,11696
309,X_BASE,24,B5_EXACT_SELECTED_DIAGNOSTIC,1,0.01,64,0,1,18,EXACT_MODEL_SELECTION_FROZEN_BEFORE_LOCKED_TEST,11,0,0.007285674469639225,0.002405363578290518,0.005089791573661796,0.002160391944223005,11696
309,X_BASE,24,B5_EXACT_SELECTED_DIAGNOSTIC,1,0.01,64,0,1,18,EXACT_MODEL_SELECTION_FROZEN_BEFORE_LOCKED_TEST,11,1,-0.0011070539654686,0.0024264226050384487,-0.0021632733622973695,0.0021097859903572505,11696
309,X_BASE,24,B5_EXACT_SELECTED_DIAGNOSTIC,1,0.01,64,0,1,18,EXACT_MODEL_SELECTION_FROZEN_BEFORE_LOCKED_TEST,11,2,-0.014027981769356,0.0025156558045642138,-0.012919371572381275,0.002181795327048798,11696
309,X_BASE,24,B5_EXACT_SELECTED_DIAGNOSTIC,1,0.01,64,0,1,18,EXACT_MODEL_SELECTION_FROZEN_BEFORE_LOCKED_TEST,11,3,-0.004025743816984368,0.0025359705086401146,0.001819987880647805,0.002116798878809327,11696
309,X_BASE,24,B5_EXACT_SELECTED_DIAGNOSTIC,1,0.01,64,0,1,18,EXACT_MODEL_SELECTION_FROZEN_BEFORE_LOCKED_TEST,11,4,0.013548118226562504,0.0021074207261269945,-0.004246571056292503,0.0021639299220959896,11696
309,X_BASE,24,B5_EXACT_SELECTED_DIAGNOSTIC,1,0.01,64,0,1,18,EXACT_MODEL_SELECTION_FROZEN_BEFORE_LOCKED_TEST,11,5,0.007197063276555234,0.0021197193359220458,0.003997857244223332,0.0020961695986558954,11696
309,X_BASE,40,B5_EXACT_SELECTED_DIAGNOSTIC,1,0.01,64,0,1,13,EXACT_MODEL_SELECTION_FROZEN_BEFORE_LOCKED_TEST,0,0,0.0009269082706101472,0.0011901615313344473,0.0020473105451669954,0.001472427187477911,11933
309,X_BASE,40,B5_EXACT_SELECTED_DIAGNOSTIC,1,0.01,64,0,1,13,EXACT_MODEL_SELECTION_FROZEN_BEFORE_LOCKED_TEST,0,1,-4.7871800037612225e-05,0.0011640502456816426,0.0014721961324305622,0.0015805369532159218,11933
309,X_BASE,40,B5_EXACT_SELECTED_DIAGNOSTIC,1,0.01,64,0,1,13,EXACT_MODEL_SELECTION_FROZEN_BEFORE_LOCKED_TEST,0,2,-0.0011763344868034181,0.001130380160978596,0.0001983151620712562,0.001479135389813503,11933
309,X_BASE,40,B5_EXACT_SELECTED_DIAGNOSTIC,1,0.01,64,0,1,13,EXACT_MODEL_SELECTION_FROZEN_BEFORE_LOCKED_TEST,0,3,0.0018951850560284366,0.0010986379124483588,0.0008423338779513253,0.0015517587195621862,11933
309,X_BASE,40,B5_EXACT_SELECTED_DIAGNOSTIC,1,0.01,64,0,1,13,EXACT_MODEL_SELECTION_FROZEN_BEFORE_LOCKED_TEST,0,4,0.0008297525673782724,0.0015745506716027737,-0.002221103568665452,0.0016907349192575507,11933
309,X_BASE,40,B5_EXACT_SELECTED_DIAGNOSTIC,1,0.01,64,0,1,13,EXACT_MODEL_SELECTION_FROZEN_BEFORE_LOCKED_TEST,0,5,-0.0009163347648988725,0.0015877656967940642,-0.0007694107143280228,0.0017654856623750893,11933
309,X_BASE,40,B5_EXACT_SELECTED_DIAGNOSTIC,1,0.01,64,0,1,13,EXACT_MODEL_SELECTION_FROZEN_BEFORE_LOCKED_TEST,1,0,0.0009269082706101472,0.0011901615313344473,0.0020473105451669954,0.001472427187477911,11933
309,X_BASE,40,B5_EXACT_SELECTED_DIAGNOSTIC,1,0.01,64,0,1,13,EXACT_MODEL_SELECTION_FROZEN_BEFORE_LOCKED_TEST,1,1,-4.7871800037612225e-05,0.0011640502456816426,0.0014721961324305622,0.0015805369532159218,11933
309,X_BASE,40,B5_EXACT_SELECTED_DIAGNOSTIC,1,0.01,64,0,1,13,EXACT_MODEL_SELECTION_FROZEN_BEFORE_LOCKED_TEST,1,2,-0.0011763344868034181,0.001130380160978596,0.0001983151620712562,0.001479135389813503,11933
309,X_BASE,40,B5_EXACT_SELECTED_DIAGNOSTIC,1,0.01,64,0,1,13,EXACT_MODEL_SELECTION_FROZEN_BEFORE_LOCKED_TEST,1,3,0.0018951850560284366,0.0010986379124483588,0.0008423338779513253,0.0015517587195621862,11933
309,X_BASE,40,B5_EXACT_SELECTED_DIAGNOSTIC,1,0.01,64,0,1,13,EXACT_MODEL_SELECTION_FROZEN_BEFORE_LOCKED_TEST,1,4,0.0008297525673782724,0.0015745506716027737,-0.002221103568665452,0.0016907349192575507,11933
309,X_BASE,40,B5_EXACT_SELECTED_DIAGNOSTIC,1,0.01,64,0,1,13,EXACT_MODEL_SELECTION_FROZEN_BEFORE_LOCKED_TEST,1,5,-0.0009163347648988725,0.0015877656967940642,-0.0007694107143280228,0.0017654856623750893,11933
309,X_BASE,40,B5_EXACT_SELECTED_DIAGNOSTIC,1,0.01,64,0,1,13,EXACT_MODEL_SELECTION_FROZEN_BEFORE_LOCKED_TEST,2,0,0.0009269082706101472,0.0011901615313344473,0.0020473105451669954,0.001472427187477911,11933
309,X_BASE,40,B5_EXACT_SELECTED_DIAGNOSTIC,1,0.01,64,0,1,13,EXACT_MODEL_SELECTION_FROZEN_BEFORE_LOCKED_TEST,2,1,-4.7871800037612225e-05,0.0011640502456816426,0.0014721961324305622,0.0015805369532159218,11933
309,X_BASE,40,B5_EXACT_SELECTED_DIAGNOSTIC,1,0.01,64,0,1,13,EXACT_MODEL_SELECTION_FROZEN_BEFORE_LOCKED_TEST,2,2,-0.0011763344868034181,0.001130380160978596,0.0001983151620712562,0.001479135389813503,11933
309,X_BASE,40,B5_EXACT_SELECTED_DIAGNOSTIC,1,0.01,64,0,1,13,EXACT_MODEL_SELECTION_FROZEN_BEFORE_LOCKED_TEST,2,3,0.0018951850560284366,0.0010986379124483588,0.0008423338779513253,0.0015517587195621862,11933
309,X_BASE,40,B5_EXACT_SELECTED_DIAGNOSTIC,1,0.01,64,0,1,13,EXACT_MODEL_SELECTION_FROZEN_BEFORE_LOCKED_TEST,2,4,0.0008297525673782724,0.0015745506716027737,-0.002221103568665452,0.0016907349192575507,11933
309,X_BASE,40,B5_EXACT_SELECTED_DIAGNOSTIC,1,0.01,64,0,1,13,EXACT_MODEL_SELECTION_FROZEN_BEFORE_LOCKED_TEST,2,5,-0.0009163347648988725,0.0015877656967940642,-0.0007694107143280228,0.0017654856623750893,11933
309,X_BASE,40,B5_EXACT_SELECTED_DIAGNOSTIC,1,0.01,64,0,1,13,EXACT_MODEL_SELECTION_FROZEN_BEFORE_LOCKED_TEST,3,0,7.674007426717889e-05,0.000875189575758333,0.00016949979654477994,0.0020451889266635977,11933
309,X_BASE,40,B5_EXACT_SELECTED_DIAGNOSTIC,1,0.01,64,0,1,13,EXACT_MODEL_SELECTION_FROZEN_BEFORE_LOCKED_TEST,3,1,-3.963375456528916e-06,0.0007330920265422222,0.00012188524379462806,0.0017957475561444036,11933
309,X_BASE,40,B5_EXACT_SELECTED_DIAGNOSTIC,1,0.01,64,0,1,13,EXACT_MODEL_SELECTION_FROZEN_BEFORE_LOCKED_TEST,3,2,-9.739043090090842e-05,0.0009745933375528149,1.641879865376316e-05,0.0021563231630172632,11933
309,X_BASE,40,B5_EXACT_SELECTED_DIAGNOSTIC,1,0.01,64,0,1,13,EXACT_MODEL_SELECTION_FROZEN_BEFORE_LOCKED_TEST,3,3,0.00015690510761537892,0.0008998207187060856,6.973803816551884e-05,0.0019443298567426912,11933
309,X_BASE,40,B5_EXACT_SELECTED_DIAGNOSTIC,1,0.01,64,0,1,13,EXACT_MODEL_SELECTION_FROZEN_BEFORE_LOCKED_TEST,3,4,6.869641329457136e-05,0.0014024274359027103,-0.0001838883719338095,0.002571333324346187,11933
309,X_BASE,40,B5_EXACT_SELECTED_DIAGNOSTIC,1,0.01,64,0,1,13,EXACT_MODEL_SELECTION_FROZEN_BEFORE_LOCKED_TEST,3,5,-7.586467846019836e-05,0.0013871353912626617,-6.370062414118813e-05,0.0023646328861170675,11933
309,X_BASE,40,B5_EXACT_SELECTED_DIAGNOSTIC,1,0.01,64,0,1,13,EXACT_MODEL_SELECTION_FROZEN_BEFORE_LOCKED_TEST,4,0,-5.75347539041512e-06,0.0010135612502553196,-1.2708000577448646e-05,0.002497434965797314,11933
309,X_BASE,40,B5_EXACT_SELECTED_DIAGNOSTIC,1,0.01,64,0,1,13,EXACT_MODEL_SELECTION_FROZEN_BEFORE_LOCKED_TEST,4,1,2.9714830705952194e-07,0.000861221135746487,-9.13816877718432e-06,0.0022340263113980246,11933
309,X_BASE,40,B5_EXACT_SELECTED_DIAGNOSTIC,1,0.01,64,0,1,13,EXACT_MODEL_SELECTION_FROZEN_BEFORE_LOCKED_TEST,4,2,7.3017058271202515e-06,0.0010180692641657298,-1.230975535229696e-06,0.002619825493538275,11933
309,X_BASE,40,B5_EXACT_SELECTED_DIAGNOSTIC,1,0.01,64,0,1,13,EXACT_MODEL_SELECTION_FROZEN_BEFORE_LOCKED_TEST,4,3,-1.1763732103678943e-05,0.0009319881045732401,-5.228507923568021e-06,0.0023910139694760155,11933
309,X_BASE,40,B5_EXACT_SELECTED_DIAGNOSTIC,1,0.01,64,0,1,13,EXACT_MODEL_SELECTION_FROZEN_BEFORE_LOCKED_TEST,4,4,-5.150413614717394e-06,0.0014994353530130202,1.378676307793427e-05,0.0029645752803520897,11933
309,X_BASE,40,B5_EXACT_SELECTED_DIAGNOSTIC,1,0.01,64,0,1,13,EXACT_MODEL_SELECTION_FROZEN_BEFORE_LOCKED_TEST,4,5,5.687843863726738e-06,0.0014727958688744742,4.7758615931801125e-06,0.0027491048598056772,11933
309,X_BASE,40,B5_EXACT_SELECTED_DIAGNOSTIC,1,0.01,64,0,1,13,EXACT_MODEL_SELECTION_FROZEN_BEFORE_LOCKED_TEST,5,0,-5.75347539041512e-06,0.0010135612502553196,-1.2708000577448646e-05,0.002497434965797314,11933
309,X_BASE,40,B5_EXACT_SELECTED_DIAGNOSTIC,1,0.01,64,0,1,13,EXACT_MODEL_SELECTION_FROZEN_BEFORE_LOCKED_TEST,5,1,2.9714830705952194e-07,0.000861221135746487,-9.13816877718432e-06,0.0022340263113980246,11933
309,X_BASE,40,B5_EXACT_SELECTED_DIAGNOSTIC,1,0.01,64,0,1,13,EXACT_MODEL_SELECTION_FROZEN_BEFORE_LOCKED_TEST,5,2,7.3017058271202515e-06,0.0010180692641657298,-1.230975535229696e-06,0.002619825493538275,11933
309,X_BASE,40,B5_EXACT_SELECTED_DIAGNOSTIC,1,0.01,64,0,1,13,EXACT_MODEL_SELECTION_FROZEN_BEFORE_LOCKED_TEST,5,3,-1.1763732103678943e-05,0.0009319881045732401,-5.228507923568021e-06,0.0023910139694760155,11933
309,X_BASE,40,B5_EXACT_SELECTED_DIAGNOSTIC,1,0.01,64,0,1,13,EXACT_MODEL_SELECTION_FROZEN_BEFORE_LOCKED_TEST,5,4,-5.150413614717394e-06,0.0014994353530130202,1.378676307793427e-05,0.0029645752803520897,11933
309,X_BASE,40,B5_EXACT_SELECTED_DIAGNOSTIC,1,0.01,64,0,1,13,EXACT_MODEL_SELECTION_FROZEN_BEFORE_LOCKED_TEST,5,5,5.687843863726738e-06,0.0014727958688744742,4.7758615931801125e-06,0.0027491048598056772,11933
309,X_BASE,40,B5_EXACT_SELECTED_DIAGNOSTIC,1,0.01,64,0,1,13,EXACT_MODEL_SELECTION_FROZEN_BEFORE_LOCKED_TEST,6,0,0.0017610634709745825,0.0010753921271167768,0.00388975255605534,0.0017802274820925238,11933
309,X_BASE,40,B5_EXACT_SELECTED_DIAGNOSTIC,1,0.01,64,0,1,13,EXACT_MODEL_SELECTION_FROZEN_BEFORE_LOCKED_TEST,6,1,-9.095320541324323e-05,0.0010554474743606698,0.002797073791592015,0.0019686214211658893,11933
309,X_BASE,40,B5_EXACT_SELECTED_DIAGNOSTIC,1,0.01,64,0,1,13,EXACT_MODEL_SELECTION_FROZEN_BEFORE_LOCKED_TEST,6,2,-0.002234956532423083,0.0009640720974861527,0.00037678549079532813,0.0018913539794334774,11933
309,X_BASE,40,B5_EXACT_SELECTED_DIAGNOSTIC,1,0.01,64,0,1,13,EXACT_MODEL_SELECTION_FROZEN_BEFORE_LOCKED_TEST,6,3,0.0036007243421310995,0.0009312225039390479,0.001600377804211387,0.0020211130755741573,11933
309,X_BASE,40,B5_EXACT_SELECTED_DIAGNOSTIC,1,0.01,64,0,1,13,EXACT_MODEL_SELECTION_FROZEN_BEFORE_LOCKED_TEST,6,4,0.0015764741589751607,0.0014461461086607466,-0.004219947630258195,0.0019750839097379598,11933
309,X_BASE,40,B5_EXACT_SELECTED_DIAGNOSTIC,1,0.01,64,0,1,13,EXACT_MODEL_SELECTION_FROZEN_BEFORE_LOCKED_TEST,6,5,-0.0017409745201488332,0.001453766411651997,-0.0014618286902193793,0.002110844850551945,11933
309,X_BASE,40,B5_EXACT_SELECTED_DIAGNOSTIC,1,0.01,64,0,1,13,EXACT_MODEL_SELECTION_FROZEN_BEFORE_LOCKED_TEST,7,0,0.001690442942907133,0.0014615366333656347,0.003733769319739431,0.003483388742374636,11933
309,X_BASE,40,B5_EXACT_SELECTED_DIAGNOSTIC,1,0.01,64,0,1,13,EXACT_MODEL_SELECTION_FROZEN_BEFORE_LOCKED_TEST,7,1,-8.730588463146752e-05,0.001415421604737908,0.002684908141993629,0.0035419746702301112,11933
309,X_BASE,40,B5_EXACT_SELECTED_DIAGNOSTIC,1,0.01,64,0,1,13,EXACT_MODEL_SELECTION_FROZEN_BEFORE_LOCKED_TEST,7,2,-0.0021453323859179207,0.0011759186220237615,0.00036167598976559316,0.003206220451573068,11933
309,X_BASE,40,B5_EXACT_SELECTED_DIAGNOSTIC,1,0.01,64,0,1,13,EXACT_MODEL_SELECTION_FROZEN_BEFORE_LOCKED_TEST,7,3,0.003456331446214694,0.0011311271983301303,0.0015362009431819045,0.003231745115655167,11933
309,X_BASE,40,B5_EXACT_SELECTED_DIAGNOSTIC,1,0.01,64,0,1,13,EXACT_MODEL_SELECTION_FROZEN_BEFORE_LOCKED_TEST,7,4,0.00151325585967678,0.0016760548840185445,-0.004050723218431123,0.0032956704682219184,11933
309,X_BASE,40,B5_EXACT_SELECTED_DIAGNOSTIC,1,0.01,64,0,1,13,EXACT_MODEL_SELECTION_FROZEN_BEFORE_LOCKED_TEST,7,5,-0.0016711595804880573,0.0016702377606172835,-0.0014032077967939365,0.003336561459580755,11933
309,X_BASE,40,B5_EXACT_SELECTED_DIAGNOSTIC,1,0.01,64,0,1,13,EXACT_MODEL_SELECTION_FROZEN_BEFORE_LOCKED_TEST,8,0,0.0014198822331971666,0.0011427154434781536,0.0031361677968482237,0.002353037556697379,11933
309,X_BASE,40,B5_EXACT_SELECTED_DIAGNOSTIC,1,0.01,64,0,1,13,EXACT_MODEL_SELECTION_FROZEN_BEFORE_LOCKED_TEST,8,1,-7.333230320604406e-05,0.001117878835270913,0.0022551801494270266,0.002515176949565067,11933
309,X_BASE,40,B5_EXACT_SELECTED_DIAGNOSTIC,1,0.01,64,0,1,13,EXACT_MODEL_SELECTION_FROZEN_BEFORE_LOCKED_TEST,8,2,-0.0018019651901582622,0.001044233884108985,0.0003037886100781442,0.002430889287102486,11933
309,X_BASE,40,B5_EXACT_SELECTED_DIAGNOSTIC,1,0.01,64,0,1,13,EXACT_MODEL_SELECTION_FROZEN_BEFORE_LOCKED_TEST,8,3,0.0029031347275650225,0.0010098178346047773,0.0012903271506422833,0.0025407453876219537,11933
309,X_BASE,40,B5_EXACT_SELECTED_DIAGNOSTIC,1,0.01,64,0,1,13,EXACT_MODEL_SELECTION_FROZEN_BEFORE_LOCKED_TEST,8,4,0.0012710544999178983,0.0015224243742788135,-0.003402392227186557,0.0025429299725752107,11933
309,X_BASE,40,B5_EXACT_SELECTED_DIAGNOSTIC,1,0.01,64,0,1,13,EXACT_MODEL_SELECTION_FROZEN_BEFORE_LOCKED_TEST,8,5,-0.001403685233582345,0.0015294282230550835,-0.0011786199756171872,0.0026610940482082305,11933
309,X_BASE,40,B5_EXACT_SELECTED_DIAGNOSTIC,1,0.01,64,0,1,13,EXACT_MODEL_SELECTION_FROZEN_BEFORE_LOCKED_TEST,9,0,0.0006829702310253003,0.0011588711509578908,0.0015085118995570325,0.0017335249765577472,11933
309,X_BASE,40,B5_EXACT_SELECTED_DIAGNOSTIC,1,0.01,64,0,1,13,EXACT_MODEL_SELECTION_FROZEN_BEFORE_LOCKED_TEST,9,1,-3.5273193009447853e-05,0.0010222931418309503,0.001084752574296048,0.0013397166391019672,11933
309,X_BASE,40,B5_EXACT_SELECTED_DIAGNOSTIC,1,0.01,64,0,1,13,EXACT_MODEL_SELECTION_FROZEN_BEFORE_LOCKED_TEST,9,2,-0.0008667539838503232,0.001091169664590166,0.0001461237927745197,0.0018728675753532456,11933
309,X_BASE,40,B5_EXACT_SELECTED_DIAGNOSTIC,1,0.01,64,0,1,13,EXACT_MODEL_SELECTION_FROZEN_BEFORE_LOCKED_TEST,9,3,0.0013964218645922928,0.001037303809028861,0.0006206536088475766,0.001559540051613007,11933
309,X_BASE,40,B5_EXACT_SELECTED_DIAGNOSTIC,1,0.01,64,0,1,13,EXACT_MODEL_SELECTION_FROZEN_BEFORE_LOCKED_TEST,9,4,0.0006113833705067075,0.0015874471097221826,-0.0016365671399436504,0.0020011439357321185,11933
309,X_BASE,40,B5_EXACT_SELECTED_DIAGNOSTIC,1,0.01,64,0,1,13,EXACT_MODEL_SELECTION_FROZEN_BEFORE_LOCKED_TEST,9,5,-0.000675179395764306,0.0015737352660232073,-0.0005669219166337201,0.00166027977613072,11933
309,X_BASE,40,B5_EXACT_SELECTED_DIAGNOSTIC,1,0.01,64,0,1,13,EXACT_MODEL_SELECTION_FROZEN_BEFORE_LOCKED_TEST,10,0,0.0003096957941969779,0.0012328647762305384,0.000684041221075711,0.002290851896079153,11933
309,X_BASE,40,B5_EXACT_SELECTED_DIAGNOSTIC,1,0.01,64,0,1,13,EXACT_MODEL_SELECTION_FROZEN_BEFORE_LOCKED_TEST,10,1,-1.5994781363346824e-05,0.0011943945876518186,0.0004918857290448814,0.0022600879130636785,11933
309,X_BASE,40,B5_EXACT_SELECTED_DIAGNOSTIC,1,0.01,64,0,1,13,EXACT_MODEL_SELECTION_FROZEN_BEFORE_LOCKED_TEST,10,2,-0.0003930333288450117,0.0011676208887931034,6.626046348527177e-05,0.0023783762815305317,11933
309,X_BASE,40,B5_EXACT_SELECTED_DIAGNOSTIC,1,0.01,64,0,1,13,EXACT_MODEL_SELECTION_FROZEN_BEFORE_LOCKED_TEST,10,3,0.0006332135117217345,0.0011430251402858784,0.0002814380533463548,0.002331518140484752,11933
309,X_BASE,40,B5_EXACT_SELECTED_DIAGNOSTIC,1,0.01,64,0,1,13,EXACT_MODEL_SELECTION_FROZEN_BEFORE_LOCKED_TEST,10,4,0.0002772344238249614,0.0016596314844509446,-0.0007421084216227717,0.002586054218313956,11933
309,X_BASE,40,B5_EXACT_SELECTED_DIAGNOSTIC,1,0.01,64,0,1,13,EXACT_MODEL_SELECTION_FROZEN_BEFORE_LOCKED_TEST,10,5,-0.0003061630063769448,0.001681172473205781,-0.0002570731859805597,0.0025483733310030614,11933
309,X_BASE,40,B5_EXACT_SELECTED_DIAGNOSTIC,1,0.01,64,0,1,13,EXACT_MODEL_SELECTION_FROZEN_BEFORE_LOCKED_TEST,11,0,0.0003096957941969779,0.0012328647762305384,0.000684041221075711,0.002290851896079153,11933
309,X_BASE,40,B5_EXACT_SELECTED_DIAGNOSTIC,1,0.01,64,0,1,13,EXACT_MODEL_SELECTION_FROZEN_BEFORE_LOCKED_TEST,11,1,-1.5994781363346824e-05,0.0011943945876518186,0.0004918857290448814,0.0022600879130636785,11933
309,X_BASE,40,B5_EXACT_SELECTED_DIAGNOSTIC,1,0.01,64,0,1,13,EXACT_MODEL_SELECTION_FROZEN_BEFORE_LOCKED_TEST,11,2,-0.0003930333288450117,0.0011676208887931034,6.626046348527177e-05,0.0023783762815305317,11933
309,X_BASE,40,B5_EXACT_SELECTED_DIAGNOSTIC,1,0.01,64,0,1,13,EXACT_MODEL_SELECTION_FROZEN_BEFORE_LOCKED_TEST,11,3,0.0006332135117217345,0.0011430251402858784,0.0002814380533463548,0.002331518140484752,11933
309,X_BASE,40,B5_EXACT_SELECTED_DIAGNOSTIC,1,0.01,64,0,1,13,EXACT_MODEL_SELECTION_FROZEN_BEFORE_LOCKED_TEST,11,4,0.0002772344238249614,0.0016596314844509446,-0.0007421084216227717,0.002586054218313956,11933
309,X_BASE,40,B5_EXACT_SELECTED_DIAGNOSTIC,1,0.01,64,0,1,13,EXACT_MODEL_SELECTION_FROZEN_BEFORE_LOCKED_TEST,11,5,-0.0003061630063769448,0.001681172473205781,-0.0002570731859805597,0.0025483733310030614,11933
309,X_VALID,8,B5_EXACT_SELECTED_DIAGNOSTIC,1,0.01,64,0,1,19,EXACT_MODEL_SELECTION_FROZEN_BEFORE_LOCKED_TEST,0,0,0.012077272843948316,-0.0004886800471493227,0.0024801986415187573,0.005669813400715394,12170
309,X_VALID,8,B5_EXACT_SELECTED_DIAGNOSTIC,1,0.01,64,0,1,19,EXACT_MODEL_SELECTION_FROZEN_BEFORE_LOCKED_TEST,0,1,-0.00844147377896509,-0.00043998467979775084,-0.0028156763612722483,0.005512367962277817,12170
309,X_VALID,8,B5_EXACT_SELECTED_DIAGNOSTIC,1,0.01,64,0,1,19,EXACT_MODEL_SELECTION_FROZEN_BEFORE_LOCKED_TEST,0,2,-0.011953670980723642,-0.0005406288159370189,0.0032619799400081645,0.005605505707900238,12170
309,X_VALID,8,B5_EXACT_SELECTED_DIAGNOSTIC,1,0.01,64,0,1,19,EXACT_MODEL_SELECTION_FROZEN_BEFORE_LOCKED_TEST,0,3,-0.0002715755645347773,-0.0004917251348718118,0.0085851709009817,0.005427515444459979,12170
309,X_VALID,8,B5_EXACT_SELECTED_DIAGNOSTIC,1,0.01,64,0,1,19,EXACT_MODEL_SELECTION_FROZEN_BEFORE_LOCKED_TEST,0,4,0.002995030282274408,-0.0004311635928514115,0.008413506938310337,0.0057023254546117105,12170
309,X_VALID,8,B5_EXACT_SELECTED_DIAGNOSTIC,1,0.01,64,0,1,19,EXACT_MODEL_SELECTION_FROZEN_BEFORE_LOCKED_TEST,0,5,0.005621783106880486,-0.00039142186522982586,-0.004246935683538624,0.005510839478528702,12170
309,X_VALID,8,B5_EXACT_SELECTED_DIAGNOSTIC,1,0.01,64,0,1,19,EXACT_MODEL_SELECTION_FROZEN_BEFORE_LOCKED_TEST,1,0,0.013073334980915672,-0.0006575853055804116,0.002684750777658713,0.006581523685243381,12170
309,X_VALID,8,B5_EXACT_SELECTED_DIAGNOSTIC,1,0.01,64,0,1,19,EXACT_MODEL_SELECTION_FROZEN_BEFORE_LOCKED_TEST,1,1,-0.009137676681729103,-0.0005955026591372223,-0.0030478967184386133,0.006412494638193533,12170
309,X_VALID,8,B5_EXACT_SELECTED_DIAGNOSTIC,1,0.01,64,0,1,19,EXACT_MODEL_SELECTION_FROZEN_BEFORE_LOCKED_TEST,1,2,-0.01293953916599284,-0.0007491951942200844,0.0035310087805230385,0.006637550125924507,12170
309,X_VALID,8,B5_EXACT_SELECTED_DIAGNOSTIC,1,0.01,64,0,1,19,EXACT_MODEL_SELECTION_FROZEN_BEFORE_LOCKED_TEST,1,3,-0.00029397351319867746,-0.0006907986199619626,0.009293225093708389,0.006455034700031891,12170
309,X_VALID,8,B5_EXACT_SELECTED_DIAGNOSTIC,1,0.01,64,0,1,19,EXACT_MODEL_SELECTION_FROZEN_BEFORE_LOCKED_TEST,1,4,0.0032420426915981786,-0.0005891736757605657,0.0091074033012266,0.0066159716459103105,12170
309,X_VALID,8,B5_EXACT_SELECTED_DIAGNOSTIC,1,0.01,64,0,1,19,EXACT_MODEL_SELECTION_FROZEN_BEFORE_LOCKED_TEST,1,5,0.006085434575830468,-0.0005380183079103708,-0.004597197856726843,0.006412384942716805,12170
309,X_VALID,8,B5_EXACT_SELECTED_DIAGNOSTIC,1,0.01,64,0,1,19,EXACT_MODEL_SELECTION_FROZEN_BEFORE_LOCKED_TEST,2,0,0.010984463034919017,-0.0005271875087161388,0.002255778324215836,0.00590449285287728,12170
309,X_VALID,8,B5_EXACT_SELECTED_DIAGNOSTIC,1,0.01,64,0,1,19,EXACT_MODEL_SELECTION_FROZEN_BEFORE_LOCKED_TEST,2,1,-0.007677648578730492,-0.00047491100684369315,-0.0025609004042819196,0.005735861178663394,12170
309,X_VALID,8,B5_EXACT_SELECTED_DIAGNOSTIC,1,0.01,64,0,1,19,EXACT_MODEL_SELECTION_FROZEN_BEFORE_LOCKED_TEST,2,2,-0.010872045263524635,-0.0005773939512669467,0.0029668202858910576,0.005838961859541207,12170
309,X_VALID,8,B5_EXACT_SELECTED_DIAGNOSTIC,1,0.01,64,0,1,19,EXACT_MODEL_SELECTION_FROZEN_BEFORE_LOCKED_TEST,2,3,-0.0002470020995935622,-0.0005247673210844605,0.007808343293125939,0.005649131171283552,12170
309,X_VALID,8,B5_EXACT_SELECTED_DIAGNOSTIC,1,0.01,64,0,1,19,EXACT_MODEL_SELECTION_FROZEN_BEFORE_LOCKED_TEST,2,4,0.0027240255187735737,-0.000468521356448933,0.0076522123125017695,0.00595433980192538,12170
309,X_VALID,8,B5_EXACT_SELECTED_DIAGNOSTIC,1,0.01,64,0,1,19,EXACT_MODEL_SELECTION_FROZEN_BEFORE_LOCKED_TEST,2,5,0.005113097097810764,-0.0004257983779178351,-0.0038626524903661585,0.00574600873056728,12170
309,X_VALID,8,B5_EXACT_SELECTED_DIAGNOSTIC,1,0.01,64,0,1,19,EXACT_MODEL_SELECTION_FROZEN_BEFORE_LOCKED_TEST,3,0,0.018962678830965588,-0.00040300255882152217,0.003894191253589486,0.005443950942497913,12170
309,X_VALID,8,B5_EXACT_SELECTED_DIAGNOSTIC,1,0.01,64,0,1,19,EXACT_MODEL_SELECTION_FROZEN_BEFORE_LOCKED_TEST,3,1,-0.013254064737863546,-0.0003369572996324126,-0.004420929064089295,0.005185048659715163,12170
309,X_VALID,8,B5_EXACT_SELECTED_DIAGNOSTIC,1,0.01,64,0,1,19,EXACT_MODEL_SELECTION_FROZEN_BEFORE_LOCKED_TEST,3,2,-0.018768609982350245,-0.0004703329811723041,0.005121675957368305,0.0054169013412185526,12170
309,X_VALID,8,B5_EXACT_SELECTED_DIAGNOSTIC,1,0.01,64,0,1,19,EXACT_MODEL_SELECTION_FROZEN_BEFORE_LOCKED_TEST,3,3,-0.00042640422843404313,-0.0004031354026036195,0.013479685406448547,0.005164241798076647,12170
309,X_VALID,8,B5_EXACT_SELECTED_DIAGNOSTIC,1,0.01,64,0,1,19,EXACT_MODEL_SELECTION_FROZEN_BEFORE_LOCKED_TEST,3,4,0.004702534923705403,-0.00037100769488082375,0.013210153647660884,0.005512226829167358,12170
309,X_VALID,8,B5_EXACT_SELECTED_DIAGNOSTIC,1,0.01,64,0,1,19,EXACT_MODEL_SELECTION_FROZEN_BEFORE_LOCKED_TEST,3,5,0.008826832753599648,-0.00031333624655810005,-0.00666816742680976,0.005250443207795626,12170
309,X_VALID,8,B5_EXACT_SELECTED_DIAGNOSTIC,1,0.01,64,0,1,19,EXACT_MODEL_SELECTION_FROZEN_BEFORE_LOCKED_TEST,4,0,0.008062970758776216,-0.0006377240973374001,0.0016558182779271003,0.006685581511925246,12170
309,X_VALID,8,B5_EXACT_SELECTED_DIAGNOSTIC,1,0.01,64,0,1,19,EXACT_MODEL_SELECTION_FROZEN_BEFORE_LOCKED_TEST,4,1,-0.005635656088938726,-0.0005800469851478378,-0.0018797882982739308,0.006614064748273865,12170
309,X_VALID,8,B5_EXACT_SELECTED_DIAGNOSTIC,1,0.01,64,0,1,19,EXACT_MODEL_SELECTION_FROZEN_BEFORE_LOCKED_TEST,4,2,-0.00798045227784199,-0.0007123207696258429,0.002177747345103615,0.006627996902188821,12170
309,X_VALID,8,B5_EXACT_SELECTED_DIAGNOSTIC,1,0.01,64,0,1,19,EXACT_MODEL_SELECTION_FROZEN_BEFORE_LOCKED_TEST,4,3,-0.00018130797109045088,-0.0006586876684212603,0.005731590469813529,0.0065261401125440086,12170
309,X_VALID,8,B5_EXACT_SELECTED_DIAGNOSTIC,1,0.01,64,0,1,19,EXACT_MODEL_SELECTION_FROZEN_BEFORE_LOCKED_TEST,4,4,0.001999527699643578,-0.0005909784275523258,0.005616985001406943,0.006746110240758925,12170
309,X_VALID,8,B5_EXACT_SELECTED_DIAGNOSTIC,1,0.01,64,0,1,19,EXACT_MODEL_SELECTION_FROZEN_BEFORE_LOCKED_TEST,4,5,0.003753187775804252,-0.0005482516204123195,-0.0028353187572419266,0.006651350264404082,12170
309,X_VALID,8,B5_EXACT_SELECTED_DIAGNOSTIC,1,0.01,64,0,1,19,EXACT_MODEL_SELECTION_FROZEN_BEFORE_LOCKED_TEST,5,0,0.01237165801305544,-0.0005373568102384549,0.002540653820923652,0.006154421938348034,12170
309,X_VALID,8,B5_EXACT_SELECTED_DIAGNOSTIC,1,0.01,64,0,1,19,EXACT_MODEL_SELECTION_FROZEN_BEFORE_LOCKED_TEST,5,1,-0.008647235851085467,-0.00047284063278015394,-0.0028843088557496256,0.005984510293920774,12170
309,X_VALID,8,B5_EXACT_SELECTED_DIAGNOSTIC,1,0.01,64,0,1,19,EXACT_MODEL_SELECTION_FROZEN_BEFORE_LOCKED_TEST,5,2,-0.012245043337594302,-0.0006094814438005192,0.00334149114495246,0.00610604047221618,12170
309,X_VALID,8,B5_EXACT_SELECTED_DIAGNOSTIC,1,0.01,64,0,1,19,EXACT_MODEL_SELECTION_FROZEN_BEFORE_LOCKED_TEST,5,3,-0.00027819525587768093,-0.0005444560183717485,0.008794435610006259,0.005917445212840377,12170
309,X_VALID,8,B5_EXACT_SELECTED_DIAGNOSTIC,1,0.01,64,0,1,19,EXACT_MODEL_SELECTION_FROZEN_BEFORE_LOCKED_TEST,5,4,0.003068034552983595,-0.0004942222059970159,0.008618587314883887,0.006227564038908495,12170
309,X_VALID,8,B5_EXACT_SELECTED_DIAGNOSTIC,1,0.01,64,0,1,19,EXACT_MODEL_SELECTION_FROZEN_BEFORE_LOCKED_TEST,5,5,0.00575881483515115,-0.0004380372742291908,-0.004350455318769193,0.006002082907363843,12170
309,X_VALID,8,B5_EXACT_SELECTED_DIAGNOSTIC,1,0.01,64,0,1,19,EXACT_MODEL_SELECTION_FROZEN_BEFORE_LOCKED_TEST,6,0,0.016969514229491306,-0.0003766736103616817,0.0034848733387941046,0.005179905569247556,12170
309,X_VALID,8,B5_EXACT_SELECTED_DIAGNOSTIC,1,0.01,64,0,1,19,EXACT_MODEL_SELECTION_FROZEN_BEFORE_LOCKED_TEST,6,1,-0.011860931789895302,-0.00031395617243370105,-0.003956245809433185,0.004907808085124815,12170
309,X_VALID,8,B5_EXACT_SELECTED_DIAGNOSTIC,1,0.01,64,0,1,19,EXACT_MODEL_SELECTION_FROZEN_BEFORE_LOCKED_TEST,6,2,-0.016795843931247303,-0.0004408751145544663,0.004583337291748001,0.005172261327598327,12170
309,X_VALID,8,B5_EXACT_SELECTED_DIAGNOSTIC,1,0.01,64,0,1,19,EXACT_MODEL_SELECTION_FROZEN_BEFORE_LOCKED_TEST,6,3,-0.0003815849377837241,-0.00037723252724966805,0.012062837500588891,0.004915899781523215,12170
309,X_VALID,8,B5_EXACT_SELECTED_DIAGNOSTIC,1,0.01,64,0,1,19,EXACT_MODEL_SELECTION_FROZEN_BEFORE_LOCKED_TEST,6,4,0.0042082521153175715,-0.00035858777600889766,0.011821636188431553,0.005289953153075888,12170
309,X_VALID,8,B5_EXACT_SELECTED_DIAGNOSTIC,1,0.01,64,0,1,19,EXACT_MODEL_SELECTION_FROZEN_BEFORE_LOCKED_TEST,6,5,0.007899045559372686,-0.00030589394995758694,-0.005967277252468063,0.0050452254470691234,12170
309,X_VALID,8,B5_EXACT_SELECTED_DIAGNOSTIC,1,0.01,64,0,1,19,EXACT_MODEL_SELECTION_FROZEN_BEFORE_LOCKED_TEST,7,0,0.01648085688316547,-0.0004771735835827374,0.003384522265982763,0.005934558695803068,12170
309,X_VALID,8,B5_EXACT_SELECTED_DIAGNOSTIC,1,0.01,64,0,1,19,EXACT_MODEL_SELECTION_FROZEN_BEFORE_LOCKED_TEST,7,1,-0.011519382151230375,-0.00042356738620264595,-0.0038423210056641676,0.005797418688736185,12170
309,X_VALID,8,B5_EXACT_SELECTED_DIAGNOSTIC,1,0.01,64,0,1,19,EXACT_MODEL_SELECTION_FROZEN_BEFORE_LOCKED_TEST,7,2,-0.016312187627728448,-0.0005580683087127013,0.004451354642862891,0.005912314593010078,12170
309,X_VALID,8,B5_EXACT_SELECTED_DIAGNOSTIC,1,0.01,64,0,1,19,EXACT_MODEL_SELECTION_FROZEN_BEFORE_LOCKED_TEST,7,3,-0.00037059674563080677,-0.0005066613848760913,0.011715473746831385,0.0057774478012219245,12170
309,X_VALID,8,B5_EXACT_SELECTED_DIAGNOSTIC,1,0.01,64,0,1,19,EXACT_MODEL_SELECTION_FROZEN_BEFORE_LOCKED_TEST,7,4,0.004087070490226183,-0.00044956311818483637,0.011481218113350233,0.006007109179753008,12170
309,X_VALID,8,B5_EXACT_SELECTED_DIAGNOSTIC,1,0.01,64,0,1,19,EXACT_MODEL_SELECTION_FROZEN_BEFORE_LOCKED_TEST,7,5,0.007671583147110947,-0.00040526903121585145,-0.0057954424063111866,0.005852400472776197,12170
309,X_VALID,8,B5_EXACT_SELECTED_DIAGNOSTIC,1,0.01,64,0,1,19,EXACT_MODEL_SELECTION_FROZEN_BEFORE_LOCKED_TEST,8,0,0.016969514229491306,-0.0003766736103616817,0.0034848733387941046,0.005179905569247556,12170
309,X_VALID,8,B5_EXACT_SELECTED_DIAGNOSTIC,1,0.01,64,0,1,19,EXACT_MODEL_SELECTION_FROZEN_BEFORE_LOCKED_TEST,8,1,-0.011860931789895302,-0.00031395617243370105,-0.003956245809433185,0.004907808085124815,12170
309,X_VALID,8,B5_EXACT_SELECTED_DIAGNOSTIC,1,0.01,64,0,1,19,EXACT_MODEL_SELECTION_FROZEN_BEFORE_LOCKED_TEST,8,2,-0.016795843931247303,-0.0004408751145544663,0.004583337291748001,0.005172261327598327,12170
309,X_VALID,8,B5_EXACT_SELECTED_DIAGNOSTIC,1,0.01,64,0,1,19,EXACT_MODEL_SELECTION_FROZEN_BEFORE_LOCKED_TEST,8,3,-0.0003815849377837241,-0.00037723252724966805,0.012062837500588891,0.004915899781523215,12170
309,X_VALID,8,B5_EXACT_SELECTED_DIAGNOSTIC,1,0.01,64,0,1,19,EXACT_MODEL_SELECTION_FROZEN_BEFORE_LOCKED_TEST,8,4,0.0042082521153175715,-0.00035858777600889766,0.011821636188431553,0.005289953153075888,12170
309,X_VALID,8,B5_EXACT_SELECTED_DIAGNOSTIC,1,0.01,64,0,1,19,EXACT_MODEL_SELECTION_FROZEN_BEFORE_LOCKED_TEST,8,5,0.007899045559372686,-0.00030589394995758694,-0.005967277252468063,0.0050452254470691234,12170
309,X_VALID,8,B5_EXACT_SELECTED_DIAGNOSTIC,1,0.01,64,0,1,19,EXACT_MODEL_SELECTION_FROZEN_BEFORE_LOCKED_TEST,9,0,0.011843405404070079,-0.0004504872970859681,0.0024321714325473112,0.00547810765913122,12170
309,X_VALID,8,B5_EXACT_SELECTED_DIAGNOSTIC,1,0.01,64,0,1,19,EXACT_MODEL_SELECTION_FROZEN_BEFORE_LOCKED_TEST,9,1,-0.008278010894007988,-0.0004056671172700411,-0.0027611528748324797,0.005330633596155682,12170
309,X_VALID,8,B5_EXACT_SELECTED_DIAGNOSTIC,1,0.01,64,0,1,19,EXACT_MODEL_SELECTION_FROZEN_BEFORE_LOCKED_TEST,9,2,-0.011722196999343034,-0.000469984634097597,0.0031988141154581187,0.005374771966489385,12170
309,X_VALID,8,B5_EXACT_SELECTED_DIAGNOSTIC,1,0.01,64,0,1,19,EXACT_MODEL_SELECTION_FROZEN_BEFORE_LOCKED_TEST,9,3,-0.0002663167049534899,-0.0004240133132672082,0.008418925427730194,0.005184265739086822,12170
309,X_VALID,8,B5_EXACT_SELECTED_DIAGNOSTIC,1,0.01,64,0,1,19,EXACT_MODEL_SELECTION_FROZEN_BEFORE_LOCKED_TEST,9,4,0.0029370337400480492,-0.00039328514703827,0.008250585610500278,0.005510584720658959,12170
309,X_VALID,8,B5_EXACT_SELECTED_DIAGNOSTIC,1,0.01,64,0,1,19,EXACT_MODEL_SELECTION_FROZEN_BEFORE_LOCKED_TEST,9,5,0.0055129214425176055,-0.000357951673083639,-0.004164696920825369,0.005337099133036586,12170
309,X_VALID,8,B5_EXACT_SELECTED_DIAGNOSTIC,1,0.01,64,0,1,19,EXACT_MODEL_SELECTION_FROZEN_BEFORE_LOCKED_TEST,10,0,0.008352321388985092,-0.0006417430062998717,0.0017152395603009804,0.006500231663122407,12170
309,X_VALID,8,B5_EXACT_SELECTED_DIAGNOSTIC,1,0.01,64,0,1,19,EXACT_MODEL_SELECTION_FROZEN_BEFORE_LOCKED_TEST,10,1,-0.005837899243448492,-0.0005793177271618618,-0.0019472470482852459,0.006342375502955767,12170
309,X_VALID,8,B5_EXACT_SELECTED_DIAGNOSTIC,1,0.01,64,0,1,19,EXACT_MODEL_SELECTION_FROZEN_BEFORE_LOCKED_TEST,10,2,-0.008266841620558135,-0.0007053948808126483,0.0022558987592155356,0.006528432006031034,12170
309,X_VALID,8,B5_EXACT_SELECTED_DIAGNOSTIC,1,0.01,64,0,1,19,EXACT_MODEL_SELECTION_FROZEN_BEFORE_LOCKED_TEST,10,3,-0.00018781445328745067,-0.0006432622293997796,0.005937276359562611,0.006351259095427696,12170
309,X_VALID,8,B5_EXACT_SELECTED_DIAGNOSTIC,1,0.01,64,0,1,19,EXACT_MODEL_SELECTION_FROZEN_BEFORE_LOCKED_TEST,10,4,0.0020712834603081234,-0.0005626694127773696,0.005818558118643148,0.00649755034370614,12170
309,X_VALID,8,B5_EXACT_SELECTED_DIAGNOSTIC,1,0.01,64,0,1,19,EXACT_MODEL_SELECTION_FROZEN_BEFORE_LOCKED_TEST,10,5,0.003887876004338275,-0.000515101818332182,-0.0029370680124228437,0.00632822770137514,12170
309,X_VALID,8,B5_EXACT_SELECTED_DIAGNOSTIC,1,0.01,64,0,1,19,EXACT_MODEL_SELECTION_FROZEN_BEFORE_LOCKED_TEST,11,0,0.012975242139360244,-0.0005034587344389177,0.0026646063513869832,0.005825613515255322,12170
309,X_VALID,8,B5_EXACT_SELECTED_DIAGNOSTIC,1,0.01,64,0,1,19,EXACT_MODEL_SELECTION_FROZEN_BEFORE_LOCKED_TEST,11,1,-0.009069114170921109,-0.0004539449471014483,-0.003025027507918455,0.005668289160711414,12170
309,X_VALID,8,B5_EXACT_SELECTED_DIAGNOSTIC,1,0.01,64,0,1,19,EXACT_MODEL_SELECTION_FROZEN_BEFORE_LOCKED_TEST,11,2,-0.012842450231374175,-0.0005333742529978399,0.0035045146468269082,0.005760266365458,12170
309,X_VALID,8,B5_EXACT_SELECTED_DIAGNOSTIC,1,0.01,64,0,1,19,EXACT_MODEL_SELECTION_FROZEN_BEFORE_LOCKED_TEST,11,3,-0.0002917677487710227,-0.00048220483958304774,0.009223495460222608,0.005547846148531356,12170
309,X_VALID,8,B5_EXACT_SELECTED_DIAGNOSTIC,1,0.01,64,0,1,19,EXACT_MODEL_SELECTION_FROZEN_BEFORE_LOCKED_TEST,11,4,0.0032177167502429587,-0.0004409652025778871,0.009039067939950175,0.005851326869228123,12170
309,X_VALID,8,B5_EXACT_SELECTED_DIAGNOSTIC,1,0.01,64,0,1,19,EXACT_MODEL_SELECTION_FROZEN_BEFORE_LOCKED_TEST,11,5,0.006039773880184386,-0.00040192438088301925,-0.004562703812046036,0.00566950063512536,12170
309,X_VALID,24,B5_EXACT_SELECTED_DIAGNOSTIC,1,0.01,64,0,1,12,EXACT_MODEL_SELECTION_FROZEN_BEFORE_LOCKED_TEST,0,0,0.010266987257245147,0.0006301066509579126,0.008519877358437547,-2.0486178484858664e-05,12407
309,X_VALID,24,B5_EXACT_SELECTED_DIAGNOSTIC,1,0.01,64,0,1,12,EXACT_MODEL_SELECTION_FROZEN_BEFORE_LOCKED_TEST,0,1,0.003978935785547544,0.0007329483220556732,-0.004444672813486209,-0.00034669709980560153,12407
309,X_VALID,24,B5_EXACT_SELECTED_DIAGNOSTIC,1,0.01,64,0,1,12,EXACT_MODEL_SELECTION_FROZEN_BEFORE_LOCKED_TEST,0,2,0.007158803532868018,0.0007435457411653883,-0.0029121792444804766,-0.00012504716028825108,12407
309,X_VALID,24,B5_EXACT_SELECTED_DIAGNOSTIC,1,0.01,64,0,1,12,EXACT_MODEL_SELECTION_FROZEN_BEFORE_LOCKED_TEST,0,3,0.002694139661275187,0.0008966283789540735,0.0014693306370056,-0.0004907140217932316,12407
309,X_VALID,24,B5_EXACT_SELECTED_DIAGNOSTIC,1,0.01,64,0,1,12,EXACT_MODEL_SELECTION_FROZEN_BEFORE_LOCKED_TEST,0,4,-0.00174418673798552,0.000591422976704328,0.0013201044575738626,4.057999545972081e-05,12407
309,X_VALID,24,B5_EXACT_SELECTED_DIAGNOSTIC,1,0.01,64,0,1,12,EXACT_MODEL_SELECTION_FROZEN_BEFORE_LOCKED_TEST,0,5,0.002599043254615286,0.000714641810924369,-0.0027831465043424834,-0.0002840198580061548,12407
309,X_VALID,24,B5_EXACT_SELECTED_DIAGNOSTIC,1,0.01,64,0,1,12,EXACT_MODEL_SELECTION_FROZEN_BEFORE_LOCKED_TEST,1,0,0.010266987257245147,0.0006301066509579126,0.008519877358437547,-2.0486178484858664e-05,12407
309,X_VALID,24,B5_EXACT_SELECTED_DIAGNOSTIC,1,0.01,64,0,1,12,EXACT_MODEL_SELECTION_FROZEN_BEFORE_LOCKED_TEST,1,1,0.003978935785547544,0.0007329483220556732,-0.004444672813486209,-0.00034669709980560153,12407
309,X_VALID,24,B5_EXACT_SELECTED_DIAGNOSTIC,1,0.01,64,0,1,12,EXACT_MODEL_SELECTION_FROZEN_BEFORE_LOCKED_TEST,1,2,0.007158803532868018,0.0007435457411653883,-0.0029121792444804766,-0.00012504716028825108,12407
309,X_VALID,24,B5_EXACT_SELECTED_DIAGNOSTIC,1,0.01,64,0,1,12,EXACT_MODEL_SELECTION_FROZEN_BEFORE_LOCKED_TEST,1,3,0.002694139661275187,0.0008966283789540735,0.0014693306370056,-0.0004907140217932316,12407
309,X_VALID,24,B5_EXACT_SELECTED_DIAGNOSTIC,1,0.01,64,0,1,12,EXACT_MODEL_SELECTION_FROZEN_BEFORE_LOCKED_TEST,1,4,-0.00174418673798552,0.000591422976704328,0.0013201044575738626,4.057999545972081e-05,12407
309,X_VALID,24,B5_EXACT_SELECTED_DIAGNOSTIC,1,0.01,64,0,1,12,EXACT_MODEL_SELECTION_FROZEN_BEFORE_LOCKED_TEST,1,5,0.002599043254615286,0.000714641810924369,-0.0027831465043424834,-0.0002840198580061548,12407
309,X_VALID,24,B5_EXACT_SELECTED_DIAGNOSTIC,1,0.01,64,0,1,12,EXACT_MODEL_SELECTION_FROZEN_BEFORE_LOCKED_TEST,2,0,0.010266987257245147,0.0006301066509579126,0.008519877358437547,-2.0486178484858664e-05,12407
309,X_VALID,24,B5_EXACT_SELECTED_DIAGNOSTIC,1,0.01,64,0,1,12,EXACT_MODEL_SELECTION_FROZEN_BEFORE_LOCKED_TEST,2,1,0.003978935785547544,0.0007329483220556732,-0.004444672813486209,-0.00034669709980560153,12407
309,X_VALID,24,B5_EXACT_SELECTED_DIAGNOSTIC,1,0.01,64,0,1,12,EXACT_MODEL_SELECTION_FROZEN_BEFORE_LOCKED_TEST,2,2,0.007158803532868018,0.0007435457411653883,-0.0029121792444804766,-0.00012504716028825108,12407
309,X_VALID,24,B5_EXACT_SELECTED_DIAGNOSTIC,1,0.01,64,0,1,12,EXACT_MODEL_SELECTION_FROZEN_BEFORE_LOCKED_TEST,2,3,0.002694139661275187,0.0008966283789540735,0.0014693306370056,-0.0004907140217932316,12407
309,X_VALID,24,B5_EXACT_SELECTED_DIAGNOSTIC,1,0.01,64,0,1,12,EXACT_MODEL_SELECTION_FROZEN_BEFORE_LOCKED_TEST,2,4,-0.00174418673798552,0.000591422976704328,0.0013201044575738626,4.057999545972081e-05,12407
309,X_VALID,24,B5_EXACT_SELECTED_DIAGNOSTIC,1,0.01,64,0,1,12,EXACT_MODEL_SELECTION_FROZEN_BEFORE_LOCKED_TEST,2,5,0.002599043254615286,0.000714641810924369,-0.0027831465043424834,-0.0002840198580061548,12407
309,X_VALID,24,B5_EXACT_SELECTED_DIAGNOSTIC,1,0.01,64,0,1,12,EXACT_MODEL_SELECTION_FROZEN_BEFORE_LOCKED_TEST,3,0,0.002644770163393729,0.0008428009435464094,0.0021947156326183577,-0.0002803051832419472,12407
309,X_VALID,24,B5_EXACT_SELECTED_DIAGNOSTIC,1,0.01,64,0,1,12,EXACT_MODEL_SELECTION_FROZEN_BEFORE_LOCKED_TEST,3,1,0.001024971628385889,0.0008339265906238668,-0.0011449452257633116,-0.00046047110740808785,12407
309,X_VALID,24,B5_EXACT_SELECTED_DIAGNOSTIC,1,0.01,64,0,1,12,EXACT_MODEL_SELECTION_FROZEN_BEFORE_LOCKED_TEST,3,2,0.001844103777957468,0.0010418502141770856,-0.0007501757412644415,-0.000500957375147308,12407
309,X_VALID,24,B5_EXACT_SELECTED_DIAGNOSTIC,1,0.01,64,0,1,12,EXACT_MODEL_SELECTION_FROZEN_BEFORE_LOCKED_TEST,3,3,0.0006940088668297606,0.001069099677622553,0.00037849874861492906,-0.0007539995380255295,12407
309,X_VALID,24,B5_EXACT_SELECTED_DIAGNOSTIC,1,0.01,64,0,1,12,EXACT_MODEL_SELECTION_FROZEN_BEFORE_LOCKED_TEST,3,4,-0.00044930152618587155,0.0007178993200566731,0.00034005816842624806,-0.0001259774675193189,12407
309,X_VALID,24,B5_EXACT_SELECTED_DIAGNOSTIC,1,0.01,64,0,1,12,EXACT_MODEL_SELECTION_FROZEN_BEFORE_LOCKED_TEST,3,5,0.0006695120857703923,0.0007249222501678187,-0.0007169369797205351,-0.0002922280307779849,12407
309,X_VALID,24,B5_EXACT_SELECTED_DIAGNOSTIC,1,0.01,64,0,1,12,EXACT_MODEL_SELECTION_FROZEN_BEFORE_LOCKED_TEST,4,0,0.002644770163393729,0.0008428009435464094,0.0021947156326183577,-0.0002803051832419472,12407
309,X_VALID,24,B5_EXACT_SELECTED_DIAGNOSTIC,1,0.01,64,0,1,12,EXACT_MODEL_SELECTION_FROZEN_BEFORE_LOCKED_TEST,4,1,0.001024971628385889,0.0008339265906238668,-0.0011449452257633116,-0.00046047110740808785,12407
309,X_VALID,24,B5_EXACT_SELECTED_DIAGNOSTIC,1,0.01,64,0,1,12,EXACT_MODEL_SELECTION_FROZEN_BEFORE_LOCKED_TEST,4,2,0.001844103777957468,0.0010418502141770856,-0.0007501757412644415,-0.000500957375147308,12407
309,X_VALID,24,B5_EXACT_SELECTED_DIAGNOSTIC,1,0.01,64,0,1,12,EXACT_MODEL_SELECTION_FROZEN_BEFORE_LOCKED_TEST,4,3,0.0006940088668297606,0.001069099677622553,0.00037849874861492906,-0.0007539995380255295,12407
309,X_VALID,24,B5_EXACT_SELECTED_DIAGNOSTIC,1,0.01,64,0,1,12,EXACT_MODEL_SELECTION_FROZEN_BEFORE_LOCKED_TEST,4,4,-0.00044930152618587155,0.0007178993200566731,0.00034005816842624806,-0.0001259774675193189,12407
309,X_VALID,24,B5_EXACT_SELECTED_DIAGNOSTIC,1,0.01,64,0,1,12,EXACT_MODEL_SELECTION_FROZEN_BEFORE_LOCKED_TEST,4,5,0.0006695120857703923,0.0007249222501678187,-0.0007169369797205351,-0.0002922280307779849,12407
309,X_VALID,24,B5_EXACT_SELECTED_DIAGNOSTIC,1,0.01,64,0,1,12,EXACT_MODEL_SELECTION_FROZEN_BEFORE_LOCKED_TEST,5,0,0.002644770163393729,0.0008428009435464094,0.0021947156326183577,-0.0002803051832419472,12407
309,X_VALID,24,B5_EXACT_SELECTED_DIAGNOSTIC,1,0.01,64,0,1,12,EXACT_MODEL_SELECTION_FROZEN_BEFORE_LOCKED_TEST,5,1,0.001024971628385889,0.0008339265906238668,-0.0011449452257633116,-0.00046047110740808785,12407
309,X_VALID,24,B5_EXACT_SELECTED_DIAGNOSTIC,1,0.01,64,0,1,12,EXACT_MODEL_SELECTION_FROZEN_BEFORE_LOCKED_TEST,5,2,0.001844103777957468,0.0010418502141770856,-0.0007501757412644415,-0.000500957375147308,12407
309,X_VALID,24,B5_EXACT_SELECTED_DIAGNOSTIC,1,0.01,64,0,1,12,EXACT_MODEL_SELECTION_FROZEN_BEFORE_LOCKED_TEST,5,3,0.0006940088668297606,0.001069099677622553,0.00037849874861492906,-0.0007539995380255295,12407
309,X_VALID,24,B5_EXACT_SELECTED_DIAGNOSTIC,1,0.01,64,0,1,12,EXACT_MODEL_SELECTION_FROZEN_BEFORE_LOCKED_TEST,5,4,-0.00044930152618587155,0.0007178993200566731,0.00034005816842624806,-0.0001259774675193189,12407
309,X_VALID,24,B5_EXACT_SELECTED_DIAGNOSTIC,1,0.01,64,0,1,12,EXACT_MODEL_SELECTION_FROZEN_BEFORE_LOCKED_TEST,5,5,0.0006695120857703923,0.0007249222501678187,-0.0007169369797205351,-0.0002922280307779849,12407
309,X_VALID,24,B5_EXACT_SELECTED_DIAGNOSTIC,1,0.01,64,0,1,12,EXACT_MODEL_SELECTION_FROZEN_BEFORE_LOCKED_TEST,6,0,0.01235000971231659,0.0007114535810263072,0.010248436614177977,-5.839613004564922e-05,12407
309,X_VALID,24,B5_EXACT_SELECTED_DIAGNOSTIC,1,0.01,64,0,1,12,EXACT_MODEL_SELECTION_FROZEN_BEFORE_LOCKED_TEST,6,1,0.004786204011456176,0.0007208520086964525,-0.005346432311571098,-0.00023047377963719782,12407
309,X_VALID,24,B5_EXACT_SELECTED_DIAGNOSTIC,1,0.01,64,0,1,12,EXACT_MODEL_SELECTION_FROZEN_BEFORE_LOCKED_TEST,6,2,0.008611220696421607,0.0007814445950121712,-0.003503018076501534,-0.00013692119485237924,12407
309,X_VALID,24,B5_EXACT_SELECTED_DIAGNOSTIC,1,0.01,64,0,1,12,EXACT_MODEL_SELECTION_FROZEN_BEFORE_LOCKED_TEST,6,3,0.003240741431680088,0.0008266321917483593,0.0017674364624167746,-0.00034107302004669597,12407
309,X_VALID,24,B5_EXACT_SELECTED_DIAGNOSTIC,1,0.01,64,0,1,12,EXACT_MODEL_SELECTION_FROZEN_BEFORE_LOCKED_TEST,6,4,-0.002098056870482061,0.0006257083697116771,0.0015879344605989269,4.595827968511638e-05,12407
309,X_VALID,24,B5_EXACT_SELECTED_DIAGNOSTIC,1,0.01,64,0,1,12,EXACT_MODEL_SELECTION_FROZEN_BEFORE_LOCKED_TEST,6,5,0.0031263513466015867,0.0006527771974231764,-0.0033478064692419166,-0.00012733454576733098,12407
309,X_VALID,24,B5_EXACT_SELECTED_DIAGNOSTIC,1,0.01,64,0,1,12,EXACT_MODEL_SELECTION_FROZEN_BEFORE_LOCKED_TEST,7,0,0.010290287525034155,0.000567069663488942,0.008539212672586399,0.0002114717756397259,12407
309,X_VALID,24,B5_EXACT_SELECTED_DIAGNOSTIC,1,0.01,64,0,1,12,EXACT_MODEL_SELECTION_FROZEN_BEFORE_LOCKED_TEST,7,1,0.003987965724612978,0.0006005628973171454,-0.004454759712806715,3.9271197119010795e-05,12407
309,X_VALID,24,B5_EXACT_SELECTED_DIAGNOSTIC,1,0.01,64,0,1,12,EXACT_MODEL_SELECTION_FROZEN_BEFORE_LOCKED_TEST,7,2,0.0071750499774369475,0.0006343583898714885,-0.0029187882481293416,0.0001319489017491439,12407
309,X_VALID,24,B5_EXACT_SELECTED_DIAGNOSTIC,1,0.01,64,0,1,12,EXACT_MODEL_SELECTION_FROZEN_BEFORE_LOCKED_TEST,7,3,0.002700253838101928,0.0007042605772740711,0.00147266518846213,-7.29933474606853e-05,12407
309,X_VALID,24,B5_EXACT_SELECTED_DIAGNOSTIC,1,0.01,64,0,1,12,EXACT_MODEL_SELECTION_FROZEN_BEFORE_LOCKED_TEST,7,4,-0.001748145057700042,0.00045870646919195175,0.0013231003498059516,0.0003474289930768222,12407
309,X_VALID,24,B5_EXACT_SELECTED_DIAGNOSTIC,1,0.01,64,0,1,12,EXACT_MODEL_SELECTION_FROZEN_BEFORE_LOCKED_TEST,7,5,0.00260494161625833,0.0005113954440613544,-0.0027894626764796847,0.0001851560873048537,12407
309,X_VALID,24,B5_EXACT_SELECTED_DIAGNOSTIC,1,0.01,64,0,1,12,EXACT_MODEL_SELECTION_FROZEN_BEFORE_LOCKED_TEST,8,0,0.010290287525034155,0.000567069663488942,0.008539212672586399,0.0002114717756397259,12407
309,X_VALID,24,B5_EXACT_SELECTED_DIAGNOSTIC,1,0.01,64,0,1,12,EXACT_MODEL_SELECTION_FROZEN_BEFORE_LOCKED_TEST,8,1,0.003987965724612978,0.0006005628973171454,-0.004454759712806715,3.9271197119010795e-05,12407
309,X_VALID,24,B5_EXACT_SELECTED_DIAGNOSTIC,1,0.01,64,0,1,12,EXACT_MODEL_SELECTION_FROZEN_BEFORE_LOCKED_TEST,8,2,0.0071750499774369475,0.0006343583898714885,-0.0029187882481293416,0.0001319489017491439,12407
309,X_VALID,24,B5_EXACT_SELECTED_DIAGNOSTIC,1,0.01,64,0,1,12,EXACT_MODEL_SELECTION_FROZEN_BEFORE_LOCKED_TEST,8,3,0.002700253838101928,0.0007042605772740711,0.00147266518846213,-7.29933474606853e-05,12407
309,X_VALID,24,B5_EXACT_SELECTED_DIAGNOSTIC,1,0.01,64,0,1,12,EXACT_MODEL_SELECTION_FROZEN_BEFORE_LOCKED_TEST,8,4,-0.001748145057700042,0.00045870646919195175,0.0013231003498059516,0.0003474289930768222,12407
309,X_VALID,24,B5_EXACT_SELECTED_DIAGNOSTIC,1,0.01,64,0,1,12,EXACT_MODEL_SELECTION_FROZEN_BEFORE_LOCKED_TEST,8,5,0.00260494161625833,0.0005113954440613544,-0.0027894626764796847,0.0001851560873048537,12407
309,X_VALID,24,B5_EXACT_SELECTED_DIAGNOSTIC,1,0.01,64,0,1,12,EXACT_MODEL_SELECTION_FROZEN_BEFORE_LOCKED_TEST,9,0,0.01030654043058732,0.0006596108975259942,0.00855269985812211,-1.6634972634714123e-05,12407
309,X_VALID,24,B5_EXACT_SELECTED_DIAGNOSTIC,1,0.01,64,0,1,12,EXACT_MODEL_SELECTION_FROZEN_BEFORE_LOCKED_TEST,9,1,0.003994264482554747,0.0007656403175204425,-0.004461795744472317,-0.00035039378512717573,12407
309,X_VALID,24,B5_EXACT_SELECTED_DIAGNOSTIC,1,0.01,64,0,1,12,EXACT_MODEL_SELECTION_FROZEN_BEFORE_LOCKED_TEST,9,2,0.007186382548012727,0.0007442937212816253,-0.0029233983029612527,-9.436347754926671e-05,12407
309,X_VALID,24,B5_EXACT_SELECTED_DIAGNOSTIC,1,0.01,64,0,1,12,EXACT_MODEL_SELECTION_FROZEN_BEFORE_LOCKED_TEST,9,3,0.002704518730651671,0.0009022917914592756,0.0014749911767458664,-0.00046118312133642164,12407
309,X_VALID,24,B5_EXACT_SELECTED_DIAGNOSTIC,1,0.01,64,0,1,12,EXACT_MODEL_SELECTION_FROZEN_BEFORE_LOCKED_TEST,9,4,-0.0017509061502785448,0.0005703843810247605,0.0013251901091999852,9.760911368534551e-05,12407
309,X_VALID,24,B5_EXACT_SELECTED_DIAGNOSTIC,1,0.01,64,0,1,12,EXACT_MODEL_SELECTION_FROZEN_BEFORE_LOCKED_TEST,9,5,0.0026090559687443576,0.0006958729965262598,-0.002793868469156966,-0.00021589029888144143,12407
309,X_VALID,24,B5_EXACT_SELECTED_DIAGNOSTIC,1,0.01,64,0,1,12,EXACT_MODEL_SELECTION_FROZEN_BEFORE_LOCKED_TEST,10,0,0.005279482493107324,3.922986164484055e-05,0.00438108495026629,0.0010492527708738915,12407
309,X_VALID,24,B5_EXACT_SELECTED_DIAGNOSTIC,1,0.01,64,0,1,12,EXACT_MODEL_SELECTION_FROZEN_BEFORE_LOCKED_TEST,10,1,0.0020460453777394715,-5.8249615472838e-05,-0.002285536323212193,0.0013384671193362272,12407
309,X_VALID,24,B5_EXACT_SELECTED_DIAGNOSTIC,1,0.01,64,0,1,12,EXACT_MODEL_SELECTION_FROZEN_BEFORE_LOCKED_TEST,10,2,0.003681194587701544,0.0002510155529631992,-0.0014974986286435284,0.0007658274719879562,12407
309,X_VALID,24,B5_EXACT_SELECTED_DIAGNOSTIC,1,0.01,64,0,1,12,EXACT_MODEL_SELECTION_FROZEN_BEFORE_LOCKED_TEST,10,3,0.001385378477571516,0.00015658496551789088,0.0007555580990112916,0.0009525556893328829,12407
309,X_VALID,24,B5_EXACT_SELECTED_DIAGNOSTIC,1,0.01,64,0,1,12,EXACT_MODEL_SELECTION_FROZEN_BEFORE_LOCKED_TEST,10,4,-0.0008968943972737856,0.00012050970284147554,0.0006788231248573889,0.0009108603934832007,12407
309,X_VALID,24,B5_EXACT_SELECTED_DIAGNOSTIC,1,0.01,64,0,1,12,EXACT_MODEL_SELECTION_FROZEN_BEFORE_LOCKED_TEST,10,5,0.0013364780746062683,3.1382929525038475e-05,-0.0014311475097098332,0.0011157701935915131,12407
309,X_VALID,24,B5_EXACT_SELECTED_DIAGNOSTIC,1,0.01,64,0,1,12,EXACT_MODEL_SELECTION_FROZEN_BEFORE_LOCKED_TEST,11,0,0.008775862730228581,0.00045577272291788827,0.007282494104905766,0.00035397461277043184,12407
309,X_VALID,24,B5_EXACT_SELECTED_DIAGNOSTIC,1,0.01,64,0,1,12,EXACT_MODEL_SELECTION_FROZEN_BEFORE_LOCKED_TEST,11,1,0.0034010555766218874,0.00047787913440593713,-0.0037991513493316567,0.00028999376178162877,12407
309,X_VALID,24,B5_EXACT_SELECTED_DIAGNOSTIC,1,0.01,64,0,1,12,EXACT_MODEL_SELECTION_FROZEN_BEFORE_LOCKED_TEST,11,2,0.006119095655134021,0.0005805657907148489,-0.002489229279733118,0.0001945640240226283,12407
309,X_VALID,24,B5_EXACT_SELECTED_DIAGNOSTIC,1,0.01,64,0,1,12,EXACT_MODEL_SELECTION_FROZEN_BEFORE_LOCKED_TEST,11,3,0.0023028566463575797,0.0006294949373709391,0.0012559325976158242,7.415528091090067e-05,12407
309,X_VALID,24,B5_EXACT_SELECTED_DIAGNOSTIC,1,0.01,64,0,1,12,EXACT_MODEL_SELECTION_FROZEN_BEFORE_LOCKED_TEST,11,4,-0.001490870009373443,0.0004221852294684376,0.0011283792624809,0.00036675341349998023,12407
309,X_VALID,24,B5_EXACT_SELECTED_DIAGNOSTIC,1,0.01,64,0,1,12,EXACT_MODEL_SELECTION_FROZEN_BEFORE_LOCKED_TEST,11,5,0.002221571553654619,0.0004569628909650604,-0.0023789365924253396,0.0002787977285761646,12407
309,X_VALID,40,B5_EXACT_SELECTED_DIAGNOSTIC,1,0.01,64,0,1,10,EXACT_MODEL_SELECTION_FROZEN_BEFORE_LOCKED_TEST,0,0,0.0008565850852143736,0.000470367250028396,0.010529466057178936,0.000213275790234866,12644
309,X_VALID,40,B5_EXACT_SELECTED_DIAGNOSTIC,1,0.01,64,0,1,10,EXACT_MODEL_SELECTION_FROZEN_BEFORE_LOCKED_TEST,0,1,0.013301533913107013,0.0006282465611755569,-0.0019116054296285118,-0.00016149486332525434,12644
309,X_VALID,40,B5_EXACT_SELECTED_DIAGNOSTIC,1,0.01,64,0,1,10,EXACT_MODEL_SELECTION_FROZEN_BEFORE_LOCKED_TEST,0,2,-0.02119539831481042,0.0004737155288614102,0.0016686545131892438,8.60138473287521e-05,12644
309,X_VALID,40,B5_EXACT_SELECTED_DIAGNOSTIC,1,0.01,64,0,1,10,EXACT_MODEL_SELECTION_FROZEN_BEFORE_LOCKED_TEST,0,3,1.4706985883699656e-05,0.0006723176670788544,0.005950126222259548,-0.00031096097781329793,12644
309,X_VALID,40,B5_EXACT_SELECTED_DIAGNOSTIC,1,0.01,64,0,1,10,EXACT_MODEL_SELECTION_FROZEN_BEFORE_LOCKED_TEST,0,4,0.013899057691318868,0.0003178843082832135,-0.0004293369492445232,0.0003067678442309405,12644
309,X_VALID,40,B5_EXACT_SELECTED_DIAGNOSTIC,1,0.01,64,0,1,10,EXACT_MODEL_SELECTION_FROZEN_BEFORE_LOCKED_TEST,0,5,0.003323015408643133,0.0004936608331664918,0.003115772707871198,-6.887380288035433e-05,12644
309,X_VALID,40,B5_EXACT_SELECTED_DIAGNOSTIC,1,0.01,64,0,1,10,EXACT_MODEL_SELECTION_FROZEN_BEFORE_LOCKED_TEST,1,0,0.001487313785430566,0.00016042263373629295,0.01828262047797177,0.0007297334657675728,12644
309,X_VALID,40,B5_EXACT_SELECTED_DIAGNOSTIC,1,0.01,64,0,1,10,EXACT_MODEL_SELECTION_FROZEN_BEFORE_LOCKED_TEST,1,1,0.02309584313084922,0.0003871853858948172,-0.003319176526496336,0.0003609681428765321,12644
309,X_VALID,40,B5_EXACT_SELECTED_DIAGNOSTIC,1,0.01,64,0,1,10,EXACT_MODEL_SELECTION_FROZEN_BEFORE_LOCKED_TEST,1,2,-0.03680219121889098,0.00011773328114956377,0.002897333730678005,0.0006155593018432353,12644
309,X_VALID,40,B5_EXACT_SELECTED_DIAGNOSTIC,1,0.01,64,0,1,10,EXACT_MODEL_SELECTION_FROZEN_BEFORE_LOCKED_TEST,1,3,2.553617057374456e-05,0.0003947316189052182,0.010331378526400292,0.00022390560401648144,12644
309,X_VALID,40,B5_EXACT_SELECTED_DIAGNOSTIC,1,0.01,64,0,1,10,EXACT_MODEL_SELECTION_FROZEN_BEFORE_LOCKED_TEST,1,4,0.024133341177216258,-3.952346701421571e-05,-0.0007454703265657182,0.0009271235708770345,12644
309,X_VALID,40,B5_EXACT_SELECTED_DIAGNOSTIC,1,0.01,64,0,1,10,EXACT_MODEL_SELECTION_FROZEN_BEFORE_LOCKED_TEST,1,5,0.005769849034011863,0.0002126543301516354,0.005410007459475441,0.0005803576154691225,12644
309,X_VALID,40,B5_EXACT_SELECTED_DIAGNOSTIC,1,0.01,64,0,1,10,EXACT_MODEL_SELECTION_FROZEN_BEFORE_LOCKED_TEST,2,0,0.0008565850852143736,0.000470367250028396,0.010529466057178936,0.000213275790234866,12644
309,X_VALID,40,B5_EXACT_SELECTED_DIAGNOSTIC,1,0.01,64,0,1,10,EXACT_MODEL_SELECTION_FROZEN_BEFORE_LOCKED_TEST,2,1,0.013301533913107013,0.0006282465611755569,-0.0019116054296285118,-0.00016149486332525434,12644
309,X_VALID,40,B5_EXACT_SELECTED_DIAGNOSTIC,1,0.01,64,0,1,10,EXACT_MODEL_SELECTION_FROZEN_BEFORE_LOCKED_TEST,2,2,-0.02119539831481042,0.0004737155288614102,0.0016686545131892438,8.60138473287521e-05,12644
309,X_VALID,40,B5_EXACT_SELECTED_DIAGNOSTIC,1,0.01,64,0,1,10,EXACT_MODEL_SELECTION_FROZEN_BEFORE_LOCKED_TEST,2,3,1.4706985883699656e-05,0.0006723176670788544,0.005950126222259548,-0.00031096097781329793,12644
309,X_VALID,40,B5_EXACT_SELECTED_DIAGNOSTIC,1,0.01,64,0,1,10,EXACT_MODEL_SELECTION_FROZEN_BEFORE_LOCKED_TEST,2,4,0.013899057691318868,0.0003178843082832135,-0.0004293369492445232,0.0003067678442309405,12644
309,X_VALID,40,B5_EXACT_SELECTED_DIAGNOSTIC,1,0.01,64,0,1,10,EXACT_MODEL_SELECTION_FROZEN_BEFORE_LOCKED_TEST,2,5,0.003323015408643133,0.0004936608331664918,0.003115772707871198,-6.887380288035433e-05,12644
309,X_VALID,40,B5_EXACT_SELECTED_DIAGNOSTIC,1,0.01,64,0,1,10,EXACT_MODEL_SELECTION_FROZEN_BEFORE_LOCKED_TEST,3,0,0.0004488768482364903,0.0005690458677359995,0.005517763055816849,6.514574164453611e-05,12644
309,X_VALID,40,B5_EXACT_SELECTED_DIAGNOSTIC,1,0.01,64,0,1,10,EXACT_MODEL_SELECTION_FROZEN_BEFORE_LOCKED_TEST,3,1,0.006970411606141858,0.000723144472222003,-0.001001739856477496,-0.00034716864805934834,12644
309,X_VALID,40,B5_EXACT_SELECTED_DIAGNOSTIC,1,0.01,64,0,1,10,EXACT_MODEL_SELECTION_FROZEN_BEFORE_LOCKED_TEST,3,2,-0.011107038584833742,0.000604322567479733,0.0008744261271938104,-4.856921224670362e-05,12644
309,X_VALID,40,B5_EXACT_SELECTED_DIAGNOSTIC,1,0.01,64,0,1,10,EXACT_MODEL_SELECTION_FROZEN_BEFORE_LOCKED_TEST,3,3,7.706911531014127e-06,0.0008004228354801147,0.0031180485760953225,-0.00047376308711660173,12644
309,X_VALID,40,B5_EXACT_SELECTED_DIAGNOSTIC,1,0.01,64,0,1,10,EXACT_MODEL_SELECTION_FROZEN_BEFORE_LOCKED_TEST,3,4,0.007283532386482053,0.00038581339019964797,-0.00022498572521855372,0.0002368763103629012,12644
309,X_VALID,40,B5_EXACT_SELECTED_DIAGNOSTIC,1,0.01,64,0,1,10,EXACT_MODEL_SELECTION_FROZEN_BEFORE_LOCKED_TEST,3,5,0.0017413619604405347,0.0005588784569412949,0.0016327604310090007,-0.00015209429458375268,12644
309,X_VALID,40,B5_EXACT_SELECTED_DIAGNOSTIC,1,0.01,64,0,1,10,EXACT_MODEL_SELECTION_FROZEN_BEFORE_LOCKED_TEST,4,0,0.0004488768482364903,0.0005690458677359995,0.005517763055816849,6.514574164453611e-05,12644
309,X_VALID,40,B5_EXACT_SELECTED_DIAGNOSTIC,1,0.01,64,0,1,10,EXACT_MODEL_SELECTION_FROZEN_BEFORE_LOCKED_TEST,4,1,0.006970411606141858,0.000723144472222003,-0.001001739856477496,-0.00034716864805934834,12644
309,X_VALID,40,B5_EXACT_SELECTED_DIAGNOSTIC,1,0.01,64,0,1,10,EXACT_MODEL_SELECTION_FROZEN_BEFORE_LOCKED_TEST,4,2,-0.011107038584833742,0.000604322567479733,0.0008744261271938104,-4.856921224670362e-05,12644
309,X_VALID,40,B5_EXACT_SELECTED_DIAGNOSTIC,1,0.01,64,0,1,10,EXACT_MODEL_SELECTION_FROZEN_BEFORE_LOCKED_TEST,4,3,7.706911531014127e-06,0.0008004228354801147,0.0031180485760953225,-0.00047376308711660173,12644
309,X_VALID,40,B5_EXACT_SELECTED_DIAGNOSTIC,1,0.01,64,0,1,10,EXACT_MODEL_SELECTION_FROZEN_BEFORE_LOCKED_TEST,4,4,0.007283532386482053,0.00038581339019964797,-0.00022498572521855372,0.0002368763103629012,12644
309,X_VALID,40,B5_EXACT_SELECTED_DIAGNOSTIC,1,0.01,64,0,1,10,EXACT_MODEL_SELECTION_FROZEN_BEFORE_LOCKED_TEST,4,5,0.0017413619604405347,0.0005588784569412949,0.0016327604310090007,-0.00015209429458375268,12644
309,X_VALID,40,B5_EXACT_SELECTED_DIAGNOSTIC,1,0.01,64,0,1,10,EXACT_MODEL_SELECTION_FROZEN_BEFORE_LOCKED_TEST,5,0,0.0004488768482364903,0.0005690458677359995,0.005517763055816849,6.514574164453611e-05,12644
309,X_VALID,40,B5_EXACT_SELECTED_DIAGNOSTIC,1,0.01,64,0,1,10,EXACT_MODEL_SELECTION_FROZEN_BEFORE_LOCKED_TEST,5,1,0.006970411606141858,0.000723144472222003,-0.001001739856477496,-0.00034716864805934834,12644
309,X_VALID,40,B5_EXACT_SELECTED_DIAGNOSTIC,1,0.01,64,0,1,10,EXACT_MODEL_SELECTION_FROZEN_BEFORE_LOCKED_TEST,5,2,-0.011107038584833742,0.000604322567479733,0.0008744261271938104,-4.856921224670362e-05,12644
309,X_VALID,40,B5_EXACT_SELECTED_DIAGNOSTIC,1,0.01,64,0,1,10,EXACT_MODEL_SELECTION_FROZEN_BEFORE_LOCKED_TEST,5,3,7.706911531014127e-06,0.0008004228354801147,0.0031180485760953225,-0.00047376308711660173,12644
309,X_VALID,40,B5_EXACT_SELECTED_DIAGNOSTIC,1,0.01,64,0,1,10,EXACT_MODEL_SELECTION_FROZEN_BEFORE_LOCKED_TEST,5,4,0.007283532386482053,0.00038581339019964797,-0.00022498572521855372,0.0002368763103629012,12644
309,X_VALID,40,B5_EXACT_SELECTED_DIAGNOSTIC,1,0.01,64,0,1,10,EXACT_MODEL_SELECTION_FROZEN_BEFORE_LOCKED_TEST,5,5,0.0017413619604405347,0.0005588784569412949,0.0016327604310090007,-0.00015209429458375268,12644
309,X_VALID,40,B5_EXACT_SELECTED_DIAGNOSTIC,1,0.01,64,0,1,10,EXACT_MODEL_SELECTION_FROZEN_BEFORE_LOCKED_TEST,6,0,0.0008074703684660718,0.0004737010265020997,0.009925729485254216,0.00023789172579436924,12644
309,X_VALID,40,B5_EXACT_SELECTED_DIAGNOSTIC,1,0.01,64,0,1,10,EXACT_MODEL_SELECTION_FROZEN_BEFORE_LOCKED_TEST,6,1,0.012538853028584438,0.000623794783592365,-0.001801998152042985,-0.0001253256755719545,12644
309,X_VALID,40,B5_EXACT_SELECTED_DIAGNOSTIC,1,0.01,64,0,1,10,EXACT_MODEL_SELECTION_FROZEN_BEFORE_LOCKED_TEST,6,2,-0.01998010049726932,0.0005101378885682423,0.0015729775101912876,0.00010896870639356612,12644
309,X_VALID,40,B5_EXACT_SELECTED_DIAGNOSTIC,1,0.01,64,0,1,10,EXACT_MODEL_SELECTION_FROZEN_BEFORE_LOCKED_TEST,6,3,1.3863719454750937e-05,0.0007029275057889491,0.0056089589884759155,-0.000275975430465549,12644
309,X_VALID,40,B5_EXACT_SELECTED_DIAGNOSTIC,1,0.01,64,0,1,10,EXACT_MODEL_SELECTION_FROZEN_BEFORE_LOCKED_TEST,6,4,0.013102116099221748,0.0003470894457766067,-0.00040471970687630375,0.0003284823674929091,12644
309,X_VALID,40,B5_EXACT_SELECTED_DIAGNOSTIC,1,0.01,64,0,1,10,EXACT_MODEL_SELECTION_FROZEN_BEFORE_LOCKED_TEST,6,5,0.003132480967449943,0.0005167932781688309,0.00293712111021832,-3.4535210931281157e-05,12644
309,X_VALID,40,B5_EXACT_SELECTED_DIAGNOSTIC,1,0.01,64,0,1,10,EXACT_MODEL_SELECTION_FROZEN_BEFORE_LOCKED_TEST,7,0,0.0008766523573704726,0.0004124771511127053,0.010776140514480483,0.0003763861630145331,12644
309,X_VALID,40,B5_EXACT_SELECTED_DIAGNOSTIC,1,0.01,64,0,1,10,EXACT_MODEL_SELECTION_FROZEN_BEFORE_LOCKED_TEST,7,1,0.013613149776767705,0.0005375760356341545,-0.001956388729120399,0.00010283299756150175,12644
309,X_VALID,40,B5_EXACT_SELECTED_DIAGNOSTIC,1,0.01,64,0,1,10,EXACT_MODEL_SELECTION_FROZEN_BEFORE_LOCKED_TEST,7,2,-0.02169194423159328,0.00042762543166142514,0.0017077461864259975,0.0002549464923642827,12644
309,X_VALID,40,B5_EXACT_SELECTED_DIAGNOSTIC,1,0.01,64,0,1,10,EXACT_MODEL_SELECTION_FROZEN_BEFORE_LOCKED_TEST,7,3,1.5051527358232036e-05,0.0005852487415163645,0.006089520199958052,-3.843724796953766e-05,12644
309,X_VALID,40,B5_EXACT_SELECTED_DIAGNOSTIC,1,0.01,64,0,1,10,EXACT_MODEL_SELECTION_FROZEN_BEFORE_LOCKED_TEST,7,4,0.014224671781757141,0.00025271619718051616,-0.00043939505270193264,0.0005094927277650569,12644
309,X_VALID,40,B5_EXACT_SELECTED_DIAGNOSTIC,1,0.01,64,0,1,10,EXACT_MODEL_SELECTION_FROZEN_BEFORE_LOCKED_TEST,7,5,0.003400863897643467,0.0003971224903197128,0.003188766109209444,0.00025134444428972016,12644
309,X_VALID,40,B5_EXACT_SELECTED_DIAGNOSTIC,1,0.01,64,0,1,10,EXACT_MODEL_SELECTION_FROZEN_BEFORE_LOCKED_TEST,8,0,0.0008766523573704726,0.0004124771511127053,0.010776140514480483,0.0003763861630145331,12644
309,X_VALID,40,B5_EXACT_SELECTED_DIAGNOSTIC,1,0.01,64,0,1,10,EXACT_MODEL_SELECTION_FROZEN_BEFORE_LOCKED_TEST,8,1,0.013613149776767705,0.0005375760356341545,-0.001956388729120399,0.00010283299756150175,12644
309,X_VALID,40,B5_EXACT_SELECTED_DIAGNOSTIC,1,0.01,64,0,1,10,EXACT_MODEL_SELECTION_FROZEN_BEFORE_LOCKED_TEST,8,2,-0.02169194423159328,0.00042762543166142514,0.0017077461864259975,0.0002549464923642827,12644
309,X_VALID,40,B5_EXACT_SELECTED_DIAGNOSTIC,1,0.01,64,0,1,10,EXACT_MODEL_SELECTION_FROZEN_BEFORE_LOCKED_TEST,8,3,1.5051527358232036e-05,0.0005852487415163645,0.006089520199958052,-3.843724796953766e-05,12644
309,X_VALID,40,B5_EXACT_SELECTED_DIAGNOSTIC,1,0.01,64,0,1,10,EXACT_MODEL_SELECTION_FROZEN_BEFORE_LOCKED_TEST,8,4,0.014224671781757141,0.00025271619718051616,-0.00043939505270193264,0.0005094927277650569,12644
309,X_VALID,40,B5_EXACT_SELECTED_DIAGNOSTIC,1,0.01,64,0,1,10,EXACT_MODEL_SELECTION_FROZEN_BEFORE_LOCKED_TEST,8,5,0.003400863897643467,0.0003971224903197128,0.003188766109209444,0.00025134444428972016,12644
309,X_VALID,40,B5_EXACT_SELECTED_DIAGNOSTIC,1,0.01,64,0,1,10,EXACT_MODEL_SELECTION_FROZEN_BEFORE_LOCKED_TEST,9,0,0.0009053462242581072,0.0003885310475362797,0.011128856318966979,0.00026926865905048435,12644
309,X_VALID,40,B5_EXACT_SELECTED_DIAGNOSTIC,1,0.01,64,0,1,10,EXACT_MODEL_SELECTION_FROZEN_BEFORE_LOCKED_TEST,9,1,0.014058724244607622,0.000530398533197513,-0.002020423642506388,-5.511438261865195e-05,12644
309,X_VALID,40,B5_EXACT_SELECTED_DIAGNOSTIC,1,0.01,64,0,1,10,EXACT_MODEL_SELECTION_FROZEN_BEFORE_LOCKED_TEST,9,2,-0.022401947182115457,0.0004035340070668945,0.0017636427357698543,0.00014369469677632274,12644
309,X_VALID,40,B5_EXACT_SELECTED_DIAGNOSTIC,1,0.01,64,0,1,10,EXACT_MODEL_SELECTION_FROZEN_BEFORE_LOCKED_TEST,9,3,1.5544181622883835e-05,0.0005809642252048216,0.0062888373871623935,-0.00020193534027457792,12644
309,X_VALID,40,B5_EXACT_SELECTED_DIAGNOSTIC,1,0.01,64,0,1,10,EXACT_MODEL_SELECTION_FROZEN_BEFORE_LOCKED_TEST,9,4,0.014690262086961198,0.00024254384324441774,-0.00045377697165454044,0.0003809448483618518,12644
309,X_VALID,40,B5_EXACT_SELECTED_DIAGNOSTIC,1,0.01,64,0,1,10,EXACT_MODEL_SELECTION_FROZEN_BEFORE_LOCKED_TEST,9,5,0.0035121781890629735,0.0004009931520521648,0.003293138189549129,6.348311000542522e-05,12644
309,X_VALID,40,B5_EXACT_SELECTED_DIAGNOSTIC,1,0.01,64,0,1,10,EXACT_MODEL_SELECTION_FROZEN_BEFORE_LOCKED_TEST,10,0,0.001619735200428835,-0.00024445697232366076,0.019910394319164557,0.0012633159801904248,12644
309,X_VALID,40,B5_EXACT_SELECTED_DIAGNOSTIC,1,0.01,64,0,1,10,EXACT_MODEL_SELECTION_FROZEN_BEFORE_LOCKED_TEST,10,1,0.02515215717696671,-0.00012425098905302344,-0.003614695909543293,0.0012753425021124216,12644
309,X_VALID,40,B5_EXACT_SELECTED_DIAGNOSTIC,1,0.01,64,0,1,10,EXACT_MODEL_SELECTION_FROZEN_BEFORE_LOCKED_TEST,10,2,-0.040078835518151265,-0.0003780609353291591,0.0031552947850949915,0.0012290526120867808,12644
309,X_VALID,40,B5_EXACT_SELECTED_DIAGNOSTIC,1,0.01,64,0,1,10,EXACT_MODEL_SELECTION_FROZEN_BEFORE_LOCKED_TEST,10,3,2.7809756601208935e-05,-0.0002638047314415931,0.011251221922427558,0.0012461157346762744,12644
309,X_VALID,40,B5_EXACT_SELECTED_DIAGNOSTIC,1,0.01,64,0,1,10,EXACT_MODEL_SELECTION_FROZEN_BEFORE_LOCKED_TEST,10,4,0.026282027768188554,-0.000282688115960281,-0.000811842491236052,0.0012664192707859368,12644
309,X_VALID,40,B5_EXACT_SELECTED_DIAGNOSTIC,1,0.01,64,0,1,10,EXACT_MODEL_SELECTION_FROZEN_BEFORE_LOCKED_TEST,10,5,0.0062835614603302,-0.00017284338902480664,0.005891681770540552,0.001275312298412411,12644
309,X_VALID,40,B5_EXACT_SELECTED_DIAGNOSTIC,1,0.01,64,0,1,10,EXACT_MODEL_SELECTION_FROZEN_BEFORE_LOCKED_TEST,11,0,0.0009053462242581072,0.0003885310475362797,0.011128856318966979,0.00026926865905048435,12644
309,X_VALID,40,B5_EXACT_SELECTED_DIAGNOSTIC,1,0.01,64,0,1,10,EXACT_MODEL_SELECTION_FROZEN_BEFORE_LOCKED_TEST,11,1,0.014058724244607622,0.000530398533197513,-0.002020423642506388,-5.511438261865195e-05,12644
309,X_VALID,40,B5_EXACT_SELECTED_DIAGNOSTIC,1,0.01,64,0,1,10,EXACT_MODEL_SELECTION_FROZEN_BEFORE_LOCKED_TEST,11,2,-0.022401947182115457,0.0004035340070668945,0.0017636427357698543,0.00014369469677632274,12644
309,X_VALID,40,B5_EXACT_SELECTED_DIAGNOSTIC,1,0.01,64,0,1,10,EXACT_MODEL_SELECTION_FROZEN_BEFORE_LOCKED_TEST,11,3,1.5544181622883835e-05,0.0005809642252048216,0.0062888373871623935,-0.00020193534027457792,12644
309,X_VALID,40,B5_EXACT_SELECTED_DIAGNOSTIC,1,0.01,64,0,1,10,EXACT_MODEL_SELECTION_FROZEN_BEFORE_LOCKED_TEST,11,4,0.014690262086961198,0.00024254384324441774,-0.00045377697165454044,0.0003809448483618518,12644
309,X_VALID,40,B5_EXACT_SELECTED_DIAGNOSTIC,1,0.01,64,0,1,10,EXACT_MODEL_SELECTION_FROZEN_BEFORE_LOCKED_TEST,11,5,0.0035121781890629735,0.0004009931520521648,0.003293138189549129,6.348311000542522e-05,12644
310,X_BASE,8,B5_EXACT_SELECTED_DIAGNOSTIC,1,0.01,64,0,1,20,EXACT_MODEL_SELECTION_FROZEN_BEFORE_LOCKED_TEST,0,0,0.0009011206615585542,0.0009656873903188153,0.0026222338868349513,0.0018393102213487649,12881
310,X_BASE,8,B5_EXACT_SELECTED_DIAGNOSTIC,1,0.01,64,0,1,20,EXACT_MODEL_SELECTION_FROZEN_BEFORE_LOCKED_TEST,0,1,-0.0008009557132066298,0.0009194191663651,0.0018723298413321095,0.0018094837909553654,12881
310,X_BASE,8,B5_EXACT_SELECTED_DIAGNOSTIC,1,0.01,64,0,1,20,EXACT_MODEL_SELECTION_FROZEN_BEFORE_LOCKED_TEST,0,2,-0.007350370429795395,0.000785833364314961,-0.003799294935303239,0.0017971611922138243,12881
310,X_BASE,8,B5_EXACT_SELECTED_DIAGNOSTIC,1,0.01,64,0,1,20,EXACT_MODEL_SELECTION_FROZEN_BEFORE_LOCKED_TEST,0,3,0.0031511693705172012,0.0007480483922700556,-0.0011889572700404037,0.001787024073823212,12881
310,X_BASE,8,B5_EXACT_SELECTED_DIAGNOSTIC,1,0.01,64,0,1,20,EXACT_MODEL_SELECTION_FROZEN_BEFORE_LOCKED_TEST,0,4,0.00146044596476322,0.0007764233212212939,-0.0028789556964479474,0.0018645634658005599,12881
310,X_BASE,8,B5_EXACT_SELECTED_DIAGNOSTIC,1,0.01,64,0,1,20,EXACT_MODEL_SELECTION_FROZEN_BEFORE_LOCKED_TEST,0,5,-0.00044238347499776077,0.0007589262509354958,-0.002324544414532765,0.0018377885607484938,12881
310,X_BASE,8,B5_EXACT_SELECTED_DIAGNOSTIC,1,0.01,64,0,1,20,EXACT_MODEL_SELECTION_FROZEN_BEFORE_LOCKED_TEST,1,0,0.0007715982759057153,0.0007570852154528233,0.0022453276596764815,0.0028642805798853323,12881
310,X_BASE,8,B5_EXACT_SELECTED_DIAGNOSTIC,1,0.01,64,0,1,20,EXACT_MODEL_SELECTION_FROZEN_BEFORE_LOCKED_TEST,1,1,-0.0006858305149924807,0.0007056557948866097,0.0016032109118439102,0.002812395315367497,12881
310,X_BASE,8,B5_EXACT_SELECTED_DIAGNOSTIC,1,0.01,64,0,1,20,EXACT_MODEL_SELECTION_FROZEN_BEFORE_LOCKED_TEST,1,2,-0.006293866507387753,0.0006017067656202043,-0.0032532040899683735,0.002787722609903899,12881
310,X_BASE,8,B5_EXACT_SELECTED_DIAGNOSTIC,1,0.01,64,0,1,20,EXACT_MODEL_SELECTION_FROZEN_BEFORE_LOCKED_TEST,1,3,0.002698236714684384,0.0005622631203383403,-0.001018062750999445,0.0027517435006829487,12881
310,X_BASE,8,B5_EXACT_SELECTED_DIAGNOSTIC,1,0.01,64,0,1,20,EXACT_MODEL_SELECTION_FROZEN_BEFORE_LOCKED_TEST,1,4,0.0012505290762235349,0.0006274201056011992,-0.002465149614865234,0.002889049712717149,12881
310,X_BASE,8,B5_EXACT_SELECTED_DIAGNOSTIC,1,0.01,64,0,1,20,EXACT_MODEL_SELECTION_FROZEN_BEFORE_LOCKED_TEST,1,5,-0.00037879758078909726,0.0006019793870021521,-0.001990426520037343,0.0028640755862693657,12881
310,X_BASE,8,B5_EXACT_SELECTED_DIAGNOSTIC,1,0.01,64,0,1,20,EXACT_MODEL_SELECTION_FROZEN_BEFORE_LOCKED_TEST,2,0,0.0007715982759057153,0.0007570852154528233,0.0022453276596764815,0.0028642805798853323,12881
310,X_BASE,8,B5_EXACT_SELECTED_DIAGNOSTIC,1,0.01,64,0,1,20,EXACT_MODEL_SELECTION_FROZEN_BEFORE_LOCKED_TEST,2,1,-0.0006858305149924807,0.0007056557948866097,0.0016032109118439102,0.002812395315367497,12881
310,X_BASE,8,B5_EXACT_SELECTED_DIAGNOSTIC,1,0.01,64,0,1,20,EXACT_MODEL_SELECTION_FROZEN_BEFORE_LOCKED_TEST,2,2,-0.006293866507387753,0.0006017067656202043,-0.0032532040899683735,0.002787722609903899,12881
310,X_BASE,8,B5_EXACT_SELECTED_DIAGNOSTIC,1,0.01,64,0,1,20,EXACT_MODEL_SELECTION_FROZEN_BEFORE_LOCKED_TEST,2,3,0.002698236714684384,0.0005622631203383403,-0.001018062750999445,0.0027517435006829487,12881
310,X_BASE,8,B5_EXACT_SELECTED_DIAGNOSTIC,1,0.01,64,0,1,20,EXACT_MODEL_SELECTION_FROZEN_BEFORE_LOCKED_TEST,2,4,0.0012505290762235349,0.0006274201056011992,-0.002465149614865234,0.002889049712717149,12881
310,X_BASE,8,B5_EXACT_SELECTED_DIAGNOSTIC,1,0.01,64,0,1,20,EXACT_MODEL_SELECTION_FROZEN_BEFORE_LOCKED_TEST,2,5,-0.00037879758078909726,0.0006019793870021521,-0.001990426520037343,0.0028640755862693657,12881
310,X_BASE,8,B5_EXACT_SELECTED_DIAGNOSTIC,1,0.01,64,0,1,20,EXACT_MODEL_SELECTION_FROZEN_BEFORE_LOCKED_TEST,3,0,0.0010058493452327546,0.0009671793716566705,0.002926991190678286,0.0009673372084922233,12881
310,X_BASE,8,B5_EXACT_SELECTED_DIAGNOSTIC,1,0.01,64,0,1,20,EXACT_MODEL_SELECTION_FROZEN_BEFORE_LOCKED_TEST,3,1,-0.0008940431776316258,0.0009520912942704943,0.0020899329305205097,0.0009406296332194845,12881
310,X_BASE,8,B5_EXACT_SELECTED_DIAGNOSTIC,1,0.01,64,0,1,20,EXACT_MODEL_SELECTION_FROZEN_BEFORE_LOCKED_TEST,3,2,-0.00820463407335543,0.0007906642080470575,-0.0042408508494426135,0.0009468661345576022,12881
310,X_BASE,8,B5_EXACT_SELECTED_DIAGNOSTIC,1,0.01,64,0,1,20,EXACT_MODEL_SELECTION_FROZEN_BEFORE_LOCKED_TEST,3,3,0.003517399814770845,0.0007949420970040725,-0.0013271384650213741,0.0009349135203489274,12881
310,X_BASE,8,B5_EXACT_SELECTED_DIAGNOSTIC,1,0.01,64,0,1,20,EXACT_MODEL_SELECTION_FROZEN_BEFORE_LOCKED_TEST,3,4,0.001630179708524473,0.0007513128900909251,-0.0032135493344673583,0.0010039329619664142,12881
310,X_BASE,8,B5_EXACT_SELECTED_DIAGNOSTIC,1,0.01,64,0,1,20,EXACT_MODEL_SELECTION_FROZEN_BEFORE_LOCKED_TEST,3,5,-0.0004937974986598117,0.0007487895489305668,-0.0025947041024209252,0.0009917699364847693,12881
310,X_BASE,8,B5_EXACT_SELECTED_DIAGNOSTIC,1,0.01,64,0,1,20,EXACT_MODEL_SELECTION_FROZEN_BEFORE_LOCKED_TEST,4,0,0.0012333960996816576,0.0007448235725486876,0.0035891453680369782,0.0028066169639143247,12881
310,X_BASE,8,B5_EXACT_SELECTED_DIAGNOSTIC,1,0.01,64,0,1,20,EXACT_MODEL_SELECTION_FROZEN_BEFORE_LOCKED_TEST,4,1,-0.0010962967500691416,0.0007253368721921541,0.002562724862642096,0.0027434388959152664,12881
310,X_BASE,8,B5_EXACT_SELECTED_DIAGNOSTIC,1,0.01,64,0,1,20,EXACT_MODEL_SELECTION_FROZEN_BEFORE_LOCKED_TEST,4,2,-0.010060715069660995,0.0005260479979380811,-0.005200230950912222,0.002779095693671118,12881
310,X_BASE,8,B5_EXACT_SELECTED_DIAGNOSTIC,1,0.01,64,0,1,20,EXACT_MODEL_SELECTION_FROZEN_BEFORE_LOCKED_TEST,4,3,0.004313118294624377,0.0005272901460801974,-0.0016273683670948614,0.0027267731661698505,12881
310,X_BASE,8,B5_EXACT_SELECTED_DIAGNOSTIC,1,0.01,64,0,1,20,EXACT_MODEL_SELECTION_FROZEN_BEFORE_LOCKED_TEST,4,4,0.001998964659870607,0.0005549366058019353,-0.003940529696670878,0.002851794642161381,12881
310,X_BASE,8,B5_EXACT_SELECTED_DIAGNOSTIC,1,0.01,64,0,1,20,EXACT_MODEL_SELECTION_FROZEN_BEFORE_LOCKED_TEST,4,5,-0.0006055060946911842,0.0005477222307859174,-0.003181687133288747,0.0028266130923410224,12881
310,X_BASE,8,B5_EXACT_SELECTED_DIAGNOSTIC,1,0.01,64,0,1,20,EXACT_MODEL_SELECTION_FROZEN_BEFORE_LOCKED_TEST,5,0,0.0014396386691865749,0.000926769662021959,0.004189305011173253,0.0018791723643849373,12881
310,X_BASE,8,B5_EXACT_SELECTED_DIAGNOSTIC,1,0.01,64,0,1,20,EXACT_MODEL_SELECTION_FROZEN_BEFORE_LOCKED_TEST,5,1,-0.0012796142250737297,0.0009072935049961964,0.0029912514006633036,0.0018394089211840707,12881
310,X_BASE,8,B5_EXACT_SELECTED_DIAGNOSTIC,1,0.01,64,0,1,20,EXACT_MODEL_SELECTION_FROZEN_BEFORE_LOCKED_TEST,5,2,-0.011743019503378006,0.0007309210181050026,-0.006069788584191548,0.001848989244734005,12881
310,X_BASE,8,B5_EXACT_SELECTED_DIAGNOSTIC,1,0.01,64,0,1,20,EXACT_MODEL_SELECTION_FROZEN_BEFORE_LOCKED_TEST,5,3,0.005034337211962928,0.0007307504097165603,-0.0018994890861787743,0.0018319179264281009,12881
310,X_BASE,8,B5_EXACT_SELECTED_DIAGNOSTIC,1,0.01,64,0,1,20,EXACT_MODEL_SELECTION_FROZEN_BEFORE_LOCKED_TEST,5,4,0.00233322192556785,0.0007143204751249155,-0.00459944613889215,0.0019199344595396857,12881
310,X_BASE,8,B5_EXACT_SELECTED_DIAGNOSTIC,1,0.01,64,0,1,20,EXACT_MODEL_SELECTION_FROZEN_BEFORE_LOCKED_TEST,5,5,-0.000706755914479189,0.0007091101056112473,-0.003713713568186318,0.0019025344456710426,12881
310,X_BASE,8,B5_EXACT_SELECTED_DIAGNOSTIC,1,0.01,64,0,1,20,EXACT_MODEL_SELECTION_FROZEN_BEFORE_LOCKED_TEST,6,0,0.0001768516757241368,0.0008787056269523585,0.0005146330306368672,0.000852415996069205,12881
310,X_BASE,8,B5_EXACT_SELECTED_DIAGNOSTIC,1,0.01,64,0,1,20,EXACT_MODEL_SELECTION_FROZEN_BEFORE_LOCKED_TEST,6,1,-0.00015719355476370817,0.0008446411883174821,0.00036745874783870365,0.0008128663367313223,12881
310,X_BASE,8,B5_EXACT_SELECTED_DIAGNOSTIC,1,0.01,64,0,1,20,EXACT_MODEL_SELECTION_FROZEN_BEFORE_LOCKED_TEST,6,2,-0.001442565222568688,0.0008008346748430197,-0.0007456400730136218,0.0008549454451024091,12881
310,X_BASE,8,B5_EXACT_SELECTED_DIAGNOSTIC,1,0.01,64,0,1,20,EXACT_MODEL_SELECTION_FROZEN_BEFORE_LOCKED_TEST,6,3,0.0006184405789815842,0.0007789079966727825,-0.00023334176491677,0.0008324211906930087,12881
310,X_BASE,8,B5_EXACT_SELECTED_DIAGNOSTIC,1,0.01,64,0,1,20,EXACT_MODEL_SELECTION_FROZEN_BEFORE_LOCKED_TEST,6,4,0.0002866234536518239,0.0007502418525120805,-0.0005650166076225129,0.0009055266021164842,12881
310,X_BASE,8,B5_EXACT_SELECTED_DIAGNOSTIC,1,0.01,64,0,1,20,EXACT_MODEL_SELECTION_FROZEN_BEFORE_LOCKED_TEST,6,5,-8.682106870205976e-05,0.0007343150829950944,-0.00045620924315981716,0.0008588457740937699,12881
310,X_BASE,8,B5_EXACT_SELECTED_DIAGNOSTIC,1,0.01,64,0,1,20,EXACT_MODEL_SELECTION_FROZEN_BEFORE_LOCKED_TEST,7,0,4.1427397949950216e-05,0.0003148676878746137,0.0001205524758025953,0.004421539384931473,12881
310,X_BASE,8,B5_EXACT_SELECTED_DIAGNOSTIC,1,0.01,64,0,1,20,EXACT_MODEL_SELECTION_FROZEN_BEFORE_LOCKED_TEST,7,1,-3.6822495018488874e-05,0.0002624158872378222,8.60769891750976e-05,0.0043214392576904756,12881
310,X_BASE,8,B5_EXACT_SELECTED_DIAGNOSTIC,1,0.01,64,0,1,20,EXACT_MODEL_SELECTION_FROZEN_BEFORE_LOCKED_TEST,7,2,-0.00033792002987481596,0.00022019682098679597,-0.00017466573559839552,0.004389986138026328,12881
310,X_BASE,8,B5_EXACT_SELECTED_DIAGNOSTIC,1,0.01,64,0,1,20,EXACT_MODEL_SELECTION_FROZEN_BEFORE_LOCKED_TEST,7,3,0.0001448693311440929,0.00018208291186793424,-5.466016713706181e-05,0.004311865111588781,12881
310,X_BASE,8,B5_EXACT_SELECTED_DIAGNOSTIC,1,0.01,64,0,1,20,EXACT_MODEL_SELECTION_FROZEN_BEFORE_LOCKED_TEST,7,4,6.714137045975777e-05,0.00026606565105392714,-0.00013235479820287682,0.004498363395281206,12881
310,X_BASE,8,B5_EXACT_SELECTED_DIAGNOSTIC,1,0.01,64,0,1,20,EXACT_MODEL_SELECTION_FROZEN_BEFORE_LOCKED_TEST,7,5,-2.03377827709738e-05,0.00022394206408402179,-0.00010686673896326527,0.0044365896472816045,12881
310,X_BASE,8,B5_EXACT_SELECTED_DIAGNOSTIC,1,0.01,64,0,1,20,EXACT_MODEL_SELECTION_FROZEN_BEFORE_LOCKED_TEST,8,0,0.0004595720800607172,0.0008528930758886754,0.0013373408614270584,0.0017338352487312931,12881
310,X_BASE,8,B5_EXACT_SELECTED_DIAGNOSTIC,1,0.01,64,0,1,20,EXACT_MODEL_SELECTION_FROZEN_BEFORE_LOCKED_TEST,8,1,-0.00040848789608068174,0.0007952145190881001,0.0009548893466192451,0.0017077046990699556,12881
310,X_BASE,8,B5_EXACT_SELECTED_DIAGNOSTIC,1,0.01,64,0,1,20,EXACT_MODEL_SELECTION_FROZEN_BEFORE_LOCKED_TEST,8,2,-0.003748693345678386,0.0007669906457687959,-0.0019376427049864065,0.0017627310382342272,12881
310,X_BASE,8,B5_EXACT_SELECTED_DIAGNOSTIC,1,0.01,64,0,1,20,EXACT_MODEL_SELECTION_FROZEN_BEFORE_LOCKED_TEST,8,3,0.0016070982766364067,0.0007210901631899193,-0.0006063689237251771,0.0017702219659642474,12881
310,X_BASE,8,B5_EXACT_SELECTED_DIAGNOSTIC,1,0.01,64,0,1,20,EXACT_MODEL_SELECTION_FROZEN_BEFORE_LOCKED_TEST,8,4,0.0007448283215276173,0.0007311896963905374,-0.0014682691389306922,0.001772298007937656,12881
310,X_BASE,8,B5_EXACT_SELECTED_DIAGNOSTIC,1,0.01,64,0,1,20,EXACT_MODEL_SELECTION_FROZEN_BEFORE_LOCKED_TEST,8,5,-0.0002256158386575825,0.0006993962669157126,-0.0011855190512807116,0.0017496644233069604,12881
310,X_BASE,8,B5_EXACT_SELECTED_DIAGNOSTIC,1,0.01,64,0,1,20,EXACT_MODEL_SELECTION_FROZEN_BEFORE_LOCKED_TEST,9,0,0.0012548120598735075,0.0007650033228273784,0.003651465164852033,0.0008012199832072667,12881
310,X_BASE,8,B5_EXACT_SELECTED_DIAGNOSTIC,1,0.01,64,0,1,20,EXACT_MODEL_SELECTION_FROZEN_BEFORE_LOCKED_TEST,9,1,-0.001115332198262949,0.0007120947036761208,0.0026072225010367466,0.0007971254642500798,12881
310,X_BASE,8,B5_EXACT_SELECTED_DIAGNOSTIC,1,0.01,64,0,1,20,EXACT_MODEL_SELECTION_FROZEN_BEFORE_LOCKED_TEST,9,2,-0.010235403374163508,0.0006708917723645911,-0.0052905246846623975,0.0007865266879768436,12881
310,X_BASE,8,B5_EXACT_SELECTED_DIAGNOSTIC,1,0.01,64,0,1,20,EXACT_MODEL_SELECTION_FROZEN_BEFORE_LOCKED_TEST,9,3,0.004388008729030855,0.0006259004048997455,-0.0016556250286622002,0.0008034194728226996,12881
310,X_BASE,8,B5_EXACT_SELECTED_DIAGNOSTIC,1,0.01,64,0,1,20,EXACT_MODEL_SELECTION_FROZEN_BEFORE_LOCKED_TEST,9,4,0.0020336734996275617,0.0006433230777587769,-0.004008950723087684,0.0008308358048092733,12881
310,X_BASE,8,B5_EXACT_SELECTED_DIAGNOSTIC,1,0.01,64,0,1,20,EXACT_MODEL_SELECTION_FROZEN_BEFORE_LOCKED_TEST,9,5,-0.0006160197442991044,0.0006145313781437482,-0.0032369320663698706,0.0008190517479912835,12881
310,X_BASE,8,B5_EXACT_SELECTED_DIAGNOSTIC,1,0.01,64,0,1,20,EXACT_MODEL_SELECTION_FROZEN_BEFORE_LOCKED_TEST,10,0,0.0014334704755144844,0.0006253506237114299,0.004171355754034324,0.003470431109894844,12881
310,X_BASE,8,B5_EXACT_SELECTED_DIAGNOSTIC,1,0.01,64,0,1,20,EXACT_MODEL_SELECTION_FROZEN_BEFORE_LOCKED_TEST,10,1,-0.0012741316630012084,0.0005660663025572286,0.0029784352556429506,0.003386485853455692,12881
310,X_BASE,8,B5_EXACT_SELECTED_DIAGNOSTIC,1,0.01,64,0,1,20,EXACT_MODEL_SELECTION_FROZEN_BEFORE_LOCKED_TEST,10,2,-0.011692706032267302,0.0005082173151563901,-0.0060437823144675685,0.0033900272974760905,12881
310,X_BASE,8,B5_EXACT_SELECTED_DIAGNOSTIC,1,0.01,64,0,1,20,EXACT_MODEL_SELECTION_FROZEN_BEFORE_LOCKED_TEST,10,3,0.005012767378088193,0.0004581279669794008,-0.001891350643656809,0.0033207290592403237,12881
310,X_BASE,8,B5_EXACT_SELECTED_DIAGNOSTIC,1,0.01,64,0,1,20,EXACT_MODEL_SELECTION_FROZEN_BEFORE_LOCKED_TEST,10,4,0.0023232251360783035,0.0005297274090906747,-0.0045797396144869225,0.003532987232642462,12881
310,X_BASE,8,B5_EXACT_SELECTED_DIAGNOSTIC,1,0.01,64,0,1,20,EXACT_MODEL_SELECTION_FROZEN_BEFORE_LOCKED_TEST,10,5,-0.0007037277884273475,0.0004898762777262976,-0.0036978020029987957,0.003474935205748795,12881
310,X_BASE,8,B5_EXACT_SELECTED_DIAGNOSTIC,1,0.01,64,0,1,20,EXACT_MODEL_SELECTION_FROZEN_BEFORE_LOCKED_TEST,11,0,0.0012548120598735075,0.0007650033228273784,0.003651465164852033,0.0008012199832072667,12881
310,X_BASE,8,B5_EXACT_SELECTED_DIAGNOSTIC,1,0.01,64,0,1,20,EXACT_MODEL_SELECTION_FROZEN_BEFORE_LOCKED_TEST,11,1,-0.001115332198262949,0.0007120947036761208,0.0026072225010367466,0.0007971254642500798,12881
310,X_BASE,8,B5_EXACT_SELECTED_DIAGNOSTIC,1,0.01,64,0,1,20,EXACT_MODEL_SELECTION_FROZEN_BEFORE_LOCKED_TEST,11,2,-0.010235403374163508,0.0006708917723645911,-0.0052905246846623975,0.0007865266879768436,12881
310,X_BASE,8,B5_EXACT_SELECTED_DIAGNOSTIC,1,0.01,64,0,1,20,EXACT_MODEL_SELECTION_FROZEN_BEFORE_LOCKED_TEST,11,3,0.004388008729030855,0.0006259004048997455,-0.0016556250286622002,0.0008034194728226996,12881
310,X_BASE,8,B5_EXACT_SELECTED_DIAGNOSTIC,1,0.01,64,0,1,20,EXACT_MODEL_SELECTION_FROZEN_BEFORE_LOCKED_TEST,11,4,0.0020336734996275617,0.0006433230777587769,-0.004008950723087684,0.0008308358048092733,12881
310,X_BASE,8,B5_EXACT_SELECTED_DIAGNOSTIC,1,0.01,64,0,1,20,EXACT_MODEL_SELECTION_FROZEN_BEFORE_LOCKED_TEST,11,5,-0.0006160197442991044,0.0006145313781437482,-0.0032369320663698706,0.0008190517479912835,12881
310,X_BASE,24,B5_EXACT_SELECTED_DIAGNOSTIC,1,0.01,64,0,1,21,EXACT_MODEL_SELECTION_FROZEN_BEFORE_LOCKED_TEST,0,0,0.010492842284504943,0.0017041318846420957,0.0019511830838848563,0.00012559702072089765,13118
310,X_BASE,24,B5_EXACT_SELECTED_DIAGNOSTIC,1,0.01,64,0,1,21,EXACT_MODEL_SELECTION_FROZEN_BEFORE_LOCKED_TEST,0,1,0.0012039966860828497,0.0016499111842503491,0.006326884422944434,5.8293179686884355e-05,13118
310,X_BASE,24,B5_EXACT_SELECTED_DIAGNOSTIC,1,0.01,64,0,1,21,EXACT_MODEL_SELECTION_FROZEN_BEFORE_LOCKED_TEST,0,2,-0.009499909067542757,0.0018257230256182647,0.00782481675530494,3.408065824481166e-05,13118
310,X_BASE,24,B5_EXACT_SELECTED_DIAGNOSTIC,1,0.01,64,0,1,21,EXACT_MODEL_SELECTION_FROZEN_BEFORE_LOCKED_TEST,0,3,-0.006995252629352849,0.0017656085008011513,-0.008303101723996564,-6.018114985202836e-05,13118
310,X_BASE,24,B5_EXACT_SELECTED_DIAGNOSTIC,1,0.01,64,0,1,21,EXACT_MODEL_SELECTION_FROZEN_BEFORE_LOCKED_TEST,0,4,-0.005864602593328695,0.0016335259060942901,-0.010347998867964324,0.00012334948055534034,13118
310,X_BASE,24,B5_EXACT_SELECTED_DIAGNOSTIC,1,0.01,64,0,1,21,EXACT_MODEL_SELECTION_FROZEN_BEFORE_LOCKED_TEST,0,5,-0.000250678023742658,0.0015552609550256065,-0.007896718571142785,5.921918049406338e-06,13118
310,X_BASE,24,B5_EXACT_SELECTED_DIAGNOSTIC,1,0.01,64,0,1,21,EXACT_MODEL_SELECTION_FROZEN_BEFORE_LOCKED_TEST,1,0,0.007328833916806879,0.0015505586925437416,0.0013628239494452524,0.0025563159531220444,13118
310,X_BASE,24,B5_EXACT_SELECTED_DIAGNOSTIC,1,0.01,64,0,1,21,EXACT_MODEL_SELECTION_FROZEN_BEFORE_LOCKED_TEST,1,1,0.0008409439034185763,0.0015023279006448423,0.004419077680702981,0.0024885684953407246,13118
310,X_BASE,24,B5_EXACT_SELECTED_DIAGNOSTIC,1,0.01,64,0,1,21,EXACT_MODEL_SELECTION_FROZEN_BEFORE_LOCKED_TEST,1,2,-0.0066353094703046345,0.0017014447443399864,0.005465323967916978,0.0024762933475940252,13118
310,X_BASE,24,B5_EXACT_SELECTED_DIAGNOSTIC,1,0.01,64,0,1,21,EXACT_MODEL_SELECTION_FROZEN_BEFORE_LOCKED_TEST,1,3,-0.004885906348019835,0.0016448378400818603,-0.00579938703733168,0.002370845093730494,13118
310,X_BASE,24,B5_EXACT_SELECTED_DIAGNOSTIC,1,0.01,64,0,1,21,EXACT_MODEL_SELECTION_FROZEN_BEFORE_LOCKED_TEST,1,4,-0.0040961921688322375,0.0015400555016166929,-0.007227666538608822,0.002580054115925596,13118
310,X_BASE,24,B5_EXACT_SELECTED_DIAGNOSTIC,1,0.01,64,0,1,21,EXACT_MODEL_SELECTION_FROZEN_BEFORE_LOCKED_TEST,1,5,-0.0001750886511766508,0.0014699202156754707,-0.005515544532784379,0.002456637086640682,13118
310,X_BASE,24,B5_EXACT_SELECTED_DIAGNOSTIC,1,0.01,64,0,1,21,EXACT_MODEL_SELECTION_FROZEN_BEFORE_LOCKED_TEST,2,0,0.010492842284504943,0.0017041318846420957,0.0019511830838848563,0.00012559702072089765,13118
310,X_BASE,24,B5_EXACT_SELECTED_DIAGNOSTIC,1,0.01,64,0,1,21,EXACT_MODEL_SELECTION_FROZEN_BEFORE_LOCKED_TEST,2,1,0.0012039966860828497,0.0016499111842503491,0.006326884422944434,5.8293179686884355e-05,13118
310,X_BASE,24,B5_EXACT_SELECTED_DIAGNOSTIC,1,0.01,64,0,1,21,EXACT_MODEL_SELECTION_FROZEN_BEFORE_LOCKED_TEST,2,2,-0.009499909067542757,0.0018257230256182647,0.00782481675530494,3.408065824481166e-05,13118
310,X_BASE,24,B5_EXACT_SELECTED_DIAGNOSTIC,1,0.01,64,0,1,21,EXACT_MODEL_SELECTION_FROZEN_BEFORE_LOCKED_TEST,2,3,-0.006995252629352849,0.0017656085008011513,-0.008303101723996564,-6.018114985202836e-05,13118
310,X_BASE,24,B5_EXACT_SELECTED_DIAGNOSTIC,1,0.01,64,0,1,21,EXACT_MODEL_SELECTION_FROZEN_BEFORE_LOCKED_TEST,2,4,-0.005864602593328695,0.0016335259060942901,-0.010347998867964324,0.00012334948055534034,13118
310,X_BASE,24,B5_EXACT_SELECTED_DIAGNOSTIC,1,0.01,64,0,1,21,EXACT_MODEL_SELECTION_FROZEN_BEFORE_LOCKED_TEST,2,5,-0.000250678023742658,0.0015552609550256065,-0.007896718571142785,5.921918049406338e-06,13118
310,X_BASE,24,B5_EXACT_SELECTED_DIAGNOSTIC,1,0.01,64,0,1,21,EXACT_MODEL_SELECTION_FROZEN_BEFORE_LOCKED_TEST,3,0,0.008196384675122785,0.0021099431902708286,0.0015241482425338074,0.0012792331257426269,13118
310,X_BASE,24,B5_EXACT_SELECTED_DIAGNOSTIC,1,0.01,64,0,1,21,EXACT_MODEL_SELECTION_FROZEN_BEFORE_LOCKED_TEST,3,1,0.0009404906429672585,0.002059393710491133,0.004942186027333535,0.0012047808906353087,13118
310,X_BASE,24,B5_EXACT_SELECTED_DIAGNOSTIC,1,0.01,64,0,1,21,EXACT_MODEL_SELECTION_FROZEN_BEFORE_LOCKED_TEST,3,2,-0.007420764268157597,0.0021755892910470206,0.006112281724994146,0.0012266317522718305,13118
310,X_BASE,24,B5_EXACT_SELECTED_DIAGNOSTIC,1,0.01,64,0,1,21,EXACT_MODEL_SELECTION_FROZEN_BEFORE_LOCKED_TEST,3,3,-0.005464275540909378,0.002108558511638775,-0.006485889512229707,0.0011486950286733976,13118
310,X_BASE,24,B5_EXACT_SELECTED_DIAGNOSTIC,1,0.01,64,0,1,21,EXACT_MODEL_SELECTION_FROZEN_BEFORE_LOCKED_TEST,3,4,-0.004581078941082411,0.001906759355344603,-0.008083241607931247,0.0012399336963860527,13118
310,X_BASE,24,B5_EXACT_SELECTED_DIAGNOSTIC,1,0.01,64,0,1,21,EXACT_MODEL_SELECTION_FROZEN_BEFORE_LOCKED_TEST,3,5,-0.0001958147712968622,0.0018276656537475529,-0.006168447149525219,0.0011140452440390064,13118
310,X_BASE,24,B5_EXACT_SELECTED_DIAGNOSTIC,1,0.01,64,0,1,21,EXACT_MODEL_SELECTION_FROZEN_BEFORE_LOCKED_TEST,4,0,0.004207941045649189,0.0017231363361148108,0.0007824823020908309,0.002937652099847856,13118
310,X_BASE,24,B5_EXACT_SELECTED_DIAGNOSTIC,1,0.01,64,0,1,21,EXACT_MODEL_SELECTION_FROZEN_BEFORE_LOCKED_TEST,4,1,0.0004828383899065404,0.0016686734656509844,0.0025372683523225623,0.0028670130155936343,13118
310,X_BASE,24,B5_EXACT_SELECTED_DIAGNOSTIC,1,0.01,64,0,1,21,EXACT_MODEL_SELECTION_FROZEN_BEFORE_LOCKED_TEST,4,2,-0.0038097453684480032,0.0018136628903329631,0.003137983656530738,0.0029180087827059484,13118
310,X_BASE,24,B5_EXACT_SELECTED_DIAGNOSTIC,1,0.01,64,0,1,21,EXACT_MODEL_SELECTION_FROZEN_BEFORE_LOCKED_TEST,4,3,-0.0028053038314706786,0.0017503303626125917,-0.0033297901181838004,0.00284651461438426,13118
310,X_BASE,24,B5_EXACT_SELECTED_DIAGNOSTIC,1,0.01,64,0,1,21,EXACT_MODEL_SELECTION_FROZEN_BEFORE_LOCKED_TEST,4,4,-0.002351879624201634,0.0016027228361581922,-0.0041498545385687015,0.0028717580594983957,13118
310,X_BASE,24,B5_EXACT_SELECTED_DIAGNOSTIC,1,0.01,64,0,1,21,EXACT_MODEL_SELECTION_FROZEN_BEFORE_LOCKED_TEST,4,5,-0.00010052932434776632,0.0015272127501780464,-0.0031668184177819927,0.002761614176479528,13118
310,X_BASE,24,B5_EXACT_SELECTED_DIAGNOSTIC,1,0.01,64,0,1,21,EXACT_MODEL_SELECTION_FROZEN_BEFORE_LOCKED_TEST,5,0,0.0053550781160042185,0.0019671385577036808,0.000995796710702432,0.0021419529058836068,13118
310,X_BASE,24,B5_EXACT_SELECTED_DIAGNOSTIC,1,0.01,64,0,1,21,EXACT_MODEL_SELECTION_FROZEN_BEFORE_LOCKED_TEST,5,1,0.0006144661408763438,0.0019114921213508457,0.0032289592654823965,0.002068699063581142,13118
310,X_BASE,24,B5_EXACT_SELECTED_DIAGNOSTIC,1,0.01,64,0,1,21,EXACT_MODEL_SELECTION_FROZEN_BEFORE_LOCKED_TEST,5,2,-0.004848329344161913,0.0020573033729655217,0.003993437033734429,0.0021106633127072442,13118
310,X_BASE,24,B5_EXACT_SELECTED_DIAGNOSTIC,1,0.01,64,0,1,21,EXACT_MODEL_SELECTION_FROZEN_BEFORE_LOCKED_TEST,5,3,-0.003570064550258871,0.0019875150561951215,-0.004237532322656913,0.002035826289973515,13118
310,X_BASE,24,B5_EXACT_SELECTED_DIAGNOSTIC,1,0.01,64,0,1,21,EXACT_MODEL_SELECTION_FROZEN_BEFORE_LOCKED_TEST,5,4,-0.00299303126408116,0.001805464854402091,-0.005281156504573027,0.0020981703003514346,13118
310,X_BASE,24,B5_EXACT_SELECTED_DIAGNOSTIC,1,0.01,64,0,1,21,EXACT_MODEL_SELECTION_FROZEN_BEFORE_LOCKED_TEST,5,5,-0.0001279348686189485,0.0017234880919873446,-0.004030132509569685,0.0019789791922116134,13118
310,X_BASE,24,B5_EXACT_SELECTED_DIAGNOSTIC,1,0.01,64,0,1,21,EXACT_MODEL_SELECTION_FROZEN_BEFORE_LOCKED_TEST,6,0,0.0007622893967989545,0.002191284523181028,0.00014175055106425665,0.0015046986346861104,13118
310,X_BASE,24,B5_EXACT_SELECTED_DIAGNOSTIC,1,0.01,64,0,1,21,EXACT_MODEL_SELECTION_FROZEN_BEFORE_LOCKED_TEST,6,1,8.746856978279055e-05,0.0022017032478998826,0.00045963874988430364,0.001515402873223577,13118
310,X_BASE,24,B5_EXACT_SELECTED_DIAGNOSTIC,1,0.01,64,0,1,21,EXACT_MODEL_SELECTION_FROZEN_BEFORE_LOCKED_TEST,6,2,-0.0006901542743510082,0.0021248438800587376,0.0005684613075021718,0.0015218734596672185,13118
310,X_BASE,24,B5_EXACT_SELECTED_DIAGNOSTIC,1,0.01,64,0,1,21,EXACT_MODEL_SELECTION_FROZEN_BEFORE_LOCKED_TEST,6,3,-0.0005081947067059406,0.0021283735284616232,-0.00060320799961822,0.001561863369455146,13118
310,X_BASE,24,B5_EXACT_SELECTED_DIAGNOSTIC,1,0.01,64,0,1,21,EXACT_MODEL_SELECTION_FROZEN_BEFORE_LOCKED_TEST,6,4,-0.0004260546620371733,0.0018854263114631818,-0.0007517667378633391,0.001466107837624005,13118
310,X_BASE,24,B5_EXACT_SELECTED_DIAGNOSTIC,1,0.01,64,0,1,21,EXACT_MODEL_SELECTION_FROZEN_BEFORE_LOCKED_TEST,6,5,-1.8211385850307762e-05,0.0018873451270043009,-0.0005736848675574601,0.0014618653193857894,13118
310,X_BASE,24,B5_EXACT_SELECTED_DIAGNOSTIC,1,0.01,64,0,1,21,EXACT_MODEL_SELECTION_FROZEN_BEFORE_LOCKED_TEST,7,0,0.00013635701946233553,0.001926800769726762,2.535609537720404e-05,0.0033571631537922275,13118
310,X_BASE,24,B5_EXACT_SELECTED_DIAGNOSTIC,1,0.01,64,0,1,21,EXACT_MODEL_SELECTION_FROZEN_BEFORE_LOCKED_TEST,7,1,1.5646227695543087e-05,0.0019313872215580077,8.221939099088297e-05,0.0033744026672178212,13118
310,X_BASE,24,B5_EXACT_SELECTED_DIAGNOSTIC,1,0.01,64,0,1,21,EXACT_MODEL_SELECTION_FROZEN_BEFORE_LOCKED_TEST,7,2,-0.00012345361251891359,0.001804526626281969,0.00010168538339396806,0.0034299516361555233,13118
310,X_BASE,24,B5_EXACT_SELECTED_DIAGNOSTIC,1,0.01,64,0,1,21,EXACT_MODEL_SELECTION_FROZEN_BEFORE_LOCKED_TEST,7,3,-9.090499724113817e-05,0.0017951940744096416,-0.00010790081206582898,0.00347823836457958,13118
310,X_BASE,24,B5_EXACT_SELECTED_DIAGNOSTIC,1,0.01,64,0,1,21,EXACT_MODEL_SELECTION_FROZEN_BEFORE_LOCKED_TEST,7,4,-7.621192697600085e-05,0.0016824004615664165,-0.00013447474428534306,0.0033493902634546178,13118
310,X_BASE,24,B5_EXACT_SELECTED_DIAGNOSTIC,1,0.01,64,0,1,21,EXACT_MODEL_SELECTION_FROZEN_BEFORE_LOCKED_TEST,7,5,-3.2576214561743828e-06,0.0016585493001253805,-0.00010261976485475265,0.003349722408027958,13118
310,X_BASE,24,B5_EXACT_SELECTED_DIAGNOSTIC,1,0.01,64,0,1,21,EXACT_MODEL_SELECTION_FROZEN_BEFORE_LOCKED_TEST,8,0,-0.0007513715227155599,0.002079138044657628,-0.00013972033173512767,0.003095502909003433,13118
310,X_BASE,24,B5_EXACT_SELECTED_DIAGNOSTIC,1,0.01,64,0,1,21,EXACT_MODEL_SELECTION_FROZEN_BEFORE_LOCKED_TEST,8,1,-8.621580300529994e-05,0.002096240643961454,-0.00045305558341739665,0.0031255590613229814,13118
310,X_BASE,24,B5_EXACT_SELECTED_DIAGNOSTIC,1,0.01,64,0,1,21,EXACT_MODEL_SELECTION_FROZEN_BEFORE_LOCKED_TEST,8,2,0.0006802695540635135,0.0019107195060694946,-0.0005603195322096742,0.003144991699722125,13118
310,X_BASE,24,B5_EXACT_SELECTED_DIAGNOSTIC,1,0.01,64,0,1,21,EXACT_MODEL_SELECTION_FROZEN_BEFORE_LOCKED_TEST,8,3,0.0005009160985540206,0.0019186065710015434,0.0005945685655481893,0.003218355499335646,13118
310,X_BASE,24,B5_EXACT_SELECTED_DIAGNOSTIC,1,0.01,64,0,1,21,EXACT_MODEL_SELECTION_FROZEN_BEFORE_LOCKED_TEST,8,4,0.0004199525029722586,0.0017607216860507785,0.0007409995743444152,0.0030526504753193365,13118
310,X_BASE,24,B5_EXACT_SELECTED_DIAGNOSTIC,1,0.01,64,0,1,21,EXACT_MODEL_SELECTION_FROZEN_BEFORE_LOCKED_TEST,8,5,1.7950553653988764e-05,0.0017614489917297086,0.0005654682779343551,0.0030773692490284714,13118
310,X_BASE,24,B5_EXACT_SELECTED_DIAGNOSTIC,1,0.01,64,0,1,21,EXACT_MODEL_SELECTION_FROZEN_BEFORE_LOCKED_TEST,9,0,0.01192572758384929,0.002063391921129447,0.0022176334394149897,0.001782183434082145,13118
310,X_BASE,24,B5_EXACT_SELECTED_DIAGNOSTIC,1,0.01,64,0,1,21,EXACT_MODEL_SELECTION_FROZEN_BEFORE_LOCKED_TEST,9,1,0.0013684124949905156,0.0020291009344650794,0.007190873362688185,0.0017348728030045675,13118
310,X_BASE,24,B5_EXACT_SELECTED_DIAGNOSTIC,1,0.01,64,0,1,21,EXACT_MODEL_SELECTION_FROZEN_BEFORE_LOCKED_TEST,9,2,-0.010797201038479143,0.0020593982248477013,0.008893360872783664,0.0016891739854184157,13118
310,X_BASE,24,B5_EXACT_SELECTED_DIAGNOSTIC,1,0.01,64,0,1,21,EXACT_MODEL_SELECTION_FROZEN_BEFORE_LOCKED_TEST,9,3,-0.007950512833025343,0.001996098787847745,-0.009436959650827751,0.0016039401032934403,13118
310,X_BASE,24,B5_EXACT_SELECTED_DIAGNOSTIC,1,0.01,64,0,1,21,EXACT_MODEL_SELECTION_FROZEN_BEFORE_LOCKED_TEST,9,4,-0.006665463086094017,0.001863061943681122,-0.011761104588369,0.0016936879010136252,13118
310,X_BASE,24,B5_EXACT_SELECTED_DIAGNOSTIC,1,0.01,64,0,1,21,EXACT_MODEL_SELECTION_FROZEN_BEFORE_LOCKED_TEST,9,5,-0.00028491020272241723,0.001791095598662571,-0.00897508148243511,0.0015969398082910345,13118
310,X_BASE,24,B5_EXACT_SELECTED_DIAGNOSTIC,1,0.01,64,0,1,21,EXACT_MODEL_SELECTION_FROZEN_BEFORE_LOCKED_TEST,10,0,0.006797299159732627,0.0015276574039781697,0.001263983082654404,0.004603401477055707,13118
310,X_BASE,24,B5_EXACT_SELECTED_DIAGNOSTIC,1,0.01,64,0,1,21,EXACT_MODEL_SELECTION_FROZEN_BEFORE_LOCKED_TEST,10,1,0.0007799531757679464,0.0015080904171698682,0.004098577392639679,0.00458911002331978,13118
310,X_BASE,24,B5_EXACT_SELECTED_DIAGNOSTIC,1,0.01,64,0,1,21,EXACT_MODEL_SELECTION_FROZEN_BEFORE_LOCKED_TEST,10,2,-0.00615407362194917,0.001479326827708784,0.005068943086511422,0.004551993142104437,13118
310,X_BASE,24,B5_EXACT_SELECTED_DIAGNOSTIC,1,0.01,64,0,1,21,EXACT_MODEL_SELECTION_FROZEN_BEFORE_LOCKED_TEST,10,3,-0.0045315486052653385,0.0014314917432936083,-0.0053787777268930114,0.004516910051753545,13118
310,X_BASE,24,B5_EXACT_SELECTED_DIAGNOSTIC,1,0.01,64,0,1,21,EXACT_MODEL_SELECTION_FROZEN_BEFORE_LOCKED_TEST,10,4,-0.0037991096405467126,0.0014149883633678966,-0.006703469098549085,0.0045461465084359704,13118
310,X_BASE,24,B5_EXACT_SELECTED_DIAGNOSTIC,1,0.01,64,0,1,21,EXACT_MODEL_SELECTION_FROZEN_BEFORE_LOCKED_TEST,10,5,-0.00016239008211013032,0.0013729740346158862,-0.005115521329005314,0.004538334745994283,13118
310,X_BASE,24,B5_EXACT_SELECTED_DIAGNOSTIC,1,0.01,64,0,1,21,EXACT_MODEL_SELECTION_FROZEN_BEFORE_LOCKED_TEST,11,0,0.010197574741369985,0.001678518469997679,0.0018962769850639522,0.004050364901378972,13118
310,X_BASE,24,B5_EXACT_SELECTED_DIAGNOSTIC,1,0.01,64,0,1,21,EXACT_MODEL_SELECTION_FROZEN_BEFORE_LOCKED_TEST,11,1,0.0011701163385275158,0.001638136988863146,0.00614884652161999,0.003994734742946923,13118
310,X_BASE,24,B5_EXACT_SELECTED_DIAGNOSTIC,1,0.01,64,0,1,21,EXACT_MODEL_SELECTION_FROZEN_BEFORE_LOCKED_TEST,11,2,-0.009232582566836544,0.0016230206220600393,0.007604627186437409,0.003980959149496039,13118
310,X_BASE,24,B5_EXACT_SELECTED_DIAGNOSTIC,1,0.01,64,0,1,21,EXACT_MODEL_SELECTION_FROZEN_BEFORE_LOCKED_TEST,11,3,-0.00679840691286595,0.0015503748129074013,-0.008069453263458424,0.0038727093811573784,13118
310,X_BASE,24,B5_EXACT_SELECTED_DIAGNOSTIC,1,0.01,64,0,1,21,EXACT_MODEL_SELECTION_FROZEN_BEFORE_LOCKED_TEST,11,4,-0.005699573256925518,0.0015249200085876377,-0.010056807204231877,0.0039618288285233096,13118
310,X_BASE,24,B5_EXACT_SELECTED_DIAGNOSTIC,1,0.01,64,0,1,21,EXACT_MODEL_SELECTION_FROZEN_BEFORE_LOCKED_TEST,11,5,-0.0002436239689706984,0.0014473235279425258,-0.007674505692295579,0.0038572635862851646,13118
310,X_BASE,40,B5_EXACT_SELECTED_DIAGNOSTIC,1,0.01,64,0,1,11,EXACT_MODEL_SELECTION_FROZEN_BEFORE_LOCKED_TEST,0,0,0.009337408899849705,0.0016440649247086946,-0.0002853919803607729,0.00329053633560073,13355
310,X_BASE,40,B5_EXACT_SELECTED_DIAGNOSTIC,1,0.01,64,0,1,11,EXACT_MODEL_SELECTION_FROZEN_BEFORE_LOCKED_TEST,0,1,-0.0009569369091590379,0.0016804737264221107,-0.000136741527749424,0.003111094551497048,13355
310,X_BASE,40,B5_EXACT_SELECTED_DIAGNOSTIC,1,0.01,64,0,1,11,EXACT_MODEL_SELECTION_FROZEN_BEFORE_LOCKED_TEST,0,2,-0.011961890105808245,0.001135757940504075,-6.262559583868905e-06,0.003566397949709419,13355
310,X_BASE,40,B5_EXACT_SELECTED_DIAGNOSTIC,1,0.01,64,0,1,11,EXACT_MODEL_SELECTION_FROZEN_BEFORE_LOCKED_TEST,0,3,-0.0014486409746423204,0.0011953158676480172,-0.0022597543126038197,0.003414138702427587,13355
310,X_BASE,40,B5_EXACT_SELECTED_DIAGNOSTIC,1,0.01,64,0,1,11,EXACT_MODEL_SELECTION_FROZEN_BEFORE_LOCKED_TEST,0,4,-0.0007806920283258004,0.0016227042418217811,0.00019761191606786164,0.003419171458797512,13355
310,X_BASE,40,B5_EXACT_SELECTED_DIAGNOSTIC,1,0.01,64,0,1,11,EXACT_MODEL_SELECTION_FROZEN_BEFORE_LOCKED_TEST,0,5,0.00291932724900265,0.001750616591361941,-0.0007179300119268137,0.003281933320064457,13355
310,X_BASE,40,B5_EXACT_SELECTED_DIAGNOSTIC,1,0.01,64,0,1,11,EXACT_MODEL_SELECTION_FROZEN_BEFORE_LOCKED_TEST,1,0,0.0185783808811816,0.001762251816847597,-0.0005678364274764152,0.004877323143270432,13355
310,X_BASE,40,B5_EXACT_SELECTED_DIAGNOSTIC,1,0.01,64,0,1,11,EXACT_MODEL_SELECTION_FROZEN_BEFORE_LOCKED_TEST,1,1,-0.0019039905575842814,0.0017773977158833606,-0.00027207078666591916,0.004670830126016376,13355
310,X_BASE,40,B5_EXACT_SELECTED_DIAGNOSTIC,1,0.01,64,0,1,11,EXACT_MODEL_SELECTION_FROZEN_BEFORE_LOCKED_TEST,1,2,-0.02380023760640067,0.0012555059746550805,-1.2460439345446326e-05,0.004964476542325915,13355
310,X_BASE,40,B5_EXACT_SELECTED_DIAGNOSTIC,1,0.01,64,0,1,11,EXACT_MODEL_SELECTION_FROZEN_BEFORE_LOCKED_TEST,1,3,-0.0028823203605685926,0.0013023268263189305,-0.0044961698440904975,0.004795924487690971,13355
310,X_BASE,40,B5_EXACT_SELECTED_DIAGNOSTIC,1,0.01,64,0,1,11,EXACT_MODEL_SELECTION_FROZEN_BEFORE_LOCKED_TEST,1,4,-0.001553321056055752,0.0017169610109054525,0.00039318289289311394,0.004809654143886238,13355
310,X_BASE,40,B5_EXACT_SELECTED_DIAGNOSTIC,1,0.01,64,0,1,11,EXACT_MODEL_SELECTION_FROZEN_BEFORE_LOCKED_TEST,1,5,0.005808503636341371,0.0018382933880773337,-0.0014284452304345677,0.0046783752460312885,13355
310,X_BASE,40,B5_EXACT_SELECTED_DIAGNOSTIC,1,0.01,64,0,1,11,EXACT_MODEL_SELECTION_FROZEN_BEFORE_LOCKED_TEST,2,0,0.012856755709288445,0.0017851715841040508,-0.0003929585832904421,0.003787685831131584,13355
310,X_BASE,40,B5_EXACT_SELECTED_DIAGNOSTIC,1,0.01,64,0,1,11,EXACT_MODEL_SELECTION_FROZEN_BEFORE_LOCKED_TEST,2,1,-0.0013176143619947189,0.0018257159265107417,-0.00018828054296921013,0.003656200072498213,13355
310,X_BASE,40,B5_EXACT_SELECTED_DIAGNOSTIC,1,0.01,64,0,1,11,EXACT_MODEL_SELECTION_FROZEN_BEFORE_LOCKED_TEST,2,2,-0.016470425635339427,0.0012607827404375407,-8.622970199576724e-06,0.004060904663383414,13355
310,X_BASE,40,B5_EXACT_SELECTED_DIAGNOSTIC,1,0.01,64,0,1,11,EXACT_MODEL_SELECTION_FROZEN_BEFORE_LOCKED_TEST,2,3,-0.001994645765351629,0.001311404081882991,-0.003111474443474996,0.003942271372184625,13355
310,X_BASE,40,B5_EXACT_SELECTED_DIAGNOSTIC,1,0.01,64,0,1,11,EXACT_MODEL_SELECTION_FROZEN_BEFORE_LOCKED_TEST,2,4,-0.001074941324732524,0.0017644110707113233,0.0002720934851819321,0.003925998229332696,13355
310,X_BASE,40,B5_EXACT_SELECTED_DIAGNOSTIC,1,0.01,64,0,1,11,EXACT_MODEL_SELECTION_FROZEN_BEFORE_LOCKED_TEST,2,5,0.004019645886612107,0.0018842148111503903,-0.0009885237841365344,0.003834581108626792,13355
310,X_BASE,40,B5_EXACT_SELECTED_DIAGNOSTIC,1,0.01,64,0,1,11,EXACT_MODEL_SELECTION_FROZEN_BEFORE_LOCKED_TEST,3,0,0.007891075330583612,0.0018651028425847305,-0.00024118571221696663,0.0028517093764935833,13355
310,X_BASE,40,B5_EXACT_SELECTED_DIAGNOSTIC,1,0.01,64,0,1,11,EXACT_MODEL_SELECTION_FROZEN_BEFORE_LOCKED_TEST,3,1,-0.0008087105660448641,0.0018703131443129327,-0.0001155607200951825,0.0027610367435657638,13355
310,X_BASE,40,B5_EXACT_SELECTED_DIAGNOSTIC,1,0.01,64,0,1,11,EXACT_MODEL_SELECTION_FROZEN_BEFORE_LOCKED_TEST,3,2,-0.010109033130445316,0.0016094138269096673,-5.292509942385973e-06,0.0030309747132715227,13355
310,X_BASE,40,B5_EXACT_SELECTED_DIAGNOSTIC,1,0.01,64,0,1,11,EXACT_MODEL_SELECTION_FROZEN_BEFORE_LOCKED_TEST,3,3,-0.0012242513078822772,0.001608437812280564,-0.0019097258886943407,0.0029549507305404467,13355
310,X_BASE,40,B5_EXACT_SELECTED_DIAGNOSTIC,1,0.01,64,0,1,11,EXACT_MODEL_SELECTION_FROZEN_BEFORE_LOCKED_TEST,3,4,-0.0006597654308149837,0.0018576519498284371,0.00016700248780339446,0.0029725085252810986,13355
310,X_BASE,40,B5_EXACT_SELECTED_DIAGNOSTIC,1,0.01,64,0,1,11,EXACT_MODEL_SELECTION_FROZEN_BEFORE_LOCKED_TEST,3,5,0.0024671331719098347,0.0019094794627089664,-0.0006067250419216899,0.002907698823054859,13355
310,X_BASE,40,B5_EXACT_SELECTED_DIAGNOSTIC,1,0.01,64,0,1,11,EXACT_MODEL_SELECTION_FROZEN_BEFORE_LOCKED_TEST,4,0,0.007891075330583612,0.0018651028425847305,-0.00024118571221696663,0.0028517093764935833,13355
310,X_BASE,40,B5_EXACT_SELECTED_DIAGNOSTIC,1,0.01,64,0,1,11,EXACT_MODEL_SELECTION_FROZEN_BEFORE_LOCKED_TEST,4,1,-0.0008087105660448641,0.0018703131443129327,-0.0001155607200951825,0.0027610367435657638,13355
310,X_BASE,40,B5_EXACT_SELECTED_DIAGNOSTIC,1,0.01,64,0,1,11,EXACT_MODEL_SELECTION_FROZEN_BEFORE_LOCKED_TEST,4,2,-0.010109033130445316,0.0016094138269096673,-5.292509942385973e-06,0.0030309747132715227,13355
310,X_BASE,40,B5_EXACT_SELECTED_DIAGNOSTIC,1,0.01,64,0,1,11,EXACT_MODEL_SELECTION_FROZEN_BEFORE_LOCKED_TEST,4,3,-0.0012242513078822772,0.001608437812280564,-0.0019097258886943407,0.0029549507305404467,13355
310,X_BASE,40,B5_EXACT_SELECTED_DIAGNOSTIC,1,0.01,64,0,1,11,EXACT_MODEL_SELECTION_FROZEN_BEFORE_LOCKED_TEST,4,4,-0.0006597654308149837,0.0018576519498284371,0.00016700248780339446,0.0029725085252810986,13355
310,X_BASE,40,B5_EXACT_SELECTED_DIAGNOSTIC,1,0.01,64,0,1,11,EXACT_MODEL_SELECTION_FROZEN_BEFORE_LOCKED_TEST,4,5,0.0024671331719098347,0.0019094794627089664,-0.0006067250419216899,0.002907698823054859,13355
310,X_BASE,40,B5_EXACT_SELECTED_DIAGNOSTIC,1,0.01,64,0,1,11,EXACT_MODEL_SELECTION_FROZEN_BEFORE_LOCKED_TEST,5,0,0.007891075330583612,0.0018651028425847305,-0.00024118571221696663,0.0028517093764935833,13355
310,X_BASE,40,B5_EXACT_SELECTED_DIAGNOSTIC,1,0.01,64,0,1,11,EXACT_MODEL_SELECTION_FROZEN_BEFORE_LOCKED_TEST,5,1,-0.0008087105660448641,0.0018703131443129327,-0.0001155607200951825,0.0027610367435657638,13355
310,X_BASE,40,B5_EXACT_SELECTED_DIAGNOSTIC,1,0.01,64,0,1,11,EXACT_MODEL_SELECTION_FROZEN_BEFORE_LOCKED_TEST,5,2,-0.010109033130445316,0.0016094138269096673,-5.292509942385973e-06,0.0030309747132715227,13355
310,X_BASE,40,B5_EXACT_SELECTED_DIAGNOSTIC,1,0.01,64,0,1,11,EXACT_MODEL_SELECTION_FROZEN_BEFORE_LOCKED_TEST,5,3,-0.0012242513078822772,0.001608437812280564,-0.0019097258886943407,0.0029549507305404467,13355
310,X_BASE,40,B5_EXACT_SELECTED_DIAGNOSTIC,1,0.01,64,0,1,11,EXACT_MODEL_SELECTION_FROZEN_BEFORE_LOCKED_TEST,5,4,-0.0006597654308149837,0.0018576519498284371,0.00016700248780339446,0.0029725085252810986,13355
310,X_BASE,40,B5_EXACT_SELECTED_DIAGNOSTIC,1,0.01,64,0,1,11,EXACT_MODEL_SELECTION_FROZEN_BEFORE_LOCKED_TEST,5,5,0.0024671331719098347,0.0019094794627089664,-0.0006067250419216899,0.002907698823054859,13355
310,X_BASE,40,B5_EXACT_SELECTED_DIAGNOSTIC,1,0.01,64,0,1,11,EXACT_MODEL_SELECTION_FROZEN_BEFORE_LOCKED_TEST,6,0,0.0057965833805766614,0.0018976402133083585,-0.0001771688942888372,0.0035111149112743204,13355
310,X_BASE,40,B5_EXACT_SELECTED_DIAGNOSTIC,1,0.01,64,0,1,11,EXACT_MODEL_SELECTION_FROZEN_BEFORE_LOCKED_TEST,6,1,-0.0005940582278645792,0.0019081608115887616,-8.488796792434932e-05,0.0034054492424062132,13355
310,X_BASE,40,B5_EXACT_SELECTED_DIAGNOSTIC,1,0.01,64,0,1,11,EXACT_MODEL_SELECTION_FROZEN_BEFORE_LOCKED_TEST,6,2,-0.007425838809386246,0.0016779388262421618,-3.88774329078672e-06,0.0037327595338839357,13355
310,X_BASE,40,B5_EXACT_SELECTED_DIAGNOSTIC,1,0.01,64,0,1,11,EXACT_MODEL_SELECTION_FROZEN_BEFORE_LOCKED_TEST,6,3,-0.0008993038955559958,0.001680718594633848,-0.0014028361007984323,0.0036340463902946145,13355
310,X_BASE,40,B5_EXACT_SELECTED_DIAGNOSTIC,1,0.01,64,0,1,11,EXACT_MODEL_SELECTION_FROZEN_BEFORE_LOCKED_TEST,6,4,-0.00048464691707084416,0.0019841646880188663,0.00012267578305383072,0.003642844009866371,13355
310,X_BASE,40,B5_EXACT_SELECTED_DIAGNOSTIC,1,0.01,64,0,1,11,EXACT_MODEL_SELECTION_FROZEN_BEFORE_LOCKED_TEST,6,5,0.0018122933241475289,0.002041488839472555,-0.0004456847954488914,0.0035605623216229975,13355
310,X_BASE,40,B5_EXACT_SELECTED_DIAGNOSTIC,1,0.01,64,0,1,11,EXACT_MODEL_SELECTION_FROZEN_BEFORE_LOCKED_TEST,7,0,0.0046520381625014375,0.0018374026792734876,-0.00014218659567661715,0.0039309060758474755,13355
310,X_BASE,40,B5_EXACT_SELECTED_DIAGNOSTIC,1,0.01,64,0,1,11,EXACT_MODEL_SELECTION_FROZEN_BEFORE_LOCKED_TEST,7,1,-0.00047676042339600907,0.001851989974819285,-6.812669470856218e-05,0.003831962836241125,13355
310,X_BASE,40,B5_EXACT_SELECTED_DIAGNOSTIC,1,0.01,64,0,1,11,EXACT_MODEL_SELECTION_FROZEN_BEFORE_LOCKED_TEST,7,2,-0.005959594344075904,0.0016134687661243537,-3.120101785364472e-06,0.004168286305534862,13355
310,X_BASE,40,B5_EXACT_SELECTED_DIAGNOSTIC,1,0.01,64,0,1,11,EXACT_MODEL_SELECTION_FROZEN_BEFORE_LOCKED_TEST,7,3,-0.0007217348163801445,0.0016208000104522534,-0.0011258437338306322,0.004073634295912408,13355
310,X_BASE,40,B5_EXACT_SELECTED_DIAGNOSTIC,1,0.01,64,0,1,11,EXACT_MODEL_SELECTION_FROZEN_BEFORE_LOCKED_TEST,7,4,-0.00038895256145318123,0.0019267949183419623,9.845324166188293e-05,0.0040598152289220415,13355
310,X_BASE,40,B5_EXACT_SELECTED_DIAGNOSTIC,1,0.01,64,0,1,11,EXACT_MODEL_SELECTION_FROZEN_BEFORE_LOCKED_TEST,7,5,0.0014544529340906626,0.0019873561858812718,-0.0003576835768156631,0.003983746904834869,13355
310,X_BASE,40,B5_EXACT_SELECTED_DIAGNOSTIC,1,0.01,64,0,1,11,EXACT_MODEL_SELECTION_FROZEN_BEFORE_LOCKED_TEST,8,0,0.0046520381625014375,0.0018374026792734876,-0.00014218659567661715,0.0039309060758474755,13355
310,X_BASE,40,B5_EXACT_SELECTED_DIAGNOSTIC,1,0.01,64,0,1,11,EXACT_MODEL_SELECTION_FROZEN_BEFORE_LOCKED_TEST,8,1,-0.00047676042339600907,0.001851989974819285,-6.812669470856218e-05,0.003831962836241125,13355
310,X_BASE,40,B5_EXACT_SELECTED_DIAGNOSTIC,1,0.01,64,0,1,11,EXACT_MODEL_SELECTION_FROZEN_BEFORE_LOCKED_TEST,8,2,-0.005959594344075904,0.0016134687661243537,-3.120101785364472e-06,0.004168286305534862,13355
310,X_BASE,40,B5_EXACT_SELECTED_DIAGNOSTIC,1,0.01,64,0,1,11,EXACT_MODEL_SELECTION_FROZEN_BEFORE_LOCKED_TEST,8,3,-0.0007217348163801445,0.0016208000104522534,-0.0011258437338306322,0.004073634295912408,13355
310,X_BASE,40,B5_EXACT_SELECTED_DIAGNOSTIC,1,0.01,64,0,1,11,EXACT_MODEL_SELECTION_FROZEN_BEFORE_LOCKED_TEST,8,4,-0.00038895256145318123,0.0019267949183419623,9.845324166188293e-05,0.0040598152289220415,13355
310,X_BASE,40,B5_EXACT_SELECTED_DIAGNOSTIC,1,0.01,64,0,1,11,EXACT_MODEL_SELECTION_FROZEN_BEFORE_LOCKED_TEST,8,5,0.0014544529340906626,0.0019873561858812718,-0.0003576835768156631,0.003983746904834869,13355
310,X_BASE,40,B5_EXACT_SELECTED_DIAGNOSTIC,1,0.01,64,0,1,11,EXACT_MODEL_SELECTION_FROZEN_BEFORE_LOCKED_TEST,9,0,0.025475678369105397,0.0015968036066783032,-0.0007786479502798824,0.003062138306767909,13355
310,X_BASE,40,B5_EXACT_SELECTED_DIAGNOSTIC,1,0.01,64,0,1,11,EXACT_MODEL_SELECTION_FROZEN_BEFORE_LOCKED_TEST,9,1,-0.002610854593467988,0.001636902020177294,-0.00037307814384143594,0.0030402014014312925,13355
310,X_BASE,40,B5_EXACT_SELECTED_DIAGNOSTIC,1,0.01,64,0,1,11,EXACT_MODEL_SELECTION_FROZEN_BEFORE_LOCKED_TEST,9,2,-0.0326361700864423,0.0016134303352036878,-1.7086426806109622e-05,0.0034058811750247602,13355
310,X_BASE,40,B5_EXACT_SELECTED_DIAGNOSTIC,1,0.01,64,0,1,11,EXACT_MODEL_SELECTION_FROZEN_BEFORE_LOCKED_TEST,9,3,-0.0039523932108070335,0.001627478891639973,-0.006165390707267876,0.003367869501011575,13355
310,X_BASE,40,B5_EXACT_SELECTED_DIAGNOSTIC,1,0.01,64,0,1,11,EXACT_MODEL_SELECTION_FROZEN_BEFORE_LOCKED_TEST,9,4,-0.0021299976505551473,0.0019228959552186422,0.0005391535992097888,0.003300257964523882,13355
310,X_BASE,40,B5_EXACT_SELECTED_DIAGNOSTIC,1,0.01,64,0,1,11,EXACT_MODEL_SELECTION_FROZEN_BEFORE_LOCKED_TEST,9,5,0.007964933617821303,0.001987166809736481,-0.001958761180060338,0.003275942948704857,13355
310,X_BASE,40,B5_EXACT_SELECTED_DIAGNOSTIC,1,0.01,64,0,1,11,EXACT_MODEL_SELECTION_FROZEN_BEFORE_LOCKED_TEST,10,0,0.01673504990034997,0.0016458196218363114,-0.0005114961852612145,0.0036527164411508883,13355
310,X_BASE,40,B5_EXACT_SELECTED_DIAGNOSTIC,1,0.01,64,0,1,11,EXACT_MODEL_SELECTION_FROZEN_BEFORE_LOCKED_TEST,10,1,-0.001715078251153906,0.001676901391614291,-0.0002450761570882409,0.0035875763659375943,13355
310,X_BASE,40,B5_EXACT_SELECTED_DIAGNOSTIC,1,0.01,64,0,1,11,EXACT_MODEL_SELECTION_FROZEN_BEFORE_LOCKED_TEST,10,2,-0.021438798490063526,0.001679633571290937,-1.1224125264733842e-05,0.0039532548145908945,13355
310,X_BASE,40,B5_EXACT_SELECTED_DIAGNOSTIC,1,0.01,64,0,1,11,EXACT_MODEL_SELECTION_FROZEN_BEFORE_LOCKED_TEST,10,3,-0.002596339012070156,0.001690194795686895,-0.004050063737121405,0.003883918834464052,13355
310,X_BASE,40,B5_EXACT_SELECTED_DIAGNOSTIC,1,0.01,64,0,1,11,EXACT_MODEL_SELECTION_FROZEN_BEFORE_LOCKED_TEST,10,4,-0.001399201876127326,0.0019768436191634365,0.00035417162424499285,0.0038348078145956656,13355
310,X_BASE,40,B5_EXACT_SELECTED_DIAGNOSTIC,1,0.01,64,0,1,11,EXACT_MODEL_SELECTION_FROZEN_BEFORE_LOCKED_TEST,10,5,0.005232188898603031,0.002041288373042517,-0.0012867161225795169,0.0037832840291967262,13355
310,X_BASE,40,B5_EXACT_SELECTED_DIAGNOSTIC,1,0.01,64,0,1,11,EXACT_MODEL_SELECTION_FROZEN_BEFORE_LOCKED_TEST,11,0,0.01673504990034997,0.0016458196218363114,-0.0005114961852612145,0.0036527164411508883,13355
310,X_BASE,40,B5_EXACT_SELECTED_DIAGNOSTIC,1,0.01,64,0,1,11,EXACT_MODEL_SELECTION_FROZEN_BEFORE_LOCKED_TEST,11,1,-0.001715078251153906,0.001676901391614291,-0.0002450761570882409,0.0035875763659375943,13355
310,X_BASE,40,B5_EXACT_SELECTED_DIAGNOSTIC,1,0.01,64,0,1,11,EXACT_MODEL_SELECTION_FROZEN_BEFORE_LOCKED_TEST,11,2,-0.021438798490063526,0.001679633571290937,-1.1224125264733842e-05,0.0039532548145908945,13355
310,X_BASE,40,B5_EXACT_SELECTED_DIAGNOSTIC,1,0.01,64,0,1,11,EXACT_MODEL_SELECTION_FROZEN_BEFORE_LOCKED_TEST,11,3,-0.002596339012070156,0.001690194795686895,-0.004050063737121405,0.003883918834464052,13355
310,X_BASE,40,B5_EXACT_SELECTED_DIAGNOSTIC,1,0.01,64,0,1,11,EXACT_MODEL_SELECTION_FROZEN_BEFORE_LOCKED_TEST,11,4,-0.001399201876127326,0.0019768436191634365,0.00035417162424499285,0.0038348078145956656,13355
310,X_BASE,40,B5_EXACT_SELECTED_DIAGNOSTIC,1,0.01,64,0,1,11,EXACT_MODEL_SELECTION_FROZEN_BEFORE_LOCKED_TEST,11,5,0.005232188898603031,0.002041288373042517,-0.0012867161225795169,0.0037832840291967262,13355
310,X_VALID,8,B5_EXACT_SELECTED_DIAGNOSTIC,1,0.01,64,0,1,20,EXACT_MODEL_SELECTION_FROZEN_BEFORE_LOCKED_TEST,0,0,0.004813471314680129,-0.000499320460226539,0.0022337418419499603,0.005248762501389292,13592
310,X_VALID,8,B5_EXACT_SELECTED_DIAGNOSTIC,1,0.01,64,0,1,20,EXACT_MODEL_SELECTION_FROZEN_BEFORE_LOCKED_TEST,0,1,0.013376066308091931,-0.0004851787942400058,-0.001899783194420736,0.005147434023080088,13592
310,X_VALID,8,B5_EXACT_SELECTED_DIAGNOSTIC,1,0.01,64,0,1,20,EXACT_MODEL_SELECTION_FROZEN_BEFORE_LOCKED_TEST,0,2,0.010400122096830463,-0.0005689167264562046,0.006177123961140798,0.005292954629089251,13592
310,X_VALID,8,B5_EXACT_SELECTED_DIAGNOSTIC,1,0.01,64,0,1,20,EXACT_MODEL_SELECTION_FROZEN_BEFORE_LOCKED_TEST,0,3,-0.017949770653409063,-0.0005389555349743676,0.015980670518638104,0.005172907515022661,13592
310,X_VALID,8,B5_EXACT_SELECTED_DIAGNOSTIC,1,0.01,64,0,1,20,EXACT_MODEL_SELECTION_FROZEN_BEFORE_LOCKED_TEST,0,4,-0.00033610242175360964,-0.00045774149874534185,-0.0013249621449022801,0.0052723617026667335,13592
310,X_VALID,8,B5_EXACT_SELECTED_DIAGNOSTIC,1,0.01,64,0,1,20,EXACT_MODEL_SELECTION_FROZEN_BEFORE_LOCKED_TEST,0,5,-0.010485826388543824,-0.0004444977891709303,0.0080588008723768,0.005136999345655573,13592
310,X_VALID,8,B5_EXACT_SELECTED_DIAGNOSTIC,1,0.01,64,0,1,20,EXACT_MODEL_SELECTION_FROZEN_BEFORE_LOCKED_TEST,1,0,0.003038526213417984,-0.0006348337457790237,0.001410059954044738,0.006309860715050905,13592
310,X_VALID,8,B5_EXACT_SELECTED_DIAGNOSTIC,1,0.01,64,0,1,20,EXACT_MODEL_SELECTION_FROZEN_BEFORE_LOCKED_TEST,1,1,0.008443704231829482,-0.0006284842022208735,-0.0011992470004865837,0.006266484037341379,13592
310,X_VALID,8,B5_EXACT_SELECTED_DIAGNOSTIC,1,0.01,64,0,1,20,EXACT_MODEL_SELECTION_FROZEN_BEFORE_LOCKED_TEST,1,2,0.006565125571142405,-0.000754808588650266,0.0038993383054378773,0.006398360822001484,13592
310,X_VALID,8,B5_EXACT_SELECTED_DIAGNOSTIC,1,0.01,64,0,1,20,EXACT_MODEL_SELECTION_FROZEN_BEFORE_LOCKED_TEST,1,3,-0.011330876427763382,-0.0007456966612826304,0.01008787278544417,0.006384645834194094,13592
310,X_VALID,8,B5_EXACT_SELECTED_DIAGNOSTIC,1,0.01,64,0,1,20,EXACT_MODEL_SELECTION_FROZEN_BEFORE_LOCKED_TEST,1,4,-0.00021216622103407477,-0.0006091579867682877,-0.0008363885324908461,0.00634574134154019,13592
310,X_VALID,8,B5_EXACT_SELECTED_DIAGNOSTIC,1,0.01,64,0,1,20,EXACT_MODEL_SELECTION_FROZEN_BEFORE_LOCKED_TEST,1,5,-0.0066192268049399886,-0.0006084101478429598,0.005087155630231457,0.006268650573346755,13592
310,X_VALID,8,B5_EXACT_SELECTED_DIAGNOSTIC,1,0.01,64,0,1,20,EXACT_MODEL_SELECTION_FROZEN_BEFORE_LOCKED_TEST,2,0,0.004813471314680129,-0.000499320460226539,0.0022337418419499603,0.005248762501389292,13592
310,X_VALID,8,B5_EXACT_SELECTED_DIAGNOSTIC,1,0.01,64,0,1,20,EXACT_MODEL_SELECTION_FROZEN_BEFORE_LOCKED_TEST,2,1,0.013376066308091931,-0.0004851787942400058,-0.001899783194420736,0.005147434023080088,13592
310,X_VALID,8,B5_EXACT_SELECTED_DIAGNOSTIC,1,0.01,64,0,1,20,EXACT_MODEL_SELECTION_FROZEN_BEFORE_LOCKED_TEST,2,2,0.010400122096830463,-0.0005689167264562046,0.006177123961140798,0.005292954629089251,13592
310,X_VALID,8,B5_EXACT_SELECTED_DIAGNOSTIC,1,0.01,64,0,1,20,EXACT_MODEL_SELECTION_FROZEN_BEFORE_LOCKED_TEST,2,3,-0.017949770653409063,-0.0005389555349743676,0.015980670518638104,0.005172907515022661,13592
310,X_VALID,8,B5_EXACT_SELECTED_DIAGNOSTIC,1,0.01,64,0,1,20,EXACT_MODEL_SELECTION_FROZEN_BEFORE_LOCKED_TEST,2,4,-0.00033610242175360964,-0.00045774149874534185,-0.0013249621449022801,0.0052723617026667335,13592
310,X_VALID,8,B5_EXACT_SELECTED_DIAGNOSTIC,1,0.01,64,0,1,20,EXACT_MODEL_SELECTION_FROZEN_BEFORE_LOCKED_TEST,2,5,-0.010485826388543824,-0.0004444977891709303,0.0080588008723768,0.005136999345655573,13592
310,X_VALID,8,B5_EXACT_SELECTED_DIAGNOSTIC,1,0.01,64,0,1,20,EXACT_MODEL_SELECTION_FROZEN_BEFORE_LOCKED_TEST,3,0,0.005063222527054407,-0.0004269627640799192,0.0023496415111672127,0.005079691819265351,13592
310,X_VALID,8,B5_EXACT_SELECTED_DIAGNOSTIC,1,0.01,64,0,1,20,EXACT_MODEL_SELECTION_FROZEN_BEFORE_LOCKED_TEST,3,1,0.014070095327659621,-0.00040667268372185025,-0.0019983551241230736,0.004946919604172573,13592
310,X_VALID,8,B5_EXACT_SELECTED_DIAGNOSTIC,1,0.01,64,0,1,20,EXACT_MODEL_SELECTION_FROZEN_BEFORE_LOCKED_TEST,3,2,0.010939741621434717,-0.00044443790561320894,0.006497629496008336,0.005118601514854181,13592
310,X_VALID,8,B5_EXACT_SELECTED_DIAGNOSTIC,1,0.01,64,0,1,20,EXACT_MODEL_SELECTION_FROZEN_BEFORE_LOCKED_TEST,3,3,-0.018881110364286108,-0.00040520577252670743,0.016809841729113876,0.0049666361432301005,13592
310,X_VALID,8,B5_EXACT_SELECTED_DIAGNOSTIC,1,0.01,64,0,1,20,EXACT_MODEL_SELECTION_FROZEN_BEFORE_LOCKED_TEST,3,4,-0.00035354139288841106,-0.0003759946768109943,-0.0013937089765350278,0.005114458196796057,13592
310,X_VALID,8,B5_EXACT_SELECTED_DIAGNOSTIC,1,0.01,64,0,1,20,EXACT_MODEL_SELECTION_FROZEN_BEFORE_LOCKED_TEST,3,5,-0.01102989275605245,-0.0003550598853947525,0.00847693887644481,0.004950781627089077,13592
310,X_VALID,8,B5_EXACT_SELECTED_DIAGNOSTIC,1,0.01,64,0,1,20,EXACT_MODEL_SELECTION_FROZEN_BEFORE_LOCKED_TEST,4,0,0.004609449361915528,-0.0005603847779577578,0.0021390633152125645,0.005951007793106293,13592
310,X_VALID,8,B5_EXACT_SELECTED_DIAGNOSTIC,1,0.01,64,0,1,20,EXACT_MODEL_SELECTION_FROZEN_BEFORE_LOCKED_TEST,4,1,0.012809113481311226,-0.0005458797861683922,-0.001819259711093226,0.005864516785352489,13592
310,X_VALID,8,B5_EXACT_SELECTED_DIAGNOSTIC,1,0.01,64,0,1,20,EXACT_MODEL_SELECTION_FROZEN_BEFORE_LOCKED_TEST,4,2,0.009959306502331249,-0.0006294010268663453,0.00591530274924796,0.006031544767003123,13592
310,X_VALID,8,B5_EXACT_SELECTED_DIAGNOSTIC,1,0.01,64,0,1,20,EXACT_MODEL_SELECTION_FROZEN_BEFORE_LOCKED_TEST,4,3,-0.01718895854485521,-0.0005983883706626921,0.01530331993471405,0.005929442238399634,13592
310,X_VALID,8,B5_EXACT_SELECTED_DIAGNOSTIC,1,0.01,64,0,1,20,EXACT_MODEL_SELECTION_FROZEN_BEFORE_LOCKED_TEST,4,4,-0.0003218565131499866,-0.000511969194291064,-0.0012688028065641233,0.005954365216172829,13592
310,X_VALID,8,B5_EXACT_SELECTED_DIAGNOSTIC,1,0.01,64,0,1,20,EXACT_MODEL_SELECTION_FROZEN_BEFORE_LOCKED_TEST,4,5,-0.010041378164739776,-0.0004961257928623996,0.00771722362314525,0.0058230631336994585,13592
310,X_VALID,8,B5_EXACT_SELECTED_DIAGNOSTIC,1,0.01,64,0,1,20,EXACT_MODEL_SELECTION_FROZEN_BEFORE_LOCKED_TEST,5,0,0.004609449361915528,-0.0005603847779577578,0.0021390633152125645,0.005951007793106293,13592
310,X_VALID,8,B5_EXACT_SELECTED_DIAGNOSTIC,1,0.01,64,0,1,20,EXACT_MODEL_SELECTION_FROZEN_BEFORE_LOCKED_TEST,5,1,0.012809113481311226,-0.0005458797861683922,-0.001819259711093226,0.005864516785352489,13592
310,X_VALID,8,B5_EXACT_SELECTED_DIAGNOSTIC,1,0.01,64,0,1,20,EXACT_MODEL_SELECTION_FROZEN_BEFORE_LOCKED_TEST,5,2,0.009959306502331249,-0.0006294010268663453,0.00591530274924796,0.006031544767003123,13592
310,X_VALID,8,B5_EXACT_SELECTED_DIAGNOSTIC,1,0.01,64,0,1,20,EXACT_MODEL_SELECTION_FROZEN_BEFORE_LOCKED_TEST,5,3,-0.01718895854485521,-0.0005983883706626921,0.01530331993471405,0.005929442238399634,13592
310,X_VALID,8,B5_EXACT_SELECTED_DIAGNOSTIC,1,0.01,64,0,1,20,EXACT_MODEL_SELECTION_FROZEN_BEFORE_LOCKED_TEST,5,4,-0.0003218565131499866,-0.000511969194291064,-0.0012688028065641233,0.005954365216172829,13592
310,X_VALID,8,B5_EXACT_SELECTED_DIAGNOSTIC,1,0.01,64,0,1,20,EXACT_MODEL_SELECTION_FROZEN_BEFORE_LOCKED_TEST,5,5,-0.010041378164739776,-0.0004961257928623996,0.00771722362314525,0.0058230631336994585,13592
310,X_VALID,8,B5_EXACT_SELECTED_DIAGNOSTIC,1,0.01,64,0,1,20,EXACT_MODEL_SELECTION_FROZEN_BEFORE_LOCKED_TEST,6,0,0.0038814850218806627,-0.00036064500224292605,0.0018012438291331253,0.00498052831920799,13592
310,X_VALID,8,B5_EXACT_SELECTED_DIAGNOSTIC,1,0.01,64,0,1,20,EXACT_MODEL_SELECTION_FROZEN_BEFORE_LOCKED_TEST,6,1,0.010786186856084248,-0.00034147979619594755,-0.0015319463920924412,0.004867903667615424,13592
310,X_VALID,8,B5_EXACT_SELECTED_DIAGNOSTIC,1,0.01,64,0,1,20,EXACT_MODEL_SELECTION_FROZEN_BEFORE_LOCKED_TEST,6,2,0.008386446185201813,-0.000381839963357368,0.0049811066828932505,0.005018722325606586,13592
310,X_VALID,8,B5_EXACT_SELECTED_DIAGNOSTIC,1,0.01,64,0,1,20,EXACT_MODEL_SELECTION_FROZEN_BEFORE_LOCKED_TEST,6,3,-0.014474328687680206,-0.000342967280951411,0.012886486529696019,0.004880969668748515,13592
310,X_VALID,8,B5_EXACT_SELECTED_DIAGNOSTIC,1,0.01,64,0,1,20,EXACT_MODEL_SELECTION_FROZEN_BEFORE_LOCKED_TEST,6,4,-0.0002710261328193111,-0.0003238608633741938,-0.0010684224302557911,0.005047935612644766,13592
310,X_VALID,8,B5_EXACT_SELECTED_DIAGNOSTIC,1,0.01,64,0,1,20,EXACT_MODEL_SELECTION_FROZEN_BEFORE_LOCKED_TEST,6,5,-0.008455556376755624,-0.00030318885786142884,0.006498452537787281,0.004894110392249508,13592
310,X_VALID,8,B5_EXACT_SELECTED_DIAGNOSTIC,1,0.01,64,0,1,20,EXACT_MODEL_SELECTION_FROZEN_BEFORE_LOCKED_TEST,7,0,0.0020904131462300027,-0.0005298648665340265,0.0009700781424531085,0.006085055330958771,13592
310,X_VALID,8,B5_EXACT_SELECTED_DIAGNOSTIC,1,0.01,64,0,1,20,EXACT_MODEL_SELECTION_FROZEN_BEFORE_LOCKED_TEST,7,1,0.005809010385083743,-0.0005200744917056178,-0.0008250452750164245,0.006050327379078037,13592
310,X_VALID,8,B5_EXACT_SELECTED_DIAGNOSTIC,1,0.01,64,0,1,20,EXACT_MODEL_SELECTION_FROZEN_BEFORE_LOCKED_TEST,7,2,0.004516605695209439,-0.0006281459787771537,0.0026826255502717506,0.0061884047286767255,13592
310,X_VALID,8,B5_EXACT_SELECTED_DIAGNOSTIC,1,0.01,64,0,1,20,EXACT_MODEL_SELECTION_FROZEN_BEFORE_LOCKED_TEST,7,3,-0.007795296594219611,-0.0006121259008831023,0.006940148087275197,0.0061928166823351895,13592
310,X_VALID,8,B5_EXACT_SELECTED_DIAGNOSTIC,1,0.01,64,0,1,20,EXACT_MODEL_SELECTION_FROZEN_BEFORE_LOCKED_TEST,7,4,-0.00014596387409035027,-0.0005025975681060887,-0.0005754097417208533,0.0060997629516134815,13592
310,X_VALID,8,B5_EXACT_SELECTED_DIAGNOSTIC,1,0.01,64,0,1,20,EXACT_MODEL_SELECTION_FROZEN_BEFORE_LOCKED_TEST,7,5,-0.004553825690172232,-0.0004942264620480449,0.003499807557819789,0.006016855700979744,13592
310,X_VALID,8,B5_EXACT_SELECTED_DIAGNOSTIC,1,0.01,64,0,1,20,EXACT_MODEL_SELECTION_FROZEN_BEFORE_LOCKED_TEST,8,0,0.0020904131462300027,-0.0005298648665340265,0.0009700781424531085,0.006085055330958771,13592
310,X_VALID,8,B5_EXACT_SELECTED_DIAGNOSTIC,1,0.01,64,0,1,20,EXACT_MODEL_SELECTION_FROZEN_BEFORE_LOCKED_TEST,8,1,0.005809010385083743,-0.0005200744917056178,-0.0008250452750164245,0.006050327379078037,13592
310,X_VALID,8,B5_EXACT_SELECTED_DIAGNOSTIC,1,0.01,64,0,1,20,EXACT_MODEL_SELECTION_FROZEN_BEFORE_LOCKED_TEST,8,2,0.004516605695209439,-0.0006281459787771537,0.0026826255502717506,0.0061884047286767255,13592
310,X_VALID,8,B5_EXACT_SELECTED_DIAGNOSTIC,1,0.01,64,0,1,20,EXACT_MODEL_SELECTION_FROZEN_BEFORE_LOCKED_TEST,8,3,-0.007795296594219611,-0.0006121259008831023,0.006940148087275197,0.0061928166823351895,13592
310,X_VALID,8,B5_EXACT_SELECTED_DIAGNOSTIC,1,0.01,64,0,1,20,EXACT_MODEL_SELECTION_FROZEN_BEFORE_LOCKED_TEST,8,4,-0.00014596387409035027,-0.0005025975681060887,-0.0005754097417208533,0.0060997629516134815,13592
310,X_VALID,8,B5_EXACT_SELECTED_DIAGNOSTIC,1,0.01,64,0,1,20,EXACT_MODEL_SELECTION_FROZEN_BEFORE_LOCKED_TEST,8,5,-0.004553825690172232,-0.0004942264620480449,0.003499807557819789,0.006016855700979744,13592
310,X_VALID,8,B5_EXACT_SELECTED_DIAGNOSTIC,1,0.01,64,0,1,20,EXACT_MODEL_SELECTION_FROZEN_BEFORE_LOCKED_TEST,9,0,0.004870330196948785,-0.00048769583236276764,0.0022601278025399106,0.005232532552917143,13592
310,X_VALID,8,B5_EXACT_SELECTED_DIAGNOSTIC,1,0.01,64,0,1,20,EXACT_MODEL_SELECTION_FROZEN_BEFORE_LOCKED_TEST,9,1,0.013534070403205157,-0.00047520918178753255,-0.0019222242856677335,0.005132796811139433,13592
310,X_VALID,8,B5_EXACT_SELECTED_DIAGNOSTIC,1,0.01,64,0,1,20,EXACT_MODEL_SELECTION_FROZEN_BEFORE_LOCKED_TEST,9,2,0.010522973004049925,-0.0005465282410739101,0.006250090920140683,0.0052818881711281865,13592
310,X_VALID,8,B5_EXACT_SELECTED_DIAGNOSTIC,1,0.01,64,0,1,20,EXACT_MODEL_SELECTION_FROZEN_BEFORE_LOCKED_TEST,9,3,-0.018161801395800505,-0.0005179813260914896,0.01616944136699077,0.005160862393773553,13592
310,X_VALID,8,B5_EXACT_SELECTED_DIAGNOSTIC,1,0.01,64,0,1,20,EXACT_MODEL_SELECTION_FROZEN_BEFORE_LOCKED_TEST,9,4,-0.00034007261431929885,-0.00043659951703868896,-0.0013406131920743428,0.005262247155257335,13592
310,X_VALID,8,B5_EXACT_SELECTED_DIAGNOSTIC,1,0.01,64,0,1,20,EXACT_MODEL_SELECTION_FROZEN_BEFORE_LOCKED_TEST,9,5,-0.01060968967329997,-0.0004250841821096327,0.008153995043085066,0.00512377021670514,13592
310,X_VALID,8,B5_EXACT_SELECTED_DIAGNOSTIC,1,0.01,64,0,1,20,EXACT_MODEL_SELECTION_FROZEN_BEFORE_LOCKED_TEST,10,0,0.004955105323021272,-0.0005354763468352492,0.002299468588821772,0.005580149035520538,13592
310,X_VALID,8,B5_EXACT_SELECTED_DIAGNOSTIC,1,0.01,64,0,1,20,EXACT_MODEL_SELECTION_FROZEN_BEFORE_LOCKED_TEST,10,1,0.013769650431315872,-0.000519884905721137,-0.0019556833735667792,0.005471595963091588,13592
310,X_VALID,8,B5_EXACT_SELECTED_DIAGNOSTIC,1,0.01,64,0,1,20,EXACT_MODEL_SELECTION_FROZEN_BEFORE_LOCKED_TEST,10,2,0.010706140536229695,-0.0006067005377767531,0.006358882772908982,0.005625929919346577,13592
310,X_VALID,8,B5_EXACT_SELECTED_DIAGNOSTIC,1,0.01,64,0,1,20,EXACT_MODEL_SELECTION_FROZEN_BEFORE_LOCKED_TEST,10,3,-0.018477933760706083,-0.0005745125175760068,0.016450893830166086,0.005495467472521504,13592
310,X_VALID,8,B5_EXACT_SELECTED_DIAGNOSTIC,1,0.01,64,0,1,20,EXACT_MODEL_SELECTION_FROZEN_BEFORE_LOCKED_TEST,10,4,-0.0003459920689736819,-0.0004930396867035362,-0.001363948499492255,0.005627852771239702,13592
310,X_VALID,8,B5_EXACT_SELECTED_DIAGNOSTIC,1,0.01,64,0,1,20,EXACT_MODEL_SELECTION_FROZEN_BEFORE_LOCKED_TEST,10,5,-0.01079436663425992,-0.00047766541690135063,0.008295927094880041,0.005476232349329213,13592
310,X_VALID,8,B5_EXACT_SELECTED_DIAGNOSTIC,1,0.01,64,0,1,20,EXACT_MODEL_SELECTION_FROZEN_BEFORE_LOCKED_TEST,11,0,0.004955105323021272,-0.0005354763468352492,0.002299468588821772,0.005580149035520538,13592
310,X_VALID,8,B5_EXACT_SELECTED_DIAGNOSTIC,1,0.01,64,0,1,20,EXACT_MODEL_SELECTION_FROZEN_BEFORE_LOCKED_TEST,11,1,0.013769650431315872,-0.000519884905721137,-0.0019556833735667792,0.005471595963091588,13592
310,X_VALID,8,B5_EXACT_SELECTED_DIAGNOSTIC,1,0.01,64,0,1,20,EXACT_MODEL_SELECTION_FROZEN_BEFORE_LOCKED_TEST,11,2,0.010706140536229695,-0.0006067005377767531,0.006358882772908982,0.005625929919346577,13592
310,X_VALID,8,B5_EXACT_SELECTED_DIAGNOSTIC,1,0.01,64,0,1,20,EXACT_MODEL_SELECTION_FROZEN_BEFORE_LOCKED_TEST,11,3,-0.018477933760706083,-0.0005745125175760068,0.016450893830166086,0.005495467472521504,13592
310,X_VALID,8,B5_EXACT_SELECTED_DIAGNOSTIC,1,0.01,64,0,1,20,EXACT_MODEL_SELECTION_FROZEN_BEFORE_LOCKED_TEST,11,4,-0.0003459920689736819,-0.0004930396867035362,-0.001363948499492255,0.005627852771239702,13592
310,X_VALID,8,B5_EXACT_SELECTED_DIAGNOSTIC,1,0.01,64,0,1,20,EXACT_MODEL_SELECTION_FROZEN_BEFORE_LOCKED_TEST,11,5,-0.01079436663425992,-0.00047766541690135063,0.008295927094880041,0.005476232349329213,13592
310,X_VALID,24,B5_EXACT_SELECTED_DIAGNOSTIC,1,0.01,64,0,1,9,EXACT_MODEL_SELECTION_FROZEN_BEFORE_LOCKED_TEST,0,0,-0.005599144651102295,9.317397046753699e-05,-0.0005932624535216263,0.000750500264928255,13829
310,X_VALID,24,B5_EXACT_SELECTED_DIAGNOSTIC,1,0.01,64,0,1,9,EXACT_MODEL_SELECTION_FROZEN_BEFORE_LOCKED_TEST,0,1,-0.003087347207684907,3.2592993041702954e-05,0.000997592575031218,0.0007863853666499567,13829
310,X_VALID,24,B5_EXACT_SELECTED_DIAGNOSTIC,1,0.01,64,0,1,9,EXACT_MODEL_SELECTION_FROZEN_BEFORE_LOCKED_TEST,0,2,0.0035763122598648643,0.00012070785786760738,-0.002228567148110625,0.000712894184528552,13829
310,X_VALID,24,B5_EXACT_SELECTED_DIAGNOSTIC,1,0.01,64,0,1,9,EXACT_MODEL_SELECTION_FROZEN_BEFORE_LOCKED_TEST,0,3,0.004890670562548793,6.701691280156831e-05,0.0013645777297154468,0.0007329118830312558,13829
310,X_VALID,24,B5_EXACT_SELECTED_DIAGNOSTIC,1,0.01,64,0,1,9,EXACT_MODEL_SELECTION_FROZEN_BEFORE_LOCKED_TEST,0,4,-0.004585653724625826,-2.3358104546368035e-05,0.00014958063404904129,0.0008161644968212647,13829
310,X_VALID,24,B5_EXACT_SELECTED_DIAGNOSTIC,1,0.01,64,0,1,9,EXACT_MODEL_SELECTION_FROZEN_BEFORE_LOCKED_TEST,0,5,-0.002283409870857151,-7.291744770591563e-05,-0.0008930731174177465,0.0008426190547666788,13829
310,X_VALID,24,B5_EXACT_SELECTED_DIAGNOSTIC,1,0.01,64,0,1,9,EXACT_MODEL_SELECTION_FROZEN_BEFORE_LOCKED_TEST,1,0,-0.005599144651102295,9.317397046753699e-05,-0.0005932624535216263,0.000750500264928255,13829
310,X_VALID,24,B5_EXACT_SELECTED_DIAGNOSTIC,1,0.01,64,0,1,9,EXACT_MODEL_SELECTION_FROZEN_BEFORE_LOCKED_TEST,1,1,-0.003087347207684907,3.2592993041702954e-05,0.000997592575031218,0.0007863853666499567,13829
310,X_VALID,24,B5_EXACT_SELECTED_DIAGNOSTIC,1,0.01,64,0,1,9,EXACT_MODEL_SELECTION_FROZEN_BEFORE_LOCKED_TEST,1,2,0.0035763122598648643,0.00012070785786760738,-0.002228567148110625,0.000712894184528552,13829
310,X_VALID,24,B5_EXACT_SELECTED_DIAGNOSTIC,1,0.01,64,0,1,9,EXACT_MODEL_SELECTION_FROZEN_BEFORE_LOCKED_TEST,1,3,0.004890670562548793,6.701691280156831e-05,0.0013645777297154468,0.0007329118830312558,13829
310,X_VALID,24,B5_EXACT_SELECTED_DIAGNOSTIC,1,0.01,64,0,1,9,EXACT_MODEL_SELECTION_FROZEN_BEFORE_LOCKED_TEST,1,4,-0.004585653724625826,-2.3358104546368035e-05,0.00014958063404904129,0.0008161644968212647,13829
310,X_VALID,24,B5_EXACT_SELECTED_DIAGNOSTIC,1,0.01,64,0,1,9,EXACT_MODEL_SELECTION_FROZEN_BEFORE_LOCKED_TEST,1,5,-0.002283409870857151,-7.291744770591563e-05,-0.0008930731174177465,0.0008426190547666788,13829
310,X_VALID,24,B5_EXACT_SELECTED_DIAGNOSTIC,1,0.01,64,0,1,9,EXACT_MODEL_SELECTION_FROZEN_BEFORE_LOCKED_TEST,2,0,-0.005599144651102295,9.317397046753699e-05,-0.0005932624535216263,0.000750500264928255,13829
310,X_VALID,24,B5_EXACT_SELECTED_DIAGNOSTIC,1,0.01,64,0,1,9,EXACT_MODEL_SELECTION_FROZEN_BEFORE_LOCKED_TEST,2,1,-0.003087347207684907,3.2592993041702954e-05,0.000997592575031218,0.0007863853666499567,13829
310,X_VALID,24,B5_EXACT_SELECTED_DIAGNOSTIC,1,0.01,64,0,1,9,EXACT_MODEL_SELECTION_FROZEN_BEFORE_LOCKED_TEST,2,2,0.0035763122598648643,0.00012070785786760738,-0.002228567148110625,0.000712894184528552,13829
310,X_VALID,24,B5_EXACT_SELECTED_DIAGNOSTIC,1,0.01,64,0,1,9,EXACT_MODEL_SELECTION_FROZEN_BEFORE_LOCKED_TEST,2,3,0.004890670562548793,6.701691280156831e-05,0.0013645777297154468,0.0007329118830312558,13829
310,X_VALID,24,B5_EXACT_SELECTED_DIAGNOSTIC,1,0.01,64,0,1,9,EXACT_MODEL_SELECTION_FROZEN_BEFORE_LOCKED_TEST,2,4,-0.004585653724625826,-2.3358104546368035e-05,0.00014958063404904129,0.0008161644968212647,13829
310,X_VALID,24,B5_EXACT_SELECTED_DIAGNOSTIC,1,0.01,64,0,1,9,EXACT_MODEL_SELECTION_FROZEN_BEFORE_LOCKED_TEST,2,5,-0.002283409870857151,-7.291744770591563e-05,-0.0008930731174177465,0.0008426190547666788,13829
310,X_VALID,24,B5_EXACT_SELECTED_DIAGNOSTIC,1,0.01,64,0,1,9,EXACT_MODEL_SELECTION_FROZEN_BEFORE_LOCKED_TEST,3,0,-0.016324942122127643,-0.0003169290772723239,-0.001729724059739253,0.0010527812854348945,13829
310,X_VALID,24,B5_EXACT_SELECTED_DIAGNOSTIC,1,0.01,64,0,1,9,EXACT_MODEL_SELECTION_FROZEN_BEFORE_LOCKED_TEST,3,1,-0.009001511412362993,-0.00032476023816431385,0.00290859444855435,0.0010616809647630118,13829
310,X_VALID,24,B5_EXACT_SELECTED_DIAGNOSTIC,1,0.01,64,0,1,9,EXACT_MODEL_SELECTION_FROZEN_BEFORE_LOCKED_TEST,3,2,0.010427144553490976,-0.000470966419794996,-0.006497640617485871,0.0010834541612491496,13829
310,X_VALID,24,B5_EXACT_SELECTED_DIAGNOSTIC,1,0.01,64,0,1,9,EXACT_MODEL_SELECTION_FROZEN_BEFORE_LOCKED_TEST,3,3,0.01425930545592969,-0.00047761676717265135,0.003978581345342354,0.0010832102467639153,13829
310,X_VALID,24,B5_EXACT_SELECTED_DIAGNOSTIC,1,0.01,64,0,1,9,EXACT_MODEL_SELECTION_FROZEN_BEFORE_LOCKED_TEST,3,4,-0.013369994224367465,-0.00039354776279734136,0.0004361193263619322,0.0010913101832975903,13829
310,X_VALID,24,B5_EXACT_SELECTED_DIAGNOSTIC,1,0.01,64,0,1,9,EXACT_MODEL_SELECTION_FROZEN_BEFORE_LOCKED_TEST,3,5,-0.00665754080411182,-0.00039414228397973973,-0.0026038560996638313,0.0010986228667375331,13829
310,X_VALID,24,B5_EXACT_SELECTED_DIAGNOSTIC,1,0.01,64,0,1,9,EXACT_MODEL_SELECTION_FROZEN_BEFORE_LOCKED_TEST,4,0,-0.016324942122127643,-0.0003169290772723239,-0.001729724059739253,0.0010527812854348945,13829
310,X_VALID,24,B5_EXACT_SELECTED_DIAGNOSTIC,1,0.01,64,0,1,9,EXACT_MODEL_SELECTION_FROZEN_BEFORE_LOCKED_TEST,4,1,-0.009001511412362993,-0.00032476023816431385,0.00290859444855435,0.0010616809647630118,13829
310,X_VALID,24,B5_EXACT_SELECTED_DIAGNOSTIC,1,0.01,64,0,1,9,EXACT_MODEL_SELECTION_FROZEN_BEFORE_LOCKED_TEST,4,2,0.010427144553490976,-0.000470966419794996,-0.006497640617485871,0.0010834541612491496,13829
310,X_VALID,24,B5_EXACT_SELECTED_DIAGNOSTIC,1,0.01,64,0,1,9,EXACT_MODEL_SELECTION_FROZEN_BEFORE_LOCKED_TEST,4,3,0.01425930545592969,-0.00047761676717265135,0.003978581345342354,0.0010832102467639153,13829
310,X_VALID,24,B5_EXACT_SELECTED_DIAGNOSTIC,1,0.01,64,0,1,9,EXACT_MODEL_SELECTION_FROZEN_BEFORE_LOCKED_TEST,4,4,-0.013369994224367465,-0.00039354776279734136,0.0004361193263619322,0.0010913101832975903,13829
310,X_VALID,24,B5_EXACT_SELECTED_DIAGNOSTIC,1,0.01,64,0,1,9,EXACT_MODEL_SELECTION_FROZEN_BEFORE_LOCKED_TEST,4,5,-0.00665754080411182,-0.00039414228397973973,-0.0026038560996638313,0.0010986228667375331,13829
310,X_VALID,24,B5_EXACT_SELECTED_DIAGNOSTIC,1,0.01,64,0,1,9,EXACT_MODEL_SELECTION_FROZEN_BEFORE_LOCKED_TEST,5,0,-0.016324942122127643,-0.0003169290772723239,-0.001729724059739253,0.0010527812854348945,13829
310,X_VALID,24,B5_EXACT_SELECTED_DIAGNOSTIC,1,0.01,64,0,1,9,EXACT_MODEL_SELECTION_FROZEN_BEFORE_LOCKED_TEST,5,1,-0.009001511412362993,-0.00032476023816431385,0.00290859444855435,0.0010616809647630118,13829
310,X_VALID,24,B5_EXACT_SELECTED_DIAGNOSTIC,1,0.01,64,0,1,9,EXACT_MODEL_SELECTION_FROZEN_BEFORE_LOCKED_TEST,5,2,0.010427144553490976,-0.000470966419794996,-0.006497640617485871,0.0010834541612491496,13829
310,X_VALID,24,B5_EXACT_SELECTED_DIAGNOSTIC,1,0.01,64,0,1,9,EXACT_MODEL_SELECTION_FROZEN_BEFORE_LOCKED_TEST,5,3,0.01425930545592969,-0.00047761676717265135,0.003978581345342354,0.0010832102467639153,13829
310,X_VALID,24,B5_EXACT_SELECTED_DIAGNOSTIC,1,0.01,64,0,1,9,EXACT_MODEL_SELECTION_FROZEN_BEFORE_LOCKED_TEST,5,4,-0.013369994224367465,-0.00039354776279734136,0.0004361193263619322,0.0010913101832975903,13829
310,X_VALID,24,B5_EXACT_SELECTED_DIAGNOSTIC,1,0.01,64,0,1,9,EXACT_MODEL_SELECTION_FROZEN_BEFORE_LOCKED_TEST,5,5,-0.00665754080411182,-0.00039414228397973973,-0.0026038560996638313,0.0010986228667375331,13829
310,X_VALID,24,B5_EXACT_SELECTED_DIAGNOSTIC,1,0.01,64,0,1,9,EXACT_MODEL_SELECTION_FROZEN_BEFORE_LOCKED_TEST,6,0,-0.016324942122127643,-0.0003169290772723239,-0.001729724059739253,0.0010527812854348945,13829
310,X_VALID,24,B5_EXACT_SELECTED_DIAGNOSTIC,1,0.01,64,0,1,9,EXACT_MODEL_SELECTION_FROZEN_BEFORE_LOCKED_TEST,6,1,-0.009001511412362993,-0.00032476023816431385,0.00290859444855435,0.0010616809647630118,13829
310,X_VALID,24,B5_EXACT_SELECTED_DIAGNOSTIC,1,0.01,64,0,1,9,EXACT_MODEL_SELECTION_FROZEN_BEFORE_LOCKED_TEST,6,2,0.010427144553490976,-0.000470966419794996,-0.006497640617485871,0.0010834541612491496,13829
310,X_VALID,24,B5_EXACT_SELECTED_DIAGNOSTIC,1,0.01,64,0,1,9,EXACT_MODEL_SELECTION_FROZEN_BEFORE_LOCKED_TEST,6,3,0.01425930545592969,-0.00047761676717265135,0.003978581345342354,0.0010832102467639153,13829
310,X_VALID,24,B5_EXACT_SELECTED_DIAGNOSTIC,1,0.01,64,0,1,9,EXACT_MODEL_SELECTION_FROZEN_BEFORE_LOCKED_TEST,6,4,-0.013369994224367465,-0.00039354776279734136,0.0004361193263619322,0.0010913101832975903,13829
310,X_VALID,24,B5_EXACT_SELECTED_DIAGNOSTIC,1,0.01,64,0,1,9,EXACT_MODEL_SELECTION_FROZEN_BEFORE_LOCKED_TEST,6,5,-0.00665754080411182,-0.00039414228397973973,-0.0026038560996638313,0.0010986228667375331,13829
310,X_VALID,24,B5_EXACT_SELECTED_DIAGNOSTIC,1,0.01,64,0,1,9,EXACT_MODEL_SELECTION_FROZEN_BEFORE_LOCKED_TEST,7,0,-0.028386522334697836,-0.0011288014526539744,-0.0030077197387486463,0.001850537760085206,13829
310,X_VALID,24,B5_EXACT_SELECTED_DIAGNOSTIC,1,0.01,64,0,1,9,EXACT_MODEL_SELECTION_FROZEN_BEFORE_LOCKED_TEST,7,1,-0.015652221174293334,-0.001240486071258069,0.005057591056604949,0.001936172643192116,13829
310,X_VALID,24,B5_EXACT_SELECTED_DIAGNOSTIC,1,0.01,64,0,1,9,EXACT_MODEL_SELECTION_FROZEN_BEFORE_LOCKED_TEST,7,2,0.018131174342945703,-0.001278708289005179,-0.011298381282534282,0.0018642389440004428,13829
310,X_VALID,24,B5_EXACT_SELECTED_DIAGNOSTIC,1,0.01,64,0,1,9,EXACT_MODEL_SELECTION_FROZEN_BEFORE_LOCKED_TEST,7,3,0.024794703085248823,-0.0013759915840930892,0.0069181310031654515,0.0018994281174480327,13829
310,X_VALID,24,B5_EXACT_SELECTED_DIAGNOSTIC,1,0.01,64,0,1,9,EXACT_MODEL_SELECTION_FROZEN_BEFORE_LOCKED_TEST,7,4,-0.02324832987618114,-0.001048510922479811,0.0007583433316793216,0.0018039001612647051,13829
310,X_VALID,24,B5_EXACT_SELECTED_DIAGNOSTIC,1,0.01,64,0,1,9,EXACT_MODEL_SELECTION_FROZEN_BEFORE_LOCKED_TEST,7,5,-0.011576422710493006,-0.0011400719118154778,-0.004527698706463356,0.0018582454672218685,13829
310,X_VALID,24,B5_EXACT_SELECTED_DIAGNOSTIC,1,0.01,64,0,1,9,EXACT_MODEL_SELECTION_FROZEN_BEFORE_LOCKED_TEST,8,0,-0.016324942122127643,-0.0003169290772723239,-0.001729724059739253,0.0010527812854348945,13829
310,X_VALID,24,B5_EXACT_SELECTED_DIAGNOSTIC,1,0.01,64,0,1,9,EXACT_MODEL_SELECTION_FROZEN_BEFORE_LOCKED_TEST,8,1,-0.009001511412362993,-0.00032476023816431385,0.00290859444855435,0.0010616809647630118,13829
310,X_VALID,24,B5_EXACT_SELECTED_DIAGNOSTIC,1,0.01,64,0,1,9,EXACT_MODEL_SELECTION_FROZEN_BEFORE_LOCKED_TEST,8,2,0.010427144553490976,-0.000470966419794996,-0.006497640617485871,0.0010834541612491496,13829
310,X_VALID,24,B5_EXACT_SELECTED_DIAGNOSTIC,1,0.01,64,0,1,9,EXACT_MODEL_SELECTION_FROZEN_BEFORE_LOCKED_TEST,8,3,0.01425930545592969,-0.00047761676717265135,0.003978581345342354,0.0010832102467639153,13829
310,X_VALID,24,B5_EXACT_SELECTED_DIAGNOSTIC,1,0.01,64,0,1,9,EXACT_MODEL_SELECTION_FROZEN_BEFORE_LOCKED_TEST,8,4,-0.013369994224367465,-0.00039354776279734136,0.0004361193263619322,0.0010913101832975903,13829
310,X_VALID,24,B5_EXACT_SELECTED_DIAGNOSTIC,1,0.01,64,0,1,9,EXACT_MODEL_SELECTION_FROZEN_BEFORE_LOCKED_TEST,8,5,-0.00665754080411182,-0.00039414228397973973,-0.0026038560996638313,0.0010986228667375331,13829
310,X_VALID,24,B5_EXACT_SELECTED_DIAGNOSTIC,1,0.01,64,0,1,9,EXACT_MODEL_SELECTION_FROZEN_BEFORE_LOCKED_TEST,9,0,-0.016324942122127643,-0.0003169290772723239,-0.001729724059739253,0.0010527812854348945,13829
310,X_VALID,24,B5_EXACT_SELECTED_DIAGNOSTIC,1,0.01,64,0,1,9,EXACT_MODEL_SELECTION_FROZEN_BEFORE_LOCKED_TEST,9,1,-0.009001511412362993,-0.00032476023816431385,0.00290859444855435,0.0010616809647630118,13829
310,X_VALID,24,B5_EXACT_SELECTED_DIAGNOSTIC,1,0.01,64,0,1,9,EXACT_MODEL_SELECTION_FROZEN_BEFORE_LOCKED_TEST,9,2,0.010427144553490976,-0.000470966419794996,-0.006497640617485871,0.0010834541612491496,13829
310,X_VALID,24,B5_EXACT_SELECTED_DIAGNOSTIC,1,0.01,64,0,1,9,EXACT_MODEL_SELECTION_FROZEN_BEFORE_LOCKED_TEST,9,3,0.01425930545592969,-0.00047761676717265135,0.003978581345342354,0.0010832102467639153,13829
310,X_VALID,24,B5_EXACT_SELECTED_DIAGNOSTIC,1,0.01,64,0,1,9,EXACT_MODEL_SELECTION_FROZEN_BEFORE_LOCKED_TEST,9,4,-0.013369994224367465,-0.00039354776279734136,0.0004361193263619322,0.0010913101832975903,13829
310,X_VALID,24,B5_EXACT_SELECTED_DIAGNOSTIC,1,0.01,64,0,1,9,EXACT_MODEL_SELECTION_FROZEN_BEFORE_LOCKED_TEST,9,5,-0.00665754080411182,-0.00039414228397973973,-0.0026038560996638313,0.0010986228667375331,13829
310,X_VALID,24,B5_EXACT_SELECTED_DIAGNOSTIC,1,0.01,64,0,1,9,EXACT_MODEL_SELECTION_FROZEN_BEFORE_LOCKED_TEST,10,0,-0.016324942122127643,-0.0003169290772723239,-0.001729724059739253,0.0010527812854348945,13829
310,X_VALID,24,B5_EXACT_SELECTED_DIAGNOSTIC,1,0.01,64,0,1,9,EXACT_MODEL_SELECTION_FROZEN_BEFORE_LOCKED_TEST,10,1,-0.009001511412362993,-0.00032476023816431385,0.00290859444855435,0.0010616809647630118,13829
310,X_VALID,24,B5_EXACT_SELECTED_DIAGNOSTIC,1,0.01,64,0,1,9,EXACT_MODEL_SELECTION_FROZEN_BEFORE_LOCKED_TEST,10,2,0.010427144553490976,-0.000470966419794996,-0.006497640617485871,0.0010834541612491496,13829
310,X_VALID,24,B5_EXACT_SELECTED_DIAGNOSTIC,1,0.01,64,0,1,9,EXACT_MODEL_SELECTION_FROZEN_BEFORE_LOCKED_TEST,10,3,0.01425930545592969,-0.00047761676717265135,0.003978581345342354,0.0010832102467639153,13829
310,X_VALID,24,B5_EXACT_SELECTED_DIAGNOSTIC,1,0.01,64,0,1,9,EXACT_MODEL_SELECTION_FROZEN_BEFORE_LOCKED_TEST,10,4,-0.013369994224367465,-0.00039354776279734136,0.0004361193263619322,0.0010913101832975903,13829
310,X_VALID,24,B5_EXACT_SELECTED_DIAGNOSTIC,1,0.01,64,0,1,9,EXACT_MODEL_SELECTION_FROZEN_BEFORE_LOCKED_TEST,10,5,-0.00665754080411182,-0.00039414228397973973,-0.0026038560996638313,0.0010986228667375331,13829
310,X_VALID,24,B5_EXACT_SELECTED_DIAGNOSTIC,1,0.01,64,0,1,9,EXACT_MODEL_SELECTION_FROZEN_BEFORE_LOCKED_TEST,11,0,-0.016324942122127643,-0.0003169290772723239,-0.001729724059739253,0.0010527812854348945,13829
310,X_VALID,24,B5_EXACT_SELECTED_DIAGNOSTIC,1,0.01,64,0,1,9,EXACT_MODEL_SELECTION_FROZEN_BEFORE_LOCKED_TEST,11,1,-0.009001511412362993,-0.00032476023816431385,0.00290859444855435,0.0010616809647630118,13829
310,X_VALID,24,B5_EXACT_SELECTED_DIAGNOSTIC,1,0.01,64,0,1,9,EXACT_MODEL_SELECTION_FROZEN_BEFORE_LOCKED_TEST,11,2,0.010427144553490976,-0.000470966419794996,-0.006497640617485871,0.0010834541612491496,13829
310,X_VALID,24,B5_EXACT_SELECTED_DIAGNOSTIC,1,0.01,64,0,1,9,EXACT_MODEL_SELECTION_FROZEN_BEFORE_LOCKED_TEST,11,3,0.01425930545592969,-0.00047761676717265135,0.003978581345342354,0.0010832102467639153,13829
310,X_VALID,24,B5_EXACT_SELECTED_DIAGNOSTIC,1,0.01,64,0,1,9,EXACT_MODEL_SELECTION_FROZEN_BEFORE_LOCKED_TEST,11,4,-0.013369994224367465,-0.00039354776279734136,0.0004361193263619322,0.0010913101832975903,13829
310,X_VALID,24,B5_EXACT_SELECTED_DIAGNOSTIC,1,0.01,64,0,1,9,EXACT_MODEL_SELECTION_FROZEN_BEFORE_LOCKED_TEST,11,5,-0.00665754080411182,-0.00039414228397973973,-0.0026038560996638313,0.0010986228667375331,13829
310,X_VALID,40,B5_EXACT_SELECTED_DIAGNOSTIC,1,0.01,64,0,1,8,EXACT_MODEL_SELECTION_FROZEN_BEFORE_LOCKED_TEST,0,0,0.0022024081078679354,0.0007107276895278446,-0.00022042997970328718,-0.0002182541466408387,14066
310,X_VALID,40,B5_EXACT_SELECTED_DIAGNOSTIC,1,0.01,64,0,1,8,EXACT_MODEL_SELECTION_FROZEN_BEFORE_LOCKED_TEST,0,1,-0.0004721438595162407,0.0007142050900693277,0.001176288978611925,-0.00036091246502243545,14066
310,X_VALID,40,B5_EXACT_SELECTED_DIAGNOSTIC,1,0.01,64,0,1,8,EXACT_MODEL_SELECTION_FROZEN_BEFORE_LOCKED_TEST,0,2,-0.0032591702319486587,0.000742822916637069,0.0002388225962122939,-3.007783829947746e-05,14066
310,X_VALID,40,B5_EXACT_SELECTED_DIAGNOSTIC,1,0.01,64,0,1,8,EXACT_MODEL_SELECTION_FROZEN_BEFORE_LOCKED_TEST,0,3,0.0013604347065438273,0.0008113111686278892,-0.00035727614789462766,-0.00011697538552878663,14066
310,X_VALID,40,B5_EXACT_SELECTED_DIAGNOSTIC,1,0.01,64,0,1,8,EXACT_MODEL_SELECTION_FROZEN_BEFORE_LOCKED_TEST,0,4,-1.3930928237748598e-05,0.0005852996187451798,-0.0001377888482219581,-5.32047759491984e-06,14066
310,X_VALID,40,B5_EXACT_SELECTED_DIAGNOSTIC,1,0.01,64,0,1,8,EXACT_MODEL_SELECTION_FROZEN_BEFORE_LOCKED_TEST,0,5,-0.0031751080439087966,0.00062609368236416,0.001124545335006468,-7.05488815970244e-05,14066
310,X_VALID,40,B5_EXACT_SELECTED_DIAGNOSTIC,1,0.01,64,0,1,8,EXACT_MODEL_SELECTION_FROZEN_BEFORE_LOCKED_TEST,1,0,0.0022024081078679354,0.0007107276895278446,-0.00022042997970328718,-0.0002182541466408387,14066
310,X_VALID,40,B5_EXACT_SELECTED_DIAGNOSTIC,1,0.01,64,0,1,8,EXACT_MODEL_SELECTION_FROZEN_BEFORE_LOCKED_TEST,1,1,-0.0004721438595162407,0.0007142050900693277,0.001176288978611925,-0.00036091246502243545,14066
310,X_VALID,40,B5_EXACT_SELECTED_DIAGNOSTIC,1,0.01,64,0,1,8,EXACT_MODEL_SELECTION_FROZEN_BEFORE_LOCKED_TEST,1,2,-0.0032591702319486587,0.000742822916637069,0.0002388225962122939,-3.007783829947746e-05,14066
310,X_VALID,40,B5_EXACT_SELECTED_DIAGNOSTIC,1,0.01,64,0,1,8,EXACT_MODEL_SELECTION_FROZEN_BEFORE_LOCKED_TEST,1,3,0.0013604347065438273,0.0008113111686278892,-0.00035727614789462766,-0.00011697538552878663,14066
310,X_VALID,40,B5_EXACT_SELECTED_DIAGNOSTIC,1,0.01,64,0,1,8,EXACT_MODEL_SELECTION_FROZEN_BEFORE_LOCKED_TEST,1,4,-1.3930928237748598e-05,0.0005852996187451798,-0.0001377888482219581,-5.32047759491984e-06,14066
310,X_VALID,40,B5_EXACT_SELECTED_DIAGNOSTIC,1,0.01,64,0,1,8,EXACT_MODEL_SELECTION_FROZEN_BEFORE_LOCKED_TEST,1,5,-0.0031751080439087966,0.00062609368236416,0.001124545335006468,-7.05488815970244e-05,14066
310,X_VALID,40,B5_EXACT_SELECTED_DIAGNOSTIC,1,0.01,64,0,1,8,EXACT_MODEL_SELECTION_FROZEN_BEFORE_LOCKED_TEST,2,0,0.0022024081078679354,0.0007107276895278446,-0.00022042997970328718,-0.0002182541466408387,14066
310,X_VALID,40,B5_EXACT_SELECTED_DIAGNOSTIC,1,0.01,64,0,1,8,EXACT_MODEL_SELECTION_FROZEN_BEFORE_LOCKED_TEST,2,1,-0.0004721438595162407,0.0007142050900693277,0.001176288978611925,-0.00036091246502243545,14066
310,X_VALID,40,B5_EXACT_SELECTED_DIAGNOSTIC,1,0.01,64,0,1,8,EXACT_MODEL_SELECTION_FROZEN_BEFORE_LOCKED_TEST,2,2,-0.0032591702319486587,0.000742822916637069,0.0002388225962122939,-3.007783829947746e-05,14066
310,X_VALID,40,B5_EXACT_SELECTED_DIAGNOSTIC,1,0.01,64,0,1,8,EXACT_MODEL_SELECTION_FROZEN_BEFORE_LOCKED_TEST,2,3,0.0013604347065438273,0.0008113111686278892,-0.00035727614789462766,-0.00011697538552878663,14066
310,X_VALID,40,B5_EXACT_SELECTED_DIAGNOSTIC,1,0.01,64,0,1,8,EXACT_MODEL_SELECTION_FROZEN_BEFORE_LOCKED_TEST,2,4,-1.3930928237748598e-05,0.0005852996187451798,-0.0001377888482219581,-5.32047759491984e-06,14066
310,X_VALID,40,B5_EXACT_SELECTED_DIAGNOSTIC,1,0.01,64,0,1,8,EXACT_MODEL_SELECTION_FROZEN_BEFORE_LOCKED_TEST,2,5,-0.0031751080439087966,0.00062609368236416,0.001124545335006468,-7.05488815970244e-05,14066
310,X_VALID,40,B5_EXACT_SELECTED_DIAGNOSTIC,1,0.01,64,0,1,8,EXACT_MODEL_SELECTION_FROZEN_BEFORE_LOCKED_TEST,3,0,0.00042006470033181955,0.0007277640978347178,-4.204255016925443e-05,-0.00021910193112986915,14066
310,X_VALID,40,B5_EXACT_SELECTED_DIAGNOSTIC,1,0.01,64,0,1,8,EXACT_MODEL_SELECTION_FROZEN_BEFORE_LOCKED_TEST,3,1,-9.005187011102804e-05,0.0008470343133865262,0.00022435327745981464,-0.0004831598878260459,14066
310,X_VALID,40,B5_EXACT_SELECTED_DIAGNOSTIC,1,0.01,64,0,1,8,EXACT_MODEL_SELECTION_FROZEN_BEFORE_LOCKED_TEST,3,2,-0.0006216206532853877,0.0008677057603377515,4.55505689213527e-05,-7.638895420248801e-05,14066
310,X_VALID,40,B5_EXACT_SELECTED_DIAGNOSTIC,1,0.01,64,0,1,8,EXACT_MODEL_SELECTION_FROZEN_BEFORE_LOCKED_TEST,3,3,0.0002594753421419965,0.0010627039459995297,-6.8143182666699e-05,-0.00024619075799451424,14066
310,X_VALID,40,B5_EXACT_SELECTED_DIAGNOSTIC,1,0.01,64,0,1,8,EXACT_MODEL_SELECTION_FROZEN_BEFORE_LOCKED_TEST,3,4,-2.6570421597289395e-06,0.0006302393804373512,-2.6280429603691812e-05,-2.2140454952857496e-05,14066
310,X_VALID,40,B5_EXACT_SELECTED_DIAGNOSTIC,1,0.01,64,0,1,8,EXACT_MODEL_SELECTION_FROZEN_BEFORE_LOCKED_TEST,3,5,-0.0006055874949883155,0.0007894047834059396,0.00021448422636635307,-0.00015280442771062178,14066
310,X_VALID,40,B5_EXACT_SELECTED_DIAGNOSTIC,1,0.01,64,0,1,8,EXACT_MODEL_SELECTION_FROZEN_BEFORE_LOCKED_TEST,4,0,0.00042006470033181955,0.0007277640978347178,-4.204255016925443e-05,-0.00021910193112986915,14066
310,X_VALID,40,B5_EXACT_SELECTED_DIAGNOSTIC,1,0.01,64,0,1,8,EXACT_MODEL_SELECTION_FROZEN_BEFORE_LOCKED_TEST,4,1,-9.005187011102804e-05,0.0008470343133865262,0.00022435327745981464,-0.0004831598878260459,14066
310,X_VALID,40,B5_EXACT_SELECTED_DIAGNOSTIC,1,0.01,64,0,1,8,EXACT_MODEL_SELECTION_FROZEN_BEFORE_LOCKED_TEST,4,2,-0.0006216206532853877,0.0008677057603377515,4.55505689213527e-05,-7.638895420248801e-05,14066
310,X_VALID,40,B5_EXACT_SELECTED_DIAGNOSTIC,1,0.01,64,0,1,8,EXACT_MODEL_SELECTION_FROZEN_BEFORE_LOCKED_TEST,4,3,0.0002594753421419965,0.0010627039459995297,-6.8143182666699e-05,-0.00024619075799451424,14066
310,X_VALID,40,B5_EXACT_SELECTED_DIAGNOSTIC,1,0.01,64,0,1,8,EXACT_MODEL_SELECTION_FROZEN_BEFORE_LOCKED_TEST,4,4,-2.6570421597289395e-06,0.0006302393804373512,-2.6280429603691812e-05,-2.2140454952857496e-05,14066
310,X_VALID,40,B5_EXACT_SELECTED_DIAGNOSTIC,1,0.01,64,0,1,8,EXACT_MODEL_SELECTION_FROZEN_BEFORE_LOCKED_TEST,4,5,-0.0006055874949883155,0.0007894047834059396,0.00021448422636635307,-0.00015280442771062178,14066
310,X_VALID,40,B5_EXACT_SELECTED_DIAGNOSTIC,1,0.01,64,0,1,8,EXACT_MODEL_SELECTION_FROZEN_BEFORE_LOCKED_TEST,5,0,0.00042006470033181955,0.0007277640978347178,-4.204255016925443e-05,-0.00021910193112986915,14066
310,X_VALID,40,B5_EXACT_SELECTED_DIAGNOSTIC,1,0.01,64,0,1,8,EXACT_MODEL_SELECTION_FROZEN_BEFORE_LOCKED_TEST,5,1,-9.005187011102804e-05,0.0008470343133865262,0.00022435327745981464,-0.0004831598878260459,14066
310,X_VALID,40,B5_EXACT_SELECTED_DIAGNOSTIC,1,0.01,64,0,1,8,EXACT_MODEL_SELECTION_FROZEN_BEFORE_LOCKED_TEST,5,2,-0.0006216206532853877,0.0008677057603377515,4.55505689213527e-05,-7.638895420248801e-05,14066
310,X_VALID,40,B5_EXACT_SELECTED_DIAGNOSTIC,1,0.01,64,0,1,8,EXACT_MODEL_SELECTION_FROZEN_BEFORE_LOCKED_TEST,5,3,0.0002594753421419965,0.0010627039459995297,-6.8143182666699e-05,-0.00024619075799451424,14066
310,X_VALID,40,B5_EXACT_SELECTED_DIAGNOSTIC,1,0.01,64,0,1,8,EXACT_MODEL_SELECTION_FROZEN_BEFORE_LOCKED_TEST,5,4,-2.6570421597289395e-06,0.0006302393804373512,-2.6280429603691812e-05,-2.2140454952857496e-05,14066
310,X_VALID,40,B5_EXACT_SELECTED_DIAGNOSTIC,1,0.01,64,0,1,8,EXACT_MODEL_SELECTION_FROZEN_BEFORE_LOCKED_TEST,5,5,-0.0006055874949883155,0.0007894047834059396,0.00021448422636635307,-0.00015280442771062178,14066
310,X_VALID,40,B5_EXACT_SELECTED_DIAGNOSTIC,1,0.01,64,0,1,8,EXACT_MODEL_SELECTION_FROZEN_BEFORE_LOCKED_TEST,6,0,-0.00034774935579239734,0.0005884720818829207,3.480480441626936e-05,-0.00014453316008800182,14066
310,X_VALID,40,B5_EXACT_SELECTED_DIAGNOSTIC,1,0.01,64,0,1,8,EXACT_MODEL_SELECTION_FROZEN_BEFORE_LOCKED_TEST,6,1,7.454918205284504e-05,0.0006226712989613406,-0.00018573021642840875,-0.0002913574921540982,14066
310,X_VALID,40,B5_EXACT_SELECTED_DIAGNOSTIC,1,0.01,64,0,1,8,EXACT_MODEL_SELECTION_FROZEN_BEFORE_LOCKED_TEST,6,2,0.0005146068725995924,0.0005645232685907806,-3.7708907665569243e-05,3.645829008295844e-05,14066
310,X_VALID,40,B5_EXACT_SELECTED_DIAGNOSTIC,1,0.01,64,0,1,8,EXACT_MODEL_SELECTION_FROZEN_BEFORE_LOCKED_TEST,6,3,-0.00021480591680904005,0.0006601543322473051,5.6412138071277056e-05,-4.1419055878498014e-05,14066
310,X_VALID,40,B5_EXACT_SELECTED_DIAGNOSTIC,1,0.01,64,0,1,8,EXACT_MODEL_SELECTION_FROZEN_BEFORE_LOCKED_TEST,6,4,2.199624721213426e-06,0.00046821404284609625,2.1756178173058023e-05,3.7770858055681676e-05,14066
310,X_VALID,40,B5_EXACT_SELECTED_DIAGNOSTIC,1,0.01,64,0,1,8,EXACT_MODEL_SELECTION_FROZEN_BEFORE_LOCKED_TEST,6,5,0.0005013338685487401,0.0005368564457464373,-0.00017756015082346144,-2.6720624041888952e-05,14066
310,X_VALID,40,B5_EXACT_SELECTED_DIAGNOSTIC,1,0.01,64,0,1,8,EXACT_MODEL_SELECTION_FROZEN_BEFORE_LOCKED_TEST,7,0,-0.00034774935579239734,0.0005884720818829207,3.480480441626936e-05,-0.00014453316008800182,14066
310,X_VALID,40,B5_EXACT_SELECTED_DIAGNOSTIC,1,0.01,64,0,1,8,EXACT_MODEL_SELECTION_FROZEN_BEFORE_LOCKED_TEST,7,1,7.454918205284504e-05,0.0006226712989613406,-0.00018573021642840875,-0.0002913574921540982,14066
310,X_VALID,40,B5_EXACT_SELECTED_DIAGNOSTIC,1,0.01,64,0,1,8,EXACT_MODEL_SELECTION_FROZEN_BEFORE_LOCKED_TEST,7,2,0.0005146068725995924,0.0005645232685907806,-3.7708907665569243e-05,3.645829008295844e-05,14066
310,X_VALID,40,B5_EXACT_SELECTED_DIAGNOSTIC,1,0.01,64,0,1,8,EXACT_MODEL_SELECTION_FROZEN_BEFORE_LOCKED_TEST,7,3,-0.00021480591680904005,0.0006601543322473051,5.6412138071277056e-05,-4.1419055878498014e-05,14066
310,X_VALID,40,B5_EXACT_SELECTED_DIAGNOSTIC,1,0.01,64,0,1,8,EXACT_MODEL_SELECTION_FROZEN_BEFORE_LOCKED_TEST,7,4,2.199624721213426e-06,0.00046821404284609625,2.1756178173058023e-05,3.7770858055681676e-05,14066
310,X_VALID,40,B5_EXACT_SELECTED_DIAGNOSTIC,1,0.01,64,0,1,8,EXACT_MODEL_SELECTION_FROZEN_BEFORE_LOCKED_TEST,7,5,0.0005013338685487401,0.0005368564457464373,-0.00017756015082346144,-2.6720624041888952e-05,14066
310,X_VALID,40,B5_EXACT_SELECTED_DIAGNOSTIC,1,0.01,64,0,1,8,EXACT_MODEL_SELECTION_FROZEN_BEFORE_LOCKED_TEST,8,0,-0.00034774935579239734,0.0005884720818829207,3.480480441626936e-05,-0.00014453316008800182,14066
310,X_VALID,40,B5_EXACT_SELECTED_DIAGNOSTIC,1,0.01,64,0,1,8,EXACT_MODEL_SELECTION_FROZEN_BEFORE_LOCKED_TEST,8,1,7.454918205284504e-05,0.0006226712989613406,-0.00018573021642840875,-0.0002913574921540982,14066
310,X_VALID,40,B5_EXACT_SELECTED_DIAGNOSTIC,1,0.01,64,0,1,8,EXACT_MODEL_SELECTION_FROZEN_BEFORE_LOCKED_TEST,8,2,0.0005146068725995924,0.0005645232685907806,-3.7708907665569243e-05,3.645829008295844e-05,14066
310,X_VALID,40,B5_EXACT_SELECTED_DIAGNOSTIC,1,0.01,64,0,1,8,EXACT_MODEL_SELECTION_FROZEN_BEFORE_LOCKED_TEST,8,3,-0.00021480591680904005,0.0006601543322473051,5.6412138071277056e-05,-4.1419055878498014e-05,14066
310,X_VALID,40,B5_EXACT_SELECTED_DIAGNOSTIC,1,0.01,64,0,1,8,EXACT_MODEL_SELECTION_FROZEN_BEFORE_LOCKED_TEST,8,4,2.199624721213426e-06,0.00046821404284609625,2.1756178173058023e-05,3.7770858055681676e-05,14066
310,X_VALID,40,B5_EXACT_SELECTED_DIAGNOSTIC,1,0.01,64,0,1,8,EXACT_MODEL_SELECTION_FROZEN_BEFORE_LOCKED_TEST,8,5,0.0005013338685487401,0.0005368564457464373,-0.00017756015082346144,-2.6720624041888952e-05,14066
310,X_VALID,40,B5_EXACT_SELECTED_DIAGNOSTIC,1,0.01,64,0,1,8,EXACT_MODEL_SELECTION_FROZEN_BEFORE_LOCKED_TEST,9,0,0.00017928006083589945,0.0007193476374662914,-1.794340478046911e-05,-0.00023527555839926686,14066
310,X_VALID,40,B5_EXACT_SELECTED_DIAGNOSTIC,1,0.01,64,0,1,8,EXACT_MODEL_SELECTION_FROZEN_BEFORE_LOCKED_TEST,9,1,-3.84333764278186e-05,0.0007223079676538553,9.575208104836375e-05,-0.0003830286005929915,14066
310,X_VALID,40,B5_EXACT_SELECTED_DIAGNOSTIC,1,0.01,64,0,1,8,EXACT_MODEL_SELECTION_FROZEN_BEFORE_LOCKED_TEST,9,2,-0.00026530243662422313,0.0006819297567456027,1.9440597510048275e-05,-7.500552262634334e-06,14066
310,X_VALID,40,B5_EXACT_SELECTED_DIAGNOSTIC,1,0.01,64,0,1,8,EXACT_MODEL_SELECTION_FROZEN_BEFORE_LOCKED_TEST,9,3,0.00011074188116232254,0.0007488996499430233,-2.908293394895436e-05,-8.480770729494878e-05,14066
310,X_VALID,40,B5_EXACT_SELECTED_DIAGNOSTIC,1,0.01,64,0,1,8,EXACT_MODEL_SELECTION_FROZEN_BEFORE_LOCKED_TEST,9,4,-1.1340031182421773e-06,0.00057771138660365,-1.1216265052554206e-05,-2.303667957263587e-06,14066
310,X_VALID,40,B5_EXACT_SELECTED_DIAGNOSTIC,1,0.01,64,0,1,8,EXACT_MODEL_SELECTION_FROZEN_BEFORE_LOCKED_TEST,9,5,-0.0002584596202851685,0.0006175503169894037,9.15400535225308e-05,-6.689154639003376e-05,14066
310,X_VALID,40,B5_EXACT_SELECTED_DIAGNOSTIC,1,0.01,64,0,1,8,EXACT_MODEL_SELECTION_FROZEN_BEFORE_LOCKED_TEST,10,0,0.00017928006083589945,0.0007193476374662914,-1.794340478046911e-05,-0.00023527555839926686,14066
310,X_VALID,40,B5_EXACT_SELECTED_DIAGNOSTIC,1,0.01,64,0,1,8,EXACT_MODEL_SELECTION_FROZEN_BEFORE_LOCKED_TEST,10,1,-3.84333764278186e-05,0.0007223079676538553,9.575208104836375e-05,-0.0003830286005929915,14066
310,X_VALID,40,B5_EXACT_SELECTED_DIAGNOSTIC,1,0.01,64,0,1,8,EXACT_MODEL_SELECTION_FROZEN_BEFORE_LOCKED_TEST,10,2,-0.00026530243662422313,0.0006819297567456027,1.9440597510048275e-05,-7.500552262634334e-06,14066
310,X_VALID,40,B5_EXACT_SELECTED_DIAGNOSTIC,1,0.01,64,0,1,8,EXACT_MODEL_SELECTION_FROZEN_BEFORE_LOCKED_TEST,10,3,0.00011074188116232254,0.0007488996499430233,-2.908293394895436e-05,-8.480770729494878e-05,14066
310,X_VALID,40,B5_EXACT_SELECTED_DIAGNOSTIC,1,0.01,64,0,1,8,EXACT_MODEL_SELECTION_FROZEN_BEFORE_LOCKED_TEST,10,4,-1.1340031182421773e-06,0.00057771138660365,-1.1216265052554206e-05,-2.303667957263587e-06,14066
310,X_VALID,40,B5_EXACT_SELECTED_DIAGNOSTIC,1,0.01,64,0,1,8,EXACT_MODEL_SELECTION_FROZEN_BEFORE_LOCKED_TEST,10,5,-0.0002584596202851685,0.0006175503169894037,9.15400535225308e-05,-6.689154639003376e-05,14066
310,X_VALID,40,B5_EXACT_SELECTED_DIAGNOSTIC,1,0.01,64,0,1,8,EXACT_MODEL_SELECTION_FROZEN_BEFORE_LOCKED_TEST,11,0,0.00017928006083589945,0.0007193476374662914,-1.794340478046911e-05,-0.00023527555839926686,14066
310,X_VALID,40,B5_EXACT_SELECTED_DIAGNOSTIC,1,0.01,64,0,1,8,EXACT_MODEL_SELECTION_FROZEN_BEFORE_LOCKED_TEST,11,1,-3.84333764278186e-05,0.0007223079676538553,9.575208104836375e-05,-0.0003830286005929915,14066
310,X_VALID,40,B5_EXACT_SELECTED_DIAGNOSTIC,1,0.01,64,0,1,8,EXACT_MODEL_SELECTION_FROZEN_BEFORE_LOCKED_TEST,11,2,-0.00026530243662422313,0.0006819297567456027,1.9440597510048275e-05,-7.500552262634334e-06,14066
310,X_VALID,40,B5_EXACT_SELECTED_DIAGNOSTIC,1,0.01,64,0,1,8,EXACT_MODEL_SELECTION_FROZEN_BEFORE_LOCKED_TEST,11,3,0.00011074188116232254,0.0007488996499430233,-2.908293394895436e-05,-8.480770729494878e-05,14066
310,X_VALID,40,B5_EXACT_SELECTED_DIAGNOSTIC,1,0.01,64,0,1,8,EXACT_MODEL_SELECTION_FROZEN_BEFORE_LOCKED_TEST,11,4,-1.1340031182421773e-06,0.00057771138660365,-1.1216265052554206e-05,-2.303667957263587e-06,14066
310,X_VALID,40,B5_EXACT_SELECTED_DIAGNOSTIC,1,0.01,64,0,1,8,EXACT_MODEL_SELECTION_FROZEN_BEFORE_LOCKED_TEST,11,5,-0.0002584596202851685,0.0006175503169894037,9.15400535225308e-05,-6.689154639003376e-05,14066
