method,rank_cap,n,selection_source,seed,arm,anchor,elapsed_step,group,event,truth,raw_prediction,envelope_lower,envelope_upper,envelope_label
B5_EXACT_SELECTED_DIAGNOSTIC,1,exact,exact model-selection paid observations,301,X_BASE,8,1,0,pX,0.07149078128656743,0.07141241691297497,-0.012730871448764225,0.15555570527471416,EMPIRICAL_CALIBRATED_ENVELOPE
B5_EXACT_SELECTED_DIAGNOSTIC,1,exact,exact model-selection paid observations,301,X_BASE,8,1,0,v,0.8501832585897245,0.849822388758612,0.7656791003968728,0.9339656771203513,EMPIRICAL_CALIBRATED_ENVELOPE
B5_EXACT_SELECTED_DIAGNOSTIC,1,exact,exact model-selection paid observations,301,X_BASE,8,1,1,pX,0.07133630361975751,0.07127045541306959,-0.012872832948669602,0.15541374377480877,EMPIRICAL_CALIBRATED_ENVELOPE
B5_EXACT_SELECTED_DIAGNOSTIC,1,exact,exact model-selection paid observations,301,X_BASE,8,1,1,v,0.8509066403078489,0.8505648272931805,0.7664215389314413,0.9347081156549197,EMPIRICAL_CALIBRATED_ENVELOPE
B5_EXACT_SELECTED_DIAGNOSTIC,1,exact,exact model-selection paid observations,301,X_BASE,8,1,2,pX,0.06916128353492422,0.06908317619729062,-0.015060112164448566,0.15322646455902983,EMPIRICAL_CALIBRATED_ENVELOPE
B5_EXACT_SELECTED_DIAGNOSTIC,1,exact,exact model-selection paid observations,301,X_BASE,8,1,2,v,0.8507245662239342,0.8503293383857862,0.7661860500240469,0.9344726267475254,EMPIRICAL_CALIBRATED_ENVELOPE
B5_EXACT_SELECTED_DIAGNOSTIC,1,exact,exact model-selection paid observations,301,X_BASE,8,1,3,pX,0.06921558841864,0.06915145369374015,-0.01499183466799904,0.15329474205547933,EMPIRICAL_CALIBRATED_ENVELOPE
B5_EXACT_SELECTED_DIAGNOSTIC,1,exact,exact model-selection paid observations,301,X_BASE,8,1,3,v,0.8508711528688535,0.85049076217499,0.7663474738132507,0.9346340505367292,EMPIRICAL_CALIBRATED_ENVELOPE
B5_EXACT_SELECTED_DIAGNOSTIC,1,exact,exact model-selection paid observations,301,X_BASE,8,1,4,pX,0.0685528331064338,0.06847975122167045,-0.01566353714006874,0.15262303958340964,EMPIRICAL_CALIBRATED_ENVELOPE
B5_EXACT_SELECTED_DIAGNOSTIC,1,exact,exact model-selection paid observations,301,X_BASE,8,1,4,v,0.8508035346206148,0.8504433242571466,0.7663000358954074,0.9345866126188859,EMPIRICAL_CALIBRATED_ENVELOPE
B5_EXACT_SELECTED_DIAGNOSTIC,1,exact,exact model-selection paid observations,301,X_BASE,8,1,5,pX,0.06866643063263451,0.06860148386970677,-0.015541804492032421,0.15274477223144595,EMPIRICAL_CALIBRATED_ENVELOPE
B5_EXACT_SELECTED_DIAGNOSTIC,1,exact,exact model-selection paid observations,301,X_BASE,8,1,5,v,0.8514935404343136,0.8511468467805786,0.7670035584188394,0.9352901351423178,EMPIRICAL_CALIBRATED_ENVELOPE
B5_EXACT_SELECTED_DIAGNOSTIC,1,exact,exact model-selection paid observations,301,X_BASE,8,2,0,pX,0.0728620242871919,0.0725869399325551,-0.011556348429184085,0.15673022829429428,EMPIRICAL_CALIBRATED_ENVELOPE
B5_EXACT_SELECTED_DIAGNOSTIC,1,exact,exact model-selection paid observations,301,X_BASE,8,2,0,v,0.8512382987016269,0.8498574186382469,0.7657141302765077,0.9340007069999862,EMPIRICAL_CALIBRATED_ENVELOPE
B5_EXACT_SELECTED_DIAGNOSTIC,1,exact,exact model-selection paid observations,301,X_BASE,8,2,1,pX,0.07267568663440792,0.07243356618542775,-0.011709722176311443,0.15657685454716694,EMPIRICAL_CALIBRATED_ENVELOPE
B5_EXACT_SELECTED_DIAGNOSTIC,1,exact,exact model-selection paid observations,301,X_BASE,8,2,1,v,0.8519446271205244,0.8506137054138314,0.7664704170520922,0.9347569937755706,EMPIRICAL_CALIBRATED_ENVELOPE
B5_EXACT_SELECTED_DIAGNOSTIC,1,exact,exact model-selection paid observations,301,X_BASE,8,2,2,pX,0.07043542855657119,0.07016669131504037,-0.013976597046698819,0.15430997967677956,EMPIRICAL_CALIBRATED_ENVELOPE
B5_EXACT_SELECTED_DIAGNOSTIC,1,exact,exact model-selection paid observations,301,X_BASE,8,2,2,v,0.8519117151406854,0.8504260388320846,0.7662827504703453,0.9345693271938238,EMPIRICAL_CALIBRATED_ENVELOPE
B5_EXACT_SELECTED_DIAGNOSTIC,1,exact,exact model-selection paid observations,301,X_BASE,8,2,3,pX,0.07044898065962556,0.07021908103918603,-0.013924207322553159,0.15436236940092524,EMPIRICAL_CALIBRATED_ENVELOPE
B5_EXACT_SELECTED_DIAGNOSTIC,1,exact,exact model-selection paid observations,301,X_BASE,8,2,3,v,0.8520828531676289,0.8506353297289141,0.7664920413671749,0.9347786180906533,EMPIRICAL_CALIBRATED_ENVELOPE
B5_EXACT_SELECTED_DIAGNOSTIC,1,exact,exact model-selection paid observations,301,X_BASE,8,2,4,pX,0.06969547142204383,0.06943100432376052,-0.014712284037978668,0.1535742926854997,EMPIRICAL_CALIBRATED_ENVELOPE
B5_EXACT_SELECTED_DIAGNOSTIC,1,exact,exact model-selection paid observations,301,X_BASE,8,2,4,v,0.8519272336644579,0.8505323295827723,0.766389041221033,0.9346756179445115,EMPIRICAL_CALIBRATED_ENVELOPE
B5_EXACT_SELECTED_DIAGNOSTIC,1,exact,exact model-selection paid observations,301,X_BASE,8,2,5,pX,0.06978593601534937,0.06955035206923789,-0.014592936292501302,0.15369364043097708,EMPIRICAL_CALIBRATED_ENVELOPE
B5_EXACT_SELECTED_DIAGNOSTIC,1,exact,exact model-selection paid observations,301,X_BASE,8,2,5,v,0.8526308819483777,0.8512663387982633,0.7671230504365241,0.9354096271600025,EMPIRICAL_CALIBRATED_ENVELOPE
B5_EXACT_SELECTED_DIAGNOSTIC,1,exact,exact model-selection paid observations,301,X_BASE,8,3,0,pX,0.07427425532790484,0.07383990940114576,-0.010303378960593426,0.15798319776288494,EMPIRICAL_CALIBRATED_ENVELOPE
B5_EXACT_SELECTED_DIAGNOSTIC,1,exact,exact model-selection paid observations,301,X_BASE,8,3,0,v,0.8516594501005786,0.8498947881652286,0.7657514998034893,0.9340380765269678,EMPIRICAL_CALIBRATED_ENVELOPE
B5_EXACT_SELECTED_DIAGNOSTIC,1,exact,exact model-selection paid observations,301,X_BASE,8,3,1,pX,0.0740748886809665,0.07367436118225516,-0.010468927179484028,0.15781764954399435,EMPIRICAL_CALIBRATED_ENVELOPE
B5_EXACT_SELECTED_DIAGNOSTIC,1,exact,exact model-selection paid observations,301,X_BASE,8,3,1,v,0.8523126980315185,0.8506658481065134,0.7665225597447741,0.9348091364682526,EMPIRICAL_CALIBRATED_ENVELOPE
B5_EXACT_SELECTED_DIAGNOSTIC,1,exact,exact model-selection paid observations,301,X_BASE,8,3,2,pX,0.07173357546895684,0.07132257445965692,-0.012820713902082267,0.15546586282139613,EMPIRICAL_CALIBRATED_ENVELOPE
B5_EXACT_SELECTED_DIAGNOSTIC,1,exact,exact model-selection paid observations,301,X_BASE,8,3,2,v,0.8524973243513558,0.8505291979058456,0.7663859095441063,0.9346724862675848,EMPIRICAL_CALIBRATED_ENVELOPE
B5_EXACT_SELECTED_DIAGNOSTIC,1,exact,exact model-selection paid observations,301,X_BASE,8,3,3,pX,0.07172068923207583,0.07135801526642184,-0.012785273095317351,0.15550130362816103,EMPIRICAL_CALIBRATED_ENVELOPE
B5_EXACT_SELECTED_DIAGNOSTIC,1,exact,exact model-selection paid observations,301,X_BASE,8,3,3,v,0.8526480013591861,0.8507895529567231,0.7666462645949839,0.9349328413184623,EMPIRICAL_CALIBRATED_ENVELOPE
B5_EXACT_SELECTED_DIAGNOSTIC,1,exact,exact model-selection paid observations,301,X_BASE,8,3,4,pX,0.07086278523495594,0.0704457916663254,-0.013697496695413786,0.1545890800280646,EMPIRICAL_CALIBRATED_ENVELOPE
B5_EXACT_SELECTED_DIAGNOSTIC,1,exact,exact model-selection paid observations,301,X_BASE,8,3,4,v,0.8523886424800102,0.8506272795783804,0.7664839912166411,0.9347705679401196,EMPIRICAL_CALIBRATED_ENVELOPE
B5_EXACT_SELECTED_DIAGNOSTIC,1,exact,exact model-selection paid observations,301,X_BASE,8,3,5,pX,0.0709434421218982,0.07056259522148711,-0.013580693140252079,0.1547058835832263,EMPIRICAL_CALIBRATED_ENVELOPE
B5_EXACT_SELECTED_DIAGNOSTIC,1,exact,exact model-selection paid observations,301,X_BASE,8,3,5,v,0.853048957201968,0.8513938116935607,0.7672505233318214,0.9355371000552999,EMPIRICAL_CALIBRATED_ENVELOPE
B5_EXACT_SELECTED_DIAGNOSTIC,1,exact,exact model-selection paid observations,301,X_BASE,8,4,0,pX,0.07565093519146283,0.07505382371722095,-0.009089464644518236,0.15919711207896015,EMPIRICAL_CALIBRATED_ENVELOPE
B5_EXACT_SELECTED_DIAGNOSTIC,1,exact,exact model-selection paid observations,301,X_BASE,8,4,0,v,0.8516581864771725,0.8499309928812453,0.7657877045195061,0.9340742812429845,EMPIRICAL_CALIBRATED_ENVELOPE
B5_EXACT_SELECTED_DIAGNOSTIC,1,exact,exact model-selection paid observations,301,X_BASE,8,4,1,pX,0.0754447234189974,0.07487648050576705,-0.009266807855972142,0.15901976886750624,EMPIRICAL_CALIBRATED_ENVELOPE
B5_EXACT_SELECTED_DIAGNOSTIC,1,exact,exact model-selection paid observations,301,X_BASE,8,4,1,v,0.8522455712441487,0.8507163655075451,0.7665730771458059,0.9348596538692844,EMPIRICAL_CALIBRATED_ENVELOPE
B5_EXACT_SELECTED_DIAGNOSTIC,1,exact,exact model-selection paid observations,301,X_BASE,8,4,2,pX,0.07305166675830053,0.07244242863977378,-0.011700859721965412,0.15658571700151297,EMPIRICAL_CALIBRATED_ENVELOPE
B5_EXACT_SELECTED_DIAGNOSTIC,1,exact,exact model-selection paid observations,301,X_BASE,8,4,2,v,0.852675094901219,0.8506291415035236,0.7664858531417844,0.9347724298652629,EMPIRICAL_CALIBRATED_ENVELOPE
B5_EXACT_SELECTED_DIAGNOSTIC,1,exact,exact model-selection paid observations,301,X_BASE,8,4,3,pX,0.07302918227438217,0.07246144882818666,-0.011681839533552535,0.15660473718992585,EMPIRICAL_CALIBRATED_ENVELOPE
B5_EXACT_SELECTED_DIAGNOSTIC,1,exact,exact model-selection paid observations,301,X_BASE,8,4,3,v,0.8527792859023189,0.8509389690349292,0.7667956806731899,0.9350822573966684,EMPIRICAL_CALIBRATED_ENVELOPE
B5_EXACT_SELECTED_DIAGNOSTIC,1,exact,exact model-selection paid observations,301,X_BASE,8,4,4,pX,0.07202272446704998,0.071428948011146,-0.012714340350593184,0.1555722363728852,EMPIRICAL_CALIBRATED_ENVELOPE
B5_EXACT_SELECTED_DIAGNOSTIC,1,exact,exact model-selection paid observations,301,X_BASE,8,4,4,v,0.8524636389906286,0.8507192699754885,0.7665759816137493,0.9348625583372278,EMPIRICAL_CALIBRATED_ENVELOPE
B5_EXACT_SELECTED_DIAGNOSTIC,1,exact,exact model-selection paid observations,301,X_BASE,8,4,5,pX,0.07210106019845854,0.07154328667859541,-0.012600001683143777,0.15568657504033462,EMPIRICAL_CALIBRATED_ENVELOPE
B5_EXACT_SELECTED_DIAGNOSTIC,1,exact,exact model-selection paid observations,301,X_BASE,8,4,5,v,0.8530690949372992,0.8515173112491301,0.7673740228873909,0.9356605996108693,EMPIRICAL_CALIBRATED_ENVELOPE
B5_EXACT_SELECTED_DIAGNOSTIC,1,exact,exact model-selection paid observations,301,X_BASE,8,5,0,pX,0.0771950022450404,0.07625712349138015,-0.007886164870359036,0.16040041185311935,EMPIRICAL_CALIBRATED_ENVELOPE
B5_EXACT_SELECTED_DIAGNOSTIC,1,exact,exact model-selection paid observations,301,X_BASE,8,5,0,v,0.8522372390476316,0.8499668810209844,0.7658235926592452,0.9341101693827236,EMPIRICAL_CALIBRATED_ENVELOPE
B5_EXACT_SELECTED_DIAGNOSTIC,1,exact,exact model-selection paid observations,301,X_BASE,8,5,1,pX,0.07696556935185286,0.076068088423508,-0.008075199938231192,0.1602113767852472,EMPIRICAL_CALIBRATED_ENVELOPE
B5_EXACT_SELECTED_DIAGNOSTIC,1,exact,exact model-selection paid observations,301,X_BASE,8,5,1,v,0.8527497723937072,0.8507664411812954,0.7666231528195562,0.9349097295430346,EMPIRICAL_CALIBRATED_ENVELOPE
B5_EXACT_SELECTED_DIAGNOSTIC,1,exact,exact model-selection paid observations,301,X_BASE,8,5,2,pX,0.07447198018657165,0.0735524907456254,-0.010590797616113784,0.1576957791073646,EMPIRICAL_CALIBRATED_ENVELOPE
B5_EXACT_SELECTED_DIAGNOSTIC,1,exact,exact model-selection paid observations,301,X_BASE,8,5,2,v,0.8534581852545134,0.8507282111881974,0.7665849228264582,0.9348714995499366,EMPIRICAL_CALIBRATED_ENVELOPE
B5_EXACT_SELECTED_DIAGNOSTIC,1,exact,exact model-selection paid observations,301,X_BASE,8,5,3,pX,0.07443687226251038,0.07355523389858946,-0.010588054463149726,0.15769852226032866,EMPIRICAL_CALIBRATED_ENVELOPE
B5_EXACT_SELECTED_DIAGNOSTIC,1,exact,exact model-selection paid observations,301,X_BASE,8,5,3,v,0.8535085215058902,0.8510870786096992,0.76694379024796,0.9352303669714385,EMPIRICAL_CALIBRATED_ENVELOPE
B5_EXACT_SELECTED_DIAGNOSTIC,1,exact,exact model-selection paid observations,301,X_BASE,8,5,4,pX,0.07330613721341583,0.07240350757603421,-0.011739780785704979,0.1565467959377734,EMPIRICAL_CALIBRATED_ENVELOPE
B5_EXACT_SELECTED_DIAGNOSTIC,1,exact,exact model-selection paid observations,301,X_BASE,8,5,4,v,0.8530602042080675,0.8508104560028705,0.7666671676411313,0.9349537443646098,EMPIRICAL_CALIBRATED_ENVELOPE
B5_EXACT_SELECTED_DIAGNOSTIC,1,exact,exact model-selection paid observations,301,X_BASE,8,5,5,pX,0.07336711230547967,0.07251540290890209,-0.011627885452837106,0.15665869127064128,EMPIRICAL_CALIBRATED_ENVELOPE
B5_EXACT_SELECTED_DIAGNOSTIC,1,exact,exact model-selection paid observations,301,X_BASE,8,5,5,v,0.8536252591715728,0.8516397309169416,0.7674964425552023,0.9357830192786808,EMPIRICAL_CALIBRATED_ENVELOPE
B5_EXACT_SELECTED_DIAGNOSTIC,1,exact,exact model-selection paid observations,301,X_BASE,8,6,0,pX,0.07885086126277152,0.0774814089561207,-0.006661879405618493,0.1616246973178599,EMPIRICAL_CALIBRATED_ENVELOPE
B5_EXACT_SELECTED_DIAGNOSTIC,1,exact,exact model-selection paid observations,301,X_BASE,8,6,0,v,0.8531248402300965,0.850003395054131,0.7658601066923918,0.9341466834158703,EMPIRICAL_CALIBRATED_ENVELOPE
B5_EXACT_SELECTED_DIAGNOSTIC,1,exact,exact model-selection paid observations,301,X_BASE,8,6,1,pX,0.07861082552807803,0.07728047812446955,-0.006862810237269645,0.16142376648620874,EMPIRICAL_CALIBRATED_ENVELOPE
B5_EXACT_SELECTED_DIAGNOSTIC,1,exact,exact model-selection paid observations,301,X_BASE,8,6,1,v,0.8535120323905421,0.850817390180727,0.7666741018189878,0.9349606785424662,EMPIRICAL_CALIBRATED_ENVELOPE
B5_EXACT_SELECTED_DIAGNOSTIC,1,exact,exact model-selection paid observations,301,X_BASE,8,6,2,pX,0.07598114135555623,0.07468191246607991,-0.009461375895659277,0.1588252008278191,EMPIRICAL_CALIBRATED_ENVELOPE
B5_EXACT_SELECTED_DIAGNOSTIC,1,exact,exact model-selection paid observations,301,X_BASE,8,6,2,v,0.8545069062361139,0.8508290086599058,0.7666857202981666,0.9349722970216451,EMPIRICAL_CALIBRATED_ENVELOPE
B5_EXACT_SELECTED_DIAGNOSTIC,1,exact,exact model-selection paid observations,301,X_BASE,8,6,3,pX,0.07595494260744609,0.0746680947101691,-0.009475193651570096,0.15881138307190829,EMPIRICAL_CALIBRATED_ENVELOPE
B5_EXACT_SELECTED_DIAGNOSTIC,1,exact,exact model-selection paid observations,301,X_BASE,8,6,3,v,0.8544471702281591,0.8512377712329955,0.7670944828712563,0.9353810595947347,EMPIRICAL_CALIBRATED_ENVELOPE
B5_EXACT_SELECTED_DIAGNOSTIC,1,exact,exact model-selection paid observations,301,X_BASE,8,6,4,pX,0.07467430883439471,0.07339506357516187,-0.010748224786577318,0.15753835193690108,EMPIRICAL_CALIBRATED_ENVELOPE
B5_EXACT_SELECTED_DIAGNOSTIC,1,exact,exact model-selection paid observations,301,X_BASE,8,6,4,v,0.8539435388169546,0.8509032323253702,0.766759943963631,0.9350465206871095,EMPIRICAL_CALIBRATED_ENVELOPE
B5_EXACT_SELECTED_DIAGNOSTIC,1,exact,exact model-selection paid observations,301,X_BASE,8,6,5,pX,0.07472685864965373,0.0735044729614037,-0.010638815400335497,0.1576477613231429,EMPIRICAL_CALIBRATED_ENVELOPE
B5_EXACT_SELECTED_DIAGNOSTIC,1,exact,exact model-selection paid observations,301,X_BASE,8,6,5,v,0.8544201834848042,0.8517642855982591,0.7676209972365199,0.9359075739599984,EMPIRICAL_CALIBRATED_ENVELOPE
B5_EXACT_SELECTED_DIAGNOSTIC,1,exact,exact model-selection paid observations,301,X_BASE,8,7,0,pX,0.08052203132709025,0.07862954191853103,-0.0055137464432081645,0.16277283028027023,EMPIRICAL_CALIBRATED_ENVELOPE
B5_EXACT_SELECTED_DIAGNOSTIC,1,exact,exact model-selection paid observations,301,X_BASE,8,7,0,v,0.854802046465908,0.8500376378563643,0.7658943494946251,0.9341809262181036,EMPIRICAL_CALIBRATED_ENVELOPE
B5_EXACT_SELECTED_DIAGNOSTIC,1,exact,exact model-selection paid observations,301,X_BASE,8,7,1,pX,0.08027990483448207,0.07841745525852035,-0.005725833103218836,0.16256074362025955,EMPIRICAL_CALIBRATED_ENVELOPE
B5_EXACT_SELECTED_DIAGNOSTIC,1,exact,exact model-selection paid observations,301,X_BASE,8,7,1,v,0.8550658468940884,0.8508651700713927,0.7667218817096535,0.935008458433132,EMPIRICAL_CALIBRATED_ENVELOPE
B5_EXACT_SELECTED_DIAGNOSTIC,1,exact,exact model-selection paid observations,301,X_BASE,8,7,2,pX,0.07750026820747417,0.07574108235991743,-0.00840220600182176,0.15988437072165662,EMPIRICAL_CALIBRATED_ENVELOPE
B5_EXACT_SELECTED_DIAGNOSTIC,1,exact,exact model-selection paid observations,301,X_BASE,8,7,2,v,0.856296959468402,0.8509235363686217,0.7667802480068825,0.935066824730361,EMPIRICAL_CALIBRATED_ENVELOPE
B5_EXACT_SELECTED_DIAGNOSTIC,1,exact,exact model-selection paid observations,301,X_BASE,8,7,3,pX,0.07749344338407103,0.07571173380999298,-0.008431554551746212,0.15985502217173217,EMPIRICAL_CALIBRATED_ENVELOPE
B5_EXACT_SELECTED_DIAGNOSTIC,1,exact,exact model-selection paid observations,301,X_BASE,8,7,3,v,0.8561473719739596,0.8513790905355448,0.7672358021738056,0.9355223788972841,EMPIRICAL_CALIBRATED_ENVELOPE
B5_EXACT_SELECTED_DIAGNOSTIC,1,exact,exact model-selection paid observations,301,X_BASE,8,7,4,pX,0.07606377683398301,0.07432494321472406,-0.009818345147015128,0.15846823157646325,EMPIRICAL_CALIBRATED_ENVELOPE
B5_EXACT_SELECTED_DIAGNOSTIC,1,exact,exact model-selection paid observations,301,X_BASE,8,7,4,v,0.8556308557626451,0.8509902378131106,0.7668469494513713,0.9351335261748498,EMPIRICAL_CALIBRATED_ENVELOPE
B5_EXACT_SELECTED_DIAGNOSTIC,1,exact,exact model-selection paid observations,301,X_BASE,8,7,5,pX,0.07610947213831536,0.07443202128417224,-0.009711267077566949,0.15857530964591143,EMPIRICAL_CALIBRATED_ENVELOPE
B5_EXACT_SELECTED_DIAGNOSTIC,1,exact,exact model-selection paid observations,301,X_BASE,8,7,5,v,0.856027546799627,0.8518810927803762,0.7677378044186369,0.9360243811421154,EMPIRICAL_CALIBRATED_ENVELOPE
B5_EXACT_SELECTED_DIAGNOSTIC,1,exact,exact model-selection paid observations,301,X_BASE,8,8,0,pX,0.08209092885855519,0.07967003957405128,-0.004473248787687914,0.16381332793579045,EMPIRICAL_CALIBRATED_ENVELOPE
B5_EXACT_SELECTED_DIAGNOSTIC,1,exact,exact model-selection paid observations,301,X_BASE,8,8,0,v,0.8565074356984185,0.8500686704602601,0.7659253820985209,0.9342119588219994,EMPIRICAL_CALIBRATED_ENVELOPE
B5_EXACT_SELECTED_DIAGNOSTIC,1,exact,exact model-selection paid observations,301,X_BASE,8,8,1,pX,0.08184628431915612,0.07944784292361833,-0.0046954454381208655,0.16359113128535752,EMPIRICAL_CALIBRATED_ENVELOPE
B5_EXACT_SELECTED_DIAGNOSTIC,1,exact,exact model-selection paid observations,301,X_BASE,8,8,1,v,0.8566646399726383,0.8509084706871285,0.7667651823253893,0.9350517590488677,EMPIRICAL_CALIBRATED_ENVELOPE
B5_EXACT_SELECTED_DIAGNOSTIC,1,exact,exact model-selection paid observations,301,X_BASE,8,8,2,pX,0.07892017200963691,0.07670095706730488,-0.007442331294434307,0.16084424542904407,EMPIRICAL_CALIBRATED_ENVELOPE
B5_EXACT_SELECTED_DIAGNOSTIC,1,exact,exact model-selection paid observations,301,X_BASE,8,8,2,v,0.8580782875835434,0.8510092022823448,0.7668659139206055,0.935152490644084,EMPIRICAL_CALIBRATED_ENVELOPE
B5_EXACT_SELECTED_DIAGNOSTIC,1,exact,exact model-selection paid observations,301,X_BASE,8,8,3,pX,0.07893554294740461,0.0766575337061098,-0.007485754655629395,0.160800822067849,EMPIRICAL_CALIBRATED_ENVELOPE
B5_EXACT_SELECTED_DIAGNOSTIC,1,exact,exact model-selection paid observations,301,X_BASE,8,8,3,v,0.8578563852031211,0.8515071614191416,0.7673638730574024,0.9356504497808809,EMPIRICAL_CALIBRATED_ENVELOPE
B5_EXACT_SELECTED_DIAGNOSTIC,1,exact,exact model-selection paid observations,301,X_BASE,8,8,4,pX,0.0773694554541462,0.07516764838612623,-0.008975639975612959,0.15931093674786542,EMPIRICAL_CALIBRATED_ENVELOPE
B5_EXACT_SELECTED_DIAGNOSTIC,1,exact,exact model-selection paid observations,301,X_BASE,8,8,4,v,0.8573449993472104,0.8510690866999339,0.7669257983381946,0.9352123750616731,EMPIRICAL_CALIBRATED_ENVELOPE
B5_EXACT_SELECTED_DIAGNOSTIC,1,exact,exact model-selection paid observations,301,X_BASE,8,8,5,pX,0.07740407305952345,0.0752726136953476,-0.00887067466639159,0.15941590205708678,EMPIRICAL_CALIBRATED_ENVELOPE
B5_EXACT_SELECTED_DIAGNOSTIC,1,exact,exact model-selection paid observations,301,X_BASE,8,8,5,v,0.8576719431240392,0.8519869495087516,0.7678436611470124,0.9361302378704909,EMPIRICAL_CALIBRATED_ENVELOPE
B5_EXACT_SELECTED_DIAGNOSTIC,1,exact,exact model-selection paid observations,301,X_BASE,8,9,0,pX,0.08374808607125968,0.0807901540184155,-0.0033531343433236965,0.16493344238015467,EMPIRICAL_CALIBRATED_ENVELOPE
B5_EXACT_SELECTED_DIAGNOSTIC,1,exact,exact model-selection paid observations,301,X_BASE,8,9,0,v,0.8588785362491013,0.8501020776166199,0.7659587892548807,0.9342453659783592,EMPIRICAL_CALIBRATED_ENVELOPE
B5_EXACT_SELECTED_DIAGNOSTIC,1,exact,exact model-selection paid observations,301,X_BASE,8,9,1,pX,0.08351716033490592,0.0805570737814177,-0.0035862145803214895,0.1647003621431569,EMPIRICAL_CALIBRATED_ENVELOPE
B5_EXACT_SELECTED_DIAGNOSTIC,1,exact,exact model-selection paid observations,301,X_BASE,8,9,1,v,0.8589205006060912,0.8509550845789313,0.7668117962171921,0.9350983729406706,EMPIRICAL_CALIBRATED_ENVELOPE
B5_EXACT_SELECTED_DIAGNOSTIC,1,exact,exact model-selection paid observations,301,X_BASE,8,9,2,pX,0.08037430221637283,0.07773427945762496,-0.006409008904114236,0.16187756781936413,EMPIRICAL_CALIBRATED_ENVELOPE
B5_EXACT_SELECTED_DIAGNOSTIC,1,exact,exact model-selection paid observations,301,X_BASE,8,9,2,v,0.8603798328866707,0.8511014231795683,0.766958134817829,0.9352447115413075,EMPIRICAL_CALIBRATED_ENVELOPE
B5_EXACT_SELECTED_DIAGNOSTIC,1,exact,exact model-selection paid observations,301,X_BASE,8,9,3,pX,0.0804511552335025,0.07767570430889596,-0.006467584052843228,0.16181899267063515,EMPIRICAL_CALIBRATED_ENVELOPE
B5_EXACT_SELECTED_DIAGNOSTIC,1,exact,exact model-selection paid observations,301,X_BASE,8,9,3,v,0.8600520684705424,0.8516450320292848,0.7675017436675455,0.935788320391024,EMPIRICAL_CALIBRATED_ENVELOPE
B5_EXACT_SELECTED_DIAGNOSTIC,1,exact,exact model-selection paid observations,301,X_BASE,8,9,4,pX,0.07871407637492119,0.07607483566311825,-0.008068452698620943,0.16021812402485744,EMPIRICAL_CALIBRATED_ENVELOPE
B5_EXACT_SELECTED_DIAGNOSTIC,1,exact,exact model-selection paid observations,301,X_BASE,8,9,4,v,0.8597089366160011,0.8511539689450637,0.7670106805833244,0.9352972573068029,EMPIRICAL_CALIBRATED_ENVELOPE
B5_EXACT_SELECTED_DIAGNOSTIC,1,exact,exact model-selection paid observations,301,X_BASE,8,9,5,pX,0.07873767675459974,0.07617752654794764,-0.00796576181379155,0.16032081490968683,EMPIRICAL_CALIBRATED_ENVELOPE
B5_EXACT_SELECTED_DIAGNOSTIC,1,exact,exact model-selection paid observations,301,X_BASE,8,9,5,v,0.8599479784960076,0.8521009061811741,0.7679576178194348,0.9362441945429133,EMPIRICAL_CALIBRATED_ENVELOPE
B5_EXACT_SELECTED_DIAGNOSTIC,1,exact,exact model-selection paid observations,301,X_BASE,8,10,0,pX,0.08568399951032434,0.08211831729027767,-0.0020249710714615177,0.16626160565201686,EMPIRICAL_CALIBRATED_ENVELOPE
B5_EXACT_SELECTED_DIAGNOSTIC,1,exact,exact model-selection paid observations,301,X_BASE,8,10,0,v,0.8617343417992457,0.8501416897815355,0.7659984014197962,0.9342849781432747,EMPIRICAL_CALIBRATED_ENVELOPE
B5_EXACT_SELECTED_DIAGNOSTIC,1,exact,exact model-selection paid observations,301,X_BASE,8,10,1,pX,0.08546414605684717,0.0818723319612919,-0.002270956400447291,0.16601562032303108,EMPIRICAL_CALIBRATED_ENVELOPE
B5_EXACT_SELECTED_DIAGNOSTIC,1,exact,exact model-selection paid observations,301,X_BASE,8,10,1,v,0.8616791778006062,0.8510103564838358,0.7668670681220966,0.9351536448455751,EMPIRICAL_CALIBRATED_ENVELOPE
B5_EXACT_SELECTED_DIAGNOSTIC,1,exact,exact model-selection paid observations,301,X_BASE,8,10,2,pX,0.08211595001176399,0.0789595300145847,-0.005183758347154496,0.1631028183763239,EMPIRICAL_CALIBRATED_ENVELOPE
B5_EXACT_SELECTED_DIAGNOSTIC,1,exact,exact model-selection paid observations,301,X_BASE,8,10,2,v,0.8630433508785005,0.8512107730850236,0.7670674847232843,0.9353540614467628,EMPIRICAL_CALIBRATED_ENVELOPE
B5_EXACT_SELECTED_DIAGNOSTIC,1,exact,exact model-selection paid observations,301,X_BASE,8,10,3,pX,0.08226927948986938,0.07888298880193537,-0.005260299559803824,0.16302627716367457,EMPIRICAL_CALIBRATED_ENVELOPE
B5_EXACT_SELECTED_DIAGNOSTIC,1,exact,exact model-selection paid observations,301,X_BASE,8,10,3,v,0.8626262829700155,0.8518085105752341,0.7676652222134949,0.9359517989369733,EMPIRICAL_CALIBRATED_ENVELOPE
B5_EXACT_SELECTED_DIAGNOSTIC,1,exact,exact model-selection paid observations,301,X_BASE,8,10,4,pX,0.08027987430816565,0.07715052290924189,-0.0069927654524973015,0.16129381127098108,EMPIRICAL_CALIBRATED_ENVELOPE
B5_EXACT_SELECTED_DIAGNOSTIC,1,exact,exact model-selection paid observations,301,X_BASE,8,10,4,v,0.862613704791683,0.8512546171252401,0.7671113287635009,0.9353979054869793,EMPIRICAL_CALIBRATED_ENVELOPE
B5_EXACT_SELECTED_DIAGNOSTIC,1,exact,exact model-selection paid observations,301,X_BASE,8,10,5,pX,0.0802775987696694,0.07725051692058904,-0.00689277144115015,0.16139380528232822,EMPIRICAL_CALIBRATED_ENVELOPE
B5_EXACT_SELECTED_DIAGNOSTIC,1,exact,exact model-selection paid observations,301,X_BASE,8,10,5,v,0.862772925245139,0.8522360290408574,0.7680927406791181,0.9363793174025966,EMPIRICAL_CALIBRATED_ENVELOPE
B5_EXACT_SELECTED_DIAGNOSTIC,1,exact,exact model-selection paid observations,301,X_BASE,8,11,0,pX,0.08778371708810577,0.08357016967994435,-0.0005731186817948403,0.16771345804168353,EMPIRICAL_CALIBRATED_ENVELOPE
B5_EXACT_SELECTED_DIAGNOSTIC,1,exact,exact model-selection paid observations,301,X_BASE,8,11,0,v,0.8644135655914387,0.8501849909460164,0.7660417025842772,0.9343282793077556,EMPIRICAL_CALIBRATED_ENVELOPE
B5_EXACT_SELECTED_DIAGNOSTIC,1,exact,exact model-selection paid observations,301,X_BASE,8,11,1,pX,0.08757901795017618,0.08331007743425752,-0.0008332109274816757,0.1674533657959967,EMPIRICAL_CALIBRATED_ENVELOPE
B5_EXACT_SELECTED_DIAGNOSTIC,1,exact,exact model-selection paid observations,301,X_BASE,8,11,1,v,0.8643155180972317,0.8510707757477298,0.7669274873859906,0.9352140641094691,EMPIRICAL_CALIBRATED_ENVELOPE
B5_EXACT_SELECTED_DIAGNOSTIC,1,exact,exact model-selection paid observations,301,X_BASE,8,11,2,pX,0.08417643551809913,0.0802988856395662,-0.003844402722172985,0.1644421740013054,EMPIRICAL_CALIBRATED_ENVELOPE
B5_EXACT_SELECTED_DIAGNOSTIC,1,exact,exact model-selection paid observations,301,X_BASE,8,11,2,v,0.8654023017701958,0.8513303065225974,0.7671870181608582,0.9354735948843367,EMPIRICAL_CALIBRATED_ENVELOPE
B5_EXACT_SELECTED_DIAGNOSTIC,1,exact,exact model-selection paid observations,301,X_BASE,8,11,3,pX,0.08435876295032145,0.08020270522036127,-0.003940583141377921,0.16434599358210045,EMPIRICAL_CALIBRATED_ENVELOPE
B5_EXACT_SELECTED_DIAGNOSTIC,1,exact,exact model-selection paid observations,301,X_BASE,8,11,3,v,0.8649885963638451,0.8519872135424249,0.7678439251806857,0.9361305019041641,EMPIRICAL_CALIBRATED_ENVELOPE
B5_EXACT_SELECTED_DIAGNOSTIC,1,exact,exact model-selection paid observations,301,X_BASE,8,11,4,pX,0.08199997760126974,0.07832638669941348,-0.0058169016623257075,0.16246967506115267,EMPIRICAL_CALIBRATED_ENVELOPE
B5_EXACT_SELECTED_DIAGNOSTIC,1,exact,exact model-selection paid observations,301,X_BASE,8,11,4,v,0.865322174367396,0.851364638463731,0.7672213501019918,0.9355079268254702,EMPIRICAL_CALIBRATED_ENVELOPE
B5_EXACT_SELECTED_DIAGNOSTIC,1,exact,exact model-selection paid observations,301,X_BASE,8,11,5,pX,0.08198724985186596,0.07842343268298972,-0.005719855678749469,0.1625667210447289,EMPIRICAL_CALIBRATED_ENVELOPE
B5_EXACT_SELECTED_DIAGNOSTIC,1,exact,exact model-selection paid observations,301,X_BASE,8,11,5,v,0.8654342255830474,0.8523837356149556,0.7682404472532164,0.9365270239766949,EMPIRICAL_CALIBRATED_ENVELOPE
B5_EXACT_SELECTED_DIAGNOSTIC,1,exact,exact model-selection paid observations,301,X_BASE,8,12,0,pX,0.08991989773256691,0.08474916036762371,0.0006058720058845224,0.1688924487293629,EMPIRICAL_CALIBRATED_ENVELOPE
B5_EXACT_SELECTED_DIAGNOSTIC,1,exact,exact model-selection paid observations,301,X_BASE,8,12,0,v,0.8688356821375182,0.8502201540728274,0.7660768657110881,0.9343634424345666,EMPIRICAL_CALIBRATED_ENVELOPE
B5_EXACT_SELECTED_DIAGNOSTIC,1,exact,exact model-selection paid observations,301,X_BASE,8,12,1,pX,0.08971838770300426,0.08447761246463947,0.00033432410290028247,0.16862090082637865,EMPIRICAL_CALIBRATED_ENVELOPE
B5_EXACT_SELECTED_DIAGNOSTIC,1,exact,exact model-selection paid observations,301,X_BASE,8,12,1,v,0.8687217215922816,0.8511198397917018,0.7669765514299626,0.935263128153441,EMPIRICAL_CALIBRATED_ENVELOPE
B5_EXACT_SELECTED_DIAGNOSTIC,1,exact,exact model-selection paid observations,301,X_BASE,8,12,2,pX,0.08618211247742635,0.08138652224820705,-0.002756766113532136,0.16552981060994626,EMPIRICAL_CALIBRATED_ENVELOPE
B5_EXACT_SELECTED_DIAGNOSTIC,1,exact,exact model-selection paid observations,301,X_BASE,8,12,2,v,0.8695368856587767,0.8514273747994892,0.7672840864377499,0.9355706631612284,EMPIRICAL_CALIBRATED_ENVELOPE
B5_EXACT_SELECTED_DIAGNOSTIC,1,exact,exact model-selection paid observations,301,X_BASE,8,12,3,pX,0.08637029165176206,0.08127439362255408,-0.0028688947391851127,0.16541768198429327,EMPIRICAL_CALIBRATED_ENVELOPE
B5_EXACT_SELECTED_DIAGNOSTIC,1,exact,exact model-selection paid observations,301,X_BASE,8,12,3,v,0.8692012996130162,0.852132331004557,0.7679890426428178,0.9362756193662962,EMPIRICAL_CALIBRATED_ENVELOPE
B5_EXACT_SELECTED_DIAGNOSTIC,1,exact,exact model-selection paid observations,301,X_BASE,8,12,4,pX,0.08374716931672348,0.07928125819217592,-0.0048620301695632695,0.1634245465539151,EMPIRICAL_CALIBRATED_ENVELOPE
B5_EXACT_SELECTED_DIAGNOSTIC,1,exact,exact model-selection paid observations,301,X_BASE,8,12,4,v,0.8697361992701987,0.8514539823491355,0.7673106939873963,0.9355972707108747,EMPIRICAL_CALIBRATED_ENVELOPE
B5_EXACT_SELECTED_DIAGNOSTIC,1,exact,exact model-selection paid observations,301,X_BASE,8,12,5,pX,0.08372613724207119,0.07937591020146541,-0.004767378160273783,0.1635191985632046,EMPIRICAL_CALIBRATED_ENVELOPE
B5_EXACT_SELECTED_DIAGNOSTIC,1,exact,exact model-selection paid observations,301,X_BASE,8,12,5,v,0.8698114812326458,0.8525036821581513,0.7683603937964121,0.9366469705198905,EMPIRICAL_CALIBRATED_ENVELOPE
B5_EXACT_SELECTED_DIAGNOSTIC,1,exact,exact model-selection paid observations,301,X_BASE,8,13,0,pX,0.09228422768921611,0.08618335147245466,0.002040063110715473,0.17032663983419385,EMPIRICAL_CALIBRATED_ENVELOPE
B5_EXACT_SELECTED_DIAGNOSTIC,1,exact,exact model-selection paid observations,301,X_BASE,8,13,0,v,0.8738244646505018,0.8502629284935395,0.7661196401318002,0.9344062168552787,EMPIRICAL_CALIBRATED_ENVELOPE
B5_EXACT_SELECTED_DIAGNOSTIC,1,exact,exact model-selection paid observations,301,X_BASE,8,13,1,pX,0.09213821458092492,0.08589786825855777,0.0017545798968185838,0.17004115662029695,EMPIRICAL_CALIBRATED_ENVELOPE
B5_EXACT_SELECTED_DIAGNOSTIC,1,exact,exact model-selection paid observations,301,X_BASE,8,13,1,v,0.8736876030609484,0.8511795240760367,0.7670362357142975,0.9353228124377759,EMPIRICAL_CALIBRATED_ENVELOPE
B5_EXACT_SELECTED_DIAGNOSTIC,1,exact,exact model-selection paid observations,301,X_BASE,8,13,2,pX,0.08830022661809939,0.08270958507279268,-0.001433703288946514,0.16685287343453187,EMPIRICAL_CALIBRATED_ENVELOPE
B5_EXACT_SELECTED_DIAGNOSTIC,1,exact,exact model-selection paid observations,301,X_BASE,8,13,2,v,0.8742770767642158,0.8515454541539184,0.7674021657921791,0.9356887425156576,EMPIRICAL_CALIBRATED_ENVELOPE
B5_EXACT_SELECTED_DIAGNOSTIC,1,exact,exact model-selection paid observations,301,X_BASE,8,13,3,pX,0.08849155071781116,0.08257805614477533,-0.0015652322169638633,0.16672134450651452,EMPIRICAL_CALIBRATED_ENVELOPE
B5_EXACT_SELECTED_DIAGNOSTIC,1,exact,exact model-selection paid observations,301,X_BASE,8,13,3,v,0.8740060848619546,0.8523088601116315,0.7681655717498923,0.9364521484733708,EMPIRICAL_CALIBRATED_ENVELOPE
B5_EXACT_SELECTED_DIAGNOSTIC,1,exact,exact model-selection paid observations,301,X_BASE,8,13,4,pX,0.08565703046811292,0.08044281800387555,-0.003700470357863639,0.16458610636561474,EMPIRICAL_CALIBRATED_ENVELOPE
B5_EXACT_SELECTED_DIAGNOSTIC,1,exact,exact model-selection paid observations,301,X_BASE,8,13,4,v,0.8747009757352409,0.8515626653158946,0.7674193769541554,0.9357059536776339,EMPIRICAL_CALIBRATED_ENVELOPE
B5_EXACT_SELECTED_DIAGNOSTIC,1,exact,exact model-selection paid observations,301,X_BASE,8,13,5,pX,0.08564823623791123,0.08053455784713774,-0.0036087305146014492,0.16467784620887693,EMPIRICAL_CALIBRATED_ENVELOPE
B5_EXACT_SELECTED_DIAGNOSTIC,1,exact,exact model-selection paid observations,301,X_BASE,8,13,5,v,0.8747269458877814,0.8526495919325915,0.7685063035708523,0.9367928802943307,EMPIRICAL_CALIBRATED_ENVELOPE
B5_EXACT_SELECTED_DIAGNOSTIC,1,exact,exact model-selection paid observations,301,X_BASE,8,14,0,pX,0.0948048763432194,0.08762462557016247,0.0034813372084232796,0.17176791393190166,EMPIRICAL_CALIBRATED_ENVELOPE
B5_EXACT_SELECTED_DIAGNOSTIC,1,exact,exact model-selection paid observations,301,X_BASE,8,14,0,v,0.8789388744930592,0.8503059141628893,0.76616262580115,0.9344492025246285,EMPIRICAL_CALIBRATED_ENVELOPE
B5_EXACT_SELECTED_DIAGNOSTIC,1,exact,exact model-selection paid observations,301,X_BASE,8,14,1,pX,0.09469816753767536,0.08732513822348702,0.0031818498617478264,0.1714684265852262,EMPIRICAL_CALIBRATED_ENVELOPE
B5_EXACT_SELECTED_DIAGNOSTIC,1,exact,exact model-selection paid observations,301,X_BASE,8,14,1,v,0.8787793466836505,0.8512395031212019,0.7670962147594627,0.9353827914829411,EMPIRICAL_CALIBRATED_ENVELOPE
B5_EXACT_SELECTED_DIAGNOSTIC,1,exact,exact model-selection paid observations,301,X_BASE,8,14,2,pX,0.09057910457384417,0.08403918206463856,-0.00010410629710062846,0.16818247042637774,EMPIRICAL_CALIBRATED_ENVELOPE
B5_EXACT_SELECTED_DIAGNOSTIC,1,exact,exact model-selection paid observations,301,X_BASE,8,14,2,v,0.8791623410571698,0.8516641166630078,0.7675208283012686,0.935807405024747,EMPIRICAL_CALIBRATED_ENVELOPE
B5_EXACT_SELECTED_DIAGNOSTIC,1,exact,exact model-selection paid observations,301,X_BASE,8,14,3,pX,0.09076170968748996,0.08388815702261569,-0.00025513133912349883,0.16803144538435488,EMPIRICAL_CALIBRATED_ENVELOPE
B5_EXACT_SELECTED_DIAGNOSTIC,1,exact,exact model-selection paid observations,301,X_BASE,8,14,3,v,0.8789193634077057,0.8524862610372552,0.768342972675516,0.9366295493989945,EMPIRICAL_CALIBRATED_ENVELOPE
B5_EXACT_SELECTED_DIAGNOSTIC,1,exact,exact model-selection paid observations,301,X_BASE,8,14,4,pX,0.08770443334475968,0.08161011437316827,-0.0025331739885709192,0.16575340273490746,EMPIRICAL_CALIBRATED_ENVELOPE
B5_EXACT_SELECTED_DIAGNOSTIC,1,exact,exact model-selection paid observations,301,X_BASE,8,14,4,v,0.8797888742728571,0.8516718850316802,0.767528596669941,0.9358151733934195,EMPIRICAL_CALIBRATED_ENVELOPE
B5_EXACT_SELECTED_DIAGNOSTIC,1,exact,exact model-selection paid observations,301,X_BASE,8,14,5,pX,0.08769755669094505,0.08169892766818365,-0.002444360693555539,0.16584221602992283,EMPIRICAL_CALIBRATED_ENVELOPE
B5_EXACT_SELECTED_DIAGNOSTIC,1,exact,exact model-selection paid observations,301,X_BASE,8,14,5,v,0.8797583669632962,0.8527962223068802,0.768652933945141,0.9369395106686195,EMPIRICAL_CALIBRATED_ENVELOPE
B5_EXACT_SELECTED_DIAGNOSTIC,1,exact,exact model-selection paid observations,301,X_BASE,8,15,0,pX,0.09745079151617438,0.08915507493119301,0.005011786569453822,0.1732983632929322,EMPIRICAL_CALIBRATED_ENVELOPE
B5_EXACT_SELECTED_DIAGNOSTIC,1,exact,exact model-selection paid observations,301,X_BASE,8,15,0,v,0.8836121687634533,0.8503515594640118,0.7662082711022725,0.934494847825751,EMPIRICAL_CALIBRATED_ENVELOPE
B5_EXACT_SELECTED_DIAGNOSTIC,1,exact,exact model-selection paid observations,301,X_BASE,8,15,1,pX,0.09738132188381234,0.08884071698072547,0.004697428618986282,0.17298400534246466,EMPIRICAL_CALIBRATED_ENVELOPE
B5_EXACT_SELECTED_DIAGNOSTIC,1,exact,exact model-selection paid observations,301,X_BASE,8,15,1,v,0.8833964599915775,0.8513031932211588,0.7671599048594195,0.935446481582898,EMPIRICAL_CALIBRATED_ENVELOPE
B5_EXACT_SELECTED_DIAGNOSTIC,1,exact,exact model-selection paid observations,301,X_BASE,8,15,2,pX,0.09294301387235826,0.08545104457561753,0.0013077562138783388,0.1695943329373567,EMPIRICAL_CALIBRATED_ENVELOPE
B5_EXACT_SELECTED_DIAGNOSTIC,1,exact,exact model-selection paid observations,301,X_BASE,8,15,2,v,0.883662414988463,0.8517901211208017,0.7676468327590624,0.9359334094825409,EMPIRICAL_CALIBRATED_ENVELOPE
B5_EXACT_SELECTED_DIAGNOSTIC,1,exact,exact model-selection paid observations,301,X_BASE,8,15,3,pX,0.09311075600435903,0.08527931714584634,0.0011360287841071515,0.16942260550758553,EMPIRICAL_CALIBRATED_ENVELOPE
B5_EXACT_SELECTED_DIAGNOSTIC,1,exact,exact model-selection paid observations,301,X_BASE,8,15,3,v,0.8833969096003227,0.8526746382055528,0.7685313498438135,0.936817926567292,EMPIRICAL_CALIBRATED_ENVELOPE
B5_EXACT_SELECTED_DIAGNOSTIC,1,exact,exact model-selection paid observations,301,X_BASE,8,15,4,pX,0.08987303025938655,0.08284963431275402,-0.0012936540489851683,0.16699292267449323,EMPIRICAL_CALIBRATED_ENVELOPE
B5_EXACT_SELECTED_DIAGNOSTIC,1,exact,exact model-selection paid observations,301,X_BASE,8,15,4,v,0.8844554923236767,0.851787862446734,0.7676445740849948,0.9359311508084732,EMPIRICAL_CALIBRATED_ENVELOPE
B5_EXACT_SELECTED_DIAGNOSTIC,1,exact,exact model-selection paid observations,301,X_BASE,8,15,5,pX,0.08990224382229835,0.0829353399866018,-0.0012079483751373937,0.16707862834834097,EMPIRICAL_CALIBRATED_ENVELOPE
B5_EXACT_SELECTED_DIAGNOSTIC,1,exact,exact model-selection paid observations,301,X_BASE,8,15,5,v,0.884347960761845,0.8529519250722286,0.7688086367104894,0.9370952134339678,EMPIRICAL_CALIBRATED_ENVELOPE
B5_EXACT_SELECTED_DIAGNOSTIC,1,exact,exact model-selection paid observations,301,X_BASE,8,16,0,pX,0.10001740210497508,0.09068614055105235,0.006542852189313164,0.17482942891279155,EMPIRICAL_CALIBRATED_ENVELOPE
B5_EXACT_SELECTED_DIAGNOSTIC,1,exact,exact model-selection paid observations,301,X_BASE,8,16,0,v,0.8878007125183736,0.8503972231449125,0.7662539347831733,0.9345405115066517,EMPIRICAL_CALIBRATED_ENVELOPE
B5_EXACT_SELECTED_DIAGNOSTIC,1,exact,exact model-selection paid observations,301,X_BASE,8,16,1,pX,0.0999659939985917,0.09035690600891684,0.006213617647177649,0.17450019437065603,EMPIRICAL_CALIBRATED_ENVELOPE
B5_EXACT_SELECTED_DIAGNOSTIC,1,exact,exact model-selection paid observations,301,X_BASE,8,16,1,v,0.8875002930762721,0.851366908966908,0.7672236206051688,0.9355101973286473,EMPIRICAL_CALIBRATED_ENVELOPE
B5_EXACT_SELECTED_DIAGNOSTIC,1,exact,exact model-selection paid observations,301,X_BASE,8,16,2,pX,0.09527117361856509,0.08686347559461748,0.002720187232878285,0.17100676395635667,EMPIRICAL_CALIBRATED_ENVELOPE
B5_EXACT_SELECTED_DIAGNOSTIC,1,exact,exact model-selection paid observations,301,X_BASE,8,16,2,v,0.8877358431905799,0.8519161763162166,0.7677728879544774,0.9360594646779559,EMPIRICAL_CALIBRATED_ENVELOPE
B5_EXACT_SELECTED_DIAGNOSTIC,1,exact,exact model-selection paid observations,301,X_BASE,8,16,3,pX,0.0953963880857829,0.08667103744096512,0.002527749079225927,0.1708143258027043,EMPIRICAL_CALIBRATED_ENVELOPE
B5_EXACT_SELECTED_DIAGNOSTIC,1,exact,exact model-selection paid observations,301,X_BASE,8,16,3,v,0.8874120592206055,0.8528630912267966,0.7687198028650574,0.9370063795885358,EMPIRICAL_CALIBRATED_ENVELOPE
B5_EXACT_SELECTED_DIAGNOSTIC,1,exact,exact model-selection paid observations,301,X_BASE,8,16,4,pX,0.0919720107275883,0.08408965336399006,-5.3634997749130164e-05,0.16823294172572925,EMPIRICAL_CALIBRATED_ENVELOPE
B5_EXACT_SELECTED_DIAGNOSTIC,1,exact,exact model-selection paid observations,301,X_BASE,8,16,4,v,0.888644126942365,0.8519038865618667,0.7677605982001274,0.9360471749236059,EMPIRICAL_CALIBRATED_ENVELOPE
B5_EXACT_SELECTED_DIAGNOSTIC,1,exact,exact model-selection paid observations,301,X_BASE,8,16,5,pX,0.09202906494357255,0.08417225016533908,2.896180359988898e-05,0.16831553852707826,EMPIRICAL_CALIBRATED_ENVELOPE
B5_EXACT_SELECTED_DIAGNOSTIC,1,exact,exact model-selection paid observations,301,X_BASE,8,16,5,v,0.8884369803046621,0.8531076905336754,0.7689644021719362,0.9372509788954146,EMPIRICAL_CALIBRATED_ENVELOPE
B5_EXACT_SELECTED_DIAGNOSTIC,1,16,exact model-selection paid observations,301,X_BASE,8,1,0,pX,0.07149078128656743,0.07536877123529391,-1.0539409222429834,1.2046784647135713,EMPIRICAL_CALIBRATED_ENVELOPE
B5_EXACT_SELECTED_DIAGNOSTIC,1,16,exact model-selection paid observations,301,X_BASE,8,1,0,v,0.8501832585897245,0.8523241455857404,-0.27698554789253693,1.9816338390640178,EMPIRICAL_CALIBRATED_ENVELOPE
B5_EXACT_SELECTED_DIAGNOSTIC,1,16,exact model-selection paid observations,301,X_BASE,8,1,1,pX,0.07133630361975751,0.07157112688441479,-1.0577385665938626,1.2008808203626922,EMPIRICAL_CALIBRATED_ENVELOPE
B5_EXACT_SELECTED_DIAGNOSTIC,1,16,exact model-selection paid observations,301,X_BASE,8,1,1,v,0.8509066403078489,0.8488103540859462,-0.2804993393923312,1.9781200475642235,EMPIRICAL_CALIBRATED_ENVELOPE
B5_EXACT_SELECTED_DIAGNOSTIC,1,16,exact model-selection paid observations,301,X_BASE,8,1,2,pX,0.06916128353492422,0.07760908058543052,-1.0517006128928468,1.206918774063708,EMPIRICAL_CALIBRATED_ENVELOPE
B5_EXACT_SELECTED_DIAGNOSTIC,1,16,exact model-selection paid observations,301,X_BASE,8,1,2,v,0.8507245662239342,0.8529570708333682,-0.2763526226449091,1.9822667643116456,EMPIRICAL_CALIBRATED_ENVELOPE
B5_EXACT_SELECTED_DIAGNOSTIC,1,16,exact model-selection paid observations,301,X_BASE,8,1,3,pX,0.06921558841864,0.07024742427239587,-1.0590622692058815,1.1995571177506732,EMPIRICAL_CALIBRATED_ENVELOPE
B5_EXACT_SELECTED_DIAGNOSTIC,1,16,exact model-selection paid observations,301,X_BASE,8,1,3,v,0.8508711528688535,0.852738389896803,-0.2765713035814744,1.9820480833750804,EMPIRICAL_CALIBRATED_ENVELOPE
B5_EXACT_SELECTED_DIAGNOSTIC,1,16,exact model-selection paid observations,301,X_BASE,8,1,4,pX,0.0685528331064338,0.07539547722185455,-1.0539142162564228,1.204705170700132,EMPIRICAL_CALIBRATED_ENVELOPE
B5_EXACT_SELECTED_DIAGNOSTIC,1,16,exact model-selection paid observations,301,X_BASE,8,1,4,v,0.8508035346206148,0.846807598246922,-0.2825020952313554,1.9761172917251995,EMPIRICAL_CALIBRATED_ENVELOPE
B5_EXACT_SELECTED_DIAGNOSTIC,1,16,exact model-selection paid observations,301,X_BASE,8,1,5,pX,0.06866643063263451,0.06784082876763126,-1.061468864710646,1.1971505222459087,EMPIRICAL_CALIBRATED_ENVELOPE
B5_EXACT_SELECTED_DIAGNOSTIC,1,16,exact model-selection paid observations,301,X_BASE,8,1,5,v,0.8514935404343136,0.8555701724908232,-0.27373952098745413,1.9848798659691007,EMPIRICAL_CALIBRATED_ENVELOPE
B5_EXACT_SELECTED_DIAGNOSTIC,1,16,exact model-selection paid observations,301,X_BASE,8,2,0,pX,0.0728620242871919,0.0602873684281764,-1.069022325050101,1.1895970619064538,EMPIRICAL_CALIBRATED_ENVELOPE
B5_EXACT_SELECTED_DIAGNOSTIC,1,16,exact model-selection paid observations,301,X_BASE,8,2,0,v,0.8512382987016269,0.8337190948138548,-0.2955905986644226,1.963028788292132,EMPIRICAL_CALIBRATED_ENVELOPE
B5_EXACT_SELECTED_DIAGNOSTIC,1,16,exact model-selection paid observations,301,X_BASE,8,2,1,pX,0.07267568663440792,0.0747404659014262,-1.0545692275768512,1.2040501593797035,EMPIRICAL_CALIBRATED_ENVELOPE
B5_EXACT_SELECTED_DIAGNOSTIC,1,16,exact model-selection paid observations,301,X_BASE,8,2,1,v,0.8519446271205244,0.8187756620433151,-0.3105340314349623,1.9480853555215925,EMPIRICAL_CALIBRATED_ENVELOPE
B5_EXACT_SELECTED_DIAGNOSTIC,1,16,exact model-selection paid observations,301,X_BASE,8,2,2,pX,0.07043542855657119,0.07718577980359846,-1.052123913674679,1.2064954732818758,EMPIRICAL_CALIBRATED_ENVELOPE
B5_EXACT_SELECTED_DIAGNOSTIC,1,16,exact model-selection paid observations,301,X_BASE,8,2,2,v,0.8519117151406854,0.8818779017247775,-0.24743179175349983,2.011187595203055,EMPIRICAL_CALIBRATED_ENVELOPE
B5_EXACT_SELECTED_DIAGNOSTIC,1,16,exact model-selection paid observations,301,X_BASE,8,2,3,pX,0.07044898065962556,0.10224397202340078,-1.0270657214548766,1.231553665501678,EMPIRICAL_CALIBRATED_ENVELOPE
B5_EXACT_SELECTED_DIAGNOSTIC,1,16,exact model-selection paid observations,301,X_BASE,8,2,3,v,0.8520828531676289,0.8515665195304581,-0.2777431739478192,1.9808762130087354,EMPIRICAL_CALIBRATED_ENVELOPE
B5_EXACT_SELECTED_DIAGNOSTIC,1,16,exact model-selection paid observations,301,X_BASE,8,2,4,pX,0.06969547142204383,0.09024926435554075,-1.0390604291227366,1.2195589578338182,EMPIRICAL_CALIBRATED_ENVELOPE
B5_EXACT_SELECTED_DIAGNOSTIC,1,16,exact model-selection paid observations,301,X_BASE,8,2,4,v,0.8519272336644579,0.8279496645134553,-0.30136002896482206,1.9572593579917328,EMPIRICAL_CALIBRATED_ENVELOPE
B5_EXACT_SELECTED_DIAGNOSTIC,1,16,exact model-selection paid observations,301,X_BASE,8,2,5,pX,0.06978593601534937,0.07649618935090775,-1.0528135041273696,1.205805882829185,EMPIRICAL_CALIBRATED_ENVELOPE
B5_EXACT_SELECTED_DIAGNOSTIC,1,16,exact model-selection paid observations,301,X_BASE,8,2,5,v,0.8526308819483777,0.8609950442938141,-0.26831464918446324,1.9903047377720915,EMPIRICAL_CALIBRATED_ENVELOPE
B5_EXACT_SELECTED_DIAGNOSTIC,1,16,exact model-selection paid observations,301,X_BASE,8,3,0,pX,0.07427425532790484,0.047017045300100146,-1.0822926481781772,1.1763267387783776,EMPIRICAL_CALIBRATED_ENVELOPE
B5_EXACT_SELECTED_DIAGNOSTIC,1,16,exact model-selection paid observations,301,X_BASE,8,3,0,v,0.8516594501005786,0.8173482678612938,-0.3119614256169836,1.9466579613395711,EMPIRICAL_CALIBRATED_ENVELOPE
B5_EXACT_SELECTED_DIAGNOSTIC,1,16,exact model-selection paid observations,301,X_BASE,8,3,1,pX,0.0740748886809665,0.07752920865938186,-1.0517804848188954,1.2068389021376593,EMPIRICAL_CALIBRATED_ENVELOPE
B5_EXACT_SELECTED_DIAGNOSTIC,1,16,exact model-selection paid observations,301,X_BASE,8,3,1,v,0.8523126980315185,0.7923477445905783,-0.33696194888769904,1.9216574380688556,EMPIRICAL_CALIBRATED_ENVELOPE
B5_EXACT_SELECTED_DIAGNOSTIC,1,16,exact model-selection paid observations,301,X_BASE,8,3,2,pX,0.07173357546895684,0.0768133119219881,-1.0524963815562893,1.2061230054002654,EMPIRICAL_CALIBRATED_ENVELOPE
B5_EXACT_SELECTED_DIAGNOSTIC,1,16,exact model-selection paid observations,301,X_BASE,8,3,2,v,0.8524973243513558,0.9073257182157162,-0.2219839752625612,2.0366354116939935,EMPIRICAL_CALIBRATED_ENVELOPE
B5_EXACT_SELECTED_DIAGNOSTIC,1,16,exact model-selection paid observations,301,X_BASE,8,3,3,pX,0.07172068923207583,0.1303981519143038,-0.9989115415639735,1.2597078453925812,EMPIRICAL_CALIBRATED_ENVELOPE
B5_EXACT_SELECTED_DIAGNOSTIC,1,16,exact model-selection paid observations,301,X_BASE,8,3,3,v,0.8526480013591861,0.8505353755033075,-0.2787743179749699,1.979845068981585,EMPIRICAL_CALIBRATED_ENVELOPE
B5_EXACT_SELECTED_DIAGNOSTIC,1,16,exact model-selection paid observations,301,X_BASE,8,3,4,pX,0.07086278523495594,0.10331930548239475,-1.0259903879958827,1.232628998960672,EMPIRICAL_CALIBRATED_ENVELOPE
B5_EXACT_SELECTED_DIAGNOSTIC,1,16,exact model-selection paid observations,301,X_BASE,8,3,4,v,0.8523886424800102,0.811356322543115,-0.3179533709351624,1.9406660160213924,EMPIRICAL_CALIBRATED_ENVELOPE
B5_EXACT_SELECTED_DIAGNOSTIC,1,16,exact model-selection paid observations,301,X_BASE,8,3,5,pX,0.0709434421218982,0.08411215407243129,-1.0451975394058461,1.2134218475507086,EMPIRICAL_CALIBRATED_ENVELOPE
B5_EXACT_SELECTED_DIAGNOSTIC,1,16,exact model-selection paid observations,301,X_BASE,8,3,5,v,0.853048957201968,0.8657684597827302,-0.26354123369554716,1.9950781532610076,EMPIRICAL_CALIBRATED_ENVELOPE
B5_EXACT_SELECTED_DIAGNOSTIC,1,16,exact model-selection paid observations,301,X_BASE,8,4,0,pX,0.07565093519146283,0.04033355800700918,-1.0889761354712681,1.1696432514852866,EMPIRICAL_CALIBRATED_ENVELOPE
B5_EXACT_SELECTED_DIAGNOSTIC,1,16,exact model-selection paid observations,301,X_BASE,8,4,0,v,0.8516581864771725,0.8091032377396578,-0.3202064557386196,1.9384129312179352,EMPIRICAL_CALIBRATED_ENVELOPE
B5_EXACT_SELECTED_DIAGNOSTIC,1,16,exact model-selection paid observations,301,X_BASE,8,4,1,pX,0.0754447234189974,0.0789337356333379,-1.0503759578449394,1.2082434291116153,EMPIRICAL_CALIBRATED_ENVELOPE
B5_EXACT_SELECTED_DIAGNOSTIC,1,16,exact model-selection paid observations,301,X_BASE,8,4,1,v,0.8522455712441487,0.779037544923735,-0.35027214855454236,1.9083472384020124,EMPIRICAL_CALIBRATED_ENVELOPE
B5_EXACT_SELECTED_DIAGNOSTIC,1,16,exact model-selection paid observations,301,X_BASE,8,4,2,pX,0.07305166675830053,0.07662572158754026,-1.052683971890737,1.2059354150658177,EMPIRICAL_CALIBRATED_ENVELOPE
B5_EXACT_SELECTED_DIAGNOSTIC,1,16,exact model-selection paid observations,301,X_BASE,8,4,2,v,0.852675094901219,0.9201422982275665,-0.20916739525071082,2.049451991705844,EMPIRICAL_CALIBRATED_ENVELOPE
B5_EXACT_SELECTED_DIAGNOSTIC,1,16,exact model-selection paid observations,301,X_BASE,8,4,3,pX,0.07302918227438217,0.14457776922521443,-0.984731924253063,1.2738874627034917,EMPIRICAL_CALIBRATED_ENVELOPE
B5_EXACT_SELECTED_DIAGNOSTIC,1,16,exact model-selection paid observations,301,X_BASE,8,4,3,v,0.8527792859023189,0.8500160484352102,-0.2792936450430672,1.9793257419134875,EMPIRICAL_CALIBRATED_ENVELOPE
B5_EXACT_SELECTED_DIAGNOSTIC,1,16,exact model-selection paid observations,301,X_BASE,8,4,4,pX,0.07202272446704998,0.10990192242008562,-1.0194077710581917,1.239211615898363,EMPIRICAL_CALIBRATED_ENVELOPE
B5_EXACT_SELECTED_DIAGNOSTIC,1,16,exact model-selection paid observations,301,X_BASE,8,4,4,v,0.8524636389906286,0.8029992245931753,-0.32631046888510207,1.9323089180714526,EMPIRICAL_CALIBRATED_ENVELOPE
B5_EXACT_SELECTED_DIAGNOSTIC,1,16,exact model-selection paid observations,301,X_BASE,8,4,5,pX,0.07210106019845854,0.08794787102895658,-1.0413618224493209,1.2172575645072339,EMPIRICAL_CALIBRATED_ENVELOPE
B5_EXACT_SELECTED_DIAGNOSTIC,1,16,exact model-selection paid observations,301,X_BASE,8,4,5,v,0.8530690949372992,0.8681725505842056,-0.26113714289407175,1.9974822440624829,EMPIRICAL_CALIBRATED_ENVELOPE
B5_EXACT_SELECTED_DIAGNOSTIC,1,16,exact model-selection paid observations,301,X_BASE,8,5,0,pX,0.0771950022450404,0.03744583797738833,-1.091863855500889,1.1667555314556657,EMPIRICAL_CALIBRATED_ENVELOPE
B5_EXACT_SELECTED_DIAGNOSTIC,1,16,exact model-selection paid observations,301,X_BASE,8,5,0,v,0.8522372390476316,0.8055408252470525,-0.32376886823122486,1.9348505187253298,EMPIRICAL_CALIBRATED_ENVELOPE
B5_EXACT_SELECTED_DIAGNOSTIC,1,16,exact model-selection paid observations,301,X_BASE,8,5,1,pX,0.07696556935185286,0.07954058659257117,-1.0497691068857062,1.2088502800708485,EMPIRICAL_CALIBRATED_ENVELOPE
B5_EXACT_SELECTED_DIAGNOSTIC,1,16,exact model-selection paid observations,301,X_BASE,8,5,1,v,0.8527497723937072,0.7732866354822029,-0.3560230579960745,1.9025963289604801,EMPIRICAL_CALIBRATED_ENVELOPE
B5_EXACT_SELECTED_DIAGNOSTIC,1,16,exact model-selection paid observations,301,X_BASE,8,5,2,pX,0.07447198018657165,0.07654466983380857,-1.0527650236444688,1.205854363312086,EMPIRICAL_CALIBRATED_ENVELOPE
B5_EXACT_SELECTED_DIAGNOSTIC,1,16,exact model-selection paid observations,301,X_BASE,8,5,2,v,0.8534581852545134,0.9256799304827693,-0.20362976299550806,2.054989623961047,EMPIRICAL_CALIBRATED_ENVELOPE
B5_EXACT_SELECTED_DIAGNOSTIC,1,16,exact model-selection paid observations,301,X_BASE,8,5,3,pX,0.07443687226251038,0.1507043260847455,-0.9786053673935319,1.2800140195630227,EMPIRICAL_CALIBRATED_ENVELOPE
B5_EXACT_SELECTED_DIAGNOSTIC,1,16,exact model-selection paid observations,301,X_BASE,8,5,3,v,0.8535085215058902,0.8497916639020011,-0.27951802957627625,1.9791013573802785,EMPIRICAL_CALIBRATED_ENVELOPE
B5_EXACT_SELECTED_DIAGNOSTIC,1,16,exact model-selection paid observations,301,X_BASE,8,5,4,pX,0.07330613721341583,0.11274605961144996,-1.0165636338668274,1.2420557530897274,EMPIRICAL_CALIBRATED_ENVELOPE
B5_EXACT_SELECTED_DIAGNOSTIC,1,16,exact model-selection paid observations,301,X_BASE,8,5,4,v,0.8530602042080675,0.7993883911941965,-0.3299213022840809,1.9286980846724737,EMPIRICAL_CALIBRATED_ENVELOPE
B5_EXACT_SELECTED_DIAGNOSTIC,1,16,exact model-selection paid observations,301,X_BASE,8,5,5,pX,0.07336711230547967,0.08960516103304844,-1.039704532445229,1.2189148545113258,EMPIRICAL_CALIBRATED_ENVELOPE
B5_EXACT_SELECTED_DIAGNOSTIC,1,16,exact model-selection paid observations,301,X_BASE,8,5,5,v,0.8536252591715728,0.8692112809439723,-0.2600984125343051,1.9985209744222496,EMPIRICAL_CALIBRATED_ENVELOPE
B5_EXACT_SELECTED_DIAGNOSTIC,1,16,exact model-selection paid observations,301,X_BASE,8,6,0,pX,0.07885086126277152,0.03472847756815503,-1.0945812159101223,1.1640381710464325,EMPIRICAL_CALIBRATED_ENVELOPE
B5_EXACT_SELECTED_DIAGNOSTIC,1,16,exact model-selection paid observations,301,X_BASE,8,6,0,v,0.8531248402300965,0.8021885755242721,-0.3271211179540052,1.9314982690025495,EMPIRICAL_CALIBRATED_ENVELOPE
B5_EXACT_SELECTED_DIAGNOSTIC,1,16,exact model-selection paid observations,301,X_BASE,8,6,1,pX,0.07861082552807803,0.08011163667845582,-1.0491980567998216,1.2094213301567331,EMPIRICAL_CALIBRATED_ENVELOPE
B5_EXACT_SELECTED_DIAGNOSTIC,1,16,exact model-selection paid observations,301,X_BASE,8,6,1,v,0.8535120323905421,0.7678749981097404,-0.361434695368537,1.8971846915880177,EMPIRICAL_CALIBRATED_ENVELOPE
B5_EXACT_SELECTED_DIAGNOSTIC,1,16,exact model-selection paid observations,301,X_BASE,8,6,2,pX,0.07598114135555623,0.07646839968835466,-1.0528412937899227,1.205778093166632,EMPIRICAL_CALIBRATED_ENVELOPE
B5_EXACT_SELECTED_DIAGNOSTIC,1,16,exact model-selection paid observations,301,X_BASE,8,6,2,v,0.8545069062361139,0.9308908728514301,-0.19841882062684724,2.0602005663297076,EMPIRICAL_CALIBRATED_ENVELOPE
B5_EXACT_SELECTED_DIAGNOSTIC,1,16,exact model-selection paid observations,301,X_BASE,8,6,3,pX,0.07595494260744609,0.15646944974086122,-0.9728402437374162,1.2857791432191386,EMPIRICAL_CALIBRATED_ENVELOPE
B5_EXACT_SELECTED_DIAGNOSTIC,1,16,exact model-selection paid observations,301,X_BASE,8,6,3,v,0.8544471702281591,0.849580516823776,-0.27972917665450137,1.9788902103020534,EMPIRICAL_CALIBRATED_ENVELOPE
B5_EXACT_SELECTED_DIAGNOSTIC,1,16,exact model-selection paid observations,301,X_BASE,8,6,4,pX,0.07467430883439471,0.11542240833049677,-1.0138872851477805,1.2447321018087742,EMPIRICAL_CALIBRATED_ENVELOPE
B5_EXACT_SELECTED_DIAGNOSTIC,1,16,exact model-selection paid observations,301,X_BASE,8,6,4,v,0.8539435388169546,0.7959905771325574,-0.33331911634572,1.9253002706108346,EMPIRICAL_CALIBRATED_ENVELOPE
B5_EXACT_SELECTED_DIAGNOSTIC,1,16,exact model-selection paid observations,301,X_BASE,8,6,5,pX,0.07472685864965373,0.09116468002988433,-1.038145013448393,1.2204743735081618,EMPIRICAL_CALIBRATED_ENVELOPE
B5_EXACT_SELECTED_DIAGNOSTIC,1,16,exact model-selection paid observations,301,X_BASE,8,6,5,v,0.8544201834848042,0.8701887319179398,-0.2591209615603376,1.9994984253962171,EMPIRICAL_CALIBRATED_ENVELOPE
B5_EXACT_SELECTED_DIAGNOSTIC,1,16,exact model-selection paid observations,301,X_BASE,8,7,0,pX,0.08052203132709025,0.03280959306364304,-1.0965001004146344,1.1621192865419203,EMPIRICAL_CALIBRATED_ENVELOPE
B5_EXACT_SELECTED_DIAGNOSTIC,1,16,exact model-selection paid observations,301,X_BASE,8,7,0,v,0.854802046465908,0.7998213591526637,-0.32948833432561364,1.929131052630941,EMPIRICAL_CALIBRATED_ENVELOPE
B5_EXACT_SELECTED_DIAGNOSTIC,1,16,exact model-selection paid observations,301,X_BASE,8,7,1,pX,0.08027990483448207,0.08051488799446857,-1.0487948054838088,1.209824581472746,EMPIRICAL_CALIBRATED_ENVELOPE
B5_EXACT_SELECTED_DIAGNOSTIC,1,16,exact model-selection paid observations,301,X_BASE,8,7,1,v,0.8550658468940884,0.7640535296498437,-0.3652561638284336,1.8933632231281212,EMPIRICAL_CALIBRATED_ENVELOPE
B5_EXACT_SELECTED_DIAGNOSTIC,1,16,exact model-selection paid observations,301,X_BASE,8,7,2,pX,0.07750026820747417,0.07641454095111423,-1.052895152527163,1.2057242344293917,EMPIRICAL_CALIBRATED_ENVELOPE
B5_EXACT_SELECTED_DIAGNOSTIC,1,16,exact model-selection paid observations,301,X_BASE,8,7,2,v,0.856296959468402,0.9345706190239113,-0.1947390744543661,2.0638803125021887,EMPIRICAL_CALIBRATED_ENVELOPE
B5_EXACT_SELECTED_DIAGNOSTIC,1,16,exact model-selection paid observations,301,X_BASE,8,7,3,pX,0.07749344338407103,0.16054053520038533,-0.968769158277892,1.2898502286786626,EMPIRICAL_CALIBRATED_ENVELOPE
B5_EXACT_SELECTED_DIAGNOSTIC,1,16,exact model-selection paid observations,301,X_BASE,8,7,3,v,0.8561473719739596,0.8494314137253418,-0.27987827975293555,1.9787411072036192,EMPIRICAL_CALIBRATED_ENVELOPE
B5_EXACT_SELECTED_DIAGNOSTIC,1,16,exact model-selection paid observations,301,X_BASE,8,7,4,pX,0.07606377683398301,0.1173123321213194,-1.011997361356958,1.2466220255995968,EMPIRICAL_CALIBRATED_ENVELOPE
B5_EXACT_SELECTED_DIAGNOSTIC,1,16,exact model-selection paid observations,301,X_BASE,8,7,4,v,0.8556308557626451,0.7935911851601352,-0.3357185083181422,1.9229008786384125,EMPIRICAL_CALIBRATED_ENVELOPE
B5_EXACT_SELECTED_DIAGNOSTIC,1,16,exact model-selection paid observations,301,X_BASE,8,7,5,pX,0.07610947213831536,0.09226594610682877,-1.0370437473714487,1.221575639585106,EMPIRICAL_CALIBRATED_ENVELOPE
B5_EXACT_SELECTED_DIAGNOSTIC,1,16,exact model-selection paid observations,301,X_BASE,8,7,5,v,0.856027546799627,0.8708789662797466,-0.2584307271985308,2.000188659758024,EMPIRICAL_CALIBRATED_ENVELOPE
B5_EXACT_SELECTED_DIAGNOSTIC,1,16,exact model-selection paid observations,301,X_BASE,8,8,0,pX,0.08209092885855519,0.031070803011440135,-1.0982388904668372,1.1603804964897175,EMPIRICAL_CALIBRATED_ENVELOPE
B5_EXACT_SELECTED_DIAGNOSTIC,1,16,exact model-selection paid observations,301,X_BASE,8,8,0,v,0.8565074356984185,0.7976763148476593,-0.33163337863061804,1.9269860083259367,EMPIRICAL_CALIBRATED_ENVELOPE
B5_EXACT_SELECTED_DIAGNOSTIC,1,16,exact model-selection paid observations,301,X_BASE,8,8,1,pX,0.08184628431915612,0.08088029267368295,-1.0484294008045945,1.2101899861519603,EMPIRICAL_CALIBRATED_ENVELOPE
B5_EXACT_SELECTED_DIAGNOSTIC,1,16,exact model-selection paid observations,301,X_BASE,8,8,1,v,0.8566646399726383,0.7605907202273637,-0.36871897325091363,1.8899004137056412,EMPIRICAL_CALIBRATED_ENVELOPE
B5_EXACT_SELECTED_DIAGNOSTIC,1,16,exact model-selection paid observations,301,X_BASE,8,8,2,pX,0.07892017200963691,0.07636573705681124,-1.0529439564214662,1.2056754305350885,EMPIRICAL_CALIBRATED_ENVELOPE
B5_EXACT_SELECTED_DIAGNOSTIC,1,16,exact model-selection paid observations,301,X_BASE,8,8,2,v,0.8580782875835434,0.9379050073231013,-0.19140468615517603,2.0672147008013786,EMPIRICAL_CALIBRATED_ENVELOPE
B5_EXACT_SELECTED_DIAGNOSTIC,1,16,exact model-selection paid observations,301,X_BASE,8,8,3,pX,0.07893554294740461,0.16422953413807206,-0.9650801593402053,1.2935392276163493,EMPIRICAL_CALIBRATED_ENVELOPE
B5_EXACT_SELECTED_DIAGNOSTIC,1,16,exact model-selection paid observations,301,X_BASE,8,8,3,v,0.8578563852031211,0.8492963045076163,-0.2800133889706611,1.9786059979858936,EMPIRICAL_CALIBRATED_ENVELOPE
B5_EXACT_SELECTED_DIAGNOSTIC,1,16,exact model-selection paid observations,301,X_BASE,8,8,4,pX,0.0773694554541462,0.11902487953059643,-1.010284813947681,1.2483345730088737,EMPIRICAL_CALIBRATED_ENVELOPE
B5_EXACT_SELECTED_DIAGNOSTIC,1,16,exact model-selection paid observations,301,X_BASE,8,8,4,v,0.8573449993472104,0.7914169850542021,-0.33789270842407526,1.9207266785324795,EMPIRICAL_CALIBRATED_ENVELOPE
B5_EXACT_SELECTED_DIAGNOSTIC,1,16,exact model-selection paid observations,301,X_BASE,8,8,5,pX,0.07740407305952345,0.09326385426384237,-1.036045839214435,1.2225735477421198,EMPIRICAL_CALIBRATED_ENVELOPE
B5_EXACT_SELECTED_DIAGNOSTIC,1,16,exact model-selection paid observations,301,X_BASE,8,8,5,v,0.8576719431240392,0.8715044195778354,-0.25780527390044194,2.000814113056113,EMPIRICAL_CALIBRATED_ENVELOPE
B5_EXACT_SELECTED_DIAGNOSTIC,1,16,exact model-selection paid observations,301,X_BASE,8,9,0,pX,0.08374808607125968,0.02533498754079297,-1.1039747059374845,1.1546446810190703,EMPIRICAL_CALIBRATED_ENVELOPE
B5_EXACT_SELECTED_DIAGNOSTIC,1,16,exact model-selection paid observations,301,X_BASE,8,9,0,v,0.8588785362491013,0.7906003724161506,-0.3387093210621268,1.919910065894428,EMPIRICAL_CALIBRATED_ENVELOPE
B5_EXACT_SELECTED_DIAGNOSTIC,1,16,exact model-selection paid observations,301,X_BASE,8,9,1,pX,0.08351716033490592,0.08208566753157882,-1.0472240259466985,1.2113953610098562,EMPIRICAL_CALIBRATED_ENVELOPE
B5_EXACT_SELECTED_DIAGNOSTIC,1,16,exact model-selection paid observations,301,X_BASE,8,9,1,v,0.8589205006060912,0.7491678139183469,-0.3801418795599305,1.8784775073966242,EMPIRICAL_CALIBRATED_ENVELOPE
B5_EXACT_SELECTED_DIAGNOSTIC,1,16,exact model-selection paid observations,301,X_BASE,8,9,2,pX,0.08037430221637283,0.07620474572170655,-1.0531049477565708,1.205514439199984,EMPIRICAL_CALIBRATED_ENVELOPE
B5_EXACT_SELECTED_DIAGNOSTIC,1,16,exact model-selection paid observations,301,X_BASE,8,9,2,v,0.8603798328866707,0.9489042857968935,-0.1804054076813839,2.078213979275171,EMPIRICAL_CALIBRATED_ENVELOPE
B5_EXACT_SELECTED_DIAGNOSTIC,1,16,exact model-selection paid observations,301,X_BASE,8,9,3,pX,0.0804511552335025,0.17639858074101153,-0.9529111127372658,1.305708274219289,EMPIRICAL_CALIBRATED_ENVELOPE
B5_EXACT_SELECTED_DIAGNOSTIC,1,16,exact model-selection paid observations,301,X_BASE,8,9,3,v,0.8600520684705424,0.8488506143909316,-0.2804590790873458,1.978160307869209,EMPIRICAL_CALIBRATED_ENVELOPE
B5_EXACT_SELECTED_DIAGNOSTIC,1,16,exact model-selection paid observations,301,X_BASE,8,9,4,pX,0.07871407637492119,0.1246741273577872,-1.0046355661204902,1.2539838208360645,EMPIRICAL_CALIBRATED_ENVELOPE
B5_EXACT_SELECTED_DIAGNOSTIC,1,16,exact model-selection paid observations,301,X_BASE,8,9,4,v,0.8597089366160011,0.784244865229791,-0.3450648282484864,1.9135545587080682,EMPIRICAL_CALIBRATED_ENVELOPE
B5_EXACT_SELECTED_DIAGNOSTIC,1,16,exact model-selection paid observations,301,X_BASE,8,9,5,pX,0.07873767675459974,0.09655569334357024,-1.032754000134707,1.2258653868218476,EMPIRICAL_CALIBRATED_ENVELOPE
B5_EXACT_SELECTED_DIAGNOSTIC,1,16,exact model-selection paid observations,301,X_BASE,8,9,5,v,0.8599479784960076,0.8735676270931991,-0.25574206638507824,2.0028773205714767,EMPIRICAL_CALIBRATED_ENVELOPE
B5_EXACT_SELECTED_DIAGNOSTIC,1,16,exact model-selection paid observations,301,X_BASE,8,10,0,pX,0.08568399951032434,0.020323765217116974,-1.1089859282611605,1.1496334586953942,EMPIRICAL_CALIBRATED_ENVELOPE
B5_EXACT_SELECTED_DIAGNOSTIC,1,16,exact model-selection paid observations,301,X_BASE,8,10,0,v,0.8617343417992457,0.7844183184684105,-0.3448913750098669,1.913728011946688,EMPIRICAL_CALIBRATED_ENVELOPE
B5_EXACT_SELECTED_DIAGNOSTIC,1,16,exact model-selection paid observations,301,X_BASE,8,10,1,pX,0.08546414605684717,0.08313876999402676,-1.0461709234842507,1.212448463472304,EMPIRICAL_CALIBRATED_ENVELOPE
B5_EXACT_SELECTED_DIAGNOSTIC,1,16,exact model-selection paid observations,301,X_BASE,8,10,1,v,0.8616791778006062,0.7391879386259944,-0.39012175485228295,1.8684976321042717,EMPIRICAL_CALIBRATED_ENVELOPE
B5_EXACT_SELECTED_DIAGNOSTIC,1,16,exact model-selection paid observations,301,X_BASE,8,10,2,pX,0.08211595001176399,0.07606409207332412,-1.0532456014049532,1.2053737855516016,EMPIRICAL_CALIBRATED_ENVELOPE
B5_EXACT_SELECTED_DIAGNOSTIC,1,16,exact model-selection paid observations,301,X_BASE,8,10,2,v,0.8630433508785005,0.9585140492410402,-0.17079564423723714,2.0878237427193174,EMPIRICAL_CALIBRATED_ENVELOPE
B5_EXACT_SELECTED_DIAGNOSTIC,1,16,exact model-selection paid observations,301,X_BASE,8,10,3,pX,0.08226927948986938,0.18703033803979074,-0.9422793554384866,1.316340031518068,EMPIRICAL_CALIBRATED_ENVELOPE
B5_EXACT_SELECTED_DIAGNOSTIC,1,16,exact model-selection paid observations,301,X_BASE,8,10,3,v,0.8626262829700155,0.8484612273415048,-0.2808484661367726,1.9777709208197822,EMPIRICAL_CALIBRATED_ENVELOPE
B5_EXACT_SELECTED_DIAGNOSTIC,1,16,exact model-selection paid observations,301,X_BASE,8,10,4,pX,0.08027987430816565,0.12960971794093445,-0.9996999755373429,1.2589194114192117,EMPIRICAL_CALIBRATED_ENVELOPE
B5_EXACT_SELECTED_DIAGNOSTIC,1,16,exact model-selection paid observations,301,X_BASE,8,10,4,v,0.862613704791683,0.7779787837709129,-0.35133090970736447,1.9072884772491903,EMPIRICAL_CALIBRATED_ENVELOPE
B5_EXACT_SELECTED_DIAGNOSTIC,1,16,exact model-selection paid observations,301,X_BASE,8,10,5,pX,0.0802775987696694,0.09943168152113624,-1.0298780119571411,1.2287413749994136,EMPIRICAL_CALIBRATED_ENVELOPE
B5_EXACT_SELECTED_DIAGNOSTIC,1,16,exact model-selection paid observations,301,X_BASE,8,10,5,v,0.862772925245139,0.8753701940712124,-0.25393949940706495,2.00467988754949,EMPIRICAL_CALIBRATED_ENVELOPE
B5_EXACT_SELECTED_DIAGNOSTIC,1,16,exact model-selection paid observations,301,X_BASE,8,11,0,pX,0.08778371708810577,0.016483434047020563,-1.1128262594312568,1.145793127525298,EMPIRICAL_CALIBRATED_ENVELOPE
B5_EXACT_SELECTED_DIAGNOSTIC,1,16,exact model-selection paid observations,301,X_BASE,8,11,0,v,0.8644135655914387,0.7796807249358793,-0.3496289685423981,1.9089904184141566,EMPIRICAL_CALIBRATED_ENVELOPE
B5_EXACT_SELECTED_DIAGNOSTIC,1,16,exact model-selection paid observations,301,X_BASE,8,11,1,pX,0.08757901795017618,0.08394581106118053,-1.0453638824170968,1.213255504539458,EMPIRICAL_CALIBRATED_ENVELOPE
B5_EXACT_SELECTED_DIAGNOSTIC,1,16,exact model-selection paid observations,301,X_BASE,8,11,1,v,0.8643155180972317,0.7315398991491144,-0.39776979432916293,1.8608495926273918,EMPIRICAL_CALIBRATED_ENVELOPE
B5_EXACT_SELECTED_DIAGNOSTIC,1,16,exact model-selection paid observations,301,X_BASE,8,11,2,pX,0.08417643551809913,0.0759563026847913,-1.053353390793486,1.2052659961630687,EMPIRICAL_CALIBRATED_ENVELOPE
B5_EXACT_SELECTED_DIAGNOSTIC,1,16,exact model-selection paid observations,301,X_BASE,8,11,2,v,0.8654023017701958,0.9658784549105811,-0.16343123856769626,2.0951881483888584,EMPIRICAL_CALIBRATED_ENVELOPE
B5_EXACT_SELECTED_DIAGNOSTIC,1,16,exact model-selection paid observations,301,X_BASE,8,11,3,pX,0.08435876295032145,0.19517794481319187,-0.9341317486650855,1.3244876382914692,EMPIRICAL_CALIBRATED_ENVELOPE
B5_EXACT_SELECTED_DIAGNOSTIC,1,16,exact model-selection paid observations,301,X_BASE,8,11,3,v,0.8649885963638451,0.8481628220570134,-0.28114687142126393,1.9774725155352908,EMPIRICAL_CALIBRATED_ENVELOPE
B5_EXACT_SELECTED_DIAGNOSTIC,1,16,exact model-selection paid observations,301,X_BASE,8,11,4,pX,0.08199997760126974,0.13339208901430374,-0.9959176044639736,1.262701782492581,EMPIRICAL_CALIBRATED_ENVELOPE
B5_EXACT_SELECTED_DIAGNOSTIC,1,16,exact model-selection paid observations,301,X_BASE,8,11,4,v,0.865322174367396,0.7731767960747773,-0.35613289740350007,1.9024864895530547,EMPIRICAL_CALIBRATED_ENVELOPE
B5_EXACT_SELECTED_DIAGNOSTIC,1,16,exact model-selection paid observations,301,X_BASE,8,11,5,pX,0.08198724985186596,0.10163568412364567,-1.0276740093546317,1.230945377601923,EMPIRICAL_CALIBRATED_ENVELOPE
B5_EXACT_SELECTED_DIAGNOSTIC,1,16,exact model-selection paid observations,301,X_BASE,8,11,5,v,0.8654342255830474,0.8767515844196601,-0.2525581090586173,2.0060612778979374,EMPIRICAL_CALIBRATED_ENVELOPE
B5_EXACT_SELECTED_DIAGNOSTIC,1,16,exact model-selection paid observations,301,X_BASE,8,12,0,pX,0.08991989773256691,0.01586441753613657,-1.1134452759421407,1.145174111014414,EMPIRICAL_CALIBRATED_ENVELOPE
B5_EXACT_SELECTED_DIAGNOSTIC,1,16,exact model-selection paid observations,301,X_BASE,8,12,0,v,0.8688356821375182,0.7789170802165567,-0.35039261326172066,1.908226773694834,EMPIRICAL_CALIBRATED_ENVELOPE
B5_EXACT_SELECTED_DIAGNOSTIC,1,16,exact model-selection paid observations,301,X_BASE,8,12,1,pX,0.08971838770300426,0.08407589665104308,-1.0452337968272343,1.2133855901293205,EMPIRICAL_CALIBRATED_ENVELOPE
B5_EXACT_SELECTED_DIAGNOSTIC,1,16,exact model-selection paid observations,301,X_BASE,8,12,1,v,0.8687217215922816,0.730307124551719,-0.3990025689265584,1.8596168180299963,EMPIRICAL_CALIBRATED_ENVELOPE
B5_EXACT_SELECTED_DIAGNOSTIC,1,16,exact model-selection paid observations,301,X_BASE,8,12,2,pX,0.08618211247742635,0.07593892829486383,-1.0533707651834134,1.2052486217731413,EMPIRICAL_CALIBRATED_ENVELOPE
B5_EXACT_SELECTED_DIAGNOSTIC,1,16,exact model-selection paid observations,301,X_BASE,8,12,2,v,0.8695368856587767,0.9670655110524552,-0.16224418242582217,2.0963752045307325,EMPIRICAL_CALIBRATED_ENVELOPE
B5_EXACT_SELECTED_DIAGNOSTIC,1,16,exact model-selection paid observations,301,X_BASE,8,12,3,pX,0.08637029165176206,0.19649124382141225,-0.9328184496568651,1.3258009372996895,EMPIRICAL_CALIBRATED_ENVELOPE
B5_EXACT_SELECTED_DIAGNOSTIC,1,16,exact model-selection paid observations,301,X_BASE,8,12,3,v,0.8692012996130162,0.8481147226119776,-0.28119497086629974,1.977424416090255,EMPIRICAL_CALIBRATED_ENVELOPE
B5_EXACT_SELECTED_DIAGNOSTIC,1,16,exact model-selection paid observations,301,X_BASE,8,12,4,pX,0.08374716931672348,0.13400176303485098,-0.9953079304434264,1.2633114565131283,EMPIRICAL_CALIBRATED_ENVELOPE
B5_EXACT_SELECTED_DIAGNOSTIC,1,16,exact model-selection paid observations,301,X_BASE,8,12,4,v,0.8697361992701987,0.7724027717687185,-0.35690692170955884,1.9017124652469959,EMPIRICAL_CALIBRATED_ENVELOPE
B5_EXACT_SELECTED_DIAGNOSTIC,1,16,exact model-selection paid observations,301,X_BASE,8,12,5,pX,0.08372613724207119,0.10199094358970635,-1.027318749888571,1.2313006370679838,EMPIRICAL_CALIBRATED_ENVELOPE
B5_EXACT_SELECTED_DIAGNOSTIC,1,16,exact model-selection paid observations,301,X_BASE,8,12,5,v,0.8698114812326458,0.8769742484024757,-0.25233544507580163,2.006283941880753,EMPIRICAL_CALIBRATED_ENVELOPE
B5_EXACT_SELECTED_DIAGNOSTIC,1,16,exact model-selection paid observations,301,X_BASE,8,13,0,pX,0.09228422768921611,0.008029681765363136,-1.1212800117129142,1.1373393752436405,EMPIRICAL_CALIBRATED_ENVELOPE
B5_EXACT_SELECTED_DIAGNOSTIC,1,16,exact model-selection paid observations,301,X_BASE,8,13,0,v,0.8738244646505018,0.7692518217081933,-0.3600578717700841,1.8985615151864708,EMPIRICAL_CALIBRATED_ENVELOPE
B5_EXACT_SELECTED_DIAGNOSTIC,1,16,exact model-selection paid observations,301,X_BASE,8,13,1,pX,0.09213821458092492,0.0857223571351148,-1.0435873363431625,1.2150320506133923,EMPIRICAL_CALIBRATED_ENVELOPE
B5_EXACT_SELECTED_DIAGNOSTIC,1,16,exact model-selection paid observations,301,X_BASE,8,13,1,v,0.8736876030609484,0.7147042075605017,-0.4146054859177757,1.844013901038779,EMPIRICAL_CALIBRATED_ENVELOPE
B5_EXACT_SELECTED_DIAGNOSTIC,1,16,exact model-selection paid observations,301,X_BASE,8,13,2,pX,0.08830022661809939,0.07571902502594174,-1.0535906684523355,1.2050287185042192,EMPIRICAL_CALIBRATED_ENVELOPE
B5_EXACT_SELECTED_DIAGNOSTIC,1,16,exact model-selection paid observations,301,X_BASE,8,13,2,v,0.8742770767642158,0.9820897810890913,-0.14721991238918608,2.1113994745673685,EMPIRICAL_CALIBRATED_ENVELOPE
B5_EXACT_SELECTED_DIAGNOSTIC,1,16,exact model-selection paid observations,301,X_BASE,8,13,3,pX,0.08849155071781116,0.21311333796027787,-0.9161963555179995,1.3424230314385552,EMPIRICAL_CALIBRATED_ENVELOPE
B5_EXACT_SELECTED_DIAGNOSTIC,1,16,exact model-selection paid observations,301,X_BASE,8,13,3,v,0.8740060848619546,0.8475059400739515,-0.28180375340432584,1.976815633552229,EMPIRICAL_CALIBRATED_ENVELOPE
B5_EXACT_SELECTED_DIAGNOSTIC,1,16,exact model-selection paid observations,301,X_BASE,8,13,4,pX,0.08565703046811292,0.14171825326298967,-0.9875914402152877,1.271027946741267,EMPIRICAL_CALIBRATED_ENVELOPE
B5_EXACT_SELECTED_DIAGNOSTIC,1,16,exact model-selection paid observations,301,X_BASE,8,13,4,v,0.8747009757352409,0.7626061414503015,-0.3667035520279759,1.8919158349285787,EMPIRICAL_CALIBRATED_ENVELOPE
B5_EXACT_SELECTED_DIAGNOSTIC,1,16,exact model-selection paid observations,301,X_BASE,8,13,5,pX,0.08564823623791123,0.10648737300267419,-1.022822320475603,1.2357970664809517,EMPIRICAL_CALIBRATED_ENVELOPE
B5_EXACT_SELECTED_DIAGNOSTIC,1,16,exact model-selection paid observations,301,X_BASE,8,13,5,v,0.8747269458877814,0.8797924502441965,-0.24951724323408087,2.009102143722474,EMPIRICAL_CALIBRATED_ENVELOPE
B5_EXACT_SELECTED_DIAGNOSTIC,1,16,exact model-selection paid observations,301,X_BASE,8,14,0,pX,0.0948048763432194,-0.0019797164631608632,-1.1312894099414383,1.1273299770151164,EMPIRICAL_CALIBRATED_ENVELOPE
B5_EXACT_SELECTED_DIAGNOSTIC,1,16,exact model-selection paid observations,301,X_BASE,8,14,0,v,0.8789388744930592,0.7569038084219342,-0.3724058850563432,1.8862135019002115,EMPIRICAL_CALIBRATED_ENVELOPE
B5_EXACT_SELECTED_DIAGNOSTIC,1,16,exact model-selection paid observations,301,X_BASE,8,14,1,pX,0.09469816753767536,0.08782582037047737,-1.0414838731078,1.2171355138487547,EMPIRICAL_CALIBRATED_ENVELOPE
B5_EXACT_SELECTED_DIAGNOSTIC,1,16,exact model-selection paid observations,301,X_BASE,8,14,1,v,0.8787793466836505,0.6947704389866727,-0.4345392544916047,1.82408013246495,EMPIRICAL_CALIBRATED_ENVELOPE
B5_EXACT_SELECTED_DIAGNOSTIC,1,16,exact model-selection paid observations,301,X_BASE,8,14,2,pX,0.09057910457384417,0.07543808391257244,-1.053871609565705,1.2047477773908497,EMPIRICAL_CALIBRATED_ENVELOPE
B5_EXACT_SELECTED_DIAGNOSTIC,1,16,exact model-selection paid observations,301,X_BASE,8,14,2,v,0.8791623410571698,1.00128428953066,-0.1280254039476174,2.1305939830089375,EMPIRICAL_CALIBRATED_ENVELOPE
B5_EXACT_SELECTED_DIAGNOSTIC,1,16,exact model-selection paid observations,301,X_BASE,8,14,3,pX,0.09076170968748996,0.2343491734109857,-0.8949605200672917,1.363658866889263,EMPIRICAL_CALIBRATED_ENVELOPE
B5_EXACT_SELECTED_DIAGNOSTIC,1,16,exact model-selection paid observations,301,X_BASE,8,14,3,v,0.8789193634077057,0.8467281797210874,-0.28258151375719,1.9760378731993646,EMPIRICAL_CALIBRATED_ENVELOPE
B5_EXACT_SELECTED_DIAGNOSTIC,1,16,exact model-selection paid observations,301,X_BASE,8,14,4,pX,0.08770443334475968,0.15157658491318768,-0.9777331085650897,1.280886278391465,EMPIRICAL_CALIBRATED_ENVELOPE
B5_EXACT_SELECTED_DIAGNOSTIC,1,16,exact model-selection paid observations,301,X_BASE,8,14,4,v,0.8797888742728571,0.7500902919023866,-0.37921940157589074,1.879399985380664,EMPIRICAL_CALIBRATED_ENVELOPE
B5_EXACT_SELECTED_DIAGNOSTIC,1,16,exact model-selection paid observations,301,X_BASE,8,14,5,pX,0.08769755669094505,0.11223186189389307,-1.0170778315843843,1.2415415553721705,EMPIRICAL_CALIBRATED_ENVELOPE
B5_EXACT_SELECTED_DIAGNOSTIC,1,16,exact model-selection paid observations,301,X_BASE,8,14,5,v,0.8797583669632962,0.8833928913244653,-0.24591680215381206,2.0127025848027427,EMPIRICAL_CALIBRATED_ENVELOPE
B5_EXACT_SELECTED_DIAGNOSTIC,1,16,exact model-selection paid observations,301,X_BASE,8,15,0,pX,0.09745079151617438,-0.010002791718651774,-1.1393124851969292,1.1193069017596255,EMPIRICAL_CALIBRATED_ENVELOPE
B5_EXACT_SELECTED_DIAGNOSTIC,1,16,exact model-selection paid observations,301,X_BASE,8,15,0,v,0.8836121687634533,0.7470062064293249,-0.38230348704895245,1.8763158999076022,EMPIRICAL_CALIBRATED_ENVELOPE
B5_EXACT_SELECTED_DIAGNOSTIC,1,16,exact model-selection paid observations,301,X_BASE,8,15,1,pX,0.09738132188381234,0.0895118601751861,-1.0397978333030913,1.2188215536534635,EMPIRICAL_CALIBRATED_ENVELOPE
B5_EXACT_SELECTED_DIAGNOSTIC,1,16,exact model-selection paid observations,301,X_BASE,8,15,1,v,0.8833964599915775,0.6787924429331624,-0.45051725054511493,1.8081021364114398,EMPIRICAL_CALIBRATED_ENVELOPE
B5_EXACT_SELECTED_DIAGNOSTIC,1,16,exact model-selection paid observations,301,X_BASE,8,15,2,pX,0.09294301387235826,0.0752128943813476,-1.0540967990969299,1.2045225878596248,EMPIRICAL_CALIBRATED_ENVELOPE
B5_EXACT_SELECTED_DIAGNOSTIC,1,16,exact model-selection paid observations,301,X_BASE,8,15,2,v,0.883662414988463,1.016669728515394,-0.11263996496288331,2.1459794219936716,EMPIRICAL_CALIBRATED_ENVELOPE
B5_EXACT_SELECTED_DIAGNOSTIC,1,16,exact model-selection paid observations,301,X_BASE,8,15,3,pX,0.09311075600435903,0.25137084664691767,-0.8779388468313597,1.3806805401251951,EMPIRICAL_CALIBRATED_ENVELOPE
B5_EXACT_SELECTED_DIAGNOSTIC,1,16,exact model-selection paid observations,301,X_BASE,8,15,3,v,0.8833969096003227,0.8461047626385314,-0.28320493083974596,1.9754144561168088,EMPIRICAL_CALIBRATED_ENVELOPE
B5_EXACT_SELECTED_DIAGNOSTIC,1,16,exact model-selection paid observations,301,X_BASE,8,15,4,pX,0.08987303025938655,0.15947857211734642,-0.969831121360931,1.2887882655956238,EMPIRICAL_CALIBRATED_ENVELOPE
B5_EXACT_SELECTED_DIAGNOSTIC,1,16,exact model-selection paid observations,301,X_BASE,8,15,4,v,0.8844554923236767,0.7400581600482292,-0.38925153343004815,1.8693678535265066,EMPIRICAL_CALIBRATED_ENVELOPE
B5_EXACT_SELECTED_DIAGNOSTIC,1,16,exact model-selection paid observations,301,X_BASE,8,15,5,pX,0.08990224382229835,0.11683638112934935,-1.012473312348928,1.2461460746076267,EMPIRICAL_CALIBRATED_ENVELOPE
B5_EXACT_SELECTED_DIAGNOSTIC,1,16,exact model-selection paid observations,301,X_BASE,8,15,5,v,0.884347960761845,0.886278840017928,-0.24303085346034936,2.0155885334962056,EMPIRICAL_CALIBRATED_ENVELOPE
B5_EXACT_SELECTED_DIAGNOSTIC,1,16,exact model-selection paid observations,301,X_BASE,8,16,0,pX,0.10001740210497508,-0.01361942378812168,-1.1429291172663991,1.1156902696901556,EMPIRICAL_CALIBRATED_ENVELOPE
B5_EXACT_SELECTED_DIAGNOSTIC,1,16,exact model-selection paid observations,301,X_BASE,8,16,0,v,0.8878007125183736,0.7425445774856327,-0.3867651159926446,1.87185427096391,EMPIRICAL_CALIBRATED_ENVELOPE
B5_EXACT_SELECTED_DIAGNOSTIC,1,16,exact model-selection paid observations,301,X_BASE,8,16,1,pX,0.0999659939985917,0.0902718911401131,-1.0390378023381643,1.2195815846183904,EMPIRICAL_CALIBRATED_ENVELOPE
B5_EXACT_SELECTED_DIAGNOSTIC,1,16,exact model-selection paid observations,301,X_BASE,8,16,1,v,0.8875002930762721,0.6715899013773616,-0.45771979210091573,1.800899594855639,EMPIRICAL_CALIBRATED_ENVELOPE
B5_EXACT_SELECTED_DIAGNOSTIC,1,16,exact model-selection paid observations,301,X_BASE,8,16,2,pX,0.09527117361856509,0.0751113837193631,-1.0541983097589143,1.2044210771976405,EMPIRICAL_CALIBRATED_ENVELOPE
B5_EXACT_SELECTED_DIAGNOSTIC,1,16,exact model-selection paid observations,301,X_BASE,8,16,2,v,0.8877358431905799,1.0236051579190981,-0.10570453555917925,2.1529148513973757,EMPIRICAL_CALIBRATED_ENVELOPE
B5_EXACT_SELECTED_DIAGNOSTIC,1,16,exact model-selection paid observations,301,X_BASE,8,16,3,pX,0.0953963880857829,0.25904385572893746,-0.87026583774934,1.3883535492072148,EMPIRICAL_CALIBRATED_ENVELOPE
B5_EXACT_SELECTED_DIAGNOSTIC,1,16,exact model-selection paid observations,301,X_BASE,8,16,3,v,0.8874120592206055,0.8458237394470957,-0.2834859540311817,1.975133432925373,EMPIRICAL_CALIBRATED_ENVELOPE
B5_EXACT_SELECTED_DIAGNOSTIC,1,16,exact model-selection paid observations,301,X_BASE,8,16,4,pX,0.0919720107275883,0.1630406202628556,-0.9662690732154218,1.292350313741133,EMPIRICAL_CALIBRATED_ENVELOPE
B5_EXACT_SELECTED_DIAGNOSTIC,1,16,exact model-selection paid observations,301,X_BASE,8,16,4,v,0.888644126942365,0.735535887897776,-0.39377380558050135,1.8648455813760534,EMPIRICAL_CALIBRATED_ENVELOPE
B5_EXACT_SELECTED_DIAGNOSTIC,1,16,exact model-selection paid observations,301,X_BASE,8,16,5,pX,0.09202906494357255,0.11891200068932357,-1.0103976927889537,1.248221694167601,EMPIRICAL_CALIBRATED_ENVELOPE
B5_EXACT_SELECTED_DIAGNOSTIC,1,16,exact model-selection paid observations,301,X_BASE,8,16,5,v,0.8884369803046621,0.8875797644469341,-0.24172992903134327,2.0168894579252115,EMPIRICAL_CALIBRATED_ENVELOPE
B5_EXACT_SELECTED_DIAGNOSTIC,1,64,exact model-selection paid observations,301,X_BASE,8,1,0,pX,0.07149078128656743,0.07230963493415954,-0.8099393801057465,0.9545586499740656,EMPIRICAL_CALIBRATED_ENVELOPE
B5_EXACT_SELECTED_DIAGNOSTIC,1,64,exact model-selection paid observations,301,X_BASE,8,1,0,v,0.8501832585897245,0.8275058036011892,-0.054743211438716854,1.7097548186410951,EMPIRICAL_CALIBRATED_ENVELOPE
B5_EXACT_SELECTED_DIAGNOSTIC,1,64,exact model-selection paid observations,301,X_BASE,8,1,1,pX,0.07133630361975751,0.07942234439499192,-0.8028266706449141,0.961671359434898,EMPIRICAL_CALIBRATED_ENVELOPE
B5_EXACT_SELECTED_DIAGNOSTIC,1,64,exact model-selection paid observations,301,X_BASE,8,1,1,v,0.8509066403078489,0.8618288390006705,-0.020420176039235516,1.7440778540405766,EMPIRICAL_CALIBRATED_ENVELOPE
B5_EXACT_SELECTED_DIAGNOSTIC,1,64,exact model-selection paid observations,301,X_BASE,8,1,2,pX,0.06916128353492422,0.06452189393146379,-0.8177271211084423,0.9467709089713698,EMPIRICAL_CALIBRATED_ENVELOPE
B5_EXACT_SELECTED_DIAGNOSTIC,1,64,exact model-selection paid observations,301,X_BASE,8,1,2,v,0.8507245662239342,0.8374417570646193,-0.04480725797528673,1.7196907721045254,EMPIRICAL_CALIBRATED_ENVELOPE
B5_EXACT_SELECTED_DIAGNOSTIC,1,64,exact model-selection paid observations,301,X_BASE,8,1,3,pX,0.06921558841864,0.057727096307692606,-0.8245219187322135,0.9399761113475986,EMPIRICAL_CALIBRATED_ENVELOPE
B5_EXACT_SELECTED_DIAGNOSTIC,1,64,exact model-selection paid observations,301,X_BASE,8,1,3,v,0.8508711528688535,0.8494338045514175,-0.032815210488488566,1.7316828195913234,EMPIRICAL_CALIBRATED_ENVELOPE
B5_EXACT_SELECTED_DIAGNOSTIC,1,64,exact model-selection paid observations,301,X_BASE,8,1,4,pX,0.0685528331064338,0.05330512701092805,-0.828943888028978,0.9355541420508341,EMPIRICAL_CALIBRATED_ENVELOPE
B5_EXACT_SELECTED_DIAGNOSTIC,1,64,exact model-selection paid observations,301,X_BASE,8,1,4,v,0.8508035346206148,0.8779373045896766,-0.004311710450229489,1.7601863196295826,EMPIRICAL_CALIBRATED_ENVELOPE
B5_EXACT_SELECTED_DIAGNOSTIC,1,64,exact model-selection paid observations,301,X_BASE,8,1,5,pX,0.06866643063263451,0.07500315739976533,-0.8072458576401407,0.9572521724396714,EMPIRICAL_CALIBRATED_ENVELOPE
B5_EXACT_SELECTED_DIAGNOSTIC,1,64,exact model-selection paid observations,301,X_BASE,8,1,5,v,0.8514935404343136,0.8608476712305636,-0.021401343809342444,1.7430966862704698,EMPIRICAL_CALIBRATED_ENVELOPE
B5_EXACT_SELECTED_DIAGNOSTIC,1,64,exact model-selection paid observations,301,X_BASE,8,2,0,pX,0.0728620242871919,0.07140701941465347,-0.8108419956252526,0.9536560344545595,EMPIRICAL_CALIBRATED_ENVELOPE
B5_EXACT_SELECTED_DIAGNOSTIC,1,64,exact model-selection paid observations,301,X_BASE,8,2,0,v,0.8512382987016269,0.8362656534703773,-0.04598336156952876,1.7185146685102834,EMPIRICAL_CALIBRATED_ENVELOPE
B5_EXACT_SELECTED_DIAGNOSTIC,1,64,exact model-selection paid observations,301,X_BASE,8,2,1,pX,0.07267568663440792,0.07360696585162695,-0.8086420491882791,0.955855980891533,EMPIRICAL_CALIBRATED_ENVELOPE
B5_EXACT_SELECTED_DIAGNOSTIC,1,64,exact model-selection paid observations,301,X_BASE,8,2,1,v,0.8519446271205244,0.8596692011456912,-0.022579813894214817,1.7419182161855973,EMPIRICAL_CALIBRATED_ENVELOPE
B5_EXACT_SELECTED_DIAGNOSTIC,1,64,exact model-selection paid observations,301,X_BASE,8,2,2,pX,0.07043542855657119,0.06365609338227556,-0.8185929216576305,0.9459051084221816,EMPIRICAL_CALIBRATED_ENVELOPE
B5_EXACT_SELECTED_DIAGNOSTIC,1,64,exact model-selection paid observations,301,X_BASE,8,2,2,v,0.8519117151406854,0.837742375858865,-0.04450663918104103,1.719991390898771,EMPIRICAL_CALIBRATED_ENVELOPE
B5_EXACT_SELECTED_DIAGNOSTIC,1,64,exact model-selection paid observations,301,X_BASE,8,2,3,pX,0.07044898065962556,0.060310661699772755,-0.8219383533401333,0.9425596767396788,EMPIRICAL_CALIBRATED_ENVELOPE
B5_EXACT_SELECTED_DIAGNOSTIC,1,64,exact model-selection paid observations,301,X_BASE,8,2,3,v,0.8520828531676289,0.8520769090860874,-0.030172105953818695,1.7343259241259934,EMPIRICAL_CALIBRATED_ENVELOPE
B5_EXACT_SELECTED_DIAGNOSTIC,1,64,exact model-selection paid observations,301,X_BASE,8,2,4,pX,0.06969547142204383,0.057057963044687715,-0.8251910519952184,0.9393069780845937,EMPIRICAL_CALIBRATED_ENVELOPE
B5_EXACT_SELECTED_DIAGNOSTIC,1,64,exact model-selection paid observations,301,X_BASE,8,2,4,v,0.8519272336644579,0.8706882156173286,-0.011560799422577483,1.7529372306572346,EMPIRICAL_CALIBRATED_ENVELOPE
B5_EXACT_SELECTED_DIAGNOSTIC,1,64,exact model-selection paid observations,301,X_BASE,8,2,5,pX,0.06978593601534937,0.07423340796709003,-0.8080156070728161,0.956482423006996,EMPIRICAL_CALIBRATED_ENVELOPE
B5_EXACT_SELECTED_DIAGNOSTIC,1,64,exact model-selection paid observations,301,X_BASE,8,2,5,v,0.8526308819483777,0.8611013240055907,-0.021147691034315352,1.7433503390454967,EMPIRICAL_CALIBRATED_ENVELOPE
B5_EXACT_SELECTED_DIAGNOSTIC,1,64,exact model-selection paid observations,301,X_BASE,8,3,0,pX,0.07427425532790484,0.07055489597368764,-0.8116941190662184,0.9528039110135937,EMPIRICAL_CALIBRATED_ENVELOPE
B5_EXACT_SELECTED_DIAGNOSTIC,1,64,exact model-selection paid observations,301,X_BASE,8,3,0,v,0.8516594501005786,0.8445354796051651,-0.037713535434740986,1.726784494645071,EMPIRICAL_CALIBRATED_ENVELOPE
B5_EXACT_SELECTED_DIAGNOSTIC,1,64,exact model-selection paid observations,301,X_BASE,8,3,1,pX,0.0740748886809665,0.06811689807880318,-0.8141321169611029,0.9503659131187092,EMPIRICAL_CALIBRATED_ENVELOPE
B5_EXACT_SELECTED_DIAGNOSTIC,1,64,exact model-selection paid observations,301,X_BASE,8,3,1,v,0.8523126980315185,0.8576303728733476,-0.024618642166558402,1.7398793879132537,EMPIRICAL_CALIBRATED_ENVELOPE
B5_EXACT_SELECTED_DIAGNOSTIC,1,64,exact model-selection paid observations,301,X_BASE,8,3,2,pX,0.07173357546895684,0.0628387254917167,-0.8194102895481894,0.9450877405316227,EMPIRICAL_CALIBRATED_ENVELOPE
B5_EXACT_SELECTED_DIAGNOSTIC,1,64,exact model-selection paid observations,301,X_BASE,8,3,2,v,0.8524973243513558,0.8380261781155688,-0.04422283692433726,1.7202751931554747,EMPIRICAL_CALIBRATED_ENVELOPE
B5_EXACT_SELECTED_DIAGNOSTIC,1,64,exact model-selection paid observations,301,X_BASE,8,3,3,pX,0.07172068923207583,0.06274970311251539,-0.8194993119273907,0.9449987181524214,EMPIRICAL_CALIBRATED_ENVELOPE
B5_EXACT_SELECTED_DIAGNOSTIC,1,64,exact model-selection paid observations,301,X_BASE,8,3,3,v,0.8526480013591861,0.8545721590371935,-0.027676856002712524,1.7368211740770996,EMPIRICAL_CALIBRATED_ENVELOPE
B5_EXACT_SELECTED_DIAGNOSTIC,1,64,exact model-selection paid observations,301,X_BASE,8,3,4,pX,0.07086278523495594,0.06060086640205262,-0.8216481486378534,0.9428498814419587,EMPIRICAL_CALIBRATED_ENVELOPE
B5_EXACT_SELECTED_DIAGNOSTIC,1,64,exact model-selection paid observations,301,X_BASE,8,3,4,v,0.8523886424800102,0.8638446388058365,-0.01840437623406954,1.7460936538457426,EMPIRICAL_CALIBRATED_ENVELOPE
B5_EXACT_SELECTED_DIAGNOSTIC,1,64,exact model-selection paid observations,301,X_BASE,8,3,5,pX,0.0709434421218982,0.07350671811844696,-0.808742296921459,0.955755733158353,EMPIRICAL_CALIBRATED_ENVELOPE
B5_EXACT_SELECTED_DIAGNOSTIC,1,64,exact model-selection paid observations,301,X_BASE,8,3,5,v,0.853048957201968,0.8613407875100347,-0.020908227529871315,1.7435898025499408,EMPIRICAL_CALIBRATED_ENVELOPE
B5_EXACT_SELECTED_DIAGNOSTIC,1,64,exact model-selection paid observations,301,X_BASE,8,4,0,pX,0.07565093519146283,0.06873710412781663,-0.8135119109120894,0.9509861191677227,EMPIRICAL_CALIBRATED_ENVELOPE
B5_EXACT_SELECTED_DIAGNOSTIC,1,64,exact model-selection paid observations,301,X_BASE,8,4,0,v,0.8516581864771725,0.8621770815044741,-0.020071933535431907,1.7444260965443803,EMPIRICAL_CALIBRATED_ENVELOPE
B5_EXACT_SELECTED_DIAGNOSTIC,1,64,exact model-selection paid observations,301,X_BASE,8,4,1,pX,0.0754447234189974,0.05640521412441394,-0.8258438009154921,0.93865422916432,EMPIRICAL_CALIBRATED_ENVELOPE
B5_EXACT_SELECTED_DIAGNOSTIC,1,64,exact model-selection paid observations,301,X_BASE,8,4,1,v,0.8522455712441487,0.8532810436207727,-0.02896797141913332,1.7355300586606788,EMPIRICAL_CALIBRATED_ENVELOPE
B5_EXACT_SELECTED_DIAGNOSTIC,1,64,exact model-selection paid observations,301,X_BASE,8,4,2,pX,0.07305166675830053,0.06109507590398717,-0.8211539391359188,0.9433440909438933,EMPIRICAL_CALIBRATED_ENVELOPE
B5_EXACT_SELECTED_DIAGNOSTIC,1,64,exact model-selection paid observations,301,X_BASE,8,4,2,v,0.852675094901219,0.8386315991182949,-0.04361741592161117,1.720880614158201,EMPIRICAL_CALIBRATED_ENVELOPE
B5_EXACT_SELECTED_DIAGNOSTIC,1,64,exact model-selection paid observations,301,X_BASE,8,4,3,pX,0.07302918227438217,0.06795278681926101,-0.8142962282206451,0.950201801859167,EMPIRICAL_CALIBRATED_ENVELOPE
B5_EXACT_SELECTED_DIAGNOSTIC,1,64,exact model-selection paid observations,301,X_BASE,8,4,3,v,0.8527792859023189,0.8598951495764395,-0.022353865463466516,1.7421441646163456,EMPIRICAL_CALIBRATED_ENVELOPE
B5_EXACT_SELECTED_DIAGNOSTIC,1,64,exact model-selection paid observations,301,X_BASE,8,4,4,pX,0.07202272446704998,0.06815876297444061,-0.8140902520654655,0.9504077780143466,EMPIRICAL_CALIBRATED_ENVELOPE
B5_EXACT_SELECTED_DIAGNOSTIC,1,64,exact model-selection paid observations,301,X_BASE,8,4,4,v,0.8524636389906286,0.8492455824643961,-0.03300343257550997,1.7314945975043021,EMPIRICAL_CALIBRATED_ENVELOPE
B5_EXACT_SELECTED_DIAGNOSTIC,1,64,exact model-selection paid observations,301,X_BASE,8,4,5,pX,0.07210106019845854,0.07195650741206923,-0.8102925076278368,0.9542055224519753,EMPIRICAL_CALIBRATED_ENVELOPE
B5_EXACT_SELECTED_DIAGNOSTIC,1,64,exact model-selection paid observations,301,X_BASE,8,4,5,v,0.8530690949372992,0.8618516228947167,-0.02039739214518932,1.7441006379346229,EMPIRICAL_CALIBRATED_ENVELOPE
B5_EXACT_SELECTED_DIAGNOSTIC,1,64,exact model-selection paid observations,301,X_BASE,8,5,0,pX,0.0771950022450404,0.06672885831756514,-0.8155201567223409,0.9489778733574712,EMPIRICAL_CALIBRATED_ENVELOPE
B5_EXACT_SELECTED_DIAGNOSTIC,1,64,exact model-selection paid observations,301,X_BASE,8,5,0,v,0.8522372390476316,0.8816670320072698,-0.0005819830326362352,1.763916047047176,EMPIRICAL_CALIBRATED_ENVELOPE
B5_EXACT_SELECTED_DIAGNOSTIC,1,64,exact model-selection paid observations,301,X_BASE,8,5,1,pX,0.07696556935185286,0.043466471833422005,-0.838782543206484,0.925715486873328,EMPIRICAL_CALIBRATED_ENVELOPE
B5_EXACT_SELECTED_DIAGNOSTIC,1,64,exact model-selection paid observations,301,X_BASE,8,5,1,v,0.8527497723937072,0.8484760257807338,-0.03377298925917227,1.7307250408206398,EMPIRICAL_CALIBRATED_ENVELOPE
B5_EXACT_SELECTED_DIAGNOSTIC,1,64,exact model-selection paid observations,301,X_BASE,8,5,2,pX,0.07447198018657165,0.05916874039584948,-0.8230802746440565,0.9414177554357556,EMPIRICAL_CALIBRATED_ENVELOPE
B5_EXACT_SELECTED_DIAGNOSTIC,1,64,exact model-selection paid observations,301,X_BASE,8,5,2,v,0.8534581852545134,0.8393004513826091,-0.042948563657296934,1.7215494664225153,EMPIRICAL_CALIBRATED_ENVELOPE
B5_EXACT_SELECTED_DIAGNOSTIC,1,64,exact model-selection paid observations,301,X_BASE,8,5,3,pX,0.07443687226251038,0.07370100880528979,-0.8085480062346162,0.9559500238451959,EMPIRICAL_CALIBRATED_ENVELOPE
B5_EXACT_SELECTED_DIAGNOSTIC,1,64,exact model-selection paid observations,301,X_BASE,8,5,3,v,0.8535085215058902,0.8657758412919022,-0.016473173748003833,1.7480248563318082,EMPIRICAL_CALIBRATED_ENVELOPE
B5_EXACT_SELECTED_DIAGNOSTIC,1,64,exact model-selection paid observations,301,X_BASE,8,5,4,pX,0.07330613721341583,0.07650851663863935,-0.8057404984012667,0.9587575316785454,EMPIRICAL_CALIBRATED_ENVELOPE
B5_EXACT_SELECTED_DIAGNOSTIC,1,64,exact model-selection paid observations,301,X_BASE,8,5,4,v,0.8530602042080675,0.8331169515664647,-0.049132063473441345,1.7153659666063708,EMPIRICAL_CALIBRATED_ENVELOPE
B5_EXACT_SELECTED_DIAGNOSTIC,1,64,exact model-selection paid observations,301,X_BASE,8,5,5,pX,0.07336711230547967,0.07024387779324821,-0.8120051372466578,0.9524928928331543,EMPIRICAL_CALIBRATED_ENVELOPE
B5_EXACT_SELECTED_DIAGNOSTIC,1,64,exact model-selection paid observations,301,X_BASE,8,5,5,v,0.8536252591715728,0.8624159796021945,-0.019833035437711533,1.7446649946421005,EMPIRICAL_CALIBRATED_ENVELOPE
B5_EXACT_SELECTED_DIAGNOSTIC,1,64,exact model-selection paid observations,301,X_BASE,8,6,0,pX,0.07885086126277152,0.06479702543871628,-0.8174519896011898,0.9470460404786223,EMPIRICAL_CALIBRATED_ENVELOPE
B5_EXACT_SELECTED_DIAGNOSTIC,1,64,exact model-selection paid observations,301,X_BASE,8,6,0,v,0.8531248402300965,0.900415397867783,0.01816638282787697,1.782664412907689,EMPIRICAL_CALIBRATED_ENVELOPE
B5_EXACT_SELECTED_DIAGNOSTIC,1,64,exact model-selection paid observations,301,X_BASE,8,6,1,pX,0.07861082552807803,0.031020043392692268,-0.8512289716472138,0.9132690584325983,EMPIRICAL_CALIBRATED_ENVELOPE
B5_EXACT_SELECTED_DIAGNOSTIC,1,64,exact model-selection paid observations,301,X_BASE,8,6,1,v,0.8535120323905421,0.8438538369035264,-0.038395178136379604,1.7261028519434325,EMPIRICAL_CALIBRATED_ENVELOPE
B5_EXACT_SELECTED_DIAGNOSTIC,1,64,exact model-selection paid observations,301,X_BASE,8,6,2,pX,0.07598114135555623,0.05731570116563272,-0.8249333138742734,0.9395647162055387,EMPIRICAL_CALIBRATED_ENVELOPE
B5_EXACT_SELECTED_DIAGNOSTIC,1,64,exact model-selection paid observations,301,X_BASE,8,6,2,v,0.8545069062361139,0.8399438540919284,-0.04230516094797765,1.7221928691318344,EMPIRICAL_CALIBRATED_ENVELOPE
B5_EXACT_SELECTED_DIAGNOSTIC,1,64,exact model-selection paid observations,301,X_BASE,8,6,3,pX,0.07595494260744609,0.0792305132966457,-0.8030185017432604,0.9614795283365517,EMPIRICAL_CALIBRATED_ENVELOPE
B5_EXACT_SELECTED_DIAGNOSTIC,1,64,exact model-selection paid observations,301,X_BASE,8,6,3,v,0.8544471702281591,0.8714327750936872,-0.01081623994621883,1.7536817901335933,EMPIRICAL_CALIBRATED_ENVELOPE
B5_EXACT_SELECTED_DIAGNOSTIC,1,64,exact model-selection paid observations,301,X_BASE,8,6,4,pX,0.07467430883439471,0.08454056559223232,-0.7977084494476737,0.9667895806321384,EMPIRICAL_CALIBRATED_ENVELOPE
B5_EXACT_SELECTED_DIAGNOSTIC,1,64,exact model-selection paid observations,301,X_BASE,8,6,4,v,0.8539435388169546,0.8176020084751408,-0.0646470065647653,1.6998510235150468,EMPIRICAL_CALIBRATED_ENVELOPE
B5_EXACT_SELECTED_DIAGNOSTIC,1,64,exact model-selection paid observations,301,X_BASE,8,6,5,pX,0.07472685864965373,0.06859641303069779,-0.8136526020092083,0.9508454280706038,EMPIRICAL_CALIBRATED_ENVELOPE
B5_EXACT_SELECTED_DIAGNOSTIC,1,64,exact model-selection paid observations,301,X_BASE,8,6,5,v,0.8544201834848042,0.8629588627678603,-0.01929015227204578,1.7452078778077662,EMPIRICAL_CALIBRATED_ENVELOPE
B5_EXACT_SELECTED_DIAGNOSTIC,1,64,exact model-selection paid observations,301,X_BASE,8,7,0,pX,0.08052203132709025,0.0626823722237967,-0.8195666428161094,0.9449313872637027,EMPIRICAL_CALIBRATED_ENVELOPE
B5_EXACT_SELECTED_DIAGNOSTIC,1,64,exact model-selection paid observations,301,X_BASE,8,7,0,v,0.854802046465908,0.9209380282544487,0.038689013214542656,1.8031870432943546,EMPIRICAL_CALIBRATED_ENVELOPE
B5_EXACT_SELECTED_DIAGNOSTIC,1,64,exact model-selection paid observations,301,X_BASE,8,7,1,pX,0.08027990483448207,0.017395738617354002,-0.864853276422552,0.89964475365726,EMPIRICAL_CALIBRATED_ENVELOPE
B5_EXACT_SELECTED_DIAGNOSTIC,1,64,exact model-selection paid observations,301,X_BASE,8,7,1,v,0.8550658468940884,0.8387942239959253,-0.043454791043980756,1.7210432390358315,EMPIRICAL_CALIBRATED_ENVELOPE
B5_EXACT_SELECTED_DIAGNOSTIC,1,64,exact model-selection paid observations,301,X_BASE,8,7,2,pX,0.07750026820747417,0.0552872982905947,-0.8269617167493113,0.9375363133305008,EMPIRICAL_CALIBRATED_ENVELOPE
B5_EXACT_SELECTED_DIAGNOSTIC,1,64,exact model-selection paid observations,301,X_BASE,8,7,2,v,0.856296959468402,0.840648145660131,-0.04160086937977503,1.722897160700037,EMPIRICAL_CALIBRATED_ENVELOPE
B5_EXACT_SELECTED_DIAGNOSTIC,1,64,exact model-selection paid observations,301,X_BASE,8,7,3,pX,0.07749344338407103,0.08528330625693831,-0.7969657087829678,0.9675323212968443,EMPIRICAL_CALIBRATED_ENVELOPE
B5_EXACT_SELECTED_DIAGNOSTIC,1,64,exact model-selection paid observations,301,X_BASE,8,7,3,v,0.8561473719739596,0.8776250567250363,-0.004623958314869725,1.7598740717649424,EMPIRICAL_CALIBRATED_ENVELOPE
B5_EXACT_SELECTED_DIAGNOSTIC,1,64,exact model-selection paid observations,301,X_BASE,8,7,4,pX,0.07606377683398301,0.09333273303490884,-0.7889162820049972,0.9755817480748149,EMPIRICAL_CALIBRATED_ENVELOPE
B5_EXACT_SELECTED_DIAGNOSTIC,1,64,exact model-selection paid observations,301,X_BASE,8,7,4,v,0.8556308557626451,0.8006187980501723,-0.08163021698973372,1.6828678130900783,EMPIRICAL_CALIBRATED_ENVELOPE
B5_EXACT_SELECTED_DIAGNOSTIC,1,64,exact model-selection paid observations,301,X_BASE,8,7,5,pX,0.07610947213831536,0.06679303930477283,-0.8154559757351332,0.9490420543446789,EMPIRICAL_CALIBRATED_ENVELOPE
B5_EXACT_SELECTED_DIAGNOSTIC,1,64,exact model-selection paid observations,301,X_BASE,8,7,5,v,0.856027546799627,0.8635531220561093,-0.018695892983796703,1.7458021370960153,EMPIRICAL_CALIBRATED_ENVELOPE
B5_EXACT_SELECTED_DIAGNOSTIC,1,64,exact model-selection paid observations,301,X_BASE,8,8,0,pX,0.08209092885855519,0.06076596533266399,-0.8214830497072421,0.94301498037257,EMPIRICAL_CALIBRATED_ENVELOPE
B5_EXACT_SELECTED_DIAGNOSTIC,1,64,exact model-selection paid observations,301,X_BASE,8,8,0,v,0.8565074356984185,0.9395366854809342,0.057287670441028116,1.8217857005208402,EMPIRICAL_CALIBRATED_ENVELOPE
B5_EXACT_SELECTED_DIAGNOSTIC,1,64,exact model-selection paid observations,301,X_BASE,8,8,1,pX,0.08184628431915612,0.005048696854601871,-0.8772003181853042,0.8872977118945079,EMPIRICAL_CALIBRATED_ENVELOPE
B5_EXACT_SELECTED_DIAGNOSTIC,1,64,exact model-selection paid observations,301,X_BASE,8,8,1,v,0.8566646399726383,0.8342089440199082,-0.048040071019997854,1.7164579590598144,EMPIRICAL_CALIBRATED_ENVELOPE
B5_EXACT_SELECTED_DIAGNOSTIC,1,64,exact model-selection paid observations,301,X_BASE,8,8,2,pX,0.07892017200963691,0.05344905586848483,-0.8287999591714212,0.9356980709083909,EMPIRICAL_CALIBRATED_ENVELOPE
B5_EXACT_SELECTED_DIAGNOSTIC,1,64,exact model-selection paid observations,301,X_BASE,8,8,2,v,0.8580782875835434,0.8412864106981749,-0.04096260434173116,1.7235354257380808,EMPIRICAL_CALIBRATED_ENVELOPE
B5_EXACT_SELECTED_DIAGNOSTIC,1,64,exact model-selection paid observations,301,X_BASE,8,8,3,pX,0.07893554294740461,0.09076865679000211,-0.7914803582499039,0.9730176718299082,EMPIRICAL_CALIBRATED_ENVELOPE
B5_EXACT_SELECTED_DIAGNOSTIC,1,64,exact model-selection paid observations,301,X_BASE,8,8,3,v,0.8578563852031211,0.8832368190255528,0.0009878039856467957,1.765485834065459,EMPIRICAL_CALIBRATED_ENVELOPE
B5_EXACT_SELECTED_DIAGNOSTIC,1,64,exact model-selection paid observations,301,X_BASE,8,8,4,pX,0.0773694554541462,0.10130064482122904,-0.780948370218677,0.9835496598611351,EMPIRICAL_CALIBRATED_ENVELOPE
B5_EXACT_SELECTED_DIAGNOSTIC,1,64,exact model-selection paid observations,301,X_BASE,8,8,4,v,0.8573449993472104,0.78522774420629,-0.097021270833616,1.667476759246196,EMPIRICAL_CALIBRATED_ENVELOPE
B5_EXACT_SELECTED_DIAGNOSTIC,1,64,exact model-selection paid observations,301,X_BASE,8,8,5,pX,0.07740407305952345,0.06515872980604888,-0.8170902852338572,0.9474077448459549,EMPIRICAL_CALIBRATED_ENVELOPE
B5_EXACT_SELECTED_DIAGNOSTIC,1,64,exact model-selection paid observations,301,X_BASE,8,8,5,v,0.8576719431240392,0.8640916702147792,-0.018157344825126875,1.7463406852546852,EMPIRICAL_CALIBRATED_ENVELOPE
B5_EXACT_SELECTED_DIAGNOSTIC,1,64,exact model-selection paid observations,301,X_BASE,8,9,0,pX,0.08374808607125968,0.05937894754768517,-0.8228700674922209,0.9416279625875912,EMPIRICAL_CALIBRATED_ENVELOPE
B5_EXACT_SELECTED_DIAGNOSTIC,1,64,exact model-selection paid observations,301,X_BASE,8,9,0,v,0.8588785362491013,0.9529976412253656,0.07074862618545952,1.8352466562652716,EMPIRICAL_CALIBRATED_ENVELOPE
B5_EXACT_SELECTED_DIAGNOSTIC,1,64,exact model-selection paid observations,301,X_BASE,8,9,1,pX,0.08351716033490592,-0.0038875925086092195,-0.8861366075485153,0.8783614225312968,EMPIRICAL_CALIBRATED_ENVELOPE
B5_EXACT_SELECTED_DIAGNOSTIC,1,64,exact model-selection paid observations,301,X_BASE,8,9,1,v,0.8589205006060912,0.8308903038578057,-0.051358711182100336,1.7131393188977118,EMPIRICAL_CALIBRATED_ENVELOPE
B5_EXACT_SELECTED_DIAGNOSTIC,1,64,exact model-selection paid observations,301,X_BASE,8,9,2,pX,0.08037430221637283,0.052118610364262095,-0.8301304046756439,0.9343676254041682,EMPIRICAL_CALIBRATED_ENVELOPE
B5_EXACT_SELECTED_DIAGNOSTIC,1,64,exact model-selection paid observations,301,X_BASE,8,9,2,v,0.8603798328866707,0.8417483611135034,-0.040500653926402674,1.7239973761534095,EMPIRICAL_CALIBRATED_ENVELOPE
B5_EXACT_SELECTED_DIAGNOSTIC,1,64,exact model-selection paid observations,301,X_BASE,8,9,3,pX,0.0804511552335025,0.09473873161148516,-0.7875102834284209,0.9769877466513912,EMPIRICAL_CALIBRATED_ENVELOPE
B5_EXACT_SELECTED_DIAGNOSTIC,1,64,exact model-selection paid observations,301,X_BASE,8,9,3,v,0.8600520684705424,0.8872983855706875,0.005049370530781472,1.7695474006105936,EMPIRICAL_CALIBRATED_ENVELOPE
B5_EXACT_SELECTED_DIAGNOSTIC,1,64,exact model-selection paid observations,301,X_BASE,8,9,4,pX,0.07871407637492119,0.10706749705282197,-0.7751815179870841,0.989316512092728,EMPIRICAL_CALIBRATED_ENVELOPE
B5_EXACT_SELECTED_DIAGNOSTIC,1,64,exact model-selection paid observations,301,X_BASE,8,9,4,v,0.8597089366160011,0.7740883220356602,-0.1081606930042458,1.6563373370755663,EMPIRICAL_CALIBRATED_ENVELOPE
B5_EXACT_SELECTED_DIAGNOSTIC,1,64,exact model-selection paid observations,301,X_BASE,8,9,5,pX,0.07873767675459974,0.06397588270224298,-0.8182731323376631,0.946224897742149,EMPIRICAL_CALIBRATED_ENVELOPE
B5_EXACT_SELECTED_DIAGNOSTIC,1,64,exact model-selection paid observations,301,X_BASE,8,9,5,v,0.8599479784960076,0.8644814495865811,-0.01776756545332492,1.7467304646264872,EMPIRICAL_CALIBRATED_ENVELOPE
B5_EXACT_SELECTED_DIAGNOSTIC,1,64,exact model-selection paid observations,301,X_BASE,8,10,0,pX,0.08568399951032434,0.058452583953907844,-0.8237964310859982,0.9407015989938139,EMPIRICAL_CALIBRATED_ENVELOPE
B5_EXACT_SELECTED_DIAGNOSTIC,1,64,exact model-selection paid observations,301,X_BASE,8,10,0,v,0.8617343417992457,0.9619879652674463,0.0797389502275403,1.8442369803073524,EMPIRICAL_CALIBRATED_ENVELOPE
B5_EXACT_SELECTED_DIAGNOSTIC,1,64,exact model-selection paid observations,301,X_BASE,8,10,1,pX,0.08546414605684717,-0.009855975336277597,-0.8921049903761836,0.8723930397036285,EMPIRICAL_CALIBRATED_ENVELOPE
B5_EXACT_SELECTED_DIAGNOSTIC,1,64,exact model-selection paid observations,301,X_BASE,8,10,1,v,0.8616791778006062,0.8286738453088867,-0.05357516973101939,1.7109228603487927,EMPIRICAL_CALIBRATED_ENVELOPE
B5_EXACT_SELECTED_DIAGNOSTIC,1,64,exact model-selection paid observations,301,X_BASE,8,10,2,pX,0.08211595001176399,0.05123003035327437,-0.8310189846866317,0.9334790453931804,EMPIRICAL_CALIBRATED_ENVELOPE
B5_EXACT_SELECTED_DIAGNOSTIC,1,64,exact model-selection paid observations,301,X_BASE,8,10,2,v,0.8630433508785005,0.8420568892748038,-0.04019212576510223,1.72430590431471,EMPIRICAL_CALIBRATED_ENVELOPE
B5_EXACT_SELECTED_DIAGNOSTIC,1,64,exact model-selection paid observations,301,X_BASE,8,10,3,pX,0.08226927948986938,0.09739027135309708,-0.784858743686809,0.9796392863930031,EMPIRICAL_CALIBRATED_ENVELOPE
B5_EXACT_SELECTED_DIAGNOSTIC,1,64,exact model-selection paid observations,301,X_BASE,8,10,3,v,0.8626262829700155,0.890011030946878,0.0077620159069718975,1.7722600459867839,EMPIRICAL_CALIBRATED_ENVELOPE
B5_EXACT_SELECTED_DIAGNOSTIC,1,64,exact model-selection paid observations,301,X_BASE,8,10,4,pX,0.08027987430816565,0.11091907128344558,-0.7713299437564605,0.9931680863233516,EMPIRICAL_CALIBRATED_ENVELOPE
B5_EXACT_SELECTED_DIAGNOSTIC,1,64,exact model-selection paid observations,301,X_BASE,8,10,4,v,0.862613704791683,0.7666485074447139,-0.11560050759519214,1.6488975224846198,EMPIRICAL_CALIBRATED_ENVELOPE
B5_EXACT_SELECTED_DIAGNOSTIC,1,64,exact model-selection paid observations,301,X_BASE,8,10,5,pX,0.0802775987696694,0.06318588094030637,-0.8190631340995996,0.9454348959802125,EMPIRICAL_CALIBRATED_ENVELOPE
B5_EXACT_SELECTED_DIAGNOSTIC,1,64,exact model-selection paid observations,301,X_BASE,8,10,5,v,0.862772925245139,0.8647417760391711,-0.01750723900073492,1.7469907910790772,EMPIRICAL_CALIBRATED_ENVELOPE
B5_EXACT_SELECTED_DIAGNOSTIC,1,64,exact model-selection paid observations,301,X_BASE,8,11,0,pX,0.08778371708810577,0.05770069227429537,-0.8245483227656106,0.9399497073142015,EMPIRICAL_CALIBRATED_ENVELOPE
B5_EXACT_SELECTED_DIAGNOSTIC,1,64,exact model-selection paid observations,301,X_BASE,8,11,0,v,0.8644135655914387,0.969285045905835,0.08703603086592893,1.851534060945741,EMPIRICAL_CALIBRATED_ENVELOPE
B5_EXACT_SELECTED_DIAGNOSTIC,1,64,exact model-selection paid observations,301,X_BASE,8,11,1,pX,0.08757901795017618,-0.014700269109273792,-0.8969492841491798,0.8675487459306322,EMPIRICAL_CALIBRATED_ENVELOPE
B5_EXACT_SELECTED_DIAGNOSTIC,1,64,exact model-selection paid observations,301,X_BASE,8,11,1,v,0.8643155180972317,0.8268748359864858,-0.055374179053420236,1.709123851026392,EMPIRICAL_CALIBRATED_ENVELOPE
B5_EXACT_SELECTED_DIAGNOSTIC,1,64,exact model-selection paid observations,301,X_BASE,8,11,2,pX,0.08417643551809913,0.0505088060722042,-0.8317402089677018,0.9327578211121103,EMPIRICAL_CALIBRATED_ENVELOPE
B5_EXACT_SELECTED_DIAGNOSTIC,1,64,exact model-selection paid observations,301,X_BASE,8,11,2,v,0.8654023017701958,0.8423073090440675,-0.03994170599583857,1.7245563240839736,EMPIRICAL_CALIBRATED_ENVELOPE
B5_EXACT_SELECTED_DIAGNOSTIC,1,64,exact model-selection paid observations,301,X_BASE,8,11,3,pX,0.08435876295032145,0.09954241839694893,-0.7827065966429572,0.9817914334368549,EMPIRICAL_CALIBRATED_ENVELOPE
B5_EXACT_SELECTED_DIAGNOSTIC,1,64,exact model-selection paid observations,301,X_BASE,8,11,3,v,0.8649885963638451,0.8922127749508496,0.00996375991094356,1.7744617899907555,EMPIRICAL_CALIBRATED_ENVELOPE
B5_EXACT_SELECTED_DIAGNOSTIC,1,64,exact model-selection paid observations,301,X_BASE,8,11,4,pX,0.08199997760126974,0.1140452375499838,-0.7682037774899222,0.9962942525898899,EMPIRICAL_CALIBRATED_ENVELOPE
B5_EXACT_SELECTED_DIAGNOSTIC,1,64,exact model-selection paid observations,301,X_BASE,8,11,4,v,0.865322174367396,0.7606099123116924,-0.12163910272821365,1.6428589273515986,EMPIRICAL_CALIBRATED_ENVELOPE
B5_EXACT_SELECTED_DIAGNOSTIC,1,64,exact model-selection paid observations,301,X_BASE,8,11,5,pX,0.08198724985186596,0.06254466861755384,-0.8197043464223522,0.9447936836574599,EMPIRICAL_CALIBRATED_ENVELOPE
B5_EXACT_SELECTED_DIAGNOSTIC,1,64,exact model-selection paid observations,301,X_BASE,8,11,5,v,0.8654342255830474,0.864953072440498,-0.017295942599408032,1.747202087480404,EMPIRICAL_CALIBRATED_ENVELOPE
B5_EXACT_SELECTED_DIAGNOSTIC,1,64,exact model-selection paid observations,301,X_BASE,8,12,0,pX,0.08991989773256691,0.05638319729492355,-0.8258658177449825,0.9386322123348296,EMPIRICAL_CALIBRATED_ENVELOPE
B5_EXACT_SELECTED_DIAGNOSTIC,1,64,exact model-selection paid observations,301,X_BASE,8,12,0,v,0.8688356821375182,0.9820712854212175,0.09982227038131142,1.8643203004611235,EMPIRICAL_CALIBRATED_ENVELOPE
B5_EXACT_SELECTED_DIAGNOSTIC,1,64,exact model-selection paid observations,301,X_BASE,8,12,1,pX,0.08971838770300426,-0.023188636380227085,-0.9054376514201331,0.859060378659679,EMPIRICAL_CALIBRATED_ENVELOPE
B5_EXACT_SELECTED_DIAGNOSTIC,1,64,exact model-selection paid observations,301,X_BASE,8,12,1,v,0.8687217215922816,0.8237225391671783,-0.058526475872727746,1.7059715542070844,EMPIRICAL_CALIBRATED_ENVELOPE
B5_EXACT_SELECTED_DIAGNOSTIC,1,64,exact model-selection paid observations,301,X_BASE,8,12,2,pX,0.08618211247742635,0.04924504774759988,-0.8330039672923062,0.9314940627875059,EMPIRICAL_CALIBRATED_ENVELOPE
B5_EXACT_SELECTED_DIAGNOSTIC,1,64,exact model-selection paid observations,301,X_BASE,8,12,2,v,0.8695368856587767,0.842746104681373,-0.03950291035853304,1.724995119721279,EMPIRICAL_CALIBRATED_ENVELOPE
B5_EXACT_SELECTED_DIAGNOSTIC,1,64,exact model-selection paid observations,301,X_BASE,8,12,3,pX,0.08637029165176206,0.10331349739945374,-0.7789355176404523,0.9855625124393598,EMPIRICAL_CALIBRATED_ENVELOPE
B5_EXACT_SELECTED_DIAGNOSTIC,1,64,exact model-selection paid observations,301,X_BASE,8,12,3,v,0.8692012996130162,0.8960707597507209,0.013821744710814876,1.778319774790627,EMPIRICAL_CALIBRATED_ENVELOPE
B5_EXACT_SELECTED_DIAGNOSTIC,1,64,exact model-selection paid observations,301,X_BASE,8,12,4,pX,0.08374716931672348,0.11952303238735774,-0.7627259826525483,1.0017720474272638,EMPIRICAL_CALIBRATED_ENVELOPE
B5_EXACT_SELECTED_DIAGNOSTIC,1,64,exact model-selection paid observations,301,X_BASE,8,12,4,v,0.8697361992701987,0.7500288419448607,-0.1322201730950453,1.632277856984767,EMPIRICAL_CALIBRATED_ENVELOPE
B5_EXACT_SELECTED_DIAGNOSTIC,1,64,exact model-selection paid observations,301,X_BASE,8,12,5,pX,0.08372613724207119,0.06142111047900225,-0.8208279045609038,0.9436701255189083,EMPIRICAL_CALIBRATED_ENVELOPE
B5_EXACT_SELECTED_DIAGNOSTIC,1,64,exact model-selection paid observations,301,X_BASE,8,12,5,v,0.8698114812326458,0.8653233145318203,-0.016925700508085728,1.7475723295717263,EMPIRICAL_CALIBRATED_ENVELOPE
B5_EXACT_SELECTED_DIAGNOSTIC,1,64,exact model-selection paid observations,301,X_BASE,8,13,0,pX,0.09228422768921611,0.05644152677192749,-0.8258074882679786,0.9386905418118335,EMPIRICAL_CALIBRATED_ENVELOPE
B5_EXACT_SELECTED_DIAGNOSTIC,1,64,exact model-selection paid observations,301,X_BASE,8,13,0,v,0.8738244646505018,0.9815052000277573,0.09925618498785127,1.8637542150676634,EMPIRICAL_CALIBRATED_ENVELOPE
B5_EXACT_SELECTED_DIAGNOSTIC,1,64,exact model-selection paid observations,301,X_BASE,8,13,1,pX,0.09213821458092492,-0.02281283075570154,-0.9050618457956076,0.8594361842842045,EMPIRICAL_CALIBRATED_ENVELOPE
B5_EXACT_SELECTED_DIAGNOSTIC,1,64,exact model-selection paid observations,301,X_BASE,8,13,1,v,0.8736876030609484,0.8238621008563766,-0.05838691418352948,1.7061111158962827,EMPIRICAL_CALIBRATED_ENVELOPE
B5_EXACT_SELECTED_DIAGNOSTIC,1,64,exact model-selection paid observations,301,X_BASE,8,13,2,pX,0.08830022661809939,0.049300998140798864,-0.8329480168991071,0.931550013180705,EMPIRICAL_CALIBRATED_ENVELOPE
B5_EXACT_SELECTED_DIAGNOSTIC,1,64,exact model-selection paid observations,301,X_BASE,8,13,2,v,0.8742770767642158,0.842726677874868,-0.03952233716503806,1.7249756929147742,EMPIRICAL_CALIBRATED_ENVELOPE
B5_EXACT_SELECTED_DIAGNOSTIC,1,64,exact model-selection paid observations,301,X_BASE,8,13,3,pX,0.08849155071781116,0.10314654035642838,-0.7791024746834777,0.9853955553963344,EMPIRICAL_CALIBRATED_ENVELOPE
B5_EXACT_SELECTED_DIAGNOSTIC,1,64,exact model-selection paid observations,301,X_BASE,8,13,3,v,0.8740060848619546,0.8958999551258919,0.013650940085985885,1.778148970165798,EMPIRICAL_CALIBRATED_ENVELOPE
B5_EXACT_SELECTED_DIAGNOSTIC,1,64,exact model-selection paid observations,301,X_BASE,8,13,4,pX,0.08565703046811292,0.119280513885958,-0.762968501153948,1.001529528925864,EMPIRICAL_CALIBRATED_ENVELOPE
B5_EXACT_SELECTED_DIAGNOSTIC,1,64,exact model-selection paid observations,301,X_BASE,8,13,4,v,0.8747009757352409,0.7504972978481489,-0.13175171719175716,1.632746312888055,EMPIRICAL_CALIBRATED_ENVELOPE
B5_EXACT_SELECTED_DIAGNOSTIC,1,64,exact model-selection paid observations,301,X_BASE,8,13,5,pX,0.08564823623791123,0.06147085378704618,-0.8207781612528599,0.9437198688269522,EMPIRICAL_CALIBRATED_ENVELOPE
B5_EXACT_SELECTED_DIAGNOSTIC,1,64,exact model-selection paid observations,301,X_BASE,8,13,5,v,0.8747269458877814,0.86530692279759,-0.01694209224231602,1.747555937837496,EMPIRICAL_CALIBRATED_ENVELOPE
B5_EXACT_SELECTED_DIAGNOSTIC,1,64,exact model-selection paid observations,301,X_BASE,8,14,0,pX,0.0948048763432194,0.05710649769389914,-0.825142517346007,0.9393555127338051,EMPIRICAL_CALIBRATED_ENVELOPE
B5_EXACT_SELECTED_DIAGNOSTIC,1,64,exact model-selection paid observations,301,X_BASE,8,14,0,v,0.8789388744930592,0.9750516820924189,0.09280266705251283,1.857300697132325,EMPIRICAL_CALIBRATED_ENVELOPE
B5_EXACT_SELECTED_DIAGNOSTIC,1,64,exact model-selection paid observations,301,X_BASE,8,14,1,pX,0.09469816753767536,-0.018528550740538833,-0.9007775657804449,0.8637204642993672,EMPIRICAL_CALIBRATED_ENVELOPE
B5_EXACT_SELECTED_DIAGNOSTIC,1,64,exact model-selection paid observations,301,X_BASE,8,14,1,v,0.8787793466836505,0.8254531397256577,-0.056795875314248345,1.7077021547655638,EMPIRICAL_CALIBRATED_ENVELOPE
B5_EXACT_SELECTED_DIAGNOSTIC,1,64,exact model-selection paid observations,301,X_BASE,8,14,2,pX,0.09057910457384417,0.04993884690031533,-0.8323101681395907,0.9321878619402214,EMPIRICAL_CALIBRATED_ENVELOPE
B5_EXACT_SELECTED_DIAGNOSTIC,1,64,exact model-selection paid observations,301,X_BASE,8,14,2,v,0.8791623410571698,0.8425052073235074,-0.03974380771639863,1.7247542223634134,EMPIRICAL_CALIBRATED_ENVELOPE
B5_EXACT_SELECTED_DIAGNOSTIC,1,64,exact model-selection paid observations,301,X_BASE,8,14,3,pX,0.09076170968748996,0.10124318746295534,-0.7810058275769507,0.9834922025028614,EMPIRICAL_CALIBRATED_ENVELOPE
B5_EXACT_SELECTED_DIAGNOSTIC,1,64,exact model-selection paid observations,301,X_BASE,8,14,3,v,0.8789193634077057,0.8939527388180573,0.01170372377815121,1.7762017538579633,EMPIRICAL_CALIBRATED_ENVELOPE
B5_EXACT_SELECTED_DIAGNOSTIC,1,64,exact model-selection paid observations,301,X_BASE,8,14,4,pX,0.08770443334475968,0.11651574108574823,-0.7657332739541578,0.9987647561256543,EMPIRICAL_CALIBRATED_ENVELOPE
B5_EXACT_SELECTED_DIAGNOSTIC,1,64,exact model-selection paid observations,301,X_BASE,8,14,4,v,0.8797888742728571,0.7558378146830851,-0.12641120035682096,1.6380868297229911,EMPIRICAL_CALIBRATED_ENVELOPE
B5_EXACT_SELECTED_DIAGNOSTIC,1,64,exact model-selection paid observations,301,X_BASE,8,14,5,pX,0.08769755669094505,0.06203794019191253,-0.8202110748479935,0.9442869552318186,EMPIRICAL_CALIBRATED_ENVELOPE
B5_EXACT_SELECTED_DIAGNOSTIC,1,64,exact model-selection paid observations,301,X_BASE,8,14,5,v,0.8797583669632962,0.8651200528446308,-0.017128962195275266,1.7473690678845368,EMPIRICAL_CALIBRATED_ENVELOPE
B5_EXACT_SELECTED_DIAGNOSTIC,1,64,exact model-selection paid observations,301,X_BASE,8,15,0,pX,0.09745079151617438,0.05778009334801538,-0.8244689216918907,0.9400291083879214,EMPIRICAL_CALIBRATED_ENVELOPE
B5_EXACT_SELECTED_DIAGNOSTIC,1,64,exact model-selection paid observations,301,X_BASE,8,15,0,v,0.8836121687634533,0.9685144614540849,0.08626544641417888,1.850763476493991,EMPIRICAL_CALIBRATED_ENVELOPE
B5_EXACT_SELECTED_DIAGNOSTIC,1,64,exact model-selection paid observations,301,X_BASE,8,15,1,pX,0.09738132188381234,-0.014188703231607319,-0.8964377182715134,0.8680603118082987,EMPIRICAL_CALIBRATED_ENVELOPE
B5_EXACT_SELECTED_DIAGNOSTIC,1,64,exact model-selection paid observations,301,X_BASE,8,15,1,v,0.8833964599915775,0.8270648145109251,-0.05518420052898099,1.709313829550831,EMPIRICAL_CALIBRATED_ENVELOPE
B5_EXACT_SELECTED_DIAGNOSTIC,1,64,exact model-selection paid observations,301,X_BASE,8,15,2,pX,0.09294301387235826,0.05058496861511121,-0.8316640464247949,0.9328339836550172,EMPIRICAL_CALIBRATED_ENVELOPE
B5_EXACT_SELECTED_DIAGNOSTIC,1,64,exact model-selection paid observations,301,X_BASE,8,15,2,v,0.883662414988463,0.8422808642793502,-0.03996815076055582,1.7245298793192563,EMPIRICAL_CALIBRATED_ENVELOPE
B5_EXACT_SELECTED_DIAGNOSTIC,1,64,exact model-selection paid observations,301,X_BASE,8,15,3,pX,0.09311075600435903,0.09931514791275727,-0.7829338671271487,0.9815641629526634,EMPIRICAL_CALIBRATED_ENVELOPE
B5_EXACT_SELECTED_DIAGNOSTIC,1,64,exact model-selection paid observations,301,X_BASE,8,15,3,v,0.8833969096003227,0.8919802669411027,0.009731251901196614,1.7742292819810088,EMPIRICAL_CALIBRATED_ENVELOPE
B5_EXACT_SELECTED_DIAGNOSTIC,1,64,exact model-selection paid observations,301,X_BASE,8,15,4,pX,0.08987303025938655,0.1137151089358218,-0.7685339061040842,0.9959641239757279,EMPIRICAL_CALIBRATED_ENVELOPE
B5_EXACT_SELECTED_DIAGNOSTIC,1,64,exact model-selection paid observations,301,X_BASE,8,15,4,v,0.8844554923236767,0.7612475984975131,-0.12100141654239294,1.6434966135374192,EMPIRICAL_CALIBRATED_ENVELOPE
B5_EXACT_SELECTED_DIAGNOSTIC,1,64,exact model-selection paid observations,301,X_BASE,8,15,5,pX,0.08990224382229835,0.06261238175800951,-0.8196366332818965,0.9448613967979156,EMPIRICAL_CALIBRATED_ENVELOPE
B5_EXACT_SELECTED_DIAGNOSTIC,1,64,exact model-selection paid observations,301,X_BASE,8,15,5,v,0.884347960761845,0.8649307591717209,-0.01731825586818514,1.7471797742116268,EMPIRICAL_CALIBRATED_ENVELOPE
B5_EXACT_SELECTED_DIAGNOSTIC,1,64,exact model-selection paid observations,301,X_BASE,8,16,0,pX,0.10001740210497508,0.05806686213915829,-0.8241821529007478,0.9403158771790643,EMPIRICAL_CALIBRATED_ENVELOPE
B5_EXACT_SELECTED_DIAGNOSTIC,1,64,exact model-selection paid observations,301,X_BASE,8,16,0,v,0.8878007125183736,0.9657313810579545,0.08348236601804848,1.8479803960978605,EMPIRICAL_CALIBRATED_ENVELOPE
B5_EXACT_SELECTED_DIAGNOSTIC,1,64,exact model-selection paid observations,301,X_BASE,8,16,1,pX,0.0999659939985917,-0.01234110695292629,-0.8945901219928324,0.8699079080869797,EMPIRICAL_CALIBRATED_ENVELOPE
B5_EXACT_SELECTED_DIAGNOSTIC,1,64,exact model-selection paid observations,301,X_BASE,8,16,1,v,0.8875002930762721,0.8277509502172088,-0.054498064822697256,1.709999965257115,EMPIRICAL_CALIBRATED_ENVELOPE
B5_EXACT_SELECTED_DIAGNOSTIC,1,64,exact model-selection paid observations,301,X_BASE,8,16,2,pX,0.09527117361856509,0.05086004097038984,-0.8313889740695162,0.9331090560102959,EMPIRICAL_CALIBRATED_ENVELOPE
B5_EXACT_SELECTED_DIAGNOSTIC,1,64,exact model-selection paid observations,301,X_BASE,8,16,2,v,0.8877358431905799,0.8421853550770844,-0.040063659962821685,1.7244343701169904,EMPIRICAL_CALIBRATED_ENVELOPE
B5_EXACT_SELECTED_DIAGNOSTIC,1,64,exact model-selection paid observations,301,X_BASE,8,16,3,pX,0.0953963880857829,0.09849432674547788,-0.7837546882944282,0.9807433417853839,EMPIRICAL_CALIBRATED_ENVELOPE
B5_EXACT_SELECTED_DIAGNOSTIC,1,64,exact model-selection paid observations,301,X_BASE,8,16,3,v,0.8874120592206055,0.8911405296710341,0.008891514631128028,1.7733895447109402,EMPIRICAL_CALIBRATED_ENVELOPE
B5_EXACT_SELECTED_DIAGNOSTIC,1,64,exact model-selection paid observations,301,X_BASE,8,16,4,pX,0.0919720107275883,0.11252280032877754,-0.7697262147111286,0.9947718153686835,EMPIRICAL_CALIBRATED_ENVELOPE
B5_EXACT_SELECTED_DIAGNOSTIC,1,64,exact model-selection paid observations,301,X_BASE,8,16,4,v,0.888644126942365,0.7635506970334492,-0.1186983180064568,1.6457997120733552,EMPIRICAL_CALIBRATED_ENVELOPE
B5_EXACT_SELECTED_DIAGNOSTIC,1,64,exact model-selection paid observations,301,X_BASE,8,16,5,pX,0.09202906494357255,0.06285693783922118,-0.8193920772006849,0.9451059528791272,EMPIRICAL_CALIBRATED_ENVELOPE
B5_EXACT_SELECTED_DIAGNOSTIC,1,64,exact model-selection paid observations,301,X_BASE,8,16,5,v,0.8884369803046621,0.8648501714817326,-0.01739884355817345,1.7470991865216385,EMPIRICAL_CALIBRATED_ENVELOPE
B5_EXACT_SELECTED_DIAGNOSTIC,1,256,exact model-selection paid observations,301,X_BASE,8,1,0,pX,0.07149078128656743,0.07197696610309563,-0.2988938872444635,0.4428478194506547,EMPIRICAL_CALIBRATED_ENVELOPE
B5_EXACT_SELECTED_DIAGNOSTIC,1,256,exact model-selection paid observations,301,X_BASE,8,1,0,v,0.8501832585897245,0.8507417613793672,0.4798709080318081,1.2216126147269262,EMPIRICAL_CALIBRATED_ENVELOPE
B5_EXACT_SELECTED_DIAGNOSTIC,1,256,exact model-selection paid observations,301,X_BASE,8,1,1,pX,0.07133630361975751,0.07065983949536521,-0.3002110138521939,0.4415306928429243,EMPIRICAL_CALIBRATED_ENVELOPE
B5_EXACT_SELECTED_DIAGNOSTIC,1,256,exact model-selection paid observations,301,X_BASE,8,1,1,v,0.8509066403078489,0.8507617566180059,0.4798909032704468,1.221632609965565,EMPIRICAL_CALIBRATED_ENVELOPE
B5_EXACT_SELECTED_DIAGNOSTIC,1,256,exact model-selection paid observations,301,X_BASE,8,1,2,pX,0.06916128353492422,0.06969198951489744,-0.3011788638326617,0.4405628428624565,EMPIRICAL_CALIBRATED_ENVELOPE
B5_EXACT_SELECTED_DIAGNOSTIC,1,256,exact model-selection paid observations,301,X_BASE,8,1,2,v,0.8507245662239342,0.8507709496690816,0.47990009632152253,1.2216418030166407,EMPIRICAL_CALIBRATED_ENVELOPE
B5_EXACT_SELECTED_DIAGNOSTIC,1,256,exact model-selection paid observations,301,X_BASE,8,1,3,pX,0.06921558841864,0.06899306114579436,-0.30187779220176475,0.43986391449335344,EMPIRICAL_CALIBRATED_ENVELOPE
B5_EXACT_SELECTED_DIAGNOSTIC,1,256,exact model-selection paid observations,301,X_BASE,8,1,3,v,0.8508711528688535,0.8501906132847988,0.47931975993723974,1.2210614666323578,EMPIRICAL_CALIBRATED_ENVELOPE
B5_EXACT_SELECTED_DIAGNOSTIC,1,256,exact model-selection paid observations,301,X_BASE,8,1,4,pX,0.0685528331064338,0.06987703727217379,-0.30099381607538533,0.44074789061973285,EMPIRICAL_CALIBRATED_ENVELOPE
B5_EXACT_SELECTED_DIAGNOSTIC,1,256,exact model-selection paid observations,301,X_BASE,8,1,4,v,0.8508035346206148,0.849339187526545,0.47846833417898593,1.2202100408741041,EMPIRICAL_CALIBRATED_ENVELOPE
B5_EXACT_SELECTED_DIAGNOSTIC,1,256,exact model-selection paid observations,301,X_BASE,8,1,5,pX,0.06866643063263451,0.06745973363585775,-0.3034111197117013,0.43833058698341687,EMPIRICAL_CALIBRATED_ENVELOPE
B5_EXACT_SELECTED_DIAGNOSTIC,1,256,exact model-selection paid observations,301,X_BASE,8,1,5,v,0.8514935404343136,0.8536115451784507,0.48274069183089163,1.2244823985260098,EMPIRICAL_CALIBRATED_ENVELOPE
B5_EXACT_SELECTED_DIAGNOSTIC,1,256,exact model-selection paid observations,301,X_BASE,8,2,0,pX,0.0728620242871919,0.07119913906806931,-0.2996717142794898,0.4420699924156284,EMPIRICAL_CALIBRATED_ENVELOPE
B5_EXACT_SELECTED_DIAGNOSTIC,1,256,exact model-selection paid observations,301,X_BASE,8,2,0,v,0.8512382987016269,0.8473679401249881,0.47649708677742897,1.2182387934725472,EMPIRICAL_CALIBRATED_ENVELOPE
B5_EXACT_SELECTED_DIAGNOSTIC,1,256,exact model-selection paid observations,301,X_BASE,8,2,1,pX,0.07267568663440792,0.07283347060875099,-0.2980373827388081,0.4437043239563101,EMPIRICAL_CALIBRATED_ENVELOPE
B5_EXACT_SELECTED_DIAGNOSTIC,1,256,exact model-selection paid observations,301,X_BASE,8,2,1,v,0.8519446271205244,0.8541406454278252,0.4832697920802661,1.2250114987753844,EMPIRICAL_CALIBRATED_ENVELOPE
B5_EXACT_SELECTED_DIAGNOSTIC,1,256,exact model-selection paid observations,301,X_BASE,8,2,2,pX,0.07043542855657119,0.07106449321616733,-0.2998063601313918,0.4419353465637264,EMPIRICAL_CALIBRATED_ENVELOPE
B5_EXACT_SELECTED_DIAGNOSTIC,1,256,exact model-selection paid observations,301,X_BASE,8,2,2,v,0.8519117151406854,0.8511935378710536,0.48032268452349447,1.2220643912186127,EMPIRICAL_CALIBRATED_ENVELOPE
B5_EXACT_SELECTED_DIAGNOSTIC,1,256,exact model-selection paid observations,301,X_BASE,8,2,3,pX,0.07044898065962556,0.0657453388742282,-0.3051255144733309,0.43661619222178727,EMPIRICAL_CALIBRATED_ENVELOPE
B5_EXACT_SELECTED_DIAGNOSTIC,1,256,exact model-selection paid observations,301,X_BASE,8,2,3,v,0.8520828531676289,0.8557912080313819,0.4849203546838228,1.226662061378941,EMPIRICAL_CALIBRATED_ENVELOPE
B5_EXACT_SELECTED_DIAGNOSTIC,1,256,exact model-selection paid observations,301,X_BASE,8,2,4,pX,0.06969547142204383,0.07248049773961668,-0.2983903556079424,0.44335135108717577,EMPIRICAL_CALIBRATED_ENVELOPE
B5_EXACT_SELECTED_DIAGNOSTIC,1,256,exact model-selection paid observations,301,X_BASE,8,2,4,v,0.8519272336644579,0.8491155427512561,0.478244689403697,1.219986396098815,EMPIRICAL_CALIBRATED_ENVELOPE
B5_EXACT_SELECTED_DIAGNOSTIC,1,256,exact model-selection paid observations,301,X_BASE,8,2,5,pX,0.06978593601534937,0.06617617243468528,-0.3046946809128738,0.43704702578224436,EMPIRICAL_CALIBRATED_ENVELOPE
B5_EXACT_SELECTED_DIAGNOSTIC,1,256,exact model-selection paid observations,301,X_BASE,8,2,5,v,0.8526308819483777,0.8507270320175387,0.47985617866997965,1.2215978853650977,EMPIRICAL_CALIBRATED_ENVELOPE
B5_EXACT_SELECTED_DIAGNOSTIC,1,256,exact model-selection paid observations,301,X_BASE,8,3,0,pX,0.07427425532790484,0.0705030131049942,-0.3003678402425649,0.4413738664525533,EMPIRICAL_CALIBRATED_ENVELOPE
B5_EXACT_SELECTED_DIAGNOSTIC,1,256,exact model-selection paid observations,301,X_BASE,8,3,0,v,0.8516594501005786,0.8443484969015104,0.4734776435539513,1.2152193502490696,EMPIRICAL_CALIBRATED_ENVELOPE
B5_EXACT_SELECTED_DIAGNOSTIC,1,256,exact model-selection paid observations,301,X_BASE,8,3,1,pX,0.0740748886809665,0.07477878876309428,-0.2960920645844648,0.4456496421106534,EMPIRICAL_CALIBRATED_ENVELOPE
B5_EXACT_SELECTED_DIAGNOSTIC,1,256,exact model-selection paid observations,301,X_BASE,8,3,1,v,0.8523126980315185,0.8571646239229664,0.48629377057540735,1.2280354772705255,EMPIRICAL_CALIBRATED_ENVELOPE
B5_EXACT_SELECTED_DIAGNOSTIC,1,256,exact model-selection paid observations,301,X_BASE,8,3,2,pX,0.07173357546895684,0.0722928324456444,-0.2985780209019147,0.4431636857932035,EMPIRICAL_CALIBRATED_ENVELOPE
B5_EXACT_SELECTED_DIAGNOSTIC,1,256,exact model-selection paid observations,301,X_BASE,8,3,2,v,0.8524973243513558,0.8515717384295775,0.48070088508201836,1.2224425917771367,EMPIRICAL_CALIBRATED_ENVELOPE
B5_EXACT_SELECTED_DIAGNOSTIC,1,256,exact model-selection paid observations,301,X_BASE,8,3,3,pX,0.07172068923207583,0.06283874950115761,-0.30803210384640145,0.43370960284871674,EMPIRICAL_CALIBRATED_ENVELOPE
B5_EXACT_SELECTED_DIAGNOSTIC,1,256,exact model-selection paid observations,301,X_BASE,8,3,3,v,0.8526480013591861,0.8608035298409814,0.4899326764934223,1.2316743831885404,EMPIRICAL_CALIBRATED_ENVELOPE
B5_EXACT_SELECTED_DIAGNOSTIC,1,256,exact model-selection paid observations,301,X_BASE,8,3,4,pX,0.07086278523495594,0.07481049701145397,-0.2960603563361051,0.4456813503590131,EMPIRICAL_CALIBRATED_ENVELOPE
B5_EXACT_SELECTED_DIAGNOSTIC,1,256,exact model-selection paid observations,301,X_BASE,8,3,4,v,0.8523886424800102,0.8489153890826716,0.4780445357351125,1.2197862424302306,EMPIRICAL_CALIBRATED_ENVELOPE
B5_EXACT_SELECTED_DIAGNOSTIC,1,256,exact model-selection paid observations,301,X_BASE,8,3,5,pX,0.0709434421218982,0.06502743340004653,-0.3058434199475126,0.4358982867476056,EMPIRICAL_CALIBRATED_ENVELOPE
B5_EXACT_SELECTED_DIAGNOSTIC,1,256,exact model-selection paid observations,301,X_BASE,8,3,5,v,0.853048957201968,0.8481455011479222,0.4772746478003631,1.2190163544954813,EMPIRICAL_CALIBRATED_ENVELOPE
B5_EXACT_SELECTED_DIAGNOSTIC,1,256,exact model-selection paid observations,301,X_BASE,8,4,0,pX,0.07565093519146283,0.0701620617097191,-0.30070879163784,0.4410329150572782,EMPIRICAL_CALIBRATED_ENVELOPE
B5_EXACT_SELECTED_DIAGNOSTIC,1,256,exact model-selection paid observations,301,X_BASE,8,4,0,v,0.8516581864771725,0.8428696217630929,0.4719987684155338,1.213740475110652,EMPIRICAL_CALIBRATED_ENVELOPE
B5_EXACT_SELECTED_DIAGNOSTIC,1,256,exact model-selection paid observations,301,X_BASE,8,4,1,pX,0.0754447234189974,0.07573157457221336,-0.29513927877534574,0.44660242791977245,EMPIRICAL_CALIBRATED_ENVELOPE
B5_EXACT_SELECTED_DIAGNOSTIC,1,256,exact model-selection paid observations,301,X_BASE,8,4,1,v,0.8522455712441487,0.8586457203651188,0.4877748670175597,1.2295165737126779,EMPIRICAL_CALIBRATED_ENVELOPE
B5_EXACT_SELECTED_DIAGNOSTIC,1,256,exact model-selection paid observations,301,X_BASE,8,4,2,pX,0.07305166675830053,0.07289445341135481,-0.2979763999362043,0.4437653067589139,EMPIRICAL_CALIBRATED_ENVELOPE
B5_EXACT_SELECTED_DIAGNOSTIC,1,256,exact model-selection paid observations,301,X_BASE,8,4,2,v,0.852675094901219,0.8517569750318051,0.48088612168424605,1.2226278283793643,EMPIRICAL_CALIBRATED_ENVELOPE
B5_EXACT_SELECTED_DIAGNOSTIC,1,256,exact model-selection paid observations,301,X_BASE,8,4,3,pX,0.07302918227438217,0.061415148378937655,-0.30945570496862146,0.4322860017264967,EMPIRICAL_CALIBRATED_ENVELOPE
B5_EXACT_SELECTED_DIAGNOSTIC,1,256,exact model-selection paid observations,301,X_BASE,8,4,3,v,0.8527792859023189,0.8632584851295351,0.492387631781976,1.2341293384770942,EMPIRICAL_CALIBRATED_ENVELOPE
B5_EXACT_SELECTED_DIAGNOSTIC,1,256,exact model-selection paid observations,301,X_BASE,8,4,4,pX,0.07202272446704998,0.07595169349723589,-0.2949191598503232,0.446822546844795,EMPIRICAL_CALIBRATED_ENVELOPE
B5_EXACT_SELECTED_DIAGNOSTIC,1,256,exact model-selection paid observations,301,X_BASE,8,4,4,v,0.8524636389906286,0.848817357007741,0.4779465036601819,1.2196882103553,EMPIRICAL_CALIBRATED_ENVELOPE
B5_EXACT_SELECTED_DIAGNOSTIC,1,256,exact model-selection paid observations,301,X_BASE,8,4,5,pX,0.07210106019845854,0.06446479934034721,-0.3064060540072119,0.4353356526879063,EMPIRICAL_CALIBRATED_ENVELOPE
B5_EXACT_SELECTED_DIAGNOSTIC,1,256,exact model-selection paid observations,301,X_BASE,8,4,5,v,0.8530690949372992,0.8468811084968375,0.4760102551492784,1.2177519618443966,EMPIRICAL_CALIBRATED_ENVELOPE
B5_EXACT_SELECTED_DIAGNOSTIC,1,256,exact model-selection paid observations,301,X_BASE,8,5,0,pX,0.0771950022450404,0.06996519985946258,-0.3009056534880965,0.4408360532070217,EMPIRICAL_CALIBRATED_ENVELOPE
B5_EXACT_SELECTED_DIAGNOSTIC,1,256,exact model-selection paid observations,301,X_BASE,8,5,0,v,0.8522372390476316,0.8420157343759704,0.47114488102841134,1.2128865877235295,EMPIRICAL_CALIBRATED_ENVELOPE
B5_EXACT_SELECTED_DIAGNOSTIC,1,256,exact model-selection paid observations,301,X_BASE,8,5,1,pX,0.07696556935185286,0.07628170335854671,-0.29458914998901237,0.4471525567061058,EMPIRICAL_CALIBRATED_ENVELOPE
B5_EXACT_SELECTED_DIAGNOSTIC,1,256,exact model-selection paid observations,301,X_BASE,8,5,1,v,0.8527497723937072,0.8595008903103104,0.4886300369627513,1.2303717436578694,EMPIRICAL_CALIBRATED_ENVELOPE
B5_EXACT_SELECTED_DIAGNOSTIC,1,256,exact model-selection paid observations,301,X_BASE,8,5,2,pX,0.07447198018657165,0.07324182320688628,-0.2976290301406728,0.44411267655444536,EMPIRICAL_CALIBRATED_ENVELOPE
B5_EXACT_SELECTED_DIAGNOSTIC,1,256,exact model-selection paid observations,301,X_BASE,8,5,2,v,0.8534581852545134,0.8518639287523505,0.4809930754047914,1.2227347820999097,EMPIRICAL_CALIBRATED_ENVELOPE
B5_EXACT_SELECTED_DIAGNOSTIC,1,256,exact model-selection paid observations,301,X_BASE,8,5,3,pX,0.07443687226251038,0.06059317564372893,-0.3102776777038302,0.431464028991288,EMPIRICAL_CALIBRATED_ENVELOPE
B5_EXACT_SELECTED_DIAGNOSTIC,1,256,exact model-selection paid observations,301,X_BASE,8,5,3,v,0.8535085215058902,0.864675951217368,0.49380509786980886,1.235546804564927,EMPIRICAL_CALIBRATED_ENVELOPE
B5_EXACT_SELECTED_DIAGNOSTIC,1,256,exact model-selection paid observations,301,X_BASE,8,5,4,pX,0.07330613721341583,0.07661060868224642,-0.29426024466531264,0.44748146202980554,EMPIRICAL_CALIBRATED_ENVELOPE
B5_EXACT_SELECTED_DIAGNOSTIC,1,256,exact model-selection paid observations,301,X_BASE,8,5,4,v,0.8530602042080675,0.8487607542898089,0.4778899009422498,1.219631607637368,EMPIRICAL_CALIBRATED_ENVELOPE
B5_EXACT_SELECTED_DIAGNOSTIC,1,256,exact model-selection paid observations,301,X_BASE,8,5,5,pX,0.07336711230547967,0.06413994018580298,-0.3067309131617561,0.4350107935333621,EMPIRICAL_CALIBRATED_ENVELOPE
B5_EXACT_SELECTED_DIAGNOSTIC,1,256,exact model-selection paid observations,301,X_BASE,8,5,5,v,0.8536252591715728,0.8461510611053538,0.47528020775779467,1.2170219144529129,EMPIRICAL_CALIBRATED_ENVELOPE
B5_EXACT_SELECTED_DIAGNOSTIC,1,256,exact model-selection paid observations,301,X_BASE,8,6,0,pX,0.07885086126277152,0.06977967339347108,-0.301091179954088,0.44065052674103017,EMPIRICAL_CALIBRATED_ENVELOPE
B5_EXACT_SELECTED_DIAGNOSTIC,1,256,exact model-selection paid observations,301,X_BASE,8,6,0,v,0.8531248402300965,0.8412110141669451,0.470340160819386,1.2120818675145042,EMPIRICAL_CALIBRATED_ENVELOPE
B5_EXACT_SELECTED_DIAGNOSTIC,1,256,exact model-selection paid observations,301,X_BASE,8,6,1,pX,0.07861082552807803,0.07680015550880138,-0.2940706978387577,0.44767100885636046,EMPIRICAL_CALIBRATED_ENVELOPE
B5_EXACT_SELECTED_DIAGNOSTIC,1,256,exact model-selection paid observations,301,X_BASE,8,6,1,v,0.8535120323905421,0.8603068192271971,0.489435965879638,1.231177672574756,EMPIRICAL_CALIBRATED_ENVELOPE
B5_EXACT_SELECTED_DIAGNOSTIC,1,256,exact model-selection paid observations,301,X_BASE,8,6,2,pX,0.07598114135555623,0.07356919131032102,-0.29730166203723807,0.4444400446578801,EMPIRICAL_CALIBRATED_ENVELOPE
B5_EXACT_SELECTED_DIAGNOSTIC,1,256,exact model-selection paid observations,301,X_BASE,8,6,2,v,0.8545069062361139,0.8519647240347861,0.481093870687227,1.2228355773823452,EMPIRICAL_CALIBRATED_ENVELOPE
B5_EXACT_SELECTED_DIAGNOSTIC,1,256,exact model-selection paid observations,301,X_BASE,8,6,3,pX,0.07595494260744609,0.05981853242816477,-0.31105232091939433,0.43068938577572385,EMPIRICAL_CALIBRATED_ENVELOPE
B5_EXACT_SELECTED_DIAGNOSTIC,1,256,exact model-selection paid observations,301,X_BASE,8,6,3,v,0.8544471702281591,0.8660117990395626,0.4951409456920035,1.2368826523871217,EMPIRICAL_CALIBRATED_ENVELOPE
B5_EXACT_SELECTED_DIAGNOSTIC,1,256,exact model-selection paid observations,301,X_BASE,8,6,4,pX,0.07467430883439471,0.07723158326672701,-0.29363927008083207,0.4481024366142861,EMPIRICAL_CALIBRATED_ENVELOPE
B5_EXACT_SELECTED_DIAGNOSTIC,1,256,exact model-selection paid observations,301,X_BASE,8,6,4,v,0.8539435388169546,0.8487074107790689,0.47783655743150977,1.219578264126628,EMPIRICAL_CALIBRATED_ENVELOPE
B5_EXACT_SELECTED_DIAGNOSTIC,1,256,exact model-selection paid observations,301,X_BASE,8,6,5,pX,0.07472685864965373,0.06383378655162225,-0.30703706679593684,0.43470463989918134,EMPIRICAL_CALIBRATED_ENVELOPE
B5_EXACT_SELECTED_DIAGNOSTIC,1,256,exact model-selection paid observations,301,X_BASE,8,6,5,v,0.8544201834848042,0.8454630501353676,0.4745921967878085,1.2163339034829268,EMPIRICAL_CALIBRATED_ENVELOPE
B5_EXACT_SELECTED_DIAGNOSTIC,1,256,exact model-selection paid observations,301,X_BASE,8,7,0,pX,0.08052203132709025,0.06967454496152749,-0.3011963083860316,0.44054539830908657,EMPIRICAL_CALIBRATED_ENVELOPE
B5_EXACT_SELECTED_DIAGNOSTIC,1,256,exact model-selection paid observations,301,X_BASE,8,7,0,v,0.854802046465908,0.8407550200677957,0.4698841667202366,1.2116258734153549,EMPIRICAL_CALIBRATED_ENVELOPE
B5_EXACT_SELECTED_DIAGNOSTIC,1,256,exact model-selection paid observations,301,X_BASE,8,7,1,pX,0.08027990483448207,0.07709393602848508,-0.293776917319074,0.44796478937604417,EMPIRICAL_CALIBRATED_ENVELOPE
B5_EXACT_SELECTED_DIAGNOSTIC,1,256,exact model-selection paid observations,301,X_BASE,8,7,1,v,0.8550658468940884,0.8607634982397441,0.489892644892185,1.2316343515873032,EMPIRICAL_CALIBRATED_ENVELOPE
B5_EXACT_SELECTED_DIAGNOSTIC,1,256,exact model-selection paid observations,301,X_BASE,8,7,2,pX,0.07750026820747417,0.07375469419907882,-0.2971161591484803,0.4446255475466379,EMPIRICAL_CALIBRATED_ENVELOPE
B5_EXACT_SELECTED_DIAGNOSTIC,1,256,exact model-selection paid observations,301,X_BASE,8,7,2,v,0.856296959468402,0.8520218396055115,0.4811509862579524,1.2228926929530706,EMPIRICAL_CALIBRATED_ENVELOPE
B5_EXACT_SELECTED_DIAGNOSTIC,1,256,exact model-selection paid observations,301,X_BASE,8,7,3,pX,0.07749344338407103,0.05937958143466208,-0.311491271912897,0.4302504347822212,EMPIRICAL_CALIBRATED_ENVELOPE
B5_EXACT_SELECTED_DIAGNOSTIC,1,256,exact model-selection paid observations,301,X_BASE,8,7,3,v,0.8561473719739596,0.8667687561998906,0.4958979028523315,1.2376396095474496,EMPIRICAL_CALIBRATED_ENVELOPE
B5_EXACT_SELECTED_DIAGNOSTIC,1,256,exact model-selection paid observations,301,X_BASE,8,7,4,pX,0.07606377683398301,0.07758345804639463,-0.29328739530116443,0.44845431139395375,EMPIRICAL_CALIBRATED_ENVELOPE
B5_EXACT_SELECTED_DIAGNOSTIC,1,256,exact model-selection paid observations,301,X_BASE,8,7,4,v,0.8556308557626451,0.8486771837189645,0.4778063303714054,1.2195480370665237,EMPIRICAL_CALIBRATED_ENVELOPE
B5_EXACT_SELECTED_DIAGNOSTIC,1,256,exact model-selection paid observations,301,X_BASE,8,7,5,pX,0.07610947213831536,0.06366030482585741,-0.3072105485217017,0.4345311581734165,EMPIRICAL_CALIBRATED_ENVELOPE
B5_EXACT_SELECTED_DIAGNOSTIC,1,256,exact model-selection paid observations,301,X_BASE,8,7,5,v,0.856027546799627,0.8450731892384433,0.47420233589088423,1.2159440425860024,EMPIRICAL_CALIBRATED_ENVELOPE
B5_EXACT_SELECTED_DIAGNOSTIC,1,256,exact model-selection paid observations,301,X_BASE,8,8,0,pX,0.08209092885855519,0.06957928207841886,-0.30129157126914025,0.44045013542597794,EMPIRICAL_CALIBRATED_ENVELOPE
B5_EXACT_SELECTED_DIAGNOSTIC,1,256,exact model-selection paid observations,301,X_BASE,8,8,0,v,0.8565074356984185,0.8403418177421984,0.4694709643946393,1.2112126710897575,EMPIRICAL_CALIBRATED_ENVELOPE
B5_EXACT_SELECTED_DIAGNOSTIC,1,256,exact model-selection paid observations,301,X_BASE,8,8,1,pX,0.08184628431915612,0.07736014735484856,-0.29351070599271056,0.4482310007024076,EMPIRICAL_CALIBRATED_ENVELOPE
B5_EXACT_SELECTED_DIAGNOSTIC,1,256,exact model-selection paid observations,301,X_BASE,8,8,1,v,0.8566646399726383,0.8611773212045319,0.49030646785697285,1.232048174552091,EMPIRICAL_CALIBRATED_ENVELOPE
B5_EXACT_SELECTED_DIAGNOSTIC,1,256,exact model-selection paid observations,301,X_BASE,8,8,2,pX,0.07892017200963691,0.07392278897307417,-0.29694806437448495,0.44479364232063323,EMPIRICAL_CALIBRATED_ENVELOPE
B5_EXACT_SELECTED_DIAGNOSTIC,1,256,exact model-selection paid observations,301,X_BASE,8,8,2,v,0.8580782875835434,0.8520735952898407,0.48120274194228163,1.2229444486373997,EMPIRICAL_CALIBRATED_ENVELOPE
B5_EXACT_SELECTED_DIAGNOSTIC,1,256,exact model-selection paid observations,301,X_BASE,8,8,3,pX,0.07893554294740461,0.058981822841564335,-0.31188903050599476,0.42985267618912343,EMPIRICAL_CALIBRATED_ENVELOPE
B5_EXACT_SELECTED_DIAGNOSTIC,1,256,exact model-selection paid observations,301,X_BASE,8,8,3,v,0.8578563852031211,0.8674546783633756,0.49658382501581655,1.2383255317109347,EMPIRICAL_CALIBRATED_ENVELOPE
B5_EXACT_SELECTED_DIAGNOSTIC,1,256,exact model-selection paid observations,301,X_BASE,8,8,4,pX,0.0773694554541462,0.07790231190338295,-0.29296854144417617,0.448773165250942,EMPIRICAL_CALIBRATED_ENVELOPE
B5_EXACT_SELECTED_DIAGNOSTIC,1,256,exact model-selection paid observations,301,X_BASE,8,8,4,v,0.8573449993472104,0.8486497932515125,0.47777893990395337,1.2195206465990716,EMPIRICAL_CALIBRATED_ENVELOPE
B5_EXACT_SELECTED_DIAGNOSTIC,1,256,exact model-selection paid observations,301,X_BASE,8,8,5,pX,0.07740407305952345,0.06350310311498358,-0.3073677502325755,0.4343739564625427,EMPIRICAL_CALIBRATED_ENVELOPE
B5_EXACT_SELECTED_DIAGNOSTIC,1,256,exact model-selection paid observations,301,X_BASE,8,8,5,v,0.8576719431240392,0.8447199139886779,0.47384906064111876,1.215590767336237,EMPIRICAL_CALIBRATED_ENVELOPE
B5_EXACT_SELECTED_DIAGNOSTIC,1,256,exact model-selection paid observations,301,X_BASE,8,9,0,pX,0.08374808607125968,0.06926841612294102,-0.3016024372246181,0.4401392694705001,EMPIRICAL_CALIBRATED_ENVELOPE
B5_EXACT_SELECTED_DIAGNOSTIC,1,256,exact model-selection paid observations,301,X_BASE,8,9,0,v,0.8588785362491013,0.838993438063137,0.4681225847155779,1.209864291410696,EMPIRICAL_CALIBRATED_ENVELOPE
B5_EXACT_SELECTED_DIAGNOSTIC,1,256,exact model-selection paid observations,301,X_BASE,8,9,1,pX,0.08351716033490592,0.0782288596552589,-0.2926419936923002,0.449099713002818,EMPIRICAL_CALIBRATED_ENVELOPE
B5_EXACT_SELECTED_DIAGNOSTIC,1,256,exact model-selection paid observations,301,X_BASE,8,9,1,v,0.8589205006060912,0.8625277261802119,0.4916568728326528,1.2333985795277709,EMPIRICAL_CALIBRATED_ENVELOPE
B5_EXACT_SELECTED_DIAGNOSTIC,1,256,exact model-selection paid observations,301,X_BASE,8,9,2,pX,0.08037430221637283,0.07447132310120166,-0.29639953024635746,0.44534217644876073,EMPIRICAL_CALIBRATED_ENVELOPE
B5_EXACT_SELECTED_DIAGNOSTIC,1,256,exact model-selection paid observations,301,X_BASE,8,9,2,v,0.8603798328866707,0.8522424866747682,0.4813716333272091,1.2231133400223273,EMPIRICAL_CALIBRATED_ENVELOPE
B5_EXACT_SELECTED_DIAGNOSTIC,1,256,exact model-selection paid observations,301,X_BASE,8,9,3,pX,0.0804511552335025,0.05768383981755826,-0.31318701353000084,0.42855469316511735,EMPIRICAL_CALIBRATED_ENVELOPE
B5_EXACT_SELECTED_DIAGNOSTIC,1,256,exact model-selection paid observations,301,X_BASE,8,9,3,v,0.8600520684705424,0.8696930091988189,0.4988221558512598,1.240563862546378,EMPIRICAL_CALIBRATED_ENVELOPE
B5_EXACT_SELECTED_DIAGNOSTIC,1,256,exact model-selection paid observations,301,X_BASE,8,9,4,pX,0.07871407637492119,0.07894280958386418,-0.2919280437636949,0.4498136629314233,EMPIRICAL_CALIBRATED_ENVELOPE
B5_EXACT_SELECTED_DIAGNOSTIC,1,256,exact model-selection paid observations,301,X_BASE,8,9,4,v,0.8597089366160011,0.8485604114948659,0.47768955814730685,1.219431264842425,EMPIRICAL_CALIBRATED_ENVELOPE
B5_EXACT_SELECTED_DIAGNOSTIC,1,256,exact model-selection paid observations,301,X_BASE,8,9,5,pX,0.07873767675459974,0.06299011570101014,-0.30788073764654894,0.43386096904856924,EMPIRICAL_CALIBRATED_ENVELOPE
B5_EXACT_SELECTED_DIAGNOSTIC,1,256,exact model-selection paid observations,301,X_BASE,8,9,5,v,0.8599479784960076,0.8435670909322962,0.4726962375847371,1.2144379442798554,EMPIRICAL_CALIBRATED_ENVELOPE
B5_EXACT_SELECTED_DIAGNOSTIC,1,256,exact model-selection paid observations,301,X_BASE,8,10,0,pX,0.08568399951032434,0.0689311185850679,-0.3019397347624912,0.439801971932627,EMPIRICAL_CALIBRATED_ENVELOPE
B5_EXACT_SELECTED_DIAGNOSTIC,1,256,exact model-selection paid observations,301,X_BASE,8,10,0,v,0.8617343417992457,0.8375304115147122,0.4666595581671531,1.2084012648622713,EMPIRICAL_CALIBRATED_ENVELOPE
B5_EXACT_SELECTED_DIAGNOSTIC,1,256,exact model-selection paid observations,301,X_BASE,8,10,1,pX,0.08546414605684717,0.07917143479057108,-0.291699418556988,0.4500422881381302,EMPIRICAL_CALIBRATED_ENVELOPE
B5_EXACT_SELECTED_DIAGNOSTIC,1,256,exact model-selection paid observations,301,X_BASE,8,10,1,v,0.8616791778006062,0.8639929502274326,0.4931220968798735,1.2348638035749917,EMPIRICAL_CALIBRATED_ENVELOPE
B5_EXACT_SELECTED_DIAGNOSTIC,1,256,exact model-selection paid observations,301,X_BASE,8,10,2,pX,0.08211595001176399,0.07506649670447502,-0.2958043566430841,0.4459373500520341,EMPIRICAL_CALIBRATED_ENVELOPE
B5_EXACT_SELECTED_DIAGNOSTIC,1,256,exact model-selection paid observations,301,X_BASE,8,10,2,v,0.8630433508785005,0.8524257381608195,0.48155488481326036,1.2232965915083787,EMPIRICAL_CALIBRATED_ENVELOPE
B5_EXACT_SELECTED_DIAGNOSTIC,1,256,exact model-selection paid observations,301,X_BASE,8,10,3,pX,0.08226927948986938,0.05627549493294282,-0.3145953584146163,0.4271463482805019,EMPIRICAL_CALIBRATED_ENVELOPE
B5_EXACT_SELECTED_DIAGNOSTIC,1,256,exact model-selection paid observations,301,X_BASE,8,10,3,v,0.8626262829700155,0.8721216555862302,0.5012508022386711,1.2429925089337894,EMPIRICAL_CALIBRATED_ENVELOPE
B5_EXACT_SELECTED_DIAGNOSTIC,1,256,exact model-selection paid observations,301,X_BASE,8,10,4,pX,0.08027987430816565,0.08007177626421198,-0.2907990770833471,0.45094262961177106,EMPIRICAL_CALIBRATED_ENVELOPE
B5_EXACT_SELECTED_DIAGNOSTIC,1,256,exact model-selection paid observations,301,X_BASE,8,10,4,v,0.862613704791683,0.8484634299955528,0.4775925766479937,1.219334283343112,EMPIRICAL_CALIBRATED_ENVELOPE
B5_EXACT_SELECTED_DIAGNOSTIC,1,256,exact model-selection paid observations,301,X_BASE,8,10,5,pX,0.0802775987696694,0.06243351119464932,-0.30843734215290974,0.43330436454220844,EMPIRICAL_CALIBRATED_ENVELOPE
B5_EXACT_SELECTED_DIAGNOSTIC,1,256,exact model-selection paid observations,301,X_BASE,8,10,5,v,0.862772925245139,0.8423162483370588,0.47144539498949967,1.2131871016846179,EMPIRICAL_CALIBRATED_ENVELOPE
B5_EXACT_SELECTED_DIAGNOSTIC,1,256,exact model-selection paid observations,301,X_BASE,8,11,0,pX,0.08778371708810577,0.06867044911444449,-0.3022004042331146,0.43954130246200357,EMPIRICAL_CALIBRATED_ENVELOPE
B5_EXACT_SELECTED_DIAGNOSTIC,1,256,exact model-selection paid observations,301,X_BASE,8,11,0,v,0.8644135655914387,0.8363997588621886,0.46552890551462955,1.2072706122097476,EMPIRICAL_CALIBRATED_ENVELOPE
B5_EXACT_SELECTED_DIAGNOSTIC,1,256,exact model-selection paid observations,301,X_BASE,8,11,1,pX,0.08757901795017618,0.07989987343585125,-0.29097097991170784,0.45077072678341035,EMPIRICAL_CALIBRATED_ENVELOPE
B5_EXACT_SELECTED_DIAGNOSTIC,1,256,exact model-selection paid observations,301,X_BASE,8,11,1,v,0.8643155180972317,0.8651253011456818,0.49425444779812266,1.235996154493241,EMPIRICAL_CALIBRATED_ENVELOPE
B5_EXACT_SELECTED_DIAGNOSTIC,1,256,exact model-selection paid observations,301,X_BASE,8,11,2,pX,0.08417643551809913,0.07552645733470255,-0.29534439601285656,0.4463973106822616,EMPIRICAL_CALIBRATED_ENVELOPE
B5_EXACT_SELECTED_DIAGNOSTIC,1,256,exact model-selection paid observations,301,X_BASE,8,11,2,v,0.8654023017701958,0.8525673581327917,0.4816965047852326,1.2234382114803508,EMPIRICAL_CALIBRATED_ENVELOPE
B5_EXACT_SELECTED_DIAGNOSTIC,1,256,exact model-selection paid observations,301,X_BASE,8,11,3,pX,0.08435876295032145,0.055187101232108786,-0.3156837521154503,0.4260579545796679,EMPIRICAL_CALIBRATED_ENVELOPE
B5_EXACT_SELECTED_DIAGNOSTIC,1,256,exact model-selection paid observations,301,X_BASE,8,11,3,v,0.8649885963638451,0.8739985562364098,0.5031277028888507,1.244869409583969,EMPIRICAL_CALIBRATED_ENVELOPE
B5_EXACT_SELECTED_DIAGNOSTIC,1,256,exact model-selection paid observations,301,X_BASE,8,11,4,pX,0.08199997760126974,0.08094426157428401,-0.28992659177327507,0.4518151149218431,EMPIRICAL_CALIBRATED_ENVELOPE
B5_EXACT_SELECTED_DIAGNOSTIC,1,256,exact model-selection paid observations,301,X_BASE,8,11,4,v,0.865322174367396,0.8483884809868952,0.47751762763933614,1.2192593343344544,EMPIRICAL_CALIBRATED_ENVELOPE
B5_EXACT_SELECTED_DIAGNOSTIC,1,256,exact model-selection paid observations,301,X_BASE,8,11,5,pX,0.08198724985186596,0.06200335744097955,-0.3088674959065795,0.43287421078853866,EMPIRICAL_CALIBRATED_ENVELOPE
B5_EXACT_SELECTED_DIAGNOSTIC,1,256,exact model-selection paid observations,301,X_BASE,8,11,5,v,0.8654342255830474,0.8413495751760574,0.47047872182849826,1.2122204285236164,EMPIRICAL_CALIBRATED_ENVELOPE
B5_EXACT_SELECTED_DIAGNOSTIC,1,256,exact model-selection paid observations,301,X_BASE,8,12,0,pX,0.08991989773256691,0.06858398678684137,-0.30228686656071774,0.43945484013440045,EMPIRICAL_CALIBRATED_ENVELOPE
B5_EXACT_SELECTED_DIAGNOSTIC,1,256,exact model-selection paid observations,301,X_BASE,8,12,0,v,0.8688356821375182,0.8360247289063828,0.4651538755588237,1.2068955822539418,EMPIRICAL_CALIBRATED_ENVELOPE
B5_EXACT_SELECTED_DIAGNOSTIC,1,256,exact model-selection paid observations,301,X_BASE,8,12,1,pX,0.08971838770300426,0.08014149168380474,-0.29072936166375435,0.45101234503136384,EMPIRICAL_CALIBRATED_ENVELOPE
B5_EXACT_SELECTED_DIAGNOSTIC,1,256,exact model-selection paid observations,301,X_BASE,8,12,1,v,0.8687217215922816,0.86550089440492,0.49463004105736086,1.2363717477524792,EMPIRICAL_CALIBRATED_ENVELOPE
B5_EXACT_SELECTED_DIAGNOSTIC,1,256,exact model-selection paid observations,301,X_BASE,8,12,2,pX,0.08618211247742635,0.07567902321286298,-0.29519183013469613,0.44654987656042205,EMPIRICAL_CALIBRATED_ENVELOPE
B5_EXACT_SELECTED_DIAGNOSTIC,1,256,exact model-selection paid observations,301,X_BASE,8,12,2,v,0.8695368856587767,0.8526143325344451,0.481743479186886,1.2234851858820042,EMPIRICAL_CALIBRATED_ENVELOPE
B5_EXACT_SELECTED_DIAGNOSTIC,1,256,exact model-selection paid observations,301,X_BASE,8,12,3,pX,0.08637029165176206,0.05482608828917523,-0.31604476505838386,0.4256969416367343,EMPIRICAL_CALIBRATED_ENVELOPE
B5_EXACT_SELECTED_DIAGNOSTIC,1,256,exact model-selection paid observations,301,X_BASE,8,12,3,v,0.8692012996130162,0.8746211116837594,0.5037502583362004,1.2454919650313185,EMPIRICAL_CALIBRATED_ENVELOPE
B5_EXACT_SELECTED_DIAGNOSTIC,1,256,exact model-selection paid observations,301,X_BASE,8,12,4,pX,0.08374716931672348,0.08123365914173965,-0.28963719420581946,0.4521045124892987,EMPIRICAL_CALIBRATED_ENVELOPE
B5_EXACT_SELECTED_DIAGNOSTIC,1,256,exact model-selection paid observations,301,X_BASE,8,12,4,v,0.8697361992701987,0.8483636208998103,0.47749276755225123,1.2192344742473695,EMPIRICAL_CALIBRATED_ENVELOPE
B5_EXACT_SELECTED_DIAGNOSTIC,1,256,exact model-selection paid observations,301,X_BASE,8,12,5,pX,0.08372613724207119,0.061860678305288824,-0.30901017504227024,0.43273153165284794,EMPIRICAL_CALIBRATED_ENVELOPE
B5_EXACT_SELECTED_DIAGNOSTIC,1,256,exact model-selection paid observations,301,X_BASE,8,12,5,v,0.8698114812326458,0.841028936125647,0.4701580827780879,1.2118997894732062,EMPIRICAL_CALIBRATED_ENVELOPE
B5_EXACT_SELECTED_DIAGNOSTIC,1,256,exact model-selection paid observations,301,X_BASE,8,13,0,pX,0.09228422768921611,0.06808692979266652,-0.3027839235548926,0.4389577831402256,EMPIRICAL_CALIBRATED_ENVELOPE
B5_EXACT_SELECTED_DIAGNOSTIC,1,256,exact model-selection paid observations,301,X_BASE,8,13,0,v,0.8738244646505018,0.8338687464371849,0.4629978930896258,1.204739599784744,EMPIRICAL_CALIBRATED_ENVELOPE
B5_EXACT_SELECTED_DIAGNOSTIC,1,256,exact model-selection paid observations,301,X_BASE,8,13,1,pX,0.09213821458092492,0.08153051327731096,-0.2893403400702481,0.45240136662487007,EMPIRICAL_CALIBRATED_ENVELOPE
B5_EXACT_SELECTED_DIAGNOSTIC,1,256,exact model-selection paid observations,301,X_BASE,8,13,1,v,0.8736876030609484,0.8676601152082994,0.49678926186074035,1.2385309685558585,EMPIRICAL_CALIBRATED_ENVELOPE
B5_EXACT_SELECTED_DIAGNOSTIC,1,256,exact model-selection paid observations,301,X_BASE,8,13,2,pX,0.08830022661809939,0.07655609810680002,-0.29431475524075906,0.4474269514543591,EMPIRICAL_CALIBRATED_ENVELOPE
B5_EXACT_SELECTED_DIAGNOSTIC,1,256,exact model-selection paid observations,301,X_BASE,8,13,2,v,0.8742770767642158,0.8528843802596939,0.48201352691213484,1.223755233607253,EMPIRICAL_CALIBRATED_ENVELOPE
B5_EXACT_SELECTED_DIAGNOSTIC,1,256,exact model-selection paid observations,301,X_BASE,8,13,3,pX,0.08849155071781116,0.05275068720702492,-0.3181201661405342,0.423621540554584,EMPIRICAL_CALIBRATED_ENVELOPE
B5_EXACT_SELECTED_DIAGNOSTIC,1,256,exact model-selection paid observations,301,X_BASE,8,13,3,v,0.8740060848619546,0.8782000754700127,0.5073292221224536,1.2490709288175719,EMPIRICAL_CALIBRATED_ENVELOPE
B5_EXACT_SELECTED_DIAGNOSTIC,1,256,exact model-selection paid observations,301,X_BASE,8,13,4,pX,0.08565703046811292,0.08289735579424344,-0.28797349755331564,0.45376820914180255,EMPIRICAL_CALIBRATED_ENVELOPE
B5_EXACT_SELECTED_DIAGNOSTIC,1,256,exact model-selection paid observations,301,X_BASE,8,13,4,v,0.8747009757352409,0.8482207045511079,0.4773498512035488,1.219091557898667,EMPIRICAL_CALIBRATED_ENVELOPE
B5_EXACT_SELECTED_DIAGNOSTIC,1,256,exact model-selection paid observations,301,X_BASE,8,13,5,pX,0.08564823623791123,0.06104044058692168,-0.3098304127606374,0.4319112939344808,EMPIRICAL_CALIBRATED_ENVELOPE
B5_EXACT_SELECTED_DIAGNOSTIC,1,256,exact model-selection paid observations,301,X_BASE,8,13,5,v,0.8747269458877814,0.8391856375812963,0.4683147842337372,1.2100564909288554,EMPIRICAL_CALIBRATED_ENVELOPE
B5_EXACT_SELECTED_DIAGNOSTIC,1,256,exact model-selection paid observations,301,X_BASE,8,14,0,pX,0.0948048763432194,0.06745251891260255,-0.3034183344349565,0.43832337226016166,EMPIRICAL_CALIBRATED_ENVELOPE
B5_EXACT_SELECTED_DIAGNOSTIC,1,256,exact model-selection paid observations,301,X_BASE,8,14,0,v,0.8789388744930592,0.8311169921077706,0.4602461387602115,1.2019878454553297,EMPIRICAL_CALIBRATED_ENVELOPE
B5_EXACT_SELECTED_DIAGNOSTIC,1,256,exact model-selection paid observations,301,X_BASE,8,14,1,pX,0.09469816753767536,0.08330336915076471,-0.2875674841967944,0.4541742224983238,EMPIRICAL_CALIBRATED_ENVELOPE
B5_EXACT_SELECTED_DIAGNOSTIC,1,256,exact model-selection paid observations,301,X_BASE,8,14,1,v,0.8787793466836505,0.8704160027346352,0.49954514938707606,1.2412868560821941,EMPIRICAL_CALIBRATED_ENVELOPE
B5_EXACT_SELECTED_DIAGNOSTIC,1,256,exact model-selection paid observations,301,X_BASE,8,14,2,pX,0.09057910457384417,0.07767553885879731,-0.2931953144887618,0.4485463922063564,EMPIRICAL_CALIBRATED_ENVELOPE
B5_EXACT_SELECTED_DIAGNOSTIC,1,256,exact model-selection paid observations,301,X_BASE,8,14,2,v,0.8791623410571698,0.8532290514282765,0.48235819808071745,1.2240999047758356,EMPIRICAL_CALIBRATED_ENVELOPE
B5_EXACT_SELECTED_DIAGNOSTIC,1,256,exact model-selection paid observations,301,X_BASE,8,14,3,pX,0.09076170968748996,0.05010178166411335,-0.32076907168344576,0.4209726350116724,EMPIRICAL_CALIBRATED_ENVELOPE
B5_EXACT_SELECTED_DIAGNOSTIC,1,256,exact model-selection paid observations,301,X_BASE,8,14,3,v,0.8789193634077057,0.8827680296321372,0.5118971762845781,1.2536388829796963,EMPIRICAL_CALIBRATED_ENVELOPE
B5_EXACT_SELECTED_DIAGNOSTIC,1,256,exact model-selection paid observations,301,X_BASE,8,14,4,pX,0.08770443334475968,0.08502078886096158,-0.2858500644865975,0.4558916422085207,EMPIRICAL_CALIBRATED_ENVELOPE
B5_EXACT_SELECTED_DIAGNOSTIC,1,256,exact model-selection paid observations,301,X_BASE,8,14,4,v,0.8797888742728571,0.8480382955162921,0.47716744216873297,1.218909148863851,EMPIRICAL_CALIBRATED_ENVELOPE
B5_EXACT_SELECTED_DIAGNOSTIC,1,256,exact model-selection paid observations,301,X_BASE,8,14,5,pX,0.08769755669094505,0.059993543070400855,-0.31087731027715826,0.4308643964179599,EMPIRICAL_CALIBRATED_ENVELOPE
B5_EXACT_SELECTED_DIAGNOSTIC,1,256,exact model-selection paid observations,301,X_BASE,8,14,5,v,0.8797583669632962,0.8368329724635193,0.4659621191159602,1.2077038258110784,EMPIRICAL_CALIBRATED_ENVELOPE
B5_EXACT_SELECTED_DIAGNOSTIC,1,256,exact model-selection paid observations,301,X_BASE,8,15,0,pX,0.09745079151617438,0.06690760217936878,-0.30396325116819034,0.43777845552692785,EMPIRICAL_CALIBRATED_ENVELOPE
B5_EXACT_SELECTED_DIAGNOSTIC,1,256,exact model-selection paid observations,301,X_BASE,8,15,0,v,0.8836121687634533,0.828753418236378,0.45788256488881895,1.1996242715839371,EMPIRICAL_CALIBRATED_ENVELOPE
B5_EXACT_SELECTED_DIAGNOSTIC,1,256,exact model-selection paid observations,301,X_BASE,8,15,1,pX,0.09738132188381234,0.08482613438291094,-0.28604471896464817,0.45569698773047,EMPIRICAL_CALIBRATED_ENVELOPE
B5_EXACT_SELECTED_DIAGNOSTIC,1,256,exact model-selection paid observations,301,X_BASE,8,15,1,v,0.8833964599915775,0.8727831267471664,0.5019122733996073,1.2436539800947255,EMPIRICAL_CALIBRATED_ENVELOPE
B5_EXACT_SELECTED_DIAGNOSTIC,1,256,exact model-selection paid observations,301,X_BASE,8,15,2,pX,0.09294301387235826,0.07863706397886715,-0.29223378936869193,0.44950791732642625,EMPIRICAL_CALIBRATED_ENVELOPE
B5_EXACT_SELECTED_DIAGNOSTIC,1,256,exact model-selection paid observations,301,X_BASE,8,15,2,v,0.883662414988463,0.8535251010281903,0.48265424768063125,1.2243959543757494,EMPIRICAL_CALIBRATED_ENVELOPE
B5_EXACT_SELECTED_DIAGNOSTIC,1,256,exact model-selection paid observations,301,X_BASE,8,15,3,pX,0.09311075600435903,0.047826548056923913,-0.32304430529063516,0.418697401404483,EMPIRICAL_CALIBRATED_ENVELOPE
B5_EXACT_SELECTED_DIAGNOSTIC,1,256,exact model-selection paid observations,301,X_BASE,8,15,3,v,0.8833969096003227,0.8866915983126358,0.5158207449650767,1.2575624516601949,EMPIRICAL_CALIBRATED_ENVELOPE
B5_EXACT_SELECTED_DIAGNOSTIC,1,256,exact model-selection paid observations,301,X_BASE,8,15,4,pX,0.08987303025938655,0.08684467657524532,-0.2840261767723138,0.4577155299228044,EMPIRICAL_CALIBRATED_ENVELOPE
B5_EXACT_SELECTED_DIAGNOSTIC,1,256,exact model-selection paid observations,301,X_BASE,8,15,4,v,0.8844554923236767,0.8478816182926069,0.4770107649450478,1.2187524716401659,EMPIRICAL_CALIBRATED_ENVELOPE
B5_EXACT_SELECTED_DIAGNOSTIC,1,256,exact model-selection paid observations,301,X_BASE,8,15,5,pX,0.08990224382229835,0.059094327762688054,-0.311776525584871,0.4299651811102472,EMPIRICAL_CALIBRATED_ENVELOPE
B5_EXACT_SELECTED_DIAGNOSTIC,1,256,exact model-selection paid observations,301,X_BASE,8,15,5,v,0.884347960761845,0.8348121896701303,0.4639413363225712,1.2056830430176895,EMPIRICAL_CALIBRATED_ENVELOPE
B5_EXACT_SELECTED_DIAGNOSTIC,1,256,exact model-selection paid observations,301,X_BASE,8,16,0,pX,0.10001740210497508,0.06656292912746078,-0.30430792422009834,0.43743378247501985,EMPIRICAL_CALIBRATED_ENVELOPE
B5_EXACT_SELECTED_DIAGNOSTIC,1,256,exact model-selection paid observations,301,X_BASE,8,16,0,v,0.8878007125183736,0.8272584004291099,0.4563875470815508,1.198129253776669,EMPIRICAL_CALIBRATED_ENVELOPE
B5_EXACT_SELECTED_DIAGNOSTIC,1,256,exact model-selection paid observations,301,X_BASE,8,16,1,pX,0.0999659939985917,0.08578932033021795,-0.2850815330173411,0.45666017367777706,EMPIRICAL_CALIBRATED_ENVELOPE
B5_EXACT_SELECTED_DIAGNOSTIC,1,256,exact model-selection paid observations,301,X_BASE,8,16,1,v,0.8875002930762721,0.8742803901048212,0.5034095367572621,1.2451512434523804,EMPIRICAL_CALIBRATED_ENVELOPE
B5_EXACT_SELECTED_DIAGNOSTIC,1,256,exact model-selection paid observations,301,X_BASE,8,16,2,pX,0.09527117361856509,0.07924525194118925,-0.29162560140636984,0.45011610528874835,EMPIRICAL_CALIBRATED_ENVELOPE
B5_EXACT_SELECTED_DIAGNOSTIC,1,256,exact model-selection paid observations,301,X_BASE,8,16,2,v,0.8877358431905799,0.8537123595814612,0.4828415062339021,1.2245832129290202,EMPIRICAL_CALIBRATED_ENVELOPE
B5_EXACT_SELECTED_DIAGNOSTIC,1,256,exact model-selection paid observations,301,X_BASE,8,16,3,pX,0.0953963880857829,0.04638740760964908,-0.32448344573791,0.4172582609572082,EMPIRICAL_CALIBRATED_ENVELOPE
B5_EXACT_SELECTED_DIAGNOSTIC,1,256,exact model-selection paid observations,301,X_BASE,8,16,3,v,0.8874120592206055,0.889173350677722,0.5183024973301629,1.260044204025281,EMPIRICAL_CALIBRATED_ENVELOPE
B5_EXACT_SELECTED_DIAGNOSTIC,1,256,exact model-selection paid observations,301,X_BASE,8,16,4,pX,0.0919720107275883,0.08799832979688342,-0.28287252355067566,0.4588691831444425,EMPIRICAL_CALIBRATED_ENVELOPE
B5_EXACT_SELECTED_DIAGNOSTIC,1,256,exact model-selection paid observations,301,X_BASE,8,16,4,v,0.888644126942365,0.84778251614808,0.4769116628005209,1.2186533694956392,EMPIRICAL_CALIBRATED_ENVELOPE
B5_EXACT_SELECTED_DIAGNOSTIC,1,256,exact model-selection paid observations,301,X_BASE,8,16,5,pX,0.09202906494357255,0.05852555226814149,-0.3123453010794176,0.4293964056157006,EMPIRICAL_CALIBRATED_ENVELOPE
B5_EXACT_SELECTED_DIAGNOSTIC,1,256,exact model-selection paid observations,301,X_BASE,8,16,5,v,0.8884369803046621,0.8335339955348408,0.46266314218728166,1.2044048488823997,EMPIRICAL_CALIBRATED_ENVELOPE
