method,rank_cap,n,telemetry,H,fit_budget,mean_fit_cpu_seconds,mean_telemetry_cpu_seconds_per_step,mean_toy_exact_panel_cpu_seconds,mean_local_branch_cpu_seconds,calibration_cpu_seconds,calibration_panels_required,model_cpu_seconds_at_H,dense_cpu_seconds_at_H,cpu_break_even_horizon,scope,count_sampling_per_configuration_seconds,cpu_cost_is_lower_bound_from_measured_components,cpu_cost_status
B0_PERSISTENCE,0,exact,PROJECTION_AND_PATH,1,8,0.0,0.0,0.0001351642966504898,0.00029759924066075614,0.0,0,0.0001351642966504898,0.0001351642966504898,1,measured mean toy exact panel and branch allocation; count sampling and serialization excluded,,True,MEASURED_COMPONENTS_BELOW_DENSE_COST_TOTAL_UNKNOWN
B0_PERSISTENCE,0,exact,PROJECTION_AND_NET_DISPLACEMENT,1,8,0.0,0.0,0.0001351642966504898,0.00029759924066075614,0.0,0,0.0001351642966504898,0.0001351642966504898,1,measured mean toy exact panel and branch allocation; count sampling and serialization excluded,,True,MEASURED_COMPONENTS_BELOW_DENSE_COST_TOTAL_UNKNOWN
B0_PERSISTENCE,0,exact,PROJECTION_AND_PATH,2,8,0.0,0.0,0.0001351642966504898,0.00029759924066075614,0.0,0,0.0001351642966504898,0.0002703285933009796,1,measured mean toy exact panel and branch allocation; count sampling and serialization excluded,,True,MEASURED_COMPONENTS_BELOW_DENSE_COST_TOTAL_UNKNOWN
B0_PERSISTENCE,0,exact,PROJECTION_AND_NET_DISPLACEMENT,2,8,0.0,0.0,0.0001351642966504898,0.00029759924066075614,0.0,0,0.0001351642966504898,0.0002703285933009796,1,measured mean toy exact panel and branch allocation; count sampling and serialization excluded,,True,MEASURED_COMPONENTS_BELOW_DENSE_COST_TOTAL_UNKNOWN
B0_PERSISTENCE,0,exact,PROJECTION_AND_PATH,4,8,0.0,0.0,0.0001351642966504898,0.00029759924066075614,0.0,0,0.0001351642966504898,0.0005406571866019592,1,measured mean toy exact panel and branch allocation; count sampling and serialization excluded,,True,MEASURED_COMPONENTS_BELOW_DENSE_COST_TOTAL_UNKNOWN
B0_PERSISTENCE,0,exact,PROJECTION_AND_NET_DISPLACEMENT,4,8,0.0,0.0,0.0001351642966504898,0.00029759924066075614,0.0,0,0.0001351642966504898,0.0005406571866019592,1,measured mean toy exact panel and branch allocation; count sampling and serialization excluded,,True,MEASURED_COMPONENTS_BELOW_DENSE_COST_TOTAL_UNKNOWN
B0_PERSISTENCE,0,exact,PROJECTION_AND_PATH,8,8,0.0,0.0,0.0001351642966504898,0.00029759924066075614,0.0,0,0.0001351642966504898,0.0010813143732039184,1,measured mean toy exact panel and branch allocation; count sampling and serialization excluded,,True,MEASURED_COMPONENTS_BELOW_DENSE_COST_TOTAL_UNKNOWN
B0_PERSISTENCE,0,exact,PROJECTION_AND_NET_DISPLACEMENT,8,8,0.0,0.0,0.0001351642966504898,0.00029759924066075614,0.0,0,0.0001351642966504898,0.0010813143732039184,1,measured mean toy exact panel and branch allocation; count sampling and serialization excluded,,True,MEASURED_COMPONENTS_BELOW_DENSE_COST_TOTAL_UNKNOWN
B0_PERSISTENCE,0,exact,PROJECTION_AND_PATH,16,8,0.0,0.0,0.0001351642966504898,0.00029759924066075614,0.0,0,0.0001351642966504898,0.002162628746407837,1,measured mean toy exact panel and branch allocation; count sampling and serialization excluded,,True,MEASURED_COMPONENTS_BELOW_DENSE_COST_TOTAL_UNKNOWN
B0_PERSISTENCE,0,exact,PROJECTION_AND_NET_DISPLACEMENT,16,8,0.0,0.0,0.0001351642966504898,0.00029759924066075614,0.0,0,0.0001351642966504898,0.002162628746407837,1,measured mean toy exact panel and branch allocation; count sampling and serialization excluded,,True,MEASURED_COMPONENTS_BELOW_DENSE_COST_TOTAL_UNKNOWN
B6_FULL_Q_RIDGE,FULL,exact,PROJECTION_AND_PATH,1,8,0.0004606250188468645,1.9171423142931113e-06,0.0001351642966504898,0.00029759924066075614,0.010846949914316766,24,0.010984031353281548,0.0001351642966504898,83,measured mean toy exact panel and branch allocation; count sampling and serialization excluded,,True,NOT_COST_FEASIBLE_AT_TESTED_HORIZON
B6_FULL_Q_RIDGE,FULL,exact,PROJECTION_AND_NET_DISPLACEMENT,1,8,0.0004606250188468645,3.115756529344556e-06,0.0001351642966504898,0.00029759924066075614,0.010846949914316766,24,0.0109852299674966,0.0001351642966504898,84,measured mean toy exact panel and branch allocation; count sampling and serialization excluded,,True,NOT_COST_FEASIBLE_AT_TESTED_HORIZON
B6_FULL_Q_RIDGE,FULL,exact,PROJECTION_AND_PATH,2,8,0.0004606250188468645,1.9171423142931113e-06,0.0001351642966504898,0.00029759924066075614,0.010846949914316766,24,0.010985948495595841,0.0002703285933009796,83,measured mean toy exact panel and branch allocation; count sampling and serialization excluded,,True,NOT_COST_FEASIBLE_AT_TESTED_HORIZON
B6_FULL_Q_RIDGE,FULL,exact,PROJECTION_AND_NET_DISPLACEMENT,2,8,0.0004606250188468645,3.115756529344556e-06,0.0001351642966504898,0.00029759924066075614,0.010846949914316766,24,0.010988345724025945,0.0002703285933009796,84,measured mean toy exact panel and branch allocation; count sampling and serialization excluded,,True,NOT_COST_FEASIBLE_AT_TESTED_HORIZON
B6_FULL_Q_RIDGE,FULL,exact,PROJECTION_AND_PATH,4,8,0.0004606250188468645,1.9171423142931113e-06,0.0001351642966504898,0.00029759924066075614,0.010846949914316766,24,0.010989782780224428,0.0005406571866019592,83,measured mean toy exact panel and branch allocation; count sampling and serialization excluded,,True,NOT_COST_FEASIBLE_AT_TESTED_HORIZON
B6_FULL_Q_RIDGE,FULL,exact,PROJECTION_AND_NET_DISPLACEMENT,4,8,0.0004606250188468645,3.115756529344556e-06,0.0001351642966504898,0.00029759924066075614,0.010846949914316766,24,0.010994577237084633,0.0005406571866019592,84,measured mean toy exact panel and branch allocation; count sampling and serialization excluded,,True,NOT_COST_FEASIBLE_AT_TESTED_HORIZON
B6_FULL_Q_RIDGE,FULL,exact,PROJECTION_AND_PATH,8,8,0.0004606250188468645,1.9171423142931113e-06,0.0001351642966504898,0.00029759924066075614,0.010846949914316766,24,0.0109974513494816,0.0010813143732039184,83,measured mean toy exact panel and branch allocation; count sampling and serialization excluded,,True,NOT_COST_FEASIBLE_AT_TESTED_HORIZON
B6_FULL_Q_RIDGE,FULL,exact,PROJECTION_AND_NET_DISPLACEMENT,8,8,0.0004606250188468645,3.115756529344556e-06,0.0001351642966504898,0.00029759924066075614,0.010846949914316766,24,0.011007040263202011,0.0010813143732039184,84,measured mean toy exact panel and branch allocation; count sampling and serialization excluded,,True,NOT_COST_FEASIBLE_AT_TESTED_HORIZON
B6_FULL_Q_RIDGE,FULL,exact,PROJECTION_AND_PATH,16,8,0.0004606250188468645,1.9171423142931113e-06,0.0001351642966504898,0.00029759924066075614,0.010846949914316766,24,0.011012788487995945,0.002162628746407837,83,measured mean toy exact panel and branch allocation; count sampling and serialization excluded,,True,NOT_COST_FEASIBLE_AT_TESTED_HORIZON
B6_FULL_Q_RIDGE,FULL,exact,PROJECTION_AND_NET_DISPLACEMENT,16,8,0.0004606250188468645,3.115756529344556e-06,0.0001351642966504898,0.00029759924066075614,0.010846949914316766,24,0.011031966315436768,0.002162628746407837,84,measured mean toy exact panel and branch allocation; count sampling and serialization excluded,,True,NOT_COST_FEASIBLE_AT_TESTED_HORIZON
B5_WORST_GROUP_RANK,0,exact,PROJECTION_AND_PATH,1,8,0.0004713791771791875,1.2636692796756203e-06,0.0001351642966504898,0.00029759924066075614,0.01085770407264909,24,0.010994132038579255,0.0001351642966504898,83,measured mean toy exact panel and branch allocation; count sampling and serialization excluded,,True,NOT_COST_FEASIBLE_AT_TESTED_HORIZON
B5_WORST_GROUP_RANK,0,exact,PROJECTION_AND_NET_DISPLACEMENT,1,8,0.0004713791771791875,2.3064209623650336e-06,0.0001351642966504898,0.00029759924066075614,0.01085770407264909,24,0.010995174790261943,0.0001351642966504898,83,measured mean toy exact panel and branch allocation; count sampling and serialization excluded,,True,NOT_COST_FEASIBLE_AT_TESTED_HORIZON
B5_WORST_GROUP_RANK,0,exact,PROJECTION_AND_PATH,2,8,0.0004713791771791875,1.2636692796756203e-06,0.0001351642966504898,0.00029759924066075614,0.01085770407264909,24,0.01099539570785893,0.0002703285933009796,83,measured mean toy exact panel and branch allocation; count sampling and serialization excluded,,True,NOT_COST_FEASIBLE_AT_TESTED_HORIZON
B5_WORST_GROUP_RANK,0,exact,PROJECTION_AND_NET_DISPLACEMENT,2,8,0.0004713791771791875,2.3064209623650336e-06,0.0001351642966504898,0.00029759924066075614,0.01085770407264909,24,0.010997481211224309,0.0002703285933009796,83,measured mean toy exact panel and branch allocation; count sampling and serialization excluded,,True,NOT_COST_FEASIBLE_AT_TESTED_HORIZON
B5_WORST_GROUP_RANK,0,exact,PROJECTION_AND_PATH,4,8,0.0004713791771791875,1.2636692796756203e-06,0.0001351642966504898,0.00029759924066075614,0.01085770407264909,24,0.01099792304641828,0.0005406571866019592,83,measured mean toy exact panel and branch allocation; count sampling and serialization excluded,,True,NOT_COST_FEASIBLE_AT_TESTED_HORIZON
B5_WORST_GROUP_RANK,0,exact,PROJECTION_AND_NET_DISPLACEMENT,4,8,0.0004713791771791875,2.3064209623650336e-06,0.0001351642966504898,0.00029759924066075614,0.01085770407264909,24,0.011002094053149038,0.0005406571866019592,83,measured mean toy exact panel and branch allocation; count sampling and serialization excluded,,True,NOT_COST_FEASIBLE_AT_TESTED_HORIZON
B5_WORST_GROUP_RANK,0,exact,PROJECTION_AND_PATH,8,8,0.0004713791771791875,1.2636692796756203e-06,0.0001351642966504898,0.00029759924066075614,0.01085770407264909,24,0.011002977723536983,0.0010813143732039184,83,measured mean toy exact panel and branch allocation; count sampling and serialization excluded,,True,NOT_COST_FEASIBLE_AT_TESTED_HORIZON
B5_WORST_GROUP_RANK,0,exact,PROJECTION_AND_NET_DISPLACEMENT,8,8,0.0004713791771791875,2.3064209623650336e-06,0.0001351642966504898,0.00029759924066075614,0.01085770407264909,24,0.011011319736998499,0.0010813143732039184,83,measured mean toy exact panel and branch allocation; count sampling and serialization excluded,,True,NOT_COST_FEASIBLE_AT_TESTED_HORIZON
B5_WORST_GROUP_RANK,0,exact,PROJECTION_AND_PATH,16,8,0.0004713791771791875,1.2636692796756203e-06,0.0001351642966504898,0.00029759924066075614,0.01085770407264909,24,0.011013087077774389,0.002162628746407837,83,measured mean toy exact panel and branch allocation; count sampling and serialization excluded,,True,NOT_COST_FEASIBLE_AT_TESTED_HORIZON
B5_WORST_GROUP_RANK,0,exact,PROJECTION_AND_NET_DISPLACEMENT,16,8,0.0004713791771791875,2.3064209623650336e-06,0.0001351642966504898,0.00029759924066075614,0.01085770407264909,24,0.011029771104697418,0.002162628746407837,83,measured mean toy exact panel and branch allocation; count sampling and serialization excluded,,True,NOT_COST_FEASIBLE_AT_TESTED_HORIZON
NORM_ONLY_LOCAL_RIDGE,1,exact,NORM_ONLY,1,8,8.478468516841531e-05,1.4380180800799281e-06,0.0001351642966504898,0.00029759924066075614,0.010471109580638318,24,0.010607711895368887,0.0001351642966504898,80,measured mean toy exact panel and branch allocation; count sampling and serialization excluded,,True,NOT_COST_FEASIBLE_AT_TESTED_HORIZON
NORM_ONLY_LOCAL_RIDGE,1,exact,NORM_ONLY,2,8,8.478468516841531e-05,1.4380180800799281e-06,0.0001351642966504898,0.00029759924066075614,0.010471109580638318,24,0.010609149913448968,0.0002703285933009796,80,measured mean toy exact panel and branch allocation; count sampling and serialization excluded,,True,NOT_COST_FEASIBLE_AT_TESTED_HORIZON
NORM_ONLY_LOCAL_RIDGE,1,exact,NORM_ONLY,4,8,8.478468516841531e-05,1.4380180800799281e-06,0.0001351642966504898,0.00029759924066075614,0.010471109580638318,24,0.010612025949609126,0.0005406571866019592,80,measured mean toy exact panel and branch allocation; count sampling and serialization excluded,,True,NOT_COST_FEASIBLE_AT_TESTED_HORIZON
NORM_ONLY_LOCAL_RIDGE,1,exact,NORM_ONLY,8,8,8.478468516841531e-05,1.4380180800799281e-06,0.0001351642966504898,0.00029759924066075614,0.010471109580638318,24,0.010617778021929446,0.0010813143732039184,80,measured mean toy exact panel and branch allocation; count sampling and serialization excluded,,True,NOT_COST_FEASIBLE_AT_TESTED_HORIZON
NORM_ONLY_LOCAL_RIDGE,1,exact,NORM_ONLY,16,8,8.478468516841531e-05,1.4380180800799281e-06,0.0001351642966504898,0.00029759924066075614,0.010471109580638318,24,0.010629282166570086,0.002162628746407837,80,measured mean toy exact panel and branch allocation; count sampling and serialization excluded,,True,NOT_COST_FEASIBLE_AT_TESTED_HORIZON
B5_EXACT_SELECTED_DIAGNOSTIC,1,exact,PROJECTION_AND_PATH,1,8,0.0004819694925875713,1.6900668318461006e-06,0.0001351642966504898,0.00029759924066075614,0.010868294388057474,24,0.011005148751539809,0.0001351642966504898,83,measured mean toy exact panel and branch allocation; count sampling and serialization excluded,,True,NOT_COST_FEASIBLE_AT_TESTED_HORIZON
B5_EXACT_SELECTED_DIAGNOSTIC,1,exact,PROJECTION_AND_NET_DISPLACEMENT,1,8,0.0004819694925875713,2.7389782189857214e-06,0.0001351642966504898,0.00029759924066075614,0.010868294388057474,24,0.011006197662926948,0.0001351642966504898,84,measured mean toy exact panel and branch allocation; count sampling and serialization excluded,,True,NOT_COST_FEASIBLE_AT_TESTED_HORIZON
B5_EXACT_SELECTED_DIAGNOSTIC,1,exact,PROJECTION_AND_PATH,2,8,0.0004819694925875713,1.6900668318461006e-06,0.0001351642966504898,0.00029759924066075614,0.010868294388057474,24,0.011006838818371655,0.0002703285933009796,83,measured mean toy exact panel and branch allocation; count sampling and serialization excluded,,True,NOT_COST_FEASIBLE_AT_TESTED_HORIZON
B5_EXACT_SELECTED_DIAGNOSTIC,1,exact,PROJECTION_AND_NET_DISPLACEMENT,2,8,0.0004819694925875713,2.7389782189857214e-06,0.0001351642966504898,0.00029759924066075614,0.010868294388057474,24,0.011008936641145934,0.0002703285933009796,84,measured mean toy exact panel and branch allocation; count sampling and serialization excluded,,True,NOT_COST_FEASIBLE_AT_TESTED_HORIZON
B5_EXACT_SELECTED_DIAGNOSTIC,1,exact,PROJECTION_AND_PATH,4,8,0.0004819694925875713,1.6900668318461006e-06,0.0001351642966504898,0.00029759924066075614,0.010868294388057474,24,0.011010218952035347,0.0005406571866019592,83,measured mean toy exact panel and branch allocation; count sampling and serialization excluded,,True,NOT_COST_FEASIBLE_AT_TESTED_HORIZON
B5_EXACT_SELECTED_DIAGNOSTIC,1,exact,PROJECTION_AND_NET_DISPLACEMENT,4,8,0.0004819694925875713,2.7389782189857214e-06,0.0001351642966504898,0.00029759924066075614,0.010868294388057474,24,0.011014414597583906,0.0005406571866019592,84,measured mean toy exact panel and branch allocation; count sampling and serialization excluded,,True,NOT_COST_FEASIBLE_AT_TESTED_HORIZON
B5_EXACT_SELECTED_DIAGNOSTIC,1,exact,PROJECTION_AND_PATH,8,8,0.0004819694925875713,1.6900668318461006e-06,0.0001351642966504898,0.00029759924066075614,0.010868294388057474,24,0.011016979219362733,0.0010813143732039184,83,measured mean toy exact panel and branch allocation; count sampling and serialization excluded,,True,NOT_COST_FEASIBLE_AT_TESTED_HORIZON
B5_EXACT_SELECTED_DIAGNOSTIC,1,exact,PROJECTION_AND_NET_DISPLACEMENT,8,8,0.0004819694925875713,2.7389782189857214e-06,0.0001351642966504898,0.00029759924066075614,0.010868294388057474,24,0.01102537051045985,0.0010813143732039184,84,measured mean toy exact panel and branch allocation; count sampling and serialization excluded,,True,NOT_COST_FEASIBLE_AT_TESTED_HORIZON
B5_EXACT_SELECTED_DIAGNOSTIC,1,exact,PROJECTION_AND_PATH,16,8,0.0004819694925875713,1.6900668318461006e-06,0.0001351642966504898,0.00029759924066075614,0.010868294388057474,24,0.0110304997540175,0.002162628746407837,83,measured mean toy exact panel and branch allocation; count sampling and serialization excluded,,True,NOT_COST_FEASIBLE_AT_TESTED_HORIZON
B5_EXACT_SELECTED_DIAGNOSTIC,1,exact,PROJECTION_AND_NET_DISPLACEMENT,16,8,0.0004819694925875713,2.7389782189857214e-06,0.0001351642966504898,0.00029759924066075614,0.010868294388057474,24,0.011047282336211734,0.002162628746407837,84,measured mean toy exact panel and branch allocation; count sampling and serialization excluded,,True,NOT_COST_FEASIBLE_AT_TESTED_HORIZON
B5_WORST_GROUP_RANK,1,exact,PROJECTION_AND_PATH,1,8,0.00047080560470931233,1.7326408851658926e-06,0.0001351642966504898,0.00029759924066075614,0.010857130500179214,24,0.010994027437714868,0.0001351642966504898,83,measured mean toy exact panel and branch allocation; count sampling and serialization excluded,,True,NOT_COST_FEASIBLE_AT_TESTED_HORIZON
B5_WORST_GROUP_RANK,1,exact,PROJECTION_AND_NET_DISPLACEMENT,1,8,0.00047080560470931233,2.8279065494037543e-06,0.0001351642966504898,0.00029759924066075614,0.010857130500179214,24,0.010995122703379106,0.0001351642966504898,84,measured mean toy exact panel and branch allocation; count sampling and serialization excluded,,True,NOT_COST_FEASIBLE_AT_TESTED_HORIZON
B5_WORST_GROUP_RANK,1,exact,PROJECTION_AND_PATH,2,8,0.00047080560470931233,1.7326408851658926e-06,0.0001351642966504898,0.00029759924066075614,0.010857130500179214,24,0.010995760078600035,0.0002703285933009796,83,measured mean toy exact panel and branch allocation; count sampling and serialization excluded,,True,NOT_COST_FEASIBLE_AT_TESTED_HORIZON
B5_WORST_GROUP_RANK,1,exact,PROJECTION_AND_NET_DISPLACEMENT,2,8,0.00047080560470931233,2.8279065494037543e-06,0.0001351642966504898,0.00029759924066075614,0.010857130500179214,24,0.01099795060992851,0.0002703285933009796,84,measured mean toy exact panel and branch allocation; count sampling and serialization excluded,,True,NOT_COST_FEASIBLE_AT_TESTED_HORIZON
B5_WORST_GROUP_RANK,1,exact,PROJECTION_AND_PATH,4,8,0.00047080560470931233,1.7326408851658926e-06,0.0001351642966504898,0.00029759924066075614,0.010857130500179214,24,0.010999225360370367,0.0005406571866019592,83,measured mean toy exact panel and branch allocation; count sampling and serialization excluded,,True,NOT_COST_FEASIBLE_AT_TESTED_HORIZON
B5_WORST_GROUP_RANK,1,exact,PROJECTION_AND_NET_DISPLACEMENT,4,8,0.00047080560470931233,2.8279065494037543e-06,0.0001351642966504898,0.00029759924066075614,0.010857130500179214,24,0.011003606423027317,0.0005406571866019592,84,measured mean toy exact panel and branch allocation; count sampling and serialization excluded,,True,NOT_COST_FEASIBLE_AT_TESTED_HORIZON
B5_WORST_GROUP_RANK,1,exact,PROJECTION_AND_PATH,8,8,0.00047080560470931233,1.7326408851658926e-06,0.0001351642966504898,0.00029759924066075614,0.010857130500179214,24,0.01100615592391103,0.0010813143732039184,83,measured mean toy exact panel and branch allocation; count sampling and serialization excluded,,True,NOT_COST_FEASIBLE_AT_TESTED_HORIZON
B5_WORST_GROUP_RANK,1,exact,PROJECTION_AND_NET_DISPLACEMENT,8,8,0.00047080560470931233,2.8279065494037543e-06,0.0001351642966504898,0.00029759924066075614,0.010857130500179214,24,0.011014918049224933,0.0010813143732039184,84,measured mean toy exact panel and branch allocation; count sampling and serialization excluded,,True,NOT_COST_FEASIBLE_AT_TESTED_HORIZON
B5_WORST_GROUP_RANK,1,exact,PROJECTION_AND_PATH,16,8,0.00047080560470931233,1.7326408851658926e-06,0.0001351642966504898,0.00029759924066075614,0.010857130500179214,24,0.011020017050992356,0.002162628746407837,83,measured mean toy exact panel and branch allocation; count sampling and serialization excluded,,True,NOT_COST_FEASIBLE_AT_TESTED_HORIZON
B5_WORST_GROUP_RANK,1,exact,PROJECTION_AND_NET_DISPLACEMENT,16,8,0.00047080560470931233,2.8279065494037543e-06,0.0001351642966504898,0.00029759924066075614,0.010857130500179214,24,0.011037541301620163,0.002162628746407837,84,measured mean toy exact panel and branch allocation; count sampling and serialization excluded,,True,NOT_COST_FEASIBLE_AT_TESTED_HORIZON
B5_WORST_GROUP_RANK,2,exact,PROJECTION_AND_PATH,1,8,0.00048471734626218674,1.821655193149733e-06,0.0001351642966504898,0.00029759924066075614,0.010871042241732088,24,0.011008028193575728,0.0001351642966504898,83,measured mean toy exact panel and branch allocation; count sampling and serialization excluded,,True,NOT_COST_FEASIBLE_AT_TESTED_HORIZON
B5_WORST_GROUP_RANK,2,exact,PROJECTION_AND_NET_DISPLACEMENT,1,8,0.00048471734626218674,2.9279490263434127e-06,0.0001351642966504898,0.00029759924066075614,0.010871042241732088,24,0.01100913448740892,0.0001351642966504898,84,measured mean toy exact panel and branch allocation; count sampling and serialization excluded,,True,NOT_COST_FEASIBLE_AT_TESTED_HORIZON
B5_WORST_GROUP_RANK,2,exact,PROJECTION_AND_PATH,2,8,0.00048471734626218674,1.821655193149733e-06,0.0001351642966504898,0.00029759924066075614,0.010871042241732088,24,0.011009849848768877,0.0002703285933009796,83,measured mean toy exact panel and branch allocation; count sampling and serialization excluded,,True,NOT_COST_FEASIBLE_AT_TESTED_HORIZON
B5_WORST_GROUP_RANK,2,exact,PROJECTION_AND_NET_DISPLACEMENT,2,8,0.00048471734626218674,2.9279490263434127e-06,0.0001351642966504898,0.00029759924066075614,0.010871042241732088,24,0.011012062436435264,0.0002703285933009796,84,measured mean toy exact panel and branch allocation; count sampling and serialization excluded,,True,NOT_COST_FEASIBLE_AT_TESTED_HORIZON
B5_WORST_GROUP_RANK,2,exact,PROJECTION_AND_PATH,4,8,0.00048471734626218674,1.821655193149733e-06,0.0001351642966504898,0.00029759924066075614,0.010871042241732088,24,0.011013493159155176,0.0005406571866019592,83,measured mean toy exact panel and branch allocation; count sampling and serialization excluded,,True,NOT_COST_FEASIBLE_AT_TESTED_HORIZON
B5_WORST_GROUP_RANK,2,exact,PROJECTION_AND_NET_DISPLACEMENT,4,8,0.00048471734626218674,2.9279490263434127e-06,0.0001351642966504898,0.00029759924066075614,0.010871042241732088,24,0.011017918334487951,0.0005406571866019592,84,measured mean toy exact panel and branch allocation; count sampling and serialization excluded,,True,NOT_COST_FEASIBLE_AT_TESTED_HORIZON
B5_WORST_GROUP_RANK,2,exact,PROJECTION_AND_PATH,8,8,0.00048471734626218674,1.821655193149733e-06,0.0001351642966504898,0.00029759924066075614,0.010871042241732088,24,0.011020779779927775,0.0010813143732039184,83,measured mean toy exact panel and branch allocation; count sampling and serialization excluded,,True,NOT_COST_FEASIBLE_AT_TESTED_HORIZON
B5_WORST_GROUP_RANK,2,exact,PROJECTION_AND_NET_DISPLACEMENT,8,8,0.00048471734626218674,2.9279490263434127e-06,0.0001351642966504898,0.00029759924066075614,0.010871042241732088,24,0.011029630130593325,0.0010813143732039184,84,measured mean toy exact panel and branch allocation; count sampling and serialization excluded,,True,NOT_COST_FEASIBLE_AT_TESTED_HORIZON
B5_WORST_GROUP_RANK,2,exact,PROJECTION_AND_PATH,16,8,0.00048471734626218674,1.821655193149733e-06,0.0001351642966504898,0.00029759924066075614,0.010871042241732088,24,0.011035353021472974,0.002162628746407837,83,measured mean toy exact panel and branch allocation; count sampling and serialization excluded,,True,NOT_COST_FEASIBLE_AT_TESTED_HORIZON
B5_WORST_GROUP_RANK,2,exact,PROJECTION_AND_NET_DISPLACEMENT,16,8,0.00048471734626218674,2.9279490263434127e-06,0.0001351642966504898,0.00029759924066075614,0.010871042241732088,24,0.011053053722804072,0.002162628746407837,84,measured mean toy exact panel and branch allocation; count sampling and serialization excluded,,True,NOT_COST_FEASIBLE_AT_TESTED_HORIZON
B5_WORST_GROUP_RANK,4,exact,PROJECTION_AND_PATH,1,8,0.00048483546900873384,1.7175837759471808e-06,0.0001351642966504898,0.00029759924066075614,0.010871160364478636,24,0.011008042244905073,0.0001351642966504898,83,measured mean toy exact panel and branch allocation; count sampling and serialization excluded,,True,NOT_COST_FEASIBLE_AT_TESTED_HORIZON
B5_WORST_GROUP_RANK,4,exact,PROJECTION_AND_NET_DISPLACEMENT,1,8,0.00048483546900873384,2.7809044695459305e-06,0.0001351642966504898,0.00029759924066075614,0.010871160364478636,24,0.01100910556559867,0.0001351642966504898,84,measured mean toy exact panel and branch allocation; count sampling and serialization excluded,,True,NOT_COST_FEASIBLE_AT_TESTED_HORIZON
B5_WORST_GROUP_RANK,4,exact,PROJECTION_AND_PATH,2,8,0.00048483546900873384,1.7175837759471808e-06,0.0001351642966504898,0.00029759924066075614,0.010871160364478636,24,0.011009759828681019,0.0002703285933009796,83,measured mean toy exact panel and branch allocation; count sampling and serialization excluded,,True,NOT_COST_FEASIBLE_AT_TESTED_HORIZON
B5_WORST_GROUP_RANK,4,exact,PROJECTION_AND_NET_DISPLACEMENT,2,8,0.00048483546900873384,2.7809044695459305e-06,0.0001351642966504898,0.00029759924066075614,0.010871160364478636,24,0.011011886470068217,0.0002703285933009796,84,measured mean toy exact panel and branch allocation; count sampling and serialization excluded,,True,NOT_COST_FEASIBLE_AT_TESTED_HORIZON
B5_WORST_GROUP_RANK,4,exact,PROJECTION_AND_PATH,4,8,0.00048483546900873384,1.7175837759471808e-06,0.0001351642966504898,0.00029759924066075614,0.010871160364478636,24,0.011013194996232914,0.0005406571866019592,83,measured mean toy exact panel and branch allocation; count sampling and serialization excluded,,True,NOT_COST_FEASIBLE_AT_TESTED_HORIZON
B5_WORST_GROUP_RANK,4,exact,PROJECTION_AND_NET_DISPLACEMENT,4,8,0.00048483546900873384,2.7809044695459305e-06,0.0001351642966504898,0.00029759924066075614,0.010871160364478636,24,0.01101744827900731,0.0005406571866019592,84,measured mean toy exact panel and branch allocation; count sampling and serialization excluded,,True,NOT_COST_FEASIBLE_AT_TESTED_HORIZON
B5_WORST_GROUP_RANK,4,exact,PROJECTION_AND_PATH,8,8,0.00048483546900873384,1.7175837759471808e-06,0.0001351642966504898,0.00029759924066075614,0.010871160364478636,24,0.011020065331336702,0.0010813143732039184,83,measured mean toy exact panel and branch allocation; count sampling and serialization excluded,,True,NOT_COST_FEASIBLE_AT_TESTED_HORIZON
B5_WORST_GROUP_RANK,4,exact,PROJECTION_AND_NET_DISPLACEMENT,8,8,0.00048483546900873384,2.7809044695459305e-06,0.0001351642966504898,0.00029759924066075614,0.010871160364478636,24,0.011028571896885492,0.0010813143732039184,84,measured mean toy exact panel and branch allocation; count sampling and serialization excluded,,True,NOT_COST_FEASIBLE_AT_TESTED_HORIZON
B5_WORST_GROUP_RANK,4,exact,PROJECTION_AND_PATH,16,8,0.00048483546900873384,1.7175837759471808e-06,0.0001351642966504898,0.00029759924066075614,0.010871160364478636,24,0.01103380600154428,0.002162628746407837,83,measured mean toy exact panel and branch allocation; count sampling and serialization excluded,,True,NOT_COST_FEASIBLE_AT_TESTED_HORIZON
B5_WORST_GROUP_RANK,4,exact,PROJECTION_AND_NET_DISPLACEMENT,16,8,0.00048483546900873384,2.7809044695459305e-06,0.0001351642966504898,0.00029759924066075614,0.010871160364478636,24,0.01105081913264186,0.002162628746407837,84,measured mean toy exact panel and branch allocation; count sampling and serialization excluded,,True,NOT_COST_FEASIBLE_AT_TESTED_HORIZON
B5_WORST_GROUP_RANK,8,exact,PROJECTION_AND_PATH,1,8,0.0004884617927018553,1.6681803875447562e-06,0.0001351642966504898,0.00029759924066075614,0.010874786688171757,24,0.01101161916520979,0.0001351642966504898,83,measured mean toy exact panel and branch allocation; count sampling and serialization excluded,,True,NOT_COST_FEASIBLE_AT_TESTED_HORIZON
B5_WORST_GROUP_RANK,8,exact,PROJECTION_AND_NET_DISPLACEMENT,1,8,0.0004884617927018553,2.8826365451095625e-06,0.0001351642966504898,0.00029759924066075614,0.010874786688171757,24,0.011012833621367355,0.0001351642966504898,84,measured mean toy exact panel and branch allocation; count sampling and serialization excluded,,True,NOT_COST_FEASIBLE_AT_TESTED_HORIZON
B5_WORST_GROUP_RANK,8,exact,PROJECTION_AND_PATH,2,8,0.0004884617927018553,1.6681803875447562e-06,0.0001351642966504898,0.00029759924066075614,0.010874786688171757,24,0.011013287345597336,0.0002703285933009796,83,measured mean toy exact panel and branch allocation; count sampling and serialization excluded,,True,NOT_COST_FEASIBLE_AT_TESTED_HORIZON
B5_WORST_GROUP_RANK,8,exact,PROJECTION_AND_NET_DISPLACEMENT,2,8,0.0004884617927018553,2.8826365451095625e-06,0.0001351642966504898,0.00029759924066075614,0.010874786688171757,24,0.011015716257912464,0.0002703285933009796,84,measured mean toy exact panel and branch allocation; count sampling and serialization excluded,,True,NOT_COST_FEASIBLE_AT_TESTED_HORIZON
B5_WORST_GROUP_RANK,8,exact,PROJECTION_AND_PATH,4,8,0.0004884617927018553,1.6681803875447562e-06,0.0001351642966504898,0.00029759924066075614,0.010874786688171757,24,0.011016623706372424,0.0005406571866019592,83,measured mean toy exact panel and branch allocation; count sampling and serialization excluded,,True,NOT_COST_FEASIBLE_AT_TESTED_HORIZON
B5_WORST_GROUP_RANK,8,exact,PROJECTION_AND_NET_DISPLACEMENT,4,8,0.0004884617927018553,2.8826365451095625e-06,0.0001351642966504898,0.00029759924066075614,0.010874786688171757,24,0.011021481531002684,0.0005406571866019592,84,measured mean toy exact panel and branch allocation; count sampling and serialization excluded,,True,NOT_COST_FEASIBLE_AT_TESTED_HORIZON
B5_WORST_GROUP_RANK,8,exact,PROJECTION_AND_PATH,8,8,0.0004884617927018553,1.6681803875447562e-06,0.0001351642966504898,0.00029759924066075614,0.010874786688171757,24,0.011023296427922604,0.0010813143732039184,83,measured mean toy exact panel and branch allocation; count sampling and serialization excluded,,True,NOT_COST_FEASIBLE_AT_TESTED_HORIZON
B5_WORST_GROUP_RANK,8,exact,PROJECTION_AND_NET_DISPLACEMENT,8,8,0.0004884617927018553,2.8826365451095625e-06,0.0001351642966504898,0.00029759924066075614,0.010874786688171757,24,0.011033012077183123,0.0010813143732039184,84,measured mean toy exact panel and branch allocation; count sampling and serialization excluded,,True,NOT_COST_FEASIBLE_AT_TESTED_HORIZON
B5_WORST_GROUP_RANK,8,exact,PROJECTION_AND_PATH,16,8,0.0004884617927018553,1.6681803875447562e-06,0.0001351642966504898,0.00029759924066075614,0.010874786688171757,24,0.011036641871022962,0.002162628746407837,83,measured mean toy exact panel and branch allocation; count sampling and serialization excluded,,True,NOT_COST_FEASIBLE_AT_TESTED_HORIZON
B5_WORST_GROUP_RANK,8,exact,PROJECTION_AND_NET_DISPLACEMENT,16,8,0.0004884617927018553,2.8826365451095625e-06,0.0001351642966504898,0.00029759924066075614,0.010874786688171757,24,0.011056073169543998,0.002162628746407837,84,measured mean toy exact panel and branch allocation; count sampling and serialization excluded,,True,NOT_COST_FEASIBLE_AT_TESTED_HORIZON
B5_WORST_GROUP_RANK,16,exact,PROJECTION_AND_PATH,1,8,0.0004991736767503123,1.7756479792296887e-06,0.0001351642966504898,0.00029759924066075614,0.010885498572220214,24,0.011022438516849933,0.0001351642966504898,83,measured mean toy exact panel and branch allocation; count sampling and serialization excluded,,True,NOT_COST_FEASIBLE_AT_TESTED_HORIZON
B5_WORST_GROUP_RANK,16,exact,PROJECTION_AND_NET_DISPLACEMENT,1,8,0.0004991736767503123,3.0322902603074907e-06,0.0001351642966504898,0.00029759924066075614,0.010885498572220214,24,0.01102369515913101,0.0001351642966504898,84,measured mean toy exact panel and branch allocation; count sampling and serialization excluded,,True,NOT_COST_FEASIBLE_AT_TESTED_HORIZON
B5_WORST_GROUP_RANK,16,exact,PROJECTION_AND_PATH,2,8,0.0004991736767503123,1.7756479792296887e-06,0.0001351642966504898,0.00029759924066075614,0.010885498572220214,24,0.011024214164829163,0.0002703285933009796,83,measured mean toy exact panel and branch allocation; count sampling and serialization excluded,,True,NOT_COST_FEASIBLE_AT_TESTED_HORIZON
B5_WORST_GROUP_RANK,16,exact,PROJECTION_AND_NET_DISPLACEMENT,2,8,0.0004991736767503123,3.0322902603074907e-06,0.0001351642966504898,0.00029759924066075614,0.010885498572220214,24,0.011026727449391318,0.0002703285933009796,84,measured mean toy exact panel and branch allocation; count sampling and serialization excluded,,True,NOT_COST_FEASIBLE_AT_TESTED_HORIZON
B5_WORST_GROUP_RANK,16,exact,PROJECTION_AND_PATH,4,8,0.0004991736767503123,1.7756479792296887e-06,0.0001351642966504898,0.00029759924066075614,0.010885498572220214,24,0.011027765460787622,0.0005406571866019592,83,measured mean toy exact panel and branch allocation; count sampling and serialization excluded,,True,NOT_COST_FEASIBLE_AT_TESTED_HORIZON
B5_WORST_GROUP_RANK,16,exact,PROJECTION_AND_NET_DISPLACEMENT,4,8,0.0004991736767503123,3.0322902603074907e-06,0.0001351642966504898,0.00029759924066075614,0.010885498572220214,24,0.011032792029911934,0.0005406571866019592,84,measured mean toy exact panel and branch allocation; count sampling and serialization excluded,,True,NOT_COST_FEASIBLE_AT_TESTED_HORIZON
B5_WORST_GROUP_RANK,16,exact,PROJECTION_AND_PATH,8,8,0.0004991736767503123,1.7756479792296887e-06,0.0001351642966504898,0.00029759924066075614,0.010885498572220214,24,0.01103486805270454,0.0010813143732039184,83,measured mean toy exact panel and branch allocation; count sampling and serialization excluded,,True,NOT_COST_FEASIBLE_AT_TESTED_HORIZON
B5_WORST_GROUP_RANK,16,exact,PROJECTION_AND_NET_DISPLACEMENT,8,8,0.0004991736767503123,3.0322902603074907e-06,0.0001351642966504898,0.00029759924066075614,0.010885498572220214,24,0.011044921190953164,0.0010813143732039184,84,measured mean toy exact panel and branch allocation; count sampling and serialization excluded,,True,NOT_COST_FEASIBLE_AT_TESTED_HORIZON
B5_WORST_GROUP_RANK,16,exact,PROJECTION_AND_PATH,16,8,0.0004991736767503123,1.7756479792296887e-06,0.0001351642966504898,0.00029759924066075614,0.010885498572220214,24,0.011049073236538379,0.002162628746407837,83,measured mean toy exact panel and branch allocation; count sampling and serialization excluded,,True,NOT_COST_FEASIBLE_AT_TESTED_HORIZON
B5_WORST_GROUP_RANK,16,exact,PROJECTION_AND_NET_DISPLACEMENT,16,8,0.0004991736767503123,3.0322902603074907e-06,0.0001351642966504898,0.00029759924066075614,0.010885498572220214,24,0.011069179513035623,0.002162628746407837,84,measured mean toy exact panel and branch allocation; count sampling and serialization excluded,,True,NOT_COST_FEASIBLE_AT_TESTED_HORIZON
B5_WORST_GROUP_RANK,FULL,exact,PROJECTION_AND_PATH,1,8,0.0005159527723056574,1.7140645165151606e-06,0.0001351642966504898,0.00029759924066075614,0.010902277667775559,24,0.011039156028942563,0.0001351642966504898,83,measured mean toy exact panel and branch allocation; count sampling and serialization excluded,,True,NOT_COST_FEASIBLE_AT_TESTED_HORIZON
B5_WORST_GROUP_RANK,FULL,exact,PROJECTION_AND_NET_DISPLACEMENT,1,8,0.0005159527723056574,2.944098014268093e-06,0.0001351642966504898,0.00029759924066075614,0.010902277667775559,24,0.011040386062440316,0.0001351642966504898,84,measured mean toy exact panel and branch allocation; count sampling and serialization excluded,,True,NOT_COST_FEASIBLE_AT_TESTED_HORIZON
B5_WORST_GROUP_RANK,FULL,exact,PROJECTION_AND_PATH,2,8,0.0005159527723056574,1.7140645165151606e-06,0.0001351642966504898,0.00029759924066075614,0.010902277667775559,24,0.011040870093459079,0.0002703285933009796,83,measured mean toy exact panel and branch allocation; count sampling and serialization excluded,,True,NOT_COST_FEASIBLE_AT_TESTED_HORIZON
B5_WORST_GROUP_RANK,FULL,exact,PROJECTION_AND_NET_DISPLACEMENT,2,8,0.0005159527723056574,2.944098014268093e-06,0.0001351642966504898,0.00029759924066075614,0.010902277667775559,24,0.011043330160454584,0.0002703285933009796,84,measured mean toy exact panel and branch allocation; count sampling and serialization excluded,,True,NOT_COST_FEASIBLE_AT_TESTED_HORIZON
B5_WORST_GROUP_RANK,FULL,exact,PROJECTION_AND_PATH,4,8,0.0005159527723056574,1.7140645165151606e-06,0.0001351642966504898,0.00029759924066075614,0.010902277667775559,24,0.011044298222492109,0.0005406571866019592,83,measured mean toy exact panel and branch allocation; count sampling and serialization excluded,,True,NOT_COST_FEASIBLE_AT_TESTED_HORIZON
B5_WORST_GROUP_RANK,FULL,exact,PROJECTION_AND_NET_DISPLACEMENT,4,8,0.0005159527723056574,2.944098014268093e-06,0.0001351642966504898,0.00029759924066075614,0.010902277667775559,24,0.01104921835648312,0.0005406571866019592,84,measured mean toy exact panel and branch allocation; count sampling and serialization excluded,,True,NOT_COST_FEASIBLE_AT_TESTED_HORIZON
B5_WORST_GROUP_RANK,FULL,exact,PROJECTION_AND_PATH,8,8,0.0005159527723056574,1.7140645165151606e-06,0.0001351642966504898,0.00029759924066075614,0.010902277667775559,24,0.011051154480558168,0.0010813143732039184,83,measured mean toy exact panel and branch allocation; count sampling and serialization excluded,,True,NOT_COST_FEASIBLE_AT_TESTED_HORIZON
B5_WORST_GROUP_RANK,FULL,exact,PROJECTION_AND_NET_DISPLACEMENT,8,8,0.0005159527723056574,2.944098014268093e-06,0.0001351642966504898,0.00029759924066075614,0.010902277667775559,24,0.011060994748540193,0.0010813143732039184,84,measured mean toy exact panel and branch allocation; count sampling and serialization excluded,,True,NOT_COST_FEASIBLE_AT_TESTED_HORIZON
B5_WORST_GROUP_RANK,FULL,exact,PROJECTION_AND_PATH,16,8,0.0005159527723056574,1.7140645165151606e-06,0.0001351642966504898,0.00029759924066075614,0.010902277667775559,24,0.01106486699669029,0.002162628746407837,83,measured mean toy exact panel and branch allocation; count sampling and serialization excluded,,True,NOT_COST_FEASIBLE_AT_TESTED_HORIZON
B5_WORST_GROUP_RANK,FULL,exact,PROJECTION_AND_NET_DISPLACEMENT,16,8,0.0005159527723056574,2.944098014268093e-06,0.0001351642966504898,0.00029759924066075614,0.010902277667775559,24,0.011084547532654337,0.002162628746407837,84,measured mean toy exact panel and branch allocation; count sampling and serialization excluded,,True,NOT_COST_FEASIBLE_AT_TESTED_HORIZON
B0_PERSISTENCE,0,16,PROJECTION_AND_PATH,1,8,0.0,0.0,0.0001351642966504898,0.00029759924066075614,0.0,0,0.0001351642966504898,0.0001351642966504898,1,measured mean toy exact panel and branch allocation; count sampling and serialization excluded,,True,MEASURED_COMPONENTS_BELOW_DENSE_COST_TOTAL_UNKNOWN
B0_PERSISTENCE,0,16,PROJECTION_AND_NET_DISPLACEMENT,1,8,0.0,0.0,0.0001351642966504898,0.00029759924066075614,0.0,0,0.0001351642966504898,0.0001351642966504898,1,measured mean toy exact panel and branch allocation; count sampling and serialization excluded,,True,MEASURED_COMPONENTS_BELOW_DENSE_COST_TOTAL_UNKNOWN
B0_PERSISTENCE,0,16,PROJECTION_AND_PATH,2,8,0.0,0.0,0.0001351642966504898,0.00029759924066075614,0.0,0,0.0001351642966504898,0.0002703285933009796,1,measured mean toy exact panel and branch allocation; count sampling and serialization excluded,,True,MEASURED_COMPONENTS_BELOW_DENSE_COST_TOTAL_UNKNOWN
B0_PERSISTENCE,0,16,PROJECTION_AND_NET_DISPLACEMENT,2,8,0.0,0.0,0.0001351642966504898,0.00029759924066075614,0.0,0,0.0001351642966504898,0.0002703285933009796,1,measured mean toy exact panel and branch allocation; count sampling and serialization excluded,,True,MEASURED_COMPONENTS_BELOW_DENSE_COST_TOTAL_UNKNOWN
B0_PERSISTENCE,0,16,PROJECTION_AND_PATH,4,8,0.0,0.0,0.0001351642966504898,0.00029759924066075614,0.0,0,0.0001351642966504898,0.0005406571866019592,1,measured mean toy exact panel and branch allocation; count sampling and serialization excluded,,True,MEASURED_COMPONENTS_BELOW_DENSE_COST_TOTAL_UNKNOWN
B0_PERSISTENCE,0,16,PROJECTION_AND_NET_DISPLACEMENT,4,8,0.0,0.0,0.0001351642966504898,0.00029759924066075614,0.0,0,0.0001351642966504898,0.0005406571866019592,1,measured mean toy exact panel and branch allocation; count sampling and serialization excluded,,True,MEASURED_COMPONENTS_BELOW_DENSE_COST_TOTAL_UNKNOWN
B0_PERSISTENCE,0,16,PROJECTION_AND_PATH,8,8,0.0,0.0,0.0001351642966504898,0.00029759924066075614,0.0,0,0.0001351642966504898,0.0010813143732039184,1,measured mean toy exact panel and branch allocation; count sampling and serialization excluded,,True,MEASURED_COMPONENTS_BELOW_DENSE_COST_TOTAL_UNKNOWN
B0_PERSISTENCE,0,16,PROJECTION_AND_NET_DISPLACEMENT,8,8,0.0,0.0,0.0001351642966504898,0.00029759924066075614,0.0,0,0.0001351642966504898,0.0010813143732039184,1,measured mean toy exact panel and branch allocation; count sampling and serialization excluded,,True,MEASURED_COMPONENTS_BELOW_DENSE_COST_TOTAL_UNKNOWN
B0_PERSISTENCE,0,16,PROJECTION_AND_PATH,16,8,0.0,0.0,0.0001351642966504898,0.00029759924066075614,0.0,0,0.0001351642966504898,0.002162628746407837,1,measured mean toy exact panel and branch allocation; count sampling and serialization excluded,,True,MEASURED_COMPONENTS_BELOW_DENSE_COST_TOTAL_UNKNOWN
B0_PERSISTENCE,0,16,PROJECTION_AND_NET_DISPLACEMENT,16,8,0.0,0.0,0.0001351642966504898,0.00029759924066075614,0.0,0,0.0001351642966504898,0.002162628746407837,1,measured mean toy exact panel and branch allocation; count sampling and serialization excluded,,True,MEASURED_COMPONENTS_BELOW_DENSE_COST_TOTAL_UNKNOWN
B6_FULL_Q_RIDGE,FULL,16,PROJECTION_AND_PATH,1,8,0.0004533762453744809,1.7691238705689708e-06,0.0001351642966504898,0.00029759924066075614,0.010839701140844383,24,0.010976634561365441,0.0001351642966504898,83,measured mean toy exact panel and branch allocation; count sampling and serialization excluded,,True,NOT_COST_FEASIBLE_AT_TESTED_HORIZON
B6_FULL_Q_RIDGE,FULL,16,PROJECTION_AND_NET_DISPLACEMENT,1,8,0.0004533762453744809,2.9899290044947216e-06,0.0001351642966504898,0.00029759924066075614,0.010839701140844383,24,0.010977855366499367,0.0001351642966504898,84,measured mean toy exact panel and branch allocation; count sampling and serialization excluded,,True,NOT_COST_FEASIBLE_AT_TESTED_HORIZON
B6_FULL_Q_RIDGE,FULL,16,PROJECTION_AND_PATH,2,8,0.0004533762453744809,1.7691238705689708e-06,0.0001351642966504898,0.00029759924066075614,0.010839701140844383,24,0.01097840368523601,0.0002703285933009796,83,measured mean toy exact panel and branch allocation; count sampling and serialization excluded,,True,NOT_COST_FEASIBLE_AT_TESTED_HORIZON
B6_FULL_Q_RIDGE,FULL,16,PROJECTION_AND_NET_DISPLACEMENT,2,8,0.0004533762453744809,2.9899290044947216e-06,0.0001351642966504898,0.00029759924066075614,0.010839701140844383,24,0.010980845295503862,0.0002703285933009796,84,measured mean toy exact panel and branch allocation; count sampling and serialization excluded,,True,NOT_COST_FEASIBLE_AT_TESTED_HORIZON
B6_FULL_Q_RIDGE,FULL,16,PROJECTION_AND_PATH,4,8,0.0004533762453744809,1.7691238705689708e-06,0.0001351642966504898,0.00029759924066075614,0.010839701140844383,24,0.010981941932977149,0.0005406571866019592,83,measured mean toy exact panel and branch allocation; count sampling and serialization excluded,,True,NOT_COST_FEASIBLE_AT_TESTED_HORIZON
B6_FULL_Q_RIDGE,FULL,16,PROJECTION_AND_NET_DISPLACEMENT,4,8,0.0004533762453744809,2.9899290044947216e-06,0.0001351642966504898,0.00029759924066075614,0.010839701140844383,24,0.01098682515351285,0.0005406571866019592,84,measured mean toy exact panel and branch allocation; count sampling and serialization excluded,,True,NOT_COST_FEASIBLE_AT_TESTED_HORIZON
B6_FULL_Q_RIDGE,FULL,16,PROJECTION_AND_PATH,8,8,0.0004533762453744809,1.7691238705689708e-06,0.0001351642966504898,0.00029759924066075614,0.010839701140844383,24,0.010989018428459424,0.0010813143732039184,83,measured mean toy exact panel and branch allocation; count sampling and serialization excluded,,True,NOT_COST_FEASIBLE_AT_TESTED_HORIZON
B6_FULL_Q_RIDGE,FULL,16,PROJECTION_AND_NET_DISPLACEMENT,8,8,0.0004533762453744809,2.9899290044947216e-06,0.0001351642966504898,0.00029759924066075614,0.010839701140844383,24,0.01099878486953083,0.0010813143732039184,84,measured mean toy exact panel and branch allocation; count sampling and serialization excluded,,True,NOT_COST_FEASIBLE_AT_TESTED_HORIZON
B6_FULL_Q_RIDGE,FULL,16,PROJECTION_AND_PATH,16,8,0.0004533762453744809,1.7691238705689708e-06,0.0001351642966504898,0.00029759924066075614,0.010839701140844383,24,0.011003171419423976,0.002162628746407837,83,measured mean toy exact panel and branch allocation; count sampling and serialization excluded,,True,NOT_COST_FEASIBLE_AT_TESTED_HORIZON
B6_FULL_Q_RIDGE,FULL,16,PROJECTION_AND_NET_DISPLACEMENT,16,8,0.0004533762453744809,2.9899290044947216e-06,0.0001351642966504898,0.00029759924066075614,0.010839701140844383,24,0.011022704301566788,0.002162628746407837,84,measured mean toy exact panel and branch allocation; count sampling and serialization excluded,,True,NOT_COST_FEASIBLE_AT_TESTED_HORIZON
B5_WORST_GROUP_RANK,0,16,PROJECTION_AND_PATH,1,8,0.00046933975730401777,1.238913828274235e-06,0.0001351642966504898,0.00029759924066075614,0.01085566465277392,24,0.010992067863252682,0.0001351642966504898,83,measured mean toy exact panel and branch allocation; count sampling and serialization excluded,,True,NOT_COST_FEASIBLE_AT_TESTED_HORIZON
B5_WORST_GROUP_RANK,0,16,PROJECTION_AND_NET_DISPLACEMENT,1,8,0.00046933975730401777,2.319852671159121e-06,0.0001351642966504898,0.00029759924066075614,0.01085566465277392,24,0.010993148802095567,0.0001351642966504898,83,measured mean toy exact panel and branch allocation; count sampling and serialization excluded,,True,NOT_COST_FEASIBLE_AT_TESTED_HORIZON
B5_WORST_GROUP_RANK,0,16,PROJECTION_AND_PATH,2,8,0.00046933975730401777,1.238913828274235e-06,0.0001351642966504898,0.00029759924066075614,0.01085566465277392,24,0.010993306777080956,0.0002703285933009796,83,measured mean toy exact panel and branch allocation; count sampling and serialization excluded,,True,NOT_COST_FEASIBLE_AT_TESTED_HORIZON
B5_WORST_GROUP_RANK,0,16,PROJECTION_AND_NET_DISPLACEMENT,2,8,0.00046933975730401777,2.319852671159121e-06,0.0001351642966504898,0.00029759924066075614,0.01085566465277392,24,0.010995468654766727,0.0002703285933009796,83,measured mean toy exact panel and branch allocation; count sampling and serialization excluded,,True,NOT_COST_FEASIBLE_AT_TESTED_HORIZON
B5_WORST_GROUP_RANK,0,16,PROJECTION_AND_PATH,4,8,0.00046933975730401777,1.238913828274235e-06,0.0001351642966504898,0.00029759924066075614,0.01085566465277392,24,0.010995784604737505,0.0005406571866019592,83,measured mean toy exact panel and branch allocation; count sampling and serialization excluded,,True,NOT_COST_FEASIBLE_AT_TESTED_HORIZON
B5_WORST_GROUP_RANK,0,16,PROJECTION_AND_NET_DISPLACEMENT,4,8,0.00046933975730401777,2.319852671159121e-06,0.0001351642966504898,0.00029759924066075614,0.01085566465277392,24,0.011000108360109045,0.0005406571866019592,83,measured mean toy exact panel and branch allocation; count sampling and serialization excluded,,True,NOT_COST_FEASIBLE_AT_TESTED_HORIZON
B5_WORST_GROUP_RANK,0,16,PROJECTION_AND_PATH,8,8,0.00046933975730401777,1.238913828274235e-06,0.0001351642966504898,0.00029759924066075614,0.01085566465277392,24,0.011000740260050603,0.0010813143732039184,83,measured mean toy exact panel and branch allocation; count sampling and serialization excluded,,True,NOT_COST_FEASIBLE_AT_TESTED_HORIZON
B5_WORST_GROUP_RANK,0,16,PROJECTION_AND_NET_DISPLACEMENT,8,8,0.00046933975730401777,2.319852671159121e-06,0.0001351642966504898,0.00029759924066075614,0.01085566465277392,24,0.011009387770793681,0.0010813143732039184,83,measured mean toy exact panel and branch allocation; count sampling and serialization excluded,,True,NOT_COST_FEASIBLE_AT_TESTED_HORIZON
B5_WORST_GROUP_RANK,0,16,PROJECTION_AND_PATH,16,8,0.00046933975730401777,1.238913828274235e-06,0.0001351642966504898,0.00029759924066075614,0.01085566465277392,24,0.011010651570676796,0.002162628746407837,83,measured mean toy exact panel and branch allocation; count sampling and serialization excluded,,True,NOT_COST_FEASIBLE_AT_TESTED_HORIZON
B5_WORST_GROUP_RANK,0,16,PROJECTION_AND_NET_DISPLACEMENT,16,8,0.00046933975730401777,2.319852671159121e-06,0.0001351642966504898,0.00029759924066075614,0.01085566465277392,24,0.011027946592162954,0.002162628746407837,83,measured mean toy exact panel and branch allocation; count sampling and serialization excluded,,True,NOT_COST_FEASIBLE_AT_TESTED_HORIZON
NORM_ONLY_LOCAL_RIDGE,1,16,NORM_ONLY,1,8,8.483082405291497e-05,1.436987513443455e-06,0.0001351642966504898,0.00029759924066075614,0.010471155719522817,24,0.01060775700368675,0.0001351642966504898,80,measured mean toy exact panel and branch allocation; count sampling and serialization excluded,,True,NOT_COST_FEASIBLE_AT_TESTED_HORIZON
NORM_ONLY_LOCAL_RIDGE,1,16,NORM_ONLY,2,8,8.483082405291497e-05,1.436987513443455e-06,0.0001351642966504898,0.00029759924066075614,0.010471155719522817,24,0.010609193991200193,0.0002703285933009796,80,measured mean toy exact panel and branch allocation; count sampling and serialization excluded,,True,NOT_COST_FEASIBLE_AT_TESTED_HORIZON
NORM_ONLY_LOCAL_RIDGE,1,16,NORM_ONLY,4,8,8.483082405291497e-05,1.436987513443455e-06,0.0001351642966504898,0.00029759924066075614,0.010471155719522817,24,0.01061206796622708,0.0005406571866019592,80,measured mean toy exact panel and branch allocation; count sampling and serialization excluded,,True,NOT_COST_FEASIBLE_AT_TESTED_HORIZON
NORM_ONLY_LOCAL_RIDGE,1,16,NORM_ONLY,8,8,8.483082405291497e-05,1.436987513443455e-06,0.0001351642966504898,0.00029759924066075614,0.010471155719522817,24,0.010617815916280854,0.0010813143732039184,80,measured mean toy exact panel and branch allocation; count sampling and serialization excluded,,True,NOT_COST_FEASIBLE_AT_TESTED_HORIZON
NORM_ONLY_LOCAL_RIDGE,1,16,NORM_ONLY,16,8,8.483082405291497e-05,1.436987513443455e-06,0.0001351642966504898,0.00029759924066075614,0.010471155719522817,24,0.010629311816388402,0.002162628746407837,80,measured mean toy exact panel and branch allocation; count sampling and serialization excluded,,True,NOT_COST_FEASIBLE_AT_TESTED_HORIZON
B5_EXACT_SELECTED_DIAGNOSTIC,1,16,PROJECTION_AND_PATH,1,8,0.0004830567876342684,1.6981939309819912e-06,0.0001351642966504898,0.00029759924066075614,0.01086938168310417,24,0.01100624417368564,0.0001351642966504898,83,measured mean toy exact panel and branch allocation; count sampling and serialization excluded,,True,NOT_COST_FEASIBLE_AT_TESTED_HORIZON
B5_EXACT_SELECTED_DIAGNOSTIC,1,16,PROJECTION_AND_NET_DISPLACEMENT,1,8,0.0004830567876342684,2.7641491760732607e-06,0.0001351642966504898,0.00029759924066075614,0.01086938168310417,24,0.011007310128930732,0.0001351642966504898,84,measured mean toy exact panel and branch allocation; count sampling and serialization excluded,,True,NOT_COST_FEASIBLE_AT_TESTED_HORIZON
B5_EXACT_SELECTED_DIAGNOSTIC,1,16,PROJECTION_AND_PATH,2,8,0.0004830567876342684,1.6981939309819912e-06,0.0001351642966504898,0.00029759924066075614,0.01086938168310417,24,0.011007942367616623,0.0002703285933009796,83,measured mean toy exact panel and branch allocation; count sampling and serialization excluded,,True,NOT_COST_FEASIBLE_AT_TESTED_HORIZON
B5_EXACT_SELECTED_DIAGNOSTIC,1,16,PROJECTION_AND_NET_DISPLACEMENT,2,8,0.0004830567876342684,2.7641491760732607e-06,0.0001351642966504898,0.00029759924066075614,0.01086938168310417,24,0.011010074278106805,0.0002703285933009796,84,measured mean toy exact panel and branch allocation; count sampling and serialization excluded,,True,NOT_COST_FEASIBLE_AT_TESTED_HORIZON
B5_EXACT_SELECTED_DIAGNOSTIC,1,16,PROJECTION_AND_PATH,4,8,0.0004830567876342684,1.6981939309819912e-06,0.0001351642966504898,0.00029759924066075614,0.01086938168310417,24,0.011011338755478587,0.0005406571866019592,83,measured mean toy exact panel and branch allocation; count sampling and serialization excluded,,True,NOT_COST_FEASIBLE_AT_TESTED_HORIZON
B5_EXACT_SELECTED_DIAGNOSTIC,1,16,PROJECTION_AND_NET_DISPLACEMENT,4,8,0.0004830567876342684,2.7641491760732607e-06,0.0001351642966504898,0.00029759924066075614,0.01086938168310417,24,0.011015602576458951,0.0005406571866019592,84,measured mean toy exact panel and branch allocation; count sampling and serialization excluded,,True,NOT_COST_FEASIBLE_AT_TESTED_HORIZON
B5_EXACT_SELECTED_DIAGNOSTIC,1,16,PROJECTION_AND_PATH,8,8,0.0004830567876342684,1.6981939309819912e-06,0.0001351642966504898,0.00029759924066075614,0.01086938168310417,24,0.011018131531202515,0.0010813143732039184,83,measured mean toy exact panel and branch allocation; count sampling and serialization excluded,,True,NOT_COST_FEASIBLE_AT_TESTED_HORIZON
B5_EXACT_SELECTED_DIAGNOSTIC,1,16,PROJECTION_AND_NET_DISPLACEMENT,8,8,0.0004830567876342684,2.7641491760732607e-06,0.0001351642966504898,0.00029759924066075614,0.01086938168310417,24,0.011026659173163245,0.0010813143732039184,84,measured mean toy exact panel and branch allocation; count sampling and serialization excluded,,True,NOT_COST_FEASIBLE_AT_TESTED_HORIZON
B5_EXACT_SELECTED_DIAGNOSTIC,1,16,PROJECTION_AND_PATH,16,8,0.0004830567876342684,1.6981939309819912e-06,0.0001351642966504898,0.00029759924066075614,0.01086938168310417,24,0.01103171708265037,0.002162628746407837,83,measured mean toy exact panel and branch allocation; count sampling and serialization excluded,,True,NOT_COST_FEASIBLE_AT_TESTED_HORIZON
B5_EXACT_SELECTED_DIAGNOSTIC,1,16,PROJECTION_AND_NET_DISPLACEMENT,16,8,0.0004830567876342684,2.7641491760732607e-06,0.0001351642966504898,0.00029759924066075614,0.01086938168310417,24,0.01104877236657183,0.002162628746407837,84,measured mean toy exact panel and branch allocation; count sampling and serialization excluded,,True,NOT_COST_FEASIBLE_AT_TESTED_HORIZON
B0_PERSISTENCE,0,64,PROJECTION_AND_PATH,1,8,0.0,0.0,0.0001351642966504898,0.00029759924066075614,0.0,0,0.0001351642966504898,0.0001351642966504898,1,measured mean toy exact panel and branch allocation; count sampling and serialization excluded,,True,MEASURED_COMPONENTS_BELOW_DENSE_COST_TOTAL_UNKNOWN
B0_PERSISTENCE,0,64,PROJECTION_AND_NET_DISPLACEMENT,1,8,0.0,0.0,0.0001351642966504898,0.00029759924066075614,0.0,0,0.0001351642966504898,0.0001351642966504898,1,measured mean toy exact panel and branch allocation; count sampling and serialization excluded,,True,MEASURED_COMPONENTS_BELOW_DENSE_COST_TOTAL_UNKNOWN
B0_PERSISTENCE,0,64,PROJECTION_AND_PATH,2,8,0.0,0.0,0.0001351642966504898,0.00029759924066075614,0.0,0,0.0001351642966504898,0.0002703285933009796,1,measured mean toy exact panel and branch allocation; count sampling and serialization excluded,,True,MEASURED_COMPONENTS_BELOW_DENSE_COST_TOTAL_UNKNOWN
B0_PERSISTENCE,0,64,PROJECTION_AND_NET_DISPLACEMENT,2,8,0.0,0.0,0.0001351642966504898,0.00029759924066075614,0.0,0,0.0001351642966504898,0.0002703285933009796,1,measured mean toy exact panel and branch allocation; count sampling and serialization excluded,,True,MEASURED_COMPONENTS_BELOW_DENSE_COST_TOTAL_UNKNOWN
B0_PERSISTENCE,0,64,PROJECTION_AND_PATH,4,8,0.0,0.0,0.0001351642966504898,0.00029759924066075614,0.0,0,0.0001351642966504898,0.0005406571866019592,1,measured mean toy exact panel and branch allocation; count sampling and serialization excluded,,True,MEASURED_COMPONENTS_BELOW_DENSE_COST_TOTAL_UNKNOWN
B0_PERSISTENCE,0,64,PROJECTION_AND_NET_DISPLACEMENT,4,8,0.0,0.0,0.0001351642966504898,0.00029759924066075614,0.0,0,0.0001351642966504898,0.0005406571866019592,1,measured mean toy exact panel and branch allocation; count sampling and serialization excluded,,True,MEASURED_COMPONENTS_BELOW_DENSE_COST_TOTAL_UNKNOWN
B0_PERSISTENCE,0,64,PROJECTION_AND_PATH,8,8,0.0,0.0,0.0001351642966504898,0.00029759924066075614,0.0,0,0.0001351642966504898,0.0010813143732039184,1,measured mean toy exact panel and branch allocation; count sampling and serialization excluded,,True,MEASURED_COMPONENTS_BELOW_DENSE_COST_TOTAL_UNKNOWN
B0_PERSISTENCE,0,64,PROJECTION_AND_NET_DISPLACEMENT,8,8,0.0,0.0,0.0001351642966504898,0.00029759924066075614,0.0,0,0.0001351642966504898,0.0010813143732039184,1,measured mean toy exact panel and branch allocation; count sampling and serialization excluded,,True,MEASURED_COMPONENTS_BELOW_DENSE_COST_TOTAL_UNKNOWN
B0_PERSISTENCE,0,64,PROJECTION_AND_PATH,16,8,0.0,0.0,0.0001351642966504898,0.00029759924066075614,0.0,0,0.0001351642966504898,0.002162628746407837,1,measured mean toy exact panel and branch allocation; count sampling and serialization excluded,,True,MEASURED_COMPONENTS_BELOW_DENSE_COST_TOTAL_UNKNOWN
B0_PERSISTENCE,0,64,PROJECTION_AND_NET_DISPLACEMENT,16,8,0.0,0.0,0.0001351642966504898,0.00029759924066075614,0.0,0,0.0001351642966504898,0.002162628746407837,1,measured mean toy exact panel and branch allocation; count sampling and serialization excluded,,True,MEASURED_COMPONENTS_BELOW_DENSE_COST_TOTAL_UNKNOWN
B6_FULL_Q_RIDGE,FULL,64,PROJECTION_AND_PATH,1,8,0.0004563066988096883,1.8219263680900136e-06,0.0001351642966504898,0.00029759924066075614,0.010842631594279591,24,0.01097961781729817,0.0001351642966504898,83,measured mean toy exact panel and branch allocation; count sampling and serialization excluded,,True,NOT_COST_FEASIBLE_AT_TESTED_HORIZON
B6_FULL_Q_RIDGE,FULL,64,PROJECTION_AND_NET_DISPLACEMENT,1,8,0.0004563066988096883,3.04382583029413e-06,0.0001351642966504898,0.00029759924066075614,0.010842631594279591,24,0.010980839716760374,0.0001351642966504898,84,measured mean toy exact panel and branch allocation; count sampling and serialization excluded,,True,NOT_COST_FEASIBLE_AT_TESTED_HORIZON
B6_FULL_Q_RIDGE,FULL,64,PROJECTION_AND_PATH,2,8,0.0004563066988096883,1.8219263680900136e-06,0.0001351642966504898,0.00029759924066075614,0.010842631594279591,24,0.01098143974366626,0.0002703285933009796,83,measured mean toy exact panel and branch allocation; count sampling and serialization excluded,,True,NOT_COST_FEASIBLE_AT_TESTED_HORIZON
B6_FULL_Q_RIDGE,FULL,64,PROJECTION_AND_NET_DISPLACEMENT,2,8,0.0004563066988096883,3.04382583029413e-06,0.0001351642966504898,0.00029759924066075614,0.010842631594279591,24,0.010983883542590668,0.0002703285933009796,84,measured mean toy exact panel and branch allocation; count sampling and serialization excluded,,True,NOT_COST_FEASIBLE_AT_TESTED_HORIZON
B6_FULL_Q_RIDGE,FULL,64,PROJECTION_AND_PATH,4,8,0.0004563066988096883,1.8219263680900136e-06,0.0001351642966504898,0.00029759924066075614,0.010842631594279591,24,0.01098508359640244,0.0005406571866019592,83,measured mean toy exact panel and branch allocation; count sampling and serialization excluded,,True,NOT_COST_FEASIBLE_AT_TESTED_HORIZON
B6_FULL_Q_RIDGE,FULL,64,PROJECTION_AND_NET_DISPLACEMENT,4,8,0.0004563066988096883,3.04382583029413e-06,0.0001351642966504898,0.00029759924066075614,0.010842631594279591,24,0.010989971194251257,0.0005406571866019592,84,measured mean toy exact panel and branch allocation; count sampling and serialization excluded,,True,NOT_COST_FEASIBLE_AT_TESTED_HORIZON
B6_FULL_Q_RIDGE,FULL,64,PROJECTION_AND_PATH,8,8,0.0004563066988096883,1.8219263680900136e-06,0.0001351642966504898,0.00029759924066075614,0.010842631594279591,24,0.0109923713018748,0.0010813143732039184,83,measured mean toy exact panel and branch allocation; count sampling and serialization excluded,,True,NOT_COST_FEASIBLE_AT_TESTED_HORIZON
B6_FULL_Q_RIDGE,FULL,64,PROJECTION_AND_NET_DISPLACEMENT,8,8,0.0004563066988096883,3.04382583029413e-06,0.0001351642966504898,0.00029759924066075614,0.010842631594279591,24,0.011002146497572434,0.0010813143732039184,84,measured mean toy exact panel and branch allocation; count sampling and serialization excluded,,True,NOT_COST_FEASIBLE_AT_TESTED_HORIZON
B6_FULL_Q_RIDGE,FULL,64,PROJECTION_AND_PATH,16,8,0.0004563066988096883,1.8219263680900136e-06,0.0001351642966504898,0.00029759924066075614,0.010842631594279591,24,0.01100694671281952,0.002162628746407837,83,measured mean toy exact panel and branch allocation; count sampling and serialization excluded,,True,NOT_COST_FEASIBLE_AT_TESTED_HORIZON
B6_FULL_Q_RIDGE,FULL,64,PROJECTION_AND_NET_DISPLACEMENT,16,8,0.0004563066988096883,3.04382583029413e-06,0.0001351642966504898,0.00029759924066075614,0.010842631594279591,24,0.011026497104214786,0.002162628746407837,84,measured mean toy exact panel and branch allocation; count sampling and serialization excluded,,True,NOT_COST_FEASIBLE_AT_TESTED_HORIZON
B5_WORST_GROUP_RANK,0,64,PROJECTION_AND_PATH,1,8,0.00046945596773487826,1.276647211246503e-06,0.0001351642966504898,0.00029759924066075614,0.01085578086320478,24,0.010992221807066516,0.0001351642966504898,83,measured mean toy exact panel and branch allocation; count sampling and serialization excluded,,True,NOT_COST_FEASIBLE_AT_TESTED_HORIZON
B5_WORST_GROUP_RANK,0,64,PROJECTION_AND_NET_DISPLACEMENT,1,8,0.00046945596773487826,2.374276421808948e-06,0.0001351642966504898,0.00029759924066075614,0.01085578086320478,24,0.010993319436277078,0.0001351642966504898,83,measured mean toy exact panel and branch allocation; count sampling and serialization excluded,,True,NOT_COST_FEASIBLE_AT_TESTED_HORIZON
B5_WORST_GROUP_RANK,0,64,PROJECTION_AND_PATH,2,8,0.00046945596773487826,1.276647211246503e-06,0.0001351642966504898,0.00029759924066075614,0.01085578086320478,24,0.010993498454277762,0.0002703285933009796,83,measured mean toy exact panel and branch allocation; count sampling and serialization excluded,,True,NOT_COST_FEASIBLE_AT_TESTED_HORIZON
B5_WORST_GROUP_RANK,0,64,PROJECTION_AND_NET_DISPLACEMENT,2,8,0.00046945596773487826,2.374276421808948e-06,0.0001351642966504898,0.00029759924066075614,0.01085578086320478,24,0.010995693712698889,0.0002703285933009796,83,measured mean toy exact panel and branch allocation; count sampling and serialization excluded,,True,NOT_COST_FEASIBLE_AT_TESTED_HORIZON
B5_WORST_GROUP_RANK,0,64,PROJECTION_AND_PATH,4,8,0.00046945596773487826,1.276647211246503e-06,0.0001351642966504898,0.00029759924066075614,0.01085578086320478,24,0.010996051748700256,0.0005406571866019592,83,measured mean toy exact panel and branch allocation; count sampling and serialization excluded,,True,NOT_COST_FEASIBLE_AT_TESTED_HORIZON
B5_WORST_GROUP_RANK,0,64,PROJECTION_AND_NET_DISPLACEMENT,4,8,0.00046945596773487826,2.374276421808948e-06,0.0001351642966504898,0.00029759924066075614,0.01085578086320478,24,0.011000442265542506,0.0005406571866019592,83,measured mean toy exact panel and branch allocation; count sampling and serialization excluded,,True,NOT_COST_FEASIBLE_AT_TESTED_HORIZON
B5_WORST_GROUP_RANK,0,64,PROJECTION_AND_PATH,8,8,0.00046945596773487826,1.276647211246503e-06,0.0001351642966504898,0.00029759924066075614,0.01085578086320478,24,0.011001158337545242,0.0010813143732039184,83,measured mean toy exact panel and branch allocation; count sampling and serialization excluded,,True,NOT_COST_FEASIBLE_AT_TESTED_HORIZON
B5_WORST_GROUP_RANK,0,64,PROJECTION_AND_NET_DISPLACEMENT,8,8,0.00046945596773487826,2.374276421808948e-06,0.0001351642966504898,0.00029759924066075614,0.01085578086320478,24,0.011009939371229741,0.0010813143732039184,83,measured mean toy exact panel and branch allocation; count sampling and serialization excluded,,True,NOT_COST_FEASIBLE_AT_TESTED_HORIZON
B5_WORST_GROUP_RANK,0,64,PROJECTION_AND_PATH,16,8,0.00046945596773487826,1.276647211246503e-06,0.0001351642966504898,0.00029759924066075614,0.01085578086320478,24,0.011011371515235215,0.002162628746407837,83,measured mean toy exact panel and branch allocation; count sampling and serialization excluded,,True,NOT_COST_FEASIBLE_AT_TESTED_HORIZON
B5_WORST_GROUP_RANK,0,64,PROJECTION_AND_NET_DISPLACEMENT,16,8,0.00046945596773487826,2.374276421808948e-06,0.0001351642966504898,0.00029759924066075614,0.01085578086320478,24,0.011028933582604213,0.002162628746407837,83,measured mean toy exact panel and branch allocation; count sampling and serialization excluded,,True,NOT_COST_FEASIBLE_AT_TESTED_HORIZON
NORM_ONLY_LOCAL_RIDGE,1,64,NORM_ONLY,1,8,8.332739390122393e-05,1.414615423224556e-06,0.0001351642966504898,0.00029759924066075614,0.010469652289371125,24,0.010606231201444839,0.0001351642966504898,80,measured mean toy exact panel and branch allocation; count sampling and serialization excluded,,True,NOT_COST_FEASIBLE_AT_TESTED_HORIZON
NORM_ONLY_LOCAL_RIDGE,1,64,NORM_ONLY,2,8,8.332739390122393e-05,1.414615423224556e-06,0.0001351642966504898,0.00029759924066075614,0.010469652289371125,24,0.010607645816868063,0.0002703285933009796,80,measured mean toy exact panel and branch allocation; count sampling and serialization excluded,,True,NOT_COST_FEASIBLE_AT_TESTED_HORIZON
NORM_ONLY_LOCAL_RIDGE,1,64,NORM_ONLY,4,8,8.332739390122393e-05,1.414615423224556e-06,0.0001351642966504898,0.00029759924066075614,0.010469652289371125,24,0.010610475047714512,0.0005406571866019592,80,measured mean toy exact panel and branch allocation; count sampling and serialization excluded,,True,NOT_COST_FEASIBLE_AT_TESTED_HORIZON
NORM_ONLY_LOCAL_RIDGE,1,64,NORM_ONLY,8,8,8.332739390122393e-05,1.414615423224556e-06,0.0001351642966504898,0.00029759924066075614,0.010469652289371125,24,0.01061613350940741,0.0010813143732039184,80,measured mean toy exact panel and branch allocation; count sampling and serialization excluded,,True,NOT_COST_FEASIBLE_AT_TESTED_HORIZON
NORM_ONLY_LOCAL_RIDGE,1,64,NORM_ONLY,16,8,8.332739390122393e-05,1.414615423224556e-06,0.0001351642966504898,0.00029759924066075614,0.010469652289371125,24,0.010627450432793208,0.002162628746407837,80,measured mean toy exact panel and branch allocation; count sampling and serialization excluded,,True,NOT_COST_FEASIBLE_AT_TESTED_HORIZON
B5_EXACT_SELECTED_DIAGNOSTIC,1,64,PROJECTION_AND_PATH,1,8,0.0004807897253582875,1.708724472943383e-06,0.0001351642966504898,0.00029759924066075614,0.01086711462082819,24,0.011003987641951622,0.0001351642966504898,83,measured mean toy exact panel and branch allocation; count sampling and serialization excluded,,True,NOT_COST_FEASIBLE_AT_TESTED_HORIZON
B5_EXACT_SELECTED_DIAGNOSTIC,1,64,PROJECTION_AND_NET_DISPLACEMENT,1,8,0.0004807897253582875,2.7746793057303877e-06,0.0001351642966504898,0.00029759924066075614,0.01086711462082819,24,0.011005053596784409,0.0001351642966504898,84,measured mean toy exact panel and branch allocation; count sampling and serialization excluded,,True,NOT_COST_FEASIBLE_AT_TESTED_HORIZON
B5_EXACT_SELECTED_DIAGNOSTIC,1,64,PROJECTION_AND_PATH,2,8,0.0004807897253582875,1.708724472943383e-06,0.0001351642966504898,0.00029759924066075614,0.01086711462082819,24,0.011005696366424565,0.0002703285933009796,83,measured mean toy exact panel and branch allocation; count sampling and serialization excluded,,True,NOT_COST_FEASIBLE_AT_TESTED_HORIZON
B5_EXACT_SELECTED_DIAGNOSTIC,1,64,PROJECTION_AND_NET_DISPLACEMENT,2,8,0.0004807897253582875,2.7746793057303877e-06,0.0001351642966504898,0.00029759924066075614,0.01086711462082819,24,0.01100782827609014,0.0002703285933009796,84,measured mean toy exact panel and branch allocation; count sampling and serialization excluded,,True,NOT_COST_FEASIBLE_AT_TESTED_HORIZON
B5_EXACT_SELECTED_DIAGNOSTIC,1,64,PROJECTION_AND_PATH,4,8,0.0004807897253582875,1.708724472943383e-06,0.0001351642966504898,0.00029759924066075614,0.01086711462082819,24,0.011009113815370453,0.0005406571866019592,83,measured mean toy exact panel and branch allocation; count sampling and serialization excluded,,True,NOT_COST_FEASIBLE_AT_TESTED_HORIZON
B5_EXACT_SELECTED_DIAGNOSTIC,1,64,PROJECTION_AND_NET_DISPLACEMENT,4,8,0.0004807897253582875,2.7746793057303877e-06,0.0001351642966504898,0.00029759924066075614,0.01086711462082819,24,0.0110133776347016,0.0005406571866019592,84,measured mean toy exact panel and branch allocation; count sampling and serialization excluded,,True,NOT_COST_FEASIBLE_AT_TESTED_HORIZON
B5_EXACT_SELECTED_DIAGNOSTIC,1,64,PROJECTION_AND_PATH,8,8,0.0004807897253582875,1.708724472943383e-06,0.0001351642966504898,0.00029759924066075614,0.01086711462082819,24,0.011015948713262226,0.0010813143732039184,83,measured mean toy exact panel and branch allocation; count sampling and serialization excluded,,True,NOT_COST_FEASIBLE_AT_TESTED_HORIZON
B5_EXACT_SELECTED_DIAGNOSTIC,1,64,PROJECTION_AND_NET_DISPLACEMENT,8,8,0.0004807897253582875,2.7746793057303877e-06,0.0001351642966504898,0.00029759924066075614,0.01086711462082819,24,0.011024476351924523,0.0010813143732039184,84,measured mean toy exact panel and branch allocation; count sampling and serialization excluded,,True,NOT_COST_FEASIBLE_AT_TESTED_HORIZON
B5_EXACT_SELECTED_DIAGNOSTIC,1,64,PROJECTION_AND_PATH,16,8,0.0004807897253582875,1.708724472943383e-06,0.0001351642966504898,0.00029759924066075614,0.01086711462082819,24,0.011029618509045772,0.002162628746407837,83,measured mean toy exact panel and branch allocation; count sampling and serialization excluded,,True,NOT_COST_FEASIBLE_AT_TESTED_HORIZON
B5_EXACT_SELECTED_DIAGNOSTIC,1,64,PROJECTION_AND_NET_DISPLACEMENT,16,8,0.0004807897253582875,2.7746793057303877e-06,0.0001351642966504898,0.00029759924066075614,0.01086711462082819,24,0.011046673786370365,0.002162628746407837,84,measured mean toy exact panel and branch allocation; count sampling and serialization excluded,,True,NOT_COST_FEASIBLE_AT_TESTED_HORIZON
B5_WORST_GROUP_RANK,1,64,PROJECTION_AND_PATH,1,8,0.0004862506854503105,1.6759529292661076e-06,0.0001351642966504898,0.00029759924066075614,0.010872575580920212,24,0.011009415830499967,0.0001351642966504898,83,measured mean toy exact panel and branch allocation; count sampling and serialization excluded,,True,NOT_COST_FEASIBLE_AT_TESTED_HORIZON
B5_WORST_GROUP_RANK,1,64,PROJECTION_AND_NET_DISPLACEMENT,1,8,0.0004862506854503105,2.727947745976659e-06,0.0001351642966504898,0.00029759924066075614,0.010872575580920212,24,0.011010467825316677,0.0001351642966504898,84,measured mean toy exact panel and branch allocation; count sampling and serialization excluded,,True,NOT_COST_FEASIBLE_AT_TESTED_HORIZON
B5_WORST_GROUP_RANK,1,64,PROJECTION_AND_PATH,2,8,0.0004862506854503105,1.6759529292661076e-06,0.0001351642966504898,0.00029759924066075614,0.010872575580920212,24,0.011011091783429234,0.0002703285933009796,83,measured mean toy exact panel and branch allocation; count sampling and serialization excluded,,True,NOT_COST_FEASIBLE_AT_TESTED_HORIZON
B5_WORST_GROUP_RANK,1,64,PROJECTION_AND_NET_DISPLACEMENT,2,8,0.0004862506854503105,2.727947745976659e-06,0.0001351642966504898,0.00029759924066075614,0.010872575580920212,24,0.011013195773062654,0.0002703285933009796,84,measured mean toy exact panel and branch allocation; count sampling and serialization excluded,,True,NOT_COST_FEASIBLE_AT_TESTED_HORIZON
B5_WORST_GROUP_RANK,1,64,PROJECTION_AND_PATH,4,8,0.0004862506854503105,1.6759529292661076e-06,0.0001351642966504898,0.00029759924066075614,0.010872575580920212,24,0.011014443689287765,0.0005406571866019592,83,measured mean toy exact panel and branch allocation; count sampling and serialization excluded,,True,NOT_COST_FEASIBLE_AT_TESTED_HORIZON
B5_WORST_GROUP_RANK,1,64,PROJECTION_AND_NET_DISPLACEMENT,4,8,0.0004862506854503105,2.727947745976659e-06,0.0001351642966504898,0.00029759924066075614,0.010872575580920212,24,0.011018651668554608,0.0005406571866019592,84,measured mean toy exact panel and branch allocation; count sampling and serialization excluded,,True,NOT_COST_FEASIBLE_AT_TESTED_HORIZON
B5_WORST_GROUP_RANK,1,64,PROJECTION_AND_PATH,8,8,0.0004862506854503105,1.6759529292661076e-06,0.0001351642966504898,0.00029759924066075614,0.010872575580920212,24,0.01102114750100483,0.0010813143732039184,83,measured mean toy exact panel and branch allocation; count sampling and serialization excluded,,True,NOT_COST_FEASIBLE_AT_TESTED_HORIZON
B5_WORST_GROUP_RANK,1,64,PROJECTION_AND_NET_DISPLACEMENT,8,8,0.0004862506854503105,2.727947745976659e-06,0.0001351642966504898,0.00029759924066075614,0.010872575580920212,24,0.011029563459538514,0.0010813143732039184,84,measured mean toy exact panel and branch allocation; count sampling and serialization excluded,,True,NOT_COST_FEASIBLE_AT_TESTED_HORIZON
B5_WORST_GROUP_RANK,1,64,PROJECTION_AND_PATH,16,8,0.0004862506854503105,1.6759529292661076e-06,0.0001351642966504898,0.00029759924066075614,0.010872575580920212,24,0.011034555124438959,0.002162628746407837,83,measured mean toy exact panel and branch allocation; count sampling and serialization excluded,,True,NOT_COST_FEASIBLE_AT_TESTED_HORIZON
B5_WORST_GROUP_RANK,1,64,PROJECTION_AND_NET_DISPLACEMENT,16,8,0.0004862506854503105,2.727947745976659e-06,0.0001351642966504898,0.00029759924066075614,0.010872575580920212,24,0.011051387041506327,0.002162628746407837,84,measured mean toy exact panel and branch allocation; count sampling and serialization excluded,,True,NOT_COST_FEASIBLE_AT_TESTED_HORIZON
B5_WORST_GROUP_RANK,2,64,PROJECTION_AND_PATH,1,8,0.000488735413334022,1.7556018671408917e-06,0.0001351642966504898,0.00029759924066075614,0.010875060308803924,24,0.011011980207321553,0.0001351642966504898,83,measured mean toy exact panel and branch allocation; count sampling and serialization excluded,,True,NOT_COST_FEASIBLE_AT_TESTED_HORIZON
B5_WORST_GROUP_RANK,2,64,PROJECTION_AND_NET_DISPLACEMENT,1,8,0.000488735413334022,2.825869766335624e-06,0.0001351642966504898,0.00029759924066075614,0.010875060308803924,24,0.011013050475220748,0.0001351642966504898,84,measured mean toy exact panel and branch allocation; count sampling and serialization excluded,,True,NOT_COST_FEASIBLE_AT_TESTED_HORIZON
B5_WORST_GROUP_RANK,2,64,PROJECTION_AND_PATH,2,8,0.000488735413334022,1.7556018671408917e-06,0.0001351642966504898,0.00029759924066075614,0.010875060308803924,24,0.011013735809188695,0.0002703285933009796,83,measured mean toy exact panel and branch allocation; count sampling and serialization excluded,,True,NOT_COST_FEASIBLE_AT_TESTED_HORIZON
B5_WORST_GROUP_RANK,2,64,PROJECTION_AND_NET_DISPLACEMENT,2,8,0.000488735413334022,2.825869766335624e-06,0.0001351642966504898,0.00029759924066075614,0.010875060308803924,24,0.011015876344987085,0.0002703285933009796,84,measured mean toy exact panel and branch allocation; count sampling and serialization excluded,,True,NOT_COST_FEASIBLE_AT_TESTED_HORIZON
B5_WORST_GROUP_RANK,2,64,PROJECTION_AND_PATH,4,8,0.000488735413334022,1.7556018671408917e-06,0.0001351642966504898,0.00029759924066075614,0.010875060308803924,24,0.011017247012922976,0.0005406571866019592,83,measured mean toy exact panel and branch allocation; count sampling and serialization excluded,,True,NOT_COST_FEASIBLE_AT_TESTED_HORIZON
B5_WORST_GROUP_RANK,2,64,PROJECTION_AND_NET_DISPLACEMENT,4,8,0.000488735413334022,2.825869766335624e-06,0.0001351642966504898,0.00029759924066075614,0.010875060308803924,24,0.011021528084519755,0.0005406571866019592,84,measured mean toy exact panel and branch allocation; count sampling and serialization excluded,,True,NOT_COST_FEASIBLE_AT_TESTED_HORIZON
B5_WORST_GROUP_RANK,2,64,PROJECTION_AND_PATH,8,8,0.000488735413334022,1.7556018671408917e-06,0.0001351642966504898,0.00029759924066075614,0.010875060308803924,24,0.01102426942039154,0.0010813143732039184,83,measured mean toy exact panel and branch allocation; count sampling and serialization excluded,,True,NOT_COST_FEASIBLE_AT_TESTED_HORIZON
B5_WORST_GROUP_RANK,2,64,PROJECTION_AND_NET_DISPLACEMENT,8,8,0.000488735413334022,2.825869766335624e-06,0.0001351642966504898,0.00029759924066075614,0.010875060308803924,24,0.011032831563585099,0.0010813143732039184,84,measured mean toy exact panel and branch allocation; count sampling and serialization excluded,,True,NOT_COST_FEASIBLE_AT_TESTED_HORIZON
B5_WORST_GROUP_RANK,2,64,PROJECTION_AND_PATH,16,8,0.000488735413334022,1.7556018671408917e-06,0.0001351642966504898,0.00029759924066075614,0.010875060308803924,24,0.011038314235328667,0.002162628746407837,83,measured mean toy exact panel and branch allocation; count sampling and serialization excluded,,True,NOT_COST_FEASIBLE_AT_TESTED_HORIZON
B5_WORST_GROUP_RANK,2,64,PROJECTION_AND_NET_DISPLACEMENT,16,8,0.000488735413334022,2.825869766335624e-06,0.0001351642966504898,0.00029759924066075614,0.010875060308803924,24,0.011055438521715782,0.002162628746407837,84,measured mean toy exact panel and branch allocation; count sampling and serialization excluded,,True,NOT_COST_FEASIBLE_AT_TESTED_HORIZON
B5_WORST_GROUP_RANK,4,64,PROJECTION_AND_PATH,1,8,0.00048606665999007724,1.7082477522005016e-06,0.0001351642966504898,0.00029759924066075614,0.010872391555459979,24,0.011009264099862668,0.0001351642966504898,83,measured mean toy exact panel and branch allocation; count sampling and serialization excluded,,True,NOT_COST_FEASIBLE_AT_TESTED_HORIZON
B5_WORST_GROUP_RANK,4,64,PROJECTION_AND_NET_DISPLACEMENT,1,8,0.00048606665999007724,2.7698801811008405e-06,0.0001351642966504898,0.00029759924066075614,0.010872391555459979,24,0.011010325732291569,0.0001351642966504898,84,measured mean toy exact panel and branch allocation; count sampling and serialization excluded,,True,NOT_COST_FEASIBLE_AT_TESTED_HORIZON
B5_WORST_GROUP_RANK,4,64,PROJECTION_AND_PATH,2,8,0.00048606665999007724,1.7082477522005016e-06,0.0001351642966504898,0.00029759924066075614,0.010872391555459979,24,0.011010972347614868,0.0002703285933009796,83,measured mean toy exact panel and branch allocation; count sampling and serialization excluded,,True,NOT_COST_FEASIBLE_AT_TESTED_HORIZON
B5_WORST_GROUP_RANK,4,64,PROJECTION_AND_NET_DISPLACEMENT,2,8,0.00048606665999007724,2.7698801811008405e-06,0.0001351642966504898,0.00029759924066075614,0.010872391555459979,24,0.011013095612472669,0.0002703285933009796,84,measured mean toy exact panel and branch allocation; count sampling and serialization excluded,,True,NOT_COST_FEASIBLE_AT_TESTED_HORIZON
B5_WORST_GROUP_RANK,4,64,PROJECTION_AND_PATH,4,8,0.00048606665999007724,1.7082477522005016e-06,0.0001351642966504898,0.00029759924066075614,0.010872391555459979,24,0.01101438884311927,0.0005406571866019592,83,measured mean toy exact panel and branch allocation; count sampling and serialization excluded,,True,NOT_COST_FEASIBLE_AT_TESTED_HORIZON
B5_WORST_GROUP_RANK,4,64,PROJECTION_AND_NET_DISPLACEMENT,4,8,0.00048606665999007724,2.7698801811008405e-06,0.0001351642966504898,0.00029759924066075614,0.010872391555459979,24,0.011018635372834871,0.0005406571866019592,84,measured mean toy exact panel and branch allocation; count sampling and serialization excluded,,True,NOT_COST_FEASIBLE_AT_TESTED_HORIZON
B5_WORST_GROUP_RANK,4,64,PROJECTION_AND_PATH,8,8,0.00048606665999007724,1.7082477522005016e-06,0.0001351642966504898,0.00029759924066075614,0.010872391555459979,24,0.011021221834128072,0.0010813143732039184,83,measured mean toy exact panel and branch allocation; count sampling and serialization excluded,,True,NOT_COST_FEASIBLE_AT_TESTED_HORIZON
B5_WORST_GROUP_RANK,4,64,PROJECTION_AND_NET_DISPLACEMENT,8,8,0.00048606665999007724,2.7698801811008405e-06,0.0001351642966504898,0.00029759924066075614,0.010872391555459979,24,0.011029714893559275,0.0010813143732039184,84,measured mean toy exact panel and branch allocation; count sampling and serialization excluded,,True,NOT_COST_FEASIBLE_AT_TESTED_HORIZON
B5_WORST_GROUP_RANK,4,64,PROJECTION_AND_PATH,16,8,0.00048606665999007724,1.7082477522005016e-06,0.0001351642966504898,0.00029759924066075614,0.010872391555459979,24,0.011034887816145676,0.002162628746407837,83,measured mean toy exact panel and branch allocation; count sampling and serialization excluded,,True,NOT_COST_FEASIBLE_AT_TESTED_HORIZON
B5_WORST_GROUP_RANK,4,64,PROJECTION_AND_NET_DISPLACEMENT,16,8,0.00048606665999007724,2.7698801811008405e-06,0.0001351642966504898,0.00029759924066075614,0.010872391555459979,24,0.011051873935008082,0.002162628746407837,84,measured mean toy exact panel and branch allocation; count sampling and serialization excluded,,True,NOT_COST_FEASIBLE_AT_TESTED_HORIZON
B5_WORST_GROUP_RANK,8,64,PROJECTION_AND_PATH,1,8,0.0005023500300012529,1.6787743030969675e-06,0.0001351642966504898,0.00029759924066075614,0.010888674925471156,24,0.011025517996424742,0.0001351642966504898,83,measured mean toy exact panel and branch allocation; count sampling and serialization excluded,,True,NOT_COST_FEASIBLE_AT_TESTED_HORIZON
B5_WORST_GROUP_RANK,8,64,PROJECTION_AND_NET_DISPLACEMENT,1,8,0.0005023500300012529,2.8930531698279084e-06,0.0001351642966504898,0.00029759924066075614,0.010888674925471156,24,0.011026732275291473,0.0001351642966504898,84,measured mean toy exact panel and branch allocation; count sampling and serialization excluded,,True,NOT_COST_FEASIBLE_AT_TESTED_HORIZON
B5_WORST_GROUP_RANK,8,64,PROJECTION_AND_PATH,2,8,0.0005023500300012529,1.6787743030969675e-06,0.0001351642966504898,0.00029759924066075614,0.010888674925471156,24,0.011027196770727839,0.0002703285933009796,83,measured mean toy exact panel and branch allocation; count sampling and serialization excluded,,True,NOT_COST_FEASIBLE_AT_TESTED_HORIZON
B5_WORST_GROUP_RANK,8,64,PROJECTION_AND_NET_DISPLACEMENT,2,8,0.0005023500300012529,2.8930531698279084e-06,0.0001351642966504898,0.00029759924066075614,0.010888674925471156,24,0.011029625328461301,0.0002703285933009796,84,measured mean toy exact panel and branch allocation; count sampling and serialization excluded,,True,NOT_COST_FEASIBLE_AT_TESTED_HORIZON
B5_WORST_GROUP_RANK,8,64,PROJECTION_AND_PATH,4,8,0.0005023500300012529,1.6787743030969675e-06,0.0001351642966504898,0.00029759924066075614,0.010888674925471156,24,0.011030554319334033,0.0005406571866019592,83,measured mean toy exact panel and branch allocation; count sampling and serialization excluded,,True,NOT_COST_FEASIBLE_AT_TESTED_HORIZON
B5_WORST_GROUP_RANK,8,64,PROJECTION_AND_NET_DISPLACEMENT,4,8,0.0005023500300012529,2.8930531698279084e-06,0.0001351642966504898,0.00029759924066075614,0.010888674925471156,24,0.011035411434800956,0.0005406571866019592,84,measured mean toy exact panel and branch allocation; count sampling and serialization excluded,,True,NOT_COST_FEASIBLE_AT_TESTED_HORIZON
B5_WORST_GROUP_RANK,8,64,PROJECTION_AND_PATH,8,8,0.0005023500300012529,1.6787743030969675e-06,0.0001351642966504898,0.00029759924066075614,0.010888674925471156,24,0.01103726941654642,0.0010813143732039184,83,measured mean toy exact panel and branch allocation; count sampling and serialization excluded,,True,NOT_COST_FEASIBLE_AT_TESTED_HORIZON
B5_WORST_GROUP_RANK,8,64,PROJECTION_AND_NET_DISPLACEMENT,8,8,0.0005023500300012529,2.8930531698279084e-06,0.0001351642966504898,0.00029759924066075614,0.010888674925471156,24,0.011046983647480267,0.0010813143732039184,84,measured mean toy exact panel and branch allocation; count sampling and serialization excluded,,True,NOT_COST_FEASIBLE_AT_TESTED_HORIZON
B5_WORST_GROUP_RANK,8,64,PROJECTION_AND_PATH,16,8,0.0005023500300012529,1.6787743030969675e-06,0.0001351642966504898,0.00029759924066075614,0.010888674925471156,24,0.011050699610971196,0.002162628746407837,83,measured mean toy exact panel and branch allocation; count sampling and serialization excluded,,True,NOT_COST_FEASIBLE_AT_TESTED_HORIZON
B5_WORST_GROUP_RANK,8,64,PROJECTION_AND_NET_DISPLACEMENT,16,8,0.0005023500300012529,2.8930531698279084e-06,0.0001351642966504898,0.00029759924066075614,0.010888674925471156,24,0.011070128072838891,0.002162628746407837,84,measured mean toy exact panel and branch allocation; count sampling and serialization excluded,,True,NOT_COST_FEASIBLE_AT_TESTED_HORIZON
B5_WORST_GROUP_RANK,16,64,PROJECTION_AND_PATH,1,8,0.0005096778098959476,1.7417130341830974e-06,0.0001351642966504898,0.00029759924066075614,0.01089600270536585,24,0.011032908715050522,0.0001351642966504898,83,measured mean toy exact panel and branch allocation; count sampling and serialization excluded,,True,NOT_COST_FEASIBLE_AT_TESTED_HORIZON
B5_WORST_GROUP_RANK,16,64,PROJECTION_AND_NET_DISPLACEMENT,1,8,0.0005096778098959476,3.0029618452923994e-06,0.0001351642966504898,0.00029759924066075614,0.01089600270536585,24,0.011034169963861631,0.0001351642966504898,84,measured mean toy exact panel and branch allocation; count sampling and serialization excluded,,True,NOT_COST_FEASIBLE_AT_TESTED_HORIZON
B5_WORST_GROUP_RANK,16,64,PROJECTION_AND_PATH,2,8,0.0005096778098959476,1.7417130341830974e-06,0.0001351642966504898,0.00029759924066075614,0.01089600270536585,24,0.011034650428084705,0.0002703285933009796,83,measured mean toy exact panel and branch allocation; count sampling and serialization excluded,,True,NOT_COST_FEASIBLE_AT_TESTED_HORIZON
B5_WORST_GROUP_RANK,16,64,PROJECTION_AND_NET_DISPLACEMENT,2,8,0.0005096778098959476,3.0029618452923994e-06,0.0001351642966504898,0.00029759924066075614,0.01089600270536585,24,0.011037172925706922,0.0002703285933009796,84,measured mean toy exact panel and branch allocation; count sampling and serialization excluded,,True,NOT_COST_FEASIBLE_AT_TESTED_HORIZON
B5_WORST_GROUP_RANK,16,64,PROJECTION_AND_PATH,4,8,0.0005096778098959476,1.7417130341830974e-06,0.0001351642966504898,0.00029759924066075614,0.01089600270536585,24,0.01103813385415307,0.0005406571866019592,83,measured mean toy exact panel and branch allocation; count sampling and serialization excluded,,True,NOT_COST_FEASIBLE_AT_TESTED_HORIZON
B5_WORST_GROUP_RANK,16,64,PROJECTION_AND_NET_DISPLACEMENT,4,8,0.0005096778098959476,3.0029618452923994e-06,0.0001351642966504898,0.00029759924066075614,0.01089600270536585,24,0.011043178849397508,0.0005406571866019592,84,measured mean toy exact panel and branch allocation; count sampling and serialization excluded,,True,NOT_COST_FEASIBLE_AT_TESTED_HORIZON
B5_WORST_GROUP_RANK,16,64,PROJECTION_AND_PATH,8,8,0.0005096778098959476,1.7417130341830974e-06,0.0001351642966504898,0.00029759924066075614,0.01089600270536585,24,0.011045100706289803,0.0010813143732039184,83,measured mean toy exact panel and branch allocation; count sampling and serialization excluded,,True,NOT_COST_FEASIBLE_AT_TESTED_HORIZON
B5_WORST_GROUP_RANK,16,64,PROJECTION_AND_NET_DISPLACEMENT,8,8,0.0005096778098959476,3.0029618452923994e-06,0.0001351642966504898,0.00029759924066075614,0.01089600270536585,24,0.011055190696778678,0.0010813143732039184,84,measured mean toy exact panel and branch allocation; count sampling and serialization excluded,,True,NOT_COST_FEASIBLE_AT_TESTED_HORIZON
B5_WORST_GROUP_RANK,16,64,PROJECTION_AND_PATH,16,8,0.0005096778098959476,1.7417130341830974e-06,0.0001351642966504898,0.00029759924066075614,0.01089600270536585,24,0.011059034410563268,0.002162628746407837,83,measured mean toy exact panel and branch allocation; count sampling and serialization excluded,,True,NOT_COST_FEASIBLE_AT_TESTED_HORIZON
B5_WORST_GROUP_RANK,16,64,PROJECTION_AND_NET_DISPLACEMENT,16,8,0.0005096778098959476,3.0029618452923994e-06,0.0001351642966504898,0.00029759924066075614,0.01089600270536585,24,0.011079214391541017,0.002162628746407837,84,measured mean toy exact panel and branch allocation; count sampling and serialization excluded,,True,NOT_COST_FEASIBLE_AT_TESTED_HORIZON
B5_WORST_GROUP_RANK,FULL,64,PROJECTION_AND_PATH,1,8,0.0005167909354592363,1.7078115585415314e-06,0.0001351642966504898,0.00029759924066075614,0.010903115830929138,24,0.011039987939138168,0.0001351642966504898,83,measured mean toy exact panel and branch allocation; count sampling and serialization excluded,,True,NOT_COST_FEASIBLE_AT_TESTED_HORIZON
B5_WORST_GROUP_RANK,FULL,64,PROJECTION_AND_NET_DISPLACEMENT,1,8,0.0005167909354592363,2.9401894911037136e-06,0.0001351642966504898,0.00029759924066075614,0.010903115830929138,24,0.01104122031707073,0.0001351642966504898,84,measured mean toy exact panel and branch allocation; count sampling and serialization excluded,,True,NOT_COST_FEASIBLE_AT_TESTED_HORIZON
B5_WORST_GROUP_RANK,FULL,64,PROJECTION_AND_PATH,2,8,0.0005167909354592363,1.7078115585415314e-06,0.0001351642966504898,0.00029759924066075614,0.010903115830929138,24,0.01104169575069671,0.0002703285933009796,83,measured mean toy exact panel and branch allocation; count sampling and serialization excluded,,True,NOT_COST_FEASIBLE_AT_TESTED_HORIZON
B5_WORST_GROUP_RANK,FULL,64,PROJECTION_AND_NET_DISPLACEMENT,2,8,0.0005167909354592363,2.9401894911037136e-06,0.0001351642966504898,0.00029759924066075614,0.010903115830929138,24,0.011044160506561835,0.0002703285933009796,84,measured mean toy exact panel and branch allocation; count sampling and serialization excluded,,True,NOT_COST_FEASIBLE_AT_TESTED_HORIZON
B5_WORST_GROUP_RANK,FULL,64,PROJECTION_AND_PATH,4,8,0.0005167909354592363,1.7078115585415314e-06,0.0001351642966504898,0.00029759924066075614,0.010903115830929138,24,0.011045111373813792,0.0005406571866019592,83,measured mean toy exact panel and branch allocation; count sampling and serialization excluded,,True,NOT_COST_FEASIBLE_AT_TESTED_HORIZON
B5_WORST_GROUP_RANK,FULL,64,PROJECTION_AND_NET_DISPLACEMENT,4,8,0.0005167909354592363,2.9401894911037136e-06,0.0001351642966504898,0.00029759924066075614,0.010903115830929138,24,0.011050040885544041,0.0005406571866019592,84,measured mean toy exact panel and branch allocation; count sampling and serialization excluded,,True,NOT_COST_FEASIBLE_AT_TESTED_HORIZON
B5_WORST_GROUP_RANK,FULL,64,PROJECTION_AND_PATH,8,8,0.0005167909354592363,1.7078115585415314e-06,0.0001351642966504898,0.00029759924066075614,0.010903115830929138,24,0.01105194262004796,0.0010813143732039184,83,measured mean toy exact panel and branch allocation; count sampling and serialization excluded,,True,NOT_COST_FEASIBLE_AT_TESTED_HORIZON
B5_WORST_GROUP_RANK,FULL,64,PROJECTION_AND_NET_DISPLACEMENT,8,8,0.0005167909354592363,2.9401894911037136e-06,0.0001351642966504898,0.00029759924066075614,0.010903115830929138,24,0.011061801643508456,0.0010813143732039184,84,measured mean toy exact panel and branch allocation; count sampling and serialization excluded,,True,NOT_COST_FEASIBLE_AT_TESTED_HORIZON
B5_WORST_GROUP_RANK,FULL,64,PROJECTION_AND_PATH,16,8,0.0005167909354592363,1.7078115585415314e-06,0.0001351642966504898,0.00029759924066075614,0.010903115830929138,24,0.01106560511251629,0.002162628746407837,83,measured mean toy exact panel and branch allocation; count sampling and serialization excluded,,True,NOT_COST_FEASIBLE_AT_TESTED_HORIZON
B5_WORST_GROUP_RANK,FULL,64,PROJECTION_AND_NET_DISPLACEMENT,16,8,0.0005167909354592363,2.9401894911037136e-06,0.0001351642966504898,0.00029759924066075614,0.010903115830929138,24,0.011085323159437286,0.002162628746407837,84,measured mean toy exact panel and branch allocation; count sampling and serialization excluded,,True,NOT_COST_FEASIBLE_AT_TESTED_HORIZON
B0_PERSISTENCE,0,256,PROJECTION_AND_PATH,1,8,0.0,0.0,0.0001351642966504898,0.00029759924066075614,0.0,0,0.0001351642966504898,0.0001351642966504898,1,measured mean toy exact panel and branch allocation; count sampling and serialization excluded,,True,MEASURED_COMPONENTS_BELOW_DENSE_COST_TOTAL_UNKNOWN
B0_PERSISTENCE,0,256,PROJECTION_AND_NET_DISPLACEMENT,1,8,0.0,0.0,0.0001351642966504898,0.00029759924066075614,0.0,0,0.0001351642966504898,0.0001351642966504898,1,measured mean toy exact panel and branch allocation; count sampling and serialization excluded,,True,MEASURED_COMPONENTS_BELOW_DENSE_COST_TOTAL_UNKNOWN
B0_PERSISTENCE,0,256,PROJECTION_AND_PATH,2,8,0.0,0.0,0.0001351642966504898,0.00029759924066075614,0.0,0,0.0001351642966504898,0.0002703285933009796,1,measured mean toy exact panel and branch allocation; count sampling and serialization excluded,,True,MEASURED_COMPONENTS_BELOW_DENSE_COST_TOTAL_UNKNOWN
B0_PERSISTENCE,0,256,PROJECTION_AND_NET_DISPLACEMENT,2,8,0.0,0.0,0.0001351642966504898,0.00029759924066075614,0.0,0,0.0001351642966504898,0.0002703285933009796,1,measured mean toy exact panel and branch allocation; count sampling and serialization excluded,,True,MEASURED_COMPONENTS_BELOW_DENSE_COST_TOTAL_UNKNOWN
B0_PERSISTENCE,0,256,PROJECTION_AND_PATH,4,8,0.0,0.0,0.0001351642966504898,0.00029759924066075614,0.0,0,0.0001351642966504898,0.0005406571866019592,1,measured mean toy exact panel and branch allocation; count sampling and serialization excluded,,True,MEASURED_COMPONENTS_BELOW_DENSE_COST_TOTAL_UNKNOWN
B0_PERSISTENCE,0,256,PROJECTION_AND_NET_DISPLACEMENT,4,8,0.0,0.0,0.0001351642966504898,0.00029759924066075614,0.0,0,0.0001351642966504898,0.0005406571866019592,1,measured mean toy exact panel and branch allocation; count sampling and serialization excluded,,True,MEASURED_COMPONENTS_BELOW_DENSE_COST_TOTAL_UNKNOWN
B0_PERSISTENCE,0,256,PROJECTION_AND_PATH,8,8,0.0,0.0,0.0001351642966504898,0.00029759924066075614,0.0,0,0.0001351642966504898,0.0010813143732039184,1,measured mean toy exact panel and branch allocation; count sampling and serialization excluded,,True,MEASURED_COMPONENTS_BELOW_DENSE_COST_TOTAL_UNKNOWN
B0_PERSISTENCE,0,256,PROJECTION_AND_NET_DISPLACEMENT,8,8,0.0,0.0,0.0001351642966504898,0.00029759924066075614,0.0,0,0.0001351642966504898,0.0010813143732039184,1,measured mean toy exact panel and branch allocation; count sampling and serialization excluded,,True,MEASURED_COMPONENTS_BELOW_DENSE_COST_TOTAL_UNKNOWN
B0_PERSISTENCE,0,256,PROJECTION_AND_PATH,16,8,0.0,0.0,0.0001351642966504898,0.00029759924066075614,0.0,0,0.0001351642966504898,0.002162628746407837,1,measured mean toy exact panel and branch allocation; count sampling and serialization excluded,,True,MEASURED_COMPONENTS_BELOW_DENSE_COST_TOTAL_UNKNOWN
B0_PERSISTENCE,0,256,PROJECTION_AND_NET_DISPLACEMENT,16,8,0.0,0.0,0.0001351642966504898,0.00029759924066075614,0.0,0,0.0001351642966504898,0.002162628746407837,1,measured mean toy exact panel and branch allocation; count sampling and serialization excluded,,True,MEASURED_COMPONENTS_BELOW_DENSE_COST_TOTAL_UNKNOWN
B6_FULL_Q_RIDGE,FULL,256,PROJECTION_AND_PATH,1,8,0.000455959695779408,1.764791207582069e-06,0.0001351642966504898,0.00029759924066075614,0.01084228459124931,24,0.010979213679107381,0.0001351642966504898,83,measured mean toy exact panel and branch allocation; count sampling and serialization excluded,,True,NOT_COST_FEASIBLE_AT_TESTED_HORIZON
B6_FULL_Q_RIDGE,FULL,256,PROJECTION_AND_NET_DISPLACEMENT,1,8,0.000455959695779408,2.9681468004127964e-06,0.0001351642966504898,0.00029759924066075614,0.01084228459124931,24,0.010980417034700212,0.0001351642966504898,84,measured mean toy exact panel and branch allocation; count sampling and serialization excluded,,True,NOT_COST_FEASIBLE_AT_TESTED_HORIZON
B6_FULL_Q_RIDGE,FULL,256,PROJECTION_AND_PATH,2,8,0.000455959695779408,1.764791207582069e-06,0.0001351642966504898,0.00029759924066075614,0.01084228459124931,24,0.010980978470314963,0.0002703285933009796,83,measured mean toy exact panel and branch allocation; count sampling and serialization excluded,,True,NOT_COST_FEASIBLE_AT_TESTED_HORIZON
B6_FULL_Q_RIDGE,FULL,256,PROJECTION_AND_NET_DISPLACEMENT,2,8,0.000455959695779408,2.9681468004127964e-06,0.0001351642966504898,0.00029759924066075614,0.01084228459124931,24,0.010983385181500625,0.0002703285933009796,84,measured mean toy exact panel and branch allocation; count sampling and serialization excluded,,True,NOT_COST_FEASIBLE_AT_TESTED_HORIZON
B6_FULL_Q_RIDGE,FULL,256,PROJECTION_AND_PATH,4,8,0.000455959695779408,1.764791207582069e-06,0.0001351642966504898,0.00029759924066075614,0.01084228459124931,24,0.010984508052730128,0.0005406571866019592,83,measured mean toy exact panel and branch allocation; count sampling and serialization excluded,,True,NOT_COST_FEASIBLE_AT_TESTED_HORIZON
B6_FULL_Q_RIDGE,FULL,256,PROJECTION_AND_NET_DISPLACEMENT,4,8,0.000455959695779408,2.9681468004127964e-06,0.0001351642966504898,0.00029759924066075614,0.01084228459124931,24,0.010989321475101451,0.0005406571866019592,84,measured mean toy exact panel and branch allocation; count sampling and serialization excluded,,True,NOT_COST_FEASIBLE_AT_TESTED_HORIZON
B6_FULL_Q_RIDGE,FULL,256,PROJECTION_AND_PATH,8,8,0.000455959695779408,1.764791207582069e-06,0.0001351642966504898,0.00029759924066075614,0.01084228459124931,24,0.010991567217560456,0.0010813143732039184,83,measured mean toy exact panel and branch allocation; count sampling and serialization excluded,,True,NOT_COST_FEASIBLE_AT_TESTED_HORIZON
B6_FULL_Q_RIDGE,FULL,256,PROJECTION_AND_NET_DISPLACEMENT,8,8,0.000455959695779408,2.9681468004127964e-06,0.0001351642966504898,0.00029759924066075614,0.01084228459124931,24,0.011001194062303103,0.0010813143732039184,84,measured mean toy exact panel and branch allocation; count sampling and serialization excluded,,True,NOT_COST_FEASIBLE_AT_TESTED_HORIZON
B6_FULL_Q_RIDGE,FULL,256,PROJECTION_AND_PATH,16,8,0.000455959695779408,1.764791207582069e-06,0.0001351642966504898,0.00029759924066075614,0.01084228459124931,24,0.011005685547221113,0.002162628746407837,83,measured mean toy exact panel and branch allocation; count sampling and serialization excluded,,True,NOT_COST_FEASIBLE_AT_TESTED_HORIZON
B6_FULL_Q_RIDGE,FULL,256,PROJECTION_AND_NET_DISPLACEMENT,16,8,0.000455959695779408,2.9681468004127964e-06,0.0001351642966504898,0.00029759924066075614,0.01084228459124931,24,0.011024939236706404,0.002162628746407837,84,measured mean toy exact panel and branch allocation; count sampling and serialization excluded,,True,NOT_COST_FEASIBLE_AT_TESTED_HORIZON
B5_WORST_GROUP_RANK,0,256,PROJECTION_AND_PATH,1,8,0.0004717134366122385,1.2541995238279923e-06,0.0001351642966504898,0.00029759924066075614,0.01085803833208214,24,0.010994456828256456,0.0001351642966504898,83,measured mean toy exact panel and branch allocation; count sampling and serialization excluded,,True,NOT_COST_FEASIBLE_AT_TESTED_HORIZON
B5_WORST_GROUP_RANK,0,256,PROJECTION_AND_NET_DISPLACEMENT,1,8,0.0004717134366122385,2.3209720529848708e-06,0.0001351642966504898,0.00029759924066075614,0.01085803833208214,24,0.010995523600785614,0.0001351642966504898,83,measured mean toy exact panel and branch allocation; count sampling and serialization excluded,,True,NOT_COST_FEASIBLE_AT_TESTED_HORIZON
B5_WORST_GROUP_RANK,0,256,PROJECTION_AND_PATH,2,8,0.0004717134366122385,1.2541995238279923e-06,0.0001351642966504898,0.00029759924066075614,0.01085803833208214,24,0.010995711027780285,0.0002703285933009796,83,measured mean toy exact panel and branch allocation; count sampling and serialization excluded,,True,NOT_COST_FEASIBLE_AT_TESTED_HORIZON
B5_WORST_GROUP_RANK,0,256,PROJECTION_AND_NET_DISPLACEMENT,2,8,0.0004717134366122385,2.3209720529848708e-06,0.0001351642966504898,0.00029759924066075614,0.01085803833208214,24,0.0109978445728386,0.0002703285933009796,83,measured mean toy exact panel and branch allocation; count sampling and serialization excluded,,True,NOT_COST_FEASIBLE_AT_TESTED_HORIZON
B5_WORST_GROUP_RANK,0,256,PROJECTION_AND_PATH,4,8,0.0004717134366122385,1.2541995238279923e-06,0.0001351642966504898,0.00029759924066075614,0.01085803833208214,24,0.010998219426827941,0.0005406571866019592,83,measured mean toy exact panel and branch allocation; count sampling and serialization excluded,,True,NOT_COST_FEASIBLE_AT_TESTED_HORIZON
B5_WORST_GROUP_RANK,0,256,PROJECTION_AND_NET_DISPLACEMENT,4,8,0.0004717134366122385,2.3209720529848708e-06,0.0001351642966504898,0.00029759924066075614,0.01085803833208214,24,0.01100248651694457,0.0005406571866019592,83,measured mean toy exact panel and branch allocation; count sampling and serialization excluded,,True,NOT_COST_FEASIBLE_AT_TESTED_HORIZON
B5_WORST_GROUP_RANK,0,256,PROJECTION_AND_PATH,8,8,0.0004717134366122385,1.2541995238279923e-06,0.0001351642966504898,0.00029759924066075614,0.01085803833208214,24,0.011003236224923253,0.0010813143732039184,83,measured mean toy exact panel and branch allocation; count sampling and serialization excluded,,True,NOT_COST_FEASIBLE_AT_TESTED_HORIZON
B5_WORST_GROUP_RANK,0,256,PROJECTION_AND_NET_DISPLACEMENT,8,8,0.0004717134366122385,2.3209720529848708e-06,0.0001351642966504898,0.00029759924066075614,0.01085803833208214,24,0.011011770405156508,0.0010813143732039184,83,measured mean toy exact panel and branch allocation; count sampling and serialization excluded,,True,NOT_COST_FEASIBLE_AT_TESTED_HORIZON
B5_WORST_GROUP_RANK,0,256,PROJECTION_AND_PATH,16,8,0.0004717134366122385,1.2541995238279923e-06,0.0001351642966504898,0.00029759924066075614,0.01085803833208214,24,0.011013269821113877,0.002162628746407837,83,measured mean toy exact panel and branch allocation; count sampling and serialization excluded,,True,NOT_COST_FEASIBLE_AT_TESTED_HORIZON
B5_WORST_GROUP_RANK,0,256,PROJECTION_AND_NET_DISPLACEMENT,16,8,0.0004717134366122385,2.3209720529848708e-06,0.0001351642966504898,0.00029759924066075614,0.01085803833208214,24,0.011030338181580387,0.002162628746407837,83,measured mean toy exact panel and branch allocation; count sampling and serialization excluded,,True,NOT_COST_FEASIBLE_AT_TESTED_HORIZON
NORM_ONLY_LOCAL_RIDGE,1,256,NORM_ONLY,1,8,8.366012790550788e-05,1.4348743085671836e-06,0.0001351642966504898,0.00029759924066075614,0.01046998502337541,24,0.010606584194334466,0.0001351642966504898,80,measured mean toy exact panel and branch allocation; count sampling and serialization excluded,,True,NOT_COST_FEASIBLE_AT_TESTED_HORIZON
NORM_ONLY_LOCAL_RIDGE,1,256,NORM_ONLY,2,8,8.366012790550788e-05,1.4348743085671836e-06,0.0001351642966504898,0.00029759924066075614,0.01046998502337541,24,0.010608019068643034,0.0002703285933009796,80,measured mean toy exact panel and branch allocation; count sampling and serialization excluded,,True,NOT_COST_FEASIBLE_AT_TESTED_HORIZON
NORM_ONLY_LOCAL_RIDGE,1,256,NORM_ONLY,4,8,8.366012790550788e-05,1.4348743085671836e-06,0.0001351642966504898,0.00029759924066075614,0.01046998502337541,24,0.010610888817260168,0.0005406571866019592,80,measured mean toy exact panel and branch allocation; count sampling and serialization excluded,,True,NOT_COST_FEASIBLE_AT_TESTED_HORIZON
NORM_ONLY_LOCAL_RIDGE,1,256,NORM_ONLY,8,8,8.366012790550788e-05,1.4348743085671836e-06,0.0001351642966504898,0.00029759924066075614,0.01046998502337541,24,0.010616628314494437,0.0010813143732039184,80,measured mean toy exact panel and branch allocation; count sampling and serialization excluded,,True,NOT_COST_FEASIBLE_AT_TESTED_HORIZON
NORM_ONLY_LOCAL_RIDGE,1,256,NORM_ONLY,16,8,8.366012790550788e-05,1.4348743085671836e-06,0.0001351642966504898,0.00029759924066075614,0.01046998502337541,24,0.010628107308962974,0.002162628746407837,80,measured mean toy exact panel and branch allocation; count sampling and serialization excluded,,True,NOT_COST_FEASIBLE_AT_TESTED_HORIZON
B5_EXACT_SELECTED_DIAGNOSTIC,1,256,PROJECTION_AND_PATH,1,8,0.0004846348520368338,1.6964257762689765e-06,0.0001351642966504898,0.00029759924066075614,0.010870959747506737,24,0.011007820469933495,0.0001351642966504898,83,measured mean toy exact panel and branch allocation; count sampling and serialization excluded,,True,NOT_COST_FEASIBLE_AT_TESTED_HORIZON
B5_EXACT_SELECTED_DIAGNOSTIC,1,256,PROJECTION_AND_NET_DISPLACEMENT,1,8,0.0004846348520368338,2.768231667384195e-06,0.0001351642966504898,0.00029759924066075614,0.010870959747506737,24,0.011008892275824609,0.0001351642966504898,84,measured mean toy exact panel and branch allocation; count sampling and serialization excluded,,True,NOT_COST_FEASIBLE_AT_TESTED_HORIZON
B5_EXACT_SELECTED_DIAGNOSTIC,1,256,PROJECTION_AND_PATH,2,8,0.0004846348520368338,1.6964257762689765e-06,0.0001351642966504898,0.00029759924066075614,0.010870959747506737,24,0.011009516895709764,0.0002703285933009796,83,measured mean toy exact panel and branch allocation; count sampling and serialization excluded,,True,NOT_COST_FEASIBLE_AT_TESTED_HORIZON
B5_EXACT_SELECTED_DIAGNOSTIC,1,256,PROJECTION_AND_NET_DISPLACEMENT,2,8,0.0004846348520368338,2.768231667384195e-06,0.0001351642966504898,0.00029759924066075614,0.010870959747506737,24,0.011011660507491994,0.0002703285933009796,84,measured mean toy exact panel and branch allocation; count sampling and serialization excluded,,True,NOT_COST_FEASIBLE_AT_TESTED_HORIZON
B5_EXACT_SELECTED_DIAGNOSTIC,1,256,PROJECTION_AND_PATH,4,8,0.0004846348520368338,1.6964257762689765e-06,0.0001351642966504898,0.00029759924066075614,0.010870959747506737,24,0.011012909747262302,0.0005406571866019592,83,measured mean toy exact panel and branch allocation; count sampling and serialization excluded,,True,NOT_COST_FEASIBLE_AT_TESTED_HORIZON
B5_EXACT_SELECTED_DIAGNOSTIC,1,256,PROJECTION_AND_NET_DISPLACEMENT,4,8,0.0004846348520368338,2.768231667384195e-06,0.0001351642966504898,0.00029759924066075614,0.010870959747506737,24,0.011017196970826763,0.0005406571866019592,84,measured mean toy exact panel and branch allocation; count sampling and serialization excluded,,True,NOT_COST_FEASIBLE_AT_TESTED_HORIZON
B5_EXACT_SELECTED_DIAGNOSTIC,1,256,PROJECTION_AND_PATH,8,8,0.0004846348520368338,1.6964257762689765e-06,0.0001351642966504898,0.00029759924066075614,0.010870959747506737,24,0.011019695450367377,0.0010813143732039184,83,measured mean toy exact panel and branch allocation; count sampling and serialization excluded,,True,NOT_COST_FEASIBLE_AT_TESTED_HORIZON
B5_EXACT_SELECTED_DIAGNOSTIC,1,256,PROJECTION_AND_NET_DISPLACEMENT,8,8,0.0004846348520368338,2.768231667384195e-06,0.0001351642966504898,0.00029759924066075614,0.010870959747506737,24,0.0110282698974963,0.0010813143732039184,84,measured mean toy exact panel and branch allocation; count sampling and serialization excluded,,True,NOT_COST_FEASIBLE_AT_TESTED_HORIZON
B5_EXACT_SELECTED_DIAGNOSTIC,1,256,PROJECTION_AND_PATH,16,8,0.0004846348520368338,1.6964257762689765e-06,0.0001351642966504898,0.00029759924066075614,0.010870959747506737,24,0.01103326685657753,0.002162628746407837,83,measured mean toy exact panel and branch allocation; count sampling and serialization excluded,,True,NOT_COST_FEASIBLE_AT_TESTED_HORIZON
B5_EXACT_SELECTED_DIAGNOSTIC,1,256,PROJECTION_AND_NET_DISPLACEMENT,16,8,0.0004846348520368338,2.768231667384195e-06,0.0001351642966504898,0.00029759924066075614,0.010870959747506737,24,0.011050415750835372,0.002162628746407837,84,measured mean toy exact panel and branch allocation; count sampling and serialization excluded,,True,NOT_COST_FEASIBLE_AT_TESTED_HORIZON
