configuration_id,access_regime,score_to_generation_ratio,label_to_generation_ratio,comparison_baseline,includes_fit_score_label,calibration_cost,direct_cost_four_queries,calibration_cost_lower_bound,calibration_cost_upper_bound,historical_label_cost_is_unmeasured,historical_label_queries_lower_bound,historical_label_queries_upper_bound,historical_acquisition_duplicate_actions_removed,surrogate_query_incremental_model_evaluations,fit_compute_seconds_separately_measured,break_even_queries,tested_query_domain,within_domain,cost_feasible,anchor_unit_count,cost_feasible_at_label_upper_bound,cost_feasible_is_optimistic_lower_bound,known_event_cost_advantage,toy_forward_cost_not_vlm_cost,zero_incremental_surrogate_cost_is_optimistic_lower_bound,status
C2|O_IND|64|FULL|1e-05|0.01|8,SAMPLE_ONLY,0.05,0.05,D_DIRECT,True,3535149.6,1781853.85,3535149.6,3537619.2,True,16272,65664,59904,0,True,8,4,False,False,60,False,True,False,True,True,NO_COST_FEASIBLE_SURROGATE
C2|O_IND|64|FULL|1e-05|0.01|8,SAMPLE_ONLY,0.25,0.05,D_DIRECT,True,3535149.6,1781853.85,3535149.6,3537619.2,True,16272,65664,59904,0,True,8,4,False,False,60,False,True,False,True,True,NO_COST_FEASIBLE_SURROGATE
C2|O_IND|64|FULL|1e-05|0.01|8,SAMPLE_ONLY,1.0,0.05,D_DIRECT,True,3535149.6,1781853.85,3535149.6,3537619.2,True,16272,65664,59904,0,True,8,4,False,False,60,False,True,False,True,True,NO_COST_FEASIBLE_SURROGATE
C2|O_CRN|64|FULL|1e-05|0.01|8,SAMPLE_ONLY,0.05,0.05,D_DIRECT,True,3597451.0,1781789.6,3597451.0,3597451.0,False,0,0,0,0,True,9,4,False,False,60,False,True,False,True,True,NO_COST_FEASIBLE_SURROGATE
C2|O_CRN|64|FULL|1e-05|0.01|8,SAMPLE_ONLY,0.25,0.05,D_DIRECT,True,3597451.0,1781789.6,3597451.0,3597451.0,False,0,0,0,0,True,9,4,False,False,60,False,True,False,True,True,NO_COST_FEASIBLE_SURROGATE
C2|O_CRN|64|FULL|1e-05|0.01|8,SAMPLE_ONLY,1.0,0.05,D_DIRECT,True,3597451.0,1781789.6,3597451.0,3597451.0,False,0,0,0,0,True,9,4,False,False,60,False,True,False,True,True,NO_COST_FEASIBLE_SURROGATE
C2|O_LR_ORIGIN|64|FULL|1e-05|0.01|8,SAMPLE_AND_LOGP,0.05,0.05,D_DIRECT,True,1551484.2,752021.5499999999,1551484.2,1551484.2,False,0,0,0,0,True,9,4,False,False,60,False,True,False,True,True,NO_COST_FEASIBLE_SURROGATE
C2|O_LR_ORIGIN|64|FULL|1e-05|0.01|8,SAMPLE_AND_LOGP,0.05,0.05,D_KNOWN_EVENT_LOGP,True,1551484.2,5670.0,1551484.2,1551484.2,False,0,0,0,0,True,1095,4,False,False,60,False,True,False,True,True,NO_COST_FEASIBLE_SURROGATE
C2|O_LR_ORIGIN|64|FULL|1e-05|0.01|8,SAMPLE_AND_LOGP,0.25,0.05,D_DIRECT,True,1717324.8,835434.35,1717324.8,1717324.8,False,0,0,0,0,True,9,4,False,False,60,False,True,False,True,True,NO_COST_FEASIBLE_SURROGATE
C2|O_LR_ORIGIN|64|FULL|1e-05|0.01|8,SAMPLE_AND_LOGP,0.25,0.05,D_KNOWN_EVENT_LOGP,True,1717324.8,25758.0,1717324.8,1717324.8,False,0,0,0,0,True,267,4,False,False,60,False,True,False,True,True,NO_COST_FEASIBLE_SURROGATE
C2|O_LR_ORIGIN|64|FULL|1e-05|0.01|8,SAMPLE_AND_LOGP,1.0,0.05,D_DIRECT,True,2339227.05,1148232.35,2339227.05,2339227.05,False,0,0,0,0,True,9,4,False,False,60,False,True,False,True,True,NO_COST_FEASIBLE_SURROGATE
C2|O_LR_ORIGIN|64|FULL|1e-05|0.01|8,SAMPLE_AND_LOGP,1.0,0.05,D_KNOWN_EVENT_LOGP,True,2339227.05,101088.0,2339227.05,2339227.05,False,0,0,0,0,True,93,4,False,False,60,False,True,False,True,True,NO_COST_FEASIBLE_SURROGATE
C2|O_LR_MIX|64|FULL|1e-05|0.01|8,SAMPLE_AND_LOGP,0.05,0.05,D_DIRECT,True,2096333.95,1056608.25,2096333.95,2096333.95,False,0,0,0,0,True,8,4,False,False,60,False,True,False,True,True,NO_COST_FEASIBLE_SURROGATE
C2|O_LR_MIX|64|FULL|1e-05|0.01|8,SAMPLE_AND_LOGP,0.05,0.05,D_KNOWN_EVENT_LOGP,True,2096333.95,5670.0,2096333.95,2096333.95,False,0,0,0,0,True,1479,4,False,False,60,False,True,False,True,True,NO_COST_FEASIBLE_SURROGATE
C2|O_LR_MIX|64|FULL|1e-05|0.01|8,SAMPLE_AND_LOGP,0.25,0.05,D_DIRECT,True,2119145.55,1068105.05,2119145.55,2119145.55,False,0,0,0,0,True,8,4,False,False,60,False,True,False,True,True,NO_COST_FEASIBLE_SURROGATE
C2|O_LR_MIX|64|FULL|1e-05|0.01|8,SAMPLE_AND_LOGP,0.25,0.05,D_KNOWN_EVENT_LOGP,True,2119145.55,25758.0,2119145.55,2119145.55,False,0,0,0,0,True,330,4,False,False,60,False,True,False,True,True,NO_COST_FEASIBLE_SURROGATE
C2|O_LR_MIX|64|FULL|1e-05|0.01|8,SAMPLE_AND_LOGP,1.0,0.05,D_DIRECT,True,2204689.05,1111218.05,2204689.05,2204689.05,False,0,0,0,0,True,8,4,False,False,60,False,True,False,True,True,NO_COST_FEASIBLE_SURROGATE
C2|O_LR_MIX|64|FULL|1e-05|0.01|8,SAMPLE_AND_LOGP,1.0,0.05,D_KNOWN_EVENT_LOGP,True,2204689.05,101088.0,2204689.05,2204689.05,False,0,0,0,0,True,88,4,False,False,60,False,True,False,True,True,NO_COST_FEASIBLE_SURROGATE
C2|O_LR_ORIGIN|64|FULL|0.01|0.01|8,SAMPLE_AND_LOGP,0.05,0.05,D_DIRECT,True,1551484.2,752021.5499999999,1551484.2,1551484.2,False,0,0,0,0,True,9,4,False,False,60,False,True,False,True,True,NO_COST_FEASIBLE_SURROGATE
C2|O_LR_ORIGIN|64|FULL|0.01|0.01|8,SAMPLE_AND_LOGP,0.05,0.05,D_KNOWN_EVENT_LOGP,True,1551484.2,5670.0,1551484.2,1551484.2,False,0,0,0,0,True,1095,4,False,False,60,False,True,False,True,True,NO_COST_FEASIBLE_SURROGATE
C2|O_LR_ORIGIN|64|FULL|0.01|0.01|8,SAMPLE_AND_LOGP,0.25,0.05,D_DIRECT,True,1717324.8,835434.35,1717324.8,1717324.8,False,0,0,0,0,True,9,4,False,False,60,False,True,False,True,True,NO_COST_FEASIBLE_SURROGATE
C2|O_LR_ORIGIN|64|FULL|0.01|0.01|8,SAMPLE_AND_LOGP,0.25,0.05,D_KNOWN_EVENT_LOGP,True,1717324.8,25758.0,1717324.8,1717324.8,False,0,0,0,0,True,267,4,False,False,60,False,True,False,True,True,NO_COST_FEASIBLE_SURROGATE
C2|O_LR_ORIGIN|64|FULL|0.01|0.01|8,SAMPLE_AND_LOGP,1.0,0.05,D_DIRECT,True,2339227.05,1148232.35,2339227.05,2339227.05,False,0,0,0,0,True,9,4,False,False,60,False,True,False,True,True,NO_COST_FEASIBLE_SURROGATE
C2|O_LR_ORIGIN|64|FULL|0.01|0.01|8,SAMPLE_AND_LOGP,1.0,0.05,D_KNOWN_EVENT_LOGP,True,2339227.05,101088.0,2339227.05,2339227.05,False,0,0,0,0,True,93,4,False,False,60,False,True,False,True,True,NO_COST_FEASIBLE_SURROGATE
C3|O_LR_ORIGIN|64|FULL|1e-05|0.01|8,SAMPLE_AND_LOGP,0.05,0.05,D_DIRECT,True,1551484.2,752021.5499999999,1551484.2,1551484.2,False,0,0,0,0,True,9,4,False,False,60,False,True,False,True,True,NO_COST_FEASIBLE_SURROGATE
C3|O_LR_ORIGIN|64|FULL|1e-05|0.01|8,SAMPLE_AND_LOGP,0.05,0.05,D_KNOWN_EVENT_LOGP,True,1551484.2,5670.0,1551484.2,1551484.2,False,0,0,0,0,True,1095,4,False,False,60,False,True,False,True,True,NO_COST_FEASIBLE_SURROGATE
C3|O_LR_ORIGIN|64|FULL|1e-05|0.01|8,SAMPLE_AND_LOGP,0.25,0.05,D_DIRECT,True,1717324.8,835434.35,1717324.8,1717324.8,False,0,0,0,0,True,9,4,False,False,60,False,True,False,True,True,NO_COST_FEASIBLE_SURROGATE
C3|O_LR_ORIGIN|64|FULL|1e-05|0.01|8,SAMPLE_AND_LOGP,0.25,0.05,D_KNOWN_EVENT_LOGP,True,1717324.8,25758.0,1717324.8,1717324.8,False,0,0,0,0,True,267,4,False,False,60,False,True,False,True,True,NO_COST_FEASIBLE_SURROGATE
C3|O_LR_ORIGIN|64|FULL|1e-05|0.01|8,SAMPLE_AND_LOGP,1.0,0.05,D_DIRECT,True,2339227.05,1148232.35,2339227.05,2339227.05,False,0,0,0,0,True,9,4,False,False,60,False,True,False,True,True,NO_COST_FEASIBLE_SURROGATE
C3|O_LR_ORIGIN|64|FULL|1e-05|0.01|8,SAMPLE_AND_LOGP,1.0,0.05,D_KNOWN_EVENT_LOGP,True,2339227.05,101088.0,2339227.05,2339227.05,False,0,0,0,0,True,93,4,False,False,60,False,True,False,True,True,NO_COST_FEASIBLE_SURROGATE
C3|O_LR_ORIGIN|64|FULL|1e-05|0.1|8,SAMPLE_AND_LOGP,0.05,0.05,D_DIRECT,True,1551484.2,752021.5499999999,1551484.2,1551484.2,False,0,0,0,0,True,9,4,False,False,60,False,True,False,True,True,NO_COST_FEASIBLE_SURROGATE
C3|O_LR_ORIGIN|64|FULL|1e-05|0.1|8,SAMPLE_AND_LOGP,0.05,0.05,D_KNOWN_EVENT_LOGP,True,1551484.2,5670.0,1551484.2,1551484.2,False,0,0,0,0,True,1095,4,False,False,60,False,True,False,True,True,NO_COST_FEASIBLE_SURROGATE
C3|O_LR_ORIGIN|64|FULL|1e-05|0.1|8,SAMPLE_AND_LOGP,0.25,0.05,D_DIRECT,True,1717324.8,835434.35,1717324.8,1717324.8,False,0,0,0,0,True,9,4,False,False,60,False,True,False,True,True,NO_COST_FEASIBLE_SURROGATE
C3|O_LR_ORIGIN|64|FULL|1e-05|0.1|8,SAMPLE_AND_LOGP,0.25,0.05,D_KNOWN_EVENT_LOGP,True,1717324.8,25758.0,1717324.8,1717324.8,False,0,0,0,0,True,267,4,False,False,60,False,True,False,True,True,NO_COST_FEASIBLE_SURROGATE
C3|O_LR_ORIGIN|64|FULL|1e-05|0.1|8,SAMPLE_AND_LOGP,1.0,0.05,D_DIRECT,True,2339227.05,1148232.35,2339227.05,2339227.05,False,0,0,0,0,True,9,4,False,False,60,False,True,False,True,True,NO_COST_FEASIBLE_SURROGATE
C3|O_LR_ORIGIN|64|FULL|1e-05|0.1|8,SAMPLE_AND_LOGP,1.0,0.05,D_KNOWN_EVENT_LOGP,True,2339227.05,101088.0,2339227.05,2339227.05,False,0,0,0,0,True,93,4,False,False,60,False,True,False,True,True,NO_COST_FEASIBLE_SURROGATE
C3|O_LR_ORIGIN|64|FULL|0.01|0.01|8,SAMPLE_AND_LOGP,0.05,0.05,D_DIRECT,True,1551484.2,752021.5499999999,1551484.2,1551484.2,False,0,0,0,0,True,9,4,False,False,60,False,True,False,True,True,NO_COST_FEASIBLE_SURROGATE
C3|O_LR_ORIGIN|64|FULL|0.01|0.01|8,SAMPLE_AND_LOGP,0.05,0.05,D_KNOWN_EVENT_LOGP,True,1551484.2,5670.0,1551484.2,1551484.2,False,0,0,0,0,True,1095,4,False,False,60,False,True,False,True,True,NO_COST_FEASIBLE_SURROGATE
C3|O_LR_ORIGIN|64|FULL|0.01|0.01|8,SAMPLE_AND_LOGP,0.25,0.05,D_DIRECT,True,1717324.8,835434.35,1717324.8,1717324.8,False,0,0,0,0,True,9,4,False,False,60,False,True,False,True,True,NO_COST_FEASIBLE_SURROGATE
C3|O_LR_ORIGIN|64|FULL|0.01|0.01|8,SAMPLE_AND_LOGP,0.25,0.05,D_KNOWN_EVENT_LOGP,True,1717324.8,25758.0,1717324.8,1717324.8,False,0,0,0,0,True,267,4,False,False,60,False,True,False,True,True,NO_COST_FEASIBLE_SURROGATE
C3|O_LR_ORIGIN|64|FULL|0.01|0.01|8,SAMPLE_AND_LOGP,1.0,0.05,D_DIRECT,True,2339227.05,1148232.35,2339227.05,2339227.05,False,0,0,0,0,True,9,4,False,False,60,False,True,False,True,True,NO_COST_FEASIBLE_SURROGATE
C3|O_LR_ORIGIN|64|FULL|0.01|0.01|8,SAMPLE_AND_LOGP,1.0,0.05,D_KNOWN_EVENT_LOGP,True,2339227.05,101088.0,2339227.05,2339227.05,False,0,0,0,0,True,93,4,False,False,60,False,True,False,True,True,NO_COST_FEASIBLE_SURROGATE
C3|O_LR_ORIGIN|64|FULL|0.01|0.1|8,SAMPLE_AND_LOGP,0.05,0.05,D_DIRECT,True,1551484.2,752021.5499999999,1551484.2,1551484.2,False,0,0,0,0,True,9,4,False,False,60,False,True,False,True,True,NO_COST_FEASIBLE_SURROGATE
C3|O_LR_ORIGIN|64|FULL|0.01|0.1|8,SAMPLE_AND_LOGP,0.05,0.05,D_KNOWN_EVENT_LOGP,True,1551484.2,5670.0,1551484.2,1551484.2,False,0,0,0,0,True,1095,4,False,False,60,False,True,False,True,True,NO_COST_FEASIBLE_SURROGATE
C3|O_LR_ORIGIN|64|FULL|0.01|0.1|8,SAMPLE_AND_LOGP,0.25,0.05,D_DIRECT,True,1717324.8,835434.35,1717324.8,1717324.8,False,0,0,0,0,True,9,4,False,False,60,False,True,False,True,True,NO_COST_FEASIBLE_SURROGATE
C3|O_LR_ORIGIN|64|FULL|0.01|0.1|8,SAMPLE_AND_LOGP,0.25,0.05,D_KNOWN_EVENT_LOGP,True,1717324.8,25758.0,1717324.8,1717324.8,False,0,0,0,0,True,267,4,False,False,60,False,True,False,True,True,NO_COST_FEASIBLE_SURROGATE
C3|O_LR_ORIGIN|64|FULL|0.01|0.1|8,SAMPLE_AND_LOGP,1.0,0.05,D_DIRECT,True,2339227.05,1148232.35,2339227.05,2339227.05,False,0,0,0,0,True,9,4,False,False,60,False,True,False,True,True,NO_COST_FEASIBLE_SURROGATE
C3|O_LR_ORIGIN|64|FULL|0.01|0.1|8,SAMPLE_AND_LOGP,1.0,0.05,D_KNOWN_EVENT_LOGP,True,2339227.05,101088.0,2339227.05,2339227.05,False,0,0,0,0,True,93,4,False,False,60,False,True,False,True,True,NO_COST_FEASIBLE_SURROGATE
C4_PCA|O_LR_ORIGIN|64|1|1e-05|0.01|8,SAMPLE_AND_LOGP,0.05,0.05,D_DIRECT,True,1551484.2,752021.5499999999,1551484.2,1551484.2,False,0,0,0,0,True,9,4,False,False,60,False,True,False,True,True,NO_COST_FEASIBLE_SURROGATE
C4_PCA|O_LR_ORIGIN|64|1|1e-05|0.01|8,SAMPLE_AND_LOGP,0.05,0.05,D_KNOWN_EVENT_LOGP,True,1551484.2,5670.0,1551484.2,1551484.2,False,0,0,0,0,True,1095,4,False,False,60,False,True,False,True,True,NO_COST_FEASIBLE_SURROGATE
C4_PCA|O_LR_ORIGIN|64|1|1e-05|0.01|8,SAMPLE_AND_LOGP,0.25,0.05,D_DIRECT,True,1717324.8,835434.35,1717324.8,1717324.8,False,0,0,0,0,True,9,4,False,False,60,False,True,False,True,True,NO_COST_FEASIBLE_SURROGATE
C4_PCA|O_LR_ORIGIN|64|1|1e-05|0.01|8,SAMPLE_AND_LOGP,0.25,0.05,D_KNOWN_EVENT_LOGP,True,1717324.8,25758.0,1717324.8,1717324.8,False,0,0,0,0,True,267,4,False,False,60,False,True,False,True,True,NO_COST_FEASIBLE_SURROGATE
C4_PCA|O_LR_ORIGIN|64|1|1e-05|0.01|8,SAMPLE_AND_LOGP,1.0,0.05,D_DIRECT,True,2339227.05,1148232.35,2339227.05,2339227.05,False,0,0,0,0,True,9,4,False,False,60,False,True,False,True,True,NO_COST_FEASIBLE_SURROGATE
C4_PCA|O_LR_ORIGIN|64|1|1e-05|0.01|8,SAMPLE_AND_LOGP,1.0,0.05,D_KNOWN_EVENT_LOGP,True,2339227.05,101088.0,2339227.05,2339227.05,False,0,0,0,0,True,93,4,False,False,60,False,True,False,True,True,NO_COST_FEASIBLE_SURROGATE
C4_PCA|O_LR_ORIGIN|64|1|0.01|0.01|8,SAMPLE_AND_LOGP,0.05,0.05,D_DIRECT,True,1551484.2,752021.5499999999,1551484.2,1551484.2,False,0,0,0,0,True,9,4,False,False,60,False,True,False,True,True,NO_COST_FEASIBLE_SURROGATE
C4_PCA|O_LR_ORIGIN|64|1|0.01|0.01|8,SAMPLE_AND_LOGP,0.05,0.05,D_KNOWN_EVENT_LOGP,True,1551484.2,5670.0,1551484.2,1551484.2,False,0,0,0,0,True,1095,4,False,False,60,False,True,False,True,True,NO_COST_FEASIBLE_SURROGATE
C4_PCA|O_LR_ORIGIN|64|1|0.01|0.01|8,SAMPLE_AND_LOGP,0.25,0.05,D_DIRECT,True,1717324.8,835434.35,1717324.8,1717324.8,False,0,0,0,0,True,9,4,False,False,60,False,True,False,True,True,NO_COST_FEASIBLE_SURROGATE
C4_PCA|O_LR_ORIGIN|64|1|0.01|0.01|8,SAMPLE_AND_LOGP,0.25,0.05,D_KNOWN_EVENT_LOGP,True,1717324.8,25758.0,1717324.8,1717324.8,False,0,0,0,0,True,267,4,False,False,60,False,True,False,True,True,NO_COST_FEASIBLE_SURROGATE
C4_PCA|O_LR_ORIGIN|64|1|0.01|0.01|8,SAMPLE_AND_LOGP,1.0,0.05,D_DIRECT,True,2339227.05,1148232.35,2339227.05,2339227.05,False,0,0,0,0,True,9,4,False,False,60,False,True,False,True,True,NO_COST_FEASIBLE_SURROGATE
C4_PCA|O_LR_ORIGIN|64|1|0.01|0.01|8,SAMPLE_AND_LOGP,1.0,0.05,D_KNOWN_EVENT_LOGP,True,2339227.05,101088.0,2339227.05,2339227.05,False,0,0,0,0,True,93,4,False,False,60,False,True,False,True,True,NO_COST_FEASIBLE_SURROGATE
C4_PCA|O_LR_ORIGIN|64|2|1e-05|0.01|8,SAMPLE_AND_LOGP,0.05,0.05,D_DIRECT,True,1551484.2,752021.5499999999,1551484.2,1551484.2,False,0,0,0,0,True,9,4,False,False,60,False,True,False,True,True,NO_COST_FEASIBLE_SURROGATE
C4_PCA|O_LR_ORIGIN|64|2|1e-05|0.01|8,SAMPLE_AND_LOGP,0.05,0.05,D_KNOWN_EVENT_LOGP,True,1551484.2,5670.0,1551484.2,1551484.2,False,0,0,0,0,True,1095,4,False,False,60,False,True,False,True,True,NO_COST_FEASIBLE_SURROGATE
C4_PCA|O_LR_ORIGIN|64|2|1e-05|0.01|8,SAMPLE_AND_LOGP,0.25,0.05,D_DIRECT,True,1717324.8,835434.35,1717324.8,1717324.8,False,0,0,0,0,True,9,4,False,False,60,False,True,False,True,True,NO_COST_FEASIBLE_SURROGATE
C4_PCA|O_LR_ORIGIN|64|2|1e-05|0.01|8,SAMPLE_AND_LOGP,0.25,0.05,D_KNOWN_EVENT_LOGP,True,1717324.8,25758.0,1717324.8,1717324.8,False,0,0,0,0,True,267,4,False,False,60,False,True,False,True,True,NO_COST_FEASIBLE_SURROGATE
C4_PCA|O_LR_ORIGIN|64|2|1e-05|0.01|8,SAMPLE_AND_LOGP,1.0,0.05,D_DIRECT,True,2339227.05,1148232.35,2339227.05,2339227.05,False,0,0,0,0,True,9,4,False,False,60,False,True,False,True,True,NO_COST_FEASIBLE_SURROGATE
C4_PCA|O_LR_ORIGIN|64|2|1e-05|0.01|8,SAMPLE_AND_LOGP,1.0,0.05,D_KNOWN_EVENT_LOGP,True,2339227.05,101088.0,2339227.05,2339227.05,False,0,0,0,0,True,93,4,False,False,60,False,True,False,True,True,NO_COST_FEASIBLE_SURROGATE
C4_PCA|O_LR_ORIGIN|64|2|0.01|0.01|8,SAMPLE_AND_LOGP,0.05,0.05,D_DIRECT,True,1551484.2,752021.5499999999,1551484.2,1551484.2,False,0,0,0,0,True,9,4,False,False,60,False,True,False,True,True,NO_COST_FEASIBLE_SURROGATE
C4_PCA|O_LR_ORIGIN|64|2|0.01|0.01|8,SAMPLE_AND_LOGP,0.05,0.05,D_KNOWN_EVENT_LOGP,True,1551484.2,5670.0,1551484.2,1551484.2,False,0,0,0,0,True,1095,4,False,False,60,False,True,False,True,True,NO_COST_FEASIBLE_SURROGATE
C4_PCA|O_LR_ORIGIN|64|2|0.01|0.01|8,SAMPLE_AND_LOGP,0.25,0.05,D_DIRECT,True,1717324.8,835434.35,1717324.8,1717324.8,False,0,0,0,0,True,9,4,False,False,60,False,True,False,True,True,NO_COST_FEASIBLE_SURROGATE
C4_PCA|O_LR_ORIGIN|64|2|0.01|0.01|8,SAMPLE_AND_LOGP,0.25,0.05,D_KNOWN_EVENT_LOGP,True,1717324.8,25758.0,1717324.8,1717324.8,False,0,0,0,0,True,267,4,False,False,60,False,True,False,True,True,NO_COST_FEASIBLE_SURROGATE
C4_PCA|O_LR_ORIGIN|64|2|0.01|0.01|8,SAMPLE_AND_LOGP,1.0,0.05,D_DIRECT,True,2339227.05,1148232.35,2339227.05,2339227.05,False,0,0,0,0,True,9,4,False,False,60,False,True,False,True,True,NO_COST_FEASIBLE_SURROGATE
C4_PCA|O_LR_ORIGIN|64|2|0.01|0.01|8,SAMPLE_AND_LOGP,1.0,0.05,D_KNOWN_EVENT_LOGP,True,2339227.05,101088.0,2339227.05,2339227.05,False,0,0,0,0,True,93,4,False,False,60,False,True,False,True,True,NO_COST_FEASIBLE_SURROGATE
C4_PCA|O_LR_ORIGIN|64|4|1e-05|0.01|8,SAMPLE_AND_LOGP,0.05,0.05,D_DIRECT,True,1551484.2,752021.5499999999,1551484.2,1551484.2,False,0,0,0,0,True,9,4,False,False,60,False,True,False,True,True,NO_COST_FEASIBLE_SURROGATE
C4_PCA|O_LR_ORIGIN|64|4|1e-05|0.01|8,SAMPLE_AND_LOGP,0.05,0.05,D_KNOWN_EVENT_LOGP,True,1551484.2,5670.0,1551484.2,1551484.2,False,0,0,0,0,True,1095,4,False,False,60,False,True,False,True,True,NO_COST_FEASIBLE_SURROGATE
C4_PCA|O_LR_ORIGIN|64|4|1e-05|0.01|8,SAMPLE_AND_LOGP,0.25,0.05,D_DIRECT,True,1717324.8,835434.35,1717324.8,1717324.8,False,0,0,0,0,True,9,4,False,False,60,False,True,False,True,True,NO_COST_FEASIBLE_SURROGATE
C4_PCA|O_LR_ORIGIN|64|4|1e-05|0.01|8,SAMPLE_AND_LOGP,0.25,0.05,D_KNOWN_EVENT_LOGP,True,1717324.8,25758.0,1717324.8,1717324.8,False,0,0,0,0,True,267,4,False,False,60,False,True,False,True,True,NO_COST_FEASIBLE_SURROGATE
C4_PCA|O_LR_ORIGIN|64|4|1e-05|0.01|8,SAMPLE_AND_LOGP,1.0,0.05,D_DIRECT,True,2339227.05,1148232.35,2339227.05,2339227.05,False,0,0,0,0,True,9,4,False,False,60,False,True,False,True,True,NO_COST_FEASIBLE_SURROGATE
C4_PCA|O_LR_ORIGIN|64|4|1e-05|0.01|8,SAMPLE_AND_LOGP,1.0,0.05,D_KNOWN_EVENT_LOGP,True,2339227.05,101088.0,2339227.05,2339227.05,False,0,0,0,0,True,93,4,False,False,60,False,True,False,True,True,NO_COST_FEASIBLE_SURROGATE
C4_PCA|O_LR_ORIGIN|64|4|0.01|0.01|8,SAMPLE_AND_LOGP,0.05,0.05,D_DIRECT,True,1551484.2,752021.5499999999,1551484.2,1551484.2,False,0,0,0,0,True,9,4,False,False,60,False,True,False,True,True,NO_COST_FEASIBLE_SURROGATE
C4_PCA|O_LR_ORIGIN|64|4|0.01|0.01|8,SAMPLE_AND_LOGP,0.05,0.05,D_KNOWN_EVENT_LOGP,True,1551484.2,5670.0,1551484.2,1551484.2,False,0,0,0,0,True,1095,4,False,False,60,False,True,False,True,True,NO_COST_FEASIBLE_SURROGATE
C4_PCA|O_LR_ORIGIN|64|4|0.01|0.01|8,SAMPLE_AND_LOGP,0.25,0.05,D_DIRECT,True,1717324.8,835434.35,1717324.8,1717324.8,False,0,0,0,0,True,9,4,False,False,60,False,True,False,True,True,NO_COST_FEASIBLE_SURROGATE
C4_PCA|O_LR_ORIGIN|64|4|0.01|0.01|8,SAMPLE_AND_LOGP,0.25,0.05,D_KNOWN_EVENT_LOGP,True,1717324.8,25758.0,1717324.8,1717324.8,False,0,0,0,0,True,267,4,False,False,60,False,True,False,True,True,NO_COST_FEASIBLE_SURROGATE
C4_PCA|O_LR_ORIGIN|64|4|0.01|0.01|8,SAMPLE_AND_LOGP,1.0,0.05,D_DIRECT,True,2339227.05,1148232.35,2339227.05,2339227.05,False,0,0,0,0,True,9,4,False,False,60,False,True,False,True,True,NO_COST_FEASIBLE_SURROGATE
C4_PCA|O_LR_ORIGIN|64|4|0.01|0.01|8,SAMPLE_AND_LOGP,1.0,0.05,D_KNOWN_EVENT_LOGP,True,2339227.05,101088.0,2339227.05,2339227.05,False,0,0,0,0,True,93,4,False,False,60,False,True,False,True,True,NO_COST_FEASIBLE_SURROGATE
C4_PCA|O_LR_ORIGIN|64|FULL|1e-05|0.01|8,SAMPLE_AND_LOGP,0.05,0.05,D_DIRECT,True,1551484.2,752021.5499999999,1551484.2,1551484.2,False,0,0,0,0,True,9,4,False,False,60,False,True,False,True,True,NO_COST_FEASIBLE_SURROGATE
C4_PCA|O_LR_ORIGIN|64|FULL|1e-05|0.01|8,SAMPLE_AND_LOGP,0.05,0.05,D_KNOWN_EVENT_LOGP,True,1551484.2,5670.0,1551484.2,1551484.2,False,0,0,0,0,True,1095,4,False,False,60,False,True,False,True,True,NO_COST_FEASIBLE_SURROGATE
C4_PCA|O_LR_ORIGIN|64|FULL|1e-05|0.01|8,SAMPLE_AND_LOGP,0.25,0.05,D_DIRECT,True,1717324.8,835434.35,1717324.8,1717324.8,False,0,0,0,0,True,9,4,False,False,60,False,True,False,True,True,NO_COST_FEASIBLE_SURROGATE
C4_PCA|O_LR_ORIGIN|64|FULL|1e-05|0.01|8,SAMPLE_AND_LOGP,0.25,0.05,D_KNOWN_EVENT_LOGP,True,1717324.8,25758.0,1717324.8,1717324.8,False,0,0,0,0,True,267,4,False,False,60,False,True,False,True,True,NO_COST_FEASIBLE_SURROGATE
C4_PCA|O_LR_ORIGIN|64|FULL|1e-05|0.01|8,SAMPLE_AND_LOGP,1.0,0.05,D_DIRECT,True,2339227.05,1148232.35,2339227.05,2339227.05,False,0,0,0,0,True,9,4,False,False,60,False,True,False,True,True,NO_COST_FEASIBLE_SURROGATE
C4_PCA|O_LR_ORIGIN|64|FULL|1e-05|0.01|8,SAMPLE_AND_LOGP,1.0,0.05,D_KNOWN_EVENT_LOGP,True,2339227.05,101088.0,2339227.05,2339227.05,False,0,0,0,0,True,93,4,False,False,60,False,True,False,True,True,NO_COST_FEASIBLE_SURROGATE
C4_PCA|O_LR_ORIGIN|64|FULL|0.01|0.01|8,SAMPLE_AND_LOGP,0.05,0.05,D_DIRECT,True,1551484.2,752021.5499999999,1551484.2,1551484.2,False,0,0,0,0,True,9,4,False,False,60,False,True,False,True,True,NO_COST_FEASIBLE_SURROGATE
C4_PCA|O_LR_ORIGIN|64|FULL|0.01|0.01|8,SAMPLE_AND_LOGP,0.05,0.05,D_KNOWN_EVENT_LOGP,True,1551484.2,5670.0,1551484.2,1551484.2,False,0,0,0,0,True,1095,4,False,False,60,False,True,False,True,True,NO_COST_FEASIBLE_SURROGATE
C4_PCA|O_LR_ORIGIN|64|FULL|0.01|0.01|8,SAMPLE_AND_LOGP,0.25,0.05,D_DIRECT,True,1717324.8,835434.35,1717324.8,1717324.8,False,0,0,0,0,True,9,4,False,False,60,False,True,False,True,True,NO_COST_FEASIBLE_SURROGATE
C4_PCA|O_LR_ORIGIN|64|FULL|0.01|0.01|8,SAMPLE_AND_LOGP,0.25,0.05,D_KNOWN_EVENT_LOGP,True,1717324.8,25758.0,1717324.8,1717324.8,False,0,0,0,0,True,267,4,False,False,60,False,True,False,True,True,NO_COST_FEASIBLE_SURROGATE
C4_PCA|O_LR_ORIGIN|64|FULL|0.01|0.01|8,SAMPLE_AND_LOGP,1.0,0.05,D_DIRECT,True,2339227.05,1148232.35,2339227.05,2339227.05,False,0,0,0,0,True,9,4,False,False,60,False,True,False,True,True,NO_COST_FEASIBLE_SURROGATE
C4_PCA|O_LR_ORIGIN|64|FULL|0.01|0.01|8,SAMPLE_AND_LOGP,1.0,0.05,D_KNOWN_EVENT_LOGP,True,2339227.05,101088.0,2339227.05,2339227.05,False,0,0,0,0,True,93,4,False,False,60,False,True,False,True,True,NO_COST_FEASIBLE_SURROGATE
C4_RANDOM|O_LR_ORIGIN|64|1|1e-05|0.01|8,SAMPLE_AND_LOGP,0.05,0.05,D_DIRECT,True,1551484.2,752021.5499999999,1551484.2,1551484.2,False,0,0,0,0,True,9,4,False,False,60,False,True,False,True,True,NO_COST_FEASIBLE_SURROGATE
C4_RANDOM|O_LR_ORIGIN|64|1|1e-05|0.01|8,SAMPLE_AND_LOGP,0.05,0.05,D_KNOWN_EVENT_LOGP,True,1551484.2,5670.0,1551484.2,1551484.2,False,0,0,0,0,True,1095,4,False,False,60,False,True,False,True,True,NO_COST_FEASIBLE_SURROGATE
C4_RANDOM|O_LR_ORIGIN|64|1|1e-05|0.01|8,SAMPLE_AND_LOGP,0.25,0.05,D_DIRECT,True,1717324.8,835434.35,1717324.8,1717324.8,False,0,0,0,0,True,9,4,False,False,60,False,True,False,True,True,NO_COST_FEASIBLE_SURROGATE
C4_RANDOM|O_LR_ORIGIN|64|1|1e-05|0.01|8,SAMPLE_AND_LOGP,0.25,0.05,D_KNOWN_EVENT_LOGP,True,1717324.8,25758.0,1717324.8,1717324.8,False,0,0,0,0,True,267,4,False,False,60,False,True,False,True,True,NO_COST_FEASIBLE_SURROGATE
C4_RANDOM|O_LR_ORIGIN|64|1|1e-05|0.01|8,SAMPLE_AND_LOGP,1.0,0.05,D_DIRECT,True,2339227.05,1148232.35,2339227.05,2339227.05,False,0,0,0,0,True,9,4,False,False,60,False,True,False,True,True,NO_COST_FEASIBLE_SURROGATE
C4_RANDOM|O_LR_ORIGIN|64|1|1e-05|0.01|8,SAMPLE_AND_LOGP,1.0,0.05,D_KNOWN_EVENT_LOGP,True,2339227.05,101088.0,2339227.05,2339227.05,False,0,0,0,0,True,93,4,False,False,60,False,True,False,True,True,NO_COST_FEASIBLE_SURROGATE
C4_RANDOM|O_LR_ORIGIN|64|1|0.01|0.01|8,SAMPLE_AND_LOGP,0.05,0.05,D_DIRECT,True,1551484.2,752021.5499999999,1551484.2,1551484.2,False,0,0,0,0,True,9,4,False,False,60,False,True,False,True,True,NO_COST_FEASIBLE_SURROGATE
C4_RANDOM|O_LR_ORIGIN|64|1|0.01|0.01|8,SAMPLE_AND_LOGP,0.05,0.05,D_KNOWN_EVENT_LOGP,True,1551484.2,5670.0,1551484.2,1551484.2,False,0,0,0,0,True,1095,4,False,False,60,False,True,False,True,True,NO_COST_FEASIBLE_SURROGATE
C4_RANDOM|O_LR_ORIGIN|64|1|0.01|0.01|8,SAMPLE_AND_LOGP,0.25,0.05,D_DIRECT,True,1717324.8,835434.35,1717324.8,1717324.8,False,0,0,0,0,True,9,4,False,False,60,False,True,False,True,True,NO_COST_FEASIBLE_SURROGATE
C4_RANDOM|O_LR_ORIGIN|64|1|0.01|0.01|8,SAMPLE_AND_LOGP,0.25,0.05,D_KNOWN_EVENT_LOGP,True,1717324.8,25758.0,1717324.8,1717324.8,False,0,0,0,0,True,267,4,False,False,60,False,True,False,True,True,NO_COST_FEASIBLE_SURROGATE
C4_RANDOM|O_LR_ORIGIN|64|1|0.01|0.01|8,SAMPLE_AND_LOGP,1.0,0.05,D_DIRECT,True,2339227.05,1148232.35,2339227.05,2339227.05,False,0,0,0,0,True,9,4,False,False,60,False,True,False,True,True,NO_COST_FEASIBLE_SURROGATE
C4_RANDOM|O_LR_ORIGIN|64|1|0.01|0.01|8,SAMPLE_AND_LOGP,1.0,0.05,D_KNOWN_EVENT_LOGP,True,2339227.05,101088.0,2339227.05,2339227.05,False,0,0,0,0,True,93,4,False,False,60,False,True,False,True,True,NO_COST_FEASIBLE_SURROGATE
C4_RANDOM|O_LR_ORIGIN|64|2|1e-05|0.01|8,SAMPLE_AND_LOGP,0.05,0.05,D_DIRECT,True,1551484.2,752021.5499999999,1551484.2,1551484.2,False,0,0,0,0,True,9,4,False,False,60,False,True,False,True,True,NO_COST_FEASIBLE_SURROGATE
C4_RANDOM|O_LR_ORIGIN|64|2|1e-05|0.01|8,SAMPLE_AND_LOGP,0.05,0.05,D_KNOWN_EVENT_LOGP,True,1551484.2,5670.0,1551484.2,1551484.2,False,0,0,0,0,True,1095,4,False,False,60,False,True,False,True,True,NO_COST_FEASIBLE_SURROGATE
C4_RANDOM|O_LR_ORIGIN|64|2|1e-05|0.01|8,SAMPLE_AND_LOGP,0.25,0.05,D_DIRECT,True,1717324.8,835434.35,1717324.8,1717324.8,False,0,0,0,0,True,9,4,False,False,60,False,True,False,True,True,NO_COST_FEASIBLE_SURROGATE
C4_RANDOM|O_LR_ORIGIN|64|2|1e-05|0.01|8,SAMPLE_AND_LOGP,0.25,0.05,D_KNOWN_EVENT_LOGP,True,1717324.8,25758.0,1717324.8,1717324.8,False,0,0,0,0,True,267,4,False,False,60,False,True,False,True,True,NO_COST_FEASIBLE_SURROGATE
C4_RANDOM|O_LR_ORIGIN|64|2|1e-05|0.01|8,SAMPLE_AND_LOGP,1.0,0.05,D_DIRECT,True,2339227.05,1148232.35,2339227.05,2339227.05,False,0,0,0,0,True,9,4,False,False,60,False,True,False,True,True,NO_COST_FEASIBLE_SURROGATE
C4_RANDOM|O_LR_ORIGIN|64|2|1e-05|0.01|8,SAMPLE_AND_LOGP,1.0,0.05,D_KNOWN_EVENT_LOGP,True,2339227.05,101088.0,2339227.05,2339227.05,False,0,0,0,0,True,93,4,False,False,60,False,True,False,True,True,NO_COST_FEASIBLE_SURROGATE
C4_RANDOM|O_LR_ORIGIN|64|2|0.01|0.01|8,SAMPLE_AND_LOGP,0.05,0.05,D_DIRECT,True,1551484.2,752021.5499999999,1551484.2,1551484.2,False,0,0,0,0,True,9,4,False,False,60,False,True,False,True,True,NO_COST_FEASIBLE_SURROGATE
C4_RANDOM|O_LR_ORIGIN|64|2|0.01|0.01|8,SAMPLE_AND_LOGP,0.05,0.05,D_KNOWN_EVENT_LOGP,True,1551484.2,5670.0,1551484.2,1551484.2,False,0,0,0,0,True,1095,4,False,False,60,False,True,False,True,True,NO_COST_FEASIBLE_SURROGATE
C4_RANDOM|O_LR_ORIGIN|64|2|0.01|0.01|8,SAMPLE_AND_LOGP,0.25,0.05,D_DIRECT,True,1717324.8,835434.35,1717324.8,1717324.8,False,0,0,0,0,True,9,4,False,False,60,False,True,False,True,True,NO_COST_FEASIBLE_SURROGATE
C4_RANDOM|O_LR_ORIGIN|64|2|0.01|0.01|8,SAMPLE_AND_LOGP,0.25,0.05,D_KNOWN_EVENT_LOGP,True,1717324.8,25758.0,1717324.8,1717324.8,False,0,0,0,0,True,267,4,False,False,60,False,True,False,True,True,NO_COST_FEASIBLE_SURROGATE
C4_RANDOM|O_LR_ORIGIN|64|2|0.01|0.01|8,SAMPLE_AND_LOGP,1.0,0.05,D_DIRECT,True,2339227.05,1148232.35,2339227.05,2339227.05,False,0,0,0,0,True,9,4,False,False,60,False,True,False,True,True,NO_COST_FEASIBLE_SURROGATE
C4_RANDOM|O_LR_ORIGIN|64|2|0.01|0.01|8,SAMPLE_AND_LOGP,1.0,0.05,D_KNOWN_EVENT_LOGP,True,2339227.05,101088.0,2339227.05,2339227.05,False,0,0,0,0,True,93,4,False,False,60,False,True,False,True,True,NO_COST_FEASIBLE_SURROGATE
C4_RANDOM|O_LR_ORIGIN|64|4|1e-05|0.01|8,SAMPLE_AND_LOGP,0.05,0.05,D_DIRECT,True,1551484.2,752021.5499999999,1551484.2,1551484.2,False,0,0,0,0,True,9,4,False,False,60,False,True,False,True,True,NO_COST_FEASIBLE_SURROGATE
C4_RANDOM|O_LR_ORIGIN|64|4|1e-05|0.01|8,SAMPLE_AND_LOGP,0.05,0.05,D_KNOWN_EVENT_LOGP,True,1551484.2,5670.0,1551484.2,1551484.2,False,0,0,0,0,True,1095,4,False,False,60,False,True,False,True,True,NO_COST_FEASIBLE_SURROGATE
C4_RANDOM|O_LR_ORIGIN|64|4|1e-05|0.01|8,SAMPLE_AND_LOGP,0.25,0.05,D_DIRECT,True,1717324.8,835434.35,1717324.8,1717324.8,False,0,0,0,0,True,9,4,False,False,60,False,True,False,True,True,NO_COST_FEASIBLE_SURROGATE
C4_RANDOM|O_LR_ORIGIN|64|4|1e-05|0.01|8,SAMPLE_AND_LOGP,0.25,0.05,D_KNOWN_EVENT_LOGP,True,1717324.8,25758.0,1717324.8,1717324.8,False,0,0,0,0,True,267,4,False,False,60,False,True,False,True,True,NO_COST_FEASIBLE_SURROGATE
C4_RANDOM|O_LR_ORIGIN|64|4|1e-05|0.01|8,SAMPLE_AND_LOGP,1.0,0.05,D_DIRECT,True,2339227.05,1148232.35,2339227.05,2339227.05,False,0,0,0,0,True,9,4,False,False,60,False,True,False,True,True,NO_COST_FEASIBLE_SURROGATE
C4_RANDOM|O_LR_ORIGIN|64|4|1e-05|0.01|8,SAMPLE_AND_LOGP,1.0,0.05,D_KNOWN_EVENT_LOGP,True,2339227.05,101088.0,2339227.05,2339227.05,False,0,0,0,0,True,93,4,False,False,60,False,True,False,True,True,NO_COST_FEASIBLE_SURROGATE
C4_RANDOM|O_LR_ORIGIN|64|4|0.01|0.01|8,SAMPLE_AND_LOGP,0.05,0.05,D_DIRECT,True,1551484.2,752021.5499999999,1551484.2,1551484.2,False,0,0,0,0,True,9,4,False,False,60,False,True,False,True,True,NO_COST_FEASIBLE_SURROGATE
C4_RANDOM|O_LR_ORIGIN|64|4|0.01|0.01|8,SAMPLE_AND_LOGP,0.05,0.05,D_KNOWN_EVENT_LOGP,True,1551484.2,5670.0,1551484.2,1551484.2,False,0,0,0,0,True,1095,4,False,False,60,False,True,False,True,True,NO_COST_FEASIBLE_SURROGATE
C4_RANDOM|O_LR_ORIGIN|64|4|0.01|0.01|8,SAMPLE_AND_LOGP,0.25,0.05,D_DIRECT,True,1717324.8,835434.35,1717324.8,1717324.8,False,0,0,0,0,True,9,4,False,False,60,False,True,False,True,True,NO_COST_FEASIBLE_SURROGATE
C4_RANDOM|O_LR_ORIGIN|64|4|0.01|0.01|8,SAMPLE_AND_LOGP,0.25,0.05,D_KNOWN_EVENT_LOGP,True,1717324.8,25758.0,1717324.8,1717324.8,False,0,0,0,0,True,267,4,False,False,60,False,True,False,True,True,NO_COST_FEASIBLE_SURROGATE
C4_RANDOM|O_LR_ORIGIN|64|4|0.01|0.01|8,SAMPLE_AND_LOGP,1.0,0.05,D_DIRECT,True,2339227.05,1148232.35,2339227.05,2339227.05,False,0,0,0,0,True,9,4,False,False,60,False,True,False,True,True,NO_COST_FEASIBLE_SURROGATE
C4_RANDOM|O_LR_ORIGIN|64|4|0.01|0.01|8,SAMPLE_AND_LOGP,1.0,0.05,D_KNOWN_EVENT_LOGP,True,2339227.05,101088.0,2339227.05,2339227.05,False,0,0,0,0,True,93,4,False,False,60,False,True,False,True,True,NO_COST_FEASIBLE_SURROGATE
C4_RANDOM|O_LR_ORIGIN|64|FULL|1e-05|0.01|8,SAMPLE_AND_LOGP,0.05,0.05,D_DIRECT,True,1551484.2,752021.5499999999,1551484.2,1551484.2,False,0,0,0,0,True,9,4,False,False,60,False,True,False,True,True,NO_COST_FEASIBLE_SURROGATE
C4_RANDOM|O_LR_ORIGIN|64|FULL|1e-05|0.01|8,SAMPLE_AND_LOGP,0.05,0.05,D_KNOWN_EVENT_LOGP,True,1551484.2,5670.0,1551484.2,1551484.2,False,0,0,0,0,True,1095,4,False,False,60,False,True,False,True,True,NO_COST_FEASIBLE_SURROGATE
C4_RANDOM|O_LR_ORIGIN|64|FULL|1e-05|0.01|8,SAMPLE_AND_LOGP,0.25,0.05,D_DIRECT,True,1717324.8,835434.35,1717324.8,1717324.8,False,0,0,0,0,True,9,4,False,False,60,False,True,False,True,True,NO_COST_FEASIBLE_SURROGATE
C4_RANDOM|O_LR_ORIGIN|64|FULL|1e-05|0.01|8,SAMPLE_AND_LOGP,0.25,0.05,D_KNOWN_EVENT_LOGP,True,1717324.8,25758.0,1717324.8,1717324.8,False,0,0,0,0,True,267,4,False,False,60,False,True,False,True,True,NO_COST_FEASIBLE_SURROGATE
C4_RANDOM|O_LR_ORIGIN|64|FULL|1e-05|0.01|8,SAMPLE_AND_LOGP,1.0,0.05,D_DIRECT,True,2339227.05,1148232.35,2339227.05,2339227.05,False,0,0,0,0,True,9,4,False,False,60,False,True,False,True,True,NO_COST_FEASIBLE_SURROGATE
C4_RANDOM|O_LR_ORIGIN|64|FULL|1e-05|0.01|8,SAMPLE_AND_LOGP,1.0,0.05,D_KNOWN_EVENT_LOGP,True,2339227.05,101088.0,2339227.05,2339227.05,False,0,0,0,0,True,93,4,False,False,60,False,True,False,True,True,NO_COST_FEASIBLE_SURROGATE
C4_RANDOM|O_LR_ORIGIN|64|FULL|0.01|0.01|8,SAMPLE_AND_LOGP,0.05,0.05,D_DIRECT,True,1551484.2,752021.5499999999,1551484.2,1551484.2,False,0,0,0,0,True,9,4,False,False,60,False,True,False,True,True,NO_COST_FEASIBLE_SURROGATE
C4_RANDOM|O_LR_ORIGIN|64|FULL|0.01|0.01|8,SAMPLE_AND_LOGP,0.05,0.05,D_KNOWN_EVENT_LOGP,True,1551484.2,5670.0,1551484.2,1551484.2,False,0,0,0,0,True,1095,4,False,False,60,False,True,False,True,True,NO_COST_FEASIBLE_SURROGATE
C4_RANDOM|O_LR_ORIGIN|64|FULL|0.01|0.01|8,SAMPLE_AND_LOGP,0.25,0.05,D_DIRECT,True,1717324.8,835434.35,1717324.8,1717324.8,False,0,0,0,0,True,9,4,False,False,60,False,True,False,True,True,NO_COST_FEASIBLE_SURROGATE
C4_RANDOM|O_LR_ORIGIN|64|FULL|0.01|0.01|8,SAMPLE_AND_LOGP,0.25,0.05,D_KNOWN_EVENT_LOGP,True,1717324.8,25758.0,1717324.8,1717324.8,False,0,0,0,0,True,267,4,False,False,60,False,True,False,True,True,NO_COST_FEASIBLE_SURROGATE
C4_RANDOM|O_LR_ORIGIN|64|FULL|0.01|0.01|8,SAMPLE_AND_LOGP,1.0,0.05,D_DIRECT,True,2339227.05,1148232.35,2339227.05,2339227.05,False,0,0,0,0,True,9,4,False,False,60,False,True,False,True,True,NO_COST_FEASIBLE_SURROGATE
C4_RANDOM|O_LR_ORIGIN|64|FULL|0.01|0.01|8,SAMPLE_AND_LOGP,1.0,0.05,D_KNOWN_EVENT_LOGP,True,2339227.05,101088.0,2339227.05,2339227.05,False,0,0,0,0,True,93,4,False,False,60,False,True,False,True,True,NO_COST_FEASIBLE_SURROGATE
C5|O_LR_ORIGIN|64|1|1e-05|0.01|8,SAMPLE_AND_LOGP,0.05,0.05,D_DIRECT,True,1551484.2,752021.5499999999,1551484.2,1551484.2,False,0,0,0,0,True,9,4,False,False,60,False,True,False,True,True,NO_COST_FEASIBLE_SURROGATE
C5|O_LR_ORIGIN|64|1|1e-05|0.01|8,SAMPLE_AND_LOGP,0.05,0.05,D_KNOWN_EVENT_LOGP,True,1551484.2,5670.0,1551484.2,1551484.2,False,0,0,0,0,True,1095,4,False,False,60,False,True,False,True,True,NO_COST_FEASIBLE_SURROGATE
C5|O_LR_ORIGIN|64|1|1e-05|0.01|8,SAMPLE_AND_LOGP,0.25,0.05,D_DIRECT,True,1717324.8,835434.35,1717324.8,1717324.8,False,0,0,0,0,True,9,4,False,False,60,False,True,False,True,True,NO_COST_FEASIBLE_SURROGATE
C5|O_LR_ORIGIN|64|1|1e-05|0.01|8,SAMPLE_AND_LOGP,0.25,0.05,D_KNOWN_EVENT_LOGP,True,1717324.8,25758.0,1717324.8,1717324.8,False,0,0,0,0,True,267,4,False,False,60,False,True,False,True,True,NO_COST_FEASIBLE_SURROGATE
C5|O_LR_ORIGIN|64|1|1e-05|0.01|8,SAMPLE_AND_LOGP,1.0,0.05,D_DIRECT,True,2339227.05,1148232.35,2339227.05,2339227.05,False,0,0,0,0,True,9,4,False,False,60,False,True,False,True,True,NO_COST_FEASIBLE_SURROGATE
C5|O_LR_ORIGIN|64|1|1e-05|0.01|8,SAMPLE_AND_LOGP,1.0,0.05,D_KNOWN_EVENT_LOGP,True,2339227.05,101088.0,2339227.05,2339227.05,False,0,0,0,0,True,93,4,False,False,60,False,True,False,True,True,NO_COST_FEASIBLE_SURROGATE
C5|O_LR_ORIGIN|64|1|1e-05|0.1|8,SAMPLE_AND_LOGP,0.05,0.05,D_DIRECT,True,1551484.2,752021.5499999999,1551484.2,1551484.2,False,0,0,0,0,True,9,4,False,False,60,False,True,False,True,True,NO_COST_FEASIBLE_SURROGATE
C5|O_LR_ORIGIN|64|1|1e-05|0.1|8,SAMPLE_AND_LOGP,0.05,0.05,D_KNOWN_EVENT_LOGP,True,1551484.2,5670.0,1551484.2,1551484.2,False,0,0,0,0,True,1095,4,False,False,60,False,True,False,True,True,NO_COST_FEASIBLE_SURROGATE
C5|O_LR_ORIGIN|64|1|1e-05|0.1|8,SAMPLE_AND_LOGP,0.25,0.05,D_DIRECT,True,1717324.8,835434.35,1717324.8,1717324.8,False,0,0,0,0,True,9,4,False,False,60,False,True,False,True,True,NO_COST_FEASIBLE_SURROGATE
C5|O_LR_ORIGIN|64|1|1e-05|0.1|8,SAMPLE_AND_LOGP,0.25,0.05,D_KNOWN_EVENT_LOGP,True,1717324.8,25758.0,1717324.8,1717324.8,False,0,0,0,0,True,267,4,False,False,60,False,True,False,True,True,NO_COST_FEASIBLE_SURROGATE
C5|O_LR_ORIGIN|64|1|1e-05|0.1|8,SAMPLE_AND_LOGP,1.0,0.05,D_DIRECT,True,2339227.05,1148232.35,2339227.05,2339227.05,False,0,0,0,0,True,9,4,False,False,60,False,True,False,True,True,NO_COST_FEASIBLE_SURROGATE
C5|O_LR_ORIGIN|64|1|1e-05|0.1|8,SAMPLE_AND_LOGP,1.0,0.05,D_KNOWN_EVENT_LOGP,True,2339227.05,101088.0,2339227.05,2339227.05,False,0,0,0,0,True,93,4,False,False,60,False,True,False,True,True,NO_COST_FEASIBLE_SURROGATE
C5|O_LR_ORIGIN|64|1|0.01|0.01|8,SAMPLE_AND_LOGP,0.05,0.05,D_DIRECT,True,1551484.2,752021.5499999999,1551484.2,1551484.2,False,0,0,0,0,True,9,4,False,False,60,False,True,False,True,True,NO_COST_FEASIBLE_SURROGATE
C5|O_LR_ORIGIN|64|1|0.01|0.01|8,SAMPLE_AND_LOGP,0.05,0.05,D_KNOWN_EVENT_LOGP,True,1551484.2,5670.0,1551484.2,1551484.2,False,0,0,0,0,True,1095,4,False,False,60,False,True,False,True,True,NO_COST_FEASIBLE_SURROGATE
C5|O_LR_ORIGIN|64|1|0.01|0.01|8,SAMPLE_AND_LOGP,0.25,0.05,D_DIRECT,True,1717324.8,835434.35,1717324.8,1717324.8,False,0,0,0,0,True,9,4,False,False,60,False,True,False,True,True,NO_COST_FEASIBLE_SURROGATE
C5|O_LR_ORIGIN|64|1|0.01|0.01|8,SAMPLE_AND_LOGP,0.25,0.05,D_KNOWN_EVENT_LOGP,True,1717324.8,25758.0,1717324.8,1717324.8,False,0,0,0,0,True,267,4,False,False,60,False,True,False,True,True,NO_COST_FEASIBLE_SURROGATE
C5|O_LR_ORIGIN|64|1|0.01|0.01|8,SAMPLE_AND_LOGP,1.0,0.05,D_DIRECT,True,2339227.05,1148232.35,2339227.05,2339227.05,False,0,0,0,0,True,9,4,False,False,60,False,True,False,True,True,NO_COST_FEASIBLE_SURROGATE
C5|O_LR_ORIGIN|64|1|0.01|0.01|8,SAMPLE_AND_LOGP,1.0,0.05,D_KNOWN_EVENT_LOGP,True,2339227.05,101088.0,2339227.05,2339227.05,False,0,0,0,0,True,93,4,False,False,60,False,True,False,True,True,NO_COST_FEASIBLE_SURROGATE
C5|O_LR_ORIGIN|64|1|0.01|0.1|8,SAMPLE_AND_LOGP,0.05,0.05,D_DIRECT,True,1551484.2,752021.5499999999,1551484.2,1551484.2,False,0,0,0,0,True,9,4,False,False,60,False,True,False,True,True,NO_COST_FEASIBLE_SURROGATE
C5|O_LR_ORIGIN|64|1|0.01|0.1|8,SAMPLE_AND_LOGP,0.05,0.05,D_KNOWN_EVENT_LOGP,True,1551484.2,5670.0,1551484.2,1551484.2,False,0,0,0,0,True,1095,4,False,False,60,False,True,False,True,True,NO_COST_FEASIBLE_SURROGATE
C5|O_LR_ORIGIN|64|1|0.01|0.1|8,SAMPLE_AND_LOGP,0.25,0.05,D_DIRECT,True,1717324.8,835434.35,1717324.8,1717324.8,False,0,0,0,0,True,9,4,False,False,60,False,True,False,True,True,NO_COST_FEASIBLE_SURROGATE
C5|O_LR_ORIGIN|64|1|0.01|0.1|8,SAMPLE_AND_LOGP,0.25,0.05,D_KNOWN_EVENT_LOGP,True,1717324.8,25758.0,1717324.8,1717324.8,False,0,0,0,0,True,267,4,False,False,60,False,True,False,True,True,NO_COST_FEASIBLE_SURROGATE
C5|O_LR_ORIGIN|64|1|0.01|0.1|8,SAMPLE_AND_LOGP,1.0,0.05,D_DIRECT,True,2339227.05,1148232.35,2339227.05,2339227.05,False,0,0,0,0,True,9,4,False,False,60,False,True,False,True,True,NO_COST_FEASIBLE_SURROGATE
C5|O_LR_ORIGIN|64|1|0.01|0.1|8,SAMPLE_AND_LOGP,1.0,0.05,D_KNOWN_EVENT_LOGP,True,2339227.05,101088.0,2339227.05,2339227.05,False,0,0,0,0,True,93,4,False,False,60,False,True,False,True,True,NO_COST_FEASIBLE_SURROGATE
C5|O_LR_ORIGIN|64|2|1e-05|0.01|8,SAMPLE_AND_LOGP,0.05,0.05,D_DIRECT,True,1551484.2,752021.5499999999,1551484.2,1551484.2,False,0,0,0,0,True,9,4,False,False,60,False,True,False,True,True,NO_COST_FEASIBLE_SURROGATE
C5|O_LR_ORIGIN|64|2|1e-05|0.01|8,SAMPLE_AND_LOGP,0.05,0.05,D_KNOWN_EVENT_LOGP,True,1551484.2,5670.0,1551484.2,1551484.2,False,0,0,0,0,True,1095,4,False,False,60,False,True,False,True,True,NO_COST_FEASIBLE_SURROGATE
C5|O_LR_ORIGIN|64|2|1e-05|0.01|8,SAMPLE_AND_LOGP,0.25,0.05,D_DIRECT,True,1717324.8,835434.35,1717324.8,1717324.8,False,0,0,0,0,True,9,4,False,False,60,False,True,False,True,True,NO_COST_FEASIBLE_SURROGATE
C5|O_LR_ORIGIN|64|2|1e-05|0.01|8,SAMPLE_AND_LOGP,0.25,0.05,D_KNOWN_EVENT_LOGP,True,1717324.8,25758.0,1717324.8,1717324.8,False,0,0,0,0,True,267,4,False,False,60,False,True,False,True,True,NO_COST_FEASIBLE_SURROGATE
C5|O_LR_ORIGIN|64|2|1e-05|0.01|8,SAMPLE_AND_LOGP,1.0,0.05,D_DIRECT,True,2339227.05,1148232.35,2339227.05,2339227.05,False,0,0,0,0,True,9,4,False,False,60,False,True,False,True,True,NO_COST_FEASIBLE_SURROGATE
C5|O_LR_ORIGIN|64|2|1e-05|0.01|8,SAMPLE_AND_LOGP,1.0,0.05,D_KNOWN_EVENT_LOGP,True,2339227.05,101088.0,2339227.05,2339227.05,False,0,0,0,0,True,93,4,False,False,60,False,True,False,True,True,NO_COST_FEASIBLE_SURROGATE
C5|O_LR_ORIGIN|64|2|1e-05|0.1|8,SAMPLE_AND_LOGP,0.05,0.05,D_DIRECT,True,1551484.2,752021.5499999999,1551484.2,1551484.2,False,0,0,0,0,True,9,4,False,False,60,False,True,False,True,True,NO_COST_FEASIBLE_SURROGATE
C5|O_LR_ORIGIN|64|2|1e-05|0.1|8,SAMPLE_AND_LOGP,0.05,0.05,D_KNOWN_EVENT_LOGP,True,1551484.2,5670.0,1551484.2,1551484.2,False,0,0,0,0,True,1095,4,False,False,60,False,True,False,True,True,NO_COST_FEASIBLE_SURROGATE
C5|O_LR_ORIGIN|64|2|1e-05|0.1|8,SAMPLE_AND_LOGP,0.25,0.05,D_DIRECT,True,1717324.8,835434.35,1717324.8,1717324.8,False,0,0,0,0,True,9,4,False,False,60,False,True,False,True,True,NO_COST_FEASIBLE_SURROGATE
C5|O_LR_ORIGIN|64|2|1e-05|0.1|8,SAMPLE_AND_LOGP,0.25,0.05,D_KNOWN_EVENT_LOGP,True,1717324.8,25758.0,1717324.8,1717324.8,False,0,0,0,0,True,267,4,False,False,60,False,True,False,True,True,NO_COST_FEASIBLE_SURROGATE
C5|O_LR_ORIGIN|64|2|1e-05|0.1|8,SAMPLE_AND_LOGP,1.0,0.05,D_DIRECT,True,2339227.05,1148232.35,2339227.05,2339227.05,False,0,0,0,0,True,9,4,False,False,60,False,True,False,True,True,NO_COST_FEASIBLE_SURROGATE
C5|O_LR_ORIGIN|64|2|1e-05|0.1|8,SAMPLE_AND_LOGP,1.0,0.05,D_KNOWN_EVENT_LOGP,True,2339227.05,101088.0,2339227.05,2339227.05,False,0,0,0,0,True,93,4,False,False,60,False,True,False,True,True,NO_COST_FEASIBLE_SURROGATE
C5|O_LR_ORIGIN|64|2|0.01|0.01|8,SAMPLE_AND_LOGP,0.05,0.05,D_DIRECT,True,1551484.2,752021.5499999999,1551484.2,1551484.2,False,0,0,0,0,True,9,4,False,False,60,False,True,False,True,True,NO_COST_FEASIBLE_SURROGATE
C5|O_LR_ORIGIN|64|2|0.01|0.01|8,SAMPLE_AND_LOGP,0.05,0.05,D_KNOWN_EVENT_LOGP,True,1551484.2,5670.0,1551484.2,1551484.2,False,0,0,0,0,True,1095,4,False,False,60,False,True,False,True,True,NO_COST_FEASIBLE_SURROGATE
C5|O_LR_ORIGIN|64|2|0.01|0.01|8,SAMPLE_AND_LOGP,0.25,0.05,D_DIRECT,True,1717324.8,835434.35,1717324.8,1717324.8,False,0,0,0,0,True,9,4,False,False,60,False,True,False,True,True,NO_COST_FEASIBLE_SURROGATE
C5|O_LR_ORIGIN|64|2|0.01|0.01|8,SAMPLE_AND_LOGP,0.25,0.05,D_KNOWN_EVENT_LOGP,True,1717324.8,25758.0,1717324.8,1717324.8,False,0,0,0,0,True,267,4,False,False,60,False,True,False,True,True,NO_COST_FEASIBLE_SURROGATE
C5|O_LR_ORIGIN|64|2|0.01|0.01|8,SAMPLE_AND_LOGP,1.0,0.05,D_DIRECT,True,2339227.05,1148232.35,2339227.05,2339227.05,False,0,0,0,0,True,9,4,False,False,60,False,True,False,True,True,NO_COST_FEASIBLE_SURROGATE
C5|O_LR_ORIGIN|64|2|0.01|0.01|8,SAMPLE_AND_LOGP,1.0,0.05,D_KNOWN_EVENT_LOGP,True,2339227.05,101088.0,2339227.05,2339227.05,False,0,0,0,0,True,93,4,False,False,60,False,True,False,True,True,NO_COST_FEASIBLE_SURROGATE
C5|O_LR_ORIGIN|64|2|0.01|0.1|8,SAMPLE_AND_LOGP,0.05,0.05,D_DIRECT,True,1551484.2,752021.5499999999,1551484.2,1551484.2,False,0,0,0,0,True,9,4,False,False,60,False,True,False,True,True,NO_COST_FEASIBLE_SURROGATE
C5|O_LR_ORIGIN|64|2|0.01|0.1|8,SAMPLE_AND_LOGP,0.05,0.05,D_KNOWN_EVENT_LOGP,True,1551484.2,5670.0,1551484.2,1551484.2,False,0,0,0,0,True,1095,4,False,False,60,False,True,False,True,True,NO_COST_FEASIBLE_SURROGATE
C5|O_LR_ORIGIN|64|2|0.01|0.1|8,SAMPLE_AND_LOGP,0.25,0.05,D_DIRECT,True,1717324.8,835434.35,1717324.8,1717324.8,False,0,0,0,0,True,9,4,False,False,60,False,True,False,True,True,NO_COST_FEASIBLE_SURROGATE
C5|O_LR_ORIGIN|64|2|0.01|0.1|8,SAMPLE_AND_LOGP,0.25,0.05,D_KNOWN_EVENT_LOGP,True,1717324.8,25758.0,1717324.8,1717324.8,False,0,0,0,0,True,267,4,False,False,60,False,True,False,True,True,NO_COST_FEASIBLE_SURROGATE
C5|O_LR_ORIGIN|64|2|0.01|0.1|8,SAMPLE_AND_LOGP,1.0,0.05,D_DIRECT,True,2339227.05,1148232.35,2339227.05,2339227.05,False,0,0,0,0,True,9,4,False,False,60,False,True,False,True,True,NO_COST_FEASIBLE_SURROGATE
C5|O_LR_ORIGIN|64|2|0.01|0.1|8,SAMPLE_AND_LOGP,1.0,0.05,D_KNOWN_EVENT_LOGP,True,2339227.05,101088.0,2339227.05,2339227.05,False,0,0,0,0,True,93,4,False,False,60,False,True,False,True,True,NO_COST_FEASIBLE_SURROGATE
C5|O_LR_ORIGIN|64|4|1e-05|0.01|8,SAMPLE_AND_LOGP,0.05,0.05,D_DIRECT,True,1551484.2,752021.5499999999,1551484.2,1551484.2,False,0,0,0,0,True,9,4,False,False,60,False,True,False,True,True,NO_COST_FEASIBLE_SURROGATE
C5|O_LR_ORIGIN|64|4|1e-05|0.01|8,SAMPLE_AND_LOGP,0.05,0.05,D_KNOWN_EVENT_LOGP,True,1551484.2,5670.0,1551484.2,1551484.2,False,0,0,0,0,True,1095,4,False,False,60,False,True,False,True,True,NO_COST_FEASIBLE_SURROGATE
C5|O_LR_ORIGIN|64|4|1e-05|0.01|8,SAMPLE_AND_LOGP,0.25,0.05,D_DIRECT,True,1717324.8,835434.35,1717324.8,1717324.8,False,0,0,0,0,True,9,4,False,False,60,False,True,False,True,True,NO_COST_FEASIBLE_SURROGATE
C5|O_LR_ORIGIN|64|4|1e-05|0.01|8,SAMPLE_AND_LOGP,0.25,0.05,D_KNOWN_EVENT_LOGP,True,1717324.8,25758.0,1717324.8,1717324.8,False,0,0,0,0,True,267,4,False,False,60,False,True,False,True,True,NO_COST_FEASIBLE_SURROGATE
C5|O_LR_ORIGIN|64|4|1e-05|0.01|8,SAMPLE_AND_LOGP,1.0,0.05,D_DIRECT,True,2339227.05,1148232.35,2339227.05,2339227.05,False,0,0,0,0,True,9,4,False,False,60,False,True,False,True,True,NO_COST_FEASIBLE_SURROGATE
C5|O_LR_ORIGIN|64|4|1e-05|0.01|8,SAMPLE_AND_LOGP,1.0,0.05,D_KNOWN_EVENT_LOGP,True,2339227.05,101088.0,2339227.05,2339227.05,False,0,0,0,0,True,93,4,False,False,60,False,True,False,True,True,NO_COST_FEASIBLE_SURROGATE
C5|O_LR_ORIGIN|64|4|1e-05|0.1|8,SAMPLE_AND_LOGP,0.05,0.05,D_DIRECT,True,1551484.2,752021.5499999999,1551484.2,1551484.2,False,0,0,0,0,True,9,4,False,False,60,False,True,False,True,True,NO_COST_FEASIBLE_SURROGATE
C5|O_LR_ORIGIN|64|4|1e-05|0.1|8,SAMPLE_AND_LOGP,0.05,0.05,D_KNOWN_EVENT_LOGP,True,1551484.2,5670.0,1551484.2,1551484.2,False,0,0,0,0,True,1095,4,False,False,60,False,True,False,True,True,NO_COST_FEASIBLE_SURROGATE
C5|O_LR_ORIGIN|64|4|1e-05|0.1|8,SAMPLE_AND_LOGP,0.25,0.05,D_DIRECT,True,1717324.8,835434.35,1717324.8,1717324.8,False,0,0,0,0,True,9,4,False,False,60,False,True,False,True,True,NO_COST_FEASIBLE_SURROGATE
C5|O_LR_ORIGIN|64|4|1e-05|0.1|8,SAMPLE_AND_LOGP,0.25,0.05,D_KNOWN_EVENT_LOGP,True,1717324.8,25758.0,1717324.8,1717324.8,False,0,0,0,0,True,267,4,False,False,60,False,True,False,True,True,NO_COST_FEASIBLE_SURROGATE
C5|O_LR_ORIGIN|64|4|1e-05|0.1|8,SAMPLE_AND_LOGP,1.0,0.05,D_DIRECT,True,2339227.05,1148232.35,2339227.05,2339227.05,False,0,0,0,0,True,9,4,False,False,60,False,True,False,True,True,NO_COST_FEASIBLE_SURROGATE
C5|O_LR_ORIGIN|64|4|1e-05|0.1|8,SAMPLE_AND_LOGP,1.0,0.05,D_KNOWN_EVENT_LOGP,True,2339227.05,101088.0,2339227.05,2339227.05,False,0,0,0,0,True,93,4,False,False,60,False,True,False,True,True,NO_COST_FEASIBLE_SURROGATE
C5|O_LR_ORIGIN|64|4|0.01|0.01|8,SAMPLE_AND_LOGP,0.05,0.05,D_DIRECT,True,1551484.2,752021.5499999999,1551484.2,1551484.2,False,0,0,0,0,True,9,4,False,False,60,False,True,False,True,True,NO_COST_FEASIBLE_SURROGATE
C5|O_LR_ORIGIN|64|4|0.01|0.01|8,SAMPLE_AND_LOGP,0.05,0.05,D_KNOWN_EVENT_LOGP,True,1551484.2,5670.0,1551484.2,1551484.2,False,0,0,0,0,True,1095,4,False,False,60,False,True,False,True,True,NO_COST_FEASIBLE_SURROGATE
C5|O_LR_ORIGIN|64|4|0.01|0.01|8,SAMPLE_AND_LOGP,0.25,0.05,D_DIRECT,True,1717324.8,835434.35,1717324.8,1717324.8,False,0,0,0,0,True,9,4,False,False,60,False,True,False,True,True,NO_COST_FEASIBLE_SURROGATE
C5|O_LR_ORIGIN|64|4|0.01|0.01|8,SAMPLE_AND_LOGP,0.25,0.05,D_KNOWN_EVENT_LOGP,True,1717324.8,25758.0,1717324.8,1717324.8,False,0,0,0,0,True,267,4,False,False,60,False,True,False,True,True,NO_COST_FEASIBLE_SURROGATE
C5|O_LR_ORIGIN|64|4|0.01|0.01|8,SAMPLE_AND_LOGP,1.0,0.05,D_DIRECT,True,2339227.05,1148232.35,2339227.05,2339227.05,False,0,0,0,0,True,9,4,False,False,60,False,True,False,True,True,NO_COST_FEASIBLE_SURROGATE
C5|O_LR_ORIGIN|64|4|0.01|0.01|8,SAMPLE_AND_LOGP,1.0,0.05,D_KNOWN_EVENT_LOGP,True,2339227.05,101088.0,2339227.05,2339227.05,False,0,0,0,0,True,93,4,False,False,60,False,True,False,True,True,NO_COST_FEASIBLE_SURROGATE
C5|O_LR_ORIGIN|64|4|0.01|0.1|8,SAMPLE_AND_LOGP,0.05,0.05,D_DIRECT,True,1551484.2,752021.5499999999,1551484.2,1551484.2,False,0,0,0,0,True,9,4,False,False,60,False,True,False,True,True,NO_COST_FEASIBLE_SURROGATE
C5|O_LR_ORIGIN|64|4|0.01|0.1|8,SAMPLE_AND_LOGP,0.05,0.05,D_KNOWN_EVENT_LOGP,True,1551484.2,5670.0,1551484.2,1551484.2,False,0,0,0,0,True,1095,4,False,False,60,False,True,False,True,True,NO_COST_FEASIBLE_SURROGATE
C5|O_LR_ORIGIN|64|4|0.01|0.1|8,SAMPLE_AND_LOGP,0.25,0.05,D_DIRECT,True,1717324.8,835434.35,1717324.8,1717324.8,False,0,0,0,0,True,9,4,False,False,60,False,True,False,True,True,NO_COST_FEASIBLE_SURROGATE
C5|O_LR_ORIGIN|64|4|0.01|0.1|8,SAMPLE_AND_LOGP,0.25,0.05,D_KNOWN_EVENT_LOGP,True,1717324.8,25758.0,1717324.8,1717324.8,False,0,0,0,0,True,267,4,False,False,60,False,True,False,True,True,NO_COST_FEASIBLE_SURROGATE
C5|O_LR_ORIGIN|64|4|0.01|0.1|8,SAMPLE_AND_LOGP,1.0,0.05,D_DIRECT,True,2339227.05,1148232.35,2339227.05,2339227.05,False,0,0,0,0,True,9,4,False,False,60,False,True,False,True,True,NO_COST_FEASIBLE_SURROGATE
C5|O_LR_ORIGIN|64|4|0.01|0.1|8,SAMPLE_AND_LOGP,1.0,0.05,D_KNOWN_EVENT_LOGP,True,2339227.05,101088.0,2339227.05,2339227.05,False,0,0,0,0,True,93,4,False,False,60,False,True,False,True,True,NO_COST_FEASIBLE_SURROGATE
C5|O_LR_ORIGIN|64|FULL|1e-05|0.01|8,SAMPLE_AND_LOGP,0.05,0.05,D_DIRECT,True,1551484.2,752021.5499999999,1551484.2,1551484.2,False,0,0,0,0,True,9,4,False,False,60,False,True,False,True,True,NO_COST_FEASIBLE_SURROGATE
C5|O_LR_ORIGIN|64|FULL|1e-05|0.01|8,SAMPLE_AND_LOGP,0.05,0.05,D_KNOWN_EVENT_LOGP,True,1551484.2,5670.0,1551484.2,1551484.2,False,0,0,0,0,True,1095,4,False,False,60,False,True,False,True,True,NO_COST_FEASIBLE_SURROGATE
C5|O_LR_ORIGIN|64|FULL|1e-05|0.01|8,SAMPLE_AND_LOGP,0.25,0.05,D_DIRECT,True,1717324.8,835434.35,1717324.8,1717324.8,False,0,0,0,0,True,9,4,False,False,60,False,True,False,True,True,NO_COST_FEASIBLE_SURROGATE
C5|O_LR_ORIGIN|64|FULL|1e-05|0.01|8,SAMPLE_AND_LOGP,0.25,0.05,D_KNOWN_EVENT_LOGP,True,1717324.8,25758.0,1717324.8,1717324.8,False,0,0,0,0,True,267,4,False,False,60,False,True,False,True,True,NO_COST_FEASIBLE_SURROGATE
C5|O_LR_ORIGIN|64|FULL|1e-05|0.01|8,SAMPLE_AND_LOGP,1.0,0.05,D_DIRECT,True,2339227.05,1148232.35,2339227.05,2339227.05,False,0,0,0,0,True,9,4,False,False,60,False,True,False,True,True,NO_COST_FEASIBLE_SURROGATE
C5|O_LR_ORIGIN|64|FULL|1e-05|0.01|8,SAMPLE_AND_LOGP,1.0,0.05,D_KNOWN_EVENT_LOGP,True,2339227.05,101088.0,2339227.05,2339227.05,False,0,0,0,0,True,93,4,False,False,60,False,True,False,True,True,NO_COST_FEASIBLE_SURROGATE
C5|O_LR_ORIGIN|64|FULL|1e-05|0.1|8,SAMPLE_AND_LOGP,0.05,0.05,D_DIRECT,True,1551484.2,752021.5499999999,1551484.2,1551484.2,False,0,0,0,0,True,9,4,False,False,60,False,True,False,True,True,NO_COST_FEASIBLE_SURROGATE
C5|O_LR_ORIGIN|64|FULL|1e-05|0.1|8,SAMPLE_AND_LOGP,0.05,0.05,D_KNOWN_EVENT_LOGP,True,1551484.2,5670.0,1551484.2,1551484.2,False,0,0,0,0,True,1095,4,False,False,60,False,True,False,True,True,NO_COST_FEASIBLE_SURROGATE
C5|O_LR_ORIGIN|64|FULL|1e-05|0.1|8,SAMPLE_AND_LOGP,0.25,0.05,D_DIRECT,True,1717324.8,835434.35,1717324.8,1717324.8,False,0,0,0,0,True,9,4,False,False,60,False,True,False,True,True,NO_COST_FEASIBLE_SURROGATE
C5|O_LR_ORIGIN|64|FULL|1e-05|0.1|8,SAMPLE_AND_LOGP,0.25,0.05,D_KNOWN_EVENT_LOGP,True,1717324.8,25758.0,1717324.8,1717324.8,False,0,0,0,0,True,267,4,False,False,60,False,True,False,True,True,NO_COST_FEASIBLE_SURROGATE
C5|O_LR_ORIGIN|64|FULL|1e-05|0.1|8,SAMPLE_AND_LOGP,1.0,0.05,D_DIRECT,True,2339227.05,1148232.35,2339227.05,2339227.05,False,0,0,0,0,True,9,4,False,False,60,False,True,False,True,True,NO_COST_FEASIBLE_SURROGATE
C5|O_LR_ORIGIN|64|FULL|1e-05|0.1|8,SAMPLE_AND_LOGP,1.0,0.05,D_KNOWN_EVENT_LOGP,True,2339227.05,101088.0,2339227.05,2339227.05,False,0,0,0,0,True,93,4,False,False,60,False,True,False,True,True,NO_COST_FEASIBLE_SURROGATE
C5|O_LR_ORIGIN|64|FULL|0.01|0.01|8,SAMPLE_AND_LOGP,0.05,0.05,D_DIRECT,True,1551484.2,752021.5499999999,1551484.2,1551484.2,False,0,0,0,0,True,9,4,False,False,60,False,True,False,True,True,NO_COST_FEASIBLE_SURROGATE
C5|O_LR_ORIGIN|64|FULL|0.01|0.01|8,SAMPLE_AND_LOGP,0.05,0.05,D_KNOWN_EVENT_LOGP,True,1551484.2,5670.0,1551484.2,1551484.2,False,0,0,0,0,True,1095,4,False,False,60,False,True,False,True,True,NO_COST_FEASIBLE_SURROGATE
C5|O_LR_ORIGIN|64|FULL|0.01|0.01|8,SAMPLE_AND_LOGP,0.25,0.05,D_DIRECT,True,1717324.8,835434.35,1717324.8,1717324.8,False,0,0,0,0,True,9,4,False,False,60,False,True,False,True,True,NO_COST_FEASIBLE_SURROGATE
C5|O_LR_ORIGIN|64|FULL|0.01|0.01|8,SAMPLE_AND_LOGP,0.25,0.05,D_KNOWN_EVENT_LOGP,True,1717324.8,25758.0,1717324.8,1717324.8,False,0,0,0,0,True,267,4,False,False,60,False,True,False,True,True,NO_COST_FEASIBLE_SURROGATE
C5|O_LR_ORIGIN|64|FULL|0.01|0.01|8,SAMPLE_AND_LOGP,1.0,0.05,D_DIRECT,True,2339227.05,1148232.35,2339227.05,2339227.05,False,0,0,0,0,True,9,4,False,False,60,False,True,False,True,True,NO_COST_FEASIBLE_SURROGATE
C5|O_LR_ORIGIN|64|FULL|0.01|0.01|8,SAMPLE_AND_LOGP,1.0,0.05,D_KNOWN_EVENT_LOGP,True,2339227.05,101088.0,2339227.05,2339227.05,False,0,0,0,0,True,93,4,False,False,60,False,True,False,True,True,NO_COST_FEASIBLE_SURROGATE
C5|O_LR_ORIGIN|64|FULL|0.01|0.1|8,SAMPLE_AND_LOGP,0.05,0.05,D_DIRECT,True,1551484.2,752021.5499999999,1551484.2,1551484.2,False,0,0,0,0,True,9,4,False,False,60,False,True,False,True,True,NO_COST_FEASIBLE_SURROGATE
C5|O_LR_ORIGIN|64|FULL|0.01|0.1|8,SAMPLE_AND_LOGP,0.05,0.05,D_KNOWN_EVENT_LOGP,True,1551484.2,5670.0,1551484.2,1551484.2,False,0,0,0,0,True,1095,4,False,False,60,False,True,False,True,True,NO_COST_FEASIBLE_SURROGATE
C5|O_LR_ORIGIN|64|FULL|0.01|0.1|8,SAMPLE_AND_LOGP,0.25,0.05,D_DIRECT,True,1717324.8,835434.35,1717324.8,1717324.8,False,0,0,0,0,True,9,4,False,False,60,False,True,False,True,True,NO_COST_FEASIBLE_SURROGATE
C5|O_LR_ORIGIN|64|FULL|0.01|0.1|8,SAMPLE_AND_LOGP,0.25,0.05,D_KNOWN_EVENT_LOGP,True,1717324.8,25758.0,1717324.8,1717324.8,False,0,0,0,0,True,267,4,False,False,60,False,True,False,True,True,NO_COST_FEASIBLE_SURROGATE
C5|O_LR_ORIGIN|64|FULL|0.01|0.1|8,SAMPLE_AND_LOGP,1.0,0.05,D_DIRECT,True,2339227.05,1148232.35,2339227.05,2339227.05,False,0,0,0,0,True,9,4,False,False,60,False,True,False,True,True,NO_COST_FEASIBLE_SURROGATE
C5|O_LR_ORIGIN|64|FULL|0.01|0.1|8,SAMPLE_AND_LOGP,1.0,0.05,D_KNOWN_EVENT_LOGP,True,2339227.05,101088.0,2339227.05,2339227.05,False,0,0,0,0,True,93,4,False,False,60,False,True,False,True,True,NO_COST_FEASIBLE_SURROGATE
C6|O_LR_ORIGIN|64|1|1e-05|0.01|8,SAMPLE_AND_LOGP,0.05,0.05,D_DIRECT,True,1551484.2,752021.5499999999,1551484.2,1551484.2,False,0,0,0,0,True,9,4,False,False,60,False,True,False,True,True,NO_COST_FEASIBLE_SURROGATE
C6|O_LR_ORIGIN|64|1|1e-05|0.01|8,SAMPLE_AND_LOGP,0.05,0.05,D_KNOWN_EVENT_LOGP,True,1551484.2,5670.0,1551484.2,1551484.2,False,0,0,0,0,True,1095,4,False,False,60,False,True,False,True,True,NO_COST_FEASIBLE_SURROGATE
C6|O_LR_ORIGIN|64|1|1e-05|0.01|8,SAMPLE_AND_LOGP,0.25,0.05,D_DIRECT,True,1717324.8,835434.35,1717324.8,1717324.8,False,0,0,0,0,True,9,4,False,False,60,False,True,False,True,True,NO_COST_FEASIBLE_SURROGATE
C6|O_LR_ORIGIN|64|1|1e-05|0.01|8,SAMPLE_AND_LOGP,0.25,0.05,D_KNOWN_EVENT_LOGP,True,1717324.8,25758.0,1717324.8,1717324.8,False,0,0,0,0,True,267,4,False,False,60,False,True,False,True,True,NO_COST_FEASIBLE_SURROGATE
C6|O_LR_ORIGIN|64|1|1e-05|0.01|8,SAMPLE_AND_LOGP,1.0,0.05,D_DIRECT,True,2339227.05,1148232.35,2339227.05,2339227.05,False,0,0,0,0,True,9,4,False,False,60,False,True,False,True,True,NO_COST_FEASIBLE_SURROGATE
C6|O_LR_ORIGIN|64|1|1e-05|0.01|8,SAMPLE_AND_LOGP,1.0,0.05,D_KNOWN_EVENT_LOGP,True,2339227.05,101088.0,2339227.05,2339227.05,False,0,0,0,0,True,93,4,False,False,60,False,True,False,True,True,NO_COST_FEASIBLE_SURROGATE
C6|O_LR_ORIGIN|64|1|1e-05|0.1|8,SAMPLE_AND_LOGP,0.05,0.05,D_DIRECT,True,1551484.2,752021.5499999999,1551484.2,1551484.2,False,0,0,0,0,True,9,4,False,False,60,False,True,False,True,True,NO_COST_FEASIBLE_SURROGATE
C6|O_LR_ORIGIN|64|1|1e-05|0.1|8,SAMPLE_AND_LOGP,0.05,0.05,D_KNOWN_EVENT_LOGP,True,1551484.2,5670.0,1551484.2,1551484.2,False,0,0,0,0,True,1095,4,False,False,60,False,True,False,True,True,NO_COST_FEASIBLE_SURROGATE
C6|O_LR_ORIGIN|64|1|1e-05|0.1|8,SAMPLE_AND_LOGP,0.25,0.05,D_DIRECT,True,1717324.8,835434.35,1717324.8,1717324.8,False,0,0,0,0,True,9,4,False,False,60,False,True,False,True,True,NO_COST_FEASIBLE_SURROGATE
C6|O_LR_ORIGIN|64|1|1e-05|0.1|8,SAMPLE_AND_LOGP,0.25,0.05,D_KNOWN_EVENT_LOGP,True,1717324.8,25758.0,1717324.8,1717324.8,False,0,0,0,0,True,267,4,False,False,60,False,True,False,True,True,NO_COST_FEASIBLE_SURROGATE
C6|O_LR_ORIGIN|64|1|1e-05|0.1|8,SAMPLE_AND_LOGP,1.0,0.05,D_DIRECT,True,2339227.05,1148232.35,2339227.05,2339227.05,False,0,0,0,0,True,9,4,False,False,60,False,True,False,True,True,NO_COST_FEASIBLE_SURROGATE
C6|O_LR_ORIGIN|64|1|1e-05|0.1|8,SAMPLE_AND_LOGP,1.0,0.05,D_KNOWN_EVENT_LOGP,True,2339227.05,101088.0,2339227.05,2339227.05,False,0,0,0,0,True,93,4,False,False,60,False,True,False,True,True,NO_COST_FEASIBLE_SURROGATE
C6|O_LR_ORIGIN|64|1|0.01|0.01|8,SAMPLE_AND_LOGP,0.05,0.05,D_DIRECT,True,1551484.2,752021.5499999999,1551484.2,1551484.2,False,0,0,0,0,True,9,4,False,False,60,False,True,False,True,True,NO_COST_FEASIBLE_SURROGATE
C6|O_LR_ORIGIN|64|1|0.01|0.01|8,SAMPLE_AND_LOGP,0.05,0.05,D_KNOWN_EVENT_LOGP,True,1551484.2,5670.0,1551484.2,1551484.2,False,0,0,0,0,True,1095,4,False,False,60,False,True,False,True,True,NO_COST_FEASIBLE_SURROGATE
C6|O_LR_ORIGIN|64|1|0.01|0.01|8,SAMPLE_AND_LOGP,0.25,0.05,D_DIRECT,True,1717324.8,835434.35,1717324.8,1717324.8,False,0,0,0,0,True,9,4,False,False,60,False,True,False,True,True,NO_COST_FEASIBLE_SURROGATE
C6|O_LR_ORIGIN|64|1|0.01|0.01|8,SAMPLE_AND_LOGP,0.25,0.05,D_KNOWN_EVENT_LOGP,True,1717324.8,25758.0,1717324.8,1717324.8,False,0,0,0,0,True,267,4,False,False,60,False,True,False,True,True,NO_COST_FEASIBLE_SURROGATE
C6|O_LR_ORIGIN|64|1|0.01|0.01|8,SAMPLE_AND_LOGP,1.0,0.05,D_DIRECT,True,2339227.05,1148232.35,2339227.05,2339227.05,False,0,0,0,0,True,9,4,False,False,60,False,True,False,True,True,NO_COST_FEASIBLE_SURROGATE
C6|O_LR_ORIGIN|64|1|0.01|0.01|8,SAMPLE_AND_LOGP,1.0,0.05,D_KNOWN_EVENT_LOGP,True,2339227.05,101088.0,2339227.05,2339227.05,False,0,0,0,0,True,93,4,False,False,60,False,True,False,True,True,NO_COST_FEASIBLE_SURROGATE
C6|O_LR_ORIGIN|64|1|0.01|0.1|8,SAMPLE_AND_LOGP,0.05,0.05,D_DIRECT,True,1551484.2,752021.5499999999,1551484.2,1551484.2,False,0,0,0,0,True,9,4,False,False,60,False,True,False,True,True,NO_COST_FEASIBLE_SURROGATE
C6|O_LR_ORIGIN|64|1|0.01|0.1|8,SAMPLE_AND_LOGP,0.05,0.05,D_KNOWN_EVENT_LOGP,True,1551484.2,5670.0,1551484.2,1551484.2,False,0,0,0,0,True,1095,4,False,False,60,False,True,False,True,True,NO_COST_FEASIBLE_SURROGATE
C6|O_LR_ORIGIN|64|1|0.01|0.1|8,SAMPLE_AND_LOGP,0.25,0.05,D_DIRECT,True,1717324.8,835434.35,1717324.8,1717324.8,False,0,0,0,0,True,9,4,False,False,60,False,True,False,True,True,NO_COST_FEASIBLE_SURROGATE
C6|O_LR_ORIGIN|64|1|0.01|0.1|8,SAMPLE_AND_LOGP,0.25,0.05,D_KNOWN_EVENT_LOGP,True,1717324.8,25758.0,1717324.8,1717324.8,False,0,0,0,0,True,267,4,False,False,60,False,True,False,True,True,NO_COST_FEASIBLE_SURROGATE
C6|O_LR_ORIGIN|64|1|0.01|0.1|8,SAMPLE_AND_LOGP,1.0,0.05,D_DIRECT,True,2339227.05,1148232.35,2339227.05,2339227.05,False,0,0,0,0,True,9,4,False,False,60,False,True,False,True,True,NO_COST_FEASIBLE_SURROGATE
C6|O_LR_ORIGIN|64|1|0.01|0.1|8,SAMPLE_AND_LOGP,1.0,0.05,D_KNOWN_EVENT_LOGP,True,2339227.05,101088.0,2339227.05,2339227.05,False,0,0,0,0,True,93,4,False,False,60,False,True,False,True,True,NO_COST_FEASIBLE_SURROGATE
C6|O_LR_ORIGIN|64|2|1e-05|0.01|8,SAMPLE_AND_LOGP,0.05,0.05,D_DIRECT,True,1551484.2,752021.5499999999,1551484.2,1551484.2,False,0,0,0,0,True,9,4,False,False,60,False,True,False,True,True,NO_COST_FEASIBLE_SURROGATE
C6|O_LR_ORIGIN|64|2|1e-05|0.01|8,SAMPLE_AND_LOGP,0.05,0.05,D_KNOWN_EVENT_LOGP,True,1551484.2,5670.0,1551484.2,1551484.2,False,0,0,0,0,True,1095,4,False,False,60,False,True,False,True,True,NO_COST_FEASIBLE_SURROGATE
C6|O_LR_ORIGIN|64|2|1e-05|0.01|8,SAMPLE_AND_LOGP,0.25,0.05,D_DIRECT,True,1717324.8,835434.35,1717324.8,1717324.8,False,0,0,0,0,True,9,4,False,False,60,False,True,False,True,True,NO_COST_FEASIBLE_SURROGATE
C6|O_LR_ORIGIN|64|2|1e-05|0.01|8,SAMPLE_AND_LOGP,0.25,0.05,D_KNOWN_EVENT_LOGP,True,1717324.8,25758.0,1717324.8,1717324.8,False,0,0,0,0,True,267,4,False,False,60,False,True,False,True,True,NO_COST_FEASIBLE_SURROGATE
C6|O_LR_ORIGIN|64|2|1e-05|0.01|8,SAMPLE_AND_LOGP,1.0,0.05,D_DIRECT,True,2339227.05,1148232.35,2339227.05,2339227.05,False,0,0,0,0,True,9,4,False,False,60,False,True,False,True,True,NO_COST_FEASIBLE_SURROGATE
C6|O_LR_ORIGIN|64|2|1e-05|0.01|8,SAMPLE_AND_LOGP,1.0,0.05,D_KNOWN_EVENT_LOGP,True,2339227.05,101088.0,2339227.05,2339227.05,False,0,0,0,0,True,93,4,False,False,60,False,True,False,True,True,NO_COST_FEASIBLE_SURROGATE
C6|O_LR_ORIGIN|64|2|1e-05|0.1|8,SAMPLE_AND_LOGP,0.05,0.05,D_DIRECT,True,1551484.2,752021.5499999999,1551484.2,1551484.2,False,0,0,0,0,True,9,4,False,False,60,False,True,False,True,True,NO_COST_FEASIBLE_SURROGATE
C6|O_LR_ORIGIN|64|2|1e-05|0.1|8,SAMPLE_AND_LOGP,0.05,0.05,D_KNOWN_EVENT_LOGP,True,1551484.2,5670.0,1551484.2,1551484.2,False,0,0,0,0,True,1095,4,False,False,60,False,True,False,True,True,NO_COST_FEASIBLE_SURROGATE
C6|O_LR_ORIGIN|64|2|1e-05|0.1|8,SAMPLE_AND_LOGP,0.25,0.05,D_DIRECT,True,1717324.8,835434.35,1717324.8,1717324.8,False,0,0,0,0,True,9,4,False,False,60,False,True,False,True,True,NO_COST_FEASIBLE_SURROGATE
C6|O_LR_ORIGIN|64|2|1e-05|0.1|8,SAMPLE_AND_LOGP,0.25,0.05,D_KNOWN_EVENT_LOGP,True,1717324.8,25758.0,1717324.8,1717324.8,False,0,0,0,0,True,267,4,False,False,60,False,True,False,True,True,NO_COST_FEASIBLE_SURROGATE
C6|O_LR_ORIGIN|64|2|1e-05|0.1|8,SAMPLE_AND_LOGP,1.0,0.05,D_DIRECT,True,2339227.05,1148232.35,2339227.05,2339227.05,False,0,0,0,0,True,9,4,False,False,60,False,True,False,True,True,NO_COST_FEASIBLE_SURROGATE
C6|O_LR_ORIGIN|64|2|1e-05|0.1|8,SAMPLE_AND_LOGP,1.0,0.05,D_KNOWN_EVENT_LOGP,True,2339227.05,101088.0,2339227.05,2339227.05,False,0,0,0,0,True,93,4,False,False,60,False,True,False,True,True,NO_COST_FEASIBLE_SURROGATE
C6|O_LR_ORIGIN|64|2|0.01|0.01|8,SAMPLE_AND_LOGP,0.05,0.05,D_DIRECT,True,1551484.2,752021.5499999999,1551484.2,1551484.2,False,0,0,0,0,True,9,4,False,False,60,False,True,False,True,True,NO_COST_FEASIBLE_SURROGATE
C6|O_LR_ORIGIN|64|2|0.01|0.01|8,SAMPLE_AND_LOGP,0.05,0.05,D_KNOWN_EVENT_LOGP,True,1551484.2,5670.0,1551484.2,1551484.2,False,0,0,0,0,True,1095,4,False,False,60,False,True,False,True,True,NO_COST_FEASIBLE_SURROGATE
C6|O_LR_ORIGIN|64|2|0.01|0.01|8,SAMPLE_AND_LOGP,0.25,0.05,D_DIRECT,True,1717324.8,835434.35,1717324.8,1717324.8,False,0,0,0,0,True,9,4,False,False,60,False,True,False,True,True,NO_COST_FEASIBLE_SURROGATE
C6|O_LR_ORIGIN|64|2|0.01|0.01|8,SAMPLE_AND_LOGP,0.25,0.05,D_KNOWN_EVENT_LOGP,True,1717324.8,25758.0,1717324.8,1717324.8,False,0,0,0,0,True,267,4,False,False,60,False,True,False,True,True,NO_COST_FEASIBLE_SURROGATE
C6|O_LR_ORIGIN|64|2|0.01|0.01|8,SAMPLE_AND_LOGP,1.0,0.05,D_DIRECT,True,2339227.05,1148232.35,2339227.05,2339227.05,False,0,0,0,0,True,9,4,False,False,60,False,True,False,True,True,NO_COST_FEASIBLE_SURROGATE
C6|O_LR_ORIGIN|64|2|0.01|0.01|8,SAMPLE_AND_LOGP,1.0,0.05,D_KNOWN_EVENT_LOGP,True,2339227.05,101088.0,2339227.05,2339227.05,False,0,0,0,0,True,93,4,False,False,60,False,True,False,True,True,NO_COST_FEASIBLE_SURROGATE
C6|O_LR_ORIGIN|64|2|0.01|0.1|8,SAMPLE_AND_LOGP,0.05,0.05,D_DIRECT,True,1551484.2,752021.5499999999,1551484.2,1551484.2,False,0,0,0,0,True,9,4,False,False,60,False,True,False,True,True,NO_COST_FEASIBLE_SURROGATE
C6|O_LR_ORIGIN|64|2|0.01|0.1|8,SAMPLE_AND_LOGP,0.05,0.05,D_KNOWN_EVENT_LOGP,True,1551484.2,5670.0,1551484.2,1551484.2,False,0,0,0,0,True,1095,4,False,False,60,False,True,False,True,True,NO_COST_FEASIBLE_SURROGATE
C6|O_LR_ORIGIN|64|2|0.01|0.1|8,SAMPLE_AND_LOGP,0.25,0.05,D_DIRECT,True,1717324.8,835434.35,1717324.8,1717324.8,False,0,0,0,0,True,9,4,False,False,60,False,True,False,True,True,NO_COST_FEASIBLE_SURROGATE
C6|O_LR_ORIGIN|64|2|0.01|0.1|8,SAMPLE_AND_LOGP,0.25,0.05,D_KNOWN_EVENT_LOGP,True,1717324.8,25758.0,1717324.8,1717324.8,False,0,0,0,0,True,267,4,False,False,60,False,True,False,True,True,NO_COST_FEASIBLE_SURROGATE
C6|O_LR_ORIGIN|64|2|0.01|0.1|8,SAMPLE_AND_LOGP,1.0,0.05,D_DIRECT,True,2339227.05,1148232.35,2339227.05,2339227.05,False,0,0,0,0,True,9,4,False,False,60,False,True,False,True,True,NO_COST_FEASIBLE_SURROGATE
C6|O_LR_ORIGIN|64|2|0.01|0.1|8,SAMPLE_AND_LOGP,1.0,0.05,D_KNOWN_EVENT_LOGP,True,2339227.05,101088.0,2339227.05,2339227.05,False,0,0,0,0,True,93,4,False,False,60,False,True,False,True,True,NO_COST_FEASIBLE_SURROGATE
C6|O_LR_ORIGIN|64|4|1e-05|0.01|8,SAMPLE_AND_LOGP,0.05,0.05,D_DIRECT,True,1551484.2,752021.5499999999,1551484.2,1551484.2,False,0,0,0,0,True,9,4,False,False,60,False,True,False,True,True,NO_COST_FEASIBLE_SURROGATE
C6|O_LR_ORIGIN|64|4|1e-05|0.01|8,SAMPLE_AND_LOGP,0.05,0.05,D_KNOWN_EVENT_LOGP,True,1551484.2,5670.0,1551484.2,1551484.2,False,0,0,0,0,True,1095,4,False,False,60,False,True,False,True,True,NO_COST_FEASIBLE_SURROGATE
C6|O_LR_ORIGIN|64|4|1e-05|0.01|8,SAMPLE_AND_LOGP,0.25,0.05,D_DIRECT,True,1717324.8,835434.35,1717324.8,1717324.8,False,0,0,0,0,True,9,4,False,False,60,False,True,False,True,True,NO_COST_FEASIBLE_SURROGATE
C6|O_LR_ORIGIN|64|4|1e-05|0.01|8,SAMPLE_AND_LOGP,0.25,0.05,D_KNOWN_EVENT_LOGP,True,1717324.8,25758.0,1717324.8,1717324.8,False,0,0,0,0,True,267,4,False,False,60,False,True,False,True,True,NO_COST_FEASIBLE_SURROGATE
C6|O_LR_ORIGIN|64|4|1e-05|0.01|8,SAMPLE_AND_LOGP,1.0,0.05,D_DIRECT,True,2339227.05,1148232.35,2339227.05,2339227.05,False,0,0,0,0,True,9,4,False,False,60,False,True,False,True,True,NO_COST_FEASIBLE_SURROGATE
C6|O_LR_ORIGIN|64|4|1e-05|0.01|8,SAMPLE_AND_LOGP,1.0,0.05,D_KNOWN_EVENT_LOGP,True,2339227.05,101088.0,2339227.05,2339227.05,False,0,0,0,0,True,93,4,False,False,60,False,True,False,True,True,NO_COST_FEASIBLE_SURROGATE
C6|O_LR_ORIGIN|64|4|1e-05|0.1|8,SAMPLE_AND_LOGP,0.05,0.05,D_DIRECT,True,1551484.2,752021.5499999999,1551484.2,1551484.2,False,0,0,0,0,True,9,4,False,False,60,False,True,False,True,True,NO_COST_FEASIBLE_SURROGATE
C6|O_LR_ORIGIN|64|4|1e-05|0.1|8,SAMPLE_AND_LOGP,0.05,0.05,D_KNOWN_EVENT_LOGP,True,1551484.2,5670.0,1551484.2,1551484.2,False,0,0,0,0,True,1095,4,False,False,60,False,True,False,True,True,NO_COST_FEASIBLE_SURROGATE
C6|O_LR_ORIGIN|64|4|1e-05|0.1|8,SAMPLE_AND_LOGP,0.25,0.05,D_DIRECT,True,1717324.8,835434.35,1717324.8,1717324.8,False,0,0,0,0,True,9,4,False,False,60,False,True,False,True,True,NO_COST_FEASIBLE_SURROGATE
C6|O_LR_ORIGIN|64|4|1e-05|0.1|8,SAMPLE_AND_LOGP,0.25,0.05,D_KNOWN_EVENT_LOGP,True,1717324.8,25758.0,1717324.8,1717324.8,False,0,0,0,0,True,267,4,False,False,60,False,True,False,True,True,NO_COST_FEASIBLE_SURROGATE
C6|O_LR_ORIGIN|64|4|1e-05|0.1|8,SAMPLE_AND_LOGP,1.0,0.05,D_DIRECT,True,2339227.05,1148232.35,2339227.05,2339227.05,False,0,0,0,0,True,9,4,False,False,60,False,True,False,True,True,NO_COST_FEASIBLE_SURROGATE
C6|O_LR_ORIGIN|64|4|1e-05|0.1|8,SAMPLE_AND_LOGP,1.0,0.05,D_KNOWN_EVENT_LOGP,True,2339227.05,101088.0,2339227.05,2339227.05,False,0,0,0,0,True,93,4,False,False,60,False,True,False,True,True,NO_COST_FEASIBLE_SURROGATE
C6|O_LR_ORIGIN|64|4|0.01|0.01|8,SAMPLE_AND_LOGP,0.05,0.05,D_DIRECT,True,1551484.2,752021.5499999999,1551484.2,1551484.2,False,0,0,0,0,True,9,4,False,False,60,False,True,False,True,True,NO_COST_FEASIBLE_SURROGATE
C6|O_LR_ORIGIN|64|4|0.01|0.01|8,SAMPLE_AND_LOGP,0.05,0.05,D_KNOWN_EVENT_LOGP,True,1551484.2,5670.0,1551484.2,1551484.2,False,0,0,0,0,True,1095,4,False,False,60,False,True,False,True,True,NO_COST_FEASIBLE_SURROGATE
C6|O_LR_ORIGIN|64|4|0.01|0.01|8,SAMPLE_AND_LOGP,0.25,0.05,D_DIRECT,True,1717324.8,835434.35,1717324.8,1717324.8,False,0,0,0,0,True,9,4,False,False,60,False,True,False,True,True,NO_COST_FEASIBLE_SURROGATE
C6|O_LR_ORIGIN|64|4|0.01|0.01|8,SAMPLE_AND_LOGP,0.25,0.05,D_KNOWN_EVENT_LOGP,True,1717324.8,25758.0,1717324.8,1717324.8,False,0,0,0,0,True,267,4,False,False,60,False,True,False,True,True,NO_COST_FEASIBLE_SURROGATE
C6|O_LR_ORIGIN|64|4|0.01|0.01|8,SAMPLE_AND_LOGP,1.0,0.05,D_DIRECT,True,2339227.05,1148232.35,2339227.05,2339227.05,False,0,0,0,0,True,9,4,False,False,60,False,True,False,True,True,NO_COST_FEASIBLE_SURROGATE
C6|O_LR_ORIGIN|64|4|0.01|0.01|8,SAMPLE_AND_LOGP,1.0,0.05,D_KNOWN_EVENT_LOGP,True,2339227.05,101088.0,2339227.05,2339227.05,False,0,0,0,0,True,93,4,False,False,60,False,True,False,True,True,NO_COST_FEASIBLE_SURROGATE
C6|O_LR_ORIGIN|64|4|0.01|0.1|8,SAMPLE_AND_LOGP,0.05,0.05,D_DIRECT,True,1551484.2,752021.5499999999,1551484.2,1551484.2,False,0,0,0,0,True,9,4,False,False,60,False,True,False,True,True,NO_COST_FEASIBLE_SURROGATE
C6|O_LR_ORIGIN|64|4|0.01|0.1|8,SAMPLE_AND_LOGP,0.05,0.05,D_KNOWN_EVENT_LOGP,True,1551484.2,5670.0,1551484.2,1551484.2,False,0,0,0,0,True,1095,4,False,False,60,False,True,False,True,True,NO_COST_FEASIBLE_SURROGATE
C6|O_LR_ORIGIN|64|4|0.01|0.1|8,SAMPLE_AND_LOGP,0.25,0.05,D_DIRECT,True,1717324.8,835434.35,1717324.8,1717324.8,False,0,0,0,0,True,9,4,False,False,60,False,True,False,True,True,NO_COST_FEASIBLE_SURROGATE
C6|O_LR_ORIGIN|64|4|0.01|0.1|8,SAMPLE_AND_LOGP,0.25,0.05,D_KNOWN_EVENT_LOGP,True,1717324.8,25758.0,1717324.8,1717324.8,False,0,0,0,0,True,267,4,False,False,60,False,True,False,True,True,NO_COST_FEASIBLE_SURROGATE
C6|O_LR_ORIGIN|64|4|0.01|0.1|8,SAMPLE_AND_LOGP,1.0,0.05,D_DIRECT,True,2339227.05,1148232.35,2339227.05,2339227.05,False,0,0,0,0,True,9,4,False,False,60,False,True,False,True,True,NO_COST_FEASIBLE_SURROGATE
C6|O_LR_ORIGIN|64|4|0.01|0.1|8,SAMPLE_AND_LOGP,1.0,0.05,D_KNOWN_EVENT_LOGP,True,2339227.05,101088.0,2339227.05,2339227.05,False,0,0,0,0,True,93,4,False,False,60,False,True,False,True,True,NO_COST_FEASIBLE_SURROGATE
C6|O_LR_ORIGIN|64|FULL|1e-05|0.01|8,SAMPLE_AND_LOGP,0.05,0.05,D_DIRECT,True,1551484.2,752021.5499999999,1551484.2,1551484.2,False,0,0,0,0,True,9,4,False,False,60,False,True,False,True,True,NO_COST_FEASIBLE_SURROGATE
C6|O_LR_ORIGIN|64|FULL|1e-05|0.01|8,SAMPLE_AND_LOGP,0.05,0.05,D_KNOWN_EVENT_LOGP,True,1551484.2,5670.0,1551484.2,1551484.2,False,0,0,0,0,True,1095,4,False,False,60,False,True,False,True,True,NO_COST_FEASIBLE_SURROGATE
C6|O_LR_ORIGIN|64|FULL|1e-05|0.01|8,SAMPLE_AND_LOGP,0.25,0.05,D_DIRECT,True,1717324.8,835434.35,1717324.8,1717324.8,False,0,0,0,0,True,9,4,False,False,60,False,True,False,True,True,NO_COST_FEASIBLE_SURROGATE
C6|O_LR_ORIGIN|64|FULL|1e-05|0.01|8,SAMPLE_AND_LOGP,0.25,0.05,D_KNOWN_EVENT_LOGP,True,1717324.8,25758.0,1717324.8,1717324.8,False,0,0,0,0,True,267,4,False,False,60,False,True,False,True,True,NO_COST_FEASIBLE_SURROGATE
C6|O_LR_ORIGIN|64|FULL|1e-05|0.01|8,SAMPLE_AND_LOGP,1.0,0.05,D_DIRECT,True,2339227.05,1148232.35,2339227.05,2339227.05,False,0,0,0,0,True,9,4,False,False,60,False,True,False,True,True,NO_COST_FEASIBLE_SURROGATE
C6|O_LR_ORIGIN|64|FULL|1e-05|0.01|8,SAMPLE_AND_LOGP,1.0,0.05,D_KNOWN_EVENT_LOGP,True,2339227.05,101088.0,2339227.05,2339227.05,False,0,0,0,0,True,93,4,False,False,60,False,True,False,True,True,NO_COST_FEASIBLE_SURROGATE
C6|O_LR_ORIGIN|64|FULL|1e-05|0.1|8,SAMPLE_AND_LOGP,0.05,0.05,D_DIRECT,True,1551484.2,752021.5499999999,1551484.2,1551484.2,False,0,0,0,0,True,9,4,False,False,60,False,True,False,True,True,NO_COST_FEASIBLE_SURROGATE
C6|O_LR_ORIGIN|64|FULL|1e-05|0.1|8,SAMPLE_AND_LOGP,0.05,0.05,D_KNOWN_EVENT_LOGP,True,1551484.2,5670.0,1551484.2,1551484.2,False,0,0,0,0,True,1095,4,False,False,60,False,True,False,True,True,NO_COST_FEASIBLE_SURROGATE
C6|O_LR_ORIGIN|64|FULL|1e-05|0.1|8,SAMPLE_AND_LOGP,0.25,0.05,D_DIRECT,True,1717324.8,835434.35,1717324.8,1717324.8,False,0,0,0,0,True,9,4,False,False,60,False,True,False,True,True,NO_COST_FEASIBLE_SURROGATE
C6|O_LR_ORIGIN|64|FULL|1e-05|0.1|8,SAMPLE_AND_LOGP,0.25,0.05,D_KNOWN_EVENT_LOGP,True,1717324.8,25758.0,1717324.8,1717324.8,False,0,0,0,0,True,267,4,False,False,60,False,True,False,True,True,NO_COST_FEASIBLE_SURROGATE
C6|O_LR_ORIGIN|64|FULL|1e-05|0.1|8,SAMPLE_AND_LOGP,1.0,0.05,D_DIRECT,True,2339227.05,1148232.35,2339227.05,2339227.05,False,0,0,0,0,True,9,4,False,False,60,False,True,False,True,True,NO_COST_FEASIBLE_SURROGATE
C6|O_LR_ORIGIN|64|FULL|1e-05|0.1|8,SAMPLE_AND_LOGP,1.0,0.05,D_KNOWN_EVENT_LOGP,True,2339227.05,101088.0,2339227.05,2339227.05,False,0,0,0,0,True,93,4,False,False,60,False,True,False,True,True,NO_COST_FEASIBLE_SURROGATE
C6|O_LR_ORIGIN|64|FULL|0.01|0.01|8,SAMPLE_AND_LOGP,0.05,0.05,D_DIRECT,True,1551484.2,752021.5499999999,1551484.2,1551484.2,False,0,0,0,0,True,9,4,False,False,60,False,True,False,True,True,NO_COST_FEASIBLE_SURROGATE
C6|O_LR_ORIGIN|64|FULL|0.01|0.01|8,SAMPLE_AND_LOGP,0.05,0.05,D_KNOWN_EVENT_LOGP,True,1551484.2,5670.0,1551484.2,1551484.2,False,0,0,0,0,True,1095,4,False,False,60,False,True,False,True,True,NO_COST_FEASIBLE_SURROGATE
C6|O_LR_ORIGIN|64|FULL|0.01|0.01|8,SAMPLE_AND_LOGP,0.25,0.05,D_DIRECT,True,1717324.8,835434.35,1717324.8,1717324.8,False,0,0,0,0,True,9,4,False,False,60,False,True,False,True,True,NO_COST_FEASIBLE_SURROGATE
C6|O_LR_ORIGIN|64|FULL|0.01|0.01|8,SAMPLE_AND_LOGP,0.25,0.05,D_KNOWN_EVENT_LOGP,True,1717324.8,25758.0,1717324.8,1717324.8,False,0,0,0,0,True,267,4,False,False,60,False,True,False,True,True,NO_COST_FEASIBLE_SURROGATE
C6|O_LR_ORIGIN|64|FULL|0.01|0.01|8,SAMPLE_AND_LOGP,1.0,0.05,D_DIRECT,True,2339227.05,1148232.35,2339227.05,2339227.05,False,0,0,0,0,True,9,4,False,False,60,False,True,False,True,True,NO_COST_FEASIBLE_SURROGATE
C6|O_LR_ORIGIN|64|FULL|0.01|0.01|8,SAMPLE_AND_LOGP,1.0,0.05,D_KNOWN_EVENT_LOGP,True,2339227.05,101088.0,2339227.05,2339227.05,False,0,0,0,0,True,93,4,False,False,60,False,True,False,True,True,NO_COST_FEASIBLE_SURROGATE
C6|O_LR_ORIGIN|64|FULL|0.01|0.1|8,SAMPLE_AND_LOGP,0.05,0.05,D_DIRECT,True,1551484.2,752021.5499999999,1551484.2,1551484.2,False,0,0,0,0,True,9,4,False,False,60,False,True,False,True,True,NO_COST_FEASIBLE_SURROGATE
C6|O_LR_ORIGIN|64|FULL|0.01|0.1|8,SAMPLE_AND_LOGP,0.05,0.05,D_KNOWN_EVENT_LOGP,True,1551484.2,5670.0,1551484.2,1551484.2,False,0,0,0,0,True,1095,4,False,False,60,False,True,False,True,True,NO_COST_FEASIBLE_SURROGATE
C6|O_LR_ORIGIN|64|FULL|0.01|0.1|8,SAMPLE_AND_LOGP,0.25,0.05,D_DIRECT,True,1717324.8,835434.35,1717324.8,1717324.8,False,0,0,0,0,True,9,4,False,False,60,False,True,False,True,True,NO_COST_FEASIBLE_SURROGATE
C6|O_LR_ORIGIN|64|FULL|0.01|0.1|8,SAMPLE_AND_LOGP,0.25,0.05,D_KNOWN_EVENT_LOGP,True,1717324.8,25758.0,1717324.8,1717324.8,False,0,0,0,0,True,267,4,False,False,60,False,True,False,True,True,NO_COST_FEASIBLE_SURROGATE
C6|O_LR_ORIGIN|64|FULL|0.01|0.1|8,SAMPLE_AND_LOGP,1.0,0.05,D_DIRECT,True,2339227.05,1148232.35,2339227.05,2339227.05,False,0,0,0,0,True,9,4,False,False,60,False,True,False,True,True,NO_COST_FEASIBLE_SURROGATE
C6|O_LR_ORIGIN|64|FULL|0.01|0.1|8,SAMPLE_AND_LOGP,1.0,0.05,D_KNOWN_EVENT_LOGP,True,2339227.05,101088.0,2339227.05,2339227.05,False,0,0,0,0,True,93,4,False,False,60,False,True,False,True,True,NO_COST_FEASIBLE_SURROGATE
C2|O_LR_MIX|64|FULL|0.01|0.01|8,SAMPLE_AND_LOGP,0.05,0.05,D_DIRECT,True,2096333.95,1056608.25,2096333.95,2096333.95,False,0,0,0,0,True,8,4,False,False,60,False,True,False,True,True,NO_COST_FEASIBLE_SURROGATE
C2|O_LR_MIX|64|FULL|0.01|0.01|8,SAMPLE_AND_LOGP,0.05,0.05,D_KNOWN_EVENT_LOGP,True,2096333.95,5670.0,2096333.95,2096333.95,False,0,0,0,0,True,1479,4,False,False,60,False,True,False,True,True,NO_COST_FEASIBLE_SURROGATE
C2|O_LR_MIX|64|FULL|0.01|0.01|8,SAMPLE_AND_LOGP,0.25,0.05,D_DIRECT,True,2119145.55,1068105.05,2119145.55,2119145.55,False,0,0,0,0,True,8,4,False,False,60,False,True,False,True,True,NO_COST_FEASIBLE_SURROGATE
C2|O_LR_MIX|64|FULL|0.01|0.01|8,SAMPLE_AND_LOGP,0.25,0.05,D_KNOWN_EVENT_LOGP,True,2119145.55,25758.0,2119145.55,2119145.55,False,0,0,0,0,True,330,4,False,False,60,False,True,False,True,True,NO_COST_FEASIBLE_SURROGATE
C2|O_LR_MIX|64|FULL|0.01|0.01|8,SAMPLE_AND_LOGP,1.0,0.05,D_DIRECT,True,2204689.05,1111218.05,2204689.05,2204689.05,False,0,0,0,0,True,8,4,False,False,60,False,True,False,True,True,NO_COST_FEASIBLE_SURROGATE
C2|O_LR_MIX|64|FULL|0.01|0.01|8,SAMPLE_AND_LOGP,1.0,0.05,D_KNOWN_EVENT_LOGP,True,2204689.05,101088.0,2204689.05,2204689.05,False,0,0,0,0,True,88,4,False,False,60,False,True,False,True,True,NO_COST_FEASIBLE_SURROGATE
C3|O_LR_MIX|64|FULL|1e-05|0.01|8,SAMPLE_AND_LOGP,0.05,0.05,D_DIRECT,True,2096333.95,1056608.25,2096333.95,2096333.95,False,0,0,0,0,True,8,4,False,False,60,False,True,False,True,True,NO_COST_FEASIBLE_SURROGATE
C3|O_LR_MIX|64|FULL|1e-05|0.01|8,SAMPLE_AND_LOGP,0.05,0.05,D_KNOWN_EVENT_LOGP,True,2096333.95,5670.0,2096333.95,2096333.95,False,0,0,0,0,True,1479,4,False,False,60,False,True,False,True,True,NO_COST_FEASIBLE_SURROGATE
C3|O_LR_MIX|64|FULL|1e-05|0.01|8,SAMPLE_AND_LOGP,0.25,0.05,D_DIRECT,True,2119145.55,1068105.05,2119145.55,2119145.55,False,0,0,0,0,True,8,4,False,False,60,False,True,False,True,True,NO_COST_FEASIBLE_SURROGATE
C3|O_LR_MIX|64|FULL|1e-05|0.01|8,SAMPLE_AND_LOGP,0.25,0.05,D_KNOWN_EVENT_LOGP,True,2119145.55,25758.0,2119145.55,2119145.55,False,0,0,0,0,True,330,4,False,False,60,False,True,False,True,True,NO_COST_FEASIBLE_SURROGATE
C3|O_LR_MIX|64|FULL|1e-05|0.01|8,SAMPLE_AND_LOGP,1.0,0.05,D_DIRECT,True,2204689.05,1111218.05,2204689.05,2204689.05,False,0,0,0,0,True,8,4,False,False,60,False,True,False,True,True,NO_COST_FEASIBLE_SURROGATE
C3|O_LR_MIX|64|FULL|1e-05|0.01|8,SAMPLE_AND_LOGP,1.0,0.05,D_KNOWN_EVENT_LOGP,True,2204689.05,101088.0,2204689.05,2204689.05,False,0,0,0,0,True,88,4,False,False,60,False,True,False,True,True,NO_COST_FEASIBLE_SURROGATE
C3|O_LR_MIX|64|FULL|1e-05|0.1|8,SAMPLE_AND_LOGP,0.05,0.05,D_DIRECT,True,2096333.95,1056608.25,2096333.95,2096333.95,False,0,0,0,0,True,8,4,False,False,60,False,True,False,True,True,NO_COST_FEASIBLE_SURROGATE
C3|O_LR_MIX|64|FULL|1e-05|0.1|8,SAMPLE_AND_LOGP,0.05,0.05,D_KNOWN_EVENT_LOGP,True,2096333.95,5670.0,2096333.95,2096333.95,False,0,0,0,0,True,1479,4,False,False,60,False,True,False,True,True,NO_COST_FEASIBLE_SURROGATE
C3|O_LR_MIX|64|FULL|1e-05|0.1|8,SAMPLE_AND_LOGP,0.25,0.05,D_DIRECT,True,2119145.55,1068105.05,2119145.55,2119145.55,False,0,0,0,0,True,8,4,False,False,60,False,True,False,True,True,NO_COST_FEASIBLE_SURROGATE
C3|O_LR_MIX|64|FULL|1e-05|0.1|8,SAMPLE_AND_LOGP,0.25,0.05,D_KNOWN_EVENT_LOGP,True,2119145.55,25758.0,2119145.55,2119145.55,False,0,0,0,0,True,330,4,False,False,60,False,True,False,True,True,NO_COST_FEASIBLE_SURROGATE
C3|O_LR_MIX|64|FULL|1e-05|0.1|8,SAMPLE_AND_LOGP,1.0,0.05,D_DIRECT,True,2204689.05,1111218.05,2204689.05,2204689.05,False,0,0,0,0,True,8,4,False,False,60,False,True,False,True,True,NO_COST_FEASIBLE_SURROGATE
C3|O_LR_MIX|64|FULL|1e-05|0.1|8,SAMPLE_AND_LOGP,1.0,0.05,D_KNOWN_EVENT_LOGP,True,2204689.05,101088.0,2204689.05,2204689.05,False,0,0,0,0,True,88,4,False,False,60,False,True,False,True,True,NO_COST_FEASIBLE_SURROGATE
C3|O_LR_MIX|64|FULL|0.01|0.01|8,SAMPLE_AND_LOGP,0.05,0.05,D_DIRECT,True,2096333.95,1056608.25,2096333.95,2096333.95,False,0,0,0,0,True,8,4,False,False,60,False,True,False,True,True,NO_COST_FEASIBLE_SURROGATE
C3|O_LR_MIX|64|FULL|0.01|0.01|8,SAMPLE_AND_LOGP,0.05,0.05,D_KNOWN_EVENT_LOGP,True,2096333.95,5670.0,2096333.95,2096333.95,False,0,0,0,0,True,1479,4,False,False,60,False,True,False,True,True,NO_COST_FEASIBLE_SURROGATE
C3|O_LR_MIX|64|FULL|0.01|0.01|8,SAMPLE_AND_LOGP,0.25,0.05,D_DIRECT,True,2119145.55,1068105.05,2119145.55,2119145.55,False,0,0,0,0,True,8,4,False,False,60,False,True,False,True,True,NO_COST_FEASIBLE_SURROGATE
C3|O_LR_MIX|64|FULL|0.01|0.01|8,SAMPLE_AND_LOGP,0.25,0.05,D_KNOWN_EVENT_LOGP,True,2119145.55,25758.0,2119145.55,2119145.55,False,0,0,0,0,True,330,4,False,False,60,False,True,False,True,True,NO_COST_FEASIBLE_SURROGATE
C3|O_LR_MIX|64|FULL|0.01|0.01|8,SAMPLE_AND_LOGP,1.0,0.05,D_DIRECT,True,2204689.05,1111218.05,2204689.05,2204689.05,False,0,0,0,0,True,8,4,False,False,60,False,True,False,True,True,NO_COST_FEASIBLE_SURROGATE
C3|O_LR_MIX|64|FULL|0.01|0.01|8,SAMPLE_AND_LOGP,1.0,0.05,D_KNOWN_EVENT_LOGP,True,2204689.05,101088.0,2204689.05,2204689.05,False,0,0,0,0,True,88,4,False,False,60,False,True,False,True,True,NO_COST_FEASIBLE_SURROGATE
C3|O_LR_MIX|64|FULL|0.01|0.1|8,SAMPLE_AND_LOGP,0.05,0.05,D_DIRECT,True,2096333.95,1056608.25,2096333.95,2096333.95,False,0,0,0,0,True,8,4,False,False,60,False,True,False,True,True,NO_COST_FEASIBLE_SURROGATE
C3|O_LR_MIX|64|FULL|0.01|0.1|8,SAMPLE_AND_LOGP,0.05,0.05,D_KNOWN_EVENT_LOGP,True,2096333.95,5670.0,2096333.95,2096333.95,False,0,0,0,0,True,1479,4,False,False,60,False,True,False,True,True,NO_COST_FEASIBLE_SURROGATE
C3|O_LR_MIX|64|FULL|0.01|0.1|8,SAMPLE_AND_LOGP,0.25,0.05,D_DIRECT,True,2119145.55,1068105.05,2119145.55,2119145.55,False,0,0,0,0,True,8,4,False,False,60,False,True,False,True,True,NO_COST_FEASIBLE_SURROGATE
C3|O_LR_MIX|64|FULL|0.01|0.1|8,SAMPLE_AND_LOGP,0.25,0.05,D_KNOWN_EVENT_LOGP,True,2119145.55,25758.0,2119145.55,2119145.55,False,0,0,0,0,True,330,4,False,False,60,False,True,False,True,True,NO_COST_FEASIBLE_SURROGATE
C3|O_LR_MIX|64|FULL|0.01|0.1|8,SAMPLE_AND_LOGP,1.0,0.05,D_DIRECT,True,2204689.05,1111218.05,2204689.05,2204689.05,False,0,0,0,0,True,8,4,False,False,60,False,True,False,True,True,NO_COST_FEASIBLE_SURROGATE
C3|O_LR_MIX|64|FULL|0.01|0.1|8,SAMPLE_AND_LOGP,1.0,0.05,D_KNOWN_EVENT_LOGP,True,2204689.05,101088.0,2204689.05,2204689.05,False,0,0,0,0,True,88,4,False,False,60,False,True,False,True,True,NO_COST_FEASIBLE_SURROGATE
C4_PCA|O_LR_MIX|64|1|1e-05|0.01|8,SAMPLE_AND_LOGP,0.05,0.05,D_DIRECT,True,2096333.95,1056608.25,2096333.95,2096333.95,False,0,0,0,0,True,8,4,False,False,60,False,True,False,True,True,NO_COST_FEASIBLE_SURROGATE
C4_PCA|O_LR_MIX|64|1|1e-05|0.01|8,SAMPLE_AND_LOGP,0.05,0.05,D_KNOWN_EVENT_LOGP,True,2096333.95,5670.0,2096333.95,2096333.95,False,0,0,0,0,True,1479,4,False,False,60,False,True,False,True,True,NO_COST_FEASIBLE_SURROGATE
C4_PCA|O_LR_MIX|64|1|1e-05|0.01|8,SAMPLE_AND_LOGP,0.25,0.05,D_DIRECT,True,2119145.55,1068105.05,2119145.55,2119145.55,False,0,0,0,0,True,8,4,False,False,60,False,True,False,True,True,NO_COST_FEASIBLE_SURROGATE
C4_PCA|O_LR_MIX|64|1|1e-05|0.01|8,SAMPLE_AND_LOGP,0.25,0.05,D_KNOWN_EVENT_LOGP,True,2119145.55,25758.0,2119145.55,2119145.55,False,0,0,0,0,True,330,4,False,False,60,False,True,False,True,True,NO_COST_FEASIBLE_SURROGATE
C4_PCA|O_LR_MIX|64|1|1e-05|0.01|8,SAMPLE_AND_LOGP,1.0,0.05,D_DIRECT,True,2204689.05,1111218.05,2204689.05,2204689.05,False,0,0,0,0,True,8,4,False,False,60,False,True,False,True,True,NO_COST_FEASIBLE_SURROGATE
C4_PCA|O_LR_MIX|64|1|1e-05|0.01|8,SAMPLE_AND_LOGP,1.0,0.05,D_KNOWN_EVENT_LOGP,True,2204689.05,101088.0,2204689.05,2204689.05,False,0,0,0,0,True,88,4,False,False,60,False,True,False,True,True,NO_COST_FEASIBLE_SURROGATE
C4_PCA|O_LR_MIX|64|1|0.01|0.01|8,SAMPLE_AND_LOGP,0.05,0.05,D_DIRECT,True,2096333.95,1056608.25,2096333.95,2096333.95,False,0,0,0,0,True,8,4,False,False,60,False,True,False,True,True,NO_COST_FEASIBLE_SURROGATE
C4_PCA|O_LR_MIX|64|1|0.01|0.01|8,SAMPLE_AND_LOGP,0.05,0.05,D_KNOWN_EVENT_LOGP,True,2096333.95,5670.0,2096333.95,2096333.95,False,0,0,0,0,True,1479,4,False,False,60,False,True,False,True,True,NO_COST_FEASIBLE_SURROGATE
C4_PCA|O_LR_MIX|64|1|0.01|0.01|8,SAMPLE_AND_LOGP,0.25,0.05,D_DIRECT,True,2119145.55,1068105.05,2119145.55,2119145.55,False,0,0,0,0,True,8,4,False,False,60,False,True,False,True,True,NO_COST_FEASIBLE_SURROGATE
C4_PCA|O_LR_MIX|64|1|0.01|0.01|8,SAMPLE_AND_LOGP,0.25,0.05,D_KNOWN_EVENT_LOGP,True,2119145.55,25758.0,2119145.55,2119145.55,False,0,0,0,0,True,330,4,False,False,60,False,True,False,True,True,NO_COST_FEASIBLE_SURROGATE
C4_PCA|O_LR_MIX|64|1|0.01|0.01|8,SAMPLE_AND_LOGP,1.0,0.05,D_DIRECT,True,2204689.05,1111218.05,2204689.05,2204689.05,False,0,0,0,0,True,8,4,False,False,60,False,True,False,True,True,NO_COST_FEASIBLE_SURROGATE
C4_PCA|O_LR_MIX|64|1|0.01|0.01|8,SAMPLE_AND_LOGP,1.0,0.05,D_KNOWN_EVENT_LOGP,True,2204689.05,101088.0,2204689.05,2204689.05,False,0,0,0,0,True,88,4,False,False,60,False,True,False,True,True,NO_COST_FEASIBLE_SURROGATE
C4_PCA|O_LR_MIX|64|2|1e-05|0.01|8,SAMPLE_AND_LOGP,0.05,0.05,D_DIRECT,True,2096333.95,1056608.25,2096333.95,2096333.95,False,0,0,0,0,True,8,4,False,False,60,False,True,False,True,True,NO_COST_FEASIBLE_SURROGATE
C4_PCA|O_LR_MIX|64|2|1e-05|0.01|8,SAMPLE_AND_LOGP,0.05,0.05,D_KNOWN_EVENT_LOGP,True,2096333.95,5670.0,2096333.95,2096333.95,False,0,0,0,0,True,1479,4,False,False,60,False,True,False,True,True,NO_COST_FEASIBLE_SURROGATE
C4_PCA|O_LR_MIX|64|2|1e-05|0.01|8,SAMPLE_AND_LOGP,0.25,0.05,D_DIRECT,True,2119145.55,1068105.05,2119145.55,2119145.55,False,0,0,0,0,True,8,4,False,False,60,False,True,False,True,True,NO_COST_FEASIBLE_SURROGATE
C4_PCA|O_LR_MIX|64|2|1e-05|0.01|8,SAMPLE_AND_LOGP,0.25,0.05,D_KNOWN_EVENT_LOGP,True,2119145.55,25758.0,2119145.55,2119145.55,False,0,0,0,0,True,330,4,False,False,60,False,True,False,True,True,NO_COST_FEASIBLE_SURROGATE
C4_PCA|O_LR_MIX|64|2|1e-05|0.01|8,SAMPLE_AND_LOGP,1.0,0.05,D_DIRECT,True,2204689.05,1111218.05,2204689.05,2204689.05,False,0,0,0,0,True,8,4,False,False,60,False,True,False,True,True,NO_COST_FEASIBLE_SURROGATE
C4_PCA|O_LR_MIX|64|2|1e-05|0.01|8,SAMPLE_AND_LOGP,1.0,0.05,D_KNOWN_EVENT_LOGP,True,2204689.05,101088.0,2204689.05,2204689.05,False,0,0,0,0,True,88,4,False,False,60,False,True,False,True,True,NO_COST_FEASIBLE_SURROGATE
C4_PCA|O_LR_MIX|64|2|0.01|0.01|8,SAMPLE_AND_LOGP,0.05,0.05,D_DIRECT,True,2096333.95,1056608.25,2096333.95,2096333.95,False,0,0,0,0,True,8,4,False,False,60,False,True,False,True,True,NO_COST_FEASIBLE_SURROGATE
C4_PCA|O_LR_MIX|64|2|0.01|0.01|8,SAMPLE_AND_LOGP,0.05,0.05,D_KNOWN_EVENT_LOGP,True,2096333.95,5670.0,2096333.95,2096333.95,False,0,0,0,0,True,1479,4,False,False,60,False,True,False,True,True,NO_COST_FEASIBLE_SURROGATE
C4_PCA|O_LR_MIX|64|2|0.01|0.01|8,SAMPLE_AND_LOGP,0.25,0.05,D_DIRECT,True,2119145.55,1068105.05,2119145.55,2119145.55,False,0,0,0,0,True,8,4,False,False,60,False,True,False,True,True,NO_COST_FEASIBLE_SURROGATE
C4_PCA|O_LR_MIX|64|2|0.01|0.01|8,SAMPLE_AND_LOGP,0.25,0.05,D_KNOWN_EVENT_LOGP,True,2119145.55,25758.0,2119145.55,2119145.55,False,0,0,0,0,True,330,4,False,False,60,False,True,False,True,True,NO_COST_FEASIBLE_SURROGATE
C4_PCA|O_LR_MIX|64|2|0.01|0.01|8,SAMPLE_AND_LOGP,1.0,0.05,D_DIRECT,True,2204689.05,1111218.05,2204689.05,2204689.05,False,0,0,0,0,True,8,4,False,False,60,False,True,False,True,True,NO_COST_FEASIBLE_SURROGATE
C4_PCA|O_LR_MIX|64|2|0.01|0.01|8,SAMPLE_AND_LOGP,1.0,0.05,D_KNOWN_EVENT_LOGP,True,2204689.05,101088.0,2204689.05,2204689.05,False,0,0,0,0,True,88,4,False,False,60,False,True,False,True,True,NO_COST_FEASIBLE_SURROGATE
C4_PCA|O_LR_MIX|64|4|1e-05|0.01|8,SAMPLE_AND_LOGP,0.05,0.05,D_DIRECT,True,2096333.95,1056608.25,2096333.95,2096333.95,False,0,0,0,0,True,8,4,False,False,60,False,True,False,True,True,NO_COST_FEASIBLE_SURROGATE
C4_PCA|O_LR_MIX|64|4|1e-05|0.01|8,SAMPLE_AND_LOGP,0.05,0.05,D_KNOWN_EVENT_LOGP,True,2096333.95,5670.0,2096333.95,2096333.95,False,0,0,0,0,True,1479,4,False,False,60,False,True,False,True,True,NO_COST_FEASIBLE_SURROGATE
C4_PCA|O_LR_MIX|64|4|1e-05|0.01|8,SAMPLE_AND_LOGP,0.25,0.05,D_DIRECT,True,2119145.55,1068105.05,2119145.55,2119145.55,False,0,0,0,0,True,8,4,False,False,60,False,True,False,True,True,NO_COST_FEASIBLE_SURROGATE
C4_PCA|O_LR_MIX|64|4|1e-05|0.01|8,SAMPLE_AND_LOGP,0.25,0.05,D_KNOWN_EVENT_LOGP,True,2119145.55,25758.0,2119145.55,2119145.55,False,0,0,0,0,True,330,4,False,False,60,False,True,False,True,True,NO_COST_FEASIBLE_SURROGATE
C4_PCA|O_LR_MIX|64|4|1e-05|0.01|8,SAMPLE_AND_LOGP,1.0,0.05,D_DIRECT,True,2204689.05,1111218.05,2204689.05,2204689.05,False,0,0,0,0,True,8,4,False,False,60,False,True,False,True,True,NO_COST_FEASIBLE_SURROGATE
C4_PCA|O_LR_MIX|64|4|1e-05|0.01|8,SAMPLE_AND_LOGP,1.0,0.05,D_KNOWN_EVENT_LOGP,True,2204689.05,101088.0,2204689.05,2204689.05,False,0,0,0,0,True,88,4,False,False,60,False,True,False,True,True,NO_COST_FEASIBLE_SURROGATE
C4_PCA|O_LR_MIX|64|4|0.01|0.01|8,SAMPLE_AND_LOGP,0.05,0.05,D_DIRECT,True,2096333.95,1056608.25,2096333.95,2096333.95,False,0,0,0,0,True,8,4,False,False,60,False,True,False,True,True,NO_COST_FEASIBLE_SURROGATE
C4_PCA|O_LR_MIX|64|4|0.01|0.01|8,SAMPLE_AND_LOGP,0.05,0.05,D_KNOWN_EVENT_LOGP,True,2096333.95,5670.0,2096333.95,2096333.95,False,0,0,0,0,True,1479,4,False,False,60,False,True,False,True,True,NO_COST_FEASIBLE_SURROGATE
C4_PCA|O_LR_MIX|64|4|0.01|0.01|8,SAMPLE_AND_LOGP,0.25,0.05,D_DIRECT,True,2119145.55,1068105.05,2119145.55,2119145.55,False,0,0,0,0,True,8,4,False,False,60,False,True,False,True,True,NO_COST_FEASIBLE_SURROGATE
C4_PCA|O_LR_MIX|64|4|0.01|0.01|8,SAMPLE_AND_LOGP,0.25,0.05,D_KNOWN_EVENT_LOGP,True,2119145.55,25758.0,2119145.55,2119145.55,False,0,0,0,0,True,330,4,False,False,60,False,True,False,True,True,NO_COST_FEASIBLE_SURROGATE
C4_PCA|O_LR_MIX|64|4|0.01|0.01|8,SAMPLE_AND_LOGP,1.0,0.05,D_DIRECT,True,2204689.05,1111218.05,2204689.05,2204689.05,False,0,0,0,0,True,8,4,False,False,60,False,True,False,True,True,NO_COST_FEASIBLE_SURROGATE
C4_PCA|O_LR_MIX|64|4|0.01|0.01|8,SAMPLE_AND_LOGP,1.0,0.05,D_KNOWN_EVENT_LOGP,True,2204689.05,101088.0,2204689.05,2204689.05,False,0,0,0,0,True,88,4,False,False,60,False,True,False,True,True,NO_COST_FEASIBLE_SURROGATE
C4_PCA|O_LR_MIX|64|FULL|1e-05|0.01|8,SAMPLE_AND_LOGP,0.05,0.05,D_DIRECT,True,2096333.95,1056608.25,2096333.95,2096333.95,False,0,0,0,0,True,8,4,False,False,60,False,True,False,True,True,NO_COST_FEASIBLE_SURROGATE
C4_PCA|O_LR_MIX|64|FULL|1e-05|0.01|8,SAMPLE_AND_LOGP,0.05,0.05,D_KNOWN_EVENT_LOGP,True,2096333.95,5670.0,2096333.95,2096333.95,False,0,0,0,0,True,1479,4,False,False,60,False,True,False,True,True,NO_COST_FEASIBLE_SURROGATE
C4_PCA|O_LR_MIX|64|FULL|1e-05|0.01|8,SAMPLE_AND_LOGP,0.25,0.05,D_DIRECT,True,2119145.55,1068105.05,2119145.55,2119145.55,False,0,0,0,0,True,8,4,False,False,60,False,True,False,True,True,NO_COST_FEASIBLE_SURROGATE
C4_PCA|O_LR_MIX|64|FULL|1e-05|0.01|8,SAMPLE_AND_LOGP,0.25,0.05,D_KNOWN_EVENT_LOGP,True,2119145.55,25758.0,2119145.55,2119145.55,False,0,0,0,0,True,330,4,False,False,60,False,True,False,True,True,NO_COST_FEASIBLE_SURROGATE
C4_PCA|O_LR_MIX|64|FULL|1e-05|0.01|8,SAMPLE_AND_LOGP,1.0,0.05,D_DIRECT,True,2204689.05,1111218.05,2204689.05,2204689.05,False,0,0,0,0,True,8,4,False,False,60,False,True,False,True,True,NO_COST_FEASIBLE_SURROGATE
C4_PCA|O_LR_MIX|64|FULL|1e-05|0.01|8,SAMPLE_AND_LOGP,1.0,0.05,D_KNOWN_EVENT_LOGP,True,2204689.05,101088.0,2204689.05,2204689.05,False,0,0,0,0,True,88,4,False,False,60,False,True,False,True,True,NO_COST_FEASIBLE_SURROGATE
C4_PCA|O_LR_MIX|64|FULL|0.01|0.01|8,SAMPLE_AND_LOGP,0.05,0.05,D_DIRECT,True,2096333.95,1056608.25,2096333.95,2096333.95,False,0,0,0,0,True,8,4,False,False,60,False,True,False,True,True,NO_COST_FEASIBLE_SURROGATE
C4_PCA|O_LR_MIX|64|FULL|0.01|0.01|8,SAMPLE_AND_LOGP,0.05,0.05,D_KNOWN_EVENT_LOGP,True,2096333.95,5670.0,2096333.95,2096333.95,False,0,0,0,0,True,1479,4,False,False,60,False,True,False,True,True,NO_COST_FEASIBLE_SURROGATE
C4_PCA|O_LR_MIX|64|FULL|0.01|0.01|8,SAMPLE_AND_LOGP,0.25,0.05,D_DIRECT,True,2119145.55,1068105.05,2119145.55,2119145.55,False,0,0,0,0,True,8,4,False,False,60,False,True,False,True,True,NO_COST_FEASIBLE_SURROGATE
C4_PCA|O_LR_MIX|64|FULL|0.01|0.01|8,SAMPLE_AND_LOGP,0.25,0.05,D_KNOWN_EVENT_LOGP,True,2119145.55,25758.0,2119145.55,2119145.55,False,0,0,0,0,True,330,4,False,False,60,False,True,False,True,True,NO_COST_FEASIBLE_SURROGATE
C4_PCA|O_LR_MIX|64|FULL|0.01|0.01|8,SAMPLE_AND_LOGP,1.0,0.05,D_DIRECT,True,2204689.05,1111218.05,2204689.05,2204689.05,False,0,0,0,0,True,8,4,False,False,60,False,True,False,True,True,NO_COST_FEASIBLE_SURROGATE
C4_PCA|O_LR_MIX|64|FULL|0.01|0.01|8,SAMPLE_AND_LOGP,1.0,0.05,D_KNOWN_EVENT_LOGP,True,2204689.05,101088.0,2204689.05,2204689.05,False,0,0,0,0,True,88,4,False,False,60,False,True,False,True,True,NO_COST_FEASIBLE_SURROGATE
C4_RANDOM|O_LR_MIX|64|1|1e-05|0.01|8,SAMPLE_AND_LOGP,0.05,0.05,D_DIRECT,True,2096333.95,1056608.25,2096333.95,2096333.95,False,0,0,0,0,True,8,4,False,False,60,False,True,False,True,True,NO_COST_FEASIBLE_SURROGATE
C4_RANDOM|O_LR_MIX|64|1|1e-05|0.01|8,SAMPLE_AND_LOGP,0.05,0.05,D_KNOWN_EVENT_LOGP,True,2096333.95,5670.0,2096333.95,2096333.95,False,0,0,0,0,True,1479,4,False,False,60,False,True,False,True,True,NO_COST_FEASIBLE_SURROGATE
C4_RANDOM|O_LR_MIX|64|1|1e-05|0.01|8,SAMPLE_AND_LOGP,0.25,0.05,D_DIRECT,True,2119145.55,1068105.05,2119145.55,2119145.55,False,0,0,0,0,True,8,4,False,False,60,False,True,False,True,True,NO_COST_FEASIBLE_SURROGATE
C4_RANDOM|O_LR_MIX|64|1|1e-05|0.01|8,SAMPLE_AND_LOGP,0.25,0.05,D_KNOWN_EVENT_LOGP,True,2119145.55,25758.0,2119145.55,2119145.55,False,0,0,0,0,True,330,4,False,False,60,False,True,False,True,True,NO_COST_FEASIBLE_SURROGATE
C4_RANDOM|O_LR_MIX|64|1|1e-05|0.01|8,SAMPLE_AND_LOGP,1.0,0.05,D_DIRECT,True,2204689.05,1111218.05,2204689.05,2204689.05,False,0,0,0,0,True,8,4,False,False,60,False,True,False,True,True,NO_COST_FEASIBLE_SURROGATE
C4_RANDOM|O_LR_MIX|64|1|1e-05|0.01|8,SAMPLE_AND_LOGP,1.0,0.05,D_KNOWN_EVENT_LOGP,True,2204689.05,101088.0,2204689.05,2204689.05,False,0,0,0,0,True,88,4,False,False,60,False,True,False,True,True,NO_COST_FEASIBLE_SURROGATE
C4_RANDOM|O_LR_MIX|64|1|0.01|0.01|8,SAMPLE_AND_LOGP,0.05,0.05,D_DIRECT,True,2096333.95,1056608.25,2096333.95,2096333.95,False,0,0,0,0,True,8,4,False,False,60,False,True,False,True,True,NO_COST_FEASIBLE_SURROGATE
C4_RANDOM|O_LR_MIX|64|1|0.01|0.01|8,SAMPLE_AND_LOGP,0.05,0.05,D_KNOWN_EVENT_LOGP,True,2096333.95,5670.0,2096333.95,2096333.95,False,0,0,0,0,True,1479,4,False,False,60,False,True,False,True,True,NO_COST_FEASIBLE_SURROGATE
C4_RANDOM|O_LR_MIX|64|1|0.01|0.01|8,SAMPLE_AND_LOGP,0.25,0.05,D_DIRECT,True,2119145.55,1068105.05,2119145.55,2119145.55,False,0,0,0,0,True,8,4,False,False,60,False,True,False,True,True,NO_COST_FEASIBLE_SURROGATE
C4_RANDOM|O_LR_MIX|64|1|0.01|0.01|8,SAMPLE_AND_LOGP,0.25,0.05,D_KNOWN_EVENT_LOGP,True,2119145.55,25758.0,2119145.55,2119145.55,False,0,0,0,0,True,330,4,False,False,60,False,True,False,True,True,NO_COST_FEASIBLE_SURROGATE
C4_RANDOM|O_LR_MIX|64|1|0.01|0.01|8,SAMPLE_AND_LOGP,1.0,0.05,D_DIRECT,True,2204689.05,1111218.05,2204689.05,2204689.05,False,0,0,0,0,True,8,4,False,False,60,False,True,False,True,True,NO_COST_FEASIBLE_SURROGATE
C4_RANDOM|O_LR_MIX|64|1|0.01|0.01|8,SAMPLE_AND_LOGP,1.0,0.05,D_KNOWN_EVENT_LOGP,True,2204689.05,101088.0,2204689.05,2204689.05,False,0,0,0,0,True,88,4,False,False,60,False,True,False,True,True,NO_COST_FEASIBLE_SURROGATE
C4_RANDOM|O_LR_MIX|64|2|1e-05|0.01|8,SAMPLE_AND_LOGP,0.05,0.05,D_DIRECT,True,2096333.95,1056608.25,2096333.95,2096333.95,False,0,0,0,0,True,8,4,False,False,60,False,True,False,True,True,NO_COST_FEASIBLE_SURROGATE
C4_RANDOM|O_LR_MIX|64|2|1e-05|0.01|8,SAMPLE_AND_LOGP,0.05,0.05,D_KNOWN_EVENT_LOGP,True,2096333.95,5670.0,2096333.95,2096333.95,False,0,0,0,0,True,1479,4,False,False,60,False,True,False,True,True,NO_COST_FEASIBLE_SURROGATE
C4_RANDOM|O_LR_MIX|64|2|1e-05|0.01|8,SAMPLE_AND_LOGP,0.25,0.05,D_DIRECT,True,2119145.55,1068105.05,2119145.55,2119145.55,False,0,0,0,0,True,8,4,False,False,60,False,True,False,True,True,NO_COST_FEASIBLE_SURROGATE
C4_RANDOM|O_LR_MIX|64|2|1e-05|0.01|8,SAMPLE_AND_LOGP,0.25,0.05,D_KNOWN_EVENT_LOGP,True,2119145.55,25758.0,2119145.55,2119145.55,False,0,0,0,0,True,330,4,False,False,60,False,True,False,True,True,NO_COST_FEASIBLE_SURROGATE
C4_RANDOM|O_LR_MIX|64|2|1e-05|0.01|8,SAMPLE_AND_LOGP,1.0,0.05,D_DIRECT,True,2204689.05,1111218.05,2204689.05,2204689.05,False,0,0,0,0,True,8,4,False,False,60,False,True,False,True,True,NO_COST_FEASIBLE_SURROGATE
C4_RANDOM|O_LR_MIX|64|2|1e-05|0.01|8,SAMPLE_AND_LOGP,1.0,0.05,D_KNOWN_EVENT_LOGP,True,2204689.05,101088.0,2204689.05,2204689.05,False,0,0,0,0,True,88,4,False,False,60,False,True,False,True,True,NO_COST_FEASIBLE_SURROGATE
C4_RANDOM|O_LR_MIX|64|2|0.01|0.01|8,SAMPLE_AND_LOGP,0.05,0.05,D_DIRECT,True,2096333.95,1056608.25,2096333.95,2096333.95,False,0,0,0,0,True,8,4,False,False,60,False,True,False,True,True,NO_COST_FEASIBLE_SURROGATE
C4_RANDOM|O_LR_MIX|64|2|0.01|0.01|8,SAMPLE_AND_LOGP,0.05,0.05,D_KNOWN_EVENT_LOGP,True,2096333.95,5670.0,2096333.95,2096333.95,False,0,0,0,0,True,1479,4,False,False,60,False,True,False,True,True,NO_COST_FEASIBLE_SURROGATE
C4_RANDOM|O_LR_MIX|64|2|0.01|0.01|8,SAMPLE_AND_LOGP,0.25,0.05,D_DIRECT,True,2119145.55,1068105.05,2119145.55,2119145.55,False,0,0,0,0,True,8,4,False,False,60,False,True,False,True,True,NO_COST_FEASIBLE_SURROGATE
C4_RANDOM|O_LR_MIX|64|2|0.01|0.01|8,SAMPLE_AND_LOGP,0.25,0.05,D_KNOWN_EVENT_LOGP,True,2119145.55,25758.0,2119145.55,2119145.55,False,0,0,0,0,True,330,4,False,False,60,False,True,False,True,True,NO_COST_FEASIBLE_SURROGATE
C4_RANDOM|O_LR_MIX|64|2|0.01|0.01|8,SAMPLE_AND_LOGP,1.0,0.05,D_DIRECT,True,2204689.05,1111218.05,2204689.05,2204689.05,False,0,0,0,0,True,8,4,False,False,60,False,True,False,True,True,NO_COST_FEASIBLE_SURROGATE
C4_RANDOM|O_LR_MIX|64|2|0.01|0.01|8,SAMPLE_AND_LOGP,1.0,0.05,D_KNOWN_EVENT_LOGP,True,2204689.05,101088.0,2204689.05,2204689.05,False,0,0,0,0,True,88,4,False,False,60,False,True,False,True,True,NO_COST_FEASIBLE_SURROGATE
C4_RANDOM|O_LR_MIX|64|4|1e-05|0.01|8,SAMPLE_AND_LOGP,0.05,0.05,D_DIRECT,True,2096333.95,1056608.25,2096333.95,2096333.95,False,0,0,0,0,True,8,4,False,False,60,False,True,False,True,True,NO_COST_FEASIBLE_SURROGATE
C4_RANDOM|O_LR_MIX|64|4|1e-05|0.01|8,SAMPLE_AND_LOGP,0.05,0.05,D_KNOWN_EVENT_LOGP,True,2096333.95,5670.0,2096333.95,2096333.95,False,0,0,0,0,True,1479,4,False,False,60,False,True,False,True,True,NO_COST_FEASIBLE_SURROGATE
C4_RANDOM|O_LR_MIX|64|4|1e-05|0.01|8,SAMPLE_AND_LOGP,0.25,0.05,D_DIRECT,True,2119145.55,1068105.05,2119145.55,2119145.55,False,0,0,0,0,True,8,4,False,False,60,False,True,False,True,True,NO_COST_FEASIBLE_SURROGATE
C4_RANDOM|O_LR_MIX|64|4|1e-05|0.01|8,SAMPLE_AND_LOGP,0.25,0.05,D_KNOWN_EVENT_LOGP,True,2119145.55,25758.0,2119145.55,2119145.55,False,0,0,0,0,True,330,4,False,False,60,False,True,False,True,True,NO_COST_FEASIBLE_SURROGATE
C4_RANDOM|O_LR_MIX|64|4|1e-05|0.01|8,SAMPLE_AND_LOGP,1.0,0.05,D_DIRECT,True,2204689.05,1111218.05,2204689.05,2204689.05,False,0,0,0,0,True,8,4,False,False,60,False,True,False,True,True,NO_COST_FEASIBLE_SURROGATE
C4_RANDOM|O_LR_MIX|64|4|1e-05|0.01|8,SAMPLE_AND_LOGP,1.0,0.05,D_KNOWN_EVENT_LOGP,True,2204689.05,101088.0,2204689.05,2204689.05,False,0,0,0,0,True,88,4,False,False,60,False,True,False,True,True,NO_COST_FEASIBLE_SURROGATE
C4_RANDOM|O_LR_MIX|64|4|0.01|0.01|8,SAMPLE_AND_LOGP,0.05,0.05,D_DIRECT,True,2096333.95,1056608.25,2096333.95,2096333.95,False,0,0,0,0,True,8,4,False,False,60,False,True,False,True,True,NO_COST_FEASIBLE_SURROGATE
C4_RANDOM|O_LR_MIX|64|4|0.01|0.01|8,SAMPLE_AND_LOGP,0.05,0.05,D_KNOWN_EVENT_LOGP,True,2096333.95,5670.0,2096333.95,2096333.95,False,0,0,0,0,True,1479,4,False,False,60,False,True,False,True,True,NO_COST_FEASIBLE_SURROGATE
C4_RANDOM|O_LR_MIX|64|4|0.01|0.01|8,SAMPLE_AND_LOGP,0.25,0.05,D_DIRECT,True,2119145.55,1068105.05,2119145.55,2119145.55,False,0,0,0,0,True,8,4,False,False,60,False,True,False,True,True,NO_COST_FEASIBLE_SURROGATE
C4_RANDOM|O_LR_MIX|64|4|0.01|0.01|8,SAMPLE_AND_LOGP,0.25,0.05,D_KNOWN_EVENT_LOGP,True,2119145.55,25758.0,2119145.55,2119145.55,False,0,0,0,0,True,330,4,False,False,60,False,True,False,True,True,NO_COST_FEASIBLE_SURROGATE
C4_RANDOM|O_LR_MIX|64|4|0.01|0.01|8,SAMPLE_AND_LOGP,1.0,0.05,D_DIRECT,True,2204689.05,1111218.05,2204689.05,2204689.05,False,0,0,0,0,True,8,4,False,False,60,False,True,False,True,True,NO_COST_FEASIBLE_SURROGATE
C4_RANDOM|O_LR_MIX|64|4|0.01|0.01|8,SAMPLE_AND_LOGP,1.0,0.05,D_KNOWN_EVENT_LOGP,True,2204689.05,101088.0,2204689.05,2204689.05,False,0,0,0,0,True,88,4,False,False,60,False,True,False,True,True,NO_COST_FEASIBLE_SURROGATE
C4_RANDOM|O_LR_MIX|64|FULL|1e-05|0.01|8,SAMPLE_AND_LOGP,0.05,0.05,D_DIRECT,True,2096333.95,1056608.25,2096333.95,2096333.95,False,0,0,0,0,True,8,4,False,False,60,False,True,False,True,True,NO_COST_FEASIBLE_SURROGATE
C4_RANDOM|O_LR_MIX|64|FULL|1e-05|0.01|8,SAMPLE_AND_LOGP,0.05,0.05,D_KNOWN_EVENT_LOGP,True,2096333.95,5670.0,2096333.95,2096333.95,False,0,0,0,0,True,1479,4,False,False,60,False,True,False,True,True,NO_COST_FEASIBLE_SURROGATE
C4_RANDOM|O_LR_MIX|64|FULL|1e-05|0.01|8,SAMPLE_AND_LOGP,0.25,0.05,D_DIRECT,True,2119145.55,1068105.05,2119145.55,2119145.55,False,0,0,0,0,True,8,4,False,False,60,False,True,False,True,True,NO_COST_FEASIBLE_SURROGATE
C4_RANDOM|O_LR_MIX|64|FULL|1e-05|0.01|8,SAMPLE_AND_LOGP,0.25,0.05,D_KNOWN_EVENT_LOGP,True,2119145.55,25758.0,2119145.55,2119145.55,False,0,0,0,0,True,330,4,False,False,60,False,True,False,True,True,NO_COST_FEASIBLE_SURROGATE
C4_RANDOM|O_LR_MIX|64|FULL|1e-05|0.01|8,SAMPLE_AND_LOGP,1.0,0.05,D_DIRECT,True,2204689.05,1111218.05,2204689.05,2204689.05,False,0,0,0,0,True,8,4,False,False,60,False,True,False,True,True,NO_COST_FEASIBLE_SURROGATE
C4_RANDOM|O_LR_MIX|64|FULL|1e-05|0.01|8,SAMPLE_AND_LOGP,1.0,0.05,D_KNOWN_EVENT_LOGP,True,2204689.05,101088.0,2204689.05,2204689.05,False,0,0,0,0,True,88,4,False,False,60,False,True,False,True,True,NO_COST_FEASIBLE_SURROGATE
C4_RANDOM|O_LR_MIX|64|FULL|0.01|0.01|8,SAMPLE_AND_LOGP,0.05,0.05,D_DIRECT,True,2096333.95,1056608.25,2096333.95,2096333.95,False,0,0,0,0,True,8,4,False,False,60,False,True,False,True,True,NO_COST_FEASIBLE_SURROGATE
C4_RANDOM|O_LR_MIX|64|FULL|0.01|0.01|8,SAMPLE_AND_LOGP,0.05,0.05,D_KNOWN_EVENT_LOGP,True,2096333.95,5670.0,2096333.95,2096333.95,False,0,0,0,0,True,1479,4,False,False,60,False,True,False,True,True,NO_COST_FEASIBLE_SURROGATE
C4_RANDOM|O_LR_MIX|64|FULL|0.01|0.01|8,SAMPLE_AND_LOGP,0.25,0.05,D_DIRECT,True,2119145.55,1068105.05,2119145.55,2119145.55,False,0,0,0,0,True,8,4,False,False,60,False,True,False,True,True,NO_COST_FEASIBLE_SURROGATE
C4_RANDOM|O_LR_MIX|64|FULL|0.01|0.01|8,SAMPLE_AND_LOGP,0.25,0.05,D_KNOWN_EVENT_LOGP,True,2119145.55,25758.0,2119145.55,2119145.55,False,0,0,0,0,True,330,4,False,False,60,False,True,False,True,True,NO_COST_FEASIBLE_SURROGATE
C4_RANDOM|O_LR_MIX|64|FULL|0.01|0.01|8,SAMPLE_AND_LOGP,1.0,0.05,D_DIRECT,True,2204689.05,1111218.05,2204689.05,2204689.05,False,0,0,0,0,True,8,4,False,False,60,False,True,False,True,True,NO_COST_FEASIBLE_SURROGATE
C4_RANDOM|O_LR_MIX|64|FULL|0.01|0.01|8,SAMPLE_AND_LOGP,1.0,0.05,D_KNOWN_EVENT_LOGP,True,2204689.05,101088.0,2204689.05,2204689.05,False,0,0,0,0,True,88,4,False,False,60,False,True,False,True,True,NO_COST_FEASIBLE_SURROGATE
C5|O_LR_MIX|64|1|1e-05|0.01|8,SAMPLE_AND_LOGP,0.05,0.05,D_DIRECT,True,2096333.95,1056608.25,2096333.95,2096333.95,False,0,0,0,0,True,8,4,False,False,60,False,True,False,True,True,NO_COST_FEASIBLE_SURROGATE
C5|O_LR_MIX|64|1|1e-05|0.01|8,SAMPLE_AND_LOGP,0.05,0.05,D_KNOWN_EVENT_LOGP,True,2096333.95,5670.0,2096333.95,2096333.95,False,0,0,0,0,True,1479,4,False,False,60,False,True,False,True,True,NO_COST_FEASIBLE_SURROGATE
C5|O_LR_MIX|64|1|1e-05|0.01|8,SAMPLE_AND_LOGP,0.25,0.05,D_DIRECT,True,2119145.55,1068105.05,2119145.55,2119145.55,False,0,0,0,0,True,8,4,False,False,60,False,True,False,True,True,NO_COST_FEASIBLE_SURROGATE
C5|O_LR_MIX|64|1|1e-05|0.01|8,SAMPLE_AND_LOGP,0.25,0.05,D_KNOWN_EVENT_LOGP,True,2119145.55,25758.0,2119145.55,2119145.55,False,0,0,0,0,True,330,4,False,False,60,False,True,False,True,True,NO_COST_FEASIBLE_SURROGATE
C5|O_LR_MIX|64|1|1e-05|0.01|8,SAMPLE_AND_LOGP,1.0,0.05,D_DIRECT,True,2204689.05,1111218.05,2204689.05,2204689.05,False,0,0,0,0,True,8,4,False,False,60,False,True,False,True,True,NO_COST_FEASIBLE_SURROGATE
C5|O_LR_MIX|64|1|1e-05|0.01|8,SAMPLE_AND_LOGP,1.0,0.05,D_KNOWN_EVENT_LOGP,True,2204689.05,101088.0,2204689.05,2204689.05,False,0,0,0,0,True,88,4,False,False,60,False,True,False,True,True,NO_COST_FEASIBLE_SURROGATE
C5|O_LR_MIX|64|1|1e-05|0.1|8,SAMPLE_AND_LOGP,0.05,0.05,D_DIRECT,True,2096333.95,1056608.25,2096333.95,2096333.95,False,0,0,0,0,True,8,4,False,False,60,False,True,False,True,True,NO_COST_FEASIBLE_SURROGATE
C5|O_LR_MIX|64|1|1e-05|0.1|8,SAMPLE_AND_LOGP,0.05,0.05,D_KNOWN_EVENT_LOGP,True,2096333.95,5670.0,2096333.95,2096333.95,False,0,0,0,0,True,1479,4,False,False,60,False,True,False,True,True,NO_COST_FEASIBLE_SURROGATE
C5|O_LR_MIX|64|1|1e-05|0.1|8,SAMPLE_AND_LOGP,0.25,0.05,D_DIRECT,True,2119145.55,1068105.05,2119145.55,2119145.55,False,0,0,0,0,True,8,4,False,False,60,False,True,False,True,True,NO_COST_FEASIBLE_SURROGATE
C5|O_LR_MIX|64|1|1e-05|0.1|8,SAMPLE_AND_LOGP,0.25,0.05,D_KNOWN_EVENT_LOGP,True,2119145.55,25758.0,2119145.55,2119145.55,False,0,0,0,0,True,330,4,False,False,60,False,True,False,True,True,NO_COST_FEASIBLE_SURROGATE
C5|O_LR_MIX|64|1|1e-05|0.1|8,SAMPLE_AND_LOGP,1.0,0.05,D_DIRECT,True,2204689.05,1111218.05,2204689.05,2204689.05,False,0,0,0,0,True,8,4,False,False,60,False,True,False,True,True,NO_COST_FEASIBLE_SURROGATE
C5|O_LR_MIX|64|1|1e-05|0.1|8,SAMPLE_AND_LOGP,1.0,0.05,D_KNOWN_EVENT_LOGP,True,2204689.05,101088.0,2204689.05,2204689.05,False,0,0,0,0,True,88,4,False,False,60,False,True,False,True,True,NO_COST_FEASIBLE_SURROGATE
C5|O_LR_MIX|64|1|0.01|0.01|8,SAMPLE_AND_LOGP,0.05,0.05,D_DIRECT,True,2096333.95,1056608.25,2096333.95,2096333.95,False,0,0,0,0,True,8,4,False,False,60,False,True,False,True,True,NO_COST_FEASIBLE_SURROGATE
C5|O_LR_MIX|64|1|0.01|0.01|8,SAMPLE_AND_LOGP,0.05,0.05,D_KNOWN_EVENT_LOGP,True,2096333.95,5670.0,2096333.95,2096333.95,False,0,0,0,0,True,1479,4,False,False,60,False,True,False,True,True,NO_COST_FEASIBLE_SURROGATE
C5|O_LR_MIX|64|1|0.01|0.01|8,SAMPLE_AND_LOGP,0.25,0.05,D_DIRECT,True,2119145.55,1068105.05,2119145.55,2119145.55,False,0,0,0,0,True,8,4,False,False,60,False,True,False,True,True,NO_COST_FEASIBLE_SURROGATE
C5|O_LR_MIX|64|1|0.01|0.01|8,SAMPLE_AND_LOGP,0.25,0.05,D_KNOWN_EVENT_LOGP,True,2119145.55,25758.0,2119145.55,2119145.55,False,0,0,0,0,True,330,4,False,False,60,False,True,False,True,True,NO_COST_FEASIBLE_SURROGATE
C5|O_LR_MIX|64|1|0.01|0.01|8,SAMPLE_AND_LOGP,1.0,0.05,D_DIRECT,True,2204689.05,1111218.05,2204689.05,2204689.05,False,0,0,0,0,True,8,4,False,False,60,False,True,False,True,True,NO_COST_FEASIBLE_SURROGATE
C5|O_LR_MIX|64|1|0.01|0.01|8,SAMPLE_AND_LOGP,1.0,0.05,D_KNOWN_EVENT_LOGP,True,2204689.05,101088.0,2204689.05,2204689.05,False,0,0,0,0,True,88,4,False,False,60,False,True,False,True,True,NO_COST_FEASIBLE_SURROGATE
C5|O_LR_MIX|64|1|0.01|0.1|8,SAMPLE_AND_LOGP,0.05,0.05,D_DIRECT,True,2096333.95,1056608.25,2096333.95,2096333.95,False,0,0,0,0,True,8,4,False,False,60,False,True,False,True,True,NO_COST_FEASIBLE_SURROGATE
C5|O_LR_MIX|64|1|0.01|0.1|8,SAMPLE_AND_LOGP,0.05,0.05,D_KNOWN_EVENT_LOGP,True,2096333.95,5670.0,2096333.95,2096333.95,False,0,0,0,0,True,1479,4,False,False,60,False,True,False,True,True,NO_COST_FEASIBLE_SURROGATE
C5|O_LR_MIX|64|1|0.01|0.1|8,SAMPLE_AND_LOGP,0.25,0.05,D_DIRECT,True,2119145.55,1068105.05,2119145.55,2119145.55,False,0,0,0,0,True,8,4,False,False,60,False,True,False,True,True,NO_COST_FEASIBLE_SURROGATE
C5|O_LR_MIX|64|1|0.01|0.1|8,SAMPLE_AND_LOGP,0.25,0.05,D_KNOWN_EVENT_LOGP,True,2119145.55,25758.0,2119145.55,2119145.55,False,0,0,0,0,True,330,4,False,False,60,False,True,False,True,True,NO_COST_FEASIBLE_SURROGATE
C5|O_LR_MIX|64|1|0.01|0.1|8,SAMPLE_AND_LOGP,1.0,0.05,D_DIRECT,True,2204689.05,1111218.05,2204689.05,2204689.05,False,0,0,0,0,True,8,4,False,False,60,False,True,False,True,True,NO_COST_FEASIBLE_SURROGATE
C5|O_LR_MIX|64|1|0.01|0.1|8,SAMPLE_AND_LOGP,1.0,0.05,D_KNOWN_EVENT_LOGP,True,2204689.05,101088.0,2204689.05,2204689.05,False,0,0,0,0,True,88,4,False,False,60,False,True,False,True,True,NO_COST_FEASIBLE_SURROGATE
C5|O_LR_MIX|64|2|1e-05|0.01|8,SAMPLE_AND_LOGP,0.05,0.05,D_DIRECT,True,2096333.95,1056608.25,2096333.95,2096333.95,False,0,0,0,0,True,8,4,False,False,60,False,True,False,True,True,NO_COST_FEASIBLE_SURROGATE
C5|O_LR_MIX|64|2|1e-05|0.01|8,SAMPLE_AND_LOGP,0.05,0.05,D_KNOWN_EVENT_LOGP,True,2096333.95,5670.0,2096333.95,2096333.95,False,0,0,0,0,True,1479,4,False,False,60,False,True,False,True,True,NO_COST_FEASIBLE_SURROGATE
C5|O_LR_MIX|64|2|1e-05|0.01|8,SAMPLE_AND_LOGP,0.25,0.05,D_DIRECT,True,2119145.55,1068105.05,2119145.55,2119145.55,False,0,0,0,0,True,8,4,False,False,60,False,True,False,True,True,NO_COST_FEASIBLE_SURROGATE
C5|O_LR_MIX|64|2|1e-05|0.01|8,SAMPLE_AND_LOGP,0.25,0.05,D_KNOWN_EVENT_LOGP,True,2119145.55,25758.0,2119145.55,2119145.55,False,0,0,0,0,True,330,4,False,False,60,False,True,False,True,True,NO_COST_FEASIBLE_SURROGATE
C5|O_LR_MIX|64|2|1e-05|0.01|8,SAMPLE_AND_LOGP,1.0,0.05,D_DIRECT,True,2204689.05,1111218.05,2204689.05,2204689.05,False,0,0,0,0,True,8,4,False,False,60,False,True,False,True,True,NO_COST_FEASIBLE_SURROGATE
C5|O_LR_MIX|64|2|1e-05|0.01|8,SAMPLE_AND_LOGP,1.0,0.05,D_KNOWN_EVENT_LOGP,True,2204689.05,101088.0,2204689.05,2204689.05,False,0,0,0,0,True,88,4,False,False,60,False,True,False,True,True,NO_COST_FEASIBLE_SURROGATE
C5|O_LR_MIX|64|2|1e-05|0.1|8,SAMPLE_AND_LOGP,0.05,0.05,D_DIRECT,True,2096333.95,1056608.25,2096333.95,2096333.95,False,0,0,0,0,True,8,4,False,False,60,False,True,False,True,True,NO_COST_FEASIBLE_SURROGATE
C5|O_LR_MIX|64|2|1e-05|0.1|8,SAMPLE_AND_LOGP,0.05,0.05,D_KNOWN_EVENT_LOGP,True,2096333.95,5670.0,2096333.95,2096333.95,False,0,0,0,0,True,1479,4,False,False,60,False,True,False,True,True,NO_COST_FEASIBLE_SURROGATE
C5|O_LR_MIX|64|2|1e-05|0.1|8,SAMPLE_AND_LOGP,0.25,0.05,D_DIRECT,True,2119145.55,1068105.05,2119145.55,2119145.55,False,0,0,0,0,True,8,4,False,False,60,False,True,False,True,True,NO_COST_FEASIBLE_SURROGATE
C5|O_LR_MIX|64|2|1e-05|0.1|8,SAMPLE_AND_LOGP,0.25,0.05,D_KNOWN_EVENT_LOGP,True,2119145.55,25758.0,2119145.55,2119145.55,False,0,0,0,0,True,330,4,False,False,60,False,True,False,True,True,NO_COST_FEASIBLE_SURROGATE
C5|O_LR_MIX|64|2|1e-05|0.1|8,SAMPLE_AND_LOGP,1.0,0.05,D_DIRECT,True,2204689.05,1111218.05,2204689.05,2204689.05,False,0,0,0,0,True,8,4,False,False,60,False,True,False,True,True,NO_COST_FEASIBLE_SURROGATE
C5|O_LR_MIX|64|2|1e-05|0.1|8,SAMPLE_AND_LOGP,1.0,0.05,D_KNOWN_EVENT_LOGP,True,2204689.05,101088.0,2204689.05,2204689.05,False,0,0,0,0,True,88,4,False,False,60,False,True,False,True,True,NO_COST_FEASIBLE_SURROGATE
C5|O_LR_MIX|64|2|0.01|0.01|8,SAMPLE_AND_LOGP,0.05,0.05,D_DIRECT,True,2096333.95,1056608.25,2096333.95,2096333.95,False,0,0,0,0,True,8,4,False,False,60,False,True,False,True,True,NO_COST_FEASIBLE_SURROGATE
C5|O_LR_MIX|64|2|0.01|0.01|8,SAMPLE_AND_LOGP,0.05,0.05,D_KNOWN_EVENT_LOGP,True,2096333.95,5670.0,2096333.95,2096333.95,False,0,0,0,0,True,1479,4,False,False,60,False,True,False,True,True,NO_COST_FEASIBLE_SURROGATE
C5|O_LR_MIX|64|2|0.01|0.01|8,SAMPLE_AND_LOGP,0.25,0.05,D_DIRECT,True,2119145.55,1068105.05,2119145.55,2119145.55,False,0,0,0,0,True,8,4,False,False,60,False,True,False,True,True,NO_COST_FEASIBLE_SURROGATE
C5|O_LR_MIX|64|2|0.01|0.01|8,SAMPLE_AND_LOGP,0.25,0.05,D_KNOWN_EVENT_LOGP,True,2119145.55,25758.0,2119145.55,2119145.55,False,0,0,0,0,True,330,4,False,False,60,False,True,False,True,True,NO_COST_FEASIBLE_SURROGATE
C5|O_LR_MIX|64|2|0.01|0.01|8,SAMPLE_AND_LOGP,1.0,0.05,D_DIRECT,True,2204689.05,1111218.05,2204689.05,2204689.05,False,0,0,0,0,True,8,4,False,False,60,False,True,False,True,True,NO_COST_FEASIBLE_SURROGATE
C5|O_LR_MIX|64|2|0.01|0.01|8,SAMPLE_AND_LOGP,1.0,0.05,D_KNOWN_EVENT_LOGP,True,2204689.05,101088.0,2204689.05,2204689.05,False,0,0,0,0,True,88,4,False,False,60,False,True,False,True,True,NO_COST_FEASIBLE_SURROGATE
C5|O_LR_MIX|64|2|0.01|0.1|8,SAMPLE_AND_LOGP,0.05,0.05,D_DIRECT,True,2096333.95,1056608.25,2096333.95,2096333.95,False,0,0,0,0,True,8,4,False,False,60,False,True,False,True,True,NO_COST_FEASIBLE_SURROGATE
C5|O_LR_MIX|64|2|0.01|0.1|8,SAMPLE_AND_LOGP,0.05,0.05,D_KNOWN_EVENT_LOGP,True,2096333.95,5670.0,2096333.95,2096333.95,False,0,0,0,0,True,1479,4,False,False,60,False,True,False,True,True,NO_COST_FEASIBLE_SURROGATE
C5|O_LR_MIX|64|2|0.01|0.1|8,SAMPLE_AND_LOGP,0.25,0.05,D_DIRECT,True,2119145.55,1068105.05,2119145.55,2119145.55,False,0,0,0,0,True,8,4,False,False,60,False,True,False,True,True,NO_COST_FEASIBLE_SURROGATE
C5|O_LR_MIX|64|2|0.01|0.1|8,SAMPLE_AND_LOGP,0.25,0.05,D_KNOWN_EVENT_LOGP,True,2119145.55,25758.0,2119145.55,2119145.55,False,0,0,0,0,True,330,4,False,False,60,False,True,False,True,True,NO_COST_FEASIBLE_SURROGATE
C5|O_LR_MIX|64|2|0.01|0.1|8,SAMPLE_AND_LOGP,1.0,0.05,D_DIRECT,True,2204689.05,1111218.05,2204689.05,2204689.05,False,0,0,0,0,True,8,4,False,False,60,False,True,False,True,True,NO_COST_FEASIBLE_SURROGATE
C5|O_LR_MIX|64|2|0.01|0.1|8,SAMPLE_AND_LOGP,1.0,0.05,D_KNOWN_EVENT_LOGP,True,2204689.05,101088.0,2204689.05,2204689.05,False,0,0,0,0,True,88,4,False,False,60,False,True,False,True,True,NO_COST_FEASIBLE_SURROGATE
C5|O_LR_MIX|64|4|1e-05|0.01|8,SAMPLE_AND_LOGP,0.05,0.05,D_DIRECT,True,2096333.95,1056608.25,2096333.95,2096333.95,False,0,0,0,0,True,8,4,False,False,60,False,True,False,True,True,NO_COST_FEASIBLE_SURROGATE
C5|O_LR_MIX|64|4|1e-05|0.01|8,SAMPLE_AND_LOGP,0.05,0.05,D_KNOWN_EVENT_LOGP,True,2096333.95,5670.0,2096333.95,2096333.95,False,0,0,0,0,True,1479,4,False,False,60,False,True,False,True,True,NO_COST_FEASIBLE_SURROGATE
C5|O_LR_MIX|64|4|1e-05|0.01|8,SAMPLE_AND_LOGP,0.25,0.05,D_DIRECT,True,2119145.55,1068105.05,2119145.55,2119145.55,False,0,0,0,0,True,8,4,False,False,60,False,True,False,True,True,NO_COST_FEASIBLE_SURROGATE
C5|O_LR_MIX|64|4|1e-05|0.01|8,SAMPLE_AND_LOGP,0.25,0.05,D_KNOWN_EVENT_LOGP,True,2119145.55,25758.0,2119145.55,2119145.55,False,0,0,0,0,True,330,4,False,False,60,False,True,False,True,True,NO_COST_FEASIBLE_SURROGATE
C5|O_LR_MIX|64|4|1e-05|0.01|8,SAMPLE_AND_LOGP,1.0,0.05,D_DIRECT,True,2204689.05,1111218.05,2204689.05,2204689.05,False,0,0,0,0,True,8,4,False,False,60,False,True,False,True,True,NO_COST_FEASIBLE_SURROGATE
C5|O_LR_MIX|64|4|1e-05|0.01|8,SAMPLE_AND_LOGP,1.0,0.05,D_KNOWN_EVENT_LOGP,True,2204689.05,101088.0,2204689.05,2204689.05,False,0,0,0,0,True,88,4,False,False,60,False,True,False,True,True,NO_COST_FEASIBLE_SURROGATE
C5|O_LR_MIX|64|4|1e-05|0.1|8,SAMPLE_AND_LOGP,0.05,0.05,D_DIRECT,True,2096333.95,1056608.25,2096333.95,2096333.95,False,0,0,0,0,True,8,4,False,False,60,False,True,False,True,True,NO_COST_FEASIBLE_SURROGATE
C5|O_LR_MIX|64|4|1e-05|0.1|8,SAMPLE_AND_LOGP,0.05,0.05,D_KNOWN_EVENT_LOGP,True,2096333.95,5670.0,2096333.95,2096333.95,False,0,0,0,0,True,1479,4,False,False,60,False,True,False,True,True,NO_COST_FEASIBLE_SURROGATE
C5|O_LR_MIX|64|4|1e-05|0.1|8,SAMPLE_AND_LOGP,0.25,0.05,D_DIRECT,True,2119145.55,1068105.05,2119145.55,2119145.55,False,0,0,0,0,True,8,4,False,False,60,False,True,False,True,True,NO_COST_FEASIBLE_SURROGATE
C5|O_LR_MIX|64|4|1e-05|0.1|8,SAMPLE_AND_LOGP,0.25,0.05,D_KNOWN_EVENT_LOGP,True,2119145.55,25758.0,2119145.55,2119145.55,False,0,0,0,0,True,330,4,False,False,60,False,True,False,True,True,NO_COST_FEASIBLE_SURROGATE
C5|O_LR_MIX|64|4|1e-05|0.1|8,SAMPLE_AND_LOGP,1.0,0.05,D_DIRECT,True,2204689.05,1111218.05,2204689.05,2204689.05,False,0,0,0,0,True,8,4,False,False,60,False,True,False,True,True,NO_COST_FEASIBLE_SURROGATE
C5|O_LR_MIX|64|4|1e-05|0.1|8,SAMPLE_AND_LOGP,1.0,0.05,D_KNOWN_EVENT_LOGP,True,2204689.05,101088.0,2204689.05,2204689.05,False,0,0,0,0,True,88,4,False,False,60,False,True,False,True,True,NO_COST_FEASIBLE_SURROGATE
C5|O_LR_MIX|64|4|0.01|0.01|8,SAMPLE_AND_LOGP,0.05,0.05,D_DIRECT,True,2096333.95,1056608.25,2096333.95,2096333.95,False,0,0,0,0,True,8,4,False,False,60,False,True,False,True,True,NO_COST_FEASIBLE_SURROGATE
C5|O_LR_MIX|64|4|0.01|0.01|8,SAMPLE_AND_LOGP,0.05,0.05,D_KNOWN_EVENT_LOGP,True,2096333.95,5670.0,2096333.95,2096333.95,False,0,0,0,0,True,1479,4,False,False,60,False,True,False,True,True,NO_COST_FEASIBLE_SURROGATE
C5|O_LR_MIX|64|4|0.01|0.01|8,SAMPLE_AND_LOGP,0.25,0.05,D_DIRECT,True,2119145.55,1068105.05,2119145.55,2119145.55,False,0,0,0,0,True,8,4,False,False,60,False,True,False,True,True,NO_COST_FEASIBLE_SURROGATE
C5|O_LR_MIX|64|4|0.01|0.01|8,SAMPLE_AND_LOGP,0.25,0.05,D_KNOWN_EVENT_LOGP,True,2119145.55,25758.0,2119145.55,2119145.55,False,0,0,0,0,True,330,4,False,False,60,False,True,False,True,True,NO_COST_FEASIBLE_SURROGATE
C5|O_LR_MIX|64|4|0.01|0.01|8,SAMPLE_AND_LOGP,1.0,0.05,D_DIRECT,True,2204689.05,1111218.05,2204689.05,2204689.05,False,0,0,0,0,True,8,4,False,False,60,False,True,False,True,True,NO_COST_FEASIBLE_SURROGATE
C5|O_LR_MIX|64|4|0.01|0.01|8,SAMPLE_AND_LOGP,1.0,0.05,D_KNOWN_EVENT_LOGP,True,2204689.05,101088.0,2204689.05,2204689.05,False,0,0,0,0,True,88,4,False,False,60,False,True,False,True,True,NO_COST_FEASIBLE_SURROGATE
C5|O_LR_MIX|64|4|0.01|0.1|8,SAMPLE_AND_LOGP,0.05,0.05,D_DIRECT,True,2096333.95,1056608.25,2096333.95,2096333.95,False,0,0,0,0,True,8,4,False,False,60,False,True,False,True,True,NO_COST_FEASIBLE_SURROGATE
C5|O_LR_MIX|64|4|0.01|0.1|8,SAMPLE_AND_LOGP,0.05,0.05,D_KNOWN_EVENT_LOGP,True,2096333.95,5670.0,2096333.95,2096333.95,False,0,0,0,0,True,1479,4,False,False,60,False,True,False,True,True,NO_COST_FEASIBLE_SURROGATE
C5|O_LR_MIX|64|4|0.01|0.1|8,SAMPLE_AND_LOGP,0.25,0.05,D_DIRECT,True,2119145.55,1068105.05,2119145.55,2119145.55,False,0,0,0,0,True,8,4,False,False,60,False,True,False,True,True,NO_COST_FEASIBLE_SURROGATE
C5|O_LR_MIX|64|4|0.01|0.1|8,SAMPLE_AND_LOGP,0.25,0.05,D_KNOWN_EVENT_LOGP,True,2119145.55,25758.0,2119145.55,2119145.55,False,0,0,0,0,True,330,4,False,False,60,False,True,False,True,True,NO_COST_FEASIBLE_SURROGATE
C5|O_LR_MIX|64|4|0.01|0.1|8,SAMPLE_AND_LOGP,1.0,0.05,D_DIRECT,True,2204689.05,1111218.05,2204689.05,2204689.05,False,0,0,0,0,True,8,4,False,False,60,False,True,False,True,True,NO_COST_FEASIBLE_SURROGATE
C5|O_LR_MIX|64|4|0.01|0.1|8,SAMPLE_AND_LOGP,1.0,0.05,D_KNOWN_EVENT_LOGP,True,2204689.05,101088.0,2204689.05,2204689.05,False,0,0,0,0,True,88,4,False,False,60,False,True,False,True,True,NO_COST_FEASIBLE_SURROGATE
C5|O_LR_MIX|64|FULL|1e-05|0.01|8,SAMPLE_AND_LOGP,0.05,0.05,D_DIRECT,True,2096333.95,1056608.25,2096333.95,2096333.95,False,0,0,0,0,True,8,4,False,False,60,False,True,False,True,True,NO_COST_FEASIBLE_SURROGATE
C5|O_LR_MIX|64|FULL|1e-05|0.01|8,SAMPLE_AND_LOGP,0.05,0.05,D_KNOWN_EVENT_LOGP,True,2096333.95,5670.0,2096333.95,2096333.95,False,0,0,0,0,True,1479,4,False,False,60,False,True,False,True,True,NO_COST_FEASIBLE_SURROGATE
C5|O_LR_MIX|64|FULL|1e-05|0.01|8,SAMPLE_AND_LOGP,0.25,0.05,D_DIRECT,True,2119145.55,1068105.05,2119145.55,2119145.55,False,0,0,0,0,True,8,4,False,False,60,False,True,False,True,True,NO_COST_FEASIBLE_SURROGATE
C5|O_LR_MIX|64|FULL|1e-05|0.01|8,SAMPLE_AND_LOGP,0.25,0.05,D_KNOWN_EVENT_LOGP,True,2119145.55,25758.0,2119145.55,2119145.55,False,0,0,0,0,True,330,4,False,False,60,False,True,False,True,True,NO_COST_FEASIBLE_SURROGATE
C5|O_LR_MIX|64|FULL|1e-05|0.01|8,SAMPLE_AND_LOGP,1.0,0.05,D_DIRECT,True,2204689.05,1111218.05,2204689.05,2204689.05,False,0,0,0,0,True,8,4,False,False,60,False,True,False,True,True,NO_COST_FEASIBLE_SURROGATE
C5|O_LR_MIX|64|FULL|1e-05|0.01|8,SAMPLE_AND_LOGP,1.0,0.05,D_KNOWN_EVENT_LOGP,True,2204689.05,101088.0,2204689.05,2204689.05,False,0,0,0,0,True,88,4,False,False,60,False,True,False,True,True,NO_COST_FEASIBLE_SURROGATE
C5|O_LR_MIX|64|FULL|1e-05|0.1|8,SAMPLE_AND_LOGP,0.05,0.05,D_DIRECT,True,2096333.95,1056608.25,2096333.95,2096333.95,False,0,0,0,0,True,8,4,False,False,60,False,True,False,True,True,NO_COST_FEASIBLE_SURROGATE
C5|O_LR_MIX|64|FULL|1e-05|0.1|8,SAMPLE_AND_LOGP,0.05,0.05,D_KNOWN_EVENT_LOGP,True,2096333.95,5670.0,2096333.95,2096333.95,False,0,0,0,0,True,1479,4,False,False,60,False,True,False,True,True,NO_COST_FEASIBLE_SURROGATE
C5|O_LR_MIX|64|FULL|1e-05|0.1|8,SAMPLE_AND_LOGP,0.25,0.05,D_DIRECT,True,2119145.55,1068105.05,2119145.55,2119145.55,False,0,0,0,0,True,8,4,False,False,60,False,True,False,True,True,NO_COST_FEASIBLE_SURROGATE
C5|O_LR_MIX|64|FULL|1e-05|0.1|8,SAMPLE_AND_LOGP,0.25,0.05,D_KNOWN_EVENT_LOGP,True,2119145.55,25758.0,2119145.55,2119145.55,False,0,0,0,0,True,330,4,False,False,60,False,True,False,True,True,NO_COST_FEASIBLE_SURROGATE
C5|O_LR_MIX|64|FULL|1e-05|0.1|8,SAMPLE_AND_LOGP,1.0,0.05,D_DIRECT,True,2204689.05,1111218.05,2204689.05,2204689.05,False,0,0,0,0,True,8,4,False,False,60,False,True,False,True,True,NO_COST_FEASIBLE_SURROGATE
C5|O_LR_MIX|64|FULL|1e-05|0.1|8,SAMPLE_AND_LOGP,1.0,0.05,D_KNOWN_EVENT_LOGP,True,2204689.05,101088.0,2204689.05,2204689.05,False,0,0,0,0,True,88,4,False,False,60,False,True,False,True,True,NO_COST_FEASIBLE_SURROGATE
C5|O_LR_MIX|64|FULL|0.01|0.01|8,SAMPLE_AND_LOGP,0.05,0.05,D_DIRECT,True,2096333.95,1056608.25,2096333.95,2096333.95,False,0,0,0,0,True,8,4,False,False,60,False,True,False,True,True,NO_COST_FEASIBLE_SURROGATE
C5|O_LR_MIX|64|FULL|0.01|0.01|8,SAMPLE_AND_LOGP,0.05,0.05,D_KNOWN_EVENT_LOGP,True,2096333.95,5670.0,2096333.95,2096333.95,False,0,0,0,0,True,1479,4,False,False,60,False,True,False,True,True,NO_COST_FEASIBLE_SURROGATE
C5|O_LR_MIX|64|FULL|0.01|0.01|8,SAMPLE_AND_LOGP,0.25,0.05,D_DIRECT,True,2119145.55,1068105.05,2119145.55,2119145.55,False,0,0,0,0,True,8,4,False,False,60,False,True,False,True,True,NO_COST_FEASIBLE_SURROGATE
C5|O_LR_MIX|64|FULL|0.01|0.01|8,SAMPLE_AND_LOGP,0.25,0.05,D_KNOWN_EVENT_LOGP,True,2119145.55,25758.0,2119145.55,2119145.55,False,0,0,0,0,True,330,4,False,False,60,False,True,False,True,True,NO_COST_FEASIBLE_SURROGATE
C5|O_LR_MIX|64|FULL|0.01|0.01|8,SAMPLE_AND_LOGP,1.0,0.05,D_DIRECT,True,2204689.05,1111218.05,2204689.05,2204689.05,False,0,0,0,0,True,8,4,False,False,60,False,True,False,True,True,NO_COST_FEASIBLE_SURROGATE
C5|O_LR_MIX|64|FULL|0.01|0.01|8,SAMPLE_AND_LOGP,1.0,0.05,D_KNOWN_EVENT_LOGP,True,2204689.05,101088.0,2204689.05,2204689.05,False,0,0,0,0,True,88,4,False,False,60,False,True,False,True,True,NO_COST_FEASIBLE_SURROGATE
C5|O_LR_MIX|64|FULL|0.01|0.1|8,SAMPLE_AND_LOGP,0.05,0.05,D_DIRECT,True,2096333.95,1056608.25,2096333.95,2096333.95,False,0,0,0,0,True,8,4,False,False,60,False,True,False,True,True,NO_COST_FEASIBLE_SURROGATE
C5|O_LR_MIX|64|FULL|0.01|0.1|8,SAMPLE_AND_LOGP,0.05,0.05,D_KNOWN_EVENT_LOGP,True,2096333.95,5670.0,2096333.95,2096333.95,False,0,0,0,0,True,1479,4,False,False,60,False,True,False,True,True,NO_COST_FEASIBLE_SURROGATE
C5|O_LR_MIX|64|FULL|0.01|0.1|8,SAMPLE_AND_LOGP,0.25,0.05,D_DIRECT,True,2119145.55,1068105.05,2119145.55,2119145.55,False,0,0,0,0,True,8,4,False,False,60,False,True,False,True,True,NO_COST_FEASIBLE_SURROGATE
C5|O_LR_MIX|64|FULL|0.01|0.1|8,SAMPLE_AND_LOGP,0.25,0.05,D_KNOWN_EVENT_LOGP,True,2119145.55,25758.0,2119145.55,2119145.55,False,0,0,0,0,True,330,4,False,False,60,False,True,False,True,True,NO_COST_FEASIBLE_SURROGATE
C5|O_LR_MIX|64|FULL|0.01|0.1|8,SAMPLE_AND_LOGP,1.0,0.05,D_DIRECT,True,2204689.05,1111218.05,2204689.05,2204689.05,False,0,0,0,0,True,8,4,False,False,60,False,True,False,True,True,NO_COST_FEASIBLE_SURROGATE
C5|O_LR_MIX|64|FULL|0.01|0.1|8,SAMPLE_AND_LOGP,1.0,0.05,D_KNOWN_EVENT_LOGP,True,2204689.05,101088.0,2204689.05,2204689.05,False,0,0,0,0,True,88,4,False,False,60,False,True,False,True,True,NO_COST_FEASIBLE_SURROGATE
C6|O_LR_MIX|64|1|1e-05|0.01|8,SAMPLE_AND_LOGP,0.05,0.05,D_DIRECT,True,2096333.95,1056608.25,2096333.95,2096333.95,False,0,0,0,0,True,8,4,False,False,60,False,True,False,True,True,NO_COST_FEASIBLE_SURROGATE
C6|O_LR_MIX|64|1|1e-05|0.01|8,SAMPLE_AND_LOGP,0.05,0.05,D_KNOWN_EVENT_LOGP,True,2096333.95,5670.0,2096333.95,2096333.95,False,0,0,0,0,True,1479,4,False,False,60,False,True,False,True,True,NO_COST_FEASIBLE_SURROGATE
C6|O_LR_MIX|64|1|1e-05|0.01|8,SAMPLE_AND_LOGP,0.25,0.05,D_DIRECT,True,2119145.55,1068105.05,2119145.55,2119145.55,False,0,0,0,0,True,8,4,False,False,60,False,True,False,True,True,NO_COST_FEASIBLE_SURROGATE
C6|O_LR_MIX|64|1|1e-05|0.01|8,SAMPLE_AND_LOGP,0.25,0.05,D_KNOWN_EVENT_LOGP,True,2119145.55,25758.0,2119145.55,2119145.55,False,0,0,0,0,True,330,4,False,False,60,False,True,False,True,True,NO_COST_FEASIBLE_SURROGATE
C6|O_LR_MIX|64|1|1e-05|0.01|8,SAMPLE_AND_LOGP,1.0,0.05,D_DIRECT,True,2204689.05,1111218.05,2204689.05,2204689.05,False,0,0,0,0,True,8,4,False,False,60,False,True,False,True,True,NO_COST_FEASIBLE_SURROGATE
C6|O_LR_MIX|64|1|1e-05|0.01|8,SAMPLE_AND_LOGP,1.0,0.05,D_KNOWN_EVENT_LOGP,True,2204689.05,101088.0,2204689.05,2204689.05,False,0,0,0,0,True,88,4,False,False,60,False,True,False,True,True,NO_COST_FEASIBLE_SURROGATE
C6|O_LR_MIX|64|1|1e-05|0.1|8,SAMPLE_AND_LOGP,0.05,0.05,D_DIRECT,True,2096333.95,1056608.25,2096333.95,2096333.95,False,0,0,0,0,True,8,4,False,False,60,False,True,False,True,True,NO_COST_FEASIBLE_SURROGATE
C6|O_LR_MIX|64|1|1e-05|0.1|8,SAMPLE_AND_LOGP,0.05,0.05,D_KNOWN_EVENT_LOGP,True,2096333.95,5670.0,2096333.95,2096333.95,False,0,0,0,0,True,1479,4,False,False,60,False,True,False,True,True,NO_COST_FEASIBLE_SURROGATE
C6|O_LR_MIX|64|1|1e-05|0.1|8,SAMPLE_AND_LOGP,0.25,0.05,D_DIRECT,True,2119145.55,1068105.05,2119145.55,2119145.55,False,0,0,0,0,True,8,4,False,False,60,False,True,False,True,True,NO_COST_FEASIBLE_SURROGATE
C6|O_LR_MIX|64|1|1e-05|0.1|8,SAMPLE_AND_LOGP,0.25,0.05,D_KNOWN_EVENT_LOGP,True,2119145.55,25758.0,2119145.55,2119145.55,False,0,0,0,0,True,330,4,False,False,60,False,True,False,True,True,NO_COST_FEASIBLE_SURROGATE
C6|O_LR_MIX|64|1|1e-05|0.1|8,SAMPLE_AND_LOGP,1.0,0.05,D_DIRECT,True,2204689.05,1111218.05,2204689.05,2204689.05,False,0,0,0,0,True,8,4,False,False,60,False,True,False,True,True,NO_COST_FEASIBLE_SURROGATE
C6|O_LR_MIX|64|1|1e-05|0.1|8,SAMPLE_AND_LOGP,1.0,0.05,D_KNOWN_EVENT_LOGP,True,2204689.05,101088.0,2204689.05,2204689.05,False,0,0,0,0,True,88,4,False,False,60,False,True,False,True,True,NO_COST_FEASIBLE_SURROGATE
C6|O_LR_MIX|64|1|0.01|0.01|8,SAMPLE_AND_LOGP,0.05,0.05,D_DIRECT,True,2096333.95,1056608.25,2096333.95,2096333.95,False,0,0,0,0,True,8,4,False,False,60,False,True,False,True,True,NO_COST_FEASIBLE_SURROGATE
C6|O_LR_MIX|64|1|0.01|0.01|8,SAMPLE_AND_LOGP,0.05,0.05,D_KNOWN_EVENT_LOGP,True,2096333.95,5670.0,2096333.95,2096333.95,False,0,0,0,0,True,1479,4,False,False,60,False,True,False,True,True,NO_COST_FEASIBLE_SURROGATE
C6|O_LR_MIX|64|1|0.01|0.01|8,SAMPLE_AND_LOGP,0.25,0.05,D_DIRECT,True,2119145.55,1068105.05,2119145.55,2119145.55,False,0,0,0,0,True,8,4,False,False,60,False,True,False,True,True,NO_COST_FEASIBLE_SURROGATE
C6|O_LR_MIX|64|1|0.01|0.01|8,SAMPLE_AND_LOGP,0.25,0.05,D_KNOWN_EVENT_LOGP,True,2119145.55,25758.0,2119145.55,2119145.55,False,0,0,0,0,True,330,4,False,False,60,False,True,False,True,True,NO_COST_FEASIBLE_SURROGATE
C6|O_LR_MIX|64|1|0.01|0.01|8,SAMPLE_AND_LOGP,1.0,0.05,D_DIRECT,True,2204689.05,1111218.05,2204689.05,2204689.05,False,0,0,0,0,True,8,4,False,False,60,False,True,False,True,True,NO_COST_FEASIBLE_SURROGATE
C6|O_LR_MIX|64|1|0.01|0.01|8,SAMPLE_AND_LOGP,1.0,0.05,D_KNOWN_EVENT_LOGP,True,2204689.05,101088.0,2204689.05,2204689.05,False,0,0,0,0,True,88,4,False,False,60,False,True,False,True,True,NO_COST_FEASIBLE_SURROGATE
C6|O_LR_MIX|64|1|0.01|0.1|8,SAMPLE_AND_LOGP,0.05,0.05,D_DIRECT,True,2096333.95,1056608.25,2096333.95,2096333.95,False,0,0,0,0,True,8,4,False,False,60,False,True,False,True,True,NO_COST_FEASIBLE_SURROGATE
C6|O_LR_MIX|64|1|0.01|0.1|8,SAMPLE_AND_LOGP,0.05,0.05,D_KNOWN_EVENT_LOGP,True,2096333.95,5670.0,2096333.95,2096333.95,False,0,0,0,0,True,1479,4,False,False,60,False,True,False,True,True,NO_COST_FEASIBLE_SURROGATE
C6|O_LR_MIX|64|1|0.01|0.1|8,SAMPLE_AND_LOGP,0.25,0.05,D_DIRECT,True,2119145.55,1068105.05,2119145.55,2119145.55,False,0,0,0,0,True,8,4,False,False,60,False,True,False,True,True,NO_COST_FEASIBLE_SURROGATE
C6|O_LR_MIX|64|1|0.01|0.1|8,SAMPLE_AND_LOGP,0.25,0.05,D_KNOWN_EVENT_LOGP,True,2119145.55,25758.0,2119145.55,2119145.55,False,0,0,0,0,True,330,4,False,False,60,False,True,False,True,True,NO_COST_FEASIBLE_SURROGATE
C6|O_LR_MIX|64|1|0.01|0.1|8,SAMPLE_AND_LOGP,1.0,0.05,D_DIRECT,True,2204689.05,1111218.05,2204689.05,2204689.05,False,0,0,0,0,True,8,4,False,False,60,False,True,False,True,True,NO_COST_FEASIBLE_SURROGATE
C6|O_LR_MIX|64|1|0.01|0.1|8,SAMPLE_AND_LOGP,1.0,0.05,D_KNOWN_EVENT_LOGP,True,2204689.05,101088.0,2204689.05,2204689.05,False,0,0,0,0,True,88,4,False,False,60,False,True,False,True,True,NO_COST_FEASIBLE_SURROGATE
C6|O_LR_MIX|64|2|1e-05|0.01|8,SAMPLE_AND_LOGP,0.05,0.05,D_DIRECT,True,2096333.95,1056608.25,2096333.95,2096333.95,False,0,0,0,0,True,8,4,False,False,60,False,True,False,True,True,NO_COST_FEASIBLE_SURROGATE
C6|O_LR_MIX|64|2|1e-05|0.01|8,SAMPLE_AND_LOGP,0.05,0.05,D_KNOWN_EVENT_LOGP,True,2096333.95,5670.0,2096333.95,2096333.95,False,0,0,0,0,True,1479,4,False,False,60,False,True,False,True,True,NO_COST_FEASIBLE_SURROGATE
C6|O_LR_MIX|64|2|1e-05|0.01|8,SAMPLE_AND_LOGP,0.25,0.05,D_DIRECT,True,2119145.55,1068105.05,2119145.55,2119145.55,False,0,0,0,0,True,8,4,False,False,60,False,True,False,True,True,NO_COST_FEASIBLE_SURROGATE
C6|O_LR_MIX|64|2|1e-05|0.01|8,SAMPLE_AND_LOGP,0.25,0.05,D_KNOWN_EVENT_LOGP,True,2119145.55,25758.0,2119145.55,2119145.55,False,0,0,0,0,True,330,4,False,False,60,False,True,False,True,True,NO_COST_FEASIBLE_SURROGATE
C6|O_LR_MIX|64|2|1e-05|0.01|8,SAMPLE_AND_LOGP,1.0,0.05,D_DIRECT,True,2204689.05,1111218.05,2204689.05,2204689.05,False,0,0,0,0,True,8,4,False,False,60,False,True,False,True,True,NO_COST_FEASIBLE_SURROGATE
C6|O_LR_MIX|64|2|1e-05|0.01|8,SAMPLE_AND_LOGP,1.0,0.05,D_KNOWN_EVENT_LOGP,True,2204689.05,101088.0,2204689.05,2204689.05,False,0,0,0,0,True,88,4,False,False,60,False,True,False,True,True,NO_COST_FEASIBLE_SURROGATE
C6|O_LR_MIX|64|2|1e-05|0.1|8,SAMPLE_AND_LOGP,0.05,0.05,D_DIRECT,True,2096333.95,1056608.25,2096333.95,2096333.95,False,0,0,0,0,True,8,4,False,False,60,False,True,False,True,True,NO_COST_FEASIBLE_SURROGATE
C6|O_LR_MIX|64|2|1e-05|0.1|8,SAMPLE_AND_LOGP,0.05,0.05,D_KNOWN_EVENT_LOGP,True,2096333.95,5670.0,2096333.95,2096333.95,False,0,0,0,0,True,1479,4,False,False,60,False,True,False,True,True,NO_COST_FEASIBLE_SURROGATE
C6|O_LR_MIX|64|2|1e-05|0.1|8,SAMPLE_AND_LOGP,0.25,0.05,D_DIRECT,True,2119145.55,1068105.05,2119145.55,2119145.55,False,0,0,0,0,True,8,4,False,False,60,False,True,False,True,True,NO_COST_FEASIBLE_SURROGATE
C6|O_LR_MIX|64|2|1e-05|0.1|8,SAMPLE_AND_LOGP,0.25,0.05,D_KNOWN_EVENT_LOGP,True,2119145.55,25758.0,2119145.55,2119145.55,False,0,0,0,0,True,330,4,False,False,60,False,True,False,True,True,NO_COST_FEASIBLE_SURROGATE
C6|O_LR_MIX|64|2|1e-05|0.1|8,SAMPLE_AND_LOGP,1.0,0.05,D_DIRECT,True,2204689.05,1111218.05,2204689.05,2204689.05,False,0,0,0,0,True,8,4,False,False,60,False,True,False,True,True,NO_COST_FEASIBLE_SURROGATE
C6|O_LR_MIX|64|2|1e-05|0.1|8,SAMPLE_AND_LOGP,1.0,0.05,D_KNOWN_EVENT_LOGP,True,2204689.05,101088.0,2204689.05,2204689.05,False,0,0,0,0,True,88,4,False,False,60,False,True,False,True,True,NO_COST_FEASIBLE_SURROGATE
C6|O_LR_MIX|64|2|0.01|0.01|8,SAMPLE_AND_LOGP,0.05,0.05,D_DIRECT,True,2096333.95,1056608.25,2096333.95,2096333.95,False,0,0,0,0,True,8,4,False,False,60,False,True,False,True,True,NO_COST_FEASIBLE_SURROGATE
C6|O_LR_MIX|64|2|0.01|0.01|8,SAMPLE_AND_LOGP,0.05,0.05,D_KNOWN_EVENT_LOGP,True,2096333.95,5670.0,2096333.95,2096333.95,False,0,0,0,0,True,1479,4,False,False,60,False,True,False,True,True,NO_COST_FEASIBLE_SURROGATE
C6|O_LR_MIX|64|2|0.01|0.01|8,SAMPLE_AND_LOGP,0.25,0.05,D_DIRECT,True,2119145.55,1068105.05,2119145.55,2119145.55,False,0,0,0,0,True,8,4,False,False,60,False,True,False,True,True,NO_COST_FEASIBLE_SURROGATE
C6|O_LR_MIX|64|2|0.01|0.01|8,SAMPLE_AND_LOGP,0.25,0.05,D_KNOWN_EVENT_LOGP,True,2119145.55,25758.0,2119145.55,2119145.55,False,0,0,0,0,True,330,4,False,False,60,False,True,False,True,True,NO_COST_FEASIBLE_SURROGATE
C6|O_LR_MIX|64|2|0.01|0.01|8,SAMPLE_AND_LOGP,1.0,0.05,D_DIRECT,True,2204689.05,1111218.05,2204689.05,2204689.05,False,0,0,0,0,True,8,4,False,False,60,False,True,False,True,True,NO_COST_FEASIBLE_SURROGATE
C6|O_LR_MIX|64|2|0.01|0.01|8,SAMPLE_AND_LOGP,1.0,0.05,D_KNOWN_EVENT_LOGP,True,2204689.05,101088.0,2204689.05,2204689.05,False,0,0,0,0,True,88,4,False,False,60,False,True,False,True,True,NO_COST_FEASIBLE_SURROGATE
C6|O_LR_MIX|64|2|0.01|0.1|8,SAMPLE_AND_LOGP,0.05,0.05,D_DIRECT,True,2096333.95,1056608.25,2096333.95,2096333.95,False,0,0,0,0,True,8,4,False,False,60,False,True,False,True,True,NO_COST_FEASIBLE_SURROGATE
C6|O_LR_MIX|64|2|0.01|0.1|8,SAMPLE_AND_LOGP,0.05,0.05,D_KNOWN_EVENT_LOGP,True,2096333.95,5670.0,2096333.95,2096333.95,False,0,0,0,0,True,1479,4,False,False,60,False,True,False,True,True,NO_COST_FEASIBLE_SURROGATE
C6|O_LR_MIX|64|2|0.01|0.1|8,SAMPLE_AND_LOGP,0.25,0.05,D_DIRECT,True,2119145.55,1068105.05,2119145.55,2119145.55,False,0,0,0,0,True,8,4,False,False,60,False,True,False,True,True,NO_COST_FEASIBLE_SURROGATE
C6|O_LR_MIX|64|2|0.01|0.1|8,SAMPLE_AND_LOGP,0.25,0.05,D_KNOWN_EVENT_LOGP,True,2119145.55,25758.0,2119145.55,2119145.55,False,0,0,0,0,True,330,4,False,False,60,False,True,False,True,True,NO_COST_FEASIBLE_SURROGATE
C6|O_LR_MIX|64|2|0.01|0.1|8,SAMPLE_AND_LOGP,1.0,0.05,D_DIRECT,True,2204689.05,1111218.05,2204689.05,2204689.05,False,0,0,0,0,True,8,4,False,False,60,False,True,False,True,True,NO_COST_FEASIBLE_SURROGATE
C6|O_LR_MIX|64|2|0.01|0.1|8,SAMPLE_AND_LOGP,1.0,0.05,D_KNOWN_EVENT_LOGP,True,2204689.05,101088.0,2204689.05,2204689.05,False,0,0,0,0,True,88,4,False,False,60,False,True,False,True,True,NO_COST_FEASIBLE_SURROGATE
C6|O_LR_MIX|64|4|1e-05|0.01|8,SAMPLE_AND_LOGP,0.05,0.05,D_DIRECT,True,2096333.95,1056608.25,2096333.95,2096333.95,False,0,0,0,0,True,8,4,False,False,60,False,True,False,True,True,NO_COST_FEASIBLE_SURROGATE
C6|O_LR_MIX|64|4|1e-05|0.01|8,SAMPLE_AND_LOGP,0.05,0.05,D_KNOWN_EVENT_LOGP,True,2096333.95,5670.0,2096333.95,2096333.95,False,0,0,0,0,True,1479,4,False,False,60,False,True,False,True,True,NO_COST_FEASIBLE_SURROGATE
C6|O_LR_MIX|64|4|1e-05|0.01|8,SAMPLE_AND_LOGP,0.25,0.05,D_DIRECT,True,2119145.55,1068105.05,2119145.55,2119145.55,False,0,0,0,0,True,8,4,False,False,60,False,True,False,True,True,NO_COST_FEASIBLE_SURROGATE
C6|O_LR_MIX|64|4|1e-05|0.01|8,SAMPLE_AND_LOGP,0.25,0.05,D_KNOWN_EVENT_LOGP,True,2119145.55,25758.0,2119145.55,2119145.55,False,0,0,0,0,True,330,4,False,False,60,False,True,False,True,True,NO_COST_FEASIBLE_SURROGATE
C6|O_LR_MIX|64|4|1e-05|0.01|8,SAMPLE_AND_LOGP,1.0,0.05,D_DIRECT,True,2204689.05,1111218.05,2204689.05,2204689.05,False,0,0,0,0,True,8,4,False,False,60,False,True,False,True,True,NO_COST_FEASIBLE_SURROGATE
C6|O_LR_MIX|64|4|1e-05|0.01|8,SAMPLE_AND_LOGP,1.0,0.05,D_KNOWN_EVENT_LOGP,True,2204689.05,101088.0,2204689.05,2204689.05,False,0,0,0,0,True,88,4,False,False,60,False,True,False,True,True,NO_COST_FEASIBLE_SURROGATE
C6|O_LR_MIX|64|4|1e-05|0.1|8,SAMPLE_AND_LOGP,0.05,0.05,D_DIRECT,True,2096333.95,1056608.25,2096333.95,2096333.95,False,0,0,0,0,True,8,4,False,False,60,False,True,False,True,True,NO_COST_FEASIBLE_SURROGATE
C6|O_LR_MIX|64|4|1e-05|0.1|8,SAMPLE_AND_LOGP,0.05,0.05,D_KNOWN_EVENT_LOGP,True,2096333.95,5670.0,2096333.95,2096333.95,False,0,0,0,0,True,1479,4,False,False,60,False,True,False,True,True,NO_COST_FEASIBLE_SURROGATE
C6|O_LR_MIX|64|4|1e-05|0.1|8,SAMPLE_AND_LOGP,0.25,0.05,D_DIRECT,True,2119145.55,1068105.05,2119145.55,2119145.55,False,0,0,0,0,True,8,4,False,False,60,False,True,False,True,True,NO_COST_FEASIBLE_SURROGATE
C6|O_LR_MIX|64|4|1e-05|0.1|8,SAMPLE_AND_LOGP,0.25,0.05,D_KNOWN_EVENT_LOGP,True,2119145.55,25758.0,2119145.55,2119145.55,False,0,0,0,0,True,330,4,False,False,60,False,True,False,True,True,NO_COST_FEASIBLE_SURROGATE
C6|O_LR_MIX|64|4|1e-05|0.1|8,SAMPLE_AND_LOGP,1.0,0.05,D_DIRECT,True,2204689.05,1111218.05,2204689.05,2204689.05,False,0,0,0,0,True,8,4,False,False,60,False,True,False,True,True,NO_COST_FEASIBLE_SURROGATE
C6|O_LR_MIX|64|4|1e-05|0.1|8,SAMPLE_AND_LOGP,1.0,0.05,D_KNOWN_EVENT_LOGP,True,2204689.05,101088.0,2204689.05,2204689.05,False,0,0,0,0,True,88,4,False,False,60,False,True,False,True,True,NO_COST_FEASIBLE_SURROGATE
C6|O_LR_MIX|64|4|0.01|0.01|8,SAMPLE_AND_LOGP,0.05,0.05,D_DIRECT,True,2096333.95,1056608.25,2096333.95,2096333.95,False,0,0,0,0,True,8,4,False,False,60,False,True,False,True,True,NO_COST_FEASIBLE_SURROGATE
C6|O_LR_MIX|64|4|0.01|0.01|8,SAMPLE_AND_LOGP,0.05,0.05,D_KNOWN_EVENT_LOGP,True,2096333.95,5670.0,2096333.95,2096333.95,False,0,0,0,0,True,1479,4,False,False,60,False,True,False,True,True,NO_COST_FEASIBLE_SURROGATE
C6|O_LR_MIX|64|4|0.01|0.01|8,SAMPLE_AND_LOGP,0.25,0.05,D_DIRECT,True,2119145.55,1068105.05,2119145.55,2119145.55,False,0,0,0,0,True,8,4,False,False,60,False,True,False,True,True,NO_COST_FEASIBLE_SURROGATE
C6|O_LR_MIX|64|4|0.01|0.01|8,SAMPLE_AND_LOGP,0.25,0.05,D_KNOWN_EVENT_LOGP,True,2119145.55,25758.0,2119145.55,2119145.55,False,0,0,0,0,True,330,4,False,False,60,False,True,False,True,True,NO_COST_FEASIBLE_SURROGATE
C6|O_LR_MIX|64|4|0.01|0.01|8,SAMPLE_AND_LOGP,1.0,0.05,D_DIRECT,True,2204689.05,1111218.05,2204689.05,2204689.05,False,0,0,0,0,True,8,4,False,False,60,False,True,False,True,True,NO_COST_FEASIBLE_SURROGATE
C6|O_LR_MIX|64|4|0.01|0.01|8,SAMPLE_AND_LOGP,1.0,0.05,D_KNOWN_EVENT_LOGP,True,2204689.05,101088.0,2204689.05,2204689.05,False,0,0,0,0,True,88,4,False,False,60,False,True,False,True,True,NO_COST_FEASIBLE_SURROGATE
C6|O_LR_MIX|64|4|0.01|0.1|8,SAMPLE_AND_LOGP,0.05,0.05,D_DIRECT,True,2096333.95,1056608.25,2096333.95,2096333.95,False,0,0,0,0,True,8,4,False,False,60,False,True,False,True,True,NO_COST_FEASIBLE_SURROGATE
C6|O_LR_MIX|64|4|0.01|0.1|8,SAMPLE_AND_LOGP,0.05,0.05,D_KNOWN_EVENT_LOGP,True,2096333.95,5670.0,2096333.95,2096333.95,False,0,0,0,0,True,1479,4,False,False,60,False,True,False,True,True,NO_COST_FEASIBLE_SURROGATE
C6|O_LR_MIX|64|4|0.01|0.1|8,SAMPLE_AND_LOGP,0.25,0.05,D_DIRECT,True,2119145.55,1068105.05,2119145.55,2119145.55,False,0,0,0,0,True,8,4,False,False,60,False,True,False,True,True,NO_COST_FEASIBLE_SURROGATE
C6|O_LR_MIX|64|4|0.01|0.1|8,SAMPLE_AND_LOGP,0.25,0.05,D_KNOWN_EVENT_LOGP,True,2119145.55,25758.0,2119145.55,2119145.55,False,0,0,0,0,True,330,4,False,False,60,False,True,False,True,True,NO_COST_FEASIBLE_SURROGATE
C6|O_LR_MIX|64|4|0.01|0.1|8,SAMPLE_AND_LOGP,1.0,0.05,D_DIRECT,True,2204689.05,1111218.05,2204689.05,2204689.05,False,0,0,0,0,True,8,4,False,False,60,False,True,False,True,True,NO_COST_FEASIBLE_SURROGATE
C6|O_LR_MIX|64|4|0.01|0.1|8,SAMPLE_AND_LOGP,1.0,0.05,D_KNOWN_EVENT_LOGP,True,2204689.05,101088.0,2204689.05,2204689.05,False,0,0,0,0,True,88,4,False,False,60,False,True,False,True,True,NO_COST_FEASIBLE_SURROGATE
C6|O_LR_MIX|64|FULL|1e-05|0.01|8,SAMPLE_AND_LOGP,0.05,0.05,D_DIRECT,True,2096333.95,1056608.25,2096333.95,2096333.95,False,0,0,0,0,True,8,4,False,False,60,False,True,False,True,True,NO_COST_FEASIBLE_SURROGATE
C6|O_LR_MIX|64|FULL|1e-05|0.01|8,SAMPLE_AND_LOGP,0.05,0.05,D_KNOWN_EVENT_LOGP,True,2096333.95,5670.0,2096333.95,2096333.95,False,0,0,0,0,True,1479,4,False,False,60,False,True,False,True,True,NO_COST_FEASIBLE_SURROGATE
C6|O_LR_MIX|64|FULL|1e-05|0.01|8,SAMPLE_AND_LOGP,0.25,0.05,D_DIRECT,True,2119145.55,1068105.05,2119145.55,2119145.55,False,0,0,0,0,True,8,4,False,False,60,False,True,False,True,True,NO_COST_FEASIBLE_SURROGATE
C6|O_LR_MIX|64|FULL|1e-05|0.01|8,SAMPLE_AND_LOGP,0.25,0.05,D_KNOWN_EVENT_LOGP,True,2119145.55,25758.0,2119145.55,2119145.55,False,0,0,0,0,True,330,4,False,False,60,False,True,False,True,True,NO_COST_FEASIBLE_SURROGATE
C6|O_LR_MIX|64|FULL|1e-05|0.01|8,SAMPLE_AND_LOGP,1.0,0.05,D_DIRECT,True,2204689.05,1111218.05,2204689.05,2204689.05,False,0,0,0,0,True,8,4,False,False,60,False,True,False,True,True,NO_COST_FEASIBLE_SURROGATE
C6|O_LR_MIX|64|FULL|1e-05|0.01|8,SAMPLE_AND_LOGP,1.0,0.05,D_KNOWN_EVENT_LOGP,True,2204689.05,101088.0,2204689.05,2204689.05,False,0,0,0,0,True,88,4,False,False,60,False,True,False,True,True,NO_COST_FEASIBLE_SURROGATE
C6|O_LR_MIX|64|FULL|1e-05|0.1|8,SAMPLE_AND_LOGP,0.05,0.05,D_DIRECT,True,2096333.95,1056608.25,2096333.95,2096333.95,False,0,0,0,0,True,8,4,False,False,60,False,True,False,True,True,NO_COST_FEASIBLE_SURROGATE
C6|O_LR_MIX|64|FULL|1e-05|0.1|8,SAMPLE_AND_LOGP,0.05,0.05,D_KNOWN_EVENT_LOGP,True,2096333.95,5670.0,2096333.95,2096333.95,False,0,0,0,0,True,1479,4,False,False,60,False,True,False,True,True,NO_COST_FEASIBLE_SURROGATE
C6|O_LR_MIX|64|FULL|1e-05|0.1|8,SAMPLE_AND_LOGP,0.25,0.05,D_DIRECT,True,2119145.55,1068105.05,2119145.55,2119145.55,False,0,0,0,0,True,8,4,False,False,60,False,True,False,True,True,NO_COST_FEASIBLE_SURROGATE
C6|O_LR_MIX|64|FULL|1e-05|0.1|8,SAMPLE_AND_LOGP,0.25,0.05,D_KNOWN_EVENT_LOGP,True,2119145.55,25758.0,2119145.55,2119145.55,False,0,0,0,0,True,330,4,False,False,60,False,True,False,True,True,NO_COST_FEASIBLE_SURROGATE
C6|O_LR_MIX|64|FULL|1e-05|0.1|8,SAMPLE_AND_LOGP,1.0,0.05,D_DIRECT,True,2204689.05,1111218.05,2204689.05,2204689.05,False,0,0,0,0,True,8,4,False,False,60,False,True,False,True,True,NO_COST_FEASIBLE_SURROGATE
C6|O_LR_MIX|64|FULL|1e-05|0.1|8,SAMPLE_AND_LOGP,1.0,0.05,D_KNOWN_EVENT_LOGP,True,2204689.05,101088.0,2204689.05,2204689.05,False,0,0,0,0,True,88,4,False,False,60,False,True,False,True,True,NO_COST_FEASIBLE_SURROGATE
C6|O_LR_MIX|64|FULL|0.01|0.01|8,SAMPLE_AND_LOGP,0.05,0.05,D_DIRECT,True,2096333.95,1056608.25,2096333.95,2096333.95,False,0,0,0,0,True,8,4,False,False,60,False,True,False,True,True,NO_COST_FEASIBLE_SURROGATE
C6|O_LR_MIX|64|FULL|0.01|0.01|8,SAMPLE_AND_LOGP,0.05,0.05,D_KNOWN_EVENT_LOGP,True,2096333.95,5670.0,2096333.95,2096333.95,False,0,0,0,0,True,1479,4,False,False,60,False,True,False,True,True,NO_COST_FEASIBLE_SURROGATE
C6|O_LR_MIX|64|FULL|0.01|0.01|8,SAMPLE_AND_LOGP,0.25,0.05,D_DIRECT,True,2119145.55,1068105.05,2119145.55,2119145.55,False,0,0,0,0,True,8,4,False,False,60,False,True,False,True,True,NO_COST_FEASIBLE_SURROGATE
C6|O_LR_MIX|64|FULL|0.01|0.01|8,SAMPLE_AND_LOGP,0.25,0.05,D_KNOWN_EVENT_LOGP,True,2119145.55,25758.0,2119145.55,2119145.55,False,0,0,0,0,True,330,4,False,False,60,False,True,False,True,True,NO_COST_FEASIBLE_SURROGATE
C6|O_LR_MIX|64|FULL|0.01|0.01|8,SAMPLE_AND_LOGP,1.0,0.05,D_DIRECT,True,2204689.05,1111218.05,2204689.05,2204689.05,False,0,0,0,0,True,8,4,False,False,60,False,True,False,True,True,NO_COST_FEASIBLE_SURROGATE
C6|O_LR_MIX|64|FULL|0.01|0.01|8,SAMPLE_AND_LOGP,1.0,0.05,D_KNOWN_EVENT_LOGP,True,2204689.05,101088.0,2204689.05,2204689.05,False,0,0,0,0,True,88,4,False,False,60,False,True,False,True,True,NO_COST_FEASIBLE_SURROGATE
C6|O_LR_MIX|64|FULL|0.01|0.1|8,SAMPLE_AND_LOGP,0.05,0.05,D_DIRECT,True,2096333.95,1056608.25,2096333.95,2096333.95,False,0,0,0,0,True,8,4,False,False,60,False,True,False,True,True,NO_COST_FEASIBLE_SURROGATE
C6|O_LR_MIX|64|FULL|0.01|0.1|8,SAMPLE_AND_LOGP,0.05,0.05,D_KNOWN_EVENT_LOGP,True,2096333.95,5670.0,2096333.95,2096333.95,False,0,0,0,0,True,1479,4,False,False,60,False,True,False,True,True,NO_COST_FEASIBLE_SURROGATE
C6|O_LR_MIX|64|FULL|0.01|0.1|8,SAMPLE_AND_LOGP,0.25,0.05,D_DIRECT,True,2119145.55,1068105.05,2119145.55,2119145.55,False,0,0,0,0,True,8,4,False,False,60,False,True,False,True,True,NO_COST_FEASIBLE_SURROGATE
C6|O_LR_MIX|64|FULL|0.01|0.1|8,SAMPLE_AND_LOGP,0.25,0.05,D_KNOWN_EVENT_LOGP,True,2119145.55,25758.0,2119145.55,2119145.55,False,0,0,0,0,True,330,4,False,False,60,False,True,False,True,True,NO_COST_FEASIBLE_SURROGATE
C6|O_LR_MIX|64|FULL|0.01|0.1|8,SAMPLE_AND_LOGP,1.0,0.05,D_DIRECT,True,2204689.05,1111218.05,2204689.05,2204689.05,False,0,0,0,0,True,8,4,False,False,60,False,True,False,True,True,NO_COST_FEASIBLE_SURROGATE
C6|O_LR_MIX|64|FULL|0.01|0.1|8,SAMPLE_AND_LOGP,1.0,0.05,D_KNOWN_EVENT_LOGP,True,2204689.05,101088.0,2204689.05,2204689.05,False,0,0,0,0,True,88,4,False,False,60,False,True,False,True,True,NO_COST_FEASIBLE_SURROGATE
C5|O_LR_ORIGIN|16|4|1e-05|0.01|8,SAMPLE_AND_LOGP,0.05,0.05,D_DIRECT,True,406437.25,198143.45,406437.25,406437.25,False,0,0,0,0,True,9,4,False,False,60,False,True,False,True,True,NO_COST_FEASIBLE_SURROGATE
C5|O_LR_ORIGIN|16|4|1e-05|0.01|8,SAMPLE_AND_LOGP,0.05,0.05,D_KNOWN_EVENT_LOGP,True,406437.25,5670.0,406437.25,406437.25,False,0,0,0,0,True,287,4,False,False,60,False,True,False,True,True,NO_COST_FEASIBLE_SURROGATE
C5|O_LR_ORIGIN|16|4|1e-05|0.01|8,SAMPLE_AND_LOGP,0.25,0.05,D_DIRECT,True,513505.05,251898.85,513505.05,513505.05,False,0,0,0,0,True,9,4,False,False,60,False,True,False,True,True,NO_COST_FEASIBLE_SURROGATE
C5|O_LR_ORIGIN|16|4|1e-05|0.01|8,SAMPLE_AND_LOGP,0.25,0.05,D_KNOWN_EVENT_LOGP,True,513505.05,25758.0,513505.05,513505.05,False,0,0,0,0,True,80,4,False,False,60,False,True,False,True,True,NO_COST_FEASIBLE_SURROGATE
C5|O_LR_ORIGIN|16|4|1e-05|0.01|8,SAMPLE_AND_LOGP,1.0,0.05,D_DIRECT,True,915009.3,453481.6,915009.3,915009.3,False,0,0,0,0,True,9,4,False,False,60,False,True,False,True,True,NO_COST_FEASIBLE_SURROGATE
C5|O_LR_ORIGIN|16|4|1e-05|0.01|8,SAMPLE_AND_LOGP,1.0,0.05,D_KNOWN_EVENT_LOGP,True,915009.3,101088.0,915009.3,915009.3,False,0,0,0,0,True,37,4,False,False,60,False,True,False,True,True,NO_COST_FEASIBLE_SURROGATE
C5|O_LR_ORIGIN|256|4|1e-05|0.01|8,SAMPLE_AND_LOGP,0.05,0.05,D_DIRECT,True,6074425.2,2937527.9,6074425.2,6074425.2,False,0,0,0,0,True,9,4,False,False,60,False,True,False,True,True,NO_COST_FEASIBLE_SURROGATE
C5|O_LR_ORIGIN|256|4|1e-05|0.01|8,SAMPLE_AND_LOGP,0.05,0.05,D_KNOWN_EVENT_LOGP,True,6074425.2,5670.0,6074425.2,6074425.2,False,0,0,0,0,True,4286,4,False,False,60,False,True,False,True,True,NO_COST_FEASIBLE_SURROGATE
C5|O_LR_ORIGIN|256|4|1e-05|0.01|8,SAMPLE_AND_LOGP,0.25,0.05,D_DIRECT,True,6249988.8,3025805.9,6249988.8,6249988.8,False,0,0,0,0,True,9,4,False,False,60,False,True,False,True,True,NO_COST_FEASIBLE_SURROGATE
C5|O_LR_ORIGIN|256|4|1e-05|0.01|8,SAMPLE_AND_LOGP,0.25,0.05,D_KNOWN_EVENT_LOGP,True,6249988.8,25758.0,6249988.8,6249988.8,False,0,0,0,0,True,971,4,False,False,60,False,True,False,True,True,NO_COST_FEASIBLE_SURROGATE
C5|O_LR_ORIGIN|256|4|1e-05|0.01|8,SAMPLE_AND_LOGP,1.0,0.05,D_DIRECT,True,6908352.3,3356848.4,6908352.3,6908352.3,False,0,0,0,0,True,9,4,False,False,60,False,True,False,True,True,NO_COST_FEASIBLE_SURROGATE
C5|O_LR_ORIGIN|256|4|1e-05|0.01|8,SAMPLE_AND_LOGP,1.0,0.05,D_KNOWN_EVENT_LOGP,True,6908352.3,101088.0,6908352.3,6908352.3,False,0,0,0,0,True,274,4,False,False,60,False,True,False,True,True,NO_COST_FEASIBLE_SURROGATE
C5|O_LR_ORIGIN|64|4|1e-05|0.01|1,SAMPLE_AND_LOGP,0.05,0.05,D_DIRECT,True,191616.3,752021.5499999999,191616.3,191616.3,False,0,0,0,0,True,2,4,True,True,60,True,True,False,True,True,COST_CROSSING_WITHIN_TESTED_DOMAIN
C5|O_LR_ORIGIN|64|4|1e-05|0.01|1,SAMPLE_AND_LOGP,0.05,0.05,D_KNOWN_EVENT_LOGP,True,191616.3,5670.0,191616.3,191616.3,False,0,0,0,0,True,136,4,False,False,60,False,True,False,True,True,NO_COST_FEASIBLE_SURROGATE
C5|O_LR_ORIGIN|64|4|1e-05|0.01|1,SAMPLE_AND_LOGP,0.25,0.05,D_DIRECT,True,212166.3,835434.35,212166.3,212166.3,False,0,0,0,0,True,2,4,True,True,60,True,True,False,True,True,COST_CROSSING_WITHIN_TESTED_DOMAIN
C5|O_LR_ORIGIN|64|4|1e-05|0.01|1,SAMPLE_AND_LOGP,0.25,0.05,D_KNOWN_EVENT_LOGP,True,212166.3,25758.0,212166.3,212166.3,False,0,0,0,0,True,33,4,False,False,60,False,True,False,True,True,NO_COST_FEASIBLE_SURROGATE
C5|O_LR_ORIGIN|64|4|1e-05|0.01|1,SAMPLE_AND_LOGP,1.0,0.05,D_DIRECT,True,289228.8,1148232.35,289228.8,289228.8,False,0,0,0,0,True,2,4,True,True,60,True,True,False,True,True,COST_CROSSING_WITHIN_TESTED_DOMAIN
C5|O_LR_ORIGIN|64|4|1e-05|0.01|1,SAMPLE_AND_LOGP,1.0,0.05,D_KNOWN_EVENT_LOGP,True,289228.8,101088.0,289228.8,289228.8,False,0,0,0,0,True,12,4,False,False,60,False,True,False,True,True,NO_COST_FEASIBLE_SURROGATE
C5|O_LR_ORIGIN|64|4|1e-05|0.01|2,SAMPLE_AND_LOGP,0.05,0.05,D_DIRECT,True,391175.5,752021.5499999999,391175.5,391175.5,False,0,0,0,0,True,3,4,True,True,60,True,True,False,True,True,COST_CROSSING_WITHIN_TESTED_DOMAIN
C5|O_LR_ORIGIN|64|4|1e-05|0.01|2,SAMPLE_AND_LOGP,0.05,0.05,D_KNOWN_EVENT_LOGP,True,391175.5,5670.0,391175.5,391175.5,False,0,0,0,0,True,276,4,False,False,60,False,True,False,True,True,NO_COST_FEASIBLE_SURROGATE
C5|O_LR_ORIGIN|64|4|1e-05|0.01|2,SAMPLE_AND_LOGP,0.25,0.05,D_DIRECT,True,434071.3,835434.35,434071.3,434071.3,False,0,0,0,0,True,3,4,True,True,60,True,True,False,True,True,COST_CROSSING_WITHIN_TESTED_DOMAIN
C5|O_LR_ORIGIN|64|4|1e-05|0.01|2,SAMPLE_AND_LOGP,0.25,0.05,D_KNOWN_EVENT_LOGP,True,434071.3,25758.0,434071.3,434071.3,False,0,0,0,0,True,68,4,False,False,60,False,True,False,True,True,NO_COST_FEASIBLE_SURROGATE
C5|O_LR_ORIGIN|64|4|1e-05|0.01|2,SAMPLE_AND_LOGP,1.0,0.05,D_DIRECT,True,594930.55,1148232.35,594930.55,594930.55,False,0,0,0,0,True,3,4,True,True,60,True,True,False,True,True,COST_CROSSING_WITHIN_TESTED_DOMAIN
C5|O_LR_ORIGIN|64|4|1e-05|0.01|2,SAMPLE_AND_LOGP,1.0,0.05,D_KNOWN_EVENT_LOGP,True,594930.55,101088.0,594930.55,594930.55,False,0,0,0,0,True,24,4,False,False,60,False,True,False,True,True,NO_COST_FEASIBLE_SURROGATE
C5|O_LR_ORIGIN|64|4|1e-05|0.01|4,SAMPLE_AND_LOGP,0.05,0.05,D_DIRECT,True,784921.9500000001,752021.5499999999,784921.9500000001,784921.9500000001,False,0,0,0,0,True,5,4,False,False,60,False,True,False,True,True,NO_COST_FEASIBLE_SURROGATE
C5|O_LR_ORIGIN|64|4|1e-05|0.01|4,SAMPLE_AND_LOGP,0.05,0.05,D_KNOWN_EVENT_LOGP,True,784921.9500000001,5670.0,784921.9500000001,784921.9500000001,False,0,0,0,0,True,554,4,False,False,60,False,True,False,True,True,NO_COST_FEASIBLE_SURROGATE
C5|O_LR_ORIGIN|64|4|1e-05|0.01|4,SAMPLE_AND_LOGP,0.25,0.05,D_DIRECT,True,871289.55,835434.35,871289.55,871289.55,False,0,0,0,0,True,5,4,False,False,60,False,True,False,True,True,NO_COST_FEASIBLE_SURROGATE
C5|O_LR_ORIGIN|64|4|1e-05|0.01|4,SAMPLE_AND_LOGP,0.25,0.05,D_KNOWN_EVENT_LOGP,True,871289.55,25758.0,871289.55,871289.55,False,0,0,0,0,True,136,4,False,False,60,False,True,False,True,True,NO_COST_FEASIBLE_SURROGATE
C5|O_LR_ORIGIN|64|4|1e-05|0.01|4,SAMPLE_AND_LOGP,1.0,0.05,D_DIRECT,True,1195168.05,1148232.35,1195168.05,1195168.05,False,0,0,0,0,True,5,4,False,False,60,False,True,False,True,True,NO_COST_FEASIBLE_SURROGATE
C5|O_LR_ORIGIN|64|4|1e-05|0.01|4,SAMPLE_AND_LOGP,1.0,0.05,D_KNOWN_EVENT_LOGP,True,1195168.05,101088.0,1195168.05,1195168.05,False,0,0,0,0,True,48,4,False,False,60,False,True,False,True,True,NO_COST_FEASIBLE_SURROGATE
C6|O_LR_MIX|16|4|1e-05|0.01|8,SAMPLE_AND_LOGP,0.05,0.05,D_DIRECT,True,535287.0,270699.7,535287.0,535287.0,False,0,0,0,0,True,8,4,False,False,60,False,True,False,True,True,NO_COST_FEASIBLE_SURROGATE
C6|O_LR_MIX|16|4|1e-05|0.01|8,SAMPLE_AND_LOGP,0.05,0.05,D_KNOWN_EVENT_LOGP,True,535287.0,5670.0,535287.0,535287.0,False,0,0,0,0,True,378,4,False,False,60,False,True,False,True,True,NO_COST_FEASIBLE_SURROGATE
C6|O_LR_MIX|16|4|1e-05|0.01|8,SAMPLE_AND_LOGP,0.25,0.05,D_DIRECT,True,577079.4,291798.7,577079.4,577079.4,False,0,0,0,0,True,8,4,False,False,60,False,True,False,True,True,NO_COST_FEASIBLE_SURROGATE
C6|O_LR_MIX|16|4|1e-05|0.01|8,SAMPLE_AND_LOGP,0.25,0.05,D_KNOWN_EVENT_LOGP,True,577079.4,25758.0,577079.4,577079.4,False,0,0,0,0,True,90,4,False,False,60,False,True,False,True,True,NO_COST_FEASIBLE_SURROGATE
C6|O_LR_MIX|16|4|1e-05|0.01|8,SAMPLE_AND_LOGP,1.0,0.05,D_DIRECT,True,733800.9,370919.95,733800.9,733800.9,False,0,0,0,0,True,8,4,False,False,60,False,True,False,True,True,NO_COST_FEASIBLE_SURROGATE
C6|O_LR_MIX|16|4|1e-05|0.01|8,SAMPLE_AND_LOGP,1.0,0.05,D_KNOWN_EVENT_LOGP,True,733800.9,101088.0,733800.9,733800.9,False,0,0,0,0,True,30,4,False,False,60,False,True,False,True,True,NO_COST_FEASIBLE_SURROGATE
C6|O_LR_MIX|256|4|1e-05|0.01|8,SAMPLE_AND_LOGP,0.05,0.05,D_DIRECT,True,8353622.649999999,4206037.399999999,8353622.649999999,8353622.649999999,False,0,0,0,0,True,8,4,False,False,60,False,True,False,True,True,NO_COST_FEASIBLE_SURROGATE
C6|O_LR_MIX|256|4|1e-05|0.01|8,SAMPLE_AND_LOGP,0.05,0.05,D_KNOWN_EVENT_LOGP,True,8353622.649999999,5670.0,8353622.649999999,8353622.649999999,False,0,0,0,0,True,5894,4,False,False,60,False,True,False,True,True,NO_COST_FEASIBLE_SURROGATE
C6|O_LR_MIX|256|4|1e-05|0.01|8,SAMPLE_AND_LOGP,0.25,0.05,D_DIRECT,True,8356259.85,4207384.8,8356259.85,8356259.85,False,0,0,0,0,True,8,4,False,False,60,False,True,False,True,True,NO_COST_FEASIBLE_SURROGATE
C6|O_LR_MIX|256|4|1e-05|0.01|8,SAMPLE_AND_LOGP,0.25,0.05,D_KNOWN_EVENT_LOGP,True,8356259.85,25758.0,8356259.85,8356259.85,False,0,0,0,0,True,1298,4,False,False,60,False,True,False,True,True,NO_COST_FEASIBLE_SURROGATE
C6|O_LR_MIX|256|4|1e-05|0.01|8,SAMPLE_AND_LOGP,1.0,0.05,D_DIRECT,True,8366149.35,4212437.55,8366149.35,8366149.35,False,0,0,0,0,True,8,4,False,False,60,False,True,False,True,True,NO_COST_FEASIBLE_SURROGATE
C6|O_LR_MIX|256|4|1e-05|0.01|8,SAMPLE_AND_LOGP,1.0,0.05,D_KNOWN_EVENT_LOGP,True,8366149.35,101088.0,8366149.35,8366149.35,False,0,0,0,0,True,332,4,False,False,60,False,True,False,True,True,NO_COST_FEASIBLE_SURROGATE
C6|O_LR_MIX|64|4|1e-05|0.01|1,SAMPLE_AND_LOGP,0.05,0.05,D_DIRECT,True,256324.95,1056608.25,256324.95,256324.95,False,0,0,0,0,True,1,4,True,True,60,True,True,False,True,True,COST_CROSSING_WITHIN_TESTED_DOMAIN
C6|O_LR_MIX|64|4|1e-05|0.01|1,SAMPLE_AND_LOGP,0.05,0.05,D_KNOWN_EVENT_LOGP,True,256324.95,5670.0,256324.95,256324.95,False,0,0,0,0,True,181,4,False,False,60,False,True,False,True,True,NO_COST_FEASIBLE_SURROGATE
C6|O_LR_MIX|64|4|1e-05|0.01|1,SAMPLE_AND_LOGP,0.25,0.05,D_DIRECT,True,259139.35,1068105.05,259139.35,259139.35,False,0,0,0,0,True,1,4,True,True,60,True,True,False,True,True,COST_CROSSING_WITHIN_TESTED_DOMAIN
C6|O_LR_MIX|64|4|1e-05|0.01|1,SAMPLE_AND_LOGP,0.25,0.05,D_KNOWN_EVENT_LOGP,True,259139.35,25758.0,259139.35,259139.35,False,0,0,0,0,True,41,4,False,False,60,False,True,False,True,True,NO_COST_FEASIBLE_SURROGATE
C6|O_LR_MIX|64|4|1e-05|0.01|1,SAMPLE_AND_LOGP,1.0,0.05,D_DIRECT,True,269693.35,1111218.05,269693.35,269693.35,False,0,0,0,0,True,1,4,True,True,60,True,True,False,True,True,COST_CROSSING_WITHIN_TESTED_DOMAIN
C6|O_LR_MIX|64|4|1e-05|0.01|1,SAMPLE_AND_LOGP,1.0,0.05,D_KNOWN_EVENT_LOGP,True,269693.35,101088.0,269693.35,269693.35,False,0,0,0,0,True,11,4,False,False,60,False,True,False,True,True,NO_COST_FEASIBLE_SURROGATE
C6|O_LR_MIX|64|4|1e-05|0.01|2,SAMPLE_AND_LOGP,0.05,0.05,D_DIRECT,True,547851.0499999999,1056608.25,547851.0499999999,547851.0499999999,False,0,0,0,0,True,3,4,True,True,60,True,True,False,True,True,COST_CROSSING_WITHIN_TESTED_DOMAIN
C6|O_LR_MIX|64|4|1e-05|0.01|2,SAMPLE_AND_LOGP,0.05,0.05,D_KNOWN_EVENT_LOGP,True,547851.0499999999,5670.0,547851.0499999999,547851.0499999999,False,0,0,0,0,True,387,4,False,False,60,False,True,False,True,True,NO_COST_FEASIBLE_SURROGATE
C6|O_LR_MIX|64|4|1e-05|0.01|2,SAMPLE_AND_LOGP,0.25,0.05,D_DIRECT,True,553832.85,1068105.05,553832.85,553832.85,False,0,0,0,0,True,3,4,True,True,60,True,True,False,True,True,COST_CROSSING_WITHIN_TESTED_DOMAIN
C6|O_LR_MIX|64|4|1e-05|0.01|2,SAMPLE_AND_LOGP,0.25,0.05,D_KNOWN_EVENT_LOGP,True,553832.85,25758.0,553832.85,553832.85,False,0,0,0,0,True,87,4,False,False,60,False,True,False,True,True,NO_COST_FEASIBLE_SURROGATE
C6|O_LR_MIX|64|4|1e-05|0.01|2,SAMPLE_AND_LOGP,1.0,0.05,D_DIRECT,True,576264.6,1111218.05,576264.6,576264.6,False,0,0,0,0,True,3,4,True,True,60,True,True,False,True,True,COST_CROSSING_WITHIN_TESTED_DOMAIN
C6|O_LR_MIX|64|4|1e-05|0.01|2,SAMPLE_AND_LOGP,1.0,0.05,D_KNOWN_EVENT_LOGP,True,576264.6,101088.0,576264.6,576264.6,False,0,0,0,0,True,23,4,False,False,60,False,True,False,True,True,NO_COST_FEASIBLE_SURROGATE
C6|O_LR_MIX|64|4|1e-05|0.01|4,SAMPLE_AND_LOGP,0.05,0.05,D_DIRECT,True,1102696.1,1056608.25,1102696.1,1102696.1,False,0,0,0,0,True,5,4,False,False,60,False,True,False,True,True,NO_COST_FEASIBLE_SURROGATE
C6|O_LR_MIX|64|4|1e-05|0.01|4,SAMPLE_AND_LOGP,0.05,0.05,D_KNOWN_EVENT_LOGP,True,1102696.1,5670.0,1102696.1,1102696.1,False,0,0,0,0,True,778,4,False,False,60,False,True,False,True,True,NO_COST_FEASIBLE_SURROGATE
C6|O_LR_MIX|64|4|1e-05|0.01|4,SAMPLE_AND_LOGP,0.25,0.05,D_DIRECT,True,1114614.1,1068105.05,1114614.1,1114614.1,False,0,0,0,0,True,5,4,False,False,60,False,True,False,True,True,NO_COST_FEASIBLE_SURROGATE
C6|O_LR_MIX|64|4|1e-05|0.01|4,SAMPLE_AND_LOGP,0.25,0.05,D_KNOWN_EVENT_LOGP,True,1114614.1,25758.0,1114614.1,1114614.1,False,0,0,0,0,True,174,4,False,False,60,False,True,False,True,True,NO_COST_FEASIBLE_SURROGATE
C6|O_LR_MIX|64|4|1e-05|0.01|4,SAMPLE_AND_LOGP,1.0,0.05,D_DIRECT,True,1159306.6,1111218.05,1159306.6,1159306.6,False,0,0,0,0,True,5,4,False,False,60,False,True,False,True,True,NO_COST_FEASIBLE_SURROGATE
C6|O_LR_MIX|64|4|1e-05|0.01|4,SAMPLE_AND_LOGP,1.0,0.05,D_KNOWN_EVENT_LOGP,True,1159306.6,101088.0,1159306.6,1159306.6,False,0,0,0,0,True,46,4,False,False,60,False,True,False,True,True,NO_COST_FEASIBLE_SURROGATE
