pool,prompt_id,base_scene_id,family,interface,operation,j0,j1,center0,center1,role,DPE1,DPE1_reverse,ALG_prefix,error_magnitude,observed,truth,H,b
P,b8b9264ec37fe535eddf61d5e9775f7b7f68869c13f70434464e3620888dbdc5,1926106108e235231a0c180f8a65b079,duplicate_encoding,SYMBOLIC_FRESH,sum4,2,3,,,duplicate_encoding,True,True,True,34,"[36, 7, 52, 43]","[36, 7, 18, 43]","[[0, 0, 1, 0]]",[18]
P,e297bd714a3a5542b08cc1d4ea3e0092ddb18cf3afefe72b27c04f523506d053,1926106108e235231a0c180f8a65b079,duplicate_encoding,IMAGE_CUE_FRESH,sum4,2,3,,,duplicate_encoding,True,True,True,34,"[36, 7, 52, 43]","[36, 7, 18, 43]","[[0, 0, 1, 0]]",[18]
P,4b1d4f5531a6e3ebbbfbb07c4c2362c241be1e7b8b17c668220f6807a6dcfc53,ed7bba26218f4ab53b676405410daa27,duplicate_encoding,SYMBOLIC_FRESH,difference_pairs,2,3,,,duplicate_encoding,True,True,True,6,"[47, 35, 6, 37]","[47, 35, 12, 37]","[[0, 0, 1, 0]]",[12]
P,290688c3cdd450a8855a17897433b12f49d663a20404a7995f31a5d3df6786e8,ed7bba26218f4ab53b676405410daa27,duplicate_encoding,IMAGE_CUE_FRESH,difference_pairs,2,3,,,duplicate_encoding,True,True,True,6,"[47, 35, 6, 37]","[47, 35, 12, 37]","[[0, 0, 1, 0]]",[12]
P,889625c65a1c6407ca7e9b66b57018ee38213c3c1d152df8b7ea609858774746,ce3f3504e246039b0d1b5fa689221836,duplicate_encoding,SYMBOLIC_FRESH,range4,1,2,,,duplicate_encoding,True,True,True,16,"[0, 26, 1, 27]","[0, 10, 1, 27]","[[0, 1, 0, 0]]",[10]
P,ba73cfdf1cb6ae10281f02879cdcd4fe8a3c4ac3465aac685e1bbf9e1e8171b6,ce3f3504e246039b0d1b5fa689221836,duplicate_encoding,IMAGE_CUE_FRESH,range4,1,2,,,duplicate_encoding,True,True,True,16,"[0, 26, 1, 27]","[0, 10, 1, 27]","[[0, 1, 0, 0]]",[10]
P,05acc6610675681e489764f306788b131305238806fedaafb1f2f8e901a39a47,3cabb73cfcbad9c0cc620d07981b7784,duplicate_encoding,SYMBOLIC_FRESH,sum4,0,1,,,duplicate_encoding,True,True,True,30,"[36, 38, 21, 43]","[6, 38, 21, 43]","[[1, 0, 0, 0]]",[6]
P,6f87238810ac2b5586090e27c432e6b459ed8b8f68e8d21c840ecefacdd2ff12,3cabb73cfcbad9c0cc620d07981b7784,duplicate_encoding,IMAGE_CUE_FRESH,sum4,0,1,,,duplicate_encoding,True,True,True,30,"[36, 38, 21, 43]","[6, 38, 21, 43]","[[1, 0, 0, 0]]",[6]
P,378c70b5d8899bb536b9607beeb64188924ad16516e28b8492eacf319d98108e,eb6e1811b445c4ff5004ffb243814f40,duplicate_encoding,SYMBOLIC_FRESH,difference_pairs,3,4,,,duplicate_encoding,True,True,True,9,"[27, 23, 10, 49]","[27, 23, 10, 40]","[[0, 0, 0, 1]]",[40]
P,912bcaac19419c6544ed667b8e8670e8865cce957bf0f19b489aff45fcda1509,eb6e1811b445c4ff5004ffb243814f40,duplicate_encoding,IMAGE_CUE_FRESH,difference_pairs,3,4,,,duplicate_encoding,True,True,True,9,"[27, 23, 10, 49]","[27, 23, 10, 40]","[[0, 0, 0, 1]]",[40]
P,a19283756d5f0e44d2fc6026fa1fa8e6f9989c0b74b440a82dac2c6b5d6dfd7a,80b81de140971e5fc20af82825d75eaa,duplicate_encoding,SYMBOLIC_FRESH,range4,2,3,,,duplicate_encoding,True,True,True,6,"[43, 41, 34, 6]","[43, 41, 40, 6]","[[0, 0, 1, 0]]",[40]
P,396f92487053cb535b23489fde0c8c3e1d9fc553ae40ae8ae2593f437b8965b7,80b81de140971e5fc20af82825d75eaa,duplicate_encoding,IMAGE_CUE_FRESH,range4,2,3,,,duplicate_encoding,True,True,True,6,"[43, 41, 34, 6]","[43, 41, 40, 6]","[[0, 0, 1, 0]]",[40]
P,f0bddf113f6fb577409faa748bb0d663f06a643d498fbe7068e1002396d2df41,cb69e224e09bbd5a75a29e5e99a079cc,cross_series,SYMBOLIC_FRESH,sum4,0,1,3.0,4.0,leaf,False,True,False,42,"[79, 34, 14, 3]","[37, 34, 14, 3]","[[1, 0, 0, 1], [0, 1, 0, 1], [0, 0, 1, 1]]","[40, 37, 17]"
P,6e60281e860ffdd426657bfa5792a5392f77f8c269b6adc7d23028a52436e369,cb69e224e09bbd5a75a29e5e99a079cc,cross_series,IMAGE_CUE_FRESH,sum4,0,1,3.0,4.0,leaf,False,True,False,42,"[79, 34, 14, 3]","[37, 34, 14, 3]","[[1, 0, 0, 1], [0, 1, 0, 1], [0, 0, 1, 1]]","[40, 37, 17]"
P,148ad659304decb33302e95a0806c150c79d06d137a47a61fc4d2474a8432efd,66de7b9a6d5d38f1ea55bd92df32557f,cross_series,SYMBOLIC_FRESH,difference_pairs,0,1,1.0,2.0,leaf,False,True,False,5,"[16, 27, 12, 26]","[11, 27, 12, 26]","[[1, 1, 0, 0], [0, 1, 1, 0], [0, 1, 0, 1]]","[38, 39, 53]"
P,d925dfbff468185f6a02ba00a262b4771aca8e9fa7ad1bdeb59db7009a71e57a,66de7b9a6d5d38f1ea55bd92df32557f,cross_series,IMAGE_CUE_FRESH,difference_pairs,0,1,1.0,2.0,leaf,False,True,False,5,"[16, 27, 12, 26]","[11, 27, 12, 26]","[[1, 1, 0, 0], [0, 1, 1, 0], [0, 1, 0, 1]]","[38, 39, 53]"
P,ed601634a26a06c39a10da3848b560ae14cb6d583811aecf3b55d6dd9911187f,a8a29887411705a4f330d3b3eda14398,cross_series,SYMBOLIC_FRESH,range4,1,2,2.0,3.0,leaf,False,True,True,15,"[28, 20, 48, 17]","[28, 35, 48, 17]","[[1, 0, 1, 0], [0, 1, 1, 0], [0, 0, 1, 1]]","[76, 83, 65]"
P,df91918ded1d4eda25e3b0ac9d7747fa1501f9872144fabf449056329d435538,a8a29887411705a4f330d3b3eda14398,cross_series,IMAGE_CUE_FRESH,range4,1,2,2.0,3.0,leaf,False,True,True,15,"[28, 20, 48, 17]","[28, 35, 48, 17]","[[1, 0, 1, 0], [0, 1, 1, 0], [0, 0, 1, 1]]","[76, 83, 65]"
P,3a382fa5197fb3644e4b179f2472593fa8cede1d32111a0eb0495c529e136c70,0e243bae3c6cea8f51614b56a8111a0b,cross_series,SYMBOLIC_FRESH,sum4,0,1,1.0,2.0,leaf,False,True,False,3,"[4, 19, 48, 2]","[1, 19, 48, 2]","[[1, 1, 0, 0], [0, 1, 1, 0], [0, 1, 0, 1]]","[20, 67, 21]"
P,b7aece8b089e921ac4ef9e4ef74abf93017bdde3556797735e09b3aaff4ea6c7,0e243bae3c6cea8f51614b56a8111a0b,cross_series,IMAGE_CUE_FRESH,sum4,0,1,1.0,2.0,leaf,False,True,False,3,"[4, 19, 48, 2]","[1, 19, 48, 2]","[[1, 1, 0, 0], [0, 1, 1, 0], [0, 1, 0, 1]]","[20, 67, 21]"
P,0edf84bf79699344ebd8fdce9051dc060fa7b5b41f8bf5a2d6191633b399e59b,509c6ae2ea4d4dab4bbaa8d607b8cb8c,cross_series,SYMBOLIC_FRESH,difference_pairs,1,2,3.0,4.0,leaf,False,True,True,5,"[37, 13, 35, 34]","[37, 18, 35, 34]","[[1, 0, 0, 1], [0, 1, 0, 1], [0, 0, 1, 1]]","[71, 52, 69]"
P,4b2d57d2b5052340b360beee94c467f967e1e5a82b59e52e8b71112545e14650,509c6ae2ea4d4dab4bbaa8d607b8cb8c,cross_series,IMAGE_CUE_FRESH,difference_pairs,1,2,3.0,4.0,leaf,False,True,True,5,"[37, 13, 35, 34]","[37, 18, 35, 34]","[[1, 0, 0, 1], [0, 1, 0, 1], [0, 0, 1, 1]]","[71, 52, 69]"
P,6763f441e7c1014393c869ecc597c0f6223544b3c4af739a5232da24fa482dba,7234abc2798b30964d640f6174da79ba,cross_series,SYMBOLIC_FRESH,range4,1,2,2.0,3.0,leaf,False,True,True,56,"[20, 83, 14, 25]","[20, 27, 14, 25]","[[1, 0, 1, 0], [0, 1, 1, 0], [0, 0, 1, 1]]","[34, 41, 39]"
P,b3d857f414a70e3469a71ed42cb905fdafd782b36c6f6c0b18cc5e29b61cbb4f,7234abc2798b30964d640f6174da79ba,cross_series,IMAGE_CUE_FRESH,range4,1,2,2.0,3.0,leaf,False,True,True,56,"[20, 83, 14, 25]","[20, 27, 14, 25]","[[1, 0, 1, 0], [0, 1, 1, 0], [0, 0, 1, 1]]","[34, 41, 39]"
P,7f757d1429b868ccf55a5bc5292c0b0b9871639cc7ab289a708f42d70e38cbe3,ee3c2dd9abd75903d5b141806cf51fd1,trend,SYMBOLIC_FRESH,sum4,2,3,,,trend,True,False,True,64,"[4, 16, 92, 40]","[4, 16, 28, 40]","[[1, -2, 1, 0], [0, 1, -2, 1]]","[0, 0]"
P,1026df721b4684cb0ea3859c99f81195d1b1ebe859afc87c9a60fc798dbc07cb,ee3c2dd9abd75903d5b141806cf51fd1,trend,IMAGE_CUE_FRESH,sum4,2,3,,,trend,True,False,True,64,"[4, 16, 92, 40]","[4, 16, 28, 40]","[[1, -2, 1, 0], [0, 1, -2, 1]]","[0, 0]"
P,755e6533819dea2337b907d2f6ebcbefd7612f0492179427a2f62a40fb389635,c77d0b7e0ce033aff5009f069efdd758,trend,SYMBOLIC_FRESH,difference_pairs,1,2,,,trend,False,True,False,2,"[27, 23, 23, 21]","[27, 25, 23, 21]","[[1, -2, 1, 0], [0, 1, -2, 1]]","[0, 0]"
P,078ae5675eeaf4024e92f851c08bea9480a93b216e20291d39da53ee6a9d42ee,c77d0b7e0ce033aff5009f069efdd758,trend,IMAGE_CUE_FRESH,difference_pairs,1,2,,,trend,False,True,False,2,"[27, 23, 23, 21]","[27, 25, 23, 21]","[[1, -2, 1, 0], [0, 1, -2, 1]]","[0, 0]"
P,af78c5459203d629d1b23668de90dae47a3ae85bb9f29c8b46be2eb226d45572,ca6d6904bdb1242fa1233d7dd031c6f3,trend,SYMBOLIC_FRESH,range4,1,2,,,trend,False,True,False,42,"[45, 83, 37, 33]","[45, 41, 37, 33]","[[1, -2, 1, 0], [0, 1, -2, 1]]","[0, 0]"
P,faca1fc3fd313321d5f9feb1f21e12d21cbd94df15a10e8596d221ec5c675dc1,ca6d6904bdb1242fa1233d7dd031c6f3,trend,IMAGE_CUE_FRESH,range4,1,2,,,trend,False,True,False,42,"[45, 83, 37, 33]","[45, 41, 37, 33]","[[1, -2, 1, 0], [0, 1, -2, 1]]","[0, 0]"
P,357065a6fece312f80ce89e7990326ad5afae6863814b17a64c05fbbf800fb7a,d658846113dc00d61b7ee9a60854808b,trend,SYMBOLIC_FRESH,sum4,2,3,,,trend,True,False,True,3,"[21, 28, 32, 42]","[21, 28, 35, 42]","[[1, -2, 1, 0], [0, 1, -2, 1]]","[0, 0]"
P,00d1db6ba4d920b934f1a84d3ab76c80c4d5347dd01305e75bd852f003cf3e7b,d658846113dc00d61b7ee9a60854808b,trend,IMAGE_CUE_FRESH,sum4,2,3,,,trend,True,False,True,3,"[21, 28, 32, 42]","[21, 28, 35, 42]","[[1, -2, 1, 0], [0, 1, -2, 1]]","[0, 0]"
P,57d54092508a28481999db01dcbe294845bb80eb2c23ce4b2097de915decef46,b6eee14da465e38607c20f08355dad22,trend,SYMBOLIC_FRESH,difference_pairs,1,2,,,trend,False,True,False,7,"[17, 5, 7, 2]","[17, 12, 7, 2]","[[1, -2, 1, 0], [0, 1, -2, 1]]","[0, 0]"
P,4ff390193fbfc4d39ea3dcb8ef5503db607cbf90c816568bae0c9759b5363dcb,b6eee14da465e38607c20f08355dad22,trend,IMAGE_CUE_FRESH,difference_pairs,1,2,,,trend,False,True,False,7,"[17, 5, 7, 2]","[17, 12, 7, 2]","[[1, -2, 1, 0], [0, 1, -2, 1]]","[0, 0]"
P,8de274f4a4a23245de465a0780b5a631e681697a11147779eebb4ce062b92ef2,d589296ae355f09c75465f79c04cc4af,trend,SYMBOLIC_FRESH,range4,2,3,,,trend,True,False,True,37,"[4, 14, 61, 34]","[4, 14, 24, 34]","[[1, -2, 1, 0], [0, 1, -2, 1]]","[0, 0]"
P,a490f44494e4a7ac4b93ce5b6746c93a72c94d701f5b4c72b758d4b895c59057,d589296ae355f09c75465f79c04cc4af,trend,IMAGE_CUE_FRESH,range4,2,3,,,trend,True,False,True,37,"[4, 14, 61, 34]","[4, 14, 24, 34]","[[1, -2, 1, 0], [0, 1, -2, 1]]","[0, 0]"
P,06c21759db71aa7d0ffb2babfe8a120d458f4f63e67ef4ed8e6dc03e59fdb934,897f7d66aca2aed9a77df21ecc49cb10,duplicate_encoding,SYMBOLIC_FRESH,sum4,2,3,,,duplicate_encoding,True,True,True,5,"[34, 0, 14, 49]","[34, 0, 9, 49]","[[0, 0, 1, 0]]",[9]
P,afe36b69bc60b92e55713873d4c1b077e9f0dab1529d6d73dc992bbf78cbc852,897f7d66aca2aed9a77df21ecc49cb10,duplicate_encoding,IMAGE_CUE_FRESH,sum4,2,3,,,duplicate_encoding,True,True,True,5,"[34, 0, 14, 49]","[34, 0, 9, 49]","[[0, 0, 1, 0]]",[9]
P,79309953cbe47592d416bca126b4231e2e58596c6ba49cd2a57152df93bc784d,314b8d7188d72c9d0b7cc14e6df0be98,duplicate_encoding,SYMBOLIC_FRESH,difference_pairs,3,4,,,duplicate_encoding,True,True,True,72,"[39, 11, 13, 95]","[39, 11, 13, 23]","[[0, 0, 0, 1]]",[23]
P,73facdaba501ca65efb112cdaa03cbb149c4865d11f356aee33571571e4e8303,314b8d7188d72c9d0b7cc14e6df0be98,duplicate_encoding,IMAGE_CUE_FRESH,difference_pairs,3,4,,,duplicate_encoding,True,True,True,72,"[39, 11, 13, 95]","[39, 11, 13, 23]","[[0, 0, 0, 1]]",[23]
P,06e90b8d181d7e518a04027b96c64b41b2bc11225bb317ea9c75cbc4d7bbd678,9e6ef5d5fe7e98f330b89984f9e2322d,duplicate_encoding,SYMBOLIC_FRESH,range4,1,2,,,duplicate_encoding,True,True,True,67,"[16, 79, 19, 32]","[16, 12, 19, 32]","[[0, 1, 0, 0]]",[12]
P,697dd50c171147ade1fc38786cebab380fd012c5434224893ad859850e45a5ad,9e6ef5d5fe7e98f330b89984f9e2322d,duplicate_encoding,IMAGE_CUE_FRESH,range4,1,2,,,duplicate_encoding,True,True,True,67,"[16, 79, 19, 32]","[16, 12, 19, 32]","[[0, 1, 0, 0]]",[12]
P,5260feaa0eb15bb05ada3b49a2ab6b9b13fd1d4431d57afb217ab5186408e67d,2f6256af22020bdd71074ea58191e7f8,duplicate_encoding,SYMBOLIC_FRESH,sum4,3,4,,,duplicate_encoding,True,True,True,10,"[33, 25, 18, 18]","[33, 25, 18, 28]","[[0, 0, 0, 1]]",[28]
P,aafb09efa4ee7d99b033980d3d3c3e7e0305e859561c70e07d43ddd939af3f9d,2f6256af22020bdd71074ea58191e7f8,duplicate_encoding,IMAGE_CUE_FRESH,sum4,3,4,,,duplicate_encoding,True,True,True,10,"[33, 25, 18, 18]","[33, 25, 18, 28]","[[0, 0, 0, 1]]",[28]
P,2184cf171708bcdea909bcc9f30d930bea586b0d893c1ce064415ee67999fce2,a88c027baa04dbbcd7f766a7a5d7d38c,duplicate_encoding,SYMBOLIC_FRESH,difference_pairs,3,4,,,duplicate_encoding,True,True,True,3,"[21, 27, 41, 43]","[21, 27, 41, 40]","[[0, 0, 0, 1]]",[40]
P,c9a7f9e5d12357c7407bed219c8eb4b52cb11fb2b8a7d682586ae02ac11faf76,a88c027baa04dbbcd7f766a7a5d7d38c,duplicate_encoding,IMAGE_CUE_FRESH,difference_pairs,3,4,,,duplicate_encoding,True,True,True,3,"[21, 27, 41, 43]","[21, 27, 41, 40]","[[0, 0, 0, 1]]",[40]
P,8fff053fda2b393fd62e1be9e4b2f2901a17ff838f8b18d34e078dc59ebf2559,87927a918baaefa3777f0a2c2b72954d,duplicate_encoding,SYMBOLIC_FRESH,range4,1,2,,,duplicate_encoding,True,True,True,1,"[47, 26, 13, 10]","[47, 27, 13, 10]","[[0, 1, 0, 0]]",[27]
P,8f59797ebed908418117cee093b92b5568ad765b53529e92322f63d7468fefba,87927a918baaefa3777f0a2c2b72954d,duplicate_encoding,IMAGE_CUE_FRESH,range4,1,2,,,duplicate_encoding,True,True,True,1,"[47, 26, 13, 10]","[47, 27, 13, 10]","[[0, 1, 0, 0]]",[27]
P,9154a17fc148f5ff12f94ba302506a355c3f8e7ba3e7087864eedbc2bc33be4f,3fcc967e15d67c021038d58064b6a0b2,cross_series,SYMBOLIC_FRESH,sum4,1,2,0.0,1.0,leaf,True,False,True,5,"[13, 34, 49, 19]","[13, 29, 49, 19]","[[1, 1, 0, 0], [1, 0, 1, 0], [1, 0, 0, 1]]","[42, 62, 32]"
P,1b280225bf8880af6c3ad905a2a7c8b00658482f7474179fe025b0d956505985,3fcc967e15d67c021038d58064b6a0b2,cross_series,IMAGE_CUE_FRESH,sum4,1,2,0.0,1.0,leaf,True,False,True,5,"[13, 34, 49, 19]","[13, 29, 49, 19]","[[1, 1, 0, 0], [1, 0, 1, 0], [1, 0, 0, 1]]","[42, 62, 32]"
P,e599800f87f988bad8df323c9f70088e312b0261865e2ad5877313c6bcb1f62e,6dc8967ad24f6b57bebc570193f4eaca,cross_series,SYMBOLIC_FRESH,difference_pairs,1,2,0.0,1.0,leaf,True,False,True,58,"[26, 69, 19, 21]","[26, 11, 19, 21]","[[1, 1, 0, 0], [1, 0, 1, 0], [1, 0, 0, 1]]","[37, 45, 47]"
P,f19ecbce3b4552266698870e1ee16f55a9a72a01b97082e6669087f3b1b5c0e8,6dc8967ad24f6b57bebc570193f4eaca,cross_series,IMAGE_CUE_FRESH,difference_pairs,1,2,0.0,1.0,leaf,True,False,True,58,"[26, 69, 19, 21]","[26, 11, 19, 21]","[[1, 1, 0, 0], [1, 0, 1, 0], [1, 0, 0, 1]]","[37, 45, 47]"
P,31d62da0e8a03f6ab1c03280a89d70f34f6ce7baa8a6f7cf84fbd49bffef84ab,c20c7b3b0f8b5a9cc98380af081e77ac,cross_series,SYMBOLIC_FRESH,range4,3,4,3.0,4.0,center,True,False,True,46,"[29, 18, 46, 65]","[29, 18, 46, 19]","[[1, 0, 0, 1], [0, 1, 0, 1], [0, 0, 1, 1]]","[48, 37, 65]"
P,b9de63255d1d8f77f51e84c8c838147c15773f9606dc38f2201e9cfb31a4670f,c20c7b3b0f8b5a9cc98380af081e77ac,cross_series,IMAGE_CUE_FRESH,range4,3,4,3.0,4.0,center,True,False,True,46,"[29, 18, 46, 65]","[29, 18, 46, 19]","[[1, 0, 0, 1], [0, 1, 0, 1], [0, 0, 1, 1]]","[48, 37, 65]"
P,2e5dbcc4f19c7133529dd939504ffa0344f96a14807661e9bbc840a300dcfc17,c908e64836cc46c9a1f09b0d4034fc5f,cross_series,SYMBOLIC_FRESH,sum4,1,2,1.0,2.0,center,True,True,True,62,"[27, 70, 42, 37]","[27, 8, 42, 37]","[[1, 1, 0, 0], [0, 1, 1, 0], [0, 1, 0, 1]]","[35, 50, 45]"
P,4dd90a68850785eff9123d1f66538b5e50e7dc8c1ee4efbd32d0ae2fe5118d4f,c908e64836cc46c9a1f09b0d4034fc5f,cross_series,IMAGE_CUE_FRESH,sum4,1,2,1.0,2.0,center,True,True,True,62,"[27, 70, 42, 37]","[27, 8, 42, 37]","[[1, 1, 0, 0], [0, 1, 1, 0], [0, 1, 0, 1]]","[35, 50, 45]"
P,46090054027876013b7b32b1de8b0749119ef4344d753e00bf8a15da9482b12c,124728344fb2d05cfbaba991e8648572,cross_series,SYMBOLIC_FRESH,difference_pairs,3,4,3.0,4.0,center,True,False,True,5,"[10, 48, 46, 28]","[10, 48, 46, 33]","[[1, 0, 0, 1], [0, 1, 0, 1], [0, 0, 1, 1]]","[43, 81, 79]"
P,61ad4f134c3145b3f6ef74b15c2cfab1a285cbe822a9fa7345081d37718df3bf,124728344fb2d05cfbaba991e8648572,cross_series,IMAGE_CUE_FRESH,difference_pairs,3,4,3.0,4.0,center,True,False,True,5,"[10, 48, 46, 28]","[10, 48, 46, 33]","[[1, 0, 0, 1], [0, 1, 0, 1], [0, 0, 1, 1]]","[43, 81, 79]"
P,583f1ed25d211202d51fe4b520baf51c32107ca00ed76e2fa1e8c1ac67a7feb6,9b18297b827fac9a9c06f5ea52f882c3,cross_series,SYMBOLIC_FRESH,range4,3,4,1.0,2.0,leaf,True,False,True,56,"[19, 10, 41, 73]","[19, 10, 41, 17]","[[1, 1, 0, 0], [0, 1, 1, 0], [0, 1, 0, 1]]","[29, 51, 27]"
P,a2430892734a28be3da957aba72c71aa3bd618e707e8c42668850dc4ecbedce7,9b18297b827fac9a9c06f5ea52f882c3,cross_series,IMAGE_CUE_FRESH,range4,3,4,1.0,2.0,leaf,True,False,True,56,"[19, 10, 41, 73]","[19, 10, 41, 17]","[[1, 1, 0, 0], [0, 1, 1, 0], [0, 1, 0, 1]]","[29, 51, 27]"
P,b16f7ddfd6fa6644bf100db675a612d93602ac6c13b093a05d97ef6494c904ca,85a0cb2d81553f3d872516a364a78279,trend,SYMBOLIC_FRESH,sum4,3,4,,,trend,True,False,True,2,"[0, 8, 16, 22]","[0, 8, 16, 24]","[[1, -2, 1, 0], [0, 1, -2, 1]]","[0, 0]"
P,5f0b1adc6a0d48c1574538a6f6ee460b3946285ecd4de51cbdddf956d7cec660,85a0cb2d81553f3d872516a364a78279,trend,IMAGE_CUE_FRESH,sum4,3,4,,,trend,True,False,True,2,"[0, 8, 16, 22]","[0, 8, 16, 24]","[[1, -2, 1, 0], [0, 1, -2, 1]]","[0, 0]"
P,019b45f48b806d7ffecee4a36620b47be14d0d4ec0daf3d0a0c1a7581fec0141,3b0ee0218ba64433ac5309de00b3ccea,trend,SYMBOLIC_FRESH,difference_pairs,3,4,,,trend,True,False,True,20,"[18, 21, 24, 47]","[18, 21, 24, 27]","[[1, -2, 1, 0], [0, 1, -2, 1]]","[0, 0]"
P,e4f368eed21e73c0b5acb81bca6738bd1af6b065733df30f59980ab9944e9421,3b0ee0218ba64433ac5309de00b3ccea,trend,IMAGE_CUE_FRESH,difference_pairs,3,4,,,trend,True,False,True,20,"[18, 21, 24, 47]","[18, 21, 24, 27]","[[1, -2, 1, 0], [0, 1, -2, 1]]","[0, 0]"
P,181818938f56d0c8f79321811300dd5be2eca833cef5ce08313030ea12aaa265,c6342160216a608b0c78587a75c20fb0,trend,SYMBOLIC_FRESH,range4,1,2,,,trend,False,True,False,54,"[22, 71, 12, 7]","[22, 17, 12, 7]","[[1, -2, 1, 0], [0, 1, -2, 1]]","[0, 0]"
P,3abb2f1080d809ff79823d26c2bcc25c049fa4bfd5348c599d0d5997cd410407,c6342160216a608b0c78587a75c20fb0,trend,IMAGE_CUE_FRESH,range4,1,2,,,trend,False,True,False,54,"[22, 71, 12, 7]","[22, 17, 12, 7]","[[1, -2, 1, 0], [0, 1, -2, 1]]","[0, 0]"
P,8d2373f9dc75f6bdf3f933b044032108c840f10d5e5d101e1f49b6ffecac8d09,6975856ea2ca1005f10daeb6781d3b40,trend,SYMBOLIC_FRESH,sum4,2,3,,,trend,True,False,True,79,"[8, 7, 85, 5]","[8, 7, 6, 5]","[[1, -2, 1, 0], [0, 1, -2, 1]]","[0, 0]"
P,b448a19838556254f68ff0718da12fd2611a5de909f1276a406ca4c11d3d2326,6975856ea2ca1005f10daeb6781d3b40,trend,IMAGE_CUE_FRESH,sum4,2,3,,,trend,True,False,True,79,"[8, 7, 85, 5]","[8, 7, 6, 5]","[[1, -2, 1, 0], [0, 1, -2, 1]]","[0, 0]"
P,2bfc8349544dd204fbbf4cd5cabdb1719c48319f38f48936639c80229e6d5114,3ddea4cc31b9c92c4b533a35737859a9,trend,SYMBOLIC_FRESH,difference_pairs,1,2,,,trend,False,True,False,30,"[2, 35, 8, 11]","[2, 5, 8, 11]","[[1, -2, 1, 0], [0, 1, -2, 1]]","[0, 0]"
P,cf2bf55dae184df5e8799810ab8d4ab7febb74985d80b33b1b597730ecac6d98,3ddea4cc31b9c92c4b533a35737859a9,trend,IMAGE_CUE_FRESH,difference_pairs,1,2,,,trend,False,True,False,30,"[2, 35, 8, 11]","[2, 5, 8, 11]","[[1, -2, 1, 0], [0, 1, -2, 1]]","[0, 0]"
P,41d5780681c03311a84f71ee6bacac2ce116ddc949f92fb8826b7e496bc58566,bd7d2ed490cc837cb48542166666d926,trend,SYMBOLIC_FRESH,range4,3,4,,,trend,True,False,True,60,"[16, 12, 8, 64]","[16, 12, 8, 4]","[[1, -2, 1, 0], [0, 1, -2, 1]]","[0, 0]"
P,6f19f9d1b62db36277e41c727c362551a2e1ddb62a7baab25e73a6dcd6d499e5,bd7d2ed490cc837cb48542166666d926,trend,IMAGE_CUE_FRESH,range4,3,4,,,trend,True,False,True,60,"[16, 12, 8, 64]","[16, 12, 8, 4]","[[1, -2, 1, 0], [0, 1, -2, 1]]","[0, 0]"
D,f93a4fc017b9408dbb4d44d5f9ba8d0f60f613e35345d86349a9069ce17bcaad,cd0c98ab03b7a64784bad98110316108,duplicate_encoding,SYMBOLIC_FRESH,sum4,1,2,,,duplicate_encoding,True,True,True,66,"[49, 89, 34, 45]","[49, 23, 34, 45]","[[0, 1, 0, 0]]",[23]
D,96f4657b9343a2e563ba5fb71e21aec4e79568d30834d0a9e0014452831318a2,cd0c98ab03b7a64784bad98110316108,duplicate_encoding,IMAGE_CUE_FRESH,sum4,1,2,,,duplicate_encoding,True,True,True,66,"[49, 89, 34, 45]","[49, 23, 34, 45]","[[0, 1, 0, 0]]",[23]
D,00c4d9b2714817ba68a4a6746b0a0529012cf846d4b04b281014ecd092412deb,53563f53252b8919a596018e83cd0cf6,duplicate_encoding,SYMBOLIC_FRESH,sum4,0,1,,,duplicate_encoding,True,True,True,13,"[35, 31, 18, 12]","[22, 31, 18, 12]","[[1, 0, 0, 0]]",[22]
D,052c0e8083f8f68fec6d2373f00cd6eee7ccc0b71d1a6165ed42f601ce4fcf19,53563f53252b8919a596018e83cd0cf6,duplicate_encoding,IMAGE_CUE_FRESH,sum4,0,1,,,duplicate_encoding,True,True,True,13,"[35, 31, 18, 12]","[22, 31, 18, 12]","[[1, 0, 0, 0]]",[22]
D,f8fb993b41063970930c9b4129612977d281ed86c804d3a0096766b539c73597,56ead9a8f76ff5911d1da1bc8eee4d19,duplicate_encoding,SYMBOLIC_FRESH,sum4,3,4,,,duplicate_encoding,True,True,True,8,"[1, 43, 34, 17]","[1, 43, 34, 9]","[[0, 0, 0, 1]]",[9]
D,1ffd77c68b27ed59c13461f2b4ad0d3d8d74ac2d4bfdd7f34c034d2dacdf7110,56ead9a8f76ff5911d1da1bc8eee4d19,duplicate_encoding,IMAGE_CUE_FRESH,sum4,3,4,,,duplicate_encoding,True,True,True,8,"[1, 43, 34, 17]","[1, 43, 34, 9]","[[0, 0, 0, 1]]",[9]
D,9ad5a46d7d6edcd212c0994711a588e3a7b8c161c34cc196b761d17fb626f279,24d9cdff15605bbd98ad0358a4c552b1,duplicate_encoding,SYMBOLIC_FRESH,sum4,2,3,,,duplicate_encoding,True,True,True,36,"[15, 35, 46, 36]","[15, 35, 10, 36]","[[0, 0, 1, 0]]",[10]
D,789d48517ea57f1e248d48de7fc8b4b376a0d2b31928def233216023ec43f107,24d9cdff15605bbd98ad0358a4c552b1,duplicate_encoding,IMAGE_CUE_FRESH,sum4,2,3,,,duplicate_encoding,True,True,True,36,"[15, 35, 46, 36]","[15, 35, 10, 36]","[[0, 0, 1, 0]]",[10]
D,37d016d624a383e9a9f24a2bfb621131c07090aba2bbbe9fb5c8c108d63f4077,09e68a3b88222486c49ae1f1d6bc3f33,duplicate_encoding,SYMBOLIC_FRESH,difference_pairs,1,2,,,duplicate_encoding,True,True,True,24,"[6, 46, 49, 25]","[6, 22, 49, 25]","[[0, 1, 0, 0]]",[22]
D,5e69e872dd0153e48a310a5f23cad8e89fc561037da7acf2c51b5b8b710a54d1,09e68a3b88222486c49ae1f1d6bc3f33,duplicate_encoding,IMAGE_CUE_FRESH,difference_pairs,1,2,,,duplicate_encoding,True,True,True,24,"[6, 46, 49, 25]","[6, 22, 49, 25]","[[0, 1, 0, 0]]",[22]
D,c09db9b8ae2bf72528f5c84a287f82da9250d07f014702ee98c72e5839beb782,d6b39e152a2f0ac550c54a3b1dc2b02b,duplicate_encoding,SYMBOLIC_FRESH,difference_pairs,1,2,,,duplicate_encoding,True,True,True,13,"[32, 53, 13, 4]","[32, 40, 13, 4]","[[0, 1, 0, 0]]",[40]
D,7541de34fb0b9966f748416d8230d921de596d90a50b146cff0aaa63dd61a89f,d6b39e152a2f0ac550c54a3b1dc2b02b,duplicate_encoding,IMAGE_CUE_FRESH,difference_pairs,1,2,,,duplicate_encoding,True,True,True,13,"[32, 53, 13, 4]","[32, 40, 13, 4]","[[0, 1, 0, 0]]",[40]
D,5bf239ca7e113e006ce8683f3462cffb44f3313e66ec00ce00ff7146ac2f76eb,79213f44a2f721bc20d8b6fe7c2c6142,duplicate_encoding,SYMBOLIC_FRESH,difference_pairs,3,4,,,duplicate_encoding,True,True,True,11,"[38, 48, 30, 18]","[38, 48, 30, 29]","[[0, 0, 0, 1]]",[29]
D,09107af35649f18b410146864381566b44e0b3e3717ba1a6c6103898e0b00fa8,79213f44a2f721bc20d8b6fe7c2c6142,duplicate_encoding,IMAGE_CUE_FRESH,difference_pairs,3,4,,,duplicate_encoding,True,True,True,11,"[38, 48, 30, 18]","[38, 48, 30, 29]","[[0, 0, 0, 1]]",[29]
D,fbb285d8b290afb3d3322f3ccd5f1b5bc1f679b6cad96080648bd6dd2f3767d1,c4dd29c31900436ed098775b9fabff5e,duplicate_encoding,SYMBOLIC_FRESH,difference_pairs,0,1,,,duplicate_encoding,True,True,True,56,"[66, 39, 1, 45]","[10, 39, 1, 45]","[[1, 0, 0, 0]]",[10]
D,4d77798805a526d04a56ede2a846579c597459703c71a35f95098abeb653359f,c4dd29c31900436ed098775b9fabff5e,duplicate_encoding,IMAGE_CUE_FRESH,difference_pairs,0,1,,,duplicate_encoding,True,True,True,56,"[66, 39, 1, 45]","[10, 39, 1, 45]","[[1, 0, 0, 0]]",[10]
D,1f8d2a2f7ded836049a0309a7596a525ce0648b91de942bb856bcd15f3e072c1,5d7ad1dceab26ff06f4f398b34aa34ba,duplicate_encoding,SYMBOLIC_FRESH,range4,1,2,,,duplicate_encoding,True,True,True,65,"[48, 69, 26, 34]","[48, 4, 26, 34]","[[0, 1, 0, 0]]",[4]
D,c9392314723fee178d6869267d8f1064020d71efa07af0618c349e0856f4a85b,5d7ad1dceab26ff06f4f398b34aa34ba,duplicate_encoding,IMAGE_CUE_FRESH,range4,1,2,,,duplicate_encoding,True,True,True,65,"[48, 69, 26, 34]","[48, 4, 26, 34]","[[0, 1, 0, 0]]",[4]
D,c938275a39f332cac8f11485002ebf77e62ec8560a427015a12e6980cbab66fd,f0d4ff6f482ee8a36b9b8ae42d6cc874,duplicate_encoding,SYMBOLIC_FRESH,range4,2,3,,,duplicate_encoding,True,True,True,18,"[38, 27, 46, 24]","[38, 27, 28, 24]","[[0, 0, 1, 0]]",[28]
D,19d5c7ff3db5800c5faae56313b583f504ab9a891e8f7ccd294891964cce7671,f0d4ff6f482ee8a36b9b8ae42d6cc874,duplicate_encoding,IMAGE_CUE_FRESH,range4,2,3,,,duplicate_encoding,True,True,True,18,"[38, 27, 46, 24]","[38, 27, 28, 24]","[[0, 0, 1, 0]]",[28]
D,1f9104fd24c7367711f891ec99b7ebdb404934448e1a22f5bd51c890909f887d,f5cc733c874d77f69d4cbbd62f3d726d,duplicate_encoding,SYMBOLIC_FRESH,range4,1,2,,,duplicate_encoding,True,True,True,6,"[47, 39, 31, 12]","[47, 33, 31, 12]","[[0, 1, 0, 0]]",[33]
D,66ce90a60b63dfafc6a20a861408b5f40aad59adb0b63e0e8f884d987dc5f656,f5cc733c874d77f69d4cbbd62f3d726d,duplicate_encoding,IMAGE_CUE_FRESH,range4,1,2,,,duplicate_encoding,True,True,True,6,"[47, 39, 31, 12]","[47, 33, 31, 12]","[[0, 1, 0, 0]]",[33]
D,e8ca4d7f6b968a46bd989662e735b16366b071c8c4a33d0b992fe81518e93458,cecb86c52f6b368e98777cfd5dcfb27f,duplicate_encoding,SYMBOLIC_FRESH,range4,3,4,,,duplicate_encoding,True,True,True,30,"[10, 26, 7, 67]","[10, 26, 7, 37]","[[0, 0, 0, 1]]",[37]
D,d42746136754f53e47c8879b4824ab5b935eae6c91ef0fe83cca149236a29fbf,cecb86c52f6b368e98777cfd5dcfb27f,duplicate_encoding,IMAGE_CUE_FRESH,range4,3,4,,,duplicate_encoding,True,True,True,30,"[10, 26, 7, 67]","[10, 26, 7, 37]","[[0, 0, 0, 1]]",[37]
D,a28837e8dfd76c3a64be99102ea40c1830aab53cdce5f0a9926a223141dcc2d3,d5c239081e1844e0f20cbe26f6e74205,duplicate_encoding,SYMBOLIC_FRESH,sum4,2,3,,,duplicate_encoding,True,True,True,73,"[31, 12, 91, 28]","[31, 12, 18, 28]","[[0, 0, 1, 0]]",[18]
D,541fe75c69f4d1d03364fe51064a5c1e8ed1da8eb63a843b2f778dc93a0c8f65,d5c239081e1844e0f20cbe26f6e74205,duplicate_encoding,IMAGE_CUE_FRESH,sum4,2,3,,,duplicate_encoding,True,True,True,73,"[31, 12, 91, 28]","[31, 12, 18, 28]","[[0, 0, 1, 0]]",[18]
D,c06f10354367b949e5d65d8141852712d970f9f4adddb326c29831dda5f3f21e,66da2e537c1acfd4b3fe7a8e0d29ccf5,duplicate_encoding,SYMBOLIC_FRESH,sum4,1,2,,,duplicate_encoding,True,True,True,39,"[29, 7, 33, 46]","[29, 46, 33, 46]","[[0, 1, 0, 0]]",[46]
D,ae738dda17bb26a2799cb58e7cfac4560a7fe152291ec5e3098bc9aecd3ce0bd,66da2e537c1acfd4b3fe7a8e0d29ccf5,duplicate_encoding,IMAGE_CUE_FRESH,sum4,1,2,,,duplicate_encoding,True,True,True,39,"[29, 7, 33, 46]","[29, 46, 33, 46]","[[0, 1, 0, 0]]",[46]
D,c120d5dd4ab4da435e301bb6293520c8b8ccd020daf3aa6c310a05816f1322b3,36eec9c1b7dedebec2eced4f794c2524,duplicate_encoding,SYMBOLIC_FRESH,sum4,3,4,,,duplicate_encoding,True,True,True,39,"[49, 14, 49, 44]","[49, 14, 49, 5]","[[0, 0, 0, 1]]",[5]
D,790db5cd7f5210c488090c3101216740064bad256667c1d2202a6fa59ffdeab5,36eec9c1b7dedebec2eced4f794c2524,duplicate_encoding,IMAGE_CUE_FRESH,sum4,3,4,,,duplicate_encoding,True,True,True,39,"[49, 14, 49, 44]","[49, 14, 49, 5]","[[0, 0, 0, 1]]",[5]
D,6635fa0cde9bae33e6fb5d9d040cdd0dbd365775bc0a794293e155057d50051b,8580891c7d3a521901cc443c48dc7f02,duplicate_encoding,SYMBOLIC_FRESH,sum4,3,4,,,duplicate_encoding,True,True,True,37,"[47, 47, 49, 38]","[47, 47, 49, 1]","[[0, 0, 0, 1]]",[1]
D,5f54a7b221454ed1f19ce692f81adaec3d487c4fc81fa3ccb7a9f1164e19c041,8580891c7d3a521901cc443c48dc7f02,duplicate_encoding,IMAGE_CUE_FRESH,sum4,3,4,,,duplicate_encoding,True,True,True,37,"[47, 47, 49, 38]","[47, 47, 49, 1]","[[0, 0, 0, 1]]",[1]
D,2ee01e133d69b979ae11c9a3ba37640b901cd0bf6b27e2309502a21f0cf49575,7e154eb4ec5e695360ae73bcc0c8e8b1,duplicate_encoding,SYMBOLIC_FRESH,difference_pairs,2,3,,,duplicate_encoding,True,True,True,6,"[24, 43, 27, 33]","[24, 43, 33, 33]","[[0, 0, 1, 0]]",[33]
D,85139d7fe7aa2fc42d7a2e4896cdb6fb6e253b148dc6cf89dfabfeb4c62d64e9,7e154eb4ec5e695360ae73bcc0c8e8b1,duplicate_encoding,IMAGE_CUE_FRESH,difference_pairs,2,3,,,duplicate_encoding,True,True,True,6,"[24, 43, 27, 33]","[24, 43, 33, 33]","[[0, 0, 1, 0]]",[33]
D,29f2cf0aac3ecb41da3acdef3860c68fe662a7068bb45e2f1eb53a4e4cdb511f,0c08f5a5817d06463eb684a71b0fc101,duplicate_encoding,SYMBOLIC_FRESH,difference_pairs,3,4,,,duplicate_encoding,True,True,True,7,"[8, 12, 22, 22]","[8, 12, 22, 29]","[[0, 0, 0, 1]]",[29]
D,46595352a5498b9b2372f5921897f0934680e466304d530493b78ab92c2c770e,0c08f5a5817d06463eb684a71b0fc101,duplicate_encoding,IMAGE_CUE_FRESH,difference_pairs,3,4,,,duplicate_encoding,True,True,True,7,"[8, 12, 22, 22]","[8, 12, 22, 29]","[[0, 0, 0, 1]]",[29]
D,28c95473f9b540896f8b60393667a11d276e57064fc89c43ff5d0dd3a3025d7d,a1d3b5a9fec6b473563493e59221459e,duplicate_encoding,SYMBOLIC_FRESH,difference_pairs,1,2,,,duplicate_encoding,True,True,True,64,"[9, 94, 48, 36]","[9, 30, 48, 36]","[[0, 1, 0, 0]]",[30]
D,4b1ba5388612ac7e84f4b9dabcee76e90f50b09d6cc9703b0915dbf2ccc31f62,a1d3b5a9fec6b473563493e59221459e,duplicate_encoding,IMAGE_CUE_FRESH,difference_pairs,1,2,,,duplicate_encoding,True,True,True,64,"[9, 94, 48, 36]","[9, 30, 48, 36]","[[0, 1, 0, 0]]",[30]
D,dd80552931f2c3aa7fa09e568efcf177bfdf2b1240519a5161e435014694cab5,de5c54c423e729a7197f9df53cb272b3,duplicate_encoding,SYMBOLIC_FRESH,difference_pairs,1,2,,,duplicate_encoding,True,True,True,10,"[2, 10, 2, 5]","[2, 20, 2, 5]","[[0, 1, 0, 0]]",[20]
D,d25ceb3f082949c976f8e2ba74d3a54d7b83f047f9cbeed0f7a5cd9a9f3ccd2b,de5c54c423e729a7197f9df53cb272b3,duplicate_encoding,IMAGE_CUE_FRESH,difference_pairs,1,2,,,duplicate_encoding,True,True,True,10,"[2, 10, 2, 5]","[2, 20, 2, 5]","[[0, 1, 0, 0]]",[20]
D,a9761481fe004632f6486a8d64c9f80d9a1242a24930d83fd40c18cf4fc9a486,2e3213cdaa6fd703fd18b4c12d329c5e,duplicate_encoding,SYMBOLIC_FRESH,range4,2,3,,,duplicate_encoding,True,True,True,20,"[15, 14, 58, 4]","[15, 14, 38, 4]","[[0, 0, 1, 0]]",[38]
D,56dc14e415ebb4ac155c6c49c40ca94c68ab00b61a94f833c33f5b3c79a1b93c,2e3213cdaa6fd703fd18b4c12d329c5e,duplicate_encoding,IMAGE_CUE_FRESH,range4,2,3,,,duplicate_encoding,True,True,True,20,"[15, 14, 58, 4]","[15, 14, 38, 4]","[[0, 0, 1, 0]]",[38]
D,778b5e18f17080dcc29ab9bca677375a1016ebdf6836b4e9a536eb786219e0d4,1d612107caa8c3f37af883b6af51c69a,duplicate_encoding,SYMBOLIC_FRESH,range4,2,3,,,duplicate_encoding,True,True,True,40,"[0, 47, 45, 25]","[0, 47, 5, 25]","[[0, 0, 1, 0]]",[5]
D,8e47ae30e78ecf4ac6b032fb58075398eb359312b077124ba7cbb066bc4d7ea6,1d612107caa8c3f37af883b6af51c69a,duplicate_encoding,IMAGE_CUE_FRESH,range4,2,3,,,duplicate_encoding,True,True,True,40,"[0, 47, 45, 25]","[0, 47, 5, 25]","[[0, 0, 1, 0]]",[5]
D,05ccd04e23bd0c69ac82b4e0f2763fac72be4c77779488dae62c6081fb3ffcaa,215de7fb3f6eacb7ec7f991b1484c5a0,duplicate_encoding,SYMBOLIC_FRESH,range4,0,1,,,duplicate_encoding,True,True,True,2,"[23, 2, 37, 3]","[21, 2, 37, 3]","[[1, 0, 0, 0]]",[21]
D,ac7af5586cedbca636baa7dd9fafcaee640950169533515f4586b6cfa586e831,215de7fb3f6eacb7ec7f991b1484c5a0,duplicate_encoding,IMAGE_CUE_FRESH,range4,0,1,,,duplicate_encoding,True,True,True,2,"[23, 2, 37, 3]","[21, 2, 37, 3]","[[1, 0, 0, 0]]",[21]
D,713bc8bab92a09c461379e4f4792b2c93e116e24800c0b40b98efd5e41d5960d,5827bb7aafb884bdb79b0fccf86c3204,duplicate_encoding,SYMBOLIC_FRESH,range4,3,4,,,duplicate_encoding,True,True,True,81,"[25, 27, 39, 91]","[25, 27, 39, 10]","[[0, 0, 0, 1]]",[10]
D,6eeed72b13c5e0470e254c782621cea7b8b19457cdabf483135010581e21a27a,5827bb7aafb884bdb79b0fccf86c3204,duplicate_encoding,IMAGE_CUE_FRESH,range4,3,4,,,duplicate_encoding,True,True,True,81,"[25, 27, 39, 91]","[25, 27, 39, 10]","[[0, 0, 0, 1]]",[10]
D,3471f367eda1f4d19d410ab2b9f227be04f1e0d0e10550632146e3fdc565b5e7,8656cc1b420a16b992425c3e60767339,cross_series,SYMBOLIC_FRESH,sum4,3,4,0.0,1.0,leaf,True,False,True,11,"[26, 12, 34, 55]","[26, 12, 34, 44]","[[1, 1, 0, 0], [1, 0, 1, 0], [1, 0, 0, 1]]","[38, 60, 70]"
D,2b23a0459dd2027fd699aa089cc0bd97616b35e19303d5d4ad83582b16d1a7b2,8656cc1b420a16b992425c3e60767339,cross_series,IMAGE_CUE_FRESH,sum4,3,4,0.0,1.0,leaf,True,False,True,11,"[26, 12, 34, 55]","[26, 12, 34, 44]","[[1, 1, 0, 0], [1, 0, 1, 0], [1, 0, 0, 1]]","[38, 60, 70]"
D,05780f78383d07f1dfe6915bfaefc9b5378b6d896d055f3c7f4a0b6923a2cc0e,514243c32475b5f22715d42fe4420c96,cross_series,SYMBOLIC_FRESH,sum4,0,1,1.0,2.0,leaf,False,True,False,69,"[69, 41, 37, 12]","[0, 41, 37, 12]","[[1, 1, 0, 0], [0, 1, 1, 0], [0, 1, 0, 1]]","[41, 78, 53]"
D,4c199064a557f493993f6c03ca190f4c0b93e250994070bafe3b01843705bab2,514243c32475b5f22715d42fe4420c96,cross_series,IMAGE_CUE_FRESH,sum4,0,1,1.0,2.0,leaf,False,True,False,69,"[69, 41, 37, 12]","[0, 41, 37, 12]","[[1, 1, 0, 0], [0, 1, 1, 0], [0, 1, 0, 1]]","[41, 78, 53]"
D,c65900837daf3a5fad91b4e11bce382892bbdb5032b98731c437f9d0ca71d4d5,4698534abeb67465d3dfa283eafcd7a9,cross_series,SYMBOLIC_FRESH,sum4,0,1,1.0,2.0,leaf,False,True,False,36,"[38, 32, 41, 4]","[2, 32, 41, 4]","[[1, 1, 0, 0], [0, 1, 1, 0], [0, 1, 0, 1]]","[34, 73, 36]"
D,fe251d557e5af7a2f514ad1a010ae770df918c3160e718eabb0015f38ad0b2e2,4698534abeb67465d3dfa283eafcd7a9,cross_series,IMAGE_CUE_FRESH,sum4,0,1,1.0,2.0,leaf,False,True,False,36,"[38, 32, 41, 4]","[2, 32, 41, 4]","[[1, 1, 0, 0], [0, 1, 1, 0], [0, 1, 0, 1]]","[34, 73, 36]"
D,5fddd1ce8c5b36fea1f31722c02d9c3942e264a69425fa1b1ffaef66ea4f625f,5b32bc600f3fe58c955bf44a6cfddbd0,cross_series,SYMBOLIC_FRESH,sum4,3,4,1.0,2.0,leaf,True,False,True,35,"[0, 6, 21, 74]","[0, 6, 21, 39]","[[1, 1, 0, 0], [0, 1, 1, 0], [0, 1, 0, 1]]","[6, 27, 45]"
D,9e0b882addfb71de11c46e82d0b97a618851ef934833d564ce5869d72d56df34,5b32bc600f3fe58c955bf44a6cfddbd0,cross_series,IMAGE_CUE_FRESH,sum4,3,4,1.0,2.0,leaf,True,False,True,35,"[0, 6, 21, 74]","[0, 6, 21, 39]","[[1, 1, 0, 0], [0, 1, 1, 0], [0, 1, 0, 1]]","[6, 27, 45]"
D,b97588acd8d3334073384a9bb69a0e546c3ec5e468f142a574d285f7884098de,e01b2d3d18c24f98b8cf7860b20135aa,cross_series,SYMBOLIC_FRESH,difference_pairs,3,4,3.0,4.0,center,True,False,True,58,"[9, 16, 11, 58]","[9, 16, 11, 0]","[[1, 0, 0, 1], [0, 1, 0, 1], [0, 0, 1, 1]]","[9, 16, 11]"
D,074fe40ef31f7903fef328c9c64915d57e0b87779abb2cc4e8a3192b18febf13,e01b2d3d18c24f98b8cf7860b20135aa,cross_series,IMAGE_CUE_FRESH,difference_pairs,3,4,3.0,4.0,center,True,False,True,58,"[9, 16, 11, 58]","[9, 16, 11, 0]","[[1, 0, 0, 1], [0, 1, 0, 1], [0, 0, 1, 1]]","[9, 16, 11]"
D,d04e7562fbe2eba8de26d2ef8273c27b4fcfddc87e8069a22bee24d4a494af5d,1ca3832d92befde96a586e344f3743b6,cross_series,SYMBOLIC_FRESH,difference_pairs,1,2,2.0,3.0,leaf,False,True,True,44,"[49, 2, 5, 39]","[49, 46, 5, 39]","[[1, 0, 1, 0], [0, 1, 1, 0], [0, 0, 1, 1]]","[54, 51, 44]"
D,a449fe7bc261ff5ddb1765ba8002ab98d63ba416554da037424cfbee8da51873,1ca3832d92befde96a586e344f3743b6,cross_series,IMAGE_CUE_FRESH,difference_pairs,1,2,2.0,3.0,leaf,False,True,True,44,"[49, 2, 5, 39]","[49, 46, 5, 39]","[[1, 0, 1, 0], [0, 1, 1, 0], [0, 0, 1, 1]]","[54, 51, 44]"
D,2b808754d68202f6da32560c331e8e3750c3d87ddec7d4c5670f8f49a1b06460,6145de696b27b57bc18ef29b7aa535ef,cross_series,SYMBOLIC_FRESH,difference_pairs,3,4,2.0,3.0,leaf,True,False,True,11,"[17, 43, 8, 25]","[17, 43, 8, 14]","[[1, 0, 1, 0], [0, 1, 1, 0], [0, 0, 1, 1]]","[25, 51, 22]"
D,de6a6f1b427172ef53d2b1969bf2c6c8e075fd2003341fcbacbef98aac96d93a,6145de696b27b57bc18ef29b7aa535ef,cross_series,IMAGE_CUE_FRESH,difference_pairs,3,4,2.0,3.0,leaf,True,False,True,11,"[17, 43, 8, 25]","[17, 43, 8, 14]","[[1, 0, 1, 0], [0, 1, 1, 0], [0, 0, 1, 1]]","[25, 51, 22]"
D,f23cd7470b22c580cfdd8ad7f5dc7d4bec100d25989afcc4f9880e3bca2d212e,8e815e72b668e9f4a32d48758d03a3e2,cross_series,SYMBOLIC_FRESH,difference_pairs,0,1,1.0,2.0,leaf,False,True,False,8,"[37, 23, 27, 44]","[29, 23, 27, 44]","[[1, 1, 0, 0], [0, 1, 1, 0], [0, 1, 0, 1]]","[52, 50, 67]"
D,f2859cbf8b853a33065a7c9b4f1727ca064f6edf278875b00089d3736c56d562,8e815e72b668e9f4a32d48758d03a3e2,cross_series,IMAGE_CUE_FRESH,difference_pairs,0,1,1.0,2.0,leaf,False,True,False,8,"[37, 23, 27, 44]","[29, 23, 27, 44]","[[1, 1, 0, 0], [0, 1, 1, 0], [0, 1, 0, 1]]","[52, 50, 67]"
D,2da4124d0101383aead7da0a20b4249382ca7f17922a4bd47c29a8a4c9a7ecbb,b96a847407c3bbdde49e8222f53e3ff6,cross_series,SYMBOLIC_FRESH,range4,0,1,3.0,4.0,leaf,False,True,False,68,"[79, 49, 43, 11]","[11, 49, 43, 11]","[[1, 0, 0, 1], [0, 1, 0, 1], [0, 0, 1, 1]]","[22, 60, 54]"
D,52fc22bdfc19e69e78e62328cfd5290e33591321afdabe7f38a103fa52f92a68,b96a847407c3bbdde49e8222f53e3ff6,cross_series,IMAGE_CUE_FRESH,range4,0,1,3.0,4.0,leaf,False,True,False,68,"[79, 49, 43, 11]","[11, 49, 43, 11]","[[1, 0, 0, 1], [0, 1, 0, 1], [0, 0, 1, 1]]","[22, 60, 54]"
D,bc9526688863733b67fed7db7bb81ebad9c2a64b0c6c6987127a86519ac38d9b,e675015e914a83423f10a191ef44ae8d,cross_series,SYMBOLIC_FRESH,range4,3,4,3.0,4.0,center,True,False,True,25,"[32, 13, 11, 55]","[32, 13, 11, 30]","[[1, 0, 0, 1], [0, 1, 0, 1], [0, 0, 1, 1]]","[62, 43, 41]"
D,403cfa1a1e1e62b5f7443cd8752e3ecdbb26243d6f0123a6afa43b57726fe41c,e675015e914a83423f10a191ef44ae8d,cross_series,IMAGE_CUE_FRESH,range4,3,4,3.0,4.0,center,True,False,True,25,"[32, 13, 11, 55]","[32, 13, 11, 30]","[[1, 0, 0, 1], [0, 1, 0, 1], [0, 0, 1, 1]]","[62, 43, 41]"
D,b0b6aa02180691743932e8a2afa5f593c7edf524d7be0d6f5b669d8d5c77e474,95435a598a4742cff447f2d952624f0b,cross_series,SYMBOLIC_FRESH,range4,1,2,3.0,4.0,leaf,False,True,True,45,"[24, 51, 20, 49]","[24, 6, 20, 49]","[[1, 0, 0, 1], [0, 1, 0, 1], [0, 0, 1, 1]]","[73, 55, 69]"
D,a6945f14eb46db110a8482535e9b0d7f30a2ce0ceafdd3764e839921787e2ae6,95435a598a4742cff447f2d952624f0b,cross_series,IMAGE_CUE_FRESH,range4,1,2,3.0,4.0,leaf,False,True,True,45,"[24, 51, 20, 49]","[24, 6, 20, 49]","[[1, 0, 0, 1], [0, 1, 0, 1], [0, 0, 1, 1]]","[73, 55, 69]"
D,7f228e1ae6e95b96e58d04ea94b0a965887c905e06e27e9da63622bc733f7b6c,2587437e7468366b845916e243e020b6,cross_series,SYMBOLIC_FRESH,range4,2,3,3.0,4.0,leaf,False,True,True,5,"[35, 27, 11, 48]","[35, 27, 6, 48]","[[1, 0, 0, 1], [0, 1, 0, 1], [0, 0, 1, 1]]","[83, 75, 54]"
D,616e19c91b8dd585653a73b503674873d6a7fdfddf1e6257116509aa6e1f0702,2587437e7468366b845916e243e020b6,cross_series,IMAGE_CUE_FRESH,range4,2,3,3.0,4.0,leaf,False,True,True,5,"[35, 27, 11, 48]","[35, 27, 6, 48]","[[1, 0, 0, 1], [0, 1, 0, 1], [0, 0, 1, 1]]","[83, 75, 54]"
D,a9a3a32b9b1f345d13c1e316422f45d826c5744bab2d56dda73032e426ba7343,9ff41dcf1d0ed98ccca6367d1b58e706,cross_series,SYMBOLIC_FRESH,sum4,0,1,0.0,1.0,center,False,True,False,12,"[54, 31, 10, 22]","[42, 31, 10, 22]","[[1, 1, 0, 0], [1, 0, 1, 0], [1, 0, 0, 1]]","[73, 52, 64]"
D,0e2ee2419e1c6b33ace86e6cbb47c119d4356b71c8601737cb4f314d8d8c9ac6,9ff41dcf1d0ed98ccca6367d1b58e706,cross_series,IMAGE_CUE_FRESH,sum4,0,1,0.0,1.0,center,False,True,False,12,"[54, 31, 10, 22]","[42, 31, 10, 22]","[[1, 1, 0, 0], [1, 0, 1, 0], [1, 0, 0, 1]]","[73, 52, 64]"
D,ea2e76561f315512e654a55184b7f2567b0ceca23c8d5d847c883b10aae14fd2,328539fa7fc884e4a470714246be0b35,cross_series,SYMBOLIC_FRESH,sum4,0,1,0.0,1.0,center,False,True,False,60,"[90, 41, 36, 20]","[30, 41, 36, 20]","[[1, 1, 0, 0], [1, 0, 1, 0], [1, 0, 0, 1]]","[71, 66, 50]"
D,9a84ae06b363bd9dfb352ff143726ce305c87a1709d6bba54214ff5833fba3c8,328539fa7fc884e4a470714246be0b35,cross_series,IMAGE_CUE_FRESH,sum4,0,1,0.0,1.0,center,False,True,False,60,"[90, 41, 36, 20]","[30, 41, 36, 20]","[[1, 1, 0, 0], [1, 0, 1, 0], [1, 0, 0, 1]]","[71, 66, 50]"
D,eee2bd1935347dfedf3a2923d5c02325a3420f7f9544c1fbbe0afa84a9c8af35,06d0c982bc2bf317a073ddd5c9b25364,cross_series,SYMBOLIC_FRESH,sum4,2,3,1.0,2.0,leaf,True,False,True,30,"[37, 38, 61, 32]","[37, 38, 31, 32]","[[1, 1, 0, 0], [0, 1, 1, 0], [0, 1, 0, 1]]","[75, 69, 70]"
D,b3200408432ce21c75faf512216631b7041503b89fefafce93f0cacbcf8688a5,06d0c982bc2bf317a073ddd5c9b25364,cross_series,IMAGE_CUE_FRESH,sum4,2,3,1.0,2.0,leaf,True,False,True,30,"[37, 38, 61, 32]","[37, 38, 31, 32]","[[1, 1, 0, 0], [0, 1, 1, 0], [0, 1, 0, 1]]","[75, 69, 70]"
D,766f9cc63799d595f8a77fb3a6152a4dc0afcb5c5c70cd7d663ee16148ea7623,a80c9b3c7b7b1d25cc61bf3ac40dfc6c,cross_series,SYMBOLIC_FRESH,sum4,3,4,2.0,3.0,leaf,True,False,True,19,"[28, 18, 33, 32]","[28, 18, 33, 13]","[[1, 0, 1, 0], [0, 1, 1, 0], [0, 0, 1, 1]]","[61, 51, 46]"
D,0e316ae79af2b7adbbda504a3d10ac25a56f77324e468c0e422cc178312d2da8,a80c9b3c7b7b1d25cc61bf3ac40dfc6c,cross_series,IMAGE_CUE_FRESH,sum4,3,4,2.0,3.0,leaf,True,False,True,19,"[28, 18, 33, 32]","[28, 18, 33, 13]","[[1, 0, 1, 0], [0, 1, 1, 0], [0, 0, 1, 1]]","[61, 51, 46]"
D,d2569ff87910b9bf7732844d00e0711086b33568188493f3ac612c78ef2a5d24,5f7107b5096c7422dfa6354634c27341,cross_series,SYMBOLIC_FRESH,difference_pairs,0,1,3.0,4.0,leaf,False,True,False,44,"[0, 22, 46, 20]","[44, 22, 46, 20]","[[1, 0, 0, 1], [0, 1, 0, 1], [0, 0, 1, 1]]","[64, 42, 66]"
D,2eb892a3048ddf22d2c34c2c8ab37ea5f3572366886aaf8764eb97af0e27063a,5f7107b5096c7422dfa6354634c27341,cross_series,IMAGE_CUE_FRESH,difference_pairs,0,1,3.0,4.0,leaf,False,True,False,44,"[0, 22, 46, 20]","[44, 22, 46, 20]","[[1, 0, 0, 1], [0, 1, 0, 1], [0, 0, 1, 1]]","[64, 42, 66]"
D,2a54f9a795e473db8380b3da49a824dc775373d04256000bcd9fb2be7ad0c4c6,f7c16de09d49df12c9023df0230a136a,cross_series,SYMBOLIC_FRESH,difference_pairs,3,4,3.0,4.0,center,True,False,True,4,"[46, 44, 0, 13]","[46, 44, 0, 9]","[[1, 0, 0, 1], [0, 1, 0, 1], [0, 0, 1, 1]]","[55, 53, 9]"
D,05ac352088a59899b1b231f3c30e786fb0f36214f05ba2331ec04dc61124188d,f7c16de09d49df12c9023df0230a136a,cross_series,IMAGE_CUE_FRESH,difference_pairs,3,4,3.0,4.0,center,True,False,True,4,"[46, 44, 0, 13]","[46, 44, 0, 9]","[[1, 0, 0, 1], [0, 1, 0, 1], [0, 0, 1, 1]]","[55, 53, 9]"
D,2c181a46bfca28fcdaee290a26dca6eb4fc506e23d42067dbd9f018d4a7307ab,bb616bcd0b1dadb8e552988fee4d6687,cross_series,SYMBOLIC_FRESH,difference_pairs,3,4,3.0,4.0,center,True,False,True,15,"[22, 21, 19, 32]","[22, 21, 19, 17]","[[1, 0, 0, 1], [0, 1, 0, 1], [0, 0, 1, 1]]","[39, 38, 36]"
D,ab30360802dee6b0b34521344b6fa55d4799701c3e5e3627dba229595f704b09,bb616bcd0b1dadb8e552988fee4d6687,cross_series,IMAGE_CUE_FRESH,difference_pairs,3,4,3.0,4.0,center,True,False,True,15,"[22, 21, 19, 32]","[22, 21, 19, 17]","[[1, 0, 0, 1], [0, 1, 0, 1], [0, 0, 1, 1]]","[39, 38, 36]"
D,2bc51478064901351f7dad9d7b7d88724e65e8ff6cefec60838d8fa16bcf62e4,5b948c4694acac7d73247941f0b7e848,cross_series,SYMBOLIC_FRESH,difference_pairs,2,3,3.0,4.0,leaf,False,True,True,24,"[3, 46, 47, 32]","[3, 46, 23, 32]","[[1, 0, 0, 1], [0, 1, 0, 1], [0, 0, 1, 1]]","[35, 78, 55]"
D,77f89ad187e7c82537391d88c35d694c9c482d534f46dabf9e5a9c2d1faa2c44,5b948c4694acac7d73247941f0b7e848,cross_series,IMAGE_CUE_FRESH,difference_pairs,2,3,3.0,4.0,leaf,False,True,True,24,"[3, 46, 47, 32]","[3, 46, 23, 32]","[[1, 0, 0, 1], [0, 1, 0, 1], [0, 0, 1, 1]]","[35, 78, 55]"
D,71f5f694a7e522488acc69bf0be29eb40817413f107b514714e92334ace889ff,3a4564d884e0d3f787a5675781d3ec3d,cross_series,SYMBOLIC_FRESH,range4,2,3,2.0,3.0,center,True,True,True,27,"[29, 30, 0, 3]","[29, 30, 27, 3]","[[1, 0, 1, 0], [0, 1, 1, 0], [0, 0, 1, 1]]","[56, 57, 30]"
D,f883308eee2d04b6d40f9f752f02523eb08760b65c3d9cde1a0cded0012b4a5f,3a4564d884e0d3f787a5675781d3ec3d,cross_series,IMAGE_CUE_FRESH,range4,2,3,2.0,3.0,center,True,True,True,27,"[29, 30, 0, 3]","[29, 30, 27, 3]","[[1, 0, 1, 0], [0, 1, 1, 0], [0, 0, 1, 1]]","[56, 57, 30]"
D,d32d3d69f2463b8b4c91d586a0ba7a8dbc9a7b658e326f4b0942a7d3ff3bf118,d83dc5fd0df55701cab56683c64d427c,cross_series,SYMBOLIC_FRESH,range4,1,2,2.0,3.0,leaf,False,True,True,2,"[11, 46, 25, 3]","[11, 48, 25, 3]","[[1, 0, 1, 0], [0, 1, 1, 0], [0, 0, 1, 1]]","[36, 73, 28]"
D,59f3508f65eddc3d8a93e05ccca7a3b3584659f79bdfc5ceb4cc452904319140,d83dc5fd0df55701cab56683c64d427c,cross_series,IMAGE_CUE_FRESH,range4,1,2,2.0,3.0,leaf,False,True,True,2,"[11, 46, 25, 3]","[11, 48, 25, 3]","[[1, 0, 1, 0], [0, 1, 1, 0], [0, 0, 1, 1]]","[36, 73, 28]"
D,5b0b70f4be734ddd1e907913e83ab37951bef3f3bb8431a5891824a13970eb62,58e7504ef985906e9ffc713fd02a706d,cross_series,SYMBOLIC_FRESH,range4,1,2,3.0,4.0,leaf,False,True,True,6,"[1, 21, 48, 25]","[1, 15, 48, 25]","[[1, 0, 0, 1], [0, 1, 0, 1], [0, 0, 1, 1]]","[26, 40, 73]"
D,fd9ebcd1952f6a9fffb154831f6764c7c6280a6803ff25304f38c1c0d245bed2,58e7504ef985906e9ffc713fd02a706d,cross_series,IMAGE_CUE_FRESH,range4,1,2,3.0,4.0,leaf,False,True,True,6,"[1, 21, 48, 25]","[1, 15, 48, 25]","[[1, 0, 0, 1], [0, 1, 0, 1], [0, 0, 1, 1]]","[26, 40, 73]"
D,30fac38b7d574b7ffde8a42da788dfb01c2364f6793d056f47fa5e0b07880f30,7c67e0f3348946cbcad7d13ebe5b4497,cross_series,SYMBOLIC_FRESH,range4,2,3,0.0,1.0,leaf,True,False,True,38,"[34, 9, 42, 4]","[34, 9, 4, 4]","[[1, 1, 0, 0], [1, 0, 1, 0], [1, 0, 0, 1]]","[43, 38, 38]"
D,2f46ab03e02e080d352b1ad489857ded45615cdd1a911adaa4cfa7ec33d4e9f6,7c67e0f3348946cbcad7d13ebe5b4497,cross_series,IMAGE_CUE_FRESH,range4,2,3,0.0,1.0,leaf,True,False,True,38,"[34, 9, 42, 4]","[34, 9, 4, 4]","[[1, 1, 0, 0], [1, 0, 1, 0], [1, 0, 0, 1]]","[43, 38, 38]"
D,b023ffeeef5d6a218dd1881baf1da0710dbbf37586871fcebb70ff19f6b65822,c6efb51d9c35f9c2d3d669aab02189ec,trend,SYMBOLIC_FRESH,sum4,3,4,,,trend,True,False,True,65,"[39, 35, 31, 92]","[39, 35, 31, 27]","[[1, -2, 1, 0], [0, 1, -2, 1]]","[0, 0]"
D,2f5aef98e3bf2933b5f3d6e3d3e49224dccb988f12e2745409a6203f22f16072,c6efb51d9c35f9c2d3d669aab02189ec,trend,IMAGE_CUE_FRESH,sum4,3,4,,,trend,True,False,True,65,"[39, 35, 31, 92]","[39, 35, 31, 27]","[[1, -2, 1, 0], [0, 1, -2, 1]]","[0, 0]"
D,80051fc267f36aea633a1d5d252dd4f92b67a1b1d67f08ce33995754a86bd54a,e2fd9d8416c0782921456c0ab29ecb50,trend,SYMBOLIC_FRESH,sum4,3,4,,,trend,True,False,True,29,"[37, 28, 19, 39]","[37, 28, 19, 10]","[[1, -2, 1, 0], [0, 1, -2, 1]]","[0, 0]"
D,6f4d2ea3fd696d28f6965808b6e5d882e0c8c49a9804d71e29e4dcb6fed0775e,e2fd9d8416c0782921456c0ab29ecb50,trend,IMAGE_CUE_FRESH,sum4,3,4,,,trend,True,False,True,29,"[37, 28, 19, 39]","[37, 28, 19, 10]","[[1, -2, 1, 0], [0, 1, -2, 1]]","[0, 0]"
D,82b0a266174d096a61f40c87bb6480529ba43cdf46b1f7ac6117af5937f2d025,9278b68eade44fb3940653ae8766659e,trend,SYMBOLIC_FRESH,sum4,1,2,,,trend,False,True,False,37,"[42, 71, 26, 18]","[42, 34, 26, 18]","[[1, -2, 1, 0], [0, 1, -2, 1]]","[0, 0]"
D,1ff3fa68b7410f6db44f070ebb61593b5f0b4c84e8ef2a335bd37183bdd50fe6,9278b68eade44fb3940653ae8766659e,trend,IMAGE_CUE_FRESH,sum4,1,2,,,trend,False,True,False,37,"[42, 71, 26, 18]","[42, 34, 26, 18]","[[1, -2, 1, 0], [0, 1, -2, 1]]","[0, 0]"
D,509d96636360ece12e36e177c1b26c24525187b9984695730fc140a7466a53c5,aaf3ee074fc8059932e896a0ea400110,trend,SYMBOLIC_FRESH,sum4,3,4,,,trend,True,False,True,70,"[10, 15, 20, 95]","[10, 15, 20, 25]","[[1, -2, 1, 0], [0, 1, -2, 1]]","[0, 0]"
D,d075981095672afea028801e0db265c7470463898a6ee23a05ac4170835c4dc0,aaf3ee074fc8059932e896a0ea400110,trend,IMAGE_CUE_FRESH,sum4,3,4,,,trend,True,False,True,70,"[10, 15, 20, 95]","[10, 15, 20, 25]","[[1, -2, 1, 0], [0, 1, -2, 1]]","[0, 0]"
D,4cca52bc1f29f5a1231d56cd0bd1f8933279f6591cecefdd23b68702cfe4a0e7,3a0a785a62c90f4a3a8d52e8f4f51a0f,trend,SYMBOLIC_FRESH,difference_pairs,1,2,,,trend,False,True,False,6,"[45, 28, 23, 12]","[45, 34, 23, 12]","[[1, -2, 1, 0], [0, 1, -2, 1]]","[0, 0]"
D,8e97dc98f0b9f732f3519abc05ca475fae3844d089fd2e16a02eacd6ec7ba4cf,3a0a785a62c90f4a3a8d52e8f4f51a0f,trend,IMAGE_CUE_FRESH,difference_pairs,1,2,,,trend,False,True,False,6,"[45, 28, 23, 12]","[45, 34, 23, 12]","[[1, -2, 1, 0], [0, 1, -2, 1]]","[0, 0]"
D,e32fe9d1d3c4cc1053a6d801d929e39348337d5e724115a28ef1df6589fd7a86,7bdcf75d6bb01a9e7ef184e51825cbeb,trend,SYMBOLIC_FRESH,difference_pairs,0,1,,,trend,False,True,False,68,"[70, 4, 6, 8]","[2, 4, 6, 8]","[[1, -2, 1, 0], [0, 1, -2, 1]]","[0, 0]"
D,f36823b20ba7fa72d9d186b98722559fbf2566def37530ff96fa4ca66d191f4a,7bdcf75d6bb01a9e7ef184e51825cbeb,trend,IMAGE_CUE_FRESH,difference_pairs,0,1,,,trend,False,True,False,68,"[70, 4, 6, 8]","[2, 4, 6, 8]","[[1, -2, 1, 0], [0, 1, -2, 1]]","[0, 0]"
D,0fc63ab34ff369d019ad4054270cb2f496b06ccc3b6c3fd6c378faecc10519fc,7b841a9a3bdef6bb2911eace5ebe8cfb,trend,SYMBOLIC_FRESH,difference_pairs,2,3,,,trend,True,False,True,4,"[4, 18, 28, 46]","[4, 18, 32, 46]","[[1, -2, 1, 0], [0, 1, -2, 1]]","[0, 0]"
D,82e1c8e1ecb19629cadfc25be4a92ac6e2819686e45b8bf138a3d4ae0bad97e2,7b841a9a3bdef6bb2911eace5ebe8cfb,trend,IMAGE_CUE_FRESH,difference_pairs,2,3,,,trend,True,False,True,4,"[4, 18, 28, 46]","[4, 18, 32, 46]","[[1, -2, 1, 0], [0, 1, -2, 1]]","[0, 0]"
D,008cec7985307aaa5351569153a98788a3f51fbb90c83354f1e5ebad88ae9481,5b7e3e14c757302fe42c79ae07cb36c3,trend,SYMBOLIC_FRESH,difference_pairs,1,2,,,trend,False,True,False,18,"[17, 40, 27, 32]","[17, 22, 27, 32]","[[1, -2, 1, 0], [0, 1, -2, 1]]","[0, 0]"
D,cc40b875e84d2e67855936dcd4ff5273b55afe1b912016e3e3938e48457f824f,5b7e3e14c757302fe42c79ae07cb36c3,trend,IMAGE_CUE_FRESH,difference_pairs,1,2,,,trend,False,True,False,18,"[17, 40, 27, 32]","[17, 22, 27, 32]","[[1, -2, 1, 0], [0, 1, -2, 1]]","[0, 0]"
D,f91d76d4f4f5e3ce869b818916c3c12b9d30924c5b28c06df33d5c2c9774c88a,8367b9cfb44b38c0da1bb41cb4c40b4f,trend,SYMBOLIC_FRESH,range4,2,3,,,trend,True,False,True,14,"[28, 32, 22, 40]","[28, 32, 36, 40]","[[1, -2, 1, 0], [0, 1, -2, 1]]","[0, 0]"
D,d4e8eb6defe314c611370e4b050f8a29b542476f5f9dc175c59e41baefa3cd3a,8367b9cfb44b38c0da1bb41cb4c40b4f,trend,IMAGE_CUE_FRESH,range4,2,3,,,trend,True,False,True,14,"[28, 32, 22, 40]","[28, 32, 36, 40]","[[1, -2, 1, 0], [0, 1, -2, 1]]","[0, 0]"
D,5a1a01e444b19fa4776f97df852180e0969b396a8074700a490eb06fdbf282cb,6fdc7e78a080ff4078f3c1249578e0c7,trend,SYMBOLIC_FRESH,range4,2,3,,,trend,True,False,True,10,"[20, 15, 0, 5]","[20, 15, 10, 5]","[[1, -2, 1, 0], [0, 1, -2, 1]]","[0, 0]"
D,b1b37f294fae8edec83623bf04700b78ab778247513bb5bcad4cb1db33df9eab,6fdc7e78a080ff4078f3c1249578e0c7,trend,IMAGE_CUE_FRESH,range4,2,3,,,trend,True,False,True,10,"[20, 15, 0, 5]","[20, 15, 10, 5]","[[1, -2, 1, 0], [0, 1, -2, 1]]","[0, 0]"
D,f8e39ae3a8fb8bda19f2236667816216bbd6177032c7c84de883885ea858ccb9,57f12a81361e253f2ad5c9745688ee85,trend,SYMBOLIC_FRESH,range4,0,1,,,trend,False,True,False,84,"[86, 10, 18, 26]","[2, 10, 18, 26]","[[1, -2, 1, 0], [0, 1, -2, 1]]","[0, 0]"
D,f4d0b2312afbed3dd87d8806ed43d16786ae657b548d6481ba038fb4745f13e2,57f12a81361e253f2ad5c9745688ee85,trend,IMAGE_CUE_FRESH,range4,0,1,,,trend,False,True,False,84,"[86, 10, 18, 26]","[2, 10, 18, 26]","[[1, -2, 1, 0], [0, 1, -2, 1]]","[0, 0]"
D,60e3ddc1a541cc906c8f3ffac8eaddabef6f377d0b0e905856036eb31aa12c83,24bf4faf026c0f3e2ae57c5d4e4fa1a0,trend,SYMBOLIC_FRESH,range4,0,1,,,trend,False,True,False,19,"[6, 23, 21, 19]","[25, 23, 21, 19]","[[1, -2, 1, 0], [0, 1, -2, 1]]","[0, 0]"
D,b5305798358e7dce98922cc2deaa2043e94723838394d7b2b218aa2fa137a4d2,24bf4faf026c0f3e2ae57c5d4e4fa1a0,trend,IMAGE_CUE_FRESH,range4,0,1,,,trend,False,True,False,19,"[6, 23, 21, 19]","[25, 23, 21, 19]","[[1, -2, 1, 0], [0, 1, -2, 1]]","[0, 0]"
D,cb445b52d9625e0a8de0376c031e28e2a0ddc14cc29826e489a1fade2a294751,36c78c3d83d6d5978610cce8747dac2f,trend,SYMBOLIC_FRESH,sum4,0,1,,,trend,False,True,False,22,"[36, 17, 20, 23]","[14, 17, 20, 23]","[[1, -2, 1, 0], [0, 1, -2, 1]]","[0, 0]"
D,519442099dd2676eb1c77a2ce2ea88f259961f437e42779a279255fedb04e75b,36c78c3d83d6d5978610cce8747dac2f,trend,IMAGE_CUE_FRESH,sum4,0,1,,,trend,False,True,False,22,"[36, 17, 20, 23]","[14, 17, 20, 23]","[[1, -2, 1, 0], [0, 1, -2, 1]]","[0, 0]"
D,25b6967a4ef668d9ae4b03e260c4473b2ddc34c2578bb20f69bd493610198683,da197c4f9e00e44c043cac865622a4e4,trend,SYMBOLIC_FRESH,sum4,2,3,,,trend,True,False,True,15,"[2, 7, 27, 17]","[2, 7, 12, 17]","[[1, -2, 1, 0], [0, 1, -2, 1]]","[0, 0]"
D,001268813396ad5de1180c76cdcc37c5450be465407874a3754f74e0be9762c7,da197c4f9e00e44c043cac865622a4e4,trend,IMAGE_CUE_FRESH,sum4,2,3,,,trend,True,False,True,15,"[2, 7, 27, 17]","[2, 7, 12, 17]","[[1, -2, 1, 0], [0, 1, -2, 1]]","[0, 0]"
D,7c3de18d79da8978a4c7b3b26fa3444836215665edbbeaea47425bf1a8cd4bf7,8b4fe819c74f565b8c06be7b652925fd,trend,SYMBOLIC_FRESH,sum4,3,4,,,trend,True,False,True,52,"[9, 10, 11, 64]","[9, 10, 11, 12]","[[1, -2, 1, 0], [0, 1, -2, 1]]","[0, 0]"
D,e521c1c2ba64ff856f451f228c6de57b06297c4ebf27a427d5bbc2e385f27e31,8b4fe819c74f565b8c06be7b652925fd,trend,IMAGE_CUE_FRESH,sum4,3,4,,,trend,True,False,True,52,"[9, 10, 11, 64]","[9, 10, 11, 12]","[[1, -2, 1, 0], [0, 1, -2, 1]]","[0, 0]"
D,1de6c7c952d02a9b9ded56e706411fff86a97c6698195a34c6e7ec10e976fa88,5efb26c2b66de97c09675d7ca953cc42,trend,SYMBOLIC_FRESH,sum4,0,1,,,trend,False,True,False,1,"[36, 41, 45, 49]","[37, 41, 45, 49]","[[1, -2, 1, 0], [0, 1, -2, 1]]","[0, 0]"
D,b8e47866330e772376c5445941043b21eb49c35121f2062382d5e5fed0a67283,5efb26c2b66de97c09675d7ca953cc42,trend,IMAGE_CUE_FRESH,sum4,0,1,,,trend,False,True,False,1,"[36, 41, 45, 49]","[37, 41, 45, 49]","[[1, -2, 1, 0], [0, 1, -2, 1]]","[0, 0]"
D,71d91ab5e40de37b0a21010f0712cd14bad539217113fe3f66e9cdbb40e81199,21e485de20c67c2ef1f1122431ec476d,trend,SYMBOLIC_FRESH,difference_pairs,1,2,,,trend,False,True,False,17,"[5, 29, 19, 26]","[5, 12, 19, 26]","[[1, -2, 1, 0], [0, 1, -2, 1]]","[0, 0]"
D,235af627bc4bacc5b6e35ee4106461c8e22d52d791d3aab4da05d537223b88a9,21e485de20c67c2ef1f1122431ec476d,trend,IMAGE_CUE_FRESH,difference_pairs,1,2,,,trend,False,True,False,17,"[5, 29, 19, 26]","[5, 12, 19, 26]","[[1, -2, 1, 0], [0, 1, -2, 1]]","[0, 0]"
D,cf08e02888533c9460e33ebe71823442e639f181f6c2cbb8a5e0e6af200c5791,87db15c054d02943ed729aeade1e23e3,trend,SYMBOLIC_FRESH,difference_pairs,0,1,,,trend,False,True,False,47,"[78, 24, 17, 10]","[31, 24, 17, 10]","[[1, -2, 1, 0], [0, 1, -2, 1]]","[0, 0]"
D,bd2fd6fd1723b1f7ac457e47f272f93a3efbf37a15f2fe258fae18f707d15755,87db15c054d02943ed729aeade1e23e3,trend,IMAGE_CUE_FRESH,difference_pairs,0,1,,,trend,False,True,False,47,"[78, 24, 17, 10]","[31, 24, 17, 10]","[[1, -2, 1, 0], [0, 1, -2, 1]]","[0, 0]"
D,7dfd1d56eeae9d108f6c12b1c687c98e65b85656920d450974a18840981305cc,c0be8cfc8c74005747bd2583981a937c,trend,SYMBOLIC_FRESH,difference_pairs,0,1,,,trend,False,True,False,30,"[9, 36, 33, 30]","[39, 36, 33, 30]","[[1, -2, 1, 0], [0, 1, -2, 1]]","[0, 0]"
D,21260e4f6c037773b314f777b586e7242f3e88206cfff43dac3e329fb8b161bb,c0be8cfc8c74005747bd2583981a937c,trend,IMAGE_CUE_FRESH,difference_pairs,0,1,,,trend,False,True,False,30,"[9, 36, 33, 30]","[39, 36, 33, 30]","[[1, -2, 1, 0], [0, 1, -2, 1]]","[0, 0]"
D,75df9603a3cb11e8c97d948494d4ef1ddf7655eed90c726e3721d45b3810e038,6646a82111c1a1a3393bc581eab425c5,trend,SYMBOLIC_FRESH,difference_pairs,1,2,,,trend,False,True,False,15,"[2, 0, 28, 41]","[2, 15, 28, 41]","[[1, -2, 1, 0], [0, 1, -2, 1]]","[0, 0]"
D,6eeff00c0c759d4e0e1697d316c2582550d364774f7ef291811a3d41071bf117,6646a82111c1a1a3393bc581eab425c5,trend,IMAGE_CUE_FRESH,difference_pairs,1,2,,,trend,False,True,False,15,"[2, 0, 28, 41]","[2, 15, 28, 41]","[[1, -2, 1, 0], [0, 1, -2, 1]]","[0, 0]"
D,4ca27a3e04ca62e80f8a9447ee390876f3b800437207c3e01a82af8a5252f083,cab29bd0c559c2b3ff3e63e91eb362d5,trend,SYMBOLIC_FRESH,range4,3,4,,,trend,True,False,True,62,"[2, 8, 14, 82]","[2, 8, 14, 20]","[[1, -2, 1, 0], [0, 1, -2, 1]]","[0, 0]"
D,6a3900ed4973d2ee2fe3fbcab7d7c7ac8d9f63ea478a4f862c0fd38a4bedc739,cab29bd0c559c2b3ff3e63e91eb362d5,trend,IMAGE_CUE_FRESH,range4,3,4,,,trend,True,False,True,62,"[2, 8, 14, 82]","[2, 8, 14, 20]","[[1, -2, 1, 0], [0, 1, -2, 1]]","[0, 0]"
D,642e426f6db11766b1bba00e823ff7439a017c04923db419daa0fc36f87467e6,79796936bff5e8cfb46d60dd22a5ad1b,trend,SYMBOLIC_FRESH,range4,1,2,,,trend,False,True,False,22,"[29, 48, 23, 20]","[29, 26, 23, 20]","[[1, -2, 1, 0], [0, 1, -2, 1]]","[0, 0]"
D,81e3dd7ed924994c688a38cbd118e19236089f1a969068cda3ae46fc623e3daf,79796936bff5e8cfb46d60dd22a5ad1b,trend,IMAGE_CUE_FRESH,range4,1,2,,,trend,False,True,False,22,"[29, 48, 23, 20]","[29, 26, 23, 20]","[[1, -2, 1, 0], [0, 1, -2, 1]]","[0, 0]"
D,a5adbe7f7189a5a16917a2fee5704dd1a7728a9142f085947d4f8e355dfe982d,244cc7138227125c89ac4503b72cf720,trend,SYMBOLIC_FRESH,range4,0,1,,,trend,False,True,False,13,"[4, 26, 35, 44]","[17, 26, 35, 44]","[[1, -2, 1, 0], [0, 1, -2, 1]]","[0, 0]"
D,0c50c720990d6a9e45e340db144f618432bc0af8650ee59ad40ea9e77e3ef74a,244cc7138227125c89ac4503b72cf720,trend,IMAGE_CUE_FRESH,range4,0,1,,,trend,False,True,False,13,"[4, 26, 35, 44]","[17, 26, 35, 44]","[[1, -2, 1, 0], [0, 1, -2, 1]]","[0, 0]"
D,31ae5cb7dff15b19d6811047b36bbee7d8700a000a34a1382a4fb14f2e921e82,7165e8e878fc53eb256e60495ccae762,trend,SYMBOLIC_FRESH,range4,1,2,,,trend,False,True,False,31,"[3, 49, 33, 48]","[3, 18, 33, 48]","[[1, -2, 1, 0], [0, 1, -2, 1]]","[0, 0]"
D,50c9063adc65159276a21d0578d3a2289dddd483b232145fe5dbe07af580ef58,7165e8e878fc53eb256e60495ccae762,trend,IMAGE_CUE_FRESH,range4,1,2,,,trend,False,True,False,31,"[3, 49, 33, 48]","[3, 18, 33, 48]","[[1, -2, 1, 0], [0, 1, -2, 1]]","[0, 0]"
BRANCH,a2861a83545b16856b28f7383437cf61214f787581f3e576c6ad757e24c1c31c,55e40da70538927b8b0d768de6260ebc,duplicate_encoding,SYMBOLIC_FRESH,difference_pairs,0,1,,,duplicate_encoding,True,True,True,9,"[51, 17, 26, 39]","[42, 17, 26, 39]","[[1, 0, 0, 0]]",[42]
BRANCH,1b921742419b6c64b173e06661a565f24db8abb268870a24f2337c3520823cbf,be8a26172a3d117ff90864cfb6ee2a2a,duplicate_encoding,IMAGE_CUE_FRESH,range4,1,2,,,duplicate_encoding,True,True,True,3,"[18, 30, 42, 16]","[18, 33, 42, 16]","[[0, 1, 0, 0]]",[33]
BRANCH,62f27580b6266dee99e4be98c956d98874679b0b8619f96b260e650cf9f2bd5d,feca1a94bb3505ab3d8a7fa7f51b88c9,cross_series,SYMBOLIC_FRESH,difference_pairs,2,3,2.0,3.0,center,True,True,True,39,"[48, 0, 41, 13]","[48, 0, 2, 13]","[[1, 0, 1, 0], [0, 1, 1, 0], [0, 0, 1, 1]]","[50, 2, 15]"
BRANCH,56dd22a53587ff2701b8d9444e1da466468372843879b03a91b63c219d4f7eaf,3add68e10bc6e4e8cb1f7b4267ce56a3,cross_series,IMAGE_CUE_FRESH,range4,0,1,3.0,4.0,leaf,False,True,False,10,"[39, 15, 39, 46]","[29, 15, 39, 46]","[[1, 0, 0, 1], [0, 1, 0, 1], [0, 0, 1, 1]]","[75, 61, 85]"
BRANCH,d8a0e1f63c1197c7f403eabcb69eed1c2dcbafc75b2f1e395d06d8f3e060d25f,f17bf365133b6c440c4b93cae87662f5,trend,SYMBOLIC_FRESH,sum4,0,1,,,trend,False,True,False,51,"[95, 31, 18, 5]","[44, 31, 18, 5]","[[1, -2, 1, 0], [0, 1, -2, 1]]","[0, 0]"
BRANCH,77be111d005bbff1e865fd83d748dabaae1ccb91830339aad0dea4e37eefc816,61358a2ea08887fe0572cf629d57677a,trend,IMAGE_CUE_FRESH,sum4,1,2,,,trend,False,True,False,7,"[11, 15, 5, 2]","[11, 8, 5, 2]","[[1, -2, 1, 0], [0, 1, -2, 1]]","[0, 0]"
BRANCH,acdba367420a42b7376ee374b6f62cbfe894ca7dcbc675880757dbd60aab68e4,26d9a7891c2c28848122f49980746893,duplicate_encoding,SYMBOLIC_FRESH,sum4,3,4,,,duplicate_encoding,True,True,True,40,"[47, 7, 7, 52]","[47, 7, 7, 12]","[[0, 0, 0, 1]]",[12]
BRANCH,3766e1b9ca6d9a8d13fdc5979faf879f9430efdae65c0a970d8b72e0a4daba5b,f0cf43333c8593bdaba830fa0e4a2fd2,duplicate_encoding,IMAGE_CUE_FRESH,difference_pairs,2,3,,,duplicate_encoding,True,True,True,14,"[28, 29, 26, 24]","[28, 29, 12, 24]","[[0, 0, 1, 0]]",[12]
BRANCH,4eb7d59fb975ada615537c4639f21a61c6ac4e923c8526f46f97138f37282dfb,ac7f855f756e8a0853ee417882813b5e,cross_series,SYMBOLIC_FRESH,range4,3,4,3.0,4.0,center,True,False,True,67,"[49, 7, 29, 82]","[49, 7, 29, 15]","[[1, 0, 0, 1], [0, 1, 0, 1], [0, 0, 1, 1]]","[64, 22, 44]"
BRANCH,d5f9ff4292dc5a7812bdfaedb999374a3d65b78490be62ab7ed3a3269900e800,63ed590efedf8348c245e2126905f6ee,cross_series,IMAGE_CUE_FRESH,sum4,3,4,2.0,3.0,leaf,True,False,True,61,"[39, 37, 30, 75]","[39, 37, 30, 14]","[[1, 0, 1, 0], [0, 1, 1, 0], [0, 0, 1, 1]]","[69, 67, 44]"
BRANCH,c9fb186b727087d7dc14d77edea2075d38bad7d69aa2425f4f3e14fa2fa7e3fc,1f5b298e46449dad026b86e24af463b1,trend,SYMBOLIC_FRESH,difference_pairs,3,4,,,trend,True,False,True,61,"[12, 18, 24, 91]","[12, 18, 24, 30]","[[1, -2, 1, 0], [0, 1, -2, 1]]","[0, 0]"
BRANCH,857cc0a585f08781490d29fd47e5135d4bbc66d72bdeb51c5adb6b5f570bd03a,045ff88982c52795766f6a83ab35f705,trend,IMAGE_CUE_FRESH,difference_pairs,2,3,,,trend,True,False,True,3,"[17, 21, 22, 29]","[17, 21, 25, 29]","[[1, -2, 1, 0], [0, 1, -2, 1]]","[0, 0]"
BRANCH,504300e610a748ac0fe241dfbdd61730c7b81f035cbe708c1a84d2216bb9a918,c06bf4860c0ad102182a5c4fc767eb36,duplicate_encoding,SYMBOLIC_FRESH,sum4,3,4,,,duplicate_encoding,True,True,True,54,"[17, 1, 24, 79]","[17, 1, 24, 25]","[[0, 0, 0, 1]]",[25]
BRANCH,3ef65ff3ebfea776484bac1a0b9ed576b2ea5dff5bec9fe8512ef9d58d802c11,1130408067f888b3abc886d21df4812a,duplicate_encoding,IMAGE_CUE_FRESH,range4,0,1,,,duplicate_encoding,True,True,True,44,"[59, 38, 46, 36]","[15, 38, 46, 36]","[[1, 0, 0, 0]]",[15]
BRANCH,2c4d88d95e9ede03f9d94fb7854ea785e087925bc7c16ccb55ef28a2ef3d8813,cc9ed9e8fee144aa511b22f1adb34211,cross_series,SYMBOLIC_FRESH,range4,2,3,3.0,4.0,leaf,False,True,True,55,"[3, 3, 58, 44]","[3, 3, 3, 44]","[[1, 0, 0, 1], [0, 1, 0, 1], [0, 0, 1, 1]]","[47, 47, 47]"
BRANCH,7357a6c5c885ea5554f2782ba06014ba688c15d16fba82feb2b9b53223a6c9c9,ca8756ad2001c8b2cd87db43cf5c5ab7,cross_series,IMAGE_CUE_FRESH,difference_pairs,2,3,2.0,3.0,center,True,True,True,7,"[44, 2, 44, 14]","[44, 2, 37, 14]","[[1, 0, 1, 0], [0, 1, 1, 0], [0, 0, 1, 1]]","[81, 39, 51]"
BRANCH,23ebc2772b2f325ea8de3e542bc0826ff112af8b96d66cafdd198579a7474eb4,c69d748c2af9174ec7a4dd048adf1602,trend,SYMBOLIC_FRESH,sum4,2,3,,,trend,True,False,True,53,"[31, 23, 68, 7]","[31, 23, 15, 7]","[[1, -2, 1, 0], [0, 1, -2, 1]]","[0, 0]"
BRANCH,33a8ea5c64e73bc08d3a32bb1e961116a91dc0cb0e9635fc81dc92e01c91b788,27bf8c49bdf8fb7c4a085a42694752d3,trend,IMAGE_CUE_FRESH,range4,2,3,,,trend,True,False,True,62,"[31, 32, 95, 34]","[31, 32, 33, 34]","[[1, -2, 1, 0], [0, 1, -2, 1]]","[0, 0]"
BRANCH,43773e80e75852972e73c9377d1bf805dd032dfc490fd7d2d6ad3ac3388d5a27,cc0bed87a3187de9107fba04d5283bea,duplicate_encoding,SYMBOLIC_FRESH,difference_pairs,0,1,,,duplicate_encoding,True,True,True,45,"[67, 14, 36, 30]","[22, 14, 36, 30]","[[1, 0, 0, 0]]",[22]
BRANCH,419a211a49fbf0349c15c0a99d464a306fda54f2cd95b4051cd936a57d592dbd,d68575ad2e507ba229eba1187397fe25,duplicate_encoding,IMAGE_CUE_FRESH,range4,2,3,,,duplicate_encoding,True,True,True,62,"[41, 44, 76, 1]","[41, 44, 14, 1]","[[0, 0, 1, 0]]",[14]
BRANCH,8104f551c8408ec4165d60c88e6a690347d1f680f454ac92fd6a2d85461f1c8c,c907a41bd39313e5962bc6b766cbe873,cross_series,SYMBOLIC_FRESH,range4,0,1,3.0,4.0,leaf,False,True,False,1,"[34, 4, 45, 4]","[33, 4, 45, 4]","[[1, 0, 0, 1], [0, 1, 0, 1], [0, 0, 1, 1]]","[37, 8, 49]"
BRANCH,761bbb2ff20f1c5f5334cea13f50c8d122011516c4836072f432a41679ba6151,ad1b6cd3c728042950c79930017f47b4,cross_series,IMAGE_CUE_FRESH,difference_pairs,3,4,2.0,3.0,leaf,True,False,True,71,"[40, 45, 12, 81]","[40, 45, 12, 10]","[[1, 0, 1, 0], [0, 1, 1, 0], [0, 0, 1, 1]]","[52, 57, 22]"
BRANCH,53f95aa8e62ca37f97d95c351a6634a6c3221fe0042500651db314e9caaacc17,6b558fa24bf04f20dc428442afba7a05,trend,SYMBOLIC_FRESH,sum4,2,3,,,trend,True,False,True,2,"[23, 19, 17, 11]","[23, 19, 15, 11]","[[1, -2, 1, 0], [0, 1, -2, 1]]","[0, 0]"
BRANCH,b59e17e53922ca02607bfff80fa3ef37bd1a3341d6c8d4ed958b27012cf05a92,65aa059b28ece0611a41878fa388b50c,trend,IMAGE_CUE_FRESH,sum4,0,1,,,trend,False,True,False,64,"[67, 8, 13, 18]","[3, 8, 13, 18]","[[1, -2, 1, 0], [0, 1, -2, 1]]","[0, 0]"
BRANCH,657cfc819c67ca2d51eb9a2fdb2e4f3b3e61f6e47f444dc291ba74512083875f,21f7553cdc2debfca42ab152fa28f82b,duplicate_encoding,SYMBOLIC_FRESH,difference_pairs,3,4,,,duplicate_encoding,True,True,True,19,"[34, 41, 30, 26]","[34, 41, 30, 45]","[[0, 0, 0, 1]]",[45]
BRANCH,7c62b7d2fd38e027c56165ec104acd9a1244a65b223a0cdeafd85b8bdfceecb5,bb0876a7c30737463a64089dd8bea89d,duplicate_encoding,IMAGE_CUE_FRESH,range4,3,4,,,duplicate_encoding,True,True,True,32,"[28, 16, 9, 59]","[28, 16, 9, 27]","[[0, 0, 0, 1]]",[27]
BRANCH,1f9df31f88fd25779baebdf1161eadc1013dbcaf8afdae1cb964e3d63ca656a3,bfbee761429e276e1a42323850cd59df,cross_series,SYMBOLIC_FRESH,range4,2,3,0.0,1.0,leaf,True,False,True,14,"[34, 13, 62, 46]","[34, 13, 48, 46]","[[1, 1, 0, 0], [1, 0, 1, 0], [1, 0, 0, 1]]","[47, 82, 80]"
BRANCH,039ad29ef25137d9743ca1fec93db5a59e46c5ab11e1413e7d86915d4b62cda9,8d5a6c0850e315ef1722eb5c1a44368e,cross_series,IMAGE_CUE_FRESH,sum4,1,2,1.0,2.0,center,True,True,True,14,"[3, 17, 13, 36]","[3, 3, 13, 36]","[[1, 1, 0, 0], [0, 1, 1, 0], [0, 1, 0, 1]]","[6, 16, 39]"
BRANCH,f9ca0b532809f81f5615c16f11151ac2b4a21c7beca12c9d4c59d3b3012ceca8,5b53df1b9e870a3a819a22b0eea8096b,trend,SYMBOLIC_FRESH,range4,0,1,,,trend,False,True,False,5,"[22, 34, 41, 48]","[27, 34, 41, 48]","[[1, -2, 1, 0], [0, 1, -2, 1]]","[0, 0]"
BRANCH,b63353a20722189321fc8cb15501f19868577031fbb7d086cb895892479547ae,7db3b35e40b7cafb41edbc0a43d17b67,trend,IMAGE_CUE_FRESH,range4,3,4,,,trend,True,False,True,22,"[0, 13, 26, 61]","[0, 13, 26, 39]","[[1, -2, 1, 0], [0, 1, -2, 1]]","[0, 0]"
BRANCH,3d94ffa14931b1d5abc9fe508655370616ed8e76f7e2faaf34e019a080e2d4e8,be8cb224110852479d9fcd9373d3da18,duplicate_encoding,SYMBOLIC_FRESH,range4,1,2,,,duplicate_encoding,True,True,True,84,"[30, 96, 40, 14]","[30, 12, 40, 14]","[[0, 1, 0, 0]]",[12]
BRANCH,7222276d0270923a485726c0d0147152e9640078af006da517c893ce710ed5de,2e42c9a75becb6ecb0aee441711063d9,duplicate_encoding,IMAGE_CUE_FRESH,difference_pairs,0,1,,,duplicate_encoding,True,True,True,21,"[44, 8, 9, 4]","[23, 8, 9, 4]","[[1, 0, 0, 0]]",[23]
BRANCH,0717a766978615068118f9f6e30cde7183b74eb03061ca42d6aef992b3a3f667,45144d5f9fb3d4701b2d65f1d67c648c,cross_series,SYMBOLIC_FRESH,difference_pairs,1,2,3.0,4.0,leaf,False,True,True,58,"[48, 59, 27, 15]","[48, 1, 27, 15]","[[1, 0, 0, 1], [0, 1, 0, 1], [0, 0, 1, 1]]","[63, 16, 42]"
BRANCH,b17b08a476f37660db007bf6491c500f2e2c297eaa088684b65e3f5ec2644695,532948e315cdcec295a79784dc884ec2,cross_series,IMAGE_CUE_FRESH,range4,1,2,2.0,3.0,leaf,False,True,True,4,"[32, 21, 49, 39]","[32, 25, 49, 39]","[[1, 0, 1, 0], [0, 1, 1, 0], [0, 0, 1, 1]]","[81, 74, 88]"
BRANCH,c1b1081cbf5db617f9a96c1fed35eb4e8ddde71e3d1543713b05a4429da6f046,93372fc3f5dec87b1dd27609e2c93e1a,trend,SYMBOLIC_FRESH,range4,3,4,,,trend,True,False,True,30,"[12, 8, 4, 30]","[12, 8, 4, 0]","[[1, -2, 1, 0], [0, 1, -2, 1]]","[0, 0]"
BRANCH,84217b1a02ae0a11a30652afa065ad8594fad564e03a3e89f0d94e96520d730b,8ac0257a0f1fb73b615d52db9cc9ee2a,trend,IMAGE_CUE_FRESH,difference_pairs,1,2,,,trend,False,True,False,63,"[36, 92, 22, 15]","[36, 29, 22, 15]","[[1, -2, 1, 0], [0, 1, -2, 1]]","[0, 0]"
BRANCH,c1a69097b119c1354373271ba2e11ca61dc094122e1751dd9549c21c2f318b91,bb14bfd89215627aba398d244fa46c97,duplicate_encoding,SYMBOLIC_FRESH,sum4,3,4,,,duplicate_encoding,True,True,True,51,"[1, 42, 10, 74]","[1, 42, 10, 23]","[[0, 0, 0, 1]]",[23]
BRANCH,faa9df2a9ceeffaa73269bbf8322cb9cbf86eff08f0aecf63f658598e1692c82,1aaf4ff8c09635426f734e428145e663,duplicate_encoding,IMAGE_CUE_FRESH,difference_pairs,3,4,,,duplicate_encoding,True,True,True,39,"[34, 36, 48, 77]","[34, 36, 48, 38]","[[0, 0, 0, 1]]",[38]
BRANCH,4580b987792581c4dbc07ebda9ef97c586aa93539a82c77e4eb1dd4e66ff6c06,0d06ab54b8c81f822189c44d3b3319db,cross_series,SYMBOLIC_FRESH,range4,1,2,3.0,4.0,leaf,False,True,True,32,"[23, 76, 18, 7]","[23, 44, 18, 7]","[[1, 0, 0, 1], [0, 1, 0, 1], [0, 0, 1, 1]]","[30, 51, 25]"
BRANCH,957e584e8569b43c2bad7af52d5345f0917ffe2d8405bdd75d2c00f427bbdb3d,fca0c6aa5b8c1f9c539b5f867af1b6b8,cross_series,IMAGE_CUE_FRESH,difference_pairs,2,3,3.0,4.0,leaf,False,True,True,42,"[20, 0, 45, 30]","[20, 0, 3, 30]","[[1, 0, 0, 1], [0, 1, 0, 1], [0, 0, 1, 1]]","[50, 30, 33]"
BRANCH,22038faaad564f8433557b0ff5ff7dd34afaa159240df36316d3584f473ed7e0,0fd0b91616bdd3e2c5be51f42c67aad0,trend,SYMBOLIC_FRESH,sum4,0,1,,,trend,False,True,False,4,"[40, 43, 42, 41]","[44, 43, 42, 41]","[[1, -2, 1, 0], [0, 1, -2, 1]]","[0, 0]"
BRANCH,222192bcf0334624003f24063896f7c380311dfdefa3f5a07418761193a246c8,929dc1971109d81b225aba35e580c732,trend,IMAGE_CUE_FRESH,sum4,0,1,,,trend,False,True,False,32,"[32, 11, 22, 33]","[0, 11, 22, 33]","[[1, -2, 1, 0], [0, 1, -2, 1]]","[0, 0]"
BRANCH,427229a039af0b70192b79f91facc18074a21df35d1ebcb53e72f5bb0485b4de,a76d3058e1138cb7c94fec3ff88c434d,duplicate_encoding,SYMBOLIC_FRESH,range4,3,4,,,duplicate_encoding,True,True,True,40,"[33, 20, 9, 8]","[33, 20, 9, 48]","[[0, 0, 0, 1]]",[48]
BRANCH,5644805361d698e9207bd7550e431c3938ec7410c94984338f8aef8ab7c238d1,0363f3bbb5b23acb749ee6cf73bf6e44,duplicate_encoding,IMAGE_CUE_FRESH,range4,0,1,,,duplicate_encoding,True,True,True,70,"[80, 22, 18, 23]","[10, 22, 18, 23]","[[1, 0, 0, 0]]",[10]
BRANCH,469d5e7ed87c1893325f12197da14d0b72e192ba57a8f1f289ab87ae3769317f,df6f56ec9db75a6d7763d88688d643d1,cross_series,SYMBOLIC_FRESH,sum4,1,2,0.0,1.0,leaf,True,False,True,54,"[25, 90, 30, 37]","[25, 36, 30, 37]","[[1, 1, 0, 0], [1, 0, 1, 0], [1, 0, 0, 1]]","[61, 55, 62]"
BRANCH,028e97611d3aab0ae8c52a4a09334015b51e7f246b97a6b8be834086b3589411,03dba8b202e8560fffec65eb93fa6c2f,cross_series,IMAGE_CUE_FRESH,difference_pairs,1,2,0.0,1.0,leaf,True,False,True,42,"[36, 55, 14, 29]","[36, 13, 14, 29]","[[1, 1, 0, 0], [1, 0, 1, 0], [1, 0, 0, 1]]","[49, 50, 65]"
BRANCH,b0fdb33afab2ebaeb27d4f0fd19e9225940b152b07557f8698b861f63f588caf,533dd992313fbe9e7d304ef11a66a54b,trend,SYMBOLIC_FRESH,sum4,3,4,,,trend,True,False,True,83,"[19, 16, 13, 93]","[19, 16, 13, 10]","[[1, -2, 1, 0], [0, 1, -2, 1]]","[0, 0]"
BRANCH,f3f2c703026c5336df62285ba5740a3754b65a56caea3c18ade6bda57d2da3b8,293d94f07f2869433a8456877cfc78e3,trend,IMAGE_CUE_FRESH,range4,3,4,,,trend,True,False,True,20,"[33, 36, 39, 62]","[33, 36, 39, 42]","[[1, -2, 1, 0], [0, 1, -2, 1]]","[0, 0]"
BRANCH,37d0c439653c4ecbd6012e9442a839fad2b9415e3cbf578d8ea73de11eb87b8e,59a6d41fba9f24076678efb4040eace9,duplicate_encoding,SYMBOLIC_FRESH,sum4,1,2,,,duplicate_encoding,True,True,True,10,"[39, 46, 47, 27]","[39, 36, 47, 27]","[[0, 1, 0, 0]]",[36]
BRANCH,9f9f0a13bfd95162067d55c47a2297daf6cd0275c7f38a23b186ed36f02c004f,05e4541f03cb926d077453ef5811436c,duplicate_encoding,IMAGE_CUE_FRESH,difference_pairs,3,4,,,duplicate_encoding,True,True,True,39,"[31, 44, 2, 88]","[31, 44, 2, 49]","[[0, 0, 0, 1]]",[49]
BRANCH,8c79b71f3c66e082adf227df027f8e6f4e3da24c97cb10f4a9339e2b4497efc7,1ab1cf7485337d88c3825bed69d53704,cross_series,SYMBOLIC_FRESH,difference_pairs,3,4,0.0,1.0,leaf,True,False,True,3,"[41, 9, 3, 44]","[41, 9, 3, 41]","[[1, 1, 0, 0], [1, 0, 1, 0], [1, 0, 0, 1]]","[50, 44, 82]"
BRANCH,81e343c7cb5138903f14251becf326b75dac8dd2f96489dc5fc2359c4674b944,6f1420fc61db4fb2ab4adbdc6ae4cc9a,cross_series,IMAGE_CUE_FRESH,difference_pairs,2,3,2.0,3.0,center,True,True,True,18,"[44, 38, 29, 49]","[44, 38, 47, 49]","[[1, 0, 1, 0], [0, 1, 1, 0], [0, 0, 1, 1]]","[91, 85, 96]"
BRANCH,a3ecf1a1ef5836014b1cab1685e007d73f9b3f04a6012cd26d26b2e472973408,cab25a0fcb60db93619bcfa1a51d22f5,trend,SYMBOLIC_FRESH,range4,2,3,,,trend,True,False,True,64,"[13, 23, 97, 43]","[13, 23, 33, 43]","[[1, -2, 1, 0], [0, 1, -2, 1]]","[0, 0]"
BRANCH,851b600714c4a036ab059a45c7ac6e3b774287e61644493b947fd511c37b00de,b06183b72c9c79848bac551d7af75382,trend,IMAGE_CUE_FRESH,sum4,1,2,,,trend,False,True,False,6,"[36, 33, 18, 9]","[36, 27, 18, 9]","[[1, -2, 1, 0], [0, 1, -2, 1]]","[0, 0]"
BRANCH,a6ffeab819af55756ac697cd5fc6ae994f4cbfa46d4a1a07ca084e4e31bfbfc2,a26b7598f5612a63475f7afbd0c63159,duplicate_encoding,SYMBOLIC_FRESH,range4,1,2,,,duplicate_encoding,True,True,True,46,"[8, 68, 40, 28]","[8, 22, 40, 28]","[[0, 1, 0, 0]]",[22]
BRANCH,bf60889e035a55cee5da6a9775e4b63a5c516707c86e6f24db16a8630fad220e,37624ab8be813f9d4f1156feefe59cd5,duplicate_encoding,IMAGE_CUE_FRESH,sum4,0,1,,,duplicate_encoding,True,True,True,6,"[14, 18, 16, 44]","[20, 18, 16, 44]","[[1, 0, 0, 0]]",[20]
BRANCH,bad8f9236aa06c2e667f4d83df2d7569ef6fd972aa7dacc76beb39d4999b5f1f,e0f5f47f3dd7da0ac6412998c6e72722,cross_series,SYMBOLIC_FRESH,difference_pairs,1,2,2.0,3.0,leaf,False,True,True,50,"[9, 71, 43, 8]","[9, 21, 43, 8]","[[1, 0, 1, 0], [0, 1, 1, 0], [0, 0, 1, 1]]","[52, 64, 51]"
BRANCH,6e29709c89b2777f4561970f6d7287f3540853bf930449ef72a78ce19c0f137d,115c5c619bed66112cef97bc78ca292a,cross_series,IMAGE_CUE_FRESH,range4,2,3,3.0,4.0,leaf,False,True,True,75,"[4, 3, 87, 22]","[4, 3, 12, 22]","[[1, 0, 0, 1], [0, 1, 0, 1], [0, 0, 1, 1]]","[26, 25, 34]"
BRANCH,fc3772de47f81dd7a51e72e1bd54619a7adcbc13cc2648bbd7a0d8ff63e9e22b,96da7c161cf71866d74ab11f89a9db23,trend,SYMBOLIC_FRESH,sum4,3,4,,,trend,True,False,True,70,"[14, 13, 12, 81]","[14, 13, 12, 11]","[[1, -2, 1, 0], [0, 1, -2, 1]]","[0, 0]"
BRANCH,bdbc72deb374834073ac1e8c44b0f50ee2b097deda05001b75d1eae26a45a40a,c2792466929b0eb683c9a3d195931503,trend,IMAGE_CUE_FRESH,difference_pairs,0,1,,,trend,False,True,False,49,"[84, 31, 27, 23]","[35, 31, 27, 23]","[[1, -2, 1, 0], [0, 1, -2, 1]]","[0, 0]"
BRANCH,49dd0fb8c56bf4cfcecf3c72e18bd791661320ad7b06019bc32a95562af62985,f6b1ababe0ac10ba7c97bde1eaafab02,duplicate_encoding,SYMBOLIC_FRESH,difference_pairs,3,4,,,duplicate_encoding,True,True,True,18,"[7, 23, 11, 31]","[7, 23, 11, 49]","[[0, 0, 0, 1]]",[49]
BRANCH,a3c0a24380bb5e21e63935b2a53e528287d2d33a23cb0b5c1d44c4956a4cbaa0,485e8dac8b04cba30bc16931add73f2f,duplicate_encoding,IMAGE_CUE_FRESH,difference_pairs,3,4,,,duplicate_encoding,True,True,True,40,"[18, 11, 32, 74]","[18, 11, 32, 34]","[[0, 0, 0, 1]]",[34]
BRANCH,aafe3dc9a7b300ba6a10e19365be85ed6941a13b6ce4007072e975677be28389,cb110b5ac3d2bd9787ee8e4f916e172c,cross_series,SYMBOLIC_FRESH,difference_pairs,2,3,2.0,3.0,center,True,True,True,43,"[35, 8, 66, 48]","[35, 8, 23, 48]","[[1, 0, 1, 0], [0, 1, 1, 0], [0, 0, 1, 1]]","[58, 31, 71]"
BRANCH,5ed26725877189869b82c51ded31c94a1ba0502fd1d379ed18b0340f331647e4,35ff3525aeb5fc8c4a8a3e4408eee0ed,cross_series,IMAGE_CUE_FRESH,sum4,3,4,0.0,1.0,leaf,True,False,True,36,"[5, 17, 6, 82]","[5, 17, 6, 46]","[[1, 1, 0, 0], [1, 0, 1, 0], [1, 0, 0, 1]]","[22, 11, 51]"
BRANCH,55678b25cc030a3c84f07d9a1a5129e77c954360be48ad7aa6e8f53c0412dd29,b8e3e8a817624e349219b1cd1c9e3891,trend,SYMBOLIC_FRESH,sum4,3,4,,,trend,True,False,True,2,"[3, 10, 17, 26]","[3, 10, 17, 24]","[[1, -2, 1, 0], [0, 1, -2, 1]]","[0, 0]"
BRANCH,23e534d1c1c57f08360e2de39d1b872961ac505a91d671ec1f809d9897ea59d9,f057d8a9df41948f602e46b12581fbe1,trend,IMAGE_CUE_FRESH,sum4,0,1,,,trend,False,True,False,7,"[38, 21, 11, 1]","[31, 21, 11, 1]","[[1, -2, 1, 0], [0, 1, -2, 1]]","[0, 0]"
BRANCH,fa972ac0537d98263ecc86d9621a453ee423a7f7f9b85e730714b208fda7d603,2128058c8dcb999a287c14a8155cd709,duplicate_encoding,SYMBOLIC_FRESH,sum4,2,3,,,duplicate_encoding,True,True,True,60,"[15, 49, 63, 10]","[15, 49, 3, 10]","[[0, 0, 1, 0]]",[3]
BRANCH,cf67fd943c724e1adb190fc79e7746d05ba4628844c6db2d67ab1ea74a122332,36a05abbbb7cc5a919bb62b09a1968f6,duplicate_encoding,IMAGE_CUE_FRESH,difference_pairs,0,1,,,duplicate_encoding,True,True,True,3,"[10, 39, 28, 47]","[7, 39, 28, 47]","[[1, 0, 0, 0]]",[7]
BRANCH,2f0da8ae51e650a8ac07a297c00bd30db3b0b9dcf9486b49a75f33149fa1b591,e6de3bbfe57a02bbd6adbfe46aed8075,cross_series,SYMBOLIC_FRESH,range4,3,4,1.0,2.0,leaf,True,False,True,88,"[35, 37, 37, 97]","[35, 37, 37, 9]","[[1, 1, 0, 0], [0, 1, 1, 0], [0, 1, 0, 1]]","[72, 74, 46]"
BRANCH,ab112cbbd2a125b935638028be8f1f1c1073d68f23ad1910ba39649b6bbb5bc6,2995726e7656046f1950a123c48343cc,cross_series,IMAGE_CUE_FRESH,sum4,1,2,1.0,2.0,center,True,True,True,4,"[35, 21, 1, 5]","[35, 25, 1, 5]","[[1, 1, 0, 0], [0, 1, 1, 0], [0, 1, 0, 1]]","[60, 26, 30]"
BRANCH,cabd012c607f39aaf18a8ad7aa1a8f21136969c5ee50dce8cbae40ba71ef3e37,4d5b887d9d7480edfbceabab053d4a7c,trend,SYMBOLIC_FRESH,sum4,1,2,,,trend,False,True,False,26,"[43, 18, 45, 46]","[43, 44, 45, 46]","[[1, -2, 1, 0], [0, 1, -2, 1]]","[0, 0]"
BRANCH,045b3acefc141a6cf8463e3e4683d260fb3872206b9163aa2d3d312f130e3a93,0b9cc14fa25c53d5d7378c408bdba8a3,trend,IMAGE_CUE_FRESH,range4,0,1,,,trend,False,True,False,60,"[74, 18, 22, 26]","[14, 18, 22, 26]","[[1, -2, 1, 0], [0, 1, -2, 1]]","[0, 0]"
BRANCH,0f645d27aff8340fe40361464c4063a95d269e0e50bba9c78b4e7be4afbc4c08,a6812620152cccb81aa2cbc2a0237fd4,duplicate_encoding,SYMBOLIC_FRESH,difference_pairs,3,4,,,duplicate_encoding,True,True,True,3,"[38, 43, 40, 3]","[38, 43, 40, 6]","[[0, 0, 0, 1]]",[6]
BRANCH,bd804a98a5855eee46e71e0a032536ae2c8bbb3034d74d7246f0e4373b5c406e,49f41c6fa1e896e1d3f1d06e4acc7dad,duplicate_encoding,IMAGE_CUE_FRESH,range4,1,2,,,duplicate_encoding,True,True,True,36,"[13, 45, 28, 5]","[13, 9, 28, 5]","[[0, 1, 0, 0]]",[9]
BRANCH,9e25b09077079d01114c055f89333e32cc90c75b43d62465785d2fe3dd26151a,cc4a80a6e04ed729a0331d0854b3dcfd,cross_series,SYMBOLIC_FRESH,sum4,1,2,0.0,1.0,leaf,True,False,True,6,"[33, 21, 19, 18]","[33, 27, 19, 18]","[[1, 1, 0, 0], [1, 0, 1, 0], [1, 0, 0, 1]]","[60, 52, 51]"
BRANCH,b91a0a4e8f8b3bcfa510096166ab4d46a3ae4d00f936c41b39b839c22255b55f,d06110fcf80840f33b57869ecbec19e0,cross_series,IMAGE_CUE_FRESH,range4,3,4,1.0,2.0,leaf,True,False,True,27,"[1, 4, 44, 41]","[1, 4, 44, 14]","[[1, 1, 0, 0], [0, 1, 1, 0], [0, 1, 0, 1]]","[5, 48, 18]"
BRANCH,422bdcb2610b03957c8739ba4b77cf94a3d7e43bfd5907e44308583398120c82,2bafc55ca60172be241aa0c61d84edb9,trend,SYMBOLIC_FRESH,difference_pairs,0,1,,,trend,False,True,False,6,"[41, 24, 13, 2]","[35, 24, 13, 2]","[[1, -2, 1, 0], [0, 1, -2, 1]]","[0, 0]"
BRANCH,e989a671268ecfb0a749a9638ef1cfc8b036a5e2a56676870eff8133d738dfc5,40d077d9764157ec51358fa9a6c863c4,trend,IMAGE_CUE_FRESH,sum4,3,4,,,trend,True,False,True,71,"[8, 13, 18, 94]","[8, 13, 18, 23]","[[1, -2, 1, 0], [0, 1, -2, 1]]","[0, 0]"
BRANCH,09a57982461f35927b650037308f94c0857cddcc490d39d4c367914132bade41,490e58de3758fd94757ba54ec4694c25,duplicate_encoding,SYMBOLIC_FRESH,difference_pairs,3,4,,,duplicate_encoding,True,True,True,29,"[47, 10, 1, 50]","[47, 10, 1, 21]","[[0, 0, 0, 1]]",[21]
BRANCH,a08a16003bb8698e0a58577666abe0cbfa3da9e2dcfbef058d41acd8c0bd95a4,ca5f8192f2f20d461e05aa6f84931f05,duplicate_encoding,IMAGE_CUE_FRESH,difference_pairs,0,1,,,duplicate_encoding,True,True,True,34,"[13, 11, 48, 47]","[47, 11, 48, 47]","[[1, 0, 0, 0]]",[47]
BRANCH,d5e128d1c2da7fa11a5dcf3b2d254cac22ae84796322a2a8bee6c62004e1e7a9,0cf3ddf900f2cdf4a1852180f67ce277,cross_series,SYMBOLIC_FRESH,sum4,1,2,0.0,1.0,leaf,True,False,True,14,"[35, 20, 28, 19]","[35, 6, 28, 19]","[[1, 1, 0, 0], [1, 0, 1, 0], [1, 0, 0, 1]]","[41, 63, 54]"
BRANCH,83471f37a3b159889176668464cb570efc8fa6d91daf52f9f03dc1da5ad6d5fd,845354103118c082fcdd26dd44d24ee0,cross_series,IMAGE_CUE_FRESH,range4,2,3,1.0,2.0,leaf,True,False,True,17,"[27, 43, 7, 10]","[27, 43, 24, 10]","[[1, 1, 0, 0], [0, 1, 1, 0], [0, 1, 0, 1]]","[70, 67, 53]"
BRANCH,32f09880021fc75db0f58eb8157c956ac4f1bea6ecd7fb5ea07a6391106287a3,d77a85dc76978833a9c461c34746a101,trend,SYMBOLIC_FRESH,range4,2,3,,,trend,True,False,True,23,"[36, 38, 63, 42]","[36, 38, 40, 42]","[[1, -2, 1, 0], [0, 1, -2, 1]]","[0, 0]"
BRANCH,dabbb51a56469a80bfd528302ee2eb2a8ed688ba04ff7f9409d2123a7c7200f2,82cdeb7898268e986dfe8158a0c4a917,trend,IMAGE_CUE_FRESH,difference_pairs,3,4,,,trend,True,False,True,2,"[23, 18, 13, 10]","[23, 18, 13, 8]","[[1, -2, 1, 0], [0, 1, -2, 1]]","[0, 0]"
BRANCH,52ce7ae47db167bb7163d280007eb5a487cd7af904a58b57abca5f3dcf7cac04,70259c363477309d16217dc15042feda,duplicate_encoding,SYMBOLIC_FRESH,difference_pairs,3,4,,,duplicate_encoding,True,True,True,60,"[2, 19, 46, 94]","[2, 19, 46, 34]","[[0, 0, 0, 1]]",[34]
BRANCH,b9d9ec5b718e937c45e47898ecaf7248c2be07708271a6581ee50045c67442b7,9472f54f705d80c6fa629dfdbcd7f8d0,duplicate_encoding,IMAGE_CUE_FRESH,difference_pairs,0,1,,,duplicate_encoding,True,True,True,18,"[63, 45, 27, 41]","[45, 45, 27, 41]","[[1, 0, 0, 0]]",[45]
BRANCH,0db1e1e4d8d9c671de5050bb5b50cd8f861159781bb876664322b1753cba0500,1ea3644a7b86cb9064555d7d9b48be05,cross_series,SYMBOLIC_FRESH,range4,0,1,1.0,2.0,leaf,False,True,False,6,"[26, 35, 2, 12]","[32, 35, 2, 12]","[[1, 1, 0, 0], [0, 1, 1, 0], [0, 1, 0, 1]]","[67, 37, 47]"
BRANCH,3ce849d9299e11cf357ac4367928545659cefe15bd01dede848fdca7f69e3617,2b17ff323fd0682eb906d1617598f92e,cross_series,IMAGE_CUE_FRESH,difference_pairs,2,3,2.0,3.0,center,True,True,True,52,"[9, 9, 93, 47]","[9, 9, 41, 47]","[[1, 0, 1, 0], [0, 1, 1, 0], [0, 0, 1, 1]]","[50, 50, 88]"
BRANCH,ba0943f6b17b9f01017e8d7630bd9af61782248dbb4b02185cdb20cbe470b6c9,1727f8b97c73a3b738e67610d0388dbe,trend,SYMBOLIC_FRESH,sum4,3,4,,,trend,True,False,True,60,"[11, 9, 7, 65]","[11, 9, 7, 5]","[[1, -2, 1, 0], [0, 1, -2, 1]]","[0, 0]"
BRANCH,4e2fb5baf280ac9b67dd7e26b4dcb89078d913da0814e8c94f2d017a858f5194,0fd33029fa35c34a320a1be0b24e54c2,trend,IMAGE_CUE_FRESH,range4,1,2,,,trend,False,True,False,2,"[11, 10, 13, 14]","[11, 12, 13, 14]","[[1, -2, 1, 0], [0, 1, -2, 1]]","[0, 0]"
BRANCH,ffaa50eb6761c006037465d607dda222dbfbb01b4124ceb6fac89054ca443f0e,603cc931e5239de9c97f748e444b81b1,duplicate_encoding,SYMBOLIC_FRESH,difference_pairs,0,1,,,duplicate_encoding,True,True,True,61,"[83, 8, 37, 15]","[22, 8, 37, 15]","[[1, 0, 0, 0]]",[22]
BRANCH,6b01e576e413e6699bb1804368979b558c8b8eed37ce14603df0c3a0aa4dd601,00345b4be7589809a6f2fc18e7295705,duplicate_encoding,IMAGE_CUE_FRESH,difference_pairs,1,2,,,duplicate_encoding,True,True,True,19,"[40, 2, 20, 16]","[40, 21, 20, 16]","[[0, 1, 0, 0]]",[21]
BRANCH,c7903fc926aec05ad092eeee800279451866b52c0ec0ae8af2cf40cd93664b1e,813bea1904960398363aaa61a6a5abc1,cross_series,SYMBOLIC_FRESH,difference_pairs,1,2,0.0,1.0,leaf,True,False,True,60,"[25, 97, 10, 30]","[25, 37, 10, 30]","[[1, 1, 0, 0], [1, 0, 1, 0], [1, 0, 0, 1]]","[62, 35, 55]"
BRANCH,8be05d2fe06a98d964a0bc431a7308c9281728d1079d9596013e9355e72337c1,0246627e7c25af91edabe945ef0a3cb4,cross_series,IMAGE_CUE_FRESH,sum4,1,2,0.0,1.0,leaf,True,False,True,5,"[16, 5, 9, 34]","[16, 10, 9, 34]","[[1, 1, 0, 0], [1, 0, 1, 0], [1, 0, 0, 1]]","[26, 25, 50]"
BRANCH,0bd6307a22dae5806e25ad259cf370c3580256227039db333a98643f99842907,0996cd20e1fc5fb0224efdd157c6d34d,trend,SYMBOLIC_FRESH,difference_pairs,1,2,,,trend,False,True,False,23,"[1, 28, 9, 13]","[1, 5, 9, 13]","[[1, -2, 1, 0], [0, 1, -2, 1]]","[0, 0]"
BRANCH,ad9cd383861f7e9ad9abcf5353b525f520ef685ece8bdd278db998e668793ff8,750fac0000f35f7c611f4a624ae33f5a,trend,IMAGE_CUE_FRESH,difference_pairs,3,4,,,trend,True,False,True,96,"[24, 16, 8, 96]","[24, 16, 8, 0]","[[1, -2, 1, 0], [0, 1, -2, 1]]","[0, 0]"
BRANCH,ef3d3ad7637e183abe0ced4c0a0ff421188d61507d406e5fbc600fca67a06514,e5d74333631e648e28e7f25dff3db393,duplicate_encoding,SYMBOLIC_FRESH,range4,0,1,,,duplicate_encoding,True,True,True,3,"[45, 9, 21, 43]","[48, 9, 21, 43]","[[1, 0, 0, 0]]",[48]
BRANCH,2b552e60da44619ef1427eedd5c87b86072eb1a4a5e639219dd45d835f2bcdaf,a424c398b4df9017c909b5fc11aa92fd,duplicate_encoding,IMAGE_CUE_FRESH,sum4,1,2,,,duplicate_encoding,True,True,True,57,"[31, 88, 3, 12]","[31, 31, 3, 12]","[[0, 1, 0, 0]]",[31]
BRANCH,265687020e30f842b54c6a07a609fd11be1f4d83ae4da58d1d08ba07d1fe716b,8e972c534a0b12db068241b6e173f9e9,cross_series,SYMBOLIC_FRESH,sum4,3,4,0.0,1.0,leaf,True,False,True,61,"[46, 16, 21, 74]","[46, 16, 21, 13]","[[1, 1, 0, 0], [1, 0, 1, 0], [1, 0, 0, 1]]","[62, 67, 59]"
BRANCH,3324a6139a91f9f9eddfb952d23cc9e7734fd56266959955f147967206ec3c2a,03583d5590e75d5d4967defabce66f28,cross_series,IMAGE_CUE_FRESH,range4,3,4,0.0,1.0,leaf,True,False,True,26,"[25, 22, 47, 54]","[25, 22, 47, 28]","[[1, 1, 0, 0], [1, 0, 1, 0], [1, 0, 0, 1]]","[47, 72, 53]"
BRANCH,0cccde383008a9253f7dd53157dec447e3820c998f3746622654c24581f8c32b,1fd45cfe4b73e2c425bf1b9a0ed707ff,trend,SYMBOLIC_FRESH,difference_pairs,0,1,,,trend,False,True,False,23,"[10, 37, 41, 45]","[33, 37, 41, 45]","[[1, -2, 1, 0], [0, 1, -2, 1]]","[0, 0]"
BRANCH,b8b494bf4de0c24d8ed18eb3e898c2f48766f66b6a989ae2c6d90fcb9a670bc6,78727c5c8d70a7c9ab347eaee2c89bec,trend,IMAGE_CUE_FRESH,sum4,3,4,,,trend,True,False,True,43,"[25, 28, 31, 77]","[25, 28, 31, 34]","[[1, -2, 1, 0], [0, 1, -2, 1]]","[0, 0]"
BRANCH,3b67eeabbd50b609fe14bb3e42f0c9fdb60aad22725b8912ba5f90791b8255ad,e446c110f4e9125cfca4804817f814b4,duplicate_encoding,SYMBOLIC_FRESH,sum4,1,2,,,duplicate_encoding,True,True,True,9,"[6, 49, 21, 10]","[6, 40, 21, 10]","[[0, 1, 0, 0]]",[40]
BRANCH,b11bc08da0b84ac9155985cdea3eb6da4e8806a6d7f653cb7d0233a4afc783eb,7107a79d58bc8dd86cb3a6bf80a8f381,duplicate_encoding,IMAGE_CUE_FRESH,range4,1,2,,,duplicate_encoding,True,True,True,78,"[18, 89, 9, 22]","[18, 11, 9, 22]","[[0, 1, 0, 0]]",[11]
BRANCH,dc0b1159d8ac06ae9aac6753fd568e9e2352d0106d8b0f7f8be64a95ec3be8b8,07db7b107651caaad6f5f614832c0c04,cross_series,SYMBOLIC_FRESH,sum4,0,1,0.0,1.0,center,False,True,False,16,"[62, 34, 43, 23]","[46, 34, 43, 23]","[[1, 1, 0, 0], [1, 0, 1, 0], [1, 0, 0, 1]]","[80, 89, 69]"
BRANCH,387c9c22b6aa0e22df6a8579fb39617a4abfa61febb6721e8183024c41d98f16,e0ea723d11944b434211d431d7e6e73f,cross_series,IMAGE_CUE_FRESH,sum4,3,4,1.0,2.0,leaf,True,False,True,33,"[6, 36, 16, 46]","[6, 36, 16, 13]","[[1, 1, 0, 0], [0, 1, 1, 0], [0, 1, 0, 1]]","[42, 52, 49]"
BRANCH,8fdadfc9ad915b99f530463fb5ed58b24698b8a846ebd0cec0ff9423476c4e90,2236aa39d7d0089dfa574a3da2bcab20,trend,SYMBOLIC_FRESH,difference_pairs,1,2,,,trend,False,True,False,9,"[21, 21, 39, 48]","[21, 30, 39, 48]","[[1, -2, 1, 0], [0, 1, -2, 1]]","[0, 0]"
BRANCH,a8ae8c6e5b03ed158696853099939febdc7b40a3c569617f0d617cff8ba08bc0,81902fa83f4120d29663fbfdc26facba,trend,IMAGE_CUE_FRESH,difference_pairs,2,3,,,trend,True,False,True,66,"[12, 14, 82, 18]","[12, 14, 16, 18]","[[1, -2, 1, 0], [0, 1, -2, 1]]","[0, 0]"
BRANCH,c7d0fb14c73262435127ba45ea440e4b15cfc48ff54f2f8d0c1b4cfd83da4af5,3cf7930d61a9f2c979c895ef6323c207,duplicate_encoding,SYMBOLIC_FRESH,range4,0,1,,,duplicate_encoding,True,True,True,6,"[13, 18, 49, 17]","[7, 18, 49, 17]","[[1, 0, 0, 0]]",[7]
BRANCH,cda4ef1da894f908d65773a7cbe8b7403bff35f583c90c4316aff3f62d7b6031,bb1c90bc09906af20c9e44403be09aa9,duplicate_encoding,IMAGE_CUE_FRESH,sum4,0,1,,,duplicate_encoding,True,True,True,51,"[88, 47, 0, 41]","[37, 47, 0, 41]","[[1, 0, 0, 0]]",[37]
BRANCH,53b3f277402fbda60da63c0e5b2029219556650d507aa1284d2ead6ba4ab44a7,e62edbe40e659824384a00bc8923b908,cross_series,SYMBOLIC_FRESH,sum4,3,4,1.0,2.0,leaf,True,False,True,4,"[37, 41, 10, 19]","[37, 41, 10, 23]","[[1, 1, 0, 0], [0, 1, 1, 0], [0, 1, 0, 1]]","[78, 51, 64]"
BRANCH,0de2e2b7393ef5df4354592173cdb1fb73065e33bd03bbf66d4bb4a1d4cc0232,de8028535227d1b23835b2eadcfaab9c,cross_series,IMAGE_CUE_FRESH,sum4,3,4,1.0,2.0,leaf,True,False,True,38,"[31, 5, 41, 65]","[31, 5, 41, 27]","[[1, 1, 0, 0], [0, 1, 1, 0], [0, 1, 0, 1]]","[36, 46, 32]"
BRANCH,4b2a10ee15e4a6faae6f02a1d8285450612469414669f3763e2e24031a7fb88b,ebaafd10d32bbc42e2422aa0ffd10b8e,trend,SYMBOLIC_FRESH,difference_pairs,1,2,,,trend,False,True,False,8,"[29, 29, 13, 5]","[29, 21, 13, 5]","[[1, -2, 1, 0], [0, 1, -2, 1]]","[0, 0]"
BRANCH,53af7a85504694df67ced024723e476a7cb634f670c23d38bc7c0a697d4a02b8,024a8548bd684634f1120ad6182721ac,trend,IMAGE_CUE_FRESH,sum4,1,2,,,trend,False,True,False,56,"[48, 95, 30, 21]","[48, 39, 30, 21]","[[1, -2, 1, 0], [0, 1, -2, 1]]","[0, 0]"
BRANCH,56c87db4ae1729ec1264214a95f2461ad7ca8ff0ad3ab24c181b31f8dd1588bc,97d471088b9488b5df6d78a925d15bbe,duplicate_encoding,SYMBOLIC_FRESH,sum4,2,3,,,duplicate_encoding,True,True,True,13,"[44, 37, 1, 1]","[44, 37, 14, 1]","[[0, 0, 1, 0]]",[14]
BRANCH,af2af089ad678c085915eecb9e46c1566753cef818a555688dbefc5d1e87eb5e,e9586e7d06c1e9cd3a8e4887eafacc58,duplicate_encoding,IMAGE_CUE_FRESH,difference_pairs,2,3,,,duplicate_encoding,True,True,True,42,"[5, 25, 83, 36]","[5, 25, 41, 36]","[[0, 0, 1, 0]]",[41]
BRANCH,364e43f6669e17dacab6c9867588b89ac72f3f6532b01c9c7355e0a2f9bdc8a5,466a9d04bd297c9ee371f42379d568f6,cross_series,SYMBOLIC_FRESH,range4,3,4,0.0,1.0,leaf,True,False,True,20,"[28, 20, 30, 34]","[28, 20, 30, 14]","[[1, 1, 0, 0], [1, 0, 1, 0], [1, 0, 0, 1]]","[48, 58, 42]"
BRANCH,7817e6d8a4d35a35401d0f6772f9ee515903210ffd7a129526de2f8d7610f400,9e19e0fb2afc9376d475dd5c7dfc7b6c,cross_series,IMAGE_CUE_FRESH,difference_pairs,0,1,1.0,2.0,leaf,False,True,False,19,"[67, 28, 6, 20]","[48, 28, 6, 20]","[[1, 1, 0, 0], [0, 1, 1, 0], [0, 1, 0, 1]]","[76, 34, 48]"
BRANCH,64de2861d54335ac0a6e26a633724579c54ab9669b4c3b52767dc53caa975bb3,9feccab27e6ef3e4fddf636175710d67,trend,SYMBOLIC_FRESH,sum4,0,1,,,trend,False,True,False,9,"[20, 20, 11, 2]","[29, 20, 11, 2]","[[1, -2, 1, 0], [0, 1, -2, 1]]","[0, 0]"
BRANCH,723dd47db61d1d37f4e803af4437b422b4ca4828e2587b7755ee9ee5effb1629,88af10b53b32b83959fb1db942c9ef2e,trend,IMAGE_CUE_FRESH,range4,3,4,,,trend,True,False,True,23,"[13, 24, 35, 23]","[13, 24, 35, 46]","[[1, -2, 1, 0], [0, 1, -2, 1]]","[0, 0]"
BRANCH,6de08e0037394db368185eddba750e412f76e54413a17d60d5917f9fca078b7f,fbadc5206d61d1efb2af65f3752576de,duplicate_encoding,SYMBOLIC_FRESH,difference_pairs,1,2,,,duplicate_encoding,True,True,True,22,"[18, 46, 43, 30]","[18, 24, 43, 30]","[[0, 1, 0, 0]]",[24]
BRANCH,5c15a9dc2603dab79eae98f140cefb38617b093a93f605a695907de19a2f7527,3d48e264feb3329ef878bd9a66fbe92e,duplicate_encoding,IMAGE_CUE_FRESH,difference_pairs,3,4,,,duplicate_encoding,True,True,True,19,"[49, 8, 11, 1]","[49, 8, 11, 20]","[[0, 0, 0, 1]]",[20]
BRANCH,61d0dfea6e7a2a3d2a2a01bc700645950b7c671560196ce36a774c2d195bef4c,af4f5ac8cc04203969447eaeb94c6e8f,cross_series,SYMBOLIC_FRESH,range4,0,1,1.0,2.0,leaf,False,True,False,87,"[99, 41, 40, 30]","[12, 41, 40, 30]","[[1, 1, 0, 0], [0, 1, 1, 0], [0, 1, 0, 1]]","[53, 81, 71]"
BRANCH,1be058ca81a52898883e06d4d9a4b595ec06bf8e1a2c0cd0b05c6f141c540549,ed6d2cfe22d62ebc6bb61fcc2aa8e020,cross_series,IMAGE_CUE_FRESH,difference_pairs,1,2,3.0,4.0,leaf,False,True,True,49,"[5, 92, 28, 37]","[5, 43, 28, 37]","[[1, 0, 0, 1], [0, 1, 0, 1], [0, 0, 1, 1]]","[42, 80, 65]"
BRANCH,2145f6deda4233f33500eacb7904e3093ce43401f888ce9adb6c0d4e9ac2f423,d065c0be0c7af8c52975ba4522de33d0,trend,SYMBOLIC_FRESH,difference_pairs,1,2,,,trend,False,True,False,55,"[47, 88, 19, 5]","[47, 33, 19, 5]","[[1, -2, 1, 0], [0, 1, -2, 1]]","[0, 0]"
BRANCH,f2d374519ff0bb6db05d6178b51a7fdd73b4399d1f11586f150bb7dccc9b384b,099bd4bcfe5127fd541912dac1bf60a8,trend,IMAGE_CUE_FRESH,range4,1,2,,,trend,False,True,False,14,"[46, 48, 22, 10]","[46, 34, 22, 10]","[[1, -2, 1, 0], [0, 1, -2, 1]]","[0, 0]"
BRANCH,bb867b454de32c46c79e9b7dafd9a2e1277cc0f332754368028a26eff043aeee,c6803a2a6fc7e2aafce6ab66eee06cda,duplicate_encoding,SYMBOLIC_FRESH,sum4,1,2,,,duplicate_encoding,True,True,True,12,"[41, 16, 49, 36]","[41, 4, 49, 36]","[[0, 1, 0, 0]]",[4]
BRANCH,be366bf1570ec8dce082128426871d2fccac0cba61eda52d66b784e01542e7c6,168ef1232df25f877e0f5ef8d7622842,duplicate_encoding,IMAGE_CUE_FRESH,sum4,2,3,,,duplicate_encoding,True,True,True,15,"[24, 14, 47, 43]","[24, 14, 32, 43]","[[0, 0, 1, 0]]",[32]
SOURCE,2cd0c67c3ef4cf8719757143eea9b85f3bbcb43679ac0e2941302c032f84e6c0,be607ab23b20a5c01c918844a121da96,duplicate_encoding,SYMBOLIC_FRESH,sum4,2,3,,,duplicate_encoding,True,True,True,28,"[8, 0, 5, 1]","[8, 0, 33, 1]","[[0, 0, 1, 0]]",[33]
SOURCE,afc9b0d7ef7a5696f5146dbeab64e9e323da179171fcc8b0d910bbe86ef220d7,b861cfcbf5302afc3033a31652e7b18a,duplicate_encoding,IMAGE_CUE_FRESH,sum4,0,1,,,duplicate_encoding,True,True,True,68,"[71, 2, 27, 35]","[3, 2, 27, 35]","[[1, 0, 0, 0]]",[3]
SOURCE,ee349071184530828311c078a8bb489cf699b65b792d65cfa77ab930e250483c,bf0304256f2ed2cf0811e99552e1f4ab,cross_series,SYMBOLIC_FRESH,range4,1,2,0.0,1.0,leaf,True,False,True,54,"[8, 80, 45, 22]","[8, 26, 45, 22]","[[1, 1, 0, 0], [1, 0, 1, 0], [1, 0, 0, 1]]","[34, 53, 30]"
SOURCE,a6ed42b8c9c51e1d677c67b6c75f8e6d5086d93ff084a3dbc5f2b5bd6ffe0d9b,c03d0731fd3baca5171d96fbf30ec5ef,cross_series,IMAGE_CUE_FRESH,range4,3,4,0.0,1.0,leaf,True,False,True,57,"[13, 2, 4, 78]","[13, 2, 4, 21]","[[1, 1, 0, 0], [1, 0, 1, 0], [1, 0, 0, 1]]","[15, 17, 34]"
SOURCE,9cfa4166db169cf88182f5050ca19161c78564521a12a4f5ba7a2cb3202eac7c,f59d64d86e174906b7a2a1b7e86ef237,trend,SYMBOLIC_FRESH,range4,3,4,,,trend,True,False,True,31,"[32, 37, 42, 16]","[32, 37, 42, 47]","[[1, -2, 1, 0], [0, 1, -2, 1]]","[0, 0]"
SOURCE,e1cb67ee6c349f4237bf1630b88d6da1cc75d2f2cc2223bc21676e02cfcc8b48,38253449c6b8bae6b932ef444ecd9eaf,trend,IMAGE_CUE_FRESH,sum4,1,2,,,trend,False,True,False,55,"[3, 66, 19, 27]","[3, 11, 19, 27]","[[1, -2, 1, 0], [0, 1, -2, 1]]","[0, 0]"
SOURCE,e68a78ed21873f63d9eca26dec59623fff2331a8c70c244f908a74bdbd5d3865,e0944e47deab0eea7574c23c52fb4a23,duplicate_encoding,SYMBOLIC_FRESH,range4,0,1,,,duplicate_encoding,True,True,True,2,"[6, 21, 40, 25]","[8, 21, 40, 25]","[[1, 0, 0, 0]]",[8]
SOURCE,5790d5c6248471ed4ab0f4ff597c91035c14217b1f170c8601dd7ef78dae07ac,44ae56762fbc6c3ae58bd6508ebb62db,duplicate_encoding,IMAGE_CUE_FRESH,sum4,2,3,,,duplicate_encoding,True,True,True,96,"[15, 41, 99, 34]","[15, 41, 3, 34]","[[0, 0, 1, 0]]",[3]
SOURCE,ccf320eee87be0678572283ef3b385c7b8bc2024e51fc24f591b513a4b73608d,491f9f3c51f27c404e07163de199c7a0,cross_series,SYMBOLIC_FRESH,range4,3,4,2.0,3.0,leaf,True,False,True,14,"[24, 22, 25, 25]","[24, 22, 25, 11]","[[1, 0, 1, 0], [0, 1, 1, 0], [0, 0, 1, 1]]","[49, 47, 36]"
SOURCE,8eb238712e6e89049db4097d27831797e9b3c19ee7427769a7a7abd72da447f6,4d819f60e1a79ed8521d47f592335ec4,cross_series,IMAGE_CUE_FRESH,sum4,2,3,3.0,4.0,leaf,False,True,True,51,"[26, 32, 64, 13]","[26, 32, 13, 13]","[[1, 0, 0, 1], [0, 1, 0, 1], [0, 0, 1, 1]]","[39, 45, 26]"
SOURCE,47d88dcb248d1f45e7d4fbb9d90aead500f9d8051eba8f1a95856886f196d5fe,30fc4240527c7ffbae2d49fe7a156f58,trend,SYMBOLIC_FRESH,difference_pairs,3,4,,,trend,True,False,True,73,"[5, 4, 3, 75]","[5, 4, 3, 2]","[[1, -2, 1, 0], [0, 1, -2, 1]]","[0, 0]"
SOURCE,a88f64f240a9073c369c7b1fc6a65e3d812ebb5acd112a4b6dea2425033ecb8e,ef2f5337e03aa5ff081630b3625fcb9f,trend,IMAGE_CUE_FRESH,range4,0,1,,,trend,False,True,False,4,"[30, 25, 16, 7]","[34, 25, 16, 7]","[[1, -2, 1, 0], [0, 1, -2, 1]]","[0, 0]"
SOURCE,fc622726971a33d3287bedbf971230c8c0d388d538a215d8626939448f39d4ae,caa6d5af4b1bbd5d7c41ecee6ef08d52,duplicate_encoding,SYMBOLIC_FRESH,sum4,3,4,,,duplicate_encoding,True,True,True,36,"[30, 9, 9, 78]","[30, 9, 9, 42]","[[0, 0, 0, 1]]",[42]
SOURCE,bcd07158e1caca80790a903539e81c75d4ed1b8a2c4a500e8acd65116351ca9d,5bae5d8c99901e7c47de678256ea3929,duplicate_encoding,IMAGE_CUE_FRESH,sum4,1,2,,,duplicate_encoding,True,True,True,15,"[24, 16, 3, 38]","[24, 1, 3, 38]","[[0, 1, 0, 0]]",[1]
SOURCE,4524896b042573f8c81aca47465e4dedd637f6df3d43ac111454d57a63cc69a1,d985eeafac0699c69a3331c309341acc,cross_series,SYMBOLIC_FRESH,difference_pairs,2,3,3.0,4.0,leaf,False,True,True,3,"[28, 16, 50, 18]","[28, 16, 47, 18]","[[1, 0, 0, 1], [0, 1, 0, 1], [0, 0, 1, 1]]","[46, 34, 65]"
SOURCE,e50855ddf2353caebaaaf208f0f9515cd49aa804930c3274d7145ae58a1f75eb,19056685c211efa0dccaf4c8d86d6c88,cross_series,IMAGE_CUE_FRESH,difference_pairs,0,1,0.0,1.0,center,False,True,False,22,"[59, 42, 27, 1]","[37, 42, 27, 1]","[[1, 1, 0, 0], [1, 0, 1, 0], [1, 0, 0, 1]]","[79, 64, 38]"
SOURCE,d339ea5f3253bcae0d1d372746dc83861e83d528914b694e845c0e940bff4c18,c6415c772b8ab6ef88444ccd653e3c85,trend,SYMBOLIC_FRESH,difference_pairs,1,2,,,trend,False,True,False,12,"[14, 37, 36, 47]","[14, 25, 36, 47]","[[1, -2, 1, 0], [0, 1, -2, 1]]","[0, 0]"
SOURCE,775736260d077d539445913f163e689d7a638e7e0aa4cc34b21f4bef457f0649,1e50e3d6848a789ba5c5679e5f8f56b3,trend,IMAGE_CUE_FRESH,range4,2,3,,,trend,True,False,True,14,"[20, 17, 28, 11]","[20, 17, 14, 11]","[[1, -2, 1, 0], [0, 1, -2, 1]]","[0, 0]"
SOURCE,06e61178fbfc517d64f4f61888b9696ddf902e18254fef760c11e2d622276878,dca7451d52cecdf6ff9c3c954b405dab,duplicate_encoding,SYMBOLIC_FRESH,difference_pairs,2,3,,,duplicate_encoding,True,True,True,62,"[27, 39, 91, 24]","[27, 39, 29, 24]","[[0, 0, 1, 0]]",[29]
SOURCE,f2170982ebe541120ea281ca0dddf8698b4720bf42a89aa153d52cefc35cadb5,48c891e868d23b7d89d6b57fe0877ad1,duplicate_encoding,IMAGE_CUE_FRESH,sum4,2,3,,,duplicate_encoding,True,True,True,26,"[39, 44, 18, 12]","[39, 44, 44, 12]","[[0, 0, 1, 0]]",[44]
SOURCE,bd408cfb6a8bff0edfa77d86225ab0b65cfaaf2194cc53121bfc8bdb8af6da41,7c1bbce37e80dd83bad02b38686df530,cross_series,SYMBOLIC_FRESH,difference_pairs,1,2,1.0,2.0,center,True,True,True,44,"[21, 67, 43, 3]","[21, 23, 43, 3]","[[1, 1, 0, 0], [0, 1, 1, 0], [0, 1, 0, 1]]","[44, 66, 26]"
SOURCE,04d9391e13824997c94bb81e75775c6c20e2067a38dbc698190ddf6b46526606,4bcaacfda3394f6df1fd56adea751897,cross_series,IMAGE_CUE_FRESH,range4,1,2,1.0,2.0,center,True,True,True,22,"[14, 25, 23, 12]","[14, 3, 23, 12]","[[1, 1, 0, 0], [0, 1, 1, 0], [0, 1, 0, 1]]","[17, 26, 15]"
SOURCE,dc5d1826e81d249fae4e6e2d75bdc05f983de305ae831065a325245f14ebd120,58fa3b581898b87eca153ca89d59e7ea,trend,SYMBOLIC_FRESH,range4,1,2,,,trend,False,True,False,13,"[30, 41, 26, 24]","[30, 28, 26, 24]","[[1, -2, 1, 0], [0, 1, -2, 1]]","[0, 0]"
SOURCE,83155f98840b319a3d7edd52073a84826d7f7f5c5ab74fccad5c1e416a81ed90,ca52e27cb2b1eb03263fe4a4a144606b,trend,IMAGE_CUE_FRESH,sum4,1,2,,,trend,False,True,False,41,"[39, 68, 15, 3]","[39, 27, 15, 3]","[[1, -2, 1, 0], [0, 1, -2, 1]]","[0, 0]"
SOURCE,651501b05596ce6ca1436ed19e135eafa5bf063c616c6c0e295f38259c91d878,743eae2dc49a6bd8599a1c7753af9746,duplicate_encoding,SYMBOLIC_FRESH,range4,0,1,,,duplicate_encoding,True,True,True,37,"[64, 25, 20, 12]","[27, 25, 20, 12]","[[1, 0, 0, 0]]",[27]
SOURCE,072d4c3ab4a58088441c7f1e33b9ac7b803c2bb39c8b45540927fe74b552bc14,392caa8d58efc99469a2a4df11feebc4,duplicate_encoding,IMAGE_CUE_FRESH,difference_pairs,3,4,,,duplicate_encoding,True,True,True,45,"[16, 7, 14, 88]","[16, 7, 14, 43]","[[0, 0, 0, 1]]",[43]
SOURCE,ea3f024b890562175818657e8231d2d6f42f0d6c3866c9f81bfad85b5a442b0b,f486280732e29822b13f277607bd5f9f,cross_series,SYMBOLIC_FRESH,sum4,2,3,3.0,4.0,leaf,False,True,True,6,"[37, 19, 36, 40]","[37, 19, 30, 40]","[[1, 0, 0, 1], [0, 1, 0, 1], [0, 0, 1, 1]]","[77, 59, 70]"
SOURCE,e0887f23fdec8d5b456b734274de8ad502a9d08ce97fc728ad0778b97876883e,d920fe4808e542a5d4d67b349b45c9af,cross_series,IMAGE_CUE_FRESH,range4,3,4,0.0,1.0,leaf,True,False,True,62,"[12, 5, 5, 81]","[12, 5, 5, 19]","[[1, 1, 0, 0], [1, 0, 1, 0], [1, 0, 0, 1]]","[17, 17, 31]"
SOURCE,61825623eec9b12bb1695339f7ac610ab524f1aa5591b387aec908caa388f24f,a1c66d5c21ae3b83bce6c3789b9c623a,trend,SYMBOLIC_FRESH,range4,0,1,,,trend,False,True,False,4,"[24, 27, 34, 41]","[20, 27, 34, 41]","[[1, -2, 1, 0], [0, 1, -2, 1]]","[0, 0]"
SOURCE,aa7df3bc0304ff40270a1de39e10e01b6dd8ee21a6e8ebd0ce241696e5a02493,15ac5de8da018433c121327e6b933f39,trend,IMAGE_CUE_FRESH,range4,1,2,,,trend,False,True,False,37,"[36, 63, 16, 6]","[36, 26, 16, 6]","[[1, -2, 1, 0], [0, 1, -2, 1]]","[0, 0]"
SOURCE,e4e4683e97742acce123ca9e99e7b64b8d093609b886148768361447814926d1,3ddb9b4bf2a4044afea1b4514884c35c,duplicate_encoding,SYMBOLIC_FRESH,difference_pairs,2,3,,,duplicate_encoding,True,True,True,2,"[14, 2, 19, 22]","[14, 2, 21, 22]","[[0, 0, 1, 0]]",[21]
SOURCE,96d78bf645c17a93ad95059066ebb8e8a8b347a9fda0a9d90604f36168bf9b77,5ee4bef10777826a57227ba074381c49,duplicate_encoding,IMAGE_CUE_FRESH,range4,1,2,,,duplicate_encoding,True,True,True,1,"[2, 29, 13, 19]","[2, 30, 13, 19]","[[0, 1, 0, 0]]",[30]
SOURCE,21cae4a412ea25b1748e23d008e4e1621d93b4231ed35e417c3eb4f247de82f6,52830142b88f00c90ae1200b8b5cc647,cross_series,SYMBOLIC_FRESH,sum4,3,4,3.0,4.0,center,True,False,True,52,"[26, 10, 10, 52]","[26, 10, 10, 0]","[[1, 0, 0, 1], [0, 1, 0, 1], [0, 0, 1, 1]]","[26, 10, 10]"
SOURCE,10292b8643e1869c6eae36214e626a17259455c65e82e08afd042fd5541615f7,25dd9c8764f8c42fac51d3c655ddae7c,cross_series,IMAGE_CUE_FRESH,range4,2,3,2.0,3.0,center,True,True,True,50,"[20, 29, 54, 9]","[20, 29, 4, 9]","[[1, 0, 1, 0], [0, 1, 1, 0], [0, 0, 1, 1]]","[24, 33, 13]"
SOURCE,b8ba51028873550f03a1d1d2933160e759e5aa335790fc0b261f518107d0c6d5,d7b2290cdeaab24485ff222dbb1aa44c,trend,SYMBOLIC_FRESH,range4,1,2,,,trend,False,True,False,3,"[19, 31, 37, 46]","[19, 28, 37, 46]","[[1, -2, 1, 0], [0, 1, -2, 1]]","[0, 0]"
SOURCE,6b90cd790f34b0ba20a1e43800b0a69ca7458fa0474c14ebdd8a80ff0cbf6411,c833504b2f0d80f8498b263b35ca7f36,trend,IMAGE_CUE_FRESH,range4,2,3,,,trend,True,False,True,6,"[17, 16, 9, 14]","[17, 16, 15, 14]","[[1, -2, 1, 0], [0, 1, -2, 1]]","[0, 0]"
SOURCE,c2a6645c76c5895a22d400781884f9a11c59572fce14f96dc9d5eac4a2772472,53f16daf53c1dbf243d7ecf02c9083d3,duplicate_encoding,SYMBOLIC_FRESH,difference_pairs,1,2,,,duplicate_encoding,True,True,True,22,"[10, 53, 40, 41]","[10, 31, 40, 41]","[[0, 1, 0, 0]]",[31]
SOURCE,63a9615d6c6251b059ade50d4c1172fdc30bfcc54854a121b8007c93b61e0b85,6003d703ce353c55ea4fd65f1ab1b435,duplicate_encoding,IMAGE_CUE_FRESH,range4,1,2,,,duplicate_encoding,True,True,True,44,"[44, 60, 44, 46]","[44, 16, 44, 46]","[[0, 1, 0, 0]]",[16]
SOURCE,ba352b9b874f4cf1b1f34c4eed653bf508bb88e3a85c73a3b8ad7ceb30c4095a,f0a7ece4c2670a834de68a2f9e3aef72,cross_series,SYMBOLIC_FRESH,difference_pairs,0,1,0.0,1.0,center,False,True,False,18,"[7, 27, 49, 23]","[25, 27, 49, 23]","[[1, 1, 0, 0], [1, 0, 1, 0], [1, 0, 0, 1]]","[52, 74, 48]"
SOURCE,07c9a964fd9663ac11bf20bf1fcac6d0aa98bc040b3e1d66378f148ae6d28e90,fdefcbdc4af90d511f4e676384265df1,cross_series,IMAGE_CUE_FRESH,sum4,0,1,1.0,2.0,leaf,False,True,False,51,"[95, 32, 4, 15]","[44, 32, 4, 15]","[[1, 1, 0, 0], [0, 1, 1, 0], [0, 1, 0, 1]]","[76, 36, 47]"
SOURCE,50bb81b3b9afe76d65db05242ad8f5763d57b73a5d558f58c8b64047c18c66c3,2c60a3569ff41dcbbe59e045c5733d35,trend,SYMBOLIC_FRESH,difference_pairs,3,4,,,trend,True,False,True,17,"[26, 25, 24, 40]","[26, 25, 24, 23]","[[1, -2, 1, 0], [0, 1, -2, 1]]","[0, 0]"
SOURCE,3fb2bf2ef33da28785cc91af5a97d4f5a85bbd2f3bb797b57682073fbca82676,111c78816df459b4e8df1cf9ebdbd282,trend,IMAGE_CUE_FRESH,sum4,3,4,,,trend,True,False,True,91,"[39, 26, 13, 91]","[39, 26, 13, 0]","[[1, -2, 1, 0], [0, 1, -2, 1]]","[0, 0]"
SOURCE,402cfab8c1785b7138c922b14a024b3bb0ef81d25af48f8073be9e1c414c158c,d79c5936dcae5420c0bff2a4b0c36a50,duplicate_encoding,SYMBOLIC_FRESH,range4,0,1,,,duplicate_encoding,True,True,True,26,"[70, 16, 7, 0]","[44, 16, 7, 0]","[[1, 0, 0, 0]]",[44]
SOURCE,ab41875c66cb321a23917e21d60221a1e7d2b8f27aa98fadbb92ea809beaf655,1cb1f826b1dda6cbf8c45b661c2fa5f2,duplicate_encoding,IMAGE_CUE_FRESH,range4,1,2,,,duplicate_encoding,True,True,True,17,"[39, 17, 4, 44]","[39, 34, 4, 44]","[[0, 1, 0, 0]]",[34]
SOURCE,2f2f281148f979f6a0182c4ac1375ad7bdd3f44fc1deb7b75a8d712db2c14993,768e9955c90349ba33ab4985ab912c9c,cross_series,SYMBOLIC_FRESH,sum4,2,3,0.0,1.0,leaf,True,False,True,33,"[49, 31, 67, 23]","[49, 31, 34, 23]","[[1, 1, 0, 0], [1, 0, 1, 0], [1, 0, 0, 1]]","[80, 83, 72]"
SOURCE,631500fd2309a58cd148f0d97482d36666d5a12fd4d3a5f46db97b89daeea4b9,e7d45c97d1f8e12ca45dfa3d1b9318c5,cross_series,IMAGE_CUE_FRESH,sum4,1,2,0.0,1.0,leaf,True,False,True,91,"[46, 96, 24, 42]","[46, 5, 24, 42]","[[1, 1, 0, 0], [1, 0, 1, 0], [1, 0, 0, 1]]","[51, 70, 88]"
SOURCE,d899b14607546563cb09d49402623a789940279e52f17e1f9f6e1a2d1b68215d,972bfea986575789563ccc396c1f7a1d,trend,SYMBOLIC_FRESH,difference_pairs,0,1,,,trend,False,True,False,29,"[50, 26, 31, 36]","[21, 26, 31, 36]","[[1, -2, 1, 0], [0, 1, -2, 1]]","[0, 0]"
SOURCE,dbbc8197a2831160aee38c9c038a775bb2590b58b431c9a9a294e104f0170b15,036b99ab426b591307cf8e9ce781111b,trend,IMAGE_CUE_FRESH,sum4,1,2,,,trend,False,True,False,1,"[20, 20, 22, 23]","[20, 21, 22, 23]","[[1, -2, 1, 0], [0, 1, -2, 1]]","[0, 0]"
SOURCE,837a40f1cbb86d5d71795eaad15f4a147411e0e7a5779ef6faedb7bdb95bf93b,0d1d4320d45eb1b4806e35128bbd004c,duplicate_encoding,SYMBOLIC_FRESH,sum4,1,2,,,duplicate_encoding,True,True,True,84,"[12, 91, 6, 5]","[12, 7, 6, 5]","[[0, 1, 0, 0]]",[7]
SOURCE,184ef2255f4b486e30ff6e148a2d69cb939bbc066fa0f57a88f4d3b51c0ba214,544ca1319b14e7111cc78bef3f7236f7,duplicate_encoding,IMAGE_CUE_FRESH,range4,2,3,,,duplicate_encoding,True,True,True,11,"[44, 17, 33, 11]","[44, 17, 22, 11]","[[0, 0, 1, 0]]",[22]
SOURCE,e147064a5508440e64431a2d8d8b0831348208c012206e03735f5251c2bdb019,af5f0d964722c63b6622085a18da0112,cross_series,SYMBOLIC_FRESH,range4,3,4,3.0,4.0,center,True,False,True,37,"[38, 47, 41, 39]","[38, 47, 41, 2]","[[1, 0, 0, 1], [0, 1, 0, 1], [0, 0, 1, 1]]","[40, 49, 43]"
SOURCE,e2ea7e9103532ba4f50f8fdc9aceadf99feb5e7135d5e15aa55e769d9babfcb5,88503cb7c340cbfe0807ed32c66de54a,cross_series,IMAGE_CUE_FRESH,difference_pairs,0,1,0.0,1.0,center,False,True,False,57,"[80, 27, 6, 14]","[23, 27, 6, 14]","[[1, 1, 0, 0], [1, 0, 1, 0], [1, 0, 0, 1]]","[50, 29, 37]"
SOURCE,071a53616eb409ab13177af3c4ca5282628037e59e41c32e86e7086cee1e9a12,3a15c92a3541124115ae5a193b7f9443,trend,SYMBOLIC_FRESH,range4,3,4,,,trend,True,False,True,34,"[1, 4, 7, 44]","[1, 4, 7, 10]","[[1, -2, 1, 0], [0, 1, -2, 1]]","[0, 0]"
SOURCE,18a33ac466f4a843df14a3952c23d009f526c0718728c360a13d444a98f9c43d,1e7eef6528c0aedf577f61626c029aa3,trend,IMAGE_CUE_FRESH,sum4,2,3,,,trend,True,False,True,35,"[14, 21, 63, 35]","[14, 21, 28, 35]","[[1, -2, 1, 0], [0, 1, -2, 1]]","[0, 0]"
SOURCE,20629ad7dc52b2f338596d8769e1d3f34bd1d3e9bf4afbcab0b5d9d65bfc7a40,eaa463ce6c3c806a4ea82f2bc9db3922,duplicate_encoding,SYMBOLIC_FRESH,range4,3,4,,,duplicate_encoding,True,True,True,82,"[49, 35, 30, 93]","[49, 35, 30, 11]","[[0, 0, 0, 1]]",[11]
SOURCE,aaa6810ca300852ff8400dfe042765f4effb5f567d28b5b5e131a28becddafd1,cca8eb0a46f14296c5bceeb3ad7a662f,duplicate_encoding,IMAGE_CUE_FRESH,sum4,2,3,,,duplicate_encoding,True,True,True,68,"[32, 11, 82, 18]","[32, 11, 14, 18]","[[0, 0, 1, 0]]",[14]
SOURCE,c3d0d386f85baa426065f9c2bfd8390be1a2ee47d8e4cb80dca68d10f1146f0a,69ab4a65c8d6ff2f7ad9948693540602,cross_series,SYMBOLIC_FRESH,difference_pairs,1,2,0.0,1.0,leaf,True,False,True,23,"[7, 43, 49, 0]","[7, 20, 49, 0]","[[1, 1, 0, 0], [1, 0, 1, 0], [1, 0, 0, 1]]","[27, 56, 7]"
SOURCE,56489818c3aeb3ef03f7b38febe44b32798755bcd0e55a53cb78f8d1e780f8e5,8987ce411f7726343ea4a3838c3f8ed7,cross_series,IMAGE_CUE_FRESH,range4,1,2,3.0,4.0,leaf,False,True,True,46,"[10, 56, 47, 35]","[10, 10, 47, 35]","[[1, 0, 0, 1], [0, 1, 0, 1], [0, 0, 1, 1]]","[45, 45, 82]"
SOURCE,1bffff6d479a87fdd28ce5949a03d6b48546c37d48cb48b49d3e31d8a1ca5359,9816e6601ae5a31ee7f9b53bff503374,trend,SYMBOLIC_FRESH,sum4,3,4,,,trend,True,False,True,6,"[46, 44, 42, 46]","[46, 44, 42, 40]","[[1, -2, 1, 0], [0, 1, -2, 1]]","[0, 0]"
SOURCE,cf566e39d5ebd0f8fb85125ec8226f2348495cdb80b0c35f1d9592c6843e45c1,714bb4f692b407cf4b098e59a4bc45d6,trend,IMAGE_CUE_FRESH,sum4,2,3,,,trend,True,False,True,30,"[16, 25, 4, 43]","[16, 25, 34, 43]","[[1, -2, 1, 0], [0, 1, -2, 1]]","[0, 0]"
SOURCE,a0b16a38016728fb7bcce6f50103eac2d8e2606c88560073f7374f692b5a23de,027946e9a5a19866a0dd877be872ed34,duplicate_encoding,SYMBOLIC_FRESH,range4,0,1,,,duplicate_encoding,True,True,True,29,"[7, 31, 39, 31]","[36, 31, 39, 31]","[[1, 0, 0, 0]]",[36]
SOURCE,b3b366e6aebaa716ff8a55e0f65914909eae3d3ca70ba4f95e72a0c17beae0c6,f9520a56e5d915646bec53a8d3aed50e,duplicate_encoding,IMAGE_CUE_FRESH,range4,0,1,,,duplicate_encoding,True,True,True,12,"[16, 39, 49, 48]","[28, 39, 49, 48]","[[1, 0, 0, 0]]",[28]
SOURCE,d895c9ddcac69c7d3e00c12792c121e21160647b43aa74f6aecd87ea581d6e44,4fec93786dd9e152f85a85d9e2d53dbf,cross_series,SYMBOLIC_FRESH,difference_pairs,2,3,2.0,3.0,center,True,True,True,25,"[37, 38, 56, 30]","[37, 38, 31, 30]","[[1, 0, 1, 0], [0, 1, 1, 0], [0, 0, 1, 1]]","[68, 69, 61]"
SOURCE,f8a332cddb7b11a1a17bc5a41f18f7538f35d77cae560eb3d9c645509bec5c4e,fe51fd1c206de30f9474e8373413a330,cross_series,IMAGE_CUE_FRESH,range4,3,4,1.0,2.0,leaf,True,False,True,40,"[10, 48, 30, 0]","[10, 48, 30, 40]","[[1, 1, 0, 0], [0, 1, 1, 0], [0, 1, 0, 1]]","[58, 78, 88]"
SOURCE,b7a0d144d77307c297bc6b6815047f4c2ecd852f7a7fbe50546a5f0d8145707d,cf9c8ece98d4ac892aeb023449096553,trend,SYMBOLIC_FRESH,difference_pairs,3,4,,,trend,True,False,True,39,"[49, 46, 43, 1]","[49, 46, 43, 40]","[[1, -2, 1, 0], [0, 1, -2, 1]]","[0, 0]"
SOURCE,7e1d0f41b4e2dff0541025ece36216a838f20b50422cbe70e11cbdb651096f2c,5effb43664031c312cf2a0dfe1c0fcd4,trend,IMAGE_CUE_FRESH,sum4,2,3,,,trend,True,False,True,67,"[49, 33, 84, 1]","[49, 33, 17, 1]","[[1, -2, 1, 0], [0, 1, -2, 1]]","[0, 0]"
SOURCE,c09411169350bb6adf8141446955cba9d247576edf6a29cf636e13cc1b285079,c0a4198379d7038ecd1be83dd3e8faf5,duplicate_encoding,SYMBOLIC_FRESH,range4,2,3,,,duplicate_encoding,True,True,True,22,"[39, 13, 13, 36]","[39, 13, 35, 36]","[[0, 0, 1, 0]]",[35]
SOURCE,7742f3bfbd5dd3f01bff258f2fb26fa3665594aee286044ab6a5f576b8534724,fce2cc6cdbaf107ebd8aae34294df69c,duplicate_encoding,IMAGE_CUE_FRESH,sum4,2,3,,,duplicate_encoding,True,True,True,27,"[44, 47, 33, 30]","[44, 47, 6, 30]","[[0, 0, 1, 0]]",[6]
SOURCE,53a01486c2068d43a86a0c90578eebd86ea0a12edd8ac86a90187aec1b6794c3,9527467b975a455617fb14bd8face3a0,cross_series,SYMBOLIC_FRESH,sum4,2,3,1.0,2.0,leaf,True,False,True,33,"[37, 12, 55, 38]","[37, 12, 22, 38]","[[1, 1, 0, 0], [0, 1, 1, 0], [0, 1, 0, 1]]","[49, 34, 50]"
SOURCE,bc58a7ae82767823f96904afeeef53e34c1cce0f68a2a02fd6ee4ed9644de692,bdfaa5a32fcc53121eda721f76c1bd90,cross_series,IMAGE_CUE_FRESH,difference_pairs,3,4,0.0,1.0,leaf,True,False,True,44,"[15, 42, 41, 72]","[15, 42, 41, 28]","[[1, 1, 0, 0], [1, 0, 1, 0], [1, 0, 0, 1]]","[57, 56, 43]"
SOURCE,1040848aa97b25487a572b9b7523f3ef9751d1b372599fa9552df22233241f10,f85d8529f5daf6dbcd8dc52a03c8009d,trend,SYMBOLIC_FRESH,difference_pairs,1,2,,,trend,False,True,False,51,"[44, 92, 38, 35]","[44, 41, 38, 35]","[[1, -2, 1, 0], [0, 1, -2, 1]]","[0, 0]"
SOURCE,20ebda61c16927cea92eac78b9f44c9df3ded4a7016ebbc5c28820769bec49fb,224992e98991f7ee7a27eca18d4be54b,trend,IMAGE_CUE_FRESH,range4,3,4,,,trend,True,False,True,24,"[1, 16, 31, 70]","[1, 16, 31, 46]","[[1, -2, 1, 0], [0, 1, -2, 1]]","[0, 0]"
SOURCE,4c49df284cf741b8bab5b097f83ebbbd365dcf820bc05280646b4e7c305af0b3,02076e5a1b73acf931863066ef991253,duplicate_encoding,SYMBOLIC_FRESH,range4,1,2,,,duplicate_encoding,True,True,True,42,"[12, 42, 43, 38]","[12, 0, 43, 38]","[[0, 1, 0, 0]]",[0]
SOURCE,bd831066abc194018b5f91d497474b5be3f2794ab80f7a205fc926e9ff045bad,8b76ad767ef659745fa4f633fb016fff,duplicate_encoding,IMAGE_CUE_FRESH,difference_pairs,3,4,,,duplicate_encoding,True,True,True,33,"[34, 18, 33, 56]","[34, 18, 33, 23]","[[0, 0, 0, 1]]",[23]
SOURCE,569d12a8402b47f4f5d141e9d7a02649b3839a75513e8975fc6e6bad912fa05f,08dd01c89a0e5728ab7ab3e4c1a9c7b8,cross_series,SYMBOLIC_FRESH,range4,3,4,3.0,4.0,center,True,False,True,13,"[20, 36, 30, 25]","[20, 36, 30, 38]","[[1, 0, 0, 1], [0, 1, 0, 1], [0, 0, 1, 1]]","[58, 74, 68]"
SOURCE,f2eb5a13c81ae307c1171d248be3c9c4886bdc979953ae5184ba1e5e7b115f76,e4f4753fe1a341f953f8a655ae485cbb,cross_series,IMAGE_CUE_FRESH,sum4,3,4,1.0,2.0,leaf,True,False,True,4,"[0, 37, 22, 20]","[0, 37, 22, 24]","[[1, 1, 0, 0], [0, 1, 1, 0], [0, 1, 0, 1]]","[37, 59, 61]"
SOURCE,e737827b859d2c74d19daf27639ed2e81815ce60644434d2575095e53a4cc520,b9c795bafd3d8ea9dd1592e8f27102c4,trend,SYMBOLIC_FRESH,sum4,2,3,,,trend,True,False,True,84,"[0, 6, 96, 18]","[0, 6, 12, 18]","[[1, -2, 1, 0], [0, 1, -2, 1]]","[0, 0]"
SOURCE,0332ac83f488c3943d6b4152957a578146bef695e4315f93acab24baa40580d9,2cd8b9844eec1d700461581d705103e0,trend,IMAGE_CUE_FRESH,range4,2,3,,,trend,True,False,True,17,"[37, 30, 40, 16]","[37, 30, 23, 16]","[[1, -2, 1, 0], [0, 1, -2, 1]]","[0, 0]"
SOURCE,66e5a93b31bd950fa1ae99f744211984b4f35a389d91bd1943ee7be791b6acd4,56fdb129e3f3cf9f4c872a95984af196,duplicate_encoding,SYMBOLIC_FRESH,range4,1,2,,,duplicate_encoding,True,True,True,86,"[7, 95, 0, 19]","[7, 9, 0, 19]","[[0, 1, 0, 0]]",[9]
SOURCE,d865ab3b10bfc9c07e16e976a62c778e017d6dca2e4dc7f70ea13553f702321a,fea5646ec2cbbda7490c4e2497551c49,duplicate_encoding,IMAGE_CUE_FRESH,range4,1,2,,,duplicate_encoding,True,True,True,22,"[15, 16, 30, 12]","[15, 38, 30, 12]","[[0, 1, 0, 0]]",[38]
SOURCE,6f8ff30898ece9139ab20fe8c069a250522803b7a567353bafabb10475061a9b,edf7375c2282b21b2e4fa0b99134b03b,cross_series,SYMBOLIC_FRESH,range4,2,3,2.0,3.0,center,True,True,True,39,"[21, 20, 85, 37]","[21, 20, 46, 37]","[[1, 0, 1, 0], [0, 1, 1, 0], [0, 0, 1, 1]]","[67, 66, 83]"
SOURCE,8cbbd4fa48aff601453fc447aa05b342475b7ef11a8d33a162ff1c3fdb3cd09d,d6e697c2cb122ffdfbe07a025cebb102,cross_series,IMAGE_CUE_FRESH,sum4,2,3,1.0,2.0,leaf,True,False,True,29,"[40, 1, 63, 14]","[40, 1, 34, 14]","[[1, 1, 0, 0], [0, 1, 1, 0], [0, 1, 0, 1]]","[41, 35, 15]"
SOURCE,6d4298ffd0e4e752b92e212404c432acd48bd0528955b03cee7de85c10309238,2ea8c2ef4724c90ce6734a36c979f11b,trend,SYMBOLIC_FRESH,range4,1,2,,,trend,False,True,False,29,"[15, 49, 25, 30]","[15, 20, 25, 30]","[[1, -2, 1, 0], [0, 1, -2, 1]]","[0, 0]"
SOURCE,793bfa74f6ace64466296dd25355258cea15399d7942289f0b5f15fa9b529947,05deed901293430fead5b10738f802f0,trend,IMAGE_CUE_FRESH,difference_pairs,1,2,,,trend,False,True,False,36,"[34, 65, 24, 19]","[34, 29, 24, 19]","[[1, -2, 1, 0], [0, 1, -2, 1]]","[0, 0]"
SOURCE,1522430acc13f6467b484b349933c5aadae9516ae9694778fad3f11ec6aacd63,9155a18a426e94a521f23c9246ec4273,duplicate_encoding,SYMBOLIC_FRESH,sum4,2,3,,,duplicate_encoding,True,True,True,15,"[34, 26, 18, 44]","[34, 26, 33, 44]","[[0, 0, 1, 0]]",[33]
SOURCE,8c058b86c94817ae14facc40d024219238c159734b3451e9237a54b58424622f,2a22f245330a651561595e52979f0082,duplicate_encoding,IMAGE_CUE_FRESH,range4,0,1,,,duplicate_encoding,True,True,True,14,"[52, 31, 8, 27]","[38, 31, 8, 27]","[[1, 0, 0, 0]]",[38]
SOURCE,a23d9e70e5d104e6a95f8df5f338e5dfc4d650efe5b4d9d96e0d10eb9f1af45a,22bdfa8ab9f54c90a918d4b6e6d78d58,cross_series,SYMBOLIC_FRESH,difference_pairs,3,4,0.0,1.0,leaf,True,False,True,5,"[27, 13, 16, 51]","[27, 13, 16, 46]","[[1, 1, 0, 0], [1, 0, 1, 0], [1, 0, 0, 1]]","[40, 43, 73]"
SOURCE,d7ae0c8d6ceb77c417206c216b9b43fc04c70e039e4e761379eea844282f0795,b7c97a334b6364a16263f92854c23462,cross_series,IMAGE_CUE_FRESH,range4,3,4,1.0,2.0,leaf,True,False,True,10,"[18, 35, 43, 49]","[18, 35, 43, 39]","[[1, 1, 0, 0], [0, 1, 1, 0], [0, 1, 0, 1]]","[53, 78, 74]"
SOURCE,93abef3ab570b76375250f0820f7de214ea180d077c5fe0d64b17de46ca3416e,701b1a6f9cfb70f1a5906895a04bad6c,trend,SYMBOLIC_FRESH,range4,3,4,,,trend,True,False,True,20,"[27, 28, 29, 50]","[27, 28, 29, 30]","[[1, -2, 1, 0], [0, 1, -2, 1]]","[0, 0]"
SOURCE,6fa777f873096e80abce023e68a3b8f0c7efea4b89a390cfcc05898d2297d3d4,19075f977721afe29c28c6875c9cd292,trend,IMAGE_CUE_FRESH,sum4,1,2,,,trend,False,True,False,28,"[45, 63, 25, 15]","[45, 35, 25, 15]","[[1, -2, 1, 0], [0, 1, -2, 1]]","[0, 0]"
SOURCE,a4aeaad254eb8cf0a00f9e225965e5619afb867b10656233537dd2ec27615c56,eb652d3efa17bba34633881b893a6e15,duplicate_encoding,SYMBOLIC_FRESH,sum4,2,3,,,duplicate_encoding,True,True,True,87,"[34, 44, 94, 36]","[34, 44, 7, 36]","[[0, 0, 1, 0]]",[7]
SOURCE,bb24cc5494c8c49bea8fbe62d76c18f7a8335295d0a5f045b41502bf5710700e,f8b65b8ab93ef869b1c4e9b07d7ded86,duplicate_encoding,IMAGE_CUE_FRESH,difference_pairs,0,1,,,duplicate_encoding,True,True,True,24,"[0, 6, 35, 39]","[24, 6, 35, 39]","[[1, 0, 0, 0]]",[24]
SOURCE,8303004ff5ce36f8003c85838e274c80b1a4a36e5f4e366787098cc2d246f19e,840cce9ada5d444a057e59214b0ad6ab,cross_series,SYMBOLIC_FRESH,difference_pairs,2,3,0.0,1.0,leaf,True,False,True,58,"[4, 41, 74, 8]","[4, 41, 16, 8]","[[1, 1, 0, 0], [1, 0, 1, 0], [1, 0, 0, 1]]","[45, 20, 12]"
SOURCE,275a9760863ed3c9014937bff59913c3e61a7b22b359dd877cf3fa4add9e2618,b63d40a6813823b97382a76e20849386,cross_series,IMAGE_CUE_FRESH,difference_pairs,3,4,1.0,2.0,leaf,True,False,True,2,"[6, 15, 23, 10]","[6, 15, 23, 8]","[[1, 1, 0, 0], [0, 1, 1, 0], [0, 1, 0, 1]]","[21, 38, 23]"
SOURCE,d6c1f149e18ac98952bf5c52227eeb6eeaad720f8c715bbff689f7fb4ca5b631,f3b4075bc3986dc8af1df249a79662ec,trend,SYMBOLIC_FRESH,difference_pairs,0,1,,,trend,False,True,False,33,"[52, 24, 29, 34]","[19, 24, 29, 34]","[[1, -2, 1, 0], [0, 1, -2, 1]]","[0, 0]"
SOURCE,24c26418501e490b3c08d43b9186c294ddb2dfa95ac492f8247c470207320a1d,00513f9d884a32fbec9c6f8ea0cd24f4,trend,IMAGE_CUE_FRESH,difference_pairs,1,2,,,trend,False,True,False,78,"[12, 95, 22, 27]","[12, 17, 22, 27]","[[1, -2, 1, 0], [0, 1, -2, 1]]","[0, 0]"
SOURCE,94dd172749e35559d7c41ed01f45424773faf3ae670f9f82819381a413976751,a3e1c4204d5cebfb7c1c49d4c08d752c,duplicate_encoding,SYMBOLIC_FRESH,difference_pairs,1,2,,,duplicate_encoding,True,True,True,33,"[31, 61, 46, 34]","[31, 28, 46, 34]","[[0, 1, 0, 0]]",[28]
SOURCE,97f6974c8200a3127c5b21ba1600649e8ba15e5c48bfb7718696c94890c409a0,5be46c50196ece9f23fa46e9daec5cc5,duplicate_encoding,IMAGE_CUE_FRESH,difference_pairs,2,3,,,duplicate_encoding,True,True,True,16,"[16, 6, 26, 46]","[16, 6, 42, 46]","[[0, 0, 1, 0]]",[42]
SOURCE,2c9dd44c6758e6aa6b447eaa7188bd3871fc4fc872d6e1c14aaba665e9fbe41e,925b102179428813fdec402e4dac3970,cross_series,SYMBOLIC_FRESH,range4,2,3,0.0,1.0,leaf,True,False,True,23,"[16, 0, 4, 40]","[16, 0, 27, 40]","[[1, 1, 0, 0], [1, 0, 1, 0], [1, 0, 0, 1]]","[16, 43, 56]"
SOURCE,6b45e5d9b24422e5fb98cb3b4c59efa108d5bd4c090e3f53510e7a52cc22b892,5256688d615df347b277ecee5d050b7b,cross_series,IMAGE_CUE_FRESH,difference_pairs,1,2,0.0,1.0,leaf,True,False,True,27,"[0, 12, 0, 43]","[0, 39, 0, 43]","[[1, 1, 0, 0], [1, 0, 1, 0], [1, 0, 0, 1]]","[39, 0, 43]"
SOURCE,0078ca8d304d8a64883851662875801093cea999f5fd5ae2e372e599a81b91bb,95bddfff4ed06fa180b46f07957332d7,trend,SYMBOLIC_FRESH,range4,2,3,,,trend,True,False,True,25,"[41, 37, 58, 29]","[41, 37, 33, 29]","[[1, -2, 1, 0], [0, 1, -2, 1]]","[0, 0]"
SOURCE,cbe3c091816f069f197cc8ec0b615248f0c5f2fc2e29e67e823e7dd206356a0a,5dd133a3a9a9462e2904620f020785f2,trend,IMAGE_CUE_FRESH,difference_pairs,0,1,,,trend,False,True,False,41,"[0, 43, 45, 47]","[41, 43, 45, 47]","[[1, -2, 1, 0], [0, 1, -2, 1]]","[0, 0]"
SOURCE,b5b7683f9d4de749786f819e9cadff781b5bb7e6adf4022c50d8cbff17dd5365,35b4064820bc7dd717c45c582ac06efd,duplicate_encoding,SYMBOLIC_FRESH,range4,1,2,,,duplicate_encoding,True,True,True,2,"[33, 43, 8, 21]","[33, 41, 8, 21]","[[0, 1, 0, 0]]",[41]
SOURCE,684f0d99b58206afc0fa4b47fb35bb52a5df70ef5a50e06e8b6b041549574e47,c2ec3377a06f887ea5cbfa6117810ec6,duplicate_encoding,IMAGE_CUE_FRESH,sum4,2,3,,,duplicate_encoding,True,True,True,28,"[44, 18, 15, 39]","[44, 18, 43, 39]","[[0, 0, 1, 0]]",[43]
SOURCE,fd4bb5cb8a5a2b11e0092656ebfbd33acd94d7a54be33654145c77a99206000c,4607c7eed3246bff58fe374bb0c16633,cross_series,SYMBOLIC_FRESH,sum4,0,1,1.0,2.0,leaf,False,True,False,45,"[86, 31, 45, 11]","[41, 31, 45, 11]","[[1, 1, 0, 0], [0, 1, 1, 0], [0, 1, 0, 1]]","[72, 76, 42]"
SOURCE,e8812b8c521cd342b6afcee788efeb6288994c4fb26c00db532b2e0ad154a394,40d6075bb8385179ef9be168fa6aa94b,cross_series,IMAGE_CUE_FRESH,range4,2,3,1.0,2.0,leaf,True,False,True,72,"[5, 43, 72, 33]","[5, 43, 0, 33]","[[1, 1, 0, 0], [0, 1, 1, 0], [0, 1, 0, 1]]","[48, 43, 76]"
SOURCE,9c49e8cb097d8086a54a4531bde7eaa68058164763bf00159fcc79bae409da66,baff9dbd41d18a06bac058d9c9f026cf,trend,SYMBOLIC_FRESH,range4,1,2,,,trend,False,True,False,54,"[19, 71, 15, 13]","[19, 17, 15, 13]","[[1, -2, 1, 0], [0, 1, -2, 1]]","[0, 0]"
SOURCE,eabfc155384a3a85ac5319672ea3d804871dedc3c5974e7de01dba8b483273c5,60f50a6edad23352f43a92325ba67f0a,trend,IMAGE_CUE_FRESH,difference_pairs,0,1,,,trend,False,True,False,17,"[31, 42, 36, 30]","[48, 42, 36, 30]","[[1, -2, 1, 0], [0, 1, -2, 1]]","[0, 0]"
SOURCE,2d2fa69e4065110b6fdb0612109e0e2e3b8e671fcfaccce194cd37bb48602620,ce4e9222a32d454cbcbdbc24b1ad1708,duplicate_encoding,SYMBOLIC_FRESH,range4,3,4,,,duplicate_encoding,True,True,True,65,"[8, 2, 42, 87]","[8, 2, 42, 22]","[[0, 0, 0, 1]]",[22]
SOURCE,9b24dbab0b956977c8c16faff3e03c000f9767f89ce02ec57a533e8b4b4ebc64,5c8815fe0d529bbddb4a5928f726d1ea,duplicate_encoding,IMAGE_CUE_FRESH,sum4,3,4,,,duplicate_encoding,True,True,True,57,"[6, 17, 19, 88]","[6, 17, 19, 31]","[[0, 0, 0, 1]]",[31]
SOURCE,f78cadecb4e77f2168268ab035f9e71a8940fa6474e4d2dfe722fbb9f74df988,c663b0f3166ef432216bbdbbd25d93e8,cross_series,SYMBOLIC_FRESH,difference_pairs,1,2,0.0,1.0,leaf,True,False,True,14,"[43, 30, 5, 3]","[43, 44, 5, 3]","[[1, 1, 0, 0], [1, 0, 1, 0], [1, 0, 0, 1]]","[87, 48, 46]"
SOURCE,1a7dd0a35a3838554401832a9b47142d2a9618b5102fdd3c3f3f494360402301,4603436a88467712dff07075bf709ec7,cross_series,IMAGE_CUE_FRESH,difference_pairs,0,1,3.0,4.0,leaf,False,True,False,89,"[90, 37, 15, 13]","[1, 37, 15, 13]","[[1, 0, 0, 1], [0, 1, 0, 1], [0, 0, 1, 1]]","[14, 50, 28]"
SOURCE,d06f2e12ff082c55c163aa3d82cc029cf244262219a3b0c3b30ecb6e79f93fd2,e10378581b50353b1cc0b44c2fe4a46f,trend,SYMBOLIC_FRESH,sum4,0,1,,,trend,False,True,False,24,"[23, 32, 17, 2]","[47, 32, 17, 2]","[[1, -2, 1, 0], [0, 1, -2, 1]]","[0, 0]"
SOURCE,b519b0d6c5bd789bbe8dcd3b16a225c53c18495953ae64d7f3e81e70ca371edd,22592fd9c6df7c6d3291606e0f69b228,trend,IMAGE_CUE_FRESH,sum4,3,4,,,trend,True,False,True,7,"[17, 13, 9, 12]","[17, 13, 9, 5]","[[1, -2, 1, 0], [0, 1, -2, 1]]","[0, 0]"
SOURCE,7c9bd3df50db147a8de1f7f75e4c0a09fe050f8aadbc9305caaacb6d5e1157ae,976bf4b88567d0852e7c202949ec9b51,duplicate_encoding,SYMBOLIC_FRESH,range4,2,3,,,duplicate_encoding,True,True,True,23,"[40, 41, 39, 35]","[40, 41, 16, 35]","[[0, 0, 1, 0]]",[16]
SOURCE,3b90481e5a819a6e7550cabf5787fdc345750e8ae62b4df34961a206d13b5d3c,1488090525f561f7897a979de24a40b2,duplicate_encoding,IMAGE_CUE_FRESH,sum4,0,1,,,duplicate_encoding,True,True,True,24,"[47, 20, 12, 13]","[23, 20, 12, 13]","[[1, 0, 0, 0]]",[23]
SOURCE,da175f84a2979dfc00370344ec3d94fe344483e34efb2fa719a8e522aa2506cc,73d6aa718ba2158069c97b4e9786f3a4,cross_series,SYMBOLIC_FRESH,difference_pairs,2,3,2.0,3.0,center,True,True,True,36,"[27, 46, 76, 14]","[27, 46, 40, 14]","[[1, 0, 1, 0], [0, 1, 1, 0], [0, 0, 1, 1]]","[67, 86, 54]"
SOURCE,fea16daa840127031276d0286652cfb27c09ef6b53559e7bb24d909fdce9bd93,866dcf8bc98c7788f74ad0215083e8e7,cross_series,IMAGE_CUE_FRESH,range4,0,1,3.0,4.0,leaf,False,True,False,32,"[7, 18, 43, 15]","[39, 18, 43, 15]","[[1, 0, 0, 1], [0, 1, 0, 1], [0, 0, 1, 1]]","[54, 33, 58]"
SOURCE,7a888fc4b5251fd24ca36e001b3f0a943c150f94064d7579a54e6f71d6f1ddaf,2665cf4f6be37b9d0519b946632a6d0c,trend,SYMBOLIC_FRESH,difference_pairs,0,1,,,trend,False,True,False,6,"[17, 19, 27, 35]","[11, 19, 27, 35]","[[1, -2, 1, 0], [0, 1, -2, 1]]","[0, 0]"
SOURCE,3d1c4b515ddb4ebd96672797326749169b76ee0a566c725ac5168ebb0a144c72,23b64e0794ae830dfad87c354dbbf81e,trend,IMAGE_CUE_FRESH,difference_pairs,3,4,,,trend,True,False,True,28,"[44, 45, 46, 19]","[44, 45, 46, 47]","[[1, -2, 1, 0], [0, 1, -2, 1]]","[0, 0]"
SOURCE,af4877a2577edeb27d0cf509c3a8ece2278cc8920b579bbaf5f56ddbb67b49cb,689e81b2110f17e37f695bf290d71722,duplicate_encoding,SYMBOLIC_FRESH,difference_pairs,2,3,,,duplicate_encoding,True,True,True,2,"[49, 21, 4, 22]","[49, 21, 2, 22]","[[0, 0, 1, 0]]",[2]
SOURCE,27a223e78b4a41a0b01c3cc5c068d82006035bb8f0fd7c9192c079ff2c78ba40,f9efaddfc777cfca24b8080acf55ace5,duplicate_encoding,IMAGE_CUE_FRESH,range4,0,1,,,duplicate_encoding,True,True,True,90,"[95, 27, 10, 6]","[5, 27, 10, 6]","[[1, 0, 0, 0]]",[5]
SOURCE,a48c4ca1cda625d75b5f25e2d5c9cdeb8c1b1e56a2989867cf5dbf4f799b89e0,89087c69fff90e23dda988ecc403d6ac,cross_series,SYMBOLIC_FRESH,sum4,3,4,3.0,4.0,center,True,False,True,36,"[31, 8, 12, 7]","[31, 8, 12, 43]","[[1, 0, 0, 1], [0, 1, 0, 1], [0, 0, 1, 1]]","[74, 51, 55]"
SOURCE,021040898f305f09490fe5194f8f393b1f181d090532dca8190741dcec847233,93dae0199a6240c56e15f63d36620e9a,cross_series,IMAGE_CUE_FRESH,sum4,0,1,1.0,2.0,leaf,False,True,False,9,"[5, 7, 41, 2]","[14, 7, 41, 2]","[[1, 1, 0, 0], [0, 1, 1, 0], [0, 1, 0, 1]]","[21, 48, 9]"
SOURCE,d7fab67ff2affb05831618ffb9a3ece6a739b84d2f2f713750eb06ebfe5cc893,deca33fca3e386b49ec7c56e9c693368,trend,SYMBOLIC_FRESH,sum4,1,2,,,trend,False,True,False,11,"[48, 45, 20, 6]","[48, 34, 20, 6]","[[1, -2, 1, 0], [0, 1, -2, 1]]","[0, 0]"
SOURCE,18b597cb7081098f8601b4af4bb4275d3440736d9649c45f7befba01fcf65a39,8acd1f37c6997eaf039e1d15148d669b,trend,IMAGE_CUE_FRESH,sum4,3,4,,,trend,True,False,True,13,"[22, 26, 30, 21]","[22, 26, 30, 34]","[[1, -2, 1, 0], [0, 1, -2, 1]]","[0, 0]"
SOURCE,98248d595e62f7f6e88dfeea5533ff21d1c702142bbf62d86ecff29e33953ee0,5aafe89846f40453349362bfd66ef081,duplicate_encoding,SYMBOLIC_FRESH,difference_pairs,1,2,,,duplicate_encoding,True,True,True,59,"[40, 84, 18, 14]","[40, 25, 18, 14]","[[0, 1, 0, 0]]",[25]
SOURCE,13d9324cf27f2a698a9b8f8acd2155363c5ac47a0e622a99066cc3dcab17b92d,951c217f4ab0b018a39a1ada4aba10de,duplicate_encoding,IMAGE_CUE_FRESH,range4,2,3,,,duplicate_encoding,True,True,True,19,"[42, 43, 27, 31]","[42, 43, 8, 31]","[[0, 0, 1, 0]]",[8]
SOURCE,44f24fee8cb14e2e85566fe798f0a144930c1972d1ce9c3d07eaabcbaa7cc7ac,b0cd452166d3e8dc7967f67f1a4e1080,cross_series,SYMBOLIC_FRESH,range4,2,3,0.0,1.0,leaf,True,False,True,40,"[41, 24, 66, 27]","[41, 24, 26, 27]","[[1, 1, 0, 0], [1, 0, 1, 0], [1, 0, 0, 1]]","[65, 67, 68]"
SOURCE,91db325733a42415c3a195d23f07772a705a62141633e8423dd635b34259d52c,eaa5df731c66e73678dd8918e78a6d70,cross_series,IMAGE_CUE_FRESH,difference_pairs,2,3,2.0,3.0,center,True,True,True,19,"[20, 39, 1, 7]","[20, 39, 20, 7]","[[1, 0, 1, 0], [0, 1, 1, 0], [0, 0, 1, 1]]","[40, 59, 27]"
SOURCE,84915fde155e01857781bcddab56502b1f4655ae3440db580839d0ab850bf669,cb0170bc064d4e6e438694c2dc951308,trend,SYMBOLIC_FRESH,difference_pairs,2,3,,,trend,True,False,True,40,"[44, 38, 72, 26]","[44, 38, 32, 26]","[[1, -2, 1, 0], [0, 1, -2, 1]]","[0, 0]"
SOURCE,7f5d7b3cd4ef92cad8e4d99f67f77c8d207d1e519699b13b21a94175708ff596,f754bfd5438d42805edbf53da9011684,trend,IMAGE_CUE_FRESH,range4,3,4,,,trend,True,False,True,29,"[35, 38, 41, 73]","[35, 38, 41, 44]","[[1, -2, 1, 0], [0, 1, -2, 1]]","[0, 0]"
SOURCE,aec5f0d0871734ce1afc4eca6bf93c3a79bf46bff93735809b3f1b9f7fbd1da7,d2a2cebcbae5fa38a91ec31f9dae65a4,duplicate_encoding,SYMBOLIC_FRESH,difference_pairs,3,4,,,duplicate_encoding,True,True,True,72,"[4, 31, 21, 90]","[4, 31, 21, 18]","[[0, 0, 0, 1]]",[18]
SOURCE,5807ed1194236a788a9a981022a366e7221c100fc9f75973ef07cb264cb6b4a3,8a2634a742557acddfabcc90d86f7ba7,duplicate_encoding,IMAGE_CUE_FRESH,sum4,1,2,,,duplicate_encoding,True,True,True,2,"[37, 28, 6, 23]","[37, 30, 6, 23]","[[0, 1, 0, 0]]",[30]
SOURCE,a1c01e4bc4d9106f2e39dbe049376065a1cfb3b1420c4f5b0d928fa6d5fc614b,e2037266f647608386932464b34066ea,cross_series,SYMBOLIC_FRESH,difference_pairs,3,4,3.0,4.0,center,True,False,True,40,"[32, 2, 4, 75]","[32, 2, 4, 35]","[[1, 0, 0, 1], [0, 1, 0, 1], [0, 0, 1, 1]]","[67, 37, 39]"
SOURCE,e2e5137e4fce0592ee26c6bd7a1f6959e0ed9819dd4a919ec2490933f735a482,336020f01f20ab0fb000a14fad21772a,cross_series,IMAGE_CUE_FRESH,range4,3,4,2.0,3.0,leaf,True,False,True,19,"[41, 46, 12, 59]","[41, 46, 12, 40]","[[1, 0, 1, 0], [0, 1, 1, 0], [0, 0, 1, 1]]","[53, 58, 52]"
SOURCE,fb019cea20121e432a7ccf003f3aaa6bf694e998002323dfaa04c216926dc32f,b23b094ac4512ac8ac857e0a6a6ee3bf,trend,SYMBOLIC_FRESH,difference_pairs,0,1,,,trend,False,True,False,74,"[83, 6, 3, 0]","[9, 6, 3, 0]","[[1, -2, 1, 0], [0, 1, -2, 1]]","[0, 0]"
SOURCE,5e11981f220ea1847177a350aabc1787fe8609187ac4d8c691d884df47aa6785,109645994f893db205b7e584cca8c365,trend,IMAGE_CUE_FRESH,sum4,3,4,,,trend,True,False,True,36,"[28, 23, 18, 49]","[28, 23, 18, 13]","[[1, -2, 1, 0], [0, 1, -2, 1]]","[0, 0]"
SOURCE,5fdc59e2141992fbc80e6fc60c3ed3720e459db706e52cebf251a0cb3b8d840d,c0fbfea6c43bf4269fa4b7505a1026b8,duplicate_encoding,SYMBOLIC_FRESH,sum4,3,4,,,duplicate_encoding,True,True,True,35,"[38, 42, 21, 77]","[38, 42, 21, 42]","[[0, 0, 0, 1]]",[42]
SOURCE,2a82d868259609e22d42d86b1bfd794f2b38d49c734d5f0f0702ed6c7ae8ef8f,51ba2e4b687e41feff0280a76a2793db,duplicate_encoding,IMAGE_CUE_FRESH,sum4,1,2,,,duplicate_encoding,True,True,True,66,"[25, 95, 33, 5]","[25, 29, 33, 5]","[[0, 1, 0, 0]]",[29]
SOURCE,a2664427de2ea3b0c080aec5154347a3cad2630de7a89e05e5ae2038e9fe2336,66ed32acb95896397954b9ee00b577aa,cross_series,SYMBOLIC_FRESH,sum4,0,1,2.0,3.0,leaf,False,True,False,29,"[57, 38, 17, 38]","[28, 38, 17, 38]","[[1, 0, 1, 0], [0, 1, 1, 0], [0, 0, 1, 1]]","[45, 55, 55]"
SOURCE,ba059b3a12875e1f53cb575b5a14d1fc5903e6c88aa1aaa69cd78bc3a9901d6b,d9f635e31539c92a6b04454a37f3615b,cross_series,IMAGE_CUE_FRESH,range4,1,2,0.0,1.0,leaf,True,False,True,42,"[15, 49, 2, 0]","[15, 7, 2, 0]","[[1, 1, 0, 0], [1, 0, 1, 0], [1, 0, 0, 1]]","[22, 17, 15]"
SOURCE,70479975f35fbac44539434b15255229669714110b45087c9a1ce669933fc749,63dafc9d40bbe6da8e894142da149bea,trend,SYMBOLIC_FRESH,difference_pairs,2,3,,,trend,True,False,True,9,"[7, 9, 2, 13]","[7, 9, 11, 13]","[[1, -2, 1, 0], [0, 1, -2, 1]]","[0, 0]"
SOURCE,5d6c92e9489257dd3375a06850dd7384486d60a0ed094f338bd8135daeb58e47,07c6786c35e36c3b0a273c7528bfcb57,trend,IMAGE_CUE_FRESH,difference_pairs,2,3,,,trend,True,False,True,15,"[0, 10, 5, 30]","[0, 10, 20, 30]","[[1, -2, 1, 0], [0, 1, -2, 1]]","[0, 0]"
SOURCE,b7e8cb892e9bfec3b564c6a0e396f245a3a8fdc621a60d037c683a58d434279f,ebd3843e84a0cfe9339ca3e92d3abf25,duplicate_encoding,SYMBOLIC_FRESH,difference_pairs,2,3,,,duplicate_encoding,True,True,True,35,"[31, 35, 45, 38]","[31, 35, 10, 38]","[[0, 0, 1, 0]]",[10]
SOURCE,6d7e0919d2d8327424517caf75603ed997c0741fdf96c107473f7fec550cb540,52e00e582454d490b9dd3b1c6e6242df,duplicate_encoding,IMAGE_CUE_FRESH,sum4,2,3,,,duplicate_encoding,True,True,True,20,"[39, 38, 31, 16]","[39, 38, 11, 16]","[[0, 0, 1, 0]]",[11]
SOURCE,41609fda0966387a4b9c66762dbb8d06a6fe8dcff497db40e644d809f5512ef8,d11a0222d096a3b4c68e70c56a4fe5ea,cross_series,SYMBOLIC_FRESH,difference_pairs,0,1,3.0,4.0,leaf,False,True,False,87,"[90, 43, 33, 33]","[3, 43, 33, 33]","[[1, 0, 0, 1], [0, 1, 0, 1], [0, 0, 1, 1]]","[36, 76, 66]"
SOURCE,36c4f8ea90c06088301af5a013deeb9623f795799464fd5000c8dd04b2236a47,3191dda03786b1c0590759f8e00a7963,cross_series,IMAGE_CUE_FRESH,difference_pairs,3,4,1.0,2.0,leaf,True,False,True,37,"[36, 31, 19, 49]","[36, 31, 19, 12]","[[1, 1, 0, 0], [0, 1, 1, 0], [0, 1, 0, 1]]","[67, 50, 43]"
SOURCE,673db055eb482edf6231472f0128b840d08a05bdae070ee7a0ac9635132ce61b,8080bc5cc2cd780d13cc2bcc4dbca05e,trend,SYMBOLIC_FRESH,sum4,3,4,,,trend,True,False,True,14,"[13, 22, 31, 26]","[13, 22, 31, 40]","[[1, -2, 1, 0], [0, 1, -2, 1]]","[0, 0]"
SOURCE,4ed47a1278362b683c22d37fc500e002a46a3b292e47a8f430d192292eb072e3,c68ecce83a243082f83d7c3f9338f2c3,trend,IMAGE_CUE_FRESH,difference_pairs,1,2,,,trend,False,True,False,40,"[42, 69, 16, 3]","[42, 29, 16, 3]","[[1, -2, 1, 0], [0, 1, -2, 1]]","[0, 0]"
SOURCE,bcaca9747490da28e37c737dd553738b894d3be8bf16ac9fb659130c93ebf48d,dd45585564ea9ec1eba130ba89cd6195,duplicate_encoding,SYMBOLIC_FRESH,difference_pairs,3,4,,,duplicate_encoding,True,True,True,71,"[19, 33, 29, 92]","[19, 33, 29, 21]","[[0, 0, 0, 1]]",[21]
SOURCE,79b88a74a0f2e26ce061785c19ccc1c3517f132f44433cb10d45d6e3117ab335,95214567cac5891bc94b623a356ebd7f,duplicate_encoding,IMAGE_CUE_FRESH,range4,2,3,,,duplicate_encoding,True,True,True,8,"[38, 25, 14, 19]","[38, 25, 22, 19]","[[0, 0, 1, 0]]",[22]
SOURCE,d61639eecef9b74b17a061df0674154790fe41743cbe484d49ed35c4232470e3,ecc42b4e501cf8aed14c7a763905dbb7,cross_series,SYMBOLIC_FRESH,sum4,1,2,3.0,4.0,leaf,False,True,True,13,"[31, 29, 34, 15]","[31, 42, 34, 15]","[[1, 0, 0, 1], [0, 1, 0, 1], [0, 0, 1, 1]]","[46, 57, 49]"
SOURCE,51b4878c7125ad888a38607215aedeffda188c4f7c1b3be3d47074e535728325,a8d576ff9252987bd11e8c178d1369da,cross_series,IMAGE_CUE_FRESH,difference_pairs,2,3,1.0,2.0,leaf,True,False,True,24,"[49, 24, 22, 45]","[49, 24, 46, 45]","[[1, 1, 0, 0], [0, 1, 1, 0], [0, 1, 0, 1]]","[73, 70, 69]"
SOURCE,0989d495c6f4bbad2b84f57f07ec0b308894463a331173c3502bd0352d76b5e0,6b6359a291af09c4d60a821009d4bc6a,trend,SYMBOLIC_FRESH,sum4,0,1,,,trend,False,True,False,30,"[30, 9, 18, 27]","[0, 9, 18, 27]","[[1, -2, 1, 0], [0, 1, -2, 1]]","[0, 0]"
SOURCE,28c199f630ddcdd71c02f9a788a4995ed392fa1d52e55d260015e38f5f08b854,8cd186972e1b140482a4b4649ad34228,trend,IMAGE_CUE_FRESH,sum4,2,3,,,trend,True,False,True,28,"[21, 29, 9, 45]","[21, 29, 37, 45]","[[1, -2, 1, 0], [0, 1, -2, 1]]","[0, 0]"
SOURCE,33dca6f3931041ec8c3ab7a8d3fec28688dd401b331a0ed1b7b728e7906f32f8,1e1eda3e4ac1cbf660c9457c61995701,duplicate_encoding,SYMBOLIC_FRESH,range4,0,1,,,duplicate_encoding,True,True,True,39,"[41, 27, 2, 5]","[2, 27, 2, 5]","[[1, 0, 0, 0]]",[2]
SOURCE,3d1659079857ed7514a86ff7d3170d5366af7f6bec3edf4e46323329dbd4d289,c8890cf0a82320220a211177a1820097,duplicate_encoding,IMAGE_CUE_FRESH,range4,3,4,,,duplicate_encoding,True,True,True,13,"[30, 19, 10, 11]","[30, 19, 10, 24]","[[0, 0, 0, 1]]",[24]
SOURCE,3f342685f383d6252c9c716c70de25b28e6debc861a6b8c6fee9fac7e921c55b,6223675826dea954095d93b1d6f53dbc,cross_series,SYMBOLIC_FRESH,sum4,3,4,0.0,1.0,leaf,True,False,True,30,"[16, 42, 30, 39]","[16, 42, 30, 9]","[[1, 1, 0, 0], [1, 0, 1, 0], [1, 0, 0, 1]]","[58, 46, 25]"
SOURCE,10817a9327b83864a8db5d6578da8a4c761f8a7337eacef5a735697edc71c442,64753206292275b71b4b4a1fbf01af39,cross_series,IMAGE_CUE_FRESH,difference_pairs,1,2,3.0,4.0,leaf,False,True,True,2,"[40, 15, 29, 14]","[40, 17, 29, 14]","[[1, 0, 0, 1], [0, 1, 0, 1], [0, 0, 1, 1]]","[54, 31, 43]"
SOURCE,0cd30c200cd34e265436f2e17e77b4b9a96226ee24466429d1b9e8256818aaf6,e01f7aa5f8c399c9f9a2737408ed6ac7,trend,SYMBOLIC_FRESH,range4,1,2,,,trend,False,True,False,31,"[26, 53, 18, 14]","[26, 22, 18, 14]","[[1, -2, 1, 0], [0, 1, -2, 1]]","[0, 0]"
SOURCE,6bc99f79309904d27f9f6efef5fa4a637ce205ac5aaaf88cb83993796db08de2,2f00807aa45161b698d638c8ca20b39a,trend,IMAGE_CUE_FRESH,difference_pairs,2,3,,,trend,True,False,True,43,"[48, 32, 59, 0]","[48, 32, 16, 0]","[[1, -2, 1, 0], [0, 1, -2, 1]]","[0, 0]"
SOURCE,61254340d0a01c349aaeba43bd77d15429133d310b570320d324512acc8eda1e,6cac4fa0c914bc12056c85b3e3d92e8d,duplicate_encoding,SYMBOLIC_FRESH,difference_pairs,2,3,,,duplicate_encoding,True,True,True,38,"[25, 37, 5, 27]","[25, 37, 43, 27]","[[0, 0, 1, 0]]",[43]
SOURCE,547ceb654d9281a9f155efa9ea4c6bca0f4c4590aa184e4d5fca4b37dd88bcb9,f7cd66c5198a5a036618e90bbad8666b,duplicate_encoding,IMAGE_CUE_FRESH,range4,2,3,,,duplicate_encoding,True,True,True,87,"[41, 47, 99, 9]","[41, 47, 12, 9]","[[0, 0, 1, 0]]",[12]
SOURCE,1a6f75f795cf674c9cf39a5eb0e14465c9738c693598deb8d66a041587c75412,f596656d4535c6cdd625fa8fcadf7132,cross_series,SYMBOLIC_FRESH,range4,3,4,1.0,2.0,leaf,True,False,True,12,"[21, 32, 28, 8]","[21, 32, 28, 20]","[[1, 1, 0, 0], [0, 1, 1, 0], [0, 1, 0, 1]]","[53, 60, 52]"
SOURCE,e4c88dc8281b4fd9195c08944e212e04bf115c79da5ec0f21abe4d7e189b53ea,67ca0e4f560f1310577c506a1f36a37b,cross_series,IMAGE_CUE_FRESH,difference_pairs,0,1,3.0,4.0,leaf,False,True,False,3,"[34, 9, 22, 26]","[37, 9, 22, 26]","[[1, 0, 0, 1], [0, 1, 0, 1], [0, 0, 1, 1]]","[63, 35, 48]"
SOURCE,ca5e2ddfe128045b8afe6751281b4c226aa9f58c6bb75075b42f79cfeeec7691,cf81aae4d26ebe23f30020611888ccf3,trend,SYMBOLIC_FRESH,range4,0,1,,,trend,False,True,False,16,"[47, 29, 27, 25]","[31, 29, 27, 25]","[[1, -2, 1, 0], [0, 1, -2, 1]]","[0, 0]"
SOURCE,895789a9003c876798fac516e96c86f6d6f13a797b58ee30ccd30431dffb6de4,12e58b0c3620c4c9972b24701ad6c46a,trend,IMAGE_CUE_FRESH,range4,0,1,,,trend,False,True,False,38,"[5, 29, 15, 1]","[43, 29, 15, 1]","[[1, -2, 1, 0], [0, 1, -2, 1]]","[0, 0]"
SOURCE,b2fb2c5a9bbad86316669557651f67612d99cc07ad6d48c7b4dbf68734db7478,e9559f26471dd78d3b3e75b6bc2efeb0,duplicate_encoding,SYMBOLIC_FRESH,range4,0,1,,,duplicate_encoding,True,True,True,47,"[67, 2, 34, 17]","[20, 2, 34, 17]","[[1, 0, 0, 0]]",[20]
SOURCE,852720c5c60a061df10fd89846c1ac304b0c6860499087285e03a3ee49282de4,64968df2c1064e72a095cb180fe2f356,duplicate_encoding,IMAGE_CUE_FRESH,sum4,2,3,,,duplicate_encoding,True,True,True,4,"[43, 43, 37, 12]","[43, 43, 33, 12]","[[0, 0, 1, 0]]",[33]
SOURCE,278c1581b5e677d3aa0ef7ae13901c45793e2e3fec099882b7a568b93c0a8ff0,db514727e1fcfc2e459d45e862210ee1,cross_series,SYMBOLIC_FRESH,sum4,1,2,0.0,1.0,leaf,True,False,True,86,"[26, 86, 1, 47]","[26, 0, 1, 47]","[[1, 1, 0, 0], [1, 0, 1, 0], [1, 0, 0, 1]]","[26, 27, 73]"
SOURCE,0d2103b97903f1353a81dcfc790ef85cacaf9a832799d877458b86f3182cbac7,c04b0b1c0b54b91a0da0e568df255d22,cross_series,IMAGE_CUE_FRESH,sum4,2,3,1.0,2.0,leaf,True,False,True,17,"[3, 10, 1, 16]","[3, 10, 18, 16]","[[1, 1, 0, 0], [0, 1, 1, 0], [0, 1, 0, 1]]","[13, 28, 26]"
SOURCE,8c199c692772d48ef052d9f7b34283d7c7d13537f7af9c948c1e3adbbd243a99,e07374cd30ce6a1b31559699ad4fbc7a,trend,SYMBOLIC_FRESH,range4,0,1,,,trend,False,True,False,57,"[83, 23, 20, 17]","[26, 23, 20, 17]","[[1, -2, 1, 0], [0, 1, -2, 1]]","[0, 0]"
SOURCE,b6275099741393ef7e21da06e93798d9cc9b87ca8bc33c70c95a43f46797675f,c107e0274ca23aea677691fd755425ed,trend,IMAGE_CUE_FRESH,difference_pairs,3,4,,,trend,True,False,True,6,"[48, 47, 46, 51]","[48, 47, 46, 45]","[[1, -2, 1, 0], [0, 1, -2, 1]]","[0, 0]"
SOURCE,800d942dbc0c4cc1034ce760511f62363d1eb0889ef4a65b2555b4842ba53760,5a8c65bad56ef71bee884caf40a5f73d,duplicate_encoding,SYMBOLIC_FRESH,difference_pairs,1,2,,,duplicate_encoding,True,True,True,18,"[36, 61, 38, 48]","[36, 43, 38, 48]","[[0, 1, 0, 0]]",[43]
SOURCE,7786e682b6e6025e3c72e2ea2fa3da30c9a09b7e535db53c79f47cc94d46a706,d76d6d5dce6fdc936d8b52460c2f4463,duplicate_encoding,IMAGE_CUE_FRESH,difference_pairs,1,2,,,duplicate_encoding,True,True,True,27,"[44, 61, 39, 23]","[44, 34, 39, 23]","[[0, 1, 0, 0]]",[34]
SOURCE,af02076f44aa1c33de5d9ebe7d59ce5a9d7b97c22fc4a3601b4b011f27c0cff3,d6f6c6583fbbaf4901ed71572bfbb9ce,cross_series,SYMBOLIC_FRESH,difference_pairs,2,3,2.0,3.0,center,True,True,True,14,"[42, 10, 15, 40]","[42, 10, 29, 40]","[[1, 0, 1, 0], [0, 1, 1, 0], [0, 0, 1, 1]]","[71, 39, 69]"
SOURCE,a96dda4d089bc9145978c0409bb73792ce0dd168aa15f46479bbf0eb0ed86a92,9f9a3ddb43adf073db8fcda64dceb4e8,cross_series,IMAGE_CUE_FRESH,sum4,0,1,0.0,1.0,center,False,True,False,36,"[58, 41, 10, 9]","[22, 41, 10, 9]","[[1, 1, 0, 0], [1, 0, 1, 0], [1, 0, 0, 1]]","[63, 32, 31]"
SOURCE,cb98bf948b10842d437317843effba006c35e5dbdf8e4cafa1328ebc319b0f89,98d14099066a27f28cad2650709fb273,trend,SYMBOLIC_FRESH,range4,2,3,,,trend,True,False,True,24,"[38, 30, 46, 14]","[38, 30, 22, 14]","[[1, -2, 1, 0], [0, 1, -2, 1]]","[0, 0]"
SOURCE,f85ce5f37abf3785996c3847f05ae3f30714f2dbfd71cd536507899843cdc503,00815d9e7ed10b3926ae1b61cc2af9bb,trend,IMAGE_CUE_FRESH,range4,2,3,,,trend,True,False,True,47,"[25, 26, 74, 28]","[25, 26, 27, 28]","[[1, -2, 1, 0], [0, 1, -2, 1]]","[0, 0]"
SOURCE,a9cd6fe9895386270695ed2f781ce59e57f51f8f494e9ac0c5925407320051b2,e54653b4a94e8c18bfbfb3c28b9538a5,duplicate_encoding,SYMBOLIC_FRESH,sum4,2,3,,,duplicate_encoding,True,True,True,41,"[32, 49, 63, 48]","[32, 49, 22, 48]","[[0, 0, 1, 0]]",[22]
SOURCE,4d9346be55db2835d84e6c0f4f9535e38583db800ccb88965a6d409f2afd265b,28e02fae827bf37e6871a52903a94ccf,duplicate_encoding,IMAGE_CUE_FRESH,difference_pairs,3,4,,,duplicate_encoding,True,True,True,22,"[39, 14, 43, 27]","[39, 14, 43, 5]","[[0, 0, 0, 1]]",[5]
SOURCE,b7aa3c3466b63561e7ec7791b4862f61497d5b53e4ee3e34acf3fbd718312096,aae326fbac76ae127211723e213ce5d6,cross_series,SYMBOLIC_FRESH,sum4,1,2,3.0,4.0,leaf,False,True,True,41,"[29, 58, 34, 7]","[29, 17, 34, 7]","[[1, 0, 0, 1], [0, 1, 0, 1], [0, 0, 1, 1]]","[36, 24, 41]"
SOURCE,e550b9f4e5232d923c3efdeada821f4adbebb808dda7a92fa0c2a53b4f23138e,90b8e100ed2dd5a288b190b780d85c99,cross_series,IMAGE_CUE_FRESH,sum4,0,1,0.0,1.0,center,False,True,False,54,"[67, 19, 5, 10]","[13, 19, 5, 10]","[[1, 1, 0, 0], [1, 0, 1, 0], [1, 0, 0, 1]]","[32, 18, 23]"
SOURCE,08e28d621836a4c06fd5545ca0cdbf9c6fe1268190c259df10f004d54dd26229,b229131e89cacd79d04703f7a3b16329,trend,SYMBOLIC_FRESH,sum4,3,4,,,trend,True,False,True,23,"[33, 23, 13, 26]","[33, 23, 13, 3]","[[1, -2, 1, 0], [0, 1, -2, 1]]","[0, 0]"
SOURCE,b62e1e4083ee57fb62009c2747fabeb4793746c1b08fd8a3c824f00c1ca64343,f8350dd7789370fc2012680af418a817,trend,IMAGE_CUE_FRESH,difference_pairs,0,1,,,trend,False,True,False,4,"[22, 28, 30, 32]","[26, 28, 30, 32]","[[1, -2, 1, 0], [0, 1, -2, 1]]","[0, 0]"
SOURCE,289287ced28dab99575830b0df5d389c9979a0171b5251e7a55d970baa9c44e4,a0b2d1f4ab0b827d60791e3d69babe5a,duplicate_encoding,SYMBOLIC_FRESH,sum4,0,1,,,duplicate_encoding,True,True,True,13,"[50, 26, 9, 9]","[37, 26, 9, 9]","[[1, 0, 0, 0]]",[37]
SOURCE,72e2222f6196305a8efeb12e50665f64310aaefdcdfda81cb74abf6af7c6f60a,486476a724738863d2c6a9e7d0965f89,duplicate_encoding,IMAGE_CUE_FRESH,range4,2,3,,,duplicate_encoding,True,True,True,27,"[45, 18, 4, 6]","[45, 18, 31, 6]","[[0, 0, 1, 0]]",[31]
SOURCE,62281ad1596ecd7c15bf62ce8d4807a569fda386becb81c5fa631919a670222a,60b82df37e23f4f844a529753368db36,cross_series,SYMBOLIC_FRESH,sum4,2,3,2.0,3.0,center,True,True,True,53,"[30, 18, 57, 21]","[30, 18, 4, 21]","[[1, 0, 1, 0], [0, 1, 1, 0], [0, 0, 1, 1]]","[34, 22, 25]"
SOURCE,9085bb4f2f0a3de665641e2dc92209907e29131469d5f05c89ebc9cc17a50307,54f91110e84e76161fc1fe641334e4b2,cross_series,IMAGE_CUE_FRESH,range4,1,2,2.0,3.0,leaf,False,True,True,8,"[23, 33, 43, 12]","[23, 41, 43, 12]","[[1, 0, 1, 0], [0, 1, 1, 0], [0, 0, 1, 1]]","[66, 84, 55]"
SOURCE,478408abb274bc62fa0a82b496949ad2839f90985d40510cd2a6d8b27bd3cc87,6ee1d0dbb99b56c30af5623e32a9baad,trend,SYMBOLIC_FRESH,difference_pairs,0,1,,,trend,False,True,False,13,"[35, 27, 32, 37]","[22, 27, 32, 37]","[[1, -2, 1, 0], [0, 1, -2, 1]]","[0, 0]"
SOURCE,7f5adc0e03bc95f2cfde5b675c38f9606c8cd553ea41f5c8ea859e6a4daa6f91,99c115ac2368bf1795086fc36dca27a9,trend,IMAGE_CUE_FRESH,difference_pairs,2,3,,,trend,True,False,True,28,"[12, 24, 8, 48]","[12, 24, 36, 48]","[[1, -2, 1, 0], [0, 1, -2, 1]]","[0, 0]"
SOURCE,46c748f571023a465ab274df39368cef82d0701e48ae603b4dcb4dcb920b719d,efddaad24b1a40191f4ac54534750e05,duplicate_encoding,SYMBOLIC_FRESH,sum4,3,4,,,duplicate_encoding,True,True,True,29,"[3, 38, 23, 10]","[3, 38, 23, 39]","[[0, 0, 0, 1]]",[39]
SOURCE,2bda94e7dca9433a34567836e742c4d137ab2f9b32957e821e4893456128945e,a5fe56825fe201fe115db9e86d573462,duplicate_encoding,IMAGE_CUE_FRESH,difference_pairs,3,4,,,duplicate_encoding,True,True,True,79,"[40, 36, 28, 82]","[40, 36, 28, 3]","[[0, 0, 0, 1]]",[3]
SOURCE,dc350fa932f80cdcf1a936e651e5b1bcf15fb8c6c9f1d589f58b04436ccfc02e,0e42a4b935810478445ad33074306dc1,cross_series,SYMBOLIC_FRESH,sum4,0,1,2.0,3.0,leaf,False,True,False,40,"[2, 18, 25, 19]","[42, 18, 25, 19]","[[1, 0, 1, 0], [0, 1, 1, 0], [0, 0, 1, 1]]","[67, 43, 44]"
SOURCE,32ec042c055dca619f4d5760e6bf92ee4af659e96f38b223f1fca7ec02923176,11dfe369261a755a93cb8fe1760662e0,cross_series,IMAGE_CUE_FRESH,sum4,1,2,3.0,4.0,leaf,False,True,True,6,"[9, 43, 7, 44]","[9, 37, 7, 44]","[[1, 0, 0, 1], [0, 1, 0, 1], [0, 0, 1, 1]]","[53, 81, 51]"
SOURCE,756ee546da71abaa5527c2c138eaec1d98bb65265b783765e931a7e3cd6fa3d7,a0a32b0e943ea5344e04b6809121d51c,trend,SYMBOLIC_FRESH,difference_pairs,3,4,,,trend,True,False,True,29,"[31, 34, 37, 11]","[31, 34, 37, 40]","[[1, -2, 1, 0], [0, 1, -2, 1]]","[0, 0]"
SOURCE,8eaacc20c15293b25cfc5f1190a7ba1787d417bcefab7d16be70382a08b4c61b,d3286102baab5b133adf8a4202adfedb,trend,IMAGE_CUE_FRESH,sum4,2,3,,,trend,True,False,True,13,"[6, 12, 5, 24]","[6, 12, 18, 24]","[[1, -2, 1, 0], [0, 1, -2, 1]]","[0, 0]"
SOURCE,12cb791db97a56eb05685fd078737d54f46a8b13f31ee81aa52a8d3062a574cc,c782ed54353c7f2f84db67d07eb19966,duplicate_encoding,SYMBOLIC_FRESH,range4,0,1,,,duplicate_encoding,True,True,True,31,"[73, 19, 15, 32]","[42, 19, 15, 32]","[[1, 0, 0, 0]]",[42]
SOURCE,a8ac78df132bab7365f499147769b5432e5026e3e380e5dca9fc1fb185303a9e,847df5727dfef640bdc31f9edd199df7,duplicate_encoding,IMAGE_CUE_FRESH,sum4,1,2,,,duplicate_encoding,True,True,True,30,"[13, 44, 32, 23]","[13, 14, 32, 23]","[[0, 1, 0, 0]]",[14]
SOURCE,987e25770722f501d2e23e2b92fb93ab0f06fdf326aa13f6a52b90495f367d2d,a2641876e70123d224d8da59ee0be730,cross_series,SYMBOLIC_FRESH,difference_pairs,0,1,3.0,4.0,leaf,False,True,False,66,"[88, 15, 16, 30]","[22, 15, 16, 30]","[[1, 0, 0, 1], [0, 1, 0, 1], [0, 0, 1, 1]]","[52, 45, 46]"
SOURCE,13eff61f457b3b5bd45c96e4b10314589f7e3b43330c7e313a30ba829c51e6a8,0c09bdb1a198785428220417eea02474,cross_series,IMAGE_CUE_FRESH,difference_pairs,1,2,1.0,2.0,center,True,True,True,64,"[31, 64, 19, 7]","[31, 0, 19, 7]","[[1, 1, 0, 0], [0, 1, 1, 0], [0, 1, 0, 1]]","[31, 19, 7]"
SOURCE,c30b3546d191270b314ba86385b4856520911c142e43d0c3888d6b51a3e1b458,9bac0da6b24b58c6b6833a0f3c33901f,trend,SYMBOLIC_FRESH,sum4,3,4,,,trend,True,False,True,40,"[18, 12, 6, 40]","[18, 12, 6, 0]","[[1, -2, 1, 0], [0, 1, -2, 1]]","[0, 0]"
SOURCE,d6dfc278cc21027fb92fc2008ff7a3e929374deff32cdc3a81f2b26868a302b8,a30b607955fe69f47b8bdafb10d0c593,trend,IMAGE_CUE_FRESH,range4,0,1,,,trend,False,True,False,48,"[81, 34, 35, 36]","[33, 34, 35, 36]","[[1, -2, 1, 0], [0, 1, -2, 1]]","[0, 0]"
SOURCE,8ba4c967cf6db4cfeffca8bccb2668a90b9f5f86c3c2f08d0bdadd2b2d49ad5c,2ce94f4ece669346faf822b2a6825c85,duplicate_encoding,SYMBOLIC_FRESH,difference_pairs,3,4,,,duplicate_encoding,True,True,True,28,"[32, 20, 23, 20]","[32, 20, 23, 48]","[[0, 0, 0, 1]]",[48]
SOURCE,b8c7b84453888305c96a18714e4ba1eda2ce14815239296cfc62e6447bd84c1c,b8e17894b8b4c064bbd310aa9e6b0f4e,duplicate_encoding,IMAGE_CUE_FRESH,sum4,3,4,,,duplicate_encoding,True,True,True,16,"[39, 46, 16, 30]","[39, 46, 16, 14]","[[0, 0, 0, 1]]",[14]
SOURCE,21e36b793de506fb39911a3d5e262d8aab9f1cc7ab57758f8fa37c9cd0b7001b,fea61d662595f2c9f9506ab653e832a3,cross_series,SYMBOLIC_FRESH,difference_pairs,1,2,1.0,2.0,center,True,True,True,29,"[15, 47, 26, 36]","[15, 18, 26, 36]","[[1, 1, 0, 0], [0, 1, 1, 0], [0, 1, 0, 1]]","[33, 44, 54]"
SOURCE,bff52d6c96261636595dd37e99c405324f30f56d7012dc03319737626caecee8,259e0bdead1c155e32f5e55b0449e021,cross_series,IMAGE_CUE_FRESH,difference_pairs,2,3,2.0,3.0,center,True,True,True,9,"[2, 46, 44, 26]","[2, 46, 35, 26]","[[1, 0, 1, 0], [0, 1, 1, 0], [0, 0, 1, 1]]","[37, 81, 61]"
SOURCE,c373f16257f9b00d06e3179e4370d0eda1019df16ad73fde69dfb42642d864ca,880310ec9d9d6755125d6f0f3b95e061,trend,SYMBOLIC_FRESH,sum4,0,1,,,trend,False,True,False,43,"[46, 15, 27, 39]","[3, 15, 27, 39]","[[1, -2, 1, 0], [0, 1, -2, 1]]","[0, 0]"
SOURCE,228023b062114641b809ded937404460efd0ce7baba02db0b8ee2af3d64bdd43,3b58126cd0d31739c496feaa02d24c9d,trend,IMAGE_CUE_FRESH,difference_pairs,3,4,,,trend,True,False,True,15,"[38, 33, 28, 38]","[38, 33, 28, 23]","[[1, -2, 1, 0], [0, 1, -2, 1]]","[0, 0]"
SOURCE,eb4b5f8302bca6051310bc767336452d1dd368544e91d0b0e46472bdb6e47ac0,8a7bc3b0a8db026a2bbfa12cb985541f,duplicate_encoding,SYMBOLIC_FRESH,sum4,2,3,,,duplicate_encoding,True,True,True,20,"[43, 29, 27, 48]","[43, 29, 47, 48]","[[0, 0, 1, 0]]",[47]
SOURCE,04c15a90840a8fdd0aa9dae5f722476f490d9fc94d99350a87de16f4a0ea70c7,9675e6c422873256cbb98e280ea1ffcc,duplicate_encoding,IMAGE_CUE_FRESH,sum4,0,1,,,duplicate_encoding,True,True,True,48,"[97, 40, 17, 34]","[49, 40, 17, 34]","[[1, 0, 0, 0]]",[49]
SOURCE,7de84ae85f1cc1c445a1569b7571c061d60e93e5ad5d89fc2ab9c7cd2f79212a,100082790d9b7514657b43428ffb7226,cross_series,SYMBOLIC_FRESH,sum4,3,4,1.0,2.0,leaf,True,False,True,22,"[13, 43, 26, 30]","[13, 43, 26, 8]","[[1, 1, 0, 0], [0, 1, 1, 0], [0, 1, 0, 1]]","[56, 69, 51]"
SOURCE,bb14e75849f532c5d43be8b2a47ca16e41b235665d3b8396b58c690c37ae29b0,b2c1a31b865da8c456c0d5c7e05aeee0,cross_series,IMAGE_CUE_FRESH,sum4,1,2,0.0,1.0,leaf,True,False,True,3,"[20, 44, 35, 2]","[20, 47, 35, 2]","[[1, 1, 0, 0], [1, 0, 1, 0], [1, 0, 0, 1]]","[67, 55, 22]"
SOURCE,d0887b2ae68cda56b0ee9602ac969cc004f23ec36adec8bf116f45e848074f44,71d590650858b5294d56b994b2adb1e0,trend,SYMBOLIC_FRESH,difference_pairs,2,3,,,trend,True,False,True,18,"[21, 22, 5, 24]","[21, 22, 23, 24]","[[1, -2, 1, 0], [0, 1, -2, 1]]","[0, 0]"
SOURCE,dbe70b186b07ee86d007c2365728548463e7c0103927983975f3afe2ae8ecf30,09320b5d1780dac6da186e20fad2de83,trend,IMAGE_CUE_FRESH,range4,0,1,,,trend,False,True,False,30,"[47, 25, 33, 41]","[17, 25, 33, 41]","[[1, -2, 1, 0], [0, 1, -2, 1]]","[0, 0]"
SOURCE,d4f28ad4f086f7c04f871de0b3ba10a388e6ff18241b2ded2361d6ca004bbbd7,71faa2a05f3e37ab5222388f3d1c45b2,duplicate_encoding,SYMBOLIC_FRESH,range4,3,4,,,duplicate_encoding,True,True,True,4,"[38, 5, 0, 15]","[38, 5, 0, 11]","[[0, 0, 0, 1]]",[11]
SOURCE,19ef4d8d8edb6dffb456440612ef3305027172770a291e57471af4b645a230af,1d85d902533d76fa1996ee7b0eb5fe54,duplicate_encoding,IMAGE_CUE_FRESH,sum4,0,1,,,duplicate_encoding,True,True,True,71,"[98, 33, 6, 30]","[27, 33, 6, 30]","[[1, 0, 0, 0]]",[27]
SOURCE,88c0960f1760008e84acaaeaa59b314ef862030ce08a3a7d16804794c86c5cb5,dc0720f7dcfdae9c1f503b88af7e309e,cross_series,SYMBOLIC_FRESH,difference_pairs,3,4,0.0,1.0,leaf,True,False,True,21,"[9, 13, 11, 59]","[9, 13, 11, 38]","[[1, 1, 0, 0], [1, 0, 1, 0], [1, 0, 0, 1]]","[22, 20, 47]"
SOURCE,c6ffccfdf73d52a65e88785e8e1dd22f2771308991471e1f756a04fa9da15057,3f47a975f71a0b0875b54f51ce70f6cd,cross_series,IMAGE_CUE_FRESH,sum4,1,2,3.0,4.0,leaf,False,True,True,18,"[7, 19, 12, 36]","[7, 1, 12, 36]","[[1, 0, 0, 1], [0, 1, 0, 1], [0, 0, 1, 1]]","[43, 37, 48]"
SOURCE,9c3f6a55d48259f39e609353db8c7f384a316d9d626935ee1a79170277656fc1,2fc1217b55e5c1f1f72bc9adf6004570,trend,SYMBOLIC_FRESH,range4,2,3,,,trend,True,False,True,37,"[12, 13, 51, 15]","[12, 13, 14, 15]","[[1, -2, 1, 0], [0, 1, -2, 1]]","[0, 0]"
SOURCE,cf824faf496d7dc6e3f393b3fd4f9b55fc49dbd9343ddf8dc1305eefba69e8b2,a1c65a55132457ab8aee33983d205605,trend,IMAGE_CUE_FRESH,difference_pairs,3,4,,,trend,True,False,True,15,"[1, 12, 23, 19]","[1, 12, 23, 34]","[[1, -2, 1, 0], [0, 1, -2, 1]]","[0, 0]"
SOURCE,7a39cf2b2bbf2645cbb3a0462950fca7ae73436aa3282c1efcc9f5687c28e504,7735ebf1acbbbd1ed33f2f9ee9ad703a,duplicate_encoding,SYMBOLIC_FRESH,range4,0,1,,,duplicate_encoding,True,True,True,77,"[79, 21, 2, 24]","[2, 21, 2, 24]","[[1, 0, 0, 0]]",[2]
SOURCE,3b6d4886062eb07f6c9711c744997dd4aaf0bc6b015dd3db3aac1a0210f70920,86e8060701715d4094a08652b3f5d5af,duplicate_encoding,IMAGE_CUE_FRESH,difference_pairs,0,1,,,duplicate_encoding,True,True,True,29,"[0, 16, 37, 33]","[29, 16, 37, 33]","[[1, 0, 0, 0]]",[29]
SOURCE,3218b42e34ce15ba20ed61dbf6823571a9211ccfda7df1908b1dd697722fc8aa,2a1d383a5e014be2bc61d0286eff80e2,cross_series,SYMBOLIC_FRESH,difference_pairs,3,4,1.0,2.0,leaf,True,False,True,48,"[4, 8, 23, 64]","[4, 8, 23, 16]","[[1, 1, 0, 0], [0, 1, 1, 0], [0, 1, 0, 1]]","[12, 31, 24]"
SOURCE,bc556fa86785b5443e0d922ea0b5579f8c5b0bb89d194dce4217805cecf80f98,dfdb8cb43963646ef75770c86565c77b,cross_series,IMAGE_CUE_FRESH,range4,1,2,1.0,2.0,center,True,True,True,27,"[15, 63, 46, 15]","[15, 36, 46, 15]","[[1, 1, 0, 0], [0, 1, 1, 0], [0, 1, 0, 1]]","[51, 82, 51]"
SOURCE,97f45ed997afb67c2a1fe80240d4aee7a42b8b380faa98dad45f64aa271d10e0,00db0d015753357607efff091b5f83e8,trend,SYMBOLIC_FRESH,difference_pairs,0,1,,,trend,False,True,False,23,"[40, 14, 11, 8]","[17, 14, 11, 8]","[[1, -2, 1, 0], [0, 1, -2, 1]]","[0, 0]"
SOURCE,eb46ae7fcf95bc1dbbf31102055c4b3c1c0e3dd1c8bf16f2993c7b6f0a271949,8807769d7825f2d1a855f17f0ad953c7,trend,IMAGE_CUE_FRESH,difference_pairs,2,3,,,trend,True,False,True,31,"[16, 17, 49, 19]","[16, 17, 18, 19]","[[1, -2, 1, 0], [0, 1, -2, 1]]","[0, 0]"
SOURCE,42e33718138ce4491126eed15ada6e90a2b0517b96a0efb838704e916a536f8e,1340d27e527c794e487b0a010e5a8aae,duplicate_encoding,SYMBOLIC_FRESH,difference_pairs,1,2,,,duplicate_encoding,True,True,True,7,"[8, 26, 48, 18]","[8, 33, 48, 18]","[[0, 1, 0, 0]]",[33]
SOURCE,baf28b86672b0164e5d2fe30f5c1fbbdac1c638ed3195b75f7fd167157bab252,8cf0798727ca6c0e39a5ee013f950329,duplicate_encoding,IMAGE_CUE_FRESH,difference_pairs,0,1,,,duplicate_encoding,True,True,True,71,"[82, 32, 21, 45]","[11, 32, 21, 45]","[[1, 0, 0, 0]]",[11]
SOURCE,8821224c031e52dd1ca60eb1150a7907d71e6856043300cbdfd72f0d077a7606,205683c15ec3cb914d05e6a6267b4f59,cross_series,SYMBOLIC_FRESH,range4,2,3,2.0,3.0,center,True,True,True,25,"[13, 3, 12, 19]","[13, 3, 37, 19]","[[1, 0, 1, 0], [0, 1, 1, 0], [0, 0, 1, 1]]","[50, 40, 56]"
SOURCE,b9ce587ee0223cff8cb04e894adf9caced006fff2f4dbaa4e9004cd36c4086fa,80216a06a15b21378531e09b3cd2e175,cross_series,IMAGE_CUE_FRESH,sum4,0,1,1.0,2.0,leaf,False,True,False,66,"[74, 10, 12, 33]","[8, 10, 12, 33]","[[1, 1, 0, 0], [0, 1, 1, 0], [0, 1, 0, 1]]","[18, 22, 43]"
SOURCE,1ce2c0c829178a777d8d4d19f342333043188a603f8256639890b1994aa699cd,68e0c26ed2109c680e4a9aaf51a6ecfa,trend,SYMBOLIC_FRESH,difference_pairs,3,4,,,trend,True,False,True,25,"[43, 40, 37, 9]","[43, 40, 37, 34]","[[1, -2, 1, 0], [0, 1, -2, 1]]","[0, 0]"
SOURCE,6831af756cfcbffe945ec7dce8f988589998adb160324adb81b98a475cd41d27,15d468a2dd282840e67aa97fa538d3eb,trend,IMAGE_CUE_FRESH,difference_pairs,1,2,,,trend,False,True,False,12,"[36, 18, 24, 18]","[36, 30, 24, 18]","[[1, -2, 1, 0], [0, 1, -2, 1]]","[0, 0]"
SOURCE,1070f1da42f3ff1880020978e8f707794c873e3fc998a43e6a4136d734a9bf1a,f483d77f5f20ca21cbbb30ccbe6361e4,duplicate_encoding,SYMBOLIC_FRESH,sum4,1,2,,,duplicate_encoding,True,True,True,35,"[17, 44, 27, 5]","[17, 9, 27, 5]","[[0, 1, 0, 0]]",[9]
SOURCE,08d62dd355e5f216d861f3c45e1a6bda1278d00f6526225f1e2976034b12c965,18dc6be6b547b964928da741dc9c0c8b,duplicate_encoding,IMAGE_CUE_FRESH,difference_pairs,1,2,,,duplicate_encoding,True,True,True,59,"[2, 90, 12, 7]","[2, 31, 12, 7]","[[0, 1, 0, 0]]",[31]
SOURCE,dedbd5b52f0dc741a59660b938909d8914389174cd5bd438228f2dc6bc707ea2,1ccf736282a0217ce7d8bf21432e9d28,cross_series,SYMBOLIC_FRESH,range4,1,2,1.0,2.0,center,True,True,True,13,"[32, 50, 5, 5]","[32, 37, 5, 5]","[[1, 1, 0, 0], [0, 1, 1, 0], [0, 1, 0, 1]]","[69, 42, 42]"
SOURCE,b09896fad5c610a0ae8d0680e5515c4cca318a041f92e612d85eebd8b3ca5bea,9e96855e21d12ccae7547e36cffaa898,cross_series,IMAGE_CUE_FRESH,sum4,3,4,0.0,1.0,leaf,True,False,True,88,"[10, 4, 16, 98]","[10, 4, 16, 10]","[[1, 1, 0, 0], [1, 0, 1, 0], [1, 0, 0, 1]]","[14, 26, 20]"
SOURCE,79e7846ac5478c6d3e0173d9d123d06c1097a8435f9ddcf7116a2db3507d05a3,b1a1cf4115261d448bc6f2988e68b8e9,trend,SYMBOLIC_FRESH,sum4,0,1,,,trend,False,True,False,17,"[47, 24, 18, 12]","[30, 24, 18, 12]","[[1, -2, 1, 0], [0, 1, -2, 1]]","[0, 0]"
SOURCE,a4872cb8760154de8f88b31def0477873385aa199783b6b1d597bfd435a75cf0,d173df27caa19ccb21646dd2bf87d43b,trend,IMAGE_CUE_FRESH,sum4,2,3,,,trend,True,False,True,78,"[43, 31, 97, 7]","[43, 31, 19, 7]","[[1, -2, 1, 0], [0, 1, -2, 1]]","[0, 0]"
SOURCE,40f61ad82b05ec8a8e220251198ad4c064bca85f76167bff2f4ca2241ba6f8ab,52bd63618ee30c39438696178347a328,duplicate_encoding,SYMBOLIC_FRESH,range4,1,2,,,duplicate_encoding,True,True,True,14,"[23, 10, 39, 28]","[23, 24, 39, 28]","[[0, 1, 0, 0]]",[24]
SOURCE,53d8a771266da0ecee2f8748e8e8e13163b9d502e26b4160ca461c10d9cd35ba,cda71e561dbdaa54aa92b253a407c914,duplicate_encoding,IMAGE_CUE_FRESH,sum4,3,4,,,duplicate_encoding,True,True,True,19,"[28, 28, 21, 30]","[28, 28, 21, 49]","[[0, 0, 0, 1]]",[49]
SOURCE,d97ce1dd409911540cf3c18ac6889d86214116802a7276727f1b80282bdad420,a5c5a4133c824a4813ecc96bc00cfe6f,cross_series,SYMBOLIC_FRESH,sum4,1,2,2.0,3.0,leaf,False,True,True,43,"[29, 71, 13, 21]","[29, 28, 13, 21]","[[1, 0, 1, 0], [0, 1, 1, 0], [0, 0, 1, 1]]","[42, 41, 34]"
SOURCE,dfd977f4b8b56ae25e7fea903dde452cfe93d801e81db6dad83e771695a00b2b,082a4ff6c5b387c802b39daff08260a1,cross_series,IMAGE_CUE_FRESH,difference_pairs,0,1,1.0,2.0,leaf,False,True,False,7,"[16, 36, 44, 32]","[23, 36, 44, 32]","[[1, 1, 0, 0], [0, 1, 1, 0], [0, 1, 0, 1]]","[59, 80, 68]"
SOURCE,f1c4258720903d7450785e99588951d4530053af14cb8845cdce75ee094ce312,4c16902807b7a440891edba6bbe06fb8,trend,SYMBOLIC_FRESH,difference_pairs,0,1,,,trend,False,True,False,65,"[68, 17, 31, 45]","[3, 17, 31, 45]","[[1, -2, 1, 0], [0, 1, -2, 1]]","[0, 0]"
SOURCE,0800beaffb98fb13336d11995e754213a4747b880ff90dfaef29b9494f995f2f,86ff7933a202147b9b7b1eea1f4b3967,trend,IMAGE_CUE_FRESH,sum4,1,2,,,trend,False,True,False,13,"[37, 46, 29, 25]","[37, 33, 29, 25]","[[1, -2, 1, 0], [0, 1, -2, 1]]","[0, 0]"
SOURCE,e50ed81f080a3e2c15f45e6dab197370444bf6542e21d341a8d41c6d5062d175,2ff4b96628d821b2c54f6944c0113a99,duplicate_encoding,SYMBOLIC_FRESH,range4,2,3,,,duplicate_encoding,True,True,True,61,"[13, 4, 64, 27]","[13, 4, 3, 27]","[[0, 0, 1, 0]]",[3]
SOURCE,e00cfdaf918127c780c874b1bf14cdac5ba559e383fc6955915e674d7186d48e,641d7683f3df82e6145f2510af02ff28,duplicate_encoding,IMAGE_CUE_FRESH,difference_pairs,1,2,,,duplicate_encoding,True,True,True,49,"[47, 88, 3, 16]","[47, 39, 3, 16]","[[0, 1, 0, 0]]",[39]
SOURCE,406007c9dadc71b5c56e4097bbec468a8b905e2879024716ad44ca6302d845ed,17a66a3d1a9e45d24143bf6ab8c93b0c,cross_series,SYMBOLIC_FRESH,difference_pairs,1,2,0.0,1.0,leaf,True,False,True,9,"[47, 51, 29, 37]","[47, 42, 29, 37]","[[1, 1, 0, 0], [1, 0, 1, 0], [1, 0, 0, 1]]","[89, 76, 84]"
SOURCE,d5fa2d257e9eabda9d46e54be3a5e46345e40bf082b3dc91911cea0be543a991,38ea70b30605410520f006b4b6e3f572,cross_series,IMAGE_CUE_FRESH,range4,0,1,2.0,3.0,leaf,False,True,False,22,"[39, 9, 48, 47]","[17, 9, 48, 47]","[[1, 0, 1, 0], [0, 1, 1, 0], [0, 0, 1, 1]]","[65, 57, 95]"
SOURCE,8090b5076c7f86f9d83e65ccd398c1b929318e582700e76fabf8749320b820b2,767f095bdf93b9bb3c6a0d7d1cf0dd66,trend,SYMBOLIC_FRESH,range4,0,1,,,trend,False,True,False,14,"[16, 20, 10, 0]","[30, 20, 10, 0]","[[1, -2, 1, 0], [0, 1, -2, 1]]","[0, 0]"
SOURCE,1035081d85cba498c1e0ca2a44f06783ee8cc8756284bfb69cf7d4fc1abd80c7,d9c567da85dcb7351db93a13c56b0e82,trend,IMAGE_CUE_FRESH,range4,1,2,,,trend,False,True,False,45,"[15, 56, 7, 3]","[15, 11, 7, 3]","[[1, -2, 1, 0], [0, 1, -2, 1]]","[0, 0]"
SOURCE,c16d93c4d1cc1572308a6257f5940e4d291e450f751c29a846c692ca878b5380,1a8d7910b8be4881bc9aa7c180ed9ef3,duplicate_encoding,SYMBOLIC_FRESH,difference_pairs,3,4,,,duplicate_encoding,True,True,True,32,"[18, 7, 20, 63]","[18, 7, 20, 31]","[[0, 0, 0, 1]]",[31]
SOURCE,ba0098a2806ee7791208a5c10c2b5191a1f6e21d40fa1e5125e91892f415c665,5908faab2947927c1d2232b97f85bd33,duplicate_encoding,IMAGE_CUE_FRESH,difference_pairs,2,3,,,duplicate_encoding,True,True,True,53,"[36, 6, 92, 45]","[36, 6, 39, 45]","[[0, 0, 1, 0]]",[39]
SOURCE,8a9373141c230ae433978adbb51f16404dbbf5fe4037462e06d4c0cd6446add8,65cbe820997667a45696d63d191285bd,cross_series,SYMBOLIC_FRESH,range4,3,4,2.0,3.0,leaf,True,False,True,5,"[49, 21, 31, 49]","[49, 21, 31, 44]","[[1, 0, 1, 0], [0, 1, 1, 0], [0, 0, 1, 1]]","[80, 52, 75]"
SOURCE,a215b5c62f71565ba759175a623cea37893d8e353503f06d9beb7888b79068bb,29321c7346b6c6a18d94dfe4d35ce928,cross_series,IMAGE_CUE_FRESH,difference_pairs,3,4,1.0,2.0,leaf,True,False,True,38,"[38, 38, 32, 61]","[38, 38, 32, 23]","[[1, 1, 0, 0], [0, 1, 1, 0], [0, 1, 0, 1]]","[76, 70, 61]"
SOURCE,ebfc8232acb9c93ac38cf307fd264a6e37701beab0923a969834c7d5fa05d1c0,3d271ceaa2427aa943c50538f0fa962c,trend,SYMBOLIC_FRESH,difference_pairs,0,1,,,trend,False,True,False,59,"[66, 21, 35, 49]","[7, 21, 35, 49]","[[1, -2, 1, 0], [0, 1, -2, 1]]","[0, 0]"
SOURCE,ae430ac298ff1d7061f62c3c60e2615dcfb34a38c9f7dc4c5fdcd1294dcfe39b,b29e4c76d2e498470337f6cb75cce36a,trend,IMAGE_CUE_FRESH,range4,0,1,,,trend,False,True,False,35,"[5, 39, 38, 37]","[40, 39, 38, 37]","[[1, -2, 1, 0], [0, 1, -2, 1]]","[0, 0]"
SOURCE,809ab7f5dd8ee1bf64b6fda85e1069daed67a3f4f3af69d2e6e5a9db22493ce1,72687c3edb12dc63e2761ee6e08fbc61,duplicate_encoding,SYMBOLIC_FRESH,sum4,3,4,,,duplicate_encoding,True,True,True,23,"[3, 47, 7, 57]","[3, 47, 7, 34]","[[0, 0, 0, 1]]",[34]
SOURCE,56e59f17664a8bb83629a76f3e63b31fc2362540d3546e90d3a33cd30b1c3f5d,8c15c32ab7103b1f3872c245d798e743,duplicate_encoding,IMAGE_CUE_FRESH,range4,3,4,,,duplicate_encoding,True,True,True,52,"[31, 26, 25, 79]","[31, 26, 25, 27]","[[0, 0, 0, 1]]",[27]
SOURCE,4a57b37c42c8b9c001975f527c45af79e16e89d9ea1b4ef5e9c798d1502b6a5a,4b443fa267c61603ca00526da327bf0f,cross_series,SYMBOLIC_FRESH,range4,2,3,2.0,3.0,center,True,True,True,61,"[9, 2, 70, 22]","[9, 2, 9, 22]","[[1, 0, 1, 0], [0, 1, 1, 0], [0, 0, 1, 1]]","[18, 11, 31]"
SOURCE,9885500f04dcb3488f3d8f1ef3405e8024439c919331b82ba949fdadf7948be9,f8c50ea367ef29ed90c2ae31175ce33e,cross_series,IMAGE_CUE_FRESH,range4,3,4,3.0,4.0,center,True,False,True,3,"[41, 46, 30, 43]","[41, 46, 30, 40]","[[1, 0, 0, 1], [0, 1, 0, 1], [0, 0, 1, 1]]","[81, 86, 70]"
SOURCE,7afe33684bd34c990c510afa91e8c229ca501fa40d94bfc1e7da4d0ec1a1886b,9e0785730efbf3239bac6b5d9135e084,trend,SYMBOLIC_FRESH,difference_pairs,0,1,,,trend,False,True,False,82,"[83, 14, 27, 40]","[1, 14, 27, 40]","[[1, -2, 1, 0], [0, 1, -2, 1]]","[0, 0]"
SOURCE,8e8208673e19fabebb308cd81e68fa62e046e0ae5886e6202d4693ad4ab54613,326e73ed67494171b6ac79a672701f63,trend,IMAGE_CUE_FRESH,difference_pairs,1,2,,,trend,False,True,False,35,"[24, 56, 18, 15]","[24, 21, 18, 15]","[[1, -2, 1, 0], [0, 1, -2, 1]]","[0, 0]"
SOURCE,38b33446638d2770a6a796b48a63db6d2092032b1b6686fb56bc348b651c5c20,4f7898a052393e4f97d07ac752753414,duplicate_encoding,SYMBOLIC_FRESH,sum4,2,3,,,duplicate_encoding,True,True,True,33,"[3, 10, 72, 11]","[3, 10, 39, 11]","[[0, 0, 1, 0]]",[39]
SOURCE,d2322a26d7b6263a0be147ae108920e8801334a6e76a522f54add7abed207854,e150d1d9346407d8fe7e77dcf9f054a8,duplicate_encoding,IMAGE_CUE_FRESH,difference_pairs,1,2,,,duplicate_encoding,True,True,True,68,"[20, 82, 44, 1]","[20, 14, 44, 1]","[[0, 1, 0, 0]]",[14]
SOURCE,06f6cc68d39da02c316aef187852b816a9bbb9ea1b1e955eadb5b385dcfe224f,92475e21cdc25d314398a8f7394b6253,cross_series,SYMBOLIC_FRESH,sum4,2,3,3.0,4.0,leaf,False,True,True,31,"[29, 42, 55, 2]","[29, 42, 24, 2]","[[1, 0, 0, 1], [0, 1, 0, 1], [0, 0, 1, 1]]","[31, 44, 26]"
SOURCE,9c1f7add8aa52f1a4a5ae46d554af4080db2a063625cc6aa5e2bcc5f20db7334,e340620662935361111f7159810fcc23,cross_series,IMAGE_CUE_FRESH,difference_pairs,3,4,0.0,1.0,leaf,True,False,True,70,"[14, 48, 8, 72]","[14, 48, 8, 2]","[[1, 1, 0, 0], [1, 0, 1, 0], [1, 0, 0, 1]]","[62, 22, 16]"
SOURCE,03b5f82e15d255b7364f3a6026e009e0344ef48518231fc67dea716fa1d57a2b,8e284658dcaa01903541fdb3209807f0,trend,SYMBOLIC_FRESH,sum4,0,1,,,trend,False,True,False,34,"[71, 34, 31, 28]","[37, 34, 31, 28]","[[1, -2, 1, 0], [0, 1, -2, 1]]","[0, 0]"
SOURCE,a5b9f9e856bceb1cfe895b1c1a6efc65397dfc3d6e08ba56b12a94bddb2312ed,823a379ec50440c79798576f5103b6ad,trend,IMAGE_CUE_FRESH,difference_pairs,3,4,,,trend,True,False,True,13,"[12, 21, 30, 26]","[12, 21, 30, 39]","[[1, -2, 1, 0], [0, 1, -2, 1]]","[0, 0]"
SOURCE,9b88c384d2e77d1bdb4e50f49428441e7c9a9228ad9179ff0ad85df26fc603f8,03e69ee7bb9b9354f0c1c93a2a400b8f,duplicate_encoding,SYMBOLIC_FRESH,difference_pairs,1,2,,,duplicate_encoding,True,True,True,45,"[13, 71, 24, 6]","[13, 26, 24, 6]","[[0, 1, 0, 0]]",[26]
SOURCE,9fa280f3a2471a5593b1723e5dceeebdbecd6e9674846842b3d6c841c4f03a09,e5e9ad0215478907edff5e172f281a7b,duplicate_encoding,IMAGE_CUE_FRESH,sum4,2,3,,,duplicate_encoding,True,True,True,6,"[20, 20, 24, 43]","[20, 20, 18, 43]","[[0, 0, 1, 0]]",[18]
SOURCE,3069a6f35e6bba616cc111eda09fb51a7ca644683a7a8cd21eb19fad527947d3,55f95f82435d553f2d0b1385fdf0fc43,cross_series,SYMBOLIC_FRESH,range4,3,4,3.0,4.0,center,True,False,True,45,"[31, 24, 3, 67]","[31, 24, 3, 22]","[[1, 0, 0, 1], [0, 1, 0, 1], [0, 0, 1, 1]]","[53, 46, 25]"
SOURCE,009c681f26f462d13d4b7ba2fef5dbeba430c987e96486b66287320d31a88347,8e1086cc8660ab0cc5002be7985fd2ea,cross_series,IMAGE_CUE_FRESH,range4,3,4,0.0,1.0,leaf,True,False,True,18,"[19, 12, 3, 23]","[19, 12, 3, 41]","[[1, 1, 0, 0], [1, 0, 1, 0], [1, 0, 0, 1]]","[31, 22, 60]"
SOURCE,0ed318ff2ac2dba0dcbac34ea595e72a59adec1f7f9cb7f7e09b5c755b9a1aeb,f1eeaeec167a77d16b1f55e99df32b10,trend,SYMBOLIC_FRESH,range4,1,2,,,trend,False,True,False,6,"[13, 8, 15, 16]","[13, 14, 15, 16]","[[1, -2, 1, 0], [0, 1, -2, 1]]","[0, 0]"
SOURCE,0131c54cd5e4dbdbc0ccb319ad183995e3592ce354c82fbcdd8fac8919ad68bf,6d4791f192a73838d6c1e5b18dad1bf9,trend,IMAGE_CUE_FRESH,range4,0,1,,,trend,False,True,False,3,"[9, 5, 4, 3]","[6, 5, 4, 3]","[[1, -2, 1, 0], [0, 1, -2, 1]]","[0, 0]"
SOURCE,72ecb8d78e4e1f0be462bee35507da3d186ab31ab5366f3764fe8a07c598e75e,d5e2ddd5ca830861abc9145957e891c3,duplicate_encoding,SYMBOLIC_FRESH,range4,0,1,,,duplicate_encoding,True,True,True,17,"[53, 11, 39, 17]","[36, 11, 39, 17]","[[1, 0, 0, 0]]",[36]
SOURCE,5f369b50c513c280a5e340b2549305f82f57faea93733708c88687c0673f43bb,79dc472592fb5173f212dbaa9e316886,duplicate_encoding,IMAGE_CUE_FRESH,sum4,3,4,,,duplicate_encoding,True,True,True,35,"[20, 5, 1, 82]","[20, 5, 1, 47]","[[0, 0, 0, 1]]",[47]
SOURCE,74ebfec649642b64e76a70fce6d669c1b9bcc98cb98dc61729da0f075a905ffb,59c5366c6423ecc55b800250730b2e54,cross_series,SYMBOLIC_FRESH,sum4,2,3,1.0,2.0,leaf,True,False,True,65,"[29, 23, 82, 10]","[29, 23, 17, 10]","[[1, 1, 0, 0], [0, 1, 1, 0], [0, 1, 0, 1]]","[52, 40, 33]"
SOURCE,07761fa6f11593d217a3eadaa711ab65f5844007934767418e63d8314e67d63e,8e2dd2dcb5444f7ab318ad601552ac28,cross_series,IMAGE_CUE_FRESH,difference_pairs,3,4,0.0,1.0,leaf,True,False,True,15,"[5, 22, 15, 30]","[5, 22, 15, 45]","[[1, 1, 0, 0], [1, 0, 1, 0], [1, 0, 0, 1]]","[27, 20, 50]"
SOURCE,82ad5b1c8b1ddd6b1cbd7e96a55f1e1a8c2f3a806737eebeb2e5ae86f40479c0,cb23746c9faf3ca76f9034361c7e462e,trend,SYMBOLIC_FRESH,difference_pairs,2,3,,,trend,True,False,True,60,"[40, 35, 90, 25]","[40, 35, 30, 25]","[[1, -2, 1, 0], [0, 1, -2, 1]]","[0, 0]"
SOURCE,e719c771dfd4aed7d836bacb31b69e55b3c05398fdb5f9719d68be148f0e7c4e,1f277e6842565d8689fdbadfb246cfaa,trend,IMAGE_CUE_FRESH,sum4,0,1,,,trend,False,True,False,84,"[89, 13, 21, 29]","[5, 13, 21, 29]","[[1, -2, 1, 0], [0, 1, -2, 1]]","[0, 0]"
SOURCE,ff8283e80fdce8ef2b4d3a322b4b7a205602722193b4884c67ed3735966dfb77,de62420b3e4d7f120bb18e02c5cb9b9b,duplicate_encoding,SYMBOLIC_FRESH,sum4,2,3,,,duplicate_encoding,True,True,True,71,"[18, 36, 88, 14]","[18, 36, 17, 14]","[[0, 0, 1, 0]]",[17]
SOURCE,6334033b89762c3e4979a77e3a2a392a94c015dc533cbffb88c54223ad4a98e5,e0b93153c4ead8a89d1d565cb2d948a9,duplicate_encoding,IMAGE_CUE_FRESH,difference_pairs,3,4,,,duplicate_encoding,True,True,True,17,"[27, 40, 37, 57]","[27, 40, 37, 40]","[[0, 0, 0, 1]]",[40]
SOURCE,3ee902cd4eb228100d22eeb622d8cefc0927a5d592c9948f6bc851026fa86a36,595fe414cf8f2b2eab0ccf558fcf8af9,cross_series,SYMBOLIC_FRESH,sum4,0,1,2.0,3.0,leaf,False,True,False,70,"[78, 47, 30, 47]","[8, 47, 30, 47]","[[1, 0, 1, 0], [0, 1, 1, 0], [0, 0, 1, 1]]","[38, 77, 77]"
SOURCE,3329d471c97443ec3f3377e325248e4a00d9621d623aae2b62a92121cb27c20c,263fea455df524289d29818378fb5726,cross_series,IMAGE_CUE_FRESH,range4,2,3,2.0,3.0,center,True,True,True,18,"[39, 29, 42, 42]","[39, 29, 24, 42]","[[1, 0, 1, 0], [0, 1, 1, 0], [0, 0, 1, 1]]","[63, 53, 66]"
SOURCE,48584d6efd8124c4359425f9b0ba8e7df1e29e398482bf809842d7cb243059fc,e6e6e45b112be2f28360db15d4e418f6,trend,SYMBOLIC_FRESH,sum4,3,4,,,trend,True,False,True,30,"[1, 7, 13, 49]","[1, 7, 13, 19]","[[1, -2, 1, 0], [0, 1, -2, 1]]","[0, 0]"
SOURCE,8e65359c0be2a18cc06b54c0a81a687fe87b3e8f2da628987ac629f0b9aeea2d,c532e249bfe234ca3025b0507fc18a09,trend,IMAGE_CUE_FRESH,difference_pairs,2,3,,,trend,True,False,True,67,"[6, 11, 83, 21]","[6, 11, 16, 21]","[[1, -2, 1, 0], [0, 1, -2, 1]]","[0, 0]"
SOURCE,84ee902f25a57e9448c4c86eae459dcddf2e9d4fa502fa6290640e5dc1bedd65,ebc05bbc36337d93ad4ad2aa76861576,duplicate_encoding,SYMBOLIC_FRESH,sum4,0,1,,,duplicate_encoding,True,True,True,8,"[0, 49, 6, 23]","[8, 49, 6, 23]","[[1, 0, 0, 0]]",[8]
SOURCE,1cbcb9c47435d6a9ea25d7fb37f3382e6bbe15b8d0c64ea2a229ada3c7b006d1,263be4c40ae10e8073031119d71531f4,duplicate_encoding,IMAGE_CUE_FRESH,sum4,3,4,,,duplicate_encoding,True,True,True,27,"[44, 33, 38, 5]","[44, 33, 38, 32]","[[0, 0, 0, 1]]",[32]
SOURCE,48c9274a9dcc754a0f2fee8b208d212ad0fdf7cdc084c6a5bc530ee23122a1e0,d6f0cff96e697f46e098a6b989462c66,cross_series,SYMBOLIC_FRESH,difference_pairs,0,1,3.0,4.0,leaf,False,True,False,12,"[25, 23, 7, 38]","[13, 23, 7, 38]","[[1, 0, 0, 1], [0, 1, 0, 1], [0, 0, 1, 1]]","[51, 61, 45]"
SOURCE,2236e4ca9e283c5ce9cde6bf0b2a06e63d0b28610d4ccc92390496fbcc00c586,55d4550c24ddefcc98d68195b88eff91,cross_series,IMAGE_CUE_FRESH,difference_pairs,3,4,0.0,1.0,leaf,True,False,True,2,"[17, 29, 3, 18]","[17, 29, 3, 16]","[[1, 1, 0, 0], [1, 0, 1, 0], [1, 0, 0, 1]]","[46, 20, 33]"
SOURCE,579a325e711268447cd7a1a3173ca69099ac0f557ac87351256366ea8a42f7e2,4aae21866f0043a6a9b576cdd6ece48b,trend,SYMBOLIC_FRESH,sum4,3,4,,,trend,True,False,True,26,"[0, 16, 32, 74]","[0, 16, 32, 48]","[[1, -2, 1, 0], [0, 1, -2, 1]]","[0, 0]"
SOURCE,5008fe473dca7b4001bb455b20a27003eb7fddb5b02b61874ed3788832e79e01,e4c73be6dbb6e6452542451ced263073,trend,IMAGE_CUE_FRESH,range4,0,1,,,trend,False,True,False,40,"[63, 24, 25, 26]","[23, 24, 25, 26]","[[1, -2, 1, 0], [0, 1, -2, 1]]","[0, 0]"
SOURCE,f3797de33af172f58c1a4a00e0166ee72696707d9816c80bb71699067a5e311f,d7e939dbb81c47d396247d6ce7508c3b,duplicate_encoding,SYMBOLIC_FRESH,sum4,1,2,,,duplicate_encoding,True,True,True,33,"[31, 79, 38, 9]","[31, 46, 38, 9]","[[0, 1, 0, 0]]",[46]
SOURCE,a206c5c67a37a93403d2a07305f1e434a93d191546c6401fa64280a86c807400,5a540c3cb6bf29d3c0fae68c2a1ceb68,duplicate_encoding,IMAGE_CUE_FRESH,difference_pairs,3,4,,,duplicate_encoding,True,True,True,43,"[24, 23, 2, 46]","[24, 23, 2, 3]","[[0, 0, 0, 1]]",[3]
SOURCE,03963cbe09dc5c674e6e0ce46f00eb8d63415230a4110279e1bfe494af14667b,c970e17f209992a1d4a3edb2aab6120d,cross_series,SYMBOLIC_FRESH,sum4,1,2,1.0,2.0,center,True,True,True,42,"[26, 57, 36, 10]","[26, 15, 36, 10]","[[1, 1, 0, 0], [0, 1, 1, 0], [0, 1, 0, 1]]","[41, 51, 25]"
SOURCE,ab5c66daec220850a15505824e34ade84941d2a8aeb61de3bf4e3df44b914c70,77d58a43776e90a920e691433708d50a,cross_series,IMAGE_CUE_FRESH,difference_pairs,3,4,1.0,2.0,leaf,True,False,True,20,"[38, 14, 42, 36]","[38, 14, 42, 16]","[[1, 1, 0, 0], [0, 1, 1, 0], [0, 1, 0, 1]]","[52, 56, 30]"
SOURCE,0411fb8e7d97ef71eb746c22880bcbd83f5b73c04095b634fd6ab5ea595e8b26,0ecba9b5f577fa26b648fee8f1c60bab,trend,SYMBOLIC_FRESH,range4,1,2,,,trend,False,True,False,48,"[39, 81, 27, 21]","[39, 33, 27, 21]","[[1, -2, 1, 0], [0, 1, -2, 1]]","[0, 0]"
SOURCE,c09c12bd8c002a14a60a705f421fa86e7793507451780f66d06b3786f1c0fa21,c127c668b07ce730fd99e6c0754d1e78,trend,IMAGE_CUE_FRESH,sum4,0,1,,,trend,False,True,False,8,"[19, 23, 35, 47]","[11, 23, 35, 47]","[[1, -2, 1, 0], [0, 1, -2, 1]]","[0, 0]"
SOURCE,632b3db0d9d1c4646eb481429657b6127ed6dd6fc53fa5cf27edc7665144bffc,7794d20188e661ed70720543b3603635,duplicate_encoding,SYMBOLIC_FRESH,range4,3,4,,,duplicate_encoding,True,True,True,3,"[12, 33, 31, 23]","[12, 33, 31, 20]","[[0, 0, 0, 1]]",[20]
SOURCE,8409d1e7e65f6c7aae3b64a4de9723bee1614e03d1067392509b0cb5f0d726f1,5a901f4f283f5b529ee7e9625ba67ffb,duplicate_encoding,IMAGE_CUE_FRESH,sum4,0,1,,,duplicate_encoding,True,True,True,65,"[86, 8, 4, 37]","[21, 8, 4, 37]","[[1, 0, 0, 0]]",[21]
SOURCE,b06a1f0b0272992cfd35ca890457aa816071e3899ea72a20b581af0217fe1c51,e10c7c346a2358a267c0a137db0eb6c2,cross_series,SYMBOLIC_FRESH,difference_pairs,2,3,1.0,2.0,leaf,True,False,True,61,"[40, 0, 85, 28]","[40, 0, 24, 28]","[[1, 1, 0, 0], [0, 1, 1, 0], [0, 1, 0, 1]]","[40, 24, 28]"
SOURCE,9ad7e9ac6810cacd74453284ca67abbcaa177cd92fb7afa484c5681a9a09c335,d0718a915e8fb99467b83d712e5eada0,cross_series,IMAGE_CUE_FRESH,sum4,1,2,1.0,2.0,center,True,True,True,39,"[20, 43, 43, 2]","[20, 4, 43, 2]","[[1, 1, 0, 0], [0, 1, 1, 0], [0, 1, 0, 1]]","[24, 47, 6]"
SOURCE,79e2cd2dd0eb9d6adc214c3d83c3c0891cf13a783b2c6da5aede82df375271d9,ebc139dd4dae2ffed45c47f1c8c59bc6,trend,SYMBOLIC_FRESH,range4,2,3,,,trend,True,False,True,59,"[6, 7, 67, 9]","[6, 7, 8, 9]","[[1, -2, 1, 0], [0, 1, -2, 1]]","[0, 0]"
SOURCE,944e15a9eb7381eb28257edb9f94f3d9df4171c420757badddd97c65d1af1226,fee07a2a5d946765bc120ddc06d943f7,trend,IMAGE_CUE_FRESH,range4,0,1,,,trend,False,True,False,34,"[37, 9, 15, 21]","[3, 9, 15, 21]","[[1, -2, 1, 0], [0, 1, -2, 1]]","[0, 0]"
SOURCE,876f0748e643cee97795aca50827215e0db2217b176e6a8c593b5038b7186144,1e6a156ad994864db2bbae04ae565c04,duplicate_encoding,SYMBOLIC_FRESH,sum4,2,3,,,duplicate_encoding,True,True,True,17,"[8, 33, 62, 5]","[8, 33, 45, 5]","[[0, 0, 1, 0]]",[45]
SOURCE,424c828a61178497af511a08f22d319fc6fb2a31aac7c75e21918ebf0316a45b,91f1e8e35c4f18f2f11a01574db4f6c5,duplicate_encoding,IMAGE_CUE_FRESH,range4,2,3,,,duplicate_encoding,True,True,True,11,"[23, 35, 31, 46]","[23, 35, 20, 46]","[[0, 0, 1, 0]]",[20]
SOURCE,e5c634a4ebc0c7cb3dd54f1e0e8013890e3640ef52e2cfdcffc5859ae44c18d0,270cb1a7521edfad4f81054e092cc0cd,cross_series,SYMBOLIC_FRESH,range4,0,1,3.0,4.0,leaf,False,True,False,41,"[90, 17, 29, 47]","[49, 17, 29, 47]","[[1, 0, 0, 1], [0, 1, 0, 1], [0, 0, 1, 1]]","[96, 64, 76]"
SOURCE,3e5ad7caa6af4053c8218dd0758e47c67f8788446ba896c35891a34682bde697,3886dbf63624a2b3475a1d8aeadef564,cross_series,IMAGE_CUE_FRESH,range4,3,4,3.0,4.0,center,True,False,True,36,"[40, 16, 20, 12]","[40, 16, 20, 48]","[[1, 0, 0, 1], [0, 1, 0, 1], [0, 0, 1, 1]]","[88, 64, 68]"
SOURCE,b6b139e2c174fc33b67970956f957b03458264db27d1e3ec814793452a49e6af,79952d44328a01c68bb3aa564fca864f,trend,SYMBOLIC_FRESH,sum4,3,4,,,trend,True,False,True,12,"[45, 36, 27, 6]","[45, 36, 27, 18]","[[1, -2, 1, 0], [0, 1, -2, 1]]","[0, 0]"
SOURCE,85cef1c7740bd00bbffb238391fcdb075bea40727d0ea6ff3d7e600c3b868029,6ff6a40ce251ada5cea816ab260e2b74,trend,IMAGE_CUE_FRESH,difference_pairs,2,3,,,trend,True,False,True,5,"[27, 21, 20, 9]","[27, 21, 15, 9]","[[1, -2, 1, 0], [0, 1, -2, 1]]","[0, 0]"
SOURCE,ea558e8c23a5ae9fe8d847c994988733030d3489a3925d1843d0a83f77a421a3,b5ca50bac9170e3e8a05b5ec270282f2,duplicate_encoding,SYMBOLIC_FRESH,difference_pairs,0,1,,,duplicate_encoding,True,True,True,6,"[3, 32, 24, 8]","[9, 32, 24, 8]","[[1, 0, 0, 0]]",[9]
SOURCE,1c22a8e6f8068b724608471b09d1feb2d89ba2b15ca55884be4a9ae1ba0191fa,ebdc7452f3bd7a24479624522cd96db2,duplicate_encoding,IMAGE_CUE_FRESH,difference_pairs,1,2,,,duplicate_encoding,True,True,True,27,"[15, 2, 49, 28]","[15, 29, 49, 28]","[[0, 1, 0, 0]]",[29]
SOURCE,ec0eef6f819dab1529a61a746f4d4eee1b01b342b50388e7b5bdfae90c1b0c8c,d480d261d2a1155c109c593aae29d039,cross_series,SYMBOLIC_FRESH,range4,3,4,1.0,2.0,leaf,True,False,True,5,"[48, 9, 14, 18]","[48, 9, 14, 23]","[[1, 1, 0, 0], [0, 1, 1, 0], [0, 1, 0, 1]]","[57, 23, 32]"
SOURCE,c5575e9ccc148a916a9684dd8f3a6fa47bc370ef0bc768e6ccb08ed5cbf1cdff,4b50863453351c17a6ff44209df76185,cross_series,IMAGE_CUE_FRESH,sum4,2,3,2.0,3.0,center,True,True,True,6,"[21, 38, 51, 6]","[21, 38, 45, 6]","[[1, 0, 1, 0], [0, 1, 1, 0], [0, 0, 1, 1]]","[66, 83, 51]"
SOURCE,ee564aa9ca5ae9829124ad208afc7b67c62a6327033e3ded189e15c93738c6a2,dca192f13e6887cabee97d4e12d12cdc,trend,SYMBOLIC_FRESH,sum4,3,4,,,trend,True,False,True,70,"[26, 19, 12, 75]","[26, 19, 12, 5]","[[1, -2, 1, 0], [0, 1, -2, 1]]","[0, 0]"
SOURCE,2c14411db51a744688f06858e5d5c14b294f8a581f65bf561072552132da2f38,de31e75a495b36a83ff2459329dbf6ec,trend,IMAGE_CUE_FRESH,difference_pairs,2,3,,,trend,True,False,True,2,"[4, 17, 28, 43]","[4, 17, 30, 43]","[[1, -2, 1, 0], [0, 1, -2, 1]]","[0, 0]"
SOURCE,5a84721cd6c73e5294b1201b7784abdd249db785407e83c4c066fa4253a4c352,45dccaa1e39c80b7a368438c31970275,duplicate_encoding,SYMBOLIC_FRESH,range4,1,2,,,duplicate_encoding,True,True,True,66,"[28, 93, 3, 29]","[28, 27, 3, 29]","[[0, 1, 0, 0]]",[27]
SOURCE,2a90ad9ceec5ea94d0f122d807da58a7eb2827a49a8bace162b4f1aebbcb7039,fa5c08f17c78d73b3db3f7ed2aa65545,duplicate_encoding,IMAGE_CUE_FRESH,difference_pairs,3,4,,,duplicate_encoding,True,True,True,44,"[42, 23, 47, 66]","[42, 23, 47, 22]","[[0, 0, 0, 1]]",[22]
SOURCE,06f9cfe55e2418e56b2e26a33e5c9ffb0e5cf4882980d40253999343e13ac7d7,c81f7dadf84f69f4f984cf8bc04acef4,cross_series,SYMBOLIC_FRESH,range4,3,4,2.0,3.0,leaf,True,False,True,80,"[25, 33, 19, 96]","[25, 33, 19, 16]","[[1, 0, 1, 0], [0, 1, 1, 0], [0, 0, 1, 1]]","[44, 52, 35]"
SOURCE,92cfd1ff9ef1f58a0d66cfc966111c8b806ddf19d6207ccfe10193d9d38b9be6,1c577efce7a1b0fbb9b7d3373d8a6b6c,cross_series,IMAGE_CUE_FRESH,sum4,0,1,1.0,2.0,leaf,False,True,False,1,"[22, 7, 8, 6]","[21, 7, 8, 6]","[[1, 1, 0, 0], [0, 1, 1, 0], [0, 1, 0, 1]]","[28, 15, 13]"
SOURCE,7135658957cdbb6bdcfd80eaf1fae2147586c05d537422d8ee0a1d2d8f8e9eb6,e9f8c7353b99ccb330830ab33ae5f64a,trend,SYMBOLIC_FRESH,sum4,1,2,,,trend,False,True,False,62,"[20, 76, 8, 2]","[20, 14, 8, 2]","[[1, -2, 1, 0], [0, 1, -2, 1]]","[0, 0]"
SOURCE,c58381b3b45b5d3e6b4e601a9722d1c178ba196d3f320776d494ea63074f38c3,8434425f02ea9276173ef3db99ba0da3,trend,IMAGE_CUE_FRESH,sum4,0,1,,,trend,False,True,False,92,"[99, 15, 23, 31]","[7, 15, 23, 31]","[[1, -2, 1, 0], [0, 1, -2, 1]]","[0, 0]"
SOURCE,fd238f0b5b90c4399aa6e74936d8289392c5bd6484f3349717cfc33551365bf1,04c3b3e70eb70b63fecd10ac7ec54083,duplicate_encoding,SYMBOLIC_FRESH,difference_pairs,1,2,,,duplicate_encoding,True,True,True,7,"[3, 46, 14, 40]","[3, 39, 14, 40]","[[0, 1, 0, 0]]",[39]
SOURCE,b87e4bd1260b8fafe78a63c8504570a8116078927c4818f041dbe3d89d89e975,9175c200f2606cca7f687a1f217bcc3c,duplicate_encoding,IMAGE_CUE_FRESH,range4,0,1,,,duplicate_encoding,True,True,True,37,"[48, 21, 38, 1]","[11, 21, 38, 1]","[[1, 0, 0, 0]]",[11]
SOURCE,5d8bb4e4b2ca26f5d00be2084f0bb89dc10714307dfacfac515edb18518a952b,c69bc2523f64dee540ccbdcc26241310,cross_series,SYMBOLIC_FRESH,range4,2,3,1.0,2.0,leaf,True,False,True,22,"[14, 1, 11, 19]","[14, 1, 33, 19]","[[1, 1, 0, 0], [0, 1, 1, 0], [0, 1, 0, 1]]","[15, 34, 20]"
SOURCE,61dc31fed68c5984419c281ecfe6bd2eb3255aca3dabc879ae7535cc50422cce,4991b48cfbce9598c07ec31cdf78df8d,cross_series,IMAGE_CUE_FRESH,sum4,3,4,0.0,1.0,leaf,True,False,True,54,"[41, 30, 31, 77]","[41, 30, 31, 23]","[[1, 1, 0, 0], [1, 0, 1, 0], [1, 0, 0, 1]]","[71, 72, 64]"
SOURCE,5b6e8ec1f434b4829f960605ebd485da20f94297f7c8d02de39a8cd7a51e7307,513031416f5d05e0dcefdd918baa2f31,trend,SYMBOLIC_FRESH,range4,0,1,,,trend,False,True,False,62,"[91, 25, 21, 17]","[29, 25, 21, 17]","[[1, -2, 1, 0], [0, 1, -2, 1]]","[0, 0]"
SOURCE,e3cf222ebf2fcf643acc76b3d708e3a5335fe55e8134e4f3ba833124f7aab285,a3ea4bfd59aa03b1fdb4d3ce10de5379,trend,IMAGE_CUE_FRESH,difference_pairs,3,4,,,trend,True,False,True,42,"[1, 15, 29, 1]","[1, 15, 29, 43]","[[1, -2, 1, 0], [0, 1, -2, 1]]","[0, 0]"
SOURCE,f523d67b3c19c33c9215a101d818a1e236bd55fb38e05ca297b41443b26eaa6b,3d592b3513912e89431b9a553f86cde6,duplicate_encoding,SYMBOLIC_FRESH,range4,3,4,,,duplicate_encoding,True,True,True,32,"[43, 48, 13, 77]","[43, 48, 13, 45]","[[0, 0, 0, 1]]",[45]
SOURCE,2ffb78c02be55acac5448b82ca76b251fdfa121a008013f7049a571dfd8495c6,4a85ed78a6195511af5f80c819c1f725,duplicate_encoding,IMAGE_CUE_FRESH,range4,0,1,,,duplicate_encoding,True,True,True,9,"[39, 6, 47, 9]","[48, 6, 47, 9]","[[1, 0, 0, 0]]",[48]
SOURCE,a36f400eea127ed45aa1dec93236e1e4f0ba52493c743ab40576f48725270d4c,1b7c9a332a8cc00d467a514e014570da,cross_series,SYMBOLIC_FRESH,sum4,3,4,3.0,4.0,center,True,False,True,37,"[11, 38, 47, 81]","[11, 38, 47, 44]","[[1, 0, 0, 1], [0, 1, 0, 1], [0, 0, 1, 1]]","[55, 82, 91]"
SOURCE,bbc34b9cd0afb6cc6117f27b00c9361287514c929738ca6219ad9c2e616ea899,eda6c7ed42f968c5d28a5d2054ce8e70,cross_series,IMAGE_CUE_FRESH,range4,2,3,2.0,3.0,center,True,True,True,11,"[23, 38, 25, 46]","[23, 38, 36, 46]","[[1, 0, 1, 0], [0, 1, 1, 0], [0, 0, 1, 1]]","[59, 74, 82]"
SOURCE,403932596aa79f86ec6c13c494dfd1cbad88d9399f1414124cc499d75cd81834,fd7eb55cd7d13ab9170f5c3d3343cb15,trend,SYMBOLIC_FRESH,sum4,3,4,,,trend,True,False,True,45,"[31, 26, 21, 61]","[31, 26, 21, 16]","[[1, -2, 1, 0], [0, 1, -2, 1]]","[0, 0]"
SOURCE,6a9b9cbd6f32ce5463db612d33653f41f3e349c04429a69f7d94044238adf3b8,67427c77b79425defe18d7cdac5ddf77,trend,IMAGE_CUE_FRESH,sum4,1,2,,,trend,False,True,False,27,"[36, 1, 20, 12]","[36, 28, 20, 12]","[[1, -2, 1, 0], [0, 1, -2, 1]]","[0, 0]"
SOURCE,eb1d4e9ad079c7536876264fd1e44abc2749249b4d0c098dce47972574ea3f09,9be342e10f59146ba6201ae04f5b5a8f,duplicate_encoding,SYMBOLIC_FRESH,difference_pairs,0,1,,,duplicate_encoding,True,True,True,6,"[47, 18, 8, 12]","[41, 18, 8, 12]","[[1, 0, 0, 0]]",[41]
SOURCE,34702efcfc785b4fdc074999a94c63e75a62f68dbb26fbc053c8ad257b3c74ce,116152618a2414661a9c84327c0db0cb,duplicate_encoding,IMAGE_CUE_FRESH,sum4,2,3,,,duplicate_encoding,True,True,True,23,"[24, 48, 63, 11]","[24, 48, 40, 11]","[[0, 0, 1, 0]]",[40]
SOURCE,dd157c0566cd64301b346d1dd1391e20a1a90f60a2c4dcb262eabb25204392de,496805a60eb855519c885d593d2c1aa5,cross_series,SYMBOLIC_FRESH,difference_pairs,3,4,2.0,3.0,leaf,True,False,True,22,"[23, 30, 17, 9]","[23, 30, 17, 31]","[[1, 0, 1, 0], [0, 1, 1, 0], [0, 0, 1, 1]]","[40, 47, 48]"
SOURCE,10133c21766da7078f8d57ab54f02401c820a1b9de491fe31270ed63ac279a25,28a3e7ada2517de943d110f473b44572,cross_series,IMAGE_CUE_FRESH,sum4,3,4,1.0,2.0,leaf,True,False,True,21,"[3, 9, 36, 57]","[3, 9, 36, 36]","[[1, 1, 0, 0], [0, 1, 1, 0], [0, 1, 0, 1]]","[12, 45, 45]"
SOURCE,5a92bc030b27fc61a6b0ae7f5936f7c752448e2681ce3f599193d0396da7c0d0,9c2dd5831da66f3591320dbc0a26b6a3,trend,SYMBOLIC_FRESH,range4,2,3,,,trend,True,False,True,86,"[4, 6, 94, 10]","[4, 6, 8, 10]","[[1, -2, 1, 0], [0, 1, -2, 1]]","[0, 0]"
SOURCE,cbc2ded5be9a6b07516a624138ed1e6c101235461b52400ad3e1f9671e69d851,5628e9c9c9b3b3de0a0f3e901aea505f,trend,IMAGE_CUE_FRESH,range4,3,4,,,trend,True,False,True,25,"[23, 28, 33, 63]","[23, 28, 33, 38]","[[1, -2, 1, 0], [0, 1, -2, 1]]","[0, 0]"
SOURCE,04ea20ce61f1f78cb72f2fa4c5665efc9bfc80fc6ab36b3d7a3c64e1e8edbf77,2cd6eaa4f81a824664ee58836b6ce6e3,duplicate_encoding,SYMBOLIC_FRESH,sum4,0,1,,,duplicate_encoding,True,True,True,28,"[33, 26, 33, 37]","[5, 26, 33, 37]","[[1, 0, 0, 0]]",[5]
SOURCE,d788e67c8dc59a309c7646ab340a794351b77e5b08a4c56c9034f820071a012d,4d7ef3e4c51ae1f8c60e4bef36fbdbe7,duplicate_encoding,IMAGE_CUE_FRESH,difference_pairs,0,1,,,duplicate_encoding,True,True,True,9,"[22, 24, 42, 40]","[13, 24, 42, 40]","[[1, 0, 0, 0]]",[13]
SOURCE,f89ac87038fe33b7548edfb0028a0f7a60ad2b154fca8fd181a26046bd25e4c0,8715e81806bf7b16d178ec8758d3baf4,cross_series,SYMBOLIC_FRESH,sum4,0,1,2.0,3.0,leaf,False,True,False,64,"[79, 40, 13, 4]","[15, 40, 13, 4]","[[1, 0, 1, 0], [0, 1, 1, 0], [0, 0, 1, 1]]","[28, 53, 17]"
SOURCE,38155c95d7ff48ddf442cf7154877d8f5b3b5f26fad0de9f6381cd70063ca492,dc289a43a4ba646d87851d8ec3959fc3,cross_series,IMAGE_CUE_FRESH,difference_pairs,0,1,1.0,2.0,leaf,False,True,False,71,"[95, 20, 17, 48]","[24, 20, 17, 48]","[[1, 1, 0, 0], [0, 1, 1, 0], [0, 1, 0, 1]]","[44, 37, 68]"
SOURCE,2f43cea4b975f1a921a168dad31e402b0e0574ae4e2fd25977f65ebc62dac955,55d25e09b147b59d145b0a0dccb1123f,trend,SYMBOLIC_FRESH,difference_pairs,1,2,,,trend,False,True,False,48,"[24, 71, 22, 21]","[24, 23, 22, 21]","[[1, -2, 1, 0], [0, 1, -2, 1]]","[0, 0]"
SOURCE,ea11ebbf5728680c66ac1d134709e852be66402150dbcb0723cdbeeeb6266d77,993e28e0ba6991aed3644afb44ba5856,trend,IMAGE_CUE_FRESH,sum4,1,2,,,trend,False,True,False,45,"[49, 80, 21, 7]","[49, 35, 21, 7]","[[1, -2, 1, 0], [0, 1, -2, 1]]","[0, 0]"
SOURCE,2a6cb063c0e5401f9825b90d3aa91c66d998e5f19f648b008afa90715fc3cc2c,288dde02f2f5a1379b3fdebfd922c78a,duplicate_encoding,SYMBOLIC_FRESH,range4,3,4,,,duplicate_encoding,True,True,True,13,"[25, 33, 9, 62]","[25, 33, 9, 49]","[[0, 0, 0, 1]]",[49]
SOURCE,9a7feb63a311ae633123a4d7af2dbc8a9cc5772dd754d73d5bb0fa698dd8f644,583ad7f673ae8fa21894255ccec429ee,duplicate_encoding,IMAGE_CUE_FRESH,range4,3,4,,,duplicate_encoding,True,True,True,46,"[49, 19, 35, 71]","[49, 19, 35, 25]","[[0, 0, 0, 1]]",[25]
SOURCE,aa927264f2bbeb92ff91501ce96adccebaca1f29f0e4a2942054b68425979f40,b7a212dc107ff16cb197b8ea7d639f4b,cross_series,SYMBOLIC_FRESH,sum4,3,4,1.0,2.0,leaf,True,False,True,3,"[21, 47, 29, 20]","[21, 47, 29, 17]","[[1, 1, 0, 0], [0, 1, 1, 0], [0, 1, 0, 1]]","[68, 76, 64]"
SOURCE,1c6642e21e8c9a4231f9e9dd60b052c8a18b73dd82682b848268cc8901f38e69,b483b5f3f17626d85d2a1b928f45d676,cross_series,IMAGE_CUE_FRESH,difference_pairs,0,1,2.0,3.0,leaf,False,True,False,20,"[20, 26, 11, 21]","[0, 26, 11, 21]","[[1, 0, 1, 0], [0, 1, 1, 0], [0, 0, 1, 1]]","[11, 37, 32]"
SOURCE,bf09e66c19ab2b38930b51488700dbeba117b5e055633de8d11d839208af26ca,d44814d71fb91ba7d38a4b21700be0ac,trend,SYMBOLIC_FRESH,range4,0,1,,,trend,False,True,False,22,"[13, 30, 25, 20]","[35, 30, 25, 20]","[[1, -2, 1, 0], [0, 1, -2, 1]]","[0, 0]"
SOURCE,e17e2b16a73941fc865c9767b01e7fd6a5676cb77bc48b62013569782b80ad70,0bc143ee8a694c9e9b96ce9a6aecd309,trend,IMAGE_CUE_FRESH,range4,2,3,,,trend,True,False,True,82,"[3, 6, 91, 12]","[3, 6, 9, 12]","[[1, -2, 1, 0], [0, 1, -2, 1]]","[0, 0]"
SOURCE,d4768acc9a11a432c72234e624edc81c6711f3c80f0a67ee19625eadc68597ee,bde941d5244ac8cf6470985a37eeff96,duplicate_encoding,SYMBOLIC_FRESH,range4,2,3,,,duplicate_encoding,True,True,True,44,"[23, 30, 93, 5]","[23, 30, 49, 5]","[[0, 0, 1, 0]]",[49]
SOURCE,e50ae41fbb2d6ff816094e55b274eb4b202b3fd13742783e02ea3e2bfcf1cb89,178771bcc85dadd90eeea9c11901ae89,duplicate_encoding,IMAGE_CUE_FRESH,range4,1,2,,,duplicate_encoding,True,True,True,78,"[7, 88, 13, 22]","[7, 10, 13, 22]","[[0, 1, 0, 0]]",[10]
SOURCE,dde5d5ea4efdc055d40f7aee0c4c59182f57069e15708b0f89e98af15ddfbad8,8c718bef84cff95b6ca8138e72884d03,cross_series,SYMBOLIC_FRESH,difference_pairs,0,1,0.0,1.0,center,False,True,False,80,"[93, 4, 42, 27]","[13, 4, 42, 27]","[[1, 1, 0, 0], [1, 0, 1, 0], [1, 0, 0, 1]]","[17, 55, 40]"
SOURCE,e11927ca7630e08a8334673f68452103cd842567e28ec18db5b66065b13a03dd,28524dbcf26b3137b5e25e13c163bc4b,cross_series,IMAGE_CUE_FRESH,range4,0,1,2.0,3.0,leaf,False,True,False,3,"[19, 41, 43, 3]","[22, 41, 43, 3]","[[1, 0, 1, 0], [0, 1, 1, 0], [0, 0, 1, 1]]","[65, 84, 46]"
SOURCE,488ec479e9a9d311ac762d42cb4541e045ddd2f60f4ae523efbce022bca79df6,52fe210d8336ce1e62959be124d76209,trend,SYMBOLIC_FRESH,range4,3,4,,,trend,True,False,True,68,"[44, 32, 20, 76]","[44, 32, 20, 8]","[[1, -2, 1, 0], [0, 1, -2, 1]]","[0, 0]"
SOURCE,866076e3d39a5537977ff5c63b8ceed6458f229e420e2ecd6617ebb834db7c68,366513551b395be69bf67f2d1ba0f21b,trend,IMAGE_CUE_FRESH,range4,1,2,,,trend,False,True,False,26,"[3, 33, 11, 15]","[3, 7, 11, 15]","[[1, -2, 1, 0], [0, 1, -2, 1]]","[0, 0]"
SOURCE,361f04ab5c48f4fc0bb30158480467d982240069b8eab4f9289148e3cbd2419e,10fd2f87d77e593101e53b9691716426,duplicate_encoding,SYMBOLIC_FRESH,sum4,1,2,,,duplicate_encoding,True,True,True,69,"[13, 73, 21, 17]","[13, 4, 21, 17]","[[0, 1, 0, 0]]",[4]
SOURCE,498cfa610210da9f4c56aabc005b837d64f0a2050e6fad4bcb1fba4ee0006222,3c1489a85b19615cf23feca953967a13,duplicate_encoding,IMAGE_CUE_FRESH,range4,2,3,,,duplicate_encoding,True,True,True,1,"[11, 9, 11, 17]","[11, 9, 12, 17]","[[0, 0, 1, 0]]",[12]
SOURCE,6502c0f09a3e892a7bd9d01f2bf44ef2ae9584855401170ae024ea355743f1a9,c225e418927159caae8675358672911c,cross_series,SYMBOLIC_FRESH,difference_pairs,0,1,2.0,3.0,leaf,False,True,False,60,"[62, 29, 15, 47]","[2, 29, 15, 47]","[[1, 0, 1, 0], [0, 1, 1, 0], [0, 0, 1, 1]]","[17, 44, 62]"
SOURCE,e041246beb61a168ae6aba74eeca4a1948000a8082a794ab1ab909bb86dad9a5,c72f2acdf00470bf77e2c709223b347b,cross_series,IMAGE_CUE_FRESH,difference_pairs,3,4,2.0,3.0,leaf,True,False,True,22,"[13, 2, 18, 33]","[13, 2, 18, 11]","[[1, 0, 1, 0], [0, 1, 1, 0], [0, 0, 1, 1]]","[31, 20, 29]"
SOURCE,4944aae1a1df9d3f9ddc28163a618952fdf24252b553850ede65c64010520cdf,a94358c4d84e3c5dd6c55a79aad6dca5,trend,SYMBOLIC_FRESH,difference_pairs,1,2,,,trend,False,True,False,59,"[49, 98, 29, 19]","[49, 39, 29, 19]","[[1, -2, 1, 0], [0, 1, -2, 1]]","[0, 0]"
SOURCE,f170285aa0ceb3185c9e0674f115f28505c32c2daaf220583b652c4f41777e7b,a3584b7ef7555f345baf04f917f94de7,trend,IMAGE_CUE_FRESH,range4,3,4,,,trend,True,False,True,30,"[45, 44, 43, 72]","[45, 44, 43, 42]","[[1, -2, 1, 0], [0, 1, -2, 1]]","[0, 0]"
SOURCE,49202ce5006f4801254ecefe21c612041ddf42cde67fd8532ea5c2781bb363b1,041ee203643d1c00c2d7fae66e388c42,duplicate_encoding,SYMBOLIC_FRESH,sum4,2,3,,,duplicate_encoding,True,True,True,14,"[11, 2, 56, 13]","[11, 2, 42, 13]","[[0, 0, 1, 0]]",[42]
SOURCE,8c55a5302ec4aed95f1a9cc5f38d190d220d26af8d0b5041800a6397863a2045,7c4d8fb18a03d4a26836c0775af926b8,duplicate_encoding,IMAGE_CUE_FRESH,difference_pairs,1,2,,,duplicate_encoding,True,True,True,31,"[15, 51, 8, 37]","[15, 20, 8, 37]","[[0, 1, 0, 0]]",[20]
SOURCE,fbc21c5419d387d3a571713ffe48efdfde81a6b3db20f6f136564f494c9c1bdc,f2ea1d95f625cbad2ea42403bcb06d46,cross_series,SYMBOLIC_FRESH,range4,0,1,1.0,2.0,leaf,False,True,False,25,"[59, 23, 5, 36]","[34, 23, 5, 36]","[[1, 1, 0, 0], [0, 1, 1, 0], [0, 1, 0, 1]]","[57, 28, 59]"
SOURCE,e2d4f8ae913a57667d71cf7649add36607687266792d0b1e61ce862f2e1a6e65,48c7ba614d8ec080f900e7187cf9b989,cross_series,IMAGE_CUE_FRESH,difference_pairs,1,2,3.0,4.0,leaf,False,True,True,22,"[6, 22, 14, 24]","[6, 44, 14, 24]","[[1, 0, 0, 1], [0, 1, 0, 1], [0, 0, 1, 1]]","[30, 68, 38]"
SOURCE,929d001b3d25fcd0dd7ebdb750cf83cb7044468afda49867fd4b286ef968c43b,32da4d9881f7fbde04f3a9955eaa2759,trend,SYMBOLIC_FRESH,difference_pairs,3,4,,,trend,True,False,True,29,"[10, 18, 26, 63]","[10, 18, 26, 34]","[[1, -2, 1, 0], [0, 1, -2, 1]]","[0, 0]"
SOURCE,ad520945595af20399f87e6792d98089ffe3dc9f598f863f628c2c21aeadd1a8,1f1ba1ef1146690594dd9dccfa96d0b8,trend,IMAGE_CUE_FRESH,sum4,1,2,,,trend,False,True,False,17,"[37, 46, 21, 13]","[37, 29, 21, 13]","[[1, -2, 1, 0], [0, 1, -2, 1]]","[0, 0]"
SOURCE,b3bd1de2df1ff55d995d7b6d7d8637bed64b252bc70af7a9c6d824210cf6612c,4e2c62d216e969533616907ee64e4505,duplicate_encoding,SYMBOLIC_FRESH,range4,1,2,,,duplicate_encoding,True,True,True,13,"[40, 25, 32, 23]","[40, 38, 32, 23]","[[0, 1, 0, 0]]",[38]
SOURCE,faf811bc5904f6b6c4450db0c486594ceb65cc6f56f77c6d1fa708f409b2d893,39bcca45e448506fa9e7222a33801b5a,duplicate_encoding,IMAGE_CUE_FRESH,sum4,1,2,,,duplicate_encoding,True,True,True,11,"[23, 27, 20, 11]","[23, 16, 20, 11]","[[0, 1, 0, 0]]",[16]
SOURCE,2b58949ab4d41c0fc3c315be969bd949375ce620dc3ece5369eaa3a2141b1bcb,eff79d7db138098fe49a7b909850b23c,cross_series,SYMBOLIC_FRESH,difference_pairs,3,4,2.0,3.0,leaf,True,False,True,48,"[45, 31, 27, 74]","[45, 31, 27, 26]","[[1, 0, 1, 0], [0, 1, 1, 0], [0, 0, 1, 1]]","[72, 58, 53]"
SOURCE,07d8aab2636d88e58e2ef3fa25591eaea7b73ddb463fb09588e537e4493891e6,cbf6799e0836e0904362bf1bfb4d2d31,cross_series,IMAGE_CUE_FRESH,range4,3,4,0.0,1.0,leaf,True,False,True,49,"[27, 43, 24, 73]","[27, 43, 24, 24]","[[1, 1, 0, 0], [1, 0, 1, 0], [1, 0, 0, 1]]","[70, 51, 51]"
SOURCE,c5a4299423b3fcbe79914240600f5102347d8da30ce4751512c6285b73295f8f,76b2ad31da65b78bd8b275c9721d609f,trend,SYMBOLIC_FRESH,sum4,3,4,,,trend,True,False,True,23,"[37, 26, 15, 27]","[37, 26, 15, 4]","[[1, -2, 1, 0], [0, 1, -2, 1]]","[0, 0]"
SOURCE,e6a5aea927ba411cd86271b9f7b3627e58221c9657704ec968b2208f0de59f41,1d46d527a3ba76a2fe36f7474b7203cf,trend,IMAGE_CUE_FRESH,difference_pairs,3,4,,,trend,True,False,True,3,"[37, 38, 39, 37]","[37, 38, 39, 40]","[[1, -2, 1, 0], [0, 1, -2, 1]]","[0, 0]"
SOURCE,469bad6acc6a7c0e67a71bd2c14af655f36ac5b423f98d550c58a57e1f515550,c4ba623a1eec8887f73ebbd9531e8823,duplicate_encoding,SYMBOLIC_FRESH,sum4,2,3,,,duplicate_encoding,True,True,True,91,"[11, 11, 94, 38]","[11, 11, 3, 38]","[[0, 0, 1, 0]]",[3]
SOURCE,ab5ecebd4ed8cacbccc2bf53f936d15194a1be5339ab85540eb308a60d223b92,df7a98934715f742b65f72c032c81f45,duplicate_encoding,IMAGE_CUE_FRESH,difference_pairs,2,3,,,duplicate_encoding,True,True,True,27,"[38, 25, 74, 11]","[38, 25, 47, 11]","[[0, 0, 1, 0]]",[47]
SOURCE,7d4409db5d7d57470f60210b22fd3c3bde14c0511764ece288d115c79ef5580f,712cd3214a1cdb9354e1d3d90911f97a,cross_series,SYMBOLIC_FRESH,difference_pairs,3,4,2.0,3.0,leaf,True,False,True,3,"[25, 24, 2, 25]","[25, 24, 2, 22]","[[1, 0, 1, 0], [0, 1, 1, 0], [0, 0, 1, 1]]","[27, 26, 24]"
SOURCE,a4b2a931844172e7da3a25cc4547931aa5d9db56671316769e13ab6d15aac56d,8f9ee8cddc130a968c89dc7aecc8715c,cross_series,IMAGE_CUE_FRESH,range4,3,4,0.0,1.0,leaf,True,False,True,2,"[36, 22, 36, 24]","[36, 22, 36, 26]","[[1, 1, 0, 0], [1, 0, 1, 0], [1, 0, 0, 1]]","[58, 72, 62]"
SOURCE,ba883eac795362c8600cbc44177fbfd95a300772578b9fc55c01cd4216c1f9c9,7883c19803cef7822658c5b941814774,trend,SYMBOLIC_FRESH,range4,3,4,,,trend,True,False,True,40,"[26, 29, 32, 75]","[26, 29, 32, 35]","[[1, -2, 1, 0], [0, 1, -2, 1]]","[0, 0]"
SOURCE,b623dd674231fb45011ac09ad9b47c850b441785844c3ef26c5a9d9e7a4f00d3,9582fee46f7d53905ecb129671c4f68b,trend,IMAGE_CUE_FRESH,sum4,1,2,,,trend,False,True,False,47,"[46, 0, 48, 49]","[46, 47, 48, 49]","[[1, -2, 1, 0], [0, 1, -2, 1]]","[0, 0]"
CONTINUATION_UNUSED,a8c6defd0f7a65f8e516c334c61b4907c678b862a241f7549fc96c7eafc8f9ea,d532d39d44c22d2c3494311d45e64d9a,cross_series,IMAGE_CUE_FRESH,sum4,3,4,2.0,3.0,leaf,True,False,True,40,"[42, 9, 35, 65]","[42, 9, 35, 25]","[[1, 0, 1, 0], [0, 1, 1, 0], [0, 0, 1, 1]]","[77, 44, 60]"
CONTINUATION_UNUSED,770c70e5b54db1b05d27df9c9b39399187f9ab4324baa97da50ecf471b655c86,aa9980d16d6eaba4875081453b8324ee,cross_series,IMAGE_CUE_FRESH,range4,2,3,1.0,2.0,leaf,True,False,True,31,"[14, 38, 66, 41]","[14, 38, 35, 41]","[[1, 1, 0, 0], [0, 1, 1, 0], [0, 1, 0, 1]]","[52, 73, 79]"
CONTINUATION_UNUSED,27e3c51d6fa32fffc25b5df91ead3deb950c89f3fdca562d5ffbcc5666df4f51,e63510d78a333dc4885fb42a5b6502a5,cross_series,SYMBOLIC_FRESH,sum4,1,2,3.0,4.0,leaf,False,True,True,23,"[30, 54, 42, 30]","[30, 31, 42, 30]","[[1, 0, 0, 1], [0, 1, 0, 1], [0, 0, 1, 1]]","[60, 61, 72]"
CONTINUATION_UNUSED,3dbf2a0391bd4fbc9fce6ee925da35192bf66b87c3ec5b8e597c5bc7989e0c97,9cd8cf74ed8dccc2bc0d59e482e54e1b,trend,IMAGE_CUE_FRESH,sum4,3,4,,,trend,True,False,True,34,"[20, 24, 28, 66]","[20, 24, 28, 32]","[[1, -2, 1, 0], [0, 1, -2, 1]]","[0, 0]"
CONTINUATION_UNUSED,30242db455c3e55d7d824548ff03734775f822232d9691762d15f8c94c132a42,133e5dfe92caa0fd0707924e23abb9b0,trend,SYMBOLIC_FRESH,difference_pairs,0,1,,,trend,False,True,False,60,"[89, 24, 19, 14]","[29, 24, 19, 14]","[[1, -2, 1, 0], [0, 1, -2, 1]]","[0, 0]"
CONTINUATION_UNUSED,12ca27cf2ce0d833fc039caf40f73a829b52251dabfcc407e570ad78752c8c1a,786772242c1e26bd3d7be5107bf1d0f2,duplicate_encoding,SYMBOLIC_FRESH,range4,1,2,,,duplicate_encoding,True,True,True,34,"[28, 62, 20, 30]","[28, 28, 20, 30]","[[0, 1, 0, 0]]",[28]
CONTINUATION_UNUSED,4b7ccde1493c7c7d0408f567f89a38b984e75a95be880b91c2dd1e4685a0e0aa,10fbc3fc7123907376593d2edb0ad295,cross_series,SYMBOLIC_FRESH,sum4,3,4,2.0,3.0,leaf,True,False,True,42,"[26, 43, 18, 74]","[26, 43, 18, 32]","[[1, 0, 1, 0], [0, 1, 1, 0], [0, 0, 1, 1]]","[44, 61, 50]"
CONTINUATION_UNUSED,6062387271477eb9f35d44a3385b5f71c696e1bce5f64b0b052a5ec48f9df137,255db2c15cf8d7bc80b0e57a3f3b482b,cross_series,IMAGE_CUE_FRESH,difference_pairs,0,1,3.0,4.0,leaf,False,True,False,92,"[96, 49, 29, 28]","[4, 49, 29, 28]","[[1, 0, 0, 1], [0, 1, 0, 1], [0, 0, 1, 1]]","[32, 77, 57]"
CONTINUATION_UNUSED,24f9d2a1388f3db0cbd898049f7dfb8f22692b9997d9c651fd47c9fea03de016,93c1b4dc01900528a6051518113e0ef3,trend,SYMBOLIC_FRESH,difference_pairs,2,3,,,trend,True,False,True,76,"[17, 19, 97, 23]","[17, 19, 21, 23]","[[1, -2, 1, 0], [0, 1, -2, 1]]","[0, 0]"
CONTINUATION_UNUSED,eecb5e9513f0f0e875ef02e5acae1783db41c2f2d00077e62165bfe39243e1e2,7ba78b05fa6b178de61f5cd08afa9a0a,duplicate_encoding,SYMBOLIC_FRESH,difference_pairs,2,3,,,duplicate_encoding,True,True,True,9,"[45, 8, 58, 42]","[45, 8, 49, 42]","[[0, 0, 1, 0]]",[49]
CONTINUATION_UNUSED,fa0f4a41d4b4fb1f161721785d9c9c415debf97ff9a79624c4727c21f5aa7048,2a6431303095f0873c4b8e8e920a510d,duplicate_encoding,IMAGE_CUE_FRESH,range4,3,4,,,duplicate_encoding,True,True,True,18,"[44, 35, 27, 28]","[44, 35, 27, 46]","[[0, 0, 0, 1]]",[46]
CONTINUATION_UNUSED,1f94099ac0dc74d61ac0c93c80f98b618b08ca5b62ca110a3afd4109b6c000bb,820a188b4f645d4b56041825c052c605,cross_series,IMAGE_CUE_FRESH,sum4,3,4,3.0,4.0,center,True,False,True,19,"[48, 18, 45, 22]","[48, 18, 45, 3]","[[1, 0, 0, 1], [0, 1, 0, 1], [0, 0, 1, 1]]","[51, 21, 48]"
CONTINUATION_UNUSED,816b49e25c196a4154e91023ed3c6d2b55954e1c11e7365bdd64893bbf488cb1,2a1342ff9ee14fdb5617cd6ab9424d76,trend,SYMBOLIC_FRESH,sum4,2,3,,,trend,True,False,True,12,"[20, 19, 30, 17]","[20, 19, 18, 17]","[[1, -2, 1, 0], [0, 1, -2, 1]]","[0, 0]"
CONTINUATION_UNUSED,3398fc0a3ba0fd5e4694ec5c365ffca5527b30ecc64687546e7f8a8972c903e1,ec5d52e2dea3e887770213fb1d54384a,trend,IMAGE_CUE_FRESH,sum4,3,4,,,trend,True,False,True,42,"[10, 16, 22, 70]","[10, 16, 22, 28]","[[1, -2, 1, 0], [0, 1, -2, 1]]","[0, 0]"
CONTINUATION_UNUSED,3a9e259f1596d9e4db49177d9b8d8a991b809e2586c8b50f49d94899f269ac3c,0a545fffb6c17733ba579b0dd5b38e8d,duplicate_encoding,SYMBOLIC_FRESH,sum4,1,2,,,duplicate_encoding,True,True,True,35,"[35, 75, 37, 16]","[35, 40, 37, 16]","[[0, 1, 0, 0]]",[40]
CONTINUATION_UNUSED,0b9bb14b2fc24542ba5cea815aa266acacab9938e2445933db42278fdc4f9e16,76ad2441afcea62da4796af6b3028731,duplicate_encoding,IMAGE_CUE_FRESH,range4,0,1,,,duplicate_encoding,True,True,True,79,"[96, 44, 14, 8]","[17, 44, 14, 8]","[[1, 0, 0, 0]]",[17]
CONTINUATION_UNUSED,f714a5c0a2c191fb4f962c89b25b2654cf3d6884c1e09891855cd017082f0a82,86372dbf42acdae81e377393db882ece,cross_series,SYMBOLIC_FRESH,difference_pairs,0,1,3.0,4.0,leaf,False,True,False,5,"[35, 40, 29, 35]","[30, 40, 29, 35]","[[1, 0, 0, 1], [0, 1, 0, 1], [0, 0, 1, 1]]","[65, 75, 64]"
CONTINUATION_UNUSED,97ecee8da8ebdbc3853b3ea2da4ec0dce1edbd8de11844c9702d942d00cd6d15,c4e1476f3016f5a53e1811a866891f68,duplicate_encoding,IMAGE_CUE_FRESH,sum4,0,1,,,duplicate_encoding,True,True,True,25,"[14, 29, 47, 45]","[39, 29, 47, 45]","[[1, 0, 0, 0]]",[39]
CONTINUATION_UNUSED,03f6081f7a6fc7d7e111837c685575dab14a7a9f8e4fc8fa171fe17fb761727d,97f5d3d29a40bcf1c831be823114c486,duplicate_encoding,SYMBOLIC_FRESH,sum4,3,4,,,duplicate_encoding,True,True,True,46,"[39, 12, 10, 68]","[39, 12, 10, 22]","[[0, 0, 0, 1]]",[22]
CONTINUATION_UNUSED,1b2aa9a49c1411cd1e7e1851c7ed5523d8eb3c4a1d9c01dcd0820aceef057a68,fb6deb2621b054934e78ee984f383209,cross_series,SYMBOLIC_FRESH,difference_pairs,0,1,3.0,4.0,leaf,False,True,False,3,"[31, 18, 26, 10]","[34, 18, 26, 10]","[[1, 0, 0, 1], [0, 1, 0, 1], [0, 0, 1, 1]]","[44, 28, 36]"
CONTINUATION_UNUSED,a0a19235223892fc9868d645518a0f70e331ed4bf61b047302a958b0e7117aa2,29a45370c1c9226a692f2c7671e0da06,trend,SYMBOLIC_FRESH,sum4,1,2,,,trend,False,True,False,14,"[34, 13, 20, 13]","[34, 27, 20, 13]","[[1, -2, 1, 0], [0, 1, -2, 1]]","[0, 0]"
CONTINUATION_UNUSED,485fd96a30bc91fd01f1ba091b9b15b06896f18a7431493e0ffd4fe797ab3d67,d93b65b96f32ed9130ceef4d27bf5b39,trend,IMAGE_CUE_FRESH,difference_pairs,0,1,,,trend,False,True,False,29,"[9, 34, 30, 26]","[38, 34, 30, 26]","[[1, -2, 1, 0], [0, 1, -2, 1]]","[0, 0]"
CONTINUATION_UNUSED,01927ed5beb14aadfb6c2b6fb921e70bfc25051c5d90f167f2eb5d1c94400ae7,e050bdff8c332a9bfd75b7d06cd4cf72,duplicate_encoding,SYMBOLIC_FRESH,difference_pairs,3,4,,,duplicate_encoding,True,True,True,69,"[1, 47, 25, 81]","[1, 47, 25, 12]","[[0, 0, 0, 1]]",[12]
CONTINUATION_UNUSED,5c3b2f60cc74e8dd7ab4592ddc773a8ff0329e603fbef5282cede0f72256a1fc,e1b6d83bbc1f8e95ff5efb0faefefcc1,trend,IMAGE_CUE_FRESH,range4,0,1,,,trend,False,True,False,72,"[95, 20, 17, 14]","[23, 20, 17, 14]","[[1, -2, 1, 0], [0, 1, -2, 1]]","[0, 0]"
CONTINUATION_UNUSED,9e26bc76fc24fac185e34dc601ec40ebee51a28ae8754e710cc9c80e651ec165,f808bf26c3cb7b213348e473d27385e2,duplicate_encoding,IMAGE_CUE_FRESH,sum4,2,3,,,duplicate_encoding,True,True,True,5,"[11, 44, 20, 2]","[11, 44, 15, 2]","[[0, 0, 1, 0]]",[15]
CONTINUATION_UNUSED,f7535d62019bbe35c7d42f98bec51f594cbf12e477badc36812d06d959404355,b10562e2c68db00158894bd9086e711c,cross_series,SYMBOLIC_FRESH,range4,2,3,2.0,3.0,center,True,True,True,31,"[45, 14, 55, 3]","[45, 14, 24, 3]","[[1, 0, 1, 0], [0, 1, 1, 0], [0, 0, 1, 1]]","[69, 38, 27]"
CONTINUATION_UNUSED,023bd91e66be4da8231748840ee4d8f4674f1f186190fce7bd2b913bee8a26fd,dc6ba91f8311cc8dcd11f8b036c971ad,trend,SYMBOLIC_FRESH,range4,2,3,,,trend,True,False,True,1,"[41, 33, 24, 17]","[41, 33, 25, 17]","[[1, -2, 1, 0], [0, 1, -2, 1]]","[0, 0]"
CONTINUATION_UNUSED,ae82c3d8a096fd85a06e236f60a48b631cc003809522ee8fa29faec1ac15d329,ecf96d0b51fad705dc741e2987b3e0be,duplicate_encoding,IMAGE_CUE_FRESH,range4,1,2,,,duplicate_encoding,True,True,True,24,"[44, 26, 16, 3]","[44, 2, 16, 3]","[[0, 1, 0, 0]]",[2]
CONTINUATION_UNUSED,c04639bda4b1cfba0fc5f1338f48221ec2701654b85d515bcd802ea5c299174f,79b22378ed8d11019af5f8b484ca1b4d,cross_series,SYMBOLIC_FRESH,range4,3,4,2.0,3.0,leaf,True,False,True,31,"[16, 15, 4, 13]","[16, 15, 4, 44]","[[1, 0, 1, 0], [0, 1, 1, 0], [0, 0, 1, 1]]","[20, 19, 48]"
CONTINUATION_UNUSED,f102bfb7bd4a1f96c9b5be413a32494136835e5e74f85b1dce1b3d232e037393,490aea256de7ad891703d416a70e8e12,duplicate_encoding,IMAGE_CUE_FRESH,difference_pairs,2,3,,,duplicate_encoding,True,True,True,68,"[9, 42, 94, 32]","[9, 42, 26, 32]","[[0, 0, 1, 0]]",[26]
CONTINUATION_UNUSED,8bb733ed392b54a64e776b61b7c27107f843f55a7b4a4e5909997e407e2e6980,4cd26d894e2afb57f3948d59a781b819,cross_series,SYMBOLIC_FRESH,sum4,2,3,0.0,1.0,leaf,True,False,True,28,"[18, 21, 41, 2]","[18, 21, 13, 2]","[[1, 1, 0, 0], [1, 0, 1, 0], [1, 0, 0, 1]]","[39, 31, 20]"
CONTINUATION_UNUSED,95e236b1833b354da90cdcde393c049298591f7e224fa97c0cd9b74364b04dbc,56ece366c7f5004ab2a0664296fc2875,trend,SYMBOLIC_FRESH,range4,1,2,,,trend,False,True,False,25,"[37, 64, 41, 43]","[37, 39, 41, 43]","[[1, -2, 1, 0], [0, 1, -2, 1]]","[0, 0]"
CONTINUATION_UNUSED,a7b7b3a819d172dc1abd4ae5e0c4421c06cc36572fe363012bee5dd81b27322b,6c92cc2f3773f380ee645543ce8c8179,cross_series,SYMBOLIC_FRESH,range4,1,2,0.0,1.0,leaf,True,False,True,7,"[40, 53, 16, 14]","[40, 46, 16, 14]","[[1, 1, 0, 0], [1, 0, 1, 0], [1, 0, 0, 1]]","[86, 56, 54]"
CONTINUATION_UNUSED,945562ffd81591d37c4ca197d1b070cdece18d545bb518be5c0f02c6785dd12d,f3ef4d3972004cdc029214e5624bb40f,trend,SYMBOLIC_FRESH,sum4,3,4,,,trend,True,False,True,14,"[30, 34, 38, 56]","[30, 34, 38, 42]","[[1, -2, 1, 0], [0, 1, -2, 1]]","[0, 0]"
CONTINUATION_UNUSED,a1dd27e7d11165103943ace9d6711c6d2b57d7209a1e0bafdf438972f43d7aff,d8c8aaa9fe9700cc40e9c44a50deaf1c,trend,IMAGE_CUE_FRESH,difference_pairs,3,4,,,trend,True,False,True,48,"[40, 31, 22, 61]","[40, 31, 22, 13]","[[1, -2, 1, 0], [0, 1, -2, 1]]","[0, 0]"
CONTINUATION_UNUSED,65359013dc66a978c62a00cc04484999c1236dd80cb7b5ddfa7be7dc97363181,069572442b4fd4402f6f53fc2d06a591,cross_series,IMAGE_CUE_FRESH,range4,1,2,1.0,2.0,center,True,True,True,86,"[3, 88, 41, 11]","[3, 2, 41, 11]","[[1, 1, 0, 0], [0, 1, 1, 0], [0, 1, 0, 1]]","[5, 43, 13]"
CONTINUATION_UNUSED,a3e8e6d37be70230525d136a019a03ed0d969a20c445dd2376d1ff0da970e771,74d8a5f1529fb02e6c90fe1039a56b52,cross_series,IMAGE_CUE_FRESH,sum4,0,1,3.0,4.0,leaf,False,True,False,16,"[50, 41, 49, 18]","[34, 41, 49, 18]","[[1, 0, 0, 1], [0, 1, 0, 1], [0, 0, 1, 1]]","[52, 59, 67]"
CONTINUATION_UNUSED,45c82a83e7ca5e30aea6a90478c463087d007ec8940902ef5315e25e33d8962b,c61025d8adfd4e300cf55341230d84b3,duplicate_encoding,SYMBOLIC_FRESH,sum4,3,4,,,duplicate_encoding,True,True,True,38,"[47, 37, 4, 66]","[47, 37, 4, 28]","[[0, 0, 0, 1]]",[28]
CONTINUATION_UNUSED,88bbeaf28b7e7e7b362717541871cad27b1bd1bb83a4557b32b2df37582f228f,b5291db87889ed1be582773210c786cc,cross_series,IMAGE_CUE_FRESH,sum4,1,2,1.0,2.0,center,True,True,True,34,"[49, 34, 19, 39]","[49, 0, 19, 39]","[[1, 1, 0, 0], [0, 1, 1, 0], [0, 1, 0, 1]]","[49, 19, 39]"
CONTINUATION_UNUSED,7fd3a54da3143d628d111005032c10a8922ce890c645f0f698c816ef16e60b95,5bd73538bb2491bbcba15eea7c73cfb6,duplicate_encoding,SYMBOLIC_FRESH,range4,2,3,,,duplicate_encoding,True,True,True,52,"[42, 23, 96, 12]","[42, 23, 44, 12]","[[0, 0, 1, 0]]",[44]
CONTINUATION_UNUSED,dbb83842697541eacfe40a059f67141611d267dfcdaec452a5da76e0e3be0148,e4531374fdfb288c662749416af49b2b,trend,IMAGE_CUE_FRESH,range4,1,2,,,trend,False,True,False,26,"[29, 6, 35, 38]","[29, 32, 35, 38]","[[1, -2, 1, 0], [0, 1, -2, 1]]","[0, 0]"
CONTINUATION_UNUSED,25d2088bb37d5d54d0f3646ddda5236522e04fc45f63580f840e03c52715a46d,da2f3c3300dc9c2d97200ac6b7ab46d4,duplicate_encoding,SYMBOLIC_FRESH,difference_pairs,2,3,,,duplicate_encoding,True,True,True,20,"[27, 17, 19, 26]","[27, 17, 39, 26]","[[0, 0, 1, 0]]",[39]
CONTINUATION_UNUSED,9bffdec516276d089b4986af07aedb9cbdd5294ec0737c39bc9cb7900baf496a,191552f799854ac4cc511e49d658f3b3,duplicate_encoding,IMAGE_CUE_FRESH,range4,1,2,,,duplicate_encoding,True,True,True,50,"[31, 68, 24, 44]","[31, 18, 24, 44]","[[0, 1, 0, 0]]",[18]
CONTINUATION_UNUSED,9d0f27e875dc44004fcec4fd252094fac0c63be74cf7113903ad8e0850e3110c,a9ea077e6aef79be2b3d762e41ebc9a8,cross_series,SYMBOLIC_FRESH,range4,3,4,2.0,3.0,leaf,True,False,True,18,"[7, 16, 7, 20]","[7, 16, 7, 38]","[[1, 0, 1, 0], [0, 1, 1, 0], [0, 0, 1, 1]]","[14, 23, 45]"
CONTINUATION_UNUSED,adb5cbcb1cbf271753dba152949f3c65eca27160146113709ad024c87a1d5ce4,fc58a5c66b85ddb4e84807d0e3c06651,trend,SYMBOLIC_FRESH,sum4,1,2,,,trend,False,True,False,3,"[9, 14, 13, 15]","[9, 11, 13, 15]","[[1, -2, 1, 0], [0, 1, -2, 1]]","[0, 0]"
CONTINUATION_UNUSED,7a19c2f3408a2fcd7b96c1be3c58dead6e223b689c4662875abb6c8843cb4e62,4ff2f41e72f490fe18fda25407779360,trend,IMAGE_CUE_FRESH,difference_pairs,1,2,,,trend,False,True,False,7,"[29, 21, 27, 26]","[29, 28, 27, 26]","[[1, -2, 1, 0], [0, 1, -2, 1]]","[0, 0]"
CONTINUATION_UNUSED,c0477195f7abaf0652e854661031bdc7988250b1a92c5f1e928e5efc2b9320fe,b3601333831e9df4f5c9d8384cad6668,duplicate_encoding,IMAGE_CUE_FRESH,sum4,0,1,,,duplicate_encoding,True,True,True,36,"[60, 40, 35, 27]","[24, 40, 35, 27]","[[1, 0, 0, 0]]",[24]
CONTINUATION_UNUSED,6202bdac427550583104c65d92ed016d0c1aaa59f862777238720fb6fd416460,121db11fad8dc6932845ae81bebc60fb,trend,SYMBOLIC_FRESH,range4,2,3,,,trend,True,False,True,1,"[7, 11, 14, 19]","[7, 11, 15, 19]","[[1, -2, 1, 0], [0, 1, -2, 1]]","[0, 0]"
CONTINUATION_UNUSED,121154f5ce44ed4199601714746aacdbad6ed3f04b7c4483d69c91dc7fc11097,37ef8943cdeda9c29ec332fd7085b4b7,duplicate_encoding,IMAGE_CUE_FRESH,range4,2,3,,,duplicate_encoding,True,True,True,29,"[9, 10, 52, 40]","[9, 10, 23, 40]","[[0, 0, 1, 0]]",[23]
CONTINUATION_UNUSED,1cfc9923b40416081f5ac4cf144e78d8f6cdfb19b5a4d3faedcf98a3f2cdf983,56c63f22cf7e72a86bf08431cbc46261,trend,SYMBOLIC_FRESH,range4,3,4,,,trend,True,False,True,54,"[28, 24, 20, 70]","[28, 24, 20, 16]","[[1, -2, 1, 0], [0, 1, -2, 1]]","[0, 0]"
CONTINUATION_UNUSED,e0fc1629256e23f943d6d8cb1b6b8aa8ed7481a4ef8a49f7681a8973d07587a5,01cd89422069c2632104172931a73eb9,trend,IMAGE_CUE_FRESH,range4,2,3,,,trend,True,False,True,13,"[16, 18, 7, 22]","[16, 18, 20, 22]","[[1, -2, 1, 0], [0, 1, -2, 1]]","[0, 0]"
CONTINUATION_UNUSED,29c041e2aca0c1e3bf19d952ddcdd0c890509dffa612832ca9c030a70a5b261e,02f1e18fc6070340ca2d0a5a68685757,duplicate_encoding,SYMBOLIC_FRESH,difference_pairs,0,1,,,duplicate_encoding,True,True,True,56,"[90, 6, 45, 37]","[34, 6, 45, 37]","[[1, 0, 0, 0]]",[34]
CONTINUATION_UNUSED,44d576cae1bd446b300e049622440b64af78b90e2107939cfd441bbb6695d912,e77bc498123da4365c61549c1d5c7be2,cross_series,IMAGE_CUE_FRESH,range4,1,2,1.0,2.0,center,True,True,True,64,"[41, 96, 15, 11]","[41, 32, 15, 11]","[[1, 1, 0, 0], [0, 1, 1, 0], [0, 1, 0, 1]]","[73, 47, 43]"
CONTINUATION_UNUSED,bfa677e3236f9b5b0616725e56baf1419cb4feec93b371de922560bcd0fe78f3,cc61d7ed2d4526b645d80b0c1938e9bb,duplicate_encoding,IMAGE_CUE_FRESH,sum4,2,3,,,duplicate_encoding,True,True,True,29,"[17, 13, 37, 4]","[17, 13, 8, 4]","[[0, 0, 1, 0]]",[8]
CONTINUATION_UNUSED,fa12ed3302b11b5f00a6ae4d15cb3b2d094faeb15e142ac48eb94d2ff1717095,1378cab8cc84e2ed5e6a371b9e644fa8,cross_series,IMAGE_CUE_FRESH,sum4,3,4,0.0,1.0,leaf,True,False,True,4,"[18, 10, 15, 43]","[18, 10, 15, 47]","[[1, 1, 0, 0], [1, 0, 1, 0], [1, 0, 0, 1]]","[28, 33, 65]"
CONTINUATION_UNUSED,4cfbdfccc6b58fbd331848936bbf831ce7db76d6dca2198cef7557ed245d148d,08488fa6f057d91df165d7fd18bc9c50,trend,IMAGE_CUE_FRESH,range4,2,3,,,trend,True,False,True,28,"[37, 36, 7, 34]","[37, 36, 35, 34]","[[1, -2, 1, 0], [0, 1, -2, 1]]","[0, 0]"
CONTINUATION_UNUSED,c7a3aae6d9153252360d51038f6a8660ec35a438ce18a8119037dc8face2d497,da78710577f13f71e2ff2058e83d3ffe,cross_series,SYMBOLIC_FRESH,range4,1,2,2.0,3.0,leaf,False,True,True,46,"[36, 57, 13, 27]","[36, 11, 13, 27]","[[1, 0, 1, 0], [0, 1, 1, 0], [0, 0, 1, 1]]","[49, 24, 40]"
CONTINUATION_UNUSED,b8d991c97e3cfd633cfb0325d17c21dce755543f30c3d4eed83b217eb88d6c42,fc3a5edf150fef5eb5736848370e0ce1,cross_series,IMAGE_CUE_FRESH,sum4,0,1,3.0,4.0,leaf,False,True,False,10,"[22, 15, 27, 34]","[32, 15, 27, 34]","[[1, 0, 0, 1], [0, 1, 0, 1], [0, 0, 1, 1]]","[66, 49, 61]"
CONTINUATION_UNUSED,3f1a89381b92d3d96ce316f3788552c27f1000b460ac3aa4afdf3e8e67edb034,41a89afc24b31d36d273a41f05c6aa84,duplicate_encoding,SYMBOLIC_FRESH,difference_pairs,2,3,,,duplicate_encoding,True,True,True,33,"[17, 40, 67, 25]","[17, 40, 34, 25]","[[0, 0, 1, 0]]",[34]
CONTINUATION_UNUSED,2ab0c60ffe2394f5d964f34ca2d4cf213ba4c728dfc69577e856499493ae0555,5a100283edb1faa1b4a5c73d6fb328bf,cross_series,IMAGE_CUE_FRESH,range4,3,4,0.0,1.0,leaf,True,False,True,12,"[31, 29, 20, 25]","[31, 29, 20, 13]","[[1, 1, 0, 0], [1, 0, 1, 0], [1, 0, 0, 1]]","[60, 51, 44]"
CONTINUATION_UNUSED,2ba40e2d787dae082fbd3daaa95475a7c203bb88459425650a2539dc6c0c7dd3,cd86f1447907659b96592788504f3502,cross_series,SYMBOLIC_FRESH,sum4,2,3,1.0,2.0,leaf,True,False,True,75,"[30, 42, 76, 2]","[30, 42, 1, 2]","[[1, 1, 0, 0], [0, 1, 1, 0], [0, 1, 0, 1]]","[72, 43, 44]"
CONTINUATION_UNUSED,863be3abb04b5a6897106f2589f0562908d8bb410973ad4bb40793074a402360,a62e28318b2e62e11f43400e33667e2a,trend,SYMBOLIC_FRESH,range4,3,4,,,trend,True,False,True,1,"[22, 15, 8, 2]","[22, 15, 8, 1]","[[1, -2, 1, 0], [0, 1, -2, 1]]","[0, 0]"
CONTINUATION_UNUSED,12e226bc5072ca15526a799c5a8a64553f01aaebcb94a8012dbe514dcd5bf586,34a4d36cb3413089c77525ec91148573,trend,IMAGE_CUE_FRESH,range4,2,3,,,trend,True,False,True,25,"[15, 23, 56, 39]","[15, 23, 31, 39]","[[1, -2, 1, 0], [0, 1, -2, 1]]","[0, 0]"
CONTINUATION_UNUSED,4a4c3ea7e3abb6ab84e168c5a22e71568f5f743e830cea384854bbcf579d0dc1,027fcde983d9994f8f21c9663d473c07,trend,IMAGE_CUE_FRESH,difference_pairs,1,2,,,trend,False,True,False,4,"[6, 15, 32, 45]","[6, 19, 32, 45]","[[1, -2, 1, 0], [0, 1, -2, 1]]","[0, 0]"
