level,lineage,component,stratum,left,right,weighted_similarity,weighted_squared_distance,X_X_weighted_similarity
Z2_REWARD_DISTRIBUTION,61001,current,cross_series|IMAGE_CUE_FRESH,61002_t32,61002_t96,0.1577889730033163,0.017755387326700733,0.1577889730033163
Z2_REWARD_DISTRIBUTION,61001,current,cross_series|IMAGE_CUE_FRESH,61002_t32,61003_t32,0.16196433857667425,0.009404656179984816,0.15452086722283345
Z2_REWARD_DISTRIBUTION,61001,current,cross_series|IMAGE_CUE_FRESH,61002_t32,61003_t96,0.1577889730033163,0.017755387326700733,0.1577889730033163
Z2_REWARD_DISTRIBUTION,61001,current,cross_series|IMAGE_CUE_FRESH,61002_t32,61004_t32,0.16176249898707368,0.00980833535918596,0.15197455906241564
Z2_REWARD_DISTRIBUTION,61001,current,cross_series|IMAGE_CUE_FRESH,61002_t32,61004_t96,0.1577889730033163,0.017755387326700733,0.1577889730033163
Z2_REWARD_DISTRIBUTION,61001,current,cross_series|IMAGE_CUE_FRESH,61002_t96,61003_t32,0.1628043521835259,0.00772462896628151,0.1628043521835259
Z2_REWARD_DISTRIBUTION,61001,current,cross_series|IMAGE_CUE_FRESH,61002_t96,61003_t96,0.16666666666666666,0.0,0.16666666666666666
Z2_REWARD_DISTRIBUTION,61001,current,cross_series|IMAGE_CUE_FRESH,61002_t96,61004_t32,0.16004416354082057,0.01324500625169217,0.16004416354082057
Z2_REWARD_DISTRIBUTION,61001,current,cross_series|IMAGE_CUE_FRESH,61002_t96,61004_t96,0.16666666666666666,0.0,0.16666666666666666
Z2_REWARD_DISTRIBUTION,61001,current,cross_series|IMAGE_CUE_FRESH,61003_t32,61003_t96,0.1628043521835259,0.00772462896628151,0.1628043521835259
Z2_REWARD_DISTRIBUTION,61001,current,cross_series|IMAGE_CUE_FRESH,61003_t32,61004_t32,0.16430535659403053,0.004722620145272249,0.1566338538616299
Z2_REWARD_DISTRIBUTION,61001,current,cross_series|IMAGE_CUE_FRESH,61003_t32,61004_t96,0.1628043521835259,0.00772462896628151,0.1628043521835259
Z2_REWARD_DISTRIBUTION,61001,current,cross_series|IMAGE_CUE_FRESH,61003_t96,61004_t32,0.16004416354082057,0.01324500625169217,0.16004416354082057
Z2_REWARD_DISTRIBUTION,61001,current,cross_series|IMAGE_CUE_FRESH,61003_t96,61004_t96,0.16666666666666666,0.0,0.16666666666666666
Z2_REWARD_DISTRIBUTION,61001,current,cross_series|IMAGE_CUE_FRESH,61004_t32,61004_t96,0.16004416354082057,0.01324500625169217,0.16004416354082057
Z2_REWARD_DISTRIBUTION,61001,current,cross_series|SYMBOLIC_FRESH,61002_t32,61002_t96,0.11340495659000664,0.10652342015332003,0.03726961521387491
Z2_REWARD_DISTRIBUTION,61001,current,cross_series|SYMBOLIC_FRESH,61002_t32,61003_t32,0.1569135371779882,0.019506258977356916,0.027671362400044572
Z2_REWARD_DISTRIBUTION,61001,current,cross_series|SYMBOLIC_FRESH,61002_t32,61003_t96,0.11437447615612024,0.10458438102109283,0.0366675966745521
Z2_REWARD_DISTRIBUTION,61001,current,cross_series|SYMBOLIC_FRESH,61002_t32,61004_t32,0.15792725515132283,0.01747882303068765,0.023907080402498712
Z2_REWARD_DISTRIBUTION,61001,current,cross_series|SYMBOLIC_FRESH,61002_t32,61004_t96,0.11865117170204781,0.0960309899292377,0.033953011421189644
Z2_REWARD_DISTRIBUTION,61001,current,cross_series|SYMBOLIC_FRESH,61002_t96,61003_t32,0.12282934017282135,0.08767465298769062,0.04490686802082181
Z2_REWARD_DISTRIBUTION,61001,current,cross_series|SYMBOLIC_FRESH,61002_t96,61003_t96,0.16210709197765025,0.00911914937803282,0.0706404205503407
Z2_REWARD_DISTRIBUTION,61001,current,cross_series|SYMBOLIC_FRESH,61002_t96,61004_t32,0.11005953797609862,0.11321425738113608,0.038818865551346775
Z2_REWARD_DISTRIBUTION,61001,current,cross_series|SYMBOLIC_FRESH,61002_t96,61004_t96,0.15894647272196522,0.015440387889402885,0.06583271253478956
Z2_REWARD_DISTRIBUTION,61001,current,cross_series|SYMBOLIC_FRESH,61003_t32,61003_t96,0.1239497824790265,0.08543376837528033,0.04419407765430901
Z2_REWARD_DISTRIBUTION,61001,current,cross_series|SYMBOLIC_FRESH,61003_t32,61004_t32,0.15561503296691123,0.02210326739951085,0.027319689558281516
Z2_REWARD_DISTRIBUTION,61001,current,cross_series|SYMBOLIC_FRESH,61003_t32,61004_t96,0.1274046682262919,0.07852399688074951,0.04095046432307123
Z2_REWARD_DISTRIBUTION,61001,current,cross_series|SYMBOLIC_FRESH,61003_t96,61004_t32,0.10828595331384791,0.1167614267056375,0.03839243445080018
Z2_REWARD_DISTRIBUTION,61001,current,cross_series|SYMBOLIC_FRESH,61003_t96,61004_t96,0.15503167192153977,0.023269989490253773,0.06437783105187117
Z2_REWARD_DISTRIBUTION,61001,current,cross_series|SYMBOLIC_FRESH,61004_t32,61004_t96,0.1144599149652592,0.10441350340281491,0.035532849576115015
Z2_REWARD_DISTRIBUTION,61001,current,duplicate_encoding|IMAGE_CUE_FRESH,61002_t32,61002_t96,0.16601045767714484,0.0013124179790436341,0.16601045767714484
Z2_REWARD_DISTRIBUTION,61001,current,duplicate_encoding|IMAGE_CUE_FRESH,61002_t32,61003_t32,0.16535769356952645,0.002617946194280407,0.16535769356952645
Z2_REWARD_DISTRIBUTION,61001,current,duplicate_encoding|IMAGE_CUE_FRESH,61002_t32,61003_t96,0.16601045767714484,0.0013124179790436341,0.16601045767714484
Z2_REWARD_DISTRIBUTION,61001,current,duplicate_encoding|IMAGE_CUE_FRESH,61002_t32,61004_t32,0.16601045767714484,0.0013124179790436341,0.16601045767714484
Z2_REWARD_DISTRIBUTION,61001,current,duplicate_encoding|IMAGE_CUE_FRESH,61002_t32,61004_t96,0.16601045767714484,0.0013124179790436341,0.16601045767714484
Z2_REWARD_DISTRIBUTION,61001,current,duplicate_encoding|IMAGE_CUE_FRESH,61002_t96,61003_t32,0.16601045767714484,0.0013124179790436341,0.16601045767714484
Z2_REWARD_DISTRIBUTION,61001,current,duplicate_encoding|IMAGE_CUE_FRESH,61002_t96,61003_t96,0.16666666666666666,0.0,0.16666666666666666
Z2_REWARD_DISTRIBUTION,61001,current,duplicate_encoding|IMAGE_CUE_FRESH,61002_t96,61004_t32,0.16666666666666666,0.0,0.16666666666666666
Z2_REWARD_DISTRIBUTION,61001,current,duplicate_encoding|IMAGE_CUE_FRESH,61002_t96,61004_t96,0.16666666666666666,0.0,0.16666666666666666
Z2_REWARD_DISTRIBUTION,61001,current,duplicate_encoding|IMAGE_CUE_FRESH,61003_t32,61003_t96,0.16601045767714484,0.0013124179790436341,0.16601045767714484
Z2_REWARD_DISTRIBUTION,61001,current,duplicate_encoding|IMAGE_CUE_FRESH,61003_t32,61004_t32,0.16601045767714484,0.0013124179790436341,0.16601045767714484
Z2_REWARD_DISTRIBUTION,61001,current,duplicate_encoding|IMAGE_CUE_FRESH,61003_t32,61004_t96,0.16601045767714484,0.0013124179790436341,0.16601045767714484
Z2_REWARD_DISTRIBUTION,61001,current,duplicate_encoding|IMAGE_CUE_FRESH,61003_t96,61004_t32,0.16666666666666666,0.0,0.16666666666666666
Z2_REWARD_DISTRIBUTION,61001,current,duplicate_encoding|IMAGE_CUE_FRESH,61003_t96,61004_t96,0.16666666666666666,0.0,0.16666666666666666
Z2_REWARD_DISTRIBUTION,61001,current,duplicate_encoding|IMAGE_CUE_FRESH,61004_t32,61004_t96,0.16666666666666666,0.0,0.16666666666666666
Z2_REWARD_DISTRIBUTION,61001,current,duplicate_encoding|SYMBOLIC_FRESH,61002_t32,61002_t96,0.15916844269466854,0.014996447943996238,0.15916844269466854
Z2_REWARD_DISTRIBUTION,61001,current,duplicate_encoding|SYMBOLIC_FRESH,61002_t32,61003_t32,0.1614855512478653,0.010362230837602793,0.1536707407106075
Z2_REWARD_DISTRIBUTION,61001,current,duplicate_encoding|SYMBOLIC_FRESH,61002_t32,61003_t96,0.15916844269466854,0.014996447943996238,0.15916844269466854
Z2_REWARD_DISTRIBUTION,61001,current,duplicate_encoding|SYMBOLIC_FRESH,61002_t32,61004_t32,0.1607305811051982,0.011872171122936925,0.14827536041452505
Z2_REWARD_DISTRIBUTION,61001,current,duplicate_encoding|SYMBOLIC_FRESH,61002_t32,61004_t96,0.15916844269466854,0.014996447943996238,0.15916844269466854
Z2_REWARD_DISTRIBUTION,61001,current,duplicate_encoding|SYMBOLIC_FRESH,61002_t96,61003_t32,0.16090317088452102,0.011526991564291322,0.16090317088452102
Z2_REWARD_DISTRIBUTION,61001,current,duplicate_encoding|SYMBOLIC_FRESH,61002_t96,61003_t96,0.16666666666666666,0.0,0.16666666666666666
Z2_REWARD_DISTRIBUTION,61001,current,duplicate_encoding|SYMBOLIC_FRESH,61002_t96,61004_t32,0.15508922626453228,0.02315488080426875,0.15508922626453228
Z2_REWARD_DISTRIBUTION,61001,current,duplicate_encoding|SYMBOLIC_FRESH,61002_t96,61004_t96,0.16666666666666666,0.0,0.16666666666666666
Z2_REWARD_DISTRIBUTION,61001,current,duplicate_encoding|SYMBOLIC_FRESH,61003_t32,61003_t96,0.16090317088452102,0.011526991564291322,0.16090317088452102
Z2_REWARD_DISTRIBUTION,61001,current,duplicate_encoding|SYMBOLIC_FRESH,61003_t32,61004_t32,0.16089652049688405,0.011540292339565272,0.1497637342444635
Z2_REWARD_DISTRIBUTION,61001,current,duplicate_encoding|SYMBOLIC_FRESH,61003_t32,61004_t96,0.16090317088452102,0.011526991564291322,0.16090317088452102
Z2_REWARD_DISTRIBUTION,61001,current,duplicate_encoding|SYMBOLIC_FRESH,61003_t96,61004_t32,0.15508922626453228,0.02315488080426875,0.15508922626453228
Z2_REWARD_DISTRIBUTION,61001,current,duplicate_encoding|SYMBOLIC_FRESH,61003_t96,61004_t96,0.16666666666666666,0.0,0.16666666666666666
Z2_REWARD_DISTRIBUTION,61001,current,duplicate_encoding|SYMBOLIC_FRESH,61004_t32,61004_t96,0.15508922626453228,0.02315488080426875,0.15508922626453228
Z2_REWARD_DISTRIBUTION,61001,current,trend|IMAGE_CUE_FRESH,61002_t32,61002_t96,0.1573453882719371,0.01864255678945914,0.15659363010892977
Z2_REWARD_DISTRIBUTION,61001,current,trend|IMAGE_CUE_FRESH,61002_t32,61003_t32,0.1616346546402378,0.010064024052857723,0.15093574925426356
Z2_REWARD_DISTRIBUTION,61001,current,trend|IMAGE_CUE_FRESH,61002_t32,61003_t96,0.15679823921000574,0.019736854913321833,0.15679823921000574
Z2_REWARD_DISTRIBUTION,61001,current,trend|IMAGE_CUE_FRESH,61002_t32,61004_t32,0.1630259396454571,0.007281454042419089,0.14772393113239018
Z2_REWARD_DISTRIBUTION,61001,current,trend|IMAGE_CUE_FRESH,61002_t32,61004_t96,0.15679823921000574,0.019736854913321833,0.15679823921000574
Z2_REWARD_DISTRIBUTION,61001,current,trend|IMAGE_CUE_FRESH,61002_t96,61003_t32,0.15990469897158327,0.013523935390166775,0.15990469897158327
Z2_REWARD_DISTRIBUTION,61001,current,trend|IMAGE_CUE_FRESH,61002_t96,61003_t96,0.16644793033682606,0.00043747265968119287,0.16644793033682606
Z2_REWARD_DISTRIBUTION,61001,current,trend|IMAGE_CUE_FRESH,61002_t96,61004_t32,0.15660155244279217,0.020130228447748977,0.1561675246650144
Z2_REWARD_DISTRIBUTION,61001,current,trend|IMAGE_CUE_FRESH,61002_t96,61004_t96,0.16644793033682606,0.00043747265968119287,0.16644793033682606
Z2_REWARD_DISTRIBUTION,61001,current,trend|IMAGE_CUE_FRESH,61003_t32,61003_t96,0.16011999041952044,0.013093352494292443,0.16011999041952044
Z2_REWARD_DISTRIBUTION,61001,current,trend|IMAGE_CUE_FRESH,61003_t32,61004_t32,0.1618119062838382,0.009709520765656898,0.15063948090819454
Z2_REWARD_DISTRIBUTION,61001,current,trend|IMAGE_CUE_FRESH,61003_t32,61004_t96,0.16011999041952044,0.013093352494292443,0.16011999041952044
Z2_REWARD_DISTRIBUTION,61001,current,trend|IMAGE_CUE_FRESH,61003_t96,61004_t32,0.15638281611295157,0.02056770110743017,0.15638281611295157
Z2_REWARD_DISTRIBUTION,61001,current,trend|IMAGE_CUE_FRESH,61003_t96,61004_t96,0.16666666666666666,0.0,0.16666666666666666
Z2_REWARD_DISTRIBUTION,61001,current,trend|IMAGE_CUE_FRESH,61004_t32,61004_t96,0.15638281611295157,0.02056770110743017,0.15638281611295157
Z2_REWARD_DISTRIBUTION,61001,current,trend|SYMBOLIC_FRESH,61002_t32,61002_t96,0.10396308301026042,0.12540716731281248,0.04919721743843929
Z2_REWARD_DISTRIBUTION,61001,current,trend|SYMBOLIC_FRESH,61002_t32,61003_t32,0.15508154726521328,0.02317023880290675,0.0382477293227533
Z2_REWARD_DISTRIBUTION,61001,current,trend|SYMBOLIC_FRESH,61002_t32,61003_t96,0.10074956355428849,0.13183420622475633,0.04909899212091387
Z2_REWARD_DISTRIBUTION,61001,current,trend|SYMBOLIC_FRESH,61002_t32,61004_t32,0.15893719481940335,0.015458943694526661,0.03439129597182693
Z2_REWARD_DISTRIBUTION,61001,current,trend|SYMBOLIC_FRESH,61002_t32,61004_t96,0.09215154434955082,0.14903024463423167,0.04925491978969922
Z2_REWARD_DISTRIBUTION,61001,current,trend|SYMBOLIC_FRESH,61002_t96,61003_t32,0.12485010007849527,0.08363313317634277,0.06719196019964864
Z2_REWARD_DISTRIBUTION,61001,current,trend|SYMBOLIC_FRESH,61002_t96,61003_t96,0.15578327746491888,0.021766778403495557,0.09612142579659978
Z2_REWARD_DISTRIBUTION,61001,current,trend|SYMBOLIC_FRESH,61002_t96,61004_t32,0.11469821160516455,0.10393691012300427,0.05939508413002717
Z2_REWARD_DISTRIBUTION,61001,current,trend|SYMBOLIC_FRESH,61002_t96,61004_t96,0.15508136507050094,0.02317060319233144,0.0965624558444907
Z2_REWARD_DISTRIBUTION,61001,current,trend|SYMBOLIC_FRESH,61003_t32,61003_t96,0.12275872852816117,0.08781587627701098,0.0670733079846409
Z2_REWARD_DISTRIBUTION,61001,current,trend|SYMBOLIC_FRESH,61003_t32,61004_t32,0.15815914835390618,0.017015036625521007,0.04544017812659708
Z2_REWARD_DISTRIBUTION,61001,current,trend|SYMBOLIC_FRESH,61003_t32,61004_t96,0.11301508862328084,0.10730315608677163,0.06732913532652936
Z2_REWARD_DISTRIBUTION,61001,current,trend|SYMBOLIC_FRESH,61003_t96,61004_t32,0.1154551070035377,0.10242311932625797,0.05930862508472811
Z2_REWARD_DISTRIBUTION,61001,current,trend|SYMBOLIC_FRESH,61003_t96,61004_t96,0.1604046335320264,0.012524066269280487,0.0963506653038199
Z2_REWARD_DISTRIBUTION,61001,current,trend|SYMBOLIC_FRESH,61004_t32,61004_t96,0.10644224509102176,0.12044884315128984,0.05952088354478635
Z2_REWARD_DISTRIBUTION,61001,history,cross_series|IMAGE_CUE_FRESH,61002_t32,61002_t96,0.0,0.06055556880298294,
Z2_REWARD_DISTRIBUTION,61001,history,cross_series|IMAGE_CUE_FRESH,61002_t32,61003_t32,0.01680822747378948,0.06338132828836618,
Z2_REWARD_DISTRIBUTION,61001,history,cross_series|IMAGE_CUE_FRESH,61002_t32,61003_t96,0.0,0.06055556880298294,
Z2_REWARD_DISTRIBUTION,61001,history,cross_series|IMAGE_CUE_FRESH,61002_t32,61004_t32,-0.005295576602239819,0.10306466733156082,
Z2_REWARD_DISTRIBUTION,61001,history,cross_series|IMAGE_CUE_FRESH,61002_t32,61004_t96,0.0,0.06055556880298294,
Z2_REWARD_DISTRIBUTION,61001,history,cross_series|IMAGE_CUE_FRESH,61002_t96,61003_t32,0.0,0.0364422144329622,
Z2_REWARD_DISTRIBUTION,61001,history,cross_series|IMAGE_CUE_FRESH,61002_t96,61003_t96,0.0,0.0,
Z2_REWARD_DISTRIBUTION,61001,history,cross_series|IMAGE_CUE_FRESH,61002_t96,61004_t32,0.0,0.03191794532409825,
Z2_REWARD_DISTRIBUTION,61001,history,cross_series|IMAGE_CUE_FRESH,61002_t96,61004_t96,0.0,0.0,
Z2_REWARD_DISTRIBUTION,61001,history,cross_series|IMAGE_CUE_FRESH,61003_t32,61003_t96,0.0,0.0364422144329622,
Z2_REWARD_DISTRIBUTION,61001,history,cross_series|IMAGE_CUE_FRESH,61003_t32,61004_t32,0.005814492310987201,0.05673117513508604,
Z2_REWARD_DISTRIBUTION,61001,history,cross_series|IMAGE_CUE_FRESH,61003_t32,61004_t96,0.0,0.0364422144329622,
Z2_REWARD_DISTRIBUTION,61001,history,cross_series|IMAGE_CUE_FRESH,61003_t96,61004_t32,0.0,0.03191794532409825,
Z2_REWARD_DISTRIBUTION,61001,history,cross_series|IMAGE_CUE_FRESH,61003_t96,61004_t96,0.0,0.0,
Z2_REWARD_DISTRIBUTION,61001,history,cross_series|IMAGE_CUE_FRESH,61004_t32,61004_t96,0.0,0.03191794532409825,
Z2_REWARD_DISTRIBUTION,61001,history,cross_series|SYMBOLIC_FRESH,61002_t32,61002_t96,-9.722983059163855e-05,0.11442790980491283,
Z2_REWARD_DISTRIBUTION,61001,history,cross_series|SYMBOLIC_FRESH,61002_t32,61003_t32,0.023317179465832706,0.1580473630183416,
Z2_REWARD_DISTRIBUTION,61001,history,cross_series|SYMBOLIC_FRESH,61002_t32,61003_t96,-0.002441602839411211,0.11752515583702491,
Z2_REWARD_DISTRIBUTION,61001,history,cross_series|SYMBOLIC_FRESH,61002_t32,61004_t32,0.02073217352486596,0.17273775839453182,
Z2_REWARD_DISTRIBUTION,61001,history,cross_series|SYMBOLIC_FRESH,61002_t32,61004_t96,-0.0008039140249967931,0.13043333646960725,
Z2_REWARD_DISTRIBUTION,61001,history,cross_series|SYMBOLIC_FRESH,61002_t96,61003_t32,-0.010801085216670026,0.16165745499143672,
Z2_REWARD_DISTRIBUTION,61001,history,cross_series|SYMBOLIC_FRESH,61002_t96,61003_t96,0.009365828167241545,0.029283856431809047,
Z2_REWARD_DISTRIBUTION,61001,history,cross_series|SYMBOLIC_FRESH,61002_t96,61004_t32,0.004552804702410024,0.1404700586475333,
Z2_REWARD_DISTRIBUTION,61001,history,cross_series|SYMBOLIC_FRESH,61002_t96,61004_t96,0.013474857016359448,0.037249356994984384,
Z2_REWARD_DISTRIBUTION,61001,history,cross_series|SYMBOLIC_FRESH,61003_t32,61003_t96,-0.003914068803816709,0.14629192218020304,
Z2_REWARD_DISTRIBUTION,61001,history,cross_series|SYMBOLIC_FRESH,61003_t32,61004_t32,0.0027043970167375756,0.2346151458251557,
Z2_REWARD_DISTRIBUTION,61001,history,cross_series|SYMBOLIC_FRESH,61003_t32,61004_t96,0.0017109001295166364,0.15122554257494747,
Z2_REWARD_DISTRIBUTION,61001,history,cross_series|SYMBOLIC_FRESH,61003_t96,61004_t32,-0.00452980792896103,0.15704378392474838,
Z2_REWARD_DISTRIBUTION,61001,history,cross_series|SYMBOLIC_FRESH,61003_t96,61004_t96,-0.004706721125846364,0.07202101329386897,
Z2_REWARD_DISTRIBUTION,61001,history,cross_series|SYMBOLIC_FRESH,61004_t32,61004_t96,0.00432709545209855,0.15551353542404037,
Z2_REWARD_DISTRIBUTION,61001,history,duplicate_encoding|IMAGE_CUE_FRESH,61002_t32,61002_t96,0.0,0.02012726191786108,
Z2_REWARD_DISTRIBUTION,61001,history,duplicate_encoding|IMAGE_CUE_FRESH,61002_t32,61003_t32,0.0011520603168818614,0.03799123730889536,
Z2_REWARD_DISTRIBUTION,61001,history,duplicate_encoding|IMAGE_CUE_FRESH,61002_t32,61003_t96,0.0,0.02012726191786108,
Z2_REWARD_DISTRIBUTION,61001,history,duplicate_encoding|IMAGE_CUE_FRESH,61002_t32,61004_t32,2.009289024197738e-05,0.027619486566473686,
Z2_REWARD_DISTRIBUTION,61001,history,duplicate_encoding|IMAGE_CUE_FRESH,61002_t32,61004_t96,0.0,0.02012726191786108,
Z2_REWARD_DISTRIBUTION,61001,history,duplicate_encoding|IMAGE_CUE_FRESH,61002_t96,61003_t32,0.0,0.020168096024798,
Z2_REWARD_DISTRIBUTION,61001,history,duplicate_encoding|IMAGE_CUE_FRESH,61002_t96,61003_t96,0.0,0.0,
Z2_REWARD_DISTRIBUTION,61001,history,duplicate_encoding|IMAGE_CUE_FRESH,61002_t96,61004_t32,0.0,0.007532410429096559,
Z2_REWARD_DISTRIBUTION,61001,history,duplicate_encoding|IMAGE_CUE_FRESH,61002_t96,61004_t96,0.0,0.0,
Z2_REWARD_DISTRIBUTION,61001,history,duplicate_encoding|IMAGE_CUE_FRESH,61003_t32,61003_t96,0.0,0.020168096024798,
Z2_REWARD_DISTRIBUTION,61001,history,duplicate_encoding|IMAGE_CUE_FRESH,61003_t32,61004_t32,-0.002470939244378178,0.03264238494265092,
Z2_REWARD_DISTRIBUTION,61001,history,duplicate_encoding|IMAGE_CUE_FRESH,61003_t32,61004_t96,0.0,0.020168096024798,
Z2_REWARD_DISTRIBUTION,61001,history,duplicate_encoding|IMAGE_CUE_FRESH,61003_t96,61004_t32,0.0,0.007532410429096559,
Z2_REWARD_DISTRIBUTION,61001,history,duplicate_encoding|IMAGE_CUE_FRESH,61003_t96,61004_t96,0.0,0.0,
Z2_REWARD_DISTRIBUTION,61001,history,duplicate_encoding|IMAGE_CUE_FRESH,61004_t32,61004_t96,0.0,0.007532410429096559,
Z2_REWARD_DISTRIBUTION,61001,history,duplicate_encoding|SYMBOLIC_FRESH,61002_t32,61002_t96,0.0,0.08825545048752209,
Z2_REWARD_DISTRIBUTION,61001,history,duplicate_encoding|SYMBOLIC_FRESH,61002_t32,61003_t32,0.00038858499007673797,0.1514439898135556,
Z2_REWARD_DISTRIBUTION,61001,history,duplicate_encoding|SYMBOLIC_FRESH,61002_t32,61003_t96,0.0,0.08825545048752209,
Z2_REWARD_DISTRIBUTION,61001,history,duplicate_encoding|SYMBOLIC_FRESH,61002_t32,61004_t32,0.004182202388917435,0.16580415937739532,
Z2_REWARD_DISTRIBUTION,61001,history,duplicate_encoding|SYMBOLIC_FRESH,61002_t32,61004_t96,0.0,0.08825545048752209,
Z2_REWARD_DISTRIBUTION,61001,history,duplicate_encoding|SYMBOLIC_FRESH,61002_t96,61003_t32,0.0,0.06396570930618702,
Z2_REWARD_DISTRIBUTION,61001,history,duplicate_encoding|SYMBOLIC_FRESH,61002_t96,61003_t96,0.0,0.0,
Z2_REWARD_DISTRIBUTION,61001,history,duplicate_encoding|SYMBOLIC_FRESH,61002_t96,61004_t32,0.0,0.08591311366770808,
Z2_REWARD_DISTRIBUTION,61001,history,duplicate_encoding|SYMBOLIC_FRESH,61002_t96,61004_t96,0.0,0.0,
Z2_REWARD_DISTRIBUTION,61001,history,duplicate_encoding|SYMBOLIC_FRESH,61003_t32,61003_t96,0.0,0.06396570930618702,
Z2_REWARD_DISTRIBUTION,61001,history,duplicate_encoding|SYMBOLIC_FRESH,61003_t32,61004_t32,0.007042700331091597,0.1357934223117119,
Z2_REWARD_DISTRIBUTION,61001,history,duplicate_encoding|SYMBOLIC_FRESH,61003_t32,61004_t96,0.0,0.06396570930618702,
Z2_REWARD_DISTRIBUTION,61001,history,duplicate_encoding|SYMBOLIC_FRESH,61003_t96,61004_t32,0.0,0.08591311366770808,
Z2_REWARD_DISTRIBUTION,61001,history,duplicate_encoding|SYMBOLIC_FRESH,61003_t96,61004_t96,0.0,0.0,
Z2_REWARD_DISTRIBUTION,61001,history,duplicate_encoding|SYMBOLIC_FRESH,61004_t32,61004_t96,0.0,0.08591311366770808,
Z2_REWARD_DISTRIBUTION,61001,history,trend|IMAGE_CUE_FRESH,61002_t32,61002_t96,0.0018848716855060122,0.06559325643302856,
Z2_REWARD_DISTRIBUTION,61001,history,trend|IMAGE_CUE_FRESH,61002_t32,61003_t32,0.0360504117343116,0.07558635184455872,
Z2_REWARD_DISTRIBUTION,61001,history,trend|IMAGE_CUE_FRESH,61002_t32,61003_t96,0.0,0.06685219632767506,
Z2_REWARD_DISTRIBUTION,61001,history,trend|IMAGE_CUE_FRESH,61002_t32,61004_t32,0.008253058585419321,0.1158424981048298,
Z2_REWARD_DISTRIBUTION,61001,history,trend|IMAGE_CUE_FRESH,61002_t32,61004_t96,0.0,0.06685219632767506,
Z2_REWARD_DISTRIBUTION,61001,history,trend|IMAGE_CUE_FRESH,61002_t96,61003_t32,1.9771341745364173e-05,0.08330623977838167,
Z2_REWARD_DISTRIBUTION,61001,history,trend|IMAGE_CUE_FRESH,61002_t96,61003_t96,0.0,0.0025108034763655198,
Z2_REWARD_DISTRIBUTION,61001,history,trend|IMAGE_CUE_FRESH,61002_t96,61004_t32,0.0,0.0680072224243589,
Z2_REWARD_DISTRIBUTION,61001,history,trend|IMAGE_CUE_FRESH,61002_t96,61004_t96,0.0,0.0025108034763655198,
Z2_REWARD_DISTRIBUTION,61001,history,trend|IMAGE_CUE_FRESH,61003_t32,61003_t96,0.0,0.08083497898550687,
Z2_REWARD_DISTRIBUTION,61001,history,trend|IMAGE_CUE_FRESH,61003_t32,61004_t32,0.02170608801462997,0.10291922190424031,
Z2_REWARD_DISTRIBUTION,61001,history,trend|IMAGE_CUE_FRESH,61003_t32,61004_t96,0.0,0.08083497898550687,
Z2_REWARD_DISTRIBUTION,61001,history,trend|IMAGE_CUE_FRESH,61003_t96,61004_t32,0.0,0.06549641894799338,
Z2_REWARD_DISTRIBUTION,61001,history,trend|IMAGE_CUE_FRESH,61003_t96,61004_t96,0.0,0.0,
Z2_REWARD_DISTRIBUTION,61001,history,trend|IMAGE_CUE_FRESH,61004_t32,61004_t96,0.0,0.06549641894799338,
Z2_REWARD_DISTRIBUTION,61001,history,trend|SYMBOLIC_FRESH,61002_t32,61002_t96,0.002409854472028786,0.14628303672963872,
Z2_REWARD_DISTRIBUTION,61001,history,trend|SYMBOLIC_FRESH,61002_t32,61003_t32,0.020891812377542476,0.24056364690515375,
Z2_REWARD_DISTRIBUTION,61001,history,trend|SYMBOLIC_FRESH,61002_t32,61003_t96,-0.003574687781907295,0.15291476676863328,
Z2_REWARD_DISTRIBUTION,61001,history,trend|SYMBOLIC_FRESH,61002_t32,61004_t32,0.025261193294348557,0.16766750814741418,
Z2_REWARD_DISTRIBUTION,61001,history,trend|SYMBOLIC_FRESH,61002_t32,61004_t96,-0.008570369073161948,0.19676340859672312,
Z2_REWARD_DISTRIBUTION,61001,history,trend|SYMBOLIC_FRESH,61002_t96,61003_t32,0.0060217217102796015,0.15917402246309692,
Z2_REWARD_DISTRIBUTION,61001,history,trend|SYMBOLIC_FRESH,61002_t96,61003_t96,0.007272190589638303,0.02009120424895949,
Z2_REWARD_DISTRIBUTION,61001,history,trend|SYMBOLIC_FRESH,61002_t96,61004_t32,-0.005666275771807727,0.11839264050314419,
Z2_REWARD_DISTRIBUTION,61001,history,trend|SYMBOLIC_FRESH,61002_t96,61004_t96,-0.00013458888642203809,0.06876204244666072,
Z2_REWARD_DISTRIBUTION,61001,history,trend|SYMBOLIC_FRESH,61003_t32,61003_t96,0.002314095305059705,0.16125192080465914,
Z2_REWARD_DISTRIBUTION,61001,history,trend|SYMBOLIC_FRESH,61003_t32,61004_t32,0.02408709197308978,0.1901304309998916,
Z2_REWARD_DISTRIBUTION,61001,history,trend|SYMBOLIC_FRESH,61003_t32,61004_t96,-0.012514678072676878,0.22476674680571285,
Z2_REWARD_DISTRIBUTION,61001,history,trend|SYMBOLIC_FRESH,61003_t96,61004_t32,-0.012042015079806566,0.12580676465026427,
Z2_REWARD_DISTRIBUTION,61001,history,trend|SYMBOLIC_FRESH,61003_t96,61004_t96,-0.0027933211010334968,0.06874215240700604,
Z2_REWARD_DISTRIBUTION,61001,history,trend|SYMBOLIC_FRESH,61004_t32,61004_t96,-0.004349241584942815,0.14427849690611733,
Z3_REPAIR_STRUCTURE,61001,current,cross_series|IMAGE_CUE_FRESH,61002_t32,61002_t96,0.07889448650165815,0.008877693663350367,0.07889448650165815
Z3_REPAIR_STRUCTURE,61001,current,cross_series|IMAGE_CUE_FRESH,61002_t32,61003_t32,0.08098216928833712,0.004702328089992408,0.07726043361141673
Z3_REPAIR_STRUCTURE,61001,current,cross_series|IMAGE_CUE_FRESH,61002_t32,61003_t96,0.07889448650165815,0.008877693663350367,0.07889448650165815
Z3_REPAIR_STRUCTURE,61001,current,cross_series|IMAGE_CUE_FRESH,61002_t32,61004_t32,0.08088124949353684,0.00490416767959298,0.07598727953120782
Z3_REPAIR_STRUCTURE,61001,current,cross_series|IMAGE_CUE_FRESH,61002_t32,61004_t96,0.07889448650165815,0.008877693663350367,0.07889448650165815
Z3_REPAIR_STRUCTURE,61001,current,cross_series|IMAGE_CUE_FRESH,61002_t96,61003_t32,0.08140217609176295,0.003862314483140755,0.08140217609176295
Z3_REPAIR_STRUCTURE,61001,current,cross_series|IMAGE_CUE_FRESH,61002_t96,61003_t96,0.08333333333333333,0.0,0.08333333333333333
Z3_REPAIR_STRUCTURE,61001,current,cross_series|IMAGE_CUE_FRESH,61002_t96,61004_t32,0.08002208177041029,0.006622503125846085,0.08002208177041029
Z3_REPAIR_STRUCTURE,61001,current,cross_series|IMAGE_CUE_FRESH,61002_t96,61004_t96,0.08333333333333333,0.0,0.08333333333333333
Z3_REPAIR_STRUCTURE,61001,current,cross_series|IMAGE_CUE_FRESH,61003_t32,61003_t96,0.08140217609176295,0.003862314483140755,0.08140217609176295
Z3_REPAIR_STRUCTURE,61001,current,cross_series|IMAGE_CUE_FRESH,61003_t32,61004_t32,0.08215267829701527,0.0023613100726361247,0.07831692693081495
Z3_REPAIR_STRUCTURE,61001,current,cross_series|IMAGE_CUE_FRESH,61003_t32,61004_t96,0.08140217609176295,0.003862314483140755,0.08140217609176295
Z3_REPAIR_STRUCTURE,61001,current,cross_series|IMAGE_CUE_FRESH,61003_t96,61004_t32,0.08002208177041029,0.006622503125846085,0.08002208177041029
Z3_REPAIR_STRUCTURE,61001,current,cross_series|IMAGE_CUE_FRESH,61003_t96,61004_t96,0.08333333333333333,0.0,0.08333333333333333
Z3_REPAIR_STRUCTURE,61001,current,cross_series|IMAGE_CUE_FRESH,61004_t32,61004_t96,0.08002208177041029,0.006622503125846085,0.08002208177041029
Z3_REPAIR_STRUCTURE,61001,current,cross_series|SYMBOLIC_FRESH,61002_t32,61002_t96,0.05670247829500332,0.053261710076660015,0.018634807606937455
Z3_REPAIR_STRUCTURE,61001,current,cross_series|SYMBOLIC_FRESH,61002_t32,61003_t32,0.0784567685889941,0.009753129488678458,0.013835681200022286
Z3_REPAIR_STRUCTURE,61001,current,cross_series|SYMBOLIC_FRESH,61002_t32,61003_t96,0.05718723807806012,0.05229219051054641,0.01833379833727605
Z3_REPAIR_STRUCTURE,61001,current,cross_series|SYMBOLIC_FRESH,61002_t32,61004_t32,0.07896362757566142,0.008739411515343826,0.011953540201249356
Z3_REPAIR_STRUCTURE,61001,current,cross_series|SYMBOLIC_FRESH,61002_t32,61004_t96,0.059325585851023904,0.04801549496461885,0.016976505710594822
Z3_REPAIR_STRUCTURE,61001,current,cross_series|SYMBOLIC_FRESH,61002_t96,61003_t32,0.061414670086410675,0.04383732649384531,0.022453434010410906
Z3_REPAIR_STRUCTURE,61001,current,cross_series|SYMBOLIC_FRESH,61002_t96,61003_t96,0.08105354598882512,0.00455957468901641,0.03532021027517035
Z3_REPAIR_STRUCTURE,61001,current,cross_series|SYMBOLIC_FRESH,61002_t96,61004_t32,0.05502976898804931,0.05660712869056804,0.019409432775673387
Z3_REPAIR_STRUCTURE,61001,current,cross_series|SYMBOLIC_FRESH,61002_t96,61004_t96,0.07947323636098261,0.007720193944701442,0.03291635626739478
Z3_REPAIR_STRUCTURE,61001,current,cross_series|SYMBOLIC_FRESH,61003_t32,61003_t96,0.06197489123951325,0.042716884187640164,0.022097038827154504
Z3_REPAIR_STRUCTURE,61001,current,cross_series|SYMBOLIC_FRESH,61003_t32,61004_t32,0.07780751648345562,0.011051633699755425,0.013659844779140758
Z3_REPAIR_STRUCTURE,61001,current,cross_series|SYMBOLIC_FRESH,61003_t32,61004_t96,0.06370233411314595,0.03926199844037476,0.020475232161535614
Z3_REPAIR_STRUCTURE,61001,current,cross_series|SYMBOLIC_FRESH,61003_t96,61004_t32,0.054142976656923955,0.05838071335281875,0.01919621722540009
Z3_REPAIR_STRUCTURE,61001,current,cross_series|SYMBOLIC_FRESH,61003_t96,61004_t96,0.07751583596076989,0.011634994745126886,0.032188915525935585
Z3_REPAIR_STRUCTURE,61001,current,cross_series|SYMBOLIC_FRESH,61004_t32,61004_t96,0.0572299574826296,0.052206751701407456,0.017766424788057508
Z3_REPAIR_STRUCTURE,61001,current,duplicate_encoding|IMAGE_CUE_FRESH,61002_t32,61002_t96,0.08300522883857242,0.0006562089895218171,0.08300522883857242
Z3_REPAIR_STRUCTURE,61001,current,duplicate_encoding|IMAGE_CUE_FRESH,61002_t32,61003_t32,0.08267884678476323,0.0013089730971402036,0.08267884678476323
Z3_REPAIR_STRUCTURE,61001,current,duplicate_encoding|IMAGE_CUE_FRESH,61002_t32,61003_t96,0.08300522883857242,0.0006562089895218171,0.08300522883857242
Z3_REPAIR_STRUCTURE,61001,current,duplicate_encoding|IMAGE_CUE_FRESH,61002_t32,61004_t32,0.08300522883857242,0.0006562089895218171,0.08300522883857242
Z3_REPAIR_STRUCTURE,61001,current,duplicate_encoding|IMAGE_CUE_FRESH,61002_t32,61004_t96,0.08300522883857242,0.0006562089895218171,0.08300522883857242
Z3_REPAIR_STRUCTURE,61001,current,duplicate_encoding|IMAGE_CUE_FRESH,61002_t96,61003_t32,0.08300522883857242,0.0006562089895218171,0.08300522883857242
Z3_REPAIR_STRUCTURE,61001,current,duplicate_encoding|IMAGE_CUE_FRESH,61002_t96,61003_t96,0.08333333333333333,0.0,0.08333333333333333
Z3_REPAIR_STRUCTURE,61001,current,duplicate_encoding|IMAGE_CUE_FRESH,61002_t96,61004_t32,0.08333333333333333,0.0,0.08333333333333333
Z3_REPAIR_STRUCTURE,61001,current,duplicate_encoding|IMAGE_CUE_FRESH,61002_t96,61004_t96,0.08333333333333333,0.0,0.08333333333333333
Z3_REPAIR_STRUCTURE,61001,current,duplicate_encoding|IMAGE_CUE_FRESH,61003_t32,61003_t96,0.08300522883857242,0.0006562089895218171,0.08300522883857242
Z3_REPAIR_STRUCTURE,61001,current,duplicate_encoding|IMAGE_CUE_FRESH,61003_t32,61004_t32,0.08300522883857242,0.0006562089895218171,0.08300522883857242
Z3_REPAIR_STRUCTURE,61001,current,duplicate_encoding|IMAGE_CUE_FRESH,61003_t32,61004_t96,0.08300522883857242,0.0006562089895218171,0.08300522883857242
Z3_REPAIR_STRUCTURE,61001,current,duplicate_encoding|IMAGE_CUE_FRESH,61003_t96,61004_t32,0.08333333333333333,0.0,0.08333333333333333
Z3_REPAIR_STRUCTURE,61001,current,duplicate_encoding|IMAGE_CUE_FRESH,61003_t96,61004_t96,0.08333333333333333,0.0,0.08333333333333333
Z3_REPAIR_STRUCTURE,61001,current,duplicate_encoding|IMAGE_CUE_FRESH,61004_t32,61004_t96,0.08333333333333333,0.0,0.08333333333333333
Z3_REPAIR_STRUCTURE,61001,current,duplicate_encoding|SYMBOLIC_FRESH,61002_t32,61002_t96,0.07958422134733427,0.007498223971998119,0.07958422134733427
Z3_REPAIR_STRUCTURE,61001,current,duplicate_encoding|SYMBOLIC_FRESH,61002_t32,61003_t32,0.08074277562393264,0.005181115418801396,0.07683537035530374
Z3_REPAIR_STRUCTURE,61001,current,duplicate_encoding|SYMBOLIC_FRESH,61002_t32,61003_t96,0.07958422134733427,0.007498223971998119,0.07958422134733427
Z3_REPAIR_STRUCTURE,61001,current,duplicate_encoding|SYMBOLIC_FRESH,61002_t32,61004_t32,0.0803652905525991,0.005936085561468463,0.07413768020726252
Z3_REPAIR_STRUCTURE,61001,current,duplicate_encoding|SYMBOLIC_FRESH,61002_t32,61004_t96,0.07958422134733427,0.007498223971998119,0.07958422134733427
Z3_REPAIR_STRUCTURE,61001,current,duplicate_encoding|SYMBOLIC_FRESH,61002_t96,61003_t32,0.08045158544226051,0.005763495782145661,0.08045158544226051
Z3_REPAIR_STRUCTURE,61001,current,duplicate_encoding|SYMBOLIC_FRESH,61002_t96,61003_t96,0.08333333333333333,0.0,0.08333333333333333
Z3_REPAIR_STRUCTURE,61001,current,duplicate_encoding|SYMBOLIC_FRESH,61002_t96,61004_t32,0.07754461313226614,0.011577440402134376,0.07754461313226614
Z3_REPAIR_STRUCTURE,61001,current,duplicate_encoding|SYMBOLIC_FRESH,61002_t96,61004_t96,0.08333333333333333,0.0,0.08333333333333333
Z3_REPAIR_STRUCTURE,61001,current,duplicate_encoding|SYMBOLIC_FRESH,61003_t32,61003_t96,0.08045158544226051,0.005763495782145661,0.08045158544226051
Z3_REPAIR_STRUCTURE,61001,current,duplicate_encoding|SYMBOLIC_FRESH,61003_t32,61004_t32,0.08044826024844202,0.005770146169782636,0.07488186712223174
Z3_REPAIR_STRUCTURE,61001,current,duplicate_encoding|SYMBOLIC_FRESH,61003_t32,61004_t96,0.08045158544226051,0.005763495782145661,0.08045158544226051
Z3_REPAIR_STRUCTURE,61001,current,duplicate_encoding|SYMBOLIC_FRESH,61003_t96,61004_t32,0.07754461313226614,0.011577440402134376,0.07754461313226614
Z3_REPAIR_STRUCTURE,61001,current,duplicate_encoding|SYMBOLIC_FRESH,61003_t96,61004_t96,0.08333333333333333,0.0,0.08333333333333333
Z3_REPAIR_STRUCTURE,61001,current,duplicate_encoding|SYMBOLIC_FRESH,61004_t32,61004_t96,0.07754461313226614,0.011577440402134376,0.07754461313226614
Z3_REPAIR_STRUCTURE,61001,current,trend|IMAGE_CUE_FRESH,61002_t32,61002_t96,0.07867269413596854,0.00932127839472957,0.07829681505446488
Z3_REPAIR_STRUCTURE,61001,current,trend|IMAGE_CUE_FRESH,61002_t32,61003_t32,0.0808173273201189,0.0050320120264288615,0.07546787462713178
Z3_REPAIR_STRUCTURE,61001,current,trend|IMAGE_CUE_FRESH,61002_t32,61003_t96,0.07839911960500287,0.009868427456660916,0.07839911960500287
Z3_REPAIR_STRUCTURE,61001,current,trend|IMAGE_CUE_FRESH,61002_t32,61004_t32,0.08151296982272856,0.0036407270212095444,0.07386196556619509
Z3_REPAIR_STRUCTURE,61001,current,trend|IMAGE_CUE_FRESH,61002_t32,61004_t96,0.07839911960500287,0.009868427456660916,0.07839911960500287
Z3_REPAIR_STRUCTURE,61001,current,trend|IMAGE_CUE_FRESH,61002_t96,61003_t32,0.07995234948579164,0.006761967695083387,0.07995234948579164
Z3_REPAIR_STRUCTURE,61001,current,trend|IMAGE_CUE_FRESH,61002_t96,61003_t96,0.08322396516841303,0.00021873632984059643,0.08322396516841303
Z3_REPAIR_STRUCTURE,61001,current,trend|IMAGE_CUE_FRESH,61002_t96,61004_t32,0.07830077622139608,0.010065114223874488,0.0780837623325072
Z3_REPAIR_STRUCTURE,61001,current,trend|IMAGE_CUE_FRESH,61002_t96,61004_t96,0.08322396516841303,0.00021873632984059643,0.08322396516841303
Z3_REPAIR_STRUCTURE,61001,current,trend|IMAGE_CUE_FRESH,61003_t32,61003_t96,0.08005999520976022,0.006546676247146221,0.08005999520976022
Z3_REPAIR_STRUCTURE,61001,current,trend|IMAGE_CUE_FRESH,61003_t32,61004_t32,0.0809059531419191,0.004854760382828449,0.07531974045409727
Z3_REPAIR_STRUCTURE,61001,current,trend|IMAGE_CUE_FRESH,61003_t32,61004_t96,0.08005999520976022,0.006546676247146221,0.08005999520976022
Z3_REPAIR_STRUCTURE,61001,current,trend|IMAGE_CUE_FRESH,61003_t96,61004_t32,0.07819140805647579,0.010283850553715085,0.07819140805647579
Z3_REPAIR_STRUCTURE,61001,current,trend|IMAGE_CUE_FRESH,61003_t96,61004_t96,0.08333333333333333,0.0,0.08333333333333333
Z3_REPAIR_STRUCTURE,61001,current,trend|IMAGE_CUE_FRESH,61004_t32,61004_t96,0.07819140805647579,0.010283850553715085,0.07819140805647579
Z3_REPAIR_STRUCTURE,61001,current,trend|SYMBOLIC_FRESH,61002_t32,61002_t96,0.05198154150513021,0.06270358365640624,0.024598608719219647
Z3_REPAIR_STRUCTURE,61001,current,trend|SYMBOLIC_FRESH,61002_t32,61003_t32,0.07754077363260664,0.011585119401453375,0.01912386466137665
Z3_REPAIR_STRUCTURE,61001,current,trend|SYMBOLIC_FRESH,61002_t32,61003_t96,0.050374781777144245,0.06591710311237817,0.024549496060456935
Z3_REPAIR_STRUCTURE,61001,current,trend|SYMBOLIC_FRESH,61002_t32,61004_t32,0.07946859740970168,0.007729471847263331,0.017195647985913463
Z3_REPAIR_STRUCTURE,61001,current,trend|SYMBOLIC_FRESH,61002_t32,61004_t96,0.04607577217477541,0.07451512231711584,0.02462745989484961
Z3_REPAIR_STRUCTURE,61001,current,trend|SYMBOLIC_FRESH,61002_t96,61003_t32,0.062425050039247636,0.041816566588171386,0.03359598009982432
Z3_REPAIR_STRUCTURE,61001,current,trend|SYMBOLIC_FRESH,61002_t96,61003_t96,0.07789163873245944,0.010883389201747778,0.04806071289829989
Z3_REPAIR_STRUCTURE,61001,current,trend|SYMBOLIC_FRESH,61002_t96,61004_t32,0.057349105802582276,0.05196845506150213,0.029697542065013585
Z3_REPAIR_STRUCTURE,61001,current,trend|SYMBOLIC_FRESH,61002_t96,61004_t96,0.07754068253525047,0.01158530159616572,0.04828122792224535
Z3_REPAIR_STRUCTURE,61001,current,trend|SYMBOLIC_FRESH,61003_t32,61003_t96,0.06137936426408058,0.04390793813850549,0.03353665399232045
Z3_REPAIR_STRUCTURE,61001,current,trend|SYMBOLIC_FRESH,61003_t32,61004_t32,0.07907957417695309,0.008507518312760504,0.02272008906329854
Z3_REPAIR_STRUCTURE,61001,current,trend|SYMBOLIC_FRESH,61003_t32,61004_t96,0.05650754431164042,0.053651578043385814,0.03366456766326468
Z3_REPAIR_STRUCTURE,61001,current,trend|SYMBOLIC_FRESH,61003_t96,61004_t32,0.05772755350176885,0.051211559663128986,0.029654312542364055
Z3_REPAIR_STRUCTURE,61001,current,trend|SYMBOLIC_FRESH,61003_t96,61004_t96,0.0802023167660132,0.006262033134640244,0.04817533265190995
Z3_REPAIR_STRUCTURE,61001,current,trend|SYMBOLIC_FRESH,61004_t32,61004_t96,0.05322112254551088,0.06022442157564492,0.029760441772393176
Z3_REPAIR_STRUCTURE,61001,history,cross_series|IMAGE_CUE_FRESH,61002_t32,61002_t96,0.0,0.03027778440149147,
Z3_REPAIR_STRUCTURE,61001,history,cross_series|IMAGE_CUE_FRESH,61002_t32,61003_t32,0.00840411373689474,0.03169066414418309,
Z3_REPAIR_STRUCTURE,61001,history,cross_series|IMAGE_CUE_FRESH,61002_t32,61003_t96,0.0,0.03027778440149147,
Z3_REPAIR_STRUCTURE,61001,history,cross_series|IMAGE_CUE_FRESH,61002_t32,61004_t32,-0.0026477883011199097,0.05153233366578041,
Z3_REPAIR_STRUCTURE,61001,history,cross_series|IMAGE_CUE_FRESH,61002_t32,61004_t96,0.0,0.03027778440149147,
Z3_REPAIR_STRUCTURE,61001,history,cross_series|IMAGE_CUE_FRESH,61002_t96,61003_t32,0.0,0.0182211072164811,
Z3_REPAIR_STRUCTURE,61001,history,cross_series|IMAGE_CUE_FRESH,61002_t96,61003_t96,0.0,0.0,
Z3_REPAIR_STRUCTURE,61001,history,cross_series|IMAGE_CUE_FRESH,61002_t96,61004_t32,0.0,0.015958972662049126,
Z3_REPAIR_STRUCTURE,61001,history,cross_series|IMAGE_CUE_FRESH,61002_t96,61004_t96,0.0,0.0,
Z3_REPAIR_STRUCTURE,61001,history,cross_series|IMAGE_CUE_FRESH,61003_t32,61003_t96,0.0,0.0182211072164811,
Z3_REPAIR_STRUCTURE,61001,history,cross_series|IMAGE_CUE_FRESH,61003_t32,61004_t32,0.0029072461554936007,0.02836558756754302,
Z3_REPAIR_STRUCTURE,61001,history,cross_series|IMAGE_CUE_FRESH,61003_t32,61004_t96,0.0,0.0182211072164811,
Z3_REPAIR_STRUCTURE,61001,history,cross_series|IMAGE_CUE_FRESH,61003_t96,61004_t32,0.0,0.015958972662049126,
Z3_REPAIR_STRUCTURE,61001,history,cross_series|IMAGE_CUE_FRESH,61003_t96,61004_t96,0.0,0.0,
Z3_REPAIR_STRUCTURE,61001,history,cross_series|IMAGE_CUE_FRESH,61004_t32,61004_t96,0.0,0.015958972662049126,
Z3_REPAIR_STRUCTURE,61001,history,cross_series|SYMBOLIC_FRESH,61002_t32,61002_t96,-4.861491529581927e-05,0.05721395490245641,
Z3_REPAIR_STRUCTURE,61001,history,cross_series|SYMBOLIC_FRESH,61002_t32,61003_t32,0.011658589732916353,0.0790236815091708,
Z3_REPAIR_STRUCTURE,61001,history,cross_series|SYMBOLIC_FRESH,61002_t32,61003_t96,-0.0012208014197056054,0.05876257791851246,
Z3_REPAIR_STRUCTURE,61001,history,cross_series|SYMBOLIC_FRESH,61002_t32,61004_t32,0.01036608676243298,0.08636887919726591,
Z3_REPAIR_STRUCTURE,61001,history,cross_series|SYMBOLIC_FRESH,61002_t32,61004_t96,-0.00040195701249839656,0.06521666823480363,
Z3_REPAIR_STRUCTURE,61001,history,cross_series|SYMBOLIC_FRESH,61002_t96,61003_t32,-0.005400542608335013,0.08082872749571836,
Z3_REPAIR_STRUCTURE,61001,history,cross_series|SYMBOLIC_FRESH,61002_t96,61003_t96,0.0046829140836207725,0.014641928215904524,
Z3_REPAIR_STRUCTURE,61001,history,cross_series|SYMBOLIC_FRESH,61002_t96,61004_t32,0.002276402351205012,0.07023502932376666,
Z3_REPAIR_STRUCTURE,61001,history,cross_series|SYMBOLIC_FRESH,61002_t96,61004_t96,0.006737428508179724,0.018624678497492192,
Z3_REPAIR_STRUCTURE,61001,history,cross_series|SYMBOLIC_FRESH,61003_t32,61003_t96,-0.0019570344019083545,0.07314596109010152,
Z3_REPAIR_STRUCTURE,61001,history,cross_series|SYMBOLIC_FRESH,61003_t32,61004_t32,0.0013521985083687878,0.11730757291257785,
Z3_REPAIR_STRUCTURE,61001,history,cross_series|SYMBOLIC_FRESH,61003_t32,61004_t96,0.0008554500647583182,0.07561277128747373,
Z3_REPAIR_STRUCTURE,61001,history,cross_series|SYMBOLIC_FRESH,61003_t96,61004_t32,-0.002264903964480515,0.07852189196237419,
Z3_REPAIR_STRUCTURE,61001,history,cross_series|SYMBOLIC_FRESH,61003_t96,61004_t96,-0.002353360562923182,0.03601050664693448,
Z3_REPAIR_STRUCTURE,61001,history,cross_series|SYMBOLIC_FRESH,61004_t32,61004_t96,0.002163547726049275,0.07775676771202018,
Z3_REPAIR_STRUCTURE,61001,history,duplicate_encoding|IMAGE_CUE_FRESH,61002_t32,61002_t96,0.0,0.01006363095893054,
Z3_REPAIR_STRUCTURE,61001,history,duplicate_encoding|IMAGE_CUE_FRESH,61002_t32,61003_t32,0.0005760301584409307,0.01899561865444768,
Z3_REPAIR_STRUCTURE,61001,history,duplicate_encoding|IMAGE_CUE_FRESH,61002_t32,61003_t96,0.0,0.01006363095893054,
Z3_REPAIR_STRUCTURE,61001,history,duplicate_encoding|IMAGE_CUE_FRESH,61002_t32,61004_t32,1.004644512098869e-05,0.013809743283236843,
Z3_REPAIR_STRUCTURE,61001,history,duplicate_encoding|IMAGE_CUE_FRESH,61002_t32,61004_t96,0.0,0.01006363095893054,
Z3_REPAIR_STRUCTURE,61001,history,duplicate_encoding|IMAGE_CUE_FRESH,61002_t96,61003_t32,0.0,0.010084048012399,
Z3_REPAIR_STRUCTURE,61001,history,duplicate_encoding|IMAGE_CUE_FRESH,61002_t96,61003_t96,0.0,0.0,
Z3_REPAIR_STRUCTURE,61001,history,duplicate_encoding|IMAGE_CUE_FRESH,61002_t96,61004_t32,0.0,0.0037662052145482796,
Z3_REPAIR_STRUCTURE,61001,history,duplicate_encoding|IMAGE_CUE_FRESH,61002_t96,61004_t96,0.0,0.0,
Z3_REPAIR_STRUCTURE,61001,history,duplicate_encoding|IMAGE_CUE_FRESH,61003_t32,61003_t96,0.0,0.010084048012399,
Z3_REPAIR_STRUCTURE,61001,history,duplicate_encoding|IMAGE_CUE_FRESH,61003_t32,61004_t32,-0.001235469622189089,0.01632119247132546,
Z3_REPAIR_STRUCTURE,61001,history,duplicate_encoding|IMAGE_CUE_FRESH,61003_t32,61004_t96,0.0,0.010084048012399,
Z3_REPAIR_STRUCTURE,61001,history,duplicate_encoding|IMAGE_CUE_FRESH,61003_t96,61004_t32,0.0,0.0037662052145482796,
Z3_REPAIR_STRUCTURE,61001,history,duplicate_encoding|IMAGE_CUE_FRESH,61003_t96,61004_t96,0.0,0.0,
Z3_REPAIR_STRUCTURE,61001,history,duplicate_encoding|IMAGE_CUE_FRESH,61004_t32,61004_t96,0.0,0.0037662052145482796,
Z3_REPAIR_STRUCTURE,61001,history,duplicate_encoding|SYMBOLIC_FRESH,61002_t32,61002_t96,0.0,0.044127725243761046,
Z3_REPAIR_STRUCTURE,61001,history,duplicate_encoding|SYMBOLIC_FRESH,61002_t32,61003_t32,0.00019429249503836898,0.0757219949067778,
Z3_REPAIR_STRUCTURE,61001,history,duplicate_encoding|SYMBOLIC_FRESH,61002_t32,61003_t96,0.0,0.044127725243761046,
Z3_REPAIR_STRUCTURE,61001,history,duplicate_encoding|SYMBOLIC_FRESH,61002_t32,61004_t32,0.0020911011944587175,0.08290207968869766,
Z3_REPAIR_STRUCTURE,61001,history,duplicate_encoding|SYMBOLIC_FRESH,61002_t32,61004_t96,0.0,0.044127725243761046,
Z3_REPAIR_STRUCTURE,61001,history,duplicate_encoding|SYMBOLIC_FRESH,61002_t96,61003_t32,0.0,0.03198285465309351,
Z3_REPAIR_STRUCTURE,61001,history,duplicate_encoding|SYMBOLIC_FRESH,61002_t96,61003_t96,0.0,0.0,
Z3_REPAIR_STRUCTURE,61001,history,duplicate_encoding|SYMBOLIC_FRESH,61002_t96,61004_t32,0.0,0.04295655683385404,
Z3_REPAIR_STRUCTURE,61001,history,duplicate_encoding|SYMBOLIC_FRESH,61002_t96,61004_t96,0.0,0.0,
Z3_REPAIR_STRUCTURE,61001,history,duplicate_encoding|SYMBOLIC_FRESH,61003_t32,61003_t96,0.0,0.03198285465309351,
Z3_REPAIR_STRUCTURE,61001,history,duplicate_encoding|SYMBOLIC_FRESH,61003_t32,61004_t32,0.0035213501655457983,0.06789671115585595,
Z3_REPAIR_STRUCTURE,61001,history,duplicate_encoding|SYMBOLIC_FRESH,61003_t32,61004_t96,0.0,0.03198285465309351,
Z3_REPAIR_STRUCTURE,61001,history,duplicate_encoding|SYMBOLIC_FRESH,61003_t96,61004_t32,0.0,0.04295655683385404,
Z3_REPAIR_STRUCTURE,61001,history,duplicate_encoding|SYMBOLIC_FRESH,61003_t96,61004_t96,0.0,0.0,
Z3_REPAIR_STRUCTURE,61001,history,duplicate_encoding|SYMBOLIC_FRESH,61004_t32,61004_t96,0.0,0.04295655683385404,
Z3_REPAIR_STRUCTURE,61001,history,trend|IMAGE_CUE_FRESH,61002_t32,61002_t96,0.0009424358427530061,0.03279662821651428,
Z3_REPAIR_STRUCTURE,61001,history,trend|IMAGE_CUE_FRESH,61002_t32,61003_t32,0.0180252058671558,0.03779317592227936,
Z3_REPAIR_STRUCTURE,61001,history,trend|IMAGE_CUE_FRESH,61002_t32,61003_t96,0.0,0.03342609816383753,
Z3_REPAIR_STRUCTURE,61001,history,trend|IMAGE_CUE_FRESH,61002_t32,61004_t32,0.004126529292709661,0.0579212490524149,
Z3_REPAIR_STRUCTURE,61001,history,trend|IMAGE_CUE_FRESH,61002_t32,61004_t96,0.0,0.03342609816383753,
Z3_REPAIR_STRUCTURE,61001,history,trend|IMAGE_CUE_FRESH,61002_t96,61003_t32,9.885670872682086e-06,0.041653119889190834,
Z3_REPAIR_STRUCTURE,61001,history,trend|IMAGE_CUE_FRESH,61002_t96,61003_t96,0.0,0.0012554017381827599,
Z3_REPAIR_STRUCTURE,61001,history,trend|IMAGE_CUE_FRESH,61002_t96,61004_t32,0.0,0.03400361121217945,
Z3_REPAIR_STRUCTURE,61001,history,trend|IMAGE_CUE_FRESH,61002_t96,61004_t96,0.0,0.0012554017381827599,
Z3_REPAIR_STRUCTURE,61001,history,trend|IMAGE_CUE_FRESH,61003_t32,61003_t96,0.0,0.040417489492753436,
Z3_REPAIR_STRUCTURE,61001,history,trend|IMAGE_CUE_FRESH,61003_t32,61004_t32,0.010853044007314985,0.051459610952120156,
Z3_REPAIR_STRUCTURE,61001,history,trend|IMAGE_CUE_FRESH,61003_t32,61004_t96,0.0,0.040417489492753436,
Z3_REPAIR_STRUCTURE,61001,history,trend|IMAGE_CUE_FRESH,61003_t96,61004_t32,0.0,0.03274820947399669,
Z3_REPAIR_STRUCTURE,61001,history,trend|IMAGE_CUE_FRESH,61003_t96,61004_t96,0.0,0.0,
Z3_REPAIR_STRUCTURE,61001,history,trend|IMAGE_CUE_FRESH,61004_t32,61004_t96,0.0,0.03274820947399669,
Z3_REPAIR_STRUCTURE,61001,history,trend|SYMBOLIC_FRESH,61002_t32,61002_t96,0.001204927236014393,0.07314151836481936,
Z3_REPAIR_STRUCTURE,61001,history,trend|SYMBOLIC_FRESH,61002_t32,61003_t32,0.010445906188771238,0.12028182345257687,
Z3_REPAIR_STRUCTURE,61001,history,trend|SYMBOLIC_FRESH,61002_t32,61003_t96,-0.0017873438909536475,0.07645738338431664,
Z3_REPAIR_STRUCTURE,61001,history,trend|SYMBOLIC_FRESH,61002_t32,61004_t32,0.012630596647174279,0.08383375407370709,
Z3_REPAIR_STRUCTURE,61001,history,trend|SYMBOLIC_FRESH,61002_t32,61004_t96,-0.004285184536580974,0.09838170429836156,
Z3_REPAIR_STRUCTURE,61001,history,trend|SYMBOLIC_FRESH,61002_t96,61003_t32,0.0030108608551398007,0.07958701123154846,
Z3_REPAIR_STRUCTURE,61001,history,trend|SYMBOLIC_FRESH,61002_t96,61003_t96,0.0036360952948191515,0.010045602124479745,
Z3_REPAIR_STRUCTURE,61001,history,trend|SYMBOLIC_FRESH,61002_t96,61004_t32,-0.0028331378859038636,0.05919632025157209,
Z3_REPAIR_STRUCTURE,61001,history,trend|SYMBOLIC_FRESH,61002_t96,61004_t96,-6.729444321101904e-05,0.03438102122333036,
Z3_REPAIR_STRUCTURE,61001,history,trend|SYMBOLIC_FRESH,61003_t32,61003_t96,0.0011570476525298524,0.08062596040232957,
Z3_REPAIR_STRUCTURE,61001,history,trend|SYMBOLIC_FRESH,61003_t32,61004_t32,0.01204354598654489,0.0950652154999458,
Z3_REPAIR_STRUCTURE,61001,history,trend|SYMBOLIC_FRESH,61003_t32,61004_t96,-0.006257339036338439,0.11238337340285642,
Z3_REPAIR_STRUCTURE,61001,history,trend|SYMBOLIC_FRESH,61003_t96,61004_t32,-0.006021007539903283,0.06290338232513214,
Z3_REPAIR_STRUCTURE,61001,history,trend|SYMBOLIC_FRESH,61003_t96,61004_t96,-0.0013966605505167484,0.03437107620350302,
Z3_REPAIR_STRUCTURE,61001,history,trend|SYMBOLIC_FRESH,61004_t32,61004_t96,-0.0021746207924714074,0.07213924845305866,
Z3_REPAIR_STRUCTURE,61001,repair,cross_series|IMAGE_CUE_FRESH,61002_t32,61002_t96,0.08019641247566002,0.0062738417153466175,0.07778840829886233
Z3_REPAIR_STRUCTURE,61001,repair,cross_series|IMAGE_CUE_FRESH,61002_t32,61003_t32,0.0814493176928462,0.003768031280974249,0.07578293370838485
Z3_REPAIR_STRUCTURE,61001,repair,cross_series|IMAGE_CUE_FRESH,61002_t32,61003_t96,0.08019641247566002,0.0062738417153466175,0.07778840829886233
Z3_REPAIR_STRUCTURE,61001,repair,cross_series|IMAGE_CUE_FRESH,61002_t32,61004_t32,0.08133508940840038,0.003996487849865893,0.07434815156965573
Z3_REPAIR_STRUCTURE,61001,repair,cross_series|IMAGE_CUE_FRESH,61002_t32,61004_t96,0.08019641247566002,0.0062738417153466175,0.07778840829886233
Z3_REPAIR_STRUCTURE,61001,repair,cross_series|IMAGE_CUE_FRESH,61002_t96,61003_t32,0.08209344495319496,0.0024797767602767473,0.08076857180405846
Z3_REPAIR_STRUCTURE,61001,repair,cross_series|IMAGE_CUE_FRESH,61002_t96,61003_t96,0.08333333333333333,0.0,0.08333333333333333
Z3_REPAIR_STRUCTURE,61001,repair,cross_series|IMAGE_CUE_FRESH,61002_t96,61004_t32,0.08101656229707503,0.004633542072516594,0.0791417249320855
Z3_REPAIR_STRUCTURE,61001,repair,cross_series|IMAGE_CUE_FRESH,61002_t96,61004_t96,0.08333333333333333,0.0,0.08333333333333333
Z3_REPAIR_STRUCTURE,61001,repair,cross_series|IMAGE_CUE_FRESH,61003_t32,61003_t96,0.08209344495319496,0.0024797767602767473,0.08076857180405846
Z3_REPAIR_STRUCTURE,61001,repair,cross_series|IMAGE_CUE_FRESH,61003_t32,61004_t32,0.08220250953128272,0.002261647604101219,0.07701924391987784
Z3_REPAIR_STRUCTURE,61001,repair,cross_series|IMAGE_CUE_FRESH,61003_t32,61004_t96,0.08209344495319496,0.0024797767602767473,0.08076857180405846
Z3_REPAIR_STRUCTURE,61001,repair,cross_series|IMAGE_CUE_FRESH,61003_t96,61004_t32,0.08101656229707503,0.004633542072516594,0.0791417249320855
Z3_REPAIR_STRUCTURE,61001,repair,cross_series|IMAGE_CUE_FRESH,61003_t96,61004_t96,0.08333333333333333,0.0,0.08333333333333333
Z3_REPAIR_STRUCTURE,61001,repair,cross_series|IMAGE_CUE_FRESH,61004_t32,61004_t96,0.08101656229707503,0.004633542072516594,0.0791417249320855
Z3_REPAIR_STRUCTURE,61001,repair,cross_series|SYMBOLIC_FRESH,61002_t32,61002_t96,0.05817258501680849,0.050321496633049675,0.016559142790231286
Z3_REPAIR_STRUCTURE,61001,repair,cross_series|SYMBOLIC_FRESH,61002_t32,61003_t32,0.07757044115372788,0.011525784359210894,0.011575196185275421
Z3_REPAIR_STRUCTURE,61001,repair,cross_series|SYMBOLIC_FRESH,61002_t32,61003_t96,0.058714954357576864,0.04923675795151293,0.016378586150907867
Z3_REPAIR_STRUCTURE,61001,repair,cross_series|SYMBOLIC_FRESH,61002_t32,61004_t32,0.07816128974342808,0.010344087179810502,0.010081349255415777
Z3_REPAIR_STRUCTURE,61001,repair,cross_series|SYMBOLIC_FRESH,61002_t32,61004_t96,0.05947923095785499,0.047708204750956676,0.014827856169569574
Z3_REPAIR_STRUCTURE,61001,repair,cross_series|SYMBOLIC_FRESH,61002_t96,61003_t32,0.06295310686003035,0.04076045294660596,0.020031729894028755
Z3_REPAIR_STRUCTURE,61001,repair,cross_series|SYMBOLIC_FRESH,61002_t96,61003_t96,0.08160345567652552,0.0034597553136156145,0.03449998135008337
Z3_REPAIR_STRUCTURE,61001,repair,cross_series|SYMBOLIC_FRESH,61002_t96,61004_t32,0.055117275926256516,0.056432114814153625,0.01743176871716248
Z3_REPAIR_STRUCTURE,61001,repair,cross_series|SYMBOLIC_FRESH,61002_t96,61004_t96,0.08007147343818699,0.006523719790292676,0.031127011835505078
Z3_REPAIR_STRUCTURE,61001,repair,cross_series|SYMBOLIC_FRESH,61003_t32,61003_t96,0.06389890180262164,0.03886886306142337,0.019810540902623002
Z3_REPAIR_STRUCTURE,61001,repair,cross_series|SYMBOLIC_FRESH,61003_t32,61004_t32,0.07659415123042777,0.01347836420581111,0.011531659113400539
Z3_REPAIR_STRUCTURE,61001,repair,cross_series|SYMBOLIC_FRESH,61003_t32,61004_t96,0.06473763279736666,0.03719140107193333,0.017854869813097553
Z3_REPAIR_STRUCTURE,61001,repair,cross_series|SYMBOLIC_FRESH,61003_t96,61004_t32,0.05565092865889924,0.05536480934886817,0.017305773639468686
Z3_REPAIR_STRUCTURE,61001,repair,cross_series|SYMBOLIC_FRESH,61003_t96,61004_t96,0.07871569105150067,0.00923528456366532,0.030457549566530445
Z3_REPAIR_STRUCTURE,61001,repair,cross_series|SYMBOLIC_FRESH,61004_t32,61004_t96,0.05696339447750219,0.052739877711662275,0.015722257631601025
Z3_REPAIR_STRUCTURE,61001,repair,duplicate_encoding|IMAGE_CUE_FRESH,61002_t32,61002_t96,0.08308725496226264,0.0004921567421413697,0.08292449454559599
Z3_REPAIR_STRUCTURE,61001,repair,duplicate_encoding|IMAGE_CUE_FRESH,61002_t32,61003_t32,0.08284203781166782,0.0009825910433310103,0.08251822585591137
Z3_REPAIR_STRUCTURE,61001,repair,duplicate_encoding|IMAGE_CUE_FRESH,61002_t32,61003_t96,0.08308725496226264,0.0004921567421413697,0.08292449454559599
Z3_REPAIR_STRUCTURE,61001,repair,duplicate_encoding|IMAGE_CUE_FRESH,61002_t32,61004_t32,0.08308725496226264,0.0004921567421413697,0.08292449454559599
Z3_REPAIR_STRUCTURE,61001,repair,duplicate_encoding|IMAGE_CUE_FRESH,61002_t32,61004_t96,0.08308725496226264,0.0004921567421413697,0.08292449454559599
Z3_REPAIR_STRUCTURE,61001,repair,duplicate_encoding|IMAGE_CUE_FRESH,61002_t96,61003_t32,0.08308725496226264,0.0004921567421413697,0.08292449454559599
Z3_REPAIR_STRUCTURE,61001,repair,duplicate_encoding|IMAGE_CUE_FRESH,61002_t96,61003_t96,0.08333333333333333,0.0,0.08333333333333333
Z3_REPAIR_STRUCTURE,61001,repair,duplicate_encoding|IMAGE_CUE_FRESH,61002_t96,61004_t32,0.08333333333333333,0.0,0.08333333333333333
Z3_REPAIR_STRUCTURE,61001,repair,duplicate_encoding|IMAGE_CUE_FRESH,61002_t96,61004_t96,0.08333333333333333,0.0,0.08333333333333333
Z3_REPAIR_STRUCTURE,61001,repair,duplicate_encoding|IMAGE_CUE_FRESH,61003_t32,61003_t96,0.08308725496226264,0.0004921567421413697,0.08292449454559599
Z3_REPAIR_STRUCTURE,61001,repair,duplicate_encoding|IMAGE_CUE_FRESH,61003_t32,61004_t32,0.08308725496226264,0.0004921567421413697,0.08292449454559599
Z3_REPAIR_STRUCTURE,61001,repair,duplicate_encoding|IMAGE_CUE_FRESH,61003_t32,61004_t96,0.08308725496226264,0.0004921567421413697,0.08292449454559599
Z3_REPAIR_STRUCTURE,61001,repair,duplicate_encoding|IMAGE_CUE_FRESH,61003_t96,61004_t32,0.08333333333333333,0.0,0.08333333333333333
Z3_REPAIR_STRUCTURE,61001,repair,duplicate_encoding|IMAGE_CUE_FRESH,61003_t96,61004_t96,0.08333333333333333,0.0,0.08333333333333333
Z3_REPAIR_STRUCTURE,61001,repair,duplicate_encoding|IMAGE_CUE_FRESH,61004_t32,61004_t96,0.08333333333333333,0.0,0.08333333333333333
Z3_REPAIR_STRUCTURE,61001,repair,duplicate_encoding|SYMBOLIC_FRESH,61002_t32,61002_t96,0.08056158175340593,0.005543503159854801,0.07867219429156704
Z3_REPAIR_STRUCTURE,61001,repair,duplicate_encoding|SYMBOLIC_FRESH,61002_t32,61003_t32,0.08167438210738324,0.0033179024519001676,0.07528346672351946
Z3_REPAIR_STRUCTURE,61001,repair,duplicate_encoding|SYMBOLIC_FRESH,61002_t32,61003_t96,0.08056158175340593,0.005543503159854801,0.07867219429156704
Z3_REPAIR_STRUCTURE,61001,repair,duplicate_encoding|SYMBOLIC_FRESH,61002_t32,61004_t32,0.08065211412644925,0.005362438413768156,0.0722290970702996
Z3_REPAIR_STRUCTURE,61001,repair,duplicate_encoding|SYMBOLIC_FRESH,61002_t32,61004_t96,0.08056158175340593,0.005543503159854801,0.07867219429156704
Z3_REPAIR_STRUCTURE,61001,repair,duplicate_encoding|SYMBOLIC_FRESH,61002_t96,61003_t32,0.08120205492565938,0.004262556815347901,0.07972675079593912
Z3_REPAIR_STRUCTURE,61001,repair,duplicate_encoding|SYMBOLIC_FRESH,61002_t96,61003_t96,0.08333333333333333,0.0,0.08333333333333333
Z3_REPAIR_STRUCTURE,61001,repair,duplicate_encoding|SYMBOLIC_FRESH,61002_t96,61004_t32,0.07881446452316844,0.009037737620329778,0.07635398725649659
Z3_REPAIR_STRUCTURE,61001,repair,duplicate_encoding|SYMBOLIC_FRESH,61002_t96,61004_t96,0.08333333333333333,0.0,0.08333333333333333
Z3_REPAIR_STRUCTURE,61001,repair,duplicate_encoding|SYMBOLIC_FRESH,61003_t32,61003_t96,0.08120205492565938,0.004262556815347901,0.07972675079593912
Z3_REPAIR_STRUCTURE,61001,repair,duplicate_encoding|SYMBOLIC_FRESH,61003_t32,61004_t32,0.08069567314112168,0.005275320384423299,0.07309920212314384
Z3_REPAIR_STRUCTURE,61001,repair,duplicate_encoding|SYMBOLIC_FRESH,61003_t32,61004_t96,0.08120205492565938,0.004262556815347901,0.07972675079593912
Z3_REPAIR_STRUCTURE,61001,repair,duplicate_encoding|SYMBOLIC_FRESH,61003_t96,61004_t32,0.07881446452316844,0.009037737620329778,0.07635398725649659
Z3_REPAIR_STRUCTURE,61001,repair,duplicate_encoding|SYMBOLIC_FRESH,61003_t96,61004_t96,0.08333333333333333,0.0,0.08333333333333333
Z3_REPAIR_STRUCTURE,61001,repair,duplicate_encoding|SYMBOLIC_FRESH,61004_t32,61004_t96,0.07881446452316844,0.009037737620329778,0.07635398725649659
Z3_REPAIR_STRUCTURE,61001,repair,trend|IMAGE_CUE_FRESH,61002_t32,61002_t96,0.07944716576286383,0.007772335140939002,0.0774034402273305
Z3_REPAIR_STRUCTURE,61001,repair,trend|IMAGE_CUE_FRESH,61002_t32,61003_t32,0.08109537191229496,0.004475922842076735,0.07404076215820651
Z3_REPAIR_STRUCTURE,61001,repair,trend|IMAGE_CUE_FRESH,61002_t32,61003_t96,0.07932232288124282,0.008022020904181026,0.07752914577693362
Z3_REPAIR_STRUCTURE,61001,repair,trend|IMAGE_CUE_FRESH,61002_t32,61004_t32,0.08151352417689565,0.003639618312875348,0.07226118074782979
Z3_REPAIR_STRUCTURE,61001,repair,trend|IMAGE_CUE_FRESH,61002_t32,61004_t96,0.07932232288124282,0.008022020904181026,0.07752914577693362
Z3_REPAIR_STRUCTURE,61001,repair,trend|IMAGE_CUE_FRESH,61002_t96,61003_t32,0.08074466895113024,0.005177328764406186,0.07924317930718225
Z3_REPAIR_STRUCTURE,61001,repair,trend|IMAGE_CUE_FRESH,61002_t96,61003_t96,0.0832513072096431,0.00016405224738044732,0.08319705373742088
Z3_REPAIR_STRUCTURE,61001,repair,trend|IMAGE_CUE_FRESH,61002_t96,61004_t32,0.07921520959197437,0.008236247482717923,0.07704716883094595
Z3_REPAIR_STRUCTURE,61001,repair,trend|IMAGE_CUE_FRESH,61002_t96,61004_t96,0.0832513072096431,0.00016405224738044732,0.08319705373742088
Z3_REPAIR_STRUCTURE,61001,repair,trend|IMAGE_CUE_FRESH,61003_t32,61003_t96,0.08077158038212238,0.005123505902421888,0.07937688880504196
Z3_REPAIR_STRUCTURE,61001,repair,trend|IMAGE_CUE_FRESH,61003_t32,61004_t32,0.08082396122663685,0.005018744213392962,0.07379999365886512
Z3_REPAIR_STRUCTURE,61001,repair,trend|IMAGE_CUE_FRESH,61003_t32,61004_t96,0.08077158038212238,0.005123505902421888,0.07937688880504196
Z3_REPAIR_STRUCTURE,61001,repair,trend|IMAGE_CUE_FRESH,61003_t96,61004_t32,0.07929637449518873,0.008073917676289205,0.07718087832880566
Z3_REPAIR_STRUCTURE,61001,repair,trend|IMAGE_CUE_FRESH,61003_t96,61004_t96,0.08333333333333333,0.0,0.08333333333333333
Z3_REPAIR_STRUCTURE,61001,repair,trend|IMAGE_CUE_FRESH,61004_t32,61004_t96,0.07929637449518873,0.008073917676289205,0.07718087832880566
Z3_REPAIR_STRUCTURE,61001,repair,trend|SYMBOLIC_FRESH,61002_t32,61002_t96,0.051815412354657406,0.06303584195735185,0.024269701347116233
Z3_REPAIR_STRUCTURE,61001,repair,trend|SYMBOLIC_FRESH,61002_t32,61003_t32,0.07686536548250301,0.012935935701660628,0.018583662340960046
Z3_REPAIR_STRUCTURE,61001,repair,trend|SYMBOLIC_FRESH,61002_t32,61003_t96,0.05038847127692278,0.0658897241128211,0.024209688387858946
Z3_REPAIR_STRUCTURE,61001,repair,trend|SYMBOLIC_FRESH,61002_t32,61004_t32,0.0786117108035419,0.009443245059582855,0.016696937240840103
Z3_REPAIR_STRUCTURE,61001,repair,trend|SYMBOLIC_FRESH,61002_t32,61004_t96,0.04668515635487385,0.07329635395691896,0.024301346985462744
Z3_REPAIR_STRUCTURE,61001,repair,trend|SYMBOLIC_FRESH,61002_t96,61003_t32,0.06269345239601307,0.041279761874640525,0.03328144849286888
Z3_REPAIR_STRUCTURE,61001,repair,trend|SYMBOLIC_FRESH,61002_t96,61003_t96,0.07931647526558169,0.008033716135503272,0.04800604316201369
Z3_REPAIR_STRUCTURE,61001,repair,trend|SYMBOLIC_FRESH,61002_t96,61004_t32,0.057806868586423636,0.051052929493819385,0.02943201179161162
Z3_REPAIR_STRUCTURE,61001,repair,trend|SYMBOLIC_FRESH,61002_t96,61004_t96,0.07894032964763667,0.008786007371393317,0.04828122792224535
Z3_REPAIR_STRUCTURE,61001,repair,trend|SYMBOLIC_FRESH,61003_t32,61003_t96,0.06182349824939832,0.04301967016787002,0.03320006437648612
Z3_REPAIR_STRUCTURE,61001,repair,trend|SYMBOLIC_FRESH,61003_t32,61004_t32,0.07859159094370578,0.009483484779255091,0.022136805775462932
Z3_REPAIR_STRUCTURE,61001,repair,trend|SYMBOLIC_FRESH,61003_t32,61004_t96,0.05732287677107237,0.05202091312452192,0.03335082701732408
Z3_REPAIR_STRUCTURE,61001,repair,trend|SYMBOLIC_FRESH,61003_t96,61004_t32,0.05764577486501362,0.05137511693663942,0.02937254231718061
Z3_REPAIR_STRUCTURE,61001,repair,trend|SYMBOLIC_FRESH,61003_t96,61004_t96,0.08059569169658139,0.005475283273503884,0.04812152391016149
Z3_REPAIR_STRUCTURE,61001,repair,trend|SYMBOLIC_FRESH,61004_t32,61004_t96,0.053564166105301056,0.059538334456064546,0.029497375933983147
Z3_REPAIR_STRUCTURE,61001,repair_history,cross_series|IMAGE_CUE_FRESH,61002_t32,61002_t96,0.0,0.027698717308349982,
Z3_REPAIR_STRUCTURE,61001,repair_history,cross_series|IMAGE_CUE_FRESH,61002_t32,61003_t32,0.0022734326678280213,0.03778616152050751,
Z3_REPAIR_STRUCTURE,61001,repair_history,cross_series|IMAGE_CUE_FRESH,61002_t32,61003_t96,0.0,0.027698717308349982,
Z3_REPAIR_STRUCTURE,61001,repair_history,cross_series|IMAGE_CUE_FRESH,61002_t32,61004_t32,-0.0007843583710193583,0.044253614672020075,
Z3_REPAIR_STRUCTURE,61001,repair_history,cross_series|IMAGE_CUE_FRESH,61002_t32,61004_t96,0.0,0.027698717308349982,
Z3_REPAIR_STRUCTURE,61001,repair_history,cross_series|IMAGE_CUE_FRESH,61002_t96,61003_t32,0.0,0.014634309547813567,
Z3_REPAIR_STRUCTURE,61001,repair_history,cross_series|IMAGE_CUE_FRESH,61002_t96,61003_t96,0.0,0.0,
Z3_REPAIR_STRUCTURE,61001,repair_history,cross_series|IMAGE_CUE_FRESH,61002_t96,61004_t32,0.0,0.014986180621631373,
Z3_REPAIR_STRUCTURE,61001,repair_history,cross_series|IMAGE_CUE_FRESH,61002_t96,61004_t96,0.0,0.0,
Z3_REPAIR_STRUCTURE,61001,repair_history,cross_series|IMAGE_CUE_FRESH,61003_t32,61003_t96,0.0,0.014634309547813567,
Z3_REPAIR_STRUCTURE,61001,repair_history,cross_series|IMAGE_CUE_FRESH,61003_t32,61004_t32,0.002960910721043605,0.02369866872735773,
Z3_REPAIR_STRUCTURE,61001,repair_history,cross_series|IMAGE_CUE_FRESH,61003_t32,61004_t96,0.0,0.014634309547813567,
Z3_REPAIR_STRUCTURE,61001,repair_history,cross_series|IMAGE_CUE_FRESH,61003_t96,61004_t32,0.0,0.014986180621631373,
Z3_REPAIR_STRUCTURE,61001,repair_history,cross_series|IMAGE_CUE_FRESH,61003_t96,61004_t96,0.0,0.0,
Z3_REPAIR_STRUCTURE,61001,repair_history,cross_series|IMAGE_CUE_FRESH,61004_t32,61004_t96,0.0,0.014986180621631373,
Z3_REPAIR_STRUCTURE,61001,repair_history,cross_series|SYMBOLIC_FRESH,61002_t32,61002_t96,0.0007076831984885485,0.062466616414561034,
Z3_REPAIR_STRUCTURE,61001,repair_history,cross_series|SYMBOLIC_FRESH,61002_t32,61003_t32,0.013232712065550887,0.09543948008514919,
Z3_REPAIR_STRUCTURE,61001,repair_history,cross_series|SYMBOLIC_FRESH,61002_t32,61003_t96,0.00041295350323898686,0.061481902417766125,
Z3_REPAIR_STRUCTURE,61001,repair_history,cross_series|SYMBOLIC_FRESH,61002_t32,61004_t32,0.0026403371587503783,0.11171517064416568,
Z3_REPAIR_STRUCTURE,61001,repair_history,cross_series|SYMBOLIC_FRESH,61002_t32,61004_t96,-0.0027674392671758336,0.07646174163129936,
Z3_REPAIR_STRUCTURE,61001,repair_history,cross_series|SYMBOLIC_FRESH,61002_t96,61003_t32,-0.006309495480428878,0.09307923394558995,
Z3_REPAIR_STRUCTURE,61001,repair_history,cross_series|SYMBOLIC_FRESH,61002_t96,61003_t96,0.0033564741752994485,0.014150199842126444,
Z3_REPAIR_STRUCTURE,61001,repair_history,cross_series|SYMBOLIC_FRESH,61002_t96,61004_t32,-0.0015091765929870573,0.0785695369161218,
Z3_REPAIR_STRUCTURE,61001,repair_history,cross_series|SYMBOLIC_FRESH,61002_t96,61004_t96,0.004548780021356221,0.020384641822716494,
Z3_REPAIR_STRUCTURE,61001,repair_history,cross_series|SYMBOLIC_FRESH,61003_t32,61003_t96,-0.0013724181165763716,0.0816309058305909,
Z3_REPAIR_STRUCTURE,61001,repair_history,cross_series|SYMBOLIC_FRESH,61003_t32,61004_t32,0.007314388112939951,0.1189453289089806,
Z3_REPAIR_STRUCTURE,61001,repair_history,cross_series|SYMBOLIC_FRESH,61003_t32,61004_t96,-0.0029603700793050555,0.09342586342875187,
Z3_REPAIR_STRUCTURE,61001,repair_history,cross_series|SYMBOLIC_FRESH,61003_t96,61004_t32,-0.0014039222397387854,0.07678485482233122,
Z3_REPAIR_STRUCTURE,61001,repair_history,cross_series|SYMBOLIC_FRESH,61003_t96,61004_t96,-0.00101438271191386,0.029936793901962622,
Z3_REPAIR_STRUCTURE,61001,repair_history,cross_series|SYMBOLIC_FRESH,61004_t32,61004_t96,0.0011047186672799004,0.08038662668099744,
Z3_REPAIR_STRUCTURE,61001,repair_history,duplicate_encoding|IMAGE_CUE_FRESH,61002_t32,61002_t96,0.0,0.007825010421185698,
Z3_REPAIR_STRUCTURE,61001,repair_history,duplicate_encoding|IMAGE_CUE_FRESH,61002_t32,61003_t32,0.0015422528932793873,0.012901479249974403,
Z3_REPAIR_STRUCTURE,61001,repair_history,duplicate_encoding|IMAGE_CUE_FRESH,61002_t32,61003_t96,0.0,0.007825010421185698,
Z3_REPAIR_STRUCTURE,61001,repair_history,duplicate_encoding|IMAGE_CUE_FRESH,61002_t32,61004_t32,1.0373859831841207e-05,0.011058068981496694,
Z3_REPAIR_STRUCTURE,61001,repair_history,duplicate_encoding|IMAGE_CUE_FRESH,61002_t32,61004_t96,0.0,0.007825010421185698,
Z3_REPAIR_STRUCTURE,61001,repair_history,duplicate_encoding|IMAGE_CUE_FRESH,61002_t96,61003_t32,0.0,0.00816097461534748,
Z3_REPAIR_STRUCTURE,61001,repair_history,duplicate_encoding|IMAGE_CUE_FRESH,61002_t96,61003_t96,0.0,0.0,
Z3_REPAIR_STRUCTURE,61001,repair_history,duplicate_encoding|IMAGE_CUE_FRESH,61002_t96,61004_t32,0.0,0.003253806279974678,
Z3_REPAIR_STRUCTURE,61001,repair_history,duplicate_encoding|IMAGE_CUE_FRESH,61002_t96,61004_t96,0.0,0.0,
Z3_REPAIR_STRUCTURE,61001,repair_history,duplicate_encoding|IMAGE_CUE_FRESH,61003_t32,61003_t96,0.0,0.00816097461534748,
Z3_REPAIR_STRUCTURE,61001,repair_history,duplicate_encoding|IMAGE_CUE_FRESH,61003_t32,61004_t32,-0.0009606852697135152,0.013336151434749189,
Z3_REPAIR_STRUCTURE,61001,repair_history,duplicate_encoding|IMAGE_CUE_FRESH,61003_t32,61004_t96,0.0,0.00816097461534748,
Z3_REPAIR_STRUCTURE,61001,repair_history,duplicate_encoding|IMAGE_CUE_FRESH,61003_t96,61004_t32,0.0,0.003253806279974678,
Z3_REPAIR_STRUCTURE,61001,repair_history,duplicate_encoding|IMAGE_CUE_FRESH,61003_t96,61004_t96,0.0,0.0,
Z3_REPAIR_STRUCTURE,61001,repair_history,duplicate_encoding|IMAGE_CUE_FRESH,61004_t32,61004_t96,0.0,0.003253806279974678,
Z3_REPAIR_STRUCTURE,61001,repair_history,duplicate_encoding|SYMBOLIC_FRESH,61002_t32,61002_t96,0.0,0.03724133175549385,
Z3_REPAIR_STRUCTURE,61001,repair_history,duplicate_encoding|SYMBOLIC_FRESH,61002_t32,61003_t32,0.0005281189728916597,0.06424266216838438,
Z3_REPAIR_STRUCTURE,61001,repair_history,duplicate_encoding|SYMBOLIC_FRESH,61002_t32,61003_t96,0.0,0.03724133175549385,
Z3_REPAIR_STRUCTURE,61001,repair_history,duplicate_encoding|SYMBOLIC_FRESH,61002_t32,61004_t32,-0.0015817385470214393,0.08081862599979356,
Z3_REPAIR_STRUCTURE,61001,repair_history,duplicate_encoding|SYMBOLIC_FRESH,61002_t32,61004_t96,0.0,0.03724133175549385,
Z3_REPAIR_STRUCTURE,61001,repair_history,duplicate_encoding|SYMBOLIC_FRESH,61002_t96,61003_t32,0.0,0.02805756835867384,
Z3_REPAIR_STRUCTURE,61001,repair_history,duplicate_encoding|SYMBOLIC_FRESH,61002_t96,61003_t96,0.0,0.0,
Z3_REPAIR_STRUCTURE,61001,repair_history,duplicate_encoding|SYMBOLIC_FRESH,61002_t96,61004_t32,0.0,0.04041381715025683,
Z3_REPAIR_STRUCTURE,61001,repair_history,duplicate_encoding|SYMBOLIC_FRESH,61002_t96,61004_t96,0.0,0.0,
Z3_REPAIR_STRUCTURE,61001,repair_history,duplicate_encoding|SYMBOLIC_FRESH,61003_t32,61003_t96,0.0,0.02805756835867384,
Z3_REPAIR_STRUCTURE,61001,repair_history,duplicate_encoding|SYMBOLIC_FRESH,61003_t32,61004_t32,0.00031814370055058684,0.06783509810782949,
Z3_REPAIR_STRUCTURE,61001,repair_history,duplicate_encoding|SYMBOLIC_FRESH,61003_t32,61004_t96,0.0,0.02805756835867384,
Z3_REPAIR_STRUCTURE,61001,repair_history,duplicate_encoding|SYMBOLIC_FRESH,61003_t96,61004_t32,0.0,0.04041381715025683,
Z3_REPAIR_STRUCTURE,61001,repair_history,duplicate_encoding|SYMBOLIC_FRESH,61003_t96,61004_t96,0.0,0.0,
Z3_REPAIR_STRUCTURE,61001,repair_history,duplicate_encoding|SYMBOLIC_FRESH,61004_t32,61004_t96,0.0,0.04041381715025683,
Z3_REPAIR_STRUCTURE,61001,repair_history,trend|IMAGE_CUE_FRESH,61002_t32,61002_t96,0.000902966847352206,0.03679295163871326,
Z3_REPAIR_STRUCTURE,61001,repair_history,trend|IMAGE_CUE_FRESH,61002_t32,61003_t32,0.016940801077159166,0.03861293686983311,
Z3_REPAIR_STRUCTURE,61001,repair_history,trend|IMAGE_CUE_FRESH,61002_t32,61003_t96,0.0,0.03762274344942527,
Z3_REPAIR_STRUCTURE,61001,repair_history,trend|IMAGE_CUE_FRESH,61002_t32,61004_t32,0.0011173740839405203,0.057788749654319085,
Z3_REPAIR_STRUCTURE,61001,repair_history,trend|IMAGE_CUE_FRESH,61002_t32,61004_t96,0.0,0.03762274344942527,
Z3_REPAIR_STRUCTURE,61001,repair_history,trend|IMAGE_CUE_FRESH,61002_t96,61003_t32,0.00032794284031476613,0.03519205177808905,
Z3_REPAIR_STRUCTURE,61001,repair_history,trend|IMAGE_CUE_FRESH,61002_t96,61003_t96,0.0,0.0009761418839924036,
Z3_REPAIR_STRUCTURE,61001,repair_history,trend|IMAGE_CUE_FRESH,61002_t96,61004_t32,0.0,0.023376896256767265,
Z3_REPAIR_STRUCTURE,61001,repair_history,trend|IMAGE_CUE_FRESH,61002_t96,61004_t96,0.0,0.0009761418839924036,
Z3_REPAIR_STRUCTURE,61001,repair_history,trend|IMAGE_CUE_FRESH,61003_t32,61003_t96,0.0,0.034871795574726173,
Z3_REPAIR_STRUCTURE,61001,repair_history,trend|IMAGE_CUE_FRESH,61003_t32,61004_t32,0.005447800202852574,0.04637694954179589,
Z3_REPAIR_STRUCTURE,61001,repair_history,trend|IMAGE_CUE_FRESH,61003_t32,61004_t96,0.0,0.034871795574726173,
Z3_REPAIR_STRUCTURE,61001,repair_history,trend|IMAGE_CUE_FRESH,61003_t96,61004_t32,0.0,0.02240075437277486,
Z3_REPAIR_STRUCTURE,61001,repair_history,trend|IMAGE_CUE_FRESH,61003_t96,61004_t96,0.0,0.0,
Z3_REPAIR_STRUCTURE,61001,repair_history,trend|IMAGE_CUE_FRESH,61004_t32,61004_t96,0.0,0.02240075437277486,
Z3_REPAIR_STRUCTURE,61001,repair_history,trend|SYMBOLIC_FRESH,61002_t32,61002_t96,0.0025318588616157684,0.07104011607351217,
Z3_REPAIR_STRUCTURE,61001,repair_history,trend|SYMBOLIC_FRESH,61002_t32,61003_t32,0.010893628613646391,0.121811485044361,
Z3_REPAIR_STRUCTURE,61001,repair_history,trend|SYMBOLIC_FRESH,61002_t32,61003_t96,0.0002214915474694563,0.07660265497965829,
Z3_REPAIR_STRUCTURE,61001,repair_history,trend|SYMBOLIC_FRESH,61002_t32,61004_t32,0.01397690398646781,0.09680587786976669,
Z3_REPAIR_STRUCTURE,61001,repair_history,trend|SYMBOLIC_FRESH,61002_t32,61004_t96,-0.004034864527336851,0.09769669603351727,
Z3_REPAIR_STRUCTURE,61001,repair_history,trend|SYMBOLIC_FRESH,61002_t96,61003_t32,0.0015062473856700504,0.0843690139326973,
Z3_REPAIR_STRUCTURE,61001,repair_history,trend|SYMBOLIC_FRESH,61002_t96,61003_t96,0.0028284300748199014,0.01517154435734103,
Z3_REPAIR_STRUCTURE,61001,repair_history,trend|SYMBOLIC_FRESH,61002_t96,61004_t32,0.0017334789031818029,0.06507549446872232,
Z3_REPAIR_STRUCTURE,61001,repair_history,trend|SYMBOLIC_FRESH,61002_t96,61004_t96,-0.0002830321497218697,0.03397579771067093,
Z3_REPAIR_STRUCTURE,61001,repair_history,trend|SYMBOLIC_FRESH,61003_t32,61003_t96,-0.0006856336878304077,0.08969458035755172,
Z3_REPAIR_STRUCTURE,61001,repair_history,trend|SYMBOLIC_FRESH,61003_t32,61004_t32,0.022047183635184646,0.09194299347962671,
Z3_REPAIR_STRUCTURE,61001,repair_history,trend|SYMBOLIC_FRESH,61003_t32,61004_t96,-0.006751778231861931,0.11440819834986113,
Z3_REPAIR_STRUCTURE,61001,repair_history,trend|SYMBOLIC_FRESH,61003_t96,61004_t32,-0.0003584195280799289,0.07020109560909928,
Z3_REPAIR_STRUCTURE,61001,repair_history,trend|SYMBOLIC_FRESH,61003_t96,61004_t96,0.002267664187934321,0.029816209313212043,
Z3_REPAIR_STRUCTURE,61001,repair_history,trend|SYMBOLIC_FRESH,61004_t32,61004_t96,0.0005296543107506928,0.0810062768356844,
Z2_REWARD_DISTRIBUTION,61002,current,cross_series|IMAGE_CUE_FRESH,61001_t32,61001_t96,0.16289369607036808,0.007545941192597161,0.16289369607036808
Z2_REWARD_DISTRIBUTION,61002,current,cross_series|IMAGE_CUE_FRESH,61001_t32,61003_t32,0.1632078905415188,0.006917552250295722,0.1592186773776485
Z2_REWARD_DISTRIBUTION,61002,current,cross_series|IMAGE_CUE_FRESH,61001_t32,61003_t96,0.16289369607036808,0.007545941192597161,0.16289369607036808
Z2_REWARD_DISTRIBUTION,61002,current,cross_series|IMAGE_CUE_FRESH,61001_t32,61004_t32,0.16196563077475565,0.00940207178382202,0.15655641170361234
Z2_REWARD_DISTRIBUTION,61002,current,cross_series|IMAGE_CUE_FRESH,61001_t32,61004_t96,0.16289369607036808,0.007545941192597161,0.16289369607036808
Z2_REWARD_DISTRIBUTION,61002,current,cross_series|IMAGE_CUE_FRESH,61001_t96,61003_t32,0.1628043521835259,0.00772462896628151,0.1628043521835259
Z2_REWARD_DISTRIBUTION,61002,current,cross_series|IMAGE_CUE_FRESH,61001_t96,61003_t96,0.16666666666666666,0.0,0.16666666666666666
Z2_REWARD_DISTRIBUTION,61002,current,cross_series|IMAGE_CUE_FRESH,61001_t96,61004_t32,0.16004416354082057,0.01324500625169217,0.16004416354082057
Z2_REWARD_DISTRIBUTION,61002,current,cross_series|IMAGE_CUE_FRESH,61001_t96,61004_t96,0.16666666666666666,0.0,0.16666666666666666
Z2_REWARD_DISTRIBUTION,61002,current,cross_series|IMAGE_CUE_FRESH,61003_t32,61003_t96,0.1628043521835259,0.00772462896628151,0.1628043521835259
Z2_REWARD_DISTRIBUTION,61002,current,cross_series|IMAGE_CUE_FRESH,61003_t32,61004_t32,0.16430535659403053,0.004722620145272249,0.1566338538616299
Z2_REWARD_DISTRIBUTION,61002,current,cross_series|IMAGE_CUE_FRESH,61003_t32,61004_t96,0.1628043521835259,0.00772462896628151,0.1628043521835259
Z2_REWARD_DISTRIBUTION,61002,current,cross_series|IMAGE_CUE_FRESH,61003_t96,61004_t32,0.16004416354082057,0.01324500625169217,0.16004416354082057
Z2_REWARD_DISTRIBUTION,61002,current,cross_series|IMAGE_CUE_FRESH,61003_t96,61004_t96,0.16666666666666666,0.0,0.16666666666666666
Z2_REWARD_DISTRIBUTION,61002,current,cross_series|IMAGE_CUE_FRESH,61004_t32,61004_t96,0.16004416354082057,0.01324500625169217,0.16004416354082057
Z2_REWARD_DISTRIBUTION,61002,current,cross_series|SYMBOLIC_FRESH,61001_t32,61001_t96,0.1258824056373747,0.08156852205858389,0.03721245601177856
Z2_REWARD_DISTRIBUTION,61002,current,cross_series|SYMBOLIC_FRESH,61001_t32,61003_t32,0.1568754490725363,0.019582435188260694,0.026589998883285892
Z2_REWARD_DISTRIBUTION,61002,current,cross_series|SYMBOLIC_FRESH,61001_t32,61003_t96,0.1189134701392204,0.0955063930548925,0.036869128274166114
Z2_REWARD_DISTRIBUTION,61002,current,cross_series|SYMBOLIC_FRESH,61001_t32,61004_t32,0.15295667110078084,0.027419991131771626,0.023095050448696933
Z2_REWARD_DISTRIBUTION,61002,current,cross_series|SYMBOLIC_FRESH,61001_t32,61004_t96,0.12614115462343048,0.08105102408647236,0.034684186701825714
Z2_REWARD_DISTRIBUTION,61002,current,cross_series|SYMBOLIC_FRESH,61001_t96,61003_t32,0.12895306591100383,0.07542720151132565,0.044585329016194566
Z2_REWARD_DISTRIBUTION,61002,current,cross_series|SYMBOLIC_FRESH,61001_t96,61003_t96,0.15837706475178728,0.01657920382975875,0.06978216395142867
Z2_REWARD_DISTRIBUTION,61002,current,cross_series|SYMBOLIC_FRESH,61001_t96,61004_t32,0.11580066895508499,0.10173199542316333,0.03826523067506143
Z2_REWARD_DISTRIBUTION,61002,current,cross_series|SYMBOLIC_FRESH,61001_t96,61004_t96,0.16318940517254718,0.006954522988238954,0.0657302922494088
Z2_REWARD_DISTRIBUTION,61002,current,cross_series|SYMBOLIC_FRESH,61003_t32,61003_t96,0.1239497824790265,0.08543376837528033,0.04419407765430901
Z2_REWARD_DISTRIBUTION,61002,current,cross_series|SYMBOLIC_FRESH,61003_t32,61004_t32,0.15561503296691123,0.02210326739951085,0.027319689558281516
Z2_REWARD_DISTRIBUTION,61002,current,cross_series|SYMBOLIC_FRESH,61003_t32,61004_t96,0.1274046682262919,0.07852399688074951,0.04095046432307123
Z2_REWARD_DISTRIBUTION,61002,current,cross_series|SYMBOLIC_FRESH,61003_t96,61004_t32,0.10828595331384791,0.1167614267056375,0.03839243445080018
Z2_REWARD_DISTRIBUTION,61002,current,cross_series|SYMBOLIC_FRESH,61003_t96,61004_t96,0.15503167192153977,0.023269989490253773,0.06437783105187117
Z2_REWARD_DISTRIBUTION,61002,current,cross_series|SYMBOLIC_FRESH,61004_t32,61004_t96,0.1144599149652592,0.10441350340281491,0.035532849576115015
Z2_REWARD_DISTRIBUTION,61002,current,duplicate_encoding|IMAGE_CUE_FRESH,61001_t32,61001_t96,0.16622919400698544,0.0008749453193624412,0.16622919400698544
Z2_REWARD_DISTRIBUTION,61002,current,duplicate_encoding|IMAGE_CUE_FRESH,61001_t32,61003_t32,0.16557642989936708,0.002180473534599159,0.16557642989936708
Z2_REWARD_DISTRIBUTION,61002,current,duplicate_encoding|IMAGE_CUE_FRESH,61001_t32,61003_t96,0.16622919400698544,0.0008749453193624412,0.16622919400698544
Z2_REWARD_DISTRIBUTION,61002,current,duplicate_encoding|IMAGE_CUE_FRESH,61001_t32,61004_t32,0.16622919400698544,0.0008749453193624412,0.16622919400698544
Z2_REWARD_DISTRIBUTION,61002,current,duplicate_encoding|IMAGE_CUE_FRESH,61001_t32,61004_t96,0.16622919400698544,0.0008749453193624412,0.16622919400698544
Z2_REWARD_DISTRIBUTION,61002,current,duplicate_encoding|IMAGE_CUE_FRESH,61001_t96,61003_t32,0.16601045767714484,0.0013124179790436341,0.16601045767714484
Z2_REWARD_DISTRIBUTION,61002,current,duplicate_encoding|IMAGE_CUE_FRESH,61001_t96,61003_t96,0.16666666666666666,0.0,0.16666666666666666
Z2_REWARD_DISTRIBUTION,61002,current,duplicate_encoding|IMAGE_CUE_FRESH,61001_t96,61004_t32,0.16666666666666666,0.0,0.16666666666666666
Z2_REWARD_DISTRIBUTION,61002,current,duplicate_encoding|IMAGE_CUE_FRESH,61001_t96,61004_t96,0.16666666666666666,0.0,0.16666666666666666
Z2_REWARD_DISTRIBUTION,61002,current,duplicate_encoding|IMAGE_CUE_FRESH,61003_t32,61003_t96,0.16601045767714484,0.0013124179790436341,0.16601045767714484
Z2_REWARD_DISTRIBUTION,61002,current,duplicate_encoding|IMAGE_CUE_FRESH,61003_t32,61004_t32,0.16601045767714484,0.0013124179790436341,0.16601045767714484
Z2_REWARD_DISTRIBUTION,61002,current,duplicate_encoding|IMAGE_CUE_FRESH,61003_t32,61004_t96,0.16601045767714484,0.0013124179790436341,0.16601045767714484
Z2_REWARD_DISTRIBUTION,61002,current,duplicate_encoding|IMAGE_CUE_FRESH,61003_t96,61004_t32,0.16666666666666666,0.0,0.16666666666666666
Z2_REWARD_DISTRIBUTION,61002,current,duplicate_encoding|IMAGE_CUE_FRESH,61003_t96,61004_t96,0.16666666666666666,0.0,0.16666666666666666
Z2_REWARD_DISTRIBUTION,61002,current,duplicate_encoding|IMAGE_CUE_FRESH,61004_t32,61004_t96,0.16666666666666666,0.0,0.16666666666666666
Z2_REWARD_DISTRIBUTION,61002,current,duplicate_encoding|SYMBOLIC_FRESH,61001_t32,61001_t96,0.15791688325952677,0.017499566814279777,0.15791688325952677
Z2_REWARD_DISTRIBUTION,61002,current,duplicate_encoding|SYMBOLIC_FRESH,61001_t32,61003_t32,0.1617304800921863,0.009872373148960778,0.15248111778539636
Z2_REWARD_DISTRIBUTION,61002,current,duplicate_encoding|SYMBOLIC_FRESH,61001_t32,61003_t96,0.15791688325952677,0.017499566814279777,0.15791688325952677
Z2_REWARD_DISTRIBUTION,61002,current,duplicate_encoding|SYMBOLIC_FRESH,61001_t32,61004_t32,0.16367296481293617,0.005987403707460981,0.1470673515103054
Z2_REWARD_DISTRIBUTION,61002,current,duplicate_encoding|SYMBOLIC_FRESH,61001_t32,61004_t96,0.15791688325952677,0.017499566814279777,0.15791688325952677
Z2_REWARD_DISTRIBUTION,61002,current,duplicate_encoding|SYMBOLIC_FRESH,61001_t96,61003_t32,0.16090317088452102,0.011526991564291322,0.16090317088452102
Z2_REWARD_DISTRIBUTION,61002,current,duplicate_encoding|SYMBOLIC_FRESH,61001_t96,61003_t96,0.16666666666666666,0.0,0.16666666666666666
Z2_REWARD_DISTRIBUTION,61002,current,duplicate_encoding|SYMBOLIC_FRESH,61001_t96,61004_t32,0.15508922626453228,0.02315488080426875,0.15508922626453228
Z2_REWARD_DISTRIBUTION,61002,current,duplicate_encoding|SYMBOLIC_FRESH,61001_t96,61004_t96,0.16666666666666666,0.0,0.16666666666666666
Z2_REWARD_DISTRIBUTION,61002,current,duplicate_encoding|SYMBOLIC_FRESH,61003_t32,61003_t96,0.16090317088452102,0.011526991564291322,0.16090317088452102
Z2_REWARD_DISTRIBUTION,61002,current,duplicate_encoding|SYMBOLIC_FRESH,61003_t32,61004_t32,0.16089652049688405,0.011540292339565272,0.1497637342444635
Z2_REWARD_DISTRIBUTION,61002,current,duplicate_encoding|SYMBOLIC_FRESH,61003_t32,61004_t96,0.16090317088452102,0.011526991564291322,0.16090317088452102
Z2_REWARD_DISTRIBUTION,61002,current,duplicate_encoding|SYMBOLIC_FRESH,61003_t96,61004_t32,0.15508922626453228,0.02315488080426875,0.15508922626453228
Z2_REWARD_DISTRIBUTION,61002,current,duplicate_encoding|SYMBOLIC_FRESH,61003_t96,61004_t96,0.16666666666666666,0.0,0.16666666666666666
Z2_REWARD_DISTRIBUTION,61002,current,duplicate_encoding|SYMBOLIC_FRESH,61004_t32,61004_t96,0.15508922626453228,0.02315488080426875,0.15508922626453228
Z2_REWARD_DISTRIBUTION,61002,current,trend|IMAGE_CUE_FRESH,61001_t32,61001_t96,0.1596893249215997,0.013954683490133901,0.1596893249215997
Z2_REWARD_DISTRIBUTION,61002,current,trend|IMAGE_CUE_FRESH,61001_t32,61003_t32,0.16338432139521142,0.0065646905429104785,0.15363079169711621
Z2_REWARD_DISTRIBUTION,61002,current,trend|IMAGE_CUE_FRESH,61001_t32,61003_t96,0.1596893249215997,0.013954683490133901,0.1596893249215997
Z2_REWARD_DISTRIBUTION,61002,current,trend|IMAGE_CUE_FRESH,61001_t32,61004_t32,0.16239363065111634,0.008546072031100638,0.15021827535058183
Z2_REWARD_DISTRIBUTION,61002,current,trend|IMAGE_CUE_FRESH,61001_t32,61004_t96,0.1596893249215997,0.013954683490133901,0.1596893249215997
Z2_REWARD_DISTRIBUTION,61002,current,trend|IMAGE_CUE_FRESH,61001_t96,61003_t32,0.16011999041952044,0.013093352494292443,0.16011999041952044
Z2_REWARD_DISTRIBUTION,61002,current,trend|IMAGE_CUE_FRESH,61001_t96,61003_t96,0.16666666666666666,0.0,0.16666666666666666
Z2_REWARD_DISTRIBUTION,61002,current,trend|IMAGE_CUE_FRESH,61001_t96,61004_t32,0.15638281611295157,0.02056770110743017,0.15638281611295157
Z2_REWARD_DISTRIBUTION,61002,current,trend|IMAGE_CUE_FRESH,61001_t96,61004_t96,0.16666666666666666,0.0,0.16666666666666666
Z2_REWARD_DISTRIBUTION,61002,current,trend|IMAGE_CUE_FRESH,61003_t32,61003_t96,0.16011999041952044,0.013093352494292443,0.16011999041952044
Z2_REWARD_DISTRIBUTION,61002,current,trend|IMAGE_CUE_FRESH,61003_t32,61004_t32,0.1618119062838382,0.009709520765656898,0.15063948090819454
Z2_REWARD_DISTRIBUTION,61002,current,trend|IMAGE_CUE_FRESH,61003_t32,61004_t96,0.16011999041952044,0.013093352494292443,0.16011999041952044
Z2_REWARD_DISTRIBUTION,61002,current,trend|IMAGE_CUE_FRESH,61003_t96,61004_t32,0.15638281611295157,0.02056770110743017,0.15638281611295157
Z2_REWARD_DISTRIBUTION,61002,current,trend|IMAGE_CUE_FRESH,61003_t96,61004_t96,0.16666666666666666,0.0,0.16666666666666666
Z2_REWARD_DISTRIBUTION,61002,current,trend|IMAGE_CUE_FRESH,61004_t32,61004_t96,0.15638281611295157,0.02056770110743017,0.15638281611295157
Z2_REWARD_DISTRIBUTION,61002,current,trend|SYMBOLIC_FRESH,61001_t32,61001_t96,0.1129095629884767,0.10751420735637993,0.0595751193380144
Z2_REWARD_DISTRIBUTION,61002,current,trend|SYMBOLIC_FRESH,61001_t32,61003_t32,0.15779341497769728,0.01774650337793876,0.0437135313011709
Z2_REWARD_DISTRIBUTION,61002,current,trend|SYMBOLIC_FRESH,61001_t32,61003_t96,0.1166512883077702,0.1000307567177929,0.05948493555887556
Z2_REWARD_DISTRIBUTION,61002,current,trend|SYMBOLIC_FRESH,61001_t32,61004_t32,0.16033301711046788,0.012667299112397612,0.038955656002025565
Z2_REWARD_DISTRIBUTION,61002,current,trend|SYMBOLIC_FRESH,61001_t32,61004_t96,0.10705473751916014,0.11922385829501303,0.059724327958992
Z2_REWARD_DISTRIBUTION,61002,current,trend|SYMBOLIC_FRESH,61001_t96,61003_t32,0.12026733793534958,0.09279865746263416,0.06714678953459309
Z2_REWARD_DISTRIBUTION,61002,current,trend|SYMBOLIC_FRESH,61001_t96,61003_t96,0.16323709146831297,0.00685915039670737,0.09612837158576959
Z2_REWARD_DISTRIBUTION,61002,current,trend|SYMBOLIC_FRESH,61001_t96,61004_t32,0.11254694096418241,0.10823945140496855,0.059381707650794605
Z2_REWARD_DISTRIBUTION,61002,current,trend|SYMBOLIC_FRESH,61001_t96,61004_t96,0.15816817537990097,0.016996982573531383,0.0965624558444907
Z2_REWARD_DISTRIBUTION,61002,current,trend|SYMBOLIC_FRESH,61003_t32,61003_t96,0.12275872852816117,0.08781587627701098,0.0670733079846409
Z2_REWARD_DISTRIBUTION,61002,current,trend|SYMBOLIC_FRESH,61003_t32,61004_t32,0.15815914835390618,0.017015036625521007,0.04544017812659708
Z2_REWARD_DISTRIBUTION,61002,current,trend|SYMBOLIC_FRESH,61003_t32,61004_t96,0.11301508862328084,0.10730315608677163,0.06732913532652936
Z2_REWARD_DISTRIBUTION,61002,current,trend|SYMBOLIC_FRESH,61003_t96,61004_t32,0.1154551070035377,0.10242311932625797,0.05930862508472811
Z2_REWARD_DISTRIBUTION,61002,current,trend|SYMBOLIC_FRESH,61003_t96,61004_t96,0.1604046335320264,0.012524066269280487,0.0963506653038199
Z2_REWARD_DISTRIBUTION,61002,current,trend|SYMBOLIC_FRESH,61004_t32,61004_t96,0.10644224509102176,0.12044884315128984,0.05952088354478635
Z2_REWARD_DISTRIBUTION,61002,history,cross_series|IMAGE_CUE_FRESH,61001_t32,61001_t96,0.0,0.07658013366802491,
Z2_REWARD_DISTRIBUTION,61002,history,cross_series|IMAGE_CUE_FRESH,61001_t32,61003_t32,-0.0012115202034594483,0.11420706838200735,
Z2_REWARD_DISTRIBUTION,61002,history,cross_series|IMAGE_CUE_FRESH,61001_t32,61003_t96,0.0,0.07658013366802491,
Z2_REWARD_DISTRIBUTION,61002,history,cross_series|IMAGE_CUE_FRESH,61001_t32,61004_t32,-0.0006001312556117172,0.10861375774006096,
Z2_REWARD_DISTRIBUTION,61002,history,cross_series|IMAGE_CUE_FRESH,61001_t32,61004_t96,0.0,0.07658013366802491,
Z2_REWARD_DISTRIBUTION,61002,history,cross_series|IMAGE_CUE_FRESH,61001_t96,61003_t32,0.0,0.03520389430706354,
Z2_REWARD_DISTRIBUTION,61002,history,cross_series|IMAGE_CUE_FRESH,61001_t96,61003_t96,0.0,0.0,
Z2_REWARD_DISTRIBUTION,61002,history,cross_series|IMAGE_CUE_FRESH,61001_t96,61004_t32,0.0,0.030833361560812622,
Z2_REWARD_DISTRIBUTION,61002,history,cross_series|IMAGE_CUE_FRESH,61001_t96,61004_t96,0.0,0.0,
Z2_REWARD_DISTRIBUTION,61002,history,cross_series|IMAGE_CUE_FRESH,61003_t32,61003_t96,0.0,0.03520389430706354,
Z2_REWARD_DISTRIBUTION,61002,history,cross_series|IMAGE_CUE_FRESH,61003_t32,61004_t32,0.005616913679649533,0.0548034285085771,
Z2_REWARD_DISTRIBUTION,61002,history,cross_series|IMAGE_CUE_FRESH,61003_t32,61004_t96,0.0,0.03520389430706354,
Z2_REWARD_DISTRIBUTION,61002,history,cross_series|IMAGE_CUE_FRESH,61003_t96,61004_t32,0.0,0.030833361560812622,
Z2_REWARD_DISTRIBUTION,61002,history,cross_series|IMAGE_CUE_FRESH,61003_t96,61004_t96,0.0,0.0,
Z2_REWARD_DISTRIBUTION,61002,history,cross_series|IMAGE_CUE_FRESH,61004_t32,61004_t96,0.0,0.030833361560812622,
Z2_REWARD_DISTRIBUTION,61002,history,cross_series|SYMBOLIC_FRESH,61001_t32,61001_t96,-0.0004663386149777876,0.15630016788295614,
Z2_REWARD_DISTRIBUTION,61002,history,cross_series|SYMBOLIC_FRESH,61001_t32,61003_t32,0.013680847034889495,0.20671700491604614,
Z2_REWARD_DISTRIBUTION,61002,history,cross_series|SYMBOLIC_FRESH,61001_t32,61003_t96,-0.0036194910633930307,0.1524054553156467,
Z2_REWARD_DISTRIBUTION,61002,history,cross_series|SYMBOLIC_FRESH,61001_t32,61004_t32,-0.009031595040008571,0.261338766355258,
Z2_REWARD_DISTRIBUTION,61002,history,cross_series|SYMBOLIC_FRESH,61001_t32,61004_t96,-0.009032508259071103,0.17886512458380124,
Z2_REWARD_DISTRIBUTION,61002,history,cross_series|SYMBOLIC_FRESH,61001_t96,61003_t32,0.00353071625885664,0.1368983181434898,
Z2_REWARD_DISTRIBUTION,61002,history,cross_series|SYMBOLIC_FRESH,61001_t96,61003_t96,-0.0013903357418995957,0.057828196348037764,
Z2_REWARD_DISTRIBUTION,61002,history,cross_series|SYMBOLIC_FRESH,61001_t96,61004_t32,-0.0006876506771103764,0.1545319293048395,
Z2_REWARD_DISTRIBUTION,61002,history,cross_series|SYMBOLIC_FRESH,61001_t96,61004_t96,-0.008296312305872688,0.08727378435278232,
Z2_REWARD_DISTRIBUTION,61002,history,cross_series|SYMBOLIC_FRESH,61003_t32,61003_t96,-0.003781067276622623,0.1413208677503084,
Z2_REWARD_DISTRIBUTION,61002,history,cross_series|SYMBOLIC_FRESH,61003_t32,61004_t32,0.0026125005909480017,0.2266428351015473,
Z2_REWARD_DISTRIBUTION,61002,history,cross_series|SYMBOLIC_FRESH,61003_t32,61004_t96,0.001652763100887916,0.1460868418720857,
Z2_REWARD_DISTRIBUTION,61002,history,cross_series|SYMBOLIC_FRESH,61003_t96,61004_t32,-0.004375883355161966,0.15170737719680275,
Z2_REWARD_DISTRIBUTION,61002,history,cross_series|SYMBOLIC_FRESH,61003_t96,61004_t96,-0.004546784975208489,0.06957371222731401,
Z2_REWARD_DISTRIBUTION,61002,history,cross_series|SYMBOLIC_FRESH,61004_t32,61004_t96,0.004180059124356305,0.1502291271145646,
Z2_REWARD_DISTRIBUTION,61002,history,duplicate_encoding|IMAGE_CUE_FRESH,61001_t32,61001_t96,0.0,0.01709872725547862,
Z2_REWARD_DISTRIBUTION,61002,history,duplicate_encoding|IMAGE_CUE_FRESH,61001_t32,61003_t32,0.0024853156655274267,0.031610872475716485,
Z2_REWARD_DISTRIBUTION,61002,history,duplicate_encoding|IMAGE_CUE_FRESH,61001_t32,61003_t96,0.0,0.01709872725547862,
Z2_REWARD_DISTRIBUTION,61002,history,duplicate_encoding|IMAGE_CUE_FRESH,61001_t32,61004_t32,0.0024837314776361055,0.019407720595449828,
Z2_REWARD_DISTRIBUTION,61002,history,duplicate_encoding|IMAGE_CUE_FRESH,61001_t32,61004_t96,0.0,0.01709872725547862,
Z2_REWARD_DISTRIBUTION,61002,history,duplicate_encoding|IMAGE_CUE_FRESH,61001_t96,61003_t32,0.0,0.01948277655129272,
Z2_REWARD_DISTRIBUTION,61002,history,duplicate_encoding|IMAGE_CUE_FRESH,61001_t96,61003_t96,0.0,0.0,
Z2_REWARD_DISTRIBUTION,61002,history,duplicate_encoding|IMAGE_CUE_FRESH,61001_t96,61004_t32,0.0,0.007276456295243419,
Z2_REWARD_DISTRIBUTION,61002,history,duplicate_encoding|IMAGE_CUE_FRESH,61001_t96,61004_t96,0.0,0.0,
Z2_REWARD_DISTRIBUTION,61002,history,duplicate_encoding|IMAGE_CUE_FRESH,61003_t32,61003_t96,0.0,0.01948277655129272,
Z2_REWARD_DISTRIBUTION,61002,history,duplicate_encoding|IMAGE_CUE_FRESH,61003_t32,61004_t32,-0.002386975801327398,0.03153318444919094,
Z2_REWARD_DISTRIBUTION,61002,history,duplicate_encoding|IMAGE_CUE_FRESH,61003_t32,61004_t96,0.0,0.01948277655129272,
Z2_REWARD_DISTRIBUTION,61002,history,duplicate_encoding|IMAGE_CUE_FRESH,61003_t96,61004_t32,0.0,0.007276456295243419,
Z2_REWARD_DISTRIBUTION,61002,history,duplicate_encoding|IMAGE_CUE_FRESH,61003_t96,61004_t96,0.0,0.0,
Z2_REWARD_DISTRIBUTION,61002,history,duplicate_encoding|IMAGE_CUE_FRESH,61004_t32,61004_t96,0.0,0.007276456295243419,
Z2_REWARD_DISTRIBUTION,61002,history,duplicate_encoding|SYMBOLIC_FRESH,61001_t32,61001_t96,0.0,0.07782110270175255,
Z2_REWARD_DISTRIBUTION,61002,history,duplicate_encoding|SYMBOLIC_FRESH,61001_t32,61003_t32,-0.0026514519596300763,0.1449161371138994,
Z2_REWARD_DISTRIBUTION,61002,history,duplicate_encoding|SYMBOLIC_FRESH,61001_t32,61003_t96,0.0,0.07782110270175255,
Z2_REWARD_DISTRIBUTION,61002,history,duplicate_encoding|SYMBOLIC_FRESH,61001_t32,61004_t32,0.008651454470216516,0.1435119475770337,
Z2_REWARD_DISTRIBUTION,61002,history,duplicate_encoding|SYMBOLIC_FRESH,61001_t32,61004_t96,0.0,0.07782110270175255,
Z2_REWARD_DISTRIBUTION,61002,history,duplicate_encoding|SYMBOLIC_FRESH,61001_t96,61003_t32,0.0,0.06179213049288667,
Z2_REWARD_DISTRIBUTION,61002,history,duplicate_encoding|SYMBOLIC_FRESH,61001_t96,61003_t96,0.0,0.0,
Z2_REWARD_DISTRIBUTION,61002,history,duplicate_encoding|SYMBOLIC_FRESH,61001_t96,61004_t32,0.0,0.08299375381571418,
Z2_REWARD_DISTRIBUTION,61002,history,duplicate_encoding|SYMBOLIC_FRESH,61001_t96,61004_t96,0.0,0.0,
Z2_REWARD_DISTRIBUTION,61002,history,duplicate_encoding|SYMBOLIC_FRESH,61003_t32,61003_t96,0.0,0.06179213049288667,
Z2_REWARD_DISTRIBUTION,61002,history,duplicate_encoding|SYMBOLIC_FRESH,61003_t32,61004_t32,0.006803386730193195,0.13117911084821446,
Z2_REWARD_DISTRIBUTION,61002,history,duplicate_encoding|SYMBOLIC_FRESH,61003_t32,61004_t96,0.0,0.06179213049288667,
Z2_REWARD_DISTRIBUTION,61002,history,duplicate_encoding|SYMBOLIC_FRESH,61003_t96,61004_t32,0.0,0.08299375381571418,
Z2_REWARD_DISTRIBUTION,61002,history,duplicate_encoding|SYMBOLIC_FRESH,61003_t96,61004_t96,0.0,0.0,
Z2_REWARD_DISTRIBUTION,61002,history,duplicate_encoding|SYMBOLIC_FRESH,61004_t32,61004_t96,0.0,0.08299375381571418,
Z2_REWARD_DISTRIBUTION,61002,history,trend|IMAGE_CUE_FRESH,61001_t32,61001_t96,0.0,0.07634138258260306,
Z2_REWARD_DISTRIBUTION,61002,history,trend|IMAGE_CUE_FRESH,61001_t32,61003_t32,0.03988391894664828,0.07466172074552135,
Z2_REWARD_DISTRIBUTION,61002,history,trend|IMAGE_CUE_FRESH,61001_t32,61003_t96,0.0,0.07634138258260306,
Z2_REWARD_DISTRIBUTION,61002,history,trend|IMAGE_CUE_FRESH,61001_t32,61004_t32,-0.0006201745764545808,0.1408525577819878,
Z2_REWARD_DISTRIBUTION,61002,history,trend|IMAGE_CUE_FRESH,61001_t32,61004_t96,0.0,0.07634138258260306,
Z2_REWARD_DISTRIBUTION,61002,history,trend|IMAGE_CUE_FRESH,61001_t96,61003_t32,0.0,0.07808817605621483,
Z2_REWARD_DISTRIBUTION,61002,history,trend|IMAGE_CUE_FRESH,61001_t96,61003_t96,0.0,0.0,
Z2_REWARD_DISTRIBUTION,61002,history,trend|IMAGE_CUE_FRESH,61001_t96,61004_t32,0.0,0.06327082604647556,
Z2_REWARD_DISTRIBUTION,61002,history,trend|IMAGE_CUE_FRESH,61001_t96,61004_t96,0.0,0.0,
Z2_REWARD_DISTRIBUTION,61002,history,trend|IMAGE_CUE_FRESH,61003_t32,61003_t96,0.0,0.07808817605621483,
Z2_REWARD_DISTRIBUTION,61002,history,trend|IMAGE_CUE_FRESH,61003_t32,61004_t32,0.020968506995987707,0.09942198811071498,
Z2_REWARD_DISTRIBUTION,61002,history,trend|IMAGE_CUE_FRESH,61003_t32,61004_t96,0.0,0.07808817605621483,
Z2_REWARD_DISTRIBUTION,61002,history,trend|IMAGE_CUE_FRESH,61003_t96,61004_t32,0.0,0.06327082604647556,
Z2_REWARD_DISTRIBUTION,61002,history,trend|IMAGE_CUE_FRESH,61003_t96,61004_t96,0.0,0.0,
Z2_REWARD_DISTRIBUTION,61002,history,trend|IMAGE_CUE_FRESH,61004_t32,61004_t96,0.0,0.06327082604647556,
Z2_REWARD_DISTRIBUTION,61002,history,trend|SYMBOLIC_FRESH,61001_t32,61001_t96,-0.00829525483885029,0.15087592219276752,
Z2_REWARD_DISTRIBUTION,61002,history,trend|SYMBOLIC_FRESH,61001_t32,61003_t32,0.019347538157548482,0.20030513643176687,
Z2_REWARD_DISTRIBUTION,61002,history,trend|SYMBOLIC_FRESH,61001_t32,61003_t96,0.0027942266229588958,0.10147098261271349,
Z2_REWARD_DISTRIBUTION,61002,history,trend|SYMBOLIC_FRESH,61001_t32,61004_t32,0.01576683378164218,0.1454892600103571,
Z2_REWARD_DISTRIBUTION,61002,history,trend|SYMBOLIC_FRESH,61001_t32,61004_t96,-0.006430176605561306,0.15262658525742095,
Z2_REWARD_DISTRIBUTION,61002,history,trend|SYMBOLIC_FRESH,61001_t96,61003_t32,-0.0071789333437694905,0.20182728630576702,
Z2_REWARD_DISTRIBUTION,61002,history,trend|SYMBOLIC_FRESH,61001_t96,61003_t96,0.00844051303112633,0.03864761666774285,
Z2_REWARD_DISTRIBUTION,61002,history,trend|SYMBOLIC_FRESH,61001_t96,61004_t32,-0.017134603744302913,0.1597613419336115,
Z2_REWARD_DISTRIBUTION,61002,history,trend|SYMBOLIC_FRESH,61001_t96,61004_t96,-0.01128614671436753,0.11080773234639762,
Z2_REWARD_DISTRIBUTION,61002,history,trend|SYMBOLIC_FRESH,61003_t32,61003_t96,0.0022354614779421327,0.15577252000590813,
Z2_REWARD_DISTRIBUTION,61002,history,trend|SYMBOLIC_FRESH,61003_t32,61004_t32,0.023268603546171628,0.18366972758445932,
Z2_REWARD_DISTRIBUTION,61002,history,trend|SYMBOLIC_FRESH,61003_t32,61004_t96,-0.012089424614080212,0.2171290883776199,
Z2_REWARD_DISTRIBUTION,61002,history,trend|SYMBOLIC_FRESH,61003_t96,61004_t32,-0.011632822887133121,0.1215318035628363,
Z2_REWARD_DISTRIBUTION,61002,history,trend|SYMBOLIC_FRESH,61003_t96,61004_t96,-0.0026984030014797415,0.06640626826418643,
Z2_REWARD_DISTRIBUTION,61002,history,trend|SYMBOLIC_FRESH,61004_t32,61004_t96,-0.004201452723293435,0.139375859422824,
Z3_REPAIR_STRUCTURE,61002,current,cross_series|IMAGE_CUE_FRESH,61001_t32,61001_t96,0.08144684803518404,0.0037729705962985804,0.08144684803518404
Z3_REPAIR_STRUCTURE,61002,current,cross_series|IMAGE_CUE_FRESH,61001_t32,61003_t32,0.0816039452707594,0.003458776125147861,0.07960933868882425
Z3_REPAIR_STRUCTURE,61002,current,cross_series|IMAGE_CUE_FRESH,61001_t32,61003_t96,0.08144684803518404,0.0037729705962985804,0.08144684803518404
Z3_REPAIR_STRUCTURE,61002,current,cross_series|IMAGE_CUE_FRESH,61001_t32,61004_t32,0.08098281538737782,0.00470103589191101,0.07827820585180617
Z3_REPAIR_STRUCTURE,61002,current,cross_series|IMAGE_CUE_FRESH,61001_t32,61004_t96,0.08144684803518404,0.0037729705962985804,0.08144684803518404
Z3_REPAIR_STRUCTURE,61002,current,cross_series|IMAGE_CUE_FRESH,61001_t96,61003_t32,0.08140217609176295,0.003862314483140755,0.08140217609176295
Z3_REPAIR_STRUCTURE,61002,current,cross_series|IMAGE_CUE_FRESH,61001_t96,61003_t96,0.08333333333333333,0.0,0.08333333333333333
Z3_REPAIR_STRUCTURE,61002,current,cross_series|IMAGE_CUE_FRESH,61001_t96,61004_t32,0.08002208177041029,0.006622503125846085,0.08002208177041029
Z3_REPAIR_STRUCTURE,61002,current,cross_series|IMAGE_CUE_FRESH,61001_t96,61004_t96,0.08333333333333333,0.0,0.08333333333333333
Z3_REPAIR_STRUCTURE,61002,current,cross_series|IMAGE_CUE_FRESH,61003_t32,61003_t96,0.08140217609176295,0.003862314483140755,0.08140217609176295
Z3_REPAIR_STRUCTURE,61002,current,cross_series|IMAGE_CUE_FRESH,61003_t32,61004_t32,0.08215267829701527,0.0023613100726361247,0.07831692693081495
Z3_REPAIR_STRUCTURE,61002,current,cross_series|IMAGE_CUE_FRESH,61003_t32,61004_t96,0.08140217609176295,0.003862314483140755,0.08140217609176295
Z3_REPAIR_STRUCTURE,61002,current,cross_series|IMAGE_CUE_FRESH,61003_t96,61004_t32,0.08002208177041029,0.006622503125846085,0.08002208177041029
Z3_REPAIR_STRUCTURE,61002,current,cross_series|IMAGE_CUE_FRESH,61003_t96,61004_t96,0.08333333333333333,0.0,0.08333333333333333
Z3_REPAIR_STRUCTURE,61002,current,cross_series|IMAGE_CUE_FRESH,61004_t32,61004_t96,0.08002208177041029,0.006622503125846085,0.08002208177041029
Z3_REPAIR_STRUCTURE,61002,current,cross_series|SYMBOLIC_FRESH,61001_t32,61001_t96,0.06294120281868736,0.040784261029291946,0.01860622800588928
Z3_REPAIR_STRUCTURE,61002,current,cross_series|SYMBOLIC_FRESH,61001_t32,61003_t32,0.07843772453626816,0.009791217594130347,0.013294999441642946
Z3_REPAIR_STRUCTURE,61002,current,cross_series|SYMBOLIC_FRESH,61001_t32,61003_t96,0.0594567350696102,0.04775319652744625,0.018434564137083057
Z3_REPAIR_STRUCTURE,61002,current,cross_series|SYMBOLIC_FRESH,61001_t32,61004_t32,0.07647833555039042,0.013709995565885813,0.011547525224348466
Z3_REPAIR_STRUCTURE,61002,current,cross_series|SYMBOLIC_FRESH,61001_t32,61004_t96,0.06307057731171524,0.04052551204323618,0.017342093350912857
Z3_REPAIR_STRUCTURE,61002,current,cross_series|SYMBOLIC_FRESH,61001_t96,61003_t32,0.06447653295550192,0.037713600755662824,0.022292664508097283
Z3_REPAIR_STRUCTURE,61002,current,cross_series|SYMBOLIC_FRESH,61001_t96,61003_t96,0.07918853237589364,0.008289601914879374,0.03489108197571433
Z3_REPAIR_STRUCTURE,61002,current,cross_series|SYMBOLIC_FRESH,61001_t96,61004_t32,0.057900334477542496,0.050865997711581665,0.019132615337530714
Z3_REPAIR_STRUCTURE,61002,current,cross_series|SYMBOLIC_FRESH,61001_t96,61004_t96,0.08159470258627359,0.003477261494119477,0.0328651461247044
Z3_REPAIR_STRUCTURE,61002,current,cross_series|SYMBOLIC_FRESH,61003_t32,61003_t96,0.06197489123951325,0.042716884187640164,0.022097038827154504
Z3_REPAIR_STRUCTURE,61002,current,cross_series|SYMBOLIC_FRESH,61003_t32,61004_t32,0.07780751648345562,0.011051633699755425,0.013659844779140758
Z3_REPAIR_STRUCTURE,61002,current,cross_series|SYMBOLIC_FRESH,61003_t32,61004_t96,0.06370233411314595,0.03926199844037476,0.020475232161535614
Z3_REPAIR_STRUCTURE,61002,current,cross_series|SYMBOLIC_FRESH,61003_t96,61004_t32,0.054142976656923955,0.05838071335281875,0.01919621722540009
Z3_REPAIR_STRUCTURE,61002,current,cross_series|SYMBOLIC_FRESH,61003_t96,61004_t96,0.07751583596076989,0.011634994745126886,0.032188915525935585
Z3_REPAIR_STRUCTURE,61002,current,cross_series|SYMBOLIC_FRESH,61004_t32,61004_t96,0.0572299574826296,0.052206751701407456,0.017766424788057508
Z3_REPAIR_STRUCTURE,61002,current,duplicate_encoding|IMAGE_CUE_FRESH,61001_t32,61001_t96,0.08311459700349272,0.0004374726596812206,0.08311459700349272
Z3_REPAIR_STRUCTURE,61002,current,duplicate_encoding|IMAGE_CUE_FRESH,61001_t32,61003_t32,0.08278821494968354,0.0010902367672995794,0.08278821494968354
Z3_REPAIR_STRUCTURE,61002,current,duplicate_encoding|IMAGE_CUE_FRESH,61001_t32,61003_t96,0.08311459700349272,0.0004374726596812206,0.08311459700349272
Z3_REPAIR_STRUCTURE,61002,current,duplicate_encoding|IMAGE_CUE_FRESH,61001_t32,61004_t32,0.08311459700349272,0.0004374726596812206,0.08311459700349272
Z3_REPAIR_STRUCTURE,61002,current,duplicate_encoding|IMAGE_CUE_FRESH,61001_t32,61004_t96,0.08311459700349272,0.0004374726596812206,0.08311459700349272
Z3_REPAIR_STRUCTURE,61002,current,duplicate_encoding|IMAGE_CUE_FRESH,61001_t96,61003_t32,0.08300522883857242,0.0006562089895218171,0.08300522883857242
Z3_REPAIR_STRUCTURE,61002,current,duplicate_encoding|IMAGE_CUE_FRESH,61001_t96,61003_t96,0.08333333333333333,0.0,0.08333333333333333
Z3_REPAIR_STRUCTURE,61002,current,duplicate_encoding|IMAGE_CUE_FRESH,61001_t96,61004_t32,0.08333333333333333,0.0,0.08333333333333333
Z3_REPAIR_STRUCTURE,61002,current,duplicate_encoding|IMAGE_CUE_FRESH,61001_t96,61004_t96,0.08333333333333333,0.0,0.08333333333333333
Z3_REPAIR_STRUCTURE,61002,current,duplicate_encoding|IMAGE_CUE_FRESH,61003_t32,61003_t96,0.08300522883857242,0.0006562089895218171,0.08300522883857242
Z3_REPAIR_STRUCTURE,61002,current,duplicate_encoding|IMAGE_CUE_FRESH,61003_t32,61004_t32,0.08300522883857242,0.0006562089895218171,0.08300522883857242
Z3_REPAIR_STRUCTURE,61002,current,duplicate_encoding|IMAGE_CUE_FRESH,61003_t32,61004_t96,0.08300522883857242,0.0006562089895218171,0.08300522883857242
Z3_REPAIR_STRUCTURE,61002,current,duplicate_encoding|IMAGE_CUE_FRESH,61003_t96,61004_t32,0.08333333333333333,0.0,0.08333333333333333
Z3_REPAIR_STRUCTURE,61002,current,duplicate_encoding|IMAGE_CUE_FRESH,61003_t96,61004_t96,0.08333333333333333,0.0,0.08333333333333333
Z3_REPAIR_STRUCTURE,61002,current,duplicate_encoding|IMAGE_CUE_FRESH,61004_t32,61004_t96,0.08333333333333333,0.0,0.08333333333333333
Z3_REPAIR_STRUCTURE,61002,current,duplicate_encoding|SYMBOLIC_FRESH,61001_t32,61001_t96,0.07895844162976338,0.008749783407139888,0.07895844162976338
Z3_REPAIR_STRUCTURE,61002,current,duplicate_encoding|SYMBOLIC_FRESH,61001_t32,61003_t32,0.08086524004609315,0.004936186574480389,0.07624055889269818
Z3_REPAIR_STRUCTURE,61002,current,duplicate_encoding|SYMBOLIC_FRESH,61001_t32,61003_t96,0.07895844162976338,0.008749783407139888,0.07895844162976338
Z3_REPAIR_STRUCTURE,61002,current,duplicate_encoding|SYMBOLIC_FRESH,61001_t32,61004_t32,0.08183648240646808,0.0029937018537304905,0.0735336757551527
Z3_REPAIR_STRUCTURE,61002,current,duplicate_encoding|SYMBOLIC_FRESH,61001_t32,61004_t96,0.07895844162976338,0.008749783407139888,0.07895844162976338
Z3_REPAIR_STRUCTURE,61002,current,duplicate_encoding|SYMBOLIC_FRESH,61001_t96,61003_t32,0.08045158544226051,0.005763495782145661,0.08045158544226051
Z3_REPAIR_STRUCTURE,61002,current,duplicate_encoding|SYMBOLIC_FRESH,61001_t96,61003_t96,0.08333333333333333,0.0,0.08333333333333333
Z3_REPAIR_STRUCTURE,61002,current,duplicate_encoding|SYMBOLIC_FRESH,61001_t96,61004_t32,0.07754461313226614,0.011577440402134376,0.07754461313226614
Z3_REPAIR_STRUCTURE,61002,current,duplicate_encoding|SYMBOLIC_FRESH,61001_t96,61004_t96,0.08333333333333333,0.0,0.08333333333333333
Z3_REPAIR_STRUCTURE,61002,current,duplicate_encoding|SYMBOLIC_FRESH,61003_t32,61003_t96,0.08045158544226051,0.005763495782145661,0.08045158544226051
Z3_REPAIR_STRUCTURE,61002,current,duplicate_encoding|SYMBOLIC_FRESH,61003_t32,61004_t32,0.08044826024844202,0.005770146169782636,0.07488186712223174
Z3_REPAIR_STRUCTURE,61002,current,duplicate_encoding|SYMBOLIC_FRESH,61003_t32,61004_t96,0.08045158544226051,0.005763495782145661,0.08045158544226051
Z3_REPAIR_STRUCTURE,61002,current,duplicate_encoding|SYMBOLIC_FRESH,61003_t96,61004_t32,0.07754461313226614,0.011577440402134376,0.07754461313226614
Z3_REPAIR_STRUCTURE,61002,current,duplicate_encoding|SYMBOLIC_FRESH,61003_t96,61004_t96,0.08333333333333333,0.0,0.08333333333333333
Z3_REPAIR_STRUCTURE,61002,current,duplicate_encoding|SYMBOLIC_FRESH,61004_t32,61004_t96,0.07754461313226614,0.011577440402134376,0.07754461313226614
Z3_REPAIR_STRUCTURE,61002,current,trend|IMAGE_CUE_FRESH,61001_t32,61001_t96,0.07984466246079985,0.006977341745066951,0.07984466246079985
Z3_REPAIR_STRUCTURE,61002,current,trend|IMAGE_CUE_FRESH,61001_t32,61003_t32,0.08169216069760571,0.0032823452714552392,0.07681539584855811
Z3_REPAIR_STRUCTURE,61002,current,trend|IMAGE_CUE_FRESH,61001_t32,61003_t96,0.07984466246079985,0.006977341745066951,0.07984466246079985
Z3_REPAIR_STRUCTURE,61002,current,trend|IMAGE_CUE_FRESH,61001_t32,61004_t32,0.08119681532555817,0.004273036015550319,0.07510913767529091
Z3_REPAIR_STRUCTURE,61002,current,trend|IMAGE_CUE_FRESH,61001_t32,61004_t96,0.07984466246079985,0.006977341745066951,0.07984466246079985
Z3_REPAIR_STRUCTURE,61002,current,trend|IMAGE_CUE_FRESH,61001_t96,61003_t32,0.08005999520976022,0.006546676247146221,0.08005999520976022
Z3_REPAIR_STRUCTURE,61002,current,trend|IMAGE_CUE_FRESH,61001_t96,61003_t96,0.08333333333333333,0.0,0.08333333333333333
Z3_REPAIR_STRUCTURE,61002,current,trend|IMAGE_CUE_FRESH,61001_t96,61004_t32,0.07819140805647579,0.010283850553715085,0.07819140805647579
Z3_REPAIR_STRUCTURE,61002,current,trend|IMAGE_CUE_FRESH,61001_t96,61004_t96,0.08333333333333333,0.0,0.08333333333333333
Z3_REPAIR_STRUCTURE,61002,current,trend|IMAGE_CUE_FRESH,61003_t32,61003_t96,0.08005999520976022,0.006546676247146221,0.08005999520976022
Z3_REPAIR_STRUCTURE,61002,current,trend|IMAGE_CUE_FRESH,61003_t32,61004_t32,0.0809059531419191,0.004854760382828449,0.07531974045409727
Z3_REPAIR_STRUCTURE,61002,current,trend|IMAGE_CUE_FRESH,61003_t32,61004_t96,0.08005999520976022,0.006546676247146221,0.08005999520976022
Z3_REPAIR_STRUCTURE,61002,current,trend|IMAGE_CUE_FRESH,61003_t96,61004_t32,0.07819140805647579,0.010283850553715085,0.07819140805647579
Z3_REPAIR_STRUCTURE,61002,current,trend|IMAGE_CUE_FRESH,61003_t96,61004_t96,0.08333333333333333,0.0,0.08333333333333333
Z3_REPAIR_STRUCTURE,61002,current,trend|IMAGE_CUE_FRESH,61004_t32,61004_t96,0.07819140805647579,0.010283850553715085,0.07819140805647579
Z3_REPAIR_STRUCTURE,61002,current,trend|SYMBOLIC_FRESH,61001_t32,61001_t96,0.05645478149423835,0.05375710367818996,0.0297875596690072
Z3_REPAIR_STRUCTURE,61002,current,trend|SYMBOLIC_FRESH,61001_t32,61003_t32,0.07889670748884864,0.00887325168896938,0.02185676565058545
Z3_REPAIR_STRUCTURE,61002,current,trend|SYMBOLIC_FRESH,61001_t32,61003_t96,0.0583256441538851,0.05001537835889645,0.02974246777943778
Z3_REPAIR_STRUCTURE,61002,current,trend|SYMBOLIC_FRESH,61001_t32,61004_t32,0.08016650855523394,0.006333649556198806,0.019477828001012783
Z3_REPAIR_STRUCTURE,61002,current,trend|SYMBOLIC_FRESH,61001_t32,61004_t96,0.05352736875958007,0.059611929147506515,0.029862163979496
Z3_REPAIR_STRUCTURE,61002,current,trend|SYMBOLIC_FRESH,61001_t96,61003_t32,0.06013366896767479,0.04639932873131708,0.033573394767296545
Z3_REPAIR_STRUCTURE,61002,current,trend|SYMBOLIC_FRESH,61001_t96,61003_t96,0.08161854573415649,0.003429575198353685,0.048064185792884795
Z3_REPAIR_STRUCTURE,61002,current,trend|SYMBOLIC_FRESH,61001_t96,61004_t32,0.056273470482091206,0.05411972570248427,0.029690853825397302
Z3_REPAIR_STRUCTURE,61002,current,trend|SYMBOLIC_FRESH,61001_t96,61004_t96,0.07908408768995048,0.008498491286765691,0.04828122792224535
Z3_REPAIR_STRUCTURE,61002,current,trend|SYMBOLIC_FRESH,61003_t32,61003_t96,0.06137936426408058,0.04390793813850549,0.03353665399232045
Z3_REPAIR_STRUCTURE,61002,current,trend|SYMBOLIC_FRESH,61003_t32,61004_t32,0.07907957417695309,0.008507518312760504,0.02272008906329854
Z3_REPAIR_STRUCTURE,61002,current,trend|SYMBOLIC_FRESH,61003_t32,61004_t96,0.05650754431164042,0.053651578043385814,0.03366456766326468
Z3_REPAIR_STRUCTURE,61002,current,trend|SYMBOLIC_FRESH,61003_t96,61004_t32,0.05772755350176885,0.051211559663128986,0.029654312542364055
Z3_REPAIR_STRUCTURE,61002,current,trend|SYMBOLIC_FRESH,61003_t96,61004_t96,0.0802023167660132,0.006262033134640244,0.04817533265190995
Z3_REPAIR_STRUCTURE,61002,current,trend|SYMBOLIC_FRESH,61004_t32,61004_t96,0.05322112254551088,0.06022442157564492,0.029760441772393176
Z3_REPAIR_STRUCTURE,61002,history,cross_series|IMAGE_CUE_FRESH,61001_t32,61001_t96,0.0,0.038290066834012454,
Z3_REPAIR_STRUCTURE,61002,history,cross_series|IMAGE_CUE_FRESH,61001_t32,61003_t32,-0.0006057601017297241,0.057103534191003676,
Z3_REPAIR_STRUCTURE,61002,history,cross_series|IMAGE_CUE_FRESH,61001_t32,61003_t96,0.0,0.038290066834012454,
Z3_REPAIR_STRUCTURE,61002,history,cross_series|IMAGE_CUE_FRESH,61001_t32,61004_t32,-0.0003000656278058586,0.05430687887003048,
Z3_REPAIR_STRUCTURE,61002,history,cross_series|IMAGE_CUE_FRESH,61001_t32,61004_t96,0.0,0.038290066834012454,
Z3_REPAIR_STRUCTURE,61002,history,cross_series|IMAGE_CUE_FRESH,61001_t96,61003_t32,0.0,0.01760194715353177,
Z3_REPAIR_STRUCTURE,61002,history,cross_series|IMAGE_CUE_FRESH,61001_t96,61003_t96,0.0,0.0,
Z3_REPAIR_STRUCTURE,61002,history,cross_series|IMAGE_CUE_FRESH,61001_t96,61004_t32,0.0,0.015416680780406311,
Z3_REPAIR_STRUCTURE,61002,history,cross_series|IMAGE_CUE_FRESH,61001_t96,61004_t96,0.0,0.0,
Z3_REPAIR_STRUCTURE,61002,history,cross_series|IMAGE_CUE_FRESH,61003_t32,61003_t96,0.0,0.01760194715353177,
Z3_REPAIR_STRUCTURE,61002,history,cross_series|IMAGE_CUE_FRESH,61003_t32,61004_t32,0.0028084568398247666,0.02740171425428855,
Z3_REPAIR_STRUCTURE,61002,history,cross_series|IMAGE_CUE_FRESH,61003_t32,61004_t96,0.0,0.01760194715353177,
Z3_REPAIR_STRUCTURE,61002,history,cross_series|IMAGE_CUE_FRESH,61003_t96,61004_t32,0.0,0.015416680780406311,
Z3_REPAIR_STRUCTURE,61002,history,cross_series|IMAGE_CUE_FRESH,61003_t96,61004_t96,0.0,0.0,
Z3_REPAIR_STRUCTURE,61002,history,cross_series|IMAGE_CUE_FRESH,61004_t32,61004_t96,0.0,0.015416680780406311,
Z3_REPAIR_STRUCTURE,61002,history,cross_series|SYMBOLIC_FRESH,61001_t32,61001_t96,-0.0002331693074888938,0.07815008394147807,
Z3_REPAIR_STRUCTURE,61002,history,cross_series|SYMBOLIC_FRESH,61001_t32,61003_t32,0.006840423517444748,0.10335850245802307,
Z3_REPAIR_STRUCTURE,61002,history,cross_series|SYMBOLIC_FRESH,61001_t32,61003_t96,-0.0018097455316965153,0.07620272765782335,
Z3_REPAIR_STRUCTURE,61002,history,cross_series|SYMBOLIC_FRESH,61001_t32,61004_t32,-0.0045157975200042855,0.130669383177629,
Z3_REPAIR_STRUCTURE,61002,history,cross_series|SYMBOLIC_FRESH,61001_t32,61004_t96,-0.0045162541295355515,0.08943256229190062,
Z3_REPAIR_STRUCTURE,61002,history,cross_series|SYMBOLIC_FRESH,61001_t96,61003_t32,0.00176535812942832,0.0684491590717449,
Z3_REPAIR_STRUCTURE,61002,history,cross_series|SYMBOLIC_FRESH,61001_t96,61003_t96,-0.0006951678709497979,0.028914098174018882,
Z3_REPAIR_STRUCTURE,61002,history,cross_series|SYMBOLIC_FRESH,61001_t96,61004_t32,-0.0003438253385551882,0.07726596465241975,
Z3_REPAIR_STRUCTURE,61002,history,cross_series|SYMBOLIC_FRESH,61001_t96,61004_t96,-0.004148156152936344,0.04363689217639116,
Z3_REPAIR_STRUCTURE,61002,history,cross_series|SYMBOLIC_FRESH,61003_t32,61003_t96,-0.0018905336383113116,0.0706604338751542,
Z3_REPAIR_STRUCTURE,61002,history,cross_series|SYMBOLIC_FRESH,61003_t32,61004_t32,0.0013062502954740009,0.11332141755077366,
Z3_REPAIR_STRUCTURE,61002,history,cross_series|SYMBOLIC_FRESH,61003_t32,61004_t96,0.000826381550443958,0.07304342093604285,
Z3_REPAIR_STRUCTURE,61002,history,cross_series|SYMBOLIC_FRESH,61003_t96,61004_t32,-0.002187941677580983,0.07585368859840137,
Z3_REPAIR_STRUCTURE,61002,history,cross_series|SYMBOLIC_FRESH,61003_t96,61004_t96,-0.0022733924876042447,0.034786856113657005,
Z3_REPAIR_STRUCTURE,61002,history,cross_series|SYMBOLIC_FRESH,61004_t32,61004_t96,0.0020900295621781523,0.0751145635572823,
Z3_REPAIR_STRUCTURE,61002,history,duplicate_encoding|IMAGE_CUE_FRESH,61001_t32,61001_t96,0.0,0.00854936362773931,
Z3_REPAIR_STRUCTURE,61002,history,duplicate_encoding|IMAGE_CUE_FRESH,61001_t32,61003_t32,0.0012426578327637133,0.015805436237858243,
Z3_REPAIR_STRUCTURE,61002,history,duplicate_encoding|IMAGE_CUE_FRESH,61001_t32,61003_t96,0.0,0.00854936362773931,
Z3_REPAIR_STRUCTURE,61002,history,duplicate_encoding|IMAGE_CUE_FRESH,61001_t32,61004_t32,0.0012418657388180527,0.009703860297724914,
Z3_REPAIR_STRUCTURE,61002,history,duplicate_encoding|IMAGE_CUE_FRESH,61001_t32,61004_t96,0.0,0.00854936362773931,
Z3_REPAIR_STRUCTURE,61002,history,duplicate_encoding|IMAGE_CUE_FRESH,61001_t96,61003_t32,0.0,0.00974138827564636,
Z3_REPAIR_STRUCTURE,61002,history,duplicate_encoding|IMAGE_CUE_FRESH,61001_t96,61003_t96,0.0,0.0,
Z3_REPAIR_STRUCTURE,61002,history,duplicate_encoding|IMAGE_CUE_FRESH,61001_t96,61004_t32,0.0,0.0036382281476217094,
Z3_REPAIR_STRUCTURE,61002,history,duplicate_encoding|IMAGE_CUE_FRESH,61001_t96,61004_t96,0.0,0.0,
Z3_REPAIR_STRUCTURE,61002,history,duplicate_encoding|IMAGE_CUE_FRESH,61003_t32,61003_t96,0.0,0.00974138827564636,
Z3_REPAIR_STRUCTURE,61002,history,duplicate_encoding|IMAGE_CUE_FRESH,61003_t32,61004_t32,-0.001193487900663699,0.01576659222459547,
Z3_REPAIR_STRUCTURE,61002,history,duplicate_encoding|IMAGE_CUE_FRESH,61003_t32,61004_t96,0.0,0.00974138827564636,
Z3_REPAIR_STRUCTURE,61002,history,duplicate_encoding|IMAGE_CUE_FRESH,61003_t96,61004_t32,0.0,0.0036382281476217094,
Z3_REPAIR_STRUCTURE,61002,history,duplicate_encoding|IMAGE_CUE_FRESH,61003_t96,61004_t96,0.0,0.0,
Z3_REPAIR_STRUCTURE,61002,history,duplicate_encoding|IMAGE_CUE_FRESH,61004_t32,61004_t96,0.0,0.0036382281476217094,
Z3_REPAIR_STRUCTURE,61002,history,duplicate_encoding|SYMBOLIC_FRESH,61001_t32,61001_t96,0.0,0.038910551350876274,
Z3_REPAIR_STRUCTURE,61002,history,duplicate_encoding|SYMBOLIC_FRESH,61001_t32,61003_t32,-0.0013257259798150382,0.0724580685569497,
Z3_REPAIR_STRUCTURE,61002,history,duplicate_encoding|SYMBOLIC_FRESH,61001_t32,61003_t96,0.0,0.038910551350876274,
Z3_REPAIR_STRUCTURE,61002,history,duplicate_encoding|SYMBOLIC_FRESH,61001_t32,61004_t32,0.004325727235108258,0.07175597378851685,
Z3_REPAIR_STRUCTURE,61002,history,duplicate_encoding|SYMBOLIC_FRESH,61001_t32,61004_t96,0.0,0.038910551350876274,
Z3_REPAIR_STRUCTURE,61002,history,duplicate_encoding|SYMBOLIC_FRESH,61001_t96,61003_t32,0.0,0.030896065246443335,
Z3_REPAIR_STRUCTURE,61002,history,duplicate_encoding|SYMBOLIC_FRESH,61001_t96,61003_t96,0.0,0.0,
Z3_REPAIR_STRUCTURE,61002,history,duplicate_encoding|SYMBOLIC_FRESH,61001_t96,61004_t32,0.0,0.04149687690785709,
Z3_REPAIR_STRUCTURE,61002,history,duplicate_encoding|SYMBOLIC_FRESH,61001_t96,61004_t96,0.0,0.0,
Z3_REPAIR_STRUCTURE,61002,history,duplicate_encoding|SYMBOLIC_FRESH,61003_t32,61003_t96,0.0,0.030896065246443335,
Z3_REPAIR_STRUCTURE,61002,history,duplicate_encoding|SYMBOLIC_FRESH,61003_t32,61004_t32,0.0034016933650965974,0.06558955542410723,
Z3_REPAIR_STRUCTURE,61002,history,duplicate_encoding|SYMBOLIC_FRESH,61003_t32,61004_t96,0.0,0.030896065246443335,
Z3_REPAIR_STRUCTURE,61002,history,duplicate_encoding|SYMBOLIC_FRESH,61003_t96,61004_t32,0.0,0.04149687690785709,
Z3_REPAIR_STRUCTURE,61002,history,duplicate_encoding|SYMBOLIC_FRESH,61003_t96,61004_t96,0.0,0.0,
Z3_REPAIR_STRUCTURE,61002,history,duplicate_encoding|SYMBOLIC_FRESH,61004_t32,61004_t96,0.0,0.04149687690785709,
Z3_REPAIR_STRUCTURE,61002,history,trend|IMAGE_CUE_FRESH,61001_t32,61001_t96,0.0,0.03817069129130153,
Z3_REPAIR_STRUCTURE,61002,history,trend|IMAGE_CUE_FRESH,61001_t32,61003_t32,0.01994195947332414,0.03733086037276068,
Z3_REPAIR_STRUCTURE,61002,history,trend|IMAGE_CUE_FRESH,61001_t32,61003_t96,0.0,0.03817069129130153,
Z3_REPAIR_STRUCTURE,61002,history,trend|IMAGE_CUE_FRESH,61001_t32,61004_t32,-0.0003100872882272904,0.0704262788909939,
Z3_REPAIR_STRUCTURE,61002,history,trend|IMAGE_CUE_FRESH,61001_t32,61004_t96,0.0,0.03817069129130153,
Z3_REPAIR_STRUCTURE,61002,history,trend|IMAGE_CUE_FRESH,61001_t96,61003_t32,0.0,0.03904408802810742,
Z3_REPAIR_STRUCTURE,61002,history,trend|IMAGE_CUE_FRESH,61001_t96,61003_t96,0.0,0.0,
Z3_REPAIR_STRUCTURE,61002,history,trend|IMAGE_CUE_FRESH,61001_t96,61004_t32,0.0,0.03163541302323778,
Z3_REPAIR_STRUCTURE,61002,history,trend|IMAGE_CUE_FRESH,61001_t96,61004_t96,0.0,0.0,
Z3_REPAIR_STRUCTURE,61002,history,trend|IMAGE_CUE_FRESH,61003_t32,61003_t96,0.0,0.03904408802810742,
Z3_REPAIR_STRUCTURE,61002,history,trend|IMAGE_CUE_FRESH,61003_t32,61004_t32,0.010484253497993853,0.04971099405535749,
Z3_REPAIR_STRUCTURE,61002,history,trend|IMAGE_CUE_FRESH,61003_t32,61004_t96,0.0,0.03904408802810742,
Z3_REPAIR_STRUCTURE,61002,history,trend|IMAGE_CUE_FRESH,61003_t96,61004_t32,0.0,0.03163541302323778,
Z3_REPAIR_STRUCTURE,61002,history,trend|IMAGE_CUE_FRESH,61003_t96,61004_t96,0.0,0.0,
Z3_REPAIR_STRUCTURE,61002,history,trend|IMAGE_CUE_FRESH,61004_t32,61004_t96,0.0,0.03163541302323778,
Z3_REPAIR_STRUCTURE,61002,history,trend|SYMBOLIC_FRESH,61001_t32,61001_t96,-0.004147627419425145,0.07543796109638376,
Z3_REPAIR_STRUCTURE,61002,history,trend|SYMBOLIC_FRESH,61001_t32,61003_t32,0.009673769078774241,0.10015256821588343,
Z3_REPAIR_STRUCTURE,61002,history,trend|SYMBOLIC_FRESH,61001_t32,61003_t96,0.0013971133114794479,0.050735491306356746,
Z3_REPAIR_STRUCTURE,61002,history,trend|SYMBOLIC_FRESH,61001_t32,61004_t32,0.00788341689082109,0.07274463000517856,
Z3_REPAIR_STRUCTURE,61002,history,trend|SYMBOLIC_FRESH,61001_t32,61004_t96,-0.003215088302780653,0.07631329262871048,
Z3_REPAIR_STRUCTURE,61002,history,trend|SYMBOLIC_FRESH,61001_t96,61003_t32,-0.0035894666718847452,0.10091364315288351,
Z3_REPAIR_STRUCTURE,61002,history,trend|SYMBOLIC_FRESH,61001_t96,61003_t96,0.004220256515563165,0.019323808333871425,
Z3_REPAIR_STRUCTURE,61002,history,trend|SYMBOLIC_FRESH,61001_t96,61004_t32,-0.008567301872151456,0.07988067096680575,
Z3_REPAIR_STRUCTURE,61002,history,trend|SYMBOLIC_FRESH,61001_t96,61004_t96,-0.005643073357183765,0.05540386617319881,
Z3_REPAIR_STRUCTURE,61002,history,trend|SYMBOLIC_FRESH,61003_t32,61003_t96,0.0011177307389710664,0.07788626000295407,
Z3_REPAIR_STRUCTURE,61002,history,trend|SYMBOLIC_FRESH,61003_t32,61004_t32,0.011634301773085814,0.09183486379222966,
Z3_REPAIR_STRUCTURE,61002,history,trend|SYMBOLIC_FRESH,61003_t32,61004_t96,-0.006044712307040106,0.10856454418880995,
Z3_REPAIR_STRUCTURE,61002,history,trend|SYMBOLIC_FRESH,61003_t96,61004_t32,-0.005816411443566561,0.06076590178141815,
Z3_REPAIR_STRUCTURE,61002,history,trend|SYMBOLIC_FRESH,61003_t96,61004_t96,-0.0013492015007398708,0.033203134132093214,
Z3_REPAIR_STRUCTURE,61002,history,trend|SYMBOLIC_FRESH,61004_t32,61004_t96,-0.0021007263616467176,0.069687929711412,
Z3_REPAIR_STRUCTURE,61002,repair,cross_series|IMAGE_CUE_FRESH,61001_t32,61001_t96,0.08183878069615173,0.0029891052743631907,0.08106595211531752
Z3_REPAIR_STRUCTURE,61002,repair,cross_series|IMAGE_CUE_FRESH,61001_t32,61003_t32,0.08225593155538839,0.0021548035558898726,0.0786671150262593
Z3_REPAIR_STRUCTURE,61002,repair,cross_series|IMAGE_CUE_FRESH,61001_t32,61003_t96,0.08183878069615173,0.0029891052743631907,0.08106595211531752
Z3_REPAIR_STRUCTURE,61002,repair,cross_series|IMAGE_CUE_FRESH,61001_t32,61004_t32,0.08172649651698934,0.0032136736326879856,0.07711583986566718
Z3_REPAIR_STRUCTURE,61002,repair,cross_series|IMAGE_CUE_FRESH,61001_t32,61004_t96,0.08183878069615173,0.0029891052743631907,0.08106595211531752
Z3_REPAIR_STRUCTURE,61002,repair,cross_series|IMAGE_CUE_FRESH,61001_t96,61003_t32,0.08209344495319496,0.0024797767602767473,0.08076857180405846
Z3_REPAIR_STRUCTURE,61002,repair,cross_series|IMAGE_CUE_FRESH,61001_t96,61003_t96,0.08333333333333333,0.0,0.08333333333333333
Z3_REPAIR_STRUCTURE,61002,repair,cross_series|IMAGE_CUE_FRESH,61001_t96,61004_t32,0.08101656229707503,0.004633542072516594,0.0791417249320855
Z3_REPAIR_STRUCTURE,61002,repair,cross_series|IMAGE_CUE_FRESH,61001_t96,61004_t96,0.08333333333333333,0.0,0.08333333333333333
Z3_REPAIR_STRUCTURE,61002,repair,cross_series|IMAGE_CUE_FRESH,61003_t32,61003_t96,0.08209344495319496,0.0024797767602767473,0.08076857180405846
Z3_REPAIR_STRUCTURE,61002,repair,cross_series|IMAGE_CUE_FRESH,61003_t32,61004_t32,0.08220250953128272,0.002261647604101219,0.07701924391987784
Z3_REPAIR_STRUCTURE,61002,repair,cross_series|IMAGE_CUE_FRESH,61003_t32,61004_t96,0.08209344495319496,0.0024797767602767473,0.08076857180405846
Z3_REPAIR_STRUCTURE,61002,repair,cross_series|IMAGE_CUE_FRESH,61003_t96,61004_t32,0.08101656229707503,0.004633542072516594,0.0791417249320855
Z3_REPAIR_STRUCTURE,61002,repair,cross_series|IMAGE_CUE_FRESH,61003_t96,61004_t96,0.08333333333333333,0.0,0.08333333333333333
Z3_REPAIR_STRUCTURE,61002,repair,cross_series|IMAGE_CUE_FRESH,61004_t32,61004_t96,0.08101656229707503,0.004633542072516594,0.0791417249320855
Z3_REPAIR_STRUCTURE,61002,repair,cross_series|SYMBOLIC_FRESH,61001_t32,61001_t96,0.06277437031757842,0.04111792603150982,0.016365473050090257
Z3_REPAIR_STRUCTURE,61002,repair,cross_series|SYMBOLIC_FRESH,61001_t32,61003_t32,0.07857224153069765,0.00952218360527135,0.011104489178851295
Z3_REPAIR_STRUCTURE,61002,repair,cross_series|SYMBOLIC_FRESH,61001_t32,61003_t96,0.06187088248013301,0.042924901706400634,0.016324173597724187
Z3_REPAIR_STRUCTURE,61002,repair,cross_series|SYMBOLIC_FRESH,61001_t32,61004_t32,0.07650364687015125,0.013659372926364155,0.00984796259049892
Z3_REPAIR_STRUCTURE,61002,repair,cross_series|SYMBOLIC_FRESH,61001_t32,61004_t96,0.06324975997805547,0.04016714671055571,0.01517264971909645
Z3_REPAIR_STRUCTURE,61002,repair,cross_series|SYMBOLIC_FRESH,61001_t96,61003_t32,0.06454304588037753,0.0375805749059116,0.019783388809410624
Z3_REPAIR_STRUCTURE,61002,repair,cross_series|SYMBOLIC_FRESH,61001_t96,61003_t96,0.07966923659701974,0.00732819347262717,0.0337490444203413
Z3_REPAIR_STRUCTURE,61002,repair,cross_series|SYMBOLIC_FRESH,61001_t96,61004_t32,0.056222881228852384,0.05422090420896189,0.01710694214317751
Z3_REPAIR_STRUCTURE,61002,repair,cross_series|SYMBOLIC_FRESH,61001_t96,61004_t96,0.08161320488554304,0.0034402568955805846,0.030990717010883274
Z3_REPAIR_STRUCTURE,61002,repair,cross_series|SYMBOLIC_FRESH,61003_t32,61003_t96,0.06389890180262164,0.03886886306142337,0.019810540902623002
Z3_REPAIR_STRUCTURE,61002,repair,cross_series|SYMBOLIC_FRESH,61003_t32,61004_t32,0.07659415123042777,0.01347836420581111,0.011531659113400539
Z3_REPAIR_STRUCTURE,61002,repair,cross_series|SYMBOLIC_FRESH,61003_t32,61004_t96,0.06473763279736666,0.03719140107193333,0.017854869813097553
Z3_REPAIR_STRUCTURE,61002,repair,cross_series|SYMBOLIC_FRESH,61003_t96,61004_t32,0.05565092865889924,0.05536480934886817,0.017305773639468686
Z3_REPAIR_STRUCTURE,61002,repair,cross_series|SYMBOLIC_FRESH,61003_t96,61004_t96,0.07871569105150067,0.00923528456366532,0.030457549566530445
Z3_REPAIR_STRUCTURE,61002,repair,cross_series|SYMBOLIC_FRESH,61004_t32,61004_t96,0.05696339447750219,0.052739877711662275,0.015722257631601025
Z3_REPAIR_STRUCTURE,61002,repair,duplicate_encoding|IMAGE_CUE_FRESH,61001_t32,61001_t96,0.08314193904472279,0.0003827885772210715,0.08308768557250058
Z3_REPAIR_STRUCTURE,61002,repair,duplicate_encoding|IMAGE_CUE_FRESH,61001_t32,61003_t32,0.08289715250436591,0.0008723616579348337,0.08268099305426546
Z3_REPAIR_STRUCTURE,61002,repair,duplicate_encoding|IMAGE_CUE_FRESH,61001_t32,61003_t96,0.08314193904472279,0.0003827885772210715,0.08308768557250058
Z3_REPAIR_STRUCTURE,61002,repair,duplicate_encoding|IMAGE_CUE_FRESH,61001_t32,61004_t32,0.08314193904472279,0.0003827885772210715,0.08308768557250058
Z3_REPAIR_STRUCTURE,61002,repair,duplicate_encoding|IMAGE_CUE_FRESH,61001_t32,61004_t96,0.08314193904472279,0.0003827885772210715,0.08308768557250058
Z3_REPAIR_STRUCTURE,61002,repair,duplicate_encoding|IMAGE_CUE_FRESH,61001_t96,61003_t32,0.08308725496226264,0.0004921567421413697,0.08292449454559599
Z3_REPAIR_STRUCTURE,61002,repair,duplicate_encoding|IMAGE_CUE_FRESH,61001_t96,61003_t96,0.08333333333333333,0.0,0.08333333333333333
Z3_REPAIR_STRUCTURE,61002,repair,duplicate_encoding|IMAGE_CUE_FRESH,61001_t96,61004_t32,0.08333333333333333,0.0,0.08333333333333333
Z3_REPAIR_STRUCTURE,61002,repair,duplicate_encoding|IMAGE_CUE_FRESH,61001_t96,61004_t96,0.08333333333333333,0.0,0.08333333333333333
Z3_REPAIR_STRUCTURE,61002,repair,duplicate_encoding|IMAGE_CUE_FRESH,61003_t32,61003_t96,0.08308725496226264,0.0004921567421413697,0.08292449454559599
Z3_REPAIR_STRUCTURE,61002,repair,duplicate_encoding|IMAGE_CUE_FRESH,61003_t32,61004_t32,0.08308725496226264,0.0004921567421413697,0.08292449454559599
Z3_REPAIR_STRUCTURE,61002,repair,duplicate_encoding|IMAGE_CUE_FRESH,61003_t32,61004_t96,0.08308725496226264,0.0004921567421413697,0.08292449454559599
Z3_REPAIR_STRUCTURE,61002,repair,duplicate_encoding|IMAGE_CUE_FRESH,61003_t96,61004_t32,0.08333333333333333,0.0,0.08333333333333333
Z3_REPAIR_STRUCTURE,61002,repair,duplicate_encoding|IMAGE_CUE_FRESH,61003_t96,61004_t96,0.08333333333333333,0.0,0.08333333333333333
Z3_REPAIR_STRUCTURE,61002,repair,duplicate_encoding|IMAGE_CUE_FRESH,61004_t32,61004_t96,0.08333333333333333,0.0,0.08333333333333333
Z3_REPAIR_STRUCTURE,61002,repair,duplicate_encoding|SYMBOLIC_FRESH,61001_t32,61001_t96,0.08000873115164057,0.006649204363385508,0.07795050219330982
Z3_REPAIR_STRUCTURE,61002,repair,duplicate_encoding|SYMBOLIC_FRESH,61001_t32,61003_t32,0.08106795175181966,0.004530763163027335,0.07460774345856683
Z3_REPAIR_STRUCTURE,61002,repair,duplicate_encoding|SYMBOLIC_FRESH,61001_t32,61003_t96,0.08000873115164057,0.006649204363385508,0.07795050219330982
Z3_REPAIR_STRUCTURE,61002,repair,duplicate_encoding|SYMBOLIC_FRESH,61001_t32,61004_t32,0.0817033321403309,0.003260002386004851,0.07153581806831855
Z3_REPAIR_STRUCTURE,61002,repair,duplicate_encoding|SYMBOLIC_FRESH,61001_t32,61004_t96,0.08000873115164057,0.006649204363385508,0.07795050219330982
Z3_REPAIR_STRUCTURE,61002,repair,duplicate_encoding|SYMBOLIC_FRESH,61001_t96,61003_t32,0.08120205492565938,0.004262556815347901,0.07972675079593912
Z3_REPAIR_STRUCTURE,61002,repair,duplicate_encoding|SYMBOLIC_FRESH,61001_t96,61003_t96,0.08333333333333333,0.0,0.08333333333333333
Z3_REPAIR_STRUCTURE,61002,repair,duplicate_encoding|SYMBOLIC_FRESH,61001_t96,61004_t32,0.07881446452316844,0.009037737620329778,0.07635398725649659
Z3_REPAIR_STRUCTURE,61002,repair,duplicate_encoding|SYMBOLIC_FRESH,61001_t96,61004_t96,0.08333333333333333,0.0,0.08333333333333333
Z3_REPAIR_STRUCTURE,61002,repair,duplicate_encoding|SYMBOLIC_FRESH,61003_t32,61003_t96,0.08120205492565938,0.004262556815347901,0.07972675079593912
Z3_REPAIR_STRUCTURE,61002,repair,duplicate_encoding|SYMBOLIC_FRESH,61003_t32,61004_t32,0.08069567314112168,0.005275320384423299,0.07309920212314384
Z3_REPAIR_STRUCTURE,61002,repair,duplicate_encoding|SYMBOLIC_FRESH,61003_t32,61004_t96,0.08120205492565938,0.004262556815347901,0.07972675079593912
Z3_REPAIR_STRUCTURE,61002,repair,duplicate_encoding|SYMBOLIC_FRESH,61003_t96,61004_t32,0.07881446452316844,0.009037737620329778,0.07635398725649659
Z3_REPAIR_STRUCTURE,61002,repair,duplicate_encoding|SYMBOLIC_FRESH,61003_t96,61004_t96,0.08333333333333333,0.0,0.08333333333333333
Z3_REPAIR_STRUCTURE,61002,repair,duplicate_encoding|SYMBOLIC_FRESH,61004_t32,61004_t96,0.07881446452316844,0.009037737620329778,0.07635398725649659
Z3_REPAIR_STRUCTURE,61002,repair,trend|IMAGE_CUE_FRESH,61001_t32,61001_t96,0.08053702587774854,0.00559261491116958,0.07918123185294035
Z3_REPAIR_STRUCTURE,61002,repair,trend|IMAGE_CUE_FRESH,61001_t32,61003_t32,0.08159422387182329,0.003478218923020082,0.07558186607597851
Z3_REPAIR_STRUCTURE,61002,repair,trend|IMAGE_CUE_FRESH,61001_t32,61003_t96,0.08053702587774854,0.00559261491116958,0.07918123185294035
Z3_REPAIR_STRUCTURE,61002,repair,trend|IMAGE_CUE_FRESH,61001_t32,61004_t32,0.081344970469106,0.003976725728454644,0.0736412973123904
Z3_REPAIR_STRUCTURE,61002,repair,trend|IMAGE_CUE_FRESH,61001_t32,61004_t96,0.08053702587774854,0.00559261491116958,0.07918123185294035
Z3_REPAIR_STRUCTURE,61002,repair,trend|IMAGE_CUE_FRESH,61001_t96,61003_t32,0.08077158038212238,0.005123505902421888,0.07937688880504196
Z3_REPAIR_STRUCTURE,61002,repair,trend|IMAGE_CUE_FRESH,61001_t96,61003_t96,0.08333333333333333,0.0,0.08333333333333333
Z3_REPAIR_STRUCTURE,61002,repair,trend|IMAGE_CUE_FRESH,61001_t96,61004_t32,0.07929637449518873,0.008073917676289205,0.07718087832880566
Z3_REPAIR_STRUCTURE,61002,repair,trend|IMAGE_CUE_FRESH,61001_t96,61004_t96,0.08333333333333333,0.0,0.08333333333333333
Z3_REPAIR_STRUCTURE,61002,repair,trend|IMAGE_CUE_FRESH,61003_t32,61003_t96,0.08077158038212238,0.005123505902421888,0.07937688880504196
Z3_REPAIR_STRUCTURE,61002,repair,trend|IMAGE_CUE_FRESH,61003_t32,61004_t32,0.08082396122663685,0.005018744213392962,0.07379999365886512
Z3_REPAIR_STRUCTURE,61002,repair,trend|IMAGE_CUE_FRESH,61003_t32,61004_t96,0.08077158038212238,0.005123505902421888,0.07937688880504196
Z3_REPAIR_STRUCTURE,61002,repair,trend|IMAGE_CUE_FRESH,61003_t96,61004_t32,0.07929637449518873,0.008073917676289205,0.07718087832880566
Z3_REPAIR_STRUCTURE,61002,repair,trend|IMAGE_CUE_FRESH,61003_t96,61004_t96,0.08333333333333333,0.0,0.08333333333333333
Z3_REPAIR_STRUCTURE,61002,repair,trend|IMAGE_CUE_FRESH,61004_t32,61004_t96,0.07929637449518873,0.008073917676289205,0.07718087832880566
Z3_REPAIR_STRUCTURE,61002,repair,trend|SYMBOLIC_FRESH,61001_t32,61001_t96,0.05683519708880903,0.052996272489048604,0.029286578970796777
Z3_REPAIR_STRUCTURE,61002,repair,trend|SYMBOLIC_FRESH,61001_t32,61003_t32,0.07800024497744847,0.010666176711769726,0.021312730586600805
Z3_REPAIR_STRUCTURE,61002,repair,trend|SYMBOLIC_FRESH,61001_t32,61003_t96,0.05870022388025646,0.049266218906153736,0.029252860176536534
Z3_REPAIR_STRUCTURE,61002,repair,trend|SYMBOLIC_FRESH,61001_t32,61004_t32,0.07897810653499998,0.008710453596666695,0.018984242145811684
Z3_REPAIR_STRUCTURE,61002,repair,trend|SYMBOLIC_FRESH,61001_t32,61004_t96,0.05482242580610453,0.057021815054457595,0.029389957002011562
Z3_REPAIR_STRUCTURE,61002,repair,trend|SYMBOLIC_FRESH,61001_t96,61003_t32,0.06037620630583989,0.04591425405498688,0.03322212262151239
Z3_REPAIR_STRUCTURE,61002,repair,trend|SYMBOLIC_FRESH,61001_t96,61003_t96,0.08116078851302308,0.0043450896406204975,0.04795697852207117
Z3_REPAIR_STRUCTURE,61002,repair,trend|SYMBOLIC_FRESH,61001_t96,61004_t32,0.056050400259830574,0.05456586614700551,0.02939701549272572
Z3_REPAIR_STRUCTURE,61002,repair,trend|SYMBOLIC_FRESH,61001_t96,61004_t96,0.07889208427335398,0.008882498119958698,0.04822784973378727
Z3_REPAIR_STRUCTURE,61002,repair,trend|SYMBOLIC_FRESH,61003_t32,61003_t96,0.06182349824939832,0.04301967016787002,0.03320006437648612
Z3_REPAIR_STRUCTURE,61002,repair,trend|SYMBOLIC_FRESH,61003_t32,61004_t32,0.07859159094370578,0.009483484779255091,0.022136805775462932
Z3_REPAIR_STRUCTURE,61002,repair,trend|SYMBOLIC_FRESH,61003_t32,61004_t96,0.05732287677107237,0.05202091312452192,0.03335082701732408
Z3_REPAIR_STRUCTURE,61002,repair,trend|SYMBOLIC_FRESH,61003_t96,61004_t32,0.05764577486501362,0.05137511693663942,0.02937254231718061
Z3_REPAIR_STRUCTURE,61002,repair,trend|SYMBOLIC_FRESH,61003_t96,61004_t96,0.08059569169658139,0.005475283273503884,0.04812152391016149
Z3_REPAIR_STRUCTURE,61002,repair,trend|SYMBOLIC_FRESH,61004_t32,61004_t96,0.053564166105301056,0.059538334456064546,0.029497375933983147
Z3_REPAIR_STRUCTURE,61002,repair_history,cross_series|IMAGE_CUE_FRESH,61001_t32,61001_t96,0.0,0.029004122483402336,
Z3_REPAIR_STRUCTURE,61002,repair_history,cross_series|IMAGE_CUE_FRESH,61001_t32,61003_t32,0.00019292138454806424,0.04267177571081254,
Z3_REPAIR_STRUCTURE,61002,repair_history,cross_series|IMAGE_CUE_FRESH,61001_t32,61003_t96,0.0,0.029004122483402336,
Z3_REPAIR_STRUCTURE,61002,repair_history,cross_series|IMAGE_CUE_FRESH,61001_t32,61004_t32,-0.0006530583933775466,0.04470164111121546,
Z3_REPAIR_STRUCTURE,61002,repair_history,cross_series|IMAGE_CUE_FRESH,61001_t32,61004_t96,0.0,0.029004122483402336,
Z3_REPAIR_STRUCTURE,61002,repair_history,cross_series|IMAGE_CUE_FRESH,61001_t96,61003_t32,0.0,0.014053495996506337,
Z3_REPAIR_STRUCTURE,61002,repair_history,cross_series|IMAGE_CUE_FRESH,61001_t96,61003_t96,0.0,0.0,
Z3_REPAIR_STRUCTURE,61002,repair_history,cross_series|IMAGE_CUE_FRESH,61001_t96,61004_t32,0.0,0.014391401841058034,
Z3_REPAIR_STRUCTURE,61002,repair_history,cross_series|IMAGE_CUE_FRESH,61001_t96,61004_t96,0.0,0.0,
Z3_REPAIR_STRUCTURE,61002,repair_history,cross_series|IMAGE_CUE_FRESH,61003_t32,61003_t96,0.0,0.014053495996506337,
Z3_REPAIR_STRUCTURE,61002,repair_history,cross_series|IMAGE_CUE_FRESH,61003_t32,61004_t32,0.002843396665093495,0.022758104507377377,
Z3_REPAIR_STRUCTURE,61002,repair_history,cross_series|IMAGE_CUE_FRESH,61003_t32,61004_t96,0.0,0.014053495996506337,
Z3_REPAIR_STRUCTURE,61002,repair_history,cross_series|IMAGE_CUE_FRESH,61003_t96,61004_t32,0.0,0.014391401841058034,
Z3_REPAIR_STRUCTURE,61002,repair_history,cross_series|IMAGE_CUE_FRESH,61003_t96,61004_t96,0.0,0.0,
Z3_REPAIR_STRUCTURE,61002,repair_history,cross_series|IMAGE_CUE_FRESH,61004_t32,61004_t96,0.0,0.014391401841058034,
Z3_REPAIR_STRUCTURE,61002,repair_history,cross_series|SYMBOLIC_FRESH,61001_t32,61001_t96,0.0017884183934458626,0.08160635695718294,
Z3_REPAIR_STRUCTURE,61002,repair_history,cross_series|SYMBOLIC_FRESH,61001_t32,61003_t32,0.00920537846492436,0.11096871034062727,
Z3_REPAIR_STRUCTURE,61002,repair_history,cross_series|SYMBOLIC_FRESH,61001_t32,61003_t96,0.0006765393986139771,0.07079461198755724,
Z3_REPAIR_STRUCTURE,61002,repair_history,cross_series|SYMBOLIC_FRESH,61001_t32,61004_t32,-0.007401029679836494,0.13946730049221526,
Z3_REPAIR_STRUCTURE,61002,repair_history,cross_series|SYMBOLIC_FRESH,61001_t32,61004_t96,-0.005215316425562456,0.09085530014014909,
Z3_REPAIR_STRUCTURE,61002,repair_history,cross_series|SYMBOLIC_FRESH,61001_t96,61003_t32,-0.00108464473906478,0.09095999357250442,
Z3_REPAIR_STRUCTURE,61002,repair_history,cross_series|SYMBOLIC_FRESH,61001_t96,61003_t96,0.0006265275340718209,0.030305872540540433,
Z3_REPAIR_STRUCTURE,61002,repair_history,cross_series|SYMBOLIC_FRESH,61001_t96,61004_t32,0.0014402047869936845,0.08119606838245379,
Z3_REPAIR_STRUCTURE,61002,repair_history,cross_series|SYMBOLIC_FRESH,61001_t96,61004_t96,-0.004392113680564398,0.048620131474051864,
Z3_REPAIR_STRUCTURE,61002,repair_history,cross_series|SYMBOLIC_FRESH,61003_t32,61003_t96,-0.001317948922962369,0.07839109898101013,
Z3_REPAIR_STRUCTURE,61002,repair_history,cross_series|SYMBOLIC_FRESH,61003_t32,61004_t32,0.007024091141864143,0.1142245691991142,
Z3_REPAIR_STRUCTURE,61002,repair_history,cross_series|SYMBOLIC_FRESH,61003_t32,61004_t96,-0.002842877480605602,0.0897179326005356,
Z3_REPAIR_STRUCTURE,61002,repair_history,cross_series|SYMBOLIC_FRESH,61003_t96,61004_t32,-0.0013482026952561614,0.073737380387664,
Z3_REPAIR_STRUCTURE,61002,repair_history,cross_series|SYMBOLIC_FRESH,61003_t96,61004_t96,-0.0009741234005082615,0.028748647954650104,
Z3_REPAIR_STRUCTURE,61002,repair_history,cross_series|SYMBOLIC_FRESH,61004_t32,61004_t96,0.001060874058810887,0.07719620338376888,
Z3_REPAIR_STRUCTURE,61002,repair_history,duplicate_encoding|IMAGE_CUE_FRESH,61001_t32,61001_t96,0.0,0.006910353760437207,
Z3_REPAIR_STRUCTURE,61002,repair_history,duplicate_encoding|IMAGE_CUE_FRESH,61001_t32,61003_t32,0.0009662120886960639,0.012815007492983843,
Z3_REPAIR_STRUCTURE,61002,repair_history,duplicate_encoding|IMAGE_CUE_FRESH,61001_t32,61003_t96,0.0,0.006910353760437207,
Z3_REPAIR_STRUCTURE,61002,repair_history,duplicate_encoding|IMAGE_CUE_FRESH,61001_t32,61004_t32,0.0009598291421986481,0.008115363119540945,
Z3_REPAIR_STRUCTURE,61002,repair_history,duplicate_encoding|IMAGE_CUE_FRESH,61001_t32,61004_t96,0.0,0.006910353760437207,
Z3_REPAIR_STRUCTURE,61002,repair_history,duplicate_encoding|IMAGE_CUE_FRESH,61001_t96,61003_t32,0.0,0.007837077909938763,
Z3_REPAIR_STRUCTURE,61002,repair_history,duplicate_encoding|IMAGE_CUE_FRESH,61001_t96,61003_t96,0.0,0.0,
Z3_REPAIR_STRUCTURE,61002,repair_history,duplicate_encoding|IMAGE_CUE_FRESH,61001_t96,61004_t32,0.0,0.003124667643501035,
Z3_REPAIR_STRUCTURE,61002,repair_history,duplicate_encoding|IMAGE_CUE_FRESH,61001_t96,61004_t96,0.0,0.0,
Z3_REPAIR_STRUCTURE,61002,repair_history,duplicate_encoding|IMAGE_CUE_FRESH,61003_t32,61003_t96,0.0,0.007837077909938763,
Z3_REPAIR_STRUCTURE,61002,repair_history,duplicate_encoding|IMAGE_CUE_FRESH,61003_t32,61004_t32,-0.0009225571283503842,0.012806859810140566,
Z3_REPAIR_STRUCTURE,61002,repair_history,duplicate_encoding|IMAGE_CUE_FRESH,61003_t32,61004_t96,0.0,0.007837077909938763,
Z3_REPAIR_STRUCTURE,61002,repair_history,duplicate_encoding|IMAGE_CUE_FRESH,61003_t96,61004_t32,0.0,0.003124667643501035,
Z3_REPAIR_STRUCTURE,61002,repair_history,duplicate_encoding|IMAGE_CUE_FRESH,61003_t96,61004_t96,0.0,0.0,
Z3_REPAIR_STRUCTURE,61002,repair_history,duplicate_encoding|IMAGE_CUE_FRESH,61004_t32,61004_t96,0.0,0.003124667643501035,
Z3_REPAIR_STRUCTURE,61002,repair_history,duplicate_encoding|SYMBOLIC_FRESH,61001_t32,61001_t96,0.0,0.03439009557901136,
Z3_REPAIR_STRUCTURE,61002,repair_history,duplicate_encoding|SYMBOLIC_FRESH,61001_t32,61003_t32,-0.0007299243441070135,0.06279395029033408,
Z3_REPAIR_STRUCTURE,61002,repair_history,duplicate_encoding|SYMBOLIC_FRESH,61001_t32,61003_t96,0.0,0.03439009557901136,
Z3_REPAIR_STRUCTURE,61002,repair_history,duplicate_encoding|SYMBOLIC_FRESH,61001_t32,61004_t32,0.002821941372798662,0.06755606687326716,
Z3_REPAIR_STRUCTURE,61002,repair_history,duplicate_encoding|SYMBOLIC_FRESH,61001_t32,61004_t96,0.0,0.03439009557901136,
Z3_REPAIR_STRUCTURE,61002,repair_history,duplicate_encoding|SYMBOLIC_FRESH,61001_t96,61003_t32,0.0,0.026944006023108685,
Z3_REPAIR_STRUCTURE,61002,repair_history,duplicate_encoding|SYMBOLIC_FRESH,61001_t96,61003_t96,0.0,0.0,
Z3_REPAIR_STRUCTURE,61002,repair_history,duplicate_encoding|SYMBOLIC_FRESH,61001_t96,61004_t32,0.0,0.038809854039853126,
Z3_REPAIR_STRUCTURE,61002,repair_history,duplicate_encoding|SYMBOLIC_FRESH,61001_t96,61004_t96,0.0,0.0,
Z3_REPAIR_STRUCTURE,61002,repair_history,duplicate_encoding|SYMBOLIC_FRESH,61003_t32,61003_t96,0.0,0.026944006023108685,
Z3_REPAIR_STRUCTURE,61002,repair_history,duplicate_encoding|SYMBOLIC_FRESH,61003_t32,61004_t32,0.0003055170595779406,0.06514282594380594,
Z3_REPAIR_STRUCTURE,61002,repair_history,duplicate_encoding|SYMBOLIC_FRESH,61003_t32,61004_t96,0.0,0.026944006023108685,
Z3_REPAIR_STRUCTURE,61002,repair_history,duplicate_encoding|SYMBOLIC_FRESH,61003_t96,61004_t32,0.0,0.038809854039853126,
Z3_REPAIR_STRUCTURE,61002,repair_history,duplicate_encoding|SYMBOLIC_FRESH,61003_t96,61004_t96,0.0,0.0,
Z3_REPAIR_STRUCTURE,61002,repair_history,duplicate_encoding|SYMBOLIC_FRESH,61004_t32,61004_t96,0.0,0.038809854039853126,
Z3_REPAIR_STRUCTURE,61002,repair_history,trend|IMAGE_CUE_FRESH,61001_t32,61001_t96,0.0,0.04053456451102275,
Z3_REPAIR_STRUCTURE,61002,repair_history,trend|IMAGE_CUE_FRESH,61001_t32,61003_t32,0.013088678510521992,0.04784499438550882,
Z3_REPAIR_STRUCTURE,61002,repair_history,trend|IMAGE_CUE_FRESH,61001_t32,61003_t96,0.0,0.04053456451102275,
Z3_REPAIR_STRUCTURE,61002,repair_history,trend|IMAGE_CUE_FRESH,61001_t32,61004_t32,-0.0002780162298689223,0.06260229937584927,
Z3_REPAIR_STRUCTURE,61002,repair_history,trend|IMAGE_CUE_FRESH,61001_t32,61004_t96,0.0,0.04053456451102275,
Z3_REPAIR_STRUCTURE,61002,repair_history,trend|IMAGE_CUE_FRESH,61001_t96,61003_t32,0.0,0.033487786895530065,
Z3_REPAIR_STRUCTURE,61002,repair_history,trend|IMAGE_CUE_FRESH,61001_t96,61003_t96,0.0,0.0,
Z3_REPAIR_STRUCTURE,61002,repair_history,trend|IMAGE_CUE_FRESH,61001_t96,61004_t32,0.0,0.02151170240508868,
Z3_REPAIR_STRUCTURE,61002,repair_history,trend|IMAGE_CUE_FRESH,61001_t96,61004_t96,0.0,0.0,
Z3_REPAIR_STRUCTURE,61002,repair_history,trend|IMAGE_CUE_FRESH,61003_t32,61003_t96,0.0,0.033487786895530065,
Z3_REPAIR_STRUCTURE,61002,repair_history,trend|IMAGE_CUE_FRESH,61003_t32,61004_t32,0.005231585275028815,0.04453631875056111,
Z3_REPAIR_STRUCTURE,61002,repair_history,trend|IMAGE_CUE_FRESH,61003_t32,61004_t96,0.0,0.033487786895530065,
Z3_REPAIR_STRUCTURE,61002,repair_history,trend|IMAGE_CUE_FRESH,61003_t96,61004_t32,0.0,0.02151170240508868,
Z3_REPAIR_STRUCTURE,61002,repair_history,trend|IMAGE_CUE_FRESH,61003_t96,61004_t96,0.0,0.0,
Z3_REPAIR_STRUCTURE,61002,repair_history,trend|IMAGE_CUE_FRESH,61004_t32,61004_t96,0.0,0.02151170240508868,
Z3_REPAIR_STRUCTURE,61002,repair_history,trend|SYMBOLIC_FRESH,61001_t32,61001_t96,-0.002689798697961932,0.08049770045215184,
Z3_REPAIR_STRUCTURE,61002,repair_history,trend|SYMBOLIC_FRESH,61001_t32,61003_t32,0.01343787342294524,0.1044145223693119,
Z3_REPAIR_STRUCTURE,61002,repair_history,trend|SYMBOLIC_FRESH,61001_t32,61003_t96,0.0013763151295350174,0.06462592652907474,
Z3_REPAIR_STRUCTURE,61002,repair_history,trend|SYMBOLIC_FRESH,61001_t32,61004_t32,0.007664164111868666,0.0978705781405417,
Z3_REPAIR_STRUCTURE,61002,repair_history,trend|SYMBOLIC_FRESH,61001_t32,61004_t96,-0.00018007319669038972,0.07982069822262212,
Z3_REPAIR_STRUCTURE,61002,repair_history,trend|SYMBOLIC_FRESH,61001_t96,61003_t32,0.0025832589856876124,0.08739092293900276,
Z3_REPAIR_STRUCTURE,61002,repair_history,trend|SYMBOLIC_FRESH,61001_t96,61003_t96,0.0026123715790432,0.023420985325234005,
Z3_REPAIR_STRUCTURE,61002,repair_history,trend|SYMBOLIC_FRESH,61001_t96,61004_t32,-0.002869772408727281,0.08020562287690923,
Z3_REPAIR_STRUCTURE,61002,repair_history,trend|SYMBOLIC_FRESH,61001_t96,61004_t96,-0.003312239665848679,0.047352202856114335,
Z3_REPAIR_STRUCTURE,61002,repair_history,trend|SYMBOLIC_FRESH,61003_t32,61003_t96,-0.0006584219266042589,0.08613473849550331,
Z3_REPAIR_STRUCTURE,61002,repair_history,trend|SYMBOLIC_FRESH,61003_t32,61004_t32,0.02117216435384196,0.08829391551074514,
Z3_REPAIR_STRUCTURE,61002,repair_history,trend|SYMBOLIC_FRESH,61003_t32,61004_t96,-0.00648381039370229,0.10986751047079595,
Z3_REPAIR_STRUCTURE,61002,repair_history,trend|SYMBOLIC_FRESH,61003_t96,61004_t32,-0.00034419440059565564,0.0674149205925628,
Z3_REPAIR_STRUCTURE,61002,repair_history,trend|SYMBOLIC_FRESH,61003_t96,61004_t96,0.0021776640354937062,0.028632849185346376,
Z3_REPAIR_STRUCTURE,61002,repair_history,trend|SYMBOLIC_FRESH,61004_t32,61004_t96,0.0005086331344398326,0.07779126056358839,
Z2_REWARD_DISTRIBUTION,61003,current,cross_series|IMAGE_CUE_FRESH,61001_t32,61001_t96,0.16289369607036808,0.007545941192597161,0.16289369607036808
Z2_REWARD_DISTRIBUTION,61003,current,cross_series|IMAGE_CUE_FRESH,61001_t32,61002_t32,0.16173135869492225,0.009870615943488814,0.15438005039915959
Z2_REWARD_DISTRIBUTION,61003,current,cross_series|IMAGE_CUE_FRESH,61001_t32,61002_t96,0.16289369607036808,0.007545941192597161,0.16289369607036808
Z2_REWARD_DISTRIBUTION,61003,current,cross_series|IMAGE_CUE_FRESH,61001_t32,61004_t32,0.16196563077475565,0.00940207178382202,0.15655641170361234
Z2_REWARD_DISTRIBUTION,61003,current,cross_series|IMAGE_CUE_FRESH,61001_t32,61004_t96,0.16289369607036808,0.007545941192597161,0.16289369607036808
Z2_REWARD_DISTRIBUTION,61003,current,cross_series|IMAGE_CUE_FRESH,61001_t96,61002_t32,0.1577889730033163,0.017755387326700733,0.1577889730033163
Z2_REWARD_DISTRIBUTION,61003,current,cross_series|IMAGE_CUE_FRESH,61001_t96,61002_t96,0.16666666666666666,0.0,0.16666666666666666
Z2_REWARD_DISTRIBUTION,61003,current,cross_series|IMAGE_CUE_FRESH,61001_t96,61004_t32,0.16004416354082057,0.01324500625169217,0.16004416354082057
Z2_REWARD_DISTRIBUTION,61003,current,cross_series|IMAGE_CUE_FRESH,61001_t96,61004_t96,0.16666666666666666,0.0,0.16666666666666666
Z2_REWARD_DISTRIBUTION,61003,current,cross_series|IMAGE_CUE_FRESH,61002_t32,61002_t96,0.1577889730033163,0.017755387326700733,0.1577889730033163
Z2_REWARD_DISTRIBUTION,61003,current,cross_series|IMAGE_CUE_FRESH,61002_t32,61004_t32,0.16176249898707368,0.00980833535918596,0.15197455906241564
Z2_REWARD_DISTRIBUTION,61003,current,cross_series|IMAGE_CUE_FRESH,61002_t32,61004_t96,0.1577889730033163,0.017755387326700733,0.1577889730033163
Z2_REWARD_DISTRIBUTION,61003,current,cross_series|IMAGE_CUE_FRESH,61002_t96,61004_t32,0.16004416354082057,0.01324500625169217,0.16004416354082057
Z2_REWARD_DISTRIBUTION,61003,current,cross_series|IMAGE_CUE_FRESH,61002_t96,61004_t96,0.16666666666666666,0.0,0.16666666666666666
Z2_REWARD_DISTRIBUTION,61003,current,cross_series|IMAGE_CUE_FRESH,61004_t32,61004_t96,0.16004416354082057,0.01324500625169217,0.16004416354082057
Z2_REWARD_DISTRIBUTION,61003,current,cross_series|SYMBOLIC_FRESH,61001_t32,61001_t96,0.1258824056373747,0.08156852205858389,0.03721245601177856
Z2_REWARD_DISTRIBUTION,61003,current,cross_series|SYMBOLIC_FRESH,61001_t32,61002_t32,0.15536577000014354,0.02260179333304624,0.022515922366055884
Z2_REWARD_DISTRIBUTION,61003,current,cross_series|SYMBOLIC_FRESH,61001_t32,61002_t96,0.11935458249566432,0.09462416834200468,0.03729804690072039
Z2_REWARD_DISTRIBUTION,61003,current,cross_series|SYMBOLIC_FRESH,61001_t32,61004_t32,0.15295667110078084,0.027419991131771626,0.023095050448696933
Z2_REWARD_DISTRIBUTION,61003,current,cross_series|SYMBOLIC_FRESH,61001_t32,61004_t96,0.12614115462343048,0.08105102408647236,0.034684186701825714
Z2_REWARD_DISTRIBUTION,61003,current,cross_series|SYMBOLIC_FRESH,61001_t96,61002_t32,0.11907710645443288,0.09517912042446755,0.037041930803738854
Z2_REWARD_DISTRIBUTION,61003,current,cross_series|SYMBOLIC_FRESH,61001_t96,61002_t96,0.16133435022289108,0.010664632887551151,0.07138744091748958
Z2_REWARD_DISTRIBUTION,61003,current,cross_series|SYMBOLIC_FRESH,61001_t96,61004_t32,0.11580066895508499,0.10173199542316333,0.03826523067506143
Z2_REWARD_DISTRIBUTION,61003,current,cross_series|SYMBOLIC_FRESH,61001_t96,61004_t96,0.16318940517254718,0.006954522988238954,0.0657302922494088
Z2_REWARD_DISTRIBUTION,61003,current,cross_series|SYMBOLIC_FRESH,61002_t32,61002_t96,0.11340495659000664,0.10652342015332003,0.03726961521387491
Z2_REWARD_DISTRIBUTION,61003,current,cross_series|SYMBOLIC_FRESH,61002_t32,61004_t32,0.15792725515132283,0.01747882303068765,0.023907080402498712
Z2_REWARD_DISTRIBUTION,61003,current,cross_series|SYMBOLIC_FRESH,61002_t32,61004_t96,0.11865117170204781,0.0960309899292377,0.033953011421189644
Z2_REWARD_DISTRIBUTION,61003,current,cross_series|SYMBOLIC_FRESH,61002_t96,61004_t32,0.11005953797609862,0.11321425738113608,0.038818865551346775
Z2_REWARD_DISTRIBUTION,61003,current,cross_series|SYMBOLIC_FRESH,61002_t96,61004_t96,0.15894647272196522,0.015440387889402885,0.06583271253478956
Z2_REWARD_DISTRIBUTION,61003,current,cross_series|SYMBOLIC_FRESH,61004_t32,61004_t96,0.1144599149652592,0.10441350340281491,0.035532849576115015
Z2_REWARD_DISTRIBUTION,61003,current,duplicate_encoding|IMAGE_CUE_FRESH,61001_t32,61001_t96,0.16622919400698544,0.0008749453193624412,0.16622919400698544
Z2_REWARD_DISTRIBUTION,61003,current,duplicate_encoding|IMAGE_CUE_FRESH,61001_t32,61002_t32,0.16557298501746362,0.0021873632984060754,0.16557298501746362
Z2_REWARD_DISTRIBUTION,61003,current,duplicate_encoding|IMAGE_CUE_FRESH,61001_t32,61002_t96,0.16622919400698544,0.0008749453193624412,0.16622919400698544
Z2_REWARD_DISTRIBUTION,61003,current,duplicate_encoding|IMAGE_CUE_FRESH,61001_t32,61004_t32,0.16622919400698544,0.0008749453193624412,0.16622919400698544
Z2_REWARD_DISTRIBUTION,61003,current,duplicate_encoding|IMAGE_CUE_FRESH,61001_t32,61004_t96,0.16622919400698544,0.0008749453193624412,0.16622919400698544
Z2_REWARD_DISTRIBUTION,61003,current,duplicate_encoding|IMAGE_CUE_FRESH,61001_t96,61002_t32,0.16601045767714484,0.0013124179790436341,0.16601045767714484
Z2_REWARD_DISTRIBUTION,61003,current,duplicate_encoding|IMAGE_CUE_FRESH,61001_t96,61002_t96,0.16666666666666666,0.0,0.16666666666666666
Z2_REWARD_DISTRIBUTION,61003,current,duplicate_encoding|IMAGE_CUE_FRESH,61001_t96,61004_t32,0.16666666666666666,0.0,0.16666666666666666
Z2_REWARD_DISTRIBUTION,61003,current,duplicate_encoding|IMAGE_CUE_FRESH,61001_t96,61004_t96,0.16666666666666666,0.0,0.16666666666666666
Z2_REWARD_DISTRIBUTION,61003,current,duplicate_encoding|IMAGE_CUE_FRESH,61002_t32,61002_t96,0.16601045767714484,0.0013124179790436341,0.16601045767714484
Z2_REWARD_DISTRIBUTION,61003,current,duplicate_encoding|IMAGE_CUE_FRESH,61002_t32,61004_t32,0.16601045767714484,0.0013124179790436341,0.16601045767714484
Z2_REWARD_DISTRIBUTION,61003,current,duplicate_encoding|IMAGE_CUE_FRESH,61002_t32,61004_t96,0.16601045767714484,0.0013124179790436341,0.16601045767714484
Z2_REWARD_DISTRIBUTION,61003,current,duplicate_encoding|IMAGE_CUE_FRESH,61002_t96,61004_t32,0.16666666666666666,0.0,0.16666666666666666
Z2_REWARD_DISTRIBUTION,61003,current,duplicate_encoding|IMAGE_CUE_FRESH,61002_t96,61004_t96,0.16666666666666666,0.0,0.16666666666666666
Z2_REWARD_DISTRIBUTION,61003,current,duplicate_encoding|IMAGE_CUE_FRESH,61004_t32,61004_t96,0.16666666666666666,0.0,0.16666666666666666
Z2_REWARD_DISTRIBUTION,61003,current,duplicate_encoding|SYMBOLIC_FRESH,61001_t32,61001_t96,0.15791688325952677,0.017499566814279777,0.15791688325952677
Z2_REWARD_DISTRIBUTION,61003,current,duplicate_encoding|SYMBOLIC_FRESH,61001_t32,61002_t32,0.16294953441328483,0.007434264506763655,0.1509092699814751
Z2_REWARD_DISTRIBUTION,61003,current,duplicate_encoding|SYMBOLIC_FRESH,61001_t32,61002_t96,0.15791688325952677,0.017499566814279777,0.15791688325952677
Z2_REWARD_DISTRIBUTION,61003,current,duplicate_encoding|SYMBOLIC_FRESH,61001_t32,61004_t32,0.16367296481293617,0.005987403707460981,0.1470673515103054
Z2_REWARD_DISTRIBUTION,61003,current,duplicate_encoding|SYMBOLIC_FRESH,61001_t32,61004_t96,0.15791688325952677,0.017499566814279777,0.15791688325952677
Z2_REWARD_DISTRIBUTION,61003,current,duplicate_encoding|SYMBOLIC_FRESH,61001_t96,61002_t32,0.15916844269466854,0.014996447943996238,0.15916844269466854
Z2_REWARD_DISTRIBUTION,61003,current,duplicate_encoding|SYMBOLIC_FRESH,61001_t96,61002_t96,0.16666666666666666,0.0,0.16666666666666666
Z2_REWARD_DISTRIBUTION,61003,current,duplicate_encoding|SYMBOLIC_FRESH,61001_t96,61004_t32,0.15508922626453228,0.02315488080426875,0.15508922626453228
Z2_REWARD_DISTRIBUTION,61003,current,duplicate_encoding|SYMBOLIC_FRESH,61001_t96,61004_t96,0.16666666666666666,0.0,0.16666666666666666
Z2_REWARD_DISTRIBUTION,61003,current,duplicate_encoding|SYMBOLIC_FRESH,61002_t32,61002_t96,0.15916844269466854,0.014996447943996238,0.15916844269466854
Z2_REWARD_DISTRIBUTION,61003,current,duplicate_encoding|SYMBOLIC_FRESH,61002_t32,61004_t32,0.1607305811051982,0.011872171122936925,0.14827536041452505
Z2_REWARD_DISTRIBUTION,61003,current,duplicate_encoding|SYMBOLIC_FRESH,61002_t32,61004_t96,0.15916844269466854,0.014996447943996238,0.15916844269466854
Z2_REWARD_DISTRIBUTION,61003,current,duplicate_encoding|SYMBOLIC_FRESH,61002_t96,61004_t32,0.15508922626453228,0.02315488080426875,0.15508922626453228
Z2_REWARD_DISTRIBUTION,61003,current,duplicate_encoding|SYMBOLIC_FRESH,61002_t96,61004_t96,0.16666666666666666,0.0,0.16666666666666666
Z2_REWARD_DISTRIBUTION,61003,current,duplicate_encoding|SYMBOLIC_FRESH,61004_t32,61004_t96,0.15508922626453228,0.02315488080426875,0.15508922626453228
Z2_REWARD_DISTRIBUTION,61003,current,trend|IMAGE_CUE_FRESH,61001_t32,61001_t96,0.1596893249215997,0.013954683490133901,0.1596893249215997
Z2_REWARD_DISTRIBUTION,61003,current,trend|IMAGE_CUE_FRESH,61001_t32,61002_t32,0.16302868314713986,0.007275967039053588,0.1505119505912319
Z2_REWARD_DISTRIBUTION,61003,current,trend|IMAGE_CUE_FRESH,61001_t32,61002_t96,0.1599115621587067,0.013510209015919927,0.1594775343809289
Z2_REWARD_DISTRIBUTION,61003,current,trend|IMAGE_CUE_FRESH,61001_t32,61004_t32,0.16239363065111634,0.008546072031100638,0.15021827535058183
Z2_REWARD_DISTRIBUTION,61003,current,trend|IMAGE_CUE_FRESH,61001_t32,61004_t96,0.1596893249215997,0.013954683490133901,0.1596893249215997
Z2_REWARD_DISTRIBUTION,61003,current,trend|IMAGE_CUE_FRESH,61001_t96,61002_t32,0.15679823921000574,0.019736854913321833,0.15679823921000574
Z2_REWARD_DISTRIBUTION,61003,current,trend|IMAGE_CUE_FRESH,61001_t96,61002_t96,0.16644793033682606,0.00043747265968119287,0.16644793033682606
Z2_REWARD_DISTRIBUTION,61003,current,trend|IMAGE_CUE_FRESH,61001_t96,61004_t32,0.15638281611295157,0.02056770110743017,0.15638281611295157
Z2_REWARD_DISTRIBUTION,61003,current,trend|IMAGE_CUE_FRESH,61001_t96,61004_t96,0.16666666666666666,0.0,0.16666666666666666
Z2_REWARD_DISTRIBUTION,61003,current,trend|IMAGE_CUE_FRESH,61002_t32,61002_t96,0.1573453882719371,0.01864255678945914,0.15659363010892977
Z2_REWARD_DISTRIBUTION,61003,current,trend|IMAGE_CUE_FRESH,61002_t32,61004_t32,0.1630259396454571,0.007281454042419089,0.14772393113239018
Z2_REWARD_DISTRIBUTION,61003,current,trend|IMAGE_CUE_FRESH,61002_t32,61004_t96,0.15679823921000574,0.019736854913321833,0.15679823921000574
Z2_REWARD_DISTRIBUTION,61003,current,trend|IMAGE_CUE_FRESH,61002_t96,61004_t32,0.15660155244279217,0.020130228447748977,0.1561675246650144
Z2_REWARD_DISTRIBUTION,61003,current,trend|IMAGE_CUE_FRESH,61002_t96,61004_t96,0.16644793033682606,0.00043747265968119287,0.16644793033682606
Z2_REWARD_DISTRIBUTION,61003,current,trend|IMAGE_CUE_FRESH,61004_t32,61004_t96,0.15638281611295157,0.02056770110743017,0.15638281611295157
Z2_REWARD_DISTRIBUTION,61003,current,trend|SYMBOLIC_FRESH,61001_t32,61001_t96,0.1129095629884767,0.10751420735637993,0.0595751193380144
Z2_REWARD_DISTRIBUTION,61003,current,trend|SYMBOLIC_FRESH,61001_t32,61002_t32,0.15903460586405258,0.015264121605228165,0.03352523003824816
Z2_REWARD_DISTRIBUTION,61003,current,trend|SYMBOLIC_FRESH,61001_t32,61002_t96,0.11578854735336765,0.10175623862659802,0.059642724511259404
Z2_REWARD_DISTRIBUTION,61003,current,trend|SYMBOLIC_FRESH,61001_t32,61004_t32,0.16033301711046788,0.012667299112397612,0.038955656002025565
Z2_REWARD_DISTRIBUTION,61003,current,trend|SYMBOLIC_FRESH,61001_t32,61004_t96,0.10705473751916014,0.11922385829501303,0.059724327958992
Z2_REWARD_DISTRIBUTION,61003,current,trend|SYMBOLIC_FRESH,61001_t96,61002_t32,0.09815053958992404,0.13703225415348524,0.04917632709197494
Z2_REWARD_DISTRIBUTION,61003,current,trend|SYMBOLIC_FRESH,61001_t96,61002_t96,0.14931354658026724,0.03470624017279883,0.09634016212644039
Z2_REWARD_DISTRIBUTION,61003,current,trend|SYMBOLIC_FRESH,61001_t96,61004_t32,0.11254694096418241,0.10823945140496855,0.059381707650794605
Z2_REWARD_DISTRIBUTION,61003,current,trend|SYMBOLIC_FRESH,61001_t96,61004_t96,0.15816817537990097,0.016996982573531383,0.0965624558444907
Z2_REWARD_DISTRIBUTION,61003,current,trend|SYMBOLIC_FRESH,61002_t32,61002_t96,0.10396308301026042,0.12540716731281248,0.04919721743843929
Z2_REWARD_DISTRIBUTION,61003,current,trend|SYMBOLIC_FRESH,61002_t32,61004_t32,0.15893719481940335,0.015458943694526661,0.03439129597182693
Z2_REWARD_DISTRIBUTION,61003,current,trend|SYMBOLIC_FRESH,61002_t32,61004_t96,0.09215154434955082,0.14903024463423167,0.04925491978969922
Z2_REWARD_DISTRIBUTION,61003,current,trend|SYMBOLIC_FRESH,61002_t96,61004_t32,0.11469821160516455,0.10393691012300427,0.05939508413002717
Z2_REWARD_DISTRIBUTION,61003,current,trend|SYMBOLIC_FRESH,61002_t96,61004_t96,0.15508136507050094,0.02317060319233144,0.0965624558444907
Z2_REWARD_DISTRIBUTION,61003,current,trend|SYMBOLIC_FRESH,61004_t32,61004_t96,0.10644224509102176,0.12044884315128984,0.05952088354478635
Z2_REWARD_DISTRIBUTION,61003,history,cross_series|IMAGE_CUE_FRESH,61001_t32,61001_t96,0.0,0.07668470436901861,
Z2_REWARD_DISTRIBUTION,61003,history,cross_series|IMAGE_CUE_FRESH,61001_t32,61002_t32,-0.012683994111702438,0.1606304396787113,
Z2_REWARD_DISTRIBUTION,61003,history,cross_series|IMAGE_CUE_FRESH,61001_t32,61002_t96,0.0,0.07668470436901861,
Z2_REWARD_DISTRIBUTION,61003,history,cross_series|IMAGE_CUE_FRESH,61001_t32,61004_t32,-0.0006009507389826865,0.1087620705757851,
Z2_REWARD_DISTRIBUTION,61003,history,cross_series|IMAGE_CUE_FRESH,61001_t32,61004_t96,0.0,0.07668470436901861,
Z2_REWARD_DISTRIBUTION,61003,history,cross_series|IMAGE_CUE_FRESH,61001_t96,61002_t32,0.0,0.058577747086287796,
Z2_REWARD_DISTRIBUTION,61003,history,cross_series|IMAGE_CUE_FRESH,61001_t96,61002_t96,0.0,0.0,
Z2_REWARD_DISTRIBUTION,61003,history,cross_series|IMAGE_CUE_FRESH,61001_t96,61004_t32,0.0,0.030875464728801125,
Z2_REWARD_DISTRIBUTION,61003,history,cross_series|IMAGE_CUE_FRESH,61001_t96,61004_t96,0.0,0.0,
Z2_REWARD_DISTRIBUTION,61003,history,cross_series|IMAGE_CUE_FRESH,61002_t32,61002_t96,0.0,0.058577747086287796,
Z2_REWARD_DISTRIBUTION,61003,history,cross_series|IMAGE_CUE_FRESH,61002_t32,61004_t32,-0.005122616350798557,0.09969844451668602,
Z2_REWARD_DISTRIBUTION,61003,history,cross_series|IMAGE_CUE_FRESH,61002_t32,61004_t96,0.0,0.058577747086287796,
Z2_REWARD_DISTRIBUTION,61003,history,cross_series|IMAGE_CUE_FRESH,61002_t96,61004_t32,0.0,0.030875464728801125,
Z2_REWARD_DISTRIBUTION,61003,history,cross_series|IMAGE_CUE_FRESH,61002_t96,61004_t96,0.0,0.0,
Z2_REWARD_DISTRIBUTION,61003,history,cross_series|IMAGE_CUE_FRESH,61004_t32,61004_t96,0.0,0.030875464728801125,
Z2_REWARD_DISTRIBUTION,61003,history,cross_series|SYMBOLIC_FRESH,61001_t32,61001_t96,-0.00046697540357468485,0.15651359684080843,
Z2_REWARD_DISTRIBUTION,61003,history,cross_series|SYMBOLIC_FRESH,61001_t32,61002_t32,0.001889528884501113,0.205640816758836,
Z2_REWARD_DISTRIBUTION,61003,history,cross_series|SYMBOLIC_FRESH,61001_t32,61002_t96,-0.006740649354816108,0.16038551729593697,
Z2_REWARD_DISTRIBUTION,61003,history,cross_series|SYMBOLIC_FRESH,61001_t32,61004_t32,-0.009043927745361623,0.2616956262441825,
Z2_REWARD_DISTRIBUTION,61003,history,cross_series|SYMBOLIC_FRESH,61001_t32,61004_t96,-0.009044842211431085,0.17910936614574652,
Z2_REWARD_DISTRIBUTION,61003,history,cross_series|SYMBOLIC_FRESH,61001_t96,61002_t32,0.0029007687280963057,0.11337633070118658,
Z2_REWARD_DISTRIBUTION,61003,history,cross_series|SYMBOLIC_FRESH,61001_t96,61002_t96,-0.0057294290741302205,0.06812107036410617,
Z2_REWARD_DISTRIBUTION,61003,history,cross_series|SYMBOLIC_FRESH,61001_t96,61004_t32,-0.0006885896688553628,0.15474294372071098,
Z2_REWARD_DISTRIBUTION,61003,history,cross_series|SYMBOLIC_FRESH,61001_t96,61004_t96,-0.008307640977578183,0.08739295730758163,
Z2_REWARD_DISTRIBUTION,61003,history,cross_series|SYMBOLIC_FRESH,61002_t32,61002_t96,-9.40541809485745e-05,0.11069054907192204,
Z2_REWARD_DISTRIBUTION,61003,history,cross_series|SYMBOLIC_FRESH,61002_t32,61004_t32,0.020055034430273684,0.16709592401663204,
Z2_REWARD_DISTRIBUTION,61003,history,cross_series|SYMBOLIC_FRESH,61002_t32,61004_t96,-0.0007776571728455482,0.12617321819229554,
Z2_REWARD_DISTRIBUTION,61003,history,cross_series|SYMBOLIC_FRESH,61002_t96,61004_t32,0.004404104323728175,0.13588212828818963,
Z2_REWARD_DISTRIBUTION,61003,history,cross_series|SYMBOLIC_FRESH,61002_t96,61004_t96,0.013034751087819233,0.03603274572943252,
Z2_REWARD_DISTRIBUTION,61003,history,cross_series|SYMBOLIC_FRESH,61004_t32,61004_t96,0.004185767023936684,0.15043426602435214,
Z2_REWARD_DISTRIBUTION,61003,history,duplicate_encoding|IMAGE_CUE_FRESH,61001_t32,61001_t96,0.0,0.017122075685542176,
Z2_REWARD_DISTRIBUTION,61003,history,duplicate_encoding|IMAGE_CUE_FRESH,61001_t32,61002_t32,0.00493694346101299,0.026718068767448394,
Z2_REWARD_DISTRIBUTION,61003,history,duplicate_encoding|IMAGE_CUE_FRESH,61001_t32,61002_t96,0.0,0.017122075685542176,
Z2_REWARD_DISTRIBUTION,61003,history,duplicate_encoding|IMAGE_CUE_FRESH,61001_t32,61004_t32,0.0024871230301087414,0.019434221971853193,
Z2_REWARD_DISTRIBUTION,61003,history,duplicate_encoding|IMAGE_CUE_FRESH,61001_t32,61004_t96,0.0,0.017122075685542176,
Z2_REWARD_DISTRIBUTION,61003,history,duplicate_encoding|IMAGE_CUE_FRESH,61001_t96,61002_t32,0.0,0.0194698800039322,
Z2_REWARD_DISTRIBUTION,61003,history,duplicate_encoding|IMAGE_CUE_FRESH,61001_t96,61002_t96,0.0,0.0,
Z2_REWARD_DISTRIBUTION,61003,history,duplicate_encoding|IMAGE_CUE_FRESH,61001_t96,61004_t32,0.0,0.007286392346528498,
Z2_REWARD_DISTRIBUTION,61003,history,duplicate_encoding|IMAGE_CUE_FRESH,61001_t96,61004_t96,0.0,0.0,
Z2_REWARD_DISTRIBUTION,61003,history,duplicate_encoding|IMAGE_CUE_FRESH,61002_t32,61002_t96,0.0,0.0194698800039322,
Z2_REWARD_DISTRIBUTION,61003,history,duplicate_encoding|IMAGE_CUE_FRESH,61002_t32,61004_t32,1.9436630950597438e-05,0.026717399088559506,
Z2_REWARD_DISTRIBUTION,61003,history,duplicate_encoding|IMAGE_CUE_FRESH,61002_t32,61004_t96,0.0,0.0194698800039322,
Z2_REWARD_DISTRIBUTION,61003,history,duplicate_encoding|IMAGE_CUE_FRESH,61002_t96,61004_t32,0.0,0.007286392346528498,
Z2_REWARD_DISTRIBUTION,61003,history,duplicate_encoding|IMAGE_CUE_FRESH,61002_t96,61004_t96,0.0,0.0,
Z2_REWARD_DISTRIBUTION,61003,history,duplicate_encoding|IMAGE_CUE_FRESH,61004_t32,61004_t96,0.0,0.007286392346528498,
Z2_REWARD_DISTRIBUTION,61003,history,duplicate_encoding|SYMBOLIC_FRESH,61001_t32,61001_t96,0.0,0.07792736795452558,
Z2_REWARD_DISTRIBUTION,61003,history,duplicate_encoding|SYMBOLIC_FRESH,61001_t32,61002_t32,0.03164602801860471,0.1000082274036587,
Z2_REWARD_DISTRIBUTION,61003,history,duplicate_encoding|SYMBOLIC_FRESH,61001_t32,61002_t96,0.0,0.07792736795452558,
Z2_REWARD_DISTRIBUTION,61003,history,duplicate_encoding|SYMBOLIC_FRESH,61001_t32,61004_t32,0.008663268090998212,0.14370791413180833,
Z2_REWARD_DISTRIBUTION,61003,history,duplicate_encoding|SYMBOLIC_FRESH,61001_t32,61004_t96,0.0,0.07792736795452558,
Z2_REWARD_DISTRIBUTION,61003,history,duplicate_encoding|SYMBOLIC_FRESH,61001_t96,61002_t32,0.0,0.08537291548634254,
Z2_REWARD_DISTRIBUTION,61003,history,duplicate_encoding|SYMBOLIC_FRESH,61001_t96,61002_t96,0.0,0.0,
Z2_REWARD_DISTRIBUTION,61003,history,duplicate_encoding|SYMBOLIC_FRESH,61001_t96,61004_t32,0.0,0.08310708235927916,
Z2_REWARD_DISTRIBUTION,61003,history,duplicate_encoding|SYMBOLIC_FRESH,61001_t96,61004_t96,0.0,0.0,
Z2_REWARD_DISTRIBUTION,61003,history,duplicate_encoding|SYMBOLIC_FRESH,61002_t32,61002_t96,0.0,0.08537291548634254,
Z2_REWARD_DISTRIBUTION,61003,history,duplicate_encoding|SYMBOLIC_FRESH,61002_t32,61004_t32,0.0040456063520553755,0.16038878514151095,
Z2_REWARD_DISTRIBUTION,61003,history,duplicate_encoding|SYMBOLIC_FRESH,61002_t32,61004_t96,0.0,0.08537291548634254,
Z2_REWARD_DISTRIBUTION,61003,history,duplicate_encoding|SYMBOLIC_FRESH,61002_t96,61004_t32,0.0,0.08310708235927916,
Z2_REWARD_DISTRIBUTION,61003,history,duplicate_encoding|SYMBOLIC_FRESH,61002_t96,61004_t96,0.0,0.0,
Z2_REWARD_DISTRIBUTION,61003,history,duplicate_encoding|SYMBOLIC_FRESH,61004_t32,61004_t96,0.0,0.08310708235927916,
Z2_REWARD_DISTRIBUTION,61003,history,trend|IMAGE_CUE_FRESH,61001_t32,61001_t96,0.0,0.07644562726734204,
Z2_REWARD_DISTRIBUTION,61003,history,trend|IMAGE_CUE_FRESH,61001_t32,61002_t32,0.012903245138896216,0.11530785575571705,
Z2_REWARD_DISTRIBUTION,61003,history,trend|IMAGE_CUE_FRESH,61001_t32,61002_t96,-0.0010379892864282284,0.08095040328904134,
Z2_REWARD_DISTRIBUTION,61003,history,trend|IMAGE_CUE_FRESH,61001_t32,61004_t32,-0.0006210214291184775,0.14104489292164515,
Z2_REWARD_DISTRIBUTION,61003,history,trend|IMAGE_CUE_FRESH,61001_t32,61004_t96,0.0,0.07644562726734204,
Z2_REWARD_DISTRIBUTION,61003,history,trend|IMAGE_CUE_FRESH,61001_t96,61002_t32,0.0,0.06466871876616745,
Z2_REWARD_DISTRIBUTION,61003,history,trend|IMAGE_CUE_FRESH,61001_t96,61002_t96,0.0,0.0024287974488428326,
Z2_REWARD_DISTRIBUTION,61003,history,trend|IMAGE_CUE_FRESH,61001_t96,61004_t32,0.0,0.06335722279606616,
Z2_REWARD_DISTRIBUTION,61003,history,trend|IMAGE_CUE_FRESH,61001_t96,61004_t96,0.0,0.0,
Z2_REWARD_DISTRIBUTION,61003,history,trend|IMAGE_CUE_FRESH,61002_t32,61002_t96,0.001823309384524142,0.063450897445962,
Z2_REWARD_DISTRIBUTION,61003,history,trend|IMAGE_CUE_FRESH,61002_t32,61004_t32,0.007983503219627833,0.11205893512297796,
Z2_REWARD_DISTRIBUTION,61003,history,trend|IMAGE_CUE_FRESH,61002_t32,61004_t96,0.0,0.06466871876616745,
Z2_REWARD_DISTRIBUTION,61003,history,trend|IMAGE_CUE_FRESH,61002_t96,61004_t32,0.0,0.065786020244909,
Z2_REWARD_DISTRIBUTION,61003,history,trend|IMAGE_CUE_FRESH,61002_t96,61004_t96,0.0,0.0024287974488428326,
Z2_REWARD_DISTRIBUTION,61003,history,trend|IMAGE_CUE_FRESH,61004_t32,61004_t96,0.0,0.06335722279606616,
Z2_REWARD_DISTRIBUTION,61003,history,trend|SYMBOLIC_FRESH,61001_t32,61001_t96,-0.008306582066577266,0.1510819443056978,
Z2_REWARD_DISTRIBUTION,61003,history,trend|SYMBOLIC_FRESH,61001_t32,61002_t32,0.011785768701920406,0.19629728385871442,
Z2_REWARD_DISTRIBUTION,61003,history,trend|SYMBOLIC_FRESH,61001_t32,61002_t96,0.000940834971035565,0.1104869860143286,
Z2_REWARD_DISTRIBUTION,61003,history,trend|SYMBOLIC_FRESH,61001_t32,61004_t32,0.01578836350197598,0.14568792659890462,
Z2_REWARD_DISTRIBUTION,61003,history,trend|SYMBOLIC_FRESH,61001_t32,61004_t96,-0.006438957056090052,0.15283499791284716,
Z2_REWARD_DISTRIBUTION,61003,history,trend|SYMBOLIC_FRESH,61001_t96,61002_t32,-0.004531638676551471,0.17733093983339762,
Z2_REWARD_DISTRIBUTION,61003,history,trend|SYMBOLIC_FRESH,61001_t96,61002_t96,-0.0013825426363497984,0.06353258244683878,
Z2_REWARD_DISTRIBUTION,61003,history,trend|SYMBOLIC_FRESH,61001_t96,61004_t32,-0.01715800116395954,0.15997949714851512,
Z2_REWARD_DISTRIBUTION,61003,history,trend|SYMBOLIC_FRESH,61001_t96,61004_t96,-0.0113015580255903,0.11095904106958707,
Z2_REWARD_DISTRIBUTION,61003,history,trend|SYMBOLIC_FRESH,61002_t32,61002_t96,0.0023311455670829762,0.14150524712998522,
Z2_REWARD_DISTRIBUTION,61003,history,trend|SYMBOLIC_FRESH,61002_t32,61004_t32,0.02443613066716479,0.1621912745762784,
Z2_REWARD_DISTRIBUTION,61003,history,trend|SYMBOLIC_FRESH,61002_t32,61004_t96,-0.008290449944202215,0.19033686599682287,
Z2_REWARD_DISTRIBUTION,61003,history,trend|SYMBOLIC_FRESH,61002_t96,61004_t32,-0.005481208015104353,0.11452578663466123,
Z2_REWARD_DISTRIBUTION,61003,history,trend|SYMBOLIC_FRESH,61002_t96,61004_t96,-0.00013019304261025952,0.06651618688748348,
Z2_REWARD_DISTRIBUTION,61003,history,trend|SYMBOLIC_FRESH,61004_t32,61004_t96,-0.004207189835980798,0.13956617812068142,
Z3_REPAIR_STRUCTURE,61003,current,cross_series|IMAGE_CUE_FRESH,61001_t32,61001_t96,0.08144684803518404,0.0037729705962985804,0.08144684803518404
Z3_REPAIR_STRUCTURE,61003,current,cross_series|IMAGE_CUE_FRESH,61001_t32,61002_t32,0.08086567934746113,0.004935307971744407,0.07719002519957979
Z3_REPAIR_STRUCTURE,61003,current,cross_series|IMAGE_CUE_FRESH,61001_t32,61002_t96,0.08144684803518404,0.0037729705962985804,0.08144684803518404
Z3_REPAIR_STRUCTURE,61003,current,cross_series|IMAGE_CUE_FRESH,61001_t32,61004_t32,0.08098281538737782,0.00470103589191101,0.07827820585180617
Z3_REPAIR_STRUCTURE,61003,current,cross_series|IMAGE_CUE_FRESH,61001_t32,61004_t96,0.08144684803518404,0.0037729705962985804,0.08144684803518404
Z3_REPAIR_STRUCTURE,61003,current,cross_series|IMAGE_CUE_FRESH,61001_t96,61002_t32,0.07889448650165815,0.008877693663350367,0.07889448650165815
Z3_REPAIR_STRUCTURE,61003,current,cross_series|IMAGE_CUE_FRESH,61001_t96,61002_t96,0.08333333333333333,0.0,0.08333333333333333
Z3_REPAIR_STRUCTURE,61003,current,cross_series|IMAGE_CUE_FRESH,61001_t96,61004_t32,0.08002208177041029,0.006622503125846085,0.08002208177041029
Z3_REPAIR_STRUCTURE,61003,current,cross_series|IMAGE_CUE_FRESH,61001_t96,61004_t96,0.08333333333333333,0.0,0.08333333333333333
Z3_REPAIR_STRUCTURE,61003,current,cross_series|IMAGE_CUE_FRESH,61002_t32,61002_t96,0.07889448650165815,0.008877693663350367,0.07889448650165815
Z3_REPAIR_STRUCTURE,61003,current,cross_series|IMAGE_CUE_FRESH,61002_t32,61004_t32,0.08088124949353684,0.00490416767959298,0.07598727953120782
Z3_REPAIR_STRUCTURE,61003,current,cross_series|IMAGE_CUE_FRESH,61002_t32,61004_t96,0.07889448650165815,0.008877693663350367,0.07889448650165815
Z3_REPAIR_STRUCTURE,61003,current,cross_series|IMAGE_CUE_FRESH,61002_t96,61004_t32,0.08002208177041029,0.006622503125846085,0.08002208177041029
Z3_REPAIR_STRUCTURE,61003,current,cross_series|IMAGE_CUE_FRESH,61002_t96,61004_t96,0.08333333333333333,0.0,0.08333333333333333
Z3_REPAIR_STRUCTURE,61003,current,cross_series|IMAGE_CUE_FRESH,61004_t32,61004_t96,0.08002208177041029,0.006622503125846085,0.08002208177041029
Z3_REPAIR_STRUCTURE,61003,current,cross_series|SYMBOLIC_FRESH,61001_t32,61001_t96,0.06294120281868736,0.040784261029291946,0.01860622800588928
Z3_REPAIR_STRUCTURE,61003,current,cross_series|SYMBOLIC_FRESH,61001_t32,61002_t32,0.07768288500007177,0.01130089666652312,0.011257961183027942
Z3_REPAIR_STRUCTURE,61003,current,cross_series|SYMBOLIC_FRESH,61001_t32,61002_t96,0.05967729124783216,0.04731208417100234,0.018649023450360194
Z3_REPAIR_STRUCTURE,61003,current,cross_series|SYMBOLIC_FRESH,61001_t32,61004_t32,0.07647833555039042,0.013709995565885813,0.011547525224348466
Z3_REPAIR_STRUCTURE,61003,current,cross_series|SYMBOLIC_FRESH,61001_t32,61004_t96,0.06307057731171524,0.04052551204323618,0.017342093350912857
Z3_REPAIR_STRUCTURE,61003,current,cross_series|SYMBOLIC_FRESH,61001_t96,61002_t32,0.05953855322721644,0.047589560212233775,0.018520965401869427
Z3_REPAIR_STRUCTURE,61003,current,cross_series|SYMBOLIC_FRESH,61001_t96,61002_t96,0.08066717511144554,0.0053323164437755755,0.03569372045874479
Z3_REPAIR_STRUCTURE,61003,current,cross_series|SYMBOLIC_FRESH,61001_t96,61004_t32,0.057900334477542496,0.050865997711581665,0.019132615337530714
Z3_REPAIR_STRUCTURE,61003,current,cross_series|SYMBOLIC_FRESH,61001_t96,61004_t96,0.08159470258627359,0.003477261494119477,0.0328651461247044
Z3_REPAIR_STRUCTURE,61003,current,cross_series|SYMBOLIC_FRESH,61002_t32,61002_t96,0.05670247829500332,0.053261710076660015,0.018634807606937455
Z3_REPAIR_STRUCTURE,61003,current,cross_series|SYMBOLIC_FRESH,61002_t32,61004_t32,0.07896362757566142,0.008739411515343826,0.011953540201249356
Z3_REPAIR_STRUCTURE,61003,current,cross_series|SYMBOLIC_FRESH,61002_t32,61004_t96,0.059325585851023904,0.04801549496461885,0.016976505710594822
Z3_REPAIR_STRUCTURE,61003,current,cross_series|SYMBOLIC_FRESH,61002_t96,61004_t32,0.05502976898804931,0.05660712869056804,0.019409432775673387
Z3_REPAIR_STRUCTURE,61003,current,cross_series|SYMBOLIC_FRESH,61002_t96,61004_t96,0.07947323636098261,0.007720193944701442,0.03291635626739478
Z3_REPAIR_STRUCTURE,61003,current,cross_series|SYMBOLIC_FRESH,61004_t32,61004_t96,0.0572299574826296,0.052206751701407456,0.017766424788057508
Z3_REPAIR_STRUCTURE,61003,current,duplicate_encoding|IMAGE_CUE_FRESH,61001_t32,61001_t96,0.08311459700349272,0.0004374726596812206,0.08311459700349272
Z3_REPAIR_STRUCTURE,61003,current,duplicate_encoding|IMAGE_CUE_FRESH,61001_t32,61002_t32,0.08278649250873181,0.0010936816492030377,0.08278649250873181
Z3_REPAIR_STRUCTURE,61003,current,duplicate_encoding|IMAGE_CUE_FRESH,61001_t32,61002_t96,0.08311459700349272,0.0004374726596812206,0.08311459700349272
Z3_REPAIR_STRUCTURE,61003,current,duplicate_encoding|IMAGE_CUE_FRESH,61001_t32,61004_t32,0.08311459700349272,0.0004374726596812206,0.08311459700349272
Z3_REPAIR_STRUCTURE,61003,current,duplicate_encoding|IMAGE_CUE_FRESH,61001_t32,61004_t96,0.08311459700349272,0.0004374726596812206,0.08311459700349272
Z3_REPAIR_STRUCTURE,61003,current,duplicate_encoding|IMAGE_CUE_FRESH,61001_t96,61002_t32,0.08300522883857242,0.0006562089895218171,0.08300522883857242
Z3_REPAIR_STRUCTURE,61003,current,duplicate_encoding|IMAGE_CUE_FRESH,61001_t96,61002_t96,0.08333333333333333,0.0,0.08333333333333333
Z3_REPAIR_STRUCTURE,61003,current,duplicate_encoding|IMAGE_CUE_FRESH,61001_t96,61004_t32,0.08333333333333333,0.0,0.08333333333333333
Z3_REPAIR_STRUCTURE,61003,current,duplicate_encoding|IMAGE_CUE_FRESH,61001_t96,61004_t96,0.08333333333333333,0.0,0.08333333333333333
Z3_REPAIR_STRUCTURE,61003,current,duplicate_encoding|IMAGE_CUE_FRESH,61002_t32,61002_t96,0.08300522883857242,0.0006562089895218171,0.08300522883857242
Z3_REPAIR_STRUCTURE,61003,current,duplicate_encoding|IMAGE_CUE_FRESH,61002_t32,61004_t32,0.08300522883857242,0.0006562089895218171,0.08300522883857242
Z3_REPAIR_STRUCTURE,61003,current,duplicate_encoding|IMAGE_CUE_FRESH,61002_t32,61004_t96,0.08300522883857242,0.0006562089895218171,0.08300522883857242
Z3_REPAIR_STRUCTURE,61003,current,duplicate_encoding|IMAGE_CUE_FRESH,61002_t96,61004_t32,0.08333333333333333,0.0,0.08333333333333333
Z3_REPAIR_STRUCTURE,61003,current,duplicate_encoding|IMAGE_CUE_FRESH,61002_t96,61004_t96,0.08333333333333333,0.0,0.08333333333333333
Z3_REPAIR_STRUCTURE,61003,current,duplicate_encoding|IMAGE_CUE_FRESH,61004_t32,61004_t96,0.08333333333333333,0.0,0.08333333333333333
Z3_REPAIR_STRUCTURE,61003,current,duplicate_encoding|SYMBOLIC_FRESH,61001_t32,61001_t96,0.07895844162976338,0.008749783407139888,0.07895844162976338
Z3_REPAIR_STRUCTURE,61003,current,duplicate_encoding|SYMBOLIC_FRESH,61001_t32,61002_t32,0.08147476720664242,0.0037171322533818274,0.07545463499073755
Z3_REPAIR_STRUCTURE,61003,current,duplicate_encoding|SYMBOLIC_FRESH,61001_t32,61002_t96,0.07895844162976338,0.008749783407139888,0.07895844162976338
Z3_REPAIR_STRUCTURE,61003,current,duplicate_encoding|SYMBOLIC_FRESH,61001_t32,61004_t32,0.08183648240646808,0.0029937018537304905,0.0735336757551527
Z3_REPAIR_STRUCTURE,61003,current,duplicate_encoding|SYMBOLIC_FRESH,61001_t32,61004_t96,0.07895844162976338,0.008749783407139888,0.07895844162976338
Z3_REPAIR_STRUCTURE,61003,current,duplicate_encoding|SYMBOLIC_FRESH,61001_t96,61002_t32,0.07958422134733427,0.007498223971998119,0.07958422134733427
Z3_REPAIR_STRUCTURE,61003,current,duplicate_encoding|SYMBOLIC_FRESH,61001_t96,61002_t96,0.08333333333333333,0.0,0.08333333333333333
Z3_REPAIR_STRUCTURE,61003,current,duplicate_encoding|SYMBOLIC_FRESH,61001_t96,61004_t32,0.07754461313226614,0.011577440402134376,0.07754461313226614
Z3_REPAIR_STRUCTURE,61003,current,duplicate_encoding|SYMBOLIC_FRESH,61001_t96,61004_t96,0.08333333333333333,0.0,0.08333333333333333
Z3_REPAIR_STRUCTURE,61003,current,duplicate_encoding|SYMBOLIC_FRESH,61002_t32,61002_t96,0.07958422134733427,0.007498223971998119,0.07958422134733427
Z3_REPAIR_STRUCTURE,61003,current,duplicate_encoding|SYMBOLIC_FRESH,61002_t32,61004_t32,0.0803652905525991,0.005936085561468463,0.07413768020726252
Z3_REPAIR_STRUCTURE,61003,current,duplicate_encoding|SYMBOLIC_FRESH,61002_t32,61004_t96,0.07958422134733427,0.007498223971998119,0.07958422134733427
Z3_REPAIR_STRUCTURE,61003,current,duplicate_encoding|SYMBOLIC_FRESH,61002_t96,61004_t32,0.07754461313226614,0.011577440402134376,0.07754461313226614
Z3_REPAIR_STRUCTURE,61003,current,duplicate_encoding|SYMBOLIC_FRESH,61002_t96,61004_t96,0.08333333333333333,0.0,0.08333333333333333
Z3_REPAIR_STRUCTURE,61003,current,duplicate_encoding|SYMBOLIC_FRESH,61004_t32,61004_t96,0.07754461313226614,0.011577440402134376,0.07754461313226614
Z3_REPAIR_STRUCTURE,61003,current,trend|IMAGE_CUE_FRESH,61001_t32,61001_t96,0.07984466246079985,0.006977341745066951,0.07984466246079985
Z3_REPAIR_STRUCTURE,61003,current,trend|IMAGE_CUE_FRESH,61001_t32,61002_t32,0.08151434157356993,0.003637983519526794,0.07525597529561595
Z3_REPAIR_STRUCTURE,61003,current,trend|IMAGE_CUE_FRESH,61001_t32,61002_t96,0.07995578107935335,0.006755104507959964,0.07973876719046445
Z3_REPAIR_STRUCTURE,61003,current,trend|IMAGE_CUE_FRESH,61001_t32,61004_t32,0.08119681532555817,0.004273036015550319,0.07510913767529091
Z3_REPAIR_STRUCTURE,61003,current,trend|IMAGE_CUE_FRESH,61001_t32,61004_t96,0.07984466246079985,0.006977341745066951,0.07984466246079985
Z3_REPAIR_STRUCTURE,61003,current,trend|IMAGE_CUE_FRESH,61001_t96,61002_t32,0.07839911960500287,0.009868427456660916,0.07839911960500287
Z3_REPAIR_STRUCTURE,61003,current,trend|IMAGE_CUE_FRESH,61001_t96,61002_t96,0.08322396516841303,0.00021873632984059643,0.08322396516841303
Z3_REPAIR_STRUCTURE,61003,current,trend|IMAGE_CUE_FRESH,61001_t96,61004_t32,0.07819140805647579,0.010283850553715085,0.07819140805647579
Z3_REPAIR_STRUCTURE,61003,current,trend|IMAGE_CUE_FRESH,61001_t96,61004_t96,0.08333333333333333,0.0,0.08333333333333333
Z3_REPAIR_STRUCTURE,61003,current,trend|IMAGE_CUE_FRESH,61002_t32,61002_t96,0.07867269413596854,0.00932127839472957,0.07829681505446488
Z3_REPAIR_STRUCTURE,61003,current,trend|IMAGE_CUE_FRESH,61002_t32,61004_t32,0.08151296982272856,0.0036407270212095444,0.07386196556619509
Z3_REPAIR_STRUCTURE,61003,current,trend|IMAGE_CUE_FRESH,61002_t32,61004_t96,0.07839911960500287,0.009868427456660916,0.07839911960500287
Z3_REPAIR_STRUCTURE,61003,current,trend|IMAGE_CUE_FRESH,61002_t96,61004_t32,0.07830077622139608,0.010065114223874488,0.0780837623325072
Z3_REPAIR_STRUCTURE,61003,current,trend|IMAGE_CUE_FRESH,61002_t96,61004_t96,0.08322396516841303,0.00021873632984059643,0.08322396516841303
Z3_REPAIR_STRUCTURE,61003,current,trend|IMAGE_CUE_FRESH,61004_t32,61004_t96,0.07819140805647579,0.010283850553715085,0.07819140805647579
Z3_REPAIR_STRUCTURE,61003,current,trend|SYMBOLIC_FRESH,61001_t32,61001_t96,0.05645478149423835,0.05375710367818996,0.0297875596690072
Z3_REPAIR_STRUCTURE,61003,current,trend|SYMBOLIC_FRESH,61001_t32,61002_t32,0.07951730293202629,0.007632060802614082,0.01676261501912408
Z3_REPAIR_STRUCTURE,61003,current,trend|SYMBOLIC_FRESH,61001_t32,61002_t96,0.05789427367668382,0.05087811931329901,0.029821362255629702
Z3_REPAIR_STRUCTURE,61003,current,trend|SYMBOLIC_FRESH,61001_t32,61004_t32,0.08016650855523394,0.006333649556198806,0.019477828001012783
Z3_REPAIR_STRUCTURE,61003,current,trend|SYMBOLIC_FRESH,61001_t32,61004_t96,0.05352736875958007,0.059611929147506515,0.029862163979496
Z3_REPAIR_STRUCTURE,61003,current,trend|SYMBOLIC_FRESH,61001_t96,61002_t32,0.04907526979496202,0.06851612707674262,0.02458816354598747
Z3_REPAIR_STRUCTURE,61003,current,trend|SYMBOLIC_FRESH,61001_t96,61002_t96,0.07465677329013362,0.017353120086399415,0.048170081063220196
Z3_REPAIR_STRUCTURE,61003,current,trend|SYMBOLIC_FRESH,61001_t96,61004_t32,0.056273470482091206,0.05411972570248427,0.029690853825397302
Z3_REPAIR_STRUCTURE,61003,current,trend|SYMBOLIC_FRESH,61001_t96,61004_t96,0.07908408768995048,0.008498491286765691,0.04828122792224535
Z3_REPAIR_STRUCTURE,61003,current,trend|SYMBOLIC_FRESH,61002_t32,61002_t96,0.05198154150513021,0.06270358365640624,0.024598608719219647
Z3_REPAIR_STRUCTURE,61003,current,trend|SYMBOLIC_FRESH,61002_t32,61004_t32,0.07946859740970168,0.007729471847263331,0.017195647985913463
Z3_REPAIR_STRUCTURE,61003,current,trend|SYMBOLIC_FRESH,61002_t32,61004_t96,0.04607577217477541,0.07451512231711584,0.02462745989484961
Z3_REPAIR_STRUCTURE,61003,current,trend|SYMBOLIC_FRESH,61002_t96,61004_t32,0.057349105802582276,0.05196845506150213,0.029697542065013585
Z3_REPAIR_STRUCTURE,61003,current,trend|SYMBOLIC_FRESH,61002_t96,61004_t96,0.07754068253525047,0.01158530159616572,0.04828122792224535
Z3_REPAIR_STRUCTURE,61003,current,trend|SYMBOLIC_FRESH,61004_t32,61004_t96,0.05322112254551088,0.06022442157564492,0.029760441772393176
Z3_REPAIR_STRUCTURE,61003,history,cross_series|IMAGE_CUE_FRESH,61001_t32,61001_t96,0.0,0.03834235218450931,
Z3_REPAIR_STRUCTURE,61003,history,cross_series|IMAGE_CUE_FRESH,61001_t32,61002_t32,-0.006341997055851219,0.08031521983935565,
Z3_REPAIR_STRUCTURE,61003,history,cross_series|IMAGE_CUE_FRESH,61001_t32,61002_t96,0.0,0.03834235218450931,
Z3_REPAIR_STRUCTURE,61003,history,cross_series|IMAGE_CUE_FRESH,61001_t32,61004_t32,-0.00030047536949134326,0.05438103528789255,
Z3_REPAIR_STRUCTURE,61003,history,cross_series|IMAGE_CUE_FRESH,61001_t32,61004_t96,0.0,0.03834235218450931,
Z3_REPAIR_STRUCTURE,61003,history,cross_series|IMAGE_CUE_FRESH,61001_t96,61002_t32,0.0,0.029288873543143898,
Z3_REPAIR_STRUCTURE,61003,history,cross_series|IMAGE_CUE_FRESH,61001_t96,61002_t96,0.0,0.0,
Z3_REPAIR_STRUCTURE,61003,history,cross_series|IMAGE_CUE_FRESH,61001_t96,61004_t32,0.0,0.015437732364400563,
Z3_REPAIR_STRUCTURE,61003,history,cross_series|IMAGE_CUE_FRESH,61001_t96,61004_t96,0.0,0.0,
Z3_REPAIR_STRUCTURE,61003,history,cross_series|IMAGE_CUE_FRESH,61002_t32,61002_t96,0.0,0.029288873543143898,
Z3_REPAIR_STRUCTURE,61003,history,cross_series|IMAGE_CUE_FRESH,61002_t32,61004_t32,-0.0025613081753992784,0.04984922225834301,
Z3_REPAIR_STRUCTURE,61003,history,cross_series|IMAGE_CUE_FRESH,61002_t32,61004_t96,0.0,0.029288873543143898,
Z3_REPAIR_STRUCTURE,61003,history,cross_series|IMAGE_CUE_FRESH,61002_t96,61004_t32,0.0,0.015437732364400563,
Z3_REPAIR_STRUCTURE,61003,history,cross_series|IMAGE_CUE_FRESH,61002_t96,61004_t96,0.0,0.0,
Z3_REPAIR_STRUCTURE,61003,history,cross_series|IMAGE_CUE_FRESH,61004_t32,61004_t96,0.0,0.015437732364400563,
Z3_REPAIR_STRUCTURE,61003,history,cross_series|SYMBOLIC_FRESH,61001_t32,61001_t96,-0.00023348770178734243,0.07825679842040421,
Z3_REPAIR_STRUCTURE,61003,history,cross_series|SYMBOLIC_FRESH,61001_t32,61002_t32,0.0009447644422505566,0.102820408379418,
Z3_REPAIR_STRUCTURE,61003,history,cross_series|SYMBOLIC_FRESH,61001_t32,61002_t96,-0.003370324677408054,0.08019275864796849,
Z3_REPAIR_STRUCTURE,61003,history,cross_series|SYMBOLIC_FRESH,61001_t32,61004_t32,-0.004521963872680812,0.13084781312209126,
Z3_REPAIR_STRUCTURE,61003,history,cross_series|SYMBOLIC_FRESH,61001_t32,61004_t96,-0.004522421105715543,0.08955468307287326,
Z3_REPAIR_STRUCTURE,61003,history,cross_series|SYMBOLIC_FRESH,61001_t96,61002_t32,0.0014503843640481528,0.05668816535059329,
Z3_REPAIR_STRUCTURE,61003,history,cross_series|SYMBOLIC_FRESH,61001_t96,61002_t96,-0.0028647145370651102,0.034060535182053084,
Z3_REPAIR_STRUCTURE,61003,history,cross_series|SYMBOLIC_FRESH,61001_t96,61004_t32,-0.0003442948344276814,0.07737147186035549,
Z3_REPAIR_STRUCTURE,61003,history,cross_series|SYMBOLIC_FRESH,61001_t96,61004_t96,-0.004153820488789092,0.04369647865379082,
Z3_REPAIR_STRUCTURE,61003,history,cross_series|SYMBOLIC_FRESH,61002_t32,61002_t96,-4.702709047428725e-05,0.05534527453596102,
Z3_REPAIR_STRUCTURE,61003,history,cross_series|SYMBOLIC_FRESH,61002_t32,61004_t32,0.010027517215136842,0.08354796200831602,
Z3_REPAIR_STRUCTURE,61003,history,cross_series|SYMBOLIC_FRESH,61002_t32,61004_t96,-0.0003888285864227741,0.06308660909614777,
Z3_REPAIR_STRUCTURE,61003,history,cross_series|SYMBOLIC_FRESH,61002_t96,61004_t32,0.0022020521618640876,0.06794106414409481,
Z3_REPAIR_STRUCTURE,61003,history,cross_series|SYMBOLIC_FRESH,61002_t96,61004_t96,0.006517375543909617,0.01801637286471626,
Z3_REPAIR_STRUCTURE,61003,history,cross_series|SYMBOLIC_FRESH,61004_t32,61004_t96,0.002092883511968342,0.07521713301217607,
Z3_REPAIR_STRUCTURE,61003,history,duplicate_encoding|IMAGE_CUE_FRESH,61001_t32,61001_t96,0.0,0.008561037842771088,
Z3_REPAIR_STRUCTURE,61003,history,duplicate_encoding|IMAGE_CUE_FRESH,61001_t32,61002_t32,0.002468471730506495,0.013359034383724197,
Z3_REPAIR_STRUCTURE,61003,history,duplicate_encoding|IMAGE_CUE_FRESH,61001_t32,61002_t96,0.0,0.008561037842771088,
Z3_REPAIR_STRUCTURE,61003,history,duplicate_encoding|IMAGE_CUE_FRESH,61001_t32,61004_t32,0.0012435615150543707,0.009717110985926597,
Z3_REPAIR_STRUCTURE,61003,history,duplicate_encoding|IMAGE_CUE_FRESH,61001_t32,61004_t96,0.0,0.008561037842771088,
Z3_REPAIR_STRUCTURE,61003,history,duplicate_encoding|IMAGE_CUE_FRESH,61001_t96,61002_t32,0.0,0.0097349400019661,
Z3_REPAIR_STRUCTURE,61003,history,duplicate_encoding|IMAGE_CUE_FRESH,61001_t96,61002_t96,0.0,0.0,
Z3_REPAIR_STRUCTURE,61003,history,duplicate_encoding|IMAGE_CUE_FRESH,61001_t96,61004_t32,0.0,0.003643196173264249,
Z3_REPAIR_STRUCTURE,61003,history,duplicate_encoding|IMAGE_CUE_FRESH,61001_t96,61004_t96,0.0,0.0,
Z3_REPAIR_STRUCTURE,61003,history,duplicate_encoding|IMAGE_CUE_FRESH,61002_t32,61002_t96,0.0,0.0097349400019661,
Z3_REPAIR_STRUCTURE,61003,history,duplicate_encoding|IMAGE_CUE_FRESH,61002_t32,61004_t32,9.718315475298719e-06,0.013358699544279753,
Z3_REPAIR_STRUCTURE,61003,history,duplicate_encoding|IMAGE_CUE_FRESH,61002_t32,61004_t96,0.0,0.0097349400019661,
Z3_REPAIR_STRUCTURE,61003,history,duplicate_encoding|IMAGE_CUE_FRESH,61002_t96,61004_t32,0.0,0.003643196173264249,
Z3_REPAIR_STRUCTURE,61003,history,duplicate_encoding|IMAGE_CUE_FRESH,61002_t96,61004_t96,0.0,0.0,
Z3_REPAIR_STRUCTURE,61003,history,duplicate_encoding|IMAGE_CUE_FRESH,61004_t32,61004_t96,0.0,0.003643196173264249,
Z3_REPAIR_STRUCTURE,61003,history,duplicate_encoding|SYMBOLIC_FRESH,61001_t32,61001_t96,0.0,0.03896368397726279,
Z3_REPAIR_STRUCTURE,61003,history,duplicate_encoding|SYMBOLIC_FRESH,61001_t32,61002_t32,0.015823014009302354,0.05000411370182935,
Z3_REPAIR_STRUCTURE,61003,history,duplicate_encoding|SYMBOLIC_FRESH,61001_t32,61002_t96,0.0,0.03896368397726279,
Z3_REPAIR_STRUCTURE,61003,history,duplicate_encoding|SYMBOLIC_FRESH,61001_t32,61004_t32,0.004331634045499106,0.07185395706590417,
Z3_REPAIR_STRUCTURE,61003,history,duplicate_encoding|SYMBOLIC_FRESH,61001_t32,61004_t96,0.0,0.03896368397726279,
Z3_REPAIR_STRUCTURE,61003,history,duplicate_encoding|SYMBOLIC_FRESH,61001_t96,61002_t32,0.0,0.04268645774317127,
Z3_REPAIR_STRUCTURE,61003,history,duplicate_encoding|SYMBOLIC_FRESH,61001_t96,61002_t96,0.0,0.0,
Z3_REPAIR_STRUCTURE,61003,history,duplicate_encoding|SYMBOLIC_FRESH,61001_t96,61004_t32,0.0,0.04155354117963958,
Z3_REPAIR_STRUCTURE,61003,history,duplicate_encoding|SYMBOLIC_FRESH,61001_t96,61004_t96,0.0,0.0,
Z3_REPAIR_STRUCTURE,61003,history,duplicate_encoding|SYMBOLIC_FRESH,61002_t32,61002_t96,0.0,0.04268645774317127,
Z3_REPAIR_STRUCTURE,61003,history,duplicate_encoding|SYMBOLIC_FRESH,61002_t32,61004_t32,0.0020228031760276878,0.08019439257075547,
Z3_REPAIR_STRUCTURE,61003,history,duplicate_encoding|SYMBOLIC_FRESH,61002_t32,61004_t96,0.0,0.04268645774317127,
Z3_REPAIR_STRUCTURE,61003,history,duplicate_encoding|SYMBOLIC_FRESH,61002_t96,61004_t32,0.0,0.04155354117963958,
Z3_REPAIR_STRUCTURE,61003,history,duplicate_encoding|SYMBOLIC_FRESH,61002_t96,61004_t96,0.0,0.0,
Z3_REPAIR_STRUCTURE,61003,history,duplicate_encoding|SYMBOLIC_FRESH,61004_t32,61004_t96,0.0,0.04155354117963958,
Z3_REPAIR_STRUCTURE,61003,history,trend|IMAGE_CUE_FRESH,61001_t32,61001_t96,0.0,0.03822281363367102,
Z3_REPAIR_STRUCTURE,61003,history,trend|IMAGE_CUE_FRESH,61001_t32,61002_t32,0.006451622569448108,0.05765392787785852,
Z3_REPAIR_STRUCTURE,61003,history,trend|IMAGE_CUE_FRESH,61001_t32,61002_t96,-0.0005189946432141142,0.04047520164452067,
Z3_REPAIR_STRUCTURE,61003,history,trend|IMAGE_CUE_FRESH,61001_t32,61004_t32,-0.00031051071455923877,0.07052244646082258,
Z3_REPAIR_STRUCTURE,61003,history,trend|IMAGE_CUE_FRESH,61001_t32,61004_t96,0.0,0.03822281363367102,
Z3_REPAIR_STRUCTURE,61003,history,trend|IMAGE_CUE_FRESH,61001_t96,61002_t32,0.0,0.032334359383083724,
Z3_REPAIR_STRUCTURE,61003,history,trend|IMAGE_CUE_FRESH,61001_t96,61002_t96,0.0,0.0012143987244214163,
Z3_REPAIR_STRUCTURE,61003,history,trend|IMAGE_CUE_FRESH,61001_t96,61004_t32,0.0,0.03167861139803308,
Z3_REPAIR_STRUCTURE,61003,history,trend|IMAGE_CUE_FRESH,61001_t96,61004_t96,0.0,0.0,
Z3_REPAIR_STRUCTURE,61003,history,trend|IMAGE_CUE_FRESH,61002_t32,61002_t96,0.000911654692262071,0.031725448722981,
Z3_REPAIR_STRUCTURE,61003,history,trend|IMAGE_CUE_FRESH,61002_t32,61004_t32,0.003991751609813916,0.05602946756148898,
Z3_REPAIR_STRUCTURE,61003,history,trend|IMAGE_CUE_FRESH,61002_t32,61004_t96,0.0,0.032334359383083724,
Z3_REPAIR_STRUCTURE,61003,history,trend|IMAGE_CUE_FRESH,61002_t96,61004_t32,0.0,0.0328930101224545,
Z3_REPAIR_STRUCTURE,61003,history,trend|IMAGE_CUE_FRESH,61002_t96,61004_t96,0.0,0.0012143987244214163,
Z3_REPAIR_STRUCTURE,61003,history,trend|IMAGE_CUE_FRESH,61004_t32,61004_t96,0.0,0.03167861139803308,
Z3_REPAIR_STRUCTURE,61003,history,trend|SYMBOLIC_FRESH,61001_t32,61001_t96,-0.004153291033288633,0.0755409721528489,
Z3_REPAIR_STRUCTURE,61003,history,trend|SYMBOLIC_FRESH,61001_t32,61002_t32,0.005892884350960203,0.09814864192935721,
Z3_REPAIR_STRUCTURE,61003,history,trend|SYMBOLIC_FRESH,61001_t32,61002_t96,0.0004704174855177825,0.0552434930071643,
Z3_REPAIR_STRUCTURE,61003,history,trend|SYMBOLIC_FRESH,61001_t32,61004_t32,0.00789418175098799,0.07284396329945231,
Z3_REPAIR_STRUCTURE,61003,history,trend|SYMBOLIC_FRESH,61001_t32,61004_t96,-0.003219478528045026,0.07641749895642358,
Z3_REPAIR_STRUCTURE,61003,history,trend|SYMBOLIC_FRESH,61001_t96,61002_t32,-0.0022658193382757356,0.08866546991669881,
Z3_REPAIR_STRUCTURE,61003,history,trend|SYMBOLIC_FRESH,61001_t96,61002_t96,-0.0006912713181748992,0.03176629122341939,
Z3_REPAIR_STRUCTURE,61003,history,trend|SYMBOLIC_FRESH,61001_t96,61004_t32,-0.00857900058197977,0.07998974857425756,
Z3_REPAIR_STRUCTURE,61003,history,trend|SYMBOLIC_FRESH,61001_t96,61004_t96,-0.00565077901279515,0.05547952053479353,
Z3_REPAIR_STRUCTURE,61003,history,trend|SYMBOLIC_FRESH,61002_t32,61002_t96,0.0011655727835414881,0.07075262356499261,
Z3_REPAIR_STRUCTURE,61003,history,trend|SYMBOLIC_FRESH,61002_t32,61004_t32,0.012218065333582395,0.0810956372881392,
Z3_REPAIR_STRUCTURE,61003,history,trend|SYMBOLIC_FRESH,61002_t32,61004_t96,-0.004145224972101107,0.09516843299841143,
Z3_REPAIR_STRUCTURE,61003,history,trend|SYMBOLIC_FRESH,61002_t96,61004_t32,-0.0027406040075521765,0.057262893317330615,
Z3_REPAIR_STRUCTURE,61003,history,trend|SYMBOLIC_FRESH,61002_t96,61004_t96,-6.509652130512976e-05,0.03325809344374174,
Z3_REPAIR_STRUCTURE,61003,history,trend|SYMBOLIC_FRESH,61004_t32,61004_t96,-0.002103594917990399,0.06978308906034071,
Z3_REPAIR_STRUCTURE,61003,repair,cross_series|IMAGE_CUE_FRESH,61001_t32,61001_t96,0.08183878069615173,0.0029891052743631907,0.08106595211531752
Z3_REPAIR_STRUCTURE,61003,repair,cross_series|IMAGE_CUE_FRESH,61001_t32,61002_t32,0.08141534338067646,0.00383597990531373,0.07581566824000513
Z3_REPAIR_STRUCTURE,61003,repair,cross_series|IMAGE_CUE_FRESH,61001_t32,61002_t96,0.08183878069615173,0.0029891052743631907,0.08106595211531752
Z3_REPAIR_STRUCTURE,61003,repair,cross_series|IMAGE_CUE_FRESH,61001_t32,61004_t32,0.08172649651698934,0.0032136736326879856,0.07711583986566718
Z3_REPAIR_STRUCTURE,61003,repair,cross_series|IMAGE_CUE_FRESH,61001_t32,61004_t96,0.08183878069615173,0.0029891052743631907,0.08106595211531752
Z3_REPAIR_STRUCTURE,61003,repair,cross_series|IMAGE_CUE_FRESH,61001_t96,61002_t32,0.08019641247566002,0.0062738417153466175,0.07778840829886233
Z3_REPAIR_STRUCTURE,61003,repair,cross_series|IMAGE_CUE_FRESH,61001_t96,61002_t96,0.08333333333333333,0.0,0.08333333333333333
Z3_REPAIR_STRUCTURE,61003,repair,cross_series|IMAGE_CUE_FRESH,61001_t96,61004_t32,0.08101656229707503,0.004633542072516594,0.0791417249320855
Z3_REPAIR_STRUCTURE,61003,repair,cross_series|IMAGE_CUE_FRESH,61001_t96,61004_t96,0.08333333333333333,0.0,0.08333333333333333
Z3_REPAIR_STRUCTURE,61003,repair,cross_series|IMAGE_CUE_FRESH,61002_t32,61002_t96,0.08019641247566002,0.0062738417153466175,0.07778840829886233
Z3_REPAIR_STRUCTURE,61003,repair,cross_series|IMAGE_CUE_FRESH,61002_t32,61004_t32,0.08133508940840038,0.003996487849865893,0.07434815156965573
Z3_REPAIR_STRUCTURE,61003,repair,cross_series|IMAGE_CUE_FRESH,61002_t32,61004_t96,0.08019641247566002,0.0062738417153466175,0.07778840829886233
Z3_REPAIR_STRUCTURE,61003,repair,cross_series|IMAGE_CUE_FRESH,61002_t96,61004_t32,0.08101656229707503,0.004633542072516594,0.0791417249320855
Z3_REPAIR_STRUCTURE,61003,repair,cross_series|IMAGE_CUE_FRESH,61002_t96,61004_t96,0.08333333333333333,0.0,0.08333333333333333
Z3_REPAIR_STRUCTURE,61003,repair,cross_series|IMAGE_CUE_FRESH,61004_t32,61004_t96,0.08101656229707503,0.004633542072516594,0.0791417249320855
Z3_REPAIR_STRUCTURE,61003,repair,cross_series|SYMBOLIC_FRESH,61001_t32,61001_t96,0.06277437031757842,0.04111792603150982,0.016365473050090257
Z3_REPAIR_STRUCTURE,61003,repair,cross_series|SYMBOLIC_FRESH,61001_t32,61002_t32,0.0780230904839556,0.010620485698755455,0.00942720011389978
Z3_REPAIR_STRUCTURE,61003,repair,cross_series|SYMBOLIC_FRESH,61001_t32,61002_t96,0.06157142501731417,0.04352381663203832,0.016431539313053526
Z3_REPAIR_STRUCTURE,61003,repair,cross_series|SYMBOLIC_FRESH,61001_t32,61004_t32,0.07650364687015125,0.013659372926364155,0.00984796259049892
Z3_REPAIR_STRUCTURE,61003,repair,cross_series|SYMBOLIC_FRESH,61001_t32,61004_t96,0.06324975997805547,0.04016714671055571,0.01517264971909645
Z3_REPAIR_STRUCTURE,61003,repair,cross_series|SYMBOLIC_FRESH,61001_t96,61002_t32,0.05885814060722878,0.0489503854522091,0.016399389898759612
Z3_REPAIR_STRUCTURE,61003,repair,cross_series|SYMBOLIC_FRESH,61001_t96,61002_t96,0.0807078154533782,0.005251035759910261,0.034498151875143636
Z3_REPAIR_STRUCTURE,61003,repair,cross_series|SYMBOLIC_FRESH,61001_t96,61004_t32,0.056222881228852384,0.05422090420896189,0.01710694214317751
Z3_REPAIR_STRUCTURE,61003,repair,cross_series|SYMBOLIC_FRESH,61001_t96,61004_t96,0.08161320488554304,0.0034402568955805846,0.030990717010883274
Z3_REPAIR_STRUCTURE,61003,repair,cross_series|SYMBOLIC_FRESH,61002_t32,61002_t96,0.05817258501680849,0.050321496633049675,0.016559142790231286
Z3_REPAIR_STRUCTURE,61003,repair,cross_series|SYMBOLIC_FRESH,61002_t32,61004_t32,0.07816128974342808,0.010344087179810502,0.010081349255415777
Z3_REPAIR_STRUCTURE,61003,repair,cross_series|SYMBOLIC_FRESH,61002_t32,61004_t96,0.05947923095785499,0.047708204750956676,0.014827856169569574
Z3_REPAIR_STRUCTURE,61003,repair,cross_series|SYMBOLIC_FRESH,61002_t96,61004_t32,0.055117275926256516,0.056432114814153625,0.01743176871716248
Z3_REPAIR_STRUCTURE,61003,repair,cross_series|SYMBOLIC_FRESH,61002_t96,61004_t96,0.08007147343818699,0.006523719790292676,0.031127011835505078
Z3_REPAIR_STRUCTURE,61003,repair,cross_series|SYMBOLIC_FRESH,61004_t32,61004_t96,0.05696339447750219,0.052739877711662275,0.015722257631601025
Z3_REPAIR_STRUCTURE,61003,repair,duplicate_encoding|IMAGE_CUE_FRESH,61001_t32,61001_t96,0.08314193904472279,0.0003827885772210715,0.08308768557250058
Z3_REPAIR_STRUCTURE,61003,repair,duplicate_encoding|IMAGE_CUE_FRESH,61001_t32,61002_t32,0.08289586067365212,0.0008749453193624135,0.08267884678476323
Z3_REPAIR_STRUCTURE,61003,repair,duplicate_encoding|IMAGE_CUE_FRESH,61001_t32,61002_t96,0.08314193904472279,0.0003827885772210715,0.08308768557250058
Z3_REPAIR_STRUCTURE,61003,repair,duplicate_encoding|IMAGE_CUE_FRESH,61001_t32,61004_t32,0.08314193904472279,0.0003827885772210715,0.08308768557250058
Z3_REPAIR_STRUCTURE,61003,repair,duplicate_encoding|IMAGE_CUE_FRESH,61001_t32,61004_t96,0.08314193904472279,0.0003827885772210715,0.08308768557250058
Z3_REPAIR_STRUCTURE,61003,repair,duplicate_encoding|IMAGE_CUE_FRESH,61001_t96,61002_t32,0.08308725496226264,0.0004921567421413697,0.08292449454559599
Z3_REPAIR_STRUCTURE,61003,repair,duplicate_encoding|IMAGE_CUE_FRESH,61001_t96,61002_t96,0.08333333333333333,0.0,0.08333333333333333
Z3_REPAIR_STRUCTURE,61003,repair,duplicate_encoding|IMAGE_CUE_FRESH,61001_t96,61004_t32,0.08333333333333333,0.0,0.08333333333333333
Z3_REPAIR_STRUCTURE,61003,repair,duplicate_encoding|IMAGE_CUE_FRESH,61001_t96,61004_t96,0.08333333333333333,0.0,0.08333333333333333
Z3_REPAIR_STRUCTURE,61003,repair,duplicate_encoding|IMAGE_CUE_FRESH,61002_t32,61002_t96,0.08308725496226264,0.0004921567421413697,0.08292449454559599
Z3_REPAIR_STRUCTURE,61003,repair,duplicate_encoding|IMAGE_CUE_FRESH,61002_t32,61004_t32,0.08308725496226264,0.0004921567421413697,0.08292449454559599
Z3_REPAIR_STRUCTURE,61003,repair,duplicate_encoding|IMAGE_CUE_FRESH,61002_t32,61004_t96,0.08308725496226264,0.0004921567421413697,0.08292449454559599
Z3_REPAIR_STRUCTURE,61003,repair,duplicate_encoding|IMAGE_CUE_FRESH,61002_t96,61004_t32,0.08333333333333333,0.0,0.08333333333333333
Z3_REPAIR_STRUCTURE,61003,repair,duplicate_encoding|IMAGE_CUE_FRESH,61002_t96,61004_t96,0.08333333333333333,0.0,0.08333333333333333
Z3_REPAIR_STRUCTURE,61003,repair,duplicate_encoding|IMAGE_CUE_FRESH,61004_t32,61004_t96,0.08333333333333333,0.0,0.08333333333333333
Z3_REPAIR_STRUCTURE,61003,repair,duplicate_encoding|SYMBOLIC_FRESH,61001_t32,61001_t96,0.08000873115164057,0.006649204363385508,0.07795050219330982
Z3_REPAIR_STRUCTURE,61003,repair,duplicate_encoding|SYMBOLIC_FRESH,61001_t32,61002_t32,0.08127313723930658,0.00412039218805349,0.07367653002920706
Z3_REPAIR_STRUCTURE,61003,repair,duplicate_encoding|SYMBOLIC_FRESH,61001_t32,61002_t96,0.08000873115164057,0.006649204363385508,0.07795050219330982
Z3_REPAIR_STRUCTURE,61003,repair,duplicate_encoding|SYMBOLIC_FRESH,61001_t32,61004_t32,0.0817033321403309,0.003260002386004851,0.07153581806831855
Z3_REPAIR_STRUCTURE,61003,repair,duplicate_encoding|SYMBOLIC_FRESH,61001_t32,61004_t96,0.08000873115164057,0.006649204363385508,0.07795050219330982
Z3_REPAIR_STRUCTURE,61003,repair,duplicate_encoding|SYMBOLIC_FRESH,61001_t96,61002_t32,0.08056158175340593,0.005543503159854801,0.07867219429156704
Z3_REPAIR_STRUCTURE,61003,repair,duplicate_encoding|SYMBOLIC_FRESH,61001_t96,61002_t96,0.08333333333333333,0.0,0.08333333333333333
Z3_REPAIR_STRUCTURE,61003,repair,duplicate_encoding|SYMBOLIC_FRESH,61001_t96,61004_t32,0.07881446452316844,0.009037737620329778,0.07635398725649659
Z3_REPAIR_STRUCTURE,61003,repair,duplicate_encoding|SYMBOLIC_FRESH,61001_t96,61004_t96,0.08333333333333333,0.0,0.08333333333333333
Z3_REPAIR_STRUCTURE,61003,repair,duplicate_encoding|SYMBOLIC_FRESH,61002_t32,61002_t96,0.08056158175340593,0.005543503159854801,0.07867219429156704
Z3_REPAIR_STRUCTURE,61003,repair,duplicate_encoding|SYMBOLIC_FRESH,61002_t32,61004_t32,0.08065211412644925,0.005362438413768156,0.0722290970702996
Z3_REPAIR_STRUCTURE,61003,repair,duplicate_encoding|SYMBOLIC_FRESH,61002_t32,61004_t96,0.08056158175340593,0.005543503159854801,0.07867219429156704
Z3_REPAIR_STRUCTURE,61003,repair,duplicate_encoding|SYMBOLIC_FRESH,61002_t96,61004_t32,0.07881446452316844,0.009037737620329778,0.07635398725649659
Z3_REPAIR_STRUCTURE,61003,repair,duplicate_encoding|SYMBOLIC_FRESH,61002_t96,61004_t96,0.08333333333333333,0.0,0.08333333333333333
Z3_REPAIR_STRUCTURE,61003,repair,duplicate_encoding|SYMBOLIC_FRESH,61004_t32,61004_t96,0.07881446452316844,0.009037737620329778,0.07635398725649659
Z3_REPAIR_STRUCTURE,61003,repair,trend|IMAGE_CUE_FRESH,61001_t32,61001_t96,0.08053702587774854,0.00559261491116958,0.07918123185294035
Z3_REPAIR_STRUCTURE,61003,repair,trend|IMAGE_CUE_FRESH,61001_t32,61002_t32,0.081226209509943,0.004214247646780661,0.07387568082800275
Z3_REPAIR_STRUCTURE,61003,repair,trend|IMAGE_CUE_FRESH,61001_t32,61002_t96,0.08045673620135076,0.0057531942639651446,0.07905012035552181
Z3_REPAIR_STRUCTURE,61003,repair,trend|IMAGE_CUE_FRESH,61001_t32,61004_t32,0.081344970469106,0.003976725728454644,0.0736412973123904
Z3_REPAIR_STRUCTURE,61003,repair,trend|IMAGE_CUE_FRESH,61001_t32,61004_t96,0.08053702587774854,0.00559261491116958,0.07918123185294035
Z3_REPAIR_STRUCTURE,61003,repair,trend|IMAGE_CUE_FRESH,61001_t96,61002_t32,0.07932232288124282,0.008022020904181026,0.07752914577693362
Z3_REPAIR_STRUCTURE,61003,repair,trend|IMAGE_CUE_FRESH,61001_t96,61002_t96,0.0832513072096431,0.00016405224738044732,0.08319705373742088
Z3_REPAIR_STRUCTURE,61003,repair,trend|IMAGE_CUE_FRESH,61001_t96,61004_t32,0.07929637449518873,0.008073917676289205,0.07718087832880566
Z3_REPAIR_STRUCTURE,61003,repair,trend|IMAGE_CUE_FRESH,61001_t96,61004_t96,0.08333333333333333,0.0,0.08333333333333333
Z3_REPAIR_STRUCTURE,61003,repair,trend|IMAGE_CUE_FRESH,61002_t32,61002_t96,0.07944716576286383,0.007772335140939002,0.0774034402273305
Z3_REPAIR_STRUCTURE,61003,repair,trend|IMAGE_CUE_FRESH,61002_t32,61004_t32,0.08151352417689565,0.003639618312875348,0.07226118074782979
Z3_REPAIR_STRUCTURE,61003,repair,trend|IMAGE_CUE_FRESH,61002_t32,61004_t96,0.07932232288124282,0.008022020904181026,0.07752914577693362
Z3_REPAIR_STRUCTURE,61003,repair,trend|IMAGE_CUE_FRESH,61002_t96,61004_t32,0.07921520959197437,0.008236247482717923,0.07704716883094595
Z3_REPAIR_STRUCTURE,61003,repair,trend|IMAGE_CUE_FRESH,61002_t96,61004_t96,0.0832513072096431,0.00016405224738044732,0.08319705373742088
Z3_REPAIR_STRUCTURE,61003,repair,trend|IMAGE_CUE_FRESH,61004_t32,61004_t96,0.07929637449518873,0.008073917676289205,0.07718087832880566
Z3_REPAIR_STRUCTURE,61003,repair,trend|SYMBOLIC_FRESH,61001_t32,61001_t96,0.05683519708880903,0.052996272489048604,0.029286578970796777
Z3_REPAIR_STRUCTURE,61003,repair,trend|SYMBOLIC_FRESH,61001_t32,61002_t32,0.07861571395860938,0.009435238749447905,0.016207397589292655
Z3_REPAIR_STRUCTURE,61003,repair,trend|SYMBOLIC_FRESH,61001_t32,61002_t96,0.05852076660915997,0.04962513344834672,0.029345203311071967
Z3_REPAIR_STRUCTURE,61003,repair,trend|SYMBOLIC_FRESH,61001_t32,61004_t32,0.07897810653499998,0.008710453596666695,0.018984242145811684
Z3_REPAIR_STRUCTURE,61003,repair,trend|SYMBOLIC_FRESH,61001_t32,61004_t96,0.05482242580610453,0.057021815054457595,0.029389957002011562
Z3_REPAIR_STRUCTURE,61003,repair,trend|SYMBOLIC_FRESH,61001_t96,61002_t32,0.048713880258434275,0.06923890614979811,0.024244434223843245
Z3_REPAIR_STRUCTURE,61003,repair,trend|SYMBOLIC_FRESH,61001_t96,61002_t96,0.07638388142927893,0.013898903808108792,0.048116702874762114
Z3_REPAIR_STRUCTURE,61003,repair,trend|SYMBOLIC_FRESH,61001_t96,61004_t32,0.056050400259830574,0.05456586614700551,0.02939701549272572
Z3_REPAIR_STRUCTURE,61003,repair,trend|SYMBOLIC_FRESH,61001_t96,61004_t96,0.07889208427335398,0.008882498119958698,0.04822784973378727
Z3_REPAIR_STRUCTURE,61003,repair,trend|SYMBOLIC_FRESH,61002_t32,61002_t96,0.051815412354657406,0.06303584195735185,0.024269701347116233
Z3_REPAIR_STRUCTURE,61003,repair,trend|SYMBOLIC_FRESH,61002_t32,61004_t32,0.0786117108035419,0.009443245059582855,0.016696937240840103
Z3_REPAIR_STRUCTURE,61003,repair,trend|SYMBOLIC_FRESH,61002_t32,61004_t96,0.04668515635487385,0.07329635395691896,0.024301346985462744
Z3_REPAIR_STRUCTURE,61003,repair,trend|SYMBOLIC_FRESH,61002_t96,61004_t32,0.057806868586423636,0.051052929493819385,0.02943201179161162
Z3_REPAIR_STRUCTURE,61003,repair,trend|SYMBOLIC_FRESH,61002_t96,61004_t96,0.07894032964763667,0.008786007371393317,0.04828122792224535
Z3_REPAIR_STRUCTURE,61003,repair,trend|SYMBOLIC_FRESH,61004_t32,61004_t96,0.053564166105301056,0.059538334456064546,0.029497375933983147
Z3_REPAIR_STRUCTURE,61003,repair_history,cross_series|IMAGE_CUE_FRESH,61001_t32,61001_t96,0.0,0.02906307759527639,
Z3_REPAIR_STRUCTURE,61003,repair_history,cross_series|IMAGE_CUE_FRESH,61001_t32,61002_t32,0.0010095715179706088,0.053697398942906566,
Z3_REPAIR_STRUCTURE,61003,repair_history,cross_series|IMAGE_CUE_FRESH,61001_t32,61002_t96,0.0,0.02906307759527639,
Z3_REPAIR_STRUCTURE,61003,repair_history,cross_series|IMAGE_CUE_FRESH,61001_t32,61004_t32,-0.0006543858298708897,0.044792503720631545,
Z3_REPAIR_STRUCTURE,61003,repair_history,cross_series|IMAGE_CUE_FRESH,61001_t32,61004_t96,0.0,0.02906307759527639,
Z3_REPAIR_STRUCTURE,61003,repair_history,cross_series|IMAGE_CUE_FRESH,61001_t96,61002_t32,0.0,0.02665346438357139,
Z3_REPAIR_STRUCTURE,61003,repair_history,cross_series|IMAGE_CUE_FRESH,61001_t96,61002_t96,0.0,0.0,
Z3_REPAIR_STRUCTURE,61003,repair_history,cross_series|IMAGE_CUE_FRESH,61001_t96,61004_t32,0.0,0.014420654465613372,
Z3_REPAIR_STRUCTURE,61003,repair_history,cross_series|IMAGE_CUE_FRESH,61001_t96,61004_t96,0.0,0.0,
Z3_REPAIR_STRUCTURE,61003,repair_history,cross_series|IMAGE_CUE_FRESH,61002_t32,61002_t96,0.0,0.02665346438357139,
Z3_REPAIR_STRUCTURE,61003,repair_history,cross_series|IMAGE_CUE_FRESH,61002_t32,61004_t32,-0.0007547594234487644,0.04258363769608229,
Z3_REPAIR_STRUCTURE,61003,repair_history,cross_series|IMAGE_CUE_FRESH,61002_t32,61004_t96,0.0,0.02665346438357139,
Z3_REPAIR_STRUCTURE,61003,repair_history,cross_series|IMAGE_CUE_FRESH,61002_t96,61004_t32,0.0,0.014420654465613372,
Z3_REPAIR_STRUCTURE,61003,repair_history,cross_series|IMAGE_CUE_FRESH,61002_t96,61004_t96,0.0,0.0,
Z3_REPAIR_STRUCTURE,61003,repair_history,cross_series|IMAGE_CUE_FRESH,61004_t32,61004_t96,0.0,0.014420654465613372,
Z3_REPAIR_STRUCTURE,61003,repair_history,cross_series|SYMBOLIC_FRESH,61001_t32,61001_t96,0.0017920536148363238,0.08177223378751278,
Z3_REPAIR_STRUCTURE,61003,repair_history,cross_series|SYMBOLIC_FRESH,61001_t32,61002_t32,0.0026401342946633603,0.1084095268391676,
Z3_REPAIR_STRUCTURE,61003,repair_history,cross_series|SYMBOLIC_FRESH,61001_t32,61002_t96,-0.003392071970165333,0.08059325501343556,
Z3_REPAIR_STRUCTURE,61003,repair_history,cross_series|SYMBOLIC_FRESH,61001_t32,61004_t32,-0.007416073352783595,0.1397507881346356,
Z3_REPAIR_STRUCTURE,61003,repair_history,cross_series|SYMBOLIC_FRESH,61001_t32,61004_t96,-0.005225917317332362,0.09103997679730977,
Z3_REPAIR_STRUCTURE,61003,repair_history,cross_series|SYMBOLIC_FRESH,61001_t96,61002_t32,0.002895560191110007,0.06722740928540283,
Z3_REPAIR_STRUCTURE,61003,repair_history,cross_series|SYMBOLIC_FRESH,61001_t96,61002_t96,-0.0027303837633939395,0.038598612839021315,
Z3_REPAIR_STRUCTURE,61003,repair_history,cross_series|SYMBOLIC_FRESH,61001_t96,61004_t32,0.0014431322134099585,0.08136111124137704,
Z3_REPAIR_STRUCTURE,61003,repair_history,cross_series|SYMBOLIC_FRESH,61001_t96,61004_t96,-0.004401041292615044,0.04871895898700365,
Z3_REPAIR_STRUCTURE,61003,repair_history,cross_series|SYMBOLIC_FRESH,61002_t32,61002_t96,0.0006809777043386865,0.060109344314864956,
Z3_REPAIR_STRUCTURE,61003,repair_history,cross_series|SYMBOLIC_FRESH,61002_t32,61004_t32,0.0025407000489570866,0.10749942998159169,
Z3_REPAIR_STRUCTURE,61003,repair_history,cross_series|SYMBOLIC_FRESH,61002_t32,61004_t96,-0.0026630057673873563,0.07357634234785719,
Z3_REPAIR_STRUCTURE,61003,repair_history,cross_series|SYMBOLIC_FRESH,61002_t96,61004_t32,-0.0014522255352804405,0.07560459679467732,
Z3_REPAIR_STRUCTURE,61003,repair_history,cross_series|SYMBOLIC_FRESH,61002_t96,61004_t96,0.004377124938250128,0.019615396581192792,
Z3_REPAIR_STRUCTURE,61003,repair_history,cross_series|SYMBOLIC_FRESH,61004_t32,61004_t96,0.0010630304401617542,0.07735311593333306,
Z3_REPAIR_STRUCTURE,61003,repair_history,duplicate_encoding|IMAGE_CUE_FRESH,61001_t32,61001_t96,0.0,0.006924400062967788,
Z3_REPAIR_STRUCTURE,61003,repair_history,duplicate_encoding|IMAGE_CUE_FRESH,61001_t32,61002_t32,0.0014200510858269403,0.011614019727901442,
Z3_REPAIR_STRUCTURE,61003,repair_history,duplicate_encoding|IMAGE_CUE_FRESH,61001_t32,61002_t96,0.0,0.006924400062967788,
Z3_REPAIR_STRUCTURE,61003,repair_history,duplicate_encoding|IMAGE_CUE_FRESH,61001_t32,61004_t32,0.0009617801350097797,0.008131858779455667,
Z3_REPAIR_STRUCTURE,61003,repair_history,duplicate_encoding|IMAGE_CUE_FRESH,61001_t32,61004_t96,0.0,0.006924400062967788,
Z3_REPAIR_STRUCTURE,61003,repair_history,duplicate_encoding|IMAGE_CUE_FRESH,61001_t96,61002_t32,0.0,0.007529721836587536,
Z3_REPAIR_STRUCTURE,61003,repair_history,duplicate_encoding|IMAGE_CUE_FRESH,61001_t96,61002_t96,0.0,0.0,
Z3_REPAIR_STRUCTURE,61003,repair_history,duplicate_encoding|IMAGE_CUE_FRESH,61001_t96,61004_t32,0.0,0.003131018986507439,
Z3_REPAIR_STRUCTURE,61003,repair_history,duplicate_encoding|IMAGE_CUE_FRESH,61001_t96,61004_t96,0.0,0.0,
Z3_REPAIR_STRUCTURE,61003,repair_history,duplicate_encoding|IMAGE_CUE_FRESH,61002_t32,61002_t96,0.0,0.007529721836587536,
Z3_REPAIR_STRUCTURE,61003,repair_history,duplicate_encoding|IMAGE_CUE_FRESH,61002_t32,61004_t32,9.982386565777498e-06,0.01064077604996342,
Z3_REPAIR_STRUCTURE,61003,repair_history,duplicate_encoding|IMAGE_CUE_FRESH,61002_t32,61004_t96,0.0,0.007529721836587536,
Z3_REPAIR_STRUCTURE,61003,repair_history,duplicate_encoding|IMAGE_CUE_FRESH,61002_t96,61004_t32,0.0,0.003131018986507439,
Z3_REPAIR_STRUCTURE,61003,repair_history,duplicate_encoding|IMAGE_CUE_FRESH,61002_t96,61004_t96,0.0,0.0,
Z3_REPAIR_STRUCTURE,61003,repair_history,duplicate_encoding|IMAGE_CUE_FRESH,61004_t32,61004_t96,0.0,0.003131018986507439,
Z3_REPAIR_STRUCTURE,61003,repair_history,duplicate_encoding|SYMBOLIC_FRESH,61001_t32,61001_t96,0.0,0.0344599984672432,
Z3_REPAIR_STRUCTURE,61003,repair_history,duplicate_encoding|SYMBOLIC_FRESH,61001_t32,61002_t32,0.010188885943372895,0.049918200444983615,
Z3_REPAIR_STRUCTURE,61003,repair_history,duplicate_encoding|SYMBOLIC_FRESH,61001_t32,61002_t96,0.0,0.0344599984672432,
Z3_REPAIR_STRUCTURE,61003,repair_history,duplicate_encoding|SYMBOLIC_FRESH,61001_t32,61004_t32,0.0028276773804793136,0.06769338443847064,
Z3_REPAIR_STRUCTURE,61003,repair_history,duplicate_encoding|SYMBOLIC_FRESH,61001_t32,61004_t96,0.0,0.0344599984672432,
Z3_REPAIR_STRUCTURE,61003,repair_history,duplicate_encoding|SYMBOLIC_FRESH,61001_t96,61002_t32,0.0,0.035835973864486205,
Z3_REPAIR_STRUCTURE,61003,repair_history,duplicate_encoding|SYMBOLIC_FRESH,61001_t96,61002_t96,0.0,0.0,
Z3_REPAIR_STRUCTURE,61003,repair_history,duplicate_encoding|SYMBOLIC_FRESH,61001_t96,61004_t32,0.0,0.03888874073218607,
Z3_REPAIR_STRUCTURE,61003,repair_history,duplicate_encoding|SYMBOLIC_FRESH,61001_t96,61004_t96,0.0,0.0,
Z3_REPAIR_STRUCTURE,61003,repair_history,duplicate_encoding|SYMBOLIC_FRESH,61002_t32,61002_t96,0.0,0.035835973864486205,
Z3_REPAIR_STRUCTURE,61003,repair_history,duplicate_encoding|SYMBOLIC_FRESH,61002_t32,61004_t32,-0.0015220492544053227,0.0777688131054829,
Z3_REPAIR_STRUCTURE,61003,repair_history,duplicate_encoding|SYMBOLIC_FRESH,61002_t32,61004_t96,0.0,0.035835973864486205,
Z3_REPAIR_STRUCTURE,61003,repair_history,duplicate_encoding|SYMBOLIC_FRESH,61002_t96,61004_t32,0.0,0.03888874073218607,
Z3_REPAIR_STRUCTURE,61003,repair_history,duplicate_encoding|SYMBOLIC_FRESH,61002_t96,61004_t96,0.0,0.0,
Z3_REPAIR_STRUCTURE,61003,repair_history,duplicate_encoding|SYMBOLIC_FRESH,61004_t32,61004_t96,0.0,0.03888874073218607,
Z3_REPAIR_STRUCTURE,61003,repair_history,trend|IMAGE_CUE_FRESH,61001_t32,61001_t96,0.0,0.04061695692909645,
Z3_REPAIR_STRUCTURE,61003,repair_history,trend|IMAGE_CUE_FRESH,61001_t32,61002_t32,0.0031391872399548866,0.07054157486137343,
Z3_REPAIR_STRUCTURE,61003,repair_history,trend|IMAGE_CUE_FRESH,61001_t32,61002_t96,-0.0010783774129016785,0.04371301745085204,
Z3_REPAIR_STRUCTURE,61003,repair_history,trend|IMAGE_CUE_FRESH,61001_t32,61004_t32,-0.00027858133843044157,0.06272954768565034,
Z3_REPAIR_STRUCTURE,61003,repair_history,trend|IMAGE_CUE_FRESH,61001_t32,61004_t96,0.0,0.04061695692909645,
Z3_REPAIR_STRUCTURE,61003,repair_history,trend|IMAGE_CUE_FRESH,61001_t96,61002_t32,0.0,0.03620299241218675,
Z3_REPAIR_STRUCTURE,61003,repair_history,trend|IMAGE_CUE_FRESH,61001_t96,61002_t96,0.0,0.0009393056959522318,
Z3_REPAIR_STRUCTURE,61003,repair_history,trend|IMAGE_CUE_FRESH,61001_t96,61004_t32,0.0,0.021555428079693007,
Z3_REPAIR_STRUCTURE,61003,repair_history,trend|IMAGE_CUE_FRESH,61001_t96,61004_t96,0.0,0.0,
Z3_REPAIR_STRUCTURE,61003,repair_history,trend|IMAGE_CUE_FRESH,61002_t32,61002_t96,0.0008688920298194653,0.035404514048500056,
Z3_REPAIR_STRUCTURE,61003,repair_history,trend|IMAGE_CUE_FRESH,61002_t32,61004_t32,0.001075208285564054,0.05560800392075166,
Z3_REPAIR_STRUCTURE,61003,repair_history,trend|IMAGE_CUE_FRESH,61002_t32,61004_t96,0.0,0.03620299241218675,
Z3_REPAIR_STRUCTURE,61003,repair_history,trend|IMAGE_CUE_FRESH,61002_t96,61004_t32,0.0,0.02249473377564524,
Z3_REPAIR_STRUCTURE,61003,repair_history,trend|IMAGE_CUE_FRESH,61002_t96,61004_t96,0.0,0.0009393056959522318,
Z3_REPAIR_STRUCTURE,61003,repair_history,trend|IMAGE_CUE_FRESH,61004_t32,61004_t96,0.0,0.021555428079693007,
Z3_REPAIR_STRUCTURE,61003,repair_history,trend|SYMBOLIC_FRESH,61001_t32,61001_t96,-0.0026952661063707807,0.08066132377633538,
Z3_REPAIR_STRUCTURE,61003,repair_history,trend|SYMBOLIC_FRESH,61001_t32,61002_t32,0.011963738903641316,0.09677756322636631,
Z3_REPAIR_STRUCTURE,61003,repair_history,trend|SYMBOLIC_FRESH,61001_t32,61002_t96,-0.00010475147670863302,0.06681875262037795,
Z3_REPAIR_STRUCTURE,61003,repair_history,trend|SYMBOLIC_FRESH,61001_t32,61004_t32,0.0076797426439513,0.09806951437406355,
Z3_REPAIR_STRUCTURE,61003,repair_history,trend|SYMBOLIC_FRESH,61001_t32,61004_t96,-0.0001804392217429482,0.07998294544097093,
Z3_REPAIR_STRUCTURE,61003,repair_history,trend|SYMBOLIC_FRESH,61001_t96,61002_t32,0.00010795941222809552,0.08167756377808318,
Z3_REPAIR_STRUCTURE,61003,repair_history,trend|SYMBOLIC_FRESH,61001_t96,61002_t96,0.0008646669478902037,0.026068357340070722,
Z3_REPAIR_STRUCTURE,61003,repair_history,trend|SYMBOLIC_FRESH,61001_t96,61004_t32,-0.0028756056399690264,0.08036865251079463,
Z3_REPAIR_STRUCTURE,61003,repair_history,trend|SYMBOLIC_FRESH,61001_t96,61004_t96,-0.003318972276365185,0.04744845311910583,
Z3_REPAIR_STRUCTURE,61003,repair_history,trend|SYMBOLIC_FRESH,61002_t32,61002_t96,0.002436315344175245,0.06835931001755578,
Z3_REPAIR_STRUCTURE,61003,repair_history,trend|SYMBOLIC_FRESH,61002_t32,61004_t32,0.013449464408361395,0.09315276188418892,
Z3_REPAIR_STRUCTURE,61003,repair_history,trend|SYMBOLIC_FRESH,61002_t32,61004_t96,-0.003882602821448657,0.09400996367932792,
Z3_REPAIR_STRUCTURE,61003,repair_history,trend|SYMBOLIC_FRESH,61002_t96,61004_t32,0.0016680634590866157,0.06261977241605024,
Z3_REPAIR_STRUCTURE,61003,repair_history,trend|SYMBOLIC_FRESH,61002_t96,61004_t96,-0.0002723515041522652,0.032693669678046884,
Z3_REPAIR_STRUCTURE,61003,repair_history,trend|SYMBOLIC_FRESH,61004_t32,61004_t96,0.0005096670055166394,0.07794938265371452,
Z2_REWARD_DISTRIBUTION,61004,current,cross_series|IMAGE_CUE_FRESH,61001_t32,61001_t96,0.16289369607036808,0.007545941192597161,0.16289369607036808
Z2_REWARD_DISTRIBUTION,61004,current,cross_series|IMAGE_CUE_FRESH,61001_t32,61002_t32,0.16173135869492225,0.009870615943488814,0.15438005039915959
Z2_REWARD_DISTRIBUTION,61004,current,cross_series|IMAGE_CUE_FRESH,61001_t32,61002_t96,0.16289369607036808,0.007545941192597161,0.16289369607036808
Z2_REWARD_DISTRIBUTION,61004,current,cross_series|IMAGE_CUE_FRESH,61001_t32,61003_t32,0.1632078905415188,0.006917552250295722,0.1592186773776485
Z2_REWARD_DISTRIBUTION,61004,current,cross_series|IMAGE_CUE_FRESH,61001_t32,61003_t96,0.16289369607036808,0.007545941192597161,0.16289369607036808
Z2_REWARD_DISTRIBUTION,61004,current,cross_series|IMAGE_CUE_FRESH,61001_t96,61002_t32,0.1577889730033163,0.017755387326700733,0.1577889730033163
Z2_REWARD_DISTRIBUTION,61004,current,cross_series|IMAGE_CUE_FRESH,61001_t96,61002_t96,0.16666666666666666,0.0,0.16666666666666666
Z2_REWARD_DISTRIBUTION,61004,current,cross_series|IMAGE_CUE_FRESH,61001_t96,61003_t32,0.1628043521835259,0.00772462896628151,0.1628043521835259
Z2_REWARD_DISTRIBUTION,61004,current,cross_series|IMAGE_CUE_FRESH,61001_t96,61003_t96,0.16666666666666666,0.0,0.16666666666666666
Z2_REWARD_DISTRIBUTION,61004,current,cross_series|IMAGE_CUE_FRESH,61002_t32,61002_t96,0.1577889730033163,0.017755387326700733,0.1577889730033163
Z2_REWARD_DISTRIBUTION,61004,current,cross_series|IMAGE_CUE_FRESH,61002_t32,61003_t32,0.16196433857667425,0.009404656179984816,0.15452086722283345
Z2_REWARD_DISTRIBUTION,61004,current,cross_series|IMAGE_CUE_FRESH,61002_t32,61003_t96,0.1577889730033163,0.017755387326700733,0.1577889730033163
Z2_REWARD_DISTRIBUTION,61004,current,cross_series|IMAGE_CUE_FRESH,61002_t96,61003_t32,0.1628043521835259,0.00772462896628151,0.1628043521835259
Z2_REWARD_DISTRIBUTION,61004,current,cross_series|IMAGE_CUE_FRESH,61002_t96,61003_t96,0.16666666666666666,0.0,0.16666666666666666
Z2_REWARD_DISTRIBUTION,61004,current,cross_series|IMAGE_CUE_FRESH,61003_t32,61003_t96,0.1628043521835259,0.00772462896628151,0.1628043521835259
Z2_REWARD_DISTRIBUTION,61004,current,cross_series|SYMBOLIC_FRESH,61001_t32,61001_t96,0.1258824056373747,0.08156852205858389,0.03721245601177856
Z2_REWARD_DISTRIBUTION,61004,current,cross_series|SYMBOLIC_FRESH,61001_t32,61002_t32,0.15536577000014354,0.02260179333304624,0.022515922366055884
Z2_REWARD_DISTRIBUTION,61004,current,cross_series|SYMBOLIC_FRESH,61001_t32,61002_t96,0.11935458249566432,0.09462416834200468,0.03729804690072039
Z2_REWARD_DISTRIBUTION,61004,current,cross_series|SYMBOLIC_FRESH,61001_t32,61003_t32,0.1568754490725363,0.019582435188260694,0.026589998883285892
Z2_REWARD_DISTRIBUTION,61004,current,cross_series|SYMBOLIC_FRESH,61001_t32,61003_t96,0.1189134701392204,0.0955063930548925,0.036869128274166114
Z2_REWARD_DISTRIBUTION,61004,current,cross_series|SYMBOLIC_FRESH,61001_t96,61002_t32,0.11907710645443288,0.09517912042446755,0.037041930803738854
Z2_REWARD_DISTRIBUTION,61004,current,cross_series|SYMBOLIC_FRESH,61001_t96,61002_t96,0.16133435022289108,0.010664632887551151,0.07138744091748958
Z2_REWARD_DISTRIBUTION,61004,current,cross_series|SYMBOLIC_FRESH,61001_t96,61003_t32,0.12895306591100383,0.07542720151132565,0.044585329016194566
Z2_REWARD_DISTRIBUTION,61004,current,cross_series|SYMBOLIC_FRESH,61001_t96,61003_t96,0.15837706475178728,0.01657920382975875,0.06978216395142867
Z2_REWARD_DISTRIBUTION,61004,current,cross_series|SYMBOLIC_FRESH,61002_t32,61002_t96,0.11340495659000664,0.10652342015332003,0.03726961521387491
Z2_REWARD_DISTRIBUTION,61004,current,cross_series|SYMBOLIC_FRESH,61002_t32,61003_t32,0.1569135371779882,0.019506258977356916,0.027671362400044572
Z2_REWARD_DISTRIBUTION,61004,current,cross_series|SYMBOLIC_FRESH,61002_t32,61003_t96,0.11437447615612024,0.10458438102109283,0.0366675966745521
Z2_REWARD_DISTRIBUTION,61004,current,cross_series|SYMBOLIC_FRESH,61002_t96,61003_t32,0.12282934017282135,0.08767465298769062,0.04490686802082181
Z2_REWARD_DISTRIBUTION,61004,current,cross_series|SYMBOLIC_FRESH,61002_t96,61003_t96,0.16210709197765025,0.00911914937803282,0.0706404205503407
Z2_REWARD_DISTRIBUTION,61004,current,cross_series|SYMBOLIC_FRESH,61003_t32,61003_t96,0.1239497824790265,0.08543376837528033,0.04419407765430901
Z2_REWARD_DISTRIBUTION,61004,current,duplicate_encoding|IMAGE_CUE_FRESH,61001_t32,61001_t96,0.16622919400698544,0.0008749453193624412,0.16622919400698544
Z2_REWARD_DISTRIBUTION,61004,current,duplicate_encoding|IMAGE_CUE_FRESH,61001_t32,61002_t32,0.16557298501746362,0.0021873632984060754,0.16557298501746362
Z2_REWARD_DISTRIBUTION,61004,current,duplicate_encoding|IMAGE_CUE_FRESH,61001_t32,61002_t96,0.16622919400698544,0.0008749453193624412,0.16622919400698544
Z2_REWARD_DISTRIBUTION,61004,current,duplicate_encoding|IMAGE_CUE_FRESH,61001_t32,61003_t32,0.16557642989936708,0.002180473534599159,0.16557642989936708
Z2_REWARD_DISTRIBUTION,61004,current,duplicate_encoding|IMAGE_CUE_FRESH,61001_t32,61003_t96,0.16622919400698544,0.0008749453193624412,0.16622919400698544
Z2_REWARD_DISTRIBUTION,61004,current,duplicate_encoding|IMAGE_CUE_FRESH,61001_t96,61002_t32,0.16601045767714484,0.0013124179790436341,0.16601045767714484
Z2_REWARD_DISTRIBUTION,61004,current,duplicate_encoding|IMAGE_CUE_FRESH,61001_t96,61002_t96,0.16666666666666666,0.0,0.16666666666666666
Z2_REWARD_DISTRIBUTION,61004,current,duplicate_encoding|IMAGE_CUE_FRESH,61001_t96,61003_t32,0.16601045767714484,0.0013124179790436341,0.16601045767714484
Z2_REWARD_DISTRIBUTION,61004,current,duplicate_encoding|IMAGE_CUE_FRESH,61001_t96,61003_t96,0.16666666666666666,0.0,0.16666666666666666
Z2_REWARD_DISTRIBUTION,61004,current,duplicate_encoding|IMAGE_CUE_FRESH,61002_t32,61002_t96,0.16601045767714484,0.0013124179790436341,0.16601045767714484
Z2_REWARD_DISTRIBUTION,61004,current,duplicate_encoding|IMAGE_CUE_FRESH,61002_t32,61003_t32,0.16535769356952645,0.002617946194280407,0.16535769356952645
Z2_REWARD_DISTRIBUTION,61004,current,duplicate_encoding|IMAGE_CUE_FRESH,61002_t32,61003_t96,0.16601045767714484,0.0013124179790436341,0.16601045767714484
Z2_REWARD_DISTRIBUTION,61004,current,duplicate_encoding|IMAGE_CUE_FRESH,61002_t96,61003_t32,0.16601045767714484,0.0013124179790436341,0.16601045767714484
Z2_REWARD_DISTRIBUTION,61004,current,duplicate_encoding|IMAGE_CUE_FRESH,61002_t96,61003_t96,0.16666666666666666,0.0,0.16666666666666666
Z2_REWARD_DISTRIBUTION,61004,current,duplicate_encoding|IMAGE_CUE_FRESH,61003_t32,61003_t96,0.16601045767714484,0.0013124179790436341,0.16601045767714484
Z2_REWARD_DISTRIBUTION,61004,current,duplicate_encoding|SYMBOLIC_FRESH,61001_t32,61001_t96,0.15791688325952677,0.017499566814279777,0.15791688325952677
Z2_REWARD_DISTRIBUTION,61004,current,duplicate_encoding|SYMBOLIC_FRESH,61001_t32,61002_t32,0.16294953441328483,0.007434264506763655,0.1509092699814751
Z2_REWARD_DISTRIBUTION,61004,current,duplicate_encoding|SYMBOLIC_FRESH,61001_t32,61002_t96,0.15791688325952677,0.017499566814279777,0.15791688325952677
Z2_REWARD_DISTRIBUTION,61004,current,duplicate_encoding|SYMBOLIC_FRESH,61001_t32,61003_t32,0.1617304800921863,0.009872373148960778,0.15248111778539636
Z2_REWARD_DISTRIBUTION,61004,current,duplicate_encoding|SYMBOLIC_FRESH,61001_t32,61003_t96,0.15791688325952677,0.017499566814279777,0.15791688325952677
Z2_REWARD_DISTRIBUTION,61004,current,duplicate_encoding|SYMBOLIC_FRESH,61001_t96,61002_t32,0.15916844269466854,0.014996447943996238,0.15916844269466854
Z2_REWARD_DISTRIBUTION,61004,current,duplicate_encoding|SYMBOLIC_FRESH,61001_t96,61002_t96,0.16666666666666666,0.0,0.16666666666666666
Z2_REWARD_DISTRIBUTION,61004,current,duplicate_encoding|SYMBOLIC_FRESH,61001_t96,61003_t32,0.16090317088452102,0.011526991564291322,0.16090317088452102
Z2_REWARD_DISTRIBUTION,61004,current,duplicate_encoding|SYMBOLIC_FRESH,61001_t96,61003_t96,0.16666666666666666,0.0,0.16666666666666666
Z2_REWARD_DISTRIBUTION,61004,current,duplicate_encoding|SYMBOLIC_FRESH,61002_t32,61002_t96,0.15916844269466854,0.014996447943996238,0.15916844269466854
Z2_REWARD_DISTRIBUTION,61004,current,duplicate_encoding|SYMBOLIC_FRESH,61002_t32,61003_t32,0.1614855512478653,0.010362230837602793,0.1536707407106075
Z2_REWARD_DISTRIBUTION,61004,current,duplicate_encoding|SYMBOLIC_FRESH,61002_t32,61003_t96,0.15916844269466854,0.014996447943996238,0.15916844269466854
Z2_REWARD_DISTRIBUTION,61004,current,duplicate_encoding|SYMBOLIC_FRESH,61002_t96,61003_t32,0.16090317088452102,0.011526991564291322,0.16090317088452102
Z2_REWARD_DISTRIBUTION,61004,current,duplicate_encoding|SYMBOLIC_FRESH,61002_t96,61003_t96,0.16666666666666666,0.0,0.16666666666666666
Z2_REWARD_DISTRIBUTION,61004,current,duplicate_encoding|SYMBOLIC_FRESH,61003_t32,61003_t96,0.16090317088452102,0.011526991564291322,0.16090317088452102
Z2_REWARD_DISTRIBUTION,61004,current,trend|IMAGE_CUE_FRESH,61001_t32,61001_t96,0.1596893249215997,0.013954683490133901,0.1596893249215997
Z2_REWARD_DISTRIBUTION,61004,current,trend|IMAGE_CUE_FRESH,61001_t32,61002_t32,0.16302868314713986,0.007275967039053588,0.1505119505912319
Z2_REWARD_DISTRIBUTION,61004,current,trend|IMAGE_CUE_FRESH,61001_t32,61002_t96,0.1599115621587067,0.013510209015919927,0.1594775343809289
Z2_REWARD_DISTRIBUTION,61004,current,trend|IMAGE_CUE_FRESH,61001_t32,61003_t32,0.16338432139521142,0.0065646905429104785,0.15363079169711621
Z2_REWARD_DISTRIBUTION,61004,current,trend|IMAGE_CUE_FRESH,61001_t32,61003_t96,0.1596893249215997,0.013954683490133901,0.1596893249215997
Z2_REWARD_DISTRIBUTION,61004,current,trend|IMAGE_CUE_FRESH,61001_t96,61002_t32,0.15679823921000574,0.019736854913321833,0.15679823921000574
Z2_REWARD_DISTRIBUTION,61004,current,trend|IMAGE_CUE_FRESH,61001_t96,61002_t96,0.16644793033682606,0.00043747265968119287,0.16644793033682606
Z2_REWARD_DISTRIBUTION,61004,current,trend|IMAGE_CUE_FRESH,61001_t96,61003_t32,0.16011999041952044,0.013093352494292443,0.16011999041952044
Z2_REWARD_DISTRIBUTION,61004,current,trend|IMAGE_CUE_FRESH,61001_t96,61003_t96,0.16666666666666666,0.0,0.16666666666666666
Z2_REWARD_DISTRIBUTION,61004,current,trend|IMAGE_CUE_FRESH,61002_t32,61002_t96,0.1573453882719371,0.01864255678945914,0.15659363010892977
Z2_REWARD_DISTRIBUTION,61004,current,trend|IMAGE_CUE_FRESH,61002_t32,61003_t32,0.1616346546402378,0.010064024052857723,0.15093574925426356
Z2_REWARD_DISTRIBUTION,61004,current,trend|IMAGE_CUE_FRESH,61002_t32,61003_t96,0.15679823921000574,0.019736854913321833,0.15679823921000574
Z2_REWARD_DISTRIBUTION,61004,current,trend|IMAGE_CUE_FRESH,61002_t96,61003_t32,0.15990469897158327,0.013523935390166775,0.15990469897158327
Z2_REWARD_DISTRIBUTION,61004,current,trend|IMAGE_CUE_FRESH,61002_t96,61003_t96,0.16644793033682606,0.00043747265968119287,0.16644793033682606
Z2_REWARD_DISTRIBUTION,61004,current,trend|IMAGE_CUE_FRESH,61003_t32,61003_t96,0.16011999041952044,0.013093352494292443,0.16011999041952044
Z2_REWARD_DISTRIBUTION,61004,current,trend|SYMBOLIC_FRESH,61001_t32,61001_t96,0.1129095629884767,0.10751420735637993,0.0595751193380144
Z2_REWARD_DISTRIBUTION,61004,current,trend|SYMBOLIC_FRESH,61001_t32,61002_t32,0.15903460586405258,0.015264121605228165,0.03352523003824816
Z2_REWARD_DISTRIBUTION,61004,current,trend|SYMBOLIC_FRESH,61001_t32,61002_t96,0.11578854735336765,0.10175623862659802,0.059642724511259404
Z2_REWARD_DISTRIBUTION,61004,current,trend|SYMBOLIC_FRESH,61001_t32,61003_t32,0.15779341497769728,0.01774650337793876,0.0437135313011709
Z2_REWARD_DISTRIBUTION,61004,current,trend|SYMBOLIC_FRESH,61001_t32,61003_t96,0.1166512883077702,0.1000307567177929,0.05948493555887556
Z2_REWARD_DISTRIBUTION,61004,current,trend|SYMBOLIC_FRESH,61001_t96,61002_t32,0.09815053958992404,0.13703225415348524,0.04917632709197494
Z2_REWARD_DISTRIBUTION,61004,current,trend|SYMBOLIC_FRESH,61001_t96,61002_t96,0.14931354658026724,0.03470624017279883,0.09634016212644039
Z2_REWARD_DISTRIBUTION,61004,current,trend|SYMBOLIC_FRESH,61001_t96,61003_t32,0.12026733793534958,0.09279865746263416,0.06714678953459309
Z2_REWARD_DISTRIBUTION,61004,current,trend|SYMBOLIC_FRESH,61001_t96,61003_t96,0.16323709146831297,0.00685915039670737,0.09612837158576959
Z2_REWARD_DISTRIBUTION,61004,current,trend|SYMBOLIC_FRESH,61002_t32,61002_t96,0.10396308301026042,0.12540716731281248,0.04919721743843929
Z2_REWARD_DISTRIBUTION,61004,current,trend|SYMBOLIC_FRESH,61002_t32,61003_t32,0.15508154726521328,0.02317023880290675,0.0382477293227533
Z2_REWARD_DISTRIBUTION,61004,current,trend|SYMBOLIC_FRESH,61002_t32,61003_t96,0.10074956355428849,0.13183420622475633,0.04909899212091387
Z2_REWARD_DISTRIBUTION,61004,current,trend|SYMBOLIC_FRESH,61002_t96,61003_t32,0.12485010007849527,0.08363313317634277,0.06719196019964864
Z2_REWARD_DISTRIBUTION,61004,current,trend|SYMBOLIC_FRESH,61002_t96,61003_t96,0.15578327746491888,0.021766778403495557,0.09612142579659978
Z2_REWARD_DISTRIBUTION,61004,current,trend|SYMBOLIC_FRESH,61003_t32,61003_t96,0.12275872852816117,0.08781587627701098,0.0670733079846409
Z2_REWARD_DISTRIBUTION,61004,history,cross_series|IMAGE_CUE_FRESH,61001_t32,61001_t96,0.0,0.07594286723581088,
Z2_REWARD_DISTRIBUTION,61004,history,cross_series|IMAGE_CUE_FRESH,61001_t32,61002_t32,-0.012561290921974154,0.15907652321182725,
Z2_REWARD_DISTRIBUTION,61004,history,cross_series|IMAGE_CUE_FRESH,61001_t32,61002_t96,0.0,0.07594286723581088,
Z2_REWARD_DISTRIBUTION,61004,history,cross_series|IMAGE_CUE_FRESH,61001_t32,61003_t32,-0.0012014384613595888,0.11325668702961994,
Z2_REWARD_DISTRIBUTION,61004,history,cross_series|IMAGE_CUE_FRESH,61001_t32,61003_t96,0.0,0.07594286723581088,
Z2_REWARD_DISTRIBUTION,61004,history,cross_series|IMAGE_CUE_FRESH,61001_t96,61002_t32,0.0,0.058011074132068054,
Z2_REWARD_DISTRIBUTION,61004,history,cross_series|IMAGE_CUE_FRESH,61001_t96,61002_t96,0.0,0.0,
Z2_REWARD_DISTRIBUTION,61004,history,cross_series|IMAGE_CUE_FRESH,61001_t96,61003_t32,0.0,0.03491094287108989,
Z2_REWARD_DISTRIBUTION,61004,history,cross_series|IMAGE_CUE_FRESH,61001_t96,61003_t96,0.0,0.0,
Z2_REWARD_DISTRIBUTION,61004,history,cross_series|IMAGE_CUE_FRESH,61002_t32,61002_t96,0.0,0.058011074132068054,
Z2_REWARD_DISTRIBUTION,61004,history,cross_series|IMAGE_CUE_FRESH,61002_t32,61003_t32,0.01610195972533963,0.06071809755247868,
Z2_REWARD_DISTRIBUTION,61004,history,cross_series|IMAGE_CUE_FRESH,61002_t32,61003_t96,0.0,0.058011074132068054,
Z2_REWARD_DISTRIBUTION,61004,history,cross_series|IMAGE_CUE_FRESH,61002_t96,61003_t32,0.0,0.03491094287108989,
Z2_REWARD_DISTRIBUTION,61004,history,cross_series|IMAGE_CUE_FRESH,61002_t96,61003_t96,0.0,0.0,
Z2_REWARD_DISTRIBUTION,61004,history,cross_series|IMAGE_CUE_FRESH,61003_t32,61003_t96,0.0,0.03491094287108989,
Z2_REWARD_DISTRIBUTION,61004,history,cross_series|SYMBOLIC_FRESH,61001_t32,61001_t96,-0.0004624579486595646,0.154999506137274,
Z2_REWARD_DISTRIBUTION,61004,history,cross_series|SYMBOLIC_FRESH,61001_t32,61002_t32,0.001871249845645513,0.20365147618264012,
Z2_REWARD_DISTRIBUTION,61004,history,cross_series|SYMBOLIC_FRESH,61001_t32,61002_t96,-0.006675441253220354,0.15883397017401932,
Z2_REWARD_DISTRIBUTION,61004,history,cross_series|SYMBOLIC_FRESH,61001_t32,61003_t32,0.0135670009998671,0.204996796268045,
Z2_REWARD_DISTRIBUTION,61004,history,cross_series|SYMBOLIC_FRESH,61001_t32,61003_t96,-0.0035893712392830596,0.15113720366724942,
Z2_REWARD_DISTRIBUTION,61004,history,cross_series|SYMBOLIC_FRESH,61001_t96,61002_t32,0.0028727070960530452,0.11227954389300844,
Z2_REWARD_DISTRIBUTION,61004,history,cross_series|SYMBOLIC_FRESH,61001_t96,61002_t96,-0.0056740033764732705,0.06746207663170851,
Z2_REWARD_DISTRIBUTION,61004,history,cross_series|SYMBOLIC_FRESH,61001_t96,61003_t32,0.003501335179904814,0.13575911011915298,
Z2_REWARD_DISTRIBUTION,61004,history,cross_series|SYMBOLIC_FRESH,61001_t96,61003_t96,-0.0013787659749720416,0.057346975349810744,
Z2_REWARD_DISTRIBUTION,61004,history,cross_series|SYMBOLIC_FRESH,61002_t32,61002_t96,-9.314431392182907e-05,0.10961974414058193,
Z2_REWARD_DISTRIBUTION,61004,history,cross_series|SYMBOLIC_FRESH,61002_t32,61003_t32,0.022337410964530895,0.1514063441838771,
Z2_REWARD_DISTRIBUTION,61004,history,cross_series|SYMBOLIC_FRESH,61002_t32,61003_t96,-0.0023390087174141854,0.11258684646867134,
Z2_REWARD_DISTRIBUTION,61004,history,cross_series|SYMBOLIC_FRESH,61002_t96,61003_t32,-0.010347232593085048,0.1548647430927564,
Z2_REWARD_DISTRIBUTION,61004,history,cross_series|SYMBOLIC_FRESH,61002_t96,61003_t96,0.008972283851973272,0.02805337312354386,
Z2_REWARD_DISTRIBUTION,61004,history,cross_series|SYMBOLIC_FRESH,61003_t32,61003_t96,-0.0037496028858214803,0.14014485719933398,
Z2_REWARD_DISTRIBUTION,61004,history,duplicate_encoding|IMAGE_CUE_FRESH,61001_t32,61001_t96,0.0,0.01695643911374286,
Z2_REWARD_DISTRIBUTION,61004,history,duplicate_encoding|IMAGE_CUE_FRESH,61001_t32,61002_t32,0.004889184158632394,0.0264596018971334,
Z2_REWARD_DISTRIBUTION,61004,history,duplicate_encoding|IMAGE_CUE_FRESH,61001_t32,61002_t96,0.0,0.01695643911374286,
Z2_REWARD_DISTRIBUTION,61004,history,duplicate_encoding|IMAGE_CUE_FRESH,61001_t32,61003_t32,0.0024646339538192427,0.031347820598462015,
Z2_REWARD_DISTRIBUTION,61004,history,duplicate_encoding|IMAGE_CUE_FRESH,61001_t32,61003_t96,0.0,0.01695643911374286,
Z2_REWARD_DISTRIBUTION,61004,history,duplicate_encoding|IMAGE_CUE_FRESH,61001_t96,61002_t32,0.0,0.01928153110065533,
Z2_REWARD_DISTRIBUTION,61004,history,duplicate_encoding|IMAGE_CUE_FRESH,61001_t96,61002_t96,0.0,0.0,
Z2_REWARD_DISTRIBUTION,61004,history,duplicate_encoding|IMAGE_CUE_FRESH,61001_t96,61003_t32,0.0,0.01932064939235764,
Z2_REWARD_DISTRIBUTION,61004,history,duplicate_encoding|IMAGE_CUE_FRESH,61001_t96,61003_t96,0.0,0.0,
Z2_REWARD_DISTRIBUTION,61004,history,duplicate_encoding|IMAGE_CUE_FRESH,61002_t32,61002_t96,0.0,0.01928153110065533,
Z2_REWARD_DISTRIBUTION,61004,history,duplicate_encoding|IMAGE_CUE_FRESH,61002_t32,61003_t32,0.0011036516998904871,0.036394877093232,
Z2_REWARD_DISTRIBUTION,61004,history,duplicate_encoding|IMAGE_CUE_FRESH,61002_t32,61003_t96,0.0,0.01928153110065533,
Z2_REWARD_DISTRIBUTION,61004,history,duplicate_encoding|IMAGE_CUE_FRESH,61002_t96,61003_t32,0.0,0.01932064939235764,
Z2_REWARD_DISTRIBUTION,61004,history,duplicate_encoding|IMAGE_CUE_FRESH,61002_t96,61003_t96,0.0,0.0,
Z2_REWARD_DISTRIBUTION,61004,history,duplicate_encoding|IMAGE_CUE_FRESH,61003_t32,61003_t96,0.0,0.01932064939235764,
Z2_REWARD_DISTRIBUTION,61004,history,duplicate_encoding|SYMBOLIC_FRESH,61001_t32,61001_t96,0.0,0.07717350946713257,
Z2_REWARD_DISTRIBUTION,61004,history,duplicate_encoding|SYMBOLIC_FRESH,61001_t32,61002_t32,0.03133988875790205,0.0990407617620452,
Z2_REWARD_DISTRIBUTION,61004,history,duplicate_encoding|SYMBOLIC_FRESH,61001_t32,61002_t96,0.0,0.07717350946713257,
Z2_REWARD_DISTRIBUTION,61004,history,duplicate_encoding|SYMBOLIC_FRESH,61001_t32,61003_t32,-0.0026293877342289415,0.14371020830122386,
Z2_REWARD_DISTRIBUTION,61004,history,duplicate_encoding|SYMBOLIC_FRESH,61001_t32,61003_t96,0.0,0.07717350946713257,
Z2_REWARD_DISTRIBUTION,61004,history,duplicate_encoding|SYMBOLIC_FRESH,61001_t96,61002_t32,0.0,0.08454702981071671,
Z2_REWARD_DISTRIBUTION,61004,history,duplicate_encoding|SYMBOLIC_FRESH,61001_t96,61002_t96,0.0,0.0,
Z2_REWARD_DISTRIBUTION,61004,history,duplicate_encoding|SYMBOLIC_FRESH,61001_t96,61003_t32,0.0,0.06127792336563342,
Z2_REWARD_DISTRIBUTION,61004,history,duplicate_encoding|SYMBOLIC_FRESH,61001_t96,61003_t96,0.0,0.0,
Z2_REWARD_DISTRIBUTION,61004,history,duplicate_encoding|SYMBOLIC_FRESH,61002_t32,61002_t96,0.0,0.08454702981071671,
Z2_REWARD_DISTRIBUTION,61004,history,duplicate_encoding|SYMBOLIC_FRESH,61002_t32,61003_t32,0.00037225697176244103,0.14508043923282526,
Z2_REWARD_DISTRIBUTION,61004,history,duplicate_encoding|SYMBOLIC_FRESH,61002_t32,61003_t96,0.0,0.08454702981071671,
Z2_REWARD_DISTRIBUTION,61004,history,duplicate_encoding|SYMBOLIC_FRESH,61002_t96,61003_t32,0.0,0.06127792336563342,
Z2_REWARD_DISTRIBUTION,61004,history,duplicate_encoding|SYMBOLIC_FRESH,61002_t96,61003_t96,0.0,0.0,
Z2_REWARD_DISTRIBUTION,61004,history,duplicate_encoding|SYMBOLIC_FRESH,61003_t32,61003_t96,0.0,0.06127792336563342,
Z2_REWARD_DISTRIBUTION,61004,history,trend|IMAGE_CUE_FRESH,61001_t32,61001_t96,0.0,0.07570610293266672,
Z2_REWARD_DISTRIBUTION,61004,history,trend|IMAGE_CUE_FRESH,61001_t32,61002_t32,0.012778420945314497,0.11419238364359253,
Z2_REWARD_DISTRIBUTION,61004,history,trend|IMAGE_CUE_FRESH,61001_t32,61002_t96,-0.0010279479228619192,0.08016730037950968,
Z2_REWARD_DISTRIBUTION,61004,history,trend|IMAGE_CUE_FRESH,61001_t32,61003_t32,0.03955202238924574,0.07404041850793691,
Z2_REWARD_DISTRIBUTION,61004,history,trend|IMAGE_CUE_FRESH,61001_t32,61003_t96,0.0,0.07570610293266672,
Z2_REWARD_DISTRIBUTION,61004,history,trend|IMAGE_CUE_FRESH,61001_t96,61002_t32,0.0,0.06404312260155483,
Z2_REWARD_DISTRIBUTION,61004,history,trend|IMAGE_CUE_FRESH,61001_t96,61002_t96,0.0,0.0024053016011191274,
Z2_REWARD_DISTRIBUTION,61004,history,trend|IMAGE_CUE_FRESH,61001_t96,61003_t32,0.0,0.07743836035376168,
Z2_REWARD_DISTRIBUTION,61004,history,trend|IMAGE_CUE_FRESH,61001_t96,61003_t96,0.0,0.0,
Z2_REWARD_DISTRIBUTION,61004,history,trend|IMAGE_CUE_FRESH,61002_t32,61002_t96,0.001805670943874267,0.06283708231492542,
Z2_REWARD_DISTRIBUTION,61004,history,trend|IMAGE_CUE_FRESH,61002_t32,61003_t32,0.03453560339619349,0.07241027616292953,
Z2_REWARD_DISTRIBUTION,61004,history,trend|IMAGE_CUE_FRESH,61002_t32,61003_t96,0.0,0.06404312260155483,
Z2_REWARD_DISTRIBUTION,61004,history,trend|IMAGE_CUE_FRESH,61002_t96,61003_t32,1.894056639798707e-05,0.07980578082208484,
Z2_REWARD_DISTRIBUTION,61004,history,trend|IMAGE_CUE_FRESH,61002_t96,61003_t96,0.0,0.0024053016011191274,
Z2_REWARD_DISTRIBUTION,61004,history,trend|IMAGE_CUE_FRESH,61003_t32,61003_t96,0.0,0.07743836035376168,
Z2_REWARD_DISTRIBUTION,61004,history,trend|SYMBOLIC_FRESH,61001_t32,61001_t96,-0.00822622535036211,0.1496203986511191,
Z2_REWARD_DISTRIBUTION,61004,history,trend|SYMBOLIC_FRESH,61001_t32,61002_t32,0.011671754819511616,0.1943983313164517,
Z2_REWARD_DISTRIBUTION,61004,history,trend|SYMBOLIC_FRESH,61001_t32,61002_t96,0.0009317334647641712,0.10941815032361235,
Z2_REWARD_DISTRIBUTION,61004,history,trend|SYMBOLIC_FRESH,61001_t32,61003_t32,0.01918653639347173,0.19863828455342764,
Z2_REWARD_DISTRIBUTION,61004,history,trend|SYMBOLIC_FRESH,61001_t32,61003_t96,0.0027709742891548097,0.1006265854046442,
Z2_REWARD_DISTRIBUTION,61004,history,trend|SYMBOLIC_FRESH,61001_t96,61002_t32,-0.004487800236119218,0.1756154650575936,
Z2_REWARD_DISTRIBUTION,61004,history,trend|SYMBOLIC_FRESH,61001_t96,61002_t96,-0.0013691681117385835,0.06291797710649807,
Z2_REWARD_DISTRIBUTION,61004,history,trend|SYMBOLIC_FRESH,61001_t96,61003_t32,-0.007119193395300369,0.20014776776085208,
Z2_REWARD_DISTRIBUTION,61004,history,trend|SYMBOLIC_FRESH,61001_t96,61003_t96,0.00837027476739178,0.038326008078050464,
Z2_REWARD_DISTRIBUTION,61004,history,trend|SYMBOLIC_FRESH,61002_t32,61002_t96,0.0023085943900418163,0.1401363451080173,
Z2_REWARD_DISTRIBUTION,61004,history,trend|SYMBOLIC_FRESH,61002_t32,61003_t32,0.020013955785469776,0.2304553624043918,
Z2_REWARD_DISTRIBUTION,61004,history,trend|SYMBOLIC_FRESH,61002_t32,61003_t96,-0.0034244823723793834,0.14648941536267282,
Z2_REWARD_DISTRIBUTION,61004,history,trend|SYMBOLIC_FRESH,61002_t96,61003_t32,0.005768693968910517,0.1524856623351761,
Z2_REWARD_DISTRIBUTION,61004,history,trend|SYMBOLIC_FRESH,61002_t96,61003_t96,0.006966619185273911,0.019246988545032,
Z2_REWARD_DISTRIBUTION,61004,history,trend|SYMBOLIC_FRESH,61003_t32,61003_t96,0.0022168589436794527,0.15447624911545133,
Z3_REPAIR_STRUCTURE,61004,current,cross_series|IMAGE_CUE_FRESH,61001_t32,61001_t96,0.08144684803518404,0.0037729705962985804,0.08144684803518404
Z3_REPAIR_STRUCTURE,61004,current,cross_series|IMAGE_CUE_FRESH,61001_t32,61002_t32,0.08086567934746113,0.004935307971744407,0.07719002519957979
Z3_REPAIR_STRUCTURE,61004,current,cross_series|IMAGE_CUE_FRESH,61001_t32,61002_t96,0.08144684803518404,0.0037729705962985804,0.08144684803518404
Z3_REPAIR_STRUCTURE,61004,current,cross_series|IMAGE_CUE_FRESH,61001_t32,61003_t32,0.0816039452707594,0.003458776125147861,0.07960933868882425
Z3_REPAIR_STRUCTURE,61004,current,cross_series|IMAGE_CUE_FRESH,61001_t32,61003_t96,0.08144684803518404,0.0037729705962985804,0.08144684803518404
Z3_REPAIR_STRUCTURE,61004,current,cross_series|IMAGE_CUE_FRESH,61001_t96,61002_t32,0.07889448650165815,0.008877693663350367,0.07889448650165815
Z3_REPAIR_STRUCTURE,61004,current,cross_series|IMAGE_CUE_FRESH,61001_t96,61002_t96,0.08333333333333333,0.0,0.08333333333333333
Z3_REPAIR_STRUCTURE,61004,current,cross_series|IMAGE_CUE_FRESH,61001_t96,61003_t32,0.08140217609176295,0.003862314483140755,0.08140217609176295
Z3_REPAIR_STRUCTURE,61004,current,cross_series|IMAGE_CUE_FRESH,61001_t96,61003_t96,0.08333333333333333,0.0,0.08333333333333333
Z3_REPAIR_STRUCTURE,61004,current,cross_series|IMAGE_CUE_FRESH,61002_t32,61002_t96,0.07889448650165815,0.008877693663350367,0.07889448650165815
Z3_REPAIR_STRUCTURE,61004,current,cross_series|IMAGE_CUE_FRESH,61002_t32,61003_t32,0.08098216928833712,0.004702328089992408,0.07726043361141673
Z3_REPAIR_STRUCTURE,61004,current,cross_series|IMAGE_CUE_FRESH,61002_t32,61003_t96,0.07889448650165815,0.008877693663350367,0.07889448650165815
Z3_REPAIR_STRUCTURE,61004,current,cross_series|IMAGE_CUE_FRESH,61002_t96,61003_t32,0.08140217609176295,0.003862314483140755,0.08140217609176295
Z3_REPAIR_STRUCTURE,61004,current,cross_series|IMAGE_CUE_FRESH,61002_t96,61003_t96,0.08333333333333333,0.0,0.08333333333333333
Z3_REPAIR_STRUCTURE,61004,current,cross_series|IMAGE_CUE_FRESH,61003_t32,61003_t96,0.08140217609176295,0.003862314483140755,0.08140217609176295
Z3_REPAIR_STRUCTURE,61004,current,cross_series|SYMBOLIC_FRESH,61001_t32,61001_t96,0.06294120281868736,0.040784261029291946,0.01860622800588928
Z3_REPAIR_STRUCTURE,61004,current,cross_series|SYMBOLIC_FRESH,61001_t32,61002_t32,0.07768288500007177,0.01130089666652312,0.011257961183027942
Z3_REPAIR_STRUCTURE,61004,current,cross_series|SYMBOLIC_FRESH,61001_t32,61002_t96,0.05967729124783216,0.04731208417100234,0.018649023450360194
Z3_REPAIR_STRUCTURE,61004,current,cross_series|SYMBOLIC_FRESH,61001_t32,61003_t32,0.07843772453626816,0.009791217594130347,0.013294999441642946
Z3_REPAIR_STRUCTURE,61004,current,cross_series|SYMBOLIC_FRESH,61001_t32,61003_t96,0.0594567350696102,0.04775319652744625,0.018434564137083057
Z3_REPAIR_STRUCTURE,61004,current,cross_series|SYMBOLIC_FRESH,61001_t96,61002_t32,0.05953855322721644,0.047589560212233775,0.018520965401869427
Z3_REPAIR_STRUCTURE,61004,current,cross_series|SYMBOLIC_FRESH,61001_t96,61002_t96,0.08066717511144554,0.0053323164437755755,0.03569372045874479
Z3_REPAIR_STRUCTURE,61004,current,cross_series|SYMBOLIC_FRESH,61001_t96,61003_t32,0.06447653295550192,0.037713600755662824,0.022292664508097283
Z3_REPAIR_STRUCTURE,61004,current,cross_series|SYMBOLIC_FRESH,61001_t96,61003_t96,0.07918853237589364,0.008289601914879374,0.03489108197571433
Z3_REPAIR_STRUCTURE,61004,current,cross_series|SYMBOLIC_FRESH,61002_t32,61002_t96,0.05670247829500332,0.053261710076660015,0.018634807606937455
Z3_REPAIR_STRUCTURE,61004,current,cross_series|SYMBOLIC_FRESH,61002_t32,61003_t32,0.0784567685889941,0.009753129488678458,0.013835681200022286
Z3_REPAIR_STRUCTURE,61004,current,cross_series|SYMBOLIC_FRESH,61002_t32,61003_t96,0.05718723807806012,0.05229219051054641,0.01833379833727605
Z3_REPAIR_STRUCTURE,61004,current,cross_series|SYMBOLIC_FRESH,61002_t96,61003_t32,0.061414670086410675,0.04383732649384531,0.022453434010410906
Z3_REPAIR_STRUCTURE,61004,current,cross_series|SYMBOLIC_FRESH,61002_t96,61003_t96,0.08105354598882512,0.00455957468901641,0.03532021027517035
Z3_REPAIR_STRUCTURE,61004,current,cross_series|SYMBOLIC_FRESH,61003_t32,61003_t96,0.06197489123951325,0.042716884187640164,0.022097038827154504
Z3_REPAIR_STRUCTURE,61004,current,duplicate_encoding|IMAGE_CUE_FRESH,61001_t32,61001_t96,0.08311459700349272,0.0004374726596812206,0.08311459700349272
Z3_REPAIR_STRUCTURE,61004,current,duplicate_encoding|IMAGE_CUE_FRESH,61001_t32,61002_t32,0.08278649250873181,0.0010936816492030377,0.08278649250873181
Z3_REPAIR_STRUCTURE,61004,current,duplicate_encoding|IMAGE_CUE_FRESH,61001_t32,61002_t96,0.08311459700349272,0.0004374726596812206,0.08311459700349272
Z3_REPAIR_STRUCTURE,61004,current,duplicate_encoding|IMAGE_CUE_FRESH,61001_t32,61003_t32,0.08278821494968354,0.0010902367672995794,0.08278821494968354
Z3_REPAIR_STRUCTURE,61004,current,duplicate_encoding|IMAGE_CUE_FRESH,61001_t32,61003_t96,0.08311459700349272,0.0004374726596812206,0.08311459700349272
Z3_REPAIR_STRUCTURE,61004,current,duplicate_encoding|IMAGE_CUE_FRESH,61001_t96,61002_t32,0.08300522883857242,0.0006562089895218171,0.08300522883857242
Z3_REPAIR_STRUCTURE,61004,current,duplicate_encoding|IMAGE_CUE_FRESH,61001_t96,61002_t96,0.08333333333333333,0.0,0.08333333333333333
Z3_REPAIR_STRUCTURE,61004,current,duplicate_encoding|IMAGE_CUE_FRESH,61001_t96,61003_t32,0.08300522883857242,0.0006562089895218171,0.08300522883857242
Z3_REPAIR_STRUCTURE,61004,current,duplicate_encoding|IMAGE_CUE_FRESH,61001_t96,61003_t96,0.08333333333333333,0.0,0.08333333333333333
Z3_REPAIR_STRUCTURE,61004,current,duplicate_encoding|IMAGE_CUE_FRESH,61002_t32,61002_t96,0.08300522883857242,0.0006562089895218171,0.08300522883857242
Z3_REPAIR_STRUCTURE,61004,current,duplicate_encoding|IMAGE_CUE_FRESH,61002_t32,61003_t32,0.08267884678476323,0.0013089730971402036,0.08267884678476323
Z3_REPAIR_STRUCTURE,61004,current,duplicate_encoding|IMAGE_CUE_FRESH,61002_t32,61003_t96,0.08300522883857242,0.0006562089895218171,0.08300522883857242
Z3_REPAIR_STRUCTURE,61004,current,duplicate_encoding|IMAGE_CUE_FRESH,61002_t96,61003_t32,0.08300522883857242,0.0006562089895218171,0.08300522883857242
Z3_REPAIR_STRUCTURE,61004,current,duplicate_encoding|IMAGE_CUE_FRESH,61002_t96,61003_t96,0.08333333333333333,0.0,0.08333333333333333
Z3_REPAIR_STRUCTURE,61004,current,duplicate_encoding|IMAGE_CUE_FRESH,61003_t32,61003_t96,0.08300522883857242,0.0006562089895218171,0.08300522883857242
Z3_REPAIR_STRUCTURE,61004,current,duplicate_encoding|SYMBOLIC_FRESH,61001_t32,61001_t96,0.07895844162976338,0.008749783407139888,0.07895844162976338
Z3_REPAIR_STRUCTURE,61004,current,duplicate_encoding|SYMBOLIC_FRESH,61001_t32,61002_t32,0.08147476720664242,0.0037171322533818274,0.07545463499073755
Z3_REPAIR_STRUCTURE,61004,current,duplicate_encoding|SYMBOLIC_FRESH,61001_t32,61002_t96,0.07895844162976338,0.008749783407139888,0.07895844162976338
Z3_REPAIR_STRUCTURE,61004,current,duplicate_encoding|SYMBOLIC_FRESH,61001_t32,61003_t32,0.08086524004609315,0.004936186574480389,0.07624055889269818
Z3_REPAIR_STRUCTURE,61004,current,duplicate_encoding|SYMBOLIC_FRESH,61001_t32,61003_t96,0.07895844162976338,0.008749783407139888,0.07895844162976338
Z3_REPAIR_STRUCTURE,61004,current,duplicate_encoding|SYMBOLIC_FRESH,61001_t96,61002_t32,0.07958422134733427,0.007498223971998119,0.07958422134733427
Z3_REPAIR_STRUCTURE,61004,current,duplicate_encoding|SYMBOLIC_FRESH,61001_t96,61002_t96,0.08333333333333333,0.0,0.08333333333333333
Z3_REPAIR_STRUCTURE,61004,current,duplicate_encoding|SYMBOLIC_FRESH,61001_t96,61003_t32,0.08045158544226051,0.005763495782145661,0.08045158544226051
Z3_REPAIR_STRUCTURE,61004,current,duplicate_encoding|SYMBOLIC_FRESH,61001_t96,61003_t96,0.08333333333333333,0.0,0.08333333333333333
Z3_REPAIR_STRUCTURE,61004,current,duplicate_encoding|SYMBOLIC_FRESH,61002_t32,61002_t96,0.07958422134733427,0.007498223971998119,0.07958422134733427
Z3_REPAIR_STRUCTURE,61004,current,duplicate_encoding|SYMBOLIC_FRESH,61002_t32,61003_t32,0.08074277562393264,0.005181115418801396,0.07683537035530374
Z3_REPAIR_STRUCTURE,61004,current,duplicate_encoding|SYMBOLIC_FRESH,61002_t32,61003_t96,0.07958422134733427,0.007498223971998119,0.07958422134733427
Z3_REPAIR_STRUCTURE,61004,current,duplicate_encoding|SYMBOLIC_FRESH,61002_t96,61003_t32,0.08045158544226051,0.005763495782145661,0.08045158544226051
Z3_REPAIR_STRUCTURE,61004,current,duplicate_encoding|SYMBOLIC_FRESH,61002_t96,61003_t96,0.08333333333333333,0.0,0.08333333333333333
Z3_REPAIR_STRUCTURE,61004,current,duplicate_encoding|SYMBOLIC_FRESH,61003_t32,61003_t96,0.08045158544226051,0.005763495782145661,0.08045158544226051
Z3_REPAIR_STRUCTURE,61004,current,trend|IMAGE_CUE_FRESH,61001_t32,61001_t96,0.07984466246079985,0.006977341745066951,0.07984466246079985
Z3_REPAIR_STRUCTURE,61004,current,trend|IMAGE_CUE_FRESH,61001_t32,61002_t32,0.08151434157356993,0.003637983519526794,0.07525597529561595
Z3_REPAIR_STRUCTURE,61004,current,trend|IMAGE_CUE_FRESH,61001_t32,61002_t96,0.07995578107935335,0.006755104507959964,0.07973876719046445
Z3_REPAIR_STRUCTURE,61004,current,trend|IMAGE_CUE_FRESH,61001_t32,61003_t32,0.08169216069760571,0.0032823452714552392,0.07681539584855811
Z3_REPAIR_STRUCTURE,61004,current,trend|IMAGE_CUE_FRESH,61001_t32,61003_t96,0.07984466246079985,0.006977341745066951,0.07984466246079985
Z3_REPAIR_STRUCTURE,61004,current,trend|IMAGE_CUE_FRESH,61001_t96,61002_t32,0.07839911960500287,0.009868427456660916,0.07839911960500287
Z3_REPAIR_STRUCTURE,61004,current,trend|IMAGE_CUE_FRESH,61001_t96,61002_t96,0.08322396516841303,0.00021873632984059643,0.08322396516841303
Z3_REPAIR_STRUCTURE,61004,current,trend|IMAGE_CUE_FRESH,61001_t96,61003_t32,0.08005999520976022,0.006546676247146221,0.08005999520976022
Z3_REPAIR_STRUCTURE,61004,current,trend|IMAGE_CUE_FRESH,61001_t96,61003_t96,0.08333333333333333,0.0,0.08333333333333333
Z3_REPAIR_STRUCTURE,61004,current,trend|IMAGE_CUE_FRESH,61002_t32,61002_t96,0.07867269413596854,0.00932127839472957,0.07829681505446488
Z3_REPAIR_STRUCTURE,61004,current,trend|IMAGE_CUE_FRESH,61002_t32,61003_t32,0.0808173273201189,0.0050320120264288615,0.07546787462713178
Z3_REPAIR_STRUCTURE,61004,current,trend|IMAGE_CUE_FRESH,61002_t32,61003_t96,0.07839911960500287,0.009868427456660916,0.07839911960500287
Z3_REPAIR_STRUCTURE,61004,current,trend|IMAGE_CUE_FRESH,61002_t96,61003_t32,0.07995234948579164,0.006761967695083387,0.07995234948579164
Z3_REPAIR_STRUCTURE,61004,current,trend|IMAGE_CUE_FRESH,61002_t96,61003_t96,0.08322396516841303,0.00021873632984059643,0.08322396516841303
Z3_REPAIR_STRUCTURE,61004,current,trend|IMAGE_CUE_FRESH,61003_t32,61003_t96,0.08005999520976022,0.006546676247146221,0.08005999520976022
Z3_REPAIR_STRUCTURE,61004,current,trend|SYMBOLIC_FRESH,61001_t32,61001_t96,0.05645478149423835,0.05375710367818996,0.0297875596690072
Z3_REPAIR_STRUCTURE,61004,current,trend|SYMBOLIC_FRESH,61001_t32,61002_t32,0.07951730293202629,0.007632060802614082,0.01676261501912408
Z3_REPAIR_STRUCTURE,61004,current,trend|SYMBOLIC_FRESH,61001_t32,61002_t96,0.05789427367668382,0.05087811931329901,0.029821362255629702
Z3_REPAIR_STRUCTURE,61004,current,trend|SYMBOLIC_FRESH,61001_t32,61003_t32,0.07889670748884864,0.00887325168896938,0.02185676565058545
Z3_REPAIR_STRUCTURE,61004,current,trend|SYMBOLIC_FRESH,61001_t32,61003_t96,0.0583256441538851,0.05001537835889645,0.02974246777943778
Z3_REPAIR_STRUCTURE,61004,current,trend|SYMBOLIC_FRESH,61001_t96,61002_t32,0.04907526979496202,0.06851612707674262,0.02458816354598747
Z3_REPAIR_STRUCTURE,61004,current,trend|SYMBOLIC_FRESH,61001_t96,61002_t96,0.07465677329013362,0.017353120086399415,0.048170081063220196
Z3_REPAIR_STRUCTURE,61004,current,trend|SYMBOLIC_FRESH,61001_t96,61003_t32,0.06013366896767479,0.04639932873131708,0.033573394767296545
Z3_REPAIR_STRUCTURE,61004,current,trend|SYMBOLIC_FRESH,61001_t96,61003_t96,0.08161854573415649,0.003429575198353685,0.048064185792884795
Z3_REPAIR_STRUCTURE,61004,current,trend|SYMBOLIC_FRESH,61002_t32,61002_t96,0.05198154150513021,0.06270358365640624,0.024598608719219647
Z3_REPAIR_STRUCTURE,61004,current,trend|SYMBOLIC_FRESH,61002_t32,61003_t32,0.07754077363260664,0.011585119401453375,0.01912386466137665
Z3_REPAIR_STRUCTURE,61004,current,trend|SYMBOLIC_FRESH,61002_t32,61003_t96,0.050374781777144245,0.06591710311237817,0.024549496060456935
Z3_REPAIR_STRUCTURE,61004,current,trend|SYMBOLIC_FRESH,61002_t96,61003_t32,0.062425050039247636,0.041816566588171386,0.03359598009982432
Z3_REPAIR_STRUCTURE,61004,current,trend|SYMBOLIC_FRESH,61002_t96,61003_t96,0.07789163873245944,0.010883389201747778,0.04806071289829989
Z3_REPAIR_STRUCTURE,61004,current,trend|SYMBOLIC_FRESH,61003_t32,61003_t96,0.06137936426408058,0.04390793813850549,0.03353665399232045
Z3_REPAIR_STRUCTURE,61004,history,cross_series|IMAGE_CUE_FRESH,61001_t32,61001_t96,0.0,0.03797143361790544,
Z3_REPAIR_STRUCTURE,61004,history,cross_series|IMAGE_CUE_FRESH,61001_t32,61002_t32,-0.006280645460987077,0.07953826160591362,
Z3_REPAIR_STRUCTURE,61004,history,cross_series|IMAGE_CUE_FRESH,61001_t32,61002_t96,0.0,0.03797143361790544,
Z3_REPAIR_STRUCTURE,61004,history,cross_series|IMAGE_CUE_FRESH,61001_t32,61003_t32,-0.0006007192306797944,0.05662834351480997,
Z3_REPAIR_STRUCTURE,61004,history,cross_series|IMAGE_CUE_FRESH,61001_t32,61003_t96,0.0,0.03797143361790544,
Z3_REPAIR_STRUCTURE,61004,history,cross_series|IMAGE_CUE_FRESH,61001_t96,61002_t32,0.0,0.029005537066034027,
Z3_REPAIR_STRUCTURE,61004,history,cross_series|IMAGE_CUE_FRESH,61001_t96,61002_t96,0.0,0.0,
Z3_REPAIR_STRUCTURE,61004,history,cross_series|IMAGE_CUE_FRESH,61001_t96,61003_t32,0.0,0.017455471435544944,
Z3_REPAIR_STRUCTURE,61004,history,cross_series|IMAGE_CUE_FRESH,61001_t96,61003_t96,0.0,0.0,
Z3_REPAIR_STRUCTURE,61004,history,cross_series|IMAGE_CUE_FRESH,61002_t32,61002_t96,0.0,0.029005537066034027,
Z3_REPAIR_STRUCTURE,61004,history,cross_series|IMAGE_CUE_FRESH,61002_t32,61003_t32,0.008050979862669816,0.03035904877623934,
Z3_REPAIR_STRUCTURE,61004,history,cross_series|IMAGE_CUE_FRESH,61002_t32,61003_t96,0.0,0.029005537066034027,
Z3_REPAIR_STRUCTURE,61004,history,cross_series|IMAGE_CUE_FRESH,61002_t96,61003_t32,0.0,0.017455471435544944,
Z3_REPAIR_STRUCTURE,61004,history,cross_series|IMAGE_CUE_FRESH,61002_t96,61003_t96,0.0,0.0,
Z3_REPAIR_STRUCTURE,61004,history,cross_series|IMAGE_CUE_FRESH,61003_t32,61003_t96,0.0,0.017455471435544944,
Z3_REPAIR_STRUCTURE,61004,history,cross_series|SYMBOLIC_FRESH,61001_t32,61001_t96,-0.0002312289743297823,0.077499753068637,
Z3_REPAIR_STRUCTURE,61004,history,cross_series|SYMBOLIC_FRESH,61001_t32,61002_t32,0.0009356249228227565,0.10182573809132006,
Z3_REPAIR_STRUCTURE,61004,history,cross_series|SYMBOLIC_FRESH,61001_t32,61002_t96,-0.003337720626610177,0.07941698508700966,
Z3_REPAIR_STRUCTURE,61004,history,cross_series|SYMBOLIC_FRESH,61001_t32,61003_t32,0.00678350049993355,0.1024983981340225,
Z3_REPAIR_STRUCTURE,61004,history,cross_series|SYMBOLIC_FRESH,61001_t32,61003_t96,-0.0017946856196415298,0.07556860183362471,
Z3_REPAIR_STRUCTURE,61004,history,cross_series|SYMBOLIC_FRESH,61001_t96,61002_t32,0.0014363535480265226,0.05613977194650422,
Z3_REPAIR_STRUCTURE,61004,history,cross_series|SYMBOLIC_FRESH,61001_t96,61002_t96,-0.0028370016882366352,0.03373103831585426,
Z3_REPAIR_STRUCTURE,61004,history,cross_series|SYMBOLIC_FRESH,61001_t96,61003_t32,0.001750667589952407,0.06787955505957649,
Z3_REPAIR_STRUCTURE,61004,history,cross_series|SYMBOLIC_FRESH,61001_t96,61003_t96,-0.0006893829874860208,0.028673487674905372,
Z3_REPAIR_STRUCTURE,61004,history,cross_series|SYMBOLIC_FRESH,61002_t32,61002_t96,-4.6572156960914536e-05,0.05480987207029096,
Z3_REPAIR_STRUCTURE,61004,history,cross_series|SYMBOLIC_FRESH,61002_t32,61003_t32,0.011168705482265447,0.07570317209193855,
Z3_REPAIR_STRUCTURE,61004,history,cross_series|SYMBOLIC_FRESH,61002_t32,61003_t96,-0.0011695043587070927,0.05629342323433567,
Z3_REPAIR_STRUCTURE,61004,history,cross_series|SYMBOLIC_FRESH,61002_t96,61003_t32,-0.005173616296542524,0.0774323715463782,
Z3_REPAIR_STRUCTURE,61004,history,cross_series|SYMBOLIC_FRESH,61002_t96,61003_t96,0.004486141925986636,0.01402668656177193,
Z3_REPAIR_STRUCTURE,61004,history,cross_series|SYMBOLIC_FRESH,61003_t32,61003_t96,-0.0018748014429107401,0.07007242859966699,
Z3_REPAIR_STRUCTURE,61004,history,duplicate_encoding|IMAGE_CUE_FRESH,61001_t32,61001_t96,0.0,0.00847821955687143,
Z3_REPAIR_STRUCTURE,61004,history,duplicate_encoding|IMAGE_CUE_FRESH,61001_t32,61002_t32,0.002444592079316197,0.0132298009485667,
Z3_REPAIR_STRUCTURE,61004,history,duplicate_encoding|IMAGE_CUE_FRESH,61001_t32,61002_t96,0.0,0.00847821955687143,
Z3_REPAIR_STRUCTURE,61004,history,duplicate_encoding|IMAGE_CUE_FRESH,61001_t32,61003_t32,0.0012323169769096214,0.015673910299231007,
Z3_REPAIR_STRUCTURE,61004,history,duplicate_encoding|IMAGE_CUE_FRESH,61001_t32,61003_t96,0.0,0.00847821955687143,
Z3_REPAIR_STRUCTURE,61004,history,duplicate_encoding|IMAGE_CUE_FRESH,61001_t96,61002_t32,0.0,0.009640765550327664,
Z3_REPAIR_STRUCTURE,61004,history,duplicate_encoding|IMAGE_CUE_FRESH,61001_t96,61002_t96,0.0,0.0,
Z3_REPAIR_STRUCTURE,61004,history,duplicate_encoding|IMAGE_CUE_FRESH,61001_t96,61003_t32,0.0,0.00966032469617882,
Z3_REPAIR_STRUCTURE,61004,history,duplicate_encoding|IMAGE_CUE_FRESH,61001_t96,61003_t96,0.0,0.0,
Z3_REPAIR_STRUCTURE,61004,history,duplicate_encoding|IMAGE_CUE_FRESH,61002_t32,61002_t96,0.0,0.009640765550327664,
Z3_REPAIR_STRUCTURE,61004,history,duplicate_encoding|IMAGE_CUE_FRESH,61002_t32,61003_t32,0.0005518258499452436,0.018197438546616,
Z3_REPAIR_STRUCTURE,61004,history,duplicate_encoding|IMAGE_CUE_FRESH,61002_t32,61003_t96,0.0,0.009640765550327664,
Z3_REPAIR_STRUCTURE,61004,history,duplicate_encoding|IMAGE_CUE_FRESH,61002_t96,61003_t32,0.0,0.00966032469617882,
Z3_REPAIR_STRUCTURE,61004,history,duplicate_encoding|IMAGE_CUE_FRESH,61002_t96,61003_t96,0.0,0.0,
Z3_REPAIR_STRUCTURE,61004,history,duplicate_encoding|IMAGE_CUE_FRESH,61003_t32,61003_t96,0.0,0.00966032469617882,
Z3_REPAIR_STRUCTURE,61004,history,duplicate_encoding|SYMBOLIC_FRESH,61001_t32,61001_t96,0.0,0.038586754733566285,
Z3_REPAIR_STRUCTURE,61004,history,duplicate_encoding|SYMBOLIC_FRESH,61001_t32,61002_t32,0.015669944378951025,0.0495203808810226,
Z3_REPAIR_STRUCTURE,61004,history,duplicate_encoding|SYMBOLIC_FRESH,61001_t32,61002_t96,0.0,0.038586754733566285,
Z3_REPAIR_STRUCTURE,61004,history,duplicate_encoding|SYMBOLIC_FRESH,61001_t32,61003_t32,-0.0013146938671144707,0.07185510415061193,
Z3_REPAIR_STRUCTURE,61004,history,duplicate_encoding|SYMBOLIC_FRESH,61001_t32,61003_t96,0.0,0.038586754733566285,
Z3_REPAIR_STRUCTURE,61004,history,duplicate_encoding|SYMBOLIC_FRESH,61001_t96,61002_t32,0.0,0.042273514905358356,
Z3_REPAIR_STRUCTURE,61004,history,duplicate_encoding|SYMBOLIC_FRESH,61001_t96,61002_t96,0.0,0.0,
Z3_REPAIR_STRUCTURE,61004,history,duplicate_encoding|SYMBOLIC_FRESH,61001_t96,61003_t32,0.0,0.03063896168281671,
Z3_REPAIR_STRUCTURE,61004,history,duplicate_encoding|SYMBOLIC_FRESH,61001_t96,61003_t96,0.0,0.0,
Z3_REPAIR_STRUCTURE,61004,history,duplicate_encoding|SYMBOLIC_FRESH,61002_t32,61002_t96,0.0,0.042273514905358356,
Z3_REPAIR_STRUCTURE,61004,history,duplicate_encoding|SYMBOLIC_FRESH,61002_t32,61003_t32,0.00018612848588122052,0.07254021961641263,
Z3_REPAIR_STRUCTURE,61004,history,duplicate_encoding|SYMBOLIC_FRESH,61002_t32,61003_t96,0.0,0.042273514905358356,
Z3_REPAIR_STRUCTURE,61004,history,duplicate_encoding|SYMBOLIC_FRESH,61002_t96,61003_t32,0.0,0.03063896168281671,
Z3_REPAIR_STRUCTURE,61004,history,duplicate_encoding|SYMBOLIC_FRESH,61002_t96,61003_t96,0.0,0.0,
Z3_REPAIR_STRUCTURE,61004,history,duplicate_encoding|SYMBOLIC_FRESH,61003_t32,61003_t96,0.0,0.03063896168281671,
Z3_REPAIR_STRUCTURE,61004,history,trend|IMAGE_CUE_FRESH,61001_t32,61001_t96,0.0,0.03785305146633336,
Z3_REPAIR_STRUCTURE,61004,history,trend|IMAGE_CUE_FRESH,61001_t32,61002_t32,0.006389210472657249,0.05709619182179627,
Z3_REPAIR_STRUCTURE,61004,history,trend|IMAGE_CUE_FRESH,61001_t32,61002_t96,-0.0005139739614309596,0.04008365018975484,
Z3_REPAIR_STRUCTURE,61004,history,trend|IMAGE_CUE_FRESH,61001_t32,61003_t32,0.01977601119462287,0.037020209253968456,
Z3_REPAIR_STRUCTURE,61004,history,trend|IMAGE_CUE_FRESH,61001_t32,61003_t96,0.0,0.03785305146633336,
Z3_REPAIR_STRUCTURE,61004,history,trend|IMAGE_CUE_FRESH,61001_t96,61002_t32,0.0,0.032021561300777414,
Z3_REPAIR_STRUCTURE,61004,history,trend|IMAGE_CUE_FRESH,61001_t96,61002_t96,0.0,0.0012026508005595637,
Z3_REPAIR_STRUCTURE,61004,history,trend|IMAGE_CUE_FRESH,61001_t96,61003_t32,0.0,0.03871918017688084,
Z3_REPAIR_STRUCTURE,61004,history,trend|IMAGE_CUE_FRESH,61001_t96,61003_t96,0.0,0.0,
Z3_REPAIR_STRUCTURE,61004,history,trend|IMAGE_CUE_FRESH,61002_t32,61002_t96,0.0009028354719371335,0.03141854115746271,
Z3_REPAIR_STRUCTURE,61004,history,trend|IMAGE_CUE_FRESH,61002_t32,61003_t32,0.017267801698096746,0.03620513808146476,
Z3_REPAIR_STRUCTURE,61004,history,trend|IMAGE_CUE_FRESH,61002_t32,61003_t96,0.0,0.032021561300777414,
Z3_REPAIR_STRUCTURE,61004,history,trend|IMAGE_CUE_FRESH,61002_t96,61003_t32,9.470283198993535e-06,0.03990289041104242,
Z3_REPAIR_STRUCTURE,61004,history,trend|IMAGE_CUE_FRESH,61002_t96,61003_t96,0.0,0.0012026508005595637,
Z3_REPAIR_STRUCTURE,61004,history,trend|IMAGE_CUE_FRESH,61003_t32,61003_t96,0.0,0.03871918017688084,
Z3_REPAIR_STRUCTURE,61004,history,trend|SYMBOLIC_FRESH,61001_t32,61001_t96,-0.004113112675181055,0.07481019932555955,
Z3_REPAIR_STRUCTURE,61004,history,trend|SYMBOLIC_FRESH,61001_t32,61002_t32,0.005835877409755808,0.09719916565822585,
Z3_REPAIR_STRUCTURE,61004,history,trend|SYMBOLIC_FRESH,61001_t32,61002_t96,0.0004658667323820856,0.054709075161806175,
Z3_REPAIR_STRUCTURE,61004,history,trend|SYMBOLIC_FRESH,61001_t32,61003_t32,0.009593268196735866,0.09931914227671382,
Z3_REPAIR_STRUCTURE,61004,history,trend|SYMBOLIC_FRESH,61001_t32,61003_t96,0.0013854871445774049,0.0503132927023221,
Z3_REPAIR_STRUCTURE,61004,history,trend|SYMBOLIC_FRESH,61001_t96,61002_t32,-0.002243900118059609,0.0878077325287968,
Z3_REPAIR_STRUCTURE,61004,history,trend|SYMBOLIC_FRESH,61001_t96,61002_t96,-0.0006845840558692917,0.03145898855324904,
Z3_REPAIR_STRUCTURE,61004,history,trend|SYMBOLIC_FRESH,61001_t96,61003_t32,-0.0035595966976501845,0.10007388388042604,
Z3_REPAIR_STRUCTURE,61004,history,trend|SYMBOLIC_FRESH,61001_t96,61003_t96,0.00418513738369589,0.019163004039025232,
Z3_REPAIR_STRUCTURE,61004,history,trend|SYMBOLIC_FRESH,61002_t32,61002_t96,0.0011542971950209082,0.07006817255400866,
Z3_REPAIR_STRUCTURE,61004,history,trend|SYMBOLIC_FRESH,61002_t32,61003_t32,0.010006977892734888,0.1152276812021959,
Z3_REPAIR_STRUCTURE,61004,history,trend|SYMBOLIC_FRESH,61002_t32,61003_t96,-0.0017122411861896917,0.07324470768133641,
Z3_REPAIR_STRUCTURE,61004,history,trend|SYMBOLIC_FRESH,61002_t96,61003_t32,0.0028843469844552585,0.07624283116758805,
Z3_REPAIR_STRUCTURE,61004,history,trend|SYMBOLIC_FRESH,61002_t96,61003_t96,0.0034833095926369555,0.009623494272516,
Z3_REPAIR_STRUCTURE,61004,history,trend|SYMBOLIC_FRESH,61003_t32,61003_t96,0.0011084294718397263,0.07723812455772566,
Z3_REPAIR_STRUCTURE,61004,repair,cross_series|IMAGE_CUE_FRESH,61001_t32,61001_t96,0.08183878069615173,0.0029891052743631907,0.08106595211531752
Z3_REPAIR_STRUCTURE,61004,repair,cross_series|IMAGE_CUE_FRESH,61001_t32,61002_t32,0.08141534338067646,0.00383597990531373,0.07581566824000513
Z3_REPAIR_STRUCTURE,61004,repair,cross_series|IMAGE_CUE_FRESH,61001_t32,61002_t96,0.08183878069615173,0.0029891052743631907,0.08106595211531752
Z3_REPAIR_STRUCTURE,61004,repair,cross_series|IMAGE_CUE_FRESH,61001_t32,61003_t32,0.08225593155538839,0.0021548035558898726,0.0786671150262593
Z3_REPAIR_STRUCTURE,61004,repair,cross_series|IMAGE_CUE_FRESH,61001_t32,61003_t96,0.08183878069615173,0.0029891052743631907,0.08106595211531752
Z3_REPAIR_STRUCTURE,61004,repair,cross_series|IMAGE_CUE_FRESH,61001_t96,61002_t32,0.08019641247566002,0.0062738417153466175,0.07778840829886233
Z3_REPAIR_STRUCTURE,61004,repair,cross_series|IMAGE_CUE_FRESH,61001_t96,61002_t96,0.08333333333333333,0.0,0.08333333333333333
Z3_REPAIR_STRUCTURE,61004,repair,cross_series|IMAGE_CUE_FRESH,61001_t96,61003_t32,0.08209344495319496,0.0024797767602767473,0.08076857180405846
Z3_REPAIR_STRUCTURE,61004,repair,cross_series|IMAGE_CUE_FRESH,61001_t96,61003_t96,0.08333333333333333,0.0,0.08333333333333333
Z3_REPAIR_STRUCTURE,61004,repair,cross_series|IMAGE_CUE_FRESH,61002_t32,61002_t96,0.08019641247566002,0.0062738417153466175,0.07778840829886233
Z3_REPAIR_STRUCTURE,61004,repair,cross_series|IMAGE_CUE_FRESH,61002_t32,61003_t32,0.0814493176928462,0.003768031280974249,0.07578293370838485
Z3_REPAIR_STRUCTURE,61004,repair,cross_series|IMAGE_CUE_FRESH,61002_t32,61003_t96,0.08019641247566002,0.0062738417153466175,0.07778840829886233
Z3_REPAIR_STRUCTURE,61004,repair,cross_series|IMAGE_CUE_FRESH,61002_t96,61003_t32,0.08209344495319496,0.0024797767602767473,0.08076857180405846
Z3_REPAIR_STRUCTURE,61004,repair,cross_series|IMAGE_CUE_FRESH,61002_t96,61003_t96,0.08333333333333333,0.0,0.08333333333333333
Z3_REPAIR_STRUCTURE,61004,repair,cross_series|IMAGE_CUE_FRESH,61003_t32,61003_t96,0.08209344495319496,0.0024797767602767473,0.08076857180405846
Z3_REPAIR_STRUCTURE,61004,repair,cross_series|SYMBOLIC_FRESH,61001_t32,61001_t96,0.06277437031757842,0.04111792603150982,0.016365473050090257
Z3_REPAIR_STRUCTURE,61004,repair,cross_series|SYMBOLIC_FRESH,61001_t32,61002_t32,0.0780230904839556,0.010620485698755455,0.00942720011389978
Z3_REPAIR_STRUCTURE,61004,repair,cross_series|SYMBOLIC_FRESH,61001_t32,61002_t96,0.06157142501731417,0.04352381663203832,0.016431539313053526
Z3_REPAIR_STRUCTURE,61004,repair,cross_series|SYMBOLIC_FRESH,61001_t32,61003_t32,0.07857224153069765,0.00952218360527135,0.011104489178851295
Z3_REPAIR_STRUCTURE,61004,repair,cross_series|SYMBOLIC_FRESH,61001_t32,61003_t96,0.06187088248013301,0.042924901706400634,0.016324173597724187
Z3_REPAIR_STRUCTURE,61004,repair,cross_series|SYMBOLIC_FRESH,61001_t96,61002_t32,0.05885814060722878,0.0489503854522091,0.016399389898759612
Z3_REPAIR_STRUCTURE,61004,repair,cross_series|SYMBOLIC_FRESH,61001_t96,61002_t96,0.0807078154533782,0.005251035759910261,0.034498151875143636
Z3_REPAIR_STRUCTURE,61004,repair,cross_series|SYMBOLIC_FRESH,61001_t96,61003_t32,0.06454304588037753,0.0375805749059116,0.019783388809410624
Z3_REPAIR_STRUCTURE,61004,repair,cross_series|SYMBOLIC_FRESH,61001_t96,61003_t96,0.07966923659701974,0.00732819347262717,0.0337490444203413
Z3_REPAIR_STRUCTURE,61004,repair,cross_series|SYMBOLIC_FRESH,61002_t32,61002_t96,0.05817258501680849,0.050321496633049675,0.016559142790231286
Z3_REPAIR_STRUCTURE,61004,repair,cross_series|SYMBOLIC_FRESH,61002_t32,61003_t32,0.07757044115372788,0.011525784359210894,0.011575196185275421
Z3_REPAIR_STRUCTURE,61004,repair,cross_series|SYMBOLIC_FRESH,61002_t32,61003_t96,0.058714954357576864,0.04923675795151293,0.016378586150907867
Z3_REPAIR_STRUCTURE,61004,repair,cross_series|SYMBOLIC_FRESH,61002_t96,61003_t32,0.06295310686003035,0.04076045294660596,0.020031729894028755
Z3_REPAIR_STRUCTURE,61004,repair,cross_series|SYMBOLIC_FRESH,61002_t96,61003_t96,0.08160345567652552,0.0034597553136156145,0.03449998135008337
Z3_REPAIR_STRUCTURE,61004,repair,cross_series|SYMBOLIC_FRESH,61003_t32,61003_t96,0.06389890180262164,0.03886886306142337,0.019810540902623002
Z3_REPAIR_STRUCTURE,61004,repair,duplicate_encoding|IMAGE_CUE_FRESH,61001_t32,61001_t96,0.08314193904472279,0.0003827885772210715,0.08308768557250058
Z3_REPAIR_STRUCTURE,61004,repair,duplicate_encoding|IMAGE_CUE_FRESH,61001_t32,61002_t32,0.08289586067365212,0.0008749453193624135,0.08267884678476323
Z3_REPAIR_STRUCTURE,61004,repair,duplicate_encoding|IMAGE_CUE_FRESH,61001_t32,61002_t96,0.08314193904472279,0.0003827885772210715,0.08308768557250058
Z3_REPAIR_STRUCTURE,61004,repair,duplicate_encoding|IMAGE_CUE_FRESH,61001_t32,61003_t32,0.08289715250436591,0.0008723616579348337,0.08268099305426546
Z3_REPAIR_STRUCTURE,61004,repair,duplicate_encoding|IMAGE_CUE_FRESH,61001_t32,61003_t96,0.08314193904472279,0.0003827885772210715,0.08308768557250058
Z3_REPAIR_STRUCTURE,61004,repair,duplicate_encoding|IMAGE_CUE_FRESH,61001_t96,61002_t32,0.08308725496226264,0.0004921567421413697,0.08292449454559599
Z3_REPAIR_STRUCTURE,61004,repair,duplicate_encoding|IMAGE_CUE_FRESH,61001_t96,61002_t96,0.08333333333333333,0.0,0.08333333333333333
Z3_REPAIR_STRUCTURE,61004,repair,duplicate_encoding|IMAGE_CUE_FRESH,61001_t96,61003_t32,0.08308725496226264,0.0004921567421413697,0.08292449454559599
Z3_REPAIR_STRUCTURE,61004,repair,duplicate_encoding|IMAGE_CUE_FRESH,61001_t96,61003_t96,0.08333333333333333,0.0,0.08333333333333333
Z3_REPAIR_STRUCTURE,61004,repair,duplicate_encoding|IMAGE_CUE_FRESH,61002_t32,61002_t96,0.08308725496226264,0.0004921567421413697,0.08292449454559599
Z3_REPAIR_STRUCTURE,61004,repair,duplicate_encoding|IMAGE_CUE_FRESH,61002_t32,61003_t32,0.08284203781166782,0.0009825910433310103,0.08251822585591137
Z3_REPAIR_STRUCTURE,61004,repair,duplicate_encoding|IMAGE_CUE_FRESH,61002_t32,61003_t96,0.08308725496226264,0.0004921567421413697,0.08292449454559599
Z3_REPAIR_STRUCTURE,61004,repair,duplicate_encoding|IMAGE_CUE_FRESH,61002_t96,61003_t32,0.08308725496226264,0.0004921567421413697,0.08292449454559599
Z3_REPAIR_STRUCTURE,61004,repair,duplicate_encoding|IMAGE_CUE_FRESH,61002_t96,61003_t96,0.08333333333333333,0.0,0.08333333333333333
Z3_REPAIR_STRUCTURE,61004,repair,duplicate_encoding|IMAGE_CUE_FRESH,61003_t32,61003_t96,0.08308725496226264,0.0004921567421413697,0.08292449454559599
Z3_REPAIR_STRUCTURE,61004,repair,duplicate_encoding|SYMBOLIC_FRESH,61001_t32,61001_t96,0.08000873115164057,0.006649204363385508,0.07795050219330982
Z3_REPAIR_STRUCTURE,61004,repair,duplicate_encoding|SYMBOLIC_FRESH,61001_t32,61002_t32,0.08127313723930658,0.00412039218805349,0.07367653002920706
Z3_REPAIR_STRUCTURE,61004,repair,duplicate_encoding|SYMBOLIC_FRESH,61001_t32,61002_t96,0.08000873115164057,0.006649204363385508,0.07795050219330982
Z3_REPAIR_STRUCTURE,61004,repair,duplicate_encoding|SYMBOLIC_FRESH,61001_t32,61003_t32,0.08106795175181966,0.004530763163027335,0.07460774345856683
Z3_REPAIR_STRUCTURE,61004,repair,duplicate_encoding|SYMBOLIC_FRESH,61001_t32,61003_t96,0.08000873115164057,0.006649204363385508,0.07795050219330982
Z3_REPAIR_STRUCTURE,61004,repair,duplicate_encoding|SYMBOLIC_FRESH,61001_t96,61002_t32,0.08056158175340593,0.005543503159854801,0.07867219429156704
Z3_REPAIR_STRUCTURE,61004,repair,duplicate_encoding|SYMBOLIC_FRESH,61001_t96,61002_t96,0.08333333333333333,0.0,0.08333333333333333
Z3_REPAIR_STRUCTURE,61004,repair,duplicate_encoding|SYMBOLIC_FRESH,61001_t96,61003_t32,0.08120205492565938,0.004262556815347901,0.07972675079593912
Z3_REPAIR_STRUCTURE,61004,repair,duplicate_encoding|SYMBOLIC_FRESH,61001_t96,61003_t96,0.08333333333333333,0.0,0.08333333333333333
Z3_REPAIR_STRUCTURE,61004,repair,duplicate_encoding|SYMBOLIC_FRESH,61002_t32,61002_t96,0.08056158175340593,0.005543503159854801,0.07867219429156704
Z3_REPAIR_STRUCTURE,61004,repair,duplicate_encoding|SYMBOLIC_FRESH,61002_t32,61003_t32,0.08167438210738324,0.0033179024519001676,0.07528346672351946
Z3_REPAIR_STRUCTURE,61004,repair,duplicate_encoding|SYMBOLIC_FRESH,61002_t32,61003_t96,0.08056158175340593,0.005543503159854801,0.07867219429156704
Z3_REPAIR_STRUCTURE,61004,repair,duplicate_encoding|SYMBOLIC_FRESH,61002_t96,61003_t32,0.08120205492565938,0.004262556815347901,0.07972675079593912
Z3_REPAIR_STRUCTURE,61004,repair,duplicate_encoding|SYMBOLIC_FRESH,61002_t96,61003_t96,0.08333333333333333,0.0,0.08333333333333333
Z3_REPAIR_STRUCTURE,61004,repair,duplicate_encoding|SYMBOLIC_FRESH,61003_t32,61003_t96,0.08120205492565938,0.004262556815347901,0.07972675079593912
Z3_REPAIR_STRUCTURE,61004,repair,trend|IMAGE_CUE_FRESH,61001_t32,61001_t96,0.08053702587774854,0.00559261491116958,0.07918123185294035
Z3_REPAIR_STRUCTURE,61004,repair,trend|IMAGE_CUE_FRESH,61001_t32,61002_t32,0.081226209509943,0.004214247646780661,0.07387568082800275
Z3_REPAIR_STRUCTURE,61004,repair,trend|IMAGE_CUE_FRESH,61001_t32,61002_t96,0.08045673620135076,0.0057531942639651446,0.07905012035552181
Z3_REPAIR_STRUCTURE,61004,repair,trend|IMAGE_CUE_FRESH,61001_t32,61003_t32,0.08159422387182329,0.003478218923020082,0.07558186607597851
Z3_REPAIR_STRUCTURE,61004,repair,trend|IMAGE_CUE_FRESH,61001_t32,61003_t96,0.08053702587774854,0.00559261491116958,0.07918123185294035
Z3_REPAIR_STRUCTURE,61004,repair,trend|IMAGE_CUE_FRESH,61001_t96,61002_t32,0.07932232288124282,0.008022020904181026,0.07752914577693362
Z3_REPAIR_STRUCTURE,61004,repair,trend|IMAGE_CUE_FRESH,61001_t96,61002_t96,0.0832513072096431,0.00016405224738044732,0.08319705373742088
Z3_REPAIR_STRUCTURE,61004,repair,trend|IMAGE_CUE_FRESH,61001_t96,61003_t32,0.08077158038212238,0.005123505902421888,0.07937688880504196
Z3_REPAIR_STRUCTURE,61004,repair,trend|IMAGE_CUE_FRESH,61001_t96,61003_t96,0.08333333333333333,0.0,0.08333333333333333
Z3_REPAIR_STRUCTURE,61004,repair,trend|IMAGE_CUE_FRESH,61002_t32,61002_t96,0.07944716576286383,0.007772335140939002,0.0774034402273305
Z3_REPAIR_STRUCTURE,61004,repair,trend|IMAGE_CUE_FRESH,61002_t32,61003_t32,0.08109537191229496,0.004475922842076735,0.07404076215820651
Z3_REPAIR_STRUCTURE,61004,repair,trend|IMAGE_CUE_FRESH,61002_t32,61003_t96,0.07932232288124282,0.008022020904181026,0.07752914577693362
Z3_REPAIR_STRUCTURE,61004,repair,trend|IMAGE_CUE_FRESH,61002_t96,61003_t32,0.08074466895113024,0.005177328764406186,0.07924317930718225
Z3_REPAIR_STRUCTURE,61004,repair,trend|IMAGE_CUE_FRESH,61002_t96,61003_t96,0.0832513072096431,0.00016405224738044732,0.08319705373742088
Z3_REPAIR_STRUCTURE,61004,repair,trend|IMAGE_CUE_FRESH,61003_t32,61003_t96,0.08077158038212238,0.005123505902421888,0.07937688880504196
Z3_REPAIR_STRUCTURE,61004,repair,trend|SYMBOLIC_FRESH,61001_t32,61001_t96,0.05683519708880903,0.052996272489048604,0.029286578970796777
Z3_REPAIR_STRUCTURE,61004,repair,trend|SYMBOLIC_FRESH,61001_t32,61002_t32,0.07861571395860938,0.009435238749447905,0.016207397589292655
Z3_REPAIR_STRUCTURE,61004,repair,trend|SYMBOLIC_FRESH,61001_t32,61002_t96,0.05852076660915997,0.04962513344834672,0.029345203311071967
Z3_REPAIR_STRUCTURE,61004,repair,trend|SYMBOLIC_FRESH,61001_t32,61003_t32,0.07800024497744847,0.010666176711769726,0.021312730586600805
Z3_REPAIR_STRUCTURE,61004,repair,trend|SYMBOLIC_FRESH,61001_t32,61003_t96,0.05870022388025646,0.049266218906153736,0.029252860176536534
Z3_REPAIR_STRUCTURE,61004,repair,trend|SYMBOLIC_FRESH,61001_t96,61002_t32,0.048713880258434275,0.06923890614979811,0.024244434223843245
Z3_REPAIR_STRUCTURE,61004,repair,trend|SYMBOLIC_FRESH,61001_t96,61002_t96,0.07638388142927893,0.013898903808108792,0.048116702874762114
Z3_REPAIR_STRUCTURE,61004,repair,trend|SYMBOLIC_FRESH,61001_t96,61003_t32,0.06037620630583989,0.04591425405498688,0.03322212262151239
Z3_REPAIR_STRUCTURE,61004,repair,trend|SYMBOLIC_FRESH,61001_t96,61003_t96,0.08116078851302308,0.0043450896406204975,0.04795697852207117
Z3_REPAIR_STRUCTURE,61004,repair,trend|SYMBOLIC_FRESH,61002_t32,61002_t96,0.051815412354657406,0.06303584195735185,0.024269701347116233
Z3_REPAIR_STRUCTURE,61004,repair,trend|SYMBOLIC_FRESH,61002_t32,61003_t32,0.07686536548250301,0.012935935701660628,0.018583662340960046
Z3_REPAIR_STRUCTURE,61004,repair,trend|SYMBOLIC_FRESH,61002_t32,61003_t96,0.05038847127692278,0.0658897241128211,0.024209688387858946
Z3_REPAIR_STRUCTURE,61004,repair,trend|SYMBOLIC_FRESH,61002_t96,61003_t32,0.06269345239601307,0.041279761874640525,0.03328144849286888
Z3_REPAIR_STRUCTURE,61004,repair,trend|SYMBOLIC_FRESH,61002_t96,61003_t96,0.07931647526558169,0.008033716135503272,0.04800604316201369
Z3_REPAIR_STRUCTURE,61004,repair,trend|SYMBOLIC_FRESH,61003_t32,61003_t96,0.06182349824939832,0.04301967016787002,0.03320006437648612
Z3_REPAIR_STRUCTURE,61004,repair_history,cross_series|IMAGE_CUE_FRESH,61001_t32,61001_t96,0.0,0.02879640570288959,
Z3_REPAIR_STRUCTURE,61004,repair_history,cross_series|IMAGE_CUE_FRESH,61001_t32,61002_t32,0.0010003080686227398,0.05320469176331038,
Z3_REPAIR_STRUCTURE,61004,repair_history,cross_series|IMAGE_CUE_FRESH,61001_t32,61002_t96,0.0,0.02879640570288959,
Z3_REPAIR_STRUCTURE,61004,repair_history,cross_series|IMAGE_CUE_FRESH,61001_t32,61003_t32,0.00019153975306056392,0.042366176261131414,
Z3_REPAIR_STRUCTURE,61004,repair_history,cross_series|IMAGE_CUE_FRESH,61001_t32,61003_t96,0.0,0.02879640570288959,
Z3_REPAIR_STRUCTURE,61004,repair_history,cross_series|IMAGE_CUE_FRESH,61001_t96,61002_t32,0.0,0.026408902197666267,
Z3_REPAIR_STRUCTURE,61004,repair_history,cross_series|IMAGE_CUE_FRESH,61001_t96,61002_t96,0.0,0.0,
Z3_REPAIR_STRUCTURE,61004,repair_history,cross_series|IMAGE_CUE_FRESH,61001_t96,61003_t32,0.0,0.013952850064362948,
Z3_REPAIR_STRUCTURE,61004,repair_history,cross_series|IMAGE_CUE_FRESH,61001_t96,61003_t96,0.0,0.0,
Z3_REPAIR_STRUCTURE,61004,repair_history,cross_series|IMAGE_CUE_FRESH,61002_t32,61002_t96,0.0,0.026408902197666267,
Z3_REPAIR_STRUCTURE,61004,repair_history,cross_series|IMAGE_CUE_FRESH,61002_t32,61003_t32,0.002167568277955982,0.03602661570611725,
Z3_REPAIR_STRUCTURE,61004,repair_history,cross_series|IMAGE_CUE_FRESH,61002_t32,61003_t96,0.0,0.026408902197666267,
Z3_REPAIR_STRUCTURE,61004,repair_history,cross_series|IMAGE_CUE_FRESH,61002_t96,61003_t32,0.0,0.013952850064362948,
Z3_REPAIR_STRUCTURE,61004,repair_history,cross_series|IMAGE_CUE_FRESH,61002_t96,61003_t96,0.0,0.0,
Z3_REPAIR_STRUCTURE,61004,repair_history,cross_series|IMAGE_CUE_FRESH,61003_t32,61003_t96,0.0,0.013952850064362948,
Z3_REPAIR_STRUCTURE,61004,repair_history,cross_series|SYMBOLIC_FRESH,61001_t32,61001_t96,0.001775610403439996,0.08102192246011378,
Z3_REPAIR_STRUCTURE,61004,repair_history,cross_series|SYMBOLIC_FRESH,61001_t32,61002_t32,0.0026159094132410434,0.1074148017079359,
Z3_REPAIR_STRUCTURE,61004,repair_history,cross_series|SYMBOLIC_FRESH,61001_t32,61002_t96,-0.0033609475908414027,0.07985376155278644,
Z3_REPAIR_STRUCTURE,61004,repair_history,cross_series|SYMBOLIC_FRESH,61001_t32,61003_t32,0.009139452954534255,0.11017399354604755,
Z3_REPAIR_STRUCTURE,61004,repair_history,cross_series|SYMBOLIC_FRESH,61001_t32,61003_t96,0.0006716942740683012,0.07028760720269882,
Z3_REPAIR_STRUCTURE,61004,repair_history,cross_series|SYMBOLIC_FRESH,61001_t96,61002_t32,0.002868991617525471,0.06661055580883525,
Z3_REPAIR_STRUCTURE,61004,repair_history,cross_series|SYMBOLIC_FRESH,61001_t96,61002_t96,-0.0027053307867179665,0.03824444645400776,
Z3_REPAIR_STRUCTURE,61004,repair_history,cross_series|SYMBOLIC_FRESH,61001_t96,61003_t32,-0.0010768769152553353,0.09030857179509494,
Z3_REPAIR_STRUCTURE,61004,repair_history,cross_series|SYMBOLIC_FRESH,61001_t96,61003_t96,0.0006220405759728659,0.030088833108357884,
Z3_REPAIR_STRUCTURE,61004,repair_history,cross_series|SYMBOLIC_FRESH,61002_t32,61002_t96,0.0006747293085005688,0.05955780353099492,
Z3_REPAIR_STRUCTURE,61004,repair_history,cross_series|SYMBOLIC_FRESH,61002_t32,61003_t32,0.012616519200463626,0.09099525683108126,
Z3_REPAIR_STRUCTURE,61004,repair_history,cross_series|SYMBOLIC_FRESH,61002_t32,61003_t96,0.0003937239604930903,0.058618943606741664,
Z3_REPAIR_STRUCTURE,61004,repair_history,cross_series|SYMBOLIC_FRESH,61002_t96,61003_t32,-0.006015688279147594,0.08874491762698933,
Z3_REPAIR_STRUCTURE,61004,repair_history,cross_series|SYMBOLIC_FRESH,61002_t96,61003_t96,0.0032001770059494504,0.013491283352514588,
Z3_REPAIR_STRUCTURE,61004,repair_history,cross_series|SYMBOLIC_FRESH,61003_t32,61003_t96,-0.0013085102610164805,0.07782969097045889,
Z3_REPAIR_STRUCTURE,61004,repair_history,duplicate_encoding|IMAGE_CUE_FRESH,61001_t32,61001_t96,0.0,0.006860864366777959,
Z3_REPAIR_STRUCTURE,61004,repair_history,duplicate_encoding|IMAGE_CUE_FRESH,61001_t32,61002_t32,0.0014070212300209969,0.011507453841721499,
Z3_REPAIR_STRUCTURE,61004,repair_history,duplicate_encoding|IMAGE_CUE_FRESH,61001_t32,61002_t96,0.0,0.006860864366777959,
Z3_REPAIR_STRUCTURE,61004,repair_history,duplicate_encoding|IMAGE_CUE_FRESH,61001_t32,61003_t32,0.0009592924356546285,0.012723231156698801,
Z3_REPAIR_STRUCTURE,61004,repair_history,duplicate_encoding|IMAGE_CUE_FRESH,61001_t32,61003_t96,0.0,0.006860864366777959,
Z3_REPAIR_STRUCTURE,61004,repair_history,duplicate_encoding|IMAGE_CUE_FRESH,61001_t96,61002_t32,0.0,0.007460631934985534,
Z3_REPAIR_STRUCTURE,61004,repair_history,duplicate_encoding|IMAGE_CUE_FRESH,61001_t96,61002_t96,0.0,0.0,
Z3_REPAIR_STRUCTURE,61004,repair_history,duplicate_encoding|IMAGE_CUE_FRESH,61001_t96,61003_t32,0.0,0.007780951661230099,
Z3_REPAIR_STRUCTURE,61004,repair_history,duplicate_encoding|IMAGE_CUE_FRESH,61001_t96,61003_t96,0.0,0.0,
Z3_REPAIR_STRUCTURE,61004,repair_history,duplicate_encoding|IMAGE_CUE_FRESH,61002_t32,61002_t96,0.0,0.007460631934985534,
Z3_REPAIR_STRUCTURE,61004,repair_history,duplicate_encoding|IMAGE_CUE_FRESH,61002_t32,61003_t32,0.00147043653210631,0.012300710532003012,
Z3_REPAIR_STRUCTURE,61004,repair_history,duplicate_encoding|IMAGE_CUE_FRESH,61002_t32,61003_t96,0.0,0.007460631934985534,
Z3_REPAIR_STRUCTURE,61004,repair_history,duplicate_encoding|IMAGE_CUE_FRESH,61002_t96,61003_t32,0.0,0.007780951661230099,
Z3_REPAIR_STRUCTURE,61004,repair_history,duplicate_encoding|IMAGE_CUE_FRESH,61002_t96,61003_t96,0.0,0.0,
Z3_REPAIR_STRUCTURE,61004,repair_history,duplicate_encoding|IMAGE_CUE_FRESH,61003_t32,61003_t96,0.0,0.007780951661230099,
Z3_REPAIR_STRUCTURE,61004,repair_history,duplicate_encoding|SYMBOLIC_FRESH,61001_t32,61001_t96,0.0,0.03414380645444689,
Z3_REPAIR_STRUCTURE,61004,repair_history,duplicate_encoding|SYMBOLIC_FRESH,61001_t32,61002_t32,0.010095396549934599,0.0494601697724381,
Z3_REPAIR_STRUCTURE,61004,repair_history,duplicate_encoding|SYMBOLIC_FRESH,61001_t32,61002_t96,0.0,0.03414380645444689,
Z3_REPAIR_STRUCTURE,61004,repair_history,duplicate_encoding|SYMBOLIC_FRESH,61001_t32,61003_t32,-0.0007246968963584203,0.06234424328066848,
Z3_REPAIR_STRUCTURE,61004,repair_history,duplicate_encoding|SYMBOLIC_FRESH,61001_t32,61003_t96,0.0,0.03414380645444689,
Z3_REPAIR_STRUCTURE,61004,repair_history,duplicate_encoding|SYMBOLIC_FRESH,61001_t96,61002_t32,0.0,0.035507156417860404,
Z3_REPAIR_STRUCTURE,61004,repair_history,duplicate_encoding|SYMBOLIC_FRESH,61001_t96,61002_t96,0.0,0.0,
Z3_REPAIR_STRUCTURE,61004,repair_history,duplicate_encoding|SYMBOLIC_FRESH,61001_t96,61003_t32,0.0,0.026751043033504746,
Z3_REPAIR_STRUCTURE,61004,repair_history,duplicate_encoding|SYMBOLIC_FRESH,61001_t96,61003_t96,0.0,0.0,
Z3_REPAIR_STRUCTURE,61004,repair_history,duplicate_encoding|SYMBOLIC_FRESH,61002_t32,61002_t96,0.0,0.035507156417860404,
Z3_REPAIR_STRUCTURE,61004,repair_history,duplicate_encoding|SYMBOLIC_FRESH,61002_t32,61003_t32,0.0005035266488540017,0.06125114615365715,
Z3_REPAIR_STRUCTURE,61004,repair_history,duplicate_encoding|SYMBOLIC_FRESH,61002_t32,61003_t96,0.0,0.035507156417860404,
Z3_REPAIR_STRUCTURE,61004,repair_history,duplicate_encoding|SYMBOLIC_FRESH,61002_t96,61003_t32,0.0,0.026751043033504746,
Z3_REPAIR_STRUCTURE,61004,repair_history,duplicate_encoding|SYMBOLIC_FRESH,61002_t96,61003_t96,0.0,0.0,
Z3_REPAIR_STRUCTURE,61004,repair_history,duplicate_encoding|SYMBOLIC_FRESH,61003_t32,61003_t96,0.0,0.026751043033504746,
Z3_REPAIR_STRUCTURE,61004,repair_history,trend|IMAGE_CUE_FRESH,61001_t32,61001_t96,0.0,0.04024427097621459,
Z3_REPAIR_STRUCTURE,61004,repair_history,trend|IMAGE_CUE_FRESH,61001_t32,61002_t32,0.003110383236005514,0.06989431184531608,
Z3_REPAIR_STRUCTURE,61004,repair_history,trend|IMAGE_CUE_FRESH,61001_t32,61002_t96,-0.0010684826264853765,0.043311923208601166,
Z3_REPAIR_STRUCTURE,61004,repair_history,trend|IMAGE_CUE_FRESH,61001_t32,61003_t32,0.012994942243792055,0.04750234626012267,
Z3_REPAIR_STRUCTURE,61004,repair_history,trend|IMAGE_CUE_FRESH,61001_t32,61003_t96,0.0,0.04024427097621459,
Z3_REPAIR_STRUCTURE,61004,repair_history,trend|IMAGE_CUE_FRESH,61001_t96,61002_t32,0.0,0.035870807341112525,
Z3_REPAIR_STRUCTURE,61004,repair_history,trend|IMAGE_CUE_FRESH,61001_t96,61002_t96,0.0,0.000930686979415825,
Z3_REPAIR_STRUCTURE,61004,repair_history,trend|IMAGE_CUE_FRESH,61001_t96,61003_t32,0.0,0.0332479597714922,
Z3_REPAIR_STRUCTURE,61004,repair_history,trend|IMAGE_CUE_FRESH,61001_t96,61003_t96,0.0,0.0,
Z3_REPAIR_STRUCTURE,61004,repair_history,trend|IMAGE_CUE_FRESH,61002_t32,61002_t96,0.0008609194026566275,0.035079655515215094,
Z3_REPAIR_STRUCTURE,61004,repair_history,trend|IMAGE_CUE_FRESH,61002_t32,61003_t32,0.016151937788900693,0.03681489153480334,
Z3_REPAIR_STRUCTURE,61004,repair_history,trend|IMAGE_CUE_FRESH,61002_t32,61003_t96,0.0,0.035870807341112525,
Z3_REPAIR_STRUCTURE,61004,repair_history,trend|IMAGE_CUE_FRESH,61002_t96,61003_t32,0.0003126718937879026,0.03355330296333222,
Z3_REPAIR_STRUCTURE,61004,repair_history,trend|IMAGE_CUE_FRESH,61002_t96,61003_t96,0.0,0.000930686979415825,
Z3_REPAIR_STRUCTURE,61004,repair_history,trend|IMAGE_CUE_FRESH,61003_t32,61003_t96,0.0,0.0332479597714922,
Z3_REPAIR_STRUCTURE,61004,repair_history,trend|SYMBOLIC_FRESH,61001_t32,61001_t96,-0.002670535356135688,0.07992120574226469,
Z3_REPAIR_STRUCTURE,61004,repair_history,trend|SYMBOLIC_FRESH,61001_t32,61002_t32,0.011853964125557451,0.0958895686276679,
Z3_REPAIR_STRUCTURE,61004,repair_history,trend|SYMBOLIC_FRESH,61001_t32,61002_t96,-0.00010379031647250088,0.06620564882399621,
Z3_REPAIR_STRUCTURE,61004,repair_history,trend|SYMBOLIC_FRESH,61001_t32,61003_t32,0.013341636351613425,0.10366674424095301,
Z3_REPAIR_STRUCTURE,61004,repair_history,trend|SYMBOLIC_FRESH,61001_t32,61003_t96,0.0013664584704396908,0.06416309958425151,
Z3_REPAIR_STRUCTURE,61004,repair_history,trend|SYMBOLIC_FRESH,61001_t96,61002_t32,0.00010696881717960308,0.08092812110716024,
Z3_REPAIR_STRUCTURE,61004,repair_history,trend|SYMBOLIC_FRESH,61001_t96,61002_t96,0.0008567330884934385,0.025829163876800964,
Z3_REPAIR_STRUCTURE,61004,repair_history,trend|SYMBOLIC_FRESH,61001_t96,61003_t32,0.0025647586418125405,0.08676506152329143,
Z3_REPAIR_STRUCTURE,61004,repair_history,trend|SYMBOLIC_FRESH,61001_t96,61003_t96,0.0025936627415594125,0.023253252904748688,
Z3_REPAIR_STRUCTURE,61004,repair_history,trend|SYMBOLIC_FRESH,61002_t32,61002_t96,0.0024139606289475704,0.0677320706446822,
Z3_REPAIR_STRUCTURE,61004,repair_history,trend|SYMBOLIC_FRESH,61002_t32,61003_t32,0.010386357224879883,0.11613922620594623,
Z3_REPAIR_STRUCTURE,61004,repair_history,trend|SYMBOLIC_FRESH,61002_t32,61003_t96,0.00021117759893405958,0.07303558503878887,
Z3_REPAIR_STRUCTURE,61004,repair_history,trend|SYMBOLIC_FRESH,61002_t96,61003_t32,0.001436107652597306,0.08044029666277978,
Z3_REPAIR_STRUCTURE,61004,repair_history,trend|SYMBOLIC_FRESH,61002_t96,61003_t96,0.0026967217430079,0.014465068062909604,
Z3_REPAIR_STRUCTURE,61004,repair_history,trend|SYMBOLIC_FRESH,61003_t32,61003_t96,-0.000653706552681414,0.08551787340741689,
