lineage_id,source_recipe,source_step,origin_id,stage,branch_recipe,H,panel,aggregation,family,interface,draws,valid_n,X_n,pX,W_n,pW,S_n,pS,I_n,pI,F_sum_valid,F_given_valid,B_sum_valid,B_given_valid,M_sum_valid,M_given_valid,copy_sum_valid,copy_given_valid,C_sum,C_mean,coordinate_correct_sum,coordinate_denominator,coord_accuracy,relation_full_wrong_n,relation_full_wrong,delta_pX,delta_C_mean,delta_copy_given_valid,delta_coord_accuracy,delta_relation_full_wrong,delta_F_given_valid,delta_B_given_valid,delta_M_given_valid
61001,R0,96,61001_t96,late,R4,8,D_H8,origin,ALL,ALL,192,187,136,0.7083333333333334,51,0.265625,0,0.0,5,0.026041666666666668,136,0.7272727272727273,45,0.24064171122994651,181,0.9679144385026738,25,0.13368983957219252,158.66666666666666,0.8263888888888888,652.0,768,0.8489583333333334,8,0.041666666666666664,0.0,0.00520833333333337,0.02616295785176241,0.01302083333333337,0.0,-0.003910068426197455,-0.03892818124317174,-0.04283824966936922
61001,R0,96,61001_t96,late,R4,8,D_H8,origin,duplicate_encoding,SYMBOLIC_FRESH,32,32,32,1.0,0,0.0,0,0.0,0,0.0,32,1.0,0,0.0,32,1.0,0,0.0,32.0,1.0,128.0,128,1.0,0,0.0,0.0,0.0,0.0,0.0,0.0,0.0,0.0,0.0
61001,R0,96,61001_t96,late,R4,8,D_H8,origin,duplicate_encoding,IMAGE_CUE_FRESH,32,32,32,1.0,0,0.0,0,0.0,0,0.0,32,1.0,0,0.0,32,1.0,0,0.0,32.0,1.0,128.0,128,1.0,0,0.0,0.0,0.0,0.0,0.0,0.0,0.0,0.0,0.0
61001,R0,96,61001_t96,late,R4,8,D_H8,origin,cross_series,SYMBOLIC_FRESH,32,28,8,0.25,20,0.625,0,0.0,4,0.125,8,0.2857142857142857,2,0.07142857142857142,10,0.35714285714285715,18,0.6428571428571429,18.666666666666664,0.5833333333333333,90.0,128,0.703125,0,0.0,0.0,0.0,0.05665024630541882,-0.0078125,0.0,0.009852216748768461,-0.0665024630541872,-0.056650246305418706
61001,R0,96,61001_t96,late,R4,8,D_H8,origin,cross_series,IMAGE_CUE_FRESH,32,32,32,1.0,0,0.0,0,0.0,0,0.0,32,1.0,0,0.0,32,1.0,0,0.0,32.0,1.0,128.0,128,1.0,0,0.0,0.0,0.0,0.0,0.0,0.0,0.0,0.0,0.0
61001,R0,96,61001_t96,late,R4,8,D_H8,origin,trend,SYMBOLIC_FRESH,32,31,0,0.0,31,0.96875,0,0.0,1,0.03125,0,0.0,43,1.3870967741935485,43,1.3870967741935485,7,0.22580645161290322,12.0,0.375,50.0,128,0.390625,8,0.25,0.0,0.03125,0.12235817575083426,0.0859375,0.0,0.0,-0.26807563959955494,-0.26807563959955494
61001,R0,96,61001_t96,late,R4,8,D_H8,origin,trend,IMAGE_CUE_FRESH,32,32,32,1.0,0,0.0,0,0.0,0,0.0,32,1.0,0,0.0,32,1.0,0,0.0,32.0,1.0,128.0,128,1.0,0,0.0,0.0,0.0,0.0,0.0,0.0,0.0,0.0,0.0
61001,R0,96,61001_t96,late,R4,32,D,origin,ALL,ALL,2304,2222,1816,0.7881944444444444,389,0.16883680555555555,17,0.007378472222222222,82,0.035590277777777776,1820,0.819081908190819,330,0.1485148514851485,2164,0.9738973897389739,207,0.09315931593159316,2039.1666666666667,0.8850549768518519,8156.0,9216,0.8849826388888888,60,0.026041666666666668,0.0,0.01012731481481488,-0.004950495049504955,-0.004557291666666741,0.006510416666666668,-0.0009000900090009312,0.018001800180017985,0.016651665166516616
61001,R0,96,61001_t96,late,R4,32,D,origin,duplicate_encoding,SYMBOLIC_FRESH,384,384,384,1.0,0,0.0,0,0.0,0,0.0,384,1.0,0,0.0,384,1.0,0,0.0,384.0,1.0,1536.0,1536,1.0,0,0.0,0.0,0.0,0.0,0.0,0.0,0.0,0.0,0.0
61001,R0,96,61001_t96,late,R4,32,D,origin,duplicate_encoding,IMAGE_CUE_FRESH,384,384,384,1.0,0,0.0,0,0.0,0,0.0,384,1.0,0,0.0,384,1.0,0,0.0,384.0,1.0,1536.0,1536,1.0,0,0.0,0.0,0.0,0.0,0.0,0.0,0.0,0.0,0.0
61001,R0,96,61001_t96,late,R4,32,D,origin,cross_series,SYMBOLIC_FRESH,384,375,150,0.390625,208,0.5416666666666666,17,0.044270833333333336,9,0.0234375,154,0.4106666666666667,62,0.16533333333333333,217,0.5786666666666667,172,0.45866666666666667,272.6666666666667,0.7100694444444445,1217.0,1536,0.7923177083333334,0,0.0,-0.005208333333333315,-0.0017361111111109384,-0.01791735537190081,0.006510416666666741,0.0,-0.02459504132231405,0.05514049586776859,0.03321212121212125
61001,R0,96,61001_t96,late,R4,32,D,origin,cross_series,IMAGE_CUE_FRESH,384,384,384,1.0,0,0.0,0,0.0,0,0.0,384,1.0,0,0.0,384,1.0,0,0.0,384.0,1.0,1536.0,1536,1.0,0,0.0,0.0,0.0,0.0,0.0,0.0,0.0,0.0,0.0
61001,R0,96,61001_t96,late,R4,32,D,origin,trend,SYMBOLIC_FRESH,384,311,130,0.3385416666666667,181,0.4713541666666667,0,0.0,73,0.19010416666666666,130,0.4180064308681672,268,0.8617363344051447,411,1.3215434083601285,35,0.11254019292604502,230.5,0.6002604166666666,795.0,1536,0.517578125,60,0.15625,0.00520833333333337,0.0625,-0.026778692522871392,-0.03385416666666663,0.0390625,0.021721601146804936,0.08774252635560909,0.10482514210625848
61001,R0,96,61001_t96,late,R4,32,D,origin,trend,IMAGE_CUE_FRESH,384,384,384,1.0,0,0.0,0,0.0,0,0.0,384,1.0,0,0.0,384,1.0,0,0.0,384.0,1.0,1536.0,1536,1.0,0,0.0,0.0,0.0,0.0,0.0,0.0,0.0,0.0,0.0
61004,R1,32,61004_t32,early,DIRECT_REPAIR_R4,8,D_H8,origin,ALL,ALL,192,187,110,0.5729166666666666,76,0.3958333333333333,1,0.005208333333333333,5,0.026041666666666668,117,0.6256684491978609,108,0.5775401069518716,241,1.2887700534759359,16,0.0855614973262032,148.16666666666666,0.7717013888888888,570.0,768,0.7421875,19,0.09895833333333333,-0.02083333333333337,-0.02170138888888895,0.01529122705593293,0.00651041666666663,0.0,-0.006763983234571502,-0.0008382714265067204,-0.05717589247001009
61004,R1,32,61004_t32,early,DIRECT_REPAIR_R4,8,D_H8,origin,duplicate_encoding,SYMBOLIC_FRESH,32,32,25,0.78125,7,0.21875,0,0.0,0,0.0,31,0.96875,7,0.21875,38,1.1875,0,0.0,31.0,0.96875,120.0,128,0.9375,6,0.1875,-0.125,-0.03125,0.0,-0.0390625,0.09375,-0.03125,0.125,0.09375
61004,R1,32,61004_t32,early,DIRECT_REPAIR_R4,8,D_H8,origin,duplicate_encoding,IMAGE_CUE_FRESH,32,32,32,1.0,0,0.0,0,0.0,0,0.0,32,1.0,0,0.0,32,1.0,0,0.0,32.0,1.0,128.0,128,1.0,0,0.0,0.0,0.0,0.0,0.0,0.0,0.0,0.0,0.0
61004,R1,32,61004_t32,early,DIRECT_REPAIR_R4,8,D_H8,origin,cross_series,SYMBOLIC_FRESH,32,29,7,0.21875,21,0.65625,1,0.03125,3,0.09375,8,0.27586206896551724,21,0.7241379310344828,41,1.4137931034482758,7,0.2413793103448276,19.666666666666664,0.6145833333333333,74.0,128,0.578125,2,0.0625,0.03125,-0.05208333333333337,0.041379310344827586,0.0625,-0.0625,0.07586206896551723,-0.27586206896551724,-0.3195402298850576
61004,R1,32,61004_t32,early,DIRECT_REPAIR_R4,8,D_H8,origin,cross_series,IMAGE_CUE_FRESH,32,32,32,1.0,0,0.0,0,0.0,0,0.0,32,1.0,0,0.0,32,1.0,0,0.0,32.0,1.0,128.0,128,1.0,0,0.0,0.0,0.0,0.0,0.0,0.0,0.0,0.0,0.0
61004,R1,32,61004_t32,early,DIRECT_REPAIR_R4,8,D_H8,origin,trend,SYMBOLIC_FRESH,32,30,0,0.0,30,0.9375,0,0.0,2,0.0625,0,0.0,70,2.3333333333333335,74,2.466666666666667,1,0.03333333333333333,15.0,0.46875,20.0,128,0.15625,11,0.34375,0.0,-0.015625,-0.003703703703703702,0.015625,0.0,0.0,0.0,-0.16296296296296298
61004,R1,32,61004_t32,early,DIRECT_REPAIR_R4,8,D_H8,origin,trend,IMAGE_CUE_FRESH,32,32,14,0.4375,18,0.5625,0,0.0,0,0.0,14,0.4375,10,0.3125,24,0.75,8,0.25,18.5,0.578125,100.0,128,0.78125,0,0.0,-0.03125,-0.03125,0.0625,0.0,-0.03125,-0.03125,-0.03125,-0.09375
61004,R1,32,61004_t32,early,DIRECT_REPAIR_R4,32,D,origin,ALL,ALL,2304,2263,1744,0.7569444444444444,495,0.21484375,24,0.010416666666666666,41,0.017795138888888888,1756,0.7759611135660628,385,0.17012814847547503,2191,0.9681838267786125,244,0.10782147591692444,1971.0,0.85546875,8160.0,9216,0.8854166666666666,45,0.01953125,-0.00347222222222221,0.0031105324074074403,0.009730042272894257,0.004665798611111049,0.0008680555555555559,-0.007438797663409047,-0.010519876380272852,-0.010511246457073242
61004,R1,32,61004_t32,early,DIRECT_REPAIR_R4,32,D,origin,duplicate_encoding,SYMBOLIC_FRESH,384,384,373,0.9713541666666666,11,0.028645833333333332,0,0.0,0,0.0,375,0.9765625,7,0.018229166666666668,382,0.9947916666666666,4,0.010416666666666666,375.0,0.9765625,1520.0,1536,0.9895833333333334,2,0.005208333333333333,-0.0078125,-0.0026041666666666297,-0.002604166666666668,-0.0032552083333332593,0.005208333333333333,-0.0026041666666666297,0.010416666666666668,0.005208333333333259
61004,R1,32,61004_t32,early,DIRECT_REPAIR_R4,32,D,origin,duplicate_encoding,IMAGE_CUE_FRESH,384,384,384,1.0,0,0.0,0,0.0,0,0.0,384,1.0,0,0.0,384,1.0,0,0.0,384.0,1.0,1536.0,1536,1.0,0,0.0,0.0,0.0,0.0,0.0,0.0,0.0,0.0,0.0
61004,R1,32,61004_t32,early,DIRECT_REPAIR_R4,32,D,origin,cross_series,SYMBOLIC_FRESH,384,372,128,0.3333333333333333,227,0.5911458333333334,17,0.044270833333333336,12,0.03125,137,0.3682795698924731,96,0.25806451612903225,251,0.6747311827956989,151,0.40591397849462363,251.66666666666666,0.6553819444444444,1157.0,1536,0.7532552083333334,1,0.0026041666666666665,0.005208333333333315,0.01388888888888895,0.03023830281894796,0.02018229166666674,-0.005208333333333334,-0.0073961057832025445,-0.07436791630340017,-0.0712147631502471
61004,R1,32,61004_t32,early,DIRECT_REPAIR_R4,32,D,origin,cross_series,IMAGE_CUE_FRESH,384,384,382,0.9947916666666666,2,0.005208333333333333,0,0.0,0,0.0,383,0.9973958333333334,1,0.0026041666666666665,384,1.0,1,0.0026041666666666665,383.3333333333333,0.9982638888888888,1534.0,1536,0.9986979166666666,0,0.0,-0.00520833333333337,-0.0017361111111111605,0.0026041666666666665,-0.0013020833333333703,0.0,-0.0026041666666666297,0.0026041666666666665,0.0
61004,R1,32,61004_t32,early,DIRECT_REPAIR_R4,32,D,origin,trend,SYMBOLIC_FRESH,384,355,119,0.3098958333333333,229,0.5963541666666666,7,0.018229166666666668,29,0.07552083333333333,119,0.3352112676056338,280,0.7887323943661971,430,1.2112676056338028,63,0.17746478873239438,206.5,0.5377604166666666,904.0,1536,0.5885416666666666,42,0.109375,-0.018229166666666685,0.005208333333333259,0.030490725331818014,0.01106770833333326,0.005208333333333329,-0.02790112432520192,-0.018184032146771223,-0.007752567276860134
61004,R1,32,61004_t32,early,DIRECT_REPAIR_R4,32,D,origin,trend,IMAGE_CUE_FRESH,384,384,358,0.9322916666666666,26,0.06770833333333333,0,0.0,0,0.0,358,0.9322916666666666,1,0.0026041666666666665,360,0.9375,25,0.06510416666666667,370.5,0.96484375,1509.0,1536,0.982421875,0,0.0,0.005208333333333259,0.00390625,-0.0026041666666666574,0.0013020833333333703,0.0,0.005208333333333259,0.0,0.00520833333333337
61002,R1,32,61002_t32,early,DIRECT_REPAIR_R4,8,D_H8,origin,ALL,ALL,192,185,105,0.546875,80,0.4166666666666667,0,0.0,7,0.036458333333333336,110,0.5945945945945946,113,0.6108108108108108,243,1.3135135135135134,21,0.11351351351351352,148.83333333333334,0.7751736111111112,552.0,768,0.71875,22,0.11458333333333333,-0.06770833333333337,-0.01909722222222221,0.05437372856727696,-0.015625,0.04166666666666666,-0.0451903516419645,0.003283929090380666,-0.07358326068003507
61002,R1,32,61002_t32,early,DIRECT_REPAIR_R4,8,D_H8,origin,duplicate_encoding,SYMBOLIC_FRESH,32,31,26,0.8125,5,0.15625,0,0.0,1,0.03125,30,0.967741935483871,5,0.16129032258064516,35,1.1290322580645162,1,0.03225806451612903,30.0,0.9375,118.0,128,0.921875,4,0.125,-0.15625,-0.0625,0.03225806451612903,-0.0703125,0.09375,-0.032258064516129004,0.13004032258064516,0.09778225806451624
61002,R1,32,61002_t32,early,DIRECT_REPAIR_R4,8,D_H8,origin,duplicate_encoding,IMAGE_CUE_FRESH,32,32,32,1.0,0,0.0,0,0.0,0,0.0,32,1.0,0,0.0,32,1.0,0,0.0,32.0,1.0,128.0,128,1.0,0,0.0,0.0,0.0,0.0,0.0,0.0,0.0,0.0,0.0
61002,R1,32,61002_t32,early,DIRECT_REPAIR_R4,8,D_H8,origin,cross_series,SYMBOLIC_FRESH,32,30,7,0.21875,23,0.71875,0,0.0,2,0.0625,7,0.23333333333333334,30,1.0,50,1.6666666666666667,7,0.23333333333333334,21.333333333333332,0.6666666666666666,67.0,128,0.5234375,3,0.09375,0.03125,0.01041666666666663,0.07204301075268818,0.078125,0.0,0.03978494623655915,-0.35483870967741926,-0.4623655913978493
61002,R1,32,61002_t32,early,DIRECT_REPAIR_R4,8,D_H8,origin,cross_series,IMAGE_CUE_FRESH,32,32,31,0.96875,1,0.03125,0,0.0,0,0.0,31,0.96875,0,0.0,31,0.96875,1,0.03125,31.0,0.96875,127.0,128,0.9921875,0,0.0,-0.03125,-0.03125,0.03125,-0.0078125,0.0,-0.03125,0.0,-0.03125
61002,R1,32,61002_t32,early,DIRECT_REPAIR_R4,8,D_H8,origin,trend,SYMBOLIC_FRESH,32,28,0,0.0,28,0.875,0,0.0,4,0.125,0,0.0,65,2.3214285714285716,72,2.5714285714285716,0,0.0,17.0,0.53125,19.0,128,0.1484375,15,0.46875,0.0,0.109375,-0.037037037037037035,-0.0234375,0.1875,0.0,0.1362433862433865,0.12698412698412698
61002,R1,32,61002_t32,early,DIRECT_REPAIR_R4,8,D_H8,origin,trend,IMAGE_CUE_FRESH,32,32,9,0.28125,23,0.71875,0,0.0,0,0.0,10,0.3125,13,0.40625,23,0.71875,12,0.375,17.5,0.546875,93.0,128,0.7265625,0,0.0,-0.25,-0.140625,0.21875,-0.0703125,-0.03125,-0.21875,0.0625,-0.1875
61002,R1,32,61002_t32,early,DIRECT_REPAIR_R4,32,D,origin,ALL,ALL,2304,2289,1763,0.7651909722222222,497,0.21571180555555555,29,0.012586805555555556,15,0.006510416666666667,1767,0.7719528178243774,275,0.12013979903888161,2076,0.9069462647444299,307,0.13411970292704237,1966.0,0.8532986111111112,8359.0,9216,0.9070095486111112,26,0.011284722222222222,-0.0008680555555555802,0.0005063657407408106,0.02281228243234272,0.01388888888888895,-0.003472222222222222,-0.010290998430039555,-0.026503310501754418,-0.03828341723436879
61002,R1,32,61002_t32,early,DIRECT_REPAIR_R4,32,D,origin,duplicate_encoding,SYMBOLIC_FRESH,384,384,376,0.9791666666666666,8,0.020833333333333332,0,0.0,0,0.0,376,0.9791666666666666,0,0.0,376,0.9791666666666666,8,0.020833333333333332,376.0,0.9791666666666666,1528.0,1536,0.9947916666666666,0,0.0,0.0026041666666666297,0.0026041666666666297,0.0026041666666666644,0.001953125,0.0,0.0026041666666666297,-0.005208333333333333,-0.0026041666666667407
61002,R1,32,61002_t32,early,DIRECT_REPAIR_R4,32,D,origin,duplicate_encoding,IMAGE_CUE_FRESH,384,384,384,1.0,0,0.0,0,0.0,0,0.0,384,1.0,0,0.0,384,1.0,0,0.0,384.0,1.0,1536.0,1536,1.0,0,0.0,0.0026041666666666297,0.0026041666666666297,-0.0026041666666666665,0.0006510416666666297,0.0,0.0026041666666666297,0.0,0.0026041666666666297
61002,R1,32,61002_t32,early,DIRECT_REPAIR_R4,32,D,origin,cross_series,SYMBOLIC_FRESH,384,375,133,0.3463541666666667,217,0.5651041666666666,25,0.06510416666666667,9,0.0234375,137,0.36533333333333334,69,0.184,219,0.584,170,0.4533333333333333,259.6666666666667,0.6762152777777778,1193.0,1536,0.7766927083333334,1,0.0026041666666666665,-0.0078125,0.0078125,0.020178253119429557,0.00846354166666674,0.0026041666666666665,-0.008998217468805692,-0.03525133689839571,-0.030973262032085613
61002,R1,32,61002_t32,early,DIRECT_REPAIR_R4,32,D,origin,cross_series,IMAGE_CUE_FRESH,384,384,382,0.9947916666666666,2,0.005208333333333333,0,0.0,0,0.0,382,0.9947916666666666,0,0.0,384,1.0,0,0.0,383.3333333333333,0.9982638888888888,1534.0,1536,0.9986979166666666,0,0.0,0.0,0.0017361111111110494,0.0,0.0,0.0,-0.00520833333333337,-0.005208333333333333,-0.005208333333333259
61002,R1,32,61002_t32,early,DIRECT_REPAIR_R4,32,D,origin,trend,SYMBOLIC_FRESH,384,378,120,0.3125,254,0.6614583333333334,4,0.010416666666666666,6,0.015625,120,0.31746031746031744,206,0.544973544973545,345,0.9126984126984127,113,0.29894179894179895,187.0,0.4869791666666667,1048.0,1536,0.6822916666666666,25,0.06510416666666667,-0.0078125,-0.018229166666666685,0.1096762622186351,0.0703125,-0.0234375,-0.029997309658326643,-0.147116850506681,-0.20312079634113533
61002,R1,32,61002_t32,early,DIRECT_REPAIR_R4,32,D,origin,trend,IMAGE_CUE_FRESH,384,384,368,0.9583333333333334,16,0.041666666666666664,0,0.0,0,0.0,368,0.9583333333333334,0,0.0,368,0.9583333333333334,16,0.041666666666666664,376.0,0.9791666666666666,1520.0,1536,0.9895833333333334,0,0.0,0.00520833333333337,0.00651041666666663,0.0026041666666666644,0.001953125,0.0,0.00520833333333337,-0.0026041666666666665,-0.0026041666666666297
61001,R0,96,61001_t96,late,R5,8,D_H8,origin,ALL,ALL,192,191,136,0.7083333333333334,55,0.2864583333333333,0,0.0,1,0.005208333333333333,136,0.7120418848167539,51,0.2670157068062827,187,0.9790575916230366,23,0.12041884816753927,158.66666666666666,0.8263888888888888,658.0,768,0.8567708333333334,5,0.026041666666666668,0.0,0.00520833333333337,0.01289196644710916,0.02083333333333337,-0.015624999999999997,-0.019140910882170847,-0.012554185666835527,-0.031695096549006374
61001,R0,96,61001_t96,late,R5,8,D_H8,origin,duplicate_encoding,SYMBOLIC_FRESH,32,32,32,1.0,0,0.0,0,0.0,0,0.0,32,1.0,0,0.0,32,1.0,0,0.0,32.0,1.0,128.0,128,1.0,0,0.0,0.0,0.0,0.0,0.0,0.0,0.0,0.0,0.0
61001,R0,96,61001_t96,late,R5,8,D_H8,origin,duplicate_encoding,IMAGE_CUE_FRESH,32,32,32,1.0,0,0.0,0,0.0,0,0.0,32,1.0,0,0.0,32,1.0,0,0.0,32.0,1.0,128.0,128,1.0,0,0.0,0.0,0.0,0.0,0.0,0.0,0.0,0.0,0.0
61001,R0,96,61001_t96,late,R5,8,D_H8,origin,cross_series,SYMBOLIC_FRESH,32,31,8,0.25,23,0.71875,0,0.0,1,0.03125,8,0.25806451612903225,6,0.1935483870967742,14,0.45161290322580644,17,0.5483870967741935,18.666666666666664,0.5833333333333333,95.0,128,0.7421875,0,0.0,0.0,0.0,-0.03781979977753058,0.03125,0.0,-0.017797552836484987,0.05561735261401557,0.03781979977753058
61001,R0,96,61001_t96,late,R5,8,D_H8,origin,cross_series,IMAGE_CUE_FRESH,32,32,32,1.0,0,0.0,0,0.0,0,0.0,32,1.0,0,0.0,32,1.0,0,0.0,32.0,1.0,128.0,128,1.0,0,0.0,0.0,0.0,0.0,0.0,0.0,0.0,0.0,0.0
61001,R0,96,61001_t96,late,R5,8,D_H8,origin,trend,SYMBOLIC_FRESH,32,32,0,0.0,32,1.0,0,0.0,0,0.0,0,0.0,45,1.40625,45,1.40625,6,0.1875,12.0,0.375,51.0,128,0.3984375,5,0.15625,0.0,0.03125,0.08405172413793104,0.09375,-0.09375,0.0,-0.24892241379310343,-0.24892241379310343
61001,R0,96,61001_t96,late,R5,8,D_H8,origin,trend,IMAGE_CUE_FRESH,32,32,32,1.0,0,0.0,0,0.0,0,0.0,32,1.0,0,0.0,32,1.0,0,0.0,32.0,1.0,128.0,128,1.0,0,0.0,0.0,0.0,0.0,0.0,0.0,0.0,0.0,0.0
61001,R0,96,61001_t96,late,R5,32,D,origin,ALL,ALL,2304,2295,1811,0.7860243055555556,448,0.19444444444444445,36,0.015625,9,0.00390625,1815,0.7908496732026143,257,0.11198257080610022,2088,0.9098039215686274,288,0.12549019607843137,2027.1666666666667,0.8798466435185186,8443.0,9216,0.9161241319444444,33,0.014322916666666666,-0.0021701388888888395,0.004918981481481621,0.02738038509733326,0.02658420138888884,-0.005208333333333334,-0.02913232499720564,-0.018530480499030305,-0.04744180300382983
61001,R0,96,61001_t96,late,R5,32,D,origin,duplicate_encoding,SYMBOLIC_FRESH,384,384,384,1.0,0,0.0,0,0.0,0,0.0,384,1.0,0,0.0,384,1.0,0,0.0,384.0,1.0,1536.0,1536,1.0,0,0.0,0.0,0.0,0.0,0.0,0.0,0.0,0.0,0.0
61001,R0,96,61001_t96,late,R5,32,D,origin,duplicate_encoding,IMAGE_CUE_FRESH,384,384,384,1.0,0,0.0,0,0.0,0,0.0,384,1.0,0,0.0,384,1.0,0,0.0,384.0,1.0,1536.0,1536,1.0,0,0.0,0.0,0.0,0.0,0.0,0.0,0.0,0.0,0.0
61001,R0,96,61001_t96,late,R5,32,D,origin,cross_series,SYMBOLIC_FRESH,384,382,147,0.3828125,215,0.5598958333333334,20,0.052083333333333336,2,0.005208333333333333,151,0.39528795811518325,62,0.16230366492146597,213,0.5575916230366492,179,0.468586387434555,272.6666666666667,0.7100694444444445,1235.0,1536,0.8040364583333334,0,0.0,-0.013020833333333315,-0.0017361111111109384,-0.007997634604012482,0.01822916666666674,0.0,-0.03997374987379748,0.05211082745590123,0.012137077582103806
61001,R0,96,61001_t96,late,R5,32,D,origin,cross_series,IMAGE_CUE_FRESH,384,384,384,1.0,0,0.0,0,0.0,0,0.0,384,1.0,0,0.0,384,1.0,0,0.0,384.0,1.0,1536.0,1536,1.0,0,0.0,0.0,0.0,0.0,0.0,0.0,0.0,0.0,0.0
61001,R0,96,61001_t96,late,R5,32,D,origin,trend,SYMBOLIC_FRESH,384,377,128,0.3333333333333333,233,0.6067708333333334,16,0.041666666666666664,7,0.018229166666666668,128,0.3395225464190981,195,0.5172413793103449,339,0.8992042440318302,109,0.2891246684350133,218.5,0.5690104166666666,1064.0,1536,0.6927083333333334,33,0.0859375,0.0,0.03125,0.14980578298609687,0.14127604166666674,-0.03125,-0.05676228330226413,-0.2567524287391908,-0.31751402222203984
61001,R0,96,61001_t96,late,R5,32,D,origin,trend,IMAGE_CUE_FRESH,384,384,384,1.0,0,0.0,0,0.0,0,0.0,384,1.0,0,0.0,384,1.0,0,0.0,384.0,1.0,1536.0,1536,1.0,0,0.0,0.0,0.0,0.0,0.0,0.0,0.0,0.0,0.0
61003,R0,96,61003_t96,late,R1,8,D_H8,origin,ALL,ALL,192,187,136,0.7083333333333334,51,0.265625,0,0.0,5,0.026041666666666668,136,0.7272727272727273,59,0.3155080213903743,195,1.0427807486631016,16,0.0855614973262032,160.16666666666666,0.8342013888888888,638.0,768,0.8307291666666666,9,0.046875,0.0,0.0078125,-0.004864034588690419,0.0,0.010416666666666664,0.003868471953578312,-0.014279212652178852,-0.010410740698600485
61003,R0,96,61003_t96,late,R1,8,D_H8,origin,duplicate_encoding,SYMBOLIC_FRESH,32,32,32,1.0,0,0.0,0,0.0,0,0.0,32,1.0,0,0.0,32,1.0,0,0.0,32.0,1.0,128.0,128,1.0,0,0.0,0.0,0.0,0.0,0.0,0.0,0.0,0.0,0.0
61003,R0,96,61003_t96,late,R1,8,D_H8,origin,duplicate_encoding,IMAGE_CUE_FRESH,32,32,32,1.0,0,0.0,0,0.0,0,0.0,32,1.0,0,0.0,32,1.0,0,0.0,32.0,1.0,128.0,128,1.0,0,0.0,0.0,0.0,0.0,0.0,0.0,0.0,0.0,0.0
61003,R0,96,61003_t96,late,R1,8,D_H8,origin,cross_series,SYMBOLIC_FRESH,32,30,8,0.25,22,0.6875,0,0.0,2,0.0625,8,0.26666666666666666,7,0.23333333333333334,15,0.5,16,0.5333333333333333,18.666666666666664,0.5833333333333333,91.0,128,0.7109375,0,0.0,0.0,0.0,-0.033333333333333326,0.0,0.0,0.0,0.0,0.0
61003,R0,96,61003_t96,late,R1,8,D_H8,origin,cross_series,IMAGE_CUE_FRESH,32,32,32,1.0,0,0.0,0,0.0,0,0.0,32,1.0,0,0.0,32,1.0,0,0.0,32.0,1.0,128.0,128,1.0,0,0.0,0.0,0.0,0.0,0.0,0.0,0.0,0.0,0.0
61003,R0,96,61003_t96,late,R1,8,D_H8,origin,trend,SYMBOLIC_FRESH,32,29,0,0.0,29,0.90625,0,0.0,3,0.09375,0,0.0,52,1.793103448275862,52,1.793103448275862,0,0.0,13.5,0.421875,35.0,128,0.2734375,9,0.28125,0.0,0.046875,0.0,0.0,0.0625,0.0,-0.04022988505747116,-0.04022988505747116
61003,R0,96,61003_t96,late,R1,8,D_H8,origin,trend,IMAGE_CUE_FRESH,32,32,32,1.0,0,0.0,0,0.0,0,0.0,32,1.0,0,0.0,32,1.0,0,0.0,32.0,1.0,128.0,128,1.0,0,0.0,0.0,0.0,0.0,0.0,0.0,0.0,0.0,0.0
61003,R0,96,61003_t96,late,R1,32,D,origin,ALL,ALL,2304,2272,1810,0.7855902777777778,435,0.18880208333333334,27,0.01171875,32,0.013888888888888888,1810,0.7966549295774648,298,0.1311619718309859,2125,0.9352992957746479,251,0.11047535211267606,2016.8333333333333,0.8753616898148148,8328.0,9216,0.9036458333333334,34,0.014756944444444444,0.0008680555555555802,-0.0011574074074074403,0.013413909548116845,0.01312934027777779,-0.004774305555555556,-0.008331713343283198,-0.019773023716654348,-0.027746118294808886
61003,R0,96,61003_t96,late,R1,32,D,origin,duplicate_encoding,SYMBOLIC_FRESH,384,384,384,1.0,0,0.0,0,0.0,0,0.0,384,1.0,0,0.0,384,1.0,0,0.0,384.0,1.0,1536.0,1536,1.0,0,0.0,0.0,0.0,0.0,0.0,0.0,0.0,0.0,0.0
61003,R0,96,61003_t96,late,R1,32,D,origin,duplicate_encoding,IMAGE_CUE_FRESH,384,384,384,1.0,0,0.0,0,0.0,0,0.0,384,1.0,0,0.0,384,1.0,0,0.0,384.0,1.0,1536.0,1536,1.0,0,0.0,0.0,0.0,0.0,0.0,0.0,0.0,0.0,0.0
61003,R0,96,61003_t96,late,R1,32,D,origin,cross_series,SYMBOLIC_FRESH,384,383,148,0.3854166666666667,214,0.5572916666666666,21,0.0546875,1,0.0026041666666666665,148,0.38642297650130547,69,0.1801566579634465,217,0.566579634464752,177,0.4621409921671018,271.3333333333333,0.7065972222222222,1228.0,1536,0.7994791666666666,0,0.0,0.010416666666666685,0.0060763888888888395,-0.006445395267453191,0.005208333333333259,0.0,0.009459625715965148,-0.0030894153349828313,0.0063702103809823996
61003,R0,96,61003_t96,late,R1,32,D,origin,cross_series,IMAGE_CUE_FRESH,384,384,384,1.0,0,0.0,0,0.0,0,0.0,384,1.0,0,0.0,384,1.0,0,0.0,384.0,1.0,1536.0,1536,1.0,0,0.0,0.0,0.0,0.0,0.0,0.0,0.0,0.0,0.0
61003,R0,96,61003_t96,late,R1,32,D,origin,trend,SYMBOLIC_FRESH,384,353,127,0.3307291666666667,220,0.5729166666666666,6,0.015625,31,0.08072916666666667,127,0.3597733711048159,229,0.6487252124645893,373,1.0566572237960339,73,0.20679886685552407,210.0,0.546875,957.0,1536,0.623046875,34,0.08854166666666667,-0.0026041666666666297,-0.01171875,0.08789642783113383,0.07421875,-0.02864583333333333,-0.030470531334208517,-0.1713967387549229,-0.20248911766738065
61003,R0,96,61003_t96,late,R1,32,D,origin,trend,IMAGE_CUE_FRESH,384,384,383,0.9973958333333334,1,0.0026041666666666665,0,0.0,0,0.0,383,0.9973958333333334,0,0.0,383,0.9973958333333334,1,0.0026041666666666665,383.5,0.9986979166666666,1535.0,1536,0.9993489583333334,0,0.0,-0.0026041666666666297,-0.0013020833333333703,0.0026041666666666665,-0.0006510416666666297,0.0,-0.0026041666666666297,0.0,-0.0026041666666666297
61002,R1,32,61002_t32,early,GDPO_R4,8,D_H8,origin,ALL,ALL,192,188,122,0.6354166666666666,66,0.34375,0,0.0,4,0.020833333333333332,122,0.648936170212766,117,0.6223404255319149,263,1.398936170212766,12,0.06382978723404255,158.66666666666666,0.8263888888888888,569.0,768,0.7408854166666666,20,0.10416666666666667,0.02083333333333326,0.03211805555555547,0.004690002287805986,0.00651041666666663,0.03125,0.009151223976206824,0.014813543811484808,0.011839396019217574
61002,R1,32,61002_t32,early,GDPO_R4,8,D_H8,origin,duplicate_encoding,SYMBOLIC_FRESH,32,32,32,1.0,0,0.0,0,0.0,0,0.0,32,1.0,0,0.0,32,1.0,0,0.0,32.0,1.0,128.0,128,1.0,0,0.0,0.03125,0.0,0.0,0.0078125,-0.03125,0.0,-0.03125,-0.03125
61002,R1,32,61002_t32,early,GDPO_R4,8,D_H8,origin,duplicate_encoding,IMAGE_CUE_FRESH,32,32,32,1.0,0,0.0,0,0.0,0,0.0,32,1.0,0,0.0,32,1.0,0,0.0,32.0,1.0,128.0,128,1.0,0,0.0,0.0,0.0,0.0,0.0,0.0,0.0,0.0,0.0
61002,R1,32,61002_t32,early,GDPO_R4,8,D_H8,origin,cross_series,SYMBOLIC_FRESH,32,31,6,0.1875,25,0.78125,0,0.0,1,0.03125,6,0.1935483870967742,42,1.3548387096774193,64,2.064516129032258,6,0.1935483870967742,22.666666666666664,0.7083333333333333,57.0,128,0.4453125,6,0.1875,0.0,0.05208333333333326,0.03225806451612903,0.0,0.09375,0.0,0.0,-0.06451612903225801
61002,R1,32,61002_t32,early,GDPO_R4,8,D_H8,origin,cross_series,IMAGE_CUE_FRESH,32,32,32,1.0,0,0.0,0,0.0,0,0.0,32,1.0,0,0.0,32,1.0,0,0.0,32.0,1.0,128.0,128,1.0,0,0.0,0.0,0.0,0.0,0.0,0.0,0.0,0.0,0.0
61002,R1,32,61002_t32,early,GDPO_R4,8,D_H8,origin,trend,SYMBOLIC_FRESH,32,29,0,0.0,29,0.90625,0,0.0,3,0.09375,0,0.0,69,2.3793103448275863,77,2.6551724137931036,0,0.0,16.5,0.515625,18.0,128,0.140625,14,0.4375,0.0,0.09375,-0.037037037037037035,-0.03125,0.15625,0.0,0.19412515964240118,0.210727969348659
61002,R1,32,61002_t32,early,GDPO_R4,8,D_H8,origin,trend,IMAGE_CUE_FRESH,32,32,20,0.625,12,0.375,0,0.0,0,0.0,20,0.625,6,0.1875,26,0.8125,6,0.1875,23.5,0.734375,110.0,128,0.859375,0,0.0,0.09375,0.046875,0.03125,0.0625,-0.03125,0.09375,-0.15625,-0.09375
61002,R1,32,61002_t32,early,GDPO_R4,32,D,origin,ALL,ALL,2304,2249,1776,0.7708333333333334,452,0.19618055555555555,21,0.009114583333333334,55,0.023871527777777776,1794,0.7976878612716763,434,0.19297465540240108,2290,1.018230324588706,196,0.0871498443752779,1996.8333333333333,0.8666811342592592,8107.0,9216,0.8796657986111112,57,0.024739583333333332,0.00477430555555558,0.01388888888888884,-0.02415757611942175,-0.01345486111111105,0.009982638888888888,0.015444045017259378,0.04633154586176505,0.07300064260990746
61002,R1,32,61002_t32,early,GDPO_R4,32,D,origin,duplicate_encoding,SYMBOLIC_FRESH,384,384,379,0.9869791666666666,5,0.013020833333333334,0,0.0,0,0.0,380,0.9895833333333334,4,0.010416666666666666,384,1.0,1,0.0026041666666666665,380.0,0.9895833333333334,1528.0,1536,0.9947916666666666,1,0.0026041666666666665,0.01041666666666663,0.01302083333333337,-0.015625,0.001953125,0.0026041666666666665,0.01302083333333337,0.005208333333333333,0.01822916666666663
61002,R1,32,61002_t32,early,GDPO_R4,32,D,origin,duplicate_encoding,IMAGE_CUE_FRESH,384,384,384,1.0,0,0.0,0,0.0,0,0.0,384,1.0,0,0.0,384,1.0,0,0.0,384.0,1.0,1536.0,1536,1.0,0,0.0,0.0026041666666666297,0.0026041666666666297,-0.0026041666666666665,0.0006510416666666297,0.0,0.0026041666666666297,0.0,0.0026041666666666297
61002,R1,32,61002_t32,early,GDPO_R4,32,D,origin,cross_series,SYMBOLIC_FRESH,384,362,133,0.3463541666666667,210,0.546875,19,0.049479166666666664,22,0.057291666666666664,150,0.4143646408839779,110,0.30386740331491713,287,0.7928176795580111,135,0.3729281767955801,256.3333333333333,0.6675347222222222,1126.0,1536,0.7330729166666666,4,0.010416666666666666,-0.0078125,-0.0008680555555555802,-0.06022690341832365,-0.03515625,0.010416666666666666,0.04003309008183886,0.08461606641652142,0.1778444175259255
61002,R1,32,61002_t32,early,GDPO_R4,32,D,origin,cross_series,IMAGE_CUE_FRESH,384,384,384,1.0,0,0.0,0,0.0,0,0.0,384,1.0,0,0.0,384,1.0,0,0.0,384.0,1.0,1536.0,1536,1.0,0,0.0,0.00520833333333337,0.00347222222222221,0.0,0.0013020833333333703,0.0,0.0,-0.005208333333333333,-0.005208333333333259
61002,R1,32,61002_t32,early,GDPO_R4,32,D,origin,trend,SYMBOLIC_FRESH,384,351,126,0.328125,223,0.5807291666666666,2,0.005208333333333333,33,0.0859375,126,0.358974358974359,317,0.9031339031339032,477,1.358974358974359,49,0.1396011396011396,217.0,0.5651041666666666,862.0,1536,0.5611979166666666,52,0.13541666666666666,0.0078125,0.05989583333333326,-0.04966439712202425,-0.05078125,0.046874999999999986,0.01151673185571489,0.2110435076536772,0.24315514993481102
61002,R1,32,61002_t32,early,GDPO_R4,32,D,origin,trend,IMAGE_CUE_FRESH,384,384,370,0.9635416666666666,14,0.036458333333333336,0,0.0,0,0.0,370,0.9635416666666666,3,0.0078125,374,0.9739583333333334,11,0.028645833333333332,375.5,0.9778645833333334,1519.0,1536,0.9889322916666666,0,0.0,0.01041666666666663,0.00520833333333337,-0.010416666666666668,0.0013020833333332593,0.0,0.01041666666666663,0.005208333333333334,0.01302083333333337
61002,R1,32,61002_t32,early,R5,8,D_H8,origin,ALL,ALL,192,182,115,0.5989583333333334,66,0.34375,1,0.005208333333333333,10,0.052083333333333336,119,0.6538461538461539,100,0.5494505494505495,234,1.2857142857142858,16,0.08791208791208792,148.66666666666666,0.7743055555555555,565.0,768,0.7356770833333334,16,0.08333333333333333,-0.015625,-0.0199652777777779,0.028772302965851357,0.0013020833333333703,0.010416666666666657,0.014061207609594728,-0.058076332269880626,-0.10138248847926268
61002,R1,32,61002_t32,early,R5,8,D_H8,origin,duplicate_encoding,SYMBOLIC_FRESH,32,32,28,0.875,4,0.125,0,0.0,0,0.0,31,0.96875,4,0.125,36,1.125,0,0.0,31.0,0.96875,123.0,128,0.9609375,3,0.09375,-0.09375,-0.03125,0.0,-0.03125,0.0625,-0.03125,0.09375,0.09375
61002,R1,32,61002_t32,early,R5,8,D_H8,origin,duplicate_encoding,IMAGE_CUE_FRESH,32,32,32,1.0,0,0.0,0,0.0,0,0.0,32,1.0,0,0.0,32,1.0,0,0.0,32.0,1.0,128.0,128,1.0,0,0.0,0.0,0.0,0.0,0.0,0.0,0.0,0.0,0.0
61002,R1,32,61002_t32,early,R5,8,D_H8,origin,cross_series,SYMBOLIC_FRESH,32,27,8,0.25,18,0.5625,1,0.03125,5,0.15625,9,0.3333333333333333,27,1.0,45,1.6666666666666667,7,0.25925925925925924,18.0,0.5625,63.0,128,0.4921875,2,0.0625,0.0625,-0.09375,0.09796893667861409,0.046875,-0.03125,0.13978494623655913,-0.35483870967741926,-0.4623655913978493
61002,R1,32,61002_t32,early,R5,8,D_H8,origin,cross_series,IMAGE_CUE_FRESH,32,32,31,0.96875,1,0.03125,0,0.0,0,0.0,31,0.96875,0,0.0,32,1.0,0,0.0,31.666666666666668,0.9895833333333334,127.0,128,0.9921875,0,0.0,-0.03125,-0.01041666666666663,0.0,-0.0078125,0.0,-0.03125,0.0,0.0
61002,R1,32,61002_t32,early,R5,8,D_H8,origin,trend,SYMBOLIC_FRESH,32,27,0,0.0,27,0.84375,0,0.0,5,0.15625,0,0.0,62,2.2962962962962963,64,2.3703703703703702,2,0.07407407407407407,15.5,0.484375,19.0,128,0.1484375,11,0.34375,0.0,0.0625,0.037037037037037035,-0.0234375,0.0625,0.0,0.11111111111111116,-0.0740740740740744
61002,R1,32,61002_t32,early,R5,8,D_H8,origin,trend,IMAGE_CUE_FRESH,32,32,16,0.5,16,0.5,0,0.0,0,0.0,16,0.5,7,0.21875,25,0.78125,7,0.21875,20.5,0.640625,105.0,128,0.8203125,0,0.0,-0.03125,-0.046875,0.0625,0.0234375,-0.03125,-0.03125,-0.125,-0.125
61002,R1,32,61002_t32,early,R5,32,D,origin,ALL,ALL,2304,2273,1740,0.7552083333333334,502,0.21788194444444445,31,0.013454861111111112,31,0.013454861111111112,1750,0.7699076110866696,351,0.15442146942366916,2153,0.9472063352397713,249,0.1095468543774747,1932.8333333333333,0.8389033564814814,8218.0,9216,0.8917100694444444,29,0.012586805555555556,-0.01085069444444442,-0.01388888888888895,-0.0017605661172249432,-0.0014105902777777901,-0.002170138888888888,-0.01233620516774736,0.007778359883033131,0.0019766532609726273
61002,R1,32,61002_t32,early,R5,32,D,origin,duplicate_encoding,SYMBOLIC_FRESH,384,384,364,0.9479166666666666,19,0.049479166666666664,1,0.0026041666666666665,0,0.0,366,0.953125,7,0.018229166666666668,375,0.9765625,12,0.03125,366.0,0.953125,1511.0,1536,0.9837239583333334,2,0.005208333333333333,-0.02864583333333337,-0.0234375,0.013020833333333332,-0.00911458333333326,0.005208333333333333,-0.0234375,0.013020833333333336,-0.00520833333333337
61002,R1,32,61002_t32,early,R5,32,D,origin,duplicate_encoding,IMAGE_CUE_FRESH,384,384,384,1.0,0,0.0,0,0.0,0,0.0,384,1.0,0,0.0,384,1.0,0,0.0,384.0,1.0,1536.0,1536,1.0,0,0.0,0.0026041666666666297,0.0026041666666666297,-0.0026041666666666665,0.0006510416666666297,0.0,0.0026041666666666297,0.0,0.0026041666666666297
61002,R1,32,61002_t32,early,R5,32,D,origin,cross_series,SYMBOLIC_FRESH,384,372,128,0.3333333333333333,219,0.5703125,25,0.06510416666666667,12,0.03125,134,0.3602150537634409,86,0.23118279569892472,240,0.6451612903225806,151,0.40591397849462363,249.33333333333331,0.6493055555555555,1164.0,1536,0.7578125,1,0.0026041666666666665,-0.02083333333333337,-0.01909722222222232,-0.027241101719280125,-0.01041666666666663,0.0026041666666666665,-0.014116497038698161,0.01193145880052901,0.03018802829049505
61002,R1,32,61002_t32,early,R5,32,D,origin,cross_series,IMAGE_CUE_FRESH,384,384,383,0.9973958333333334,1,0.0026041666666666665,0,0.0,0,0.0,384,1.0,1,0.0026041666666666665,385,1.0026041666666667,0,0.0,383.0,0.9973958333333334,1535.0,1536,0.9993489583333334,0,0.0,0.0026041666666667407,0.0008680555555555802,0.0,0.0006510416666667407,0.0,0.0,-0.0026041666666666665,-0.0026041666666665186
61002,R1,32,61002_t32,early,R5,32,D,origin,trend,SYMBOLIC_FRESH,384,365,119,0.3098958333333333,242,0.6302083333333334,4,0.010416666666666666,19,0.049479166666666664,119,0.32602739726027397,255,0.6986301369863014,402,1.1013698630136985,68,0.1863013698630137,179.5,0.4674479166666667,959.0,1536,0.6243489583333334,26,0.06770833333333333,-0.010416666666666685,-0.037760416666666685,-0.002964166860150136,0.01236979166666674,-0.020833333333333343,-0.02143022985837012,0.006539741506075392,-0.014449346025849463
61002,R1,32,61002_t32,early,R5,32,D,origin,trend,IMAGE_CUE_FRESH,384,384,362,0.9427083333333334,21,0.0546875,1,0.0026041666666666665,0,0.0,363,0.9453125,2,0.005208333333333333,367,0.9557291666666666,18,0.046875,371.0,0.9661458333333334,1513.0,1536,0.9850260416666666,0,0.0,-0.01041666666666663,-0.00651041666666663,0.0078125,-0.0026041666666667407,0.0,-0.0078125,0.0026041666666666665,-0.00520833333333337
61003,R0,32,61003_t32,early,R0,8,D_H8,origin,ALL,ALL,192,185,127,0.6614583333333334,58,0.3020833333333333,0,0.0,7,0.036458333333333336,127,0.6864864864864865,95,0.5135135135135135,233,1.2594594594594595,13,0.07027027027027027,155.83333333333334,0.8116319444444445,587.0,768,0.7643229166666666,13,0.06770833333333333,0.0,0.0,0.0,0.0,0.0,0.0,0.0,0.0
61003,R0,32,61003_t32,early,R0,8,D_H8,origin,duplicate_encoding,SYMBOLIC_FRESH,32,31,31,0.96875,0,0.0,0,0.0,1,0.03125,31,1.0,0,0.0,31,1.0,0,0.0,31.0,0.96875,124.0,128,0.96875,0,0.0,0.0,0.0,0.0,0.0,0.0,0.0,0.0,0.0
61003,R0,32,61003_t32,early,R0,8,D_H8,origin,duplicate_encoding,IMAGE_CUE_FRESH,32,32,32,1.0,0,0.0,0,0.0,0,0.0,32,1.0,0,0.0,32,1.0,0,0.0,32.0,1.0,128.0,128,1.0,0,0.0,0.0,0.0,0.0,0.0,0.0,0.0,0.0,0.0
61003,R0,32,61003_t32,early,R0,8,D_H8,origin,cross_series,SYMBOLIC_FRESH,32,26,8,0.25,18,0.5625,0,0.0,6,0.1875,8,0.3076923076923077,18,0.6923076923076923,35,1.3461538461538463,7,0.2692307692307692,19.333333333333332,0.6041666666666666,68.0,128,0.53125,2,0.0625,0.0,0.0,0.0,0.0,0.0,0.0,0.0,0.0
61003,R0,32,61003_t32,early,R0,8,D_H8,origin,cross_series,IMAGE_CUE_FRESH,32,32,32,1.0,0,0.0,0,0.0,0,0.0,32,1.0,0,0.0,32,1.0,0,0.0,32.0,1.0,128.0,128,1.0,0,0.0,0.0,0.0,0.0,0.0,0.0,0.0,0.0,0.0
61003,R0,32,61003_t32,early,R0,8,D_H8,origin,trend,SYMBOLIC_FRESH,32,32,0,0.0,32,1.0,0,0.0,0,0.0,0,0.0,73,2.28125,75,2.34375,1,0.03125,15.0,0.46875,23.0,128,0.1796875,11,0.34375,0.0,0.0,0.0,0.0,0.0,0.0,0.0,0.0
61003,R0,32,61003_t32,early,R0,8,D_H8,origin,trend,IMAGE_CUE_FRESH,32,32,24,0.75,8,0.25,0,0.0,0,0.0,24,0.75,4,0.125,28,0.875,5,0.15625,26.5,0.828125,116.0,128,0.90625,0,0.0,0.0,0.0,0.0,0.0,0.0,0.0,0.0,0.0
61003,R0,32,61003_t32,early,R0,32,D,origin,ALL,ALL,2304,2250,1751,0.7599826388888888,479,0.20789930555555555,20,0.008680555555555556,54,0.0234375,1766,0.7848888888888889,401,0.17822222222222223,2223,0.988,191,0.08488888888888889,1951.0,0.8467881944444444,8115.0,9216,0.8805338541666666,33,0.014322916666666666,0.0,0.0,0.0,0.0,0.0,0.0,0.0,0.0
61003,R0,32,61003_t32,early,R0,32,D,origin,duplicate_encoding,SYMBOLIC_FRESH,384,383,380,0.9895833333333334,3,0.0078125,0,0.0,1,0.0026041666666666665,381,0.9947780678851175,3,0.007832898172323759,385,1.0052219321148825,0,0.0,381.0,0.9921875,1527.0,1536,0.994140625,1,0.0026041666666666665,0.0,0.0,0.0,0.0,0.0,0.0,0.0,0.0
61003,R0,32,61003_t32,early,R0,32,D,origin,duplicate_encoding,IMAGE_CUE_FRESH,384,384,384,1.0,0,0.0,0,0.0,0,0.0,384,1.0,0,0.0,384,1.0,0,0.0,384.0,1.0,1536.0,1536,1.0,0,0.0,0.0,0.0,0.0,0.0,0.0,0.0,0.0,0.0
61003,R0,32,61003_t32,early,R0,32,D,origin,cross_series,SYMBOLIC_FRESH,384,366,130,0.3385416666666667,219,0.5703125,17,0.044270833333333336,18,0.046875,142,0.3879781420765027,109,0.2978142076502732,270,0.7377049180327869,133,0.3633879781420765,247.33333333333331,0.6440972222222222,1131.0,1536,0.736328125,0,0.0,0.0,0.0,0.0,0.0,0.0,0.0,0.0,0.0
61003,R0,32,61003_t32,early,R0,32,D,origin,cross_series,IMAGE_CUE_FRESH,384,384,380,0.9895833333333334,4,0.010416666666666666,0,0.0,0,0.0,382,0.9947916666666666,2,0.005208333333333333,386,1.0052083333333333,0,0.0,382.6666666666667,0.9965277777777778,1532.0,1536,0.9973958333333334,0,0.0,0.0,0.0,0.0,0.0,0.0,0.0,0.0,0.0
61003,R0,32,61003_t32,early,R0,32,D,origin,trend,SYMBOLIC_FRESH,384,349,114,0.296875,232,0.6041666666666666,3,0.0078125,35,0.09114583333333333,114,0.32664756446991405,286,0.8194842406876791,432,1.2378223495702005,40,0.11461318051575932,184.0,0.4791666666666667,875.0,1536,0.5696614583333334,32,0.08333333333333333,0.0,0.0,0.0,0.0,0.0,0.0,0.0,0.0
61003,R0,32,61003_t32,early,R0,32,D,origin,trend,IMAGE_CUE_FRESH,384,384,363,0.9453125,21,0.0546875,0,0.0,0,0.0,363,0.9453125,1,0.0026041666666666665,366,0.953125,18,0.046875,372.0,0.96875,1514.0,1536,0.9856770833333334,0,0.0,0.0,0.0,0.0,0.0,0.0,0.0,0.0,0.0
61004,R1,96,61004_t96,late,R2,8,D_H8,origin,ALL,ALL,192,189,135,0.703125,54,0.28125,0,0.0,3,0.015625,135,0.7142857142857143,58,0.30687830687830686,193,1.0211640211640212,18,0.09523809523809523,159.16666666666666,0.8289930555555555,644.0,768,0.8385416666666666,8,0.041666666666666664,0.0,-0.0026041666666667407,-0.005291005291005291,0.005208333333333259,0.0,0.0,-0.021164021164021163,-0.021164021164021163
61004,R1,96,61004_t96,late,R2,8,D_H8,origin,duplicate_encoding,SYMBOLIC_FRESH,32,32,32,1.0,0,0.0,0,0.0,0,0.0,32,1.0,0,0.0,32,1.0,0,0.0,32.0,1.0,128.0,128,1.0,0,0.0,0.0,0.0,0.0,0.0,0.0,0.0,0.0,0.0
61004,R1,96,61004_t96,late,R2,8,D_H8,origin,duplicate_encoding,IMAGE_CUE_FRESH,32,32,32,1.0,0,0.0,0,0.0,0,0.0,32,1.0,0,0.0,32,1.0,0,0.0,32.0,1.0,128.0,128,1.0,0,0.0,0.0,0.0,0.0,0.0,0.0,0.0,0.0,0.0
61004,R1,96,61004_t96,late,R2,8,D_H8,origin,cross_series,SYMBOLIC_FRESH,32,32,8,0.25,24,0.75,0,0.0,0,0.0,8,0.25,8,0.25,16,0.5,16,0.5,18.666666666666664,0.5833333333333333,96.0,128,0.75,0,0.0,0.0,0.0,-0.03125,-0.0078125,0.0,0.0,0.03125,0.03125
61004,R1,96,61004_t96,late,R2,8,D_H8,origin,cross_series,IMAGE_CUE_FRESH,32,32,32,1.0,0,0.0,0,0.0,0,0.0,32,1.0,0,0.0,32,1.0,0,0.0,32.0,1.0,128.0,128,1.0,0,0.0,0.0,0.0,0.0,0.0,0.0,0.0,0.0,0.0
61004,R1,96,61004_t96,late,R2,8,D_H8,origin,trend,SYMBOLIC_FRESH,32,29,0,0.0,29,0.90625,0,0.0,3,0.09375,0,0.0,50,1.7241379310344827,50,1.7241379310344827,1,0.034482758620689655,13.0,0.40625,37.0,128,0.2890625,8,0.25,0.0,-0.015625,0.0,0.0390625,0.0,0.0,-0.1724137931034484,-0.1724137931034484
61004,R1,96,61004_t96,late,R2,8,D_H8,origin,trend,IMAGE_CUE_FRESH,32,32,31,0.96875,1,0.03125,0,0.0,0,0.0,31,0.96875,0,0.0,31,0.96875,1,0.03125,31.5,0.984375,127.0,128,0.9921875,0,0.0,0.0,0.0,0.0,0.0,0.0,0.0,0.0,0.0
61004,R1,96,61004_t96,late,R2,32,D,origin,ALL,ALL,2304,2281,1811,0.7860243055555556,441,0.19140625,29,0.012586805555555556,23,0.009982638888888888,1811,0.7939500219202105,349,0.15300306882946077,2177,0.9544059622972381,231,0.10127137220517317,2024.6666666666667,0.8787615740740741,8305.0,9216,0.9011501736111112,38,0.016493055555555556,0.0004340277777777901,0.00643807870370372,0.015659538946544746,0.017578125,-0.0034722222222222203,-0.018241820303007805,-0.00925600781778263,-0.02721662846923434
61004,R1,96,61004_t96,late,R2,32,D,origin,duplicate_encoding,SYMBOLIC_FRESH,384,384,384,1.0,0,0.0,0,0.0,0,0.0,384,1.0,0,0.0,384,1.0,0,0.0,384.0,1.0,1536.0,1536,1.0,0,0.0,0.0,0.0,0.0,0.0,0.0,0.0,0.0,0.0
61004,R1,96,61004_t96,late,R2,32,D,origin,duplicate_encoding,IMAGE_CUE_FRESH,384,384,384,1.0,0,0.0,0,0.0,0,0.0,384,1.0,0,0.0,384,1.0,0,0.0,384.0,1.0,1536.0,1536,1.0,0,0.0,0.0,0.0,0.0,0.0,0.0,0.0,0.0,0.0
61004,R1,96,61004_t96,late,R2,32,D,origin,cross_series,SYMBOLIC_FRESH,384,384,147,0.3828125,213,0.5546875,24,0.0625,0,0.0,147,0.3828125,68,0.17708333333333334,216,0.5625,177,0.4609375,269.6666666666667,0.7022569444444445,1231.0,1536,0.8014322916666666,0,0.0,0.0,0.003472222222222321,0.0032655423280423257,0.007161458333333259,0.0,-0.011367394179894186,0.010416666666666685,0.0016534391534391846
61004,R1,96,61004_t96,late,R2,32,D,origin,cross_series,IMAGE_CUE_FRESH,384,384,384,1.0,0,0.0,0,0.0,0,0.0,384,1.0,0,0.0,384,1.0,0,0.0,384.0,1.0,1536.0,1536,1.0,0,0.0,0.0,0.0,0.0,0.0,0.0,0.0,0.0,0.0
61004,R1,96,61004_t96,late,R2,32,D,origin,trend,SYMBOLIC_FRESH,384,361,128,0.3333333333333333,228,0.59375,5,0.013020833333333334,23,0.059895833333333336,128,0.3545706371191136,281,0.778393351800554,425,1.1772853185595569,54,0.14958448753462603,219.0,0.5703125,930.0,1536,0.60546875,38,0.09895833333333333,0.0,0.03385416666666663,0.0959567272822601,0.09765625,-0.020833333333333343,-0.04921485183987695,-0.16482431381458795,-0.2201910221344494
61004,R1,96,61004_t96,late,R2,32,D,origin,trend,IMAGE_CUE_FRESH,384,384,384,1.0,0,0.0,0,0.0,0,0.0,384,1.0,0,0.0,384,1.0,0,0.0,384.0,1.0,1536.0,1536,1.0,0,0.0,0.0026041666666666297,0.0013020833333333703,-0.0026041666666666665,0.0006510416666666297,0.0,0.0026041666666666297,0.0,0.0026041666666666297
61004,R1,32,61004_t32,early,R7,8,D_H8,origin,ALL,ALL,192,188,115,0.5989583333333334,71,0.3697916666666667,2,0.010416666666666666,4,0.020833333333333332,117,0.6223404255319149,108,0.574468085106383,248,1.3191489361702127,14,0.07446808510638298,151.33333333333334,0.7881944444444445,573.0,768,0.74609375,14,0.07291666666666667,0.00520833333333337,-0.005208333333333259,0.004197814836112701,0.01041666666666663,-0.026041666666666657,-0.01009200690051748,-0.003910293271995324,-0.026797009775733294
61004,R1,32,61004_t32,early,R7,8,D_H8,origin,duplicate_encoding,SYMBOLIC_FRESH,32,32,29,0.90625,2,0.0625,1,0.03125,0,0.0,31,0.96875,2,0.0625,33,1.03125,1,0.03125,31.0,0.96875,125.0,128,0.9765625,2,0.0625,0.0,-0.03125,0.03125,0.0,-0.03125,-0.03125,-0.03125,-0.0625
61004,R1,32,61004_t32,early,R7,8,D_H8,origin,duplicate_encoding,IMAGE_CUE_FRESH,32,32,32,1.0,0,0.0,0,0.0,0,0.0,32,1.0,0,0.0,32,1.0,0,0.0,32.0,1.0,128.0,128,1.0,0,0.0,0.0,0.0,0.0,0.0,0.0,0.0,0.0,0.0
61004,R1,32,61004_t32,early,R7,8,D_H8,origin,cross_series,SYMBOLIC_FRESH,32,31,7,0.21875,23,0.71875,1,0.03125,1,0.03125,7,0.22580645161290322,37,1.1935483870967742,61,1.967741935483871,6,0.1935483870967742,24.666666666666664,0.7708333333333333,63.0,128,0.4921875,6,0.1875,0.03125,0.10416666666666663,-0.006451612903225823,-0.0234375,0.0625,0.02580645161290321,0.19354838709677424,0.2344086021505376
61004,R1,32,61004_t32,early,R7,8,D_H8,origin,cross_series,IMAGE_CUE_FRESH,32,32,31,0.96875,1,0.03125,0,0.0,0,0.0,31,0.96875,0,0.0,32,1.0,0,0.0,31.666666666666668,0.9895833333333334,127.0,128,0.9921875,0,0.0,-0.03125,-0.01041666666666663,0.0,-0.0078125,0.0,-0.03125,0.0,0.0
61004,R1,32,61004_t32,early,R7,8,D_H8,origin,trend,SYMBOLIC_FRESH,32,29,0,0.0,29,0.90625,0,0.0,3,0.09375,0,0.0,58,2.0,62,2.1379310344827585,0,0.0,11.0,0.34375,29.0,128,0.2265625,6,0.1875,0.0,-0.140625,-0.037037037037037035,0.0859375,-0.15625,0.0,-0.3333333333333335,-0.4916985951468713
61004,R1,32,61004_t32,early,R7,8,D_H8,origin,trend,IMAGE_CUE_FRESH,32,32,16,0.5,16,0.5,0,0.0,0,0.0,16,0.5,11,0.34375,28,0.875,7,0.21875,21.0,0.65625,101.0,128,0.7890625,0,0.0,0.03125,0.046875,0.03125,0.0078125,-0.03125,0.03125,0.0,0.03125
61004,R1,32,61004_t32,early,R7,32,D,origin,ALL,ALL,2304,2255,1755,0.76171875,474,0.20572916666666666,26,0.011284722222222222,49,0.021267361111111112,1768,0.7840354767184036,454,0.20133037694013303,2284,1.012860310421286,207,0.0917960088691796,1986.3333333333333,0.8621238425925926,8079.0,9216,0.8766276041666666,64,0.027777777777777776,0.0013020833333333703,0.009765625,-0.00629542477485058,-0.004123263888888951,0.009114583333333332,0.000635565488931733,0.020682352084385153,0.03416523718560038
61004,R1,32,61004_t32,early,R7,32,D,origin,duplicate_encoding,SYMBOLIC_FRESH,384,384,373,0.9713541666666666,9,0.0234375,2,0.005208333333333333,0,0.0,374,0.9739583333333334,4,0.010416666666666666,381,0.9921875,4,0.010416666666666666,374.0,0.9739583333333334,1522.0,1536,0.9908854166666666,1,0.0026041666666666665,-0.0078125,-0.005208333333333259,-0.002604166666666668,-0.001953125,0.0026041666666666665,-0.005208333333333259,0.002604166666666666,0.0026041666666666297
61004,R1,32,61004_t32,early,R7,32,D,origin,duplicate_encoding,IMAGE_CUE_FRESH,384,384,384,1.0,0,0.0,0,0.0,0,0.0,384,1.0,0,0.0,384,1.0,0,0.0,384.0,1.0,1536.0,1536,1.0,0,0.0,0.0,0.0,0.0,0.0,0.0,0.0,0.0,0.0
61004,R1,32,61004_t32,early,R7,32,D,origin,cross_series,SYMBOLIC_FRESH,384,370,131,0.3411458333333333,221,0.5755208333333334,18,0.046875,14,0.036458333333333336,143,0.3864864864864865,99,0.26756756756756755,269,0.727027027027027,143,0.3864864864864865,255.33333333333331,0.6649305555555555,1154.0,1536,0.7513020833333334,3,0.0078125,0.013020833333333315,0.0234375,0.010810810810810811,0.01822916666666674,0.0,0.010810810810810811,-0.06486486486486487,-0.018918918918918948
61004,R1,32,61004_t32,early,R7,32,D,origin,cross_series,IMAGE_CUE_FRESH,384,384,384,1.0,0,0.0,0,0.0,0,0.0,384,1.0,0,0.0,384,1.0,0,0.0,384.0,1.0,1536.0,1536,1.0,0,0.0,0.0,0.0,0.0,0.0,0.0,0.0,0.0,0.0
61004,R1,32,61004_t32,early,R7,32,D,origin,trend,SYMBOLIC_FRESH,384,349,123,0.3203125,220,0.5729166666666666,6,0.015625,35,0.09114583333333333,123,0.3524355300859599,349,1.0,504,1.4441260744985673,38,0.10888252148997135,218.0,0.5677083333333334,821.0,1536,0.5345052083333334,60,0.15625,-0.0078125,0.03515625,-0.038091541910605015,-0.04296875,0.05208333333333333,-0.010676861844875818,0.19308357348703165,0.22510590158790444
61004,R1,32,61004_t32,early,R7,32,D,origin,trend,IMAGE_CUE_FRESH,384,384,360,0.9375,24,0.0625,0,0.0,0,0.0,360,0.9375,2,0.005208333333333333,362,0.9427083333333334,22,0.057291666666666664,371.0,0.9661458333333334,1510.0,1536,0.9830729166666666,0,0.0,0.01041666666666663,0.00520833333333337,-0.010416666666666664,0.001953125,0.0,0.01041666666666663,0.0026041666666666665,0.01041666666666674
61004,R1,32,61004_t32,early,R1,8,D_H8,origin,ALL,ALL,192,187,108,0.5625,79,0.4114583333333333,0,0.0,5,0.026041666666666668,113,0.6042780748663101,116,0.6203208556149733,254,1.358288770053476,15,0.08021390374331551,152.83333333333334,0.7960069444444445,558.0,768,0.7265625,26,0.13541666666666666,-0.03125,0.0026041666666667407,0.009943633473045235,-0.00911458333333337,0.03645833333333333,-0.02815435756612228,0.041942477236594944,0.01234282410753007
61004,R1,32,61004_t32,early,R1,8,D_H8,origin,duplicate_encoding,SYMBOLIC_FRESH,32,32,24,0.75,8,0.25,0,0.0,0,0.0,29,0.90625,6,0.1875,37,1.15625,0,0.0,29.0,0.90625,119.0,128,0.9296875,5,0.15625,-0.15625,-0.09375,0.0,-0.046875,0.0625,-0.09375,0.09375,0.0625
61004,R1,32,61004_t32,early,R1,8,D_H8,origin,duplicate_encoding,IMAGE_CUE_FRESH,32,32,32,1.0,0,0.0,0,0.0,0,0.0,32,1.0,0,0.0,32,1.0,0,0.0,32.0,1.0,128.0,128,1.0,0,0.0,0.0,0.0,0.0,0.0,0.0,0.0,0.0,0.0
61004,R1,32,61004_t32,early,R1,8,D_H8,origin,cross_series,SYMBOLIC_FRESH,32,28,6,0.1875,22,0.6875,0,0.0,4,0.125,6,0.21428571428571427,27,0.9642857142857143,46,1.6428571428571428,7,0.25,21.333333333333332,0.6666666666666666,63.0,128,0.4921875,5,0.15625,0.0,0.0,0.04999999999999999,-0.0234375,0.03125,0.014285714285714263,-0.0357142857142857,-0.0904761904761906
61004,R1,32,61004_t32,early,R1,8,D_H8,origin,cross_series,IMAGE_CUE_FRESH,32,32,32,1.0,0,0.0,0,0.0,0,0.0,32,1.0,0,0.0,32,1.0,0,0.0,32.0,1.0,128.0,128,1.0,0,0.0,0.0,0.0,0.0,0.0,0.0,0.0,0.0,0.0
61004,R1,32,61004_t32,early,R1,8,D_H8,origin,trend,SYMBOLIC_FRESH,32,31,0,0.0,31,0.96875,0,0.0,1,0.03125,0,0.0,72,2.3225806451612905,81,2.6129032258064515,1,0.03225806451612903,19.0,0.59375,21.0,128,0.1640625,15,0.46875,0.0,0.109375,-0.004778972520908004,0.0234375,0.125,0.0,-0.010752688172043001,-0.01672640382317825
61004,R1,32,61004_t32,early,R1,8,D_H8,origin,trend,IMAGE_CUE_FRESH,32,32,14,0.4375,18,0.5625,0,0.0,0,0.0,14,0.4375,11,0.34375,26,0.8125,7,0.21875,19.5,0.609375,99.0,128,0.7734375,1,0.03125,-0.03125,0.0,0.03125,-0.0078125,0.0,-0.03125,0.0,-0.03125
61004,R1,32,61004_t32,early,R1,32,D,origin,ALL,ALL,2304,2244,1738,0.7543402777777778,477,0.20703125,29,0.012586805555555556,60,0.026041666666666668,1759,0.783868092691622,416,0.18538324420677363,2227,0.9924242424242424,203,0.09046345811051694,1952.8333333333333,0.847583912037037,8075.0,9216,0.8761935763888888,45,0.01953125,-0.0060763888888888395,-0.00477430555555558,-0.007627975533513243,-0.004557291666666741,0.0008680555555555559,0.00046818146215021894,0.004735219351025749,0.013729169188556711
61004,R1,32,61004_t32,early,R1,32,D,origin,duplicate_encoding,SYMBOLIC_FRESH,384,384,375,0.9765625,9,0.0234375,0,0.0,0,0.0,378,0.984375,3,0.0078125,382,0.9947916666666666,5,0.013020833333333334,378.0,0.984375,1527.0,1536,0.994140625,3,0.0078125,-0.0026041666666666297,0.00520833333333337,0.0,0.0013020833333333703,0.0078125,0.00520833333333337,0.0,0.005208333333333259
61004,R1,32,61004_t32,early,R1,32,D,origin,duplicate_encoding,IMAGE_CUE_FRESH,384,384,384,1.0,0,0.0,0,0.0,0,0.0,384,1.0,0,0.0,384,1.0,0,0.0,384.0,1.0,1536.0,1536,1.0,0,0.0,0.0,0.0,0.0,0.0,0.0,0.0,0.0,0.0
61004,R1,32,61004_t32,early,R1,32,D,origin,cross_series,SYMBOLIC_FRESH,384,366,120,0.3125,224,0.5833333333333334,22,0.057291666666666664,18,0.046875,137,0.3743169398907104,116,0.31693989071038253,278,0.7595628415300546,126,0.3442622950819672,238.66666666666666,0.6215277777777778,1119.0,1536,0.728515625,0,0.0,-0.015625,-0.01996527777777768,-0.03141338059370846,-0.00455729166666663,-0.0078125,-0.0013587357849652593,-0.01549254172204989,0.013616895584108613
61004,R1,32,61004_t32,early,R1,32,D,origin,cross_series,IMAGE_CUE_FRESH,384,384,383,0.9973958333333334,1,0.0026041666666666665,0,0.0,0,0.0,384,1.0,1,0.0026041666666666665,385,1.0026041666666667,0,0.0,383.6666666666667,0.9991319444444445,1535.0,1536,0.9993489583333334,0,0.0,-0.0026041666666666297,-0.0008680555555554692,0.0,-0.0006510416666666297,0.0,0.0,0.0026041666666666665,0.0026041666666667407
61004,R1,32,61004_t32,early,R1,32,D,origin,trend,SYMBOLIC_FRESH,384,342,120,0.3125,215,0.5598958333333334,7,0.018229166666666668,42,0.109375,120,0.3508771929824561,295,0.8625730994152047,440,1.286549707602339,45,0.13157894736842105,199.0,0.5182291666666666,851.0,1536,0.5540364583333334,42,0.109375,-0.015625,-0.01432291666666674,-0.01539511603215532,-0.0234375,0.005208333333333329,-0.0122351989483796,0.055656672902236304,0.06752953469167622
61004,R1,32,61004_t32,early,R1,32,D,origin,trend,IMAGE_CUE_FRESH,384,384,356,0.9270833333333334,28,0.07291666666666667,0,0.0,0,0.0,356,0.9270833333333334,1,0.0026041666666666665,358,0.9322916666666666,27,0.0703125,369.5,0.9622395833333334,1507.0,1536,0.9811197916666666,0,0.0,0.0,0.0013020833333333703,0.0026041666666666713,0.0,0.0,0.0,0.0,0.0
61003,R0,32,61003_t32,early,R3,8,D_H8,origin,ALL,ALL,192,186,118,0.6145833333333334,68,0.3541666666666667,0,0.0,6,0.03125,121,0.6505376344086021,96,0.5161290322580645,233,1.2526881720430108,18,0.0967741935483871,157.83333333333334,0.8220486111111112,583.0,768,0.7591145833333334,19,0.09895833333333333,-0.046875,0.01041666666666663,0.02650392327811682,-0.005208333333333259,0.03125,-0.03594885207788434,0.0026155187445510153,-0.0067712874164487236
61003,R0,32,61003_t32,early,R3,8,D_H8,origin,duplicate_encoding,SYMBOLIC_FRESH,32,32,29,0.90625,3,0.09375,0,0.0,0,0.0,32,1.0,3,0.09375,35,1.09375,0,0.0,32.0,1.0,125.0,128,0.9765625,3,0.09375,-0.0625,0.03125,0.0,0.0078125,0.09375,0.0,0.09375,0.09375
61003,R0,32,61003_t32,early,R3,8,D_H8,origin,duplicate_encoding,IMAGE_CUE_FRESH,32,32,32,1.0,0,0.0,0,0.0,0,0.0,32,1.0,0,0.0,32,1.0,0,0.0,32.0,1.0,128.0,128,1.0,0,0.0,0.0,0.0,0.0,0.0,0.0,0.0,0.0,0.0
61003,R0,32,61003_t32,early,R3,8,D_H8,origin,cross_series,SYMBOLIC_FRESH,32,29,6,0.1875,23,0.71875,0,0.0,3,0.09375,6,0.20689655172413793,22,0.7586206896551724,40,1.3793103448275863,9,0.3103448275862069,21.333333333333332,0.6666666666666666,71.0,128,0.5546875,3,0.09375,-0.0625,0.0625,0.04111405835543769,0.0234375,0.03125,-0.10079575596816978,0.06631299734748008,0.03315649867374004
61003,R0,32,61003_t32,early,R3,8,D_H8,origin,cross_series,IMAGE_CUE_FRESH,32,32,32,1.0,0,0.0,0,0.0,0,0.0,32,1.0,0,0.0,32,1.0,0,0.0,32.0,1.0,128.0,128,1.0,0,0.0,0.0,0.0,0.0,0.0,0.0,0.0,0.0,0.0
61003,R0,32,61003_t32,early,R3,8,D_H8,origin,trend,SYMBOLIC_FRESH,32,29,1,0.03125,28,0.875,0,0.0,3,0.09375,1,0.034482758620689655,67,2.310344827586207,71,2.4482758620689653,0,0.0,17.0,0.53125,21.0,128,0.1640625,13,0.40625,0.03125,0.0625,-0.03125,-0.015625,0.0625,0.034482758620689655,0.02909482758620685,0.1045258620689653
61003,R0,32,61003_t32,early,R3,8,D_H8,origin,trend,IMAGE_CUE_FRESH,32,32,18,0.5625,14,0.4375,0,0.0,0,0.0,18,0.5625,4,0.125,23,0.71875,9,0.28125,23.5,0.734375,110.0,128,0.859375,0,0.0,-0.1875,-0.09375,0.125,-0.046875,0.0,-0.1875,0.0,-0.15625
61003,R0,32,61003_t32,early,R3,32,D,origin,ALL,ALL,2304,2213,1777,0.7712673611111112,421,0.18272569444444445,15,0.006510416666666667,91,0.039496527777777776,1794,0.8106642566651604,405,0.18300948938093087,2250,1.016719385449616,173,0.07817442385901491,1988.3333333333333,0.8629918981481481,8028.0,9216,0.87109375,50,0.021701388888888888,0.011284722222222321,0.01620370370370372,-0.006714465029873981,-0.00944010416666663,0.007378472222222222,0.02577536777627154,0.004787267158708641,0.028719385449615942
61003,R0,32,61003_t32,early,R3,32,D,origin,duplicate_encoding,SYMBOLIC_FRESH,384,384,384,1.0,0,0.0,0,0.0,0,0.0,384,1.0,0,0.0,384,1.0,0,0.0,384.0,1.0,1536.0,1536,1.0,0,0.0,0.01041666666666663,0.0078125,0.0,0.005859375,-0.0026041666666666665,0.005221932114882533,-0.007832898172323759,-0.005221932114882533
61003,R0,32,61003_t32,early,R3,32,D,origin,duplicate_encoding,IMAGE_CUE_FRESH,384,384,384,1.0,0,0.0,0,0.0,0,0.0,384,1.0,0,0.0,384,1.0,0,0.0,384.0,1.0,1536.0,1536,1.0,0,0.0,0.0,0.0,0.0,0.0,0.0,0.0,0.0,0.0
61003,R0,32,61003_t32,early,R3,32,D,origin,cross_series,SYMBOLIC_FRESH,384,363,132,0.34375,218,0.5677083333333334,13,0.033854166666666664,21,0.0546875,149,0.41046831955922863,102,0.2809917355371901,271,0.7465564738292011,135,0.371900826446281,254.66666666666666,0.6631944444444444,1136.0,1536,0.7395833333333334,1,0.0026041666666666665,0.005208333333333315,0.01909722222222221,0.008512848304204457,0.0032552083333333703,0.0026041666666666665,0.022490177482725915,-0.01682247211308313,0.008851555796414168
61003,R0,32,61003_t32,early,R3,32,D,origin,cross_series,IMAGE_CUE_FRESH,384,384,383,0.9973958333333334,0,0.0,1,0.0026041666666666665,0,0.0,383,0.9973958333333334,0,0.0,384,1.0,0,0.0,383.6666666666667,0.9991319444444445,1535.0,1536,0.9993489583333334,0,0.0,0.0078125,0.0026041666666667407,0.0,0.001953125,0.0,0.0026041666666667407,-0.005208333333333333,-0.005208333333333259
61003,R0,32,61003_t32,early,R3,32,D,origin,trend,SYMBOLIC_FRESH,384,314,131,0.3411458333333333,182,0.4739583333333333,1,0.0026041666666666665,70,0.18229166666666666,131,0.4171974522292994,300,0.9554140127388535,458,1.4585987261146496,21,0.06687898089171974,210.0,0.546875,773.0,1536,0.5032552083333334,49,0.12760416666666666,0.044270833333333315,0.06770833333333331,-0.047734199624039575,-0.06640625,0.04427083333333333,0.09054988775938533,0.1359297720511744,0.22077637654444904
61003,R0,32,61003_t32,early,R3,32,D,origin,trend,IMAGE_CUE_FRESH,384,384,363,0.9453125,21,0.0546875,0,0.0,0,0.0,363,0.9453125,3,0.0078125,369,0.9609375,17,0.044270833333333336,372.0,0.96875,1512.0,1536,0.984375,0,0.0,0.0,0.0,-0.0026041666666666644,-0.0013020833333333703,0.0,0.0,0.005208333333333334,0.0078125
61003,R0,96,61003_t96,late,SAW_R4,8,D_H8,origin,ALL,ALL,192,188,136,0.7083333333333334,52,0.2708333333333333,0,0.0,4,0.020833333333333332,136,0.723404255319149,58,0.30851063829787234,194,1.0319148936170213,17,0.09042553191489362,158.66666666666666,0.8263888888888888,642.0,768,0.8359375,6,0.03125,0.0,0.0,0.0,0.00520833333333337,-0.005208333333333336,0.0,-0.021276595744680826,-0.02127659574468077
61003,R0,96,61003_t96,late,SAW_R4,8,D_H8,origin,duplicate_encoding,SYMBOLIC_FRESH,32,32,32,1.0,0,0.0,0,0.0,0,0.0,32,1.0,0,0.0,32,1.0,0,0.0,32.0,1.0,128.0,128,1.0,0,0.0,0.0,0.0,0.0,0.0,0.0,0.0,0.0,0.0
61003,R0,96,61003_t96,late,SAW_R4,8,D_H8,origin,duplicate_encoding,IMAGE_CUE_FRESH,32,32,32,1.0,0,0.0,0,0.0,0,0.0,32,1.0,0,0.0,32,1.0,0,0.0,32.0,1.0,128.0,128,1.0,0,0.0,0.0,0.0,0.0,0.0,0.0,0.0,0.0,0.0
61003,R0,96,61003_t96,late,SAW_R4,8,D_H8,origin,cross_series,SYMBOLIC_FRESH,32,32,8,0.25,24,0.75,0,0.0,0,0.0,8,0.25,8,0.25,16,0.5,16,0.5,18.666666666666664,0.5833333333333333,96.0,128,0.75,0,0.0,0.0,0.0,-0.06666666666666665,0.0390625,0.0,-0.016666666666666663,0.016666666666666663,0.0
61003,R0,96,61003_t96,late,SAW_R4,8,D_H8,origin,cross_series,IMAGE_CUE_FRESH,32,32,32,1.0,0,0.0,0,0.0,0,0.0,32,1.0,0,0.0,32,1.0,0,0.0,32.0,1.0,128.0,128,1.0,0,0.0,0.0,0.0,0.0,0.0,0.0,0.0,0.0,0.0
61003,R0,96,61003_t96,late,SAW_R4,8,D_H8,origin,trend,SYMBOLIC_FRESH,32,28,0,0.0,28,0.875,0,0.0,4,0.125,0,0.0,50,1.7857142857142858,50,1.7857142857142858,1,0.03571428571428571,12.0,0.375,34.0,128,0.265625,6,0.1875,0.0,0.0,0.03571428571428571,-0.0078125,-0.03125,0.0,-0.04761904761904745,-0.04761904761904745
61003,R0,96,61003_t96,late,SAW_R4,8,D_H8,origin,trend,IMAGE_CUE_FRESH,32,32,32,1.0,0,0.0,0,0.0,0,0.0,32,1.0,0,0.0,32,1.0,0,0.0,32.0,1.0,128.0,128,1.0,0,0.0,0.0,0.0,0.0,0.0,0.0,0.0,0.0,0.0
61003,R0,96,61003_t96,late,SAW_R4,32,D,origin,ALL,ALL,2304,2247,1808,0.7847222222222222,421,0.18272569444444445,18,0.0078125,57,0.024739583333333332,1817,0.8086337338673787,436,0.19403649310191368,2279,1.0142412105028928,177,0.0787716955941255,2039.6666666666667,0.8852719907407408,8122.0,9216,0.8812934027777778,65,0.028211805555555556,0.0,0.0087528935185186,-0.018289746970433715,-0.00922309027777779,0.008680555555555556,0.0036470909466307377,0.04310149755427342,0.05119579643343608
61003,R0,96,61003_t96,late,SAW_R4,32,D,origin,duplicate_encoding,SYMBOLIC_FRESH,384,384,384,1.0,0,0.0,0,0.0,0,0.0,384,1.0,0,0.0,384,1.0,0,0.0,384.0,1.0,1536.0,1536,1.0,0,0.0,0.0,0.0,0.0,0.0,0.0,0.0,0.0,0.0
61003,R0,96,61003_t96,late,SAW_R4,32,D,origin,duplicate_encoding,IMAGE_CUE_FRESH,384,384,384,1.0,0,0.0,0,0.0,0,0.0,384,1.0,0,0.0,384,1.0,0,0.0,384.0,1.0,1536.0,1536,1.0,0,0.0,0.0,0.0,0.0,0.0,0.0,0.0,0.0,0.0
61003,R0,96,61003_t96,late,SAW_R4,32,D,origin,cross_series,SYMBOLIC_FRESH,384,382,144,0.375,221,0.5755208333333334,17,0.044270833333333336,2,0.005208333333333333,153,0.4005235602094241,75,0.19633507853403143,237,0.6204188481675392,169,0.4424083769633508,273.6666666666667,0.7126736111111112,1224.0,1536,0.796875,0,0.0,0.0,0.01215277777777779,-0.026178010471204216,0.0026041666666666297,0.0,0.023560209424083767,0.013089005235602108,0.060209424083769614
61003,R0,96,61003_t96,late,SAW_R4,32,D,origin,cross_series,IMAGE_CUE_FRESH,384,384,384,1.0,0,0.0,0,0.0,0,0.0,384,1.0,0,0.0,384,1.0,0,0.0,384.0,1.0,1536.0,1536,1.0,0,0.0,0.0,0.0,0.0,0.0,0.0,0.0,0.0,0.0
61003,R0,96,61003_t96,late,SAW_R4,32,D,origin,trend,SYMBOLIC_FRESH,384,329,128,0.3333333333333333,200,0.5208333333333334,1,0.0026041666666666665,55,0.14322916666666666,128,0.3890577507598784,361,1.0972644376899696,506,1.5379939209726443,8,0.0243161094224924,230.0,0.5989583333333334,754.0,1536,0.4908854166666667,65,0.16927083333333334,0.0,0.04036458333333337,-0.09458632960189783,-0.057942708333333315,0.05208333333333334,-0.0011861516791459858,0.27714248647045747,0.2788475795092298
61003,R0,96,61003_t96,late,SAW_R4,32,D,origin,trend,IMAGE_CUE_FRESH,384,384,384,1.0,0,0.0,0,0.0,0,0.0,384,1.0,0,0.0,384,1.0,0,0.0,384.0,1.0,1536.0,1536,1.0,0,0.0,0.0,0.0,0.0,0.0,0.0,0.0,0.0,0.0
61002,R1,96,61002_t96,late,R3,8,D_H8,origin,ALL,ALL,192,186,136,0.7083333333333334,50,0.2604166666666667,0,0.0,6,0.03125,136,0.7311827956989247,54,0.2903225806451613,190,1.021505376344086,20,0.10752688172043011,159.16666666666666,0.8289930555555555,640.0,768,0.8333333333333334,8,0.041666666666666664,0.0,-0.015625,0.010752688172043015,0.0078125,-0.026041666666666664,0.0,-0.032258064516129004,-0.032258064516129004
61002,R1,96,61002_t96,late,R3,8,D_H8,origin,duplicate_encoding,SYMBOLIC_FRESH,32,32,32,1.0,0,0.0,0,0.0,0,0.0,32,1.0,0,0.0,32,1.0,0,0.0,32.0,1.0,128.0,128,1.0,0,0.0,0.0,0.0,0.0,0.0,0.0,0.0,0.0,0.0
61002,R1,96,61002_t96,late,R3,8,D_H8,origin,duplicate_encoding,IMAGE_CUE_FRESH,32,32,32,1.0,0,0.0,0,0.0,0,0.0,32,1.0,0,0.0,32,1.0,0,0.0,32.0,1.0,128.0,128,1.0,0,0.0,0.0,0.0,0.0,0.0,0.0,0.0,0.0,0.0
61002,R1,96,61002_t96,late,R3,8,D_H8,origin,cross_series,SYMBOLIC_FRESH,32,32,8,0.25,24,0.75,0,0.0,0,0.0,8,0.25,8,0.25,16,0.5,17,0.53125,18.666666666666664,0.5833333333333333,96.0,128,0.75,0,0.0,0.0,0.0,-0.03125,-0.0078125,0.0,0.0,0.03125,0.03125
61002,R1,96,61002_t96,late,R3,8,D_H8,origin,cross_series,IMAGE_CUE_FRESH,32,32,32,1.0,0,0.0,0,0.0,0,0.0,32,1.0,0,0.0,32,1.0,0,0.0,32.0,1.0,128.0,128,1.0,0,0.0,0.0,0.0,0.0,0.0,0.0,0.0,0.0,0.0
61002,R1,96,61002_t96,late,R3,8,D_H8,origin,trend,SYMBOLIC_FRESH,32,26,0,0.0,26,0.8125,0,0.0,6,0.1875,0,0.0,46,1.7692307692307692,46,1.7692307692307692,3,0.11538461538461539,12.5,0.390625,32.0,128,0.25,8,0.25,0.0,-0.09375,0.11538461538461539,0.0546875,-0.15625,0.0,-0.26923076923076916,-0.26923076923076916
61002,R1,96,61002_t96,late,R3,8,D_H8,origin,trend,IMAGE_CUE_FRESH,32,32,32,1.0,0,0.0,0,0.0,0,0.0,32,1.0,0,0.0,32,1.0,0,0.0,32.0,1.0,128.0,128,1.0,0,0.0,0.0,0.0,0.0,0.0,0.0,0.0,0.0,0.0
61002,R1,96,61002_t96,late,R3,32,D,origin,ALL,ALL,2304,2233,1812,0.7864583333333334,404,0.1753472222222222,17,0.007378472222222222,71,0.030815972222222224,1823,0.8163905060456784,361,0.16166592028660995,2203,0.986565158978952,217,0.09717868338557993,2047.1666666666667,0.8885271990740741,8161.0,9216,0.8855251736111112,51,0.022135416666666668,-0.00390625,0.00752314814814814,0.01559253935640946,0.00954861111111116,-0.006076388888888888,-0.01360037818403903,0.011255710623893439,0.003429334001741502
61002,R1,96,61002_t96,late,R3,32,D,origin,duplicate_encoding,SYMBOLIC_FRESH,384,384,384,1.0,0,0.0,0,0.0,0,0.0,384,1.0,0,0.0,384,1.0,0,0.0,384.0,1.0,1536.0,1536,1.0,0,0.0,0.0,0.0,0.0,0.0,0.0,0.0,0.0,0.0
61002,R1,96,61002_t96,late,R3,32,D,origin,duplicate_encoding,IMAGE_CUE_FRESH,384,384,384,1.0,0,0.0,0,0.0,0,0.0,384,1.0,0,0.0,384,1.0,0,0.0,384.0,1.0,1536.0,1536,1.0,0,0.0,0.0,0.0,0.0,0.0,0.0,0.0,0.0,0.0
61002,R1,96,61002_t96,late,R3,32,D,origin,cross_series,SYMBOLIC_FRESH,384,370,148,0.3854166666666667,206,0.5364583333333334,16,0.041666666666666664,14,0.036458333333333336,159,0.4297297297297297,44,0.11891891891891893,204,0.5513513513513514,185,0.5,279.6666666666667,0.7282986111111112,1225.0,1536,0.7975260416666666,0,0.0,-0.0078125,0.011284722222222321,0.025469168900804307,0.0026041666666666297,0.0,0.024903992464314184,-0.012448373306282151,0.004434461270922396
61002,R1,96,61002_t96,late,R3,32,D,origin,cross_series,IMAGE_CUE_FRESH,384,384,384,1.0,0,0.0,0,0.0,0,0.0,384,1.0,0,0.0,384,1.0,0,0.0,384.0,1.0,1536.0,1536,1.0,0,0.0,0.0,0.0,0.0,0.0,0.0,0.0,0.0,0.0
61002,R1,96,61002_t96,late,R3,32,D,origin,trend,SYMBOLIC_FRESH,384,327,128,0.3333333333333333,198,0.515625,1,0.0026041666666666665,57,0.1484375,128,0.39143730886850153,317,0.9694189602446484,463,1.415902140672783,32,0.09785932721712538,231.5,0.6028645833333334,792.0,1536,0.515625,51,0.1328125,-0.015625,0.03385416666666674,0.09084178335747627,0.0546875,-0.03645833333333334,-0.07873812972798971,-0.016545952036053357,-0.04725575406405924
61002,R1,96,61002_t96,late,R3,32,D,origin,trend,IMAGE_CUE_FRESH,384,384,384,1.0,0,0.0,0,0.0,0,0.0,384,1.0,0,0.0,384,1.0,0,0.0,384.0,1.0,1536.0,1536,1.0,0,0.0,0.0,0.0,0.0,0.0,0.0,0.0,0.0,0.0
61002,R1,96,61002_t96,late,R6,8,D_H8,origin,ALL,ALL,192,186,136,0.7083333333333334,50,0.2604166666666667,0,0.0,6,0.03125,136,0.7311827956989247,59,0.3172043010752688,195,1.0483870967741935,16,0.08602150537634409,158.16666666666666,0.8237847222222222,635.0,768,0.8268229166666666,8,0.041666666666666664,0.0,-0.02083333333333326,-0.010752688172043001,0.0013020833333332593,-0.026041666666666664,0.0,-0.005376344086021501,-0.005376344086021501
61002,R1,96,61002_t96,late,R6,8,D_H8,origin,duplicate_encoding,SYMBOLIC_FRESH,32,32,32,1.0,0,0.0,0,0.0,0,0.0,32,1.0,0,0.0,32,1.0,0,0.0,32.0,1.0,128.0,128,1.0,0,0.0,0.0,0.0,0.0,0.0,0.0,0.0,0.0,0.0
61002,R1,96,61002_t96,late,R6,8,D_H8,origin,duplicate_encoding,IMAGE_CUE_FRESH,32,32,32,1.0,0,0.0,0,0.0,0,0.0,32,1.0,0,0.0,32,1.0,0,0.0,32.0,1.0,128.0,128,1.0,0,0.0,0.0,0.0,0.0,0.0,0.0,0.0,0.0,0.0
61002,R1,96,61002_t96,late,R6,8,D_H8,origin,cross_series,SYMBOLIC_FRESH,32,32,8,0.25,24,0.75,0,0.0,0,0.0,8,0.25,8,0.25,16,0.5,16,0.5,18.666666666666664,0.5833333333333333,96.0,128,0.75,0,0.0,0.0,0.0,-0.0625,-0.0078125,0.0,0.0,0.03125,0.03125
61002,R1,96,61002_t96,late,R6,8,D_H8,origin,cross_series,IMAGE_CUE_FRESH,32,32,32,1.0,0,0.0,0,0.0,0,0.0,32,1.0,0,0.0,32,1.0,0,0.0,32.0,1.0,128.0,128,1.0,0,0.0,0.0,0.0,0.0,0.0,0.0,0.0,0.0,0.0
61002,R1,96,61002_t96,late,R6,8,D_H8,origin,trend,SYMBOLIC_FRESH,32,26,0,0.0,26,0.8125,0,0.0,6,0.1875,0,0.0,51,1.9615384615384615,51,1.9615384615384615,0,0.0,11.5,0.359375,27.0,128,0.2109375,8,0.25,0.0,-0.125,0.0,0.015625,-0.15625,0.0,-0.07692307692307687,-0.07692307692307687
61002,R1,96,61002_t96,late,R6,8,D_H8,origin,trend,IMAGE_CUE_FRESH,32,32,32,1.0,0,0.0,0,0.0,0,0.0,32,1.0,0,0.0,32,1.0,0,0.0,32.0,1.0,128.0,128,1.0,0,0.0,0.0,0.0,0.0,0.0,0.0,0.0,0.0,0.0
61002,R1,96,61002_t96,late,R6,32,D,origin,ALL,ALL,2304,2221,1809,0.78515625,395,0.1714409722222222,17,0.007378472222222222,83,0.03602430555555555,1823,0.8208014407924359,368,0.16569113012156686,2208,0.9941467807294012,208,0.09365150832958127,2043.3333333333333,0.8868634259259259,8118.0,9216,0.880859375,53,0.023003472222222224,-0.00520833333333337,0.005859375,0.012065364300410802,0.0048828125,-0.005208333333333332,-0.009189443437281564,0.01528092045885035,0.011010955752190688
61002,R1,96,61002_t96,late,R6,32,D,origin,duplicate_encoding,SYMBOLIC_FRESH,384,384,384,1.0,0,0.0,0,0.0,0,0.0,384,1.0,0,0.0,384,1.0,0,0.0,384.0,1.0,1536.0,1536,1.0,0,0.0,0.0,0.0,0.0,0.0,0.0,0.0,0.0,0.0
61002,R1,96,61002_t96,late,R6,32,D,origin,duplicate_encoding,IMAGE_CUE_FRESH,384,384,384,1.0,0,0.0,0,0.0,0,0.0,384,1.0,0,0.0,384,1.0,0,0.0,384.0,1.0,1536.0,1536,1.0,0,0.0,0.0,0.0,0.0,0.0,0.0,0.0,0.0,0.0
61002,R1,96,61002_t96,late,R6,32,D,origin,cross_series,SYMBOLIC_FRESH,384,370,145,0.3776041666666667,209,0.5442708333333334,16,0.041666666666666664,14,0.036458333333333336,159,0.4297297297297297,46,0.12432432432432433,206,0.5567567567567567,184,0.4972972972972973,276.3333333333333,0.7196180555555555,1223.0,1536,0.7962239583333334,0,0.0,-0.015625,0.0026041666666666297,0.02276646619810163,0.0013020833333333703,0.0,0.024903992464314184,-0.007042967900876745,0.009839866676327746
61002,R1,96,61002_t96,late,R6,32,D,origin,cross_series,IMAGE_CUE_FRESH,384,384,384,1.0,0,0.0,0,0.0,0,0.0,384,1.0,0,0.0,384,1.0,0,0.0,384.0,1.0,1536.0,1536,1.0,0,0.0,0.0,0.0,0.0,0.0,0.0,0.0,0.0,0.0
61002,R1,96,61002_t96,late,R6,32,D,origin,trend,SYMBOLIC_FRESH,384,315,128,0.3333333333333333,186,0.484375,1,0.0026041666666666665,69,0.1796875,128,0.40634920634920635,322,1.0222222222222221,466,1.4793650793650794,24,0.0761904761904762,231.0,0.6015625,751.0,1536,0.4889322916666667,53,0.13802083333333334,-0.015625,0.03255208333333337,0.06917293233082708,0.027994791666666685,-0.03125,-0.0638262322472849,0.03625730994152043,0.016207184628237226
61002,R1,96,61002_t96,late,R6,32,D,origin,trend,IMAGE_CUE_FRESH,384,384,384,1.0,0,0.0,0,0.0,0,0.0,384,1.0,0,0.0,384,1.0,0,0.0,384.0,1.0,1536.0,1536,1.0,0,0.0,0.0,0.0,0.0,0.0,0.0,0.0,0.0,0.0
61002,R1,32,61002_t32,early,SAW_R4,8,D_H8,origin,ALL,ALL,192,189,116,0.6041666666666666,71,0.3697916666666667,2,0.010416666666666666,3,0.015625,117,0.6190476190476191,113,0.5978835978835979,257,1.3597883597883598,16,0.08465608465608465,158.5,0.8255208333333334,571.0,768,0.7434895833333334,19,0.09895833333333333,-0.01041666666666674,0.03125,0.02551629970984809,0.00911458333333337,0.026041666666666657,-0.020737327188940058,-0.009643283836832217,-0.02730841440518872
61002,R1,32,61002_t32,early,SAW_R4,8,D_H8,origin,duplicate_encoding,SYMBOLIC_FRESH,32,31,29,0.90625,2,0.0625,0,0.0,1,0.03125,30,0.967741935483871,2,0.06451612903225806,33,1.064516129032258,0,0.0,30.0,0.9375,121.0,128,0.9453125,1,0.03125,-0.0625,-0.0625,0.0,-0.046875,0.0,-0.032258064516129004,0.03326612903225806,0.03326612903225801
61002,R1,32,61002_t32,early,SAW_R4,8,D_H8,origin,duplicate_encoding,IMAGE_CUE_FRESH,32,32,32,1.0,0,0.0,0,0.0,0,0.0,32,1.0,0,0.0,32,1.0,0,0.0,32.0,1.0,128.0,128,1.0,0,0.0,0.0,0.0,0.0,0.0,0.0,0.0,0.0,0.0
61002,R1,32,61002_t32,early,SAW_R4,8,D_H8,origin,cross_series,SYMBOLIC_FRESH,32,31,7,0.21875,24,0.75,0,0.0,1,0.03125,7,0.22580645161290322,32,1.032258064516129,55,1.7741935483870968,7,0.22580645161290322,23.333333333333332,0.7291666666666666,68.0,128,0.53125,4,0.125,0.03125,0.07291666666666663,0.06451612903225806,0.0859375,0.03125,0.03225806451612903,-0.32258064516129026,-0.35483870967741926
61002,R1,32,61002_t32,early,SAW_R4,8,D_H8,origin,cross_series,IMAGE_CUE_FRESH,32,32,31,0.96875,1,0.03125,0,0.0,0,0.0,31,0.96875,0,0.0,31,0.96875,1,0.03125,31.666666666666668,0.9895833333333334,127.0,128,0.9921875,0,0.0,-0.03125,-0.01041666666666663,0.03125,-0.0078125,0.0,-0.03125,0.0,-0.03125
61002,R1,32,61002_t32,early,SAW_R4,8,D_H8,origin,trend,SYMBOLIC_FRESH,32,31,0,0.0,29,0.90625,2,0.0625,1,0.03125,0,0.0,68,2.193548387096774,76,2.4516129032258065,2,0.06451612903225806,19.0,0.59375,25.0,128,0.1953125,14,0.4375,0.0,0.171875,0.027479091995221028,0.0234375,0.15625,0.0,0.008363201911588902,0.007168458781361853
61002,R1,32,61002_t32,early,SAW_R4,8,D_H8,origin,trend,IMAGE_CUE_FRESH,32,32,17,0.53125,15,0.46875,0,0.0,0,0.0,17,0.53125,11,0.34375,30,0.9375,6,0.1875,22.5,0.703125,102.0,128,0.796875,0,0.0,0.0,0.015625,0.03125,0.0,-0.03125,0.0,0.0,0.03125
61002,R1,32,61002_t32,early,SAW_R4,32,D,origin,ALL,ALL,2304,2253,1738,0.7543402777777778,488,0.21180555555555555,27,0.01171875,51,0.022135416666666668,1754,0.7785175321793165,520,0.23080337328007103,2372,1.0528184642698624,176,0.07811806480248558,1962.8333333333333,0.8519241898148148,7993.0,9216,0.8672960069444444,72,0.03125,-0.01171875,-0.0008680555555555802,-0.03318935569221407,-0.02582465277777779,0.016493055555555556,-0.00372628407510045,0.084160263739435,0.10758878229106372
61002,R1,32,61002_t32,early,SAW_R4,32,D,origin,duplicate_encoding,SYMBOLIC_FRESH,384,384,374,0.9739583333333334,10,0.026041666666666668,0,0.0,0,0.0,376,0.9791666666666666,4,0.010416666666666666,380,0.9895833333333334,6,0.015625,376.0,0.9791666666666666,1524.0,1536,0.9921875,2,0.005208333333333333,-0.0026041666666666297,0.0026041666666666297,-0.002604166666666668,-0.0006510416666666297,0.005208333333333333,0.0026041666666666297,0.005208333333333333,0.0078125
61002,R1,32,61002_t32,early,SAW_R4,32,D,origin,duplicate_encoding,IMAGE_CUE_FRESH,384,384,384,1.0,0,0.0,0,0.0,0,0.0,384,1.0,0,0.0,384,1.0,0,0.0,384.0,1.0,1536.0,1536,1.0,0,0.0,0.0026041666666666297,0.0026041666666666297,-0.0026041666666666665,0.0006510416666666297,0.0,0.0026041666666666297,0.0,0.0026041666666666297
61002,R1,32,61002_t32,early,SAW_R4,32,D,origin,cross_series,SYMBOLIC_FRESH,384,369,120,0.3125,229,0.5963541666666666,20,0.052083333333333336,15,0.0390625,133,0.3604336043360434,153,0.4146341463414634,326,0.8834688346883469,122,0.33062330623306235,241.66666666666666,0.6293402777777778,1087.0,1536,0.7076822916666666,6,0.015625,-0.041666666666666685,-0.0390625,-0.1025317739808414,-0.060546875,0.015625,-0.013897946466095656,0.19538280944306768,0.26849557265626134
61002,R1,32,61002_t32,early,SAW_R4,32,D,origin,cross_series,IMAGE_CUE_FRESH,384,384,382,0.9947916666666666,2,0.005208333333333333,0,0.0,0,0.0,383,0.9973958333333334,1,0.0026041666666666665,384,1.0,1,0.0026041666666666665,382.6666666666667,0.9965277777777778,1534.0,1536,0.9986979166666666,0,0.0,0.0,0.0,0.0026041666666666665,0.0,0.0,-0.0026041666666666297,-0.0026041666666666665,-0.005208333333333259
61002,R1,32,61002_t32,early,SAW_R4,32,D,origin,trend,SYMBOLIC_FRESH,384,348,114,0.296875,228,0.59375,6,0.015625,36,0.09375,114,0.3275862068965517,359,1.0316091954022988,527,1.514367816091954,32,0.09195402298850575,207.0,0.5390625,799.0,1536,0.5201822916666666,64,0.16666666666666666,-0.0234375,0.03385416666666663,-0.0973115137346581,-0.091796875,0.07812499999999999,-0.019871420222092373,0.3395187999220728,0.398548607052406
61002,R1,32,61002_t32,early,SAW_R4,32,D,origin,trend,IMAGE_CUE_FRESH,384,384,364,0.9479166666666666,19,0.049479166666666664,1,0.0026041666666666665,0,0.0,364,0.9479166666666666,3,0.0078125,371,0.9661458333333334,15,0.0390625,371.5,0.9674479166666666,1513.0,1536,0.9850260416666666,0,0.0,-0.00520833333333337,-0.00520833333333337,0.0,-0.0026041666666667407,0.0,-0.00520833333333337,0.005208333333333334,0.00520833333333337
61004,R1,96,61004_t96,late,GDPO_R4,8,D_H8,origin,ALL,ALL,192,190,136,0.7083333333333334,54,0.28125,0,0.0,2,0.010416666666666666,136,0.7157894736842105,49,0.2578947368421053,185,0.9736842105263158,21,0.11052631578947368,160.66666666666666,0.8368055555555555,657.0,768,0.85546875,8,0.041666666666666664,0.00520833333333337,0.005208333333333259,0.009997215260373157,0.02213541666666663,0.0,0.0015037593984962294,-0.07014759120022274,-0.06864383180172651
61004,R1,96,61004_t96,late,GDPO_R4,8,D_H8,origin,duplicate_encoding,SYMBOLIC_FRESH,32,32,32,1.0,0,0.0,0,0.0,0,0.0,32,1.0,0,0.0,32,1.0,0,0.0,32.0,1.0,128.0,128,1.0,0,0.0,0.0,0.0,0.0,0.0,0.0,0.0,0.0,0.0
61004,R1,96,61004_t96,late,GDPO_R4,8,D_H8,origin,duplicate_encoding,IMAGE_CUE_FRESH,32,32,32,1.0,0,0.0,0,0.0,0,0.0,32,1.0,0,0.0,32,1.0,0,0.0,32.0,1.0,128.0,128,1.0,0,0.0,0.0,0.0,0.0,0.0,0.0,0.0,0.0,0.0
61004,R1,96,61004_t96,late,GDPO_R4,8,D_H8,origin,cross_series,SYMBOLIC_FRESH,32,32,8,0.25,24,0.75,0,0.0,0,0.0,8,0.25,7,0.21875,15,0.46875,17,0.53125,18.666666666666664,0.5833333333333333,97.0,128,0.7578125,0,0.0,0.0,0.0,0.0,0.0,0.0,0.0,0.0,0.0
61004,R1,96,61004_t96,late,GDPO_R4,8,D_H8,origin,cross_series,IMAGE_CUE_FRESH,32,32,32,1.0,0,0.0,0,0.0,0,0.0,32,1.0,0,0.0,32,1.0,0,0.0,32.0,1.0,128.0,128,1.0,0,0.0,0.0,0.0,0.0,0.0,0.0,0.0,0.0,0.0
61004,R1,96,61004_t96,late,GDPO_R4,8,D_H8,origin,trend,SYMBOLIC_FRESH,32,30,0,0.0,30,0.9375,0,0.0,2,0.0625,0,0.0,42,1.4,42,1.4,4,0.13333333333333333,14.0,0.4375,48.0,128,0.375,8,0.25,0.0,0.015625,0.09885057471264368,0.125,0.0,0.0,-0.49655172413793114,-0.49655172413793114
61004,R1,96,61004_t96,late,GDPO_R4,8,D_H8,origin,trend,IMAGE_CUE_FRESH,32,32,32,1.0,0,0.0,0,0.0,0,0.0,32,1.0,0,0.0,32,1.0,0,0.0,32.0,1.0,128.0,128,1.0,0,0.0,0.03125,0.015625,-0.03125,0.0078125,0.0,0.03125,0.0,0.03125
61004,R1,96,61004_t96,late,GDPO_R4,32,D,origin,ALL,ALL,2304,2281,1803,0.7825520833333334,460,0.1996527777777778,18,0.0078125,23,0.009982638888888888,1803,0.7904427882507672,494,0.21657167908811925,2318,1.016220955721175,196,0.08592722490135905,2041.5,0.8860677083333334,8152.0,9216,0.8845486111111112,42,0.018229166666666668,-0.0030381944444444198,0.01374421296296302,0.0003153916427306308,0.0009765625,-0.0017361111111111084,-0.021749053972451082,0.05431260244087585,0.03459836495470259
61004,R1,96,61004_t96,late,GDPO_R4,32,D,origin,duplicate_encoding,SYMBOLIC_FRESH,384,384,384,1.0,0,0.0,0,0.0,0,0.0,384,1.0,0,0.0,384,1.0,0,0.0,384.0,1.0,1536.0,1536,1.0,0,0.0,0.0,0.0,0.0,0.0,0.0,0.0,0.0,0.0
61004,R1,96,61004_t96,late,GDPO_R4,32,D,origin,duplicate_encoding,IMAGE_CUE_FRESH,384,384,384,1.0,0,0.0,0,0.0,0,0.0,384,1.0,0,0.0,384,1.0,0,0.0,384.0,1.0,1536.0,1536,1.0,0,0.0,0.0,0.0,0.0,0.0,0.0,0.0,0.0,0.0
61004,R1,96,61004_t96,late,GDPO_R4,32,D,origin,cross_series,SYMBOLIC_FRESH,384,384,147,0.3828125,221,0.5755208333333334,16,0.041666666666666664,0,0.0,147,0.3828125,85,0.22135416666666666,237,0.6171875,179,0.4661458333333333,276.0,0.71875,1214.0,1536,0.7903645833333334,0,0.0,0.0,0.01996527777777779,0.00847387566137564,-0.00390625,0.0,-0.011367394179894186,0.0546875,0.056340939153439185
61004,R1,96,61004_t96,late,GDPO_R4,32,D,origin,cross_series,IMAGE_CUE_FRESH,384,384,384,1.0,0,0.0,0,0.0,0,0.0,384,1.0,0,0.0,384,1.0,0,0.0,384.0,1.0,1536.0,1536,1.0,0,0.0,0.0,0.0,0.0,0.0,0.0,0.0,0.0,0.0
61004,R1,96,61004_t96,late,GDPO_R4,32,D,origin,trend,SYMBOLIC_FRESH,384,361,128,0.3333333333333333,231,0.6015625,2,0.005208333333333333,23,0.059895833333333336,128,0.3545706371191136,409,1.1329639889196677,553,1.5318559556786704,9,0.024930747922437674,233.5,0.6080729166666666,802.0,1536,0.5221354166666666,42,0.109375,0.0,0.07161458333333326,-0.028697012329928256,0.01432291666666663,-0.010416666666666671,-0.04921485183987695,0.18974632330452568,0.1343796149846641
61004,R1,96,61004_t96,late,GDPO_R4,32,D,origin,trend,IMAGE_CUE_FRESH,384,384,376,0.9791666666666666,8,0.020833333333333332,0,0.0,0,0.0,376,0.9791666666666666,0,0.0,376,0.9791666666666666,8,0.020833333333333332,380.0,0.9895833333333334,1528.0,1536,0.9947916666666666,0,0.0,-0.01822916666666674,-0.00911458333333326,0.018229166666666664,-0.004557291666666741,0.0,-0.01822916666666674,0.0,-0.01822916666666674
61001,R0,96,61001_t96,late,GDPO_R4,8,D_H8,origin,ALL,ALL,192,191,134,0.6979166666666666,57,0.296875,0,0.0,1,0.005208333333333333,134,0.7015706806282722,50,0.2617801047120419,184,0.9633507853403142,26,0.13612565445026178,160.66666666666666,0.8368055555555555,657.0,768,0.85546875,8,0.041666666666666664,-0.01041666666666674,0.015625,0.028598772729831676,0.01953125,0.0,-0.029612115070652534,-0.01778978776107637,-0.04740190283172885
61001,R0,96,61001_t96,late,GDPO_R4,8,D_H8,origin,duplicate_encoding,SYMBOLIC_FRESH,32,32,32,1.0,0,0.0,0,0.0,0,0.0,32,1.0,0,0.0,32,1.0,0,0.0,32.0,1.0,128.0,128,1.0,0,0.0,0.0,0.0,0.0,0.0,0.0,0.0,0.0,0.0
61001,R0,96,61001_t96,late,GDPO_R4,8,D_H8,origin,duplicate_encoding,IMAGE_CUE_FRESH,32,32,32,1.0,0,0.0,0,0.0,0,0.0,32,1.0,0,0.0,32,1.0,0,0.0,32.0,1.0,128.0,128,1.0,0,0.0,0.0,0.0,0.0,0.0,0.0,0.0,0.0,0.0
61001,R0,96,61001_t96,late,GDPO_R4,8,D_H8,origin,cross_series,SYMBOLIC_FRESH,32,32,8,0.25,24,0.75,0,0.0,0,0.0,8,0.25,7,0.21875,15,0.46875,17,0.53125,18.666666666666664,0.5833333333333333,97.0,128,0.7578125,0,0.0,0.0,0.0,-0.05495689655172409,0.046875,0.0,-0.025862068965517238,0.08081896551724138,0.054956896551724144
61001,R0,96,61001_t96,late,GDPO_R4,8,D_H8,origin,cross_series,IMAGE_CUE_FRESH,32,32,32,1.0,0,0.0,0,0.0,0,0.0,32,1.0,0,0.0,32,1.0,0,0.0,32.0,1.0,128.0,128,1.0,0,0.0,0.0,0.0,0.0,0.0,0.0,0.0,0.0,0.0
61001,R0,96,61001_t96,late,GDPO_R4,8,D_H8,origin,trend,SYMBOLIC_FRESH,32,31,0,0.0,31,0.96875,0,0.0,1,0.03125,0,0.0,43,1.3870967741935485,43,1.3870967741935485,7,0.22580645161290322,15.0,0.46875,50.0,128,0.390625,8,0.25,0.0,0.125,0.12235817575083426,0.0859375,0.0,0.0,-0.26807563959955494,-0.26807563959955494
61001,R0,96,61001_t96,late,GDPO_R4,8,D_H8,origin,trend,IMAGE_CUE_FRESH,32,32,30,0.9375,2,0.0625,0,0.0,0,0.0,30,0.9375,0,0.0,30,0.9375,2,0.0625,31.0,0.96875,126.0,128,0.984375,0,0.0,-0.0625,-0.03125,0.0625,-0.015625,0.0,-0.0625,0.0,-0.0625
61001,R0,96,61001_t96,late,GDPO_R4,32,D,origin,ALL,ALL,2304,2234,1812,0.7864583333333334,405,0.17578125,17,0.007378472222222222,70,0.030381944444444444,1818,0.8137869292748433,354,0.1584601611459266,2188,0.9794091316025068,217,0.09713518352730528,2054.6666666666665,0.8917824074074073,8166.0,9216,0.8860677083333334,49,0.021267361111111112,-0.0017361111111110494,0.01685474537037035,-0.0009746274537928284,-0.00347222222222221,0.0017361111111111119,-0.006195068924976677,0.02794710984079607,0.022163407030049487
61001,R0,96,61001_t96,late,GDPO_R4,32,D,origin,duplicate_encoding,SYMBOLIC_FRESH,384,384,384,1.0,0,0.0,0,0.0,0,0.0,384,1.0,0,0.0,384,1.0,0,0.0,384.0,1.0,1536.0,1536,1.0,0,0.0,0.0,0.0,0.0,0.0,0.0,0.0,0.0,0.0
61001,R0,96,61001_t96,late,GDPO_R4,32,D,origin,duplicate_encoding,IMAGE_CUE_FRESH,384,384,384,1.0,0,0.0,0,0.0,0,0.0,384,1.0,0,0.0,384,1.0,0,0.0,384.0,1.0,1536.0,1536,1.0,0,0.0,0.0,0.0,0.0,0.0,0.0,0.0,0.0,0.0
61001,R0,96,61001_t96,late,GDPO_R4,32,D,origin,cross_series,SYMBOLIC_FRESH,384,379,148,0.3854166666666667,214,0.5572916666666666,17,0.044270833333333336,5,0.013020833333333334,154,0.40633245382585753,61,0.16094986807387862,215,0.5672823218997362,181,0.47757255936675463,279.6666666666667,0.7282986111111112,1230.0,1536,0.80078125,0,0.0,-0.01041666666666663,0.01649305555555569,0.0009885373281871557,0.01497395833333337,0.0,-0.028929254163123197,0.05075703060831388,0.02182777644519074
61001,R0,96,61001_t96,late,GDPO_R4,32,D,origin,cross_series,IMAGE_CUE_FRESH,384,384,384,1.0,0,0.0,0,0.0,0,0.0,384,1.0,0,0.0,384,1.0,0,0.0,384.0,1.0,1536.0,1536,1.0,0,0.0,0.0,0.0,0.0,0.0,0.0,0.0,0.0,0.0
61001,R0,96,61001_t96,late,GDPO_R4,32,D,origin,trend,SYMBOLIC_FRESH,384,319,128,0.3333333333333333,191,0.4973958333333333,0,0.0,65,0.16927083333333334,128,0.4012539184952978,293,0.9184952978056427,437,1.3699059561128526,36,0.11285266457680251,239.0,0.6223958333333334,792.0,1536,0.515625,49,0.12760416666666666,0.0,0.08463541666666674,-0.026466220872113894,-0.03580729166666663,0.010416666666666657,0.004969088773935537,0.144501489756107,0.15318768985898257
61001,R0,96,61001_t96,late,GDPO_R4,32,D,origin,trend,IMAGE_CUE_FRESH,384,384,384,1.0,0,0.0,0,0.0,0,0.0,384,1.0,0,0.0,384,1.0,0,0.0,384.0,1.0,1536.0,1536,1.0,0,0.0,0.0,0.0,0.0,0.0,0.0,0.0,0.0,0.0
61001,R0,32,61001_t32,early,R4,8,D_H8,origin,ALL,ALL,192,186,118,0.6145833333333334,68,0.3541666666666667,0,0.0,6,0.03125,121,0.6505376344086021,89,0.478494623655914,228,1.2258064516129032,19,0.10215053763440861,155.33333333333334,0.8090277777777778,590.0,768,0.7682291666666666,16,0.08333333333333333,-0.02083333333333326,0.00868055555555558,0.032258064516129045,0.00651041666666663,-0.005208333333333343,-0.021505376344086002,-0.048387096774193505,-0.05913978494623651
61001,R0,32,61001_t32,early,R4,8,D_H8,origin,duplicate_encoding,SYMBOLIC_FRESH,32,32,29,0.90625,3,0.09375,0,0.0,0,0.0,32,1.0,3,0.09375,35,1.09375,0,0.0,32.0,1.0,125.0,128,0.9765625,3,0.09375,0.0625,0.0625,-0.03125,0.0234375,0.0,0.0625,-0.03125,0.0
61001,R0,32,61001_t32,early,R4,8,D_H8,origin,duplicate_encoding,IMAGE_CUE_FRESH,32,32,32,1.0,0,0.0,0,0.0,0,0.0,32,1.0,0,0.0,32,1.0,0,0.0,32.0,1.0,128.0,128,1.0,0,0.0,0.0,0.0,0.0,0.0,0.0,0.0,0.0,0.0
61001,R0,32,61001_t32,early,R4,8,D_H8,origin,cross_series,SYMBOLIC_FRESH,32,31,7,0.21875,24,0.75,0,0.0,1,0.03125,7,0.22580645161290322,22,0.7096774193548387,44,1.4193548387096775,8,0.25806451612903225,22.0,0.6875,78.0,128,0.609375,3,0.09375,0.0,0.04166666666666674,-0.008602150537634412,0.0234375,0.0,-0.0075268817204301175,-0.023655913978494536,0.08602150537634423
61001,R0,32,61001_t32,early,R4,8,D_H8,origin,cross_series,IMAGE_CUE_FRESH,32,32,30,0.9375,2,0.0625,0,0.0,0,0.0,30,0.9375,0,0.0,31,0.96875,1,0.03125,31.333333333333332,0.9791666666666666,126.0,128,0.984375,0,0.0,-0.0625,-0.02083333333333337,0.03125,-0.015625,0.0,-0.0625,0.0,-0.03125
61001,R0,32,61001_t32,early,R4,8,D_H8,origin,trend,SYMBOLIC_FRESH,32,27,0,0.0,27,0.84375,0,0.0,5,0.15625,0,0.0,62,2.2962962962962963,64,2.3703703703703702,0,0.0,13.0,0.40625,19.0,128,0.1484375,10,0.3125,-0.03125,-0.046875,-0.03571428571428571,-0.0078125,-0.03125,-0.03571428571428571,-0.02513227513227534,-0.12962962962962976
61001,R0,32,61001_t32,early,R4,8,D_H8,origin,trend,IMAGE_CUE_FRESH,32,32,20,0.625,12,0.375,0,0.0,0,0.0,20,0.625,2,0.0625,22,0.6875,10,0.3125,25.0,0.78125,114.0,128,0.890625,0,0.0,-0.09375,0.015625,0.21875,0.015625,0.0,-0.09375,-0.15625,-0.25
61001,R0,32,61001_t32,early,R4,32,D,origin,ALL,ALL,2304,2238,1769,0.7677951388888888,445,0.1931423611111111,24,0.010416666666666666,66,0.028645833333333332,1782,0.7962466487935657,375,0.1675603217158177,2202,0.9839142091152815,209,0.0933869526362824,1980.0,0.859375,8121.0,9216,0.8811848958333334,53,0.023003472222222224,0.01171875,0.0224971064814814,-0.016985387789249518,-0.00933159722222221,0.011718750000000002,0.02319700340349473,0.03236528625482479,0.050846833228756716
61001,R0,32,61001_t32,early,R4,32,D,origin,duplicate_encoding,SYMBOLIC_FRESH,384,384,375,0.9765625,9,0.0234375,0,0.0,0,0.0,376,0.9791666666666666,5,0.013020833333333334,381,0.9921875,4,0.010416666666666666,376.0,0.9791666666666666,1523.0,1536,0.9915364583333334,1,0.0026041666666666665,0.0078125,0.01041666666666663,-0.018229166666666664,0.0,0.0026041666666666665,0.01041666666666663,0.010416666666666668,0.02083333333333337
61001,R0,32,61001_t32,early,R4,32,D,origin,duplicate_encoding,IMAGE_CUE_FRESH,384,384,384,1.0,0,0.0,0,0.0,0,0.0,384,1.0,0,0.0,384,1.0,0,0.0,384.0,1.0,1536.0,1536,1.0,0,0.0,0.0,0.0,0.0,0.0,0.0,0.0,0.0,0.0
61001,R0,32,61001_t32,early,R4,32,D,origin,cross_series,SYMBOLIC_FRESH,384,368,131,0.3411458333333333,218,0.5677083333333334,19,0.049479166666666664,16,0.041666666666666664,143,0.38858695652173914,106,0.28804347826086957,270,0.7336956521739131,145,0.39402173913043476,254.0,0.6614583333333334,1141.0,1536,0.7428385416666666,6,0.015625,0.01822916666666663,0.04513888888888895,-0.01595056003854034,0.005859375,0.015625,0.03955648560761171,0.07474707936890282,0.11042695411297121
61001,R0,32,61001_t32,early,R4,32,D,origin,cross_series,IMAGE_CUE_FRESH,384,384,384,1.0,0,0.0,0,0.0,0,0.0,384,1.0,0,0.0,384,1.0,0,0.0,384.0,1.0,1536.0,1536,1.0,0,0.0,0.0,0.0,0.0,0.0,0.0,0.0,0.0,0.0
61001,R0,32,61001_t32,early,R4,32,D,origin,trend,SYMBOLIC_FRESH,384,334,126,0.328125,203,0.5286458333333334,5,0.013020833333333334,50,0.13020833333333334,126,0.3772455089820359,262,0.7844311377245509,411,1.2305389221556886,47,0.1407185628742515,206.5,0.5377604166666666,866.0,1536,0.5638020833333334,46,0.11979166666666667,0.049479166666666685,0.08333333333333331,-0.07655163211182092,-0.05989583333333326,0.05208333333333334,0.07919536970626989,0.15490467532900765,0.2082547995930144
61001,R0,32,61001_t32,early,R4,32,D,origin,trend,IMAGE_CUE_FRESH,384,384,369,0.9609375,15,0.0390625,0,0.0,0,0.0,369,0.9609375,2,0.005208333333333333,372,0.96875,13,0.033854166666666664,375.5,0.9778645833333334,1519.0,1536,0.9889322916666666,0,0.0,-0.00520833333333337,-0.00390625,0.0026041666666666644,-0.001953125,0.0,-0.00520833333333337,0.0026041666666666665,0.0
61002,R1,96,61002_t96,late,R4,8,D_H8,origin,ALL,ALL,192,185,136,0.7083333333333334,49,0.2552083333333333,0,0.0,7,0.036458333333333336,136,0.7351351351351352,58,0.31351351351351353,194,1.0486486486486486,18,0.0972972972972973,161.16666666666666,0.8394097222222222,633.0,768,0.82421875,13,0.06770833333333333,0.0,-0.005208333333333259,0.0005231037489102086,-0.0013020833333333703,0.0,0.003952339436210428,-0.009067131647776783,-0.00511479221156641
61002,R1,96,61002_t96,late,R4,8,D_H8,origin,duplicate_encoding,SYMBOLIC_FRESH,32,32,32,1.0,0,0.0,0,0.0,0,0.0,32,1.0,0,0.0,32,1.0,0,0.0,32.0,1.0,128.0,128,1.0,0,0.0,0.0,0.0,0.0,0.0,0.0,0.0,0.0,0.0
61002,R1,96,61002_t96,late,R4,8,D_H8,origin,duplicate_encoding,IMAGE_CUE_FRESH,32,32,32,1.0,0,0.0,0,0.0,0,0.0,32,1.0,0,0.0,32,1.0,0,0.0,32.0,1.0,128.0,128,1.0,0,0.0,0.0,0.0,0.0,0.0,0.0,0.0,0.0,0.0
61002,R1,96,61002_t96,late,R4,8,D_H8,origin,cross_series,SYMBOLIC_FRESH,32,32,8,0.25,24,0.75,0,0.0,0,0.0,8,0.25,6,0.1875,14,0.4375,18,0.5625,18.666666666666664,0.5833333333333333,98.0,128,0.765625,0,0.0,0.0,0.0,0.0,0.0078125,0.0,0.0,-0.03125,-0.03125
61002,R1,96,61002_t96,late,R4,8,D_H8,origin,cross_series,IMAGE_CUE_FRESH,32,32,32,1.0,0,0.0,0,0.0,0,0.0,32,1.0,0,0.0,32,1.0,0,0.0,32.0,1.0,128.0,128,1.0,0,0.0,0.0,0.0,0.0,0.0,0.0,0.0,0.0,0.0
61002,R1,96,61002_t96,late,R4,8,D_H8,origin,trend,SYMBOLIC_FRESH,32,25,0,0.0,25,0.78125,0,0.0,7,0.21875,0,0.0,52,2.08,52,2.08,0,0.0,14.5,0.453125,23.0,128,0.1796875,13,0.40625,0.0,-0.03125,0.0,-0.015625,0.0,0.0,0.041538461538461746,0.041538461538461746
61002,R1,96,61002_t96,late,R4,8,D_H8,origin,trend,IMAGE_CUE_FRESH,32,32,32,1.0,0,0.0,0,0.0,0,0.0,32,1.0,0,0.0,32,1.0,0,0.0,32.0,1.0,128.0,128,1.0,0,0.0,0.0,0.0,0.0,0.0,0.0,0.0,0.0,0.0
61002,R1,96,61002_t96,late,R4,32,D,origin,ALL,ALL,2304,2259,1810,0.7855902777777778,428,0.1857638888888889,21,0.009114583333333334,45,0.01953125,1823,0.8069942452412572,350,0.15493581230633025,2193,0.9707835325365206,244,0.10801239486498451,2050.5,0.8899739583333334,8250.0,9216,0.8951822916666666,43,0.018663194444444444,-0.00477430555555558,0.00896990740740744,0.02642625083581404,0.01920572916666663,-0.009548611111111112,-0.022996638988460272,0.004525602643613735,-0.012352292440689916
61002,R1,96,61002_t96,late,R4,32,D,origin,duplicate_encoding,SYMBOLIC_FRESH,384,384,384,1.0,0,0.0,0,0.0,0,0.0,384,1.0,0,0.0,384,1.0,0,0.0,384.0,1.0,1536.0,1536,1.0,0,0.0,0.0,0.0,0.0,0.0,0.0,0.0,0.0,0.0
61002,R1,96,61002_t96,late,R4,32,D,origin,duplicate_encoding,IMAGE_CUE_FRESH,384,384,384,1.0,0,0.0,0,0.0,0,0.0,384,1.0,0,0.0,384,1.0,0,0.0,384.0,1.0,1536.0,1536,1.0,0,0.0,0.0,0.0,0.0,0.0,0.0,0.0,0.0,0.0
61002,R1,96,61002_t96,late,R4,32,D,origin,cross_series,SYMBOLIC_FRESH,384,379,146,0.3802083333333333,216,0.5625,17,0.044270833333333336,5,0.013020833333333334,159,0.41952506596306066,59,0.15567282321899736,219,0.5778364116094987,188,0.49604221635883905,286.0,0.7447916666666666,1237.0,1536,0.8053385416666666,0,0.0,-0.01302083333333337,0.02777777777777779,0.021511385259643356,0.01041666666666663,0.0,0.01469932869764512,0.024305530993796287,0.030919521529069738
61002,R1,96,61002_t96,late,R4,32,D,origin,cross_series,IMAGE_CUE_FRESH,384,384,384,1.0,0,0.0,0,0.0,0,0.0,384,1.0,0,0.0,384,1.0,0,0.0,384.0,1.0,1536.0,1536,1.0,0,0.0,0.0,0.0,0.0,0.0,0.0,0.0,0.0,0.0
61002,R1,96,61002_t96,late,R4,32,D,origin,trend,SYMBOLIC_FRESH,384,344,128,0.3333333333333333,212,0.5520833333333334,4,0.010416666666666666,40,0.10416666666666667,128,0.37209302325581395,291,0.8459302325581395,438,1.2732558139534884,56,0.16279069767441862,228.5,0.5950520833333334,869.0,1536,0.5657552083333334,43,0.11197916666666667,-0.015625,0.02604166666666674,0.1557731538147695,0.10481770833333337,-0.05729166666666667,-0.0980824153406773,-0.14003467972256223,-0.1899020807833538
61002,R1,96,61002_t96,late,R4,32,D,origin,trend,IMAGE_CUE_FRESH,384,384,384,1.0,0,0.0,0,0.0,0,0.0,384,1.0,0,0.0,384,1.0,0,0.0,384.0,1.0,1536.0,1536,1.0,0,0.0,0.0,0.0,0.0,0.0,0.0,0.0,0.0,0.0
61002,R1,32,61002_t32,early,R1,8,D_H8,origin,ALL,ALL,192,186,115,0.5989583333333334,68,0.3541666666666667,3,0.015625,6,0.03125,118,0.6344086021505376,101,0.543010752688172,246,1.3225806451612903,19,0.10215053763440861,155.5,0.8098958333333334,575.0,768,0.7486979166666666,19,0.09895833333333333,-0.015625,0.015625,0.043010752688172046,0.01432291666666663,0.026041666666666657,-0.005376344086021501,-0.06451612903225812,-0.06451612903225823
61002,R1,32,61002_t32,early,R1,8,D_H8,origin,duplicate_encoding,SYMBOLIC_FRESH,32,32,30,0.9375,2,0.0625,0,0.0,0,0.0,31,0.96875,1,0.03125,32,1.0,1,0.03125,31.0,0.96875,126.0,128,0.984375,1,0.03125,-0.03125,-0.03125,0.03125,-0.0078125,0.0,-0.03125,0.0,-0.03125
61002,R1,32,61002_t32,early,R1,8,D_H8,origin,duplicate_encoding,IMAGE_CUE_FRESH,32,32,32,1.0,0,0.0,0,0.0,0,0.0,32,1.0,0,0.0,32,1.0,0,0.0,32.0,1.0,128.0,128,1.0,0,0.0,0.0,0.0,0.0,0.0,0.0,0.0,0.0,0.0
61002,R1,32,61002_t32,early,R1,8,D_H8,origin,cross_series,SYMBOLIC_FRESH,32,30,8,0.25,21,0.65625,1,0.03125,2,0.0625,9,0.3,24,0.8,46,1.5333333333333334,8,0.26666666666666666,21.666666666666664,0.6770833333333333,75.0,128,0.5859375,3,0.09375,0.0625,0.02083333333333326,0.1053763440860215,0.140625,0.0,0.1064516129032258,-0.5548387096774192,-0.5956989247311826
61002,R1,32,61002_t32,early,R1,8,D_H8,origin,cross_series,IMAGE_CUE_FRESH,32,32,30,0.9375,2,0.0625,0,0.0,0,0.0,30,0.9375,0,0.0,32,1.0,0,0.0,31.333333333333332,0.9791666666666666,126.0,128,0.984375,0,0.0,-0.0625,-0.02083333333333337,0.0,-0.015625,0.0,-0.0625,0.0,0.0
61002,R1,32,61002_t32,early,R1,8,D_H8,origin,trend,SYMBOLIC_FRESH,32,28,0,0.0,26,0.8125,2,0.0625,4,0.125,0,0.0,65,2.3214285714285716,76,2.7142857142857144,1,0.03571428571428571,17.5,0.546875,19.0,128,0.1484375,14,0.4375,0.0,0.125,-0.0013227513227513227,-0.0234375,0.15625,0.0,0.1362433862433865,0.26984126984126977
61002,R1,32,61002_t32,early,R1,8,D_H8,origin,trend,IMAGE_CUE_FRESH,32,32,15,0.46875,17,0.53125,0,0.0,0,0.0,16,0.5,11,0.34375,28,0.875,9,0.28125,22.0,0.6875,101.0,128,0.7890625,1,0.03125,-0.0625,0.0,0.125,-0.0078125,0.0,-0.03125,0.0,-0.03125
61002,R1,32,61002_t32,early,R1,32,D,origin,ALL,ALL,2304,2271,1762,0.7647569444444444,480,0.20833333333333334,29,0.012586805555555556,33,0.014322916666666666,1767,0.7780713342140027,361,0.15896081021576397,2171,0.9559665345662703,236,0.10391897842360194,1952.1666666666667,0.8472945601851852,8219.0,9216,0.8918185763888888,31,0.013454861111111112,-0.0013020833333333703,-0.005497685185185119,-0.007388442071097706,-0.0013020833333333703,-0.0013020833333333322,-0.004172482040414316,0.01231770067512794,0.010736852587471701
61002,R1,32,61002_t32,early,R1,32,D,origin,duplicate_encoding,SYMBOLIC_FRESH,384,384,368,0.9583333333333334,16,0.041666666666666664,0,0.0,0,0.0,368,0.9583333333333334,6,0.015625,375,0.9765625,11,0.028645833333333332,368.0,0.9583333333333334,1514.0,1536,0.9856770833333334,0,0.0,-0.01822916666666663,-0.01822916666666663,0.010416666666666664,-0.007161458333333259,0.0,-0.01822916666666663,0.010416666666666668,-0.00520833333333337
61002,R1,32,61002_t32,early,R1,32,D,origin,duplicate_encoding,IMAGE_CUE_FRESH,384,384,384,1.0,0,0.0,0,0.0,0,0.0,384,1.0,0,0.0,384,1.0,0,0.0,384.0,1.0,1536.0,1536,1.0,0,0.0,0.0026041666666666297,0.0026041666666666297,-0.0026041666666666665,0.0006510416666666297,0.0,0.0026041666666666297,0.0,0.0026041666666666297
61002,R1,32,61002_t32,early,R1,32,D,origin,cross_series,SYMBOLIC_FRESH,384,372,137,0.3567708333333333,212,0.5520833333333334,23,0.059895833333333336,12,0.03125,142,0.3817204301075269,96,0.25806451612903225,259,0.696236559139785,140,0.3763440860215054,251.66666666666666,0.6553819444444444,1162.0,1536,0.7565104166666666,0,0.0,0.0026041666666666297,-0.01302083333333337,-0.05681099419239838,-0.01171875,0.0,0.007388879305387841,0.03881317923063654,0.08126329710769942
61002,R1,32,61002_t32,early,R1,32,D,origin,cross_series,IMAGE_CUE_FRESH,384,384,384,1.0,0,0.0,0,0.0,0,0.0,384,1.0,0,0.0,384,1.0,0,0.0,384.0,1.0,1536.0,1536,1.0,0,0.0,0.00520833333333337,0.00347222222222221,0.0,0.0013020833333333703,0.0,0.0,-0.005208333333333333,-0.005208333333333259
61002,R1,32,61002_t32,early,R1,32,D,origin,trend,SYMBOLIC_FRESH,384,363,122,0.3177083333333333,235,0.6119791666666666,6,0.015625,21,0.0546875,122,0.33608815426997246,257,0.7079889807162535,399,1.0991735537190082,69,0.19008264462809918,189.0,0.4921875,954.0,1536,0.62109375,30,0.078125,-0.002604166666666685,-0.01302083333333337,0.0008171079049353325,0.00911458333333337,-0.010416666666666671,-0.011369472848671625,0.015898585236027496,-0.016645655320539854
61002,R1,32,61002_t32,early,R1,32,D,origin,trend,IMAGE_CUE_FRESH,384,384,367,0.9557291666666666,17,0.044270833333333336,0,0.0,0,0.0,367,0.9557291666666666,2,0.005208333333333333,370,0.9635416666666666,16,0.041666666666666664,375.5,0.9778645833333334,1517.0,1536,0.9876302083333334,1,0.0026041666666666665,0.0026041666666666297,0.00520833333333337,0.0026041666666666644,0.0,0.0026041666666666665,0.0026041666666666297,0.0026041666666666665,0.0026041666666666297
61002,R1,32,61002_t32,early,R0,8,D_H8,origin,ALL,ALL,192,186,118,0.6145833333333334,66,0.34375,2,0.010416666666666666,6,0.03125,119,0.6397849462365591,113,0.6075268817204301,258,1.3870967741935485,11,0.05913978494623656,152.5,0.7942708333333334,564.0,768,0.734375,14,0.07291666666666667,0.0,0.0,0.0,0.0,0.0,0.0,0.0,0.0
61002,R1,32,61002_t32,early,R0,8,D_H8,origin,duplicate_encoding,SYMBOLIC_FRESH,32,32,31,0.96875,1,0.03125,0,0.0,0,0.0,32,1.0,1,0.03125,33,1.03125,0,0.0,32.0,1.0,127.0,128,0.9921875,1,0.03125,0.0,0.0,0.0,0.0,0.0,0.0,0.0,0.0
61002,R1,32,61002_t32,early,R0,8,D_H8,origin,duplicate_encoding,IMAGE_CUE_FRESH,32,32,32,1.0,0,0.0,0,0.0,0,0.0,32,1.0,0,0.0,32,1.0,0,0.0,32.0,1.0,128.0,128,1.0,0,0.0,0.0,0.0,0.0,0.0,0.0,0.0,0.0,0.0
61002,R1,32,61002_t32,early,R0,8,D_H8,origin,cross_series,SYMBOLIC_FRESH,32,31,6,0.1875,24,0.75,1,0.03125,1,0.03125,6,0.1935483870967742,42,1.3548387096774193,66,2.129032258064516,5,0.16129032258064516,21.0,0.65625,57.0,128,0.4453125,3,0.09375,0.0,0.0,0.0,0.0,0.0,0.0,0.0,0.0
61002,R1,32,61002_t32,early,R0,8,D_H8,origin,cross_series,IMAGE_CUE_FRESH,32,32,32,1.0,0,0.0,0,0.0,0,0.0,32,1.0,0,0.0,32,1.0,0,0.0,32.0,1.0,128.0,128,1.0,0,0.0,0.0,0.0,0.0,0.0,0.0,0.0,0.0,0.0
61002,R1,32,61002_t32,early,R0,8,D_H8,origin,trend,SYMBOLIC_FRESH,32,27,0,0.0,27,0.84375,0,0.0,5,0.15625,0,0.0,59,2.185185185185185,66,2.4444444444444446,1,0.037037037037037035,13.5,0.421875,22.0,128,0.171875,9,0.28125,0.0,0.0,0.0,0.0,0.0,0.0,0.0,0.0
61002,R1,32,61002_t32,early,R0,8,D_H8,origin,trend,IMAGE_CUE_FRESH,32,32,17,0.53125,14,0.4375,1,0.03125,0,0.0,17,0.53125,11,0.34375,29,0.90625,5,0.15625,22.0,0.6875,102.0,128,0.796875,1,0.03125,0.0,0.0,0.0,0.0,0.0,0.0,0.0,0.0
61002,R1,32,61002_t32,early,R0,32,D,origin,ALL,ALL,2304,2264,1765,0.7660590277777778,469,0.2035590277777778,30,0.013020833333333334,40,0.017361111111111112,1771,0.782243816254417,332,0.14664310954063603,2140,0.9452296819787986,252,0.11130742049469965,1964.8333333333333,0.8527922453703703,8231.0,9216,0.8931206597222222,34,0.014756944444444444,0.0,0.0,0.0,0.0,0.0,0.0,0.0,0.0
61002,R1,32,61002_t32,early,R0,32,D,origin,duplicate_encoding,SYMBOLIC_FRESH,384,384,375,0.9765625,9,0.0234375,0,0.0,0,0.0,375,0.9765625,2,0.005208333333333333,377,0.9817708333333334,7,0.018229166666666668,375.0,0.9765625,1525.0,1536,0.9928385416666666,0,0.0,0.0,0.0,0.0,0.0,0.0,0.0,0.0,0.0
61002,R1,32,61002_t32,early,R0,32,D,origin,duplicate_encoding,IMAGE_CUE_FRESH,384,384,383,0.9973958333333334,1,0.0026041666666666665,0,0.0,0,0.0,383,0.9973958333333334,0,0.0,383,0.9973958333333334,1,0.0026041666666666665,383.0,0.9973958333333334,1535.0,1536,0.9993489583333334,0,0.0,0.0,0.0,0.0,0.0,0.0,0.0,0.0,0.0
61002,R1,32,61002_t32,early,R0,32,D,origin,cross_series,SYMBOLIC_FRESH,384,374,136,0.3541666666666667,215,0.5598958333333334,23,0.059895833333333336,10,0.026041666666666668,140,0.37433155080213903,82,0.2192513368983957,230,0.6149732620320856,162,0.43315508021390375,256.6666666666667,0.6684027777777778,1180.0,1536,0.7682291666666666,0,0.0,0.0,0.0,0.0,0.0,0.0,0.0,0.0,0.0
61002,R1,32,61002_t32,early,R0,32,D,origin,cross_series,IMAGE_CUE_FRESH,384,384,382,0.9947916666666666,2,0.005208333333333333,0,0.0,0,0.0,384,1.0,2,0.005208333333333333,386,1.0052083333333333,0,0.0,382.6666666666667,0.9965277777777778,1534.0,1536,0.9986979166666666,0,0.0,0.0,0.0,0.0,0.0,0.0,0.0,0.0,0.0
61002,R1,32,61002_t32,early,R0,32,D,origin,trend,SYMBOLIC_FRESH,384,354,123,0.3203125,224,0.5833333333333334,7,0.018229166666666668,30,0.078125,123,0.3474576271186441,245,0.692090395480226,395,1.115819209039548,67,0.18926553672316385,194.0,0.5052083333333334,940.0,1536,0.6119791666666666,34,0.08854166666666667,0.0,0.0,0.0,0.0,0.0,0.0,0.0,0.0
61002,R1,32,61002_t32,early,R0,32,D,origin,trend,IMAGE_CUE_FRESH,384,384,366,0.953125,18,0.046875,0,0.0,0,0.0,366,0.953125,1,0.0026041666666666665,369,0.9609375,15,0.0390625,373.5,0.97265625,1517.0,1536,0.9876302083333334,0,0.0,0.0,0.0,0.0,0.0,0.0,0.0,0.0,0.0
61001,R0,32,61001_t32,early,R5,8,D_H8,origin,ALL,ALL,192,184,121,0.6302083333333334,63,0.328125,0,0.0,8,0.041666666666666664,121,0.657608695652174,99,0.5380434782608695,238,1.2934782608695652,15,0.08152173913043478,153.83333333333334,0.8012152777777778,574.0,768,0.7473958333333334,15,0.078125,-0.005208333333333259,0.0008680555555555802,0.01162926601215522,-0.01432291666666663,-0.010416666666666671,-0.014434315100514183,0.011161757830762009,0.008532024310425435
61001,R0,32,61001_t32,early,R5,8,D_H8,origin,duplicate_encoding,SYMBOLIC_FRESH,32,32,31,0.96875,1,0.03125,0,0.0,0,0.0,31,0.96875,1,0.03125,32,1.0,0,0.0,31.0,0.96875,126.0,128,0.984375,0,0.0,0.125,0.03125,-0.03125,0.03125,-0.09375,0.03125,-0.09375,-0.09375
61001,R0,32,61001_t32,early,R5,8,D_H8,origin,duplicate_encoding,IMAGE_CUE_FRESH,32,32,32,1.0,0,0.0,0,0.0,0,0.0,32,1.0,0,0.0,32,1.0,0,0.0,32.0,1.0,128.0,128,1.0,0,0.0,0.0,0.0,0.0,0.0,0.0,0.0,0.0,0.0
61001,R0,32,61001_t32,early,R5,8,D_H8,origin,cross_series,SYMBOLIC_FRESH,32,29,8,0.25,21,0.65625,0,0.0,3,0.09375,8,0.27586206896551724,28,0.9655172413793104,50,1.7241379310344827,6,0.20689655172413793,21.333333333333332,0.6666666666666666,67.0,128,0.5234375,4,0.125,0.03125,0.02083333333333337,-0.059770114942528735,-0.0625,0.03125,0.0425287356321839,0.2321839080459771,0.3908045977011494
61001,R0,32,61001_t32,early,R5,8,D_H8,origin,cross_series,IMAGE_CUE_FRESH,32,32,32,1.0,0,0.0,0,0.0,0,0.0,32,1.0,0,0.0,32,1.0,0,0.0,32.0,1.0,128.0,128,1.0,0,0.0,0.0,0.0,0.0,0.0,0.0,0.0,0.0,0.0
61001,R0,32,61001_t32,early,R5,8,D_H8,origin,trend,SYMBOLIC_FRESH,32,27,0,0.0,27,0.84375,0,0.0,5,0.15625,0,0.0,64,2.3703703703703702,68,2.5185185185185186,0,0.0,14.5,0.453125,17.0,128,0.1328125,11,0.34375,-0.03125,0.0,-0.03571428571428571,-0.0234375,0.0,-0.03571428571428571,0.04894179894179862,0.0185185185185186
61001,R0,32,61001_t32,early,R5,8,D_H8,origin,trend,IMAGE_CUE_FRESH,32,32,18,0.5625,14,0.4375,0,0.0,0,0.0,18,0.5625,6,0.1875,24,0.75,9,0.28125,23.0,0.71875,108.0,128,0.84375,0,0.0,-0.15625,-0.046875,0.1875,-0.03125,0.0,-0.15625,-0.03125,-0.1875
61001,R0,32,61001_t32,early,R5,32,D,origin,ALL,ALL,2304,2281,1743,0.7565104166666666,504,0.21875,34,0.014756944444444444,23,0.009982638888888888,1750,0.7672073651907059,337,0.1477422183252959,2140,0.9381850065760632,243,0.10653222270933801,1931.8333333333333,0.8384693287037037,8256.0,9216,0.8958333333333334,24,0.010416666666666666,0.0004340277777777901,0.0015914351851851194,-0.0038401177161939,0.00531684027777779,-0.0008680555555555559,-0.0058422801993650575,0.012547182864303008,0.0051176306895384105
61001,R0,32,61001_t32,early,R5,32,D,origin,duplicate_encoding,SYMBOLIC_FRESH,384,384,377,0.9817708333333334,7,0.018229166666666668,0,0.0,0,0.0,377,0.9817708333333334,1,0.0026041666666666665,379,0.9869791666666666,5,0.013020833333333334,377.0,0.9817708333333334,1528.0,1536,0.9947916666666666,0,0.0,0.01302083333333337,0.01302083333333337,-0.015624999999999998,0.0032552083333332593,0.0,0.01302083333333337,0.0,0.015625
61001,R0,32,61001_t32,early,R5,32,D,origin,duplicate_encoding,IMAGE_CUE_FRESH,384,384,384,1.0,0,0.0,0,0.0,0,0.0,384,1.0,0,0.0,384,1.0,0,0.0,384.0,1.0,1536.0,1536,1.0,0,0.0,0.0,0.0,0.0,0.0,0.0,0.0,0.0,0.0
61001,R0,32,61001_t32,early,R5,32,D,origin,cross_series,SYMBOLIC_FRESH,384,378,129,0.3359375,224,0.5833333333333334,25,0.06510416666666667,6,0.015625,136,0.35978835978835977,92,0.24338624338624337,243,0.6428571428571429,158,0.41798941798941797,249.33333333333331,0.6493055555555555,1178.0,1536,0.7669270833333334,0,0.0,0.013020833333333315,0.03298611111111105,0.00801711882044287,0.02994791666666674,0.0,0.010757888874232346,0.030089844494276624,0.019588444796201032
61001,R0,32,61001_t32,early,R5,32,D,origin,cross_series,IMAGE_CUE_FRESH,384,384,384,1.0,0,0.0,0,0.0,0,0.0,384,1.0,0,0.0,384,1.0,0,0.0,384.0,1.0,1536.0,1536,1.0,0,0.0,0.0,0.0,0.0,0.0,0.0,0.0,0.0,0.0
61001,R0,32,61001_t32,early,R5,32,D,origin,trend,SYMBOLIC_FRESH,384,368,103,0.2682291666666667,256,0.6666666666666666,9,0.0234375,16,0.041666666666666664,103,0.2798913043478261,242,0.657608695652174,382,1.0380434782608696,65,0.1766304347826087,164.0,0.4270833333333333,965.0,1536,0.6282552083333334,24,0.0625,-0.01041666666666663,-0.02734375,-0.040639760203463715,0.004557291666666741,-0.005208333333333329,-0.018158834927939904,0.02808223325663073,0.01575935569819542
61001,R0,32,61001_t32,early,R5,32,D,origin,trend,IMAGE_CUE_FRESH,384,383,366,0.953125,17,0.044270833333333336,0,0.0,1,0.0026041666666666665,366,0.9556135770234987,2,0.005221932114882507,368,0.9608355091383812,15,0.0391644908616188,373.5,0.97265625,1513.0,1536,0.9850260416666666,0,0.0,-0.01302083333333337,-0.00911458333333337,0.0079144908616188,-0.005859375,0.0,-0.010532256309834676,0.00261776544821584,-0.007914490861618773
61004,R1,32,61004_t32,early,R6,8,D_H8,origin,ALL,ALL,192,184,112,0.5833333333333334,69,0.359375,3,0.015625,8,0.041666666666666664,115,0.625,103,0.5597826086956522,241,1.309782608695652,13,0.07065217391304347,148.5,0.7734375,564.0,768,0.734375,14,0.07291666666666667,-0.01041666666666663,-0.01996527777777779,0.00038190364277319866,-0.0013020833333333703,-0.026041666666666657,-0.007432432432432412,-0.018595769682726138,-0.03616333725029386
61004,R1,32,61004_t32,early,R6,8,D_H8,origin,duplicate_encoding,SYMBOLIC_FRESH,32,30,28,0.875,2,0.0625,0,0.0,2,0.0625,30,1.0,4,0.13333333333333333,34,1.1333333333333333,0,0.0,30.0,0.9375,116.0,128,0.90625,2,0.0625,-0.03125,-0.0625,0.0,-0.0703125,-0.03125,0.0,0.03958333333333333,0.039583333333333304
61004,R1,32,61004_t32,early,R6,8,D_H8,origin,duplicate_encoding,IMAGE_CUE_FRESH,32,32,32,1.0,0,0.0,0,0.0,0,0.0,32,1.0,0,0.0,32,1.0,0,0.0,32.0,1.0,128.0,128,1.0,0,0.0,0.0,0.0,0.0,0.0,0.0,0.0,0.0,0.0
61004,R1,32,61004_t32,early,R6,8,D_H8,origin,cross_series,SYMBOLIC_FRESH,32,30,7,0.21875,22,0.6875,1,0.03125,2,0.0625,8,0.26666666666666666,25,0.8333333333333334,48,1.6,6,0.2,21.333333333333332,0.6666666666666666,73.0,128,0.5703125,1,0.03125,0.03125,0.0,0.0,0.0546875,-0.09375,0.06666666666666665,-0.16666666666666663,-0.1333333333333333
61004,R1,32,61004_t32,early,R6,8,D_H8,origin,cross_series,IMAGE_CUE_FRESH,32,32,31,0.96875,1,0.03125,0,0.0,0,0.0,31,0.96875,0,0.0,32,1.0,0,0.0,31.666666666666668,0.9895833333333334,127.0,128,0.9921875,0,0.0,-0.03125,-0.01041666666666663,0.0,-0.0078125,0.0,-0.03125,0.0,0.0
61004,R1,32,61004_t32,early,R6,8,D_H8,origin,trend,SYMBOLIC_FRESH,32,28,1,0.03125,25,0.78125,2,0.0625,4,0.125,1,0.03571428571428571,60,2.142857142857143,68,2.4285714285714284,0,0.0,15.0,0.46875,25.0,128,0.1953125,11,0.34375,0.03125,-0.015625,-0.037037037037037035,0.0546875,0.0,0.03571428571428571,-0.1904761904761907,-0.20105820105820138
61004,R1,32,61004_t32,early,R6,8,D_H8,origin,trend,IMAGE_CUE_FRESH,32,32,13,0.40625,19,0.59375,0,0.0,0,0.0,13,0.40625,14,0.4375,27,0.84375,7,0.21875,18.5,0.578125,95.0,128,0.7421875,0,0.0,-0.0625,-0.03125,0.03125,-0.0390625,-0.03125,-0.0625,0.09375,0.0
61004,R1,32,61004_t32,early,R6,32,D,origin,ALL,ALL,2304,2228,1753,0.7608506944444444,446,0.1935763888888889,29,0.012586805555555556,76,0.03298611111111111,1773,0.7957809694793537,501,0.2248653500897666,2340,1.0502692998204668,171,0.07675044883303411,1978.0,0.8585069444444444,7956.0,9216,0.86328125,72,0.03125,0.0004340277777777901,0.00614872685185186,-0.02134098481099607,-0.01746961805555558,0.012586805555555556,0.012381058249881893,0.04421732523401872,0.07157422658478108
61004,R1,32,61004_t32,early,R6,32,D,origin,duplicate_encoding,SYMBOLIC_FRESH,384,383,376,0.9791666666666666,7,0.018229166666666668,0,0.0,1,0.0026041666666666665,378,0.9869451697127938,3,0.007832898172323759,381,0.9947780678851175,4,0.010443864229765013,378.0,0.984375,1524.0,1536,0.9921875,2,0.005208333333333333,0.0,0.00520833333333337,-0.0025769691035683207,-0.0006510416666666297,0.005208333333333333,0.00777850304612715,2.0398172323759026e-05,0.005194734551784097
61004,R1,32,61004_t32,early,R6,32,D,origin,duplicate_encoding,IMAGE_CUE_FRESH,384,384,384,1.0,0,0.0,0,0.0,0,0.0,384,1.0,0,0.0,384,1.0,0,0.0,384.0,1.0,1536.0,1536,1.0,0,0.0,0.0,0.0,0.0,0.0,0.0,0.0,0.0,0.0
61004,R1,32,61004_t32,early,R6,32,D,origin,cross_series,SYMBOLIC_FRESH,384,369,124,0.3229166666666667,222,0.578125,23,0.059895833333333336,15,0.0390625,142,0.38482384823848237,153,0.4146341463414634,324,0.8780487804878049,129,0.34959349593495936,249.0,0.6484375,1096.0,1536,0.7135416666666666,9,0.0234375,-0.005208333333333315,0.006944444444444531,-0.026082179740716305,-0.01953125,0.015625,0.0091481725628067,0.08220171390903097,0.1321028345418589
61004,R1,32,61004_t32,early,R6,32,D,origin,cross_series,IMAGE_CUE_FRESH,384,384,384,1.0,0,0.0,0,0.0,0,0.0,384,1.0,0,0.0,384,1.0,0,0.0,384.0,1.0,1536.0,1536,1.0,0,0.0,0.0,0.0,0.0,0.0,0.0,0.0,0.0,0.0
61004,R1,32,61004_t32,early,R6,32,D,origin,trend,SYMBOLIC_FRESH,384,324,122,0.3177083333333333,196,0.5104166666666666,6,0.015625,60,0.15625,122,0.3765432098765432,340,1.0493827160493827,499,1.5401234567901234,20,0.06172839506172839,210.0,0.546875,754.0,1536,0.4908854166666667,61,0.15885416666666666,-0.010416666666666685,0.01432291666666663,-0.08524566833884797,-0.08658854166666669,0.054687499999999986,0.013430817945707496,0.24246628953641436,0.3211032838794605
61004,R1,32,61004_t32,early,R6,32,D,origin,trend,IMAGE_CUE_FRESH,384,384,363,0.9453125,21,0.0546875,0,0.0,0,0.0,363,0.9453125,5,0.013020833333333334,368,0.9583333333333334,18,0.046875,373.0,0.9713541666666666,1510.0,1536,0.9830729166666666,0,0.0,0.01822916666666663,0.01041666666666663,-0.02083333333333333,0.001953125,0.0,0.01822916666666663,0.010416666666666668,0.02604166666666674
61004,R1,96,61004_t96,late,R1,8,D_H8,origin,ALL,ALL,192,190,135,0.703125,55,0.2864583333333333,0,0.0,2,0.010416666666666666,135,0.7105263157894737,63,0.33157894736842103,198,1.0421052631578946,18,0.09473684210526316,160.16666666666666,0.8342013888888888,642.0,768,0.8359375,8,0.041666666666666664,0.0,0.0026041666666666297,-0.0057922584238373626,0.0026041666666666297,0.0,-0.003759398496240629,0.0035366193260930046,-0.00022277917014768
61004,R1,96,61004_t96,late,R1,8,D_H8,origin,duplicate_encoding,SYMBOLIC_FRESH,32,32,32,1.0,0,0.0,0,0.0,0,0.0,32,1.0,0,0.0,32,1.0,0,0.0,32.0,1.0,128.0,128,1.0,0,0.0,0.0,0.0,0.0,0.0,0.0,0.0,0.0,0.0
61004,R1,96,61004_t96,late,R1,8,D_H8,origin,duplicate_encoding,IMAGE_CUE_FRESH,32,32,32,1.0,0,0.0,0,0.0,0,0.0,32,1.0,0,0.0,32,1.0,0,0.0,32.0,1.0,128.0,128,1.0,0,0.0,0.0,0.0,0.0,0.0,0.0,0.0,0.0,0.0
61004,R1,96,61004_t96,late,R1,8,D_H8,origin,cross_series,SYMBOLIC_FRESH,32,32,8,0.25,24,0.75,0,0.0,0,0.0,8,0.25,7,0.21875,15,0.46875,17,0.53125,18.666666666666664,0.5833333333333333,97.0,128,0.7578125,0,0.0,0.0,0.0,0.0,0.0,0.0,0.0,0.0,0.0
61004,R1,96,61004_t96,late,R1,8,D_H8,origin,cross_series,IMAGE_CUE_FRESH,32,32,32,1.0,0,0.0,0,0.0,0,0.0,32,1.0,0,0.0,32,1.0,0,0.0,32.0,1.0,128.0,128,1.0,0,0.0,0.0,0.0,0.0,0.0,0.0,0.0,0.0,0.0
61004,R1,96,61004_t96,late,R1,8,D_H8,origin,trend,SYMBOLIC_FRESH,32,30,0,0.0,30,0.9375,0,0.0,2,0.0625,0,0.0,56,1.8666666666666667,56,1.8666666666666667,0,0.0,14.0,0.4375,34.0,128,0.265625,8,0.25,0.0,0.015625,-0.034482758620689655,0.015625,0.0,0.0,-0.029885057471264354,-0.029885057471264354
61004,R1,96,61004_t96,late,R1,8,D_H8,origin,trend,IMAGE_CUE_FRESH,32,32,31,0.96875,1,0.03125,0,0.0,0,0.0,31,0.96875,0,0.0,31,0.96875,1,0.03125,31.5,0.984375,127.0,128,0.9921875,0,0.0,0.0,0.0,0.0,0.0,0.0,0.0,0.0,0.0
61004,R1,96,61004_t96,late,R1,32,D,origin,ALL,ALL,2304,2242,1814,0.7873263888888888,401,0.1740451388888889,27,0.01171875,62,0.026909722222222224,1814,0.8090990187332738,363,0.16190900981266726,2193,0.9781445138269402,192,0.08563782337198929,2018.0,0.8758680555555556,8177.0,9216,0.8872612847222222,44,0.019097222222222224,0.0017361111111110494,0.0035445601851852304,2.5990113360865874e-05,0.0036892361111110494,-0.0008680555555555525,-0.0030928234899444407,-0.0003500668345761404,-0.003478076939532171
61004,R1,96,61004_t96,late,R1,32,D,origin,duplicate_encoding,SYMBOLIC_FRESH,384,384,384,1.0,0,0.0,0,0.0,0,0.0,384,1.0,0,0.0,384,1.0,0,0.0,384.0,1.0,1536.0,1536,1.0,0,0.0,0.0,0.0,0.0,0.0,0.0,0.0,0.0,0.0
61004,R1,96,61004_t96,late,R1,32,D,origin,duplicate_encoding,IMAGE_CUE_FRESH,384,384,384,1.0,0,0.0,0,0.0,0,0.0,384,1.0,0,0.0,384,1.0,0,0.0,384.0,1.0,1536.0,1536,1.0,0,0.0,0.0,0.0,0.0,0.0,0.0,0.0,0.0,0.0
61004,R1,96,61004_t96,late,R1,32,D,origin,cross_series,SYMBOLIC_FRESH,384,382,150,0.390625,207,0.5390625,25,0.06510416666666667,2,0.005208333333333333,150,0.39267015706806285,64,0.16753926701570682,214,0.5602094240837696,175,0.4581151832460733,274.0,0.7135416666666666,1232.0,1536,0.8020833333333334,0,0.0,0.0078125,0.01475694444444442,0.00044322557411563546,0.0078125,0.0,-0.001509737111831333,0.000872600349040159,-0.0006371367627912017
61004,R1,96,61004_t96,late,R1,32,D,origin,cross_series,IMAGE_CUE_FRESH,384,384,384,1.0,0,0.0,0,0.0,0,0.0,384,1.0,0,0.0,384,1.0,0,0.0,384.0,1.0,1536.0,1536,1.0,0,0.0,0.0,0.0,0.0,0.0,0.0,0.0,0.0,0.0
61004,R1,96,61004_t96,late,R1,32,D,origin,trend,SYMBOLIC_FRESH,384,324,128,0.3333333333333333,194,0.5052083333333334,2,0.005208333333333333,60,0.15625,128,0.3950617283950617,299,0.9228395061728395,443,1.367283950617284,17,0.05246913580246913,208.0,0.5416666666666666,801.0,1536,0.521484375,44,0.11458333333333333,0.0,0.005208333333333259,-0.0011586244498967974,0.013671875,-0.005208333333333343,-0.008723760563928817,-0.02037815944230248,-0.030192390076722253
61004,R1,96,61004_t96,late,R1,32,D,origin,trend,IMAGE_CUE_FRESH,384,384,384,1.0,0,0.0,0,0.0,0,0.0,384,1.0,0,0.0,384,1.0,0,0.0,384.0,1.0,1536.0,1536,1.0,0,0.0,0.0026041666666666297,0.0013020833333333703,-0.0026041666666666665,0.0006510416666666297,0.0,0.0026041666666666297,0.0,0.0026041666666666297
61001,R0,32,61001_t32,early,SAW_R4,8,D_H8,origin,ALL,ALL,192,187,119,0.6197916666666666,67,0.3489583333333333,1,0.005208333333333333,5,0.026041666666666668,121,0.6470588235294118,89,0.47593582887700536,225,1.2032085561497325,20,0.10695187165775401,155.0,0.8072916666666666,593.0,768,0.7721354166666666,17,0.08854166666666667,-0.015625,0.00694444444444442,0.037059398539474445,0.01041666666666663,0.0,-0.024984187223276333,-0.05094589155310214,-0.08173768040940721
61001,R0,32,61001_t32,early,SAW_R4,8,D_H8,origin,duplicate_encoding,SYMBOLIC_FRESH,32,32,28,0.875,3,0.09375,1,0.03125,0,0.0,30,0.9375,2,0.0625,33,1.03125,1,0.03125,30.0,0.9375,124.0,128,0.96875,2,0.0625,0.03125,0.0,0.0,0.015625,-0.03125,0.0,-0.0625,-0.0625
61001,R0,32,61001_t32,early,SAW_R4,8,D_H8,origin,duplicate_encoding,IMAGE_CUE_FRESH,32,32,32,1.0,0,0.0,0,0.0,0,0.0,32,1.0,0,0.0,32,1.0,0,0.0,32.0,1.0,128.0,128,1.0,0,0.0,0.0,0.0,0.0,0.0,0.0,0.0,0.0,0.0
61001,R0,32,61001_t32,early,SAW_R4,8,D_H8,origin,cross_series,SYMBOLIC_FRESH,32,30,8,0.25,22,0.6875,0,0.0,2,0.0625,8,0.26666666666666666,21,0.7,40,1.3333333333333333,8,0.26666666666666666,22.0,0.6875,77.0,128,0.6015625,4,0.125,0.03125,0.04166666666666674,0.0,0.015625,0.03125,0.033333333333333326,-0.033333333333333326,0.0
61001,R0,32,61001_t32,early,SAW_R4,8,D_H8,origin,cross_series,IMAGE_CUE_FRESH,32,32,32,1.0,0,0.0,0,0.0,0,0.0,32,1.0,0,0.0,32,1.0,0,0.0,32.0,1.0,128.0,128,1.0,0,0.0,0.0,0.0,0.0,0.0,0.0,0.0,0.0,0.0
61001,R0,32,61001_t32,early,SAW_R4,8,D_H8,origin,trend,SYMBOLIC_FRESH,32,29,0,0.0,29,0.90625,0,0.0,3,0.09375,0,0.0,61,2.103448275862069,64,2.206896551724138,3,0.10344827586206896,15.5,0.484375,26.0,128,0.203125,11,0.34375,-0.03125,0.03125,0.06773399014778325,0.046875,0.0,-0.03571428571428571,-0.21798029556650267,-0.2931034482758621
61001,R0,32,61001_t32,early,SAW_R4,8,D_H8,origin,trend,IMAGE_CUE_FRESH,32,32,19,0.59375,13,0.40625,0,0.0,0,0.0,19,0.59375,5,0.15625,24,0.75,8,0.25,23.5,0.734375,110.0,128,0.859375,0,0.0,-0.125,-0.03125,0.15625,-0.015625,0.0,-0.125,-0.0625,-0.1875
61001,R0,32,61001_t32,early,SAW_R4,32,D,origin,ALL,ALL,2304,2245,1774,0.7699652777777778,450,0.1953125,21,0.009114583333333334,59,0.025607638888888888,1788,0.7964365256124721,409,0.1821826280623608,2243,0.9991091314031181,192,0.08552338530066815,1984.1666666666667,0.8611834490740741,8114.0,9216,0.8804253472222222,54,0.0234375,0.01388888888888895,0.02430555555555547,-0.024848955124863764,-0.01009114583333337,0.012152777777777778,0.023386880222401207,0.046987592601367895,0.0660417555165933
61001,R0,32,61001_t32,early,SAW_R4,32,D,origin,duplicate_encoding,SYMBOLIC_FRESH,384,384,378,0.984375,6,0.015625,0,0.0,0,0.0,379,0.9869791666666666,4,0.010416666666666666,383,0.9973958333333334,2,0.005208333333333333,379.0,0.9869791666666666,1527.0,1536,0.994140625,1,0.0026041666666666665,0.015625,0.01822916666666663,-0.0234375,0.0026041666666666297,0.0026041666666666665,0.01822916666666663,0.0078125,0.02604166666666674
61001,R0,32,61001_t32,early,SAW_R4,32,D,origin,duplicate_encoding,IMAGE_CUE_FRESH,384,384,384,1.0,0,0.0,0,0.0,0,0.0,384,1.0,0,0.0,384,1.0,0,0.0,384.0,1.0,1536.0,1536,1.0,0,0.0,0.0,0.0,0.0,0.0,0.0,0.0,0.0,0.0
61001,R0,32,61001_t32,early,SAW_R4,32,D,origin,cross_series,SYMBOLIC_FRESH,384,370,133,0.3463541666666667,216,0.5625,21,0.0546875,14,0.036458333333333336,146,0.3945945945945946,91,0.24594594594594596,261,0.7054054054054054,141,0.3810810810810811,252.66666666666666,0.657986111111111,1165.0,1536,0.7584635416666666,0,0.0,0.0234375,0.04166666666666663,-0.02889121808789402,0.021484375,0.0,0.045564123680467195,0.03264954705397921,0.08213670734446354
61001,R0,32,61001_t32,early,SAW_R4,32,D,origin,cross_series,IMAGE_CUE_FRESH,384,384,384,1.0,0,0.0,0,0.0,0,0.0,384,1.0,0,0.0,384,1.0,0,0.0,384.0,1.0,1536.0,1536,1.0,0,0.0,0.0,0.0,0.0,0.0,0.0,0.0,0.0,0.0
61001,R0,32,61001_t32,early,SAW_R4,32,D,origin,trend,SYMBOLIC_FRESH,384,339,126,0.328125,213,0.5546875,0,0.0,45,0.1171875,126,0.37168141592920356,312,0.9203539823008849,460,1.3569321533923304,36,0.10619469026548672,209.0,0.5442708333333334,831.0,1536,0.541015625,53,0.13802083333333334,0.049479166666666685,0.08984375000000006,-0.1110755047205857,-0.08268229166666663,0.07031250000000001,0.07363127665343755,0.2908275199053417,0.3346480308296562
61001,R0,32,61001_t32,early,SAW_R4,32,D,origin,trend,IMAGE_CUE_FRESH,384,384,369,0.9609375,15,0.0390625,0,0.0,0,0.0,369,0.9609375,2,0.005208333333333333,371,0.9661458333333334,13,0.033854166666666664,375.5,0.9778645833333334,1519.0,1536,0.9889322916666666,0,0.0,-0.00520833333333337,-0.00390625,0.0026041666666666644,-0.001953125,0.0,-0.00520833333333337,0.0026041666666666665,-0.0026041666666666297
61001,R0,96,61001_t96,late,R2,8,D_H8,origin,ALL,ALL,192,190,136,0.7083333333333334,54,0.28125,0,0.0,2,0.010416666666666666,136,0.7157894736842105,48,0.25263157894736843,184,0.968421052631579,25,0.13157894736842105,160.16666666666666,0.8342013888888888,658.0,768,0.8567708333333334,8,0.041666666666666664,0.0,0.01302083333333337,0.024052065647990936,0.02083333333333337,0.0,-0.015393322014714217,-0.026938313525749824,-0.04233163554046404
61001,R0,96,61001_t96,late,R2,8,D_H8,origin,duplicate_encoding,SYMBOLIC_FRESH,32,32,32,1.0,0,0.0,0,0.0,0,0.0,32,1.0,0,0.0,32,1.0,0,0.0,32.0,1.0,128.0,128,1.0,0,0.0,0.0,0.0,0.0,0.0,0.0,0.0,0.0,0.0
61001,R0,96,61001_t96,late,R2,8,D_H8,origin,duplicate_encoding,IMAGE_CUE_FRESH,32,32,32,1.0,0,0.0,0,0.0,0,0.0,32,1.0,0,0.0,32,1.0,0,0.0,32.0,1.0,128.0,128,1.0,0,0.0,0.0,0.0,0.0,0.0,0.0,0.0,0.0,0.0
61001,R0,96,61001_t96,late,R2,8,D_H8,origin,cross_series,SYMBOLIC_FRESH,32,32,8,0.25,24,0.75,0,0.0,0,0.0,8,0.25,7,0.21875,15,0.46875,17,0.53125,18.666666666666664,0.5833333333333333,97.0,128,0.7578125,0,0.0,0.0,0.0,-0.05495689655172409,0.046875,0.0,-0.025862068965517238,0.08081896551724138,0.054956896551724144
61001,R0,96,61001_t96,late,R2,8,D_H8,origin,cross_series,IMAGE_CUE_FRESH,32,32,32,1.0,0,0.0,0,0.0,0,0.0,32,1.0,0,0.0,32,1.0,0,0.0,32.0,1.0,128.0,128,1.0,0,0.0,0.0,0.0,0.0,0.0,0.0,0.0,0.0,0.0
61001,R0,96,61001_t96,late,R2,8,D_H8,origin,trend,SYMBOLIC_FRESH,32,30,0,0.0,30,0.9375,0,0.0,2,0.0625,0,0.0,41,1.3666666666666667,41,1.3666666666666667,8,0.26666666666666666,13.5,0.421875,49.0,128,0.3828125,8,0.25,0.0,0.078125,0.1632183908045977,0.078125,0.0,0.0,-0.28850574712643673,-0.28850574712643673
61001,R0,96,61001_t96,late,R2,8,D_H8,origin,trend,IMAGE_CUE_FRESH,32,32,32,1.0,0,0.0,0,0.0,0,0.0,32,1.0,0,0.0,32,1.0,0,0.0,32.0,1.0,128.0,128,1.0,0,0.0,0.0,0.0,0.0,0.0,0.0,0.0,0.0,0.0
61001,R0,96,61001_t96,late,R2,32,D,origin,ALL,ALL,2304,2284,1816,0.7881944444444444,435,0.18880208333333334,33,0.014322916666666666,20,0.008680555555555556,1817,0.7955341506129597,254,0.11120840630472854,2087,0.9137478108581436,283,0.12390542907180385,2030.3333333333333,0.8812210648148148,8415.0,9216,0.9130859375,34,0.014756944444444444,0.0,0.00629340277777779,0.02579561809070574,0.02354600694444442,-0.004774305555555556,-0.02444784758686025,-0.01930464500040198,-0.04349791371431366
61001,R0,96,61001_t96,late,R2,32,D,origin,duplicate_encoding,SYMBOLIC_FRESH,384,384,384,1.0,0,0.0,0,0.0,0,0.0,384,1.0,0,0.0,384,1.0,0,0.0,384.0,1.0,1536.0,1536,1.0,0,0.0,0.0,0.0,0.0,0.0,0.0,0.0,0.0,0.0
61001,R0,96,61001_t96,late,R2,32,D,origin,duplicate_encoding,IMAGE_CUE_FRESH,384,384,384,1.0,0,0.0,0,0.0,0,0.0,384,1.0,0,0.0,384,1.0,0,0.0,384.0,1.0,1536.0,1536,1.0,0,0.0,0.0,0.0,0.0,0.0,0.0,0.0,0.0,0.0
61001,R0,96,61001_t96,late,R2,32,D,origin,cross_series,SYMBOLIC_FRESH,384,377,152,0.3958333333333333,206,0.5364583333333334,19,0.049479166666666664,7,0.018229166666666668,153,0.40583554376657827,56,0.14854111405835543,209,0.5543766578249337,176,0.46684350132625996,273.3333333333333,0.7118055555555555,1228.0,1536,0.7994791666666666,0,0.0,0.0,0.0,-0.009740520712307521,0.013671875,0.0,-0.029426164222402462,0.03834827659279069,0.008922112370388313
61001,R0,96,61001_t96,late,R2,32,D,origin,cross_series,IMAGE_CUE_FRESH,384,384,384,1.0,0,0.0,0,0.0,0,0.0,384,1.0,0,0.0,384,1.0,0,0.0,384.0,1.0,1536.0,1536,1.0,0,0.0,0.0,0.0,0.0,0.0,0.0,0.0,0.0,0.0
61001,R0,96,61001_t96,late,R2,32,D,origin,trend,SYMBOLIC_FRESH,384,371,128,0.3333333333333333,229,0.5963541666666666,14,0.036458333333333336,13,0.033854166666666664,128,0.3450134770889488,198,0.5336927223719676,342,0.921832884097035,107,0.2884097035040431,221.0,0.5755208333333334,1043.0,1536,0.6790364583333334,34,0.08854166666666667,0.0,0.03776041666666674,0.1490908180551267,0.12760416666666674,-0.02864583333333333,-0.05127135263241345,-0.24030108567756803,-0.294885382156835
61001,R0,96,61001_t96,late,R2,32,D,origin,trend,IMAGE_CUE_FRESH,384,384,384,1.0,0,0.0,0,0.0,0,0.0,384,1.0,0,0.0,384,1.0,0,0.0,384.0,1.0,1536.0,1536,1.0,0,0.0,0.0,0.0,0.0,0.0,0.0,0.0,0.0,0.0
61002,R1,32,61002_t32,early,R2,8,D_H8,origin,ALL,ALL,192,191,115,0.5989583333333334,74,0.3854166666666667,2,0.010416666666666666,1,0.005208333333333333,118,0.6178010471204188,117,0.612565445026178,257,1.3455497382198953,17,0.08900523560209424,153.16666666666666,0.7977430555555555,574.0,768,0.7473958333333334,20,0.10416666666666667,-0.015625,0.003472222222222099,0.029865450655857675,0.01302083333333337,0.03125,-0.021983899116140293,0.005038563305747923,-0.04154703597365317
61002,R1,32,61002_t32,early,R2,8,D_H8,origin,duplicate_encoding,SYMBOLIC_FRESH,32,32,27,0.84375,5,0.15625,0,0.0,0,0.0,30,0.9375,4,0.125,35,1.09375,1,0.03125,30.0,0.9375,122.0,128,0.953125,3,0.09375,-0.125,-0.0625,0.03125,-0.0390625,0.0625,-0.0625,0.09375,0.0625
61002,R1,32,61002_t32,early,R2,8,D_H8,origin,duplicate_encoding,IMAGE_CUE_FRESH,32,32,32,1.0,0,0.0,0,0.0,0,0.0,32,1.0,0,0.0,32,1.0,0,0.0,32.0,1.0,128.0,128,1.0,0,0.0,0.0,0.0,0.0,0.0,0.0,0.0,0.0,0.0
61002,R1,32,61002_t32,early,R2,8,D_H8,origin,cross_series,SYMBOLIC_FRESH,32,31,7,0.21875,22,0.6875,2,0.0625,1,0.03125,7,0.22580645161290322,27,0.8709677419354839,47,1.5161290322580645,10,0.3225806451612903,22.0,0.6875,73.0,128,0.5703125,4,0.125,0.03125,0.03125,0.16129032258064516,0.125,0.03125,0.03225806451612903,-0.4838709677419354,-0.6129032258064515
61002,R1,32,61002_t32,early,R2,8,D_H8,origin,cross_series,IMAGE_CUE_FRESH,32,32,31,0.96875,1,0.03125,0,0.0,0,0.0,31,0.96875,0,0.0,31,0.96875,1,0.03125,31.666666666666668,0.9895833333333334,127.0,128,0.9921875,0,0.0,-0.03125,-0.01041666666666663,0.03125,-0.0078125,0.0,-0.03125,0.0,-0.03125
61002,R1,32,61002_t32,early,R2,8,D_H8,origin,trend,SYMBOLIC_FRESH,32,32,0,0.0,32,1.0,0,0.0,0,0.0,0,0.0,77,2.40625,85,2.65625,0,0.0,16.5,0.515625,19.0,128,0.1484375,13,0.40625,0.0,0.09375,-0.037037037037037035,-0.0234375,0.125,0.0,0.22106481481481488,0.21180555555555536
61002,R1,32,61002_t32,early,R2,8,D_H8,origin,trend,IMAGE_CUE_FRESH,32,32,18,0.5625,14,0.4375,0,0.0,0,0.0,18,0.5625,9,0.28125,27,0.84375,5,0.15625,21.0,0.65625,105.0,128,0.8203125,0,0.0,0.03125,-0.03125,0.0,0.0234375,-0.03125,0.03125,-0.0625,-0.0625
61002,R1,32,61002_t32,early,R2,32,D,origin,ALL,ALL,2304,2277,1751,0.7599826388888888,490,0.2126736111111111,36,0.015625,27,0.01171875,1759,0.7725076855511638,346,0.15195432586736934,2160,0.9486166007905138,242,0.10628019323671498,1952.5,0.8474392361111112,8244.0,9216,0.89453125,28,0.012152777777777778,-0.006076388888888951,-0.005353009259259189,-0.0050272272579846705,0.0014105902777777901,-0.002604166666666666,-0.009736130703253187,0.0053112163267333146,0.003386918811715156
61002,R1,32,61002_t32,early,R2,32,D,origin,duplicate_encoding,SYMBOLIC_FRESH,384,384,378,0.984375,6,0.015625,0,0.0,0,0.0,380,0.9895833333333334,3,0.0078125,383,0.9973958333333334,3,0.0078125,380.0,0.9895833333333334,1529.0,1536,0.9954427083333334,2,0.005208333333333333,0.0078125,0.01302083333333337,-0.010416666666666668,0.0026041666666667407,0.005208333333333333,0.01302083333333337,0.002604166666666667,0.015625
61002,R1,32,61002_t32,early,R2,32,D,origin,duplicate_encoding,IMAGE_CUE_FRESH,384,384,384,1.0,0,0.0,0,0.0,0,0.0,384,1.0,0,0.0,384,1.0,0,0.0,384.0,1.0,1536.0,1536,1.0,0,0.0,0.0026041666666666297,0.0026041666666666297,-0.0026041666666666665,0.0006510416666666297,0.0,0.0026041666666666297,0.0,0.0026041666666666297
61002,R1,32,61002_t32,early,R2,32,D,origin,cross_series,SYMBOLIC_FRESH,384,376,129,0.3359375,222,0.578125,25,0.06510416666666667,8,0.020833333333333332,135,0.35904255319148937,86,0.22872340425531915,241,0.6409574468085106,158,0.42021276595744683,253.33333333333331,0.6597222222222222,1177.0,1536,0.7662760416666666,0,0.0,-0.018229166666666685,-0.00868055555555558,-0.012942314256456922,-0.001953125,0.0,-0.015288997610649668,0.009472067356923436,0.025984184776425057
61002,R1,32,61002_t32,early,R2,32,D,origin,cross_series,IMAGE_CUE_FRESH,384,384,383,0.9973958333333334,1,0.0026041666666666665,0,0.0,0,0.0,383,0.9973958333333334,0,0.0,384,1.0,0,0.0,383.6666666666667,0.9991319444444445,1535.0,1536,0.9993489583333334,0,0.0,0.0026041666666667407,0.0026041666666667407,0.0,0.0006510416666667407,0.0,-0.0026041666666666297,-0.005208333333333333,-0.005208333333333259
61002,R1,32,61002_t32,early,R2,32,D,origin,trend,SYMBOLIC_FRESH,384,365,113,0.2942708333333333,241,0.6276041666666666,11,0.028645833333333332,19,0.049479166666666664,113,0.3095890410958904,253,0.6931506849315069,399,1.093150684931507,66,0.18082191780821918,180.0,0.46875,955.0,1536,0.6217447916666666,26,0.06770833333333333,-0.026041666666666685,-0.03645833333333337,-0.008443618914944662,0.009765625,-0.020833333333333343,-0.03786858602275367,0.0010602894512808936,-0.0226685241080411
61002,R1,32,61002_t32,early,R2,32,D,origin,trend,IMAGE_CUE_FRESH,384,384,364,0.9479166666666666,20,0.052083333333333336,0,0.0,0,0.0,364,0.9479166666666666,4,0.010416666666666666,369,0.9609375,15,0.0390625,371.5,0.9674479166666666,1512.0,1536,0.984375,0,0.0,-0.00520833333333337,-0.00520833333333337,0.0,-0.0032552083333333703,0.0,-0.00520833333333337,0.0078125,0.0
61002,R1,32,61002_t32,early,R6,8,D_H8,origin,ALL,ALL,192,184,111,0.578125,72,0.375,1,0.005208333333333333,8,0.041666666666666664,115,0.625,118,0.6413043478260869,253,1.375,14,0.07608695652173914,151.66666666666666,0.7899305555555555,549.0,768,0.71484375,21,0.109375,-0.03645833333333337,-0.004340277777777901,0.016947171575502573,-0.01953125,0.03645833333333333,-0.014784946236559127,0.033777466105656795,-0.012096774193548487
61002,R1,32,61002_t32,early,R6,8,D_H8,origin,duplicate_encoding,SYMBOLIC_FRESH,32,30,25,0.78125,5,0.15625,0,0.0,2,0.0625,28,0.9333333333333333,6,0.2,34,1.1333333333333333,0,0.0,28.0,0.875,112.0,128,0.875,3,0.09375,-0.1875,-0.125,0.0,-0.1171875,0.0625,-0.06666666666666665,0.16875,0.1020833333333333
61002,R1,32,61002_t32,early,R6,8,D_H8,origin,duplicate_encoding,IMAGE_CUE_FRESH,32,32,32,1.0,0,0.0,0,0.0,0,0.0,32,1.0,0,0.0,32,1.0,0,0.0,32.0,1.0,128.0,128,1.0,0,0.0,0.0,0.0,0.0,0.0,0.0,0.0,0.0,0.0
61002,R1,32,61002_t32,early,R6,8,D_H8,origin,cross_series,SYMBOLIC_FRESH,32,29,7,0.21875,21,0.65625,1,0.03125,3,0.09375,8,0.27586206896551724,32,1.103448275862069,54,1.8620689655172413,5,0.1724137931034483,20.666666666666668,0.6458333333333334,63.0,128,0.4921875,4,0.125,0.03125,-0.01041666666666663,0.01112347052280313,0.046875,0.03125,0.08231368186874305,-0.2513904338153503,-0.2669632925472747
61002,R1,32,61002_t32,early,R6,8,D_H8,origin,cross_series,IMAGE_CUE_FRESH,32,32,32,1.0,0,0.0,0,0.0,0,0.0,32,1.0,0,0.0,32,1.0,0,0.0,32.0,1.0,128.0,128,1.0,0,0.0,0.0,0.0,0.0,0.0,0.0,0.0,0.0,0.0
61002,R1,32,61002_t32,early,R6,8,D_H8,origin,trend,SYMBOLIC_FRESH,32,29,0,0.0,29,0.90625,0,0.0,3,0.09375,0,0.0,69,2.3793103448275863,75,2.586206896551724,1,0.034482758620689655,18.0,0.5625,18.0,128,0.140625,14,0.4375,0.0,0.140625,-0.0025542784163473803,-0.03125,0.15625,0.0,0.19412515964240118,0.14176245210727956
61002,R1,32,61002_t32,early,R6,8,D_H8,origin,trend,IMAGE_CUE_FRESH,32,32,15,0.46875,17,0.53125,0,0.0,0,0.0,15,0.46875,11,0.34375,26,0.8125,8,0.25,21.0,0.65625,100.0,128,0.78125,0,0.0,-0.0625,-0.03125,0.09375,-0.015625,-0.03125,-0.0625,0.0,-0.09375
61002,R1,32,61002_t32,early,R6,32,D,origin,ALL,ALL,2304,2239,1750,0.7595486111111112,461,0.20008680555555555,28,0.012152777777777778,65,0.028211805555555556,1767,0.7891916033943724,478,0.21348816435908888,2330,1.0406431442608308,190,0.08485931219294328,1982.1666666666667,0.8603153935185186,8006.0,9216,0.8687065972222222,73,0.031684027777777776,-0.00651041666666663,0.007523148148148251,-0.026448108301756368,-0.0244140625,0.016927083333333332,0.006947787139955475,0.06684505481845285,0.09541346228203218
61002,R1,32,61002_t32,early,R6,32,D,origin,duplicate_encoding,SYMBOLIC_FRESH,384,383,378,0.984375,5,0.013020833333333334,0,0.0,1,0.0026041666666666665,379,0.9895561357702349,1,0.0026109660574412533,380,0.9921671018276762,4,0.010443864229765013,379.0,0.9869791666666666,1527.0,1536,0.994140625,1,0.0026041666666666665,0.0078125,0.01041666666666663,-0.007785302436901655,0.0013020833333333703,0.0026041666666666665,0.012993635770234935,-0.0025973672758920797,0.01039626849434283
61002,R1,32,61002_t32,early,R6,32,D,origin,duplicate_encoding,IMAGE_CUE_FRESH,384,384,384,1.0,0,0.0,0,0.0,0,0.0,384,1.0,0,0.0,384,1.0,0,0.0,384.0,1.0,1536.0,1536,1.0,0,0.0,0.0026041666666666297,0.0026041666666666297,-0.0026041666666666665,0.0006510416666666297,0.0,0.0026041666666666297,0.0,0.0026041666666666297
61002,R1,32,61002_t32,early,R6,32,D,origin,cross_series,SYMBOLIC_FRESH,384,367,118,0.3072916666666667,227,0.5911458333333334,22,0.057291666666666664,17,0.044270833333333336,133,0.36239782016348776,127,0.3460490463215259,298,0.8119891008174387,135,0.3678474114441417,245.33333333333331,0.6388888888888888,1107.0,1536,0.720703125,7,0.018229166666666668,-0.046875,-0.02951388888888895,-0.06530766876976207,-0.04752604166666663,0.018229166666666668,-0.011933730638651274,0.12679770942313018,0.19701583878535311
61002,R1,32,61002_t32,early,R6,32,D,origin,cross_series,IMAGE_CUE_FRESH,384,384,382,0.9947916666666666,2,0.005208333333333333,0,0.0,0,0.0,383,0.9973958333333334,1,0.0026041666666666665,385,1.0026041666666667,0,0.0,383.3333333333333,0.9982638888888888,1534.0,1536,0.9986979166666666,0,0.0,0.0,0.0017361111111110494,0.0,0.0,0.0,-0.0026041666666666297,-0.0026041666666666665,-0.0026041666666665186
61002,R1,32,61002_t32,early,R6,32,D,origin,trend,SYMBOLIC_FRESH,384,337,121,0.3151041666666667,210,0.546875,6,0.015625,47,0.12239583333333333,121,0.3590504451038576,346,1.0267062314540059,513,1.5222551928783383,37,0.10979228486646884,216.5,0.5638020833333334,786.0,1536,0.51171875,65,0.16927083333333334,-0.005208333333333315,0.05859375,-0.079473251856695,-0.10026041666666663,0.08072916666666667,0.0115928179852135,0.33461583597377986,0.4064359838387903
61002,R1,32,61002_t32,early,R6,32,D,origin,trend,IMAGE_CUE_FRESH,384,384,367,0.9557291666666666,17,0.044270833333333336,0,0.0,0,0.0,367,0.9557291666666666,3,0.0078125,370,0.9635416666666666,14,0.036458333333333336,374.0,0.9739583333333334,1516.0,1536,0.9869791666666666,0,0.0,0.0026041666666666297,0.0013020833333333703,-0.0026041666666666644,-0.0006510416666667407,0.0,0.0026041666666666297,0.005208333333333334,0.0026041666666666297
61004,R1,96,61004_t96,late,R0,8,D_H8,origin,ALL,ALL,192,189,135,0.703125,54,0.28125,0,0.0,3,0.015625,135,0.7142857142857143,62,0.328042328042328,197,1.0423280423280423,19,0.10052910052910052,159.66666666666666,0.8315972222222222,640.0,768,0.8333333333333334,8,0.041666666666666664,0.0,0.0,0.0,0.0,0.0,0.0,0.0,0.0
61004,R1,96,61004_t96,late,R0,8,D_H8,origin,duplicate_encoding,SYMBOLIC_FRESH,32,32,32,1.0,0,0.0,0,0.0,0,0.0,32,1.0,0,0.0,32,1.0,0,0.0,32.0,1.0,128.0,128,1.0,0,0.0,0.0,0.0,0.0,0.0,0.0,0.0,0.0,0.0
61004,R1,96,61004_t96,late,R0,8,D_H8,origin,duplicate_encoding,IMAGE_CUE_FRESH,32,32,32,1.0,0,0.0,0,0.0,0,0.0,32,1.0,0,0.0,32,1.0,0,0.0,32.0,1.0,128.0,128,1.0,0,0.0,0.0,0.0,0.0,0.0,0.0,0.0,0.0,0.0
61004,R1,96,61004_t96,late,R0,8,D_H8,origin,cross_series,SYMBOLIC_FRESH,32,32,8,0.25,24,0.75,0,0.0,0,0.0,8,0.25,7,0.21875,15,0.46875,17,0.53125,18.666666666666664,0.5833333333333333,97.0,128,0.7578125,0,0.0,0.0,0.0,0.0,0.0,0.0,0.0,0.0,0.0
61004,R1,96,61004_t96,late,R0,8,D_H8,origin,cross_series,IMAGE_CUE_FRESH,32,32,32,1.0,0,0.0,0,0.0,0,0.0,32,1.0,0,0.0,32,1.0,0,0.0,32.0,1.0,128.0,128,1.0,0,0.0,0.0,0.0,0.0,0.0,0.0,0.0,0.0,0.0
61004,R1,96,61004_t96,late,R0,8,D_H8,origin,trend,SYMBOLIC_FRESH,32,29,0,0.0,29,0.90625,0,0.0,3,0.09375,0,0.0,55,1.896551724137931,55,1.896551724137931,1,0.034482758620689655,13.5,0.421875,32.0,128,0.25,8,0.25,0.0,0.0,0.0,0.0,0.0,0.0,0.0,0.0
61004,R1,96,61004_t96,late,R0,8,D_H8,origin,trend,IMAGE_CUE_FRESH,32,32,31,0.96875,1,0.03125,0,0.0,0,0.0,31,0.96875,0,0.0,31,0.96875,1,0.03125,31.5,0.984375,127.0,128,0.9921875,0,0.0,0.0,0.0,0.0,0.0,0.0,0.0,0.0,0.0
61004,R1,96,61004_t96,late,R0,32,D,origin,ALL,ALL,2304,2231,1810,0.7855902777777778,400,0.1736111111111111,21,0.009114583333333334,73,0.031684027777777776,1812,0.8121918422232183,362,0.1622590766472434,2190,0.9816225907664724,191,0.08561183325862842,2009.8333333333333,0.8723234953703703,8143.0,9216,0.8835720486111112,46,0.019965277777777776,0.0,0.0,0.0,0.0,0.0,0.0,0.0,0.0
61004,R1,96,61004_t96,late,R0,32,D,origin,duplicate_encoding,SYMBOLIC_FRESH,384,384,384,1.0,0,0.0,0,0.0,0,0.0,384,1.0,0,0.0,384,1.0,0,0.0,384.0,1.0,1536.0,1536,1.0,0,0.0,0.0,0.0,0.0,0.0,0.0,0.0,0.0,0.0
61004,R1,96,61004_t96,late,R0,32,D,origin,duplicate_encoding,IMAGE_CUE_FRESH,384,384,384,1.0,0,0.0,0,0.0,0,0.0,384,1.0,0,0.0,384,1.0,0,0.0,384.0,1.0,1536.0,1536,1.0,0,0.0,0.0,0.0,0.0,0.0,0.0,0.0,0.0,0.0
61004,R1,96,61004_t96,late,R0,32,D,origin,cross_series,SYMBOLIC_FRESH,384,378,147,0.3828125,210,0.546875,21,0.0546875,6,0.015625,149,0.3941798941798942,63,0.16666666666666666,212,0.5608465608465608,173,0.4576719576719577,268.3333333333333,0.6987847222222222,1220.0,1536,0.7942708333333334,0,0.0,0.0,0.0,0.0,0.0,0.0,0.0,0.0,0.0
61004,R1,96,61004_t96,late,R0,32,D,origin,cross_series,IMAGE_CUE_FRESH,384,384,384,1.0,0,0.0,0,0.0,0,0.0,384,1.0,0,0.0,384,1.0,0,0.0,384.0,1.0,1536.0,1536,1.0,0,0.0,0.0,0.0,0.0,0.0,0.0,0.0,0.0,0.0
61004,R1,96,61004_t96,late,R0,32,D,origin,trend,SYMBOLIC_FRESH,384,317,128,0.3333333333333333,189,0.4921875,0,0.0,67,0.17447916666666666,128,0.4037854889589905,299,0.943217665615142,443,1.3974763406940063,17,0.05362776025236593,206.0,0.5364583333333334,780.0,1536,0.5078125,46,0.11979166666666667,0.0,0.0,0.0,0.0,0.0,0.0,0.0,0.0
61004,R1,96,61004_t96,late,R0,32,D,origin,trend,IMAGE_CUE_FRESH,384,384,383,0.9973958333333334,1,0.0026041666666666665,0,0.0,0,0.0,383,0.9973958333333334,0,0.0,383,0.9973958333333334,1,0.0026041666666666665,383.5,0.9986979166666666,1535.0,1536,0.9993489583333334,0,0.0,0.0,0.0,0.0,0.0,0.0,0.0,0.0,0.0
61004,R1,96,61004_t96,late,R4,8,D_H8,origin,ALL,ALL,192,188,134,0.6979166666666666,54,0.28125,0,0.0,4,0.020833333333333332,134,0.7127659574468085,60,0.3191489361702128,194,1.0319148936170213,18,0.09574468085106383,157.66666666666666,0.8211805555555555,638.0,768,0.8307291666666666,8,0.041666666666666664,-0.00520833333333337,-0.01041666666666674,-0.004784419678036694,-0.0026041666666667407,0.0,-0.001519756838905817,-0.008893391872115242,-0.010413148711021059
61004,R1,96,61004_t96,late,R4,8,D_H8,origin,duplicate_encoding,SYMBOLIC_FRESH,32,32,32,1.0,0,0.0,0,0.0,0,0.0,32,1.0,0,0.0,32,1.0,0,0.0,32.0,1.0,128.0,128,1.0,0,0.0,0.0,0.0,0.0,0.0,0.0,0.0,0.0,0.0
61004,R1,96,61004_t96,late,R4,8,D_H8,origin,duplicate_encoding,IMAGE_CUE_FRESH,32,32,32,1.0,0,0.0,0,0.0,0,0.0,32,1.0,0,0.0,32,1.0,0,0.0,32.0,1.0,128.0,128,1.0,0,0.0,0.0,0.0,0.0,0.0,0.0,0.0,0.0,0.0
61004,R1,96,61004_t96,late,R4,8,D_H8,origin,cross_series,SYMBOLIC_FRESH,32,32,8,0.25,24,0.75,0,0.0,0,0.0,8,0.25,8,0.25,16,0.5,16,0.5,18.666666666666664,0.5833333333333333,96.0,128,0.75,0,0.0,0.0,0.0,-0.03125,-0.0078125,0.0,0.0,0.03125,0.03125
61004,R1,96,61004_t96,late,R4,8,D_H8,origin,cross_series,IMAGE_CUE_FRESH,32,32,32,1.0,0,0.0,0,0.0,0,0.0,32,1.0,0,0.0,32,1.0,0,0.0,32.0,1.0,128.0,128,1.0,0,0.0,0.0,0.0,0.0,0.0,0.0,0.0,0.0,0.0
61004,R1,96,61004_t96,late,R4,8,D_H8,origin,trend,SYMBOLIC_FRESH,32,28,0,0.0,28,0.875,0,0.0,4,0.125,0,0.0,52,1.8571428571428572,52,1.8571428571428572,0,0.0,12.0,0.375,32.0,128,0.25,8,0.25,0.0,-0.046875,-0.034482758620689655,0.0,0.0,0.0,-0.039408866995073843,-0.039408866995073843
61004,R1,96,61004_t96,late,R4,8,D_H8,origin,trend,IMAGE_CUE_FRESH,32,32,30,0.9375,2,0.0625,0,0.0,0,0.0,30,0.9375,0,0.0,30,0.9375,2,0.0625,31.0,0.96875,126.0,128,0.984375,0,0.0,-0.03125,-0.015625,0.03125,-0.0078125,0.0,-0.03125,0.0,-0.03125
61004,R1,96,61004_t96,late,R4,32,D,origin,ALL,ALL,2304,2246,1811,0.7860243055555556,417,0.18098958333333334,18,0.0078125,58,0.025173611111111112,1813,0.807212822796082,413,0.18388245770258238,2245,0.9995547640249333,194,0.08637577916295637,2028.5,0.8804253472222222,8138.0,9216,0.8830295138888888,55,0.023871527777777776,0.0004340277777777901,0.00810185185185186,0.0007639459043279478,-0.0005425347222223209,0.00390625,-0.0049790194271363,0.02162338105533898,0.01793217325846086
61004,R1,96,61004_t96,late,R4,32,D,origin,duplicate_encoding,SYMBOLIC_FRESH,384,384,384,1.0,0,0.0,0,0.0,0,0.0,384,1.0,0,0.0,384,1.0,0,0.0,384.0,1.0,1536.0,1536,1.0,0,0.0,0.0,0.0,0.0,0.0,0.0,0.0,0.0,0.0
61004,R1,96,61004_t96,late,R4,32,D,origin,duplicate_encoding,IMAGE_CUE_FRESH,384,384,384,1.0,0,0.0,0,0.0,0,0.0,384,1.0,0,0.0,384,1.0,0,0.0,384.0,1.0,1536.0,1536,1.0,0,0.0,0.0,0.0,0.0,0.0,0.0,0.0,0.0,0.0
61004,R1,96,61004_t96,late,R4,32,D,origin,cross_series,SYMBOLIC_FRESH,384,379,147,0.3828125,215,0.5598958333333334,17,0.044270833333333336,5,0.013020833333333334,149,0.39313984168865435,75,0.19788918205804748,230,0.6068601583113457,171,0.45118733509234826,270.0,0.703125,1211.0,1536,0.7884114583333334,0,0.0,0.0,0.00434027777777779,-0.0064846225796094115,-0.005859375,0.0,-0.0010400524912398401,0.031222515391380823,0.04601359746478484
61004,R1,96,61004_t96,late,R4,32,D,origin,cross_series,IMAGE_CUE_FRESH,384,384,384,1.0,0,0.0,0,0.0,0,0.0,384,1.0,0,0.0,384,1.0,0,0.0,384.0,1.0,1536.0,1536,1.0,0,0.0,0.0,0.0,0.0,0.0,0.0,0.0,0.0,0.0
61004,R1,96,61004_t96,late,R4,32,D,origin,trend,SYMBOLIC_FRESH,384,331,130,0.3385416666666667,200,0.5208333333333334,1,0.0026041666666666665,53,0.13802083333333334,130,0.39274924471299094,338,1.0211480362537764,481,1.4531722054380665,21,0.0634441087613293,223.5,0.58203125,785.0,1536,0.5110677083333334,55,0.14322916666666666,0.00520833333333337,0.04557291666666663,0.009816348508963374,0.0032552083333333703,0.023437499999999986,-0.011036244245999582,0.0779303706386344,0.055695864744060186
61004,R1,96,61004_t96,late,R4,32,D,origin,trend,IMAGE_CUE_FRESH,384,384,382,0.9947916666666666,2,0.005208333333333333,0,0.0,0,0.0,382,0.9947916666666666,0,0.0,382,0.9947916666666666,2,0.005208333333333333,383.0,0.9973958333333334,1534.0,1536,0.9986979166666666,0,0.0,-0.0026041666666667407,-0.0013020833333332593,0.0026041666666666665,-0.0006510416666667407,0.0,-0.0026041666666667407,0.0,-0.0026041666666667407
61003,R0,96,61003_t96,late,DIRECT_REPAIR_R4,8,D_H8,origin,ALL,ALL,192,189,135,0.703125,54,0.28125,0,0.0,3,0.015625,135,0.7142857142857143,59,0.31216931216931215,194,1.0264550264550265,18,0.09523809523809523,157.66666666666666,0.8211805555555555,643.0,768,0.8372395833333334,8,0.041666666666666664,-0.00520833333333337,-0.00520833333333337,0.00481256332320161,0.006510416666666741,0.005208333333333329,-0.00911854103343468,-0.017617921873241016,-0.02673646290667553
61003,R0,96,61003_t96,late,DIRECT_REPAIR_R4,8,D_H8,origin,duplicate_encoding,SYMBOLIC_FRESH,32,32,32,1.0,0,0.0,0,0.0,0,0.0,32,1.0,0,0.0,32,1.0,0,0.0,32.0,1.0,128.0,128,1.0,0,0.0,0.0,0.0,0.0,0.0,0.0,0.0,0.0,0.0
61003,R0,96,61003_t96,late,DIRECT_REPAIR_R4,8,D_H8,origin,duplicate_encoding,IMAGE_CUE_FRESH,32,32,32,1.0,0,0.0,0,0.0,0,0.0,32,1.0,0,0.0,32,1.0,0,0.0,32.0,1.0,128.0,128,1.0,0,0.0,0.0,0.0,0.0,0.0,0.0,0.0,0.0,0.0
61003,R0,96,61003_t96,late,DIRECT_REPAIR_R4,8,D_H8,origin,cross_series,SYMBOLIC_FRESH,32,32,8,0.25,24,0.75,0,0.0,0,0.0,8,0.25,8,0.25,16,0.5,17,0.53125,18.666666666666664,0.5833333333333333,96.0,128,0.75,0,0.0,0.0,0.0,-0.03541666666666665,0.0390625,0.0,-0.016666666666666663,0.016666666666666663,0.0
61003,R0,96,61003_t96,late,DIRECT_REPAIR_R4,8,D_H8,origin,cross_series,IMAGE_CUE_FRESH,32,32,32,1.0,0,0.0,0,0.0,0,0.0,32,1.0,0,0.0,32,1.0,0,0.0,32.0,1.0,128.0,128,1.0,0,0.0,0.0,0.0,0.0,0.0,0.0,0.0,0.0,0.0
61003,R0,96,61003_t96,late,DIRECT_REPAIR_R4,8,D_H8,origin,trend,SYMBOLIC_FRESH,32,29,0,0.0,29,0.90625,0,0.0,3,0.09375,0,0.0,51,1.7586206896551724,51,1.7586206896551724,0,0.0,11.5,0.359375,36.0,128,0.28125,8,0.25,0.0,-0.015625,0.0,0.0078125,0.03125,0.0,-0.07471264367816088,-0.07471264367816088
61003,R0,96,61003_t96,late,DIRECT_REPAIR_R4,8,D_H8,origin,trend,IMAGE_CUE_FRESH,32,32,31,0.96875,1,0.03125,0,0.0,0,0.0,31,0.96875,0,0.0,31,0.96875,1,0.03125,31.5,0.984375,127.0,128,0.9921875,0,0.0,-0.03125,-0.015625,0.03125,-0.0078125,0.0,-0.03125,0.0,-0.03125
61003,R0,96,61003_t96,late,DIRECT_REPAIR_R4,32,D,origin,ALL,ALL,2304,2302,1807,0.7842881944444444,463,0.2009548611111111,32,0.013888888888888888,2,0.0008680555555555555,1807,0.7849695916594266,214,0.09296264118158123,2037,0.8848827106863597,323,0.14031277150304083,2015.0,0.8745659722222222,8499.0,9216,0.9222005208333334,24,0.010416666666666666,-0.0004340277777777901,-0.001953125,0.04325132893848162,0.03168402777777779,-0.009114583333333334,-0.02001705126132136,-0.05797235436605902,-0.07816270338309705
61003,R0,96,61003_t96,late,DIRECT_REPAIR_R4,32,D,origin,duplicate_encoding,SYMBOLIC_FRESH,384,384,384,1.0,0,0.0,0,0.0,0,0.0,384,1.0,0,0.0,384,1.0,0,0.0,384.0,1.0,1536.0,1536,1.0,0,0.0,0.0,0.0,0.0,0.0,0.0,0.0,0.0,0.0
61003,R0,96,61003_t96,late,DIRECT_REPAIR_R4,32,D,origin,duplicate_encoding,IMAGE_CUE_FRESH,384,384,384,1.0,0,0.0,0,0.0,0,0.0,384,1.0,0,0.0,384,1.0,0,0.0,384.0,1.0,1536.0,1536,1.0,0,0.0,0.0,0.0,0.0,0.0,0.0,0.0,0.0,0.0
61003,R0,96,61003_t96,late,DIRECT_REPAIR_R4,32,D,origin,cross_series,SYMBOLIC_FRESH,384,383,144,0.375,223,0.5807291666666666,16,0.041666666666666664,1,0.0026041666666666665,144,0.37597911227154046,49,0.1279373368146214,193,0.5039164490861618,196,0.5117493472584856,271.0,0.7057291666666666,1244.0,1536,0.8098958333333334,0,0.0,0.0,0.005208333333333259,0.04316295982393065,0.015625,0.0,-0.0009842385137998622,-0.05530873648380791,-0.05629297499760777
61003,R0,96,61003_t96,late,DIRECT_REPAIR_R4,32,D,origin,cross_series,IMAGE_CUE_FRESH,384,384,384,1.0,0,0.0,0,0.0,0,0.0,384,1.0,0,0.0,384,1.0,0,0.0,384.0,1.0,1536.0,1536,1.0,0,0.0,0.0,0.0,0.0,0.0,0.0,0.0,0.0,0.0
61003,R0,96,61003_t96,late,DIRECT_REPAIR_R4,32,D,origin,trend,SYMBOLIC_FRESH,384,383,128,0.3333333333333333,239,0.6223958333333334,16,0.041666666666666664,1,0.0026041666666666665,128,0.3342036553524804,165,0.4308093994778068,309,0.8067885117493473,126,0.3289817232375979,208.5,0.54296875,1112.0,1536,0.7239583333333334,24,0.0625,0.0,-0.015625,0.21007928421320765,0.17513020833333337,-0.0546875,-0.05604024708654398,-0.38931255174170537,-0.45235782971406724
61003,R0,96,61003_t96,late,DIRECT_REPAIR_R4,32,D,origin,trend,IMAGE_CUE_FRESH,384,384,383,0.9973958333333334,1,0.0026041666666666665,0,0.0,0,0.0,383,0.9973958333333334,0,0.0,383,0.9973958333333334,1,0.0026041666666666665,383.5,0.9986979166666666,1535.0,1536,0.9993489583333334,0,0.0,-0.0026041666666666297,-0.0013020833333333703,0.0026041666666666665,-0.0006510416666666297,0.0,-0.0026041666666666297,0.0,-0.0026041666666666297
61001,R0,96,61001_t96,late,R0,8,D_H8,origin,ALL,ALL,192,186,136,0.7083333333333334,50,0.2604166666666667,0,0.0,6,0.03125,136,0.7311827956989247,52,0.27956989247311825,188,1.010752688172043,20,0.10752688172043011,157.66666666666666,0.8211805555555555,642.0,768,0.8359375,8,0.041666666666666664,0.0,0.0,0.0,0.0,0.0,0.0,0.0,0.0
61001,R0,96,61001_t96,late,R0,8,D_H8,origin,duplicate_encoding,SYMBOLIC_FRESH,32,32,32,1.0,0,0.0,0,0.0,0,0.0,32,1.0,0,0.0,32,1.0,0,0.0,32.0,1.0,128.0,128,1.0,0,0.0,0.0,0.0,0.0,0.0,0.0,0.0,0.0,0.0
61001,R0,96,61001_t96,late,R0,8,D_H8,origin,duplicate_encoding,IMAGE_CUE_FRESH,32,32,32,1.0,0,0.0,0,0.0,0,0.0,32,1.0,0,0.0,32,1.0,0,0.0,32.0,1.0,128.0,128,1.0,0,0.0,0.0,0.0,0.0,0.0,0.0,0.0,0.0,0.0
61001,R0,96,61001_t96,late,R0,8,D_H8,origin,cross_series,SYMBOLIC_FRESH,32,29,8,0.25,21,0.65625,0,0.0,3,0.09375,8,0.27586206896551724,4,0.13793103448275862,12,0.41379310344827586,17,0.5862068965517241,18.666666666666664,0.5833333333333333,91.0,128,0.7109375,0,0.0,0.0,0.0,0.0,0.0,0.0,0.0,0.0,0.0
61001,R0,96,61001_t96,late,R0,8,D_H8,origin,cross_series,IMAGE_CUE_FRESH,32,32,32,1.0,0,0.0,0,0.0,0,0.0,32,1.0,0,0.0,32,1.0,0,0.0,32.0,1.0,128.0,128,1.0,0,0.0,0.0,0.0,0.0,0.0,0.0,0.0,0.0,0.0
61001,R0,96,61001_t96,late,R0,8,D_H8,origin,trend,SYMBOLIC_FRESH,32,29,0,0.0,29,0.90625,0,0.0,3,0.09375,0,0.0,48,1.6551724137931034,48,1.6551724137931034,3,0.10344827586206896,11.0,0.34375,39.0,128,0.3046875,8,0.25,0.0,0.0,0.0,0.0,0.0,0.0,0.0,0.0
61001,R0,96,61001_t96,late,R0,8,D_H8,origin,trend,IMAGE_CUE_FRESH,32,32,32,1.0,0,0.0,0,0.0,0,0.0,32,1.0,0,0.0,32,1.0,0,0.0,32.0,1.0,128.0,128,1.0,0,0.0,0.0,0.0,0.0,0.0,0.0,0.0,0.0,0.0
61001,R0,96,61001_t96,late,R0,32,D,origin,ALL,ALL,2304,2222,1816,0.7881944444444444,385,0.16710069444444445,21,0.009114583333333334,82,0.035590277777777776,1822,0.81998199819982,290,0.13051305130513052,2127,0.9572457245724573,218,0.09810981098109811,2015.8333333333333,0.874927662037037,8198.0,9216,0.8895399305555556,45,0.01953125,0.0,0.0,0.0,0.0,0.0,0.0,0.0,0.0
61001,R0,96,61001_t96,late,R0,32,D,origin,duplicate_encoding,SYMBOLIC_FRESH,384,384,384,1.0,0,0.0,0,0.0,0,0.0,384,1.0,0,0.0,384,1.0,0,0.0,384.0,1.0,1536.0,1536,1.0,0,0.0,0.0,0.0,0.0,0.0,0.0,0.0,0.0,0.0
61001,R0,96,61001_t96,late,R0,32,D,origin,duplicate_encoding,IMAGE_CUE_FRESH,384,384,384,1.0,0,0.0,0,0.0,0,0.0,384,1.0,0,0.0,384,1.0,0,0.0,384.0,1.0,1536.0,1536,1.0,0,0.0,0.0,0.0,0.0,0.0,0.0,0.0,0.0,0.0
61001,R0,96,61001_t96,late,R0,32,D,origin,cross_series,SYMBOLIC_FRESH,384,363,152,0.3958333333333333,193,0.5026041666666666,18,0.046875,21,0.0546875,158,0.43526170798898073,40,0.11019283746556474,198,0.5454545454545454,173,0.4765840220385675,273.3333333333333,0.7118055555555555,1207.0,1536,0.7858072916666666,0,0.0,0.0,0.0,0.0,0.0,0.0,0.0,0.0,0.0
61001,R0,96,61001_t96,late,R0,32,D,origin,cross_series,IMAGE_CUE_FRESH,384,384,384,1.0,0,0.0,0,0.0,0,0.0,384,1.0,0,0.0,384,1.0,0,0.0,384.0,1.0,1536.0,1536,1.0,0,0.0,0.0,0.0,0.0,0.0,0.0,0.0,0.0,0.0
61001,R0,96,61001_t96,late,R0,32,D,origin,trend,SYMBOLIC_FRESH,384,323,128,0.3333333333333333,192,0.5,3,0.0078125,61,0.15885416666666666,128,0.39628482972136225,250,0.7739938080495357,393,1.21671826625387,45,0.1393188854489164,206.5,0.5377604166666666,847.0,1536,0.5514322916666666,45,0.1171875,0.0,0.0,0.0,0.0,0.0,0.0,0.0,0.0
61001,R0,96,61001_t96,late,R0,32,D,origin,trend,IMAGE_CUE_FRESH,384,384,384,1.0,0,0.0,0,0.0,0,0.0,384,1.0,0,0.0,384,1.0,0,0.0,384.0,1.0,1536.0,1536,1.0,0,0.0,0.0,0.0,0.0,0.0,0.0,0.0,0.0,0.0
61004,R1,32,61004_t32,early,R5,8,D_H8,origin,ALL,ALL,192,187,112,0.5833333333333334,73,0.3802083333333333,2,0.010416666666666666,5,0.026041666666666668,116,0.6203208556149733,118,0.6310160427807486,258,1.3796791443850267,17,0.09090909090909091,155.66666666666666,0.8107638888888888,559.0,768,0.7278645833333334,25,0.13020833333333334,-0.01041666666666663,0.01736111111111105,0.020638820638820637,-0.0078125,0.031250000000000014,-0.012111576817459113,0.05263766440237028,0.033733198439080736
61004,R1,32,61004_t32,early,R5,8,D_H8,origin,duplicate_encoding,SYMBOLIC_FRESH,32,32,28,0.875,4,0.125,0,0.0,0,0.0,32,1.0,4,0.125,36,1.125,0,0.0,32.0,1.0,124.0,128,0.96875,4,0.125,-0.03125,0.0,0.0,-0.0078125,0.03125,0.0,0.03125,0.03125
61004,R1,32,61004_t32,early,R5,8,D_H8,origin,duplicate_encoding,IMAGE_CUE_FRESH,32,32,32,1.0,0,0.0,0,0.0,0,0.0,32,1.0,0,0.0,32,1.0,0,0.0,32.0,1.0,128.0,128,1.0,0,0.0,0.0,0.0,0.0,0.0,0.0,0.0,0.0,0.0
61004,R1,32,61004_t32,early,R5,8,D_H8,origin,cross_series,SYMBOLIC_FRESH,32,30,7,0.21875,22,0.6875,1,0.03125,2,0.0625,7,0.23333333333333334,28,0.9333333333333333,47,1.5666666666666667,9,0.3,22.0,0.6875,69.0,128,0.5390625,5,0.15625,0.03125,0.02083333333333337,0.09999999999999998,0.0234375,0.03125,0.033333333333333326,-0.06666666666666665,-0.16666666666666674
61004,R1,32,61004_t32,early,R5,8,D_H8,origin,cross_series,IMAGE_CUE_FRESH,32,32,31,0.96875,1,0.03125,0,0.0,0,0.0,31,0.96875,0,0.0,31,0.96875,1,0.03125,31.666666666666668,0.9895833333333334,127.0,128,0.9921875,0,0.0,-0.03125,-0.01041666666666663,0.03125,-0.0078125,0.0,-0.03125,0.0,-0.03125
61004,R1,32,61004_t32,early,R5,8,D_H8,origin,trend,SYMBOLIC_FRESH,32,29,1,0.03125,27,0.84375,1,0.03125,3,0.09375,1,0.034482758620689655,73,2.5172413793103448,85,2.9310344827586206,0,0.0,19.5,0.609375,15.0,128,0.1171875,16,0.5,0.03125,0.125,-0.037037037037037035,-0.0234375,0.15625,0.034482758620689655,0.18390804597701127,0.3014048531289908
61004,R1,32,61004_t32,early,R5,8,D_H8,origin,trend,IMAGE_CUE_FRESH,32,32,13,0.40625,19,0.59375,0,0.0,0,0.0,13,0.40625,13,0.40625,27,0.84375,7,0.21875,18.5,0.578125,96.0,128,0.75,0,0.0,-0.0625,-0.03125,0.03125,-0.03125,-0.03125,-0.0625,0.0625,0.0
61004,R1,32,61004_t32,early,R5,32,D,origin,ALL,ALL,2304,2255,1751,0.7599826388888888,475,0.20616319444444445,29,0.012586805555555556,49,0.021267361111111112,1762,0.7813747228381375,405,0.17960088691796008,2227,0.9875831485587583,213,0.09445676274944567,1967.5,0.8539496527777778,8122.0,9216,0.8812934027777778,50,0.021701388888888888,-0.0004340277777777901,0.0015914351851852304,-0.00363467089458451,0.0005425347222222099,0.003038194444444444,-0.002025188391334365,-0.0010471379377877954,0.008888075323072564
61004,R1,32,61004_t32,early,R5,32,D,origin,duplicate_encoding,SYMBOLIC_FRESH,384,384,375,0.9765625,9,0.0234375,0,0.0,0,0.0,377,0.9817708333333334,3,0.0078125,381,0.9921875,5,0.013020833333333334,377.0,0.9817708333333334,1526.0,1536,0.9934895833333334,2,0.005208333333333333,-0.0026041666666666297,0.0026041666666667407,0.0,0.0006510416666667407,0.005208333333333333,0.0026041666666667407,0.0,0.0026041666666666297
61004,R1,32,61004_t32,early,R5,32,D,origin,duplicate_encoding,IMAGE_CUE_FRESH,384,384,384,1.0,0,0.0,0,0.0,0,0.0,384,1.0,0,0.0,384,1.0,0,0.0,384.0,1.0,1536.0,1536,1.0,0,0.0,0.0,0.0,0.0,0.0,0.0,0.0,0.0,0.0
61004,R1,32,61004_t32,early,R5,32,D,origin,cross_series,SYMBOLIC_FRESH,384,372,126,0.328125,220,0.5729166666666666,26,0.06770833333333333,12,0.03125,135,0.3629032258064516,103,0.2768817204301075,265,0.7123655913978495,140,0.3763440860215054,248.0,0.6458333333333334,1148.0,1536,0.7473958333333334,2,0.005208333333333333,0.0,0.004340277777777901,0.0006684103458297064,0.01432291666666674,-0.002604166666666667,-0.012772449869224045,-0.05555071200232492,-0.03358035454809649
61004,R1,32,61004_t32,early,R5,32,D,origin,cross_series,IMAGE_CUE_FRESH,384,384,384,1.0,0,0.0,0,0.0,0,0.0,384,1.0,0,0.0,384,1.0,0,0.0,384.0,1.0,1536.0,1536,1.0,0,0.0,0.0,0.0,0.0,0.0,0.0,0.0,0.0,0.0
61004,R1,32,61004_t32,early,R5,32,D,origin,trend,SYMBOLIC_FRESH,384,347,118,0.3072916666666667,226,0.5885416666666666,3,0.0078125,37,0.09635416666666667,118,0.3400576368876081,299,0.861671469740634,449,1.2939481268011528,48,0.138328530259366,200.5,0.5221354166666666,860.0,1536,0.5598958333333334,46,0.11979166666666667,-0.020833333333333315,-0.01041666666666674,-0.00864553314121036,-0.017578125,0.015625,-0.023054755043227626,0.05475504322766567,0.0749279538904899
61004,R1,32,61004_t32,early,R5,32,D,origin,trend,IMAGE_CUE_FRESH,384,384,364,0.9479166666666666,20,0.052083333333333336,0,0.0,0,0.0,364,0.9479166666666666,0,0.0,364,0.9479166666666666,20,0.052083333333333336,374.0,0.9739583333333334,1516.0,1536,0.9869791666666666,0,0.0,0.02083333333333326,0.01302083333333337,-0.015624999999999993,0.005859375,0.0,0.02083333333333326,-0.0026041666666666665,0.015625
61004,R1,32,61004_t32,early,R3,8,D_H8,origin,ALL,ALL,192,188,112,0.5833333333333334,74,0.3854166666666667,2,0.010416666666666666,4,0.020833333333333332,116,0.6170212765957447,111,0.5904255319148937,249,1.324468085106383,13,0.06914893617021277,153.66666666666666,0.8003472222222222,569.0,768,0.7408854166666666,20,0.10416666666666667,-0.01041666666666663,0.00694444444444442,-0.0011213341000575056,0.005208333333333259,0.005208333333333343,-0.015411155836687729,0.01204715353651531,-0.021477860839562934
61004,R1,32,61004_t32,early,R3,8,D_H8,origin,duplicate_encoding,SYMBOLIC_FRESH,32,32,28,0.875,4,0.125,0,0.0,0,0.0,32,1.0,5,0.15625,37,1.15625,0,0.0,32.0,1.0,123.0,128,0.9609375,4,0.125,-0.03125,0.0,0.0,-0.015625,0.03125,0.0,0.0625,0.0625
61004,R1,32,61004_t32,early,R3,8,D_H8,origin,duplicate_encoding,IMAGE_CUE_FRESH,32,32,32,1.0,0,0.0,0,0.0,0,0.0,32,1.0,0,0.0,32,1.0,0,0.0,32.0,1.0,128.0,128,1.0,0,0.0,0.0,0.0,0.0,0.0,0.0,0.0,0.0,0.0
61004,R1,32,61004_t32,early,R3,8,D_H8,origin,cross_series,SYMBOLIC_FRESH,32,32,7,0.21875,23,0.71875,2,0.0625,0,0.0,7,0.21875,29,0.90625,54,1.6875,6,0.1875,21.0,0.65625,74.0,128,0.578125,2,0.0625,0.03125,-0.01041666666666663,-0.012500000000000011,0.0625,-0.0625,0.01874999999999999,-0.09375,-0.04583333333333339
61004,R1,32,61004_t32,early,R3,8,D_H8,origin,cross_series,IMAGE_CUE_FRESH,32,32,31,0.96875,1,0.03125,0,0.0,0,0.0,31,0.96875,0,0.0,32,1.0,0,0.0,31.666666666666668,0.9895833333333334,127.0,128,0.9921875,0,0.0,-0.03125,-0.01041666666666663,0.0,-0.0078125,0.0,-0.03125,0.0,0.0
61004,R1,32,61004_t32,early,R3,8,D_H8,origin,trend,SYMBOLIC_FRESH,32,28,0,0.0,28,0.875,0,0.0,4,0.125,0,0.0,64,2.2857142857142856,67,2.392857142857143,0,0.0,17.0,0.53125,20.0,128,0.15625,14,0.4375,0.0,0.046875,-0.037037037037037035,0.015625,0.09375,0.0,-0.047619047619047894,-0.23677248677248697
61004,R1,32,61004_t32,early,R3,8,D_H8,origin,trend,IMAGE_CUE_FRESH,32,32,14,0.4375,18,0.5625,0,0.0,0,0.0,14,0.4375,13,0.40625,27,0.84375,7,0.21875,20.0,0.625,97.0,128,0.7578125,0,0.0,-0.03125,0.015625,0.03125,-0.0234375,-0.03125,-0.03125,0.0625,0.0
61004,R1,32,61004_t32,early,R3,32,D,origin,ALL,ALL,2304,2206,1753,0.7608506944444444,427,0.1853298611111111,26,0.011284722222222222,98,0.042534722222222224,1778,0.8059836808703535,464,0.21033544877606528,2317,1.0503173164097914,161,0.07298277425203989,1987.1666666666667,0.8624855324074074,7932.0,9216,0.8606770833333334,71,0.030815972222222224,0.0004340277777777901,0.01012731481481488,-0.025108659391990293,-0.02007378472222221,0.01215277777777778,0.022583769640881712,0.029687423920317396,0.0716222431741057
61004,R1,32,61004_t32,early,R3,32,D,origin,duplicate_encoding,SYMBOLIC_FRESH,384,384,374,0.9739583333333334,10,0.026041666666666668,0,0.0,0,0.0,377,0.9817708333333334,5,0.013020833333333334,383,0.9973958333333334,5,0.013020833333333334,377.0,0.9817708333333334,1524.0,1536,0.9921875,3,0.0078125,-0.005208333333333259,0.0026041666666667407,0.0,-0.0006510416666666297,0.0078125,0.0026041666666667407,0.005208333333333334,0.0078125
61004,R1,32,61004_t32,early,R3,32,D,origin,duplicate_encoding,IMAGE_CUE_FRESH,384,384,384,1.0,0,0.0,0,0.0,0,0.0,384,1.0,0,0.0,384,1.0,0,0.0,384.0,1.0,1536.0,1536,1.0,0,0.0,0.0,0.0,0.0,0.0,0.0,0.0,0.0,0.0
61004,R1,32,61004_t32,early,R3,32,D,origin,cross_series,SYMBOLIC_FRESH,384,355,127,0.3307291666666667,209,0.5442708333333334,19,0.049479166666666664,29,0.07552083333333333,148,0.4169014084507042,118,0.3323943661971831,296,0.8338028169014085,121,0.3408450704225352,250.66666666666666,0.6527777777777778,1095.0,1536,0.712890625,5,0.013020833333333334,0.002604166666666685,0.011284722222222321,-0.03483060525314047,-0.02018229166666663,0.005208333333333334,0.041225732775028556,-3.806623524932329e-05,0.08785687095546246
61004,R1,32,61004_t32,early,R3,32,D,origin,cross_series,IMAGE_CUE_FRESH,384,384,384,1.0,0,0.0,0,0.0,0,0.0,384,1.0,0,0.0,384,1.0,0,0.0,384.0,1.0,1536.0,1536,1.0,0,0.0,0.0,0.0,0.0,0.0,0.0,0.0,0.0,0.0
61004,R1,32,61004_t32,early,R3,32,D,origin,trend,SYMBOLIC_FRESH,384,315,125,0.3255208333333333,183,0.4765625,7,0.018229166666666668,69,0.1796875,126,0.4,335,1.0634920634920635,503,1.596825396825397,16,0.050793650793650794,221.0,0.5755208333333334,736.0,1536,0.4791666666666667,63,0.1640625,-0.002604166666666685,0.04296875,-0.09618041260692557,-0.09830729166666669,0.05989583333333333,0.0368876080691643,0.25657563697909513,0.37780522391473403
61004,R1,32,61004_t32,early,R3,32,D,origin,trend,IMAGE_CUE_FRESH,384,384,359,0.9348958333333334,25,0.06510416666666667,0,0.0,0,0.0,359,0.9348958333333334,6,0.015625,367,0.9557291666666666,19,0.049479166666666664,370.5,0.96484375,1505.0,1536,0.9798177083333334,0,0.0,0.0078125,0.00390625,-0.018229166666666664,-0.0013020833333332593,0.0,0.0078125,0.013020833333333334,0.0234375
61001,R0,32,61001_t32,early,R1,8,D_H8,origin,ALL,ALL,192,186,119,0.6197916666666666,64,0.3333333333333333,3,0.015625,6,0.03125,120,0.6451612903225806,92,0.4946236559139785,233,1.2526881720430108,16,0.08602150537634409,153.0,0.796875,586.0,768,0.7630208333333334,13,0.06770833333333333,-0.015625,-0.00347222222222221,0.01612903225806453,0.0013020833333333703,-0.020833333333333343,-0.026881720430107503,-0.032258064516129004,-0.032258064516129004
61001,R0,32,61001_t32,early,R1,8,D_H8,origin,duplicate_encoding,SYMBOLIC_FRESH,32,32,31,0.96875,1,0.03125,0,0.0,0,0.0,32,1.0,1,0.03125,33,1.03125,0,0.0,32.0,1.0,127.0,128,0.9921875,1,0.03125,0.125,0.0625,-0.03125,0.0390625,-0.0625,0.0625,-0.09375,-0.0625
61001,R0,32,61001_t32,early,R1,8,D_H8,origin,duplicate_encoding,IMAGE_CUE_FRESH,32,32,32,1.0,0,0.0,0,0.0,0,0.0,32,1.0,0,0.0,32,1.0,0,0.0,32.0,1.0,128.0,128,1.0,0,0.0,0.0,0.0,0.0,0.0,0.0,0.0,0.0,0.0
61001,R0,32,61001_t32,early,R1,8,D_H8,origin,cross_series,SYMBOLIC_FRESH,32,29,7,0.21875,21,0.65625,1,0.03125,3,0.09375,7,0.2413793103448276,19,0.6551724137931034,40,1.3793103448275863,8,0.27586206896551724,21.0,0.65625,75.0,128,0.5859375,2,0.0625,0.0,0.01041666666666674,0.009195402298850575,0.0,-0.03125,0.00804597701149426,-0.07816091954022986,0.04597701149425304
61001,R0,32,61001_t32,early,R1,8,D_H8,origin,cross_series,IMAGE_CUE_FRESH,32,32,30,0.9375,1,0.03125,1,0.03125,0,0.0,30,0.9375,1,0.03125,33,1.03125,0,0.0,31.0,0.96875,125.0,128,0.9765625,0,0.0,-0.0625,-0.03125,0.0,-0.0234375,0.0,-0.0625,0.03125,0.03125
61001,R0,32,61001_t32,early,R1,8,D_H8,origin,trend,SYMBOLIC_FRESH,32,29,0,0.0,28,0.875,1,0.03125,3,0.09375,0,0.0,66,2.2758620689655173,71,2.4482758620689653,0,0.0,13.0,0.40625,21.0,128,0.1640625,10,0.3125,-0.03125,-0.046875,-0.03571428571428571,0.0078125,-0.03125,-0.03571428571428571,-0.04556650246305427,-0.0517241379310347
61001,R0,32,61001_t32,early,R1,8,D_H8,origin,trend,IMAGE_CUE_FRESH,32,32,19,0.59375,13,0.40625,0,0.0,0,0.0,19,0.59375,5,0.15625,24,0.75,8,0.25,24.0,0.75,110.0,128,0.859375,0,0.0,-0.125,-0.015625,0.15625,-0.015625,0.0,-0.125,-0.0625,-0.1875
61001,R0,32,61001_t32,early,R1,32,D,origin,ALL,ALL,2304,2271,1754,0.7612847222222222,490,0.2126736111111111,27,0.01171875,33,0.014322916666666666,1756,0.7732276530162924,332,0.14619110523998238,2135,0.9401144870101277,235,0.10347864376926465,1944.1666666666667,0.843822337962963,8237.0,9216,0.8937717013888888,35,0.015190972222222222,0.00520833333333337,0.00694444444444442,-0.0068936966562672675,0.0032552083333332593,0.00390625,0.00017800762622144362,0.010996069778989481,0.0070471111236029005
61001,R0,32,61001_t32,early,R1,32,D,origin,duplicate_encoding,SYMBOLIC_FRESH,384,384,372,0.96875,12,0.03125,0,0.0,0,0.0,372,0.96875,2,0.005208333333333333,375,0.9765625,9,0.0234375,372.0,0.96875,1522.0,1536,0.9908854166666666,0,0.0,0.0,0.0,-0.005208333333333332,-0.0006510416666667407,0.0,0.0,0.0026041666666666665,0.00520833333333337
61001,R0,32,61001_t32,early,R1,32,D,origin,duplicate_encoding,IMAGE_CUE_FRESH,384,384,384,1.0,0,0.0,0,0.0,0,0.0,384,1.0,0,0.0,384,1.0,0,0.0,384.0,1.0,1536.0,1536,1.0,0,0.0,0.0,0.0,0.0,0.0,0.0,0.0,0.0,0.0
61001,R0,32,61001_t32,early,R1,32,D,origin,cross_series,SYMBOLIC_FRESH,384,370,137,0.3567708333333333,210,0.546875,23,0.059895833333333336,14,0.036458333333333336,139,0.37567567567567567,82,0.22162162162162163,234,0.6324324324324324,145,0.3918918918918919,251.0,0.6536458333333334,1167.0,1536,0.759765625,0,0.0,0.03385416666666663,0.03732638888888895,-0.01808040727708321,0.02278645833333337,0.0,0.026645204761548247,0.008325222729654885,0.00916373437149054
61001,R0,32,61001_t32,early,R1,32,D,origin,cross_series,IMAGE_CUE_FRESH,384,384,383,0.9973958333333334,1,0.0026041666666666665,0,0.0,0,0.0,383,0.9973958333333334,0,0.0,384,1.0,0,0.0,383.6666666666667,0.9991319444444445,1535.0,1536,0.9993489583333334,0,0.0,-0.0026041666666666297,-0.0008680555555554692,0.0,-0.0006510416666666297,0.0,-0.0026041666666666297,0.0,0.0
61001,R0,32,61001_t32,early,R1,32,D,origin,trend,SYMBOLIC_FRESH,384,365,108,0.28125,253,0.6588541666666666,4,0.010416666666666666,19,0.049479166666666664,108,0.2958904109589041,248,0.6794520547945205,388,1.063013698630137,67,0.18356164383561643,176.5,0.4596354166666667,955.0,1536,0.6217447916666666,35,0.09114583333333333,0.002604166666666685,0.00520833333333337,-0.033708551150455984,-0.001953125,0.0234375,-0.0021597283168618975,0.049925592398977314,0.04072957606746286
61001,R0,32,61001_t32,early,R1,32,D,origin,trend,IMAGE_CUE_FRESH,384,384,370,0.9635416666666666,14,0.036458333333333336,0,0.0,0,0.0,370,0.9635416666666666,0,0.0,370,0.9635416666666666,14,0.036458333333333336,377.0,0.9817708333333334,1522.0,1536,0.9908854166666666,0,0.0,-0.0026041666666667407,0.0,0.005208333333333336,0.0,0.0,-0.0026041666666667407,-0.0026041666666666665,-0.00520833333333337
61004,R1,96,61004_t96,late,R7,8,D_H8,origin,ALL,ALL,192,190,136,0.7083333333333334,54,0.28125,0,0.0,2,0.010416666666666666,136,0.7157894736842105,65,0.34210526315789475,201,1.0578947368421052,17,0.08947368421052632,161.16666666666666,0.8394097222222222,641.0,768,0.8346354166666666,8,0.041666666666666664,0.00520833333333337,0.0078125,-0.011055416318574207,0.0013020833333332593,0.0,0.0015037593984962294,0.014062935115566721,0.015566694514062895
61004,R1,96,61004_t96,late,R7,8,D_H8,origin,duplicate_encoding,SYMBOLIC_FRESH,32,32,32,1.0,0,0.0,0,0.0,0,0.0,32,1.0,0,0.0,32,1.0,0,0.0,32.0,1.0,128.0,128,1.0,0,0.0,0.0,0.0,0.0,0.0,0.0,0.0,0.0,0.0
61004,R1,96,61004_t96,late,R7,8,D_H8,origin,duplicate_encoding,IMAGE_CUE_FRESH,32,32,32,1.0,0,0.0,0,0.0,0,0.0,32,1.0,0,0.0,32,1.0,0,0.0,32.0,1.0,128.0,128,1.0,0,0.0,0.0,0.0,0.0,0.0,0.0,0.0,0.0,0.0
61004,R1,96,61004_t96,late,R7,8,D_H8,origin,cross_series,SYMBOLIC_FRESH,32,32,8,0.25,24,0.75,0,0.0,0,0.0,8,0.25,8,0.25,16,0.5,16,0.5,18.666666666666664,0.5833333333333333,96.0,128,0.75,0,0.0,0.0,0.0,-0.03125,-0.0078125,0.0,0.0,0.03125,0.03125
61004,R1,96,61004_t96,late,R7,8,D_H8,origin,cross_series,IMAGE_CUE_FRESH,32,32,32,1.0,0,0.0,0,0.0,0,0.0,32,1.0,0,0.0,32,1.0,0,0.0,32.0,1.0,128.0,128,1.0,0,0.0,0.0,0.0,0.0,0.0,0.0,0.0,0.0,0.0
61004,R1,96,61004_t96,late,R7,8,D_H8,origin,trend,SYMBOLIC_FRESH,32,30,0,0.0,30,0.9375,0,0.0,2,0.0625,0,0.0,57,1.9,57,1.9,1,0.03333333333333333,14.5,0.453125,33.0,128,0.2578125,8,0.25,0.0,0.03125,-0.0011494252873563218,0.0078125,0.0,0.0,0.0034482758620688614,0.0034482758620688614
61004,R1,96,61004_t96,late,R7,8,D_H8,origin,trend,IMAGE_CUE_FRESH,32,32,32,1.0,0,0.0,0,0.0,0,0.0,32,1.0,0,0.0,32,1.0,0,0.0,32.0,1.0,128.0,128,1.0,0,0.0,0.03125,0.015625,-0.03125,0.0078125,0.0,0.03125,0.0,0.03125
61004,R1,96,61004_t96,late,R7,32,D,origin,ALL,ALL,2304,2281,1806,0.7838541666666666,452,0.19618055555555555,23,0.009982638888888888,23,0.009982638888888888,1807,0.7921964050854888,409,0.17930732135028496,2233,0.9789565979833407,221,0.09688733011836914,2037.6666666666667,0.8844039351851852,8241.0,9216,0.8942057291666666,48,0.020833333333333332,-0.0017361111111111605,0.01208043981481488,0.011275496859740719,0.01063368055555547,0.0008680555555555559,-0.019995437137729444,0.01704824470304156,-0.002665992783131732
61004,R1,96,61004_t96,late,R7,32,D,origin,duplicate_encoding,SYMBOLIC_FRESH,384,384,384,1.0,0,0.0,0,0.0,0,0.0,384,1.0,0,0.0,384,1.0,0,0.0,384.0,1.0,1536.0,1536,1.0,0,0.0,0.0,0.0,0.0,0.0,0.0,0.0,0.0,0.0
61004,R1,96,61004_t96,late,R7,32,D,origin,duplicate_encoding,IMAGE_CUE_FRESH,384,384,384,1.0,0,0.0,0,0.0,0,0.0,384,1.0,0,0.0,384,1.0,0,0.0,384.0,1.0,1536.0,1536,1.0,0,0.0,0.0,0.0,0.0,0.0,0.0,0.0,0.0,0.0
61004,R1,96,61004_t96,late,R7,32,D,origin,cross_series,SYMBOLIC_FRESH,384,382,145,0.3776041666666667,215,0.5598958333333334,22,0.057291666666666664,2,0.005208333333333333,146,0.38219895287958117,70,0.18324607329842932,217,0.5680628272251309,179,0.468586387434555,271.6666666666667,0.7074652777777778,1222.0,1536,0.7955729166666666,0,0.0,-0.005208333333333315,0.00868055555555558,0.010914429762597322,0.0013020833333332593,0.0,-0.01198094130031302,0.01657940663176266,0.007216266378570091
61004,R1,96,61004_t96,late,R7,32,D,origin,cross_series,IMAGE_CUE_FRESH,384,384,384,1.0,0,0.0,0,0.0,0,0.0,384,1.0,0,0.0,384,1.0,0,0.0,384.0,1.0,1536.0,1536,1.0,0,0.0,0.0,0.0,0.0,0.0,0.0,0.0,0.0,0.0
61004,R1,96,61004_t96,late,R7,32,D,origin,trend,SYMBOLIC_FRESH,384,363,128,0.3333333333333333,234,0.609375,1,0.0026041666666666665,21,0.0546875,128,0.3526170798898072,339,0.9338842975206612,483,1.3305785123966942,39,0.10743801652892562,231.5,0.6028645833333334,878.0,1536,0.5716145833333334,48,0.125,0.0,0.06640625,0.05381025627655969,0.06380208333333337,0.005208333333333329,-0.05116840906918335,-0.00933336809448082,-0.06689782829731206
61004,R1,96,61004_t96,late,R7,32,D,origin,trend,IMAGE_CUE_FRESH,384,384,381,0.9921875,3,0.0078125,0,0.0,0,0.0,381,0.9921875,0,0.0,381,0.9921875,3,0.0078125,382.5,0.99609375,1533.0,1536,0.998046875,0,0.0,-0.00520833333333337,-0.0026041666666666297,0.005208333333333334,-0.0013020833333333703,0.0,-0.00520833333333337,0.0,-0.00520833333333337
61003,R0,96,61003_t96,late,R6,8,D_H8,origin,ALL,ALL,192,187,135,0.703125,51,0.265625,1,0.005208333333333333,5,0.026041666666666668,135,0.7219251336898396,51,0.2727272727272727,187,1.0,21,0.11229946524064172,160.16666666666666,0.8342013888888888,645.0,768,0.83984375,9,0.046875,-0.00520833333333337,0.0078125,0.021873933325748093,0.00911458333333337,0.010416666666666664,-0.00147912162930941,-0.05705996131528046,-0.05319148936170204
61003,R0,96,61003_t96,late,R6,8,D_H8,origin,duplicate_encoding,SYMBOLIC_FRESH,32,32,32,1.0,0,0.0,0,0.0,0,0.0,32,1.0,0,0.0,32,1.0,0,0.0,32.0,1.0,128.0,128,1.0,0,0.0,0.0,0.0,0.0,0.0,0.0,0.0,0.0,0.0
61003,R0,96,61003_t96,late,R6,8,D_H8,origin,duplicate_encoding,IMAGE_CUE_FRESH,32,32,32,1.0,0,0.0,0,0.0,0,0.0,32,1.0,0,0.0,32,1.0,0,0.0,32.0,1.0,128.0,128,1.0,0,0.0,0.0,0.0,0.0,0.0,0.0,0.0,0.0,0.0
61003,R0,96,61003_t96,late,R6,8,D_H8,origin,cross_series,SYMBOLIC_FRESH,32,31,8,0.25,23,0.71875,0,0.0,1,0.03125,8,0.25806451612903225,5,0.16129032258064516,13,0.41935483870967744,18,0.5806451612903226,18.666666666666664,0.5833333333333333,96.0,128,0.75,0,0.0,0.0,0.0,0.013978494623655968,0.0390625,0.0,-0.008602150537634412,-0.07204301075268818,-0.08064516129032256
61003,R0,96,61003_t96,late,R6,8,D_H8,origin,cross_series,IMAGE_CUE_FRESH,32,32,32,1.0,0,0.0,0,0.0,0,0.0,32,1.0,0,0.0,32,1.0,0,0.0,32.0,1.0,128.0,128,1.0,0,0.0,0.0,0.0,0.0,0.0,0.0,0.0,0.0,0.0
61003,R0,96,61003_t96,late,R6,8,D_H8,origin,trend,SYMBOLIC_FRESH,32,28,0,0.0,28,0.875,0,0.0,4,0.125,0,0.0,45,1.6071428571428572,45,1.6071428571428572,3,0.10714285714285714,14.5,0.453125,39.0,128,0.3046875,9,0.28125,0.0,0.078125,0.10714285714285714,0.03125,0.0625,0.0,-0.22619047619047605,-0.22619047619047605
61003,R0,96,61003_t96,late,R6,8,D_H8,origin,trend,IMAGE_CUE_FRESH,32,32,31,0.96875,0,0.0,1,0.03125,0,0.0,31,0.96875,1,0.03125,33,1.03125,0,0.0,31.0,0.96875,126.0,128,0.984375,0,0.0,-0.03125,-0.03125,0.0,-0.015625,0.0,-0.03125,0.03125,0.03125
61003,R0,96,61003_t96,late,R6,32,D,origin,ALL,ALL,2304,2269,1808,0.7847222222222222,441,0.19140625,20,0.008680555555555556,35,0.015190972222222222,1809,0.7972675187307183,340,0.1498457470251212,2166,0.9546055531070956,225,0.0991626267078008,2019.8333333333333,0.8766637731481481,8276.0,9216,0.8980034722222222,35,0.015190972222222222,0.0,0.00014467592592593004,0.0021011841432415773,0.00748697916666663,-0.004340277777777778,-0.007719124190029625,-0.001089248522519043,-0.008439860962361156
61003,R0,96,61003_t96,late,R6,32,D,origin,duplicate_encoding,SYMBOLIC_FRESH,384,384,384,1.0,0,0.0,0,0.0,0,0.0,384,1.0,0,0.0,384,1.0,0,0.0,384.0,1.0,1536.0,1536,1.0,0,0.0,0.0,0.0,0.0,0.0,0.0,0.0,0.0,0.0
61003,R0,96,61003_t96,late,R6,32,D,origin,duplicate_encoding,IMAGE_CUE_FRESH,384,384,384,1.0,0,0.0,0,0.0,0,0.0,384,1.0,0,0.0,384,1.0,0,0.0,384.0,1.0,1536.0,1536,1.0,0,0.0,0.0,0.0,0.0,0.0,0.0,0.0,0.0,0.0
61003,R0,96,61003_t96,late,R6,32,D,origin,cross_series,SYMBOLIC_FRESH,384,378,144,0.375,216,0.5625,18,0.046875,6,0.015625,145,0.3835978835978836,71,0.18783068783068782,217,0.5740740740740741,172,0.455026455026455,267.3333333333333,0.6961805555555555,1208.0,1536,0.7864583333333334,0,0.0,0.0,-0.004340277777777901,-0.013559932408099995,-0.0078125,0.0,0.006634532812543281,0.004584614532258502,0.013864649990304456
61003,R0,96,61003_t96,late,R6,32,D,origin,cross_series,IMAGE_CUE_FRESH,384,384,384,1.0,0,0.0,0,0.0,0,0.0,384,1.0,0,0.0,384,1.0,0,0.0,384.0,1.0,1536.0,1536,1.0,0,0.0,0.0,0.0,0.0,0.0,0.0,0.0,0.0,0.0
61003,R0,96,61003_t96,late,R6,32,D,origin,trend,SYMBOLIC_FRESH,384,355,128,0.3333333333333333,225,0.5859375,2,0.005208333333333333,29,0.07552083333333333,128,0.36056338028169016,269,0.7577464788732394,413,1.1633802816901408,53,0.14929577464788732,216.5,0.5638020833333334,924.0,1536,0.6015625,35,0.09114583333333333,0.0,0.00520833333333337,0.03039333562349708,0.052734375,-0.02604166666666667,-0.029680522157334244,-0.06237547234627272,-0.09576605977327368
61003,R0,96,61003_t96,late,R6,32,D,origin,trend,IMAGE_CUE_FRESH,384,384,384,1.0,0,0.0,0,0.0,0,0.0,384,1.0,0,0.0,384,1.0,0,0.0,384.0,1.0,1536.0,1536,1.0,0,0.0,0.0,0.0,0.0,0.0,0.0,0.0,0.0,0.0
61001,R0,32,61001_t32,early,R0,8,D_H8,origin,ALL,ALL,192,186,122,0.6354166666666666,63,0.328125,1,0.005208333333333333,6,0.03125,125,0.6720430107526881,98,0.5268817204301075,239,1.2849462365591398,13,0.06989247311827956,153.66666666666666,0.8003472222222222,585.0,768,0.76171875,17,0.08854166666666667,0.0,0.0,0.0,0.0,0.0,0.0,0.0,0.0
61001,R0,32,61001_t32,early,R0,8,D_H8,origin,duplicate_encoding,SYMBOLIC_FRESH,32,32,27,0.84375,4,0.125,1,0.03125,0,0.0,30,0.9375,4,0.125,35,1.09375,1,0.03125,30.0,0.9375,122.0,128,0.953125,3,0.09375,0.0,0.0,0.0,0.0,0.0,0.0,0.0,0.0
61001,R0,32,61001_t32,early,R0,8,D_H8,origin,duplicate_encoding,IMAGE_CUE_FRESH,32,32,32,1.0,0,0.0,0,0.0,0,0.0,32,1.0,0,0.0,32,1.0,0,0.0,32.0,1.0,128.0,128,1.0,0,0.0,0.0,0.0,0.0,0.0,0.0,0.0,0.0,0.0
61001,R0,32,61001_t32,early,R0,8,D_H8,origin,cross_series,SYMBOLIC_FRESH,32,30,7,0.21875,23,0.71875,0,0.0,2,0.0625,7,0.23333333333333334,22,0.7333333333333333,40,1.3333333333333333,8,0.26666666666666666,20.666666666666664,0.6458333333333333,75.0,128,0.5859375,3,0.09375,0.0,0.0,0.0,0.0,0.0,0.0,0.0,0.0
61001,R0,32,61001_t32,early,R0,8,D_H8,origin,cross_series,IMAGE_CUE_FRESH,32,32,32,1.0,0,0.0,0,0.0,0,0.0,32,1.0,0,0.0,32,1.0,0,0.0,32.0,1.0,128.0,128,1.0,0,0.0,0.0,0.0,0.0,0.0,0.0,0.0,0.0,0.0
61001,R0,32,61001_t32,early,R0,8,D_H8,origin,trend,SYMBOLIC_FRESH,32,28,1,0.03125,27,0.84375,0,0.0,4,0.125,1,0.03571428571428571,65,2.3214285714285716,70,2.5,1,0.03571428571428571,14.5,0.453125,20.0,128,0.15625,11,0.34375,0.0,0.0,0.0,0.0,0.0,0.0,0.0,0.0
61001,R0,32,61001_t32,early,R0,8,D_H8,origin,trend,IMAGE_CUE_FRESH,32,32,23,0.71875,9,0.28125,0,0.0,0,0.0,23,0.71875,7,0.21875,30,0.9375,3,0.09375,24.5,0.765625,112.0,128,0.875,0,0.0,0.0,0.0,0.0,0.0,0.0,0.0,0.0,0.0
61001,R0,32,61001_t32,early,R0,32,D,origin,ALL,ALL,2304,2256,1742,0.7560763888888888,485,0.2105034722222222,29,0.012586805555555556,48,0.020833333333333332,1744,0.7730496453900709,305,0.1351950354609929,2105,0.9330673758865248,249,0.11037234042553191,1928.1666666666667,0.8368778935185186,8207.0,9216,0.8905164930555556,26,0.011284722222222222,0.0,0.0,0.0,0.0,0.0,0.0,0.0,0.0
61001,R0,32,61001_t32,early,R0,32,D,origin,duplicate_encoding,SYMBOLIC_FRESH,384,384,372,0.96875,11,0.028645833333333332,1,0.0026041666666666665,0,0.0,372,0.96875,1,0.0026041666666666665,373,0.9713541666666666,11,0.028645833333333332,372.0,0.96875,1523.0,1536,0.9915364583333334,0,0.0,0.0,0.0,0.0,0.0,0.0,0.0,0.0,0.0
61001,R0,32,61001_t32,early,R0,32,D,origin,duplicate_encoding,IMAGE_CUE_FRESH,384,384,384,1.0,0,0.0,0,0.0,0,0.0,384,1.0,0,0.0,384,1.0,0,0.0,384.0,1.0,1536.0,1536,1.0,0,0.0,0.0,0.0,0.0,0.0,0.0,0.0,0.0,0.0
61001,R0,32,61001_t32,early,R0,32,D,origin,cross_series,SYMBOLIC_FRESH,384,361,124,0.3229166666666667,216,0.5625,21,0.0546875,23,0.059895833333333336,126,0.3490304709141274,77,0.21329639889196675,225,0.6232686980609419,148,0.4099722991689751,236.66666666666666,0.6163194444444444,1132.0,1536,0.7369791666666666,0,0.0,0.0,0.0,0.0,0.0,0.0,0.0,0.0,0.0
61001,R0,32,61001_t32,early,R0,32,D,origin,cross_series,IMAGE_CUE_FRESH,384,384,384,1.0,0,0.0,0,0.0,0,0.0,384,1.0,0,0.0,384,1.0,0,0.0,384.0,1.0,1536.0,1536,1.0,0,0.0,0.0,0.0,0.0,0.0,0.0,0.0,0.0,0.0
61001,R0,32,61001_t32,early,R0,32,D,origin,trend,SYMBOLIC_FRESH,384,359,107,0.2786458333333333,245,0.6380208333333334,7,0.018229166666666668,25,0.06510416666666667,107,0.298050139275766,226,0.6295264623955432,367,1.0222841225626742,78,0.21727019498607242,174.5,0.4544270833333333,958.0,1536,0.6236979166666666,26,0.06770833333333333,0.0,0.0,0.0,0.0,0.0,0.0,0.0,0.0
61001,R0,32,61001_t32,early,R0,32,D,origin,trend,IMAGE_CUE_FRESH,384,384,371,0.9661458333333334,13,0.033854166666666664,0,0.0,0,0.0,371,0.9661458333333334,1,0.0026041666666666665,372,0.96875,12,0.03125,377.0,0.9817708333333334,1522.0,1536,0.9908854166666666,0,0.0,0.0,0.0,0.0,0.0,0.0,0.0,0.0,0.0
61004,R1,32,61004_t32,early,R4,8,D_H8,origin,ALL,ALL,192,188,112,0.5833333333333334,76,0.3958333333333333,0,0.0,4,0.020833333333333332,115,0.6117021276595744,132,0.7021276595744681,269,1.4308510638297873,12,0.06382978723404255,153.16666666666666,0.7977430555555555,547.0,768,0.7122395833333334,23,0.11979166666666667,-0.01041666666666663,0.004340277777777679,-0.006440483036227726,-0.0234375,0.020833333333333343,-0.020730304772857977,0.12374928119608974,0.08490511788384136
61004,R1,32,61004_t32,early,R4,8,D_H8,origin,duplicate_encoding,SYMBOLIC_FRESH,32,32,27,0.84375,5,0.15625,0,0.0,0,0.0,30,0.9375,5,0.15625,35,1.09375,0,0.0,30.0,0.9375,121.0,128,0.9453125,3,0.09375,-0.0625,-0.0625,0.0,-0.03125,0.0,-0.0625,0.0625,0.0
61004,R1,32,61004_t32,early,R4,8,D_H8,origin,duplicate_encoding,IMAGE_CUE_FRESH,32,32,32,1.0,0,0.0,0,0.0,0,0.0,32,1.0,0,0.0,32,1.0,0,0.0,32.0,1.0,128.0,128,1.0,0,0.0,0.0,0.0,0.0,0.0,0.0,0.0,0.0,0.0
61004,R1,32,61004_t32,early,R4,8,D_H8,origin,cross_series,SYMBOLIC_FRESH,32,31,8,0.25,23,0.71875,0,0.0,1,0.03125,8,0.25806451612903225,39,1.2580645161290323,63,2.032258064516129,5,0.16129032258064516,22.0,0.6875,62.0,128,0.484375,5,0.15625,0.0625,0.02083333333333337,-0.038709677419354854,-0.03125,0.03125,0.05806451612903224,0.25806451612903225,0.2989247311827956
61004,R1,32,61004_t32,early,R4,8,D_H8,origin,cross_series,IMAGE_CUE_FRESH,32,32,31,0.96875,1,0.03125,0,0.0,0,0.0,31,0.96875,0,0.0,31,0.96875,1,0.03125,31.666666666666668,0.9895833333333334,127.0,128,0.9921875,0,0.0,-0.03125,-0.01041666666666663,0.03125,-0.0078125,0.0,-0.03125,0.0,-0.03125
61004,R1,32,61004_t32,early,R4,8,D_H8,origin,trend,SYMBOLIC_FRESH,32,29,0,0.0,29,0.90625,0,0.0,3,0.09375,0,0.0,72,2.4827586206896552,78,2.689655172413793,0,0.0,17.5,0.546875,15.0,128,0.1171875,14,0.4375,0.0,0.0625,-0.037037037037037035,-0.0234375,0.09375,0.0,0.14942528735632177,0.06002554278416339
61004,R1,32,61004_t32,early,R4,8,D_H8,origin,trend,IMAGE_CUE_FRESH,32,32,14,0.4375,18,0.5625,0,0.0,0,0.0,14,0.4375,16,0.5,30,0.9375,6,0.1875,20.0,0.625,94.0,128,0.734375,1,0.03125,-0.03125,0.015625,0.0,-0.046875,0.0,-0.03125,0.15625,0.09375
61004,R1,32,61004_t32,early,R4,32,D,origin,ALL,ALL,2304,2229,1746,0.7578125,468,0.203125,15,0.006510416666666667,75,0.032552083333333336,1772,0.7949753252579632,478,0.21444593988335575,2313,1.0376850605652759,180,0.08075370121130551,1983.1666666666667,0.8607494212962963,7981.0,9216,0.8659939236111112,65,0.028211805555555556,-0.0026041666666666297,0.00839120370370372,-0.01733773243272467,-0.01475694444444442,0.009548611111111112,0.011575414028491382,0.03379791502760787,0.058989987329590154
61004,R1,32,61004_t32,early,R4,32,D,origin,duplicate_encoding,SYMBOLIC_FRESH,384,384,375,0.9765625,9,0.0234375,0,0.0,0,0.0,378,0.984375,5,0.013020833333333334,384,1.0,3,0.0078125,378.0,0.984375,1525.0,1536,0.9928385416666666,3,0.0078125,-0.0026041666666666297,0.00520833333333337,-0.005208333333333334,0.0,0.0078125,0.00520833333333337,0.005208333333333334,0.01041666666666663
61004,R1,32,61004_t32,early,R4,32,D,origin,duplicate_encoding,IMAGE_CUE_FRESH,384,384,384,1.0,0,0.0,0,0.0,0,0.0,384,1.0,0,0.0,384,1.0,0,0.0,384.0,1.0,1536.0,1536,1.0,0,0.0,0.0,0.0,0.0,0.0,0.0,0.0,0.0,0.0
61004,R1,32,61004_t32,early,R4,32,D,origin,cross_series,SYMBOLIC_FRESH,384,370,120,0.3125,237,0.6171875,13,0.033854166666666664,14,0.036458333333333336,142,0.3837837837837838,142,0.3837837837837838,314,0.8486486486486486,132,0.3567567567567568,254.66666666666666,0.6631944444444444,1110.0,1536,0.72265625,8,0.020833333333333332,-0.015625,0.02170138888888895,-0.018918918918918892,-0.01041666666666663,0.013020833333333332,0.008108108108108136,0.05135135135135138,0.10270270270270265
61004,R1,32,61004_t32,early,R4,32,D,origin,cross_series,IMAGE_CUE_FRESH,384,384,384,1.0,0,0.0,0,0.0,0,0.0,384,1.0,0,0.0,384,1.0,0,0.0,384.0,1.0,1536.0,1536,1.0,0,0.0,0.0,0.0,0.0,0.0,0.0,0.0,0.0,0.0
61004,R1,32,61004_t32,early,R4,32,D,origin,trend,SYMBOLIC_FRESH,384,323,125,0.3255208333333333,196,0.5104166666666666,2,0.005208333333333333,61,0.15885416666666666,126,0.39009287925696595,326,1.0092879256965945,483,1.4953560371517027,24,0.07430340557275542,212.0,0.5520833333333334,769.0,1536,0.5006510416666666,54,0.140625,-0.002604166666666685,0.01953125,-0.07267065782782095,-0.07682291666666674,0.03645833333333333,0.02698048732613023,0.20237149918362618,0.27633586424103984
61004,R1,32,61004_t32,early,R4,32,D,origin,trend,IMAGE_CUE_FRESH,384,384,358,0.9322916666666666,26,0.06770833333333333,0,0.0,0,0.0,358,0.9322916666666666,5,0.013020833333333334,364,0.9479166666666666,21,0.0546875,370.5,0.96484375,1505.0,1536,0.9798177083333334,0,0.0,0.005208333333333259,0.00390625,-0.013020833333333329,-0.0013020833333332593,0.0,0.005208333333333259,0.010416666666666668,0.015625
61004,R1,32,61004_t32,early,SAW_R4,8,D_H8,origin,ALL,ALL,192,190,115,0.5989583333333334,72,0.375,3,0.015625,2,0.010416666666666666,117,0.6157894736842106,124,0.6526315789473685,263,1.3842105263157896,14,0.07368421052631578,156.16666666666666,0.8133680555555555,563.0,768,0.7330729166666666,22,0.11458333333333333,0.00520833333333337,0.01996527777777768,0.0034139402560455084,-0.0026041666666667407,0.015625,-0.01664295874822186,0.0742532005689901,0.03826458036984359
61004,R1,32,61004_t32,early,SAW_R4,8,D_H8,origin,duplicate_encoding,SYMBOLIC_FRESH,32,32,29,0.90625,3,0.09375,0,0.0,0,0.0,31,0.96875,3,0.09375,34,1.0625,0,0.0,31.0,0.96875,124.0,128,0.96875,2,0.0625,0.0,-0.03125,0.0,-0.0078125,-0.03125,-0.03125,0.0,-0.03125
61004,R1,32,61004_t32,early,SAW_R4,8,D_H8,origin,duplicate_encoding,IMAGE_CUE_FRESH,32,32,32,1.0,0,0.0,0,0.0,0,0.0,32,1.0,0,0.0,32,1.0,0,0.0,32.0,1.0,128.0,128,1.0,0,0.0,0.0,0.0,0.0,0.0,0.0,0.0,0.0,0.0
61004,R1,32,61004_t32,early,SAW_R4,8,D_H8,origin,cross_series,SYMBOLIC_FRESH,32,31,7,0.21875,23,0.71875,1,0.03125,1,0.03125,7,0.22580645161290322,31,1.0,54,1.7419354838709677,8,0.25806451612903225,24.333333333333332,0.7604166666666666,69.0,128,0.5390625,6,0.1875,0.03125,0.09375,0.05806451612903224,0.0234375,0.0625,0.02580645161290321,0.0,0.008602150537634357
61004,R1,32,61004_t32,early,SAW_R4,8,D_H8,origin,cross_series,IMAGE_CUE_FRESH,32,32,31,0.96875,0,0.0,1,0.03125,0,0.0,31,0.96875,1,0.03125,33,1.03125,0,0.0,31.333333333333332,0.9791666666666666,126.0,128,0.984375,0,0.0,-0.03125,-0.02083333333333337,0.0,-0.015625,0.0,-0.03125,0.03125,0.03125
61004,R1,32,61004_t32,early,SAW_R4,8,D_H8,origin,trend,SYMBOLIC_FRESH,32,31,0,0.0,30,0.9375,1,0.03125,1,0.03125,0,0.0,76,2.4516129032258065,81,2.6129032258064515,0,0.0,17.5,0.546875,17.0,128,0.1328125,14,0.4375,0.0,0.0625,-0.037037037037037035,-0.0078125,0.09375,0.0,0.11827956989247301,-0.01672640382317825
61004,R1,32,61004_t32,early,SAW_R4,8,D_H8,origin,trend,IMAGE_CUE_FRESH,32,32,16,0.5,16,0.5,0,0.0,0,0.0,16,0.5,13,0.40625,29,0.90625,6,0.1875,20.0,0.625,99.0,128,0.7734375,0,0.0,0.03125,0.015625,0.0,-0.0078125,-0.03125,0.03125,0.0625,0.0625
61004,R1,32,61004_t32,early,SAW_R4,32,D,origin,ALL,ALL,2304,2248,1747,0.7582465277777778,475,0.20616319444444445,26,0.011284722222222222,56,0.024305555555555556,1764,0.7846975088967971,500,0.22241992882562278,2332,1.0373665480427046,190,0.08451957295373666,1986.8333333333333,0.8623408564814814,8008.0,9216,0.8689236111111112,72,0.03125,-0.0021701388888888395,0.00998263888888884,-0.013571860690293522,-0.01182725694444442,0.012586805555555556,0.0012975976673252898,0.0417719039698749,0.05867147480701884
61004,R1,32,61004_t32,early,SAW_R4,32,D,origin,duplicate_encoding,SYMBOLIC_FRESH,384,384,380,0.9895833333333334,4,0.010416666666666666,0,0.0,0,0.0,381,0.9921875,1,0.0026041666666666665,382,0.9947916666666666,3,0.0078125,381.0,0.9921875,1532.0,1536,0.9973958333333334,1,0.0026041666666666665,0.01041666666666674,0.01302083333333337,-0.005208333333333334,0.004557291666666741,0.0026041666666666665,0.01302083333333337,-0.005208333333333334,0.005208333333333259
61004,R1,32,61004_t32,early,SAW_R4,32,D,origin,duplicate_encoding,IMAGE_CUE_FRESH,384,384,384,1.0,0,0.0,0,0.0,0,0.0,384,1.0,0,0.0,384,1.0,0,0.0,384.0,1.0,1536.0,1536,1.0,0,0.0,0.0,0.0,0.0,0.0,0.0,0.0,0.0,0.0
61004,R1,32,61004_t32,early,SAW_R4,32,D,origin,cross_series,SYMBOLIC_FRESH,384,365,126,0.328125,217,0.5651041666666666,22,0.057291666666666664,19,0.049479166666666664,142,0.38904109589041097,120,0.3287671232876712,290,0.7945205479452054,136,0.3726027397260274,250.66666666666666,0.6527777777777778,1117.0,1536,0.7272135416666666,3,0.0078125,0.0,0.011284722222222321,-0.003072935949648248,-0.005859375,0.0,0.013365420214735302,-0.0036653091447612085,0.04857460199925945
61004,R1,32,61004_t32,early,SAW_R4,32,D,origin,cross_series,IMAGE_CUE_FRESH,384,384,383,0.9973958333333334,1,0.0026041666666666665,0,0.0,0,0.0,383,0.9973958333333334,0,0.0,383,0.9973958333333334,1,0.0026041666666666665,383.6666666666667,0.9991319444444445,1535.0,1536,0.9993489583333334,0,0.0,-0.0026041666666666297,-0.0008680555555554692,0.0026041666666666665,-0.0006510416666666297,0.0,-0.0026041666666666297,0.0,-0.0026041666666666297
61004,R1,32,61004_t32,early,SAW_R4,32,D,origin,trend,SYMBOLIC_FRESH,384,347,120,0.3125,223,0.5807291666666666,4,0.010416666666666666,37,0.09635416666666667,120,0.345821325648415,373,1.07492795389049,532,1.5331412103746398,26,0.07492795389048991,221.5,0.5768229166666666,788.0,1536,0.5130208333333334,68,0.17708333333333334,-0.015625,0.04427083333333326,-0.07204610951008646,-0.064453125,0.07291666666666667,-0.01729106628242072,0.26801152737752154,0.3141210374639769
61004,R1,32,61004_t32,early,SAW_R4,32,D,origin,trend,IMAGE_CUE_FRESH,384,384,354,0.921875,30,0.078125,0,0.0,0,0.0,354,0.921875,6,0.015625,361,0.9401041666666666,24,0.0625,366.0,0.953125,1500.0,1536,0.9765625,0,0.0,-0.00520833333333337,-0.0078125,-0.005208333333333329,-0.00455729166666663,0.0,-0.00520833333333337,0.013020833333333334,0.0078125
61004,R1,32,61004_t32,early,GDPO_R4,8,D_H8,origin,ALL,ALL,192,188,111,0.578125,77,0.4010416666666667,0,0.0,4,0.020833333333333332,116,0.6170212765957447,119,0.6329787234042553,263,1.398936170212766,15,0.0797872340425532,154.33333333333334,0.8038194444444445,561.0,768,0.73046875,25,0.13020833333333334,-0.015625,0.01041666666666674,0.009516963772282921,-0.00520833333333337,0.031250000000000014,-0.015411155836687729,0.05460034502587696,0.052990224266820096
61004,R1,32,61004_t32,early,GDPO_R4,8,D_H8,origin,duplicate_encoding,SYMBOLIC_FRESH,32,32,27,0.84375,5,0.15625,0,0.0,0,0.0,32,1.0,6,0.1875,38,1.1875,0,0.0,32.0,1.0,122.0,128,0.953125,5,0.15625,-0.0625,0.0,0.0,-0.0234375,0.0625,0.0,0.09375,0.09375
61004,R1,32,61004_t32,early,GDPO_R4,8,D_H8,origin,duplicate_encoding,IMAGE_CUE_FRESH,32,32,32,1.0,0,0.0,0,0.0,0,0.0,32,1.0,0,0.0,32,1.0,0,0.0,32.0,1.0,128.0,128,1.0,0,0.0,0.0,0.0,0.0,0.0,0.0,0.0,0.0,0.0
61004,R1,32,61004_t32,early,GDPO_R4,8,D_H8,origin,cross_series,SYMBOLIC_FRESH,32,32,6,0.1875,26,0.8125,0,0.0,0,0.0,6,0.1875,36,1.125,58,1.8125,8,0.25,20.0,0.625,66.0,128,0.515625,3,0.09375,0.0,-0.04166666666666663,0.04999999999999999,0.0,-0.03125,-0.012500000000000011,0.125,0.07916666666666661
61004,R1,32,61004_t32,early,GDPO_R4,8,D_H8,origin,cross_series,IMAGE_CUE_FRESH,32,32,30,0.9375,2,0.0625,0,0.0,0,0.0,30,0.9375,0,0.0,31,0.96875,1,0.03125,31.333333333333332,0.9791666666666666,126.0,128,0.984375,0,0.0,-0.0625,-0.02083333333333337,0.03125,-0.015625,0.0,-0.0625,0.0,-0.03125
61004,R1,32,61004_t32,early,GDPO_R4,8,D_H8,origin,trend,SYMBOLIC_FRESH,32,28,1,0.03125,27,0.84375,0,0.0,4,0.125,1,0.03571428571428571,64,2.2857142857142856,75,2.6785714285714284,1,0.03571428571428571,20.0,0.625,21.0,128,0.1640625,17,0.53125,0.03125,0.140625,-0.0013227513227513227,0.0234375,0.1875,0.03571428571428571,-0.047619047619047894,0.04894179894179862
61004,R1,32,61004_t32,early,GDPO_R4,8,D_H8,origin,trend,IMAGE_CUE_FRESH,32,32,15,0.46875,17,0.53125,0,0.0,0,0.0,15,0.46875,13,0.40625,29,0.90625,5,0.15625,19.0,0.59375,98.0,128,0.765625,0,0.0,0.0,-0.015625,-0.03125,-0.015625,-0.03125,0.0,0.0625,0.0625
61004,R1,32,61004_t32,early,GDPO_R4,32,D,origin,ALL,ALL,2304,2234,1764,0.765625,451,0.1957465277777778,19,0.008246527777777778,70,0.030381944444444444,1779,0.7963294538943599,432,0.19337511190689347,2250,1.0071620411817368,192,0.08594449418084155,1981.3333333333333,0.8599537037037037,8049.0,9216,0.8733723958333334,55,0.023871527777777776,0.00520833333333337,0.0075954861111111605,-0.012146939463188636,-0.00737847222222221,0.005208333333333332,0.012929542664888105,0.012727087051145586,0.02846696794605108
61004,R1,32,61004_t32,early,GDPO_R4,32,D,origin,duplicate_encoding,SYMBOLIC_FRESH,384,384,378,0.984375,6,0.015625,0,0.0,0,0.0,379,0.9869791666666666,2,0.005208333333333333,381,0.9921875,4,0.010416666666666666,379.0,0.9869791666666666,1529.0,1536,0.9954427083333334,1,0.0026041666666666665,0.00520833333333337,0.0078125,-0.002604166666666668,0.0026041666666667407,0.0026041666666666665,0.0078125,-0.002604166666666667,0.0026041666666666297
61004,R1,32,61004_t32,early,GDPO_R4,32,D,origin,duplicate_encoding,IMAGE_CUE_FRESH,384,383,383,0.9973958333333334,0,0.0,0,0.0,1,0.0026041666666666665,383,1.0,0,0.0,383,1.0,0,0.0,383.0,0.9973958333333334,1532.0,1536,0.9973958333333334,0,0.0,-0.0026041666666666297,-0.0026041666666666297,0.0,-0.0026041666666666297,0.0,0.0,0.0,0.0
61004,R1,32,61004_t32,early,GDPO_R4,32,D,origin,cross_series,SYMBOLIC_FRESH,384,368,130,0.3385416666666667,223,0.5807291666666666,15,0.0390625,16,0.041666666666666664,144,0.391304347826087,112,0.30434782608695654,269,0.7309782608695652,138,0.375,249.33333333333331,0.6493055555555555,1136.0,1536,0.7395833333333334,2,0.005208333333333333,0.010416666666666685,0.0078125,-0.0006756756756756688,0.006510416666666741,-0.002604166666666667,0.015628672150411305,-0.028084606345475882,-0.014967685076380799
61004,R1,32,61004_t32,early,GDPO_R4,32,D,origin,cross_series,IMAGE_CUE_FRESH,384,384,384,1.0,0,0.0,0,0.0,0,0.0,384,1.0,0,0.0,384,1.0,0,0.0,384.0,1.0,1536.0,1536,1.0,0,0.0,0.0,0.0,0.0,0.0,0.0,0.0,0.0,0.0
61004,R1,32,61004_t32,early,GDPO_R4,32,D,origin,trend,SYMBOLIC_FRESH,384,331,125,0.3255208333333333,202,0.5260416666666666,4,0.010416666666666666,53,0.13802083333333334,125,0.3776435045317221,315,0.9516616314199395,466,1.4078549848942599,32,0.09667673716012085,212.0,0.5520833333333334,803.0,1536,0.5227864583333334,52,0.13541666666666666,-0.002604166666666685,0.01953125,-0.05029732624045552,-0.0546875,0.031249999999999986,0.014531112600886353,0.14474520490697118,0.18883481198359697
61004,R1,32,61004_t32,early,GDPO_R4,32,D,origin,trend,IMAGE_CUE_FRESH,384,384,364,0.9479166666666666,20,0.052083333333333336,0,0.0,0,0.0,364,0.9479166666666666,3,0.0078125,367,0.9557291666666666,18,0.046875,374.0,0.9739583333333334,1513.0,1536,0.9850260416666666,0,0.0,0.02083333333333326,0.01302083333333337,-0.02083333333333333,0.00390625,0.0,0.02083333333333326,0.005208333333333334,0.0234375
61003,R0,32,61003_t32,early,DIRECT_REPAIR_R4,8,D_H8,origin,ALL,ALL,192,186,121,0.6302083333333334,64,0.3333333333333333,1,0.005208333333333333,6,0.03125,123,0.6612903225806451,88,0.4731182795698925,232,1.2473118279569892,16,0.08602150537634409,158.16666666666666,0.8237847222222222,593.0,768,0.7721354166666666,15,0.078125,-0.03125,0.012152777777777679,0.01575123510607382,0.0078125,0.010416666666666671,-0.02519616390584134,-0.04039523394362099,-0.012147631502470224
61003,R0,32,61003_t32,early,DIRECT_REPAIR_R4,8,D_H8,origin,duplicate_encoding,SYMBOLIC_FRESH,32,32,29,0.90625,2,0.0625,1,0.03125,0,0.0,31,0.96875,2,0.0625,33,1.03125,1,0.03125,31.0,0.96875,125.0,128,0.9765625,2,0.0625,-0.0625,0.0,0.03125,0.0078125,0.0625,-0.03125,0.0625,0.03125
61003,R0,32,61003_t32,early,DIRECT_REPAIR_R4,8,D_H8,origin,duplicate_encoding,IMAGE_CUE_FRESH,32,32,32,1.0,0,0.0,0,0.0,0,0.0,32,1.0,0,0.0,32,1.0,0,0.0,32.0,1.0,128.0,128,1.0,0,0.0,0.0,0.0,0.0,0.0,0.0,0.0,0.0,0.0
61003,R0,32,61003_t32,early,DIRECT_REPAIR_R4,8,D_H8,origin,cross_series,SYMBOLIC_FRESH,32,30,8,0.25,22,0.6875,0,0.0,2,0.0625,8,0.26666666666666666,27,0.9,50,1.6666666666666667,6,0.2,22.333333333333332,0.6979166666666666,71.0,128,0.5546875,3,0.09375,0.0,0.09375,-0.0692307692307692,0.0234375,0.03125,-0.041025641025641046,0.20769230769230773,0.3205128205128205
61003,R0,32,61003_t32,early,DIRECT_REPAIR_R4,8,D_H8,origin,cross_series,IMAGE_CUE_FRESH,32,32,30,0.9375,2,0.0625,0,0.0,0,0.0,30,0.9375,0,0.0,32,1.0,0,0.0,31.333333333333332,0.9791666666666666,126.0,128,0.984375,0,0.0,-0.0625,-0.02083333333333337,0.0,-0.015625,0.0,-0.0625,0.0,0.0
61003,R0,32,61003_t32,early,DIRECT_REPAIR_R4,8,D_H8,origin,trend,SYMBOLIC_FRESH,32,28,0,0.0,28,0.875,0,0.0,4,0.125,0,0.0,55,1.9642857142857142,59,2.107142857142857,3,0.10714285714285714,16.5,0.515625,29.0,128,0.2265625,10,0.3125,0.0,0.046875,0.07589285714285714,0.046875,-0.03125,0.0,-0.3169642857142858,-0.2366071428571428
61003,R0,32,61003_t32,early,DIRECT_REPAIR_R4,8,D_H8,origin,trend,IMAGE_CUE_FRESH,32,32,22,0.6875,10,0.3125,0,0.0,0,0.0,22,0.6875,4,0.125,26,0.8125,6,0.1875,25.0,0.78125,114.0,128,0.890625,0,0.0,-0.0625,-0.046875,0.03125,-0.015625,0.0,-0.0625,0.0,-0.0625
61003,R0,32,61003_t32,early,DIRECT_REPAIR_R4,32,D,origin,ALL,ALL,2304,2255,1766,0.7664930555555556,460,0.1996527777777778,29,0.012586805555555556,49,0.021267361111111112,1778,0.788470066518847,352,0.15609756097560976,2171,0.962749445676275,239,0.10598669623059867,1974.0,0.8567708333333334,8191.0,9216,0.8887803819444444,35,0.015190972222222222,0.006510416666666741,0.00998263888888895,0.02109780734170978,0.00824652777777779,0.0008680555555555559,0.003581177629958132,-0.02212466124661247,-0.025250554323725027
61003,R0,32,61003_t32,early,DIRECT_REPAIR_R4,32,D,origin,duplicate_encoding,SYMBOLIC_FRESH,384,384,381,0.9921875,3,0.0078125,0,0.0,0,0.0,381,0.9921875,2,0.005208333333333333,383,0.9973958333333334,1,0.0026041666666666665,381.0,0.9921875,1531.0,1536,0.9967447916666666,0,0.0,0.0026041666666666297,0.0,0.0026041666666666665,0.0026041666666666297,-0.0026041666666666665,-0.0025905678851174674,-0.002624564838990426,-0.007826098781549162
61003,R0,32,61003_t32,early,DIRECT_REPAIR_R4,32,D,origin,duplicate_encoding,IMAGE_CUE_FRESH,384,384,384,1.0,0,0.0,0,0.0,0,0.0,384,1.0,0,0.0,384,1.0,0,0.0,384.0,1.0,1536.0,1536,1.0,0,0.0,0.0,0.0,0.0,0.0,0.0,0.0,0.0,0.0
61003,R0,32,61003_t32,early,DIRECT_REPAIR_R4,32,D,origin,cross_series,SYMBOLIC_FRESH,384,370,132,0.34375,216,0.5625,22,0.057291666666666664,14,0.036458333333333336,144,0.3891891891891892,93,0.25135135135135134,250,0.6756756756756757,155,0.4189189189189189,256.0,0.6666666666666666,1161.0,1536,0.755859375,2,0.005208333333333333,0.005208333333333315,0.02256944444444442,0.0555309407768424,0.01953125,0.005208333333333333,0.001211047112686492,-0.046462856298921884,-0.06202924235711127
61003,R0,32,61003_t32,early,DIRECT_REPAIR_R4,32,D,origin,cross_series,IMAGE_CUE_FRESH,384,384,384,1.0,0,0.0,0,0.0,0,0.0,384,1.0,0,0.0,384,1.0,0,0.0,384.0,1.0,1536.0,1536,1.0,0,0.0,0.01041666666666663,0.00347222222222221,0.0,0.0026041666666666297,0.0,0.00520833333333337,-0.005208333333333333,-0.005208333333333259
61003,R0,32,61003_t32,early,DIRECT_REPAIR_R4,32,D,origin,trend,SYMBOLIC_FRESH,384,349,119,0.3098958333333333,223,0.5807291666666666,7,0.018229166666666668,35,0.09114583333333333,119,0.34097421203438394,256,0.7335243553008596,402,1.151862464183381,66,0.18911174785100288,194.0,0.5052083333333334,910.0,1536,0.5924479166666666,33,0.0859375,0.013020833333333315,0.026041666666666685,0.07449856733524356,0.02278645833333326,0.0026041666666666713,0.014326647564469885,-0.08595988538681953,-0.08595988538681953
61003,R0,32,61003_t32,early,DIRECT_REPAIR_R4,32,D,origin,trend,IMAGE_CUE_FRESH,384,384,366,0.953125,18,0.046875,0,0.0,0,0.0,366,0.953125,1,0.0026041666666666665,368,0.9583333333333334,17,0.044270833333333336,375.0,0.9765625,1517.0,1536,0.9876302083333334,0,0.0,0.0078125,0.0078125,-0.0026041666666666644,0.001953125,0.0,0.0078125,0.0,0.00520833333333337
61001,R0,96,61001_t96,late,SAW_R4,8,D_H8,origin,ALL,ALL,192,186,135,0.703125,51,0.265625,0,0.0,6,0.03125,135,0.7258064516129032,51,0.27419354838709675,186,1.0,20,0.10752688172043011,156.16666666666666,0.8133680555555555,642.0,768,0.8359375,6,0.03125,-0.00520833333333337,-0.0078125,0.0,0.0,-0.010416666666666664,-0.005376344086021501,-0.005376344086021501,-0.010752688172043001
61001,R0,96,61001_t96,late,SAW_R4,8,D_H8,origin,duplicate_encoding,SYMBOLIC_FRESH,32,32,32,1.0,0,0.0,0,0.0,0,0.0,32,1.0,0,0.0,32,1.0,0,0.0,32.0,1.0,128.0,128,1.0,0,0.0,0.0,0.0,0.0,0.0,0.0,0.0,0.0,0.0
61001,R0,96,61001_t96,late,SAW_R4,8,D_H8,origin,duplicate_encoding,IMAGE_CUE_FRESH,32,32,32,1.0,0,0.0,0,0.0,0,0.0,32,1.0,0,0.0,32,1.0,0,0.0,32.0,1.0,128.0,128,1.0,0,0.0,0.0,0.0,0.0,0.0,0.0,0.0,0.0,0.0
61001,R0,96,61001_t96,late,SAW_R4,8,D_H8,origin,cross_series,SYMBOLIC_FRESH,32,31,8,0.25,23,0.71875,0,0.0,1,0.03125,8,0.25806451612903225,7,0.22580645161290322,15,0.4838709677419355,16,0.5161290322580645,18.666666666666664,0.5833333333333333,94.0,128,0.734375,0,0.0,0.0,0.0,-0.07007786429365959,0.0234375,0.0,-0.017797552836484987,0.0878754171301446,0.07007786429365964
61001,R0,96,61001_t96,late,SAW_R4,8,D_H8,origin,cross_series,IMAGE_CUE_FRESH,32,32,32,1.0,0,0.0,0,0.0,0,0.0,32,1.0,0,0.0,32,1.0,0,0.0,32.0,1.0,128.0,128,1.0,0,0.0,0.0,0.0,0.0,0.0,0.0,0.0,0.0,0.0
61001,R0,96,61001_t96,late,SAW_R4,8,D_H8,origin,trend,SYMBOLIC_FRESH,32,27,0,0.0,27,0.84375,0,0.0,5,0.15625,0,0.0,44,1.6296296296296295,44,1.6296296296296295,3,0.1111111111111111,10.0,0.3125,37.0,128,0.2890625,6,0.1875,0.0,-0.03125,0.007662835249042141,-0.015625,-0.0625,0.0,-0.025542784163473886,-0.025542784163473886
61001,R0,96,61001_t96,late,SAW_R4,8,D_H8,origin,trend,IMAGE_CUE_FRESH,32,32,31,0.96875,1,0.03125,0,0.0,0,0.0,31,0.96875,0,0.0,31,0.96875,1,0.03125,31.5,0.984375,127.0,128,0.9921875,0,0.0,-0.03125,-0.015625,0.03125,-0.0078125,0.0,-0.03125,0.0,-0.03125
61001,R0,96,61001_t96,late,SAW_R4,32,D,origin,ALL,ALL,2304,2241,1811,0.7860243055555556,414,0.1796875,16,0.006944444444444444,63,0.02734375,1818,0.8112449799196787,364,0.16242748772869256,2199,0.9812583668005355,207,0.09236947791164658,2036.3333333333333,0.8838252314814814,8177.0,9216,0.8872612847222222,46,0.019965277777777776,-0.0021701388888888395,0.00889756944444442,-0.005740333069451528,-0.0022786458333333703,0.00043402777777777624,-0.008737018280141284,0.03191443642356204,0.024012642228078196
61001,R0,96,61001_t96,late,SAW_R4,32,D,origin,duplicate_encoding,SYMBOLIC_FRESH,384,384,384,1.0,0,0.0,0,0.0,0,0.0,384,1.0,0,0.0,384,1.0,0,0.0,384.0,1.0,1536.0,1536,1.0,0,0.0,0.0,0.0,0.0,0.0,0.0,0.0,0.0,0.0
61001,R0,96,61001_t96,late,SAW_R4,32,D,origin,duplicate_encoding,IMAGE_CUE_FRESH,384,384,384,1.0,0,0.0,0,0.0,0,0.0,384,1.0,0,0.0,384,1.0,0,0.0,384.0,1.0,1536.0,1536,1.0,0,0.0,0.0,0.0,0.0,0.0,0.0,0.0,0.0,0.0
61001,R0,96,61001_t96,late,SAW_R4,32,D,origin,cross_series,SYMBOLIC_FRESH,384,377,147,0.3828125,214,0.5572916666666666,16,0.041666666666666664,7,0.018229166666666668,154,0.40848806366047746,63,0.16710875331564987,218,0.5782493368700266,178,0.47214854111405835,276.3333333333333,0.7196180555555555,1222.0,1536,0.7955729166666666,0,0.0,-0.013020833333333315,0.0078125,-0.0044354809245091276,0.009765625,0.0,-0.026773644328503265,0.056915915850085125,0.03279479141548114
61001,R0,96,61001_t96,late,SAW_R4,32,D,origin,cross_series,IMAGE_CUE_FRESH,384,384,384,1.0,0,0.0,0,0.0,0,0.0,384,1.0,0,0.0,384,1.0,0,0.0,384.0,1.0,1536.0,1536,1.0,0,0.0,0.0,0.0,0.0,0.0,0.0,0.0,0.0,0.0
61001,R0,96,61001_t96,late,SAW_R4,32,D,origin,trend,SYMBOLIC_FRESH,384,328,128,0.3333333333333333,200,0.5208333333333334,0,0.0,56,0.14583333333333334,128,0.3902439024390244,301,0.9176829268292683,445,1.3567073170731707,29,0.08841463414634146,224.0,0.5833333333333334,811.0,1536,0.5279947916666666,46,0.11979166666666667,0.0,0.04557291666666674,-0.05090425130257495,-0.0234375,0.0026041666666666713,-0.006040927282337849,0.14368911877973267,0.1399890508193007
61001,R0,96,61001_t96,late,SAW_R4,32,D,origin,trend,IMAGE_CUE_FRESH,384,384,384,1.0,0,0.0,0,0.0,0,0.0,384,1.0,0,0.0,384,1.0,0,0.0,384.0,1.0,1536.0,1536,1.0,0,0.0,0.0,0.0,0.0,0.0,0.0,0.0,0.0,0.0
61001,R0,32,61001_t32,early,DIRECT_REPAIR_R4,8,D_H8,origin,ALL,ALL,192,185,116,0.6041666666666666,66,0.34375,3,0.015625,7,0.036458333333333336,120,0.6486486486486487,90,0.4864864864864865,219,1.1837837837837837,22,0.11891891891891893,153.5,0.7994791666666666,585.0,768,0.76171875,20,0.10416666666666667,-0.03125,-0.0008680555555555802,0.04902644580063936,0.0,0.015625,-0.023394362104039446,-0.04039523394362099,-0.10116245277535607
61001,R0,32,61001_t32,early,DIRECT_REPAIR_R4,8,D_H8,origin,duplicate_encoding,SYMBOLIC_FRESH,32,32,28,0.875,4,0.125,0,0.0,0,0.0,32,1.0,5,0.15625,37,1.15625,0,0.0,32.0,1.0,123.0,128,0.9609375,4,0.125,0.03125,0.0625,-0.03125,0.0078125,0.03125,0.0625,0.03125,0.0625
61001,R0,32,61001_t32,early,DIRECT_REPAIR_R4,8,D_H8,origin,duplicate_encoding,IMAGE_CUE_FRESH,32,32,32,1.0,0,0.0,0,0.0,0,0.0,32,1.0,0,0.0,32,1.0,0,0.0,32.0,1.0,128.0,128,1.0,0,0.0,0.0,0.0,0.0,0.0,0.0,0.0,0.0,0.0
61001,R0,32,61001_t32,early,DIRECT_REPAIR_R4,8,D_H8,origin,cross_series,SYMBOLIC_FRESH,32,28,8,0.25,20,0.625,0,0.0,4,0.125,8,0.2857142857142857,13,0.4642857142857143,25,0.8928571428571429,12,0.42857142857142855,19.0,0.59375,79.0,128,0.6171875,1,0.03125,0.03125,-0.05208333333333326,0.16190476190476188,0.03125,-0.0625,0.05238095238095236,-0.269047619047619,-0.44047619047619035
61001,R0,32,61001_t32,early,DIRECT_REPAIR_R4,8,D_H8,origin,cross_series,IMAGE_CUE_FRESH,32,32,32,1.0,0,0.0,0,0.0,0,0.0,32,1.0,0,0.0,32,1.0,0,0.0,32.0,1.0,128.0,128,1.0,0,0.0,0.0,0.0,0.0,0.0,0.0,0.0,0.0,0.0
61001,R0,32,61001_t32,early,DIRECT_REPAIR_R4,8,D_H8,origin,trend,SYMBOLIC_FRESH,32,29,0,0.0,27,0.84375,2,0.0625,3,0.09375,0,0.0,62,2.1379310344827585,66,2.2758620689655173,2,0.06896551724137931,17.5,0.546875,25.0,128,0.1953125,14,0.4375,-0.03125,0.09375,0.0332512315270936,0.0390625,0.09375,-0.03571428571428571,-0.18349753694581317,-0.22413793103448265
61001,R0,32,61001_t32,early,DIRECT_REPAIR_R4,8,D_H8,origin,trend,IMAGE_CUE_FRESH,32,32,16,0.5,15,0.46875,1,0.03125,0,0.0,16,0.5,10,0.3125,27,0.84375,8,0.25,21.0,0.65625,102.0,128,0.796875,1,0.03125,-0.21875,-0.109375,0.15625,-0.078125,0.03125,-0.21875,0.09375,-0.09375
61001,R0,32,61001_t32,early,DIRECT_REPAIR_R4,32,D,origin,ALL,ALL,2304,2282,1755,0.76171875,497,0.21571180555555555,30,0.013020833333333334,22,0.009548611111111112,1760,0.7712532865907099,267,0.11700262927256792,2064,0.9044697633654689,307,0.13453111305872043,1962.8333333333333,0.8519241898148148,8339.0,9216,0.9048394097222222,33,0.014322916666666666,0.0056423611111111605,0.015046296296296169,0.02415877263318851,0.01432291666666663,0.003038194444444444,-0.0017963587993610197,-0.018192406188424978,-0.02859761252105586
61001,R0,32,61001_t32,early,DIRECT_REPAIR_R4,32,D,origin,duplicate_encoding,SYMBOLIC_FRESH,384,384,370,0.9635416666666666,13,0.033854166666666664,1,0.0026041666666666665,0,0.0,371,0.9661458333333334,5,0.013020833333333334,376,0.9791666666666666,9,0.0234375,371.0,0.9661458333333334,1518.0,1536,0.98828125,1,0.0026041666666666665,-0.00520833333333337,-0.0026041666666666297,-0.005208333333333332,-0.0032552083333333703,0.0026041666666666665,-0.0026041666666666297,0.010416666666666668,0.0078125
61001,R0,32,61001_t32,early,DIRECT_REPAIR_R4,32,D,origin,duplicate_encoding,IMAGE_CUE_FRESH,384,384,384,1.0,0,0.0,0,0.0,0,0.0,384,1.0,0,0.0,384,1.0,0,0.0,384.0,1.0,1536.0,1536,1.0,0,0.0,0.0,0.0,0.0,0.0,0.0,0.0,0.0,0.0
61001,R0,32,61001_t32,early,DIRECT_REPAIR_R4,32,D,origin,cross_series,SYMBOLIC_FRESH,384,375,134,0.3489583333333333,218,0.5677083333333334,23,0.059895833333333336,9,0.0234375,138,0.368,74,0.19733333333333333,223,0.5946666666666667,168,0.448,257.3333333333333,0.6701388888888888,1189.0,1536,0.7740885416666666,0,0.0,0.02604166666666663,0.05381944444444442,0.03802770083102491,0.037109375,0.0,0.018969529085872572,-0.015963065558633416,-0.028602031394275196
61001,R0,32,61001_t32,early,DIRECT_REPAIR_R4,32,D,origin,cross_series,IMAGE_CUE_FRESH,384,384,384,1.0,0,0.0,0,0.0,0,0.0,384,1.0,0,0.0,384,1.0,0,0.0,384.0,1.0,1536.0,1536,1.0,0,0.0,0.0,0.0,0.0,0.0,0.0,0.0,0.0,0.0
61001,R0,32,61001_t32,early,DIRECT_REPAIR_R4,32,D,origin,trend,SYMBOLIC_FRESH,384,371,113,0.2942708333333333,252,0.65625,6,0.015625,13,0.033854166666666664,113,0.3045822102425876,188,0.5067385444743935,327,0.8814016172506739,116,0.31266846361185985,189.5,0.4934895833333333,1038.0,1536,0.67578125,32,0.08333333333333333,0.015625,0.0390625,0.09539826862578743,0.05208333333333337,0.015625,0.006532070966821568,-0.12278791792114974,-0.1408825053120003
61001,R0,32,61001_t32,early,DIRECT_REPAIR_R4,32,D,origin,trend,IMAGE_CUE_FRESH,384,384,370,0.9635416666666666,14,0.036458333333333336,0,0.0,0,0.0,370,0.9635416666666666,0,0.0,370,0.9635416666666666,14,0.036458333333333336,377.0,0.9817708333333334,1522.0,1536,0.9908854166666666,0,0.0,-0.0026041666666667407,0.0,0.005208333333333336,0.0,0.0,-0.0026041666666667407,-0.0026041666666666665,-0.00520833333333337
61002,R1,96,61002_t96,late,R0,8,D_H8,origin,ALL,ALL,192,186,136,0.7083333333333334,50,0.2604166666666667,0,0.0,6,0.03125,136,0.7311827956989247,60,0.3225806451612903,196,1.053763440860215,18,0.0967741935483871,162.16666666666666,0.8446180555555555,634.0,768,0.8255208333333334,13,0.06770833333333333,0.0,0.0,0.0,0.0,0.0,0.0,0.0,0.0
61002,R1,96,61002_t96,late,R0,8,D_H8,origin,duplicate_encoding,SYMBOLIC_FRESH,32,32,32,1.0,0,0.0,0,0.0,0,0.0,32,1.0,0,0.0,32,1.0,0,0.0,32.0,1.0,128.0,128,1.0,0,0.0,0.0,0.0,0.0,0.0,0.0,0.0,0.0,0.0
61002,R1,96,61002_t96,late,R0,8,D_H8,origin,duplicate_encoding,IMAGE_CUE_FRESH,32,32,32,1.0,0,0.0,0,0.0,0,0.0,32,1.0,0,0.0,32,1.0,0,0.0,32.0,1.0,128.0,128,1.0,0,0.0,0.0,0.0,0.0,0.0,0.0,0.0,0.0,0.0
61002,R1,96,61002_t96,late,R0,8,D_H8,origin,cross_series,SYMBOLIC_FRESH,32,32,8,0.25,24,0.75,0,0.0,0,0.0,8,0.25,7,0.21875,15,0.46875,18,0.5625,18.666666666666664,0.5833333333333333,97.0,128,0.7578125,0,0.0,0.0,0.0,0.0,0.0,0.0,0.0,0.0,0.0
61002,R1,96,61002_t96,late,R0,8,D_H8,origin,cross_series,IMAGE_CUE_FRESH,32,32,32,1.0,0,0.0,0,0.0,0,0.0,32,1.0,0,0.0,32,1.0,0,0.0,32.0,1.0,128.0,128,1.0,0,0.0,0.0,0.0,0.0,0.0,0.0,0.0,0.0,0.0
61002,R1,96,61002_t96,late,R0,8,D_H8,origin,trend,SYMBOLIC_FRESH,32,26,0,0.0,26,0.8125,0,0.0,6,0.1875,0,0.0,53,2.0384615384615383,53,2.0384615384615383,0,0.0,15.5,0.484375,25.0,128,0.1953125,13,0.40625,0.0,0.0,0.0,0.0,0.0,0.0,0.0,0.0
61002,R1,96,61002_t96,late,R0,8,D_H8,origin,trend,IMAGE_CUE_FRESH,32,32,32,1.0,0,0.0,0,0.0,0,0.0,32,1.0,0,0.0,32,1.0,0,0.0,32.0,1.0,128.0,128,1.0,0,0.0,0.0,0.0,0.0,0.0,0.0,0.0,0.0,0.0
61002,R1,96,61002_t96,late,R0,32,D,origin,ALL,ALL,2304,2194,1821,0.7903645833333334,354,0.15364583333333334,19,0.008246527777777778,110,0.04774305555555555,1821,0.8299908842297175,330,0.1504102096627165,2157,0.9831358249772105,179,0.08158614402917047,2029.8333333333333,0.8810040509259259,8073.0,9216,0.8759765625,65,0.028211805555555556,0.0,0.0,0.0,0.0,0.0,0.0,0.0,0.0
61002,R1,96,61002_t96,late,R0,32,D,origin,duplicate_encoding,SYMBOLIC_FRESH,384,384,384,1.0,0,0.0,0,0.0,0,0.0,384,1.0,0,0.0,384,1.0,0,0.0,384.0,1.0,1536.0,1536,1.0,0,0.0,0.0,0.0,0.0,0.0,0.0,0.0,0.0,0.0
61002,R1,96,61002_t96,late,R0,32,D,origin,duplicate_encoding,IMAGE_CUE_FRESH,384,384,384,1.0,0,0.0,0,0.0,0,0.0,384,1.0,0,0.0,384,1.0,0,0.0,384.0,1.0,1536.0,1536,1.0,0,0.0,0.0,0.0,0.0,0.0,0.0,0.0,0.0,0.0
61002,R1,96,61002_t96,late,R0,32,D,origin,cross_series,SYMBOLIC_FRESH,384,373,151,0.3932291666666667,203,0.5286458333333334,19,0.049479166666666664,11,0.028645833333333332,151,0.40482573726541554,49,0.13136729222520108,204,0.546916890080429,177,0.4745308310991957,275.3333333333333,0.7170138888888888,1221.0,1536,0.794921875,0,0.0,0.0,0.0,0.0,0.0,0.0,0.0,0.0,0.0
61002,R1,96,61002_t96,late,R0,32,D,origin,cross_series,IMAGE_CUE_FRESH,384,384,384,1.0,0,0.0,0,0.0,0,0.0,384,1.0,0,0.0,384,1.0,0,0.0,384.0,1.0,1536.0,1536,1.0,0,0.0,0.0,0.0,0.0,0.0,0.0,0.0,0.0,0.0
61002,R1,96,61002_t96,late,R0,32,D,origin,trend,SYMBOLIC_FRESH,384,285,134,0.3489583333333333,151,0.3932291666666667,0,0.0,99,0.2578125,134,0.47017543859649125,281,0.9859649122807017,417,1.4631578947368422,2,0.007017543859649123,218.5,0.5690104166666666,708.0,1536,0.4609375,65,0.16927083333333334,0.0,0.0,0.0,0.0,0.0,0.0,0.0,0.0
61002,R1,96,61002_t96,late,R0,32,D,origin,trend,IMAGE_CUE_FRESH,384,384,384,1.0,0,0.0,0,0.0,0,0.0,384,1.0,0,0.0,384,1.0,0,0.0,384.0,1.0,1536.0,1536,1.0,0,0.0,0.0,0.0,0.0,0.0,0.0,0.0,0.0,0.0
61004,R1,96,61004_t96,late,R3,8,D_H8,origin,ALL,ALL,192,189,135,0.703125,54,0.28125,0,0.0,3,0.015625,135,0.7142857142857143,61,0.32275132275132273,196,1.037037037037037,18,0.09523809523809523,159.66666666666666,0.8315972222222222,641.0,768,0.8346354166666666,8,0.041666666666666664,0.0,0.0,-0.005291005291005291,0.0013020833333332593,0.0,0.0,-0.005291005291005291,-0.005291005291005346
61004,R1,96,61004_t96,late,R3,8,D_H8,origin,duplicate_encoding,SYMBOLIC_FRESH,32,32,32,1.0,0,0.0,0,0.0,0,0.0,32,1.0,0,0.0,32,1.0,0,0.0,32.0,1.0,128.0,128,1.0,0,0.0,0.0,0.0,0.0,0.0,0.0,0.0,0.0,0.0
61004,R1,96,61004_t96,late,R3,8,D_H8,origin,duplicate_encoding,IMAGE_CUE_FRESH,32,32,32,1.0,0,0.0,0,0.0,0,0.0,32,1.0,0,0.0,32,1.0,0,0.0,32.0,1.0,128.0,128,1.0,0,0.0,0.0,0.0,0.0,0.0,0.0,0.0,0.0,0.0
61004,R1,96,61004_t96,late,R3,8,D_H8,origin,cross_series,SYMBOLIC_FRESH,32,32,8,0.25,24,0.75,0,0.0,0,0.0,8,0.25,7,0.21875,15,0.46875,17,0.53125,18.666666666666664,0.5833333333333333,97.0,128,0.7578125,0,0.0,0.0,0.0,0.0,0.0,0.0,0.0,0.0,0.0
61004,R1,96,61004_t96,late,R3,8,D_H8,origin,cross_series,IMAGE_CUE_FRESH,32,32,32,1.0,0,0.0,0,0.0,0,0.0,32,1.0,0,0.0,32,1.0,0,0.0,32.0,1.0,128.0,128,1.0,0,0.0,0.0,0.0,0.0,0.0,0.0,0.0,0.0,0.0
61004,R1,96,61004_t96,late,R3,8,D_H8,origin,trend,SYMBOLIC_FRESH,32,29,0,0.0,29,0.90625,0,0.0,3,0.09375,0,0.0,54,1.8620689655172413,54,1.8620689655172413,0,0.0,13.5,0.421875,33.0,128,0.2578125,8,0.25,0.0,0.0,-0.034482758620689655,0.0078125,0.0,0.0,-0.034482758620689724,-0.034482758620689724
61004,R1,96,61004_t96,late,R3,8,D_H8,origin,trend,IMAGE_CUE_FRESH,32,32,31,0.96875,1,0.03125,0,0.0,0,0.0,31,0.96875,0,0.0,31,0.96875,1,0.03125,31.5,0.984375,127.0,128,0.9921875,0,0.0,0.0,0.0,0.0,0.0,0.0,0.0,0.0,0.0
61004,R1,96,61004_t96,late,R3,32,D,origin,ALL,ALL,2304,2252,1806,0.7838541666666666,428,0.1857638888888889,18,0.0078125,52,0.022569444444444444,1808,0.8028419182948491,414,0.18383658969804617,2239,0.9942273534635879,204,0.0905861456483126,2023.1666666666667,0.8781105324074074,8150.0,9216,0.8843315972222222,48,0.020833333333333332,-0.0017361111111111605,0.0057870370370370905,0.004974312389684182,0.0007595486111110494,0.0008680555555555559,-0.009349923928369197,0.02157751305080277,0.012604762697115524
61004,R1,96,61004_t96,late,R3,32,D,origin,duplicate_encoding,SYMBOLIC_FRESH,384,384,384,1.0,0,0.0,0,0.0,0,0.0,384,1.0,0,0.0,384,1.0,0,0.0,384.0,1.0,1536.0,1536,1.0,0,0.0,0.0,0.0,0.0,0.0,0.0,0.0,0.0,0.0
61004,R1,96,61004_t96,late,R3,32,D,origin,duplicate_encoding,IMAGE_CUE_FRESH,384,384,384,1.0,0,0.0,0,0.0,0,0.0,384,1.0,0,0.0,384,1.0,0,0.0,384.0,1.0,1536.0,1536,1.0,0,0.0,0.0,0.0,0.0,0.0,0.0,0.0,0.0,0.0
61004,R1,96,61004_t96,late,R3,32,D,origin,cross_series,SYMBOLIC_FRESH,384,381,146,0.3802083333333333,217,0.5651041666666666,18,0.046875,3,0.0078125,148,0.3884514435695538,73,0.19160104986876642,222,0.5826771653543307,178,0.4671916010498688,270.6666666666667,0.7048611111111112,1218.0,1536,0.79296875,0,0.0,-0.002604166666666685,0.006076388888888951,0.009519643377911113,-0.0013020833333333703,0.0,-0.005728450610340385,0.024934383202099758,0.021830604507769857
61004,R1,96,61004_t96,late,R3,32,D,origin,cross_series,IMAGE_CUE_FRESH,384,384,384,1.0,0,0.0,0,0.0,0,0.0,384,1.0,0,0.0,384,1.0,0,0.0,384.0,1.0,1536.0,1536,1.0,0,0.0,0.0,0.0,0.0,0.0,0.0,0.0,0.0,0.0
61004,R1,96,61004_t96,late,R3,32,D,origin,trend,SYMBOLIC_FRESH,384,335,128,0.3333333333333333,207,0.5390625,0,0.0,49,0.12760416666666666,128,0.382089552238806,341,1.017910447761194,485,1.4477611940298507,22,0.06567164179104477,218.5,0.5690104166666666,792.0,1536,0.515625,48,0.125,0.0,0.03255208333333326,0.012043881538678844,0.0078125,0.005208333333333329,-0.02169593672018455,0.07469278214605202,0.050284853335844426
61004,R1,96,61004_t96,late,R3,32,D,origin,trend,IMAGE_CUE_FRESH,384,384,380,0.9895833333333334,4,0.010416666666666666,0,0.0,0,0.0,380,0.9895833333333334,0,0.0,380,0.9895833333333334,4,0.010416666666666666,382.0,0.9947916666666666,1532.0,1536,0.9973958333333334,0,0.0,-0.0078125,-0.00390625,0.0078125,-0.001953125,0.0,-0.0078125,0.0,-0.0078125
61001,R0,32,61001_t32,early,R7,8,D_H8,origin,ALL,ALL,192,184,121,0.6302083333333334,63,0.328125,0,0.0,8,0.041666666666666664,122,0.6630434782608695,104,0.5652173913043478,245,1.3315217391304348,12,0.06521739130434782,152.83333333333334,0.7960069444444445,570.0,768,0.7421875,13,0.06770833333333333,-0.005208333333333259,-0.004340277777777679,-0.004675081813931739,-0.01953125,-0.020833333333333343,-0.008999532491818618,0.03833567087424028,0.04657550257129506
61001,R0,32,61001_t32,early,R7,8,D_H8,origin,duplicate_encoding,SYMBOLIC_FRESH,32,32,31,0.96875,1,0.03125,0,0.0,0,0.0,32,1.0,1,0.03125,33,1.03125,0,0.0,32.0,1.0,127.0,128,0.9921875,1,0.03125,0.125,0.0625,-0.03125,0.0390625,-0.0625,0.0625,-0.09375,-0.0625
61001,R0,32,61001_t32,early,R7,8,D_H8,origin,duplicate_encoding,IMAGE_CUE_FRESH,32,32,32,1.0,0,0.0,0,0.0,0,0.0,32,1.0,0,0.0,32,1.0,0,0.0,32.0,1.0,128.0,128,1.0,0,0.0,0.0,0.0,0.0,0.0,0.0,0.0,0.0,0.0
61001,R0,32,61001_t32,early,R7,8,D_H8,origin,cross_series,SYMBOLIC_FRESH,32,29,7,0.21875,22,0.6875,0,0.0,3,0.09375,7,0.2413793103448276,31,1.0689655172413792,51,1.7586206896551724,6,0.20689655172413793,20.333333333333332,0.6354166666666666,63.0,128,0.4921875,3,0.09375,0.0,-0.01041666666666663,-0.059770114942528735,-0.09375,0.0,0.00804597701149426,0.33563218390804594,0.4252873563218391
61001,R0,32,61001_t32,early,R7,8,D_H8,origin,cross_series,IMAGE_CUE_FRESH,32,32,32,1.0,0,0.0,0,0.0,0,0.0,32,1.0,0,0.0,32,1.0,0,0.0,32.0,1.0,128.0,128,1.0,0,0.0,0.0,0.0,0.0,0.0,0.0,0.0,0.0,0.0
61001,R0,32,61001_t32,early,R7,8,D_H8,origin,trend,SYMBOLIC_FRESH,32,27,0,0.0,27,0.84375,0,0.0,5,0.15625,0,0.0,65,2.4074074074074074,71,2.6296296296296298,0,0.0,13.5,0.421875,16.0,128,0.125,9,0.28125,-0.03125,-0.03125,-0.03571428571428571,-0.03125,-0.0625,-0.03571428571428571,0.08597883597883582,0.12962962962962976
61001,R0,32,61001_t32,early,R7,8,D_H8,origin,trend,IMAGE_CUE_FRESH,32,32,19,0.59375,13,0.40625,0,0.0,0,0.0,19,0.59375,7,0.21875,26,0.8125,6,0.1875,23.0,0.71875,108.0,128,0.84375,0,0.0,-0.125,-0.046875,0.09375,-0.03125,0.0,-0.125,0.0,-0.125
61001,R0,32,61001_t32,early,R7,32,D,origin,ALL,ALL,2304,2232,1758,0.7630208333333334,457,0.19835069444444445,17,0.007378472222222222,72,0.03125,1783,0.7988351254480287,506,0.22670250896057348,2361,1.0577956989247312,157,0.07034050179211469,1993.5,0.865234375,7973.0,9216,0.8651258680555556,81,0.03515625,0.006944444444444531,0.0283564814814814,-0.04003183863341722,-0.025390625,0.023871527777777776,0.025785480057957777,0.09150747349958058,0.12472832303820647
61001,R0,32,61001_t32,early,R7,32,D,origin,duplicate_encoding,SYMBOLIC_FRESH,384,384,377,0.9817708333333334,6,0.015625,1,0.0026041666666666665,0,0.0,380,0.9895833333333334,5,0.013020833333333334,385,1.0026041666666667,3,0.0078125,380.0,0.9895833333333334,1527.0,1536,0.994140625,3,0.0078125,0.01302083333333337,0.02083333333333337,-0.020833333333333332,0.0026041666666666297,0.0078125,0.02083333333333337,0.010416666666666668,0.03125000000000011
61001,R0,32,61001_t32,early,R7,32,D,origin,duplicate_encoding,IMAGE_CUE_FRESH,384,384,384,1.0,0,0.0,0,0.0,0,0.0,384,1.0,0,0.0,384,1.0,0,0.0,384.0,1.0,1536.0,1536,1.0,0,0.0,0.0,0.0,0.0,0.0,0.0,0.0,0.0,0.0
61001,R0,32,61001_t32,early,R7,32,D,origin,cross_series,SYMBOLIC_FRESH,384,361,126,0.328125,224,0.5833333333333334,11,0.028645833333333332,23,0.059895833333333336,146,0.40443213296398894,133,0.3684210526315789,314,0.8698060941828255,120,0.33240997229916897,248.66666666666666,0.6475694444444444,1096.0,1536,0.7135416666666666,8,0.020833333333333332,0.005208333333333315,0.03125,-0.07756232686980613,-0.0234375,0.020833333333333332,0.05540166204986152,0.15512465373961218,0.24653739612188363
61001,R0,32,61001_t32,early,R7,32,D,origin,cross_series,IMAGE_CUE_FRESH,384,384,382,0.9947916666666666,2,0.005208333333333333,0,0.0,0,0.0,384,1.0,2,0.005208333333333333,386,1.0052083333333333,0,0.0,383.3333333333333,0.9982638888888888,1534.0,1536,0.9986979166666666,0,0.0,-0.00520833333333337,-0.0017361111111111605,0.0,-0.0013020833333333703,0.0,0.0,0.005208333333333333,0.005208333333333259
61001,R0,32,61001_t32,early,R7,32,D,origin,trend,SYMBOLIC_FRESH,384,335,124,0.3229166666666667,206,0.5364583333333334,5,0.013020833333333334,49,0.12760416666666666,124,0.3701492537313433,365,1.0895522388059702,525,1.5671641791044777,17,0.050746268656716415,224.0,0.5833333333333334,764.0,1536,0.4973958333333333,70,0.18229166666666666,0.04427083333333337,0.12890625000000006,-0.166523926329356,-0.12630208333333331,0.11458333333333333,0.07209911445557726,0.46002577641042697,0.5448800565418035
61001,R0,32,61001_t32,early,R7,32,D,origin,trend,IMAGE_CUE_FRESH,384,384,365,0.9505208333333334,19,0.049479166666666664,0,0.0,0,0.0,365,0.9505208333333334,1,0.0026041666666666665,367,0.9557291666666666,17,0.044270833333333336,373.5,0.97265625,1516.0,1536,0.9869791666666666,0,0.0,-0.015625,-0.00911458333333337,0.013020833333333336,-0.00390625,0.0,-0.015625,0.0,-0.01302083333333337
61002,R1,96,61002_t96,late,R7,8,D_H8,origin,ALL,ALL,192,190,136,0.7083333333333334,54,0.28125,0,0.0,2,0.010416666666666666,136,0.7157894736842105,67,0.3526315789473684,203,1.068421052631579,17,0.08947368421052632,159.16666666666666,0.8289930555555555,639.0,768,0.83203125,9,0.046875,0.0,-0.015625,-0.007300509337860778,0.00651041666666663,-0.02083333333333333,-0.015393322014714217,0.030050933786078093,0.014657611771363932
61002,R1,96,61002_t96,late,R7,8,D_H8,origin,duplicate_encoding,SYMBOLIC_FRESH,32,32,32,1.0,0,0.0,0,0.0,0,0.0,32,1.0,0,0.0,32,1.0,0,0.0,32.0,1.0,128.0,128,1.0,0,0.0,0.0,0.0,0.0,0.0,0.0,0.0,0.0,0.0
61002,R1,96,61002_t96,late,R7,8,D_H8,origin,duplicate_encoding,IMAGE_CUE_FRESH,32,32,32,1.0,0,0.0,0,0.0,0,0.0,32,1.0,0,0.0,32,1.0,0,0.0,32.0,1.0,128.0,128,1.0,0,0.0,0.0,0.0,0.0,0.0,0.0,0.0,0.0,0.0
61002,R1,96,61002_t96,late,R7,8,D_H8,origin,cross_series,SYMBOLIC_FRESH,32,32,8,0.25,24,0.75,0,0.0,0,0.0,8,0.25,7,0.21875,15,0.46875,17,0.53125,18.666666666666664,0.5833333333333333,97.0,128,0.7578125,0,0.0,0.0,0.0,-0.03125,0.0,0.0,0.0,0.0,0.0
61002,R1,96,61002_t96,late,R7,8,D_H8,origin,cross_series,IMAGE_CUE_FRESH,32,32,32,1.0,0,0.0,0,0.0,0,0.0,32,1.0,0,0.0,32,1.0,0,0.0,32.0,1.0,128.0,128,1.0,0,0.0,0.0,0.0,0.0,0.0,0.0,0.0,0.0,0.0
61002,R1,96,61002_t96,late,R7,8,D_H8,origin,trend,SYMBOLIC_FRESH,32,30,0,0.0,30,0.9375,0,0.0,2,0.0625,0,0.0,60,2.0,60,2.0,0,0.0,12.5,0.390625,30.0,128,0.234375,9,0.28125,0.0,-0.09375,0.0,0.0390625,-0.125,0.0,-0.038461538461538325,-0.038461538461538325
61002,R1,96,61002_t96,late,R7,8,D_H8,origin,trend,IMAGE_CUE_FRESH,32,32,32,1.0,0,0.0,0,0.0,0,0.0,32,1.0,0,0.0,32,1.0,0,0.0,32.0,1.0,128.0,128,1.0,0,0.0,0.0,0.0,0.0,0.0,0.0,0.0,0.0,0.0
61002,R1,96,61002_t96,late,R7,32,D,origin,ALL,ALL,2304,2241,1812,0.7864583333333334,412,0.17881944444444445,17,0.007378472222222222,63,0.02734375,1823,0.8134761267291388,393,0.1753681392235609,2235,0.9973226238286479,214,0.09549308344489067,2064.0,0.8958333333333334,8153.0,9216,0.8846571180555556,64,0.027777777777777776,-0.00390625,0.01482928240740744,0.013906939415720201,0.00868055555555558,-0.0004340277777777797,-0.016514757500578625,0.02495792956084439,0.014186798851437366
61002,R1,96,61002_t96,late,R7,32,D,origin,duplicate_encoding,SYMBOLIC_FRESH,384,384,384,1.0,0,0.0,0,0.0,0,0.0,384,1.0,0,0.0,384,1.0,0,0.0,384.0,1.0,1536.0,1536,1.0,0,0.0,0.0,0.0,0.0,0.0,0.0,0.0,0.0,0.0
61002,R1,96,61002_t96,late,R7,32,D,origin,duplicate_encoding,IMAGE_CUE_FRESH,384,384,384,1.0,0,0.0,0,0.0,0,0.0,384,1.0,0,0.0,384,1.0,0,0.0,384.0,1.0,1536.0,1536,1.0,0,0.0,0.0,0.0,0.0,0.0,0.0,0.0,0.0,0.0
61002,R1,96,61002_t96,late,R7,32,D,origin,cross_series,SYMBOLIC_FRESH,384,375,148,0.3854166666666667,211,0.5494791666666666,16,0.041666666666666664,9,0.0234375,159,0.424,55,0.14666666666666667,214,0.5706666666666667,184,0.49066666666666664,282.0,0.734375,1229.0,1536,0.8001302083333334,0,0.0,-0.0078125,0.01736111111111116,0.016135835567470946,0.00520833333333337,0.0,0.019174262734584446,0.01529937444146559,0.02374977658623767
61002,R1,96,61002_t96,late,R7,32,D,origin,cross_series,IMAGE_CUE_FRESH,384,384,384,1.0,0,0.0,0,0.0,0,0.0,384,1.0,0,0.0,384,1.0,0,0.0,384.0,1.0,1536.0,1536,1.0,0,0.0,0.0,0.0,0.0,0.0,0.0,0.0,0.0,0.0
61002,R1,96,61002_t96,late,R7,32,D,origin,trend,SYMBOLIC_FRESH,384,330,128,0.3333333333333333,201,0.5234375,1,0.0026041666666666665,54,0.140625,128,0.3878787878787879,338,1.0242424242424242,485,1.4696969696969697,30,0.09090909090909091,246.0,0.640625,780.0,1536,0.5078125,64,0.16666666666666666,-0.015625,0.07161458333333337,0.0838915470494418,0.046875,-0.002604166666666685,-0.08229665071770337,0.038277511961722466,0.006539074960127511
61002,R1,96,61002_t96,late,R7,32,D,origin,trend,IMAGE_CUE_FRESH,384,384,384,1.0,0,0.0,0,0.0,0,0.0,384,1.0,0,0.0,384,1.0,0,0.0,384.0,1.0,1536.0,1536,1.0,0,0.0,0.0,0.0,0.0,0.0,0.0,0.0,0.0,0.0
61002,R1,32,61002_t32,early,R4,8,D_H8,origin,ALL,ALL,192,187,114,0.59375,71,0.3697916666666667,2,0.010416666666666666,5,0.026041666666666668,117,0.6256684491978609,118,0.6310160427807486,262,1.4010695187165776,14,0.0748663101604278,156.66666666666666,0.8159722222222222,560.0,768,0.7291666666666666,23,0.11979166666666667,-0.02083333333333337,0.02170138888888884,0.01572652521419124,-0.00520833333333337,0.046875,-0.014116497038698217,0.02348916106031851,0.013972744523029101
61002,R1,32,61002_t32,early,R4,8,D_H8,origin,duplicate_encoding,SYMBOLIC_FRESH,32,32,28,0.875,4,0.125,0,0.0,0,0.0,31,0.96875,6,0.1875,38,1.1875,0,0.0,31.0,0.96875,121.0,128,0.9453125,3,0.09375,-0.09375,-0.03125,0.0,-0.046875,0.0625,-0.03125,0.15625,0.15625
61002,R1,32,61002_t32,early,R4,8,D_H8,origin,duplicate_encoding,IMAGE_CUE_FRESH,32,32,32,1.0,0,0.0,0,0.0,0,0.0,32,1.0,0,0.0,32,1.0,0,0.0,32.0,1.0,128.0,128,1.0,0,0.0,0.0,0.0,0.0,0.0,0.0,0.0,0.0,0.0
61002,R1,32,61002_t32,early,R4,8,D_H8,origin,cross_series,SYMBOLIC_FRESH,32,31,7,0.21875,23,0.71875,1,0.03125,1,0.03125,7,0.22580645161290322,36,1.1612903225806452,59,1.903225806451613,6,0.1935483870967742,22.0,0.6875,64.0,128,0.5,5,0.15625,0.03125,0.03125,0.03225806451612903,0.0546875,0.0625,0.03225806451612903,-0.19354838709677402,-0.22580645161290303
61002,R1,32,61002_t32,early,R4,8,D_H8,origin,cross_series,IMAGE_CUE_FRESH,32,32,31,0.96875,1,0.03125,0,0.0,0,0.0,31,0.96875,0,0.0,32,1.0,0,0.0,31.666666666666668,0.9895833333333334,127.0,128,0.9921875,0,0.0,-0.03125,-0.01041666666666663,0.0,-0.0078125,0.0,-0.03125,0.0,0.0
61002,R1,32,61002_t32,early,R4,8,D_H8,origin,trend,SYMBOLIC_FRESH,32,28,0,0.0,27,0.84375,1,0.03125,4,0.125,0,0.0,68,2.4285714285714284,77,2.75,0,0.0,18.0,0.5625,16.0,128,0.125,15,0.46875,0.0,0.140625,-0.037037037037037035,-0.046875,0.1875,0.0,0.24338624338624326,0.30555555555555536
61002,R1,32,61002_t32,early,R4,8,D_H8,origin,trend,IMAGE_CUE_FRESH,32,32,16,0.5,16,0.5,0,0.0,0,0.0,16,0.5,8,0.25,24,0.75,8,0.25,22.0,0.6875,104.0,128,0.8125,0,0.0,-0.03125,0.0,0.09375,0.015625,-0.03125,-0.03125,-0.09375,-0.15625
61002,R1,32,61002_t32,early,R4,32,D,origin,ALL,ALL,2304,2242,1768,0.7673611111111112,456,0.19791666666666666,18,0.0078125,62,0.026909722222222224,1784,0.7957181088314005,459,0.2047279214986619,2323,1.036128456735058,183,0.0816235504014273,1997.8333333333333,0.867115162037037,8051.0,9216,0.8735894097222222,65,0.028211805555555556,0.0013020833333333703,0.01432291666666663,-0.02968387009327235,-0.01953125,0.013454861111111112,0.013474292576983515,0.05808481195802587,0.09089877475625929
61002,R1,32,61002_t32,early,R4,32,D,origin,duplicate_encoding,SYMBOLIC_FRESH,384,384,376,0.9791666666666666,8,0.020833333333333332,0,0.0,0,0.0,377,0.9817708333333334,3,0.0078125,380,0.9895833333333334,5,0.013020833333333334,377.0,0.9817708333333334,1526.0,1536,0.9934895833333334,1,0.0026041666666666665,0.0026041666666666297,0.00520833333333337,-0.005208333333333334,0.0006510416666667407,0.0026041666666666665,0.00520833333333337,0.002604166666666667,0.0078125
61002,R1,32,61002_t32,early,R4,32,D,origin,duplicate_encoding,IMAGE_CUE_FRESH,384,384,384,1.0,0,0.0,0,0.0,0,0.0,384,1.0,0,0.0,384,1.0,0,0.0,384.0,1.0,1536.0,1536,1.0,0,0.0,0.0026041666666666297,0.0026041666666666297,-0.0026041666666666665,0.0006510416666666297,0.0,0.0026041666666666297,0.0,0.0026041666666666297
61002,R1,32,61002_t32,early,R4,32,D,origin,cross_series,SYMBOLIC_FRESH,384,364,136,0.3541666666666667,215,0.5598958333333334,13,0.033854166666666664,20,0.052083333333333336,151,0.41483516483516486,115,0.3159340659340659,303,0.8324175824175825,126,0.34615384615384615,262.0,0.6822916666666666,1128.0,1536,0.734375,5,0.013020833333333334,0.0,0.01388888888888884,-0.08700123406005761,-0.03385416666666663,0.013020833333333334,0.040503614033025825,0.09668272903567021,0.21744432038549688
61002,R1,32,61002_t32,early,R4,32,D,origin,cross_series,IMAGE_CUE_FRESH,384,384,382,0.9947916666666666,2,0.005208333333333333,0,0.0,0,0.0,382,0.9947916666666666,0,0.0,384,1.0,0,0.0,383.3333333333333,0.9982638888888888,1534.0,1536,0.9986979166666666,0,0.0,0.0,0.0017361111111110494,0.0,0.0,0.0,-0.00520833333333337,-0.005208333333333333,-0.005208333333333259
61002,R1,32,61002_t32,early,R4,32,D,origin,trend,SYMBOLIC_FRESH,384,342,123,0.3203125,214,0.5572916666666666,5,0.013020833333333334,42,0.109375,123,0.35964912280701755,341,0.9970760233918129,504,1.4736842105263157,36,0.10526315789473684,216.5,0.5638020833333334,808.0,1536,0.5260416666666666,59,0.15364583333333334,0.0,0.05859375,-0.08400237882842701,-0.0859375,0.06510416666666667,0.012191495688373466,0.3049856279115869,0.3578650014867677
61002,R1,32,61002_t32,early,R4,32,D,origin,trend,IMAGE_CUE_FRESH,384,384,367,0.9557291666666666,17,0.044270833333333336,0,0.0,0,0.0,367,0.9557291666666666,0,0.0,368,0.9583333333333334,16,0.041666666666666664,375.0,0.9765625,1519.0,1536,0.9889322916666666,0,0.0,0.0026041666666666297,0.00390625,0.0026041666666666644,0.0013020833333332593,0.0,0.0026041666666666297,-0.0026041666666666665,-0.0026041666666666297
61001,R0,96,61001_t96,late,R3,8,D_H8,origin,ALL,ALL,192,186,136,0.7083333333333334,50,0.2604166666666667,0,0.0,6,0.03125,136,0.7311827956989247,44,0.23655913978494625,180,0.967741935483871,23,0.12365591397849462,156.66666666666666,0.8159722222222222,650.0,768,0.8463541666666666,6,0.03125,0.0,-0.005208333333333259,0.016129032258064516,0.01041666666666663,-0.010416666666666664,0.0,-0.043010752688172005,-0.043010752688172005
61001,R0,96,61001_t96,late,R3,8,D_H8,origin,duplicate_encoding,SYMBOLIC_FRESH,32,32,32,1.0,0,0.0,0,0.0,0,0.0,32,1.0,0,0.0,32,1.0,0,0.0,32.0,1.0,128.0,128,1.0,0,0.0,0.0,0.0,0.0,0.0,0.0,0.0,0.0,0.0
61001,R0,96,61001_t96,late,R3,8,D_H8,origin,duplicate_encoding,IMAGE_CUE_FRESH,32,32,32,1.0,0,0.0,0,0.0,0,0.0,32,1.0,0,0.0,32,1.0,0,0.0,32.0,1.0,128.0,128,1.0,0,0.0,0.0,0.0,0.0,0.0,0.0,0.0,0.0,0.0
61001,R0,96,61001_t96,late,R3,8,D_H8,origin,cross_series,SYMBOLIC_FRESH,32,28,8,0.25,20,0.625,0,0.0,4,0.125,8,0.2857142857142857,3,0.10714285714285714,11,0.39285714285714285,17,0.6071428571428571,18.666666666666664,0.5833333333333333,89.0,128,0.6953125,0,0.0,0.0,0.0,0.020935960591133007,-0.015625,0.0,0.009852216748768461,-0.030788177339901482,-0.020935960591133007
61001,R0,96,61001_t96,late,R3,8,D_H8,origin,cross_series,IMAGE_CUE_FRESH,32,32,32,1.0,0,0.0,0,0.0,0,0.0,32,1.0,0,0.0,32,1.0,0,0.0,32.0,1.0,128.0,128,1.0,0,0.0,0.0,0.0,0.0,0.0,0.0,0.0,0.0,0.0
61001,R0,96,61001_t96,late,R3,8,D_H8,origin,trend,SYMBOLIC_FRESH,32,30,0,0.0,30,0.9375,0,0.0,2,0.0625,0,0.0,41,1.3666666666666667,41,1.3666666666666667,6,0.2,10.0,0.3125,49.0,128,0.3828125,6,0.1875,0.0,-0.03125,0.09655172413793105,0.078125,-0.0625,0.0,-0.28850574712643673,-0.28850574712643673
61001,R0,96,61001_t96,late,R3,8,D_H8,origin,trend,IMAGE_CUE_FRESH,32,32,32,1.0,0,0.0,0,0.0,0,0.0,32,1.0,0,0.0,32,1.0,0,0.0,32.0,1.0,128.0,128,1.0,0,0.0,0.0,0.0,0.0,0.0,0.0,0.0,0.0,0.0
61001,R0,96,61001_t96,late,R3,32,D,origin,ALL,ALL,2304,2198,1829,0.7938368055555556,353,0.15321180555555555,16,0.006944444444444444,106,0.04600694444444445,1832,0.8334849863512284,326,0.1483166515013649,2158,0.9818016378525932,184,0.08371246587807098,2057.8333333333335,0.8931568287037037,8100.0,9216,0.87890625,80,0.034722222222222224,0.0056423611111111605,0.01822916666666674,-0.014397345103027134,-0.01063368055555558,0.015190972222222224,0.01350298815140838,0.017803600196234365,0.024555913280135955
61001,R0,96,61001_t96,late,R3,32,D,origin,duplicate_encoding,SYMBOLIC_FRESH,384,384,384,1.0,0,0.0,0,0.0,0,0.0,384,1.0,0,0.0,384,1.0,0,0.0,384.0,1.0,1536.0,1536,1.0,0,0.0,0.0,0.0,0.0,0.0,0.0,0.0,0.0,0.0
61001,R0,96,61001_t96,late,R3,32,D,origin,duplicate_encoding,IMAGE_CUE_FRESH,384,384,384,1.0,0,0.0,0,0.0,0,0.0,384,1.0,0,0.0,384,1.0,0,0.0,384.0,1.0,1536.0,1536,1.0,0,0.0,0.0,0.0,0.0,0.0,0.0,0.0,0.0,0.0
61001,R0,96,61001_t96,late,R3,32,D,origin,cross_series,SYMBOLIC_FRESH,384,373,152,0.3958333333333333,205,0.5338541666666666,16,0.041666666666666664,11,0.028645833333333332,155,0.4155495978552279,54,0.1447721179624665,209,0.5603217158176944,178,0.4772117962466488,279.3333333333333,0.7274305555555555,1220.0,1536,0.7942708333333334,0,0.0,0.0,0.015625,0.0006277742080812998,0.00846354166666674,0.0,-0.019712110133752847,0.03457928049690176,0.014867170363148996
61001,R0,96,61001_t96,late,R3,32,D,origin,cross_series,IMAGE_CUE_FRESH,384,383,383,0.9973958333333334,0,0.0,0,0.0,1,0.0026041666666666665,383,1.0,0,0.0,383,1.0,0,0.0,383.0,0.9973958333333334,1532.0,1536,0.9973958333333334,0,0.0,-0.0026041666666666297,-0.0026041666666666297,0.0,-0.0026041666666666297,0.0,0.0,0.0,0.0
61001,R0,96,61001_t96,late,R3,32,D,origin,trend,SYMBOLIC_FRESH,384,290,142,0.3697916666666667,148,0.3854166666666667,0,0.0,94,0.24479166666666666,142,0.4896551724137931,272,0.9379310344827586,414,1.4275862068965517,6,0.020689655172413793,243.5,0.6341145833333334,740.0,1536,0.4817708333333333,80,0.20833333333333334,0.03645833333333337,0.09635416666666674,-0.11862923027650261,-0.06966145833333331,0.09114583333333334,0.09337034269243083,0.16393722643322295,0.21086794064268166
61001,R0,96,61001_t96,late,R3,32,D,origin,trend,IMAGE_CUE_FRESH,384,384,384,1.0,0,0.0,0,0.0,0,0.0,384,1.0,0,0.0,384,1.0,0,0.0,384.0,1.0,1536.0,1536,1.0,0,0.0,0.0,0.0,0.0,0.0,0.0,0.0,0.0,0.0
61002,R1,32,61002_t32,early,R3,8,D_H8,origin,ALL,ALL,192,189,113,0.5885416666666666,73,0.3802083333333333,3,0.015625,3,0.015625,116,0.6137566137566137,123,0.6507936507936508,267,1.4126984126984128,13,0.06878306878306878,153.16666666666666,0.7977430555555555,560.0,768,0.7291666666666666,22,0.11458333333333333,-0.02604166666666674,0.003472222222222099,0.009643283836832217,-0.00520833333333337,0.04166666666666666,-0.026028332479945404,0.04326676907322069,0.0256016385048643
61002,R1,32,61002_t32,early,R3,8,D_H8,origin,duplicate_encoding,SYMBOLIC_FRESH,32,32,29,0.90625,2,0.0625,1,0.03125,0,0.0,31,0.96875,2,0.0625,34,1.0625,0,0.0,31.0,0.96875,125.0,128,0.9765625,2,0.0625,-0.0625,-0.03125,0.0,-0.015625,0.03125,-0.03125,0.03125,0.03125
61002,R1,32,61002_t32,early,R3,8,D_H8,origin,duplicate_encoding,IMAGE_CUE_FRESH,32,32,31,0.96875,1,0.03125,0,0.0,0,0.0,32,1.0,1,0.03125,33,1.03125,0,0.0,32.0,1.0,127.0,128,0.9921875,1,0.03125,-0.03125,0.0,0.0,-0.0078125,0.03125,0.0,0.03125,0.03125
61002,R1,32,61002_t32,early,R3,8,D_H8,origin,cross_series,SYMBOLIC_FRESH,32,31,6,0.1875,25,0.78125,0,0.0,1,0.03125,6,0.1935483870967742,42,1.3548387096774193,63,2.032258064516129,7,0.22580645161290322,22.666666666666668,0.7083333333333334,57.0,128,0.4453125,7,0.21875,0.0,0.05208333333333337,0.06451612903225806,0.0,0.125,0.0,0.0,-0.09677419354838701
61002,R1,32,61002_t32,early,R3,8,D_H8,origin,cross_series,IMAGE_CUE_FRESH,32,32,29,0.90625,3,0.09375,0,0.0,0,0.0,29,0.90625,0,0.0,30,0.9375,2,0.0625,31.0,0.96875,125.0,128,0.9765625,0,0.0,-0.09375,-0.03125,0.0625,-0.0234375,0.0,-0.09375,0.0,-0.0625
61002,R1,32,61002_t32,early,R3,8,D_H8,origin,trend,SYMBOLIC_FRESH,32,30,0,0.0,29,0.90625,1,0.03125,2,0.0625,0,0.0,69,2.3,77,2.566666666666667,0,0.0,15.5,0.484375,21.0,128,0.1640625,12,0.375,0.0,0.0625,-0.037037037037037035,-0.0078125,0.09375,0.0,0.1148148148148147,0.12222222222222223
61002,R1,32,61002_t32,early,R3,8,D_H8,origin,trend,IMAGE_CUE_FRESH,32,32,18,0.5625,13,0.40625,1,0.03125,0,0.0,18,0.5625,9,0.28125,30,0.9375,4,0.125,21.0,0.65625,105.0,128,0.8203125,0,0.0,0.03125,-0.03125,-0.03125,0.0234375,-0.03125,0.03125,-0.0625,0.03125
61002,R1,32,61002_t32,early,R3,32,D,origin,ALL,ALL,2304,2251,1751,0.7599826388888888,471,0.20442708333333334,29,0.012586805555555556,53,0.023003472222222224,1774,0.7880941803642826,568,0.25233229675699687,2461,1.0932918702798755,150,0.06663705019991115,1999.8333333333333,0.8679832175925926,7959.0,9216,0.8636067708333334,88,0.03819444444444445,-0.006076388888888951,0.01519097222222221,-0.0446703702947885,-0.02951388888888884,0.023437500000000003,0.005850364109865613,0.10568918721636084,0.14806218830107687
61002,R1,32,61002_t32,early,R3,32,D,origin,duplicate_encoding,SYMBOLIC_FRESH,384,383,377,0.9817708333333334,6,0.015625,0,0.0,1,0.0026041666666666665,378,0.9869451697127938,6,0.015665796344647518,384,1.0026109660574412,1,0.0026109660574412533,378.0,0.984375,1521.0,1536,0.990234375,1,0.0026041666666666665,0.00520833333333337,0.0078125,-0.015618200609225415,-0.0026041666666666297,0.0026041666666666665,0.01038266971279378,0.010457463011314186,0.020840132724107785
61002,R1,32,61002_t32,early,R3,32,D,origin,duplicate_encoding,IMAGE_CUE_FRESH,384,383,383,0.9973958333333334,0,0.0,0,0.0,1,0.0026041666666666665,383,1.0,0,0.0,383,1.0,0,0.0,383.0,0.9973958333333334,1532.0,1536,0.9973958333333334,0,0.0,0.0,0.0,-0.0026041666666666665,-0.001953125,0.0,0.0026041666666666297,0.0,0.0026041666666666297
61002,R1,32,61002_t32,early,R3,32,D,origin,cross_series,SYMBOLIC_FRESH,384,366,124,0.3229166666666667,220,0.5729166666666666,22,0.057291666666666664,18,0.046875,144,0.39344262295081966,164,0.44808743169398907,360,0.9836065573770492,114,0.3114754098360656,253.66666666666666,0.6605902777777778,1078.0,1536,0.7018229166666666,8,0.020833333333333332,-0.03125,-0.0078125,-0.12167967037783817,-0.06640625,0.020833333333333332,0.01911107214868063,0.22883609479559336,0.3686332953449636
61002,R1,32,61002_t32,early,R3,32,D,origin,cross_series,IMAGE_CUE_FRESH,384,384,382,0.9947916666666666,2,0.005208333333333333,0,0.0,0,0.0,383,0.9973958333333334,1,0.0026041666666666665,385,1.0026041666666667,0,0.0,382.6666666666667,0.9965277777777778,1534.0,1536,0.9986979166666666,0,0.0,0.0,0.0,0.0,0.0,0.0,-0.0026041666666666297,-0.0026041666666666665,-0.0026041666666665186
61002,R1,32,61002_t32,early,R3,32,D,origin,trend,SYMBOLIC_FRESH,384,351,120,0.3125,224,0.5833333333333334,7,0.018229166666666668,33,0.0859375,121,0.34472934472934474,394,1.1225071225071226,579,1.6495726495726495,19,0.05413105413105413,228.5,0.5950520833333334,780.0,1536,0.5078125,79,0.20572916666666666,-0.0078125,0.08984375,-0.13513448259210972,-0.10416666666666663,0.11718749999999999,-0.0027282823892993413,0.4304167270268966,0.5337534405331015
61002,R1,32,61002_t32,early,R3,32,D,origin,trend,IMAGE_CUE_FRESH,384,384,365,0.9505208333333334,19,0.049479166666666664,0,0.0,0,0.0,365,0.9505208333333334,3,0.0078125,370,0.9635416666666666,16,0.041666666666666664,374.0,0.9739583333333334,1514.0,1536,0.9856770833333334,0,0.0,-0.0026041666666666297,0.0013020833333333703,0.0026041666666666644,-0.001953125,0.0,-0.0026041666666666297,0.005208333333333334,0.0026041666666666297
61003,R0,32,61003_t32,early,R1,8,D_H8,origin,ALL,ALL,192,185,120,0.625,65,0.3385416666666667,0,0.0,7,0.036458333333333336,121,0.654054054054054,92,0.4972972972972973,233,1.2594594594594595,12,0.06486486486486487,155.33333333333334,0.8090277777777778,584.0,768,0.7604166666666666,18,0.09375,-0.03645833333333337,-0.0026041666666667407,-0.005405405405405406,-0.00390625,0.02604166666666667,-0.032432432432432434,-0.01621621621621616,0.0
61003,R0,32,61003_t32,early,R1,8,D_H8,origin,duplicate_encoding,SYMBOLIC_FRESH,32,32,30,0.9375,2,0.0625,0,0.0,0,0.0,31,0.96875,1,0.03125,33,1.03125,0,0.0,31.0,0.96875,126.0,128,0.984375,1,0.03125,-0.03125,0.0,0.0,0.015625,0.03125,-0.03125,0.03125,0.03125
61003,R0,32,61003_t32,early,R1,8,D_H8,origin,duplicate_encoding,IMAGE_CUE_FRESH,32,32,32,1.0,0,0.0,0,0.0,0,0.0,32,1.0,0,0.0,32,1.0,0,0.0,32.0,1.0,128.0,128,1.0,0,0.0,0.0,0.0,0.0,0.0,0.0,0.0,0.0,0.0
61003,R0,32,61003_t32,early,R1,8,D_H8,origin,cross_series,SYMBOLIC_FRESH,32,30,7,0.21875,23,0.71875,0,0.0,2,0.0625,7,0.23333333333333334,23,0.7666666666666667,45,1.5,7,0.23333333333333334,24.333333333333332,0.7604166666666666,74.0,128,0.578125,6,0.1875,-0.03125,0.15625,-0.03589743589743588,0.046875,0.125,-0.07435897435897437,0.07435897435897443,0.15384615384615374
61003,R0,32,61003_t32,early,R1,8,D_H8,origin,cross_series,IMAGE_CUE_FRESH,32,32,32,1.0,0,0.0,0,0.0,0,0.0,32,1.0,0,0.0,32,1.0,0,0.0,32.0,1.0,128.0,128,1.0,0,0.0,0.0,0.0,0.0,0.0,0.0,0.0,0.0,0.0
61003,R0,32,61003_t32,early,R1,8,D_H8,origin,trend,SYMBOLIC_FRESH,32,27,0,0.0,27,0.84375,0,0.0,5,0.15625,0,0.0,59,2.185185185185185,62,2.2962962962962963,1,0.037037037037037035,14.5,0.453125,22.0,128,0.171875,11,0.34375,0.0,-0.015625,0.005787037037037035,-0.0078125,0.0,0.0,-0.09606481481481488,-0.04745370370370372
61003,R0,32,61003_t32,early,R1,8,D_H8,origin,trend,IMAGE_CUE_FRESH,32,32,19,0.59375,13,0.40625,0,0.0,0,0.0,19,0.59375,9,0.28125,29,0.90625,4,0.125,21.5,0.671875,106.0,128,0.828125,0,0.0,-0.15625,-0.15625,-0.03125,-0.078125,0.0,-0.15625,0.15625,0.03125
61003,R0,32,61003_t32,early,R1,32,D,origin,ALL,ALL,2304,2263,1762,0.7647569444444444,486,0.2109375,15,0.006510416666666667,41,0.017795138888888888,1773,0.7834732655766682,392,0.17322138753866548,2205,0.9743703049049933,203,0.0897039328325232,1950.0,0.8463541666666666,8170.0,9216,0.8865017361111112,32,0.013888888888888888,0.00477430555555558,-0.0004340277777777901,0.0048150439436343145,0.005967881944444531,-0.00043402777777777797,-0.0014156233122206707,-0.0050008346835567485,-0.013629695095006666
61003,R0,32,61003_t32,early,R1,32,D,origin,duplicate_encoding,SYMBOLIC_FRESH,384,384,381,0.9921875,3,0.0078125,0,0.0,0,0.0,381,0.9921875,2,0.005208333333333333,383,0.9973958333333334,1,0.0026041666666666665,381.0,0.9921875,1531.0,1536,0.9967447916666666,0,0.0,0.0026041666666666297,0.0,0.0026041666666666665,0.0026041666666666297,-0.0026041666666666665,-0.0025905678851174674,-0.002624564838990426,-0.007826098781549162
61003,R0,32,61003_t32,early,R1,32,D,origin,duplicate_encoding,IMAGE_CUE_FRESH,384,384,383,0.9973958333333334,1,0.0026041666666666665,0,0.0,0,0.0,383,0.9973958333333334,0,0.0,383,0.9973958333333334,1,0.0026041666666666665,383.0,0.9973958333333334,1535.0,1536,0.9993489583333334,0,0.0,-0.0026041666666666297,-0.0026041666666666297,0.0026041666666666665,-0.0006510416666666297,0.0,-0.0026041666666666297,0.0,-0.0026041666666666297
61003,R0,32,61003_t32,early,R1,32,D,origin,cross_series,SYMBOLIC_FRESH,384,367,135,0.3515625,220,0.5729166666666666,12,0.03125,17,0.044270833333333336,145,0.39509536784741145,113,0.3079019073569482,268,0.7302452316076294,134,0.3651226158038147,250.33333333333331,0.6519097222222222,1133.0,1536,0.7376302083333334,2,0.005208333333333333,0.013020833333333315,0.0078125,0.001734637661738203,0.0013020833333333703,0.005208333333333333,0.0071172257709087305,0.010087699706675002,-0.007459686425157486
61003,R0,32,61003_t32,early,R1,32,D,origin,cross_series,IMAGE_CUE_FRESH,384,384,383,0.9973958333333334,1,0.0026041666666666665,0,0.0,0,0.0,384,1.0,1,0.0026041666666666665,385,1.0026041666666667,0,0.0,383.6666666666667,0.9991319444444445,1535.0,1536,0.9993489583333334,0,0.0,0.0078125,0.0026041666666667407,0.0,0.001953125,0.0,0.00520833333333337,-0.0026041666666666665,-0.0026041666666665186
61003,R0,32,61003_t32,early,R1,32,D,origin,trend,SYMBOLIC_FRESH,384,360,115,0.2994791666666667,242,0.6302083333333334,3,0.0078125,24,0.0625,115,0.3194444444444444,276,0.7666666666666667,419,1.163888888888889,50,0.1388888888888889,178.5,0.46484375,919.0,1536,0.5983072916666666,30,0.078125,0.002604166666666685,-0.014322916666666685,0.024275708373129576,0.02864583333333326,-0.005208333333333329,-0.007203120025469634,-0.05281757402101239,-0.07393346068131157
61003,R0,32,61003_t32,early,R1,32,D,origin,trend,IMAGE_CUE_FRESH,384,384,365,0.9505208333333334,19,0.049479166666666664,0,0.0,0,0.0,365,0.9505208333333334,0,0.0,367,0.9557291666666666,17,0.044270833333333336,373.5,0.97265625,1517.0,1536,0.9876302083333334,0,0.0,0.00520833333333337,0.00390625,-0.0026041666666666644,0.001953125,0.0,0.00520833333333337,-0.0026041666666666665,0.0026041666666666297
61003,R0,32,61003_t32,early,R4,8,D_H8,origin,ALL,ALL,192,187,119,0.6197916666666666,65,0.3385416666666667,3,0.015625,5,0.026041666666666668,122,0.6524064171122995,92,0.4919786096256685,232,1.2406417112299466,13,0.06951871657754011,148.16666666666666,0.7717013888888888,591.0,768,0.76953125,9,0.046875,-0.04166666666666674,-0.03993055555555569,-0.0007515536927301669,0.00520833333333337,-0.02083333333333333,-0.03408006937418695,-0.021534903887845014,-0.018817748229512876
61003,R0,32,61003_t32,early,R4,8,D_H8,origin,duplicate_encoding,SYMBOLIC_FRESH,32,32,29,0.90625,3,0.09375,0,0.0,0,0.0,32,1.0,3,0.09375,35,1.09375,0,0.0,32.0,1.0,125.0,128,0.9765625,3,0.09375,-0.0625,0.03125,0.0,0.0078125,0.09375,0.0,0.09375,0.09375
61003,R0,32,61003_t32,early,R4,8,D_H8,origin,duplicate_encoding,IMAGE_CUE_FRESH,32,32,32,1.0,0,0.0,0,0.0,0,0.0,32,1.0,0,0.0,32,1.0,0,0.0,32.0,1.0,128.0,128,1.0,0,0.0,0.0,0.0,0.0,0.0,0.0,0.0,0.0,0.0
61003,R0,32,61003_t32,early,R4,8,D_H8,origin,cross_series,SYMBOLIC_FRESH,32,29,8,0.25,20,0.625,1,0.03125,3,0.09375,8,0.27586206896551724,22,0.7586206896551724,41,1.4137931034482758,6,0.20689655172413793,20.0,0.625,73.0,128,0.5703125,1,0.03125,0.0,0.02083333333333337,-0.06233421750663129,0.0390625,-0.03125,-0.03183023872679047,0.06631299734748008,0.06763925729442954
61003,R0,32,61003_t32,early,R4,8,D_H8,origin,cross_series,IMAGE_CUE_FRESH,32,32,31,0.96875,1,0.03125,0,0.0,0,0.0,31,0.96875,0,0.0,32,1.0,0,0.0,31.666666666666668,0.9895833333333334,127.0,128,0.9921875,0,0.0,-0.03125,-0.01041666666666663,0.0,-0.0078125,0.0,-0.03125,0.0,0.0
61003,R0,32,61003_t32,early,R4,8,D_H8,origin,trend,SYMBOLIC_FRESH,32,30,0,0.0,28,0.875,2,0.0625,2,0.0625,0,0.0,60,2.0,65,2.1666666666666665,1,0.03333333333333333,10.0,0.3125,30.0,128,0.234375,5,0.15625,0.0,-0.15625,0.002083333333333333,0.0546875,-0.1875,0.0,-0.28125,-0.17708333333333348
61003,R0,32,61003_t32,early,R4,8,D_H8,origin,trend,IMAGE_CUE_FRESH,32,32,19,0.59375,13,0.40625,0,0.0,0,0.0,19,0.59375,7,0.21875,27,0.84375,6,0.1875,22.5,0.703125,108.0,128,0.84375,0,0.0,-0.15625,-0.125,0.03125,-0.0625,0.0,-0.15625,0.09375,-0.03125
61003,R0,32,61003_t32,early,R4,32,D,origin,ALL,ALL,2304,2260,1777,0.7712673611111112,462,0.20052083333333334,21,0.009114583333333334,44,0.019097222222222224,1787,0.79070796460177,383,0.16946902654867257,2198,0.9725663716814159,227,0.10044247787610619,1969.6666666666667,0.8548900462962963,8184.0,9216,0.8880208333333334,36,0.015625,0.011284722222222321,0.00810185185185186,0.015553588987217301,0.007486979166666741,0.001302083333333334,0.005819075712881094,-0.008753195673549652,-0.01543362831858408
61003,R0,32,61003_t32,early,R4,32,D,origin,duplicate_encoding,SYMBOLIC_FRESH,384,384,379,0.9869791666666666,5,0.013020833333333334,0,0.0,0,0.0,379,0.9869791666666666,2,0.005208333333333333,381,0.9921875,3,0.0078125,379.0,0.9869791666666666,1529.0,1536,0.9954427083333334,0,0.0,-0.0026041666666667407,-0.00520833333333337,0.0078125,0.0013020833333333703,-0.0026041666666666665,-0.007798901218450838,-0.002624564838990426,-0.013034432114882533
61003,R0,32,61003_t32,early,R4,32,D,origin,duplicate_encoding,IMAGE_CUE_FRESH,384,384,384,1.0,0,0.0,0,0.0,0,0.0,384,1.0,0,0.0,384,1.0,0,0.0,384.0,1.0,1536.0,1536,1.0,0,0.0,0.0,0.0,0.0,0.0,0.0,0.0,0.0,0.0
61003,R0,32,61003_t32,early,R4,32,D,origin,cross_series,SYMBOLIC_FRESH,384,372,137,0.3567708333333333,217,0.5651041666666666,18,0.046875,12,0.03125,147,0.3951612903225806,96,0.25806451612903225,252,0.6774193548387096,153,0.4112903225806452,256.6666666666667,0.6684027777777778,1167.0,1536,0.759765625,0,0.0,0.01822916666666663,0.02430555555555558,0.04790234443856867,0.0234375,0.0,0.007183148246077908,-0.03974969152124097,-0.060285563194077296
61003,R0,32,61003_t32,early,R4,32,D,origin,cross_series,IMAGE_CUE_FRESH,384,384,384,1.0,0,0.0,0,0.0,0,0.0,384,1.0,0,0.0,384,1.0,0,0.0,384.0,1.0,1536.0,1536,1.0,0,0.0,0.01041666666666663,0.00347222222222221,0.0,0.0026041666666666297,0.0,0.00520833333333337,-0.005208333333333333,-0.005208333333333259
61003,R0,32,61003_t32,early,R4,32,D,origin,trend,SYMBOLIC_FRESH,384,352,125,0.3255208333333333,224,0.5833333333333334,3,0.0078125,32,0.08333333333333333,125,0.35511363636363635,285,0.8096590909090909,429,1.21875,55,0.15625,190.0,0.4947916666666667,896.0,1536,0.5833333333333334,36,0.09375,0.028645833333333315,0.015625,0.04163681948424068,0.013671875,0.010416666666666671,0.0284660718937223,-0.009825149778588171,-0.019072349570200542
61003,R0,32,61003_t32,early,R4,32,D,origin,trend,IMAGE_CUE_FRESH,384,384,368,0.9583333333333334,16,0.041666666666666664,0,0.0,0,0.0,368,0.9583333333333334,0,0.0,368,0.9583333333333334,16,0.041666666666666664,376.0,0.9791666666666666,1520.0,1536,0.9895833333333334,0,0.0,0.01302083333333337,0.01041666666666663,-0.005208333333333336,0.00390625,0.0,0.01302083333333337,-0.0026041666666666665,0.00520833333333337
61004,R1,32,61004_t32,early,R0,8,D_H8,origin,ALL,ALL,192,185,114,0.59375,70,0.3645833333333333,1,0.005208333333333333,7,0.036458333333333336,117,0.6324324324324324,107,0.5783783783783784,249,1.345945945945946,13,0.07027027027027027,152.33333333333334,0.7934027777777778,565.0,768,0.7356770833333334,19,0.09895833333333333,0.0,0.0,0.0,0.0,0.0,0.0,0.0,0.0
61004,R1,32,61004_t32,early,R0,8,D_H8,origin,duplicate_encoding,SYMBOLIC_FRESH,32,32,29,0.90625,3,0.09375,0,0.0,0,0.0,32,1.0,3,0.09375,35,1.09375,0,0.0,32.0,1.0,125.0,128,0.9765625,3,0.09375,0.0,0.0,0.0,0.0,0.0,0.0,0.0,0.0
61004,R1,32,61004_t32,early,R0,8,D_H8,origin,duplicate_encoding,IMAGE_CUE_FRESH,32,32,32,1.0,0,0.0,0,0.0,0,0.0,32,1.0,0,0.0,32,1.0,0,0.0,32.0,1.0,128.0,128,1.0,0,0.0,0.0,0.0,0.0,0.0,0.0,0.0,0.0,0.0
61004,R1,32,61004_t32,early,R0,8,D_H8,origin,cross_series,SYMBOLIC_FRESH,32,30,6,0.1875,23,0.71875,1,0.03125,2,0.0625,6,0.2,30,1.0,52,1.7333333333333334,6,0.2,21.333333333333332,0.6666666666666666,66.0,128,0.515625,4,0.125,0.0,0.0,0.0,0.0,0.0,0.0,0.0,0.0
61004,R1,32,61004_t32,early,R0,8,D_H8,origin,cross_series,IMAGE_CUE_FRESH,32,32,32,1.0,0,0.0,0,0.0,0,0.0,32,1.0,0,0.0,32,1.0,0,0.0,32.0,1.0,128.0,128,1.0,0,0.0,0.0,0.0,0.0,0.0,0.0,0.0,0.0,0.0
61004,R1,32,61004_t32,early,R0,8,D_H8,origin,trend,SYMBOLIC_FRESH,32,27,0,0.0,27,0.84375,0,0.0,5,0.15625,0,0.0,63,2.3333333333333335,71,2.6296296296296298,1,0.037037037037037035,15.5,0.484375,18.0,128,0.140625,11,0.34375,0.0,0.0,0.0,0.0,0.0,0.0,0.0,0.0
61004,R1,32,61004_t32,early,R0,8,D_H8,origin,trend,IMAGE_CUE_FRESH,32,32,15,0.46875,17,0.53125,0,0.0,0,0.0,15,0.46875,11,0.34375,27,0.84375,6,0.1875,19.5,0.609375,100.0,128,0.78125,1,0.03125,0.0,0.0,0.0,0.0,0.0,0.0,0.0,0.0
61004,R1,32,61004_t32,early,R0,32,D,origin,ALL,ALL,2304,2253,1752,0.7604166666666666,484,0.21006944444444445,17,0.007378472222222222,51,0.022135416666666668,1765,0.7833999112294718,407,0.18064802485574788,2205,0.9786950732356857,221,0.09809143364403018,1963.8333333333333,0.8523582175925926,8117.0,9216,0.8807508680555556,43,0.018663194444444444,0.0,0.0,0.0,0.0,0.0,0.0,0.0,0.0
61004,R1,32,61004_t32,early,R0,32,D,origin,duplicate_encoding,SYMBOLIC_FRESH,384,384,376,0.9791666666666666,8,0.020833333333333332,0,0.0,0,0.0,376,0.9791666666666666,3,0.0078125,380,0.9895833333333334,5,0.013020833333333334,376.0,0.9791666666666666,1525.0,1536,0.9928385416666666,0,0.0,0.0,0.0,0.0,0.0,0.0,0.0,0.0,0.0
61004,R1,32,61004_t32,early,R0,32,D,origin,duplicate_encoding,IMAGE_CUE_FRESH,384,384,384,1.0,0,0.0,0,0.0,0,0.0,384,1.0,0,0.0,384,1.0,0,0.0,384.0,1.0,1536.0,1536,1.0,0,0.0,0.0,0.0,0.0,0.0,0.0,0.0,0.0,0.0
61004,R1,32,61004_t32,early,R0,32,D,origin,cross_series,SYMBOLIC_FRESH,384,370,126,0.328125,229,0.5963541666666666,15,0.0390625,14,0.036458333333333336,139,0.37567567567567567,123,0.3324324324324324,276,0.745945945945946,139,0.37567567567567567,246.33333333333331,0.6414930555555555,1126.0,1536,0.7330729166666666,3,0.0078125,0.0,0.0,0.0,0.0,0.0,0.0,0.0,0.0
61004,R1,32,61004_t32,early,R0,32,D,origin,cross_series,IMAGE_CUE_FRESH,384,384,384,1.0,0,0.0,0,0.0,0,0.0,384,1.0,0,0.0,384,1.0,0,0.0,384.0,1.0,1536.0,1536,1.0,0,0.0,0.0,0.0,0.0,0.0,0.0,0.0,0.0,0.0
61004,R1,32,61004_t32,early,R0,32,D,origin,trend,SYMBOLIC_FRESH,384,347,126,0.328125,219,0.5703125,2,0.005208333333333333,37,0.09635416666666667,126,0.3631123919308357,280,0.8069164265129684,423,1.219020172910663,51,0.14697406340057637,204.5,0.5325520833333334,887.0,1536,0.5774739583333334,40,0.10416666666666667,0.0,0.0,0.0,0.0,0.0,0.0,0.0,0.0
61004,R1,32,61004_t32,early,R0,32,D,origin,trend,IMAGE_CUE_FRESH,384,384,356,0.9270833333333334,28,0.07291666666666667,0,0.0,0,0.0,356,0.9270833333333334,1,0.0026041666666666665,358,0.9322916666666666,26,0.06770833333333333,369.0,0.9609375,1507.0,1536,0.9811197916666666,0,0.0,0.0,0.0,0.0,0.0,0.0,0.0,0.0,0.0
61001,R0,96,61001_t96,late,R6,8,D_H8,origin,ALL,ALL,192,186,135,0.703125,51,0.265625,0,0.0,6,0.03125,135,0.7258064516129032,47,0.25268817204301075,182,0.978494623655914,22,0.11827956989247312,157.66666666666666,0.8211805555555555,646.0,768,0.8411458333333334,8,0.041666666666666664,-0.00520833333333337,0.0,0.010752688172043015,0.00520833333333337,0.0,-0.005376344086021501,-0.026881720430107503,-0.032258064516129004
61001,R0,96,61001_t96,late,R6,8,D_H8,origin,duplicate_encoding,SYMBOLIC_FRESH,32,32,32,1.0,0,0.0,0,0.0,0,0.0,32,1.0,0,0.0,32,1.0,0,0.0,32.0,1.0,128.0,128,1.0,0,0.0,0.0,0.0,0.0,0.0,0.0,0.0,0.0,0.0
61001,R0,96,61001_t96,late,R6,8,D_H8,origin,duplicate_encoding,IMAGE_CUE_FRESH,32,32,32,1.0,0,0.0,0,0.0,0,0.0,32,1.0,0,0.0,32,1.0,0,0.0,32.0,1.0,128.0,128,1.0,0,0.0,0.0,0.0,0.0,0.0,0.0,0.0,0.0,0.0
61001,R0,96,61001_t96,late,R6,8,D_H8,origin,cross_series,SYMBOLIC_FRESH,32,29,8,0.25,21,0.65625,0,0.0,3,0.09375,8,0.27586206896551724,4,0.13793103448275862,12,0.41379310344827586,17,0.5862068965517241,18.666666666666664,0.5833333333333333,91.0,128,0.7109375,0,0.0,0.0,0.0,0.0,0.0,0.0,0.0,0.0,0.0
61001,R0,96,61001_t96,late,R6,8,D_H8,origin,cross_series,IMAGE_CUE_FRESH,32,32,32,1.0,0,0.0,0,0.0,0,0.0,32,1.0,0,0.0,32,1.0,0,0.0,32.0,1.0,128.0,128,1.0,0,0.0,0.0,0.0,0.0,0.0,0.0,0.0,0.0,0.0
61001,R0,96,61001_t96,late,R6,8,D_H8,origin,trend,SYMBOLIC_FRESH,32,29,0,0.0,29,0.90625,0,0.0,3,0.09375,0,0.0,43,1.4827586206896552,43,1.4827586206896552,4,0.13793103448275862,11.5,0.359375,44.0,128,0.34375,8,0.25,0.0,0.015625,0.034482758620689655,0.0390625,0.0,0.0,-0.17241379310344818,-0.17241379310344818
61001,R0,96,61001_t96,late,R6,8,D_H8,origin,trend,IMAGE_CUE_FRESH,32,32,31,0.96875,1,0.03125,0,0.0,0,0.0,31,0.96875,0,0.0,31,0.96875,1,0.03125,31.5,0.984375,127.0,128,0.9921875,0,0.0,-0.03125,-0.015625,0.03125,-0.0078125,0.0,-0.03125,0.0,-0.03125
61001,R0,96,61001_t96,late,R6,32,D,origin,ALL,ALL,2304,2263,1811,0.7860243055555556,427,0.1853298611111111,25,0.010850694444444444,41,0.017795138888888888,1814,0.8015908086610694,352,0.15554573574900574,2182,0.964206805125939,228,0.10075121520106053,2037.3333333333333,0.8842592592592592,8251.0,9216,0.8952907986111112,48,0.020833333333333332,-0.0021701388888888395,0.00933159722222221,0.0026414042199624232,0.00575086805555558,0.0013020833333333322,-0.01839118953875063,0.025032684443875214,0.006961080553481769
61001,R0,96,61001_t96,late,R6,32,D,origin,duplicate_encoding,SYMBOLIC_FRESH,384,384,384,1.0,0,0.0,0,0.0,0,0.0,384,1.0,0,0.0,384,1.0,0,0.0,384.0,1.0,1536.0,1536,1.0,0,0.0,0.0,0.0,0.0,0.0,0.0,0.0,0.0,0.0
61001,R0,96,61001_t96,late,R6,32,D,origin,duplicate_encoding,IMAGE_CUE_FRESH,384,384,384,1.0,0,0.0,0,0.0,0,0.0,384,1.0,0,0.0,384,1.0,0,0.0,384.0,1.0,1536.0,1536,1.0,0,0.0,0.0,0.0,0.0,0.0,0.0,0.0,0.0,0.0
61001,R0,96,61001_t96,late,R6,32,D,origin,cross_series,SYMBOLIC_FRESH,384,379,147,0.3828125,210,0.546875,22,0.057291666666666664,5,0.013020833333333334,150,0.39577836411609496,60,0.158311345646438,210,0.554089709762533,181,0.47757255936675463,276.3333333333333,0.7196180555555555,1227.0,1536,0.798828125,0,0.0,-0.013020833333333315,0.0078125,0.0009885373281871557,0.01302083333333337,0.0,-0.03948334387288577,0.048118508180873265,0.008635164307987608
61001,R0,96,61001_t96,late,R6,32,D,origin,cross_series,IMAGE_CUE_FRESH,384,384,384,1.0,0,0.0,0,0.0,0,0.0,384,1.0,0,0.0,384,1.0,0,0.0,384.0,1.0,1536.0,1536,1.0,0,0.0,0.0,0.0,0.0,0.0,0.0,0.0,0.0,0.0
61001,R0,96,61001_t96,late,R6,32,D,origin,trend,SYMBOLIC_FRESH,384,348,128,0.3333333333333333,217,0.5651041666666666,3,0.0078125,36,0.09375,128,0.367816091954023,292,0.8390804597701149,436,1.2528735632183907,47,0.13505747126436782,225.0,0.5859375,880.0,1536,0.5729166666666666,48,0.125,0.0,0.04817708333333337,-0.00426141418454859,0.021484375,0.0078125,-0.02846873776733927,0.06508665172057926,0.03615529696452069
61001,R0,96,61001_t96,late,R6,32,D,origin,trend,IMAGE_CUE_FRESH,384,384,384,1.0,0,0.0,0,0.0,0,0.0,384,1.0,0,0.0,384,1.0,0,0.0,384.0,1.0,1536.0,1536,1.0,0,0.0,0.0,0.0,0.0,0.0,0.0,0.0,0.0,0.0
61001,R0,32,61001_t32,early,R2,8,D_H8,origin,ALL,ALL,192,188,124,0.6458333333333334,62,0.3229166666666667,2,0.010416666666666666,4,0.020833333333333332,125,0.6648936170212766,103,0.5478723404255319,251,1.3351063829787233,13,0.06914893617021277,158.83333333333334,0.8272569444444445,586.0,768,0.7630208333333334,17,0.08854166666666667,0.01041666666666674,0.02690972222222232,-0.0007435369480667947,0.0013020833333333703,0.0,-0.007149393731411546,0.020990619995424398,0.05016014641958355
61001,R0,32,61001_t32,early,R2,8,D_H8,origin,duplicate_encoding,SYMBOLIC_FRESH,32,32,31,0.96875,1,0.03125,0,0.0,0,0.0,32,1.0,1,0.03125,33,1.03125,0,0.0,32.0,1.0,127.0,128,0.9921875,1,0.03125,0.125,0.0625,-0.03125,0.0390625,-0.0625,0.0625,-0.09375,-0.0625
61001,R0,32,61001_t32,early,R2,8,D_H8,origin,duplicate_encoding,IMAGE_CUE_FRESH,32,32,32,1.0,0,0.0,0,0.0,0,0.0,32,1.0,0,0.0,32,1.0,0,0.0,32.0,1.0,128.0,128,1.0,0,0.0,0.0,0.0,0.0,0.0,0.0,0.0,0.0,0.0
61001,R0,32,61001_t32,early,R2,8,D_H8,origin,cross_series,SYMBOLIC_FRESH,32,28,8,0.25,20,0.625,0,0.0,4,0.125,8,0.2857142857142857,19,0.6785714285714286,41,1.4642857142857142,5,0.17857142857142858,19.0,0.59375,73.0,128,0.5703125,2,0.0625,0.03125,-0.05208333333333326,-0.08809523809523809,-0.015625,-0.03125,0.05238095238095236,-0.05476190476190468,0.13095238095238093
61001,R0,32,61001_t32,early,R2,8,D_H8,origin,cross_series,IMAGE_CUE_FRESH,32,32,31,0.96875,0,0.0,1,0.03125,0,0.0,31,0.96875,1,0.03125,33,1.03125,0,0.0,31.333333333333332,0.9791666666666666,126.0,128,0.984375,0,0.0,-0.03125,-0.02083333333333337,0.0,-0.015625,0.0,-0.03125,0.03125,0.03125
61001,R0,32,61001_t32,early,R2,8,D_H8,origin,trend,SYMBOLIC_FRESH,32,32,0,0.0,31,0.96875,1,0.03125,0,0.0,0,0.0,80,2.5,88,2.75,0,0.0,18.5,0.578125,16.0,128,0.125,14,0.4375,-0.03125,0.125,-0.03571428571428571,-0.03125,0.09375,-0.03571428571428571,0.17857142857142838,0.25
61001,R0,32,61001_t32,early,R2,8,D_H8,origin,trend,IMAGE_CUE_FRESH,32,32,22,0.6875,10,0.3125,0,0.0,0,0.0,22,0.6875,2,0.0625,24,0.75,8,0.25,26.0,0.8125,116.0,128,0.90625,0,0.0,-0.03125,0.046875,0.15625,0.03125,0.0,-0.03125,-0.15625,-0.1875
61001,R0,32,61001_t32,early,R2,32,D,origin,ALL,ALL,2304,2283,1741,0.7556423611111112,509,0.2209201388888889,33,0.014322916666666666,21,0.009114583333333334,1747,0.765221200175208,330,0.1445466491458607,2128,0.9321068769163382,236,0.10337275514673674,1928.1666666666667,0.8368778935185186,8266.0,9216,0.8969184027777778,21,0.009114583333333334,-0.0004340277777776791,0.0,-0.00699958527879517,0.00640190972222221,-0.002170138888888888,-0.007828445214862922,0.00935161368486781,-0.000960498970186574
61001,R0,32,61001_t32,early,R2,32,D,origin,duplicate_encoding,SYMBOLIC_FRESH,384,384,378,0.984375,6,0.015625,0,0.0,0,0.0,380,0.9895833333333334,3,0.0078125,383,0.9973958333333334,3,0.0078125,380.0,0.9895833333333334,1529.0,1536,0.9954427083333334,2,0.005208333333333333,0.015625,0.02083333333333337,-0.020833333333333332,0.00390625,0.005208333333333333,0.02083333333333337,0.005208333333333334,0.02604166666666674
61001,R0,32,61001_t32,early,R2,32,D,origin,duplicate_encoding,IMAGE_CUE_FRESH,384,384,384,1.0,0,0.0,0,0.0,0,0.0,384,1.0,0,0.0,384,1.0,0,0.0,384.0,1.0,1536.0,1536,1.0,0,0.0,0.0,0.0,0.0,0.0,0.0,0.0,0.0,0.0
61001,R0,32,61001_t32,early,R2,32,D,origin,cross_series,SYMBOLIC_FRESH,384,376,127,0.3307291666666667,225,0.5859375,24,0.0625,8,0.020833333333333332,131,0.3484042553191489,104,0.2765957446808511,250,0.6648936170212766,147,0.39095744680851063,241.66666666666666,0.6293402777777778,1155.0,1536,0.751953125,0,0.0,0.0078125,0.01302083333333337,-0.019014852360464463,0.01497395833333337,0.0,-0.0006262155949784964,0.06329934578888433,0.04162491896033471
61001,R0,32,61001_t32,early,R2,32,D,origin,cross_series,IMAGE_CUE_FRESH,384,384,384,1.0,0,0.0,0,0.0,0,0.0,384,1.0,0,0.0,384,1.0,0,0.0,384.0,1.0,1536.0,1536,1.0,0,0.0,0.0,0.0,0.0,0.0,0.0,0.0,0.0,0.0
61001,R0,32,61001_t32,early,R2,32,D,origin,trend,SYMBOLIC_FRESH,384,371,100,0.2604166666666667,262,0.6822916666666666,9,0.0234375,13,0.033854166666666664,100,0.2695417789757412,222,0.5983827493261455,358,0.9649595687331537,71,0.19137466307277629,163.0,0.4244791666666667,991.0,1536,0.6451822916666666,19,0.049479166666666664,-0.01822916666666663,-0.02994791666666663,-0.025895531913296133,0.021484375,-0.018229166666666664,-0.028508360300024793,-0.03114371306939767,-0.05732455382952051
61001,R0,32,61001_t32,early,R2,32,D,origin,trend,IMAGE_CUE_FRESH,384,384,368,0.9583333333333334,16,0.041666666666666664,0,0.0,0,0.0,368,0.9583333333333334,1,0.0026041666666666665,369,0.9609375,15,0.0390625,375.5,0.9778645833333334,1519.0,1536,0.9889322916666666,0,0.0,-0.0078125,-0.00390625,0.0078125,-0.001953125,0.0,-0.0078125,0.0,-0.0078125
61002,R1,96,61002_t96,late,R2,8,D_H8,origin,ALL,ALL,192,185,136,0.7083333333333334,49,0.2552083333333333,0,0.0,7,0.036458333333333336,136,0.7351351351351352,56,0.3027027027027027,192,1.037837837837838,19,0.10270270270270271,160.16666666666666,0.8342013888888888,635.0,768,0.8268229166666666,10,0.052083333333333336,0.0,-0.01041666666666663,0.005928509154315614,0.0013020833333332593,-0.015624999999999993,0.003952339436210428,-0.019877942458587594,-0.01592560302237711
61002,R1,96,61002_t96,late,R2,8,D_H8,origin,duplicate_encoding,SYMBOLIC_FRESH,32,32,32,1.0,0,0.0,0,0.0,0,0.0,32,1.0,0,0.0,32,1.0,0,0.0,32.0,1.0,128.0,128,1.0,0,0.0,0.0,0.0,0.0,0.0,0.0,0.0,0.0,0.0
61002,R1,96,61002_t96,late,R2,8,D_H8,origin,duplicate_encoding,IMAGE_CUE_FRESH,32,32,32,1.0,0,0.0,0,0.0,0,0.0,32,1.0,0,0.0,32,1.0,0,0.0,32.0,1.0,128.0,128,1.0,0,0.0,0.0,0.0,0.0,0.0,0.0,0.0,0.0,0.0
61002,R1,96,61002_t96,late,R2,8,D_H8,origin,cross_series,SYMBOLIC_FRESH,32,32,8,0.25,24,0.75,0,0.0,0,0.0,8,0.25,5,0.15625,13,0.40625,19,0.59375,18.666666666666664,0.5833333333333333,99.0,128,0.7734375,0,0.0,0.0,0.0,0.03125,0.015625,0.0,0.0,-0.0625,-0.0625
61002,R1,96,61002_t96,late,R2,8,D_H8,origin,cross_series,IMAGE_CUE_FRESH,32,32,32,1.0,0,0.0,0,0.0,0,0.0,32,1.0,0,0.0,32,1.0,0,0.0,32.0,1.0,128.0,128,1.0,0,0.0,0.0,0.0,0.0,0.0,0.0,0.0,0.0,0.0
61002,R1,96,61002_t96,late,R2,8,D_H8,origin,trend,SYMBOLIC_FRESH,32,25,0,0.0,25,0.78125,0,0.0,7,0.21875,0,0.0,51,2.04,51,2.04,0,0.0,13.5,0.421875,24.0,128,0.1875,10,0.3125,0.0,-0.0625,0.0,-0.0078125,-0.09375,0.0,0.0015384615384617106,0.0015384615384617106
61002,R1,96,61002_t96,late,R2,8,D_H8,origin,trend,IMAGE_CUE_FRESH,32,32,32,1.0,0,0.0,0,0.0,0,0.0,32,1.0,0,0.0,32,1.0,0,0.0,32.0,1.0,128.0,128,1.0,0,0.0,0.0,0.0,0.0,0.0,0.0,0.0,0.0,0.0
61002,R1,96,61002_t96,late,R2,32,D,origin,ALL,ALL,2304,2275,1810,0.7855902777777778,447,0.19401041666666666,18,0.0078125,29,0.012586805555555556,1811,0.7960439560439561,332,0.14593406593406594,2159,0.949010989010989,254,0.11164835164835164,2043.8333333333333,0.8870804398148148,8304.0,9216,0.9010416666666666,45,0.01953125,-0.00477430555555558,0.0060763888888888395,0.030062207619181172,0.02506510416666663,-0.008680555555555556,-0.033946928185761394,-0.004476143728650572,-0.03412483596622151
61002,R1,96,61002_t96,late,R2,32,D,origin,duplicate_encoding,SYMBOLIC_FRESH,384,384,384,1.0,0,0.0,0,0.0,0,0.0,384,1.0,0,0.0,384,1.0,0,0.0,384.0,1.0,1536.0,1536,1.0,0,0.0,0.0,0.0,0.0,0.0,0.0,0.0,0.0,0.0
61002,R1,96,61002_t96,late,R2,32,D,origin,duplicate_encoding,IMAGE_CUE_FRESH,384,384,384,1.0,0,0.0,0,0.0,0,0.0,384,1.0,0,0.0,384,1.0,0,0.0,384.0,1.0,1536.0,1536,1.0,0,0.0,0.0,0.0,0.0,0.0,0.0,0.0,0.0,0.0
61002,R1,96,61002_t96,late,R2,32,D,origin,cross_series,SYMBOLIC_FRESH,384,384,146,0.3802083333333333,220,0.5729166666666666,18,0.046875,0,0.0,147,0.3828125,73,0.19010416666666666,220,0.5729166666666666,179,0.4661458333333333,274.3333333333333,0.7144097222222222,1226.0,1536,0.7981770833333334,0,0.0,-0.01302083333333337,-0.0026041666666666297,-0.008384997765862379,0.0032552083333333703,0.0,-0.02201323726541554,0.05873687444146558,0.025999776586237644
61002,R1,96,61002_t96,late,R2,32,D,origin,cross_series,IMAGE_CUE_FRESH,384,384,384,1.0,0,0.0,0,0.0,0,0.0,384,1.0,0,0.0,384,1.0,0,0.0,384.0,1.0,1536.0,1536,1.0,0,0.0,0.0,0.0,0.0,0.0,0.0,0.0,0.0,0.0
61002,R1,96,61002_t96,late,R2,32,D,origin,trend,SYMBOLIC_FRESH,384,355,128,0.3333333333333333,227,0.5911458333333334,0,0.0,29,0.07552083333333333,128,0.36056338028169016,259,0.7295774647887324,403,1.1352112676056338,75,0.2112676056338028,233.5,0.6080729166666666,934.0,1536,0.6080729166666666,45,0.1171875,-0.015625,0.0390625,0.2042500617741537,0.14713541666666663,-0.05208333333333334,-0.10961205831480109,-0.2563874474919693,-0.32794662713120837
61002,R1,96,61002_t96,late,R2,32,D,origin,trend,IMAGE_CUE_FRESH,384,384,384,1.0,0,0.0,0,0.0,0,0.0,384,1.0,0,0.0,384,1.0,0,0.0,384.0,1.0,1536.0,1536,1.0,0,0.0,0.0,0.0,0.0,0.0,0.0,0.0,0.0,0.0
61004,R1,96,61004_t96,late,R5,8,D_H8,origin,ALL,ALL,192,189,135,0.703125,54,0.28125,0,0.0,3,0.015625,135,0.7142857142857143,55,0.291005291005291,190,1.0052910052910053,19,0.10052910052910052,159.66666666666666,0.8315972222222222,647.0,768,0.8424479166666666,8,0.041666666666666664,0.0,0.0,0.0,0.00911458333333326,0.0,0.0,-0.037037037037037035,-0.03703703703703698
61004,R1,96,61004_t96,late,R5,8,D_H8,origin,duplicate_encoding,SYMBOLIC_FRESH,32,32,32,1.0,0,0.0,0,0.0,0,0.0,32,1.0,0,0.0,32,1.0,0,0.0,32.0,1.0,128.0,128,1.0,0,0.0,0.0,0.0,0.0,0.0,0.0,0.0,0.0,0.0
61004,R1,96,61004_t96,late,R5,8,D_H8,origin,duplicate_encoding,IMAGE_CUE_FRESH,32,32,32,1.0,0,0.0,0,0.0,0,0.0,32,1.0,0,0.0,32,1.0,0,0.0,32.0,1.0,128.0,128,1.0,0,0.0,0.0,0.0,0.0,0.0,0.0,0.0,0.0,0.0
61004,R1,96,61004_t96,late,R5,8,D_H8,origin,cross_series,SYMBOLIC_FRESH,32,32,8,0.25,24,0.75,0,0.0,0,0.0,8,0.25,7,0.21875,15,0.46875,17,0.53125,18.666666666666664,0.5833333333333333,97.0,128,0.7578125,0,0.0,0.0,0.0,0.0,0.0,0.0,0.0,0.0,0.0
61004,R1,96,61004_t96,late,R5,8,D_H8,origin,cross_series,IMAGE_CUE_FRESH,32,32,32,1.0,0,0.0,0,0.0,0,0.0,32,1.0,0,0.0,32,1.0,0,0.0,32.0,1.0,128.0,128,1.0,0,0.0,0.0,0.0,0.0,0.0,0.0,0.0,0.0,0.0
61004,R1,96,61004_t96,late,R5,8,D_H8,origin,trend,SYMBOLIC_FRESH,32,29,0,0.0,29,0.90625,0,0.0,3,0.09375,0,0.0,48,1.6551724137931034,48,1.6551724137931034,1,0.034482758620689655,13.5,0.421875,39.0,128,0.3046875,8,0.25,0.0,0.0,0.0,0.0546875,0.0,0.0,-0.24137931034482762,-0.24137931034482762
61004,R1,96,61004_t96,late,R5,8,D_H8,origin,trend,IMAGE_CUE_FRESH,32,32,31,0.96875,1,0.03125,0,0.0,0,0.0,31,0.96875,0,0.0,31,0.96875,1,0.03125,31.5,0.984375,127.0,128,0.9921875,0,0.0,0.0,0.0,0.0,0.0,0.0,0.0,0.0,0.0
61004,R1,96,61004_t96,late,R5,32,D,origin,ALL,ALL,2304,2281,1807,0.7842881944444444,446,0.1935763888888889,28,0.012152777777777778,23,0.009982638888888888,1808,0.7926348092941692,359,0.15738711091626478,2187,0.958790004384042,223,0.09776413853572995,2023.8333333333333,0.8783998842592592,8292.0,9216,0.8997395833333334,45,0.01953125,-0.0013020833333333703,0.0060763888888888395,0.012152305277101524,0.01616753472222221,-0.00043402777777777624,-0.01955703292904909,-0.004871965730978617,-0.022832586382430353
61004,R1,96,61004_t96,late,R5,32,D,origin,duplicate_encoding,SYMBOLIC_FRESH,384,384,384,1.0,0,0.0,0,0.0,0,0.0,384,1.0,0,0.0,384,1.0,0,0.0,384.0,1.0,1536.0,1536,1.0,0,0.0,0.0,0.0,0.0,0.0,0.0,0.0,0.0,0.0
61004,R1,96,61004_t96,late,R5,32,D,origin,duplicate_encoding,IMAGE_CUE_FRESH,384,384,384,1.0,0,0.0,0,0.0,0,0.0,384,1.0,0,0.0,384,1.0,0,0.0,384.0,1.0,1536.0,1536,1.0,0,0.0,0.0,0.0,0.0,0.0,0.0,0.0,0.0,0.0
61004,R1,96,61004_t96,late,R5,32,D,origin,cross_series,SYMBOLIC_FRESH,384,382,143,0.3723958333333333,215,0.5598958333333334,24,0.0625,2,0.005208333333333333,144,0.3769633507853403,70,0.18324607329842932,218,0.5706806282722513,174,0.45549738219895286,266.3333333333333,0.6935763888888888,1220.0,1536,0.7942708333333334,0,0.0,-0.010416666666666685,-0.00520833333333337,-0.002174575473004814,0.0,0.0,-0.017216543394553863,0.01657940663176266,0.009834067425690485
61004,R1,96,61004_t96,late,R5,32,D,origin,cross_series,IMAGE_CUE_FRESH,384,384,384,1.0,0,0.0,0,0.0,0,0.0,384,1.0,0,0.0,384,1.0,0,0.0,384.0,1.0,1536.0,1536,1.0,0,0.0,0.0,0.0,0.0,0.0,0.0,0.0,0.0,0.0
61004,R1,96,61004_t96,late,R5,32,D,origin,trend,SYMBOLIC_FRESH,384,363,128,0.3333333333333333,231,0.6015625,4,0.010416666666666666,21,0.0546875,128,0.3526170798898072,289,0.7961432506887053,433,1.1928374655647382,49,0.1349862258953168,221.5,0.5768229166666666,928.0,1536,0.6041666666666666,45,0.1171875,0.0,0.04036458333333326,0.08135846564295088,0.09635416666666663,-0.0026041666666666713,-0.05116840906918335,-0.1470744149264367,-0.20463887512926804
61004,R1,96,61004_t96,late,R5,32,D,origin,trend,IMAGE_CUE_FRESH,384,384,384,1.0,0,0.0,0,0.0,0,0.0,384,1.0,0,0.0,384,1.0,0,0.0,384.0,1.0,1536.0,1536,1.0,0,0.0,0.0026041666666666297,0.0013020833333333703,-0.0026041666666666665,0.0006510416666666297,0.0,0.0026041666666666297,0.0,0.0026041666666666297
61003,R0,32,61003_t32,early,SAW_R4,8,D_H8,origin,ALL,ALL,192,187,119,0.6197916666666666,68,0.3541666666666667,0,0.0,5,0.026041666666666668,122,0.6524064171122995,107,0.5721925133689839,252,1.3475935828877006,19,0.10160427807486631,161.33333333333334,0.8402777777777778,576.0,768,0.75,23,0.11979166666666667,-0.04166666666666674,0.02864583333333326,0.03133400780459604,-0.01432291666666663,0.05208333333333334,-0.03408006937418695,0.058678999855470426,0.08813412342824112
61003,R0,32,61003_t32,early,SAW_R4,8,D_H8,origin,duplicate_encoding,SYMBOLIC_FRESH,32,32,29,0.90625,3,0.09375,0,0.0,0,0.0,32,1.0,3,0.09375,35,1.09375,0,0.0,32.0,1.0,125.0,128,0.9765625,3,0.09375,-0.0625,0.03125,0.0,0.0078125,0.09375,0.0,0.09375,0.09375
61003,R0,32,61003_t32,early,SAW_R4,8,D_H8,origin,duplicate_encoding,IMAGE_CUE_FRESH,32,32,32,1.0,0,0.0,0,0.0,0,0.0,32,1.0,0,0.0,32,1.0,0,0.0,32.0,1.0,128.0,128,1.0,0,0.0,0.0,0.0,0.0,0.0,0.0,0.0,0.0,0.0
61003,R0,32,61003_t32,early,SAW_R4,8,D_H8,origin,cross_series,SYMBOLIC_FRESH,32,31,7,0.21875,24,0.75,0,0.0,1,0.03125,7,0.22580645161290322,33,1.064516129032258,54,1.7419354838709677,10,0.3225806451612903,24.0,0.75,67.0,128,0.5234375,7,0.21875,-0.03125,0.14583333333333337,0.053349875930521096,-0.0078125,0.15625,-0.08188585607940449,0.3722084367245657,0.3957816377171215
61003,R0,32,61003_t32,early,SAW_R4,8,D_H8,origin,cross_series,IMAGE_CUE_FRESH,32,32,30,0.9375,2,0.0625,0,0.0,0,0.0,30,0.9375,0,0.0,32,1.0,0,0.0,31.333333333333332,0.9791666666666666,126.0,128,0.984375,0,0.0,-0.0625,-0.02083333333333337,0.0,-0.015625,0.0,-0.0625,0.0,0.0
61003,R0,32,61003_t32,early,SAW_R4,8,D_H8,origin,trend,SYMBOLIC_FRESH,32,28,0,0.0,28,0.875,0,0.0,4,0.125,0,0.0,68,2.4285714285714284,75,2.6785714285714284,1,0.03571428571428571,17.0,0.53125,16.0,128,0.125,13,0.40625,0.0,0.0625,0.004464285714285712,-0.0546875,0.0625,0.0,0.14732142857142838,0.3348214285714284
61003,R0,32,61003_t32,early,SAW_R4,8,D_H8,origin,trend,IMAGE_CUE_FRESH,32,32,21,0.65625,11,0.34375,0,0.0,0,0.0,21,0.65625,3,0.09375,24,0.75,8,0.25,25.0,0.78125,114.0,128,0.890625,0,0.0,-0.09375,-0.046875,0.09375,-0.015625,0.0,-0.09375,-0.03125,-0.125
61003,R0,32,61003_t32,early,SAW_R4,32,D,origin,ALL,ALL,2304,2245,1768,0.7673611111111112,450,0.1953125,27,0.01171875,59,0.025607638888888888,1784,0.7946547884187083,360,0.1603563474387528,2179,0.9706013363028954,222,0.09888641425389755,1977.3333333333333,0.8582175925925926,8159.0,9216,0.8853081597222222,39,0.016927083333333332,0.007378472222222321,0.01142939814814814,0.013997525365008659,0.00477430555555558,0.002604166666666666,0.009765899529819433,-0.017865874783469432,-0.017398663697104633
61003,R0,32,61003_t32,early,SAW_R4,32,D,origin,duplicate_encoding,SYMBOLIC_FRESH,384,384,382,0.9947916666666666,2,0.005208333333333333,0,0.0,0,0.0,383,0.9973958333333334,2,0.005208333333333333,385,1.0026041666666667,0,0.0,383.0,0.9973958333333334,1533.0,1536,0.998046875,1,0.0026041666666666665,0.005208333333333259,0.00520833333333337,0.0,0.00390625,0.0,0.002617765448215903,-0.002624564838990426,-0.002617765448215792
61003,R0,32,61003_t32,early,SAW_R4,32,D,origin,duplicate_encoding,IMAGE_CUE_FRESH,384,384,384,1.0,0,0.0,0,0.0,0,0.0,384,1.0,0,0.0,384,1.0,0,0.0,384.0,1.0,1536.0,1536,1.0,0,0.0,0.0,0.0,0.0,0.0,0.0,0.0,0.0,0.0
61003,R0,32,61003_t32,early,SAW_R4,32,D,origin,cross_series,SYMBOLIC_FRESH,384,376,133,0.3463541666666667,219,0.5703125,24,0.0625,8,0.020833333333333332,148,0.39361702127659576,95,0.2526595744680851,256,0.6808510638297872,152,0.40425531914893614,258.3333333333333,0.6727430555555555,1181.0,1536,0.7688802083333334,1,0.0026041666666666665,0.0078125,0.02864583333333326,0.040867341006859625,0.03255208333333337,0.0026041666666666665,0.005638879200093039,-0.0451546331821881,-0.05685385420299971
61003,R0,32,61003_t32,early,SAW_R4,32,D,origin,cross_series,IMAGE_CUE_FRESH,384,384,384,1.0,0,0.0,0,0.0,0,0.0,384,1.0,0,0.0,384,1.0,0,0.0,384.0,1.0,1536.0,1536,1.0,0,0.0,0.01041666666666663,0.00347222222222221,0.0,0.0026041666666666297,0.0,0.00520833333333337,-0.005208333333333333,-0.005208333333333259
61003,R0,32,61003_t32,early,SAW_R4,32,D,origin,trend,SYMBOLIC_FRESH,384,333,122,0.3177083333333333,208,0.5416666666666666,3,0.0078125,51,0.1328125,122,0.3663663663663664,262,0.7867867867867868,403,1.2102102102102101,52,0.15615615615615616,196.0,0.5104166666666666,859.0,1536,0.5592447916666666,37,0.09635416666666667,0.020833333333333315,0.031249999999999944,0.04154297564039684,-0.01041666666666674,0.013020833333333343,0.03971880189645233,-0.03269745390089229,-0.027612139359990406
61003,R0,32,61003_t32,early,SAW_R4,32,D,origin,trend,IMAGE_CUE_FRESH,384,384,363,0.9453125,21,0.0546875,0,0.0,0,0.0,363,0.9453125,1,0.0026041666666666665,367,0.9557291666666666,18,0.046875,372.0,0.96875,1514.0,1536,0.9856770833333334,0,0.0,0.0,0.0,0.0,0.0,0.0,0.0,0.0,0.0026041666666666297
61002,R1,96,61002_t96,late,R1,8,D_H8,origin,ALL,ALL,192,184,136,0.7083333333333334,48,0.25,0,0.0,8,0.041666666666666664,136,0.7391304347826086,57,0.30978260869565216,193,1.048913043478261,16,0.08695652173913043,160.16666666666666,0.8342013888888888,631.0,768,0.8216145833333334,9,0.046875,0.0,-0.01041666666666663,-0.009817671809256662,-0.00390625,-0.02083333333333333,0.0079476390836839,-0.012798036465638152,-0.00485039738195403
61002,R1,96,61002_t96,late,R1,8,D_H8,origin,duplicate_encoding,SYMBOLIC_FRESH,32,32,32,1.0,0,0.0,0,0.0,0,0.0,32,1.0,0,0.0,32,1.0,0,0.0,32.0,1.0,128.0,128,1.0,0,0.0,0.0,0.0,0.0,0.0,0.0,0.0,0.0,0.0
61002,R1,96,61002_t96,late,R1,8,D_H8,origin,duplicate_encoding,IMAGE_CUE_FRESH,32,32,32,1.0,0,0.0,0,0.0,0,0.0,32,1.0,0,0.0,32,1.0,0,0.0,32.0,1.0,128.0,128,1.0,0,0.0,0.0,0.0,0.0,0.0,0.0,0.0,0.0,0.0
61002,R1,96,61002_t96,late,R1,8,D_H8,origin,cross_series,SYMBOLIC_FRESH,32,32,8,0.25,24,0.75,0,0.0,0,0.0,8,0.25,8,0.25,16,0.5,16,0.5,18.666666666666664,0.5833333333333333,96.0,128,0.75,0,0.0,0.0,0.0,-0.0625,-0.0078125,0.0,0.0,0.03125,0.03125
61002,R1,96,61002_t96,late,R1,8,D_H8,origin,cross_series,IMAGE_CUE_FRESH,32,32,32,1.0,0,0.0,0,0.0,0,0.0,32,1.0,0,0.0,32,1.0,0,0.0,32.0,1.0,128.0,128,1.0,0,0.0,0.0,0.0,0.0,0.0,0.0,0.0,0.0,0.0
61002,R1,96,61002_t96,late,R1,8,D_H8,origin,trend,SYMBOLIC_FRESH,32,24,0,0.0,24,0.75,0,0.0,8,0.25,0,0.0,49,2.0416666666666665,49,2.0416666666666665,0,0.0,13.5,0.421875,23.0,128,0.1796875,9,0.28125,0.0,-0.0625,0.0,-0.015625,-0.125,0.0,0.0032051282051281937,0.0032051282051281937
61002,R1,96,61002_t96,late,R1,8,D_H8,origin,trend,IMAGE_CUE_FRESH,32,32,32,1.0,0,0.0,0,0.0,0,0.0,32,1.0,0,0.0,32,1.0,0,0.0,32.0,1.0,128.0,128,1.0,0,0.0,0.0,0.0,0.0,0.0,0.0,0.0,0.0,0.0
61002,R1,96,61002_t96,late,R1,32,D,origin,ALL,ALL,2304,2199,1814,0.7873263888888888,369,0.16015625,16,0.006944444444444444,105,0.045572916666666664,1814,0.8249204183719873,342,0.15552523874488403,2164,0.9840836743974534,191,0.08685766257389722,2031.3333333333333,0.8816550925925926,8069.0,9216,0.8755425347222222,68,0.029513888888888888,-0.003038194444444531,0.0006510416666666297,0.005271518544726753,-0.0004340277777777901,0.0013020833333333322,-0.005070465857730189,0.005115029082167516,0.0009478494202428411
61002,R1,96,61002_t96,late,R1,32,D,origin,duplicate_encoding,SYMBOLIC_FRESH,384,384,384,1.0,0,0.0,0,0.0,0,0.0,384,1.0,0,0.0,384,1.0,0,0.0,384.0,1.0,1536.0,1536,1.0,0,0.0,0.0,0.0,0.0,0.0,0.0,0.0,0.0,0.0
61002,R1,96,61002_t96,late,R1,32,D,origin,duplicate_encoding,IMAGE_CUE_FRESH,384,384,384,1.0,0,0.0,0,0.0,0,0.0,384,1.0,0,0.0,384,1.0,0,0.0,384.0,1.0,1536.0,1536,1.0,0,0.0,0.0,0.0,0.0,0.0,0.0,0.0,0.0,0.0
61002,R1,96,61002_t96,late,R1,32,D,origin,cross_series,SYMBOLIC_FRESH,384,372,147,0.3828125,209,0.5442708333333334,16,0.041666666666666664,12,0.03125,147,0.3951612903225806,50,0.13440860215053763,199,0.5349462365591398,184,0.4946236559139785,271.3333333333333,0.7065972222222222,1213.0,1536,0.7897135416666666,0,0.0,-0.010416666666666685,-0.01041666666666663,0.020092824814782806,-0.00520833333333337,0.0,-0.009664446942834914,0.0030413099253365494,-0.011970653521289232
61002,R1,96,61002_t96,late,R1,32,D,origin,cross_series,IMAGE_CUE_FRESH,384,384,384,1.0,0,0.0,0,0.0,0,0.0,384,1.0,0,0.0,384,1.0,0,0.0,384.0,1.0,1536.0,1536,1.0,0,0.0,0.0,0.0,0.0,0.0,0.0,0.0,0.0,0.0
61002,R1,96,61002_t96,late,R1,32,D,origin,trend,SYMBOLIC_FRESH,384,291,132,0.34375,159,0.4140625,0,0.0,93,0.2421875,132,0.4536082474226804,292,1.0034364261168385,430,1.47766323024055,6,0.020618556701030927,224.5,0.5846354166666666,713.0,1536,0.4641927083333333,68,0.17708333333333334,-0.005208333333333315,0.015625,0.013601012841381804,0.003255208333333315,0.0078125,-0.016567191173810836,0.017471513836136765,0.014505335503707695
61002,R1,96,61002_t96,late,R1,32,D,origin,trend,IMAGE_CUE_FRESH,384,384,383,0.9973958333333334,1,0.0026041666666666665,0,0.0,0,0.0,383,0.9973958333333334,0,0.0,383,0.9973958333333334,1,0.0026041666666666665,383.5,0.9986979166666666,1535.0,1536,0.9993489583333334,0,0.0,-0.0026041666666666297,-0.0013020833333333703,0.0026041666666666665,-0.0006510416666666297,0.0,-0.0026041666666666297,0.0,-0.0026041666666666297
61002,R1,96,61002_t96,late,GDPO_R4,8,D_H8,origin,ALL,ALL,192,186,136,0.7083333333333334,50,0.2604166666666667,0,0.0,6,0.03125,136,0.7311827956989247,51,0.27419354838709675,187,1.0053763440860215,20,0.10752688172043011,160.66666666666666,0.8368055555555555,643.0,768,0.8372395833333334,9,0.046875,0.0,-0.0078125,0.010752688172043015,0.01171875,-0.02083333333333333,0.0,-0.04838709677419356,-0.048387096774193505
61002,R1,96,61002_t96,late,GDPO_R4,8,D_H8,origin,duplicate_encoding,SYMBOLIC_FRESH,32,32,32,1.0,0,0.0,0,0.0,0,0.0,32,1.0,0,0.0,32,1.0,0,0.0,32.0,1.0,128.0,128,1.0,0,0.0,0.0,0.0,0.0,0.0,0.0,0.0,0.0,0.0
61002,R1,96,61002_t96,late,GDPO_R4,8,D_H8,origin,duplicate_encoding,IMAGE_CUE_FRESH,32,32,32,1.0,0,0.0,0,0.0,0,0.0,32,1.0,0,0.0,32,1.0,0,0.0,32.0,1.0,128.0,128,1.0,0,0.0,0.0,0.0,0.0,0.0,0.0,0.0,0.0,0.0
61002,R1,96,61002_t96,late,GDPO_R4,8,D_H8,origin,cross_series,SYMBOLIC_FRESH,32,32,8,0.25,24,0.75,0,0.0,0,0.0,8,0.25,7,0.21875,15,0.46875,17,0.53125,18.666666666666664,0.5833333333333333,97.0,128,0.7578125,0,0.0,0.0,0.0,-0.03125,0.0,0.0,0.0,0.0,0.0
61002,R1,96,61002_t96,late,GDPO_R4,8,D_H8,origin,cross_series,IMAGE_CUE_FRESH,32,32,32,1.0,0,0.0,0,0.0,0,0.0,32,1.0,0,0.0,32,1.0,0,0.0,32.0,1.0,128.0,128,1.0,0,0.0,0.0,0.0,0.0,0.0,0.0,0.0,0.0,0.0
61002,R1,96,61002_t96,late,GDPO_R4,8,D_H8,origin,trend,SYMBOLIC_FRESH,32,26,0,0.0,26,0.8125,0,0.0,6,0.1875,0,0.0,44,1.6923076923076923,44,1.6923076923076923,3,0.11538461538461539,14.0,0.4375,34.0,128,0.265625,9,0.28125,0.0,-0.046875,0.11538461538461539,0.0703125,-0.125,0.0,-0.34615384615384603,-0.34615384615384603
61002,R1,96,61002_t96,late,GDPO_R4,8,D_H8,origin,trend,IMAGE_CUE_FRESH,32,32,32,1.0,0,0.0,0,0.0,0,0.0,32,1.0,0,0.0,32,1.0,0,0.0,32.0,1.0,128.0,128,1.0,0,0.0,0.0,0.0,0.0,0.0,0.0,0.0,0.0,0.0
61002,R1,96,61002_t96,late,GDPO_R4,32,D,origin,ALL,ALL,2304,2236,1815,0.7877604166666666,405,0.17578125,16,0.006944444444444444,68,0.029513888888888888,1825,0.8161896243291592,358,0.16010733452593917,2199,0.9834525939177102,210,0.09391771019677997,2043.8333333333333,0.8870804398148148,8175.0,9216,0.8870442708333334,47,0.020399305555555556,-0.0026041666666667407,0.0060763888888888395,0.012331566167609498,0.01106770833333337,-0.0078125,-0.01380125990055825,0.009697124863222661,0.00031676894049970095
61002,R1,96,61002_t96,late,GDPO_R4,32,D,origin,duplicate_encoding,SYMBOLIC_FRESH,384,384,384,1.0,0,0.0,0,0.0,0,0.0,384,1.0,0,0.0,384,1.0,0,0.0,384.0,1.0,1536.0,1536,1.0,0,0.0,0.0,0.0,0.0,0.0,0.0,0.0,0.0,0.0
61002,R1,96,61002_t96,late,GDPO_R4,32,D,origin,duplicate_encoding,IMAGE_CUE_FRESH,384,384,384,1.0,0,0.0,0,0.0,0,0.0,384,1.0,0,0.0,384,1.0,0,0.0,384.0,1.0,1536.0,1536,1.0,0,0.0,0.0,0.0,0.0,0.0,0.0,0.0,0.0,0.0
61002,R1,96,61002_t96,late,GDPO_R4,32,D,origin,cross_series,SYMBOLIC_FRESH,384,371,151,0.3932291666666667,204,0.53125,16,0.041666666666666664,13,0.033854166666666664,161,0.4339622641509434,52,0.14016172506738545,213,0.5741239892183289,171,0.4609164420485175,275.3333333333333,0.7170138888888888,1222.0,1536,0.7955729166666666,0,0.0,0.0,0.0,-0.013614389050678188,0.0006510416666666297,0.0,0.02913652688552787,0.008794432842184369,0.02720709913789987
61002,R1,96,61002_t96,late,GDPO_R4,32,D,origin,cross_series,IMAGE_CUE_FRESH,384,384,384,1.0,0,0.0,0,0.0,0,0.0,384,1.0,0,0.0,384,1.0,0,0.0,384.0,1.0,1536.0,1536,1.0,0,0.0,0.0,0.0,0.0,0.0,0.0,0.0,0.0,0.0
61002,R1,96,61002_t96,late,GDPO_R4,32,D,origin,trend,SYMBOLIC_FRESH,384,329,128,0.3333333333333333,201,0.5234375,0,0.0,55,0.14322916666666666,128,0.3890577507598784,306,0.9300911854103343,450,1.3677811550151975,39,0.11854103343465046,232.5,0.60546875,809.0,1536,0.5266927083333334,47,0.12239583333333333,-0.015625,0.03645833333333337,0.11152348957500134,0.06575520833333337,-0.046875000000000014,-0.08111768783661283,-0.0558737268703674,-0.09537673972164473
61002,R1,96,61002_t96,late,GDPO_R4,32,D,origin,trend,IMAGE_CUE_FRESH,384,384,384,1.0,0,0.0,0,0.0,0,0.0,384,1.0,0,0.0,384,1.0,0,0.0,384.0,1.0,1536.0,1536,1.0,0,0.0,0.0,0.0,0.0,0.0,0.0,0.0,0.0,0.0
61003,R0,32,61003_t32,early,R2,8,D_H8,origin,ALL,ALL,192,189,122,0.6354166666666666,66,0.34375,1,0.005208333333333333,3,0.015625,125,0.6613756613756614,98,0.5185185185185185,235,1.2433862433862435,20,0.10582010582010581,158.83333333333334,0.8272569444444445,594.0,768,0.7734375,20,0.10416666666666667,-0.02604166666666674,0.015625,0.03554983554983554,0.00911458333333337,0.03645833333333334,-0.025110825110825075,0.005005005005005003,-0.01607321607321599
61003,R0,32,61003_t32,early,R2,8,D_H8,origin,duplicate_encoding,SYMBOLIC_FRESH,32,32,29,0.90625,3,0.09375,0,0.0,0,0.0,32,1.0,3,0.09375,35,1.09375,0,0.0,32.0,1.0,125.0,128,0.9765625,3,0.09375,-0.0625,0.03125,0.0,0.0078125,0.09375,0.0,0.09375,0.09375
61003,R0,32,61003_t32,early,R2,8,D_H8,origin,duplicate_encoding,IMAGE_CUE_FRESH,32,32,32,1.0,0,0.0,0,0.0,0,0.0,32,1.0,0,0.0,32,1.0,0,0.0,32.0,1.0,128.0,128,1.0,0,0.0,0.0,0.0,0.0,0.0,0.0,0.0,0.0,0.0
61003,R0,32,61003_t32,early,R2,8,D_H8,origin,cross_series,SYMBOLIC_FRESH,32,29,8,0.25,20,0.625,1,0.03125,3,0.09375,8,0.27586206896551724,15,0.5172413793103449,29,1.0,13,0.4482758620689655,21.333333333333332,0.6666666666666666,80.0,128,0.625,2,0.0625,0.0,0.0625,0.1790450928381963,0.09375,0.0,-0.03183023872679047,-0.17506631299734743,-0.34615384615384626
61003,R0,32,61003_t32,early,R2,8,D_H8,origin,cross_series,IMAGE_CUE_FRESH,32,32,32,1.0,0,0.0,0,0.0,0,0.0,32,1.0,0,0.0,32,1.0,0,0.0,32.0,1.0,128.0,128,1.0,0,0.0,0.0,0.0,0.0,0.0,0.0,0.0,0.0,0.0
61003,R0,32,61003_t32,early,R2,8,D_H8,origin,trend,SYMBOLIC_FRESH,32,32,0,0.0,32,1.0,0,0.0,0,0.0,0,0.0,75,2.34375,80,2.5,0,0.0,17.0,0.53125,21.0,128,0.1640625,15,0.46875,0.0,0.0625,-0.03125,-0.015625,0.125,0.0,0.0625,0.15625
61003,R0,32,61003_t32,early,R2,8,D_H8,origin,trend,IMAGE_CUE_FRESH,32,32,21,0.65625,11,0.34375,0,0.0,0,0.0,21,0.65625,5,0.15625,27,0.84375,7,0.21875,24.5,0.765625,112.0,128,0.875,0,0.0,-0.09375,-0.0625,0.0625,-0.03125,0.0,-0.09375,0.03125,-0.03125
61003,R0,32,61003_t32,early,R2,32,D,origin,ALL,ALL,2304,2288,1759,0.7634548611111112,499,0.2165798611111111,30,0.013020833333333334,16,0.006944444444444444,1768,0.7727272727272727,346,0.15122377622377622,2162,0.9449300699300699,246,0.10751748251748251,1949.0,0.8459201388888888,8286.0,9216,0.8990885416666666,28,0.012152777777777778,0.003472222222222321,-0.0008680555555555802,0.022628593628593624,0.0185546875,-0.002170138888888888,-0.012161616161616151,-0.026998445998446002,-0.043069930069930096
61003,R0,32,61003_t32,early,R2,32,D,origin,duplicate_encoding,SYMBOLIC_FRESH,384,384,379,0.9869791666666666,5,0.013020833333333334,0,0.0,0,0.0,381,0.9921875,3,0.0078125,385,1.0026041666666667,2,0.005208333333333333,381.0,0.9921875,1530.0,1536,0.99609375,2,0.005208333333333333,-0.0026041666666667407,0.0,0.005208333333333333,0.001953125,0.0026041666666666665,-0.0025905678851174674,-2.0398172323759026e-05,-0.002617765448215792
61003,R0,32,61003_t32,early,R2,32,D,origin,duplicate_encoding,IMAGE_CUE_FRESH,384,384,384,1.0,0,0.0,0,0.0,0,0.0,384,1.0,0,0.0,384,1.0,0,0.0,384.0,1.0,1536.0,1536,1.0,0,0.0,0.0,0.0,0.0,0.0,0.0,0.0,0.0,0.0
61003,R0,32,61003_t32,early,R2,32,D,origin,cross_series,SYMBOLIC_FRESH,384,376,129,0.3359375,225,0.5859375,22,0.057291666666666664,8,0.020833333333333332,136,0.3617021276595745,95,0.2526595744680851,251,0.6675531914893617,149,0.3962765957446808,248.0,0.6458333333333334,1169.0,1536,0.7610677083333334,0,0.0,-0.002604166666666685,0.0017361111111111605,0.03288861760260431,0.02473958333333337,0.0,-0.02627601441692823,-0.0451546331821881,-0.07015172654342527
61003,R0,32,61003_t32,early,R2,32,D,origin,cross_series,IMAGE_CUE_FRESH,384,384,384,1.0,0,0.0,0,0.0,0,0.0,384,1.0,0,0.0,384,1.0,0,0.0,384.0,1.0,1536.0,1536,1.0,0,0.0,0.01041666666666663,0.00347222222222221,0.0,0.0026041666666666297,0.0,0.00520833333333337,-0.005208333333333333,-0.005208333333333259
61003,R0,32,61003_t32,early,R2,32,D,origin,trend,SYMBOLIC_FRESH,384,376,115,0.2994791666666667,253,0.6588541666666666,8,0.020833333333333332,8,0.020833333333333332,115,0.3058510638297872,248,0.6595744680851063,390,1.0372340425531914,79,0.21010638297872342,176.0,0.4583333333333333,995.0,1536,0.6477864583333334,26,0.06770833333333333,0.002604166666666685,-0.02083333333333337,0.0954932024629641,0.078125,-0.015625,-0.020796500640126836,-0.15990977260257278,-0.20058830701700914
61003,R0,32,61003_t32,early,R2,32,D,origin,trend,IMAGE_CUE_FRESH,384,384,368,0.9583333333333334,16,0.041666666666666664,0,0.0,0,0.0,368,0.9583333333333334,0,0.0,368,0.9583333333333334,16,0.041666666666666664,376.0,0.9791666666666666,1520.0,1536,0.9895833333333334,0,0.0,0.01302083333333337,0.01041666666666663,-0.005208333333333336,0.00390625,0.0,0.01302083333333337,-0.0026041666666666665,0.00520833333333337
61003,R0,96,61003_t96,late,R5,8,D_H8,origin,ALL,ALL,192,189,135,0.703125,54,0.28125,0,0.0,3,0.015625,135,0.7142857142857143,62,0.328042328042328,197,1.0423280423280423,18,0.09523809523809523,159.66666666666666,0.8315972222222222,640.0,768,0.8333333333333334,8,0.041666666666666664,-0.00520833333333337,0.00520833333333337,0.00481256332320161,0.0026041666666667407,0.005208333333333329,-0.00911854103343468,-0.0017449060002251437,-0.010863447033659712
61003,R0,96,61003_t96,late,R5,8,D_H8,origin,duplicate_encoding,SYMBOLIC_FRESH,32,32,32,1.0,0,0.0,0,0.0,0,0.0,32,1.0,0,0.0,32,1.0,0,0.0,32.0,1.0,128.0,128,1.0,0,0.0,0.0,0.0,0.0,0.0,0.0,0.0,0.0,0.0
61003,R0,96,61003_t96,late,R5,8,D_H8,origin,duplicate_encoding,IMAGE_CUE_FRESH,32,32,32,1.0,0,0.0,0,0.0,0,0.0,32,1.0,0,0.0,32,1.0,0,0.0,32.0,1.0,128.0,128,1.0,0,0.0,0.0,0.0,0.0,0.0,0.0,0.0,0.0,0.0
61003,R0,96,61003_t96,late,R5,8,D_H8,origin,cross_series,SYMBOLIC_FRESH,32,32,8,0.25,24,0.75,0,0.0,0,0.0,8,0.25,8,0.25,16,0.5,17,0.53125,18.666666666666664,0.5833333333333333,96.0,128,0.75,0,0.0,0.0,0.0,-0.03541666666666665,0.0390625,0.0,-0.016666666666666663,0.016666666666666663,0.0
61003,R0,96,61003_t96,late,R5,8,D_H8,origin,cross_series,IMAGE_CUE_FRESH,32,32,32,1.0,0,0.0,0,0.0,0,0.0,32,1.0,0,0.0,32,1.0,0,0.0,32.0,1.0,128.0,128,1.0,0,0.0,0.0,0.0,0.0,0.0,0.0,0.0,0.0,0.0
61003,R0,96,61003_t96,late,R5,8,D_H8,origin,trend,SYMBOLIC_FRESH,32,29,0,0.0,29,0.90625,0,0.0,3,0.09375,0,0.0,54,1.8620689655172413,54,1.8620689655172413,0,0.0,13.5,0.421875,33.0,128,0.2578125,8,0.25,0.0,0.046875,0.0,-0.015625,0.03125,0.0,0.028735632183908066,0.028735632183908066
61003,R0,96,61003_t96,late,R5,8,D_H8,origin,trend,IMAGE_CUE_FRESH,32,32,31,0.96875,1,0.03125,0,0.0,0,0.0,31,0.96875,0,0.0,31,0.96875,1,0.03125,31.5,0.984375,127.0,128,0.9921875,0,0.0,-0.03125,-0.015625,0.03125,-0.0078125,0.0,-0.03125,0.0,-0.03125
61003,R0,96,61003_t96,late,R5,32,D,origin,ALL,ALL,2304,2286,1808,0.7847222222222222,453,0.19661458333333334,25,0.010850694444444444,18,0.0078125,1808,0.7909011373578303,303,0.1325459317585302,2128,0.9308836395450568,263,0.11504811898512686,2016.6666666666667,0.8752893518518519,8363.0,9216,0.9074435763888888,33,0.014322916666666666,0.0,-0.0012297453703703498,0.017986676420567643,0.01692708333333326,-0.005208333333333334,-0.014085505562917655,-0.018389063789110066,-0.032161774524399944
61003,R0,96,61003_t96,late,R5,32,D,origin,duplicate_encoding,SYMBOLIC_FRESH,384,384,384,1.0,0,0.0,0,0.0,0,0.0,384,1.0,0,0.0,384,1.0,0,0.0,384.0,1.0,1536.0,1536,1.0,0,0.0,0.0,0.0,0.0,0.0,0.0,0.0,0.0,0.0
61003,R0,96,61003_t96,late,R5,32,D,origin,duplicate_encoding,IMAGE_CUE_FRESH,384,384,384,1.0,0,0.0,0,0.0,0,0.0,384,1.0,0,0.0,384,1.0,0,0.0,384.0,1.0,1536.0,1536,1.0,0,0.0,0.0,0.0,0.0,0.0,0.0,0.0,0.0,0.0
61003,R0,96,61003_t96,late,R5,32,D,origin,cross_series,SYMBOLIC_FRESH,384,382,145,0.3776041666666667,218,0.5677083333333334,19,0.049479166666666664,2,0.005208333333333333,145,0.3795811518324607,71,0.18586387434554974,217,0.5680628272251309,178,0.46596858638743455,270.6666666666667,0.7048611111111112,1220.0,1536,0.7942708333333334,0,0.0,0.002604166666666685,0.00434027777777779,-0.0026178010471204494,0.0,0.0,0.002617801047120394,0.0026178010471204216,0.007853403141361293
61003,R0,96,61003_t96,late,R5,32,D,origin,cross_series,IMAGE_CUE_FRESH,384,384,384,1.0,0,0.0,0,0.0,0,0.0,384,1.0,0,0.0,384,1.0,0,0.0,384.0,1.0,1536.0,1536,1.0,0,0.0,0.0,0.0,0.0,0.0,0.0,0.0,0.0,0.0
61003,R0,96,61003_t96,late,R5,32,D,origin,trend,SYMBOLIC_FRESH,384,368,128,0.3333333333333333,234,0.609375,6,0.015625,16,0.041666666666666664,128,0.34782608695652173,232,0.6304347826086957,376,1.0217391304347827,84,0.22826086956521738,210.5,0.5481770833333334,1000.0,1536,0.6510416666666666,33,0.0859375,0.0,-0.01041666666666663,0.10935843054082714,0.10221354166666663,-0.03125,-0.042417815482502674,-0.18968716861081647,-0.23740721102863183
61003,R0,96,61003_t96,late,R5,32,D,origin,trend,IMAGE_CUE_FRESH,384,384,383,0.9973958333333334,1,0.0026041666666666665,0,0.0,0,0.0,383,0.9973958333333334,0,0.0,383,0.9973958333333334,1,0.0026041666666666665,383.5,0.9986979166666666,1535.0,1536,0.9993489583333334,0,0.0,-0.0026041666666666297,-0.0013020833333333703,0.0026041666666666665,-0.0006510416666666297,0.0,-0.0026041666666666297,0.0,-0.0026041666666666297
61001,R0,96,61001_t96,late,DIRECT_REPAIR_R4,8,D_H8,origin,ALL,ALL,192,191,136,0.7083333333333334,55,0.2864583333333333,0,0.0,1,0.005208333333333333,136,0.7120418848167539,49,0.25654450261780104,185,0.9685863874345549,24,0.1256544502617801,159.66666666666666,0.8315972222222222,660.0,768,0.859375,8,0.041666666666666664,0.0,0.01041666666666674,0.01812756854134999,0.0234375,0.0,-0.019140910882170847,-0.023025389855317213,-0.04216630073748806
61001,R0,96,61001_t96,late,DIRECT_REPAIR_R4,8,D_H8,origin,duplicate_encoding,SYMBOLIC_FRESH,32,32,32,1.0,0,0.0,0,0.0,0,0.0,32,1.0,0,0.0,32,1.0,0,0.0,32.0,1.0,128.0,128,1.0,0,0.0,0.0,0.0,0.0,0.0,0.0,0.0,0.0,0.0
61001,R0,96,61001_t96,late,DIRECT_REPAIR_R4,8,D_H8,origin,duplicate_encoding,IMAGE_CUE_FRESH,32,32,32,1.0,0,0.0,0,0.0,0,0.0,32,1.0,0,0.0,32,1.0,0,0.0,32.0,1.0,128.0,128,1.0,0,0.0,0.0,0.0,0.0,0.0,0.0,0.0,0.0,0.0
61001,R0,96,61001_t96,late,DIRECT_REPAIR_R4,8,D_H8,origin,cross_series,SYMBOLIC_FRESH,32,31,8,0.25,23,0.71875,0,0.0,1,0.03125,8,0.25806451612903225,7,0.22580645161290322,15,0.4838709677419355,16,0.5161290322580645,18.666666666666664,0.5833333333333333,94.0,128,0.734375,0,0.0,0.0,0.0,-0.07007786429365959,0.0234375,0.0,-0.017797552836484987,0.0878754171301446,0.07007786429365964
61001,R0,96,61001_t96,late,DIRECT_REPAIR_R4,8,D_H8,origin,cross_series,IMAGE_CUE_FRESH,32,32,32,1.0,0,0.0,0,0.0,0,0.0,32,1.0,0,0.0,32,1.0,0,0.0,32.0,1.0,128.0,128,1.0,0,0.0,0.0,0.0,0.0,0.0,0.0,0.0,0.0,0.0
61001,R0,96,61001_t96,late,DIRECT_REPAIR_R4,8,D_H8,origin,trend,SYMBOLIC_FRESH,32,32,0,0.0,32,1.0,0,0.0,0,0.0,0,0.0,42,1.3125,42,1.3125,8,0.25,13.0,0.40625,54.0,128,0.421875,8,0.25,0.0,0.0625,0.14655172413793105,0.1171875,0.0,0.0,-0.3426724137931034,-0.3426724137931034
61001,R0,96,61001_t96,late,DIRECT_REPAIR_R4,8,D_H8,origin,trend,IMAGE_CUE_FRESH,32,32,32,1.0,0,0.0,0,0.0,0,0.0,32,1.0,0,0.0,32,1.0,0,0.0,32.0,1.0,128.0,128,1.0,0,0.0,0.0,0.0,0.0,0.0,0.0,0.0,0.0,0.0
61001,R0,96,61001_t96,late,DIRECT_REPAIR_R4,32,D,origin,ALL,ALL,2304,2274,1816,0.7881944444444444,438,0.19010416666666666,20,0.008680555555555556,30,0.013020833333333334,1819,0.7999120492524187,284,0.1248900615655233,2110,0.9278803869832893,277,0.1218117854001759,2048.0,0.8888888888888888,8357.0,9216,0.9067925347222222,46,0.019965277777777776,0.0,0.01396122685185186,0.023701974419077787,0.01725260416666663,0.00043402777777777624,-0.020069948947401328,-0.005622989739607218,-0.029365337589167928
61001,R0,96,61001_t96,late,DIRECT_REPAIR_R4,32,D,origin,duplicate_encoding,SYMBOLIC_FRESH,384,384,384,1.0,0,0.0,0,0.0,0,0.0,384,1.0,0,0.0,384,1.0,0,0.0,384.0,1.0,1536.0,1536,1.0,0,0.0,0.0,0.0,0.0,0.0,0.0,0.0,0.0,0.0
61001,R0,96,61001_t96,late,DIRECT_REPAIR_R4,32,D,origin,duplicate_encoding,IMAGE_CUE_FRESH,384,384,384,1.0,0,0.0,0,0.0,0,0.0,384,1.0,0,0.0,384,1.0,0,0.0,384.0,1.0,1536.0,1536,1.0,0,0.0,0.0,0.0,0.0,0.0,0.0,0.0,0.0,0.0
61001,R0,96,61001_t96,late,DIRECT_REPAIR_R4,32,D,origin,cross_series,SYMBOLIC_FRESH,384,381,152,0.3958333333333333,211,0.5494791666666666,18,0.046875,3,0.0078125,155,0.4068241469816273,61,0.16010498687664043,216,0.5669291338582677,180,0.47244094488188976,281.0,0.7317708333333334,1237.0,1536,0.8053385416666666,0,0.0,0.0,0.0199652777777779,-0.004143077156677721,0.01953125,0.0,-0.02843756100735345,0.04991214941107569,0.021474588403722294
61001,R0,96,61001_t96,late,DIRECT_REPAIR_R4,32,D,origin,cross_series,IMAGE_CUE_FRESH,384,384,384,1.0,0,0.0,0,0.0,0,0.0,384,1.0,0,0.0,384,1.0,0,0.0,384.0,1.0,1536.0,1536,1.0,0,0.0,0.0,0.0,0.0,0.0,0.0,0.0,0.0,0.0
61001,R0,96,61001_t96,late,DIRECT_REPAIR_R4,32,D,origin,trend,SYMBOLIC_FRESH,384,357,128,0.3333333333333333,227,0.5911458333333334,2,0.005208333333333333,27,0.0703125,128,0.3585434173669468,223,0.6246498599439776,358,1.0028011204481793,97,0.27170868347338933,231.0,0.6015625,976.0,1536,0.6354166666666666,46,0.11979166666666667,0.0,0.06380208333333337,0.13238979802447293,0.083984375,0.0026041666666666713,-0.03774141235441547,-0.14934394810555807,-0.21391714580569077
61001,R0,96,61001_t96,late,DIRECT_REPAIR_R4,32,D,origin,trend,IMAGE_CUE_FRESH,384,384,384,1.0,0,0.0,0,0.0,0,0.0,384,1.0,0,0.0,384,1.0,0,0.0,384.0,1.0,1536.0,1536,1.0,0,0.0,0.0,0.0,0.0,0.0,0.0,0.0,0.0,0.0
61003,R0,96,61003_t96,late,R4,8,D_H8,origin,ALL,ALL,192,189,134,0.6979166666666666,55,0.2864583333333333,0,0.0,3,0.015625,134,0.708994708994709,57,0.30158730158730157,191,1.0105820105820107,20,0.10582010582010581,158.66666666666666,0.8263888888888888,644.0,768,0.8385416666666666,8,0.041666666666666664,-0.01041666666666674,0.0,0.015394573905212192,0.0078125,0.005208333333333329,-0.014409546324440026,-0.028199932455251597,-0.042609478779691345
61003,R0,96,61003_t96,late,R4,8,D_H8,origin,duplicate_encoding,SYMBOLIC_FRESH,32,32,32,1.0,0,0.0,0,0.0,0,0.0,32,1.0,0,0.0,32,1.0,0,0.0,32.0,1.0,128.0,128,1.0,0,0.0,0.0,0.0,0.0,0.0,0.0,0.0,0.0,0.0
61003,R0,96,61003_t96,late,R4,8,D_H8,origin,duplicate_encoding,IMAGE_CUE_FRESH,32,32,32,1.0,0,0.0,0,0.0,0,0.0,32,1.0,0,0.0,32,1.0,0,0.0,32.0,1.0,128.0,128,1.0,0,0.0,0.0,0.0,0.0,0.0,0.0,0.0,0.0,0.0
61003,R0,96,61003_t96,late,R4,8,D_H8,origin,cross_series,SYMBOLIC_FRESH,32,32,8,0.25,24,0.75,0,0.0,0,0.0,8,0.25,9,0.28125,17,0.53125,16,0.5,18.666666666666664,0.5833333333333333,95.0,128,0.7421875,0,0.0,0.0,0.0,-0.06666666666666665,0.03125,0.0,-0.016666666666666663,0.04791666666666666,0.03125
61003,R0,96,61003_t96,late,R4,8,D_H8,origin,cross_series,IMAGE_CUE_FRESH,32,32,32,1.0,0,0.0,0,0.0,0,0.0,32,1.0,0,0.0,32,1.0,0,0.0,32.0,1.0,128.0,128,1.0,0,0.0,0.0,0.0,0.0,0.0,0.0,0.0,0.0,0.0
61003,R0,96,61003_t96,late,R4,8,D_H8,origin,trend,SYMBOLIC_FRESH,32,29,0,0.0,29,0.90625,0,0.0,3,0.09375,0,0.0,48,1.6551724137931034,48,1.6551724137931034,2,0.06896551724137931,13.0,0.40625,39.0,128,0.3046875,8,0.25,0.0,0.03125,0.06896551724137931,0.03125,0.03125,0.0,-0.17816091954022983,-0.17816091954022983
61003,R0,96,61003_t96,late,R4,8,D_H8,origin,trend,IMAGE_CUE_FRESH,32,32,30,0.9375,2,0.0625,0,0.0,0,0.0,30,0.9375,0,0.0,30,0.9375,2,0.0625,31.0,0.96875,126.0,128,0.984375,0,0.0,-0.0625,-0.03125,0.0625,-0.015625,0.0,-0.0625,0.0,-0.0625
61003,R0,96,61003_t96,late,R4,32,D,origin,ALL,ALL,2304,2254,1808,0.7847222222222222,430,0.18663194444444445,16,0.006944444444444444,50,0.021701388888888888,1815,0.8052351375332741,439,0.1947648624667258,2283,1.012866015971606,179,0.07941437444543034,2037.0,0.8841145833333334,8138.0,9216,0.8830295138888888,56,0.024305555555555556,0.0,0.0075954861111111605,-0.017647068119128875,-0.007486979166666741,0.004774305555555556,0.00024849461252618443,0.04382986691908555,0.04982060190214932
61003,R0,96,61003_t96,late,R4,32,D,origin,duplicate_encoding,SYMBOLIC_FRESH,384,384,384,1.0,0,0.0,0,0.0,0,0.0,384,1.0,0,0.0,384,1.0,0,0.0,384.0,1.0,1536.0,1536,1.0,0,0.0,0.0,0.0,0.0,0.0,0.0,0.0,0.0,0.0
61003,R0,96,61003_t96,late,R4,32,D,origin,duplicate_encoding,IMAGE_CUE_FRESH,384,384,384,1.0,0,0.0,0,0.0,0,0.0,384,1.0,0,0.0,384,1.0,0,0.0,384.0,1.0,1536.0,1536,1.0,0,0.0,0.0,0.0,0.0,0.0,0.0,0.0,0.0,0.0
61003,R0,96,61003_t96,late,R4,32,D,origin,cross_series,SYMBOLIC_FRESH,384,378,143,0.3723958333333333,219,0.5703125,16,0.041666666666666664,6,0.015625,150,0.3968253968253968,72,0.19047619047619047,236,0.6243386243386243,166,0.43915343915343913,271.0,0.7057291666666666,1212.0,1536,0.7890625,0,0.0,-0.002604166666666685,0.005208333333333259,-0.029432948281115867,-0.00520833333333337,0.0,0.01986204604005648,0.007230117177761147,0.06412920025485469
61003,R0,96,61003_t96,late,R4,32,D,origin,cross_series,IMAGE_CUE_FRESH,384,384,384,1.0,0,0.0,0,0.0,0,0.0,384,1.0,0,0.0,384,1.0,0,0.0,384.0,1.0,1536.0,1536,1.0,0,0.0,0.0,0.0,0.0,0.0,0.0,0.0,0.0,0.0
61003,R0,96,61003_t96,late,R4,32,D,origin,trend,SYMBOLIC_FRESH,384,340,129,0.3359375,211,0.5494791666666666,0,0.0,44,0.11458333333333333,129,0.37941176470588234,367,1.0794117647058823,511,1.5029411764705882,13,0.03823529411764706,230.0,0.5989583333333334,782.0,1536,0.5091145833333334,56,0.14583333333333334,0.002604166666666685,0.04036458333333337,-0.08066714490674318,-0.03971354166666663,0.028645833333333343,-0.010832137733142067,0.25928981348637015,0.2437948350071737
61003,R0,96,61003_t96,late,R4,32,D,origin,trend,IMAGE_CUE_FRESH,384,384,384,1.0,0,0.0,0,0.0,0,0.0,384,1.0,0,0.0,384,1.0,0,0.0,384.0,1.0,1536.0,1536,1.0,0,0.0,0.0,0.0,0.0,0.0,0.0,0.0,0.0,0.0
61003,R0,96,61003_t96,late,R0,8,D_H8,origin,ALL,ALL,192,188,136,0.7083333333333334,52,0.2708333333333333,0,0.0,4,0.020833333333333332,136,0.723404255319149,62,0.32978723404255317,198,1.053191489361702,17,0.09042553191489362,158.66666666666666,0.8263888888888888,638.0,768,0.8307291666666666,7,0.036458333333333336,0.0,0.0,0.0,0.0,0.0,0.0,0.0,0.0
61003,R0,96,61003_t96,late,R0,8,D_H8,origin,duplicate_encoding,SYMBOLIC_FRESH,32,32,32,1.0,0,0.0,0,0.0,0,0.0,32,1.0,0,0.0,32,1.0,0,0.0,32.0,1.0,128.0,128,1.0,0,0.0,0.0,0.0,0.0,0.0,0.0,0.0,0.0,0.0
61003,R0,96,61003_t96,late,R0,8,D_H8,origin,duplicate_encoding,IMAGE_CUE_FRESH,32,32,32,1.0,0,0.0,0,0.0,0,0.0,32,1.0,0,0.0,32,1.0,0,0.0,32.0,1.0,128.0,128,1.0,0,0.0,0.0,0.0,0.0,0.0,0.0,0.0,0.0,0.0
61003,R0,96,61003_t96,late,R0,8,D_H8,origin,cross_series,SYMBOLIC_FRESH,32,30,8,0.25,22,0.6875,0,0.0,2,0.0625,8,0.26666666666666666,7,0.23333333333333334,15,0.5,17,0.5666666666666667,18.666666666666664,0.5833333333333333,91.0,128,0.7109375,0,0.0,0.0,0.0,0.0,0.0,0.0,0.0,0.0,0.0
61003,R0,96,61003_t96,late,R0,8,D_H8,origin,cross_series,IMAGE_CUE_FRESH,32,32,32,1.0,0,0.0,0,0.0,0,0.0,32,1.0,0,0.0,32,1.0,0,0.0,32.0,1.0,128.0,128,1.0,0,0.0,0.0,0.0,0.0,0.0,0.0,0.0,0.0,0.0
61003,R0,96,61003_t96,late,R0,8,D_H8,origin,trend,SYMBOLIC_FRESH,32,30,0,0.0,30,0.9375,0,0.0,2,0.0625,0,0.0,55,1.8333333333333333,55,1.8333333333333333,0,0.0,12.0,0.375,35.0,128,0.2734375,7,0.21875,0.0,0.0,0.0,0.0,0.0,0.0,0.0,0.0
61003,R0,96,61003_t96,late,R0,8,D_H8,origin,trend,IMAGE_CUE_FRESH,32,32,32,1.0,0,0.0,0,0.0,0,0.0,32,1.0,0,0.0,32,1.0,0,0.0,32.0,1.0,128.0,128,1.0,0,0.0,0.0,0.0,0.0,0.0,0.0,0.0,0.0,0.0
61003,R0,96,61003_t96,late,R0,32,D,origin,ALL,ALL,2304,2246,1808,0.7847222222222222,417,0.18098958333333334,21,0.009114583333333334,58,0.025173611111111112,1808,0.804986642920748,339,0.15093499554764025,2163,0.9630454140694568,218,0.09706144256455922,2019.5,0.8765190972222222,8207.0,9216,0.8905164930555556,45,0.01953125,0.0,0.0,0.0,0.0,0.0,0.0,0.0,0.0
61003,R0,96,61003_t96,late,R0,32,D,origin,duplicate_encoding,SYMBOLIC_FRESH,384,384,384,1.0,0,0.0,0,0.0,0,0.0,384,1.0,0,0.0,384,1.0,0,0.0,384.0,1.0,1536.0,1536,1.0,0,0.0,0.0,0.0,0.0,0.0,0.0,0.0,0.0,0.0
61003,R0,96,61003_t96,late,R0,32,D,origin,duplicate_encoding,IMAGE_CUE_FRESH,384,384,384,1.0,0,0.0,0,0.0,0,0.0,384,1.0,0,0.0,384,1.0,0,0.0,384.0,1.0,1536.0,1536,1.0,0,0.0,0.0,0.0,0.0,0.0,0.0,0.0,0.0,0.0
61003,R0,96,61003_t96,late,R0,32,D,origin,cross_series,SYMBOLIC_FRESH,384,382,144,0.375,217,0.5651041666666666,21,0.0546875,2,0.005208333333333333,144,0.3769633507853403,70,0.18324607329842932,214,0.5602094240837696,179,0.468586387434555,269.0,0.7005208333333334,1220.0,1536,0.7942708333333334,0,0.0,0.0,0.0,0.0,0.0,0.0,0.0,0.0,0.0
61003,R0,96,61003_t96,late,R0,32,D,origin,cross_series,IMAGE_CUE_FRESH,384,384,384,1.0,0,0.0,0,0.0,0,0.0,384,1.0,0,0.0,384,1.0,0,0.0,384.0,1.0,1536.0,1536,1.0,0,0.0,0.0,0.0,0.0,0.0,0.0,0.0,0.0,0.0
61003,R0,96,61003_t96,late,R0,32,D,origin,trend,SYMBOLIC_FRESH,384,328,128,0.3333333333333333,200,0.5208333333333334,0,0.0,56,0.14583333333333334,128,0.3902439024390244,269,0.8201219512195121,413,1.2591463414634145,39,0.11890243902439024,214.5,0.55859375,843.0,1536,0.548828125,45,0.1171875,0.0,0.0,0.0,0.0,0.0,0.0,0.0,0.0
61003,R0,96,61003_t96,late,R0,32,D,origin,trend,IMAGE_CUE_FRESH,384,384,384,1.0,0,0.0,0,0.0,0,0.0,384,1.0,0,0.0,384,1.0,0,0.0,384.0,1.0,1536.0,1536,1.0,0,0.0,0.0,0.0,0.0,0.0,0.0,0.0,0.0,0.0
61003,R0,32,61003_t32,early,R5,8,D_H8,origin,ALL,ALL,192,185,119,0.6197916666666666,66,0.34375,0,0.0,7,0.036458333333333336,122,0.6594594594594595,87,0.4702702702702703,227,1.227027027027027,19,0.10270270270270271,153.5,0.7994791666666666,590.0,768,0.7682291666666666,16,0.08333333333333333,-0.04166666666666674,-0.012152777777777901,0.032432432432432434,0.00390625,0.015625,-0.027027027027026973,-0.04324324324324319,-0.032432432432432545
61003,R0,32,61003_t32,early,R5,8,D_H8,origin,duplicate_encoding,SYMBOLIC_FRESH,32,31,28,0.875,3,0.09375,0,0.0,1,0.03125,30,0.967741935483871,2,0.06451612903225806,32,1.032258064516129,1,0.03225806451612903,30.0,0.9375,121.0,128,0.9453125,2,0.0625,-0.09375,-0.03125,0.03225806451612903,-0.0234375,0.0625,-0.032258064516129004,0.06451612903225806,0.032258064516129004
61003,R0,32,61003_t32,early,R5,8,D_H8,origin,duplicate_encoding,IMAGE_CUE_FRESH,32,32,32,1.0,0,0.0,0,0.0,0,0.0,32,1.0,0,0.0,32,1.0,0,0.0,32.0,1.0,128.0,128,1.0,0,0.0,0.0,0.0,0.0,0.0,0.0,0.0,0.0,0.0
61003,R0,32,61003_t32,early,R5,8,D_H8,origin,cross_series,SYMBOLIC_FRESH,32,29,6,0.1875,23,0.71875,0,0.0,3,0.09375,6,0.20689655172413793,15,0.5172413793103449,34,1.1724137931034482,10,0.3448275862068966,21.333333333333332,0.6666666666666666,78.0,128,0.609375,3,0.09375,-0.0625,0.0625,0.07559681697612736,0.078125,0.03125,-0.10079575596816978,-0.17506631299734743,-0.17374005305039808
61003,R0,32,61003_t32,early,R5,8,D_H8,origin,cross_series,IMAGE_CUE_FRESH,32,32,30,0.9375,2,0.0625,0,0.0,0,0.0,31,0.96875,1,0.03125,33,1.03125,0,0.0,30.666666666666668,0.9583333333333334,126.0,128,0.984375,0,0.0,-0.0625,-0.04166666666666663,0.0,-0.015625,0.0,-0.03125,0.03125,0.03125
61003,R0,32,61003_t32,early,R5,8,D_H8,origin,trend,SYMBOLIC_FRESH,32,29,0,0.0,29,0.90625,0,0.0,3,0.09375,0,0.0,65,2.2413793103448274,69,2.3793103448275863,1,0.034482758620689655,12.0,0.375,22.0,128,0.171875,10,0.3125,0.0,-0.09375,0.0032327586206896547,-0.0078125,-0.03125,0.0,-0.0398706896551726,0.0355603448275863
61003,R0,32,61003_t32,early,R5,8,D_H8,origin,trend,IMAGE_CUE_FRESH,32,32,23,0.71875,9,0.28125,0,0.0,0,0.0,23,0.71875,4,0.125,27,0.84375,7,0.21875,27.5,0.859375,115.0,128,0.8984375,1,0.03125,-0.03125,0.03125,0.0625,-0.0078125,0.03125,-0.03125,0.0,-0.03125
61003,R0,32,61003_t32,early,R5,32,D,origin,ALL,ALL,2304,2280,1755,0.76171875,499,0.2165798611111111,26,0.011284722222222222,24,0.010416666666666666,1764,0.7736842105263158,350,0.15350877192982457,2156,0.9456140350877194,244,0.10701754385964912,1950.1666666666667,0.8464265046296297,8254.0,9216,0.8956163194444444,20,0.008680555555555556,0.0017361111111111605,-0.0003616898148147696,0.022128654970760234,0.01508246527777779,-0.00564236111111111,-0.011204678362573106,-0.02471345029239766,-0.04238596491228064
61003,R0,32,61003_t32,early,R5,32,D,origin,duplicate_encoding,SYMBOLIC_FRESH,384,384,380,0.9895833333333334,4,0.010416666666666666,0,0.0,0,0.0,380,0.9895833333333334,0,0.0,380,0.9895833333333334,4,0.010416666666666666,380.0,0.9895833333333334,1532.0,1536,0.9973958333333334,0,0.0,0.0,-0.0026041666666666297,0.010416666666666666,0.0032552083333333703,-0.0026041666666666665,-0.005194734551784097,-0.007832898172323759,-0.015638598781549162
61003,R0,32,61003_t32,early,R5,32,D,origin,duplicate_encoding,IMAGE_CUE_FRESH,384,384,383,0.9973958333333334,1,0.0026041666666666665,0,0.0,0,0.0,383,0.9973958333333334,0,0.0,383,0.9973958333333334,1,0.0026041666666666665,383.0,0.9973958333333334,1535.0,1536,0.9993489583333334,0,0.0,-0.0026041666666666297,-0.0026041666666666297,0.0026041666666666665,-0.0006510416666666297,0.0,-0.0026041666666666297,0.0,-0.0026041666666666297
61003,R0,32,61003_t32,early,R5,32,D,origin,cross_series,SYMBOLIC_FRESH,384,373,134,0.3489583333333333,221,0.5755208333333334,18,0.046875,11,0.028645833333333332,142,0.3806970509383378,79,0.21179624664879357,228,0.6112600536193029,165,0.44235924932975873,260.0,0.6770833333333334,1182.0,1536,0.76953125,0,0.0,0.01041666666666663,0.03298611111111116,0.07897127118768221,0.033203125,0.0,-0.007281091138164941,-0.08601796100147965,-0.12644486441348401
61003,R0,32,61003_t32,early,R5,32,D,origin,cross_series,IMAGE_CUE_FRESH,384,384,383,0.9973958333333334,1,0.0026041666666666665,0,0.0,0,0.0,384,1.0,1,0.0026041666666666665,385,1.0026041666666667,0,0.0,383.6666666666667,0.9991319444444445,1535.0,1536,0.9993489583333334,0,0.0,0.0078125,0.0026041666666667407,0.0,0.001953125,0.0,0.00520833333333337,-0.0026041666666666665,-0.0026041666666665186
61003,R0,32,61003_t32,early,R5,32,D,origin,trend,SYMBOLIC_FRESH,384,371,109,0.2838541666666667,254,0.6614583333333334,8,0.020833333333333332,13,0.033854166666666664,109,0.29380053908355797,270,0.7277628032345014,414,1.1159029649595686,56,0.1509433962264151,168.5,0.4388020833333333,952.0,1536,0.6197916666666666,20,0.052083333333333336,-0.013020833333333315,-0.04036458333333337,0.03633021571065577,0.05013020833333326,-0.031249999999999993,-0.03284702538635609,-0.09172143745317773,-0.1219193846106319
61003,R0,32,61003_t32,early,R5,32,D,origin,trend,IMAGE_CUE_FRESH,384,384,366,0.953125,18,0.046875,0,0.0,0,0.0,366,0.953125,0,0.0,366,0.953125,18,0.046875,375.0,0.9765625,1518.0,1536,0.98828125,0,0.0,0.0078125,0.0078125,0.0,0.0026041666666666297,0.0,0.0078125,-0.0026041666666666665,0.0
61001,R0,96,61001_t96,late,R7,8,D_H8,origin,ALL,ALL,192,186,136,0.7083333333333334,50,0.2604166666666667,0,0.0,6,0.03125,136,0.7311827956989247,49,0.26344086021505375,185,0.9946236559139785,22,0.11827956989247312,157.66666666666666,0.8211805555555555,645.0,768,0.83984375,6,0.03125,0.0,0.0,0.010752688172043015,0.00390625,-0.010416666666666664,0.0,-0.016129032258064502,-0.016129032258064502
61001,R0,96,61001_t96,late,R7,8,D_H8,origin,duplicate_encoding,SYMBOLIC_FRESH,32,32,32,1.0,0,0.0,0,0.0,0,0.0,32,1.0,0,0.0,32,1.0,0,0.0,32.0,1.0,128.0,128,1.0,0,0.0,0.0,0.0,0.0,0.0,0.0,0.0,0.0,0.0
61001,R0,96,61001_t96,late,R7,8,D_H8,origin,duplicate_encoding,IMAGE_CUE_FRESH,32,32,32,1.0,0,0.0,0,0.0,0,0.0,32,1.0,0,0.0,32,1.0,0,0.0,32.0,1.0,128.0,128,1.0,0,0.0,0.0,0.0,0.0,0.0,0.0,0.0,0.0,0.0
61001,R0,96,61001_t96,late,R7,8,D_H8,origin,cross_series,SYMBOLIC_FRESH,32,30,8,0.25,22,0.6875,0,0.0,2,0.0625,8,0.26666666666666666,5,0.16666666666666666,13,0.43333333333333335,17,0.5666666666666667,18.666666666666664,0.5833333333333333,93.0,128,0.7265625,0,0.0,0.0,0.0,-0.019540229885057436,0.015625,0.0,-0.009195402298850575,0.02873563218390804,0.019540229885057492
61001,R0,96,61001_t96,late,R7,8,D_H8,origin,cross_series,IMAGE_CUE_FRESH,32,32,32,1.0,0,0.0,0,0.0,0,0.0,32,1.0,0,0.0,32,1.0,0,0.0,32.0,1.0,128.0,128,1.0,0,0.0,0.0,0.0,0.0,0.0,0.0,0.0,0.0,0.0
61001,R0,96,61001_t96,late,R7,8,D_H8,origin,trend,SYMBOLIC_FRESH,32,28,0,0.0,28,0.875,0,0.0,4,0.125,0,0.0,44,1.5714285714285714,44,1.5714285714285714,5,0.17857142857142858,11.0,0.34375,40.0,128,0.3125,6,0.1875,0.0,0.0,0.07512315270935961,0.0078125,-0.0625,0.0,-0.08374384236453203,-0.08374384236453203
61001,R0,96,61001_t96,late,R7,8,D_H8,origin,trend,IMAGE_CUE_FRESH,32,32,32,1.0,0,0.0,0,0.0,0,0.0,32,1.0,0,0.0,32,1.0,0,0.0,32.0,1.0,128.0,128,1.0,0,0.0,0.0,0.0,0.0,0.0,0.0,0.0,0.0,0.0
61001,R0,96,61001_t96,late,R7,32,D,origin,ALL,ALL,2304,2253,1812,0.7864583333333334,422,0.1831597222222222,19,0.008246527777777778,51,0.022135416666666668,1813,0.8047048379937861,364,0.1615623612960497,2193,0.9733688415446072,217,0.09631602308033733,2040.5,0.8856336805555556,8208.0,9216,0.890625,47,0.020399305555555556,-0.0017361111111110494,0.0107060185185186,-0.0017937879007607765,0.0010850694444444198,0.0008680555555555559,-0.015277160206033868,0.031049309990919177,0.016123116972149965
61001,R0,96,61001_t96,late,R7,32,D,origin,duplicate_encoding,SYMBOLIC_FRESH,384,384,384,1.0,0,0.0,0,0.0,0,0.0,384,1.0,0,0.0,384,1.0,0,0.0,384.0,1.0,1536.0,1536,1.0,0,0.0,0.0,0.0,0.0,0.0,0.0,0.0,0.0,0.0
61001,R0,96,61001_t96,late,R7,32,D,origin,duplicate_encoding,IMAGE_CUE_FRESH,384,384,384,1.0,0,0.0,0,0.0,0,0.0,384,1.0,0,0.0,384,1.0,0,0.0,384.0,1.0,1536.0,1536,1.0,0,0.0,0.0,0.0,0.0,0.0,0.0,0.0,0.0,0.0
61001,R0,96,61001_t96,late,R7,32,D,origin,cross_series,SYMBOLIC_FRESH,384,381,148,0.3854166666666667,214,0.5572916666666666,19,0.049479166666666664,3,0.0078125,149,0.3910761154855643,64,0.1679790026246719,213,0.5590551181102362,181,0.47506561679790027,278.0,0.7239583333333334,1228.0,1536,0.7994791666666666,0,0.0,-0.01041666666666663,0.012152777777777901,-0.0015184052406672088,0.013671875,0.0,-0.044185592503416415,0.05778616515910717,0.013600572655690812
61001,R0,96,61001_t96,late,R7,32,D,origin,cross_series,IMAGE_CUE_FRESH,384,384,384,1.0,0,0.0,0,0.0,0,0.0,384,1.0,0,0.0,384,1.0,0,0.0,384.0,1.0,1536.0,1536,1.0,0,0.0,0.0,0.0,0.0,0.0,0.0,0.0,0.0,0.0
61001,R0,96,61001_t96,late,R7,32,D,origin,trend,SYMBOLIC_FRESH,384,336,128,0.3333333333333333,208,0.5416666666666666,0,0.0,48,0.125,128,0.38095238095238093,300,0.8928571428571429,444,1.3214285714285714,36,0.10714285714285714,226.5,0.58984375,836.0,1536,0.5442708333333334,47,0.12239583333333333,0.0,0.05208333333333337,-0.03217602830605927,-0.007161458333333259,0.005208333333333329,-0.015332448768981322,0.11886333480760725,0.10471030517470137
61001,R0,96,61001_t96,late,R7,32,D,origin,trend,IMAGE_CUE_FRESH,384,384,384,1.0,0,0.0,0,0.0,0,0.0,384,1.0,0,0.0,384,1.0,0,0.0,384.0,1.0,1536.0,1536,1.0,0,0.0,0.0,0.0,0.0,0.0,0.0,0.0,0.0,0.0
61004,R1,96,61004_t96,late,SAW_R4,8,D_H8,origin,ALL,ALL,192,191,135,0.703125,56,0.2916666666666667,0,0.0,1,0.005208333333333333,135,0.7068062827225131,55,0.2879581151832461,190,0.9947643979057592,21,0.1099476439790576,159.16666666666666,0.8289930555555555,653.0,768,0.8502604166666666,8,0.041666666666666664,0.0,-0.0026041666666667407,0.009418543449957073,0.01692708333333326,0.0,-0.007479431563201189,-0.040084212859081925,-0.04756364442228311
61004,R1,96,61004_t96,late,SAW_R4,8,D_H8,origin,duplicate_encoding,SYMBOLIC_FRESH,32,32,32,1.0,0,0.0,0,0.0,0,0.0,32,1.0,0,0.0,32,1.0,0,0.0,32.0,1.0,128.0,128,1.0,0,0.0,0.0,0.0,0.0,0.0,0.0,0.0,0.0,0.0
61004,R1,96,61004_t96,late,SAW_R4,8,D_H8,origin,duplicate_encoding,IMAGE_CUE_FRESH,32,32,32,1.0,0,0.0,0,0.0,0,0.0,32,1.0,0,0.0,32,1.0,0,0.0,32.0,1.0,128.0,128,1.0,0,0.0,0.0,0.0,0.0,0.0,0.0,0.0,0.0,0.0
61004,R1,96,61004_t96,late,SAW_R4,8,D_H8,origin,cross_series,SYMBOLIC_FRESH,32,32,8,0.25,24,0.75,0,0.0,0,0.0,8,0.25,6,0.1875,14,0.4375,18,0.5625,18.666666666666664,0.5833333333333333,98.0,128,0.765625,0,0.0,0.0,0.0,0.03125,0.0078125,0.0,0.0,-0.03125,-0.03125
61004,R1,96,61004_t96,late,SAW_R4,8,D_H8,origin,cross_series,IMAGE_CUE_FRESH,32,32,32,1.0,0,0.0,0,0.0,0,0.0,32,1.0,0,0.0,32,1.0,0,0.0,32.0,1.0,128.0,128,1.0,0,0.0,0.0,0.0,0.0,0.0,0.0,0.0,0.0,0.0
61004,R1,96,61004_t96,late,SAW_R4,8,D_H8,origin,trend,SYMBOLIC_FRESH,32,31,0,0.0,31,0.96875,0,0.0,1,0.03125,0,0.0,49,1.5806451612903225,49,1.5806451612903225,2,0.06451612903225806,13.0,0.40625,44.0,128,0.34375,8,0.25,0.0,-0.015625,0.030033370411568408,0.09375,0.0,0.0,-0.31590656284760854,-0.31590656284760854
61004,R1,96,61004_t96,late,SAW_R4,8,D_H8,origin,trend,IMAGE_CUE_FRESH,32,32,31,0.96875,1,0.03125,0,0.0,0,0.0,31,0.96875,0,0.0,31,0.96875,1,0.03125,31.5,0.984375,127.0,128,0.9921875,0,0.0,0.0,0.0,0.0,0.0,0.0,0.0,0.0,0.0
61004,R1,96,61004_t96,late,SAW_R4,32,D,origin,ALL,ALL,2304,2253,1813,0.7868923611111112,421,0.18272569444444445,19,0.008246527777777778,51,0.022135416666666668,1815,0.8055925432756325,444,0.1970705725699068,2277,1.0106524633821572,190,0.08433200177541056,2040.8333333333333,0.8857783564814814,8130.0,9216,0.8821614583333334,59,0.025607638888888888,0.0013020833333333703,0.01345486111111105,-0.0012798314832178637,-0.0014105902777777901,0.005642361111111112,-0.006599298947585819,0.03481149592266339,0.029029872615684793
61004,R1,96,61004_t96,late,SAW_R4,32,D,origin,duplicate_encoding,SYMBOLIC_FRESH,384,384,384,1.0,0,0.0,0,0.0,0,0.0,384,1.0,0,0.0,384,1.0,0,0.0,384.0,1.0,1536.0,1536,1.0,0,0.0,0.0,0.0,0.0,0.0,0.0,0.0,0.0,0.0
61004,R1,96,61004_t96,late,SAW_R4,32,D,origin,duplicate_encoding,IMAGE_CUE_FRESH,384,384,384,1.0,0,0.0,0,0.0,0,0.0,384,1.0,0,0.0,384,1.0,0,0.0,384.0,1.0,1536.0,1536,1.0,0,0.0,0.0,0.0,0.0,0.0,0.0,0.0,0.0,0.0
61004,R1,96,61004_t96,late,SAW_R4,32,D,origin,cross_series,SYMBOLIC_FRESH,384,383,146,0.3802083333333333,220,0.5729166666666666,17,0.044270833333333336,1,0.0026041666666666665,148,0.38642297650130547,93,0.24281984334203655,247,0.6449086161879896,170,0.44386422976501305,272.3333333333333,0.7092013888888888,1204.0,1536,0.7838541666666666,0,0.0,-0.002604166666666685,0.01041666666666663,-0.013807727906944622,-0.01041666666666674,0.0,-0.007756917678588715,0.07615317667536989,0.08406205534142874
61004,R1,96,61004_t96,late,SAW_R4,32,D,origin,cross_series,IMAGE_CUE_FRESH,384,384,384,1.0,0,0.0,0,0.0,0,0.0,384,1.0,0,0.0,384,1.0,0,0.0,384.0,1.0,1536.0,1536,1.0,0,0.0,0.0,0.0,0.0,0.0,0.0,0.0,0.0,0.0
61004,R1,96,61004_t96,late,SAW_R4,32,D,origin,trend,SYMBOLIC_FRESH,384,334,132,0.34375,200,0.5208333333333334,2,0.005208333333333333,50,0.13020833333333334,132,0.39520958083832336,351,1.0508982035928143,495,1.4820359281437125,19,0.05688622754491018,233.0,0.6067708333333334,783.0,1536,0.509765625,59,0.15364583333333334,0.010416666666666685,0.0703125,0.0032584672925442468,0.001953125,0.03385416666666667,-0.008575908120667164,0.1076805379776723,0.08455958744970626
61004,R1,96,61004_t96,late,SAW_R4,32,D,origin,trend,IMAGE_CUE_FRESH,384,384,383,0.9973958333333334,1,0.0026041666666666665,0,0.0,0,0.0,383,0.9973958333333334,0,0.0,383,0.9973958333333334,1,0.0026041666666666665,383.5,0.9986979166666666,1535.0,1536,0.9993489583333334,0,0.0,0.0,0.0,0.0,0.0,0.0,0.0,0.0,0.0
61001,R0,32,61001_t32,early,R3,8,D_H8,origin,ALL,ALL,192,187,117,0.609375,70,0.3645833333333333,0,0.0,5,0.026041666666666668,119,0.6363636363636364,103,0.5508021390374331,239,1.2780748663101604,16,0.0855614973262032,154.66666666666666,0.8055555555555555,577.0,768,0.7513020833333334,21,0.109375,-0.02604166666666663,0.005208333333333259,0.01566902420792364,-0.01041666666666663,0.02083333333333333,-0.03567937438905178,0.023920418607325633,-0.006871370248979325
61001,R0,32,61001_t32,early,R3,8,D_H8,origin,duplicate_encoding,SYMBOLIC_FRESH,32,32,29,0.90625,3,0.09375,0,0.0,0,0.0,31,0.96875,3,0.09375,34,1.0625,0,0.0,31.0,0.96875,124.0,128,0.96875,2,0.0625,0.0625,0.03125,-0.03125,0.015625,-0.03125,0.03125,-0.03125,-0.03125
61001,R0,32,61001_t32,early,R3,8,D_H8,origin,duplicate_encoding,IMAGE_CUE_FRESH,32,31,31,0.96875,0,0.0,0,0.0,1,0.03125,31,1.0,0,0.0,31,1.0,0,0.0,31.0,0.96875,124.0,128,0.96875,0,0.0,-0.03125,-0.03125,0.0,-0.03125,0.0,0.0,0.0,0.0
61001,R0,32,61001_t32,early,R3,8,D_H8,origin,cross_series,SYMBOLIC_FRESH,32,30,7,0.21875,23,0.71875,0,0.0,2,0.0625,7,0.23333333333333334,22,0.7333333333333333,41,1.3666666666666667,9,0.3,21.666666666666664,0.6770833333333333,75.0,128,0.5859375,4,0.125,0.0,0.03125,0.033333333333333326,0.0,0.03125,0.0,0.0,0.03333333333333344
61001,R0,32,61001_t32,early,R3,8,D_H8,origin,cross_series,IMAGE_CUE_FRESH,32,32,32,1.0,0,0.0,0,0.0,0,0.0,32,1.0,0,0.0,32,1.0,0,0.0,32.0,1.0,128.0,128,1.0,0,0.0,0.0,0.0,0.0,0.0,0.0,0.0,0.0,0.0
61001,R0,32,61001_t32,early,R3,8,D_H8,origin,trend,SYMBOLIC_FRESH,32,30,0,0.0,30,0.9375,0,0.0,2,0.0625,0,0.0,70,2.3333333333333335,75,2.5,0,0.0,16.5,0.515625,20.0,128,0.15625,14,0.4375,-0.03125,0.0625,-0.03571428571428571,0.0,0.09375,-0.03571428571428571,0.011904761904761862,0.0
61001,R0,32,61001_t32,early,R3,8,D_H8,origin,trend,IMAGE_CUE_FRESH,32,32,18,0.5625,14,0.4375,0,0.0,0,0.0,18,0.5625,8,0.25,26,0.8125,7,0.21875,22.5,0.703125,106.0,128,0.828125,1,0.03125,-0.15625,-0.0625,0.125,-0.046875,0.03125,-0.15625,0.03125,-0.125
61001,R0,32,61001_t32,early,R3,32,D,origin,ALL,ALL,2304,2237,1776,0.7708333333333334,435,0.18880208333333334,26,0.011284722222222222,67,0.029079861111111112,1785,0.7979436745641484,373,0.1667411712114439,2197,0.9821189092534645,208,0.0929816718819848,1986.1666666666667,0.8620515046296297,8123.0,9216,0.8814019097222222,48,0.020833333333333332,0.01475694444444453,0.02517361111111105,-0.017390668543547108,-0.00911458333333337,0.00954861111111111,0.02489402917407746,0.03154613575045101,0.04905153336693968
61001,R0,32,61001_t32,early,R3,32,D,origin,duplicate_encoding,SYMBOLIC_FRESH,384,384,379,0.9869791666666666,5,0.013020833333333334,0,0.0,0,0.0,380,0.9895833333333334,3,0.0078125,383,0.9973958333333334,2,0.005208333333333333,380.0,0.9895833333333334,1529.0,1536,0.9954427083333334,1,0.0026041666666666665,0.01822916666666663,0.02083333333333337,-0.0234375,0.00390625,0.0026041666666666665,0.02083333333333337,0.005208333333333334,0.02604166666666674
61001,R0,32,61001_t32,early,R3,32,D,origin,duplicate_encoding,IMAGE_CUE_FRESH,384,384,384,1.0,0,0.0,0,0.0,0,0.0,384,1.0,0,0.0,384,1.0,0,0.0,384.0,1.0,1536.0,1536,1.0,0,0.0,0.0,0.0,0.0,0.0,0.0,0.0,0.0,0.0
61001,R0,32,61001_t32,early,R3,32,D,origin,cross_series,SYMBOLIC_FRESH,384,370,140,0.3645833333333333,205,0.5338541666666666,25,0.06510416666666667,14,0.036458333333333336,148,0.4,91,0.24594594594594596,257,0.6945945945945946,149,0.4027027027027027,261.6666666666667,0.6814236111111112,1167.0,1536,0.759765625,1,0.0026041666666666665,0.04166666666666663,0.06510416666666674,-0.007269596466272399,0.02278645833333337,0.0026041666666666665,0.0509695290858726,0.03264954705397921,0.07132589653365273
61001,R0,32,61001_t32,early,R3,32,D,origin,cross_series,IMAGE_CUE_FRESH,384,384,384,1.0,0,0.0,0,0.0,0,0.0,384,1.0,0,0.0,384,1.0,0,0.0,384.0,1.0,1536.0,1536,1.0,0,0.0,0.0,0.0,0.0,0.0,0.0,0.0,0.0,0.0
61001,R0,32,61001_t32,early,R3,32,D,origin,trend,SYMBOLIC_FRESH,384,333,123,0.3203125,209,0.5442708333333334,1,0.0026041666666666665,51,0.1328125,123,0.36936936936936937,278,0.8348348348348348,422,1.2672672672672673,42,0.12612612612612611,203.0,0.5286458333333334,844.0,1536,0.5494791666666666,46,0.11979166666666667,0.041666666666666685,0.07421875000000006,-0.0911440688599463,-0.07421875,0.05208333333333334,0.07131923009360336,0.20530837243929156,0.24498314470459315
61001,R0,32,61001_t32,early,R3,32,D,origin,trend,IMAGE_CUE_FRESH,384,382,366,0.953125,16,0.041666666666666664,0,0.0,2,0.005208333333333333,366,0.9581151832460733,1,0.002617801047120419,367,0.9607329842931938,15,0.03926701570680628,373.5,0.97265625,1511.0,1536,0.9837239583333334,0,0.0,-0.01302083333333337,-0.00911458333333337,0.008017015706806283,-0.007161458333333259,0.0,-0.008030650087260116,1.3634380453752485e-05,-0.008017015706806241
61002,R1,96,61002_t96,late,SAW_R4,8,D_H8,origin,ALL,ALL,192,187,136,0.7083333333333334,51,0.265625,0,0.0,5,0.026041666666666668,136,0.7272727272727273,58,0.31016042780748665,194,1.0374331550802138,18,0.0962566844919786,158.16666666666666,0.8237847222222222,639.0,768,0.83203125,8,0.041666666666666664,0.0,-0.02083333333333326,-0.0005175090564084883,0.00651041666666663,-0.026041666666666664,-0.003910068426197455,-0.012420217353803664,-0.016330285780001175
61002,R1,96,61002_t96,late,SAW_R4,8,D_H8,origin,duplicate_encoding,SYMBOLIC_FRESH,32,32,32,1.0,0,0.0,0,0.0,0,0.0,32,1.0,0,0.0,32,1.0,0,0.0,32.0,1.0,128.0,128,1.0,0,0.0,0.0,0.0,0.0,0.0,0.0,0.0,0.0,0.0
61002,R1,96,61002_t96,late,SAW_R4,8,D_H8,origin,duplicate_encoding,IMAGE_CUE_FRESH,32,32,32,1.0,0,0.0,0,0.0,0,0.0,32,1.0,0,0.0,32,1.0,0,0.0,32.0,1.0,128.0,128,1.0,0,0.0,0.0,0.0,0.0,0.0,0.0,0.0,0.0,0.0
61002,R1,96,61002_t96,late,SAW_R4,8,D_H8,origin,cross_series,SYMBOLIC_FRESH,32,32,8,0.25,24,0.75,0,0.0,0,0.0,8,0.25,6,0.1875,14,0.4375,18,0.5625,18.666666666666664,0.5833333333333333,98.0,128,0.765625,0,0.0,0.0,0.0,0.0,0.0078125,0.0,0.0,-0.03125,-0.03125
61002,R1,96,61002_t96,late,SAW_R4,8,D_H8,origin,cross_series,IMAGE_CUE_FRESH,32,32,32,1.0,0,0.0,0,0.0,0,0.0,32,1.0,0,0.0,32,1.0,0,0.0,32.0,1.0,128.0,128,1.0,0,0.0,0.0,0.0,0.0,0.0,0.0,0.0,0.0,0.0
61002,R1,96,61002_t96,late,SAW_R4,8,D_H8,origin,trend,SYMBOLIC_FRESH,32,27,0,0.0,27,0.84375,0,0.0,5,0.15625,0,0.0,52,1.9259259259259258,52,1.9259259259259258,0,0.0,11.5,0.359375,29.0,128,0.2265625,8,0.25,0.0,-0.125,0.0,0.03125,-0.15625,0.0,-0.1125356125356125,-0.1125356125356125
61002,R1,96,61002_t96,late,SAW_R4,8,D_H8,origin,trend,IMAGE_CUE_FRESH,32,32,32,1.0,0,0.0,0,0.0,0,0.0,32,1.0,0,0.0,32,1.0,0,0.0,32.0,1.0,128.0,128,1.0,0,0.0,0.0,0.0,0.0,0.0,0.0,0.0,0.0,0.0
61002,R1,96,61002_t96,late,SAW_R4,32,D,origin,ALL,ALL,2304,2247,1810,0.7855902777777778,420,0.18229166666666666,17,0.007378472222222222,57,0.024739583333333332,1825,0.812194036493102,362,0.16110369381397419,2205,0.9813084112149533,225,0.10013351134846461,2046.1666666666667,0.8880931712962963,8204.0,9216,0.8901909722222222,48,0.020833333333333332,-0.00477430555555558,0.00708912037037035,0.018547367319294142,0.01421440972222221,-0.007378472222222224,-0.017796847736615495,0.010693484151257676,-0.0018274137622572573
61002,R1,96,61002_t96,late,SAW_R4,32,D,origin,duplicate_encoding,SYMBOLIC_FRESH,384,384,384,1.0,0,0.0,0,0.0,0,0.0,384,1.0,0,0.0,384,1.0,0,0.0,384.0,1.0,1536.0,1536,1.0,0,0.0,0.0,0.0,0.0,0.0,0.0,0.0,0.0,0.0
61002,R1,96,61002_t96,late,SAW_R4,32,D,origin,duplicate_encoding,IMAGE_CUE_FRESH,384,384,384,1.0,0,0.0,0,0.0,0,0.0,384,1.0,0,0.0,384,1.0,0,0.0,384.0,1.0,1536.0,1536,1.0,0,0.0,0.0,0.0,0.0,0.0,0.0,0.0,0.0,0.0
61002,R1,96,61002_t96,late,SAW_R4,32,D,origin,cross_series,SYMBOLIC_FRESH,384,374,145,0.3776041666666667,213,0.5546875,16,0.041666666666666664,10,0.026041666666666668,160,0.42780748663101603,55,0.14705882352941177,215,0.5748663101604278,181,0.4839572192513369,278.6666666666667,0.7256944444444445,1227.0,1536,0.798828125,0,0.0,-0.015625,0.008680555555555691,0.009426388152141196,0.00390625,0.0,0.02298174936560049,0.015691531304210693,0.027949420079998788
61002,R1,96,61002_t96,late,SAW_R4,32,D,origin,cross_series,IMAGE_CUE_FRESH,384,384,384,1.0,0,0.0,0,0.0,0,0.0,384,1.0,0,0.0,384,1.0,0,0.0,384.0,1.0,1536.0,1536,1.0,0,0.0,0.0,0.0,0.0,0.0,0.0,0.0,0.0,0.0
61002,R1,96,61002_t96,late,SAW_R4,32,D,origin,trend,SYMBOLIC_FRESH,384,337,129,0.3359375,207,0.5390625,1,0.0026041666666666665,47,0.12239583333333333,129,0.3827893175074184,307,0.9109792284866469,454,1.3471810089020773,44,0.13056379821958458,231.5,0.6028645833333334,833.0,1536,0.5423177083333334,48,0.125,-0.013020833333333315,0.03385416666666674,0.12354625435993546,0.08138020833333337,-0.04427083333333334,-0.08738612108907284,-0.07498568379405479,-0.11597688583476495
61002,R1,96,61002_t96,late,SAW_R4,32,D,origin,trend,IMAGE_CUE_FRESH,384,384,384,1.0,0,0.0,0,0.0,0,0.0,384,1.0,0,0.0,384,1.0,0,0.0,384.0,1.0,1536.0,1536,1.0,0,0.0,0.0,0.0,0.0,0.0,0.0,0.0,0.0,0.0
61004,R1,96,61004_t96,late,R6,8,D_H8,origin,ALL,ALL,192,190,136,0.7083333333333334,54,0.28125,0,0.0,2,0.010416666666666666,136,0.7157894736842105,62,0.3263157894736842,198,1.0421052631578946,17,0.08947368421052632,160.66666666666666,0.8368055555555555,644.0,768,0.8385416666666666,8,0.041666666666666664,0.00520833333333337,0.005208333333333259,-0.011055416318574207,0.005208333333333259,0.0,0.0015037593984962294,-0.0017265385686437984,-0.00022277917014768
61004,R1,96,61004_t96,late,R6,8,D_H8,origin,duplicate_encoding,SYMBOLIC_FRESH,32,32,32,1.0,0,0.0,0,0.0,0,0.0,32,1.0,0,0.0,32,1.0,0,0.0,32.0,1.0,128.0,128,1.0,0,0.0,0.0,0.0,0.0,0.0,0.0,0.0,0.0,0.0
61004,R1,96,61004_t96,late,R6,8,D_H8,origin,duplicate_encoding,IMAGE_CUE_FRESH,32,32,32,1.0,0,0.0,0,0.0,0,0.0,32,1.0,0,0.0,32,1.0,0,0.0,32.0,1.0,128.0,128,1.0,0,0.0,0.0,0.0,0.0,0.0,0.0,0.0,0.0,0.0
61004,R1,96,61004_t96,late,R6,8,D_H8,origin,cross_series,SYMBOLIC_FRESH,32,32,8,0.25,24,0.75,0,0.0,0,0.0,8,0.25,8,0.25,16,0.5,16,0.5,18.666666666666664,0.5833333333333333,96.0,128,0.75,0,0.0,0.0,0.0,-0.03125,-0.0078125,0.0,0.0,0.03125,0.03125
61004,R1,96,61004_t96,late,R6,8,D_H8,origin,cross_series,IMAGE_CUE_FRESH,32,32,32,1.0,0,0.0,0,0.0,0,0.0,32,1.0,0,0.0,32,1.0,0,0.0,32.0,1.0,128.0,128,1.0,0,0.0,0.0,0.0,0.0,0.0,0.0,0.0,0.0,0.0
61004,R1,96,61004_t96,late,R6,8,D_H8,origin,trend,SYMBOLIC_FRESH,32,30,0,0.0,30,0.9375,0,0.0,2,0.0625,0,0.0,54,1.8,54,1.8,1,0.03333333333333333,14.0,0.4375,36.0,128,0.28125,8,0.25,0.0,0.015625,-0.0011494252873563218,0.03125,0.0,0.0,-0.096551724137931,-0.096551724137931
61004,R1,96,61004_t96,late,R6,8,D_H8,origin,trend,IMAGE_CUE_FRESH,32,32,32,1.0,0,0.0,0,0.0,0,0.0,32,1.0,0,0.0,32,1.0,0,0.0,32.0,1.0,128.0,128,1.0,0,0.0,0.03125,0.015625,-0.03125,0.0078125,0.0,0.03125,0.0,0.03125
61004,R1,96,61004_t96,late,R6,32,D,origin,ALL,ALL,2304,2255,1807,0.7842881944444444,428,0.1857638888888889,20,0.008680555555555556,49,0.021267361111111112,1807,0.801330376940133,436,0.19334811529933482,2260,1.0022172949002217,192,0.08514412416851441,2033.8333333333333,0.882740162037037,8136.0,9216,0.8828125,48,0.020833333333333332,-0.0013020833333333703,0.01041666666666663,-0.0004677090901140102,-0.0007595486111111605,0.0008680555555555559,-0.010861465283085292,0.031089038652091422,0.02059470413374931
61004,R1,96,61004_t96,late,R6,32,D,origin,duplicate_encoding,SYMBOLIC_FRESH,384,384,384,1.0,0,0.0,0,0.0,0,0.0,384,1.0,0,0.0,384,1.0,0,0.0,384.0,1.0,1536.0,1536,1.0,0,0.0,0.0,0.0,0.0,0.0,0.0,0.0,0.0,0.0
61004,R1,96,61004_t96,late,R6,32,D,origin,duplicate_encoding,IMAGE_CUE_FRESH,384,384,384,1.0,0,0.0,0,0.0,0,0.0,384,1.0,0,0.0,384,1.0,0,0.0,384.0,1.0,1536.0,1536,1.0,0,0.0,0.0,0.0,0.0,0.0,0.0,0.0,0.0,0.0
61004,R1,96,61004_t96,late,R6,32,D,origin,cross_series,SYMBOLIC_FRESH,384,382,145,0.3776041666666667,218,0.5677083333333334,19,0.049479166666666664,2,0.005208333333333333,145,0.3795811518324607,70,0.18324607329842932,216,0.5654450261780105,179,0.468586387434555,271.3333333333333,0.7065972222222222,1221.0,1536,0.794921875,0,0.0,-0.005208333333333315,0.0078125,0.010914429762597322,0.0006510416666666297,0.0,-0.014598742347433469,0.01657940663176266,0.004598465331449697
61004,R1,96,61004_t96,late,R6,32,D,origin,cross_series,IMAGE_CUE_FRESH,384,384,384,1.0,0,0.0,0,0.0,0,0.0,384,1.0,0,0.0,384,1.0,0,0.0,384.0,1.0,1536.0,1536,1.0,0,0.0,0.0,0.0,0.0,0.0,0.0,0.0,0.0,0.0
61004,R1,96,61004_t96,late,R6,32,D,origin,trend,SYMBOLIC_FRESH,384,337,128,0.3333333333333333,208,0.5416666666666666,1,0.0026041666666666665,47,0.12239583333333333,128,0.3798219584569733,366,1.086053412462908,510,1.513353115727003,11,0.032640949554896145,227.5,0.5924479166666666,773.0,1536,0.5032552083333334,48,0.125,0.0,0.05598958333333326,-0.020986810697469785,-0.00455729166666663,0.005208333333333329,-0.023963530502017216,0.142835746847766,0.11587677503299676
61004,R1,96,61004_t96,late,R6,32,D,origin,trend,IMAGE_CUE_FRESH,384,384,382,0.9947916666666666,2,0.005208333333333333,0,0.0,0,0.0,382,0.9947916666666666,0,0.0,382,0.9947916666666666,2,0.005208333333333333,383.0,0.9973958333333334,1534.0,1536,0.9986979166666666,0,0.0,-0.0026041666666667407,-0.0013020833333332593,0.0026041666666666665,-0.0006510416666667407,0.0,-0.0026041666666667407,0.0,-0.0026041666666667407
61003,R0,32,61003_t32,early,R6,8,D_H8,origin,ALL,ALL,192,188,118,0.6145833333333334,69,0.359375,1,0.005208333333333333,4,0.020833333333333332,121,0.6436170212765957,102,0.5425531914893617,242,1.2872340425531914,18,0.09574468085106383,155.83333333333334,0.8116319444444445,583.0,768,0.7591145833333334,14,0.07291666666666667,-0.046875,0.0,0.025474410580793555,-0.005208333333333259,0.005208333333333343,-0.04286946520989077,0.029039677975848166,0.02777458309373193
61003,R0,32,61003_t32,early,R6,8,D_H8,origin,duplicate_encoding,SYMBOLIC_FRESH,32,32,29,0.90625,3,0.09375,0,0.0,0,0.0,32,1.0,3,0.09375,35,1.09375,0,0.0,32.0,1.0,125.0,128,0.9765625,3,0.09375,-0.0625,0.03125,0.0,0.0078125,0.09375,0.0,0.09375,0.09375
61003,R0,32,61003_t32,early,R6,8,D_H8,origin,duplicate_encoding,IMAGE_CUE_FRESH,32,32,32,1.0,0,0.0,0,0.0,0,0.0,32,1.0,0,0.0,32,1.0,0,0.0,32.0,1.0,128.0,128,1.0,0,0.0,0.0,0.0,0.0,0.0,0.0,0.0,0.0,0.0
61003,R0,32,61003_t32,early,R6,8,D_H8,origin,cross_series,SYMBOLIC_FRESH,32,31,8,0.25,23,0.71875,0,0.0,1,0.03125,8,0.25806451612903225,26,0.8387096774193549,45,1.4516129032258065,9,0.2903225806451613,22.0,0.6875,75.0,128,0.5859375,2,0.0625,0.0,0.08333333333333337,0.021091811414392092,0.0546875,0.0,-0.04962779156327546,0.14640198511166258,0.10545905707196024
61003,R0,32,61003_t32,early,R6,8,D_H8,origin,cross_series,IMAGE_CUE_FRESH,32,32,30,0.9375,2,0.0625,0,0.0,0,0.0,30,0.9375,0,0.0,32,1.0,0,0.0,31.333333333333332,0.9791666666666666,126.0,128,0.984375,0,0.0,-0.0625,-0.02083333333333337,0.0,-0.015625,0.0,-0.0625,0.0,0.0
61003,R0,32,61003_t32,early,R6,8,D_H8,origin,trend,SYMBOLIC_FRESH,32,29,0,0.0,28,0.875,1,0.03125,3,0.09375,0,0.0,69,2.3793103448275863,75,2.586206896551724,0,0.0,15.0,0.46875,18.0,128,0.140625,9,0.28125,0.0,0.0,-0.03125,-0.0390625,-0.0625,0.0,0.0980603448275863,0.2424568965517242
61003,R0,32,61003_t32,early,R6,8,D_H8,origin,trend,IMAGE_CUE_FRESH,32,32,19,0.59375,13,0.40625,0,0.0,0,0.0,19,0.59375,4,0.125,23,0.71875,9,0.28125,23.5,0.734375,111.0,128,0.8671875,0,0.0,-0.15625,-0.09375,0.125,-0.0390625,0.0,-0.15625,0.0,-0.15625
61003,R0,32,61003_t32,early,R6,32,D,origin,ALL,ALL,2304,2228,1771,0.7686631944444444,440,0.1909722222222222,17,0.007378472222222222,76,0.03298611111111111,1790,0.803411131059246,424,0.19030520646319568,2260,1.014362657091562,184,0.08258527827648116,1987.8333333333333,0.8627748842592592,8050.0,9216,0.8734809027777778,53,0.023003472222222224,0.00868055555555558,0.01598668981481477,-0.0023036106124077332,-0.0070529513888888395,0.008680555555555558,0.01852224217035714,0.012082984240973454,0.026362657091562047
61003,R0,32,61003_t32,early,R6,32,D,origin,duplicate_encoding,SYMBOLIC_FRESH,384,384,382,0.9947916666666666,2,0.005208333333333333,0,0.0,0,0.0,382,0.9947916666666666,1,0.0026041666666666665,383,0.9973958333333334,1,0.0026041666666666665,382.0,0.9947916666666666,1533.0,1536,0.998046875,0,0.0,0.005208333333333259,0.0026041666666666297,0.0026041666666666665,0.00390625,-0.0026041666666666665,1.3598781549162275e-05,-0.005228731505657093,-0.007826098781549162
61003,R0,32,61003_t32,early,R6,32,D,origin,duplicate_encoding,IMAGE_CUE_FRESH,384,384,384,1.0,0,0.0,0,0.0,0,0.0,384,1.0,0,0.0,384,1.0,0,0.0,384.0,1.0,1536.0,1536,1.0,0,0.0,0.0,0.0,0.0,0.0,0.0,0.0,0.0,0.0
61003,R0,32,61003_t32,early,R6,32,D,origin,cross_series,SYMBOLIC_FRESH,384,368,128,0.3333333333333333,224,0.5833333333333334,16,0.041666666666666664,16,0.041666666666666664,147,0.39945652173913043,113,0.3070652173913043,281,0.7635869565217391,136,0.3695652173913043,254.66666666666666,0.6631944444444444,1138.0,1536,0.7408854166666666,1,0.0026041666666666665,-0.00520833333333337,0.01909722222222221,0.006177239249227806,0.00455729166666663,0.0026041666666666665,0.011478379662627713,0.009251009741031102,0.025882038488952208
61003,R0,32,61003_t32,early,R6,32,D,origin,cross_series,IMAGE_CUE_FRESH,384,384,383,0.9973958333333334,1,0.0026041666666666665,0,0.0,0,0.0,383,0.9973958333333334,0,0.0,384,1.0,0,0.0,383.6666666666667,0.9991319444444445,1535.0,1536,0.9993489583333334,0,0.0,0.0078125,0.0026041666666667407,0.0,0.001953125,0.0,0.0026041666666667407,-0.005208333333333333,-0.005208333333333259
61003,R0,32,61003_t32,early,R6,32,D,origin,trend,SYMBOLIC_FRESH,384,324,128,0.3333333333333333,195,0.5078125,1,0.0026041666666666665,60,0.15625,128,0.3950617283950617,308,0.9506172839506173,459,1.4166666666666667,32,0.09876543209876543,210.0,0.546875,792.0,1536,0.515625,52,0.13541666666666666,0.036458333333333315,0.06770833333333331,-0.015847748416993893,-0.05403645833333337,0.05208333333333333,0.06841416392514765,0.13113304326293818,0.1788443170964662
61003,R0,32,61003_t32,early,R6,32,D,origin,trend,IMAGE_CUE_FRESH,384,384,366,0.953125,18,0.046875,0,0.0,0,0.0,366,0.953125,2,0.005208333333333333,369,0.9609375,15,0.0390625,373.5,0.97265625,1516.0,1536,0.9869791666666666,0,0.0,0.0078125,0.00390625,-0.0078125,0.0013020833333332593,0.0,0.0078125,0.0026041666666666665,0.0078125
61001,R0,96,61001_t96,late,R1,8,D_H8,origin,ALL,ALL,192,182,136,0.7083333333333334,46,0.23958333333333334,0,0.0,10,0.052083333333333336,136,0.7472527472527473,41,0.22527472527472528,177,0.9725274725274725,22,0.12087912087912088,158.66666666666666,0.8263888888888888,641.0,768,0.8346354166666666,7,0.036458333333333336,0.0,0.00520833333333337,0.01335223915869077,-0.0013020833333333703,-0.005208333333333329,0.016069951553822515,-0.054295167198392974,-0.03822521564457049
61001,R0,96,61001_t96,late,R1,8,D_H8,origin,duplicate_encoding,SYMBOLIC_FRESH,32,32,32,1.0,0,0.0,0,0.0,0,0.0,32,1.0,0,0.0,32,1.0,0,0.0,32.0,1.0,128.0,128,1.0,0,0.0,0.0,0.0,0.0,0.0,0.0,0.0,0.0,0.0
61001,R0,96,61001_t96,late,R1,8,D_H8,origin,duplicate_encoding,IMAGE_CUE_FRESH,32,32,32,1.0,0,0.0,0,0.0,0,0.0,32,1.0,0,0.0,32,1.0,0,0.0,32.0,1.0,128.0,128,1.0,0,0.0,0.0,0.0,0.0,0.0,0.0,0.0,0.0,0.0
61001,R0,96,61001_t96,late,R1,8,D_H8,origin,cross_series,SYMBOLIC_FRESH,32,28,8,0.25,20,0.625,0,0.0,4,0.125,8,0.2857142857142857,4,0.14285714285714285,12,0.42857142857142855,16,0.5714285714285714,18.666666666666664,0.5833333333333333,88.0,128,0.6875,0,0.0,0.0,0.0,-0.014778325123152691,-0.0234375,0.0,0.009852216748768461,0.0049261083743842304,0.014778325123152691
61001,R0,96,61001_t96,late,R1,8,D_H8,origin,cross_series,IMAGE_CUE_FRESH,32,32,32,1.0,0,0.0,0,0.0,0,0.0,32,1.0,0,0.0,32,1.0,0,0.0,32.0,1.0,128.0,128,1.0,0,0.0,0.0,0.0,0.0,0.0,0.0,0.0,0.0,0.0
61001,R0,96,61001_t96,late,R1,8,D_H8,origin,trend,SYMBOLIC_FRESH,32,26,0,0.0,26,0.8125,0,0.0,6,0.1875,0,0.0,37,1.4230769230769231,37,1.4230769230769231,6,0.23076923076923078,12.0,0.375,41.0,128,0.3203125,7,0.21875,0.0,0.03125,0.12732095490716183,0.015625,-0.03125,0.0,-0.2320954907161803,-0.2320954907161803
61001,R0,96,61001_t96,late,R1,8,D_H8,origin,trend,IMAGE_CUE_FRESH,32,32,32,1.0,0,0.0,0,0.0,0,0.0,32,1.0,0,0.0,32,1.0,0,0.0,32.0,1.0,128.0,128,1.0,0,0.0,0.0,0.0,0.0,0.0,0.0,0.0,0.0,0.0
61001,R0,96,61001_t96,late,R1,32,D,origin,ALL,ALL,2304,2282,1814,0.7873263888888888,433,0.1879340277777778,35,0.015190972222222222,22,0.009548611111111112,1816,0.7957931638913234,240,0.10517090271691498,2073,0.9084136722173533,290,0.1270815074496056,2020.5,0.876953125,8422.0,9216,0.9138454861111112,32,0.013888888888888888,-0.0008680555555555802,0.0020254629629630205,0.028971696468507502,0.02430555555555558,-0.005642361111111112,-0.02418883430849661,-0.02534214858821554,-0.048832052355104016
61001,R0,96,61001_t96,late,R1,32,D,origin,duplicate_encoding,SYMBOLIC_FRESH,384,384,384,1.0,0,0.0,0,0.0,0,0.0,384,1.0,0,0.0,384,1.0,0,0.0,384.0,1.0,1536.0,1536,1.0,0,0.0,0.0,0.0,0.0,0.0,0.0,0.0,0.0,0.0
61001,R0,96,61001_t96,late,R1,32,D,origin,duplicate_encoding,IMAGE_CUE_FRESH,384,384,384,1.0,0,0.0,0,0.0,0,0.0,384,1.0,0,0.0,384,1.0,0,0.0,384.0,1.0,1536.0,1536,1.0,0,0.0,0.0,0.0,0.0,0.0,0.0,0.0,0.0,0.0
61001,R0,96,61001_t96,late,R1,32,D,origin,cross_series,SYMBOLIC_FRESH,384,375,151,0.3932291666666667,203,0.5286458333333334,21,0.0546875,9,0.0234375,153,0.408,53,0.14133333333333334,207,0.552,177,0.472,275.0,0.7161458333333334,1225.0,1536,0.7975260416666666,0,0.0,-0.0026041666666666297,0.004340277777777901,-0.0045840220385675035,0.01171875,0.0,-0.027261707988980755,0.031140495867768597,0.006545454545454632
61001,R0,96,61001_t96,late,R1,32,D,origin,cross_series,IMAGE_CUE_FRESH,384,384,384,1.0,0,0.0,0,0.0,0,0.0,384,1.0,0,0.0,384,1.0,0,0.0,384.0,1.0,1536.0,1536,1.0,0,0.0,0.0,0.0,0.0,0.0,0.0,0.0,0.0,0.0
61001,R0,96,61001_t96,late,R1,32,D,origin,trend,SYMBOLIC_FRESH,384,371,128,0.3333333333333333,229,0.5963541666666666,14,0.036458333333333336,13,0.033854166666666664,128,0.3450134770889488,187,0.5040431266846361,331,0.8921832884097035,112,0.3018867924528302,210.0,0.546875,1054.0,1536,0.6861979166666666,32,0.08333333333333333,0.0,0.00911458333333337,0.16256790700391377,0.134765625,-0.03385416666666667,-0.05127135263241345,-0.2699506813648995,-0.3245349778441665
61001,R0,96,61001_t96,late,R1,32,D,origin,trend,IMAGE_CUE_FRESH,384,384,383,0.9973958333333334,1,0.0026041666666666665,0,0.0,0,0.0,383,0.9973958333333334,0,0.0,383,0.9973958333333334,1,0.0026041666666666665,383.5,0.9986979166666666,1535.0,1536,0.9993489583333334,0,0.0,-0.0026041666666666297,-0.0013020833333333703,0.0026041666666666665,-0.0006510416666666297,0.0,-0.0026041666666666297,0.0,-0.0026041666666666297
61001,R0,32,61001_t32,early,GDPO_R4,8,D_H8,origin,ALL,ALL,192,185,122,0.6354166666666666,61,0.3177083333333333,2,0.010416666666666666,7,0.036458333333333336,123,0.6648648648648648,95,0.5135135135135135,238,1.2864864864864864,14,0.07567567567567568,155.83333333333334,0.8116319444444445,583.0,768,0.7591145833333334,17,0.08854166666666667,0.0,0.011284722222222321,0.0057832025573961165,-0.0026041666666666297,0.0,-0.007178145887823284,-0.013368206916594016,0.001540249927346693
61001,R0,32,61001_t32,early,GDPO_R4,8,D_H8,origin,duplicate_encoding,SYMBOLIC_FRESH,32,32,31,0.96875,1,0.03125,0,0.0,0,0.0,32,1.0,1,0.03125,33,1.03125,0,0.0,32.0,1.0,127.0,128,0.9921875,1,0.03125,0.125,0.0625,-0.03125,0.0390625,-0.0625,0.0625,-0.09375,-0.0625
61001,R0,32,61001_t32,early,GDPO_R4,8,D_H8,origin,duplicate_encoding,IMAGE_CUE_FRESH,32,32,31,0.96875,0,0.0,1,0.03125,0,0.0,31,0.96875,0,0.0,31,0.96875,1,0.03125,31.0,0.96875,127.0,128,0.9921875,0,0.0,-0.03125,-0.03125,0.03125,-0.0078125,0.0,-0.03125,0.0,-0.03125
61001,R0,32,61001_t32,early,GDPO_R4,8,D_H8,origin,cross_series,SYMBOLIC_FRESH,32,28,8,0.25,20,0.625,0,0.0,4,0.125,8,0.2857142857142857,21,0.75,43,1.5357142857142858,6,0.21428571428571427,20.333333333333332,0.6354166666666666,71.0,128,0.5546875,1,0.03125,0.03125,-0.01041666666666663,-0.05238095238095239,-0.03125,-0.0625,0.05238095238095236,0.01666666666666672,0.20238095238095255
61001,R0,32,61001_t32,early,GDPO_R4,8,D_H8,origin,cross_series,IMAGE_CUE_FRESH,32,32,32,1.0,0,0.0,0,0.0,0,0.0,32,1.0,0,0.0,32,1.0,0,0.0,32.0,1.0,128.0,128,1.0,0,0.0,0.0,0.0,0.0,0.0,0.0,0.0,0.0,0.0
61001,R0,32,61001_t32,early,GDPO_R4,8,D_H8,origin,trend,SYMBOLIC_FRESH,32,29,0,0.0,28,0.875,1,0.03125,3,0.09375,0,0.0,67,2.310344827586207,72,2.4827586206896552,1,0.034482758620689655,16.5,0.515625,20.0,128,0.15625,15,0.46875,-0.03125,0.0625,-0.0012315270935960576,0.0,0.125,-0.03571428571428571,-0.011083743842364768,-0.01724137931034475
61001,R0,32,61001_t32,early,GDPO_R4,8,D_H8,origin,trend,IMAGE_CUE_FRESH,32,32,20,0.625,12,0.375,0,0.0,0,0.0,20,0.625,6,0.1875,27,0.84375,6,0.1875,24.0,0.75,110.0,128,0.859375,0,0.0,-0.09375,-0.015625,0.09375,-0.015625,0.0,-0.09375,-0.03125,-0.09375
61001,R0,32,61001_t32,early,GDPO_R4,32,D,origin,ALL,ALL,2304,2241,1782,0.7734375,433,0.1879340277777778,26,0.011284722222222222,63,0.02734375,1790,0.7987505577867023,335,0.1494868362338242,2157,0.9625167336010709,232,0.1035252119589469,1994.5,0.8656684027777778,8178.0,9216,0.8873697916666666,48,0.020833333333333332,0.01736111111111116,0.02879050925925919,-0.006847128466585015,-0.0031467013888889506,0.00954861111111111,0.025700912396631415,0.014291800772831292,0.029449357714546154
61001,R0,32,61001_t32,early,GDPO_R4,32,D,origin,duplicate_encoding,SYMBOLIC_FRESH,384,384,382,0.9947916666666666,2,0.005208333333333333,0,0.0,0,0.0,382,0.9947916666666666,0,0.0,382,0.9947916666666666,2,0.005208333333333333,382.0,0.9947916666666666,1534.0,1536,0.9986979166666666,0,0.0,0.02604166666666663,0.02604166666666663,-0.0234375,0.007161458333333259,0.0,0.02604166666666663,-0.0026041666666666665,0.0234375
61001,R0,32,61001_t32,early,GDPO_R4,32,D,origin,duplicate_encoding,IMAGE_CUE_FRESH,384,384,384,1.0,0,0.0,0,0.0,0,0.0,384,1.0,0,0.0,384,1.0,0,0.0,384.0,1.0,1536.0,1536,1.0,0,0.0,0.0,0.0,0.0,0.0,0.0,0.0,0.0,0.0
61001,R0,32,61001_t32,early,GDPO_R4,32,D,origin,cross_series,SYMBOLIC_FRESH,384,370,138,0.359375,211,0.5494791666666666,21,0.0546875,14,0.036458333333333336,145,0.3918918918918919,74,0.2,231,0.6243243243243243,159,0.4297297297297297,256.3333333333333,0.6675347222222222,1181.0,1536,0.7688802083333334,1,0.0026041666666666665,0.036458333333333315,0.05121527777777779,0.01975743056075463,0.03190104166666674,0.0026041666666666665,0.042861420977764464,-0.013296398891966738,0.0010556262633824032
61001,R0,32,61001_t32,early,GDPO_R4,32,D,origin,cross_series,IMAGE_CUE_FRESH,384,384,383,0.9973958333333334,1,0.0026041666666666665,0,0.0,0,0.0,384,1.0,1,0.0026041666666666665,385,1.0026041666666667,0,0.0,383.6666666666667,0.9991319444444445,1535.0,1536,0.9993489583333334,0,0.0,-0.0026041666666666297,-0.0008680555555554692,0.0,-0.0006510416666666297,0.0,0.0,0.0026041666666666665,0.0026041666666667407
61001,R0,32,61001_t32,early,GDPO_R4,32,D,origin,trend,SYMBOLIC_FRESH,384,335,127,0.3307291666666667,203,0.5286458333333334,5,0.013020833333333334,49,0.12760416666666666,127,0.37910447761194027,260,0.7761194029850746,406,1.2119402985074628,56,0.16716417910447762,212.5,0.5533854166666666,872.0,1536,0.5677083333333334,47,0.12239583333333333,0.05208333333333337,0.09895833333333331,-0.0501060158815948,-0.05598958333333326,0.0546875,0.08105433833617426,0.14659294058953143,0.18965617594478856
61001,R0,32,61001_t32,early,GDPO_R4,32,D,origin,trend,IMAGE_CUE_FRESH,384,384,368,0.9583333333333334,16,0.041666666666666664,0,0.0,0,0.0,368,0.9583333333333334,0,0.0,369,0.9609375,15,0.0390625,376.0,0.9791666666666666,1520.0,1536,0.9895833333333334,0,0.0,-0.0078125,-0.0026041666666667407,0.0078125,-0.0013020833333332593,0.0,-0.0078125,-0.0026041666666666665,-0.0078125
61002,R1,32,61002_t32,early,R7,8,D_H8,origin,ALL,ALL,192,187,118,0.6145833333333334,66,0.34375,3,0.015625,5,0.026041666666666668,118,0.6310160427807486,118,0.6310160427807486,263,1.4064171122994653,11,0.058823529411764705,154.0,0.8020833333333334,561.0,768,0.73046875,19,0.09895833333333333,0.0,0.0078125,-0.00031625553447185706,-0.00390625,0.026041666666666657,-0.008768903455810495,0.02348916106031851,0.019320338105916823
61002,R1,32,61002_t32,early,R7,8,D_H8,origin,duplicate_encoding,SYMBOLIC_FRESH,32,32,32,1.0,0,0.0,0,0.0,0,0.0,32,1.0,0,0.0,32,1.0,0,0.0,32.0,1.0,128.0,128,1.0,0,0.0,0.03125,0.0,0.0,0.0078125,-0.03125,0.0,-0.03125,-0.03125
61002,R1,32,61002_t32,early,R7,8,D_H8,origin,duplicate_encoding,IMAGE_CUE_FRESH,32,32,32,1.0,0,0.0,0,0.0,0,0.0,32,1.0,0,0.0,32,1.0,0,0.0,32.0,1.0,128.0,128,1.0,0,0.0,0.0,0.0,0.0,0.0,0.0,0.0,0.0,0.0
61002,R1,32,61002_t32,early,R7,8,D_H8,origin,cross_series,SYMBOLIC_FRESH,32,30,6,0.1875,24,0.75,0,0.0,2,0.0625,6,0.2,30,1.0,49,1.6333333333333333,10,0.3333333333333333,24.0,0.75,66.0,128,0.515625,7,0.21875,0.0,0.09375,0.17204301075268816,0.0703125,0.125,0.006451612903225823,-0.35483870967741926,-0.4956989247311827
61002,R1,32,61002_t32,early,R7,8,D_H8,origin,cross_series,IMAGE_CUE_FRESH,32,32,30,0.9375,1,0.03125,1,0.03125,0,0.0,30,0.9375,1,0.03125,33,1.03125,0,0.0,31.0,0.96875,125.0,128,0.9765625,0,0.0,-0.0625,-0.03125,0.0,-0.0234375,0.0,-0.0625,0.03125,0.03125
61002,R1,32,61002_t32,early,R7,8,D_H8,origin,trend,SYMBOLIC_FRESH,32,30,0,0.0,28,0.875,2,0.0625,2,0.0625,0,0.0,71,2.3666666666666667,83,2.7666666666666666,0,0.0,15.0,0.46875,19.0,128,0.1484375,12,0.375,0.0,0.046875,-0.037037037037037035,-0.0234375,0.09375,0.0,0.18148148148148158,0.32222222222222197
61002,R1,32,61002_t32,early,R7,8,D_H8,origin,trend,IMAGE_CUE_FRESH,32,31,18,0.5625,13,0.40625,0,0.0,1,0.03125,18,0.5806451612903226,16,0.5161290322580645,34,1.096774193548387,1,0.03225806451612903,20.0,0.625,95.0,128,0.7421875,0,0.0,0.03125,-0.0625,-0.12399193548387097,-0.0546875,-0.03125,0.04939516129032262,0.1723790322580645,0.190524193548387
61002,R1,32,61002_t32,early,R7,32,D,origin,ALL,ALL,2304,2257,1748,0.7586805555555556,480,0.20833333333333334,29,0.012586805555555556,47,0.020399305555555556,1766,0.7824545857332743,477,0.21134249003101463,2333,1.0336730172795747,197,0.0872840053167922,1987.1666666666667,0.8624855324074074,8060.0,9216,0.8745659722222222,68,0.029513888888888888,-0.00737847222222221,0.00969328703703709,-0.024023415177907445,-0.0185546875,0.014756944444444444,0.0002107694788573422,0.0646993804903786,0.08844333530077608
61002,R1,32,61002_t32,early,R7,32,D,origin,duplicate_encoding,SYMBOLIC_FRESH,384,384,373,0.9713541666666666,11,0.028645833333333332,0,0.0,0,0.0,375,0.9765625,7,0.018229166666666668,382,0.9947916666666666,4,0.010416666666666666,375.0,0.9765625,1520.0,1536,0.9895833333333334,2,0.005208333333333333,-0.00520833333333337,0.0,-0.007812500000000002,-0.0032552083333332593,0.005208333333333333,0.0,0.013020833333333336,0.01302083333333326
61002,R1,32,61002_t32,early,R7,32,D,origin,duplicate_encoding,IMAGE_CUE_FRESH,384,384,383,0.9973958333333334,1,0.0026041666666666665,0,0.0,0,0.0,383,0.9973958333333334,0,0.0,383,0.9973958333333334,1,0.0026041666666666665,383.0,0.9973958333333334,1535.0,1536,0.9993489583333334,0,0.0,0.0,0.0,0.0,0.0,0.0,0.0,0.0,0.0
61002,R1,32,61002_t32,early,R7,32,D,origin,cross_series,SYMBOLIC_FRESH,384,371,121,0.3151041666666667,226,0.5885416666666666,24,0.0625,13,0.033854166666666664,137,0.3692722371967655,122,0.3288409703504043,299,0.8059299191374663,137,0.3692722371967655,252.0,0.65625,1128.0,1536,0.734375,3,0.0078125,-0.0390625,-0.01215277777777779,-0.06388284301713826,-0.03385416666666663,0.0078125,-0.005059313605373539,0.10958963345200862,0.19095665710538068
61002,R1,32,61002_t32,early,R7,32,D,origin,cross_series,IMAGE_CUE_FRESH,384,384,383,0.9973958333333334,0,0.0,1,0.0026041666666666665,0,0.0,383,0.9973958333333334,0,0.0,383,0.9973958333333334,1,0.0026041666666666665,383.6666666666667,0.9991319444444445,1535.0,1536,0.9993489583333334,0,0.0,0.0026041666666667407,0.0026041666666667407,0.0026041666666666665,0.0006510416666667407,0.0,-0.0026041666666666297,-0.005208333333333333,-0.007812499999999889
61002,R1,32,61002_t32,early,R7,32,D,origin,trend,SYMBOLIC_FRESH,384,350,122,0.3177083333333333,224,0.5833333333333334,4,0.010416666666666666,34,0.08854166666666667,122,0.3485714285714286,343,0.98,515,1.4714285714285715,39,0.11142857142857143,219.0,0.5703125,829.0,1536,0.5397135416666666,62,0.16145833333333334,-0.002604166666666685,0.06510416666666663,-0.07783696529459241,-0.072265625,0.07291666666666667,0.001113801452784502,0.287909604519774,0.3556093623890235
61002,R1,32,61002_t32,early,R7,32,D,origin,trend,IMAGE_CUE_FRESH,384,384,366,0.953125,18,0.046875,0,0.0,0,0.0,366,0.953125,5,0.013020833333333334,371,0.9661458333333334,15,0.0390625,374.5,0.9752604166666666,1513.0,1536,0.9850260416666666,1,0.0026041666666666665,0.0,0.0026041666666666297,0.0,-0.0026041666666667407,0.0026041666666666665,0.0,0.010416666666666668,0.00520833333333337
61003,R0,96,61003_t96,late,R2,8,D_H8,origin,ALL,ALL,192,187,136,0.7083333333333334,51,0.265625,0,0.0,5,0.026041666666666668,136,0.7272727272727273,53,0.28342245989304815,189,1.0106951871657754,18,0.0962566844919786,158.16666666666666,0.8237847222222222,644.0,768,0.8385416666666666,8,0.041666666666666664,0.0,-0.0026041666666666297,0.005831152577084983,0.0078125,0.005208333333333329,0.003868471953578312,-0.04636477414950502,-0.042496302195926594
61003,R0,96,61003_t96,late,R2,8,D_H8,origin,duplicate_encoding,SYMBOLIC_FRESH,32,32,32,1.0,0,0.0,0,0.0,0,0.0,32,1.0,0,0.0,32,1.0,0,0.0,32.0,1.0,128.0,128,1.0,0,0.0,0.0,0.0,0.0,0.0,0.0,0.0,0.0,0.0
61003,R0,96,61003_t96,late,R2,8,D_H8,origin,duplicate_encoding,IMAGE_CUE_FRESH,32,32,32,1.0,0,0.0,0,0.0,0,0.0,32,1.0,0,0.0,32,1.0,0,0.0,32.0,1.0,128.0,128,1.0,0,0.0,0.0,0.0,0.0,0.0,0.0,0.0,0.0,0.0
61003,R0,96,61003_t96,late,R2,8,D_H8,origin,cross_series,SYMBOLIC_FRESH,32,31,8,0.25,23,0.71875,0,0.0,1,0.03125,8,0.25806451612903225,7,0.22580645161290322,15,0.4838709677419355,17,0.5483870967741935,18.666666666666664,0.5833333333333333,94.0,128,0.734375,0,0.0,0.0,0.0,-0.018279569892473146,0.0234375,0.0,-0.008602150537634412,-0.0075268817204301175,-0.016129032258064502
61003,R0,96,61003_t96,late,R2,8,D_H8,origin,cross_series,IMAGE_CUE_FRESH,32,32,32,1.0,0,0.0,0,0.0,0,0.0,32,1.0,0,0.0,32,1.0,0,0.0,32.0,1.0,128.0,128,1.0,0,0.0,0.0,0.0,0.0,0.0,0.0,0.0,0.0,0.0
61003,R0,96,61003_t96,late,R2,8,D_H8,origin,trend,SYMBOLIC_FRESH,32,28,0,0.0,28,0.875,0,0.0,4,0.125,0,0.0,46,1.6428571428571428,46,1.6428571428571428,1,0.03571428571428571,11.5,0.359375,38.0,128,0.296875,8,0.25,0.0,-0.015625,0.03571428571428571,0.0234375,0.03125,0.0,-0.19047619047619047,-0.19047619047619047
61003,R0,96,61003_t96,late,R2,8,D_H8,origin,trend,IMAGE_CUE_FRESH,32,32,32,1.0,0,0.0,0,0.0,0,0.0,32,1.0,0,0.0,32,1.0,0,0.0,32.0,1.0,128.0,128,1.0,0,0.0,0.0,0.0,0.0,0.0,0.0,0.0,0.0,0.0
61003,R0,96,61003_t96,late,R2,32,D,origin,ALL,ALL,2304,2291,1808,0.7847222222222222,453,0.19661458333333334,30,0.013020833333333334,13,0.005642361111111111,1808,0.7891750327367961,293,0.12789175032736796,2118,0.9244871235268441,274,0.11959842863378438,2020.3333333333333,0.876880787037037,8388.0,9216,0.91015625,31,0.013454861111111112,0.0,0.0003616898148147696,0.022536986069225162,0.01963975694444442,-0.006076388888888888,-0.01581161018395183,-0.02304324522027229,-0.03855829054261262
61003,R0,96,61003_t96,late,R2,32,D,origin,duplicate_encoding,SYMBOLIC_FRESH,384,384,384,1.0,0,0.0,0,0.0,0,0.0,384,1.0,0,0.0,384,1.0,0,0.0,384.0,1.0,1536.0,1536,1.0,0,0.0,0.0,0.0,0.0,0.0,0.0,0.0,0.0,0.0
61003,R0,96,61003_t96,late,R2,32,D,origin,duplicate_encoding,IMAGE_CUE_FRESH,384,384,384,1.0,0,0.0,0,0.0,0,0.0,384,1.0,0,0.0,384,1.0,0,0.0,384.0,1.0,1536.0,1536,1.0,0,0.0,0.0,0.0,0.0,0.0,0.0,0.0,0.0,0.0
61003,R0,96,61003_t96,late,R2,32,D,origin,cross_series,SYMBOLIC_FRESH,384,384,146,0.3802083333333333,218,0.5677083333333334,20,0.052083333333333336,0,0.0,146,0.3802083333333333,66,0.171875,212,0.5520833333333334,185,0.4817708333333333,274.3333333333333,0.7144097222222222,1232.0,1536,0.8020833333333334,0,0.0,0.005208333333333315,0.01388888888888884,0.013184445898778319,0.0078125,0.0,0.0032449825479929917,-0.011371073298429318,-0.008126090750436243
61003,R0,96,61003_t96,late,R2,32,D,origin,cross_series,IMAGE_CUE_FRESH,384,384,384,1.0,0,0.0,0,0.0,0,0.0,384,1.0,0,0.0,384,1.0,0,0.0,384.0,1.0,1536.0,1536,1.0,0,0.0,0.0,0.0,0.0,0.0,0.0,0.0,0.0,0.0
61003,R0,96,61003_t96,late,R2,32,D,origin,trend,SYMBOLIC_FRESH,384,371,127,0.3307291666666667,234,0.609375,10,0.026041666666666668,13,0.033854166666666664,127,0.3423180592991914,227,0.6118598382749326,371,1.0,88,0.2371967654986523,210.5,0.5481770833333334,1013.0,1536,0.6595052083333334,31,0.08072916666666667,-0.0026041666666666297,-0.01041666666666663,0.11829432647426205,0.11067708333333337,-0.03645833333333333,-0.047925843139833,-0.20826211294457952,-0.25914634146341453
61003,R0,96,61003_t96,late,R2,32,D,origin,trend,IMAGE_CUE_FRESH,384,384,383,0.9973958333333334,1,0.0026041666666666665,0,0.0,0,0.0,383,0.9973958333333334,0,0.0,383,0.9973958333333334,1,0.0026041666666666665,383.5,0.9986979166666666,1535.0,1536,0.9993489583333334,0,0.0,-0.0026041666666666297,-0.0013020833333333703,0.0026041666666666665,-0.0006510416666666297,0.0,-0.0026041666666666297,0.0,-0.0026041666666666297
61001,R0,32,61001_t32,early,R6,8,D_H8,origin,ALL,ALL,192,189,119,0.6197916666666666,69,0.359375,1,0.005208333333333333,3,0.015625,121,0.6402116402116402,102,0.5396825396825397,246,1.3015873015873016,18,0.09523809523809523,154.66666666666666,0.8055555555555555,586.0,768,0.7630208333333334,14,0.07291666666666667,-0.015625,0.005208333333333259,0.02534562211981567,0.0013020833333333703,-0.015625,-0.0318313705410479,0.01280081925243215,0.016641065028161872
61001,R0,32,61001_t32,early,R6,8,D_H8,origin,duplicate_encoding,SYMBOLIC_FRESH,32,32,29,0.90625,3,0.09375,0,0.0,0,0.0,31,0.96875,3,0.09375,35,1.09375,0,0.0,31.0,0.96875,124.0,128,0.96875,2,0.0625,0.0625,0.03125,-0.03125,0.015625,-0.03125,0.03125,-0.03125,0.0
61001,R0,32,61001_t32,early,R6,8,D_H8,origin,duplicate_encoding,IMAGE_CUE_FRESH,32,32,32,1.0,0,0.0,0,0.0,0,0.0,32,1.0,0,0.0,32,1.0,0,0.0,32.0,1.0,128.0,128,1.0,0,0.0,0.0,0.0,0.0,0.0,0.0,0.0,0.0,0.0
61001,R0,32,61001_t32,early,R6,8,D_H8,origin,cross_series,SYMBOLIC_FRESH,32,32,6,0.1875,26,0.8125,0,0.0,0,0.0,6,0.1875,30,0.9375,52,1.625,9,0.28125,22.666666666666664,0.7083333333333333,72.0,128,0.5625,3,0.09375,-0.03125,0.0625,0.014583333333333337,-0.0234375,0.0,-0.04583333333333334,0.20416666666666672,0.29166666666666674
61001,R0,32,61001_t32,early,R6,8,D_H8,origin,cross_series,IMAGE_CUE_FRESH,32,32,32,1.0,0,0.0,0,0.0,0,0.0,32,1.0,0,0.0,32,1.0,0,0.0,32.0,1.0,128.0,128,1.0,0,0.0,0.0,0.0,0.0,0.0,0.0,0.0,0.0,0.0
61001,R0,32,61001_t32,early,R6,8,D_H8,origin,trend,SYMBOLIC_FRESH,32,29,0,0.0,28,0.875,1,0.03125,3,0.09375,0,0.0,66,2.2758620689655173,72,2.4827586206896552,0,0.0,12.5,0.390625,21.0,128,0.1640625,9,0.28125,-0.03125,-0.0625,-0.03571428571428571,0.0078125,-0.0625,-0.03571428571428571,-0.04556650246305427,-0.01724137931034475
61001,R0,32,61001_t32,early,R6,8,D_H8,origin,trend,IMAGE_CUE_FRESH,32,32,20,0.625,12,0.375,0,0.0,0,0.0,20,0.625,3,0.09375,23,0.71875,9,0.28125,24.5,0.765625,113.0,128,0.8828125,0,0.0,-0.09375,0.0,0.1875,0.0078125,0.0,-0.09375,-0.125,-0.21875
61001,R0,32,61001_t32,early,R6,32,D,origin,ALL,ALL,2304,2234,1766,0.7664930555555556,449,0.1948784722222222,19,0.008246527777777778,70,0.030381944444444444,1780,0.7967770814682185,450,0.20143240823634737,2284,1.0223813786929274,180,0.08057296329453895,1980.6666666666667,0.8596643518518519,8032.0,9216,0.8715277777777778,57,0.024739583333333332,0.01041666666666674,0.02278645833333326,-0.02979937713099297,-0.01898871527777779,0.01345486111111111,0.023727436078147535,0.06623737277535446,0.08931400280640267
61001,R0,32,61001_t32,early,R6,32,D,origin,duplicate_encoding,SYMBOLIC_FRESH,384,384,381,0.9921875,3,0.0078125,0,0.0,0,0.0,381,0.9921875,0,0.0,381,0.9921875,3,0.0078125,381.0,0.9921875,1533.0,1536,0.998046875,0,0.0,0.0234375,0.0234375,-0.020833333333333332,0.00651041666666663,0.0,0.0234375,-0.0026041666666666665,0.02083333333333337
61001,R0,32,61001_t32,early,R6,32,D,origin,duplicate_encoding,IMAGE_CUE_FRESH,384,384,384,1.0,0,0.0,0,0.0,0,0.0,384,1.0,0,0.0,384,1.0,0,0.0,384.0,1.0,1536.0,1536,1.0,0,0.0,0.0,0.0,0.0,0.0,0.0,0.0,0.0,0.0
61001,R0,32,61001_t32,early,R6,32,D,origin,cross_series,SYMBOLIC_FRESH,384,362,127,0.3307291666666667,220,0.5729166666666666,15,0.0390625,22,0.057291666666666664,141,0.38950276243093923,137,0.3784530386740331,305,0.8425414364640884,127,0.35082872928176795,249.66666666666666,0.650173611111111,1090.0,1536,0.7096354166666666,5,0.013020833333333334,0.0078125,0.03385416666666663,-0.05914356988720715,-0.02734375,0.013020833333333334,0.04047229151681181,0.16515663978206638,0.21927273840314654
61001,R0,32,61001_t32,early,R6,32,D,origin,cross_series,IMAGE_CUE_FRESH,384,384,384,1.0,0,0.0,0,0.0,0,0.0,384,1.0,0,0.0,384,1.0,0,0.0,384.0,1.0,1536.0,1536,1.0,0,0.0,0.0,0.0,0.0,0.0,0.0,0.0,0.0,0.0
61001,R0,32,61001_t32,early,R6,32,D,origin,trend,SYMBOLIC_FRESH,384,336,121,0.3151041666666667,211,0.5494791666666666,4,0.010416666666666666,48,0.125,121,0.3601190476190476,311,0.9255952380952381,458,1.3630952380952381,37,0.11011904761904762,206.0,0.5364583333333334,818.0,1536,0.5325520833333334,52,0.13541666666666666,0.03645833333333337,0.08203125000000006,-0.1071511473670248,-0.09114583333333326,0.06770833333333333,0.062068908343281604,0.2960687756996949,0.34081111553256394
61001,R0,32,61001_t32,early,R6,32,D,origin,trend,IMAGE_CUE_FRESH,384,384,369,0.9609375,15,0.0390625,0,0.0,0,0.0,369,0.9609375,2,0.005208333333333333,372,0.96875,13,0.033854166666666664,376.0,0.9791666666666666,1519.0,1536,0.9889322916666666,0,0.0,-0.00520833333333337,-0.0026041666666667407,0.0026041666666666644,-0.001953125,0.0,-0.00520833333333337,0.0026041666666666665,0.0
61003,R0,96,61003_t96,late,GDPO_R4,8,D_H8,origin,ALL,ALL,192,188,136,0.7083333333333334,52,0.2708333333333333,0,0.0,4,0.020833333333333332,136,0.723404255319149,53,0.28191489361702127,189,1.0053191489361701,19,0.10106382978723404,161.16666666666666,0.8394097222222222,647.0,768,0.8424479166666666,8,0.041666666666666664,0.0,0.01302083333333337,0.010638297872340413,0.01171875,0.005208333333333329,0.0,-0.0478723404255319,-0.0478723404255319
61003,R0,96,61003_t96,late,GDPO_R4,8,D_H8,origin,duplicate_encoding,SYMBOLIC_FRESH,32,32,32,1.0,0,0.0,0,0.0,0,0.0,32,1.0,0,0.0,32,1.0,0,0.0,32.0,1.0,128.0,128,1.0,0,0.0,0.0,0.0,0.0,0.0,0.0,0.0,0.0,0.0
61003,R0,96,61003_t96,late,GDPO_R4,8,D_H8,origin,duplicate_encoding,IMAGE_CUE_FRESH,32,32,32,1.0,0,0.0,0,0.0,0,0.0,32,1.0,0,0.0,32,1.0,0,0.0,32.0,1.0,128.0,128,1.0,0,0.0,0.0,0.0,0.0,0.0,0.0,0.0,0.0,0.0
61003,R0,96,61003_t96,late,GDPO_R4,8,D_H8,origin,cross_series,SYMBOLIC_FRESH,32,30,8,0.25,22,0.6875,0,0.0,2,0.0625,8,0.26666666666666666,7,0.23333333333333334,15,0.5,16,0.5333333333333333,18.666666666666664,0.5833333333333333,91.0,128,0.7109375,0,0.0,0.0,0.0,-0.033333333333333326,0.0,0.0,0.0,0.0,0.0
61003,R0,96,61003_t96,late,GDPO_R4,8,D_H8,origin,cross_series,IMAGE_CUE_FRESH,32,32,32,1.0,0,0.0,0,0.0,0,0.0,32,1.0,0,0.0,32,1.0,0,0.0,32.0,1.0,128.0,128,1.0,0,0.0,0.0,0.0,0.0,0.0,0.0,0.0,0.0,0.0
61003,R0,96,61003_t96,late,GDPO_R4,8,D_H8,origin,trend,SYMBOLIC_FRESH,32,30,0,0.0,30,0.9375,0,0.0,2,0.0625,0,0.0,46,1.5333333333333334,46,1.5333333333333334,3,0.1,14.5,0.453125,44.0,128,0.34375,8,0.25,0.0,0.078125,0.1,0.0703125,0.03125,0.0,-0.2999999999999998,-0.2999999999999998
61003,R0,96,61003_t96,late,GDPO_R4,8,D_H8,origin,trend,IMAGE_CUE_FRESH,32,32,32,1.0,0,0.0,0,0.0,0,0.0,32,1.0,0,0.0,32,1.0,0,0.0,32.0,1.0,128.0,128,1.0,0,0.0,0.0,0.0,0.0,0.0,0.0,0.0,0.0,0.0
61003,R0,96,61003_t96,late,GDPO_R4,32,D,origin,ALL,ALL,2304,2248,1809,0.78515625,419,0.1818576388888889,20,0.008680555555555556,56,0.024305555555555556,1821,0.8100533807829181,427,0.18994661921708186,2266,1.0080071174377223,188,0.08362989323843416,2054.6666666666665,0.8917824074074073,8138.0,9216,0.8830295138888888,60,0.026041666666666668,0.0004340277777777901,0.01526331018518512,-0.013431549326125058,-0.007486979166666741,0.006510416666666668,0.005066737862170156,0.03901162366944161,0.04496170336826555
61003,R0,96,61003_t96,late,GDPO_R4,32,D,origin,duplicate_encoding,SYMBOLIC_FRESH,384,384,384,1.0,0,0.0,0,0.0,0,0.0,384,1.0,0,0.0,384,1.0,0,0.0,384.0,1.0,1536.0,1536,1.0,0,0.0,0.0,0.0,0.0,0.0,0.0,0.0,0.0,0.0
61003,R0,96,61003_t96,late,GDPO_R4,32,D,origin,duplicate_encoding,IMAGE_CUE_FRESH,384,384,384,1.0,0,0.0,0,0.0,0,0.0,384,1.0,0,0.0,384,1.0,0,0.0,384.0,1.0,1536.0,1536,1.0,0,0.0,0.0,0.0,0.0,0.0,0.0,0.0,0.0,0.0
61003,R0,96,61003_t96,late,GDPO_R4,32,D,origin,cross_series,SYMBOLIC_FRESH,384,384,145,0.3776041666666667,221,0.5755208333333334,18,0.046875,0,0.0,157,0.4088541666666667,83,0.21614583333333334,242,0.6302083333333334,173,0.4505208333333333,279.6666666666667,0.7282986111111112,1226.0,1536,0.7981770833333334,0,0.0,0.002604166666666685,0.02777777777777779,-0.01806555410122168,0.00390625,0.0,0.03189081588132636,0.032899760034904024,0.06999890924956376
61003,R0,96,61003_t96,late,GDPO_R4,32,D,origin,cross_series,IMAGE_CUE_FRESH,384,384,384,1.0,0,0.0,0,0.0,0,0.0,384,1.0,0,0.0,384,1.0,0,0.0,384.0,1.0,1536.0,1536,1.0,0,0.0,0.0,0.0,0.0,0.0,0.0,0.0,0.0,0.0
61003,R0,96,61003_t96,late,GDPO_R4,32,D,origin,trend,SYMBOLIC_FRESH,384,328,128,0.3333333333333333,198,0.515625,2,0.005208333333333333,56,0.14583333333333334,128,0.3902439024390244,344,1.048780487804878,488,1.4878048780487805,15,0.04573170731707317,239.0,0.6223958333333334,768.0,1536,0.5,60,0.15625,0.0,0.06380208333333337,-0.07317073170731707,-0.048828125,0.0390625,0.0,0.22865853658536595,0.22865853658536595
61003,R0,96,61003_t96,late,GDPO_R4,32,D,origin,trend,IMAGE_CUE_FRESH,384,384,384,1.0,0,0.0,0,0.0,0,0.0,384,1.0,0,0.0,384,1.0,0,0.0,384.0,1.0,1536.0,1536,1.0,0,0.0,0.0,0.0,0.0,0.0,0.0,0.0,0.0,0.0
61003,R0,96,61003_t96,late,R7,8,D_H8,origin,ALL,ALL,192,191,135,0.703125,56,0.2916666666666667,0,0.0,1,0.005208333333333333,135,0.7068062827225131,61,0.3193717277486911,196,1.0261780104712042,18,0.09424083769633508,156.66666666666666,0.8159722222222222,647.0,768,0.8424479166666666,6,0.03125,-0.00520833333333337,-0.01041666666666663,0.003815305781441458,0.01171875,-0.005208333333333336,-0.016597972596635868,-0.010415506293862065,-0.027013478890497877
61003,R0,96,61003_t96,late,R7,8,D_H8,origin,duplicate_encoding,SYMBOLIC_FRESH,32,32,32,1.0,0,0.0,0,0.0,0,0.0,32,1.0,0,0.0,32,1.0,0,0.0,32.0,1.0,128.0,128,1.0,0,0.0,0.0,0.0,0.0,0.0,0.0,0.0,0.0,0.0
61003,R0,96,61003_t96,late,R7,8,D_H8,origin,duplicate_encoding,IMAGE_CUE_FRESH,32,32,32,1.0,0,0.0,0,0.0,0,0.0,32,1.0,0,0.0,32,1.0,0,0.0,32.0,1.0,128.0,128,1.0,0,0.0,0.0,0.0,0.0,0.0,0.0,0.0,0.0,0.0
61003,R0,96,61003_t96,late,R7,8,D_H8,origin,cross_series,SYMBOLIC_FRESH,32,32,8,0.25,24,0.75,0,0.0,0,0.0,8,0.25,8,0.25,16,0.5,16,0.5,18.666666666666664,0.5833333333333333,96.0,128,0.75,0,0.0,0.0,0.0,-0.06666666666666665,0.0390625,0.0,-0.016666666666666663,0.016666666666666663,0.0
61003,R0,96,61003_t96,late,R7,8,D_H8,origin,cross_series,IMAGE_CUE_FRESH,32,32,32,1.0,0,0.0,0,0.0,0,0.0,32,1.0,0,0.0,32,1.0,0,0.0,32.0,1.0,128.0,128,1.0,0,0.0,0.0,0.0,0.0,0.0,0.0,0.0,0.0,0.0
61003,R0,96,61003_t96,late,R7,8,D_H8,origin,trend,SYMBOLIC_FRESH,32,31,0,0.0,31,0.96875,0,0.0,1,0.03125,0,0.0,53,1.7096774193548387,53,1.7096774193548387,1,0.03225806451612903,10.5,0.328125,40.0,128,0.3125,6,0.1875,0.0,-0.046875,0.03225806451612903,0.0390625,-0.03125,0.0,-0.12365591397849451,-0.12365591397849451
61003,R0,96,61003_t96,late,R7,8,D_H8,origin,trend,IMAGE_CUE_FRESH,32,32,31,0.96875,1,0.03125,0,0.0,0,0.0,31,0.96875,0,0.0,31,0.96875,1,0.03125,31.5,0.984375,127.0,128,0.9921875,0,0.0,-0.03125,-0.015625,0.03125,-0.0078125,0.0,-0.03125,0.0,-0.03125
61003,R0,96,61003_t96,late,R7,32,D,origin,ALL,ALL,2304,2279,1811,0.7860243055555556,447,0.19401041666666666,21,0.009114583333333334,25,0.010850694444444444,1814,0.7959631417288284,344,0.1509433962264151,2175,0.9543659499780606,243,0.1066257130320316,2031.3333333333333,0.8816550925925926,8307.0,9216,0.9013671875,41,0.017795138888888888,0.0013020833333333703,0.00513599537037035,0.00956427046747238,0.01085069444444442,-0.0017361111111111119,-0.009023501191919525,8.400678774833636e-06,-0.008679464091396194
61003,R0,96,61003_t96,late,R7,32,D,origin,duplicate_encoding,SYMBOLIC_FRESH,384,384,384,1.0,0,0.0,0,0.0,0,0.0,384,1.0,0,0.0,384,1.0,0,0.0,384.0,1.0,1536.0,1536,1.0,0,0.0,0.0,0.0,0.0,0.0,0.0,0.0,0.0,0.0
61003,R0,96,61003_t96,late,R7,32,D,origin,duplicate_encoding,IMAGE_CUE_FRESH,384,384,384,1.0,0,0.0,0,0.0,0,0.0,384,1.0,0,0.0,384,1.0,0,0.0,384.0,1.0,1536.0,1536,1.0,0,0.0,0.0,0.0,0.0,0.0,0.0,0.0,0.0,0.0
61003,R0,96,61003_t96,late,R7,32,D,origin,cross_series,SYMBOLIC_FRESH,384,381,147,0.3828125,214,0.5572916666666666,20,0.052083333333333336,3,0.0078125,150,0.3937007874015748,68,0.1784776902887139,219,0.5748031496062992,176,0.46194225721784776,271.3333333333333,0.7065972222222222,1225.0,1536,0.7975260416666666,0,0.0,0.0078125,0.0060763888888888395,-0.006644130216707234,0.0032552083333332593,0.0,0.016737436616234502,-0.00476838300971541,0.014593725522529577
61003,R0,96,61003_t96,late,R7,32,D,origin,cross_series,IMAGE_CUE_FRESH,384,384,384,1.0,0,0.0,0,0.0,0,0.0,384,1.0,0,0.0,384,1.0,0,0.0,384.0,1.0,1536.0,1536,1.0,0,0.0,0.0,0.0,0.0,0.0,0.0,0.0,0.0,0.0
61003,R0,96,61003_t96,late,R7,32,D,origin,trend,SYMBOLIC_FRESH,384,362,128,0.3333333333333333,233,0.6067708333333334,1,0.0026041666666666665,22,0.057291666666666664,128,0.35359116022099446,276,0.7624309392265194,420,1.160220994475138,67,0.1850828729281768,224.0,0.5833333333333334,938.0,1536,0.6106770833333334,41,0.10677083333333333,0.0,0.02473958333333337,0.06618043390378656,0.06184895833333337,-0.010416666666666671,-0.03665274221802994,-0.05769101199299276,-0.09892534698827649
61003,R0,96,61003_t96,late,R7,32,D,origin,trend,IMAGE_CUE_FRESH,384,384,384,1.0,0,0.0,0,0.0,0,0.0,384,1.0,0,0.0,384,1.0,0,0.0,384.0,1.0,1536.0,1536,1.0,0,0.0,0.0,0.0,0.0,0.0,0.0,0.0,0.0,0.0
61002,R1,96,61002_t96,late,DIRECT_REPAIR_R4,8,D_H8,origin,ALL,ALL,192,186,136,0.7083333333333334,50,0.2604166666666667,0,0.0,6,0.03125,136,0.7311827956989247,59,0.3172043010752688,195,1.0483870967741935,18,0.0967741935483871,161.66666666666666,0.8420138888888888,635.0,768,0.8268229166666666,10,0.052083333333333336,0.0,-0.0026041666666666297,0.0,0.0013020833333332593,-0.015624999999999993,0.0,-0.005376344086021501,-0.005376344086021501
61002,R1,96,61002_t96,late,DIRECT_REPAIR_R4,8,D_H8,origin,duplicate_encoding,SYMBOLIC_FRESH,32,32,32,1.0,0,0.0,0,0.0,0,0.0,32,1.0,0,0.0,32,1.0,0,0.0,32.0,1.0,128.0,128,1.0,0,0.0,0.0,0.0,0.0,0.0,0.0,0.0,0.0,0.0
61002,R1,96,61002_t96,late,DIRECT_REPAIR_R4,8,D_H8,origin,duplicate_encoding,IMAGE_CUE_FRESH,32,32,32,1.0,0,0.0,0,0.0,0,0.0,32,1.0,0,0.0,32,1.0,0,0.0,32.0,1.0,128.0,128,1.0,0,0.0,0.0,0.0,0.0,0.0,0.0,0.0,0.0,0.0
61002,R1,96,61002_t96,late,DIRECT_REPAIR_R4,8,D_H8,origin,cross_series,SYMBOLIC_FRESH,32,32,8,0.25,24,0.75,0,0.0,0,0.0,8,0.25,6,0.1875,14,0.4375,18,0.5625,18.666666666666664,0.5833333333333333,98.0,128,0.765625,0,0.0,0.0,0.0,0.0,0.0078125,0.0,0.0,-0.03125,-0.03125
61002,R1,96,61002_t96,late,DIRECT_REPAIR_R4,8,D_H8,origin,cross_series,IMAGE_CUE_FRESH,32,32,32,1.0,0,0.0,0,0.0,0,0.0,32,1.0,0,0.0,32,1.0,0,0.0,32.0,1.0,128.0,128,1.0,0,0.0,0.0,0.0,0.0,0.0,0.0,0.0,0.0,0.0
61002,R1,96,61002_t96,late,DIRECT_REPAIR_R4,8,D_H8,origin,trend,SYMBOLIC_FRESH,32,26,0,0.0,26,0.8125,0,0.0,6,0.1875,0,0.0,53,2.0384615384615383,53,2.0384615384615383,0,0.0,15.0,0.46875,25.0,128,0.1953125,10,0.3125,0.0,-0.015625,0.0,0.0,-0.09375,0.0,0.0,0.0
61002,R1,96,61002_t96,late,DIRECT_REPAIR_R4,8,D_H8,origin,trend,IMAGE_CUE_FRESH,32,32,32,1.0,0,0.0,0,0.0,0,0.0,32,1.0,0,0.0,32,1.0,0,0.0,32.0,1.0,128.0,128,1.0,0,0.0,0.0,0.0,0.0,0.0,0.0,0.0,0.0,0.0
61002,R1,96,61002_t96,late,DIRECT_REPAIR_R4,32,D,origin,ALL,ALL,2304,2269,1810,0.7855902777777778,443,0.19227430555555555,16,0.006944444444444444,35,0.015190972222222222,1820,0.8021154693697664,337,0.1485235786690172,2174,0.9581313353900397,250,0.11018069634200088,2051.6666666666665,0.890480324074074,8290.0,9216,0.8995225694444444,45,0.01953125,-0.00477430555555558,0.009476273148148029,0.02859455231283041,0.02354600694444442,-0.008680555555555556,-0.027875414859951042,-0.0018866309936993175,-0.02500448958717083
61002,R1,96,61002_t96,late,DIRECT_REPAIR_R4,32,D,origin,duplicate_encoding,SYMBOLIC_FRESH,384,384,384,1.0,0,0.0,0,0.0,0,0.0,384,1.0,0,0.0,384,1.0,0,0.0,384.0,1.0,1536.0,1536,1.0,0,0.0,0.0,0.0,0.0,0.0,0.0,0.0,0.0,0.0
61002,R1,96,61002_t96,late,DIRECT_REPAIR_R4,32,D,origin,duplicate_encoding,IMAGE_CUE_FRESH,384,384,384,1.0,0,0.0,0,0.0,0,0.0,384,1.0,0,0.0,384,1.0,0,0.0,384.0,1.0,1536.0,1536,1.0,0,0.0,0.0,0.0,0.0,0.0,0.0,0.0,0.0,0.0
61002,R1,96,61002_t96,late,DIRECT_REPAIR_R4,32,D,origin,cross_series,SYMBOLIC_FRESH,384,384,146,0.3802083333333333,222,0.578125,16,0.041666666666666664,0,0.0,156,0.40625,69,0.1796875,226,0.5885416666666666,185,0.4817708333333333,285.6666666666667,0.7439236111111112,1239.0,1536,0.806640625,0,0.0,-0.01302083333333337,0.02690972222222232,0.007240002234137621,0.01171875,0.0,0.0014242627345844583,0.04832020777479892,0.041624776586237644
61002,R1,96,61002_t96,late,DIRECT_REPAIR_R4,32,D,origin,cross_series,IMAGE_CUE_FRESH,384,384,384,1.0,0,0.0,0,0.0,0,0.0,384,1.0,0,0.0,384,1.0,0,0.0,384.0,1.0,1536.0,1536,1.0,0,0.0,0.0,0.0,0.0,0.0,0.0,0.0,0.0,0.0
61002,R1,96,61002_t96,late,DIRECT_REPAIR_R4,32,D,origin,trend,SYMBOLIC_FRESH,384,349,128,0.3333333333333333,221,0.5755208333333334,0,0.0,35,0.09114583333333333,128,0.3667621776504298,268,0.7679083094555874,412,1.180515759312321,65,0.18624641833810887,230.0,0.5989583333333334,907.0,1536,0.5904947916666666,45,0.1171875,-0.015625,0.02994791666666674,0.17922887447845975,0.12955729166666663,-0.05208333333333334,-0.10341326094606146,-0.2180566028251143,-0.2826421354245212
61002,R1,96,61002_t96,late,DIRECT_REPAIR_R4,32,D,origin,trend,IMAGE_CUE_FRESH,384,384,384,1.0,0,0.0,0,0.0,0,0.0,384,1.0,0,0.0,384,1.0,0,0.0,384.0,1.0,1536.0,1536,1.0,0,0.0,0.0,0.0,0.0,0.0,0.0,0.0,0.0,0.0
61003,R0,96,61003_t96,late,R3,8,D_H8,origin,ALL,ALL,192,191,136,0.7083333333333334,55,0.2864583333333333,0,0.0,1,0.005208333333333333,136,0.7120418848167539,57,0.29842931937172773,193,1.0104712041884816,19,0.09947643979057591,159.16666666666666,0.8289930555555555,652.0,768,0.8489583333333334,7,0.036458333333333336,0.0,0.0026041666666666297,0.009050907875682287,0.01822916666666674,0.0,-0.01136237050239508,-0.03135791467082544,-0.04272028517322046
61003,R0,96,61003_t96,late,R3,8,D_H8,origin,duplicate_encoding,SYMBOLIC_FRESH,32,32,32,1.0,0,0.0,0,0.0,0,0.0,32,1.0,0,0.0,32,1.0,0,0.0,32.0,1.0,128.0,128,1.0,0,0.0,0.0,0.0,0.0,0.0,0.0,0.0,0.0,0.0
61003,R0,96,61003_t96,late,R3,8,D_H8,origin,duplicate_encoding,IMAGE_CUE_FRESH,32,32,32,1.0,0,0.0,0,0.0,0,0.0,32,1.0,0,0.0,32,1.0,0,0.0,32.0,1.0,128.0,128,1.0,0,0.0,0.0,0.0,0.0,0.0,0.0,0.0,0.0,0.0
61003,R0,96,61003_t96,late,R3,8,D_H8,origin,cross_series,SYMBOLIC_FRESH,32,32,8,0.25,24,0.75,0,0.0,0,0.0,8,0.25,10,0.3125,18,0.5625,16,0.5,18.666666666666664,0.5833333333333333,94.0,128,0.734375,0,0.0,0.0,0.0,-0.06666666666666665,0.0234375,0.0,-0.016666666666666663,0.07916666666666666,0.0625
61003,R0,96,61003_t96,late,R3,8,D_H8,origin,cross_series,IMAGE_CUE_FRESH,32,32,32,1.0,0,0.0,0,0.0,0,0.0,32,1.0,0,0.0,32,1.0,0,0.0,32.0,1.0,128.0,128,1.0,0,0.0,0.0,0.0,0.0,0.0,0.0,0.0,0.0,0.0
61003,R0,96,61003_t96,late,R3,8,D_H8,origin,trend,SYMBOLIC_FRESH,32,31,0,0.0,31,0.96875,0,0.0,1,0.03125,0,0.0,47,1.5161290322580645,47,1.5161290322580645,3,0.0967741935483871,12.5,0.390625,46.0,128,0.359375,7,0.21875,0.0,0.015625,0.0967741935483871,0.0859375,0.0,0.0,-0.31720430107526876,-0.31720430107526876
61003,R0,96,61003_t96,late,R3,8,D_H8,origin,trend,IMAGE_CUE_FRESH,32,32,32,1.0,0,0.0,0,0.0,0,0.0,32,1.0,0,0.0,32,1.0,0,0.0,32.0,1.0,128.0,128,1.0,0,0.0,0.0,0.0,0.0,0.0,0.0,0.0,0.0,0.0
61003,R0,96,61003_t96,late,R3,32,D,origin,ALL,ALL,2304,2241,1808,0.7847222222222222,415,0.1801215277777778,18,0.0078125,63,0.02734375,1813,0.8090138331102187,413,0.18429272646140116,2243,1.000892458723784,183,0.08165997322623829,2020.5,0.876953125,8123.0,9216,0.8814019097222222,43,0.018663194444444444,0.0,0.0004340277777777901,-0.015401469338320928,-0.00911458333333337,-0.0008680555555555559,0.004027190189470731,0.0333577309137609,0.0378470446543272
61003,R0,96,61003_t96,late,R3,32,D,origin,duplicate_encoding,SYMBOLIC_FRESH,384,384,384,1.0,0,0.0,0,0.0,0,0.0,384,1.0,0,0.0,384,1.0,0,0.0,384.0,1.0,1536.0,1536,1.0,0,0.0,0.0,0.0,0.0,0.0,0.0,0.0,0.0,0.0
61003,R0,96,61003_t96,late,R3,32,D,origin,duplicate_encoding,IMAGE_CUE_FRESH,384,384,384,1.0,0,0.0,0,0.0,0,0.0,384,1.0,0,0.0,384,1.0,0,0.0,384.0,1.0,1536.0,1536,1.0,0,0.0,0.0,0.0,0.0,0.0,0.0,0.0,0.0,0.0
61003,R0,96,61003_t96,late,R3,32,D,origin,cross_series,SYMBOLIC_FRESH,384,381,144,0.375,219,0.5703125,18,0.046875,3,0.0078125,149,0.3910761154855643,76,0.1994750656167979,226,0.5931758530183727,175,0.45931758530183725,274.0,0.7135416666666666,1216.0,1536,0.7916666666666666,0,0.0,0.0,0.01302083333333326,-0.009268802132717746,-0.0026041666666667407,0.0,0.01411276470022399,0.01622899231836858,0.03296642893460311
61003,R0,96,61003_t96,late,R3,32,D,origin,cross_series,IMAGE_CUE_FRESH,384,384,384,1.0,0,0.0,0,0.0,0,0.0,384,1.0,0,0.0,384,1.0,0,0.0,384.0,1.0,1536.0,1536,1.0,0,0.0,0.0,0.0,0.0,0.0,0.0,0.0,0.0,0.0
61003,R0,96,61003_t96,late,R3,32,D,origin,trend,SYMBOLIC_FRESH,384,324,128,0.3333333333333333,196,0.5104166666666666,0,0.0,60,0.15625,128,0.3950617283950617,337,1.0401234567901234,481,1.4845679012345678,8,0.024691358024691357,210.5,0.5481770833333334,763.0,1536,0.4967447916666667,43,0.11197916666666667,0.0,-0.01041666666666663,-0.09421108099969888,-0.052083333333333315,-0.005208333333333329,0.004817825956037303,0.22000150557061127,0.2254215597711533
61003,R0,96,61003_t96,late,R3,32,D,origin,trend,IMAGE_CUE_FRESH,384,384,384,1.0,0,0.0,0,0.0,0,0.0,384,1.0,0,0.0,384,1.0,0,0.0,384.0,1.0,1536.0,1536,1.0,0,0.0,0.0,0.0,0.0,0.0,0.0,0.0,0.0,0.0
61004,R1,96,61004_t96,late,DIRECT_REPAIR_R4,8,D_H8,origin,ALL,ALL,192,192,136,0.7083333333333334,56,0.2916666666666667,0,0.0,0,0.0,136,0.7083333333333334,65,0.3385416666666667,201,1.046875,18,0.09375,159.16666666666666,0.8289930555555555,647.0,768,0.8424479166666666,8,0.041666666666666664,0.00520833333333337,-0.0026041666666667407,-0.0067791005291005235,0.00911458333333326,0.0,-0.005952380952380931,0.010499338624338661,0.004546957671957674
61004,R1,96,61004_t96,late,DIRECT_REPAIR_R4,8,D_H8,origin,duplicate_encoding,SYMBOLIC_FRESH,32,32,32,1.0,0,0.0,0,0.0,0,0.0,32,1.0,0,0.0,32,1.0,0,0.0,32.0,1.0,128.0,128,1.0,0,0.0,0.0,0.0,0.0,0.0,0.0,0.0,0.0,0.0
61004,R1,96,61004_t96,late,DIRECT_REPAIR_R4,8,D_H8,origin,duplicate_encoding,IMAGE_CUE_FRESH,32,32,32,1.0,0,0.0,0,0.0,0,0.0,32,1.0,0,0.0,32,1.0,0,0.0,32.0,1.0,128.0,128,1.0,0,0.0,0.0,0.0,0.0,0.0,0.0,0.0,0.0,0.0
61004,R1,96,61004_t96,late,DIRECT_REPAIR_R4,8,D_H8,origin,cross_series,SYMBOLIC_FRESH,32,32,8,0.25,24,0.75,0,0.0,0,0.0,8,0.25,7,0.21875,15,0.46875,17,0.53125,18.666666666666664,0.5833333333333333,97.0,128,0.7578125,0,0.0,0.0,0.0,0.0,0.0,0.0,0.0,0.0,0.0
61004,R1,96,61004_t96,late,DIRECT_REPAIR_R4,8,D_H8,origin,cross_series,IMAGE_CUE_FRESH,32,32,32,1.0,0,0.0,0,0.0,0,0.0,32,1.0,0,0.0,32,1.0,0,0.0,32.0,1.0,128.0,128,1.0,0,0.0,0.0,0.0,0.0,0.0,0.0,0.0,0.0,0.0
61004,R1,96,61004_t96,late,DIRECT_REPAIR_R4,8,D_H8,origin,trend,SYMBOLIC_FRESH,32,32,0,0.0,32,1.0,0,0.0,0,0.0,0,0.0,58,1.8125,58,1.8125,1,0.03125,12.5,0.390625,38.0,128,0.296875,8,0.25,0.0,-0.03125,-0.0032327586206896547,0.046875,0.0,0.0,-0.08405172413793105,-0.08405172413793105
61004,R1,96,61004_t96,late,DIRECT_REPAIR_R4,8,D_H8,origin,trend,IMAGE_CUE_FRESH,32,32,32,1.0,0,0.0,0,0.0,0,0.0,32,1.0,0,0.0,32,1.0,0,0.0,32.0,1.0,128.0,128,1.0,0,0.0,0.03125,0.015625,-0.03125,0.0078125,0.0,0.03125,0.0,0.03125
61004,R1,96,61004_t96,late,DIRECT_REPAIR_R4,32,D,origin,ALL,ALL,2304,2241,1826,0.7925347222222222,393,0.17057291666666666,22,0.009548611111111112,63,0.02734375,1826,0.8148148148148148,379,0.16912092815707275,2208,0.9852744310575636,201,0.08969210174029452,2051.6666666666665,0.890480324074074,8170.0,9216,0.8865017361111112,75,0.032552083333333336,0.00694444444444442,0.01815682870370361,0.004080268481666094,0.0029296875,0.01258680555555556,0.002622972591596495,0.0068618515098293476,0.003651840291091224
61004,R1,96,61004_t96,late,DIRECT_REPAIR_R4,32,D,origin,duplicate_encoding,SYMBOLIC_FRESH,384,384,384,1.0,0,0.0,0,0.0,0,0.0,384,1.0,0,0.0,384,1.0,0,0.0,384.0,1.0,1536.0,1536,1.0,0,0.0,0.0,0.0,0.0,0.0,0.0,0.0,0.0,0.0
61004,R1,96,61004_t96,late,DIRECT_REPAIR_R4,32,D,origin,duplicate_encoding,IMAGE_CUE_FRESH,384,384,384,1.0,0,0.0,0,0.0,0,0.0,384,1.0,0,0.0,384,1.0,0,0.0,384.0,1.0,1536.0,1536,1.0,0,0.0,0.0,0.0,0.0,0.0,0.0,0.0,0.0,0.0
61004,R1,96,61004_t96,late,DIRECT_REPAIR_R4,32,D,origin,cross_series,SYMBOLIC_FRESH,384,381,156,0.40625,203,0.5286458333333334,22,0.057291666666666664,3,0.0078125,156,0.4094488188976378,50,0.13123359580052493,208,0.5459317585301837,182,0.4776902887139108,278.6666666666667,0.7256944444444445,1249.0,1536,0.8131510416666666,0,0.0,0.0234375,0.02690972222222232,0.020018331041953108,0.01888020833333326,0.0,0.015268924717743604,-0.035433070866141725,-0.014914802316377096
61004,R1,96,61004_t96,late,DIRECT_REPAIR_R4,32,D,origin,cross_series,IMAGE_CUE_FRESH,384,384,384,1.0,0,0.0,0,0.0,0,0.0,384,1.0,0,0.0,384,1.0,0,0.0,384.0,1.0,1536.0,1536,1.0,0,0.0,0.0,0.0,0.0,0.0,0.0,0.0,0.0,0.0
61004,R1,96,61004_t96,late,DIRECT_REPAIR_R4,32,D,origin,trend,SYMBOLIC_FRESH,384,324,136,0.3541666666666667,188,0.4895833333333333,0,0.0,60,0.15625,136,0.41975308641975306,329,1.0154320987654322,466,1.4382716049382716,17,0.05246913580246913,238.0,0.6197916666666666,779.0,1536,0.5071614583333334,75,0.1953125,0.02083333333333337,0.08333333333333326,-0.0011586244498967974,-0.0006510416666666297,0.07552083333333333,0.01596759746076254,0.07221443315029019,0.04079526424426527
61004,R1,96,61004_t96,late,DIRECT_REPAIR_R4,32,D,origin,trend,IMAGE_CUE_FRESH,384,384,382,0.9947916666666666,2,0.005208333333333333,0,0.0,0,0.0,382,0.9947916666666666,0,0.0,382,0.9947916666666666,2,0.005208333333333333,383.0,0.9973958333333334,1534.0,1536,0.9986979166666666,0,0.0,-0.0026041666666667407,-0.0013020833333332593,0.0026041666666666665,-0.0006510416666667407,0.0,-0.0026041666666667407,0.0,-0.0026041666666667407
61003,R0,32,61003_t32,early,GDPO_R4,8,D_H8,origin,ALL,ALL,192,189,124,0.6458333333333334,64,0.3333333333333333,1,0.005208333333333333,3,0.015625,124,0.656084656084656,100,0.5291005291005291,241,1.2751322751322751,13,0.06878306878306878,157.16666666666666,0.8185763888888888,591.0,768,0.76953125,15,0.078125,-0.015625,0.006944444444444309,-0.001487201487201495,0.00520833333333337,0.010416666666666671,-0.03040183040183042,0.015587015587015585,0.015672815672815643
61003,R0,32,61003_t32,early,GDPO_R4,8,D_H8,origin,duplicate_encoding,SYMBOLIC_FRESH,32,32,32,1.0,0,0.0,0,0.0,0,0.0,32,1.0,0,0.0,32,1.0,0,0.0,32.0,1.0,128.0,128,1.0,0,0.0,0.03125,0.03125,0.0,0.03125,0.0,0.0,0.0,0.0
61003,R0,32,61003_t32,early,GDPO_R4,8,D_H8,origin,duplicate_encoding,IMAGE_CUE_FRESH,32,32,32,1.0,0,0.0,0,0.0,0,0.0,32,1.0,0,0.0,32,1.0,0,0.0,32.0,1.0,128.0,128,1.0,0,0.0,0.0,0.0,0.0,0.0,0.0,0.0,0.0,0.0
61003,R0,32,61003_t32,early,GDPO_R4,8,D_H8,origin,cross_series,SYMBOLIC_FRESH,32,30,8,0.25,21,0.65625,1,0.03125,2,0.0625,8,0.26666666666666666,24,0.8,44,1.4666666666666666,8,0.26666666666666666,23.0,0.71875,74.0,128,0.578125,4,0.125,0.0,0.11458333333333337,-0.002564102564102555,0.046875,0.0625,-0.041025641025641046,0.10769230769230775,0.1205128205128203
61003,R0,32,61003_t32,early,GDPO_R4,8,D_H8,origin,cross_series,IMAGE_CUE_FRESH,32,32,31,0.96875,1,0.03125,0,0.0,0,0.0,31,0.96875,0,0.0,32,1.0,0,0.0,31.666666666666668,0.9895833333333334,127.0,128,0.9921875,0,0.0,-0.03125,-0.01041666666666663,0.0,-0.0078125,0.0,-0.03125,0.0,0.0
61003,R0,32,61003_t32,early,GDPO_R4,8,D_H8,origin,trend,SYMBOLIC_FRESH,32,31,0,0.0,31,0.96875,0,0.0,1,0.03125,0,0.0,69,2.225806451612903,73,2.3548387096774195,0,0.0,14.5,0.453125,24.0,128,0.1875,11,0.34375,0.0,-0.015625,-0.03125,0.0078125,0.0,0.0,-0.055443548387096975,0.011088709677419484
61003,R0,32,61003_t32,early,GDPO_R4,8,D_H8,origin,trend,IMAGE_CUE_FRESH,32,32,21,0.65625,11,0.34375,0,0.0,0,0.0,21,0.65625,7,0.21875,28,0.875,5,0.15625,24.0,0.75,110.0,128,0.859375,0,0.0,-0.09375,-0.078125,0.0,-0.046875,0.0,-0.09375,0.09375,0.0
61003,R0,32,61003_t32,early,GDPO_R4,32,D,origin,ALL,ALL,2304,2270,1780,0.7725694444444444,467,0.2026909722222222,23,0.009982638888888888,34,0.014756944444444444,1791,0.7889867841409691,349,0.1537444933920705,2168,0.9550660792951542,237,0.10440528634361233,1985.8333333333333,0.8619068287037037,8252.0,9216,0.8953993055555556,33,0.014322916666666666,0.01258680555555558,0.0151186342592593,0.019516397454723444,0.01486545138888895,0.0,0.004097895252080264,-0.02447772883015173,-0.0329339207048458
61003,R0,32,61003_t32,early,GDPO_R4,32,D,origin,duplicate_encoding,SYMBOLIC_FRESH,384,384,383,0.9973958333333334,1,0.0026041666666666665,0,0.0,0,0.0,383,0.9973958333333334,1,0.0026041666666666665,384,1.0,0,0.0,383.0,0.9973958333333334,1534.0,1536,0.9986979166666666,0,0.0,0.0078125,0.00520833333333337,0.0,0.00455729166666663,-0.0026041666666666665,0.002617765448215903,-0.005228731505657093,-0.005221932114882533
61003,R0,32,61003_t32,early,GDPO_R4,32,D,origin,duplicate_encoding,IMAGE_CUE_FRESH,384,384,384,1.0,0,0.0,0,0.0,0,0.0,384,1.0,0,0.0,384,1.0,0,0.0,384.0,1.0,1536.0,1536,1.0,0,0.0,0.0,0.0,0.0,0.0,0.0,0.0,0.0,0.0
61003,R0,32,61003_t32,early,GDPO_R4,32,D,origin,cross_series,SYMBOLIC_FRESH,384,377,138,0.359375,220,0.5729166666666666,19,0.049479166666666664,7,0.018229166666666668,148,0.3925729442970822,88,0.23342175066312998,246,0.6525198938992043,158,0.41909814323607425,264.6666666666667,0.6892361111111112,1191.0,1536,0.775390625,0,0.0,0.020833333333333315,0.04513888888888895,0.05571016509399773,0.0390625,0.0,0.004594802220579508,-0.06439245698714324,-0.08518502413358264
61003,R0,32,61003_t32,early,GDPO_R4,32,D,origin,cross_series,IMAGE_CUE_FRESH,384,384,383,0.9973958333333334,1,0.0026041666666666665,0,0.0,0,0.0,384,1.0,1,0.0026041666666666665,385,1.0026041666666667,0,0.0,383.6666666666667,0.9991319444444445,1535.0,1536,0.9993489583333334,0,0.0,0.0078125,0.0026041666666667407,0.0,0.001953125,0.0,0.00520833333333337,-0.0026041666666666665,-0.0026041666666665186
61003,R0,32,61003_t32,early,GDPO_R4,32,D,origin,trend,SYMBOLIC_FRESH,384,357,127,0.3307291666666667,226,0.5885416666666666,4,0.010416666666666666,27,0.0703125,127,0.3557422969187675,258,0.7226890756302521,401,1.123249299719888,63,0.17647058823529413,197.0,0.5130208333333334,940.0,1536,0.6119791666666666,33,0.0859375,0.033854166666666685,0.033854166666666685,0.06185740771953481,0.04231770833333326,0.0026041666666666713,0.029094732448853466,-0.09679516505742702,-0.11457304985031258
61003,R0,32,61003_t32,early,GDPO_R4,32,D,origin,trend,IMAGE_CUE_FRESH,384,384,365,0.9505208333333334,19,0.049479166666666664,0,0.0,0,0.0,365,0.9505208333333334,1,0.0026041666666666665,368,0.9583333333333334,16,0.041666666666666664,373.5,0.97265625,1516.0,1536,0.9869791666666666,0,0.0,0.00520833333333337,0.00390625,-0.005208333333333336,0.0013020833333332593,0.0,0.00520833333333337,0.0,0.00520833333333337
61003,R0,32,61003_t32,early,R7,8,D_H8,origin,ALL,ALL,192,185,119,0.6197916666666666,64,0.3333333333333333,2,0.010416666666666666,7,0.036458333333333336,120,0.6486486486486487,97,0.5243243243243243,237,1.281081081081081,15,0.08108108108108109,154.0,0.8020833333333334,578.0,768,0.7526041666666666,17,0.08854166666666667,-0.04166666666666674,-0.00954861111111116,0.010810810810810811,-0.01171875,0.020833333333333343,-0.037837837837837784,0.010810810810810811,0.021621621621621623
61003,R0,32,61003_t32,early,R7,8,D_H8,origin,duplicate_encoding,SYMBOLIC_FRESH,32,32,29,0.90625,3,0.09375,0,0.0,0,0.0,30,0.9375,3,0.09375,33,1.03125,0,0.0,30.0,0.9375,123.0,128,0.9609375,1,0.03125,-0.0625,-0.03125,0.0,-0.0078125,0.03125,-0.0625,0.09375,0.03125
61003,R0,32,61003_t32,early,R7,8,D_H8,origin,duplicate_encoding,IMAGE_CUE_FRESH,32,32,32,1.0,0,0.0,0,0.0,0,0.0,32,1.0,0,0.0,32,1.0,0,0.0,32.0,1.0,128.0,128,1.0,0,0.0,0.0,0.0,0.0,0.0,0.0,0.0,0.0,0.0
61003,R0,32,61003_t32,early,R7,8,D_H8,origin,cross_series,SYMBOLIC_FRESH,32,30,5,0.15625,24,0.75,1,0.03125,2,0.0625,5,0.16666666666666666,31,1.0333333333333334,50,1.6666666666666667,9,0.3,21.0,0.65625,64.0,128,0.5,5,0.15625,-0.09375,0.05208333333333337,0.03076923076923077,-0.03125,0.09375,-0.14102564102564105,0.34102564102564115,0.3205128205128205
61003,R0,32,61003_t32,early,R7,8,D_H8,origin,cross_series,IMAGE_CUE_FRESH,32,32,32,1.0,0,0.0,0,0.0,0,0.0,32,1.0,0,0.0,32,1.0,0,0.0,32.0,1.0,128.0,128,1.0,0,0.0,0.0,0.0,0.0,0.0,0.0,0.0,0.0,0.0
61003,R0,32,61003_t32,early,R7,8,D_H8,origin,trend,SYMBOLIC_FRESH,32,27,0,0.0,26,0.8125,1,0.03125,5,0.15625,0,0.0,57,2.111111111111111,63,2.3333333333333335,0,0.0,14.5,0.453125,24.0,128,0.1875,11,0.34375,0.0,-0.015625,-0.03125,0.0078125,0.0,0.0,-0.17013888888888884,-0.010416666666666519
61003,R0,32,61003_t32,early,R7,8,D_H8,origin,trend,IMAGE_CUE_FRESH,32,32,21,0.65625,11,0.34375,0,0.0,0,0.0,21,0.65625,6,0.1875,27,0.84375,6,0.1875,24.5,0.765625,111.0,128,0.8671875,0,0.0,-0.09375,-0.0625,0.03125,-0.0390625,0.0,-0.09375,0.0625,-0.03125
61003,R0,32,61003_t32,early,R7,32,D,origin,ALL,ALL,2304,2256,1772,0.7690972222222222,461,0.20008680555555555,23,0.009982638888888888,48,0.020833333333333332,1782,0.7898936170212766,381,0.16888297872340424,2203,0.9765070921985816,223,0.09884751773049645,1985.8333333333333,0.8619068287037037,8169.0,9216,0.8863932291666666,45,0.01953125,0.00911458333333337,0.0151186342592593,0.013958628841607562,0.005859375,0.005208333333333334,0.005004728132387726,-0.009339243498817984,-0.011492907801418428
61003,R0,32,61003_t32,early,R7,32,D,origin,duplicate_encoding,SYMBOLIC_FRESH,384,384,380,0.9895833333333334,4,0.010416666666666666,0,0.0,0,0.0,380,0.9895833333333334,2,0.005208333333333333,382,0.9947916666666666,2,0.005208333333333333,380.0,0.9895833333333334,1530.0,1536,0.99609375,0,0.0,0.0,-0.0026041666666666297,0.005208333333333333,0.001953125,-0.0026041666666666665,-0.005194734551784097,-0.002624564838990426,-0.010430265448215903
61003,R0,32,61003_t32,early,R7,32,D,origin,duplicate_encoding,IMAGE_CUE_FRESH,384,384,384,1.0,0,0.0,0,0.0,0,0.0,384,1.0,0,0.0,384,1.0,0,0.0,384.0,1.0,1536.0,1536,1.0,0,0.0,0.0,0.0,0.0,0.0,0.0,0.0,0.0,0.0
61003,R0,32,61003_t32,early,R7,32,D,origin,cross_series,SYMBOLIC_FRESH,384,370,136,0.3541666666666667,212,0.5520833333333334,22,0.057291666666666664,14,0.036458333333333336,145,0.3918918918918919,97,0.26216216216216215,256,0.6918918918918919,148,0.4,258.6666666666667,0.6736111111111112,1158.0,1536,0.75390625,0,0.0,0.015625,0.02951388888888895,0.036612021857923505,0.017578125,0.0,0.003913749815389167,-0.03565204548811107,-0.045813026140895
61003,R0,32,61003_t32,early,R7,32,D,origin,cross_series,IMAGE_CUE_FRESH,384,384,383,0.9973958333333334,1,0.0026041666666666665,0,0.0,0,0.0,384,1.0,1,0.0026041666666666665,385,1.0026041666666667,0,0.0,383.6666666666667,0.9991319444444445,1535.0,1536,0.9993489583333334,0,0.0,0.0078125,0.0026041666666667407,0.0,0.001953125,0.0,0.00520833333333337,-0.0026041666666666665,-0.0026041666666665186
61003,R0,32,61003_t32,early,R7,32,D,origin,trend,SYMBOLIC_FRESH,384,350,124,0.3229166666666667,225,0.5859375,1,0.0026041666666666665,34,0.08854166666666667,124,0.35428571428571426,281,0.8028571428571428,431,1.2314285714285715,54,0.15428571428571428,205.5,0.53515625,893.0,1536,0.5813802083333334,45,0.1171875,0.026041666666666685,0.055989583333333315,0.03967253376995496,0.01171875,0.03385416666666667,0.027638149815800206,-0.016627097830536286,-0.006393778141629003
61003,R0,32,61003_t32,early,R7,32,D,origin,trend,IMAGE_CUE_FRESH,384,384,365,0.9505208333333334,19,0.049479166666666664,0,0.0,0,0.0,365,0.9505208333333334,0,0.0,365,0.9505208333333334,19,0.049479166666666664,374.0,0.9739583333333334,1517.0,1536,0.9876302083333334,0,0.0,0.00520833333333337,0.00520833333333337,0.0026041666666666644,0.001953125,0.0,0.00520833333333337,-0.0026041666666666665,-0.0026041666666666297
61002,R1,96,61002_t96,late,R5,8,D_H8,origin,ALL,ALL,192,186,136,0.7083333333333334,50,0.2604166666666667,0,0.0,6,0.03125,136,0.7311827956989247,62,0.3333333333333333,198,1.064516129032258,16,0.08602150537634409,161.16666666666666,0.8394097222222222,632.0,768,0.8229166666666666,10,0.052083333333333336,0.0,-0.005208333333333259,-0.010752688172043001,-0.0026041666666667407,-0.015624999999999993,0.0,0.010752688172043001,0.010752688172043001
61002,R1,96,61002_t96,late,R5,8,D_H8,origin,duplicate_encoding,SYMBOLIC_FRESH,32,32,32,1.0,0,0.0,0,0.0,0,0.0,32,1.0,0,0.0,32,1.0,0,0.0,32.0,1.0,128.0,128,1.0,0,0.0,0.0,0.0,0.0,0.0,0.0,0.0,0.0,0.0
61002,R1,96,61002_t96,late,R5,8,D_H8,origin,duplicate_encoding,IMAGE_CUE_FRESH,32,32,32,1.0,0,0.0,0,0.0,0,0.0,32,1.0,0,0.0,32,1.0,0,0.0,32.0,1.0,128.0,128,1.0,0,0.0,0.0,0.0,0.0,0.0,0.0,0.0,0.0,0.0
61002,R1,96,61002_t96,late,R5,8,D_H8,origin,cross_series,SYMBOLIC_FRESH,32,32,8,0.25,24,0.75,0,0.0,0,0.0,8,0.25,8,0.25,16,0.5,16,0.5,18.666666666666664,0.5833333333333333,96.0,128,0.75,0,0.0,0.0,0.0,-0.0625,-0.0078125,0.0,0.0,0.03125,0.03125
61002,R1,96,61002_t96,late,R5,8,D_H8,origin,cross_series,IMAGE_CUE_FRESH,32,32,32,1.0,0,0.0,0,0.0,0,0.0,32,1.0,0,0.0,32,1.0,0,0.0,32.0,1.0,128.0,128,1.0,0,0.0,0.0,0.0,0.0,0.0,0.0,0.0,0.0,0.0
61002,R1,96,61002_t96,late,R5,8,D_H8,origin,trend,SYMBOLIC_FRESH,32,26,0,0.0,26,0.8125,0,0.0,6,0.1875,0,0.0,54,2.076923076923077,54,2.076923076923077,0,0.0,14.5,0.453125,24.0,128,0.1875,10,0.3125,0.0,-0.03125,0.0,-0.0078125,-0.09375,0.0,0.03846153846153877,0.03846153846153877
61002,R1,96,61002_t96,late,R5,8,D_H8,origin,trend,IMAGE_CUE_FRESH,32,32,32,1.0,0,0.0,0,0.0,0,0.0,32,1.0,0,0.0,32,1.0,0,0.0,32.0,1.0,128.0,128,1.0,0,0.0,0.0,0.0,0.0,0.0,0.0,0.0,0.0,0.0
61002,R1,96,61002_t96,late,R5,32,D,origin,ALL,ALL,2304,2271,1810,0.7855902777777778,443,0.19227430555555555,18,0.0078125,33,0.014322916666666666,1813,0.7983267283135183,349,0.15367679436371642,2180,0.959929546455306,236,0.10391897842360194,2047.0,0.8884548611111112,8277.0,9216,0.8981119791666666,44,0.019097222222222224,-0.00477430555555558,0.00745081018518523,0.02233283439443147,0.02213541666666663,-0.009114583333333332,-0.0316641559161992,0.003266584700999914,-0.02320627852190449
61002,R1,96,61002_t96,late,R5,32,D,origin,duplicate_encoding,SYMBOLIC_FRESH,384,384,384,1.0,0,0.0,0,0.0,0,0.0,384,1.0,0,0.0,384,1.0,0,0.0,384.0,1.0,1536.0,1536,1.0,0,0.0,0.0,0.0,0.0,0.0,0.0,0.0,0.0,0.0
61002,R1,96,61002_t96,late,R5,32,D,origin,duplicate_encoding,IMAGE_CUE_FRESH,384,384,384,1.0,0,0.0,0,0.0,0,0.0,384,1.0,0,0.0,384,1.0,0,0.0,384.0,1.0,1536.0,1536,1.0,0,0.0,0.0,0.0,0.0,0.0,0.0,0.0,0.0,0.0
61002,R1,96,61002_t96,late,R5,32,D,origin,cross_series,SYMBOLIC_FRESH,384,384,146,0.3802083333333333,221,0.5755208333333334,17,0.044270833333333336,0,0.0,149,0.3880208333333333,72,0.1875,223,0.5807291666666666,179,0.4661458333333333,278.0,0.7239583333333334,1229.0,1536,0.8001302083333334,0,0.0,-0.01302083333333337,0.006944444444444531,-0.008384997765862379,0.00520833333333337,0.0,-0.016804903932082227,0.05613270777479892,0.033812276586237644
61002,R1,96,61002_t96,late,R5,32,D,origin,cross_series,IMAGE_CUE_FRESH,384,384,384,1.0,0,0.0,0,0.0,0,0.0,384,1.0,0,0.0,384,1.0,0,0.0,384.0,1.0,1536.0,1536,1.0,0,0.0,0.0,0.0,0.0,0.0,0.0,0.0,0.0,0.0
61002,R1,96,61002_t96,late,R5,32,D,origin,trend,SYMBOLIC_FRESH,384,351,128,0.3333333333333333,222,0.578125,1,0.0026041666666666665,33,0.0859375,128,0.3646723646723647,277,0.7891737891737892,421,1.1994301994301995,57,0.1623931623931624,233.0,0.6067708333333334,904.0,1536,0.5885416666666666,44,0.11458333333333333,-0.015625,0.03776041666666674,0.15537561853351328,0.12760416666666663,-0.054687500000000014,-0.10550307392412656,-0.1967911231069125,-0.26372769530664275
61002,R1,96,61002_t96,late,R5,32,D,origin,trend,IMAGE_CUE_FRESH,384,384,384,1.0,0,0.0,0,0.0,0,0.0,384,1.0,0,0.0,384,1.0,0,0.0,384.0,1.0,1536.0,1536,1.0,0,0.0,0.0,0.0,0.0,0.0,0.0,0.0,0.0,0.0
61004,R1,32,61004_t32,early,R2,8,D_H8,origin,ALL,ALL,192,189,114,0.59375,75,0.390625,0,0.0,3,0.015625,115,0.6084656084656085,114,0.6031746031746031,249,1.3174603174603174,17,0.08994708994708994,152.16666666666666,0.7925347222222222,568.0,768,0.7395833333333334,17,0.08854166666666667,0.0,-0.0008680555555555802,0.019676819676819668,0.00390625,-0.010416666666666657,-0.023966823966823925,0.024796224796224786,-0.028485628485628522
61004,R1,32,61004_t32,early,R2,8,D_H8,origin,duplicate_encoding,SYMBOLIC_FRESH,32,32,30,0.9375,2,0.0625,0,0.0,0,0.0,31,0.96875,2,0.0625,33,1.03125,0,0.0,31.0,0.96875,125.0,128,0.9765625,1,0.03125,0.03125,-0.03125,0.0,0.0,-0.0625,-0.03125,-0.03125,-0.0625
61004,R1,32,61004_t32,early,R2,8,D_H8,origin,duplicate_encoding,IMAGE_CUE_FRESH,32,32,32,1.0,0,0.0,0,0.0,0,0.0,32,1.0,0,0.0,32,1.0,0,0.0,32.0,1.0,128.0,128,1.0,0,0.0,0.0,0.0,0.0,0.0,0.0,0.0,0.0,0.0
61004,R1,32,61004_t32,early,R2,8,D_H8,origin,cross_series,SYMBOLIC_FRESH,32,30,8,0.25,22,0.6875,0,0.0,2,0.0625,8,0.26666666666666666,27,0.9,49,1.6333333333333333,7,0.23333333333333334,23.0,0.71875,71.0,128,0.5546875,5,0.15625,0.0625,0.05208333333333337,0.033333333333333326,0.0390625,0.03125,0.06666666666666665,-0.09999999999999998,-0.10000000000000009
61004,R1,32,61004_t32,early,R2,8,D_H8,origin,cross_series,IMAGE_CUE_FRESH,32,32,30,0.9375,2,0.0625,0,0.0,0,0.0,30,0.9375,1,0.03125,32,1.0,0,0.0,30.666666666666668,0.9583333333333334,125.0,128,0.9765625,0,0.0,-0.0625,-0.04166666666666663,0.0,-0.0234375,0.0,-0.0625,0.03125,0.0
61004,R1,32,61004_t32,early,R2,8,D_H8,origin,trend,SYMBOLIC_FRESH,32,31,0,0.0,31,0.96875,0,0.0,1,0.03125,0,0.0,71,2.2903225806451615,76,2.4516129032258065,1,0.03225806451612903,15.0,0.46875,22.0,128,0.171875,11,0.34375,0.0,-0.015625,-0.004778972520908004,0.03125,0.0,0.0,-0.043010752688172005,-0.17801672640382327
61004,R1,32,61004_t32,early,R2,8,D_H8,origin,trend,IMAGE_CUE_FRESH,32,32,14,0.4375,18,0.5625,0,0.0,0,0.0,14,0.4375,13,0.40625,27,0.84375,9,0.28125,20.5,0.640625,97.0,128,0.7578125,0,0.0,-0.03125,0.03125,0.09375,-0.0234375,-0.03125,-0.03125,0.0625,0.0
61004,R1,32,61004_t32,early,R2,32,D,origin,ALL,ALL,2304,2262,1740,0.7552083333333334,496,0.2152777777777778,26,0.011284722222222222,42,0.018229166666666668,1749,0.773209549071618,377,0.16666666666666666,2177,0.962422634836428,238,0.10521662245800177,1950.3333333333333,0.8464988425925926,8158.0,9216,0.8851996527777778,43,0.018663194444444444,-0.005208333333333259,-0.005859375,0.007125188813971589,0.00444878472222221,0.0,-0.01019036215785385,-0.013981358189081222,-0.016272438399257738
61004,R1,32,61004_t32,early,R2,32,D,origin,duplicate_encoding,SYMBOLIC_FRESH,384,384,370,0.9635416666666666,14,0.036458333333333336,0,0.0,0,0.0,371,0.9661458333333334,6,0.015625,380,0.9895833333333334,5,0.013020833333333334,371.0,0.9661458333333334,1517.0,1536,0.9876302083333334,1,0.0026041666666666665,-0.015625,-0.01302083333333326,0.0,-0.005208333333333259,0.0026041666666666665,-0.01302083333333326,0.0078125,0.0
61004,R1,32,61004_t32,early,R2,32,D,origin,duplicate_encoding,IMAGE_CUE_FRESH,384,384,384,1.0,0,0.0,0,0.0,0,0.0,384,1.0,0,0.0,384,1.0,0,0.0,384.0,1.0,1536.0,1536,1.0,0,0.0,0.0,0.0,0.0,0.0,0.0,0.0,0.0,0.0
61004,R1,32,61004_t32,early,R2,32,D,origin,cross_series,SYMBOLIC_FRESH,384,371,127,0.3307291666666667,222,0.578125,22,0.057291666666666664,13,0.033854166666666664,135,0.3638814016172507,96,0.2587601078167116,260,0.7008086253369272,143,0.38544474393531,247.33333333333331,0.6440972222222222,1152.0,1536,0.75,1,0.0026041666666666665,0.002604166666666685,0.0026041666666667407,0.009769068259634306,0.01692708333333337,-0.005208333333333334,-0.01179427405842498,-0.07367232461572082,-0.04513732060901876
61004,R1,32,61004_t32,early,R2,32,D,origin,cross_series,IMAGE_CUE_FRESH,384,384,384,1.0,0,0.0,0,0.0,0,0.0,384,1.0,0,0.0,384,1.0,0,0.0,384.0,1.0,1536.0,1536,1.0,0,0.0,0.0,0.0,0.0,0.0,0.0,0.0,0.0,0.0
61004,R1,32,61004_t32,early,R2,32,D,origin,trend,SYMBOLIC_FRESH,384,355,123,0.3203125,228,0.59375,4,0.010416666666666666,29,0.07552083333333333,123,0.3464788732394366,272,0.7661971830985915,413,1.1633802816901408,62,0.17464788732394365,198.0,0.515625,916.0,1536,0.5963541666666666,41,0.10677083333333333,-0.0078125,-0.01692708333333337,0.027673823923367286,0.01888020833333326,0.0026041666666666574,-0.01663351869139912,-0.04071924341437683,-0.05563989122052204
61004,R1,32,61004_t32,early,R2,32,D,origin,trend,IMAGE_CUE_FRESH,384,384,352,0.9166666666666666,32,0.08333333333333333,0,0.0,0,0.0,352,0.9166666666666666,3,0.0078125,356,0.9270833333333334,28,0.07291666666666667,366.0,0.953125,1501.0,1536,0.9772135416666666,0,0.0,-0.01041666666666674,-0.0078125,0.005208333333333343,-0.00390625,0.0,-0.01041666666666674,0.005208333333333334,-0.005208333333333259
ALL,ALL,96,ALL,late,R4,8,D_H8,stage,duplicate_encoding,SYMBOLIC_FRESH,128,128,128,1.0,0,0.0,0,0.0,0,0.0,128,1.0,0,0.0,128,1.0,0,0.0,128.0,1.0,512.0,512,1.0,0,0.0,0.0,0.0,0.0,0.0,0.0,0.0,0.0,0.0
ALL,ALL,96,ALL,late,R4,8,D_H8,stage,ALL,ALL,768,749,540,0.703125,209,0.2721354166666667,0,0.0,19,0.024739583333333332,540,0.7209612817089452,220,0.2937249666221629,760,1.014686248331108,81,0.1081441922563418,636.1666666666666,0.8283420138888888,2567.0,3072,0.8356119791666666,37,0.048177083333333336,-0.00390625,-0.0026041666666666297,0.009345794392523366,0.004231770833333259,0.0013020833333333356,-0.004005340453938633,-0.021361815754339097,-0.025367156208277786
ALL,ALL,96,ALL,late,R4,8,D_H8,stage,duplicate_encoding,IMAGE_CUE_FRESH,128,128,128,1.0,0,0.0,0,0.0,0,0.0,128,1.0,0,0.0,128,1.0,0,0.0,128.0,1.0,512.0,512,1.0,0,0.0,0.0,0.0,0.0,0.0,0.0,0.0,0.0,0.0
ALL,ALL,96,ALL,late,R4,8,D_H8,stage,cross_series,SYMBOLIC_FRESH,128,124,32,0.25,92,0.71875,0,0.0,4,0.03125,32,0.25806451612903225,25,0.20161290322580644,57,0.4596774193548387,68,0.5483870967741935,74.66666666666666,0.5833333333333333,379.0,512,0.740234375,0,0.0,0.0,0.0,-0.01258851298190411,0.005859375,0.0,-0.002098085496984037,-0.0016391292945187597,-0.0037372147915027965
ALL,ALL,96,ALL,late,R4,8,D_H8,stage,cross_series,IMAGE_CUE_FRESH,128,128,128,1.0,0,0.0,0,0.0,0,0.0,128,1.0,0,0.0,128,1.0,0,0.0,128.0,1.0,512.0,512,1.0,0,0.0,0.0,0.0,0.0,0.0,0.0,0.0,0.0,0.0
ALL,ALL,96,ALL,late,R4,8,D_H8,stage,trend,SYMBOLIC_FRESH,128,113,0,0.0,113,0.8828125,0,0.0,15,0.1171875,0,0.0,195,1.7256637168141593,195,1.7256637168141593,9,0.07964601769911504,51.5,0.40234375,144.0,512,0.28125,37,0.2890625,0.0,-0.00390625,0.04455829840086943,0.025390625,0.0078125,0.0,-0.1252134761682968,-0.1252134761682968
ALL,ALL,96,ALL,late,R4,8,D_H8,stage,trend,IMAGE_CUE_FRESH,128,128,124,0.96875,4,0.03125,0,0.0,0,0.0,124,0.96875,0,0.0,124,0.96875,4,0.03125,126.0,0.984375,508.0,512,0.9921875,0,0.0,-0.0234375,-0.01171875,0.0234375,-0.005859375,0.0,-0.0234375,0.0,-0.0234375
ALL,ALL,96,ALL,late,R4,32,D,stage,duplicate_encoding,SYMBOLIC_FRESH,1536,1536,1536,1.0,0,0.0,0,0.0,0,0.0,1536,1.0,0,0.0,1536,1.0,0,0.0,1536.0,1.0,6144.0,6144,1.0,0,0.0,0.0,0.0,0.0,0.0,0.0,0.0,0.0,0.0
ALL,ALL,96,ALL,late,R4,32,D,stage,ALL,ALL,9216,8981,7245,0.7861328125,1664,0.18055555555555555,72,0.0078125,235,0.025499131944444444,7271,0.8095980403073154,1532,0.17058234049660395,8885,0.9893107671751475,824,0.091749248413317,8155.166666666667,0.8848922164351852,32682.0,36864,0.8865559895833334,214,0.023220486111111112,-0.0010850694444444198,0.008698640046296391,0.0011161662138342576,0.0016547309027777901,0.0014105902777777797,-0.00711173142325916,0.022038542003407047,0.018097453332799662
ALL,ALL,96,ALL,late,R4,32,D,stage,duplicate_encoding,IMAGE_CUE_FRESH,1536,1536,1536,1.0,0,0.0,0,0.0,0,0.0,1536,1.0,0,0.0,1536,1.0,0,0.0,1536.0,1.0,6144.0,6144,1.0,0,0.0,0.0,0.0,0.0,0.0,0.0,0.0,0.0,0.0
ALL,ALL,96,ALL,late,R4,32,D,stage,cross_series,SYMBOLIC_FRESH,1536,1511,586,0.3815104166666667,858,0.55859375,67,0.043619791666666664,25,0.016276041666666668,612,0.40502978160158837,268,0.17736598279285243,902,0.5969556585043018,697,0.4612839179351423,1099.6666666666667,0.7159288194444445,4877.0,6144,0.7937825520833334,0,0.0,-0.005208333333333315,0.00889756944444453,-0.007967418963253425,0.00146484375,0.0,0.002623364489288904,0.028970260867718728,0.04347972267542477
ALL,ALL,96,ALL,late,R4,32,D,stage,cross_series,IMAGE_CUE_FRESH,1536,1536,1536,1.0,0,0.0,0,0.0,0,0.0,1536,1.0,0,0.0,1536,1.0,0,0.0,1536.0,1.0,6144.0,6144,1.0,0,0.0,0.0,0.0,0.0,0.0,0.0,0.0,0.0,0.0
ALL,ALL,96,ALL,late,R4,32,D,stage,trend,SYMBOLIC_FRESH,1536,1326,517,0.3365885416666667,804,0.5234375,5,0.0032552083333333335,210,0.13671875,517,0.389894419306184,1264,0.9532428355957768,1841,1.3883861236802413,125,0.0942684766214178,912.5,0.5940755208333334,3231.0,6144,0.52587890625,214,0.13932291666666666,-0.0006510416666666297,0.04361979166666674,0.012065763133788113,0.00862630208333337,0.008463541666666657,-0.023513401922866273,0.0761478635287377,0.058777185132755205
ALL,ALL,96,ALL,late,R4,32,D,stage,trend,IMAGE_CUE_FRESH,1536,1536,1534,0.9986979166666666,2,0.0013020833333333333,0,0.0,0,0.0,1534,0.9986979166666666,0,0.0,1534,0.9986979166666666,2,0.0013020833333333333,1535.0,0.9993489583333334,6142.0,6144,0.9996744791666666,0,0.0,-0.0006510416666667407,-0.0003255208333332593,0.0006510416666666666,-0.00016276041666674068,0.0,-0.0006510416666667407,0.0,-0.0006510416666667407
ALL,ALL,32,ALL,early,DIRECT_REPAIR_R4,8,D_H8,stage,duplicate_encoding,SYMBOLIC_FRESH,128,127,108,0.84375,18,0.140625,1,0.0078125,1,0.0078125,124,0.9763779527559056,19,0.14960629921259844,143,1.125984251968504,2,0.015748031496062992,124.0,0.96875,486.0,512,0.94921875,16,0.125,-0.078125,-0.0078125,0.007874015748031496,-0.0234375,0.0703125,-0.007874015748031482,0.08661417322834647,0.07086614173228356
ALL,ALL,32,ALL,early,DIRECT_REPAIR_R4,8,D_H8,stage,ALL,ALL,768,743,452,0.5885416666666666,286,0.3723958333333333,5,0.006510416666666667,25,0.032552083333333336,470,0.6325706594885598,399,0.5370121130551817,935,1.2584118438761775,75,0.1009421265141319,608.6666666666666,0.7925347222222222,2300.0,3072,0.7486979166666666,76,0.09895833333333333,-0.03776041666666674,-0.007378472222222321,0.03355668177019659,-0.00032552083333337034,0.01692708333333333,-0.025111281212248815,-0.019591660529723942,-0.06099516421007589
ALL,ALL,32,ALL,early,DIRECT_REPAIR_R4,8,D_H8,stage,duplicate_encoding,IMAGE_CUE_FRESH,128,128,128,1.0,0,0.0,0,0.0,0,0.0,128,1.0,0,0.0,128,1.0,0,0.0,128.0,1.0,512.0,512,1.0,0,0.0,0.0,0.0,0.0,0.0,0.0,0.0,0.0,0.0
ALL,ALL,32,ALL,early,DIRECT_REPAIR_R4,8,D_H8,stage,cross_series,SYMBOLIC_FRESH,128,117,30,0.234375,86,0.671875,1,0.0078125,11,0.0859375,31,0.26495726495726496,91,0.7777777777777778,166,1.4188034188034189,32,0.27350427350427353,82.33333333333333,0.6432291666666666,291.0,512,0.568359375,9,0.0703125,0.0234375,0.0,0.05128205128205132,0.048828125,-0.0234375,0.03418803418803418,-0.17948717948717952,-0.23076923076923062
ALL,ALL,32,ALL,early,DIRECT_REPAIR_R4,8,D_H8,stage,cross_series,IMAGE_CUE_FRESH,128,128,125,0.9765625,3,0.0234375,0,0.0,0,0.0,125,0.9765625,0,0.0,127,0.9921875,1,0.0078125,126.33333333333333,0.9869791666666666,509.0,512,0.994140625,0,0.0,-0.0234375,-0.01302083333333337,0.0078125,-0.005859375,0.0,-0.0234375,0.0,-0.0078125
ALL,ALL,32,ALL,early,DIRECT_REPAIR_R4,8,D_H8,stage,trend,SYMBOLIC_FRESH,128,115,0,0.0,113,0.8828125,2,0.015625,13,0.1015625,0,0.0,252,2.1913043478260867,271,2.356521739130435,6,0.05217391304347826,66.0,0.515625,93.0,512,0.181640625,50,0.390625,-0.0078125,0.05859375,0.017086193745232646,0.01953125,0.0625,-0.008771929824561403,-0.08939740655987816,-0.11716247139588098
ALL,ALL,32,ALL,early,DIRECT_REPAIR_R4,8,D_H8,stage,trend,IMAGE_CUE_FRESH,128,128,61,0.4765625,66,0.515625,1,0.0078125,0,0.0,62,0.484375,37,0.2890625,100,0.78125,34,0.265625,82.0,0.640625,409.0,512,0.798828125,1,0.0078125,-0.140625,-0.08203125,0.1171875,-0.041015625,-0.0078125,-0.1328125,0.03125,-0.109375
ALL,ALL,32,ALL,early,DIRECT_REPAIR_R4,32,D,stage,duplicate_encoding,SYMBOLIC_FRESH,1536,1536,1500,0.9765625,35,0.022786458333333332,1,0.0006510416666666666,0,0.0,1503,0.978515625,14,0.009114583333333334,1517,0.9876302083333334,22,0.014322916666666666,1503.0,0.978515625,6097.0,6144,0.9923502604166666,3,0.001953125,-0.001953125,-0.0006510416666666297,-0.0006607966883821932,-0.00048828125,0.0013020833333333335,-0.0012889352605862658,0.0032513911509229106,0.0006595242942454282
ALL,ALL,32,ALL,early,DIRECT_REPAIR_R4,32,D,stage,ALL,ALL,9216,9089,7028,0.7625868055555556,1949,0.2114800347222222,112,0.012152777777777778,127,0.013780381944444444,7061,0.7768731433601056,1279,0.1407195511057322,8502,0.9354164374518649,1097,0.12069534602266475,7873.833333333333,0.8543655960648148,33049.0,36864,0.8965115017361112,139,0.015082465277777778,0.001953125,0.00716145833333337,0.01950948766070089,0.01028103298611116,0.0003255208333333339,-0.004020129387317661,-0.019426741701538103,-0.02579380304464407
ALL,ALL,32,ALL,early,DIRECT_REPAIR_R4,32,D,stage,duplicate_encoding,IMAGE_CUE_FRESH,1536,1536,1536,1.0,0,0.0,0,0.0,0,0.0,1536,1.0,0,0.0,1536,1.0,0,0.0,1536.0,1.0,6144.0,6144,1.0,0,0.0,0.0006510416666666297,0.0006510416666666297,-0.0006510416666666666,0.00016276041666662966,0.0,0.0006510416666666297,0.0,0.0006510416666666297
ALL,ALL,32,ALL,early,DIRECT_REPAIR_R4,32,D,stage,cross_series,SYMBOLIC_FRESH,1536,1492,527,0.3430989583333333,878,0.5716145833333334,87,0.056640625,44,0.028645833333333332,556,0.3726541554959786,332,0.2225201072386059,943,0.6320375335120644,644,0.4316353887399464,1024.6666666666667,0.6671006944444445,4700.0,6144,0.7649739583333334,4,0.0026041666666666665,0.007161458333333315,0.02452256944444453,0.03598617052104769,0.02132161458333337,0.0006510416666666665,0.0007982751424775447,-0.043285467200551125,-0.04845192943830956
ALL,ALL,32,ALL,early,DIRECT_REPAIR_R4,32,D,stage,cross_series,IMAGE_CUE_FRESH,1536,1536,1532,0.9973958333333334,4,0.0026041666666666665,0,0.0,0,0.0,1533,0.998046875,1,0.0006510416666666666,1536,1.0,1,0.0006510416666666666,1534.6666666666667,0.9991319444444445,6140.0,6144,0.9993489583333334,0,0.0,0.0013020833333333703,0.0008680555555556912,0.0006510416666666666,0.00032552083333337034,0.0,-0.0006510416666666297,-0.001953125,-0.0026041666666667407
ALL,ALL,32,ALL,early,DIRECT_REPAIR_R4,32,D,stage,trend,SYMBOLIC_FRESH,1536,1453,471,0.306640625,958,0.6236979166666666,24,0.015625,83,0.054036458333333336,471,0.32415691672401925,930,0.6400550584996559,1504,1.0350997935306263,358,0.2463867859600826,777.0,0.505859375,3900.0,6144,0.634765625,132,0.0859375,0.0006510416666666852,0.013020833333333315,0.07889210888414222,0.0390625,0.0,-0.00941299101196369,-0.09592790814335328,-0.11252263372274496
ALL,ALL,32,ALL,early,DIRECT_REPAIR_R4,32,D,stage,trend,IMAGE_CUE_FRESH,1536,1536,1462,0.9518229166666666,74,0.048177083333333336,0,0.0,0,0.0,1462,0.9518229166666666,2,0.0013020833333333333,1466,0.9544270833333334,72,0.046875,1498.5,0.9755859375,6068.0,6144,0.9876302083333334,0,0.0,0.00390625,0.00455729166666663,0.0006510416666666644,0.0013020833333333703,0.0,0.00390625,-0.0013020833333333333,0.0006510416666667407
ALL,ALL,96,ALL,late,R5,8,D_H8,stage,duplicate_encoding,SYMBOLIC_FRESH,128,128,128,1.0,0,0.0,0,0.0,0,0.0,128,1.0,0,0.0,128,1.0,0,0.0,128.0,1.0,512.0,512,1.0,0,0.0,0.0,0.0,0.0,0.0,0.0,0.0,0.0,0.0
ALL,ALL,96,ALL,late,R5,8,D_H8,stage,ALL,ALL,768,755,542,0.7057291666666666,213,0.27734375,0,0.0,13,0.016927083333333332,542,0.7178807947019867,230,0.304635761589404,772,1.0225165562913907,76,0.10066225165562914,639.1666666666666,0.8322482638888888,2577.0,3072,0.8388671875,31,0.040364583333333336,-0.0013020833333333703,0.0013020833333333703,0.0018638537918107129,0.00748697916666663,-0.006510416666666664,-0.007085827460897143,-0.010451020787098031,-0.017536848247995174
ALL,ALL,96,ALL,late,R5,8,D_H8,stage,duplicate_encoding,IMAGE_CUE_FRESH,128,128,128,1.0,0,0.0,0,0.0,0,0.0,128,1.0,0,0.0,128,1.0,0,0.0,128.0,1.0,512.0,512,1.0,0,0.0,0.0,0.0,0.0,0.0,0.0,0.0,0.0,0.0
ALL,ALL,96,ALL,late,R5,8,D_H8,stage,cross_series,SYMBOLIC_FRESH,128,127,32,0.25,95,0.7421875,0,0.0,1,0.0078125,32,0.25196850393700787,29,0.2283464566929134,61,0.48031496062992124,67,0.5275590551181102,74.66666666666666,0.5833333333333333,384.0,512,0.75,0,0.0,0.0,0.0,-0.03341655463798743,0.015625,0.0,-0.008194097689008417,0.025094424172588198,0.016900326483579753
ALL,ALL,96,ALL,late,R5,8,D_H8,stage,cross_series,IMAGE_CUE_FRESH,128,128,128,1.0,0,0.0,0,0.0,0,0.0,128,1.0,0,0.0,128,1.0,0,0.0,128.0,1.0,512.0,512,1.0,0,0.0,0.0,0.0,0.0,0.0,0.0,0.0,0.0,0.0
ALL,ALL,96,ALL,late,R5,8,D_H8,stage,trend,SYMBOLIC_FRESH,128,116,0,0.0,116,0.90625,0,0.0,12,0.09375,0,0.0,201,1.7327586206896552,201,1.7327586206896552,7,0.0603448275862069,53.5,0.41796875,147.0,512,0.287109375,31,0.2421875,0.0,0.01171875,0.025257108287961287,0.03125,-0.0390625,0.0,-0.11811857229280087,-0.11811857229280087
ALL,ALL,96,ALL,late,R5,8,D_H8,stage,trend,IMAGE_CUE_FRESH,128,128,126,0.984375,2,0.015625,0,0.0,0,0.0,126,0.984375,0,0.0,126,0.984375,2,0.015625,127.0,0.9921875,510.0,512,0.99609375,0,0.0,-0.0078125,-0.00390625,0.0078125,-0.001953125,0.0,-0.0078125,0.0,-0.0078125
ALL,ALL,96,ALL,late,R5,32,D,stage,duplicate_encoding,SYMBOLIC_FRESH,1536,1536,1536,1.0,0,0.0,0,0.0,0,0.0,1536,1.0,0,0.0,1536,1.0,0,0.0,1536.0,1.0,6144.0,6144,1.0,0,0.0,0.0,0.0,0.0,0.0,0.0,0.0,0.0,0.0
ALL,ALL,96,ALL,late,R5,32,D,stage,ALL,ALL,9216,9133,7236,0.78515625,1790,0.19422743055555555,107,0.011610243055555556,83,0.009006076388888888,7244,0.7931676338552502,1268,0.13883718383882623,8583,0.9397788240446732,1010,0.11058797766341838,8114.666666666667,0.8804976851851852,33375.0,36864,0.9053548177083334,155,0.016818576388888888,-0.0020616319444444198,0.004304108796296391,0.01995489546393564,0.02045355902777779,-0.004991319444444444,-0.02354213787532433,-0.009706614654370671,-0.031434489797674714
ALL,ALL,96,ALL,late,R5,32,D,stage,duplicate_encoding,IMAGE_CUE_FRESH,1536,1536,1536,1.0,0,0.0,0,0.0,0,0.0,1536,1.0,0,0.0,1536,1.0,0,0.0,1536.0,1.0,6144.0,6144,1.0,0,0.0,0.0,0.0,0.0,0.0,0.0,0.0,0.0,0.0
ALL,ALL,96,ALL,late,R5,32,D,stage,cross_series,SYMBOLIC_FRESH,1536,1530,581,0.3782552083333333,869,0.5657552083333334,80,0.052083333333333336,6,0.00390625,589,0.38496732026143793,275,0.17973856209150327,871,0.569281045751634,710,0.46405228758169936,1087.6666666666667,0.7081163194444445,4904.0,6144,0.7981770833333334,0,0.0,-0.008463541666666685,0.0010850694444445308,-0.005199049316696347,0.005859375,0.0,-0.017439096850861535,0.03134284016636957,0.015805109922756966
ALL,ALL,96,ALL,late,R5,32,D,stage,cross_series,IMAGE_CUE_FRESH,1536,1536,1536,1.0,0,0.0,0,0.0,0,0.0,1536,1.0,0,0.0,1536,1.0,0,0.0,1536.0,1.0,6144.0,6144,1.0,0,0.0,0.0,0.0,0.0,0.0,0.0,0.0,0.0,0.0
ALL,ALL,96,ALL,late,R5,32,D,stage,trend,SYMBOLIC_FRESH,1536,1459,512,0.3333333333333333,920,0.5989583333333334,27,0.017578125,77,0.050130208333333336,512,0.35092529129540784,993,0.680603152844414,1569,1.0753941055517477,299,0.20493488690884168,883.5,0.5751953125,3896.0,6144,0.6341145833333334,155,0.10091145833333333,-0.00390625,0.02473958333333337,0.122732173421212,0.11686197916666674,-0.02994791666666667,-0.06248252993364245,-0.19649181922262515,-0.2542148329957383
ALL,ALL,96,ALL,late,R5,32,D,stage,trend,IMAGE_CUE_FRESH,1536,1536,1535,0.9993489583333334,1,0.0006510416666666666,0,0.0,0,0.0,1535,0.9993489583333334,0,0.0,1535,0.9993489583333334,1,0.0006510416666666666,1535.5,0.9996744791666666,6143.0,6144,0.9998372395833334,0,0.0,0.0,0.0,0.0,0.0,0.0,0.0,0.0,0.0
ALL,ALL,96,ALL,late,R1,8,D_H8,stage,duplicate_encoding,SYMBOLIC_FRESH,128,128,128,1.0,0,0.0,0,0.0,0,0.0,128,1.0,0,0.0,128,1.0,0,0.0,128.0,1.0,512.0,512,1.0,0,0.0,0.0,0.0,0.0,0.0,0.0,0.0,0.0,0.0
ALL,ALL,96,ALL,late,R1,8,D_H8,stage,ALL,ALL,768,743,543,0.70703125,200,0.2604166666666667,0,0.0,25,0.032552083333333336,543,0.730820995962315,220,0.2960969044414536,763,1.0269179004037685,72,0.09690444145356662,639.1666666666666,0.8322482638888888,2552.0,3072,0.8307291666666666,33,0.04296875,0.0,0.0013020833333333703,-0.001893956410251807,-0.0006510416666667407,-0.00390625,0.005854373799431101,-0.018989877935048416,-0.01313550413561737
ALL,ALL,96,ALL,late,R1,8,D_H8,stage,duplicate_encoding,IMAGE_CUE_FRESH,128,128,128,1.0,0,0.0,0,0.0,0,0.0,128,1.0,0,0.0,128,1.0,0,0.0,128.0,1.0,512.0,512,1.0,0,0.0,0.0,0.0,0.0,0.0,0.0,0.0,0.0,0.0
ALL,ALL,96,ALL,late,R1,8,D_H8,stage,cross_series,SYMBOLIC_FRESH,128,122,32,0.25,90,0.703125,0,0.0,6,0.046875,32,0.26229508196721313,26,0.21311475409836064,58,0.47540983606557374,65,0.5327868852459017,74.66666666666666,0.5833333333333333,372.0,512,0.7265625,0,0.0,0.0,0.0,-0.02818872451019594,-0.0078125,0.0,0.0021324803411968407,0.009862721578035444,0.011995201919232257
ALL,ALL,96,ALL,late,R1,8,D_H8,stage,cross_series,IMAGE_CUE_FRESH,128,128,128,1.0,0,0.0,0,0.0,0,0.0,128,1.0,0,0.0,128,1.0,0,0.0,128.0,1.0,512.0,512,1.0,0,0.0,0.0,0.0,0.0,0.0,0.0,0.0,0.0,0.0
ALL,ALL,96,ALL,late,R1,8,D_H8,stage,trend,SYMBOLIC_FRESH,128,109,0,0.0,109,0.8515625,0,0.0,19,0.1484375,0,0.0,194,1.7798165137614679,194,1.7798165137614679,6,0.05504587155963303,53.0,0.4140625,133.0,512,0.259765625,33,0.2578125,0.0,0.0078125,0.01995815226138742,0.00390625,-0.0234375,0.0,-0.07106067922098824,-0.07106067922098824
ALL,ALL,96,ALL,late,R1,8,D_H8,stage,trend,IMAGE_CUE_FRESH,128,128,127,0.9921875,1,0.0078125,0,0.0,0,0.0,127,0.9921875,0,0.0,127,0.9921875,1,0.0078125,127.5,0.99609375,511.0,512,0.998046875,0,0.0,0.0,0.0,0.0,0.0,0.0,0.0,0.0,0.0
ALL,ALL,96,ALL,late,R1,32,D,stage,duplicate_encoding,SYMBOLIC_FRESH,1536,1536,1536,1.0,0,0.0,0,0.0,0,0.0,1536,1.0,0,0.0,1536,1.0,0,0.0,1536.0,1.0,6144.0,6144,1.0,0,0.0,0.0,0.0,0.0,0.0,0.0,0.0,0.0,0.0
ALL,ALL,96,ALL,late,R1,32,D,stage,ALL,ALL,9216,8995,7252,0.7868923611111112,1638,0.177734375,105,0.011393229166666666,221,0.023980034722222224,7254,0.8064480266814897,1243,0.13818788215675376,8555,0.9510839355197331,924,0.10272373540856031,8086.666666666667,0.8774594907407408,32996.0,36864,0.8950737847222222,178,0.019314236111111112,-0.0003255208333332593,0.001265914351851971,0.012090653209077568,0.01017252604166663,-0.0024956597222222203,-0.010261745049084836,-0.010355916336443144,-0.020129378322614744
ALL,ALL,96,ALL,late,R1,32,D,stage,duplicate_encoding,IMAGE_CUE_FRESH,1536,1536,1536,1.0,0,0.0,0,0.0,0,0.0,1536,1.0,0,0.0,1536,1.0,0,0.0,1536.0,1.0,6144.0,6144,1.0,0,0.0,0.0,0.0,0.0,0.0,0.0,0.0,0.0,0.0
ALL,ALL,96,ALL,late,R1,32,D,stage,cross_series,SYMBOLIC_FRESH,1536,1512,596,0.3880208333333333,833,0.5423177083333334,83,0.054036458333333336,24,0.015625,598,0.3955026455026455,236,0.15608465608465608,837,0.5535714285714286,713,0.47156084656084657,1091.6666666666667,0.7107204861111112,4898.0,6144,0.7972005208333334,0,0.0,0.0013020833333333148,0.0036892361111111605,0.0023095096624508593,0.0048828125,0.0,-0.006903771609653941,0.007688934159522376,9.549274255160611e-05
ALL,ALL,96,ALL,late,R1,32,D,stage,cross_series,IMAGE_CUE_FRESH,1536,1536,1536,1.0,0,0.0,0,0.0,0,0.0,1536,1.0,0,0.0,1536,1.0,0,0.0,1536.0,1.0,6144.0,6144,1.0,0,0.0,0.0,0.0,0.0,0.0,0.0,0.0,0.0,0.0
ALL,ALL,96,ALL,late,R1,32,D,stage,trend,SYMBOLIC_FRESH,1536,1339,515,0.3352864583333333,802,0.5221354166666666,22,0.014322916666666666,197,0.12825520833333334,515,0.38461538461538464,1007,0.7520537714712472,1577,1.1777445855115758,208,0.1553398058252427,852.5,0.5550130208333334,3525.0,6144,0.57373046875,178,0.11588541666666667,-0.001953125,0.004557291666666741,0.07313709233761302,0.05647786458333337,-0.014973958333333329,-0.02879243661366565,-0.12504120059579193,-0.15186435303591028
ALL,ALL,96,ALL,late,R1,32,D,stage,trend,IMAGE_CUE_FRESH,1536,1536,1533,0.998046875,3,0.001953125,0,0.0,0,0.0,1533,0.998046875,0,0.0,1533,0.998046875,3,0.001953125,1534.5,0.9990234375,6141.0,6144,0.99951171875,0,0.0,-0.0013020833333333703,-0.0006510416666666297,0.0013020833333333335,-0.00032552083333337034,0.0,-0.0013020833333333703,0.0,-0.0013020833333333703
ALL,ALL,32,ALL,early,GDPO_R4,8,D_H8,stage,duplicate_encoding,SYMBOLIC_FRESH,128,128,122,0.953125,6,0.046875,0,0.0,0,0.0,128,1.0,7,0.0546875,135,1.0546875,0,0.0,128.0,1.0,505.0,512,0.986328125,6,0.046875,0.03125,0.0234375,-0.007874015748031496,0.013671875,-0.0078125,0.015748031496062964,-0.008304625984251968,-0.00043061023622037453
ALL,ALL,32,ALL,early,GDPO_R4,8,D_H8,stage,ALL,ALL,768,750,479,0.6236979166666666,268,0.3489583333333333,3,0.00390625,18,0.0234375,485,0.6466666666666666,431,0.5746666666666667,1005,1.34,54,0.072,626.0,0.8151041666666666,2304.0,3072,0.75,77,0.10026041666666667,-0.0026041666666667407,0.015190972222222099,0.00461455525606469,0.0009765625,0.01822916666666667,-0.011015274034142042,0.01806289308176101,0.02059299191374664
ALL,ALL,32,ALL,early,GDPO_R4,8,D_H8,stage,duplicate_encoding,IMAGE_CUE_FRESH,128,128,127,0.9921875,0,0.0,1,0.0078125,0,0.0,127,0.9921875,0,0.0,127,0.9921875,1,0.0078125,127.0,0.9921875,511.0,512,0.998046875,0,0.0,-0.0078125,-0.0078125,0.0078125,-0.001953125,0.0,-0.0078125,0.0,-0.0078125
ALL,ALL,32,ALL,early,GDPO_R4,8,D_H8,stage,cross_series,SYMBOLIC_FRESH,128,121,28,0.21875,92,0.71875,1,0.0078125,7,0.0546875,28,0.23140495867768596,123,1.0165289256198347,209,1.7272727272727273,28,0.23140495867768596,86.0,0.671875,268.0,512,0.5234375,14,0.109375,0.0078125,0.02864583333333337,0.009182736455463747,0.00390625,0.015625,0.0006357279084551748,0.05926396835487735,0.07770007770007781
ALL,ALL,32,ALL,early,GDPO_R4,8,D_H8,stage,cross_series,IMAGE_CUE_FRESH,128,128,125,0.9765625,3,0.0234375,0,0.0,0,0.0,125,0.9765625,0,0.0,127,0.9921875,1,0.0078125,127.0,0.9921875,509.0,512,0.994140625,0,0.0,-0.0234375,-0.0078125,0.0078125,-0.005859375,0.0,-0.0234375,0.0,-0.0078125
ALL,ALL,32,ALL,early,GDPO_R4,8,D_H8,stage,trend,SYMBOLIC_FRESH,128,117,1,0.0078125,115,0.8984375,1,0.0078125,11,0.0859375,1,0.008547008547008548,269,2.299145299145299,297,2.5384615384615383,2,0.017094017094017096,67.5,0.52734375,83.0,512,0.162109375,57,0.4453125,0.0,0.0703125,-0.017993702204228516,0.0,0.1171875,-0.00022492127755285515,0.018443544759334074,0.0647773279352224
ALL,ALL,32,ALL,early,GDPO_R4,8,D_H8,stage,trend,IMAGE_CUE_FRESH,128,128,76,0.59375,52,0.40625,0,0.0,0,0.0,76,0.59375,32,0.25,110,0.859375,22,0.171875,90.5,0.70703125,428.0,512,0.8359375,0,0.0,-0.0234375,-0.015625,0.0234375,-0.00390625,-0.015625,-0.0234375,-0.0078125,-0.03125
ALL,ALL,32,ALL,early,GDPO_R4,32,D,stage,duplicate_encoding,SYMBOLIC_FRESH,1536,1536,1522,0.9908854166666666,14,0.009114583333333334,0,0.0,0,0.0,1524,0.9921875,7,0.004557291666666667,1531,0.9967447916666666,7,0.004557291666666667,1524.0,0.9921875,6125.0,6144,0.9969075520833334,2,0.0013020833333333333,0.01236979166666663,0.01302083333333337,-0.010426421688382193,0.004069010416666741,0.0006510416666666666,0.012382939739413734,-0.0013059005157437563,0.009774107627578688
ALL,ALL,32,ALL,early,GDPO_R4,32,D,stage,ALL,ALL,9216,8994,7102,0.7706163194444444,1803,0.19563802083333334,89,0.009657118055555556,222,0.024088541666666668,7154,0.7954191683344451,1550,0.17233711363130977,8865,0.985657104736491,857,0.09528574605292417,7958.5,0.8635525173611112,32586.0,36864,0.8839518229166666,193,0.020941840277777776,0.00998263888888884,0.01634837962962976,-0.005900112309039696,-0.0022786458333333703,0.006184895833333332,0.014525895587021886,0.012190820824039467,0.024446864239982102
ALL,ALL,32,ALL,early,GDPO_R4,32,D,stage,duplicate_encoding,IMAGE_CUE_FRESH,1536,1535,1535,0.9993489583333334,0,0.0,0,0.0,1,0.0006510416666666666,1535,1.0,0,0.0,1535,1.0,0,0.0,1535.0,0.9993489583333334,6140.0,6144,0.9993489583333334,0,0.0,0.0,0.0,-0.0006510416666666666,-0.00048828125,0.0,0.0006510416666666297,0.0,0.0006510416666666297
ALL,ALL,32,ALL,early,GDPO_R4,32,D,stage,cross_series,SYMBOLIC_FRESH,1536,1477,539,0.3509114583333333,864,0.5625,74,0.048177083333333336,59,0.038411458333333336,587,0.3974272173324306,384,0.25998645903859174,1033,0.6993906567366283,590,0.3994583615436696,1026.6666666666667,0.6684027777777778,4634.0,6144,0.7542317708333334,7,0.004557291666666667,0.014973958333333315,0.02582465277777779,0.0038091433247708917,0.01057942708333337,0.002604166666666667,0.02557133697892955,-0.005819115400565289,0.018901193786254322
ALL,ALL,32,ALL,early,GDPO_R4,32,D,stage,cross_series,IMAGE_CUE_FRESH,1536,1536,1534,0.9986979166666666,2,0.0013020833333333333,0,0.0,0,0.0,1536,1.0,2,0.0013020833333333333,1538,1.0013020833333333,0,0.0,1535.3333333333333,0.9995659722222222,6142.0,6144,0.9996744791666666,0,0.0,0.0026041666666666297,0.0013020833333333703,0.0,0.0006510416666666297,0.0,0.0013020833333333703,-0.0013020833333333333,-0.0013020833333334814
ALL,ALL,32,ALL,early,GDPO_R4,32,D,stage,trend,SYMBOLIC_FRESH,1536,1374,505,0.3287760416666667,854,0.5559895833333334,15,0.009765625,162,0.10546875,505,0.3675400291120815,1150,0.8369723435225619,1750,1.2736535662299855,200,0.14556040756914118,838.5,0.5458984375,3477.0,6144,0.56591796875,184,0.11979166666666667,0.02278645833333337,0.053059895833333315,-0.021934269506799192,-0.02978515625,0.03385416666666667,0.03397012137609856,0.10098937687955267,0.12603113897661422
ALL,ALL,32,ALL,early,GDPO_R4,32,D,stage,trend,IMAGE_CUE_FRESH,1536,1536,1467,0.955078125,69,0.044921875,0,0.0,0,0.0,1467,0.955078125,7,0.004557291666666667,1478,0.9622395833333334,60,0.0390625,1499.0,0.9759114583333334,6068.0,6144,0.9876302083333334,0,0.0,0.00716145833333337,0.0048828125,-0.007161458333333336,0.0013020833333333703,0.0,0.00716145833333337,0.0019531250000000004,0.00846354166666674
ALL,ALL,32,ALL,early,R5,8,D_H8,stage,duplicate_encoding,SYMBOLIC_FRESH,128,127,115,0.8984375,12,0.09375,0,0.0,1,0.0078125,124,0.9763779527559056,11,0.08661417322834646,136,1.0708661417322836,1,0.007874015748031496,124.0,0.96875,494.0,512,0.96484375,9,0.0703125,-0.0234375,-0.0078125,0.0,-0.0078125,0.015625,-0.007874015748031482,0.023622047244094488,0.015748031496063186
ALL,ALL,32,ALL,early,R5,8,D_H8,stage,ALL,ALL,768,738,467,0.6080729166666666,268,0.3489583333333333,3,0.00390625,30,0.0390625,478,0.6476964769647696,404,0.5474254742547425,957,1.2967479674796747,67,0.09078590785907859,611.6666666666666,0.7964409722222222,2288.0,3072,0.7447916666666666,72,0.09375,-0.01822916666666674,-0.003472222222222321,0.02340046311514328,-0.00423177083333337,0.01171875,-0.009985463736039035,-0.00917829933016312,-0.02265904060657875
ALL,ALL,32,ALL,early,R5,8,D_H8,stage,duplicate_encoding,IMAGE_CUE_FRESH,128,128,128,1.0,0,0.0,0,0.0,0,0.0,128,1.0,0,0.0,128,1.0,0,0.0,128.0,1.0,512.0,512,1.0,0,0.0,0.0,0.0,0.0,0.0,0.0,0.0,0.0,0.0
ALL,ALL,32,ALL,early,R5,8,D_H8,stage,cross_series,SYMBOLIC_FRESH,128,115,29,0.2265625,84,0.65625,2,0.015625,13,0.1015625,30,0.2608695652173913,98,0.8521739130434782,176,1.5304347826086957,32,0.2782608695652174,82.66666666666667,0.6458333333333334,277.0,512,0.541015625,14,0.109375,0.015625,0.0026041666666667407,0.056038647342995185,0.021484375,0.015625,0.030100334448160515,-0.10509104422147908,-0.11913786696395379
ALL,ALL,32,ALL,early,R5,8,D_H8,stage,cross_series,IMAGE_CUE_FRESH,128,128,124,0.96875,4,0.03125,0,0.0,0,0.0,125,0.9765625,1,0.0078125,128,1.0,1,0.0078125,126.0,0.984375,508.0,512,0.9921875,0,0.0,-0.03125,-0.015625,0.0078125,-0.0078125,0.0,-0.0234375,0.0078125,0.0
ALL,ALL,32,ALL,early,R5,8,D_H8,stage,trend,SYMBOLIC_FRESH,128,112,1,0.0078125,110,0.859375,1,0.0078125,16,0.125,1,0.008928571428571428,264,2.357142857142857,286,2.5535714285714284,3,0.026785714285714284,61.5,0.48046875,73.0,512,0.142578125,48,0.375,0.0,0.0234375,-0.008302005012531328,-0.01953125,0.046875,0.00015664160401002505,0.07644110275689231,0.07988721804511245
ALL,ALL,32,ALL,early,R5,8,D_H8,stage,trend,IMAGE_CUE_FRESH,128,128,70,0.546875,58,0.453125,0,0.0,0,0.0,70,0.546875,30,0.234375,103,0.8046875,30,0.234375,89.5,0.69921875,424.0,512,0.828125,1,0.0078125,-0.0703125,-0.0234375,0.0859375,-0.01171875,-0.0078125,-0.0703125,-0.0234375,-0.0859375
ALL,ALL,32,ALL,early,R5,32,D,stage,duplicate_encoding,SYMBOLIC_FRESH,1536,1536,1496,0.9739583333333334,39,0.025390625,1,0.0006510416666666666,0,0.0,1500,0.9765625,11,0.007161458333333333,1515,0.986328125,26,0.016927083333333332,1500.0,0.9765625,6097.0,6144,0.9923502604166666,4,0.0026041666666666665,-0.00455729166666663,-0.0026041666666666297,0.0019433699782844729,-0.00048828125,0.001953125,-0.003242060260586266,0.0012982661509229098,-0.0006425590390879421
ALL,ALL,32,ALL,early,R5,32,D,stage,ALL,ALL,9216,9089,6989,0.7583550347222222,1980,0.21484375,120,0.013020833333333334,127,0.013780381944444444,7026,0.7730223346902849,1443,0.1587633403014633,8676,0.9545604576961162,949,0.10441192650456596,7782.333333333333,0.8444372106481481,32850.0,36864,0.89111328125,123,0.013346354166666666,-0.0022786458333333703,-0.0027669270833332593,0.0032260681426020954,0.0048828125,-0.001410590277777778,-0.007870938057138344,-0.0013829525058070002,-0.006649782800392745
ALL,ALL,32,ALL,early,R5,32,D,stage,duplicate_encoding,IMAGE_CUE_FRESH,1536,1536,1535,0.9993489583333334,1,0.0006510416666666666,0,0.0,0,0.0,1535,0.9993489583333334,0,0.0,1535,0.9993489583333334,1,0.0006510416666666666,1535.0,0.9993489583333334,6143.0,6144,0.9998372395833334,0,0.0,0.0,0.0,0.0,0.0,0.0,0.0,0.0,0.0
ALL,ALL,32,ALL,early,R5,32,D,stage,cross_series,SYMBOLIC_FRESH,1536,1495,517,0.3365885416666667,884,0.5755208333333334,94,0.061197916666666664,41,0.026692708333333332,547,0.3658862876254181,360,0.2408026755852843,976,0.6528428093645485,614,0.4107023411371237,1006.6666666666666,0.6553819444444444,4672.0,6144,0.7604166666666666,3,0.001953125,0.0006510416666666852,0.01280381944444442,0.015053122918225026,0.01676432291666663,0.0,-0.005969592728082951,-0.025002898853872746,-0.02764665358582541
ALL,ALL,32,ALL,early,R5,32,D,stage,cross_series,IMAGE_CUE_FRESH,1536,1536,1534,0.9986979166666666,2,0.0013020833333333333,0,0.0,0,0.0,1536,1.0,2,0.0013020833333333333,1538,1.0013020833333333,0,0.0,1534.6666666666667,0.9991319444444445,6142.0,6144,0.9996744791666666,0,0.0,0.0026041666666666297,0.0008680555555556912,0.0,0.0006510416666666297,0.0,0.0013020833333333703,-0.0013020833333333333,-0.0013020833333334814
ALL,ALL,32,ALL,early,R5,32,D,stage,trend,SYMBOLIC_FRESH,1536,1451,449,0.2923177083333333,978,0.63671875,24,0.015625,85,0.055338541666666664,449,0.3094417643004824,1066,0.7346657477601654,1647,1.1350792556857339,237,0.1633356305995865,712.5,0.4638671875,3736.0,6144,0.6080729166666666,116,0.07552083333333333,-0.013671875,-0.028971354166666685,-0.004159046476353873,0.01236979166666663,-0.010416666666666671,-0.024128143435500515,-0.0013172188828438625,-0.012543171567637401
ALL,ALL,32,ALL,early,R5,32,D,stage,trend,IMAGE_CUE_FRESH,1536,1535,1458,0.94921875,76,0.049479166666666664,1,0.0006510416666666666,1,0.0006510416666666666,1459,0.9504885993485342,4,0.0026058631921824105,1465,0.9543973941368078,71,0.04625407166123779,1493.5,0.9723307291666666,6060.0,6144,0.986328125,0,0.0,0.0013020833333333703,0.0013020833333332593,3.011332790445187e-05,0.0,0.0,0.002571932681867617,1.6965255157440177e-06,0.0006213524701411677
ALL,ALL,32,ALL,early,R0,8,D_H8,stage,duplicate_encoding,SYMBOLIC_FRESH,128,127,118,0.921875,8,0.0625,1,0.0078125,1,0.0078125,125,0.984251968503937,8,0.06299212598425197,134,1.0551181102362204,1,0.007874015748031496,125.0,0.9765625,498.0,512,0.97265625,7,0.0546875,0.0,0.0,0.0,0.0,0.0,0.0,0.0,0.0
ALL,ALL,32,ALL,early,R0,8,D_H8,stage,ALL,ALL,768,742,481,0.6263020833333334,257,0.3346354166666667,4,0.005208333333333333,26,0.033854166666666664,488,0.6576819407008087,413,0.5566037735849056,979,1.3194070080862534,50,0.0673854447439353,614.3333333333334,0.7999131944444445,2301.0,3072,0.7490234375,63,0.08203125,0.0,0.0,0.0,0.0,0.0,0.0,0.0,0.0
ALL,ALL,32,ALL,early,R0,8,D_H8,stage,duplicate_encoding,IMAGE_CUE_FRESH,128,128,128,1.0,0,0.0,0,0.0,0,0.0,128,1.0,0,0.0,128,1.0,0,0.0,128.0,1.0,512.0,512,1.0,0,0.0,0.0,0.0,0.0,0.0,0.0,0.0,0.0,0.0
ALL,ALL,32,ALL,early,R0,8,D_H8,stage,cross_series,SYMBOLIC_FRESH,128,117,27,0.2109375,88,0.6875,2,0.015625,11,0.0859375,27,0.23076923076923078,112,0.9572649572649573,193,1.6495726495726495,26,0.2222222222222222,82.33333333333333,0.6432291666666666,266.0,512,0.51953125,12,0.09375,0.0,0.0,0.0,0.0,0.0,0.0,0.0,0.0
ALL,ALL,32,ALL,early,R0,8,D_H8,stage,cross_series,IMAGE_CUE_FRESH,128,128,128,1.0,0,0.0,0,0.0,0,0.0,128,1.0,0,0.0,128,1.0,0,0.0,128.0,1.0,512.0,512,1.0,0,0.0,0.0,0.0,0.0,0.0,0.0,0.0,0.0,0.0
ALL,ALL,32,ALL,early,R0,8,D_H8,stage,trend,SYMBOLIC_FRESH,128,114,1,0.0078125,113,0.8828125,0,0.0,14,0.109375,1,0.008771929824561403,260,2.280701754385965,282,2.473684210526316,4,0.03508771929824561,58.5,0.45703125,83.0,512,0.162109375,42,0.328125,0.0,0.0,0.0,0.0,0.0,0.0,0.0,0.0
ALL,ALL,32,ALL,early,R0,8,D_H8,stage,trend,IMAGE_CUE_FRESH,128,128,79,0.6171875,48,0.375,1,0.0078125,0,0.0,79,0.6171875,33,0.2578125,114,0.890625,19,0.1484375,92.5,0.72265625,430.0,512,0.83984375,2,0.015625,0.0,0.0,0.0,0.0,0.0,0.0,0.0,0.0
ALL,ALL,32,ALL,early,R0,32,D,stage,duplicate_encoding,SYMBOLIC_FRESH,1536,1535,1503,0.978515625,31,0.020182291666666668,1,0.0006510416666666666,1,0.0006510416666666666,1504,0.9798045602605863,9,0.005863192182410423,1515,0.9869706840390879,23,0.01498371335504886,1504.0,0.9791666666666666,6100.0,6144,0.9928385416666666,1,0.0006510416666666666,0.0,0.0,0.0,0.0,0.0,0.0,0.0,0.0
ALL,ALL,32,ALL,early,R0,32,D,stage,ALL,ALL,9216,9023,7010,0.7606336805555556,1917,0.2080078125,96,0.010416666666666666,193,0.020941840277777776,7046,0.7808932727474233,1445,0.1601462928072703,8673,0.9612102404965089,913,0.10118585836196387,7807.833333333333,0.8472041377314814,32670.0,36864,0.88623046875,136,0.014756944444444444,0.0,0.0,0.0,0.0,0.0,0.0,0.0,0.0
ALL,ALL,32,ALL,early,R0,32,D,stage,duplicate_encoding,IMAGE_CUE_FRESH,1536,1536,1535,0.9993489583333334,1,0.0006510416666666666,0,0.0,0,0.0,1535,0.9993489583333334,0,0.0,1535,0.9993489583333334,1,0.0006510416666666666,1535.0,0.9993489583333334,6143.0,6144,0.9998372395833334,0,0.0,0.0,0.0,0.0,0.0,0.0,0.0,0.0,0.0
ALL,ALL,32,ALL,early,R0,32,D,stage,cross_series,SYMBOLIC_FRESH,1536,1471,516,0.3359375,879,0.572265625,76,0.049479166666666664,65,0.042317708333333336,547,0.37185588035350103,391,0.26580557443915703,1001,0.6804894629503739,582,0.3956492182188987,987.0,0.642578125,4569.0,6144,0.74365234375,3,0.001953125,0.0,0.0,0.0,0.0,0.0,0.0,0.0,0.0
ALL,ALL,32,ALL,early,R0,32,D,stage,cross_series,IMAGE_CUE_FRESH,1536,1536,1530,0.99609375,6,0.00390625,0,0.0,0,0.0,1534,0.9986979166666666,4,0.0026041666666666665,1540,1.0026041666666667,0,0.0,1533.3333333333333,0.9982638888888888,6138.0,6144,0.9990234375,0,0.0,0.0,0.0,0.0,0.0,0.0,0.0,0.0,0.0
ALL,ALL,32,ALL,early,R0,32,D,stage,trend,SYMBOLIC_FRESH,1536,1409,470,0.3059895833333333,920,0.5989583333333334,19,0.012369791666666666,127,0.08268229166666667,470,0.33356990773598294,1037,0.7359829666430092,1617,1.1476224272533713,236,0.16749467707594037,757.0,0.4928385416666667,3660.0,6144,0.595703125,132,0.0859375,0.0,0.0,0.0,0.0,0.0,0.0,0.0,0.0
ALL,ALL,32,ALL,early,R0,32,D,stage,trend,IMAGE_CUE_FRESH,1536,1536,1456,0.9479166666666666,80,0.052083333333333336,0,0.0,0,0.0,1456,0.9479166666666666,4,0.0026041666666666665,1465,0.9537760416666666,71,0.046223958333333336,1491.5,0.9710286458333334,6060.0,6144,0.986328125,0,0.0,0.0,0.0,0.0,0.0,0.0,0.0,0.0,0.0
ALL,ALL,96,ALL,late,R2,8,D_H8,stage,duplicate_encoding,SYMBOLIC_FRESH,128,128,128,1.0,0,0.0,0,0.0,0,0.0,128,1.0,0,0.0,128,1.0,0,0.0,128.0,1.0,512.0,512,1.0,0,0.0,0.0,0.0,0.0,0.0,0.0,0.0,0.0,0.0
ALL,ALL,96,ALL,late,R2,8,D_H8,stage,ALL,ALL,768,751,543,0.70703125,208,0.2708333333333333,0,0.0,17,0.022135416666666668,543,0.7230359520639148,215,0.2862849533954727,758,1.0093209054593875,80,0.10652463382157124,637.6666666666666,0.8302951388888888,2581.0,3072,0.8401692708333334,34,0.044270833333333336,0.0,-0.0006510416666666297,0.007726235957752806,0.0087890625,-0.0026041666666666644,-0.0019306700989690784,-0.028801828981029287,-0.03073249907999842
ALL,ALL,96,ALL,late,R2,8,D_H8,stage,duplicate_encoding,IMAGE_CUE_FRESH,128,128,128,1.0,0,0.0,0,0.0,0,0.0,128,1.0,0,0.0,128,1.0,0,0.0,128.0,1.0,512.0,512,1.0,0,0.0,0.0,0.0,0.0,0.0,0.0,0.0,0.0,0.0
ALL,ALL,96,ALL,late,R2,8,D_H8,stage,cross_series,SYMBOLIC_FRESH,128,127,32,0.25,95,0.7421875,0,0.0,1,0.0078125,32,0.25196850393700787,27,0.2125984251968504,59,0.4645669291338583,69,0.5433070866141733,74.66666666666666,0.5833333333333333,386.0,512,0.75390625,0,0.0,0.0,0.0,-0.017668523141924353,0.01953125,0.0,-0.008194097689008417,0.009346392676525206,0.0011522949875167887
ALL,ALL,96,ALL,late,R2,8,D_H8,stage,cross_series,IMAGE_CUE_FRESH,128,128,128,1.0,0,0.0,0,0.0,0,0.0,128,1.0,0,0.0,128,1.0,0,0.0,128.0,1.0,512.0,512,1.0,0,0.0,0.0,0.0,0.0,0.0,0.0,0.0,0.0,0.0
ALL,ALL,96,ALL,late,R2,8,D_H8,stage,trend,SYMBOLIC_FRESH,128,112,0,0.0,112,0.875,0,0.0,16,0.125,0,0.0,188,1.6785714285714286,188,1.6785714285714286,10,0.08928571428571429,51.5,0.40234375,148.0,512,0.2890625,34,0.265625,0.0,-0.00390625,0.054197994987468676,0.033203125,-0.015625,0.0,-0.17230576441102752,-0.17230576441102752
ALL,ALL,96,ALL,late,R2,8,D_H8,stage,trend,IMAGE_CUE_FRESH,128,128,127,0.9921875,1,0.0078125,0,0.0,0,0.0,127,0.9921875,0,0.0,127,0.9921875,1,0.0078125,127.5,0.99609375,511.0,512,0.998046875,0,0.0,0.0,0.0,0.0,0.0,0.0,0.0,0.0,0.0
ALL,ALL,96,ALL,late,R2,32,D,stage,duplicate_encoding,SYMBOLIC_FRESH,1536,1536,1536,1.0,0,0.0,0,0.0,0,0.0,1536,1.0,0,0.0,1536,1.0,0,0.0,1536.0,1.0,6144.0,6144,1.0,0,0.0,0.0,0.0,0.0,0.0,0.0,0.0,0.0,0.0
ALL,ALL,96,ALL,late,R2,32,D,stage,ALL,ALL,9216,9131,7245,0.7861328125,1776,0.19270833333333334,110,0.011935763888888888,85,0.009223090277777778,7247,0.7936699156718869,1228,0.13448691271492716,8541,0.935384952360092,1042,0.11411674515387142,8119.166666666667,0.8809859664351852,33412.0,36864,0.9063585069444444,148,0.016059027777777776,-0.0010850694444444198,0.004792390046296391,0.02348366295438868,0.02145724826388884,-0.005750868055555556,-0.023039856058687636,-0.014056885778269745,-0.03582836148225588
ALL,ALL,96,ALL,late,R2,32,D,stage,duplicate_encoding,IMAGE_CUE_FRESH,1536,1536,1536,1.0,0,0.0,0,0.0,0,0.0,1536,1.0,0,0.0,1536,1.0,0,0.0,1536.0,1.0,6144.0,6144,1.0,0,0.0,0.0,0.0,0.0,0.0,0.0,0.0,0.0,0.0
ALL,ALL,96,ALL,late,R2,32,D,stage,cross_series,SYMBOLIC_FRESH,1536,1529,591,0.384765625,857,0.5579427083333334,81,0.052734375,7,0.004557291666666667,593,0.38783518639633746,263,0.17200784826684107,857,0.5604970568999346,717,0.46893394375408765,1091.6666666666667,0.7107204861111112,4917.0,6144,0.80029296875,0,0.0,-0.001953125,0.0036892361111111605,-0.00031739314430806465,0.00797526041666663,0.0,-0.014571230715962002,0.023612126341707368,0.007021121071057568
ALL,ALL,96,ALL,late,R2,32,D,stage,cross_series,IMAGE_CUE_FRESH,1536,1536,1536,1.0,0,0.0,0,0.0,0,0.0,1536,1.0,0,0.0,1536,1.0,0,0.0,1536.0,1.0,6144.0,6144,1.0,0,0.0,0.0,0.0,0.0,0.0,0.0,0.0,0.0,0.0
ALL,ALL,96,ALL,late,R2,32,D,stage,trend,SYMBOLIC_FRESH,1536,1458,511,0.3326822916666667,918,0.59765625,29,0.018880208333333332,78,0.05078125,511,0.350480109739369,965,0.6618655692729767,1541,1.0569272976680384,324,0.2222222222222222,884.0,0.5755208333333334,3920.0,6144,0.6380208333333334,148,0.09635416666666667,-0.00455729166666663,0.02506510416666674,0.1400195087345925,0.12076822916666674,-0.03450520833333333,-0.06292771148968129,-0.21522940279406244,-0.2726816408794477
ALL,ALL,96,ALL,late,R2,32,D,stage,trend,IMAGE_CUE_FRESH,1536,1536,1535,0.9993489583333334,1,0.0006510416666666666,0,0.0,0,0.0,1535,0.9993489583333334,0,0.0,1535,0.9993489583333334,1,0.0006510416666666666,1535.5,0.9996744791666666,6143.0,6144,0.9998372395833334,0,0.0,0.0,0.0,0.0,0.0,0.0,0.0,0.0,0.0
ALL,ALL,32,ALL,early,R7,8,D_H8,stage,duplicate_encoding,SYMBOLIC_FRESH,128,128,121,0.9453125,6,0.046875,1,0.0078125,0,0.0,125,0.9765625,6,0.046875,131,1.0234375,1,0.0078125,125.0,0.9765625,503.0,512,0.982421875,4,0.03125,0.0234375,0.0,-6.151574803149595e-05,0.009765625,-0.0234375,-0.007689468503937036,-0.016117125984251968,-0.031680610236220375
ALL,ALL,32,ALL,early,R7,8,D_H8,stage,ALL,ALL,768,744,473,0.6158854166666666,264,0.34375,7,0.009114583333333334,24,0.03125,477,0.6411290322580645,427,0.5739247311827957,993,1.3346774193548387,52,0.06989247311827956,612.1666666666666,0.7970920138888888,2282.0,3072,0.7428385416666666,63,0.08203125,-0.01041666666666674,-0.0028211805555556912,0.0025070283743442584,-0.00618489583333337,0.0,-0.016552908442744152,0.017320957597890096,0.015270411268585304
ALL,ALL,32,ALL,early,R7,8,D_H8,stage,duplicate_encoding,IMAGE_CUE_FRESH,128,128,128,1.0,0,0.0,0,0.0,0,0.0,128,1.0,0,0.0,128,1.0,0,0.0,128.0,1.0,512.0,512,1.0,0,0.0,0.0,0.0,0.0,0.0,0.0,0.0,0.0,0.0
ALL,ALL,32,ALL,early,R7,8,D_H8,stage,cross_series,SYMBOLIC_FRESH,128,120,25,0.1953125,93,0.7265625,2,0.015625,8,0.0625,25,0.20833333333333334,129,1.075,211,1.7583333333333333,31,0.25833333333333336,90.0,0.703125,256.0,512,0.5,21,0.1640625,-0.015625,0.05989583333333337,0.03611111111111115,-0.01953125,0.0703125,-0.02243589743589744,0.11773504273504265,0.10876068376068382
ALL,ALL,32,ALL,early,R7,8,D_H8,stage,cross_series,IMAGE_CUE_FRESH,128,128,125,0.9765625,2,0.015625,1,0.0078125,0,0.0,125,0.9765625,1,0.0078125,129,1.0078125,0,0.0,126.66666666666667,0.9895833333333334,508.0,512,0.9921875,0,0.0,-0.0234375,-0.01041666666666663,0.0,-0.0078125,0.0,-0.0234375,0.0078125,0.0078125
ALL,ALL,32,ALL,early,R7,8,D_H8,stage,trend,SYMBOLIC_FRESH,128,113,0,0.0,110,0.859375,3,0.0234375,15,0.1171875,0,0.0,251,2.2212389380530975,279,2.4690265486725664,0,0.0,54.0,0.421875,88.0,512,0.171875,38,0.296875,-0.0078125,-0.03515625,-0.03508771929824561,0.009765625,-0.03125,-0.008771929824561403,-0.05946281633286743,-0.004657661853749495
ALL,ALL,32,ALL,early,R7,8,D_H8,stage,trend,IMAGE_CUE_FRESH,128,127,74,0.578125,53,0.4140625,0,0.0,1,0.0078125,74,0.5826771653543307,40,0.31496062992125984,115,0.905511811023622,20,0.15748031496062992,88.5,0.69140625,415.0,512,0.810546875,0,0.0,-0.0390625,-0.03125,0.009042814960629919,-0.029296875,-0.015625,-0.03451033464566933,0.05714812992125984,0.014886811023621993
ALL,ALL,32,ALL,early,R7,32,D,stage,duplicate_encoding,SYMBOLIC_FRESH,1536,1536,1503,0.978515625,30,0.01953125,3,0.001953125,0,0.0,1509,0.982421875,18,0.01171875,1530,0.99609375,13,0.008463541666666666,1509.0,0.982421875,6099.0,6144,0.99267578125,6,0.00390625,0.0,0.0032552083333333703,-0.006520171688382193,-0.00016276041666662966,0.0032552083333333335,0.002617314739413734,0.005855557817589577,0.009123065960912058
ALL,ALL,32,ALL,early,R7,32,D,stage,ALL,ALL,9216,9000,7033,0.7631293402777778,1872,0.203125,95,0.010308159722222222,216,0.0234375,7099,0.7887777777777778,1818,0.202,9181,1.0201111111111112,784,0.08711111111111111,7952.833333333333,0.8629376446759259,32281.0,36864,0.8756781684027778,258,0.027994791666666668,0.00249565972222221,0.01573350694444453,-0.014074747250852754,-0.01055230034722221,0.013237847222222224,0.007884505030354538,0.04185370719272971,0.05890087061460225
ALL,ALL,32,ALL,early,R7,32,D,stage,duplicate_encoding,IMAGE_CUE_FRESH,1536,1536,1535,0.9993489583333334,1,0.0006510416666666666,0,0.0,0,0.0,1535,0.9993489583333334,0,0.0,1535,0.9993489583333334,1,0.0006510416666666666,1535.0,0.9993489583333334,6143.0,6144,0.9998372395833334,0,0.0,0.0,0.0,0.0,0.0,0.0,0.0,0.0,0.0
ALL,ALL,32,ALL,early,R7,32,D,stage,cross_series,SYMBOLIC_FRESH,1536,1472,514,0.3346354166666667,883,0.5748697916666666,75,0.048828125,64,0.041666666666666664,571,0.38790760869565216,451,0.3063858695652174,1138,0.7730978260869565,548,0.37228260869565216,1014.6666666666666,0.6605902777777778,4536.0,6144,0.73828125,14,0.009114583333333334,-0.0013020833333333148,0.01801215277777779,-0.02336660952324654,-0.00537109375,0.007161458333333334,0.016051728342151128,0.04058029512606037,0.0926083631365826
ALL,ALL,32,ALL,early,R7,32,D,stage,cross_series,IMAGE_CUE_FRESH,1536,1536,1532,0.9973958333333334,3,0.001953125,1,0.0006510416666666666,0,0.0,1535,0.9993489583333334,3,0.001953125,1538,1.0013020833333333,1,0.0006510416666666666,1534.6666666666667,0.9991319444444445,6140.0,6144,0.9993489583333334,0,0.0,0.0013020833333333703,0.0008680555555556912,0.0006510416666666666,0.00032552083333337034,0.0,0.0006510416666667407,-0.0006510416666666665,-0.0013020833333334814
ALL,ALL,32,ALL,early,R7,32,D,stage,trend,SYMBOLIC_FRESH,1536,1384,493,0.3209635416666667,875,0.5696614583333334,16,0.010416666666666666,152,0.09895833333333333,493,0.35621387283236994,1338,0.9667630057803468,1975,1.4270231213872833,148,0.1069364161849711,866.5,0.5641276041666666,3307.0,6144,0.5382486979166666,237,0.154296875,0.01497395833333337,0.07128906249999994,-0.06055826089096927,-0.05745442708333337,0.068359375,0.022643965096386998,0.23078003913733758,0.279400694133912
ALL,ALL,32,ALL,early,R7,32,D,stage,trend,IMAGE_CUE_FRESH,1536,1536,1456,0.9479166666666666,80,0.052083333333333336,0,0.0,0,0.0,1456,0.9479166666666666,8,0.005208333333333333,1465,0.9537760416666666,73,0.047526041666666664,1493.0,0.9720052083333334,6056.0,6144,0.9856770833333334,1,0.0006510416666666666,0.0,0.0009765625,0.0013020833333333287,-0.0006510416666666297,0.0006510416666666666,0.0,0.0026041666666666665,0.0
ALL,ALL,32,ALL,early,R1,8,D_H8,stage,duplicate_encoding,SYMBOLIC_FRESH,128,128,115,0.8984375,13,0.1015625,0,0.0,0,0.0,123,0.9609375,9,0.0703125,135,1.0546875,1,0.0078125,123.0,0.9609375,498.0,512,0.97265625,8,0.0625,-0.0234375,-0.015625,-6.151574803149595e-05,0.0,0.0078125,-0.023314468503937036,0.007320374015748032,-0.00043061023622037453
ALL,ALL,32,ALL,early,R1,8,D_H8,stage,ALL,ALL,768,744,462,0.6015625,276,0.359375,6,0.0078125,24,0.03125,472,0.6344086021505376,401,0.5389784946236559,966,1.2983870967741935,62,0.08333333333333333,616.6666666666666,0.8029513888888888,2303.0,3072,0.7496744791666666,76,0.09895833333333333,-0.02473958333333337,0.0030381944444443088,0.015947888589398024,0.0006510416666666297,0.01692708333333333,-0.023273338550271028,-0.01762527896124977,-0.021019911312059936
ALL,ALL,32,ALL,early,R1,8,D_H8,stage,duplicate_encoding,IMAGE_CUE_FRESH,128,128,128,1.0,0,0.0,0,0.0,0,0.0,128,1.0,0,0.0,128,1.0,0,0.0,128.0,1.0,512.0,512,1.0,0,0.0,0.0,0.0,0.0,0.0,0.0,0.0,0.0,0.0
ALL,ALL,32,ALL,early,R1,8,D_H8,stage,cross_series,SYMBOLIC_FRESH,128,117,28,0.21875,87,0.6796875,2,0.015625,11,0.0859375,29,0.24786324786324787,93,0.7948717948717948,177,1.5128205128205128,30,0.2564102564102564,88.33333333333333,0.6901041666666666,287.0,512,0.560546875,16,0.125,0.0078125,0.046875,0.03418803418803418,0.041015625,0.03125,0.01709401709401709,-0.16239316239316248,-0.1367521367521367
ALL,ALL,32,ALL,early,R1,8,D_H8,stage,cross_series,IMAGE_CUE_FRESH,128,128,124,0.96875,3,0.0234375,1,0.0078125,0,0.0,124,0.96875,1,0.0078125,129,1.0078125,0,0.0,126.33333333333333,0.9869791666666666,507.0,512,0.990234375,0,0.0,-0.03125,-0.01302083333333337,0.0,-0.009765625,0.0,-0.03125,0.0078125,0.0078125
ALL,ALL,32,ALL,early,R1,8,D_H8,stage,trend,SYMBOLIC_FRESH,128,115,0,0.0,112,0.875,3,0.0234375,13,0.1015625,0,0.0,262,2.2782608695652176,290,2.5217391304347827,3,0.02608695652173913,64.0,0.5,83.0,512,0.162109375,50,0.390625,-0.0078125,0.04296875,-0.009000762776506483,0.0,0.0625,-0.008771929824561403,-0.0024408848207473355,0.048054919908466776
ALL,ALL,32,ALL,early,R1,8,D_H8,stage,trend,IMAGE_CUE_FRESH,128,128,67,0.5234375,61,0.4765625,0,0.0,0,0.0,68,0.53125,36,0.28125,107,0.8359375,28,0.21875,87.0,0.6796875,416.0,512,0.8125,2,0.015625,-0.09375,-0.04296875,0.0703125,-0.02734375,0.0,-0.0859375,0.0234375,-0.0546875
ALL,ALL,32,ALL,early,R1,32,D,stage,duplicate_encoding,SYMBOLIC_FRESH,1536,1536,1496,0.9739583333333334,40,0.026041666666666668,0,0.0,0,0.0,1499,0.9759114583333334,13,0.008463541666666666,1515,0.986328125,26,0.016927083333333332,1499.0,0.9759114583333334,6094.0,6144,0.9918619791666666,3,0.001953125,-0.00455729166666663,-0.0032552083333332593,0.0019433699782844729,-0.0009765625,0.0013020833333333335,-0.0038931019272528955,0.002600349484256243,-0.0006425590390879421
ALL,ALL,32,ALL,early,R1,32,D,stage,ALL,ALL,9216,9049,7016,0.7612847222222222,1933,0.2097439236111111,100,0.010850694444444444,167,0.018120659722222224,7055,0.7796441595756437,1501,0.1658746822853354,8738,0.9656315614985082,877,0.09691678638523593,7799.166666666667,0.846263744212963,32701.0,36864,0.8870713975694444,143,0.015516493055555556,0.0006510416666666297,-0.0009403935185183787,-0.004269071976727934,0.0008409288194444198,0.0007595486111111119,-0.001249113171779559,0.005728389478065088,0.004421321001999212
ALL,ALL,32,ALL,early,R1,32,D,stage,duplicate_encoding,IMAGE_CUE_FRESH,1536,1536,1535,0.9993489583333334,1,0.0006510416666666666,0,0.0,0,0.0,1535,0.9993489583333334,0,0.0,1535,0.9993489583333334,1,0.0006510416666666666,1535.0,0.9993489583333334,6143.0,6144,0.9998372395833334,0,0.0,0.0,0.0,0.0,0.0,0.0,0.0,0.0,0.0
ALL,ALL,32,ALL,early,R1,32,D,stage,cross_series,SYMBOLIC_FRESH,1536,1475,529,0.3444010416666667,866,0.5638020833333334,80,0.052083333333333336,61,0.039713541666666664,563,0.38169491525423727,407,0.2759322033898305,1039,0.704406779661017,545,0.3694915254237288,991.6666666666666,0.6456163194444444,4581.0,6144,0.74560546875,2,0.0013020833333333333,0.008463541666666685,0.0030381944444444198,-0.026157692795169885,0.001953125,-0.0006510416666666667,0.009839034900736232,0.010126628950673455,0.02391731671064301
ALL,ALL,32,ALL,early,R1,32,D,stage,cross_series,IMAGE_CUE_FRESH,1536,1536,1533,0.998046875,3,0.001953125,0,0.0,0,0.0,1535,0.9993489583333334,2,0.0013020833333333333,1538,1.0013020833333333,0,0.0,1535.0,0.9993489583333334,6141.0,6144,0.99951171875,0,0.0,0.001953125,0.0010850694444445308,0.0,0.00048828125,0.0,0.0006510416666667407,-0.0013020833333333333,-0.0013020833333334814
ALL,ALL,32,ALL,early,R1,32,D,stage,trend,SYMBOLIC_FRESH,1536,1430,465,0.302734375,945,0.615234375,20,0.013020833333333334,106,0.06901041666666667,465,0.32517482517482516,1076,0.7524475524475525,1646,1.151048951048951,231,0.16153846153846155,743.0,0.4837239583333333,3679.0,6144,0.5987955729166666,137,0.08919270833333333,-0.003255208333333315,-0.00911458333333337,-0.005956215537478826,0.0030924479166666297,0.0032552083333333287,-0.008395082561157785,0.01646458580454324,0.003426523795579728
ALL,ALL,32,ALL,early,R1,32,D,stage,trend,IMAGE_CUE_FRESH,1536,1536,1458,0.94921875,78,0.05078125,0,0.0,0,0.0,1458,0.94921875,3,0.001953125,1465,0.9537760416666666,74,0.048177083333333336,1495.5,0.9736328125,6063.0,6144,0.98681640625,1,0.0006510416666666666,0.0013020833333333703,0.0026041666666666297,0.001953125,0.00048828125,0.0006510416666666666,0.0013020833333333703,-0.0006510416666666665,0.0
ALL,ALL,32,ALL,early,R3,8,D_H8,stage,duplicate_encoding,SYMBOLIC_FRESH,128,128,115,0.8984375,12,0.09375,1,0.0078125,0,0.0,126,0.984375,13,0.1015625,140,1.09375,0,0.0,126.0,0.984375,497.0,512,0.970703125,11,0.0859375,-0.0234375,0.0078125,-0.007874015748031496,-0.001953125,0.03125,0.00012303149606296415,0.03857037401574803,0.038631889763779625
ALL,ALL,32,ALL,early,R3,8,D_H8,stage,ALL,ALL,768,750,460,0.5989583333333334,285,0.37109375,5,0.006510416666666667,18,0.0234375,472,0.6293333333333333,433,0.5773333333333334,988,1.3173333333333332,60,0.08,619.3333333333334,0.8064236111111112,2289.0,3072,0.7451171875,82,0.10677083333333333,-0.02734375,0.00651041666666663,0.012614555256064697,-0.00390625,0.02473958333333333,-0.028348607367475354,0.020729559748427717,-0.002073674752920196
ALL,ALL,32,ALL,early,R3,8,D_H8,stage,duplicate_encoding,IMAGE_CUE_FRESH,128,127,126,0.984375,1,0.0078125,0,0.0,1,0.0078125,127,1.0,1,0.007874015748031496,128,1.0078740157480315,0,0.0,127.0,0.9921875,507.0,512,0.990234375,1,0.0078125,-0.015625,-0.0078125,0.0,-0.009765625,0.0078125,0.0,0.007874015748031496,0.007874015748031482
ALL,ALL,32,ALL,early,R3,8,D_H8,stage,cross_series,SYMBOLIC_FRESH,128,122,26,0.203125,94,0.734375,2,0.015625,6,0.046875,26,0.21311475409836064,115,0.9426229508196722,198,1.6229508196721312,31,0.2540983606557377,86.66666666666666,0.6770833333333333,277.0,512,0.541015625,16,0.125,-0.0078125,0.03385416666666663,0.0318761384335155,0.021484375,0.03125,-0.01765447667087014,-0.014642006445285127,-0.026621829900518312
ALL,ALL,32,ALL,early,R3,8,D_H8,stage,cross_series,IMAGE_CUE_FRESH,128,128,124,0.96875,4,0.03125,0,0.0,0,0.0,124,0.96875,0,0.0,126,0.984375,2,0.015625,126.66666666666667,0.9895833333333334,508.0,512,0.9921875,0,0.0,-0.03125,-0.01041666666666663,0.015625,-0.0078125,0.0,-0.03125,0.0,-0.015625
ALL,ALL,32,ALL,early,R3,8,D_H8,stage,trend,SYMBOLIC_FRESH,128,117,1,0.0078125,115,0.8984375,1,0.0078125,11,0.0859375,1,0.008547008547008548,270,2.3076923076923075,290,2.4786324786324787,0,0.0,66.0,0.515625,82.0,512,0.16015625,53,0.4140625,0.0,0.05859375,-0.03508771929824561,-0.001953125,0.0859375,-0.00022492127755285515,0.02699055330634259,0.004948268106162779
ALL,ALL,32,ALL,early,R3,8,D_H8,stage,trend,IMAGE_CUE_FRESH,128,128,68,0.53125,59,0.4609375,1,0.0078125,0,0.0,68,0.53125,34,0.265625,106,0.828125,27,0.2109375,87.0,0.6796875,418.0,512,0.81640625,1,0.0078125,-0.0859375,-0.04296875,0.0625,-0.0234375,-0.0078125,-0.0859375,0.0078125,-0.0625
ALL,ALL,32,ALL,early,R3,32,D,stage,duplicate_encoding,SYMBOLIC_FRESH,1536,1535,1514,0.9856770833333334,21,0.013671875,0,0.0,1,0.0006510416666666666,1519,0.9895765472312703,14,0.009120521172638436,1534,0.9993485342019544,8,0.005211726384364821,1519.0,0.9889322916666666,6110.0,6144,0.9944661458333334,5,0.0032552083333333335,0.00716145833333337,0.009765625,-0.009771986970684038,0.0016276041666667407,0.002604166666666667,0.009771986970684043,0.0032573289902280127,0.01237785016286641
ALL,ALL,32,ALL,early,R3,32,D,stage,ALL,ALL,9216,8907,7057,0.7657335069444444,1754,0.19032118055555555,96,0.010416666666666666,309,0.033528645833333336,7131,0.8006062647356013,1810,0.20321095767373976,9225,1.0357022566520715,692,0.07769170315482204,7961.5,0.8638780381944444,32042.0,36864,0.8691948784722222,257,0.027886284722222224,0.0050998263888888395,0.01667390046296302,-0.02349415520714182,-0.01703559027777779,0.01312934027777778,0.019712991988177997,0.043064664866469454,0.07449201615556256
ALL,ALL,32,ALL,early,R3,32,D,stage,duplicate_encoding,IMAGE_CUE_FRESH,1536,1535,1535,0.9993489583333334,0,0.0,0,0.0,1,0.0006510416666666666,1535,1.0,0,0.0,1535,1.0,0,0.0,1535.0,0.9993489583333334,6140.0,6144,0.9993489583333334,0,0.0,0.0,0.0,-0.0006510416666666666,-0.00048828125,0.0,0.0006510416666666297,0.0,0.0006510416666666297
ALL,ALL,32,ALL,early,R3,32,D,stage,cross_series,SYMBOLIC_FRESH,1536,1454,523,0.3404947916666667,852,0.5546875,79,0.051432291666666664,82,0.053385416666666664,589,0.4050894085281981,475,0.32668500687757906,1184,0.8143053645116919,519,0.35694635488308113,1020.6666666666666,0.6644965277777778,4476.0,6144,0.728515625,15,0.009765625,0.004557291666666685,0.02191840277777779,-0.03870286333581757,-0.01513671875,0.0078125,0.03323352817469705,0.06087943243842203,0.13381590156131795
ALL,ALL,32,ALL,early,R3,32,D,stage,cross_series,IMAGE_CUE_FRESH,1536,1536,1533,0.998046875,2,0.0013020833333333333,1,0.0006510416666666666,0,0.0,1534,0.9986979166666666,1,0.0006510416666666666,1537,1.0006510416666667,0,0.0,1534.3333333333333,0.9989149305555555,6141.0,6144,0.99951171875,0,0.0,0.001953125,0.0006510416666666297,0.0,0.00048828125,0.0,0.0,-0.001953125,-0.001953125
ALL,ALL,32,ALL,early,R3,32,D,stage,trend,SYMBOLIC_FRESH,1536,1313,499,0.3248697916666667,798,0.51953125,16,0.010416666666666666,223,0.14518229166666666,501,0.38156892612338156,1307,0.9954303122619954,1962,1.4942878903274943,98,0.07463823305407463,862.5,0.5615234375,3133.0,6144,0.5099283854166666,237,0.154296875,0.01888020833333337,0.06868489583333331,-0.09285644402186574,-0.08577473958333337,0.068359375,0.04799901838739862,0.2594473456189862,0.34666546307412305
ALL,ALL,32,ALL,early,R3,32,D,stage,trend,IMAGE_CUE_FRESH,1536,1534,1453,0.9459635416666666,81,0.052734375,0,0.0,2,0.0013020833333333333,1453,0.9471968709256845,13,0.00847457627118644,1473,0.9602346805736637,67,0.043676662320730114,1490.0,0.9700520833333334,6042.0,6144,0.9833984375,0,0.0,-0.001953125,-0.0009765625,-0.0025472960126032215,-0.0029296875,0.0,-0.0007197957409821321,0.0058704096045197746,0.00645863890699705
ALL,ALL,96,ALL,late,SAW_R4,8,D_H8,stage,duplicate_encoding,SYMBOLIC_FRESH,128,128,128,1.0,0,0.0,0,0.0,0,0.0,128,1.0,0,0.0,128,1.0,0,0.0,128.0,1.0,512.0,512,1.0,0,0.0,0.0,0.0,0.0,0.0,0.0,0.0,0.0,0.0
ALL,ALL,96,ALL,late,SAW_R4,8,D_H8,stage,ALL,ALL,768,752,542,0.7057291666666666,210,0.2734375,0,0.0,16,0.020833333333333332,542,0.7207446808510638,222,0.29521276595744683,764,1.0159574468085106,76,0.10106382978723404,632.1666666666666,0.8231336805555555,2576.0,3072,0.8385416666666666,28,0.036458333333333336,-0.0013020833333333703,-0.0078125,0.002265431923415606,0.007161458333333259,-0.010416666666666664,-0.004221941311820077,-0.019874016419055174,-0.02409595773087525
ALL,ALL,96,ALL,late,SAW_R4,8,D_H8,stage,duplicate_encoding,IMAGE_CUE_FRESH,128,128,128,1.0,0,0.0,0,0.0,0,0.0,128,1.0,0,0.0,128,1.0,0,0.0,128.0,1.0,512.0,512,1.0,0,0.0,0.0,0.0,0.0,0.0,0.0,0.0,0.0,0.0
ALL,ALL,96,ALL,late,SAW_R4,8,D_H8,stage,cross_series,SYMBOLIC_FRESH,128,127,32,0.25,95,0.7421875,0,0.0,1,0.0078125,32,0.25196850393700787,27,0.2125984251968504,59,0.4645669291338583,68,0.5354330708661418,74.66666666666666,0.5833333333333333,386.0,512,0.75390625,0,0.0,0.0,0.0,-0.025542538889955835,0.01953125,0.0,-0.008194097689008417,0.009346392676525206,0.0011522949875167887
ALL,ALL,96,ALL,late,SAW_R4,8,D_H8,stage,cross_series,IMAGE_CUE_FRESH,128,128,128,1.0,0,0.0,0,0.0,0,0.0,128,1.0,0,0.0,128,1.0,0,0.0,128.0,1.0,512.0,512,1.0,0,0.0,0.0,0.0,0.0,0.0,0.0,0.0,0.0,0.0
ALL,ALL,96,ALL,late,SAW_R4,8,D_H8,stage,trend,SYMBOLIC_FRESH,128,113,0,0.0,113,0.8828125,0,0.0,15,0.1171875,0,0.0,195,1.7256637168141593,195,1.7256637168141593,6,0.05309734513274336,46.5,0.36328125,144.0,512,0.28125,28,0.21875,0.0,-0.04296875,0.01800962583449775,0.025390625,-0.0625,0.0,-0.1252134761682968,-0.1252134761682968
ALL,ALL,96,ALL,late,SAW_R4,8,D_H8,stage,trend,IMAGE_CUE_FRESH,128,128,126,0.984375,2,0.015625,0,0.0,0,0.0,126,0.984375,0,0.0,126,0.984375,2,0.015625,127.0,0.9921875,510.0,512,0.99609375,0,0.0,-0.0078125,-0.00390625,0.0078125,-0.001953125,0.0,-0.0078125,0.0,-0.0078125
ALL,ALL,96,ALL,late,SAW_R4,32,D,stage,duplicate_encoding,SYMBOLIC_FRESH,1536,1536,1536,1.0,0,0.0,0,0.0,0,0.0,1536,1.0,0,0.0,1536,1.0,0,0.0,1536.0,1.0,6144.0,6144,1.0,0,0.0,0.0,0.0,0.0,0.0,0.0,0.0,0.0,0.0
ALL,ALL,96,ALL,late,SAW_R4,32,D,stage,ALL,ALL,9216,8988,7242,0.7858072916666666,1676,0.1818576388888889,70,0.007595486111111111,228,0.024739583333333332,7275,0.8094125500667557,1606,0.17868268802848242,8960,0.9968847352024922,799,0.08889630618602581,8163.0,0.8857421875,32633.0,36864,0.8852267795138888,218,0.023654513888888888,-0.0014105902777777901,0.00954861111111116,-0.0017367760134569254,0.0003255208333332593,0.001844618055555556,-0.007297221663818854,0.030138889535285512,0.02567142136014433
ALL,ALL,96,ALL,late,SAW_R4,32,D,stage,duplicate_encoding,IMAGE_CUE_FRESH,1536,1536,1536,1.0,0,0.0,0,0.0,0,0.0,1536,1.0,0,0.0,1536,1.0,0,0.0,1536.0,1.0,6144.0,6144,1.0,0,0.0,0.0,0.0,0.0,0.0,0.0,0.0,0.0,0.0
ALL,ALL,96,ALL,late,SAW_R4,32,D,stage,cross_series,SYMBOLIC_FRESH,1536,1516,582,0.37890625,868,0.5651041666666666,66,0.04296875,20,0.013020833333333334,615,0.40567282321899734,286,0.18865435356200527,917,0.6048812664907651,698,0.4604221635883905,1101.0,0.716796875,4877.0,6144,0.7937825520833334,0,0.0,-0.0078125,0.009765625,-0.008829173310005212,0.00146484375,0.0,0.0032664061066978722,0.04025863163687157,0.05140533066188813
ALL,ALL,96,ALL,late,SAW_R4,32,D,stage,cross_series,IMAGE_CUE_FRESH,1536,1536,1536,1.0,0,0.0,0,0.0,0,0.0,1536,1.0,0,0.0,1536,1.0,0,0.0,1536.0,1.0,6144.0,6144,1.0,0,0.0,0.0,0.0,0.0,0.0,0.0,0.0,0.0,0.0
ALL,ALL,96,ALL,late,SAW_R4,32,D,stage,trend,SYMBOLIC_FRESH,1536,1328,517,0.3365885416666667,807,0.525390625,4,0.0026041666666666665,208,0.13541666666666666,517,0.38930722891566266,1320,0.9939759036144579,1900,1.430722891566265,100,0.07530120481927711,918.5,0.5979817708333334,3181.0,6144,0.5177408854166666,218,0.14192708333333334,-0.0006510416666666297,0.04752604166666674,-0.006901508668352568,0.00048828125,0.011067708333333343,-0.024100592313387625,0.11688093154741874,0.10111395301877901
ALL,ALL,96,ALL,late,SAW_R4,32,D,stage,trend,IMAGE_CUE_FRESH,1536,1536,1535,0.9993489583333334,1,0.0006510416666666666,0,0.0,0,0.0,1535,0.9993489583333334,0,0.0,1535,0.9993489583333334,1,0.0006510416666666666,1535.5,0.9996744791666666,6143.0,6144,0.9998372395833334,0,0.0,0.0,0.0,0.0,0.0,0.0,0.0,0.0,0.0
ALL,ALL,96,ALL,late,R3,8,D_H8,stage,duplicate_encoding,SYMBOLIC_FRESH,128,128,128,1.0,0,0.0,0,0.0,0,0.0,128,1.0,0,0.0,128,1.0,0,0.0,128.0,1.0,512.0,512,1.0,0,0.0,0.0,0.0,0.0,0.0,0.0,0.0,0.0,0.0
ALL,ALL,96,ALL,late,R3,8,D_H8,stage,ALL,ALL,768,752,543,0.70703125,209,0.2721354166666667,0,0.0,16,0.020833333333333332,543,0.7220744680851063,216,0.2872340425531915,759,1.009308510638298,80,0.10638297872340426,634.6666666666666,0.8263888888888888,2583.0,3072,0.8408203125,29,0.037760416666666664,0.0,-0.00455729166666663,0.007584580859585827,0.00944010416666663,-0.009114583333333336,-0.0028921540777775423,-0.02785273982331049,-0.030744893901087922
ALL,ALL,96,ALL,late,R3,8,D_H8,stage,duplicate_encoding,IMAGE_CUE_FRESH,128,128,128,1.0,0,0.0,0,0.0,0,0.0,128,1.0,0,0.0,128,1.0,0,0.0,128.0,1.0,512.0,512,1.0,0,0.0,0.0,0.0,0.0,0.0,0.0,0.0,0.0,0.0
ALL,ALL,96,ALL,late,R3,8,D_H8,stage,cross_series,SYMBOLIC_FRESH,128,124,32,0.25,92,0.71875,0,0.0,4,0.03125,32,0.25806451612903225,28,0.22580645161290322,60,0.4838709677419355,67,0.5403225806451613,74.66666666666666,0.5833333333333333,376.0,512,0.734375,0,0.0,0.0,0.0,-0.02065302911093636,0.0,0.0,-0.002098085496984037,0.02255441909257802,0.020456333595594012
ALL,ALL,96,ALL,late,R3,8,D_H8,stage,cross_series,IMAGE_CUE_FRESH,128,128,128,1.0,0,0.0,0,0.0,0,0.0,128,1.0,0,0.0,128,1.0,0,0.0,128.0,1.0,512.0,512,1.0,0,0.0,0.0,0.0,0.0,0.0,0.0,0.0,0.0,0.0
ALL,ALL,96,ALL,late,R3,8,D_H8,stage,trend,SYMBOLIC_FRESH,128,116,0,0.0,116,0.90625,0,0.0,12,0.09375,0,0.0,188,1.6206896551724137,188,1.6206896551724137,12,0.10344827586206896,48.5,0.37890625,160.0,512,0.3125,29,0.2265625,0.0,-0.02734375,0.06836055656382335,0.056640625,-0.0546875,0.0,-0.23018753781004242,-0.23018753781004242
ALL,ALL,96,ALL,late,R3,8,D_H8,stage,trend,IMAGE_CUE_FRESH,128,128,127,0.9921875,1,0.0078125,0,0.0,0,0.0,127,0.9921875,0,0.0,127,0.9921875,1,0.0078125,127.5,0.99609375,511.0,512,0.998046875,0,0.0,0.0,0.0,0.0,0.0,0.0,0.0,0.0,0.0
ALL,ALL,96,ALL,late,R3,32,D,stage,duplicate_encoding,SYMBOLIC_FRESH,1536,1536,1536,1.0,0,0.0,0,0.0,0,0.0,1536,1.0,0,0.0,1536,1.0,0,0.0,1536.0,1.0,6144.0,6144,1.0,0,0.0,0.0,0.0,0.0,0.0,0.0,0.0,0.0,0.0
ALL,ALL,96,ALL,late,R3,32,D,stage,ALL,ALL,9216,8924,7255,0.7872178819444444,1600,0.1736111111111111,69,0.007486979166666667,292,0.031684027777777776,7276,0.815329448677723,1514,0.16965486329000448,8843,0.9909233527566114,788,0.08830121021963246,8148.666666666667,0.8841869212962963,32534.0,36864,0.8825412326388888,222,0.024088541666666668,0.0,0.00799334490740744,-0.0023318719798502835,-0.0023600260416667407,0.0022786458333333356,-0.0013803230528516286,0.021111064796807577,0.019710038914263484
ALL,ALL,96,ALL,late,R3,32,D,stage,duplicate_encoding,IMAGE_CUE_FRESH,1536,1536,1536,1.0,0,0.0,0,0.0,0,0.0,1536,1.0,0,0.0,1536,1.0,0,0.0,1536.0,1.0,6144.0,6144,1.0,0,0.0,0.0,0.0,0.0,0.0,0.0,0.0,0.0,0.0
ALL,ALL,96,ALL,late,R3,32,D,stage,cross_series,SYMBOLIC_FRESH,1536,1505,590,0.3841145833333333,847,0.5514322916666666,68,0.044270833333333336,31,0.020182291666666668,611,0.4059800664451827,247,0.16411960132890366,861,0.5720930232558139,716,0.4757475083056478,1103.6666666666667,0.7185329861111112,4879.0,6144,0.7941080729166666,0,0.0,-0.002604166666666685,0.01150173611111116,0.006496171407252116,0.0017903645833332593,0.0,0.003573649332883233,0.015723879403769958,0.018617087426936907
ALL,ALL,96,ALL,late,R3,32,D,stage,cross_series,IMAGE_CUE_FRESH,1536,1535,1535,0.9993489583333334,0,0.0,0,0.0,1,0.0006510416666666666,1535,1.0,0,0.0,1535,1.0,0,0.0,1535.0,0.9993489583333334,6140.0,6144,0.9993489583333334,0,0.0,-0.0006510416666666297,-0.0006510416666666297,0.0,-0.0006510416666666297,0.0,0.0,0.0,0.0
ALL,ALL,96,ALL,late,R3,32,D,stage,trend,SYMBOLIC_FRESH,1536,1276,526,0.3424479166666667,749,0.4876302083333333,1,0.0006510416666666666,260,0.16927083333333334,526,0.4122257053291536,1267,0.9929467084639498,1843,1.4443573667711598,68,0.05329153605015674,904.0,0.5885416666666666,3087.0,6144,0.50244140625,222,0.14453125,0.00520833333333337,0.0380859375,-0.028911177437472943,-0.01481119791666663,0.013671875,-0.0011821158998966963,0.11585173639691071,0.1147484282236737
ALL,ALL,96,ALL,late,R3,32,D,stage,trend,IMAGE_CUE_FRESH,1536,1536,1532,0.9973958333333334,4,0.0026041666666666665,0,0.0,0,0.0,1532,0.9973958333333334,0,0.0,1532,0.9973958333333334,4,0.0026041666666666665,1534.0,0.9986979166666666,6140.0,6144,0.9993489583333334,0,0.0,-0.001953125,-0.0009765625,0.001953125,-0.00048828125,0.0,-0.001953125,0.0,-0.001953125
ALL,ALL,96,ALL,late,R6,8,D_H8,stage,duplicate_encoding,SYMBOLIC_FRESH,128,128,128,1.0,0,0.0,0,0.0,0,0.0,128,1.0,0,0.0,128,1.0,0,0.0,128.0,1.0,512.0,512,1.0,0,0.0,0.0,0.0,0.0,0.0,0.0,0.0,0.0,0.0
ALL,ALL,96,ALL,late,R6,8,D_H8,stage,ALL,ALL,768,749,542,0.7057291666666666,206,0.2682291666666667,1,0.0013020833333333333,19,0.024739583333333332,542,0.7236315086782377,219,0.2923898531375167,762,1.0173564753004005,76,0.10146862483311081,636.6666666666666,0.8289930555555555,2570.0,3072,0.8365885416666666,33,0.04296875,-0.0013020833333333703,-0.001953125,0.0026702269692923802,0.005208333333333259,-0.00390625,-0.001335113484646211,-0.02269692923898531,-0.022696929238985364
ALL,ALL,96,ALL,late,R6,8,D_H8,stage,duplicate_encoding,IMAGE_CUE_FRESH,128,128,128,1.0,0,0.0,0,0.0,0,0.0,128,1.0,0,0.0,128,1.0,0,0.0,128.0,1.0,512.0,512,1.0,0,0.0,0.0,0.0,0.0,0.0,0.0,0.0,0.0,0.0
ALL,ALL,96,ALL,late,R6,8,D_H8,stage,cross_series,SYMBOLIC_FRESH,128,124,32,0.25,92,0.71875,0,0.0,4,0.03125,32,0.25806451612903225,25,0.20161290322580644,57,0.4596774193548387,67,0.5403225806451613,74.66666666666666,0.5833333333333333,379.0,512,0.740234375,0,0.0,0.0,0.0,-0.02065302911093636,0.005859375,0.0,-0.002098085496984037,-0.0016391292945187597,-0.0037372147915027965
ALL,ALL,96,ALL,late,R6,8,D_H8,stage,cross_series,IMAGE_CUE_FRESH,128,128,128,1.0,0,0.0,0,0.0,0,0.0,128,1.0,0,0.0,128,1.0,0,0.0,128.0,1.0,512.0,512,1.0,0,0.0,0.0,0.0,0.0,0.0,0.0,0.0,0.0,0.0
ALL,ALL,96,ALL,late,R6,8,D_H8,stage,trend,SYMBOLIC_FRESH,128,113,0,0.0,113,0.8828125,0,0.0,15,0.1171875,0,0.0,193,1.7079646017699115,193,1.7079646017699115,8,0.07079646017699115,51.5,0.40234375,146.0,512,0.28515625,33,0.2578125,0.0,-0.00390625,0.03570874087874554,0.029296875,-0.0234375,0.0,-0.14291259121254463,-0.14291259121254463
ALL,ALL,96,ALL,late,R6,8,D_H8,stage,trend,IMAGE_CUE_FRESH,128,128,126,0.984375,1,0.0078125,1,0.0078125,0,0.0,126,0.984375,1,0.0078125,128,1.0,1,0.0078125,126.5,0.98828125,509.0,512,0.994140625,0,0.0,-0.0078125,-0.0078125,0.0,-0.00390625,0.0,-0.0078125,0.0078125,0.0078125
ALL,ALL,96,ALL,late,R6,32,D,stage,duplicate_encoding,SYMBOLIC_FRESH,1536,1536,1536,1.0,0,0.0,0,0.0,0,0.0,1536,1.0,0,0.0,1536,1.0,0,0.0,1536.0,1.0,6144.0,6144,1.0,0,0.0,0.0,0.0,0.0,0.0,0.0,0.0,0.0,0.0
ALL,ALL,96,ALL,late,R6,32,D,stage,ALL,ALL,9216,9008,7235,0.7850477430555556,1691,0.18348524305555555,82,0.008897569444444444,208,0.022569444444444444,7253,0.8051731793960923,1496,0.1660746003552398,8816,0.9786856127886323,853,0.09469360568383658,8134.333333333333,0.8826316550925926,32781.0,36864,0.8892415364583334,184,0.019965277777777776,-0.0021701388888888395,0.00643807870370372,0.004060523484353845,0.00434027777777779,-0.001844618055555556,-0.011536592334482232,0.017530801862042894,0.007472298946284428
ALL,ALL,96,ALL,late,R6,32,D,stage,duplicate_encoding,IMAGE_CUE_FRESH,1536,1536,1536,1.0,0,0.0,0,0.0,0,0.0,1536,1.0,0,0.0,1536,1.0,0,0.0,1536.0,1.0,6144.0,6144,1.0,0,0.0,0.0,0.0,0.0,0.0,0.0,0.0,0.0,0.0
ALL,ALL,96,ALL,late,R6,32,D,stage,cross_series,SYMBOLIC_FRESH,1536,1509,581,0.3782552083333333,853,0.5553385416666666,75,0.048828125,27,0.017578125,599,0.39695162359178265,247,0.16368455931080186,849,0.562624254473161,716,0.47448641484426773,1091.3333333333333,0.7105034722222222,4879.0,6144,0.7941080729166666,0,0.0,-0.008463541666666685,0.00347222222222221,0.005235077945872024,0.0017903645833332593,0.0,-0.00545479352051681,0.015288837385668164,0.009148318644284004
ALL,ALL,96,ALL,late,R6,32,D,stage,cross_series,IMAGE_CUE_FRESH,1536,1536,1536,1.0,0,0.0,0,0.0,0,0.0,1536,1.0,0,0.0,1536,1.0,0,0.0,1536.0,1.0,6144.0,6144,1.0,0,0.0,0.0,0.0,0.0,0.0,0.0,0.0,0.0,0.0
ALL,ALL,96,ALL,late,R6,32,D,stage,trend,SYMBOLIC_FRESH,1536,1355,512,0.3333333333333333,836,0.5442708333333334,7,0.004557291666666667,181,0.11783854166666667,512,0.37785977859778597,1249,0.9217712177121771,1825,1.3468634686346863,135,0.0996309963099631,900.0,0.5859375,3328.0,6144,0.5416666666666666,184,0.11979166666666667,-0.00390625,0.03548177083333337,0.017428282822333413,0.0244140625,-0.011067708333333329,-0.03554804263126432,0.044676245645137946,0.017254530087200237
ALL,ALL,96,ALL,late,R6,32,D,stage,trend,IMAGE_CUE_FRESH,1536,1536,1534,0.9986979166666666,2,0.0013020833333333333,0,0.0,0,0.0,1534,0.9986979166666666,0,0.0,1534,0.9986979166666666,2,0.0013020833333333333,1535.0,0.9993489583333334,6142.0,6144,0.9996744791666666,0,0.0,-0.0006510416666667407,-0.0003255208333332593,0.0006510416666666666,-0.00016276041666674068,0.0,-0.0006510416666667407,0.0,-0.0006510416666667407
ALL,ALL,32,ALL,early,SAW_R4,8,D_H8,stage,duplicate_encoding,SYMBOLIC_FRESH,128,127,115,0.8984375,11,0.0859375,1,0.0078125,1,0.0078125,123,0.968503937007874,10,0.07874015748031496,135,1.062992125984252,1,0.007874015748031496,123.0,0.9609375,494.0,512,0.96484375,8,0.0625,-0.0234375,-0.015625,0.0,-0.0078125,0.0078125,-0.015748031496063075,0.015748031496062992,0.007874015748031704
ALL,ALL,32,ALL,early,SAW_R4,8,D_H8,stage,ALL,ALL,768,753,469,0.6106770833333334,278,0.3619791666666667,6,0.0078125,15,0.01953125,477,0.6334661354581673,433,0.5750332005312085,997,1.3240371845949535,69,0.09163346613545817,631.0,0.8216145833333334,2303.0,3072,0.7496744791666666,81,0.10546875,-0.015625,0.02170138888888884,0.024248021391522864,0.0006510416666666297,0.0234375,-0.02421580524264133,0.018429426946302896,0.004630176508700012
ALL,ALL,32,ALL,early,SAW_R4,8,D_H8,stage,duplicate_encoding,IMAGE_CUE_FRESH,128,128,128,1.0,0,0.0,0,0.0,0,0.0,128,1.0,0,0.0,128,1.0,0,0.0,128.0,1.0,512.0,512,1.0,0,0.0,0.0,0.0,0.0,0.0,0.0,0.0,0.0,0.0
ALL,ALL,32,ALL,early,SAW_R4,8,D_H8,stage,cross_series,SYMBOLIC_FRESH,128,123,29,0.2265625,93,0.7265625,1,0.0078125,5,0.0390625,29,0.23577235772357724,117,0.9512195121951219,203,1.6504065040650406,33,0.2682926829268293,93.66666666666666,0.7317708333333333,281.0,512,0.548828125,21,0.1640625,0.015625,0.08854166666666663,0.046070460704607075,0.029296875,0.0703125,0.00500312695434646,-0.006045445069835398,0.0008338544923911506
ALL,ALL,32,ALL,early,SAW_R4,8,D_H8,stage,cross_series,IMAGE_CUE_FRESH,128,128,124,0.96875,3,0.0234375,1,0.0078125,0,0.0,124,0.96875,1,0.0078125,128,1.0,1,0.0078125,126.33333333333333,0.9869791666666666,507.0,512,0.990234375,0,0.0,-0.03125,-0.01302083333333337,0.0078125,-0.009765625,0.0,-0.03125,0.0078125,0.0
ALL,ALL,32,ALL,early,SAW_R4,8,D_H8,stage,trend,SYMBOLIC_FRESH,128,119,0,0.0,116,0.90625,3,0.0234375,9,0.0703125,0,0.0,273,2.2941176470588234,296,2.4873949579831933,6,0.05042016806722689,69.0,0.5390625,84.0,512,0.1640625,52,0.40625,-0.0078125,0.08203125,0.01533244876898128,0.001953125,0.078125,-0.008771929824561403,0.013415892672858476,0.013710747456877392
ALL,ALL,32,ALL,early,SAW_R4,8,D_H8,stage,trend,IMAGE_CUE_FRESH,128,128,73,0.5703125,55,0.4296875,0,0.0,0,0.0,73,0.5703125,32,0.25,107,0.8359375,28,0.21875,91.0,0.7109375,425.0,512,0.830078125,0,0.0,-0.046875,-0.01171875,0.0703125,-0.009765625,-0.015625,-0.046875,-0.0078125,-0.0546875
ALL,ALL,32,ALL,early,SAW_R4,32,D,stage,duplicate_encoding,SYMBOLIC_FRESH,1536,1536,1514,0.9856770833333334,22,0.014322916666666666,0,0.0,0,0.0,1519,0.9889322916666666,11,0.007161458333333333,1530,0.99609375,11,0.007161458333333333,1519.0,0.9889322916666666,6116.0,6144,0.9954427083333334,5,0.0032552083333333335,0.00716145833333337,0.009765625,-0.007822255021715525,0.0026041666666667407,0.002604166666666667,0.009127731406080364,0.0012982661509229098,0.009123065960912058
ALL,ALL,32,ALL,early,SAW_R4,32,D,stage,ALL,ALL,9216,8991,7027,0.7624782986111112,1863,0.2021484375,101,0.010959201388888888,225,0.0244140625,7090,0.7885663441218996,1789,0.1989767545323101,9126,1.015015015015015,780,0.08675342008675342,7911.166666666667,0.8584165219907408,32274.0,36864,0.87548828125,237,0.025716145833333332,0.0018446180555555802,0.011212384259259411,-0.014432438275210444,-0.0107421875,0.010959201388888888,0.00767307137447637,0.03883046172503979,0.05380477451850607
ALL,ALL,32,ALL,early,SAW_R4,32,D,stage,duplicate_encoding,IMAGE_CUE_FRESH,1536,1536,1536,1.0,0,0.0,0,0.0,0,0.0,1536,1.0,0,0.0,1536,1.0,0,0.0,1536.0,1.0,6144.0,6144,1.0,0,0.0,0.0006510416666666297,0.0006510416666666297,-0.0006510416666666666,0.00016276041666662966,0.0,0.0006510416666666297,0.0,0.0006510416666666297
ALL,ALL,32,ALL,early,SAW_R4,32,D,stage,cross_series,SYMBOLIC_FRESH,1536,1480,512,0.3333333333333333,881,0.5735677083333334,87,0.056640625,56,0.036458333333333336,569,0.3844594594594595,459,0.31013513513513513,1133,0.7655405405405405,551,0.3722972972972973,1003.3333333333333,0.6532118055555555,4550.0,6144,0.7405598958333334,10,0.006510416666666667,-0.002604166666666685,0.01063368055555547,-0.023351920921601377,-0.0030924479166666297,0.004557291666666667,0.01260357910595844,0.0443295606959781,0.08505107759016661
ALL,ALL,32,ALL,early,SAW_R4,32,D,stage,cross_series,IMAGE_CUE_FRESH,1536,1536,1533,0.998046875,3,0.001953125,0,0.0,0,0.0,1534,0.9986979166666666,1,0.0006510416666666666,1535,0.9993489583333334,2,0.0013020833333333333,1534.3333333333333,0.9989149305555555,6141.0,6144,0.99951171875,0,0.0,0.001953125,0.0006510416666666297,0.0013020833333333333,0.00048828125,0.0,0.0,-0.001953125,-0.0032552083333333703
ALL,ALL,32,ALL,early,SAW_R4,32,D,stage,trend,SYMBOLIC_FRESH,1536,1367,482,0.3138020833333333,872,0.5677083333333334,13,0.008463541666666666,169,0.11002604166666667,482,0.35259692757863936,1306,0.9553767373811266,1922,1.4059985369422092,146,0.10680321872713973,833.5,0.5426432291666666,3277.0,6144,0.5333658854166666,222,0.14453125,0.0078125,0.049804687499999944,-0.060691458348800645,-0.06233723958333337,0.05859375,0.019027019842656423,0.2193937707381174,0.25837610968883795
ALL,ALL,32,ALL,early,SAW_R4,32,D,stage,trend,IMAGE_CUE_FRESH,1536,1536,1450,0.9440104166666666,85,0.055338541666666664,1,0.0006510416666666666,0,0.0,1450,0.9440104166666666,12,0.0078125,1470,0.95703125,70,0.045572916666666664,1485.0,0.966796875,6046.0,6144,0.9840494791666666,0,0.0,-0.00390625,-0.00423177083333337,-0.0006510416666666713,-0.0022786458333333703,0.0,-0.00390625,0.005208333333333334,0.0032552083333333703
ALL,ALL,96,ALL,late,GDPO_R4,8,D_H8,stage,duplicate_encoding,SYMBOLIC_FRESH,128,128,128,1.0,0,0.0,0,0.0,0,0.0,128,1.0,0,0.0,128,1.0,0,0.0,128.0,1.0,512.0,512,1.0,0,0.0,0.0,0.0,0.0,0.0,0.0,0.0,0.0,0.0
ALL,ALL,96,ALL,late,GDPO_R4,8,D_H8,stage,ALL,ALL,768,755,542,0.7057291666666666,213,0.27734375,0,0.0,13,0.016927083333333332,542,0.7178807947019867,203,0.26887417218543047,745,0.9867549668874173,86,0.11390728476821192,643.1666666666666,0.8374565972222222,2604.0,3072,0.84765625,33,0.04296875,-0.0013020833333333703,0.006510416666666741,0.015108886904393493,0.01627604166666663,-0.00390625,-0.007085827460897143,-0.046212610191071535,-0.05329843765196862
ALL,ALL,96,ALL,late,GDPO_R4,8,D_H8,stage,duplicate_encoding,IMAGE_CUE_FRESH,128,128,128,1.0,0,0.0,0,0.0,0,0.0,128,1.0,0,0.0,128,1.0,0,0.0,128.0,1.0,512.0,512,1.0,0,0.0,0.0,0.0,0.0,0.0,0.0,0.0,0.0,0.0
ALL,ALL,96,ALL,late,GDPO_R4,8,D_H8,stage,cross_series,SYMBOLIC_FRESH,128,126,32,0.25,94,0.734375,0,0.0,2,0.015625,32,0.25396825396825395,28,0.2222222222222222,60,0.47619047619047616,67,0.5317460317460317,74.66666666666666,0.5833333333333333,382.0,512,0.74609375,0,0.0,0.0,0.0,-0.02922957801006587,0.01171875,0.0,-0.0061943476577623335,0.01897018970189701,0.012775842044134678
ALL,ALL,96,ALL,late,GDPO_R4,8,D_H8,stage,cross_series,IMAGE_CUE_FRESH,128,128,128,1.0,0,0.0,0,0.0,0,0.0,128,1.0,0,0.0,128,1.0,0,0.0,128.0,1.0,512.0,512,1.0,0,0.0,0.0,0.0,0.0,0.0,0.0,0.0,0.0,0.0
ALL,ALL,96,ALL,late,GDPO_R4,8,D_H8,stage,trend,SYMBOLIC_FRESH,128,117,0,0.0,117,0.9140625,0,0.0,11,0.0859375,0,0.0,175,1.4957264957264957,175,1.4957264957264957,17,0.1452991452991453,57.5,0.44921875,176.0,512,0.34375,33,0.2578125,0.0,0.04296875,0.1102114260008997,0.087890625,-0.0234375,0.0,-0.3551506972559604,-0.3551506972559604
ALL,ALL,96,ALL,late,GDPO_R4,8,D_H8,stage,trend,IMAGE_CUE_FRESH,128,128,126,0.984375,2,0.015625,0,0.0,0,0.0,126,0.984375,0,0.0,126,0.984375,2,0.015625,127.0,0.9921875,510.0,512,0.99609375,0,0.0,-0.0078125,-0.00390625,0.0078125,-0.001953125,0.0,-0.0078125,0.0,-0.0078125
ALL,ALL,96,ALL,late,GDPO_R4,32,D,stage,duplicate_encoding,SYMBOLIC_FRESH,1536,1536,1536,1.0,0,0.0,0,0.0,0,0.0,1536,1.0,0,0.0,1536,1.0,0,0.0,1536.0,1.0,6144.0,6144,1.0,0,0.0,0.0,0.0,0.0,0.0,0.0,0.0,0.0,0.0
ALL,ALL,96,ALL,late,GDPO_R4,32,D,stage,ALL,ALL,9216,8999,7239,0.7854817708333334,1689,0.18326822916666666,71,0.007703993055555556,217,0.023546006944444444,7267,0.8075341704633848,1633,0.1814646071785754,8971,0.9968885431714635,811,0.0901211245693966,8194.666666666666,0.8891782407407407,32631.0,36864,0.8851725260416666,198,0.021484375,-0.0017361111111110494,0.01298466435185186,-0.0005119576300861434,0.00027126736111104943,-0.0003255208333333322,-0.009175601267189748,0.0329208086853785,0.02567522932911559
ALL,ALL,96,ALL,late,GDPO_R4,32,D,stage,duplicate_encoding,IMAGE_CUE_FRESH,1536,1536,1536,1.0,0,0.0,0,0.0,0,0.0,1536,1.0,0,0.0,1536,1.0,0,0.0,1536.0,1.0,6144.0,6144,1.0,0,0.0,0.0,0.0,0.0,0.0,0.0,0.0,0.0,0.0
ALL,ALL,96,ALL,late,GDPO_R4,32,D,stage,cross_series,SYMBOLIC_FRESH,1536,1518,591,0.384765625,860,0.5598958333333334,67,0.043619791666666664,18,0.01171875,619,0.4077733860342556,281,0.18511198945981555,907,0.5974967061923584,704,0.463768115942029,1110.6666666666667,0.7230902777777778,4892.0,6144,0.7962239583333334,0,0.0,-0.001953125,0.01605902777777779,-0.005483220956366719,0.00390625,0.0,0.00536696892195615,0.03671626753468185,0.0440207703634814
ALL,ALL,96,ALL,late,GDPO_R4,32,D,stage,cross_series,IMAGE_CUE_FRESH,1536,1536,1536,1.0,0,0.0,0,0.0,0,0.0,1536,1.0,0,0.0,1536,1.0,0,0.0,1536.0,1.0,6144.0,6144,1.0,0,0.0,0.0,0.0,0.0,0.0,0.0,0.0,0.0,0.0
ALL,ALL,96,ALL,late,GDPO_R4,32,D,stage,trend,SYMBOLIC_FRESH,1536,1337,512,0.3333333333333333,821,0.5345052083333334,4,0.0026041666666666665,199,0.12955729166666666,512,0.38294689603590126,1352,1.0112191473448018,1928,1.4420344053851908,99,0.07404637247569185,944.0,0.6145833333333334,3171.0,6144,0.51611328125,198,0.12890625,-0.00390625,0.06412760416666674,-0.008156341011937837,-0.0011393229166666297,-0.001953125,-0.030460925193149024,0.13412417527776266,0.11242546683770471
ALL,ALL,96,ALL,late,GDPO_R4,32,D,stage,trend,IMAGE_CUE_FRESH,1536,1536,1528,0.9947916666666666,8,0.005208333333333333,0,0.0,0,0.0,1528,0.9947916666666666,0,0.0,1528,0.9947916666666666,8,0.005208333333333333,1532.0,0.9973958333333334,6136.0,6144,0.9986979166666666,0,0.0,-0.004557291666666741,-0.0022786458333332593,0.004557291666666666,-0.0011393229166667407,0.0,-0.004557291666666741,0.0,-0.004557291666666741
ALL,ALL,32,ALL,early,R4,8,D_H8,stage,duplicate_encoding,SYMBOLIC_FRESH,128,128,113,0.8828125,15,0.1171875,0,0.0,0,0.0,125,0.9765625,17,0.1328125,143,1.1171875,0,0.0,125.0,0.9765625,492.0,512,0.9609375,12,0.09375,-0.0390625,0.0,-0.007874015748031496,-0.01171875,0.0390625,-0.007689468503937036,0.06982037401574803,0.062069389763779625
ALL,ALL,32,ALL,early,R4,8,D_H8,stage,ALL,ALL,768,748,463,0.6028645833333334,280,0.3645833333333333,5,0.006510416666666667,20,0.026041666666666668,475,0.6350267379679144,431,0.5762032085561497,991,1.3248663101604279,58,0.07754010695187166,613.3333333333334,0.7986111111111112,2288.0,3072,0.7447916666666666,71,0.09244791666666667,-0.0234375,-0.0013020833333333703,0.010154662207936357,-0.00423177083333337,0.010416666666666671,-0.02265520273289423,0.019599434971244056,0.005459302074174444
ALL,ALL,32,ALL,early,R4,8,D_H8,stage,duplicate_encoding,IMAGE_CUE_FRESH,128,128,128,1.0,0,0.0,0,0.0,0,0.0,128,1.0,0,0.0,128,1.0,0,0.0,128.0,1.0,512.0,512,1.0,0,0.0,0.0,0.0,0.0,0.0,0.0,0.0,0.0,0.0
ALL,ALL,32,ALL,early,R4,8,D_H8,stage,cross_series,SYMBOLIC_FRESH,128,122,30,0.234375,90,0.703125,2,0.015625,6,0.046875,30,0.2459016393442623,119,0.9754098360655737,207,1.6967213114754098,25,0.20491803278688525,86.0,0.671875,277.0,512,0.541015625,14,0.109375,0.0234375,0.02864583333333337,-0.01730418943533696,0.021484375,0.015625,0.015132408575031508,0.018144878800616437,0.04714866190276035
ALL,ALL,32,ALL,early,R4,8,D_H8,stage,cross_series,IMAGE_CUE_FRESH,128,128,123,0.9609375,5,0.0390625,0,0.0,0,0.0,123,0.9609375,0,0.0,126,0.984375,2,0.015625,126.33333333333333,0.9869791666666666,507.0,512,0.990234375,0,0.0,-0.0390625,-0.01302083333333337,0.015625,-0.009765625,0.0,-0.0390625,0.0,-0.015625
ALL,ALL,32,ALL,early,R4,8,D_H8,stage,trend,SYMBOLIC_FRESH,128,114,0,0.0,111,0.8671875,3,0.0234375,14,0.109375,0,0.0,262,2.2982456140350878,284,2.491228070175439,1,0.008771929824561403,58.5,0.45703125,80.0,512,0.15625,44,0.34375,-0.0078125,0.0,-0.02631578947368421,-0.005859375,0.015625,-0.008771929824561403,0.01754385964912286,0.01754385964912286
ALL,ALL,32,ALL,early,R4,8,D_H8,stage,trend,IMAGE_CUE_FRESH,128,128,69,0.5390625,59,0.4609375,0,0.0,0,0.0,69,0.5390625,33,0.2578125,103,0.8046875,30,0.234375,89.5,0.69921875,420.0,512,0.8203125,1,0.0078125,-0.078125,-0.0234375,0.0859375,-0.01953125,-0.0078125,-0.078125,0.0,-0.0859375
ALL,ALL,32,ALL,early,R4,32,D,stage,duplicate_encoding,SYMBOLIC_FRESH,1536,1536,1505,0.9798177083333334,31,0.020182291666666668,0,0.0,0,0.0,1510,0.9830729166666666,15,0.009765625,1526,0.9934895833333334,15,0.009765625,1510.0,0.9830729166666666,6103.0,6144,0.9933268229166666,5,0.0032552083333333335,0.0013020833333333703,0.00390625,-0.005218088355048859,0.00048828125,0.002604166666666667,0.003268356406080364,0.0039024328175895767,0.006518899294245428
ALL,ALL,32,ALL,early,R4,32,D,stage,ALL,ALL,9216,8969,7060,0.7660590277777778,1831,0.1986762152777778,78,0.008463541666666666,247,0.026801215277777776,7125,0.7944029434719589,1695,0.1889842791838555,9036,1.0074701750473853,799,0.08908462481882039,7930.666666666667,0.8605324074074074,32337.0,36864,0.877197265625,219,0.023763020833333332,0.00542534722222221,0.013328269675926041,-0.012101233543143478,-0.009033203125,0.009006076388888888,0.013509670724535683,0.02883798637658519,0.0462599345508764
ALL,ALL,32,ALL,early,R4,32,D,stage,duplicate_encoding,IMAGE_CUE_FRESH,1536,1536,1536,1.0,0,0.0,0,0.0,0,0.0,1536,1.0,0,0.0,1536,1.0,0,0.0,1536.0,1.0,6144.0,6144,1.0,0,0.0,0.0006510416666666297,0.0006510416666666297,-0.0006510416666666666,0.00016276041666662966,0.0,0.0006510416666666297,0.0,0.0006510416666666297
ALL,ALL,32,ALL,early,R4,32,D,stage,cross_series,SYMBOLIC_FRESH,1536,1474,524,0.3411458333333333,887,0.5774739583333334,63,0.041015625,62,0.040364583333333336,583,0.39552238805970147,459,0.3113975576662144,1139,0.7727272727272727,556,0.37720488466757124,1027.3333333333333,0.6688368055555555,4546.0,6144,0.7399088541666666,19,0.012369791666666666,0.005208333333333315,0.02625868055555547,-0.018444333551327463,-0.0037434895833333703,0.010416666666666666,0.023666507706200435,0.045591983227057375,0.09223780977689877
ALL,ALL,32,ALL,early,R4,32,D,stage,cross_series,IMAGE_CUE_FRESH,1536,1536,1534,0.9986979166666666,2,0.0013020833333333333,0,0.0,0,0.0,1534,0.9986979166666666,0,0.0,1536,1.0,0,0.0,1535.3333333333333,0.9995659722222222,6142.0,6144,0.9996744791666666,0,0.0,0.0026041666666666297,0.0013020833333333703,0.0,0.0006510416666666297,0.0,0.0,-0.0026041666666666665,-0.0026041666666667407
ALL,ALL,32,ALL,early,R4,32,D,stage,trend,SYMBOLIC_FRESH,1536,1351,499,0.3248697916666667,837,0.544921875,15,0.009765625,185,0.12044270833333333,500,0.3700962250185048,1214,0.8985936343449297,1827,1.3523316062176165,162,0.11991117690599556,825.0,0.537109375,3339.0,6144,0.54345703125,195,0.126953125,0.01888020833333337,0.044270833333333315,-0.04758350016994481,-0.05224609375,0.041015625,0.03652631728252187,0.16261066770192045,0.20470917896424523
ALL,ALL,32,ALL,early,R4,32,D,stage,trend,IMAGE_CUE_FRESH,1536,1536,1462,0.9518229166666666,74,0.048177083333333336,0,0.0,0,0.0,1462,0.9518229166666666,7,0.004557291666666667,1472,0.9583333333333334,66,0.04296875,1497.0,0.974609375,6063.0,6144,0.98681640625,0,0.0,0.00390625,0.0035807291666666297,-0.0032552083333333356,0.00048828125,0.0,0.00390625,0.0019531250000000004,0.004557291666666741
ALL,ALL,32,ALL,early,R6,8,D_H8,stage,duplicate_encoding,SYMBOLIC_FRESH,128,124,111,0.8671875,13,0.1015625,0,0.0,4,0.03125,121,0.9758064516129032,16,0.12903225806451613,138,1.1129032258064515,0,0.0,121.0,0.9453125,477.0,512,0.931640625,10,0.078125,-0.0546875,-0.03125,-0.007874015748031496,-0.041015625,0.0234375,-0.008445516891033789,0.06604013208026416,0.05778511557023114
ALL,ALL,32,ALL,early,R6,8,D_H8,stage,ALL,ALL,768,745,460,0.5989583333333334,279,0.36328125,6,0.0078125,23,0.029947916666666668,472,0.6335570469798658,425,0.5704697986577181,982,1.3181208053691276,63,0.08456375838926175,610.6666666666666,0.7951388888888888,2282.0,3072,0.7428385416666666,63,0.08203125,-0.02734375,-0.004774305555555691,0.017178313645326446,-0.00618489583333337,0.0,-0.02412489372094284,0.013866025072812427,-0.0012862027171258728
ALL,ALL,32,ALL,early,R6,8,D_H8,stage,duplicate_encoding,IMAGE_CUE_FRESH,128,128,128,1.0,0,0.0,0,0.0,0,0.0,128,1.0,0,0.0,128,1.0,0,0.0,128.0,1.0,512.0,512,1.0,0,0.0,0.0,0.0,0.0,0.0,0.0,0.0,0.0,0.0
ALL,ALL,32,ALL,early,R6,8,D_H8,stage,cross_series,SYMBOLIC_FRESH,128,122,28,0.21875,92,0.71875,2,0.015625,6,0.046875,30,0.2459016393442623,113,0.9262295081967213,199,1.6311475409836065,29,0.23770491803278687,86.66666666666666,0.6770833333333333,283.0,512,0.552734375,10,0.078125,0.0078125,0.03385416666666663,0.015482695810564662,0.033203125,-0.015625,0.015132408575031508,-0.031035449068235965,-0.018425108589043004
ALL,ALL,32,ALL,early,R6,8,D_H8,stage,cross_series,IMAGE_CUE_FRESH,128,128,125,0.9765625,3,0.0234375,0,0.0,0,0.0,125,0.9765625,0,0.0,128,1.0,0,0.0,127.0,0.9921875,509.0,512,0.994140625,0,0.0,-0.0234375,-0.0078125,0.0,-0.005859375,0.0,-0.0234375,0.0,0.0
ALL,ALL,32,ALL,early,R6,8,D_H8,stage,trend,SYMBOLIC_FRESH,128,115,1,0.0078125,110,0.859375,4,0.03125,13,0.1015625,1,0.008695652173913044,264,2.2956521739130435,290,2.5217391304347827,1,0.008695652173913044,60.5,0.47265625,82.0,512,0.16015625,43,0.3359375,0.0,0.015625,-0.02639206712433257,-0.001953125,0.0078125,-7.627765064835944e-05,0.014950419527078651,0.048054919908466776
ALL,ALL,32,ALL,early,R6,8,D_H8,stage,trend,IMAGE_CUE_FRESH,128,128,67,0.5234375,61,0.4765625,0,0.0,0,0.0,67,0.5234375,32,0.25,99,0.7734375,33,0.2578125,87.5,0.68359375,419.0,512,0.818359375,0,0.0,-0.09375,-0.0390625,0.109375,-0.021484375,-0.015625,-0.09375,-0.0078125,-0.1171875
ALL,ALL,32,ALL,early,R6,32,D,stage,duplicate_encoding,SYMBOLIC_FRESH,1536,1534,1517,0.9876302083333334,17,0.011067708333333334,0,0.0,2,0.0013020833333333333,1520,0.9908735332464146,5,0.003259452411994785,1525,0.9941329856584094,12,0.007822685788787484,1520.0,0.9895833333333334,6117.0,6144,0.99560546875,3,0.001953125,0.00911458333333337,0.01041666666666674,-0.007161027566261375,0.0027669270833333703,0.0013020833333333335,0.011068972985828318,-0.0026037397704156383,0.0071623016193214095
ALL,ALL,32,ALL,early,R6,32,D,stage,ALL,ALL,9216,8929,7040,0.7638888888888888,1796,0.1948784722222222,93,0.010091145833333334,287,0.031141493055555556,7110,0.7962817784746332,1853,0.20752603875014,9214,1.0319184679135402,725,0.08119610258707582,7928.666666666667,0.8603153935185186,32044.0,36864,0.8692491319444444,255,0.027669270833333332,0.0032552083333332593,0.013111255787037202,-0.01998975577488804,-0.01698133680555558,0.012912326388888888,0.015388505727209956,0.0473797459428697,0.07070822741703131
ALL,ALL,32,ALL,early,R6,32,D,stage,duplicate_encoding,IMAGE_CUE_FRESH,1536,1536,1536,1.0,0,0.0,0,0.0,0,0.0,1536,1.0,0,0.0,1536,1.0,0,0.0,1536.0,1.0,6144.0,6144,1.0,0,0.0,0.0006510416666666297,0.0006510416666666297,-0.0006510416666666666,0.00016276041666662966,0.0,0.0006510416666666297,0.0,0.0006510416666666297
ALL,ALL,32,ALL,early,R6,32,D,stage,cross_series,SYMBOLIC_FRESH,1536,1466,497,0.3235677083333333,893,0.5813802083333334,76,0.049479166666666664,70,0.045572916666666664,563,0.3840381991814461,530,0.3615279672578445,1208,0.8240109140518418,527,0.35948158253751705,998.6666666666666,0.650173611111111,4431.0,6144,0.72119140625,22,0.014322916666666666,-0.012369791666666685,0.007595486111111049,-0.03616763568138165,-0.0224609375,0.012369791666666666,0.012182318827945071,0.09572239281868744,0.14352145110146786
ALL,ALL,32,ALL,early,R6,32,D,stage,cross_series,IMAGE_CUE_FRESH,1536,1536,1533,0.998046875,3,0.001953125,0,0.0,0,0.0,1534,0.9986979166666666,1,0.0006510416666666666,1537,1.0006510416666667,0,0.0,1535.0,0.9993489583333334,6141.0,6144,0.99951171875,0,0.0,0.001953125,0.0010850694444445308,0.0,0.00048828125,0.0,0.0,-0.001953125,-0.001953125
ALL,ALL,32,ALL,early,R6,32,D,stage,trend,SYMBOLIC_FRESH,1536,1321,492,0.3203125,812,0.5286458333333334,17,0.011067708333333334,215,0.13997395833333334,492,0.372445117335352,1305,0.987887963663891,1929,1.4602573807721424,126,0.09538228614685844,842.5,0.5485026041666666,3150.0,6144,0.5126953125,230,0.14973958333333334,0.014322916666666685,0.055664062499999944,-0.07211239092908193,-0.0830078125,0.06380208333333334,0.038875209599369076,0.25190499702088176,0.31263495351877113
ALL,ALL,32,ALL,early,R6,32,D,stage,trend,IMAGE_CUE_FRESH,1536,1536,1465,0.9537760416666666,71,0.046223958333333336,0,0.0,0,0.0,1465,0.9537760416666666,12,0.0078125,1479,0.962890625,60,0.0390625,1496.5,0.9742838541666666,6061.0,6144,0.9864908854166666,0,0.0,0.005859375,0.0032552083333332593,-0.007161458333333336,0.00016276041666662966,0.0,0.005859375,0.005208333333333334,0.00911458333333337
ALL,ALL,32,ALL,early,R2,8,D_H8,stage,duplicate_encoding,SYMBOLIC_FRESH,128,128,117,0.9140625,11,0.0859375,0,0.0,0,0.0,125,0.9765625,10,0.078125,136,1.0625,1,0.0078125,125.0,0.9765625,499.0,512,0.974609375,8,0.0625,-0.0078125,0.0,-6.151574803149595e-05,0.001953125,0.0078125,-0.007689468503937036,0.015132874015748032,0.0073818897637796255
ALL,ALL,32,ALL,early,R2,8,D_H8,stage,ALL,ALL,768,757,475,0.6184895833333334,277,0.3606770833333333,5,0.006510416666666667,11,0.014322916666666666,483,0.6380449141347424,432,0.570673712021136,992,1.310435931307794,67,0.08850726552179657,623.0,0.8111979166666666,2322.0,3072,0.755859375,74,0.09635416666666667,-0.0078125,0.011284722222222099,0.02112182077786126,0.0068359375,0.014322916666666671,-0.01963702656606625,0.01406993843623039,-0.00897107677845943
ALL,ALL,32,ALL,early,R2,8,D_H8,stage,duplicate_encoding,IMAGE_CUE_FRESH,128,128,128,1.0,0,0.0,0,0.0,0,0.0,128,1.0,0,0.0,128,1.0,0,0.0,128.0,1.0,512.0,512,1.0,0,0.0,0.0,0.0,0.0,0.0,0.0,0.0,0.0,0.0
ALL,ALL,32,ALL,early,R2,8,D_H8,stage,cross_series,SYMBOLIC_FRESH,128,118,31,0.2421875,84,0.65625,3,0.0234375,10,0.078125,31,0.2627118644067797,88,0.7457627118644068,166,1.4067796610169492,35,0.2966101694915254,85.33333333333333,0.6666666666666666,297.0,512,0.580078125,13,0.1015625,0.03125,0.0234375,0.0743879472693032,0.060546875,0.0078125,0.0319426336375489,-0.21150224540055051,-0.2427929885557003
ALL,ALL,32,ALL,early,R2,8,D_H8,stage,cross_series,IMAGE_CUE_FRESH,128,128,124,0.96875,3,0.0234375,1,0.0078125,0,0.0,124,0.96875,2,0.015625,128,1.0,1,0.0078125,125.66666666666667,0.9817708333333334,506.0,512,0.98828125,0,0.0,-0.03125,-0.01822916666666663,0.0078125,-0.01171875,0.0,-0.03125,0.015625,0.0
ALL,ALL,32,ALL,early,R2,8,D_H8,stage,trend,SYMBOLIC_FRESH,128,127,0,0.0,126,0.984375,1,0.0078125,1,0.0078125,0,0.0,303,2.3858267716535435,329,2.590551181102362,1,0.007874015748031496,67.0,0.5234375,78.0,512,0.15234375,53,0.4140625,-0.0078125,0.06640625,-0.027213703550214116,-0.009765625,0.0859375,-0.008771929824561403,0.10512501726757861,0.11686697057604611
ALL,ALL,32,ALL,early,R2,8,D_H8,stage,trend,IMAGE_CUE_FRESH,128,128,75,0.5859375,53,0.4140625,0,0.0,0,0.0,75,0.5859375,29,0.2265625,105,0.8203125,29,0.2265625,92.0,0.71875,430.0,512,0.83984375,0,0.0,-0.03125,-0.00390625,0.078125,0.0,-0.015625,-0.03125,-0.03125,-0.0703125
ALL,ALL,32,ALL,early,R2,32,D,stage,duplicate_encoding,SYMBOLIC_FRESH,1536,1536,1505,0.9798177083333334,31,0.020182291666666668,0,0.0,0,0.0,1512,0.984375,15,0.009765625,1531,0.9967447916666666,13,0.008463541666666666,1512.0,0.984375,6105.0,6144,0.99365234375,7,0.004557291666666667,0.0013020833333333703,0.00520833333333337,-0.006520171688382193,0.0008138020833333703,0.00390625,0.004570439739413734,0.0039024328175895767,0.009774107627578688
ALL,ALL,32,ALL,early,R2,32,D,stage,ALL,ALL,9216,9110,6991,0.7585720486111112,1994,0.2163628472222222,125,0.013563368055555556,106,0.011501736111111112,7023,0.7709110867178924,1399,0.15356750823271131,8627,0.9469813391877058,962,0.10559824368825467,7780.0,0.8441840277777778,32954.0,36864,0.8939344618055556,120,0.013020833333333334,-0.0020616319444444198,-0.003020109953703609,0.004412385326290805,0.00770399305555558,-0.0017361111111111101,-0.009982186029530826,-0.006578784574558988,-0.014228901308803166
ALL,ALL,32,ALL,early,R2,32,D,stage,duplicate_encoding,IMAGE_CUE_FRESH,1536,1536,1536,1.0,0,0.0,0,0.0,0,0.0,1536,1.0,0,0.0,1536,1.0,0,0.0,1536.0,1.0,6144.0,6144,1.0,0,0.0,0.0006510416666666297,0.0006510416666666297,-0.0006510416666666666,0.00016276041666662966,0.0,0.0006510416666666297,0.0,0.0006510416666666297
ALL,ALL,32,ALL,early,R2,32,D,stage,cross_series,SYMBOLIC_FRESH,1536,1499,512,0.3333333333333333,894,0.58203125,93,0.060546875,37,0.024088541666666668,537,0.35823882588392264,381,0.2541694462975317,1002,0.6684456304202802,597,0.39826551034022684,990.3333333333333,0.6447482638888888,4653.0,6144,0.75732421875,1,0.0006510416666666666,-0.002604166666666685,0.0021701388888888395,0.0026162921213281343,0.013671875,-0.0013020833333333335,-0.013617054469578393,-0.011636128141625346,-0.012043832530093779
ALL,ALL,32,ALL,early,R2,32,D,stage,cross_series,IMAGE_CUE_FRESH,1536,1536,1535,0.9993489583333334,1,0.0006510416666666666,0,0.0,0,0.0,1535,0.9993489583333334,0,0.0,1536,1.0,0,0.0,1535.6666666666667,0.9997829861111112,6143.0,6144,0.9998372395833334,0,0.0,0.0032552083333333703,0.001519097222222321,0.0,0.0008138020833333703,0.0,0.0006510416666667407,-0.0026041666666666665,-0.0026041666666667407
ALL,ALL,32,ALL,early,R2,32,D,stage,trend,SYMBOLIC_FRESH,1536,1467,451,0.2936197916666667,984,0.640625,32,0.020833333333333332,69,0.044921875,451,0.3074301295160191,995,0.678254942058623,1560,1.0633946830265848,278,0.18950238582140422,717.0,0.466796875,3857.0,6144,0.6277669270833334,112,0.07291666666666667,-0.01236979166666663,-0.026041666666666685,0.022007708745463844,0.03206380208333337,-0.013020833333333329,-0.026139778219963827,-0.057728024584386195,-0.08422774422678647
ALL,ALL,32,ALL,early,R2,32,D,stage,trend,IMAGE_CUE_FRESH,1536,1536,1452,0.9453125,84,0.0546875,0,0.0,0,0.0,1452,0.9453125,8,0.005208333333333333,1462,0.9518229166666666,74,0.048177083333333336,1489.0,0.9694010416666666,6052.0,6144,0.9850260416666666,0,0.0,-0.0026041666666666297,-0.0016276041666667407,0.001953125,-0.0013020833333333703,0.0,-0.0026041666666666297,0.0026041666666666665,-0.001953125
ALL,ALL,96,ALL,late,R0,8,D_H8,stage,duplicate_encoding,SYMBOLIC_FRESH,128,128,128,1.0,0,0.0,0,0.0,0,0.0,128,1.0,0,0.0,128,1.0,0,0.0,128.0,1.0,512.0,512,1.0,0,0.0,0.0,0.0,0.0,0.0,0.0,0.0,0.0,0.0
ALL,ALL,96,ALL,late,R0,8,D_H8,stage,ALL,ALL,768,749,543,0.70703125,206,0.2682291666666667,0,0.0,19,0.024739583333333332,543,0.7249666221628839,236,0.315086782376502,779,1.0400534045393859,74,0.09879839786381843,638.1666666666666,0.8309461805555555,2554.0,3072,0.8313802083333334,36,0.046875,0.0,0.0,0.0,0.0,0.0,0.0,0.0,0.0
ALL,ALL,96,ALL,late,R0,8,D_H8,stage,duplicate_encoding,IMAGE_CUE_FRESH,128,128,128,1.0,0,0.0,0,0.0,0,0.0,128,1.0,0,0.0,128,1.0,0,0.0,128.0,1.0,512.0,512,1.0,0,0.0,0.0,0.0,0.0,0.0,0.0,0.0,0.0,0.0
ALL,ALL,96,ALL,late,R0,8,D_H8,stage,cross_series,SYMBOLIC_FRESH,128,123,32,0.25,91,0.7109375,0,0.0,5,0.0390625,32,0.2601626016260163,25,0.2032520325203252,57,0.4634146341463415,69,0.5609756097560976,74.66666666666666,0.5833333333333333,376.0,512,0.734375,0,0.0,0.0,0.0,0.0,0.0,0.0,0.0,0.0,0.0
ALL,ALL,96,ALL,late,R0,8,D_H8,stage,cross_series,IMAGE_CUE_FRESH,128,128,128,1.0,0,0.0,0,0.0,0,0.0,128,1.0,0,0.0,128,1.0,0,0.0,128.0,1.0,512.0,512,1.0,0,0.0,0.0,0.0,0.0,0.0,0.0,0.0,0.0,0.0
ALL,ALL,96,ALL,late,R0,8,D_H8,stage,trend,SYMBOLIC_FRESH,128,114,0,0.0,114,0.890625,0,0.0,14,0.109375,0,0.0,211,1.8508771929824561,211,1.8508771929824561,4,0.03508771929824561,52.0,0.40625,131.0,512,0.255859375,36,0.28125,0.0,0.0,0.0,0.0,0.0,0.0,0.0,0.0
ALL,ALL,96,ALL,late,R0,8,D_H8,stage,trend,IMAGE_CUE_FRESH,128,128,127,0.9921875,1,0.0078125,0,0.0,0,0.0,127,0.9921875,0,0.0,127,0.9921875,1,0.0078125,127.5,0.99609375,511.0,512,0.998046875,0,0.0,0.0,0.0,0.0,0.0,0.0,0.0,0.0,0.0
ALL,ALL,96,ALL,late,R0,32,D,stage,duplicate_encoding,SYMBOLIC_FRESH,1536,1536,1536,1.0,0,0.0,0,0.0,0,0.0,1536,1.0,0,0.0,1536,1.0,0,0.0,1536.0,1.0,6144.0,6144,1.0,0,0.0,0.0,0.0,0.0,0.0,0.0,0.0,0.0,0.0
ALL,ALL,96,ALL,late,R0,32,D,stage,ALL,ALL,9216,8893,7255,0.7872178819444444,1556,0.16883680555555555,82,0.008897569444444444,323,0.03504774305555555,7263,0.8167097717305746,1321,0.1485437984931969,8637,0.9712133138423479,806,0.09063308219948274,8075.0,0.8761935763888888,32621.0,36864,0.8849012586805556,201,0.021809895833333332,0.0,0.0,0.0,0.0,0.0,0.0,0.0,0.0
ALL,ALL,96,ALL,late,R0,32,D,stage,duplicate_encoding,IMAGE_CUE_FRESH,1536,1536,1536,1.0,0,0.0,0,0.0,0,0.0,1536,1.0,0,0.0,1536,1.0,0,0.0,1536.0,1.0,6144.0,6144,1.0,0,0.0,0.0,0.0,0.0,0.0,0.0,0.0,0.0,0.0
ALL,ALL,96,ALL,late,R0,32,D,stage,cross_series,SYMBOLIC_FRESH,1536,1496,594,0.38671875,823,0.5358072916666666,79,0.051432291666666664,40,0.026041666666666668,602,0.40240641711229946,222,0.1483957219251337,828,0.553475935828877,702,0.4692513368983957,1086.0,0.70703125,4868.0,6144,0.7923177083333334,0,0.0,0.0,0.0,0.0,0.0,0.0,0.0,0.0,0.0
ALL,ALL,96,ALL,late,R0,32,D,stage,cross_series,IMAGE_CUE_FRESH,1536,1536,1536,1.0,0,0.0,0,0.0,0,0.0,1536,1.0,0,0.0,1536,1.0,0,0.0,1536.0,1.0,6144.0,6144,1.0,0,0.0,0.0,0.0,0.0,0.0,0.0,0.0,0.0,0.0
ALL,ALL,96,ALL,late,R0,32,D,stage,trend,SYMBOLIC_FRESH,1536,1253,518,0.3372395833333333,732,0.4765625,3,0.001953125,283,0.18424479166666666,518,0.4134078212290503,1099,0.8770949720670391,1666,1.329608938547486,103,0.08220271348762968,845.5,0.5504557291666666,3178.0,6144,0.5172526041666666,201,0.130859375,0.0,0.0,0.0,0.0,0.0,0.0,0.0,0.0
ALL,ALL,96,ALL,late,R0,32,D,stage,trend,IMAGE_CUE_FRESH,1536,1536,1535,0.9993489583333334,1,0.0006510416666666666,0,0.0,0,0.0,1535,0.9993489583333334,0,0.0,1535,0.9993489583333334,1,0.0006510416666666666,1535.5,0.9996744791666666,6143.0,6144,0.9998372395833334,0,0.0,0.0,0.0,0.0,0.0,0.0,0.0,0.0,0.0
ALL,ALL,96,ALL,late,DIRECT_REPAIR_R4,8,D_H8,stage,duplicate_encoding,SYMBOLIC_FRESH,128,128,128,1.0,0,0.0,0,0.0,0,0.0,128,1.0,0,0.0,128,1.0,0,0.0,128.0,1.0,512.0,512,1.0,0,0.0,0.0,0.0,0.0,0.0,0.0,0.0,0.0,0.0
ALL,ALL,96,ALL,late,DIRECT_REPAIR_R4,8,D_H8,stage,ALL,ALL,768,758,543,0.70703125,215,0.2799479166666667,0,0.0,10,0.013020833333333334,543,0.716358839050132,232,0.30606860158311344,775,1.0224274406332454,78,0.10290237467018469,638.1666666666666,0.8309461805555555,2585.0,3072,0.8414713541666666,34,0.044270833333333336,0.0,0.0,0.004103976806366261,0.01009114583333326,-0.0026041666666666644,-0.008607783112751899,-0.009018180793388564,-0.017625963906140463
ALL,ALL,96,ALL,late,DIRECT_REPAIR_R4,8,D_H8,stage,duplicate_encoding,IMAGE_CUE_FRESH,128,128,128,1.0,0,0.0,0,0.0,0,0.0,128,1.0,0,0.0,128,1.0,0,0.0,128.0,1.0,512.0,512,1.0,0,0.0,0.0,0.0,0.0,0.0,0.0,0.0,0.0,0.0
ALL,ALL,96,ALL,late,DIRECT_REPAIR_R4,8,D_H8,stage,cross_series,SYMBOLIC_FRESH,128,127,32,0.25,95,0.7421875,0,0.0,1,0.0078125,32,0.25196850393700787,28,0.2204724409448819,60,0.47244094488188976,68,0.5354330708661418,74.66666666666666,0.5833333333333333,385.0,512,0.751953125,0,0.0,0.0,0.0,-0.025542538889955835,0.017578125,0.0,-0.008194097689008417,0.017220408424556688,0.00902631073554827
ALL,ALL,96,ALL,late,DIRECT_REPAIR_R4,8,D_H8,stage,cross_series,IMAGE_CUE_FRESH,128,128,128,1.0,0,0.0,0,0.0,0,0.0,128,1.0,0,0.0,128,1.0,0,0.0,128.0,1.0,512.0,512,1.0,0,0.0,0.0,0.0,0.0,0.0,0.0,0.0,0.0,0.0
ALL,ALL,96,ALL,late,DIRECT_REPAIR_R4,8,D_H8,stage,trend,SYMBOLIC_FRESH,128,119,0,0.0,119,0.9296875,0,0.0,9,0.0703125,0,0.0,204,1.7142857142857142,204,1.7142857142857142,9,0.07563025210084033,52.0,0.40625,153.0,512,0.298828125,34,0.265625,0.0,0.0,0.04054253280259472,0.04296875,-0.015625,0.0,-0.13659147869674193,-0.13659147869674193
ALL,ALL,96,ALL,late,DIRECT_REPAIR_R4,8,D_H8,stage,trend,IMAGE_CUE_FRESH,128,128,127,0.9921875,1,0.0078125,0,0.0,0,0.0,127,0.9921875,0,0.0,127,0.9921875,1,0.0078125,127.5,0.99609375,511.0,512,0.998046875,0,0.0,0.0,0.0,0.0,0.0,0.0,0.0,0.0,0.0
ALL,ALL,96,ALL,late,DIRECT_REPAIR_R4,32,D,stage,duplicate_encoding,SYMBOLIC_FRESH,1536,1536,1536,1.0,0,0.0,0,0.0,0,0.0,1536,1.0,0,0.0,1536,1.0,0,0.0,1536.0,1.0,6144.0,6144,1.0,0,0.0,0.0,0.0,0.0,0.0,0.0,0.0,0.0,0.0
ALL,ALL,96,ALL,late,DIRECT_REPAIR_R4,32,D,stage,ALL,ALL,9216,9086,7259,0.7876519097222222,1737,0.1884765625,90,0.009765625,130,0.014105902777777778,7272,0.8003521901826987,1214,0.1336121505613031,8529,0.938696896324015,1051,0.11567246313009025,8166.333333333333,0.8861038773148148,33316.0,36864,0.9037543402777778,190,0.020616319444444444,0.0004340277777777901,0.00991030092592593,0.025039380930607508,0.01885308159722221,-0.0011935763888888881,-0.01635758154787592,-0.014931647931893804,-0.032516417518332896
ALL,ALL,96,ALL,late,DIRECT_REPAIR_R4,32,D,stage,duplicate_encoding,IMAGE_CUE_FRESH,1536,1536,1536,1.0,0,0.0,0,0.0,0,0.0,1536,1.0,0,0.0,1536,1.0,0,0.0,1536.0,1.0,6144.0,6144,1.0,0,0.0,0.0,0.0,0.0,0.0,0.0,0.0,0.0,0.0
ALL,ALL,96,ALL,late,DIRECT_REPAIR_R4,32,D,stage,cross_series,SYMBOLIC_FRESH,1536,1529,598,0.3893229166666667,859,0.5592447916666666,72,0.046875,7,0.004557291666666667,611,0.3996075866579464,229,0.1497710922171354,843,0.55134074558535,743,0.48593852190974496,1116.3333333333333,0.7267795138888888,4969.0,6144,0.8087565104166666,0,0.0,0.002604166666666685,0.01974826388888884,0.016687185011349248,0.01643880208333326,0.0,-0.002798830454353085,0.0013753702920016875,-0.002135190243527041
ALL,ALL,96,ALL,late,DIRECT_REPAIR_R4,32,D,stage,cross_series,IMAGE_CUE_FRESH,1536,1536,1536,1.0,0,0.0,0,0.0,0,0.0,1536,1.0,0,0.0,1536,1.0,0,0.0,1536.0,1.0,6144.0,6144,1.0,0,0.0,0.0,0.0,0.0,0.0,0.0,0.0,0.0,0.0
ALL,ALL,96,ALL,late,DIRECT_REPAIR_R4,32,D,stage,trend,SYMBOLIC_FRESH,1536,1413,520,0.3385416666666667,875,0.5696614583333334,18,0.01171875,123,0.080078125,520,0.36801132342533616,985,0.697098372257608,1545,1.0934182590233545,305,0.21585279547062985,907.5,0.5908203125,3774.0,6144,0.6142578125,190,0.12369791666666667,0.0013020833333333703,0.04036458333333337,0.13365008198300016,0.09700520833333337,-0.007161458333333329,-0.04539649780371413,-0.17999659980943117,-0.23619067952413153
ALL,ALL,96,ALL,late,DIRECT_REPAIR_R4,32,D,stage,trend,IMAGE_CUE_FRESH,1536,1536,1533,0.998046875,3,0.001953125,0,0.0,0,0.0,1533,0.998046875,0,0.0,1533,0.998046875,3,0.001953125,1534.5,0.9990234375,6141.0,6144,0.99951171875,0,0.0,-0.0013020833333333703,-0.0006510416666666297,0.0013020833333333335,-0.00032552083333337034,0.0,-0.0013020833333333703,0.0,-0.0013020833333333703
ALL,ALL,96,ALL,late,R7,8,D_H8,stage,duplicate_encoding,SYMBOLIC_FRESH,128,128,128,1.0,0,0.0,0,0.0,0,0.0,128,1.0,0,0.0,128,1.0,0,0.0,128.0,1.0,512.0,512,1.0,0,0.0,0.0,0.0,0.0,0.0,0.0,0.0,0.0,0.0
ALL,ALL,96,ALL,late,R7,8,D_H8,stage,ALL,ALL,768,757,543,0.70703125,214,0.2786458333333333,0,0.0,11,0.014322916666666666,543,0.7173051519154557,242,0.31968295904887717,785,1.0369881109643329,74,0.0977542932628798,634.6666666666666,0.8263888888888888,2572.0,3072,0.8372395833333334,29,0.037760416666666664,0.0,-0.00455729166666663,-0.0010441046009386362,0.005859375,-0.009114583333333336,-0.007661470247428137,0.004596176672375163,-0.0030652935750530297
ALL,ALL,96,ALL,late,R7,8,D_H8,stage,duplicate_encoding,IMAGE_CUE_FRESH,128,128,128,1.0,0,0.0,0,0.0,0,0.0,128,1.0,0,0.0,128,1.0,0,0.0,128.0,1.0,512.0,512,1.0,0,0.0,0.0,0.0,0.0,0.0,0.0,0.0,0.0,0.0
ALL,ALL,96,ALL,late,R7,8,D_H8,stage,cross_series,SYMBOLIC_FRESH,128,126,32,0.25,94,0.734375,0,0.0,2,0.015625,32,0.25396825396825395,28,0.2222222222222222,60,0.47619047619047616,66,0.5238095238095238,74.66666666666666,0.5833333333333333,382.0,512,0.74609375,0,0.0,0.0,0.0,-0.03716608594657378,0.01171875,0.0,-0.0061943476577623335,0.01897018970189701,0.012775842044134678
ALL,ALL,96,ALL,late,R7,8,D_H8,stage,cross_series,IMAGE_CUE_FRESH,128,128,128,1.0,0,0.0,0,0.0,0,0.0,128,1.0,0,0.0,128,1.0,0,0.0,128.0,1.0,512.0,512,1.0,0,0.0,0.0,0.0,0.0,0.0,0.0,0.0,0.0,0.0
ALL,ALL,96,ALL,late,R7,8,D_H8,stage,trend,SYMBOLIC_FRESH,128,119,0,0.0,119,0.9296875,0,0.0,9,0.0703125,0,0.0,214,1.7983193277310925,214,1.7983193277310925,7,0.058823529411764705,48.5,0.37890625,143.0,512,0.279296875,29,0.2265625,0.0,-0.02734375,0.023735810113519093,0.0234375,-0.0546875,0.0,-0.052557865251363634,-0.052557865251363634
ALL,ALL,96,ALL,late,R7,8,D_H8,stage,trend,IMAGE_CUE_FRESH,128,128,127,0.9921875,1,0.0078125,0,0.0,0,0.0,127,0.9921875,0,0.0,127,0.9921875,1,0.0078125,127.5,0.99609375,511.0,512,0.998046875,0,0.0,0.0,0.0,0.0,0.0,0.0,0.0,0.0,0.0
ALL,ALL,96,ALL,late,R7,32,D,stage,duplicate_encoding,SYMBOLIC_FRESH,1536,1536,1536,1.0,0,0.0,0,0.0,0,0.0,1536,1.0,0,0.0,1536,1.0,0,0.0,1536.0,1.0,6144.0,6144,1.0,0,0.0,0.0,0.0,0.0,0.0,0.0,0.0,0.0,0.0
ALL,ALL,96,ALL,late,R7,32,D,stage,ALL,ALL,9216,9054,7241,0.7856987847222222,1733,0.1880425347222222,80,0.008680555555555556,162,0.017578125,7257,0.8015241882041086,1510,0.16677711508725426,8836,0.9759222443119063,895,0.09885133642588911,8173.5,0.8868815104166666,32909.0,36864,0.8927137586805556,200,0.021701388888888888,-0.0015190972222222099,0.01068793402777779,0.008218254226406374,0.0078125,-0.00010850694444444406,-0.015185583526465929,0.01823331659405736,0.004708930469558448
ALL,ALL,96,ALL,late,R7,32,D,stage,duplicate_encoding,IMAGE_CUE_FRESH,1536,1536,1536,1.0,0,0.0,0,0.0,0,0.0,1536,1.0,0,0.0,1536,1.0,0,0.0,1536.0,1.0,6144.0,6144,1.0,0,0.0,0.0,0.0,0.0,0.0,0.0,0.0,0.0,0.0
ALL,ALL,96,ALL,late,R7,32,D,stage,cross_series,SYMBOLIC_FRESH,1536,1519,588,0.3828125,854,0.5559895833333334,77,0.050130208333333336,17,0.011067708333333334,604,0.3976300197498354,257,0.16919025674786042,863,0.5681369321922317,720,0.4739960500329164,1103.0,0.7180989583333334,4904.0,6144,0.7981770833333334,0,0.0,-0.00390625,0.01106770833333337,0.004744713134520684,0.005859375,0.0,-0.0047763973624640466,0.020794534822726723,0.014660996363354717
ALL,ALL,96,ALL,late,R7,32,D,stage,cross_series,IMAGE_CUE_FRESH,1536,1536,1536,1.0,0,0.0,0,0.0,0,0.0,1536,1.0,0,0.0,1536,1.0,0,0.0,1536.0,1.0,6144.0,6144,1.0,0,0.0,0.0,0.0,0.0,0.0,0.0,0.0,0.0,0.0
ALL,ALL,96,ALL,late,R7,32,D,stage,trend,SYMBOLIC_FRESH,1536,1391,512,0.3333333333333333,876,0.5703125,3,0.001953125,145,0.09440104166666667,512,0.3680805176132279,1253,0.9007907979870596,1832,1.317038102084831,172,0.12365204888569374,928.0,0.6041666666666666,3432.0,6144,0.55859375,200,0.13020833333333334,-0.00390625,0.0537109375,0.04144933539806406,0.04134114583333337,-0.0006510416666666574,-0.04532730361582238,0.023695825920020508,-0.01257083646265511
ALL,ALL,96,ALL,late,R7,32,D,stage,trend,IMAGE_CUE_FRESH,1536,1536,1533,0.998046875,3,0.001953125,0,0.0,0,0.0,1533,0.998046875,0,0.0,1533,0.998046875,3,0.001953125,1534.5,0.9990234375,6141.0,6144,0.99951171875,0,0.0,-0.0013020833333333703,-0.0006510416666666297,0.0013020833333333335,-0.00032552083333337034,0.0,-0.0013020833333333703,0.0,-0.0013020833333333703
