lineage_id,source_recipe,source_step,source_stage,origin_id,branch_recipe,step_bin,groups_n,all_X_n,no_X_n,mixed_X_n,all_valid_n,contains_S_n,identical_reward_vectors_n,identical_original_four_rewards_n,exact_zero_advantage_groups_n,no_X_with_F1_n,no_X_with_F_observed_n,F_different_n,F_comparable_groups_n,B_different_n,B_comparable_groups_n,C_different_n,C_comparable_groups_n,no_X_F_different_n,no_X_F_comparable_n,no_X_B_different_n,no_X_B_comparable_n,no_X_C_different_n,no_X_C_comparable_n,X_samples_n,samples_n,F_sum,F_valid_samples_n,B_sum,B_valid_samples_n,M_sum,M_valid_samples_n,I_samples_n,W_samples_n,S_samples_n,W_positive_advantage_n,S_positive_advantage_n,W_positive_advantage_groups_n,S_positive_advantage_groups_n,no_X_W_positive_advantage_n,no_X_W_samples_n,no_X_S_positive_advantage_n,no_X_S_samples_n,all_X_denominator,all_X_rate,no_X_denominator,no_X_rate,mixed_X_denominator,mixed_X_rate,all_valid_denominator,all_valid_rate,contains_S_denominator,contains_S_rate,identical_reward_vectors_denominator,identical_reward_vectors_rate,identical_original_four_rewards_denominator,identical_original_four_rewards_rate,exact_zero_advantage_groups_denominator,exact_zero_advantage_groups_rate,no_X_with_F1_denominator,no_X_with_F1_rate,F_different_denominator,F_different_rate,B_different_denominator,B_different_rate,C_different_denominator,C_different_rate,no_X_F_different_denominator,no_X_F_different_rate,no_X_B_different_denominator,no_X_B_different_rate,no_X_C_different_denominator,no_X_C_different_rate,W_positive_advantage_denominator,W_positive_advantage_rate,S_positive_advantage_denominator,S_positive_advantage_rate,no_X_W_positive_advantage_denominator,no_X_W_positive_advantage_rate,no_X_S_positive_advantage_denominator,no_X_S_positive_advantage_rate,F_mean_valid,B_mean_valid,M_mean_valid,update_steps_n,grad_exact_zero_steps_n,exact_zero_advantage_steps_n
61001,R0,32,early,61001_t32,DIRECT_REPAIR_R4,01-08,32,16,4,12,25,3,16,16,16,2,4,12,32,11,32,14,32,2,4,4,4,4,4,189,256,200,240,86,240,307,240,16,47,4,22,4,7,3,16,22,3,3,32,0.5,32,0.125,32,0.375,32,0.78125,32,0.09375,32,0.5,32,0.5,32,0.5,4,0.5,32,0.375,32,0.34375,32,0.4375,4,0.5,4,1.0,4,1.0,47,0.46808510638297873,4,1.0,22,0.7272727272727273,3,1.0,0.8333333333333334,0.35833333333333334,1.2791666666666666,8,0,0
61001,R0,32,early,61001_t32,DIRECT_REPAIR_R4,09-16,32,20,4,8,31,2,21,21,21,1,4,7,32,11,32,7,32,1,4,3,4,3,4,194,256,199,254,70,254,298,254,2,58,2,9,0,3,0,9,32,0,0,32,0.625,32,0.125,32,0.25,32,0.96875,32,0.0625,32,0.65625,32,0.65625,32,0.65625,4,0.25,32,0.21875,32,0.34375,32,0.21875,4,0.25,4,0.75,4,0.75,58,0.15517241379310345,2,0.0,32,0.28125,0,,0.7834645669291339,0.2755905511811024,1.1732283464566928,8,1,1
61001,R0,32,early,61001_t32,DIRECT_REPAIR_R4,17-24,32,23,4,5,28,0,23,24,23,0,4,5,32,8,32,5,32,0,4,4,4,3,4,213,256,213,245,48,245,270,245,11,32,0,14,0,4,0,14,23,0,0,32,0.71875,32,0.125,32,0.15625,32,0.875,32,0.0,32,0.71875,32,0.75,32,0.71875,4,0.0,32,0.15625,32,0.25,32,0.15625,4,0.0,4,1.0,4,0.75,32,0.4375,0,,23,0.6086956521739131,0,,0.8693877551020408,0.19591836734693877,1.1020408163265305,8,1,1
61001,R0,32,early,61001_t32,DIRECT_REPAIR_R4,25-32,32,22,7,3,32,3,23,24,23,0,7,3,32,6,32,7,32,0,7,6,7,4,7,196,256,196,256,52,256,251,256,0,57,3,23,0,5,0,23,53,0,3,32,0.6875,32,0.21875,32,0.09375,32,1.0,32,0.09375,32,0.71875,32,0.75,32,0.71875,7,0.0,32,0.09375,32,0.1875,32,0.21875,7,0.0,7,0.8571428571428571,7,0.5714285714285714,57,0.40350877192982454,3,0.0,53,0.4339622641509434,3,0.0,0.765625,0.203125,0.98046875,8,1,1
61001,R0,32,early,61001_t32,GDPO_R4,01-08,32,16,4,12,25,4,16,16,1,2,4,12,32,11,32,14,32,2,4,4,4,4,4,188,256,199,240,88,240,309,240,16,47,5,18,3,6,2,15,22,3,3,32,0.5,32,0.125,32,0.375,32,0.78125,32,0.125,32,0.5,32,0.5,32,0.03125,4,0.5,32,0.375,32,0.34375,32,0.4375,4,0.5,4,1.0,4,1.0,47,0.3829787234042553,5,0.6,22,0.6818181818181818,3,1.0,0.8291666666666667,0.36666666666666664,1.2875,8,0,0
61001,R0,32,early,61001_t32,GDPO_R4,09-16,32,20,4,8,30,1,20,20,6,1,4,7,32,12,32,8,32,1,4,4,4,4,4,192,256,196,252,78,252,305,252,4,59,1,24,0,6,0,22,31,0,0,32,0.625,32,0.125,32,0.25,32,0.9375,32,0.03125,32,0.625,32,0.625,32,0.1875,4,0.25,32,0.21875,32,0.375,32,0.25,4,0.25,4,1.0,4,1.0,59,0.4067796610169492,1,0.0,31,0.7096774193548387,0,,0.7777777777777778,0.30952380952380953,1.2103174603174602,8,1,1
61001,R0,32,early,61001_t32,GDPO_R4,17-24,32,21,4,7,28,0,22,22,3,0,4,7,32,10,32,7,32,0,4,4,4,3,4,210,256,210,246,58,246,280,246,10,36,0,18,0,4,0,18,24,0,0,32,0.65625,32,0.125,32,0.21875,32,0.875,32,0.0,32,0.6875,32,0.6875,32,0.09375,4,0.0,32,0.21875,32,0.3125,32,0.21875,4,0.0,4,1.0,4,0.75,36,0.5,0,,24,0.75,0,,0.8536585365853658,0.23577235772357724,1.1382113821138211,8,0,0
61001,R0,32,early,61001_t32,GDPO_R4,25-32,32,23,7,2,31,2,23,23,4,0,7,2,32,7,32,8,32,0,7,7,7,6,7,198,256,198,254,57,254,257,254,2,53,3,32,1,7,1,32,51,1,3,32,0.71875,32,0.21875,32,0.0625,32,0.96875,32,0.0625,32,0.71875,32,0.71875,32,0.125,7,0.0,32,0.0625,32,0.21875,32,0.25,7,0.0,7,1.0,7,0.8571428571428571,53,0.6037735849056604,3,0.3333333333333333,51,0.6274509803921569,3,0.3333333333333333,0.7795275590551181,0.22440944881889763,1.0118110236220472,8,1,1
61001,R0,32,early,61001_t32,R0,01-08,32,16,4,12,25,3,16,16,20,2,4,12,32,11,32,14,32,2,4,4,4,4,4,189,256,200,240,86,240,307,240,16,47,4,0,0,0,0,0,22,0,3,32,0.5,32,0.125,32,0.375,32,0.78125,32,0.09375,32,0.5,32,0.5,32,0.625,4,0.5,32,0.375,32,0.34375,32,0.4375,4,0.5,4,1.0,4,1.0,47,0.0,4,0.0,22,0.0,3,0.0,0.8333333333333334,0.35833333333333334,1.2791666666666666,8,0,0
61001,R0,32,early,61001_t32,R0,09-16,32,20,4,8,31,2,20,20,24,1,4,7,32,12,32,8,32,1,4,4,4,4,4,193,256,197,253,74,253,302,253,3,58,2,0,0,0,0,0,32,0,0,32,0.625,32,0.125,32,0.25,32,0.96875,32,0.0625,32,0.625,32,0.625,32,0.75,4,0.25,32,0.21875,32,0.375,32,0.25,4,0.25,4,1.0,4,1.0,58,0.0,2,0.0,32,0.0,0,,0.7786561264822134,0.2924901185770751,1.1936758893280632,8,2,2
61001,R0,32,early,61001_t32,R0,17-24,32,22,4,6,28,0,23,23,26,0,4,6,32,9,32,6,32,0,4,4,4,3,4,212,256,212,245,54,245,276,245,11,33,0,0,0,0,0,0,23,0,0,32,0.6875,32,0.125,32,0.1875,32,0.875,32,0.0,32,0.71875,32,0.71875,32,0.8125,4,0.0,32,0.1875,32,0.28125,32,0.1875,4,0.0,4,1.0,4,0.75,33,0.0,0,,23,0.0,0,,0.8653061224489796,0.22040816326530613,1.126530612244898,8,3,3
61001,R0,32,early,61001_t32,R0,25-32,32,23,7,2,31,4,24,24,30,0,7,2,32,7,32,7,32,0,7,7,7,5,7,198,256,198,255,52,255,252,255,1,53,4,0,0,0,0,0,51,0,4,32,0.71875,32,0.21875,32,0.0625,32,0.96875,32,0.125,32,0.75,32,0.75,32,0.9375,7,0.0,32,0.0625,32,0.21875,32,0.21875,7,0.0,7,1.0,7,0.7142857142857143,53,0.0,4,0.0,51,0.0,4,0.0,0.7764705882352941,0.20392156862745098,0.9882352941176471,8,6,6
61001,R0,32,early,61001_t32,R1,01-08,32,16,4,12,25,2,16,16,18,2,4,12,32,11,32,14,32,2,4,4,4,4,4,189,256,200,240,87,240,308,240,16,48,3,0,3,0,2,0,22,3,3,32,0.5,32,0.125,32,0.375,32,0.78125,32,0.0625,32,0.5,32,0.5,32,0.5625,4,0.5,32,0.375,32,0.34375,32,0.4375,4,0.5,4,1.0,4,1.0,48,0.0,3,1.0,22,0.0,3,1.0,0.8333333333333334,0.3625,1.2833333333333334,8,0,0
61001,R0,32,early,61001_t32,R1,09-16,32,20,4,8,31,2,20,20,24,1,4,7,32,12,32,8,32,1,4,4,4,4,4,193,256,197,253,76,253,304,253,3,58,2,0,2,0,2,0,32,0,0,32,0.625,32,0.125,32,0.25,32,0.96875,32,0.0625,32,0.625,32,0.625,32,0.75,4,0.25,32,0.21875,32,0.375,32,0.25,4,0.25,4,1.0,4,1.0,58,0.0,2,1.0,32,0.0,0,,0.7786561264822134,0.30039525691699603,1.2015810276679841,8,2,2
61001,R0,32,early,61001_t32,R1,17-24,32,21,4,7,28,0,22,22,25,0,4,7,32,10,32,6,32,0,4,4,4,3,4,210,256,210,245,59,245,282,245,11,35,0,0,0,0,0,0,23,0,0,32,0.65625,32,0.125,32,0.21875,32,0.875,32,0.0,32,0.6875,32,0.6875,32,0.78125,4,0.0,32,0.21875,32,0.3125,32,0.1875,4,0.0,4,1.0,4,0.75,35,0.0,0,,23,0.0,0,,0.8571428571428571,0.24081632653061225,1.1510204081632653,8,2,2
61001,R0,32,early,61001_t32,R1,25-32,32,22,7,3,31,3,23,23,26,0,7,3,32,7,32,8,32,0,7,7,7,5,7,197,256,197,255,55,255,254,255,1,55,3,0,3,0,3,0,52,3,3,32,0.6875,32,0.21875,32,0.09375,32,0.96875,32,0.09375,32,0.71875,32,0.71875,32,0.8125,7,0.0,32,0.09375,32,0.21875,32,0.25,7,0.0,7,1.0,7,0.7142857142857143,55,0.0,3,1.0,52,0.0,3,1.0,0.7725490196078432,0.21568627450980393,0.996078431372549,8,3,3
61001,R0,32,early,61001_t32,R2,01-08,32,16,4,12,25,3,16,16,17,2,4,12,32,11,32,14,32,2,4,4,4,4,4,189,256,200,240,85,240,306,240,16,47,4,23,2,5,2,16,22,1,3,32,0.5,32,0.125,32,0.375,32,0.78125,32,0.09375,32,0.5,32,0.5,32,0.53125,4,0.5,32,0.375,32,0.34375,32,0.4375,4,0.5,4,1.0,4,1.0,47,0.48936170212765956,4,0.5,22,0.7272727272727273,3,0.3333333333333333,0.8333333333333334,0.3541666666666667,1.275,8,0,0
61001,R0,32,early,61001_t32,R2,09-16,32,20,4,8,30,1,20,20,23,1,4,7,32,12,32,8,32,1,4,4,4,4,4,192,256,196,252,82,252,310,252,4,59,1,11,0,2,0,7,31,0,0,32,0.625,32,0.125,32,0.25,32,0.9375,32,0.03125,32,0.625,32,0.625,32,0.71875,4,0.25,32,0.21875,32,0.375,32,0.25,4,0.25,4,1.0,4,1.0,59,0.1864406779661017,1,0.0,31,0.22580645161290322,0,,0.7777777777777778,0.3253968253968254,1.2301587301587302,8,2,2
61001,R0,32,early,61001_t32,R2,17-24,32,21,4,7,28,0,22,22,23,0,4,7,32,10,32,6,32,0,4,4,4,3,4,208,256,208,245,64,245,288,245,11,37,0,7,0,2,0,7,23,0,0,32,0.65625,32,0.125,32,0.21875,32,0.875,32,0.0,32,0.6875,32,0.6875,32,0.71875,4,0.0,32,0.21875,32,0.3125,32,0.1875,4,0.0,4,1.0,4,0.75,37,0.1891891891891892,0,,23,0.30434782608695654,0,,0.8489795918367347,0.2612244897959184,1.1755102040816328,8,0,0
61001,R0,32,early,61001_t32,R2,25-32,32,21,7,4,32,3,22,22,28,0,7,4,32,7,32,9,32,0,7,7,7,5,7,194,256,194,256,56,256,254,256,0,59,3,0,0,0,0,0,53,0,3,32,0.65625,32,0.21875,32,0.125,32,1.0,32,0.09375,32,0.6875,32,0.6875,32,0.875,7,0.0,32,0.125,32,0.21875,32,0.28125,7,0.0,7,1.0,7,0.7142857142857143,59,0.0,3,0.0,53,0.0,3,0.0,0.7578125,0.21875,0.9921875,8,4,4
61001,R0,32,early,61001_t32,R3,01-08,32,16,4,12,25,2,16,16,16,2,4,12,32,10,32,14,32,2,4,3,4,4,4,188,256,198,239,89,239,309,239,17,48,3,19,2,7,1,14,22,2,2,32,0.5,32,0.125,32,0.375,32,0.78125,32,0.0625,32,0.5,32,0.5,32,0.5,4,0.5,32,0.375,32,0.3125,32,0.4375,4,0.5,4,0.75,4,1.0,48,0.3958333333333333,3,0.6666666666666666,22,0.6363636363636364,2,1.0,0.8284518828451883,0.3723849372384937,1.292887029288703,8,0,0
61001,R0,32,early,61001_t32,R3,09-16,32,20,4,8,30,1,20,20,20,1,4,7,32,12,32,8,32,1,4,4,4,4,4,192,256,197,252,80,252,308,252,4,58,2,19,0,5,0,18,31,0,0,32,0.625,32,0.125,32,0.25,32,0.9375,32,0.03125,32,0.625,32,0.625,32,0.625,4,0.25,32,0.21875,32,0.375,32,0.25,4,0.25,4,1.0,4,1.0,58,0.3275862068965517,2,0.0,31,0.5806451612903226,0,,0.7817460317460317,0.31746031746031744,1.2222222222222223,8,1,1
61001,R0,32,early,61001_t32,R3,17-24,32,21,4,7,28,0,22,22,22,0,4,7,32,10,32,6,32,0,4,4,4,3,4,208,256,208,245,65,245,289,245,11,37,0,8,0,3,0,8,23,0,0,32,0.65625,32,0.125,32,0.21875,32,0.875,32,0.0,32,0.6875,32,0.6875,32,0.6875,4,0.0,32,0.21875,32,0.3125,32,0.1875,4,0.0,4,1.0,4,0.75,37,0.21621621621621623,0,,23,0.34782608695652173,0,,0.8489795918367347,0.2653061224489796,1.1795918367346938,8,0,0
61001,R0,32,early,61001_t32,R3,25-32,32,23,7,2,30,3,23,23,24,0,7,2,32,7,32,8,32,0,7,7,7,6,7,198,256,198,251,56,251,256,251,5,50,3,26,0,6,0,26,48,0,3,32,0.71875,32,0.21875,32,0.0625,32,0.9375,32,0.09375,32,0.71875,32,0.71875,32,0.75,7,0.0,32,0.0625,32,0.21875,32,0.25,7,0.0,7,1.0,7,0.8571428571428571,50,0.52,3,0.0,48,0.5416666666666666,3,0.0,0.7888446215139442,0.22310756972111553,1.0199203187250996,8,2,2
61001,R0,32,early,61001_t32,R4,01-08,32,16,4,12,25,3,16,16,16,2,4,12,32,11,32,14,32,2,4,4,4,4,4,188,256,199,240,90,240,311,240,16,48,4,20,3,7,2,15,22,3,3,32,0.5,32,0.125,32,0.375,32,0.78125,32,0.09375,32,0.5,32,0.5,32,0.5,4,0.5,32,0.375,32,0.34375,32,0.4375,4,0.5,4,1.0,4,1.0,48,0.4166666666666667,4,0.75,22,0.6818181818181818,3,1.0,0.8291666666666667,0.375,1.2958333333333334,8,0,0
61001,R0,32,early,61001_t32,R4,09-16,32,20,4,8,30,1,20,20,20,2,4,8,32,12,32,8,32,2,4,4,4,4,4,191,256,197,252,83,252,311,252,4,59,2,22,0,5,0,21,31,0,0,32,0.625,32,0.125,32,0.25,32,0.9375,32,0.03125,32,0.625,32,0.625,32,0.625,4,0.5,32,0.25,32,0.375,32,0.25,4,0.5,4,1.0,4,1.0,59,0.3728813559322034,2,0.0,31,0.6774193548387096,0,,0.7817460317460317,0.32936507936507936,1.2341269841269842,8,1,1
61001,R0,32,early,61001_t32,R4,17-24,32,21,4,7,28,0,22,22,22,0,4,7,32,10,32,6,32,0,4,4,4,3,4,207,256,207,245,69,245,293,245,11,38,0,8,0,3,0,8,23,0,0,32,0.65625,32,0.125,32,0.21875,32,0.875,32,0.0,32,0.6875,32,0.6875,32,0.6875,4,0.0,32,0.21875,32,0.3125,32,0.1875,4,0.0,4,1.0,4,0.75,38,0.21052631578947367,0,,23,0.34782608695652173,0,,0.8448979591836735,0.2816326530612245,1.1959183673469387,8,0,0
61001,R0,32,early,61001_t32,R4,25-32,32,22,7,3,30,3,22,22,22,0,7,3,32,7,32,9,32,0,7,7,7,6,7,197,256,197,251,62,251,261,251,5,51,3,30,1,7,1,30,48,1,3,32,0.6875,32,0.21875,32,0.09375,32,0.9375,32,0.09375,32,0.6875,32,0.6875,32,0.6875,7,0.0,32,0.09375,32,0.21875,32,0.28125,7,0.0,7,1.0,7,0.8571428571428571,51,0.5882352941176471,3,0.3333333333333333,48,0.625,3,0.3333333333333333,0.7848605577689243,0.24701195219123506,1.0398406374501992,8,0,0
61001,R0,32,early,61001_t32,R5,01-08,32,16,4,12,25,2,16,16,16,2,4,12,32,12,32,14,32,2,4,4,4,4,4,188,256,200,240,88,240,309,240,16,49,3,18,3,4,2,10,22,3,3,32,0.5,32,0.125,32,0.375,32,0.78125,32,0.0625,32,0.5,32,0.5,32,0.5,4,0.5,32,0.375,32,0.375,32,0.4375,4,0.5,4,1.0,4,1.0,49,0.3673469387755102,3,1.0,22,0.45454545454545453,3,1.0,0.8333333333333334,0.36666666666666664,1.2875,8,0,0
61001,R0,32,early,61001_t32,R5,09-16,32,20,4,8,30,1,20,20,23,1,4,7,32,12,32,8,32,1,4,4,4,4,4,192,256,196,252,79,252,307,252,4,59,1,11,1,2,1,7,31,0,0,32,0.625,32,0.125,32,0.25,32,0.9375,32,0.03125,32,0.625,32,0.625,32,0.71875,4,0.25,32,0.21875,32,0.375,32,0.25,4,0.25,4,1.0,4,1.0,59,0.1864406779661017,1,1.0,31,0.22580645161290322,0,,0.7777777777777778,0.3134920634920635,1.2182539682539681,8,2,2
61001,R0,32,early,61001_t32,R5,17-24,32,21,4,7,28,0,22,22,23,0,4,7,32,10,32,6,32,0,4,4,4,3,4,209,256,209,245,61,245,285,245,11,36,0,7,0,2,0,7,23,0,0,32,0.65625,32,0.125,32,0.21875,32,0.875,32,0.0,32,0.6875,32,0.6875,32,0.71875,4,0.0,32,0.21875,32,0.3125,32,0.1875,4,0.0,4,1.0,4,0.75,36,0.19444444444444445,0,,23,0.30434782608695654,0,,0.8530612244897959,0.24897959183673468,1.163265306122449,8,0,0
61001,R0,32,early,61001_t32,R5,25-32,32,23,7,2,32,3,24,24,27,0,7,2,32,7,32,7,32,0,7,7,7,5,7,198,256,198,256,57,256,256,256,0,55,3,0,3,0,3,0,53,3,3,32,0.71875,32,0.21875,32,0.0625,32,1.0,32,0.09375,32,0.75,32,0.75,32,0.84375,7,0.0,32,0.0625,32,0.21875,32,0.21875,7,0.0,7,1.0,7,0.7142857142857143,55,0.0,3,1.0,53,0.0,3,1.0,0.7734375,0.22265625,1.0,8,3,3
61001,R0,32,early,61001_t32,R6,01-08,32,16,4,12,25,2,16,16,16,2,4,12,32,10,32,14,32,2,4,3,4,4,4,188,256,198,239,89,239,309,239,17,48,3,18,3,6,2,13,22,2,2,32,0.5,32,0.125,32,0.375,32,0.78125,32,0.0625,32,0.5,32,0.5,32,0.5,4,0.5,32,0.375,32,0.3125,32,0.4375,4,0.5,4,0.75,4,1.0,48,0.375,3,1.0,22,0.5909090909090909,2,1.0,0.8284518828451883,0.3723849372384937,1.292887029288703,8,0,0
61001,R0,32,early,61001_t32,R6,09-16,32,20,4,8,31,2,20,20,20,1,4,7,32,12,32,8,32,1,4,4,4,4,4,192,256,196,253,82,253,312,253,3,59,2,17,2,5,2,16,31,1,1,32,0.625,32,0.125,32,0.25,32,0.96875,32,0.0625,32,0.625,32,0.625,32,0.625,4,0.25,32,0.21875,32,0.375,32,0.25,4,0.25,4,1.0,4,1.0,59,0.288135593220339,2,1.0,31,0.5161290322580645,1,1.0,0.7747035573122529,0.3241106719367589,1.233201581027668,8,1,1
61001,R0,32,early,61001_t32,R6,17-24,32,21,4,7,27,0,21,21,21,0,4,7,32,10,32,8,32,0,4,4,4,4,4,205,256,205,245,77,245,300,245,11,40,0,7,0,4,0,7,23,0,0,32,0.65625,32,0.125,32,0.21875,32,0.84375,32,0.0,32,0.65625,32,0.65625,32,0.65625,4,0.0,32,0.21875,32,0.3125,32,0.25,4,0.0,4,1.0,4,1.0,40,0.175,0,,23,0.30434782608695654,0,,0.8367346938775511,0.3142857142857143,1.2244897959183674,8,0,0
61001,R0,32,early,61001_t32,R6,25-32,32,23,7,2,30,2,23,23,23,0,7,2,32,7,32,8,32,0,7,7,7,6,7,197,256,197,254,73,254,274,254,2,55,2,24,2,6,2,24,52,2,2,32,0.71875,32,0.21875,32,0.0625,32,0.9375,32,0.0625,32,0.71875,32,0.71875,32,0.71875,7,0.0,32,0.0625,32,0.21875,32,0.25,7,0.0,7,1.0,7,0.8571428571428571,55,0.43636363636363634,2,1.0,52,0.46153846153846156,2,1.0,0.7755905511811023,0.2874015748031496,1.078740157480315,8,1,1
61001,R0,32,early,61001_t32,R7,01-08,32,16,5,11,26,3,16,16,16,2,5,11,32,11,32,14,32,2,5,5,5,5,5,187,256,198,241,93,241,315,241,15,50,4,16,4,5,3,12,29,3,3,32,0.5,32,0.15625,32,0.34375,32,0.8125,32,0.09375,32,0.5,32,0.5,32,0.5,5,0.4,32,0.34375,32,0.34375,32,0.4375,5,0.4,5,1.0,5,1.0,50,0.32,4,1.0,29,0.41379310344827586,3,1.0,0.8215767634854771,0.38589211618257263,1.3070539419087137,8,0,0
61001,R0,32,early,61001_t32,R7,09-16,32,20,5,7,30,1,21,21,21,1,5,6,32,11,32,7,32,1,5,4,5,3,5,189,256,194,253,85,253,318,253,3,63,1,18,1,4,1,16,38,1,1,32,0.625,32,0.15625,32,0.21875,32,0.9375,32,0.03125,32,0.65625,32,0.65625,32,0.65625,5,0.2,32,0.1875,32,0.34375,32,0.21875,5,0.2,5,0.8,5,0.6,63,0.2857142857142857,1,1.0,38,0.42105263157894735,1,1.0,0.766798418972332,0.3359683794466403,1.256916996047431,8,1,1
61001,R0,32,early,61001_t32,R7,17-24,32,21,4,7,27,0,21,21,21,0,4,7,32,10,32,8,32,0,4,4,4,4,4,201,256,201,246,90,246,316,246,10,45,0,13,0,4,0,13,25,0,0,32,0.65625,32,0.125,32,0.21875,32,0.84375,32,0.0,32,0.65625,32,0.65625,32,0.65625,4,0.0,32,0.21875,32,0.3125,32,0.25,4,0.0,4,1.0,4,1.0,45,0.28888888888888886,0,,25,0.52,0,,0.8170731707317073,0.36585365853658536,1.2845528455284554,8,0,0
61001,R0,32,early,61001_t32,R7,25-32,32,22,7,3,29,0,22,22,22,0,7,3,31,6,31,9,32,0,6,6,6,6,7,196,256,196,247,78,247,278,247,9,51,0,25,0,7,0,25,47,0,0,32,0.6875,32,0.21875,32,0.09375,32,0.90625,32,0.0,32,0.6875,32,0.6875,32,0.6875,7,0.0,31,0.0967741935483871,31,0.1935483870967742,32,0.28125,6,0.0,6,1.0,7,0.8571428571428571,51,0.49019607843137253,0,,47,0.5319148936170213,0,,0.7935222672064778,0.3157894736842105,1.125506072874494,8,0,0
61001,R0,32,early,61001_t32,SAW_R4,01-08,32,16,4,12,25,2,16,16,16,2,4,12,32,11,32,14,32,2,4,4,4,4,4,189,256,200,240,86,240,307,240,16,48,3,18,3,5,2,16,22,3,3,32,0.5,32,0.125,32,0.375,32,0.78125,32,0.0625,32,0.5,32,0.5,32,0.5,4,0.5,32,0.375,32,0.34375,32,0.4375,4,0.5,4,1.0,4,1.0,48,0.375,3,1.0,22,0.7272727272727273,3,1.0,0.8333333333333334,0.35833333333333334,1.2791666666666666,8,0,0
61001,R0,32,early,61001_t32,SAW_R4,09-16,32,20,5,7,30,1,20,20,21,1,5,6,32,12,32,8,32,1,5,5,5,4,5,191,256,195,252,83,252,311,252,4,59,2,22,0,4,0,22,37,0,2,32,0.625,32,0.15625,32,0.21875,32,0.9375,32,0.03125,32,0.625,32,0.625,32,0.65625,5,0.2,32,0.1875,32,0.375,32,0.25,5,0.2,5,1.0,5,0.8,59,0.3728813559322034,2,0.0,37,0.5945945945945946,2,0.0,0.7738095238095238,0.32936507936507936,1.2341269841269842,8,1,1
61001,R0,32,early,61001_t32,SAW_R4,17-24,32,21,4,7,28,0,21,21,21,0,4,7,32,10,32,7,32,0,4,4,4,4,4,207,256,207,246,72,246,296,246,10,39,0,11,0,4,0,11,24,0,0,32,0.65625,32,0.125,32,0.21875,32,0.875,32,0.0,32,0.65625,32,0.65625,32,0.65625,4,0.0,32,0.21875,32,0.3125,32,0.21875,4,0.0,4,1.0,4,1.0,39,0.28205128205128205,0,,24,0.4583333333333333,0,,0.8414634146341463,0.2926829268292683,1.2032520325203253,8,0,0
61001,R0,32,early,61001_t32,SAW_R4,25-32,32,22,7,3,30,2,22,22,22,0,7,3,32,7,32,9,32,0,7,7,7,6,7,196,256,196,252,67,252,266,252,4,54,2,33,1,7,1,33,50,1,2,32,0.6875,32,0.21875,32,0.09375,32,0.9375,32,0.0625,32,0.6875,32,0.6875,32,0.6875,7,0.0,32,0.09375,32,0.21875,32,0.28125,7,0.0,7,1.0,7,0.8571428571428571,54,0.6111111111111112,2,0.5,50,0.66,2,0.5,0.7777777777777778,0.26587301587301587,1.0555555555555556,8,0,0
61001,R0,96,late,61001_t96,DIRECT_REPAIR_R4,01-08,32,25,4,3,30,1,27,27,27,0,4,2,31,3,31,5,32,0,3,1,3,2,4,219,256,221,248,26,248,248,248,8,27,2,8,0,2,0,8,25,0,0,32,0.78125,32,0.125,32,0.09375,32,0.9375,32,0.03125,32,0.84375,32,0.84375,32,0.84375,4,0.0,31,0.06451612903225806,31,0.0967741935483871,32,0.15625,3,0.0,3,0.3333333333333333,4,0.5,27,0.2962962962962963,2,0.0,25,0.32,0,,0.8911290322580645,0.10483870967741936,1.0,8,3,3
61001,R0,96,late,61001_t96,DIRECT_REPAIR_R4,09-16,32,27,4,1,32,0,30,30,30,0,4,1,32,1,32,2,32,0,4,1,4,1,4,220,256,220,256,17,256,239,256,0,36,0,7,0,1,0,7,32,0,0,32,0.84375,32,0.125,32,0.03125,32,1.0,32,0.0,32,0.9375,32,0.9375,32,0.9375,4,0.0,32,0.03125,32,0.03125,32,0.0625,4,0.0,4,0.25,4,0.25,36,0.19444444444444445,0,,32,0.21875,0,,0.859375,0.06640625,0.93359375,8,6,6
61001,R0,96,late,61001_t96,DIRECT_REPAIR_R4,17-24,32,28,4,0,30,1,28,28,28,0,4,0,32,3,32,3,32,0,4,3,4,3,4,224,256,224,248,30,248,254,248,8,19,5,14,5,4,1,14,19,5,5,32,0.875,32,0.125,32,0.0,32,0.9375,32,0.03125,32,0.875,32,0.875,32,0.875,4,0.0,32,0.0,32,0.09375,32,0.09375,4,0.0,4,0.75,4,0.75,19,0.7368421052631579,5,1.0,19,0.7368421052631579,5,1.0,0.9032258064516129,0.12096774193548387,1.0241935483870968,8,4,4
61001,R0,96,late,61001_t96,DIRECT_REPAIR_R4,25-32,32,25,7,0,31,0,31,31,31,0,6,0,31,1,31,1,32,0,6,1,6,1,7,200,256,200,248,68,248,268,248,8,48,0,6,0,1,0,6,48,0,0,32,0.78125,32,0.21875,32,0.0,32,0.96875,32,0.0,32,0.96875,32,0.96875,32,0.96875,7,0.0,31,0.0,31,0.03225806451612903,32,0.03125,6,0.0,6,0.16666666666666666,7,0.14285714285714285,48,0.125,0,,48,0.125,0,,0.8064516129032258,0.27419354838709675,1.0806451612903225,8,7,7
61001,R0,96,late,61001_t96,GDPO_R4,01-08,32,25,4,3,30,1,27,27,12,0,4,2,31,3,31,5,32,0,3,1,3,2,4,219,256,221,248,26,248,248,248,8,27,2,8,0,2,0,8,25,0,0,32,0.78125,32,0.125,32,0.09375,32,0.9375,32,0.03125,32,0.84375,32,0.84375,32,0.375,4,0.0,31,0.06451612903225806,31,0.0967741935483871,32,0.15625,3,0.0,3,0.3333333333333333,4,0.5,27,0.2962962962962963,2,0.0,25,0.32,0,,0.8911290322580645,0.10483870967741936,1.0,8,3,3
61001,R0,96,late,61001_t96,GDPO_R4,09-16,32,27,4,1,32,0,30,30,24,0,4,1,32,1,32,2,32,0,4,1,4,1,4,221,256,221,256,17,256,240,256,0,35,0,7,0,1,0,7,32,0,0,32,0.84375,32,0.125,32,0.03125,32,1.0,32,0.0,32,0.9375,32,0.9375,32,0.75,4,0.0,32,0.03125,32,0.03125,32,0.0625,4,0.0,4,0.25,4,0.25,35,0.2,0,,32,0.21875,0,,0.86328125,0.06640625,0.9375,8,6,6
61001,R0,96,late,61001_t96,GDPO_R4,17-24,32,28,4,0,30,1,28,28,16,0,4,0,32,2,32,3,32,0,4,2,4,3,4,224,256,224,248,31,248,255,248,8,20,4,14,4,4,1,14,20,4,4,32,0.875,32,0.125,32,0.0,32,0.9375,32,0.03125,32,0.875,32,0.875,32,0.5,4,0.0,32,0.0,32,0.0625,32,0.09375,4,0.0,4,0.5,4,0.75,20,0.7,4,1.0,20,0.7,4,1.0,0.9032258064516129,0.125,1.028225806451613,8,4,4
61001,R0,96,late,61001_t96,GDPO_R4,25-32,32,25,7,0,31,0,30,30,24,0,6,0,31,2,31,2,32,0,6,2,6,2,7,200,256,200,248,73,248,273,248,8,48,0,8,0,2,0,8,48,0,0,32,0.78125,32,0.21875,32,0.0,32,0.96875,32,0.0,32,0.9375,32,0.9375,32,0.75,7,0.0,31,0.0,31,0.06451612903225806,32,0.0625,6,0.0,6,0.3333333333333333,7,0.2857142857142857,48,0.16666666666666666,0,,48,0.16666666666666666,0,,0.8064516129032258,0.29435483870967744,1.1008064516129032,8,6,6
61001,R0,96,late,61001_t96,R0,01-08,32,26,4,2,30,1,29,29,30,0,4,1,31,1,31,3,32,0,3,0,3,1,4,220,256,222,248,26,248,248,248,8,26,2,0,0,0,0,0,25,0,0,32,0.8125,32,0.125,32,0.0625,32,0.9375,32,0.03125,32,0.90625,32,0.90625,32,0.9375,4,0.0,31,0.03225806451612903,31,0.03225806451612903,32,0.09375,3,0.0,3,0.0,4,0.25,26,0.0,2,0.0,25,0.0,0,,0.8951612903225806,0.10483870967741936,1.0,8,6,6
61001,R0,96,late,61001_t96,R0,09-16,32,27,4,1,32,0,30,30,31,0,4,1,32,1,32,2,32,0,4,1,4,1,4,220,256,220,256,17,256,239,256,0,36,0,0,0,0,0,0,32,0,0,32,0.84375,32,0.125,32,0.03125,32,1.0,32,0.0,32,0.9375,32,0.9375,32,0.96875,4,0.0,32,0.03125,32,0.03125,32,0.0625,4,0.0,4,0.25,4,0.25,36,0.0,0,,32,0.0,0,,0.859375,0.06640625,0.93359375,8,7,7
61001,R0,96,late,61001_t96,R0,17-24,32,28,4,0,30,1,28,28,32,0,4,0,32,3,32,3,32,0,4,3,4,3,4,224,256,224,248,31,248,255,248,8,20,4,0,0,0,0,0,20,0,4,32,0.875,32,0.125,32,0.0,32,0.9375,32,0.03125,32,0.875,32,0.875,32,1.0,4,0.0,32,0.0,32,0.09375,32,0.09375,4,0.0,4,0.75,4,0.75,20,0.0,4,0.0,20,0.0,4,0.0,0.9032258064516129,0.125,1.028225806451613,8,8,8
61001,R0,96,late,61001_t96,R0,25-32,32,25,7,0,31,1,29,29,32,0,6,0,31,3,31,3,32,0,6,3,6,3,7,200,256,200,248,66,248,266,248,8,47,1,0,0,0,0,0,47,0,1,32,0.78125,32,0.21875,32,0.0,32,0.96875,32,0.03125,32,0.90625,32,0.90625,32,1.0,7,0.0,31,0.0,31,0.0967741935483871,32,0.09375,6,0.0,6,0.5,7,0.42857142857142855,47,0.0,1,0.0,47,0.0,1,0.0,0.8064516129032258,0.2661290322580645,1.0725806451612903,8,8,8
61001,R0,96,late,61001_t96,R1,01-08,32,26,4,2,30,1,29,29,30,0,4,1,31,1,31,3,32,0,3,0,3,1,4,220,256,222,248,26,248,248,248,8,26,2,0,2,0,1,0,25,0,0,32,0.8125,32,0.125,32,0.0625,32,0.9375,32,0.03125,32,0.90625,32,0.90625,32,0.9375,4,0.0,31,0.03225806451612903,31,0.03225806451612903,32,0.09375,3,0.0,3,0.0,4,0.25,26,0.0,2,1.0,25,0.0,0,,0.8951612903225806,0.10483870967741936,1.0,8,6,6
61001,R0,96,late,61001_t96,R1,09-16,32,27,4,1,32,0,30,30,31,0,4,1,32,1,32,2,32,0,4,1,4,1,4,221,256,221,256,17,256,240,256,0,35,0,0,0,0,0,0,32,0,0,32,0.84375,32,0.125,32,0.03125,32,1.0,32,0.0,32,0.9375,32,0.9375,32,0.96875,4,0.0,32,0.03125,32,0.03125,32,0.0625,4,0.0,4,0.25,4,0.25,35,0.0,0,,32,0.0,0,,0.86328125,0.06640625,0.9375,8,7,7
61001,R0,96,late,61001_t96,R1,17-24,32,28,4,0,30,1,28,28,31,0,4,0,32,3,32,3,32,0,4,3,4,3,4,224,256,224,247,35,247,259,247,9,20,3,0,3,0,1,0,20,3,3,32,0.875,32,0.125,32,0.0,32,0.9375,32,0.03125,32,0.875,32,0.875,32,0.96875,4,0.0,32,0.0,32,0.09375,32,0.09375,4,0.0,4,0.75,4,0.75,20,0.0,3,1.0,20,0.0,3,1.0,0.9068825910931174,0.1417004048582996,1.048582995951417,8,7,7
61001,R0,96,late,61001_t96,R1,25-32,32,25,7,0,31,3,28,28,29,0,7,0,32,3,32,3,32,0,7,3,7,3,7,200,256,200,253,64,253,264,253,3,46,7,0,7,0,3,0,46,7,7,32,0.78125,32,0.21875,32,0.0,32,0.96875,32,0.09375,32,0.875,32,0.875,32,0.90625,7,0.0,32,0.0,32,0.09375,32,0.09375,7,0.0,7,0.42857142857142855,7,0.42857142857142855,46,0.0,7,1.0,46,0.0,7,1.0,0.7905138339920948,0.25296442687747034,1.0434782608695652,8,5,5
61001,R0,96,late,61001_t96,R2,01-08,32,25,4,3,30,1,27,27,28,0,4,2,31,3,31,5,32,0,3,1,3,2,4,219,256,221,248,26,248,248,248,8,27,2,1,0,1,0,1,25,0,0,32,0.78125,32,0.125,32,0.09375,32,0.9375,32,0.03125,32,0.84375,32,0.84375,32,0.875,4,0.0,31,0.06451612903225806,31,0.0967741935483871,32,0.15625,3,0.0,3,0.3333333333333333,4,0.5,27,0.037037037037037035,2,0.0,25,0.04,0,,0.8911290322580645,0.10483870967741936,1.0,8,4,4
61001,R0,96,late,61001_t96,R2,09-16,32,27,4,1,32,0,30,30,31,0,4,1,32,1,32,2,32,0,4,1,4,1,4,221,256,221,256,17,256,240,256,0,35,0,0,0,0,0,0,32,0,0,32,0.84375,32,0.125,32,0.03125,32,1.0,32,0.0,32,0.9375,32,0.9375,32,0.96875,4,0.0,32,0.03125,32,0.03125,32,0.0625,4,0.0,4,0.25,4,0.25,35,0.0,0,,32,0.0,0,,0.86328125,0.06640625,0.9375,8,7,7
61001,R0,96,late,61001_t96,R2,17-24,32,28,4,0,30,1,29,29,30,0,4,0,32,3,32,2,32,0,4,3,4,2,4,224,256,224,248,22,248,246,248,8,20,4,4,4,2,1,4,20,4,4,32,0.875,32,0.125,32,0.0,32,0.9375,32,0.03125,32,0.90625,32,0.90625,32,0.9375,4,0.0,32,0.0,32,0.09375,32,0.0625,4,0.0,4,0.75,4,0.5,20,0.2,4,1.0,20,0.2,4,1.0,0.9032258064516129,0.08870967741935484,0.9919354838709677,8,6,6
61001,R0,96,late,61001_t96,R2,25-32,32,25,7,0,31,3,27,27,31,0,7,0,32,4,32,4,32,0,7,4,7,4,7,200,256,200,251,59,251,259,251,5,45,6,0,3,0,1,0,45,3,6,32,0.78125,32,0.21875,32,0.0,32,0.96875,32,0.09375,32,0.84375,32,0.84375,32,0.96875,7,0.0,32,0.0,32,0.125,32,0.125,7,0.0,7,0.5714285714285714,7,0.5714285714285714,45,0.0,6,0.5,45,0.0,6,0.5,0.796812749003984,0.2350597609561753,1.0318725099601593,8,7,7
61001,R0,96,late,61001_t96,R3,01-08,32,25,4,3,30,1,28,28,28,0,4,2,31,2,31,4,32,0,3,0,3,1,4,219,256,221,248,27,248,249,248,8,27,2,1,0,1,0,1,25,0,0,32,0.78125,32,0.125,32,0.09375,32,0.9375,32,0.03125,32,0.875,32,0.875,32,0.875,4,0.0,31,0.06451612903225806,31,0.06451612903225806,32,0.125,3,0.0,3,0.0,4,0.25,27,0.037037037037037035,2,0.0,25,0.04,0,,0.8911290322580645,0.10887096774193548,1.0040322580645162,8,4,4
61001,R0,96,late,61001_t96,R3,09-16,32,27,4,1,32,0,30,30,30,0,4,1,32,1,32,2,32,0,4,1,4,1,4,220,256,220,256,17,256,239,256,0,36,0,7,0,1,0,7,32,0,0,32,0.84375,32,0.125,32,0.03125,32,1.0,32,0.0,32,0.9375,32,0.9375,32,0.9375,4,0.0,32,0.03125,32,0.03125,32,0.0625,4,0.0,4,0.25,4,0.25,36,0.19444444444444445,0,,32,0.21875,0,,0.859375,0.06640625,0.93359375,8,6,6
61001,R0,96,late,61001_t96,R3,17-24,32,28,4,0,30,1,28,28,29,0,4,0,32,3,32,3,32,0,4,3,4,3,4,224,256,224,249,22,249,246,249,7,19,6,4,6,2,1,4,19,6,6,32,0.875,32,0.125,32,0.0,32,0.9375,32,0.03125,32,0.875,32,0.875,32,0.90625,4,0.0,32,0.0,32,0.09375,32,0.09375,4,0.0,4,0.75,4,0.75,19,0.21052631578947367,6,1.0,19,0.21052631578947367,6,1.0,0.8995983935742972,0.08835341365461848,0.9879518072289156,8,5,5
61001,R0,96,late,61001_t96,R3,25-32,32,25,7,0,31,0,30,30,30,0,6,0,31,2,31,2,32,0,6,2,6,2,7,200,256,200,248,76,248,276,248,8,48,0,14,0,2,0,14,48,0,0,32,0.78125,32,0.21875,32,0.0,32,0.96875,32,0.0,32,0.9375,32,0.9375,32,0.9375,7,0.0,31,0.0,31,0.06451612903225806,32,0.0625,6,0.0,6,0.3333333333333333,7,0.2857142857142857,48,0.2916666666666667,0,,48,0.2916666666666667,0,,0.8064516129032258,0.3064516129032258,1.1129032258064515,8,6,6
61001,R0,96,late,61001_t96,R4,01-08,32,25,4,3,30,1,28,28,28,0,4,2,31,2,31,4,32,0,3,0,3,1,4,219,256,221,248,27,248,249,248,8,27,2,1,0,1,0,1,25,0,0,32,0.78125,32,0.125,32,0.09375,32,0.9375,32,0.03125,32,0.875,32,0.875,32,0.875,4,0.0,31,0.06451612903225806,31,0.06451612903225806,32,0.125,3,0.0,3,0.0,4,0.25,27,0.037037037037037035,2,0.0,25,0.04,0,,0.8911290322580645,0.10887096774193548,1.0040322580645162,8,4,4
61001,R0,96,late,61001_t96,R4,09-16,32,27,4,1,32,0,30,30,30,0,4,1,32,1,32,2,32,0,4,1,4,1,4,221,256,221,256,17,256,239,256,0,35,0,7,0,1,0,7,32,0,0,32,0.84375,32,0.125,32,0.03125,32,1.0,32,0.0,32,0.9375,32,0.9375,32,0.9375,4,0.0,32,0.03125,32,0.03125,32,0.0625,4,0.0,4,0.25,4,0.25,35,0.2,0,,32,0.21875,0,,0.86328125,0.06640625,0.93359375,8,6,6
61001,R0,96,late,61001_t96,R4,17-24,32,28,4,0,30,1,28,28,28,0,4,0,32,3,32,3,32,0,4,3,4,3,4,224,256,224,249,26,249,250,249,7,19,6,6,6,3,1,6,19,6,6,32,0.875,32,0.125,32,0.0,32,0.9375,32,0.03125,32,0.875,32,0.875,32,0.875,4,0.0,32,0.0,32,0.09375,32,0.09375,4,0.0,4,0.75,4,0.75,19,0.3157894736842105,6,1.0,19,0.3157894736842105,6,1.0,0.8995983935742972,0.10441767068273092,1.0040160642570282,8,4,4
61001,R0,96,late,61001_t96,R4,25-32,32,25,7,0,31,0,31,31,31,0,6,0,31,1,31,1,32,0,6,1,6,1,7,200,256,200,248,66,248,266,248,8,48,0,1,0,1,0,1,48,0,0,32,0.78125,32,0.21875,32,0.0,32,0.96875,32,0.0,32,0.96875,32,0.96875,32,0.96875,7,0.0,31,0.0,31,0.03225806451612903,32,0.03125,6,0.0,6,0.16666666666666666,7,0.14285714285714285,48,0.020833333333333332,0,,48,0.020833333333333332,0,,0.8064516129032258,0.2661290322580645,1.0725806451612903,8,7,7
61001,R0,96,late,61001_t96,R5,01-08,32,25,4,3,30,1,27,27,28,0,4,2,31,3,31,5,32,0,3,1,3,2,4,219,256,221,248,26,248,248,248,8,27,2,1,2,1,1,1,25,0,0,32,0.78125,32,0.125,32,0.09375,32,0.9375,32,0.03125,32,0.84375,32,0.84375,32,0.875,4,0.0,31,0.06451612903225806,31,0.0967741935483871,32,0.15625,3,0.0,3,0.3333333333333333,4,0.5,27,0.037037037037037035,2,1.0,25,0.04,0,,0.8911290322580645,0.10483870967741936,1.0,8,4,4
61001,R0,96,late,61001_t96,R5,09-16,32,27,4,1,32,0,30,30,31,0,4,1,32,1,32,2,32,0,4,1,4,1,4,222,256,222,256,17,256,241,256,0,34,0,0,0,0,0,0,32,0,0,32,0.84375,32,0.125,32,0.03125,32,1.0,32,0.0,32,0.9375,32,0.9375,32,0.96875,4,0.0,32,0.03125,32,0.03125,32,0.0625,4,0.0,4,0.25,4,0.25,34,0.0,0,,32,0.0,0,,0.8671875,0.06640625,0.94140625,8,7,7
61001,R0,96,late,61001_t96,R5,17-24,32,28,4,0,30,1,29,29,30,0,4,0,32,3,32,2,32,0,4,3,4,2,4,224,256,224,247,22,247,246,247,9,19,4,2,4,1,1,2,19,4,4,32,0.875,32,0.125,32,0.0,32,0.9375,32,0.03125,32,0.90625,32,0.90625,32,0.9375,4,0.0,32,0.0,32,0.09375,32,0.0625,4,0.0,4,0.75,4,0.5,19,0.10526315789473684,4,1.0,19,0.10526315789473684,4,1.0,0.9068825910931174,0.08906882591093117,0.9959514170040485,8,6,6
61001,R0,96,late,61001_t96,R5,25-32,32,25,7,0,31,3,28,28,29,0,7,0,32,3,32,2,32,0,7,3,7,2,7,200,256,200,252,50,252,250,252,4,45,7,0,7,0,3,0,45,7,7,32,0.78125,32,0.21875,32,0.0,32,0.96875,32,0.09375,32,0.875,32,0.875,32,0.90625,7,0.0,32,0.0,32,0.09375,32,0.0625,7,0.0,7,0.42857142857142855,7,0.2857142857142857,45,0.0,7,1.0,45,0.0,7,1.0,0.7936507936507936,0.1984126984126984,0.9920634920634921,8,5,5
61001,R0,96,late,61001_t96,R6,01-08,32,25,4,3,30,1,28,28,28,0,4,2,31,2,31,4,32,0,3,0,3,1,4,219,256,221,248,27,248,249,248,8,27,2,1,2,1,1,1,25,0,0,32,0.78125,32,0.125,32,0.09375,32,0.9375,32,0.03125,32,0.875,32,0.875,32,0.875,4,0.0,31,0.06451612903225806,31,0.06451612903225806,32,0.125,3,0.0,3,0.0,4,0.25,27,0.037037037037037035,2,1.0,25,0.04,0,,0.8911290322580645,0.10887096774193548,1.0040322580645162,8,4,4
61001,R0,96,late,61001_t96,R6,09-16,32,27,4,1,32,0,30,30,30,0,4,1,32,1,32,2,32,0,4,1,4,1,4,221,256,221,256,17,256,239,256,0,35,0,7,0,1,0,7,32,0,0,32,0.84375,32,0.125,32,0.03125,32,1.0,32,0.0,32,0.9375,32,0.9375,32,0.9375,4,0.0,32,0.03125,32,0.03125,32,0.0625,4,0.0,4,0.25,4,0.25,35,0.2,0,,32,0.21875,0,,0.86328125,0.06640625,0.93359375,8,6,6
61001,R0,96,late,61001_t96,R6,17-24,32,28,4,0,30,1,29,29,30,0,4,0,32,3,32,2,32,0,4,3,4,2,4,224,256,224,248,26,248,250,248,8,19,5,3,5,1,1,3,19,5,5,32,0.875,32,0.125,32,0.0,32,0.9375,32,0.03125,32,0.90625,32,0.90625,32,0.9375,4,0.0,32,0.0,32,0.09375,32,0.0625,4,0.0,4,0.75,4,0.5,19,0.15789473684210525,5,1.0,19,0.15789473684210525,5,1.0,0.9032258064516129,0.10483870967741936,1.0080645161290323,8,6,6
61001,R0,96,late,61001_t96,R6,25-32,32,25,7,0,31,0,31,31,31,0,6,0,31,1,31,1,32,0,6,1,6,1,7,200,256,200,248,66,248,266,248,8,48,0,1,0,1,0,1,48,0,0,32,0.78125,32,0.21875,32,0.0,32,0.96875,32,0.0,32,0.96875,32,0.96875,32,0.96875,7,0.0,31,0.0,31,0.03225806451612903,32,0.03125,6,0.0,6,0.16666666666666666,7,0.14285714285714285,48,0.020833333333333332,0,,48,0.020833333333333332,0,,0.8064516129032258,0.2661290322580645,1.0725806451612903,8,7,7
61001,R0,96,late,61001_t96,R7,01-08,32,25,4,3,30,1,28,28,28,0,4,2,31,2,31,4,32,0,3,0,3,1,4,219,256,221,248,27,248,249,248,8,27,2,1,2,1,1,1,25,0,0,32,0.78125,32,0.125,32,0.09375,32,0.9375,32,0.03125,32,0.875,32,0.875,32,0.875,4,0.0,31,0.06451612903225806,31,0.06451612903225806,32,0.125,3,0.0,3,0.0,4,0.25,27,0.037037037037037035,2,1.0,25,0.04,0,,0.8911290322580645,0.10887096774193548,1.0040322580645162,8,4,4
61001,R0,96,late,61001_t96,R7,09-16,32,27,4,1,32,0,30,30,30,0,4,1,32,1,32,2,32,0,4,1,4,1,4,221,256,221,256,17,256,239,256,0,35,0,7,0,1,0,7,32,0,0,32,0.84375,32,0.125,32,0.03125,32,1.0,32,0.0,32,0.9375,32,0.9375,32,0.9375,4,0.0,32,0.03125,32,0.03125,32,0.0625,4,0.0,4,0.25,4,0.25,35,0.2,0,,32,0.21875,0,,0.86328125,0.06640625,0.93359375,8,6,6
61001,R0,96,late,61001_t96,R7,17-24,32,28,4,0,30,1,29,29,29,0,4,0,32,3,32,2,32,0,4,3,4,2,4,224,256,224,248,24,248,248,248,8,19,5,5,5,2,1,5,19,5,5,32,0.875,32,0.125,32,0.0,32,0.9375,32,0.03125,32,0.90625,32,0.90625,32,0.90625,4,0.0,32,0.0,32,0.09375,32,0.0625,4,0.0,4,0.75,4,0.5,19,0.2631578947368421,5,1.0,19,0.2631578947368421,5,1.0,0.9032258064516129,0.0967741935483871,1.0,8,5,5
61001,R0,96,late,61001_t96,R7,25-32,32,25,7,0,31,0,29,29,29,0,6,0,31,3,31,3,32,0,6,3,6,3,7,200,256,200,248,67,248,267,248,8,48,0,17,0,3,0,17,48,0,0,32,0.78125,32,0.21875,32,0.0,32,0.96875,32,0.0,32,0.90625,32,0.90625,32,0.90625,7,0.0,31,0.0,31,0.0967741935483871,32,0.09375,6,0.0,6,0.5,7,0.42857142857142855,48,0.3541666666666667,0,,48,0.3541666666666667,0,,0.8064516129032258,0.2701612903225806,1.0766129032258065,8,6,6
61001,R0,96,late,61001_t96,SAW_R4,01-08,32,25,4,3,30,1,28,28,28,0,4,2,31,2,31,4,32,0,3,0,3,1,4,219,256,221,248,27,248,249,248,8,27,2,1,0,1,0,1,25,0,0,32,0.78125,32,0.125,32,0.09375,32,0.9375,32,0.03125,32,0.875,32,0.875,32,0.875,4,0.0,31,0.06451612903225806,31,0.06451612903225806,32,0.125,3,0.0,3,0.0,4,0.25,27,0.037037037037037035,2,0.0,25,0.04,0,,0.8911290322580645,0.10887096774193548,1.0040322580645162,8,4,4
61001,R0,96,late,61001_t96,SAW_R4,09-16,32,27,4,1,32,0,30,30,30,0,4,1,32,1,32,2,32,0,4,1,4,1,4,219,256,219,256,17,256,238,256,0,37,0,7,0,1,0,7,32,0,0,32,0.84375,32,0.125,32,0.03125,32,1.0,32,0.0,32,0.9375,32,0.9375,32,0.9375,4,0.0,32,0.03125,32,0.03125,32,0.0625,4,0.0,4,0.25,4,0.25,37,0.1891891891891892,0,,32,0.21875,0,,0.85546875,0.06640625,0.9296875,8,6,6
61001,R0,96,late,61001_t96,SAW_R4,17-24,32,28,4,0,30,1,29,29,29,0,4,0,32,3,32,2,32,0,4,3,4,2,4,224,256,224,248,23,248,247,248,8,19,5,5,5,3,1,5,19,5,5,32,0.875,32,0.125,32,0.0,32,0.9375,32,0.03125,32,0.90625,32,0.90625,32,0.90625,4,0.0,32,0.0,32,0.09375,32,0.0625,4,0.0,4,0.75,4,0.5,19,0.2631578947368421,5,1.0,19,0.2631578947368421,5,1.0,0.9032258064516129,0.09274193548387097,0.9959677419354839,8,5,5
61001,R0,96,late,61001_t96,SAW_R4,25-32,32,25,7,0,31,1,29,29,29,0,6,0,31,3,31,3,32,0,6,3,6,3,7,200,256,200,248,70,248,270,248,8,47,1,18,0,3,0,18,47,0,1,32,0.78125,32,0.21875,32,0.0,32,0.96875,32,0.03125,32,0.90625,32,0.90625,32,0.90625,7,0.0,31,0.0,31,0.0967741935483871,32,0.09375,6,0.0,6,0.5,7,0.42857142857142855,47,0.3829787234042553,1,0.0,47,0.3829787234042553,1,0.0,0.8064516129032258,0.28225806451612906,1.0887096774193548,8,6,6
61002,R1,32,early,61002_t32,DIRECT_REPAIR_R4,01-08,32,15,4,13,26,5,15,16,15,2,4,13,32,16,32,15,32,2,4,4,4,3,4,173,256,185,246,127,246,348,246,10,63,10,12,3,3,2,12,27,3,3,32,0.46875,32,0.125,32,0.40625,32,0.8125,32,0.15625,32,0.46875,32,0.5,32,0.46875,4,0.5,32,0.40625,32,0.5,32,0.46875,4,0.5,4,1.0,4,0.75,63,0.19047619047619047,10,0.3,27,0.4444444444444444,3,1.0,0.7520325203252033,0.516260162601626,1.4146341463414633,8,0,0
61002,R1,32,early,61002_t32,DIRECT_REPAIR_R4,09-16,32,15,5,12,31,2,15,16,15,0,5,10,32,14,32,9,32,0,5,5,5,4,5,185,256,187,255,93,255,321,255,1,67,3,26,0,5,0,26,40,0,0,32,0.46875,32,0.15625,32,0.375,32,0.96875,32,0.0625,32,0.46875,32,0.5,32,0.46875,5,0.0,32,0.3125,32,0.4375,32,0.28125,5,0.0,5,1.0,5,0.8,67,0.3880597014925373,3,0.0,40,0.65,0,,0.7333333333333333,0.36470588235294116,1.2588235294117647,8,0,0
61002,R1,32,early,61002_t32,DIRECT_REPAIR_R4,17-24,32,22,4,6,30,1,22,22,22,0,4,6,32,7,32,9,32,0,4,4,4,3,4,214,256,214,249,41,249,266,249,7,32,3,13,3,3,1,13,22,3,3,32,0.6875,32,0.125,32,0.1875,32,0.9375,32,0.03125,32,0.6875,32,0.6875,32,0.6875,4,0.0,32,0.1875,32,0.21875,32,0.28125,4,0.0,4,1.0,4,0.75,32,0.40625,3,1.0,22,0.5909090909090909,3,1.0,0.8594377510040161,0.1646586345381526,1.0682730923694779,8,0,0
61002,R1,32,early,61002_t32,DIRECT_REPAIR_R4,25-32,32,22,7,3,30,2,23,24,23,0,7,2,32,7,32,7,32,0,7,6,7,5,7,196,256,197,254,57,254,255,254,2,55,3,22,0,5,0,22,51,0,3,32,0.6875,32,0.21875,32,0.09375,32,0.9375,32,0.0625,32,0.71875,32,0.75,32,0.71875,7,0.0,32,0.0625,32,0.21875,32,0.21875,7,0.0,7,0.8571428571428571,7,0.7142857142857143,55,0.4,3,0.0,51,0.43137254901960786,3,0.0,0.7755905511811023,0.22440944881889763,1.0039370078740157,8,1,1
61002,R1,32,early,61002_t32,GDPO_R4,01-08,32,15,4,13,26,5,16,16,0,2,4,13,32,15,32,15,32,2,4,4,4,3,4,176,256,186,246,125,246,347,246,10,60,10,21,3,4,2,21,27,3,3,32,0.46875,32,0.125,32,0.40625,32,0.8125,32,0.15625,32,0.5,32,0.5,32,0.0,4,0.5,32,0.40625,32,0.46875,32,0.46875,4,0.5,4,1.0,4,0.75,60,0.35,10,0.3,27,0.7777777777777778,3,1.0,0.7560975609756098,0.508130081300813,1.410569105691057,8,0,0
61002,R1,32,early,61002_t32,GDPO_R4,09-16,32,15,5,12,31,3,15,15,5,0,5,11,32,14,32,11,32,0,5,5,5,5,5,182,256,184,255,103,255,333,255,1,69,4,24,0,5,0,24,40,0,0,32,0.46875,32,0.15625,32,0.375,32,0.96875,32,0.09375,32,0.46875,32,0.46875,32,0.15625,5,0.0,32,0.34375,32,0.4375,32,0.34375,5,0.0,5,1.0,5,1.0,69,0.34782608695652173,4,0.0,40,0.6,0,,0.7215686274509804,0.403921568627451,1.3058823529411765,8,0,0
61002,R1,32,early,61002_t32,GDPO_R4,17-24,32,22,4,6,30,1,22,22,0,0,4,6,32,6,32,9,32,0,4,3,4,4,4,214,256,214,249,45,249,271,249,7,32,3,13,3,4,1,13,22,3,3,32,0.6875,32,0.125,32,0.1875,32,0.9375,32,0.03125,32,0.6875,32,0.6875,32,0.0,4,0.0,32,0.1875,32,0.1875,32,0.28125,4,0.0,4,0.75,4,1.0,32,0.40625,3,1.0,22,0.5909090909090909,3,1.0,0.8594377510040161,0.18072289156626506,1.0883534136546185,8,0,0
61002,R1,32,early,61002_t32,GDPO_R4,25-32,32,22,7,3,29,2,22,22,4,0,7,2,31,8,31,8,32,0,6,6,6,6,7,196,256,197,245,64,245,266,245,11,47,2,29,0,7,0,29,43,0,2,32,0.6875,32,0.21875,32,0.09375,32,0.90625,32,0.0625,32,0.6875,32,0.6875,32,0.125,7,0.0,31,0.06451612903225806,31,0.25806451612903225,32,0.25,6,0.0,6,1.0,7,0.8571428571428571,47,0.6170212765957447,2,0.0,43,0.6744186046511628,2,0.0,0.8040816326530612,0.2612244897959184,1.0857142857142856,8,1,1
61002,R1,32,early,61002_t32,R0,01-08,32,15,4,13,26,5,16,16,19,2,4,13,32,15,32,15,32,2,4,4,4,3,4,176,256,187,246,124,246,345,246,10,60,10,0,0,0,0,0,27,0,3,32,0.46875,32,0.125,32,0.40625,32,0.8125,32,0.15625,32,0.5,32,0.5,32,0.59375,4,0.5,32,0.40625,32,0.46875,32,0.46875,4,0.5,4,1.0,4,0.75,60,0.0,10,0.0,27,0.0,3,0.0,0.7601626016260162,0.5040650406504065,1.4024390243902438,8,0,0
61002,R1,32,early,61002_t32,R0,09-16,32,15,5,12,31,3,15,15,20,0,5,10,32,14,32,10,32,0,5,5,5,5,5,183,256,186,255,105,255,334,255,1,68,4,0,0,0,0,0,40,0,0,32,0.46875,32,0.15625,32,0.375,32,0.96875,32,0.09375,32,0.46875,32,0.46875,32,0.625,5,0.0,32,0.3125,32,0.4375,32,0.3125,5,0.0,5,1.0,5,1.0,68,0.0,4,0.0,40,0.0,0,,0.7294117647058823,0.4117647058823529,1.3098039215686275,8,1,1
61002,R1,32,early,61002_t32,R0,17-24,32,22,4,6,30,1,22,22,26,0,4,6,32,6,32,9,32,0,4,3,4,3,4,214,256,214,249,43,249,270,249,7,32,3,0,0,0,0,0,22,0,3,32,0.6875,32,0.125,32,0.1875,32,0.9375,32,0.03125,32,0.6875,32,0.6875,32,0.8125,4,0.0,32,0.1875,32,0.1875,32,0.28125,4,0.0,4,0.75,4,0.75,32,0.0,3,0.0,22,0.0,3,0.0,0.8594377510040161,0.17269076305220885,1.0843373493975903,8,3,3
61002,R1,32,early,61002_t32,R0,25-32,32,22,7,3,29,3,23,23,29,0,7,2,32,8,32,7,32,0,7,6,7,5,7,195,256,196,251,64,251,263,251,5,53,3,0,0,0,0,0,48,0,3,32,0.6875,32,0.21875,32,0.09375,32,0.90625,32,0.09375,32,0.71875,32,0.71875,32,0.90625,7,0.0,32,0.0625,32,0.25,32,0.21875,7,0.0,7,0.8571428571428571,7,0.7142857142857143,53,0.0,3,0.0,48,0.0,3,0.0,0.7808764940239044,0.2549800796812749,1.047808764940239,8,5,5
61002,R1,32,early,61002_t32,R1,01-08,32,15,4,13,25,5,16,16,18,2,4,13,32,15,32,16,32,2,4,4,4,3,4,176,256,187,244,119,244,338,244,12,59,9,0,8,0,4,0,27,3,3,32,0.46875,32,0.125,32,0.40625,32,0.78125,32,0.15625,32,0.5,32,0.5,32,0.5625,4,0.5,32,0.40625,32,0.46875,32,0.5,4,0.5,4,1.0,4,0.75,59,0.0,9,0.8888888888888888,27,0.0,3,1.0,0.7663934426229508,0.48770491803278687,1.3852459016393444,8,1,1
61002,R1,32,early,61002_t32,R1,09-16,32,15,5,12,31,3,15,15,20,0,5,11,32,14,32,12,32,0,5,5,5,5,5,182,256,184,255,109,255,337,255,1,69,4,0,4,0,3,0,40,0,0,32,0.46875,32,0.15625,32,0.375,32,0.96875,32,0.09375,32,0.46875,32,0.46875,32,0.625,5,0.0,32,0.34375,32,0.4375,32,0.375,5,0.0,5,1.0,5,1.0,69,0.0,4,1.0,40,0.0,0,,0.7215686274509804,0.42745098039215684,1.3215686274509804,8,1,1
61002,R1,32,early,61002_t32,R1,17-24,32,22,4,6,30,1,22,22,25,0,4,6,32,7,32,9,32,0,4,4,4,4,4,214,256,214,250,47,250,275,250,6,33,3,0,3,0,1,0,23,3,3,32,0.6875,32,0.125,32,0.1875,32,0.9375,32,0.03125,32,0.6875,32,0.6875,32,0.78125,4,0.0,32,0.1875,32,0.21875,32,0.28125,4,0.0,4,1.0,4,1.0,33,0.0,3,1.0,23,0.0,3,1.0,0.856,0.188,1.1,8,2,2
61002,R1,32,early,61002_t32,R1,25-32,32,21,7,4,29,2,22,22,26,0,7,3,32,8,32,8,32,0,7,6,7,5,7,194,256,195,251,66,251,268,251,5,55,2,0,2,0,2,0,49,2,2,32,0.65625,32,0.21875,32,0.125,32,0.90625,32,0.0625,32,0.6875,32,0.6875,32,0.8125,7,0.0,32,0.09375,32,0.25,32,0.25,7,0.0,7,0.8571428571428571,7,0.7142857142857143,55,0.0,2,1.0,49,0.0,2,1.0,0.7768924302788844,0.26294820717131473,1.0677290836653386,8,3,3
61002,R1,32,early,61002_t32,R2,01-08,32,15,4,13,26,5,16,16,18,2,4,13,32,15,32,15,32,2,4,4,4,3,4,175,256,187,246,123,246,346,246,10,60,11,6,0,1,0,6,26,0,4,32,0.46875,32,0.125,32,0.40625,32,0.8125,32,0.15625,32,0.5,32,0.5,32,0.5625,4,0.5,32,0.40625,32,0.46875,32,0.46875,4,0.5,4,1.0,4,0.75,60,0.1,11,0.0,26,0.23076923076923078,4,0.0,0.7601626016260162,0.5,1.4065040650406504,8,0,0
61002,R1,32,early,61002_t32,R2,09-16,32,15,5,12,31,3,15,15,20,0,5,10,32,14,32,11,32,0,5,5,5,5,5,184,256,186,255,104,255,334,255,1,67,4,0,0,0,0,0,40,0,0,32,0.46875,32,0.15625,32,0.375,32,0.96875,32,0.09375,32,0.46875,32,0.46875,32,0.625,5,0.0,32,0.3125,32,0.4375,32,0.34375,5,0.0,5,1.0,5,1.0,67,0.0,4,0.0,40,0.0,0,,0.7294117647058823,0.40784313725490196,1.3098039215686275,8,1,1
61002,R1,32,early,61002_t32,R2,17-24,32,22,4,6,30,1,22,22,24,0,4,6,32,6,32,9,32,0,4,3,4,4,4,214,256,214,249,45,249,272,249,7,32,3,9,0,2,0,9,22,0,3,32,0.6875,32,0.125,32,0.1875,32,0.9375,32,0.03125,32,0.6875,32,0.6875,32,0.75,4,0.0,32,0.1875,32,0.1875,32,0.28125,4,0.0,4,0.75,4,1.0,32,0.28125,3,0.0,22,0.4090909090909091,3,0.0,0.8594377510040161,0.18072289156626506,1.0923694779116466,8,2,2
61002,R1,32,early,61002_t32,R2,25-32,32,21,7,4,29,4,22,22,25,0,7,3,32,8,32,8,32,0,7,6,7,5,7,194,256,195,253,62,253,261,253,3,54,5,18,3,3,2,18,48,3,5,32,0.65625,32,0.21875,32,0.125,32,0.90625,32,0.125,32,0.6875,32,0.6875,32,0.78125,7,0.0,32,0.09375,32,0.25,32,0.25,7,0.0,7,0.8571428571428571,7,0.7142857142857143,54,0.3333333333333333,5,0.6,48,0.375,5,0.6,0.7707509881422925,0.2450592885375494,1.0316205533596838,8,3,3
61002,R1,32,early,61002_t32,R3,01-08,32,15,4,13,26,5,16,16,16,2,4,12,32,16,32,14,32,2,4,4,4,3,4,175,256,188,243,120,243,342,243,13,58,10,6,3,3,2,4,26,3,3,32,0.46875,32,0.125,32,0.40625,32,0.8125,32,0.15625,32,0.5,32,0.5,32,0.5,4,0.5,32,0.375,32,0.5,32,0.4375,4,0.5,4,1.0,4,0.75,58,0.10344827586206896,10,0.3,26,0.15384615384615385,3,1.0,0.7736625514403292,0.49382716049382713,1.4074074074074074,8,0,0
61002,R1,32,early,61002_t32,R3,09-16,32,15,5,12,31,3,16,16,16,0,5,10,32,14,32,10,32,0,5,5,5,4,5,181,256,184,255,117,255,348,255,1,71,3,15,0,4,0,15,40,0,0,32,0.46875,32,0.15625,32,0.375,32,0.96875,32,0.09375,32,0.5,32,0.5,32,0.5,5,0.0,32,0.3125,32,0.4375,32,0.3125,5,0.0,5,1.0,5,0.8,71,0.2112676056338028,3,0.0,40,0.375,0,,0.7215686274509804,0.4588235294117647,1.3647058823529412,8,0,0
61002,R1,32,early,61002_t32,R3,17-24,32,20,4,8,29,2,20,20,20,0,4,8,32,9,32,9,32,0,4,4,4,4,4,207,256,207,244,59,244,287,244,12,34,3,7,2,4,1,7,18,2,2,32,0.625,32,0.125,32,0.25,32,0.90625,32,0.0625,32,0.625,32,0.625,32,0.625,4,0.0,32,0.25,32,0.28125,32,0.28125,4,0.0,4,1.0,4,1.0,34,0.20588235294117646,3,0.6666666666666666,18,0.3888888888888889,2,1.0,0.8483606557377049,0.24180327868852458,1.1762295081967213,8,0,0
61002,R1,32,early,61002_t32,R3,25-32,32,22,7,3,30,1,22,22,23,0,7,2,31,8,31,8,32,0,6,6,6,6,7,194,256,195,246,79,246,282,246,10,50,2,30,0,6,0,30,44,0,2,32,0.6875,32,0.21875,32,0.09375,32,0.9375,32,0.03125,32,0.6875,32,0.6875,32,0.71875,7,0.0,31,0.06451612903225806,31,0.25806451612903225,32,0.25,6,0.0,6,1.0,7,0.8571428571428571,50,0.6,2,0.0,44,0.6818181818181818,2,0.0,0.7926829268292683,0.32113821138211385,1.146341463414634,8,2,2
61002,R1,32,early,61002_t32,R4,01-08,32,16,4,12,26,5,17,17,17,2,4,12,32,16,32,14,32,2,4,4,4,3,4,174,256,186,247,129,247,351,247,9,63,10,13,3,3,2,13,27,3,3,32,0.5,32,0.125,32,0.375,32,0.8125,32,0.15625,32,0.53125,32,0.53125,32,0.53125,4,0.5,32,0.375,32,0.5,32,0.4375,4,0.5,4,1.0,4,0.75,63,0.20634920634920634,10,0.3,27,0.48148148148148145,3,1.0,0.7530364372469636,0.5222672064777328,1.4210526315789473,8,0,0
61002,R1,32,early,61002_t32,R4,09-16,32,15,5,12,31,3,15,15,15,0,5,11,32,14,32,12,32,0,5,5,5,5,5,181,256,184,255,114,255,344,255,1,71,3,22,0,5,0,22,40,0,0,32,0.46875,32,0.15625,32,0.375,32,0.96875,32,0.09375,32,0.46875,32,0.46875,32,0.46875,5,0.0,32,0.34375,32,0.4375,32,0.375,5,0.0,5,1.0,5,1.0,71,0.30985915492957744,3,0.0,40,0.55,0,,0.7215686274509804,0.4470588235294118,1.3490196078431373,8,0,0
61002,R1,32,early,61002_t32,R4,17-24,32,22,4,6,29,1,22,22,22,0,4,6,32,6,32,8,32,0,4,3,4,4,4,212,256,212,247,50,247,277,247,9,32,3,15,3,4,1,15,20,3,3,32,0.6875,32,0.125,32,0.1875,32,0.90625,32,0.03125,32,0.6875,32,0.6875,32,0.6875,4,0.0,32,0.1875,32,0.1875,32,0.25,4,0.0,4,0.75,4,1.0,32,0.46875,3,1.0,20,0.75,3,1.0,0.8582995951417004,0.20242914979757085,1.1214574898785425,8,0,0
61002,R1,32,early,61002_t32,R4,25-32,32,22,7,3,30,1,22,22,22,0,7,2,32,9,32,8,32,0,7,7,7,6,7,194,256,195,247,81,247,284,247,9,52,1,34,0,7,0,34,46,0,1,32,0.6875,32,0.21875,32,0.09375,32,0.9375,32,0.03125,32,0.6875,32,0.6875,32,0.6875,7,0.0,32,0.0625,32,0.28125,32,0.25,7,0.0,7,1.0,7,0.8571428571428571,52,0.6538461538461539,1,0.0,46,0.7391304347826086,1,0.0,0.7894736842105263,0.32793522267206476,1.1497975708502024,8,1,1
61002,R1,32,early,61002_t32,R5,01-08,32,15,4,13,26,5,16,16,17,2,4,13,32,16,32,16,32,2,4,4,4,3,4,175,256,188,246,122,246,345,246,10,60,11,6,10,1,4,6,26,4,4,32,0.46875,32,0.125,32,0.40625,32,0.8125,32,0.15625,32,0.5,32,0.5,32,0.53125,4,0.5,32,0.40625,32,0.5,32,0.5,4,0.5,4,1.0,4,0.75,60,0.1,11,0.9090909090909091,26,0.23076923076923078,4,1.0,0.7642276422764228,0.4959349593495935,1.4024390243902438,8,1,1
61002,R1,32,early,61002_t32,R5,09-16,32,15,5,12,31,3,16,16,20,0,5,10,32,14,32,10,32,0,5,5,5,4,5,182,256,185,255,108,255,338,255,1,69,4,0,4,0,3,0,40,0,0,32,0.46875,32,0.15625,32,0.375,32,0.96875,32,0.09375,32,0.5,32,0.5,32,0.625,5,0.0,32,0.3125,32,0.4375,32,0.3125,5,0.0,5,1.0,5,0.8,69,0.0,4,1.0,40,0.0,0,,0.7254901960784313,0.4235294117647059,1.3254901960784313,8,1,1
61002,R1,32,early,61002_t32,R5,17-24,32,22,4,6,30,1,22,22,23,0,4,6,32,6,32,9,32,0,4,3,4,4,4,214,256,214,250,49,250,277,250,6,33,3,10,3,2,1,10,23,3,3,32,0.6875,32,0.125,32,0.1875,32,0.9375,32,0.03125,32,0.6875,32,0.6875,32,0.71875,4,0.0,32,0.1875,32,0.1875,32,0.28125,4,0.0,4,0.75,4,1.0,33,0.30303030303030304,3,1.0,23,0.43478260869565216,3,1.0,0.856,0.196,1.108,8,1,1
61002,R1,32,early,61002_t32,R5,25-32,32,21,7,4,29,3,22,22,24,0,7,3,32,8,32,8,32,0,7,6,7,5,7,193,256,194,253,72,253,274,253,3,57,3,7,3,1,3,7,50,3,3,32,0.65625,32,0.21875,32,0.125,32,0.90625,32,0.09375,32,0.6875,32,0.6875,32,0.75,7,0.0,32,0.09375,32,0.25,32,0.25,7,0.0,7,0.8571428571428571,7,0.7142857142857143,57,0.12280701754385964,3,1.0,50,0.14,3,1.0,0.766798418972332,0.2845849802371542,1.08300395256917,8,2,2
61002,R1,32,early,61002_t32,R6,01-08,32,15,4,13,26,5,16,16,16,2,4,13,32,15,32,15,32,2,4,4,4,3,4,177,256,189,244,116,244,338,244,12,57,10,5,9,2,4,2,25,4,4,32,0.46875,32,0.125,32,0.40625,32,0.8125,32,0.15625,32,0.5,32,0.5,32,0.5,4,0.5,32,0.40625,32,0.46875,32,0.46875,4,0.5,4,1.0,4,0.75,57,0.08771929824561403,10,0.9,25,0.08,4,1.0,0.7745901639344263,0.47540983606557374,1.3852459016393444,8,0,0
61002,R1,32,early,61002_t32,R6,09-16,32,15,5,12,31,3,16,16,16,0,5,11,32,14,32,11,32,0,5,5,5,4,5,181,256,184,255,113,255,342,255,1,70,4,20,4,4,3,20,40,0,0,32,0.46875,32,0.15625,32,0.375,32,0.96875,32,0.09375,32,0.5,32,0.5,32,0.5,5,0.0,32,0.34375,32,0.4375,32,0.34375,5,0.0,5,1.0,5,0.8,70,0.2857142857142857,4,1.0,40,0.5,0,,0.7215686274509804,0.44313725490196076,1.3411764705882352,8,1,1
61002,R1,32,early,61002_t32,R6,17-24,32,22,4,6,30,1,22,22,22,0,4,6,32,6,32,8,32,0,4,3,4,4,4,209,256,209,248,60,248,287,248,8,36,3,6,3,3,1,6,21,3,3,32,0.6875,32,0.125,32,0.1875,32,0.9375,32,0.03125,32,0.6875,32,0.6875,32,0.6875,4,0.0,32,0.1875,32,0.1875,32,0.25,4,0.0,4,0.75,4,1.0,36,0.16666666666666666,3,1.0,21,0.2857142857142857,3,1.0,0.842741935483871,0.24193548387096775,1.157258064516129,8,0,0
61002,R1,32,early,61002_t32,R6,25-32,32,22,7,3,30,1,22,22,23,0,7,2,32,9,32,8,32,0,7,7,7,6,7,195,256,196,248,82,248,286,248,8,52,1,25,1,5,1,25,47,1,1,32,0.6875,32,0.21875,32,0.09375,32,0.9375,32,0.03125,32,0.6875,32,0.6875,32,0.71875,7,0.0,32,0.0625,32,0.28125,32,0.25,7,0.0,7,1.0,7,0.8571428571428571,52,0.4807692307692308,1,1.0,47,0.5319148936170213,1,1.0,0.7903225806451613,0.33064516129032256,1.153225806451613,8,2,2
61002,R1,32,early,61002_t32,R7,01-08,32,16,4,12,26,5,17,17,17,2,4,12,32,15,32,14,32,2,4,4,4,3,4,175,256,186,246,125,246,346,246,10,61,10,6,9,1,4,6,27,3,3,32,0.5,32,0.125,32,0.375,32,0.8125,32,0.15625,32,0.53125,32,0.53125,32,0.53125,4,0.5,32,0.375,32,0.46875,32,0.4375,4,0.5,4,1.0,4,0.75,61,0.09836065573770492,10,0.9,27,0.2222222222222222,3,1.0,0.7560975609756098,0.508130081300813,1.4065040650406504,8,0,0
61002,R1,32,early,61002_t32,R7,09-16,32,15,5,12,31,3,15,15,15,0,5,10,32,14,32,11,32,0,5,5,5,5,5,182,256,185,255,108,255,338,255,1,69,4,23,4,5,3,23,40,0,0,32,0.46875,32,0.15625,32,0.375,32,0.96875,32,0.09375,32,0.46875,32,0.46875,32,0.46875,5,0.0,32,0.3125,32,0.4375,32,0.34375,5,0.0,5,1.0,5,1.0,69,0.3333333333333333,4,1.0,40,0.575,0,,0.7254901960784313,0.4235294117647059,1.3254901960784313,8,0,0
61002,R1,32,early,61002_t32,R7,17-24,32,22,4,6,30,1,22,22,22,0,4,6,32,6,32,9,32,0,4,3,4,4,4,213,256,213,250,51,250,279,250,6,34,3,9,3,3,1,9,23,3,3,32,0.6875,32,0.125,32,0.1875,32,0.9375,32,0.03125,32,0.6875,32,0.6875,32,0.6875,4,0.0,32,0.1875,32,0.1875,32,0.28125,4,0.0,4,0.75,4,1.0,34,0.2647058823529412,3,1.0,23,0.391304347826087,3,1.0,0.852,0.204,1.116,8,0,0
61002,R1,32,early,61002_t32,R7,25-32,32,22,7,3,29,1,22,22,22,0,7,2,32,9,32,8,32,0,7,7,7,6,7,195,256,196,247,76,247,279,247,9,51,1,30,1,6,1,30,46,1,1,32,0.6875,32,0.21875,32,0.09375,32,0.90625,32,0.03125,32,0.6875,32,0.6875,32,0.6875,7,0.0,32,0.0625,32,0.28125,32,0.25,7,0.0,7,1.0,7,0.8571428571428571,51,0.5882352941176471,1,1.0,46,0.6521739130434783,1,1.0,0.7935222672064778,0.3076923076923077,1.1295546558704452,8,1,1
61002,R1,32,early,61002_t32,SAW_R4,01-08,32,16,4,12,25,5,17,17,17,2,4,12,32,16,32,14,32,2,4,4,4,3,4,172,256,184,243,124,243,345,243,13,61,10,13,3,4,2,10,25,3,3,32,0.5,32,0.125,32,0.375,32,0.78125,32,0.15625,32,0.53125,32,0.53125,32,0.53125,4,0.5,32,0.375,32,0.5,32,0.4375,4,0.5,4,1.0,4,0.75,61,0.21311475409836064,10,0.3,25,0.4,3,1.0,0.757201646090535,0.5102880658436214,1.4197530864197532,8,0,0
61002,R1,32,early,61002_t32,SAW_R4,09-16,32,15,5,12,31,3,15,15,15,0,5,10,32,14,32,11,32,0,5,5,5,5,5,182,256,185,255,115,255,345,255,1,70,3,22,0,5,0,22,40,0,0,32,0.46875,32,0.15625,32,0.375,32,0.96875,32,0.09375,32,0.46875,32,0.46875,32,0.46875,5,0.0,32,0.3125,32,0.4375,32,0.34375,5,0.0,5,1.0,5,1.0,70,0.3142857142857143,3,0.0,40,0.55,0,,0.7254901960784313,0.45098039215686275,1.3529411764705883,8,0,0
61002,R1,32,early,61002_t32,SAW_R4,17-24,32,21,4,7,29,1,21,21,21,0,4,7,32,7,32,8,32,0,4,3,4,4,4,208,256,208,246,62,246,290,246,10,36,2,11,2,4,1,11,20,2,2,32,0.65625,32,0.125,32,0.21875,32,0.90625,32,0.03125,32,0.65625,32,0.65625,32,0.65625,4,0.0,32,0.21875,32,0.21875,32,0.25,4,0.0,4,0.75,4,1.0,36,0.3055555555555556,2,1.0,20,0.55,2,1.0,0.8455284552845529,0.25203252032520324,1.1788617886178863,8,0,0
61002,R1,32,early,61002_t32,SAW_R4,25-32,32,22,7,3,29,1,22,22,22,0,7,2,32,9,32,8,32,0,7,7,7,6,7,194,256,195,247,79,247,282,247,9,51,2,30,0,7,0,30,45,0,2,32,0.6875,32,0.21875,32,0.09375,32,0.90625,32,0.03125,32,0.6875,32,0.6875,32,0.6875,7,0.0,32,0.0625,32,0.28125,32,0.25,7,0.0,7,1.0,7,0.8571428571428571,51,0.5882352941176471,2,0.0,45,0.6666666666666666,2,0.0,0.7894736842105263,0.31983805668016196,1.1417004048582995,8,1,1
61002,R1,96,late,61002_t96,DIRECT_REPAIR_R4,01-08,32,27,4,1,30,1,30,30,30,0,3,0,31,2,31,2,32,0,3,1,3,1,4,222,256,224,246,30,246,254,246,10,23,1,6,0,1,0,6,22,0,0,32,0.84375,32,0.125,32,0.03125,32,0.9375,32,0.03125,32,0.9375,32,0.9375,32,0.9375,4,0.0,31,0.0,31,0.06451612903225806,32,0.0625,3,0.0,3,0.3333333333333333,4,0.25,23,0.2608695652173913,1,0.0,22,0.2727272727272727,0,,0.9105691056910569,0.12195121951219512,1.032520325203252,8,6,6
61002,R1,96,late,61002_t96,DIRECT_REPAIR_R4,09-16,32,27,4,1,32,0,30,30,30,0,4,1,32,1,32,2,32,0,4,1,4,1,4,217,256,217,256,18,256,235,256,0,39,0,6,0,1,0,6,32,0,0,32,0.84375,32,0.125,32,0.03125,32,1.0,32,0.0,32,0.9375,32,0.9375,32,0.9375,4,0.0,32,0.03125,32,0.03125,32,0.0625,4,0.0,4,0.25,4,0.25,39,0.15384615384615385,0,,32,0.1875,0,,0.84765625,0.0703125,0.91796875,8,6,6
61002,R1,96,late,61002_t96,DIRECT_REPAIR_R4,17-24,32,27,4,1,30,1,29,29,29,0,4,1,32,1,32,2,32,0,4,1,4,1,4,223,256,223,249,30,249,253,249,7,18,8,9,0,2,0,9,17,0,8,32,0.84375,32,0.125,32,0.03125,32,0.9375,32,0.03125,32,0.90625,32,0.90625,32,0.90625,4,0.0,32,0.03125,32,0.03125,32,0.0625,4,0.0,4,0.25,4,0.25,18,0.5,8,0.0,17,0.5294117647058824,8,0.0,0.8955823293172691,0.12048192771084337,1.0160642570281124,8,5,5
61002,R1,96,late,61002_t96,DIRECT_REPAIR_R4,25-32,32,25,7,0,31,0,30,30,30,0,6,0,31,2,31,2,32,0,6,2,6,2,7,200,256,200,248,78,248,278,248,8,48,0,4,0,1,0,4,48,0,0,32,0.78125,32,0.21875,32,0.0,32,0.96875,32,0.0,32,0.9375,32,0.9375,32,0.9375,7,0.0,31,0.0,31,0.06451612903225806,32,0.0625,6,0.0,6,0.3333333333333333,7,0.2857142857142857,48,0.08333333333333333,0,,48,0.08333333333333333,0,,0.8064516129032258,0.31451612903225806,1.1209677419354838,8,6,6
61002,R1,96,late,61002_t96,GDPO_R4,01-08,32,27,4,1,30,1,30,30,24,0,3,0,31,2,31,2,32,0,3,1,3,1,4,222,256,224,246,28,246,253,246,10,23,1,4,0,1,0,4,22,0,0,32,0.84375,32,0.125,32,0.03125,32,0.9375,32,0.03125,32,0.9375,32,0.9375,32,0.75,4,0.0,31,0.0,31,0.06451612903225806,32,0.0625,3,0.0,3,0.3333333333333333,4,0.25,23,0.17391304347826086,1,0.0,22,0.18181818181818182,0,,0.9105691056910569,0.11382113821138211,1.0284552845528456,8,6,6
61002,R1,96,late,61002_t96,GDPO_R4,09-16,32,27,4,1,32,0,30,30,24,0,4,1,32,1,32,2,32,0,4,1,4,1,4,217,256,217,256,18,256,235,256,0,39,0,6,0,1,0,6,32,0,0,32,0.84375,32,0.125,32,0.03125,32,1.0,32,0.0,32,0.9375,32,0.9375,32,0.75,4,0.0,32,0.03125,32,0.03125,32,0.0625,4,0.0,4,0.25,4,0.25,39,0.15384615384615385,0,,32,0.1875,0,,0.84765625,0.0703125,0.91796875,8,6,6
61002,R1,96,late,61002_t96,GDPO_R4,17-24,32,27,4,1,31,1,29,29,20,0,4,1,32,1,32,2,32,0,4,1,4,1,4,219,256,219,250,33,250,252,250,6,23,8,9,0,2,0,9,18,0,8,32,0.84375,32,0.125,32,0.03125,32,0.96875,32,0.03125,32,0.90625,32,0.90625,32,0.625,4,0.0,32,0.03125,32,0.03125,32,0.0625,4,0.0,4,0.25,4,0.25,23,0.391304347826087,8,0.0,18,0.5,8,0.0,0.876,0.132,1.008,8,5,5
61002,R1,96,late,61002_t96,GDPO_R4,25-32,32,25,7,0,30,0,28,28,16,0,7,0,32,3,32,3,32,0,7,3,7,3,7,200,256,200,249,87,249,287,249,7,49,0,31,0,5,0,31,49,0,0,32,0.78125,32,0.21875,32,0.0,32,0.9375,32,0.0,32,0.875,32,0.875,32,0.5,7,0.0,32,0.0,32,0.09375,32,0.09375,7,0.0,7,0.42857142857142855,7,0.42857142857142855,49,0.6326530612244898,0,,49,0.6326530612244898,0,,0.8032128514056225,0.3493975903614458,1.1526104417670682,8,4,4
61002,R1,96,late,61002_t96,R0,01-08,32,27,4,1,30,1,30,30,31,0,3,0,31,2,31,2,32,0,3,1,3,1,4,222,256,224,246,30,246,254,246,10,23,1,0,0,0,0,0,22,0,0,32,0.84375,32,0.125,32,0.03125,32,0.9375,32,0.03125,32,0.9375,32,0.9375,32,0.96875,4,0.0,31,0.0,31,0.06451612903225806,32,0.0625,3,0.0,3,0.3333333333333333,4,0.25,23,0.0,1,0.0,22,0.0,0,,0.9105691056910569,0.12195121951219512,1.032520325203252,8,7,7
61002,R1,96,late,61002_t96,R0,09-16,32,27,5,0,32,0,31,31,32,0,5,0,32,1,32,1,32,0,5,1,5,1,5,216,256,216,256,18,256,240,256,0,40,0,0,0,0,0,0,40,0,0,32,0.84375,32,0.15625,32,0.0,32,1.0,32,0.0,32,0.96875,32,0.96875,32,1.0,5,0.0,32,0.0,32,0.03125,32,0.03125,5,0.0,5,0.2,5,0.2,40,0.0,0,,40,0.0,0,,0.84375,0.0703125,0.9375,8,8,8
61002,R1,96,late,61002_t96,R0,17-24,32,28,4,0,30,1,30,30,32,0,4,0,31,1,31,1,32,0,3,1,3,1,4,224,256,224,247,28,247,252,247,9,15,8,0,0,0,0,0,15,0,8,32,0.875,32,0.125,32,0.0,32,0.9375,32,0.03125,32,0.9375,32,0.9375,32,1.0,4,0.0,31,0.0,31,0.03225806451612903,32,0.03125,3,0.0,3,0.3333333333333333,4,0.25,15,0.0,8,0.0,15,0.0,8,0.0,0.9068825910931174,0.11336032388663968,1.0202429149797572,8,8,8
61002,R1,96,late,61002_t96,R0,25-32,32,25,7,0,31,0,29,29,32,0,6,0,31,3,31,3,32,0,6,3,6,3,7,200,256,200,248,82,248,282,248,8,48,0,0,0,0,0,0,48,0,0,32,0.78125,32,0.21875,32,0.0,32,0.96875,32,0.0,32,0.90625,32,0.90625,32,1.0,7,0.0,31,0.0,31,0.0967741935483871,32,0.09375,6,0.0,6,0.5,7,0.42857142857142855,48,0.0,0,,48,0.0,0,,0.8064516129032258,0.33064516129032256,1.1370967741935485,8,8,8
61002,R1,96,late,61002_t96,R1,01-08,32,27,4,1,30,1,30,30,31,0,3,0,31,2,31,2,32,0,3,1,3,1,4,222,256,224,246,29,246,254,246,10,23,1,0,1,0,1,0,22,0,0,32,0.84375,32,0.125,32,0.03125,32,0.9375,32,0.03125,32,0.9375,32,0.9375,32,0.96875,4,0.0,31,0.0,31,0.06451612903225806,32,0.0625,3,0.0,3,0.3333333333333333,4,0.25,23,0.0,1,1.0,22,0.0,0,,0.9105691056910569,0.11788617886178862,1.032520325203252,8,7,7
61002,R1,96,late,61002_t96,R1,09-16,32,27,5,0,32,0,31,31,32,0,5,0,32,1,32,1,32,0,5,1,5,1,5,216,256,216,256,18,256,240,256,0,40,0,0,0,0,0,0,40,0,0,32,0.84375,32,0.15625,32,0.0,32,1.0,32,0.0,32,0.96875,32,0.96875,32,1.0,5,0.0,32,0.0,32,0.03125,32,0.03125,5,0.0,5,0.2,5,0.2,40,0.0,0,,40,0.0,0,,0.84375,0.0703125,0.9375,8,8,8
61002,R1,96,late,61002_t96,R1,17-24,32,28,4,0,30,1,30,30,32,0,4,0,31,1,31,1,32,0,3,1,3,1,4,224,256,224,247,28,247,252,247,9,15,8,0,0,0,0,0,15,0,8,32,0.875,32,0.125,32,0.0,32,0.9375,32,0.03125,32,0.9375,32,0.9375,32,1.0,4,0.0,31,0.0,31,0.03225806451612903,32,0.03125,3,0.0,3,0.3333333333333333,4,0.25,15,0.0,8,0.0,15,0.0,8,0.0,0.9068825910931174,0.11336032388663968,1.0202429149797572,8,8,8
61002,R1,96,late,61002_t96,R1,25-32,32,25,7,0,31,0,29,29,32,0,6,0,31,3,31,3,32,0,6,3,6,3,7,200,256,200,248,82,248,282,248,8,48,0,0,0,0,0,0,48,0,0,32,0.78125,32,0.21875,32,0.0,32,0.96875,32,0.0,32,0.90625,32,0.90625,32,1.0,7,0.0,31,0.0,31,0.0967741935483871,32,0.09375,6,0.0,6,0.5,7,0.42857142857142855,48,0.0,0,,48,0.0,0,,0.8064516129032258,0.33064516129032256,1.1370967741935485,8,8,8
61002,R1,96,late,61002_t96,R2,01-08,32,27,4,1,30,1,30,30,30,0,3,0,31,2,31,2,32,0,3,1,3,1,4,222,256,224,246,30,246,254,246,10,23,1,6,0,1,0,6,22,0,0,32,0.84375,32,0.125,32,0.03125,32,0.9375,32,0.03125,32,0.9375,32,0.9375,32,0.9375,4,0.0,31,0.0,31,0.06451612903225806,32,0.0625,3,0.0,3,0.3333333333333333,4,0.25,23,0.2608695652173913,1,0.0,22,0.2727272727272727,0,,0.9105691056910569,0.12195121951219512,1.032520325203252,8,6,6
61002,R1,96,late,61002_t96,R2,09-16,32,27,4,1,32,0,30,30,31,0,4,1,32,1,32,2,32,0,4,1,4,1,4,217,256,217,256,18,256,236,256,0,39,0,0,0,0,0,0,32,0,0,32,0.84375,32,0.125,32,0.03125,32,1.0,32,0.0,32,0.9375,32,0.9375,32,0.96875,4,0.0,32,0.03125,32,0.03125,32,0.0625,4,0.0,4,0.25,4,0.25,39,0.0,0,,32,0.0,0,,0.84765625,0.0703125,0.921875,8,7,7
61002,R1,96,late,61002_t96,R2,17-24,32,28,4,0,30,1,30,30,30,0,4,0,32,1,32,1,32,0,4,1,4,1,4,224,256,224,248,29,248,253,248,8,16,8,8,0,2,0,8,16,0,8,32,0.875,32,0.125,32,0.0,32,0.9375,32,0.03125,32,0.9375,32,0.9375,32,0.9375,4,0.0,32,0.0,32,0.03125,32,0.03125,4,0.0,4,0.25,4,0.25,16,0.5,8,0.0,16,0.5,8,0.0,0.9032258064516129,0.11693548387096774,1.0201612903225807,8,6,6
61002,R1,96,late,61002_t96,R2,25-32,32,25,7,0,31,0,28,28,31,0,7,0,32,3,32,3,32,0,7,3,7,3,7,200,256,200,250,74,250,274,250,6,50,0,2,0,1,0,2,50,0,0,32,0.78125,32,0.21875,32,0.0,32,0.96875,32,0.0,32,0.875,32,0.875,32,0.96875,7,0.0,32,0.0,32,0.09375,32,0.09375,7,0.0,7,0.42857142857142855,7,0.42857142857142855,50,0.04,0,,50,0.04,0,,0.8,0.296,1.096,8,7,7
61002,R1,96,late,61002_t96,R3,01-08,32,27,4,1,30,1,30,30,30,0,3,0,31,2,31,2,32,0,3,1,3,1,4,222,256,224,246,30,246,254,246,10,23,1,2,0,1,0,2,22,0,0,32,0.84375,32,0.125,32,0.03125,32,0.9375,32,0.03125,32,0.9375,32,0.9375,32,0.9375,4,0.0,31,0.0,31,0.06451612903225806,32,0.0625,3,0.0,3,0.3333333333333333,4,0.25,23,0.08695652173913043,1,0.0,22,0.09090909090909091,0,,0.9105691056910569,0.12195121951219512,1.032520325203252,8,6,6
61002,R1,96,late,61002_t96,R3,09-16,32,27,4,1,32,0,30,30,30,0,4,1,32,1,32,2,32,0,4,1,4,1,4,217,256,217,256,18,256,236,256,0,39,0,6,0,1,0,6,32,0,0,32,0.84375,32,0.125,32,0.03125,32,1.0,32,0.0,32,0.9375,32,0.9375,32,0.9375,4,0.0,32,0.03125,32,0.03125,32,0.0625,4,0.0,4,0.25,4,0.25,39,0.15384615384615385,0,,32,0.1875,0,,0.84765625,0.0703125,0.921875,8,6,6
61002,R1,96,late,61002_t96,R3,17-24,32,27,4,1,30,1,29,29,30,0,4,1,31,1,31,2,32,0,3,1,3,1,4,223,256,223,247,28,247,251,247,9,16,8,5,0,1,0,5,15,0,8,32,0.84375,32,0.125,32,0.03125,32,0.9375,32,0.03125,32,0.90625,32,0.90625,32,0.9375,4,0.0,31,0.03225806451612903,31,0.03225806451612903,32,0.0625,3,0.0,3,0.3333333333333333,4,0.25,16,0.3125,8,0.0,15,0.3333333333333333,8,0.0,0.902834008097166,0.11336032388663968,1.0161943319838056,8,6,6
61002,R1,96,late,61002_t96,R3,25-32,32,25,7,0,31,0,29,29,29,0,6,0,31,2,31,3,32,0,6,2,6,3,7,200,256,200,248,84,248,284,248,8,48,0,18,0,3,0,18,48,0,0,32,0.78125,32,0.21875,32,0.0,32,0.96875,32,0.0,32,0.90625,32,0.90625,32,0.90625,7,0.0,31,0.0,31,0.06451612903225806,32,0.09375,6,0.0,6,0.3333333333333333,7,0.42857142857142855,48,0.375,0,,48,0.375,0,,0.8064516129032258,0.3387096774193548,1.1451612903225807,8,5,5
61002,R1,96,late,61002_t96,R4,01-08,32,27,4,1,30,1,30,30,30,0,3,0,31,2,31,2,32,0,3,1,3,1,4,222,256,224,246,30,246,254,246,10,23,1,6,0,1,0,6,22,0,0,32,0.84375,32,0.125,32,0.03125,32,0.9375,32,0.03125,32,0.9375,32,0.9375,32,0.9375,4,0.0,31,0.0,31,0.06451612903225806,32,0.0625,3,0.0,3,0.3333333333333333,4,0.25,23,0.2608695652173913,1,0.0,22,0.2727272727272727,0,,0.9105691056910569,0.12195121951219512,1.032520325203252,8,6,6
61002,R1,96,late,61002_t96,R4,09-16,32,27,4,1,32,0,30,30,30,0,4,1,32,1,32,2,32,0,4,1,4,1,4,217,256,217,256,18,256,236,256,0,39,0,6,0,1,0,6,32,0,0,32,0.84375,32,0.125,32,0.03125,32,1.0,32,0.0,32,0.9375,32,0.9375,32,0.9375,4,0.0,32,0.03125,32,0.03125,32,0.0625,4,0.0,4,0.25,4,0.25,39,0.15384615384615385,0,,32,0.1875,0,,0.84765625,0.0703125,0.921875,8,6,6
61002,R1,96,late,61002_t96,R4,17-24,32,27,4,1,30,1,29,29,29,0,4,1,32,1,32,2,32,0,4,1,4,1,4,223,256,223,249,30,249,253,249,7,18,8,8,0,2,0,8,17,0,8,32,0.84375,32,0.125,32,0.03125,32,0.9375,32,0.03125,32,0.90625,32,0.90625,32,0.90625,4,0.0,32,0.03125,32,0.03125,32,0.0625,4,0.0,4,0.25,4,0.25,18,0.4444444444444444,8,0.0,17,0.47058823529411764,8,0.0,0.8955823293172691,0.12048192771084337,1.0160642570281124,8,5,5
61002,R1,96,late,61002_t96,R4,25-32,32,25,7,0,31,0,30,30,30,0,6,0,31,2,31,2,32,0,6,2,6,2,7,200,256,200,248,74,248,274,248,8,48,0,8,0,2,0,8,48,0,0,32,0.78125,32,0.21875,32,0.0,32,0.96875,32,0.0,32,0.9375,32,0.9375,32,0.9375,7,0.0,31,0.0,31,0.06451612903225806,32,0.0625,6,0.0,6,0.3333333333333333,7,0.2857142857142857,48,0.16666666666666666,0,,48,0.16666666666666666,0,,0.8064516129032258,0.29838709677419356,1.1048387096774193,8,6,6
61002,R1,96,late,61002_t96,R5,01-08,32,27,4,1,30,1,30,30,30,0,3,0,31,2,31,2,32,0,3,1,3,1,4,222,256,224,246,29,246,254,246,10,23,1,6,1,1,1,6,22,0,0,32,0.84375,32,0.125,32,0.03125,32,0.9375,32,0.03125,32,0.9375,32,0.9375,32,0.9375,4,0.0,31,0.0,31,0.06451612903225806,32,0.0625,3,0.0,3,0.3333333333333333,4,0.25,23,0.2608695652173913,1,1.0,22,0.2727272727272727,0,,0.9105691056910569,0.11788617886178862,1.032520325203252,8,6,6
61002,R1,96,late,61002_t96,R5,09-16,32,27,4,1,32,0,30,30,31,0,4,1,32,1,32,2,32,0,4,1,4,1,4,218,256,218,256,18,256,236,256,0,38,0,0,0,0,0,0,32,0,0,32,0.84375,32,0.125,32,0.03125,32,1.0,32,0.0,32,0.9375,32,0.9375,32,0.96875,4,0.0,32,0.03125,32,0.03125,32,0.0625,4,0.0,4,0.25,4,0.25,38,0.0,0,,32,0.0,0,,0.8515625,0.0703125,0.921875,8,7,7
61002,R1,96,late,61002_t96,R5,17-24,32,28,4,0,30,1,30,30,30,0,4,0,32,1,32,1,32,0,4,1,4,1,4,224,256,224,249,30,249,254,249,7,17,8,9,0,2,0,9,17,0,8,32,0.875,32,0.125,32,0.0,32,0.9375,32,0.03125,32,0.9375,32,0.9375,32,0.9375,4,0.0,32,0.0,32,0.03125,32,0.03125,4,0.0,4,0.25,4,0.25,17,0.5294117647058824,8,0.0,17,0.5294117647058824,8,0.0,0.8995983935742972,0.12048192771084337,1.0200803212851406,8,6,6
61002,R1,96,late,61002_t96,R5,25-32,32,25,7,0,31,0,29,29,31,0,7,0,32,3,32,2,32,0,7,3,7,2,7,200,256,200,250,73,250,273,250,6,50,0,2,0,1,0,2,50,0,0,32,0.78125,32,0.21875,32,0.0,32,0.96875,32,0.0,32,0.90625,32,0.90625,32,0.96875,7,0.0,32,0.0,32,0.09375,32,0.0625,7,0.0,7,0.42857142857142855,7,0.2857142857142857,50,0.04,0,,50,0.04,0,,0.8,0.292,1.092,8,7,7
61002,R1,96,late,61002_t96,R6,01-08,32,27,4,1,30,1,30,30,30,0,3,0,31,2,31,2,32,0,3,1,3,1,4,222,256,224,247,29,247,254,247,9,24,1,4,0,1,0,4,23,0,0,32,0.84375,32,0.125,32,0.03125,32,0.9375,32,0.03125,32,0.9375,32,0.9375,32,0.9375,4,0.0,31,0.0,31,0.06451612903225806,32,0.0625,3,0.0,3,0.3333333333333333,4,0.25,24,0.16666666666666666,1,0.0,23,0.17391304347826086,0,,0.9068825910931174,0.11740890688259109,1.0283400809716599,8,6,6
61002,R1,96,late,61002_t96,R6,09-16,32,27,4,1,32,0,30,30,30,0,4,1,32,1,32,2,32,0,4,1,4,1,4,217,256,217,256,18,256,236,256,0,39,0,6,0,1,0,6,32,0,0,32,0.84375,32,0.125,32,0.03125,32,1.0,32,0.0,32,0.9375,32,0.9375,32,0.9375,4,0.0,32,0.03125,32,0.03125,32,0.0625,4,0.0,4,0.25,4,0.25,39,0.15384615384615385,0,,32,0.1875,0,,0.84765625,0.0703125,0.921875,8,6,6
61002,R1,96,late,61002_t96,R6,17-24,32,27,4,1,30,1,29,29,30,0,4,1,31,1,31,2,32,0,3,1,3,1,4,223,256,223,247,28,247,251,247,9,16,8,5,0,1,0,5,15,0,8,32,0.84375,32,0.125,32,0.03125,32,0.9375,32,0.03125,32,0.90625,32,0.90625,32,0.9375,4,0.0,31,0.03225806451612903,31,0.03225806451612903,32,0.0625,3,0.0,3,0.3333333333333333,4,0.25,16,0.3125,8,0.0,15,0.3333333333333333,8,0.0,0.902834008097166,0.11336032388663968,1.0161943319838056,8,6,6
61002,R1,96,late,61002_t96,R6,25-32,32,25,7,0,31,0,29,29,29,0,6,0,31,2,31,3,32,0,6,2,6,3,7,200,256,200,248,85,248,285,248,8,48,0,19,0,3,0,19,48,0,0,32,0.78125,32,0.21875,32,0.0,32,0.96875,32,0.0,32,0.90625,32,0.90625,32,0.90625,7,0.0,31,0.0,31,0.06451612903225806,32,0.09375,6,0.0,6,0.3333333333333333,7,0.42857142857142855,48,0.3958333333333333,0,,48,0.3958333333333333,0,,0.8064516129032258,0.34274193548387094,1.1491935483870968,8,5,5
61002,R1,96,late,61002_t96,R7,01-08,32,27,4,1,30,1,30,30,30,0,3,0,31,2,31,2,32,0,3,1,3,1,4,222,256,224,246,29,246,254,246,10,23,1,3,1,1,1,3,22,0,0,32,0.84375,32,0.125,32,0.03125,32,0.9375,32,0.03125,32,0.9375,32,0.9375,32,0.9375,4,0.0,31,0.0,31,0.06451612903225806,32,0.0625,3,0.0,3,0.3333333333333333,4,0.25,23,0.13043478260869565,1,1.0,22,0.13636363636363635,0,,0.9105691056910569,0.11788617886178862,1.032520325203252,8,6,6
61002,R1,96,late,61002_t96,R7,09-16,32,27,4,1,32,0,30,30,30,0,4,1,32,1,32,2,32,0,4,1,4,1,4,217,256,217,256,18,256,236,256,0,39,0,6,0,1,0,6,32,0,0,32,0.84375,32,0.125,32,0.03125,32,1.0,32,0.0,32,0.9375,32,0.9375,32,0.9375,4,0.0,32,0.03125,32,0.03125,32,0.0625,4,0.0,4,0.25,4,0.25,39,0.15384615384615385,0,,32,0.1875,0,,0.84765625,0.0703125,0.921875,8,6,6
61002,R1,96,late,61002_t96,R7,17-24,32,27,4,1,30,1,29,29,29,0,4,1,32,1,32,2,32,0,4,1,4,1,4,223,256,223,249,31,249,254,249,7,18,8,8,0,2,0,8,17,0,8,32,0.84375,32,0.125,32,0.03125,32,0.9375,32,0.03125,32,0.90625,32,0.90625,32,0.90625,4,0.0,32,0.03125,32,0.03125,32,0.0625,4,0.0,4,0.25,4,0.25,18,0.4444444444444444,8,0.0,17,0.47058823529411764,8,0.0,0.8955823293172691,0.12449799196787148,1.0200803212851406,8,5,5
61002,R1,96,late,61002_t96,R7,25-32,32,25,7,0,31,0,30,30,30,0,6,0,31,2,31,2,32,0,6,2,6,2,7,200,256,200,248,82,248,282,248,8,48,0,12,0,2,0,12,48,0,0,32,0.78125,32,0.21875,32,0.0,32,0.96875,32,0.0,32,0.9375,32,0.9375,32,0.9375,7,0.0,31,0.0,31,0.06451612903225806,32,0.0625,6,0.0,6,0.3333333333333333,7,0.2857142857142857,48,0.25,0,,48,0.25,0,,0.8064516129032258,0.33064516129032256,1.1370967741935485,8,6,6
61002,R1,96,late,61002_t96,SAW_R4,01-08,32,27,4,1,30,1,30,30,30,0,3,0,31,2,31,2,32,0,3,1,3,1,4,222,256,224,246,30,246,254,246,10,23,1,2,0,1,0,2,22,0,0,32,0.84375,32,0.125,32,0.03125,32,0.9375,32,0.03125,32,0.9375,32,0.9375,32,0.9375,4,0.0,31,0.0,31,0.06451612903225806,32,0.0625,3,0.0,3,0.3333333333333333,4,0.25,23,0.08695652173913043,1,0.0,22,0.09090909090909091,0,,0.9105691056910569,0.12195121951219512,1.032520325203252,8,6,6
61002,R1,96,late,61002_t96,SAW_R4,09-16,32,27,4,1,32,0,30,30,30,0,4,1,32,1,32,2,32,0,4,1,4,1,4,217,256,217,256,18,256,236,256,0,39,0,6,0,1,0,6,32,0,0,32,0.84375,32,0.125,32,0.03125,32,1.0,32,0.0,32,0.9375,32,0.9375,32,0.9375,4,0.0,32,0.03125,32,0.03125,32,0.0625,4,0.0,4,0.25,4,0.25,39,0.15384615384615385,0,,32,0.1875,0,,0.84765625,0.0703125,0.921875,8,6,6
61002,R1,96,late,61002_t96,SAW_R4,17-24,32,27,4,1,30,1,29,29,29,0,4,1,32,1,32,2,32,0,4,1,4,1,4,223,256,223,248,29,248,252,248,8,17,8,7,0,2,0,7,16,0,8,32,0.84375,32,0.125,32,0.03125,32,0.9375,32,0.03125,32,0.90625,32,0.90625,32,0.90625,4,0.0,32,0.03125,32,0.03125,32,0.0625,4,0.0,4,0.25,4,0.25,17,0.4117647058823529,8,0.0,16,0.4375,8,0.0,0.8991935483870968,0.11693548387096774,1.0161290322580645,8,5,5
61002,R1,96,late,61002_t96,SAW_R4,25-32,32,25,7,0,31,0,30,30,30,0,6,0,31,2,31,2,32,0,6,2,6,2,7,200,256,200,248,76,248,276,248,8,48,0,9,0,2,0,9,48,0,0,32,0.78125,32,0.21875,32,0.0,32,0.96875,32,0.0,32,0.9375,32,0.9375,32,0.9375,7,0.0,31,0.0,31,0.06451612903225806,32,0.0625,6,0.0,6,0.3333333333333333,7,0.2857142857142857,48,0.1875,0,,48,0.1875,0,,0.8064516129032258,0.3064516129032258,1.1129032258064515,8,6,6
61003,R0,32,early,61003_t32,DIRECT_REPAIR_R4,01-08,32,19,5,8,30,3,19,20,19,2,5,10,32,10,32,12,32,2,5,5,5,4,5,193,256,202,253,110,253,338,253,3,52,8,23,1,5,1,23,31,1,7,32,0.59375,32,0.15625,32,0.25,32,0.9375,32,0.09375,32,0.59375,32,0.625,32,0.59375,5,0.4,32,0.3125,32,0.3125,32,0.375,5,0.4,5,1.0,5,0.8,52,0.4423076923076923,8,0.125,31,0.7419354838709677,7,0.14285714285714285,0.7984189723320159,0.43478260869565216,1.3359683794466404,8,1,1
61003,R0,32,early,61003_t32,DIRECT_REPAIR_R4,09-16,32,19,5,8,30,2,19,19,19,1,5,8,32,12,32,8,32,1,5,5,5,5,5,195,256,197,254,73,254,304,254,2,55,4,25,0,5,0,25,39,0,1,32,0.59375,32,0.15625,32,0.25,32,0.9375,32,0.0625,32,0.59375,32,0.59375,32,0.59375,5,0.2,32,0.25,32,0.375,32,0.25,5,0.2,5,1.0,5,1.0,55,0.45454545454545453,4,0.0,39,0.6410256410256411,1,0.0,0.7755905511811023,0.2874015748031496,1.1968503937007875,8,0,0
61003,R0,32,early,61003_t32,DIRECT_REPAIR_R4,17-24,32,24,4,4,27,1,24,24,24,0,4,3,31,5,31,6,32,0,3,2,3,4,4,219,256,219,245,39,245,266,245,11,25,1,13,1,4,1,13,22,1,1,32,0.75,32,0.125,32,0.125,32,0.84375,32,0.03125,32,0.75,32,0.75,32,0.75,4,0.0,31,0.0967741935483871,31,0.16129032258064516,32,0.1875,3,0.0,3,0.6666666666666666,4,1.0,25,0.52,1,1.0,22,0.5909090909090909,1,1.0,0.8938775510204081,0.15918367346938775,1.0857142857142856,8,1,1
61003,R0,32,early,61003_t32,DIRECT_REPAIR_R4,25-32,32,22,7,3,30,4,22,22,22,0,7,3,32,9,32,9,32,0,7,7,7,6,7,196,256,196,253,65,253,265,253,3,52,5,28,0,6,0,28,49,0,4,32,0.6875,32,0.21875,32,0.09375,32,0.9375,32,0.125,32,0.6875,32,0.6875,32,0.6875,7,0.0,32,0.09375,32,0.28125,32,0.28125,7,0.0,7,1.0,7,0.8571428571428571,52,0.5384615384615384,5,0.0,49,0.5714285714285714,4,0.0,0.7747035573122529,0.25691699604743085,1.0474308300395256,8,0,0
61003,R0,32,early,61003_t32,GDPO_R4,01-08,32,19,4,9,30,2,20,20,10,2,4,11,32,10,32,12,32,2,4,4,4,3,4,195,256,204,253,107,253,335,253,3,51,7,8,6,4,2,7,23,6,7,32,0.59375,32,0.125,32,0.28125,32,0.9375,32,0.0625,32,0.625,32,0.625,32,0.3125,4,0.5,32,0.34375,32,0.3125,32,0.375,4,0.5,4,1.0,4,0.75,51,0.1568627450980392,7,0.8571428571428571,23,0.30434782608695654,7,0.8571428571428571,0.8063241106719368,0.42292490118577075,1.3241106719367588,8,2,2
61003,R0,32,early,61003_t32,GDPO_R4,09-16,32,19,5,8,30,3,20,20,4,1,5,8,32,11,32,7,32,1,5,4,5,4,5,197,256,200,254,69,254,300,254,2,52,5,16,0,4,0,16,38,0,2,32,0.59375,32,0.15625,32,0.25,32,0.9375,32,0.09375,32,0.625,32,0.625,32,0.125,5,0.2,32,0.25,32,0.34375,32,0.21875,5,0.2,5,0.8,5,0.8,52,0.3076923076923077,5,0.0,38,0.42105263157894735,2,0.0,0.7874015748031497,0.27165354330708663,1.1811023622047243,8,0,0
61003,R0,32,early,61003_t32,GDPO_R4,17-24,32,26,4,2,28,1,26,26,12,0,4,1,31,4,31,5,32,0,3,3,3,4,4,222,256,222,245,31,245,258,245,11,22,1,13,1,4,1,13,21,1,1,32,0.8125,32,0.125,32,0.0625,32,0.875,32,0.03125,32,0.8125,32,0.8125,32,0.375,4,0.0,31,0.03225806451612903,31,0.12903225806451613,32,0.15625,3,0.0,3,1.0,4,1.0,22,0.5909090909090909,1,1.0,21,0.6190476190476191,1,1.0,0.9061224489795918,0.12653061224489795,1.0530612244897959,8,3,3
61003,R0,32,early,61003_t32,GDPO_R4,25-32,32,23,7,2,28,5,23,23,6,0,7,2,32,8,32,8,32,0,7,7,7,6,7,195,256,195,250,55,250,254,250,6,46,9,34,0,7,0,34,42,0,8,32,0.71875,32,0.21875,32,0.0625,32,0.875,32,0.15625,32,0.71875,32,0.71875,32,0.1875,7,0.0,32,0.0625,32,0.25,32,0.25,7,0.0,7,1.0,7,0.8571428571428571,46,0.7391304347826086,9,0.0,42,0.8095238095238095,8,0.0,0.78,0.22,1.016,8,1,1
61003,R0,32,early,61003_t32,R0,01-08,32,19,5,8,30,3,19,19,24,2,5,10,32,10,32,12,32,2,5,5,5,4,5,194,256,203,253,109,253,337,253,3,51,8,0,0,0,0,0,30,0,8,32,0.59375,32,0.15625,32,0.25,32,0.9375,32,0.09375,32,0.59375,32,0.59375,32,0.75,5,0.4,32,0.3125,32,0.3125,32,0.375,5,0.4,5,1.0,5,0.8,51,0.0,8,0.0,30,0.0,8,0.0,0.8023715415019763,0.4308300395256917,1.33201581027668,8,4,4
61003,R0,32,early,61003_t32,R0,09-16,32,18,5,9,30,2,19,19,23,1,5,8,32,12,32,8,32,1,5,4,5,4,5,193,256,196,254,78,254,309,254,2,57,4,0,0,0,0,0,39,0,1,32,0.5625,32,0.15625,32,0.28125,32,0.9375,32,0.0625,32,0.59375,32,0.59375,32,0.71875,5,0.2,32,0.25,32,0.375,32,0.25,5,0.2,5,0.8,5,0.8,57,0.0,4,0.0,39,0.0,1,0.0,0.7716535433070866,0.30708661417322836,1.2165354330708662,8,2,2
61003,R0,32,early,61003_t32,R0,17-24,32,25,4,3,27,1,25,25,29,0,4,1,31,3,31,7,32,0,3,2,3,4,4,220,256,220,244,34,244,262,244,12,23,1,0,0,0,0,0,21,0,1,32,0.78125,32,0.125,32,0.09375,32,0.84375,32,0.03125,32,0.78125,32,0.78125,32,0.90625,4,0.0,31,0.03225806451612903,31,0.0967741935483871,32,0.21875,3,0.0,3,0.6666666666666666,4,1.0,23,0.0,1,0.0,21,0.0,1,0.0,0.9016393442622951,0.13934426229508196,1.0737704918032787,8,6,6
61003,R0,32,early,61003_t32,R0,25-32,32,22,7,3,29,4,22,22,29,0,7,3,32,9,32,9,32,0,7,7,7,6,7,196,256,196,252,68,252,268,252,4,48,8,0,0,0,0,0,45,0,7,32,0.6875,32,0.21875,32,0.09375,32,0.90625,32,0.125,32,0.6875,32,0.6875,32,0.90625,7,0.0,32,0.09375,32,0.28125,32,0.28125,7,0.0,7,1.0,7,0.8571428571428571,48,0.0,8,0.0,45,0.0,7,0.0,0.7777777777777778,0.2698412698412698,1.0634920634920635,8,5,5
61003,R0,32,early,61003_t32,R1,01-08,32,19,4,9,30,2,20,20,21,2,4,11,32,10,32,12,32,2,4,4,4,3,4,194,256,203,253,109,253,337,253,3,52,7,0,7,0,2,0,23,7,7,32,0.59375,32,0.125,32,0.28125,32,0.9375,32,0.0625,32,0.625,32,0.625,32,0.65625,4,0.5,32,0.34375,32,0.3125,32,0.375,4,0.5,4,1.0,4,0.75,52,0.0,7,1.0,23,0.0,7,1.0,0.8023715415019763,0.4308300395256917,1.33201581027668,8,2,2
61003,R0,32,early,61003_t32,R1,09-16,32,17,5,10,29,2,17,17,21,1,5,9,32,14,32,11,32,1,5,5,5,5,5,192,256,195,253,80,253,310,253,3,57,4,0,4,0,2,0,39,1,1,32,0.53125,32,0.15625,32,0.3125,32,0.90625,32,0.0625,32,0.53125,32,0.53125,32,0.65625,5,0.2,32,0.28125,32,0.4375,32,0.34375,5,0.2,5,1.0,5,1.0,57,0.0,4,1.0,39,0.0,1,1.0,0.7707509881422925,0.31620553359683795,1.225296442687747,8,1,1
61003,R0,32,early,61003_t32,R1,17-24,32,22,4,6,27,1,22,22,25,0,4,3,31,6,31,8,32,0,3,2,3,4,4,217,256,218,243,40,243,267,243,13,25,1,0,1,0,1,0,20,1,1,32,0.6875,32,0.125,32,0.1875,32,0.84375,32,0.03125,32,0.6875,32,0.6875,32,0.78125,4,0.0,31,0.0967741935483871,31,0.1935483870967742,32,0.25,3,0.0,3,0.6666666666666666,4,1.0,25,0.0,1,1.0,20,0.0,1,1.0,0.897119341563786,0.1646090534979424,1.0987654320987654,8,3,3
61003,R0,32,early,61003_t32,R1,25-32,32,23,7,2,29,4,23,23,28,0,7,2,32,8,32,8,32,0,7,7,7,6,7,197,256,197,251,58,251,258,251,5,46,8,0,7,0,3,0,44,7,7,32,0.71875,32,0.21875,32,0.0625,32,0.90625,32,0.125,32,0.71875,32,0.71875,32,0.875,7,0.0,32,0.0625,32,0.25,32,0.25,7,0.0,7,1.0,7,0.8571428571428571,46,0.0,8,0.875,44,0.0,7,1.0,0.7848605577689243,0.23107569721115537,1.0278884462151394,8,5,5
61003,R0,32,early,61003_t32,R2,01-08,32,19,4,9,30,3,20,20,22,2,4,11,32,10,32,12,32,2,4,4,4,3,4,195,256,204,253,107,253,335,253,3,50,8,6,0,1,0,6,23,0,7,32,0.59375,32,0.125,32,0.28125,32,0.9375,32,0.09375,32,0.625,32,0.625,32,0.6875,4,0.5,32,0.34375,32,0.3125,32,0.375,4,0.5,4,1.0,4,0.75,50,0.12,8,0.0,23,0.2608695652173913,7,0.0,0.8063241106719368,0.42292490118577075,1.3241106719367588,8,3,3
61003,R0,32,early,61003_t32,R2,09-16,32,18,5,9,29,3,19,19,23,1,5,8,32,12,32,9,32,1,5,4,5,4,5,195,256,199,253,71,253,303,253,3,53,5,0,0,0,0,0,38,0,2,32,0.5625,32,0.15625,32,0.28125,32,0.90625,32,0.09375,32,0.59375,32,0.59375,32,0.71875,5,0.2,32,0.25,32,0.375,32,0.28125,5,0.2,5,0.8,5,0.8,53,0.0,5,0.0,38,0.0,2,0.0,0.7865612648221344,0.28063241106719367,1.1976284584980237,8,2,2
61003,R0,32,early,61003_t32,R2,17-24,32,25,4,3,27,1,25,25,26,0,4,1,31,4,31,7,32,0,3,3,3,4,4,220,256,220,245,35,245,263,245,11,24,1,14,1,3,1,14,22,1,1,32,0.78125,32,0.125,32,0.09375,32,0.84375,32,0.03125,32,0.78125,32,0.78125,32,0.8125,4,0.0,31,0.03225806451612903,31,0.12903225806451613,32,0.21875,3,0.0,3,1.0,4,1.0,24,0.5833333333333334,1,1.0,22,0.6363636363636364,1,1.0,0.8979591836734694,0.14285714285714285,1.073469387755102,8,3,3
61003,R0,32,early,61003_t32,R2,25-32,32,22,7,3,29,4,22,22,26,0,7,3,32,9,32,9,32,0,7,7,7,6,7,193,256,193,251,57,251,257,251,5,54,4,17,2,3,2,17,48,2,3,32,0.6875,32,0.21875,32,0.09375,32,0.90625,32,0.125,32,0.6875,32,0.6875,32,0.8125,7,0.0,32,0.09375,32,0.28125,32,0.28125,7,0.0,7,1.0,7,0.8571428571428571,54,0.3148148148148148,4,0.5,48,0.3541666666666667,3,0.6666666666666666,0.7689243027888446,0.22709163346613545,1.0239043824701195,8,3,3
61003,R0,32,early,61003_t32,R3,01-08,32,17,5,10,30,4,17,17,18,2,5,12,32,12,32,13,32,2,5,5,5,4,5,191,256,200,253,114,253,341,253,3,53,9,14,6,5,2,13,30,6,8,32,0.53125,32,0.15625,32,0.3125,32,0.9375,32,0.125,32,0.53125,32,0.53125,32,0.5625,5,0.4,32,0.375,32,0.375,32,0.40625,5,0.4,5,1.0,5,0.8,53,0.2641509433962264,9,0.6666666666666666,30,0.43333333333333335,8,0.75,0.7905138339920948,0.4505928853754941,1.3478260869565217,8,1,1
61003,R0,32,early,61003_t32,R3,09-16,32,17,5,10,30,3,17,17,17,1,5,9,32,14,32,9,32,1,5,5,5,5,5,192,256,196,254,85,254,318,254,2,57,5,24,0,5,0,24,38,0,2,32,0.53125,32,0.15625,32,0.3125,32,0.9375,32,0.09375,32,0.53125,32,0.53125,32,0.53125,5,0.2,32,0.28125,32,0.4375,32,0.28125,5,0.2,5,1.0,5,1.0,57,0.42105263157894735,5,0.0,38,0.631578947368421,2,0.0,0.7716535433070866,0.3346456692913386,1.2519685039370079,8,0,0
61003,R0,32,early,61003_t32,R3,17-24,32,24,4,4,26,1,24,24,24,0,4,3,32,6,32,7,32,0,4,3,4,4,4,215,256,215,243,48,243,275,243,13,27,1,11,1,4,1,11,21,1,1,32,0.75,32,0.125,32,0.125,32,0.8125,32,0.03125,32,0.75,32,0.75,32,0.75,4,0.0,32,0.09375,32,0.1875,32,0.21875,4,0.0,4,0.75,4,1.0,27,0.4074074074074074,1,1.0,21,0.5238095238095238,1,1.0,0.8847736625514403,0.19753086419753085,1.131687242798354,8,1,1
61003,R0,32,early,61003_t32,R3,25-32,32,22,7,3,31,3,22,22,23,0,7,3,32,9,32,9,32,0,7,7,7,6,7,196,256,196,250,81,250,281,250,6,50,4,28,0,6,0,28,47,0,3,32,0.6875,32,0.21875,32,0.09375,32,0.96875,32,0.09375,32,0.6875,32,0.6875,32,0.71875,7,0.0,32,0.09375,32,0.28125,32,0.28125,7,0.0,7,1.0,7,0.8571428571428571,50,0.56,4,0.0,47,0.5957446808510638,3,0.0,0.784,0.324,1.124,8,1,1
61003,R0,32,early,61003_t32,R4,01-08,32,19,4,9,30,4,19,19,20,2,4,11,32,10,32,12,32,2,4,4,4,3,4,195,256,204,252,103,252,330,252,4,48,9,10,6,4,2,9,21,6,8,32,0.59375,32,0.125,32,0.28125,32,0.9375,32,0.125,32,0.59375,32,0.59375,32,0.625,4,0.5,32,0.34375,32,0.3125,32,0.375,4,0.5,4,1.0,4,0.75,48,0.20833333333333334,9,0.6666666666666666,21,0.42857142857142855,8,0.75,0.8095238095238095,0.4087301587301587,1.3095238095238095,8,2,2
61003,R0,32,early,61003_t32,R4,09-16,32,19,5,8,29,2,20,20,20,1,5,8,32,11,32,8,32,1,5,4,5,4,5,196,256,198,253,70,253,301,253,3,53,4,18,0,4,0,18,39,0,1,32,0.59375,32,0.15625,32,0.25,32,0.90625,32,0.0625,32,0.625,32,0.625,32,0.625,5,0.2,32,0.25,32,0.34375,32,0.25,5,0.2,5,0.8,5,0.8,53,0.33962264150943394,4,0.0,39,0.46153846153846156,1,0.0,0.782608695652174,0.2766798418972332,1.1897233201581028,8,0,0
61003,R0,32,early,61003_t32,R4,17-24,32,25,4,3,27,1,25,25,25,0,4,1,31,3,31,7,32,0,3,2,3,4,4,220,256,220,244,36,244,263,244,12,23,1,14,1,4,1,14,21,1,1,32,0.78125,32,0.125,32,0.09375,32,0.84375,32,0.03125,32,0.78125,32,0.78125,32,0.78125,4,0.0,31,0.03225806451612903,31,0.0967741935483871,32,0.21875,3,0.0,3,0.6666666666666666,4,1.0,23,0.6086956521739131,1,1.0,21,0.6666666666666666,1,1.0,0.9016393442622951,0.14754098360655737,1.0778688524590163,8,2,2
61003,R0,32,early,61003_t32,R4,25-32,32,22,7,3,29,3,22,22,22,0,7,3,32,9,32,9,32,0,7,7,7,6,7,196,256,196,251,67,251,267,251,5,49,6,28,0,7,0,28,45,0,6,32,0.6875,32,0.21875,32,0.09375,32,0.90625,32,0.09375,32,0.6875,32,0.6875,32,0.6875,7,0.0,32,0.09375,32,0.28125,32,0.28125,7,0.0,7,1.0,7,0.8571428571428571,49,0.5714285714285714,6,0.0,45,0.6222222222222222,6,0.0,0.7808764940239044,0.26693227091633465,1.0637450199203187,8,0,0
61003,R0,32,early,61003_t32,R5,01-08,32,19,4,9,30,3,19,19,19,2,4,11,32,10,32,12,32,2,4,4,4,3,4,194,256,203,253,110,253,338,253,3,51,8,6,8,1,3,6,22,8,8,32,0.59375,32,0.125,32,0.28125,32,0.9375,32,0.09375,32,0.59375,32,0.59375,32,0.59375,4,0.5,32,0.34375,32,0.3125,32,0.375,4,0.5,4,1.0,4,0.75,51,0.11764705882352941,8,1.0,22,0.2727272727272727,8,1.0,0.8023715415019763,0.43478260869565216,1.3359683794466404,8,1,1
61003,R0,32,early,61003_t32,R5,09-16,32,18,5,9,30,3,18,18,21,1,5,8,32,13,32,8,32,1,5,5,5,5,5,193,256,197,254,84,254,318,254,2,56,5,0,5,0,3,0,38,2,2,32,0.5625,32,0.15625,32,0.28125,32,0.9375,32,0.09375,32,0.5625,32,0.5625,32,0.65625,5,0.2,32,0.25,32,0.40625,32,0.25,5,0.2,5,1.0,5,1.0,56,0.0,5,1.0,38,0.0,2,1.0,0.7755905511811023,0.33070866141732286,1.2519685039370079,8,1,1
61003,R0,32,early,61003_t32,R5,17-24,32,22,4,6,27,1,22,22,23,0,4,3,31,6,31,7,32,0,3,2,3,4,4,217,256,218,243,42,243,269,243,13,25,1,7,1,2,1,7,20,1,1,32,0.6875,32,0.125,32,0.1875,32,0.84375,32,0.03125,32,0.6875,32,0.6875,32,0.71875,4,0.0,31,0.0967741935483871,31,0.1935483870967742,32,0.21875,3,0.0,3,0.6666666666666666,4,1.0,25,0.28,1,1.0,20,0.35,1,1.0,0.897119341563786,0.1728395061728395,1.1069958847736625,8,1,1
61003,R0,32,early,61003_t32,R5,25-32,32,22,7,3,29,4,22,22,26,0,7,3,32,9,32,9,32,0,7,7,7,6,7,196,256,196,251,62,251,262,251,5,47,8,6,7,1,3,6,44,7,7,32,0.6875,32,0.21875,32,0.09375,32,0.90625,32,0.125,32,0.6875,32,0.6875,32,0.8125,7,0.0,32,0.09375,32,0.28125,32,0.28125,7,0.0,7,1.0,7,0.8571428571428571,47,0.1276595744680851,8,0.875,44,0.13636363636363635,7,1.0,0.7808764940239044,0.24701195219123506,1.043824701195219,8,3,3
61003,R0,32,early,61003_t32,R6,01-08,32,17,4,11,30,4,17,17,18,2,4,13,32,12,32,13,32,2,4,4,4,3,4,192,256,201,253,112,253,339,253,3,52,9,6,8,3,3,5,22,8,8,32,0.53125,32,0.125,32,0.34375,32,0.9375,32,0.125,32,0.53125,32,0.53125,32,0.5625,4,0.5,32,0.40625,32,0.375,32,0.40625,4,0.5,4,1.0,4,0.75,52,0.11538461538461539,9,0.8888888888888888,22,0.22727272727272727,8,1.0,0.7944664031620553,0.4426877470355731,1.3399209486166008,8,0,0
61003,R0,32,early,61003_t32,R6,09-16,32,17,5,10,30,3,18,18,18,1,5,9,32,14,32,8,32,1,5,5,5,4,5,190,256,195,254,87,254,320,254,2,59,5,10,5,2,3,10,38,2,2,32,0.53125,32,0.15625,32,0.3125,32,0.9375,32,0.09375,32,0.5625,32,0.5625,32,0.5625,5,0.2,32,0.28125,32,0.4375,32,0.25,5,0.2,5,1.0,5,0.8,59,0.1694915254237288,5,1.0,38,0.2631578947368421,2,1.0,0.7677165354330708,0.3425196850393701,1.2598425196850394,8,0,0
61003,R0,32,early,61003_t32,R6,17-24,32,22,4,6,26,1,22,22,22,0,4,4,32,8,32,8,32,0,4,3,4,4,4,210,256,211,245,62,245,289,245,11,34,1,8,1,3,1,8,23,1,1,32,0.6875,32,0.125,32,0.1875,32,0.8125,32,0.03125,32,0.6875,32,0.6875,32,0.6875,4,0.0,32,0.125,32,0.25,32,0.25,4,0.0,4,0.75,4,1.0,34,0.23529411764705882,1,1.0,23,0.34782608695652173,1,1.0,0.8612244897959184,0.2530612244897959,1.1795918367346938,8,0,0
61003,R0,32,early,61003_t32,R6,25-32,32,22,7,3,30,3,22,22,23,0,7,3,32,9,32,9,32,0,7,7,7,6,7,196,256,196,250,84,250,284,250,6,50,4,16,4,4,3,16,46,4,4,32,0.6875,32,0.21875,32,0.09375,32,0.9375,32,0.09375,32,0.6875,32,0.6875,32,0.71875,7,0.0,32,0.09375,32,0.28125,32,0.28125,7,0.0,7,1.0,7,0.8571428571428571,50,0.32,4,1.0,46,0.34782608695652173,4,1.0,0.784,0.336,1.136,8,1,1
61003,R0,32,early,61003_t32,R7,01-08,32,19,4,9,30,3,20,20,20,2,4,11,32,10,32,12,32,2,4,4,4,3,4,195,256,204,252,102,252,329,252,4,49,8,6,8,2,3,5,22,7,7,32,0.59375,32,0.125,32,0.28125,32,0.9375,32,0.09375,32,0.625,32,0.625,32,0.625,4,0.5,32,0.34375,32,0.3125,32,0.375,4,0.5,4,1.0,4,0.75,49,0.12244897959183673,8,1.0,22,0.22727272727272727,7,1.0,0.8095238095238095,0.40476190476190477,1.3055555555555556,8,2,2
61003,R0,32,early,61003_t32,R7,09-16,32,18,5,9,29,2,19,19,19,1,5,8,32,13,32,8,32,1,5,5,5,4,5,193,256,197,253,82,253,313,253,3,56,4,14,4,3,2,14,39,1,1,32,0.5625,32,0.15625,32,0.28125,32,0.90625,32,0.0625,32,0.59375,32,0.59375,32,0.59375,5,0.2,32,0.25,32,0.40625,32,0.25,5,0.2,5,1.0,5,0.8,56,0.25,4,1.0,39,0.358974358974359,1,1.0,0.7786561264822134,0.3241106719367589,1.2371541501976284,8,0,0
61003,R0,32,early,61003_t32,R7,17-24,32,22,4,6,27,1,22,22,22,0,4,3,32,7,32,8,32,0,4,3,4,4,4,217,256,218,244,44,244,272,244,12,26,1,8,1,3,1,8,21,1,1,32,0.6875,32,0.125,32,0.1875,32,0.84375,32,0.03125,32,0.6875,32,0.6875,32,0.6875,4,0.0,32,0.09375,32,0.21875,32,0.25,4,0.0,4,0.75,4,1.0,26,0.3076923076923077,1,1.0,21,0.38095238095238093,1,1.0,0.8934426229508197,0.18032786885245902,1.1147540983606556,8,0,0
61003,R0,32,early,61003_t32,R7,25-32,32,22,7,3,29,3,22,22,22,0,7,3,32,9,32,9,32,0,7,7,7,6,7,196,256,196,251,67,251,267,251,5,50,5,23,5,5,3,23,46,5,5,32,0.6875,32,0.21875,32,0.09375,32,0.90625,32,0.09375,32,0.6875,32,0.6875,32,0.6875,7,0.0,32,0.09375,32,0.28125,32,0.28125,7,0.0,7,1.0,7,0.8571428571428571,50,0.46,5,1.0,46,0.5,5,1.0,0.7808764940239044,0.26693227091633465,1.0637450199203187,8,0,0
61003,R0,32,early,61003_t32,SAW_R4,01-08,32,19,4,9,30,2,20,20,20,2,4,11,32,10,32,12,32,2,4,4,4,3,4,194,256,203,253,109,253,337,253,3,52,7,8,6,4,2,7,23,6,7,32,0.59375,32,0.125,32,0.28125,32,0.9375,32,0.0625,32,0.625,32,0.625,32,0.625,4,0.5,32,0.34375,32,0.3125,32,0.375,4,0.5,4,1.0,4,0.75,52,0.15384615384615385,7,0.8571428571428571,23,0.30434782608695654,7,0.8571428571428571,0.8023715415019763,0.4308300395256917,1.33201581027668,8,2,2
61003,R0,32,early,61003_t32,SAW_R4,09-16,32,18,5,9,30,2,19,19,19,1,5,8,32,12,32,7,32,1,5,4,5,4,5,193,256,196,254,80,254,311,254,2,57,4,17,0,4,0,17,39,0,1,32,0.5625,32,0.15625,32,0.28125,32,0.9375,32,0.0625,32,0.59375,32,0.59375,32,0.59375,5,0.2,32,0.25,32,0.375,32,0.21875,5,0.2,5,0.8,5,0.8,57,0.2982456140350877,4,0.0,39,0.4358974358974359,1,0.0,0.7716535433070866,0.31496062992125984,1.2244094488188977,8,0,0
61003,R0,32,early,61003_t32,SAW_R4,17-24,32,24,4,4,27,1,24,24,24,0,4,3,31,5,31,7,32,0,3,2,3,4,4,218,256,218,243,38,243,264,243,13,24,1,9,1,4,1,9,20,1,1,32,0.75,32,0.125,32,0.125,32,0.84375,32,0.03125,32,0.75,32,0.75,32,0.75,4,0.0,31,0.0967741935483871,31,0.16129032258064516,32,0.21875,3,0.0,3,0.6666666666666666,4,1.0,24,0.375,1,1.0,20,0.45,1,1.0,0.897119341563786,0.15637860082304528,1.0864197530864197,8,1,1
61003,R0,32,early,61003_t32,SAW_R4,25-32,32,22,7,3,29,4,22,22,22,0,7,3,32,9,32,9,32,0,7,7,7,6,7,196,256,196,251,59,251,259,251,5,50,5,31,0,7,0,31,47,0,4,32,0.6875,32,0.21875,32,0.09375,32,0.90625,32,0.125,32,0.6875,32,0.6875,32,0.6875,7,0.0,32,0.09375,32,0.28125,32,0.28125,7,0.0,7,1.0,7,0.8571428571428571,50,0.62,5,0.0,47,0.6595744680851063,4,0.0,0.7808764940239044,0.2350597609561753,1.0318725099601593,8,0,0
61003,R0,96,late,61003_t96,DIRECT_REPAIR_R4,01-08,32,27,4,1,31,0,30,30,30,0,4,1,32,2,32,2,32,0,4,1,4,1,4,220,256,223,250,31,250,254,250,6,30,0,2,0,1,0,2,26,0,0,32,0.84375,32,0.125,32,0.03125,32,0.96875,32,0.0,32,0.9375,32,0.9375,32,0.9375,4,0.0,32,0.03125,32,0.0625,32,0.0625,4,0.0,4,0.25,4,0.25,30,0.06666666666666667,0,,26,0.07692307692307693,0,,0.892,0.124,1.016,8,6,6
61003,R0,96,late,61003_t96,DIRECT_REPAIR_R4,09-16,32,28,4,0,32,0,32,32,32,0,4,0,32,0,32,0,32,0,4,0,4,0,4,224,256,224,256,16,256,240,256,0,32,0,0,0,0,0,0,32,0,0,32,0.875,32,0.125,32,0.0,32,1.0,32,0.0,32,1.0,32,1.0,32,1.0,4,0.0,32,0.0,32,0.0,32,0.0,4,0.0,4,0.0,4,0.0,32,0.0,0,,32,0.0,0,,0.875,0.0625,0.9375,8,8,8
61003,R0,96,late,61003_t96,DIRECT_REPAIR_R4,17-24,32,28,4,0,30,1,28,28,28,0,4,0,31,3,31,3,32,0,3,3,3,3,4,224,256,224,248,25,248,249,248,8,23,1,14,1,4,1,14,23,1,1,32,0.875,32,0.125,32,0.0,32,0.9375,32,0.03125,32,0.875,32,0.875,32,0.875,4,0.0,31,0.0,31,0.0967741935483871,32,0.09375,3,0.0,3,1.0,4,0.75,23,0.6086956521739131,1,1.0,23,0.6086956521739131,1,1.0,0.9032258064516129,0.10080645161290322,1.0040322580645162,8,4,4
61003,R0,96,late,61003_t96,DIRECT_REPAIR_R4,25-32,32,25,7,0,32,1,29,30,29,0,7,0,32,3,32,2,32,0,7,3,7,2,7,200,256,200,256,48,256,248,256,0,53,3,10,0,2,0,10,53,0,3,32,0.78125,32,0.21875,32,0.0,32,1.0,32,0.03125,32,0.90625,32,0.9375,32,0.90625,7,0.0,32,0.0,32,0.09375,32,0.0625,7,0.0,7,0.42857142857142855,7,0.2857142857142857,53,0.18867924528301888,3,0.0,53,0.18867924528301888,3,0.0,0.78125,0.1875,0.96875,8,6,6
61003,R0,96,late,61003_t96,GDPO_R4,01-08,32,27,4,1,31,0,29,29,20,0,4,1,32,3,32,3,32,0,4,2,4,2,4,218,256,223,250,33,250,256,250,6,32,0,9,0,2,0,9,26,0,0,32,0.84375,32,0.125,32,0.03125,32,0.96875,32,0.0,32,0.90625,32,0.90625,32,0.625,4,0.0,32,0.03125,32,0.09375,32,0.09375,4,0.0,4,0.5,4,0.5,32,0.28125,0,,26,0.34615384615384615,0,,0.892,0.132,1.024,8,5,5
61003,R0,96,late,61003_t96,GDPO_R4,09-16,32,27,4,1,32,0,31,31,28,0,4,1,32,0,32,1,32,0,4,0,4,0,4,223,256,223,256,16,256,239,256,0,33,0,0,0,0,0,0,32,0,0,32,0.84375,32,0.125,32,0.03125,32,1.0,32,0.0,32,0.96875,32,0.96875,32,0.875,4,0.0,32,0.03125,32,0.0,32,0.03125,4,0.0,4,0.0,4,0.0,33,0.0,0,,32,0.0,0,,0.87109375,0.0625,0.93359375,8,7,7
61003,R0,96,late,61003_t96,GDPO_R4,17-24,32,28,4,0,30,0,28,28,19,0,4,0,31,3,31,3,32,0,3,3,3,3,4,224,256,224,247,32,247,256,247,9,23,0,14,0,4,0,14,23,0,0,32,0.875,32,0.125,32,0.0,32,0.9375,32,0.0,32,0.875,32,0.875,32,0.59375,4,0.0,31,0.0,31,0.0967741935483871,32,0.09375,3,0.0,3,1.0,4,0.75,23,0.6086956521739131,0,,23,0.6086956521739131,0,,0.9068825910931174,0.12955465587044535,1.0364372469635628,8,4,4
61003,R0,96,late,61003_t96,GDPO_R4,25-32,32,25,7,0,31,1,28,28,16,0,6,0,31,4,31,4,32,0,6,4,6,4,7,200,256,200,248,79,248,279,248,8,47,1,25,0,4,0,25,47,0,1,32,0.78125,32,0.21875,32,0.0,32,0.96875,32,0.03125,32,0.875,32,0.875,32,0.5,7,0.0,31,0.0,31,0.12903225806451613,32,0.125,6,0.0,6,0.6666666666666666,7,0.5714285714285714,47,0.5319148936170213,1,0.0,47,0.5319148936170213,1,0.0,0.8064516129032258,0.3185483870967742,1.125,8,4,4
61003,R0,96,late,61003_t96,R0,01-08,32,27,4,1,31,0,30,30,31,0,4,1,32,2,32,2,32,0,4,1,4,1,4,218,256,223,250,34,250,257,250,6,32,0,0,0,0,0,0,26,0,0,32,0.84375,32,0.125,32,0.03125,32,0.96875,32,0.0,32,0.9375,32,0.9375,32,0.96875,4,0.0,32,0.03125,32,0.0625,32,0.0625,4,0.0,4,0.25,4,0.25,32,0.0,0,,26,0.0,0,,0.892,0.136,1.028,8,7,7
61003,R0,96,late,61003_t96,R0,09-16,32,28,4,0,32,0,32,32,32,0,4,0,32,0,32,0,32,0,4,0,4,0,4,224,256,224,256,16,256,240,256,0,32,0,0,0,0,0,0,32,0,0,32,0.875,32,0.125,32,0.0,32,1.0,32,0.0,32,1.0,32,1.0,32,1.0,4,0.0,32,0.0,32,0.0,32,0.0,4,0.0,4,0.0,4,0.0,32,0.0,0,,32,0.0,0,,0.875,0.0625,0.9375,8,8,8
61003,R0,96,late,61003_t96,R0,17-24,32,28,4,0,30,0,29,29,32,0,3,0,31,2,31,3,32,0,3,2,3,3,4,224,256,224,246,36,246,260,246,10,22,0,0,0,0,0,0,22,0,0,32,0.875,32,0.125,32,0.0,32,0.9375,32,0.0,32,0.90625,32,0.90625,32,1.0,4,0.0,31,0.0,31,0.06451612903225806,32,0.09375,3,0.0,3,0.6666666666666666,4,0.75,22,0.0,0,,22,0.0,0,,0.9105691056910569,0.14634146341463414,1.056910569105691,8,8,8
61003,R0,96,late,61003_t96,R0,25-32,32,25,7,0,31,2,29,29,32,0,7,0,32,2,32,2,32,0,7,2,7,2,7,200,256,200,252,68,252,268,252,4,47,5,0,0,0,0,0,47,0,5,32,0.78125,32,0.21875,32,0.0,32,0.96875,32,0.0625,32,0.90625,32,0.90625,32,1.0,7,0.0,32,0.0,32,0.0625,32,0.0625,7,0.0,7,0.2857142857142857,7,0.2857142857142857,47,0.0,5,0.0,47,0.0,5,0.0,0.7936507936507936,0.2698412698412698,1.0634920634920635,8,8,8
61003,R0,96,late,61003_t96,R1,01-08,32,27,4,1,31,0,30,30,31,0,4,1,32,2,32,2,32,0,4,1,4,1,4,218,256,223,250,34,250,257,250,6,32,0,0,0,0,0,0,26,0,0,32,0.84375,32,0.125,32,0.03125,32,0.96875,32,0.0,32,0.9375,32,0.9375,32,0.96875,4,0.0,32,0.03125,32,0.0625,32,0.0625,4,0.0,4,0.25,4,0.25,32,0.0,0,,26,0.0,0,,0.892,0.136,1.028,8,7,7
61003,R0,96,late,61003_t96,R1,09-16,32,28,4,0,32,0,32,32,32,0,4,0,32,0,32,0,32,0,4,0,4,0,4,224,256,224,256,16,256,240,256,0,32,0,0,0,0,0,0,32,0,0,32,0.875,32,0.125,32,0.0,32,1.0,32,0.0,32,1.0,32,1.0,32,1.0,4,0.0,32,0.0,32,0.0,32,0.0,4,0.0,4,0.0,4,0.0,32,0.0,0,,32,0.0,0,,0.875,0.0625,0.9375,8,8,8
61003,R0,96,late,61003_t96,R1,17-24,32,28,4,0,30,0,29,29,32,0,3,0,31,2,31,3,32,0,3,2,3,3,4,224,256,224,246,36,246,260,246,10,22,0,0,0,0,0,0,22,0,0,32,0.875,32,0.125,32,0.0,32,0.9375,32,0.0,32,0.90625,32,0.90625,32,1.0,4,0.0,31,0.0,31,0.06451612903225806,32,0.09375,3,0.0,3,0.6666666666666666,4,0.75,22,0.0,0,,22,0.0,0,,0.9105691056910569,0.14634146341463414,1.056910569105691,8,8,8
61003,R0,96,late,61003_t96,R1,25-32,32,25,7,0,32,3,28,28,29,0,7,0,32,3,32,3,32,0,7,3,7,3,7,200,256,200,256,65,256,265,256,0,48,8,0,8,0,3,0,48,8,8,32,0.78125,32,0.21875,32,0.0,32,1.0,32,0.09375,32,0.875,32,0.875,32,0.90625,7,0.0,32,0.0,32,0.09375,32,0.09375,7,0.0,7,0.42857142857142855,7,0.42857142857142855,48,0.0,8,1.0,48,0.0,8,1.0,0.78125,0.25390625,1.03515625,8,5,5
61003,R0,96,late,61003_t96,R2,01-08,32,27,4,1,31,0,30,30,30,0,4,1,32,2,32,2,32,0,4,1,4,1,4,218,256,223,250,34,250,257,250,6,32,0,2,0,1,0,2,26,0,0,32,0.84375,32,0.125,32,0.03125,32,0.96875,32,0.0,32,0.9375,32,0.9375,32,0.9375,4,0.0,32,0.03125,32,0.0625,32,0.0625,4,0.0,4,0.25,4,0.25,32,0.0625,0,,26,0.07692307692307693,0,,0.892,0.136,1.028,8,6,6
61003,R0,96,late,61003_t96,R2,09-16,32,28,4,0,32,0,32,32,32,0,4,0,32,0,32,0,32,0,4,0,4,0,4,224,256,224,256,16,256,241,256,0,32,0,0,0,0,0,0,32,0,0,32,0.875,32,0.125,32,0.0,32,1.0,32,0.0,32,1.0,32,1.0,32,1.0,4,0.0,32,0.0,32,0.0,32,0.0,4,0.0,4,0.0,4,0.0,32,0.0,0,,32,0.0,0,,0.875,0.0625,0.94140625,8,8,8
61003,R0,96,late,61003_t96,R2,17-24,32,28,4,0,30,1,28,28,30,0,4,0,31,3,31,3,32,0,3,3,3,3,4,224,256,224,248,28,248,252,248,8,23,1,7,1,2,1,7,23,1,1,32,0.875,32,0.125,32,0.0,32,0.9375,32,0.03125,32,0.875,32,0.875,32,0.9375,4,0.0,31,0.0,31,0.0967741935483871,32,0.09375,3,0.0,3,1.0,4,0.75,23,0.30434782608695654,1,1.0,23,0.30434782608695654,1,1.0,0.9032258064516129,0.11290322580645161,1.0161290322580645,8,6,6
61003,R0,96,late,61003_t96,R2,25-32,32,25,7,0,32,2,28,28,32,0,7,0,32,4,32,4,32,0,7,4,7,4,7,200,256,200,256,55,256,255,256,0,51,5,0,0,0,0,0,51,0,5,32,0.78125,32,0.21875,32,0.0,32,1.0,32,0.0625,32,0.875,32,0.875,32,1.0,7,0.0,32,0.0,32,0.125,32,0.125,7,0.0,7,0.5714285714285714,7,0.5714285714285714,51,0.0,5,0.0,51,0.0,5,0.0,0.78125,0.21484375,0.99609375,8,8,8
61003,R0,96,late,61003_t96,R3,01-08,32,27,4,1,31,0,30,30,30,0,4,1,32,2,32,2,32,0,4,1,4,1,4,218,256,223,250,34,250,257,250,6,32,0,2,0,1,0,2,26,0,0,32,0.84375,32,0.125,32,0.03125,32,0.96875,32,0.0,32,0.9375,32,0.9375,32,0.9375,4,0.0,32,0.03125,32,0.0625,32,0.0625,4,0.0,4,0.25,4,0.25,32,0.0625,0,,26,0.07692307692307693,0,,0.892,0.136,1.028,8,6,6
61003,R0,96,late,61003_t96,R3,09-16,32,27,4,1,32,0,31,31,31,0,4,1,32,0,32,1,32,0,4,0,4,0,4,222,256,222,256,16,256,238,256,0,34,0,0,0,0,0,0,32,0,0,32,0.84375,32,0.125,32,0.03125,32,1.0,32,0.0,32,0.96875,32,0.96875,32,0.96875,4,0.0,32,0.03125,32,0.0,32,0.03125,4,0.0,4,0.0,4,0.0,34,0.0,0,,32,0.0,0,,0.8671875,0.0625,0.9296875,8,7,7
61003,R0,96,late,61003_t96,R3,17-24,32,28,4,0,30,0,28,28,29,0,4,0,31,3,31,3,32,0,3,3,3,3,4,224,256,224,247,37,247,261,247,9,23,0,15,0,3,0,15,23,0,0,32,0.875,32,0.125,32,0.0,32,0.9375,32,0.0,32,0.875,32,0.875,32,0.90625,4,0.0,31,0.0,31,0.0967741935483871,32,0.09375,3,0.0,3,1.0,4,0.75,23,0.6521739130434783,0,,23,0.6521739130434783,0,,0.9068825910931174,0.14979757085020243,1.05668016194332,8,5,5
61003,R0,96,late,61003_t96,R3,25-32,32,25,7,0,31,1,27,27,28,0,7,0,31,4,31,4,32,0,6,4,6,4,7,200,256,200,249,77,249,277,249,7,47,2,21,0,4,0,21,47,0,2,32,0.78125,32,0.21875,32,0.0,32,0.96875,32,0.03125,32,0.84375,32,0.84375,32,0.875,7,0.0,31,0.0,31,0.12903225806451613,32,0.125,6,0.0,6,0.6666666666666666,7,0.5714285714285714,47,0.44680851063829785,2,0.0,47,0.44680851063829785,2,0.0,0.8032128514056225,0.3092369477911647,1.1124497991967872,8,4,4
61003,R0,96,late,61003_t96,R4,01-08,32,27,4,1,31,0,30,30,30,0,4,1,32,2,32,2,32,0,4,1,4,1,4,218,256,223,250,34,250,257,250,6,32,0,2,0,1,0,2,26,0,0,32,0.84375,32,0.125,32,0.03125,32,0.96875,32,0.0,32,0.9375,32,0.9375,32,0.9375,4,0.0,32,0.03125,32,0.0625,32,0.0625,4,0.0,4,0.25,4,0.25,32,0.0625,0,,26,0.07692307692307693,0,,0.892,0.136,1.028,8,6,6
61003,R0,96,late,61003_t96,R4,09-16,32,28,4,0,32,0,32,32,32,0,4,0,32,0,32,0,32,0,4,0,4,0,4,224,256,224,256,16,256,240,256,0,32,0,0,0,0,0,0,32,0,0,32,0.875,32,0.125,32,0.0,32,1.0,32,0.0,32,1.0,32,1.0,32,1.0,4,0.0,32,0.0,32,0.0,32,0.0,4,0.0,4,0.0,4,0.0,32,0.0,0,,32,0.0,0,,0.875,0.0625,0.9375,8,8,8
61003,R0,96,late,61003_t96,R4,17-24,32,28,4,0,30,1,28,28,28,0,4,0,31,3,31,3,32,0,3,3,3,3,4,224,256,224,248,36,248,260,248,8,23,1,16,1,4,1,16,23,1,1,32,0.875,32,0.125,32,0.0,32,0.9375,32,0.03125,32,0.875,32,0.875,32,0.875,4,0.0,31,0.0,31,0.0967741935483871,32,0.09375,3,0.0,3,1.0,4,0.75,23,0.6956521739130435,1,1.0,23,0.6956521739130435,1,1.0,0.9032258064516129,0.14516129032258066,1.0483870967741935,8,4,4
61003,R0,96,late,61003_t96,R4,25-32,32,25,7,0,31,1,27,27,27,0,7,0,31,4,31,4,32,0,6,4,6,4,7,200,256,200,249,77,249,277,249,7,47,2,22,0,5,0,22,47,0,2,32,0.78125,32,0.21875,32,0.0,32,0.96875,32,0.03125,32,0.84375,32,0.84375,32,0.84375,7,0.0,31,0.0,31,0.12903225806451613,32,0.125,6,0.0,6,0.6666666666666666,7,0.5714285714285714,47,0.46808510638297873,2,0.0,47,0.46808510638297873,2,0.0,0.8032128514056225,0.3092369477911647,1.1124497991967872,8,3,3
61003,R0,96,late,61003_t96,R5,01-08,32,27,4,1,31,0,30,30,30,0,4,1,32,2,32,2,32,0,4,1,4,1,4,218,256,223,250,34,250,257,250,6,32,0,2,0,1,0,2,26,0,0,32,0.84375,32,0.125,32,0.03125,32,0.96875,32,0.0,32,0.9375,32,0.9375,32,0.9375,4,0.0,32,0.03125,32,0.0625,32,0.0625,4,0.0,4,0.25,4,0.25,32,0.0625,0,,26,0.07692307692307693,0,,0.892,0.136,1.028,8,6,6
61003,R0,96,late,61003_t96,R5,09-16,32,28,4,0,32,0,32,32,32,0,4,0,32,0,32,0,32,0,4,0,4,0,4,224,256,224,256,16,256,241,256,0,32,0,0,0,0,0,0,32,0,0,32,0.875,32,0.125,32,0.0,32,1.0,32,0.0,32,1.0,32,1.0,32,1.0,4,0.0,32,0.0,32,0.0,32,0.0,4,0.0,4,0.0,4,0.0,32,0.0,0,,32,0.0,0,,0.875,0.0625,0.94140625,8,8,8
61003,R0,96,late,61003_t96,R5,17-24,32,28,4,0,30,1,28,28,30,0,4,0,31,3,31,3,32,0,3,3,3,3,4,224,256,224,248,32,248,256,248,8,23,1,1,1,1,1,1,23,1,1,32,0.875,32,0.125,32,0.0,32,0.9375,32,0.03125,32,0.875,32,0.875,32,0.9375,4,0.0,31,0.0,31,0.0967741935483871,32,0.09375,3,0.0,3,1.0,4,0.75,23,0.043478260869565216,1,1.0,23,0.043478260869565216,1,1.0,0.9032258064516129,0.12903225806451613,1.032258064516129,8,6,6
61003,R0,96,late,61003_t96,R5,25-32,32,25,7,0,32,2,28,28,30,0,7,0,32,4,32,4,32,0,7,4,7,4,7,200,256,200,256,57,256,257,256,0,50,6,0,6,0,2,0,50,6,6,32,0.78125,32,0.21875,32,0.0,32,1.0,32,0.0625,32,0.875,32,0.875,32,0.9375,7,0.0,32,0.0,32,0.125,32,0.125,7,0.0,7,0.5714285714285714,7,0.5714285714285714,50,0.0,6,1.0,50,0.0,6,1.0,0.78125,0.22265625,1.00390625,8,6,6
61003,R0,96,late,61003_t96,R6,01-08,32,27,4,1,31,0,30,30,30,0,4,1,32,2,32,2,32,0,4,1,4,1,4,218,256,223,250,34,250,257,250,6,32,0,2,0,1,0,2,26,0,0,32,0.84375,32,0.125,32,0.03125,32,0.96875,32,0.0,32,0.9375,32,0.9375,32,0.9375,4,0.0,32,0.03125,32,0.0625,32,0.0625,4,0.0,4,0.25,4,0.25,32,0.0625,0,,26,0.07692307692307693,0,,0.892,0.136,1.028,8,6,6
61003,R0,96,late,61003_t96,R6,09-16,32,27,4,1,32,0,31,31,31,0,4,1,32,0,32,1,32,0,4,0,4,0,4,222,256,222,256,16,256,238,256,0,34,0,0,0,0,0,0,32,0,0,32,0.84375,32,0.125,32,0.03125,32,1.0,32,0.0,32,0.96875,32,0.96875,32,0.96875,4,0.0,32,0.03125,32,0.0,32,0.03125,4,0.0,4,0.0,4,0.0,34,0.0,0,,32,0.0,0,,0.8671875,0.0625,0.9296875,8,7,7
61003,R0,96,late,61003_t96,R6,17-24,32,28,4,0,30,0,28,28,29,0,4,0,31,3,31,3,32,0,3,3,3,3,4,224,256,224,247,37,247,261,247,9,23,0,15,0,3,0,15,23,0,0,32,0.875,32,0.125,32,0.0,32,0.9375,32,0.0,32,0.875,32,0.875,32,0.90625,4,0.0,31,0.0,31,0.0967741935483871,32,0.09375,3,0.0,3,1.0,4,0.75,23,0.6521739130434783,0,,23,0.6521739130434783,0,,0.9068825910931174,0.14979757085020243,1.05668016194332,8,5,5
61003,R0,96,late,61003_t96,R6,25-32,32,25,7,0,32,3,27,27,27,0,7,0,32,4,32,4,32,0,7,4,7,4,7,200,256,200,256,74,256,274,256,0,51,5,11,5,2,3,11,51,5,5,32,0.78125,32,0.21875,32,0.0,32,1.0,32,0.09375,32,0.84375,32,0.84375,32,0.84375,7,0.0,32,0.0,32,0.125,32,0.125,7,0.0,7,0.5714285714285714,7,0.5714285714285714,51,0.21568627450980393,5,1.0,51,0.21568627450980393,5,1.0,0.78125,0.2890625,1.0703125,8,3,3
61003,R0,96,late,61003_t96,R7,01-08,32,27,4,1,31,0,30,30,30,0,4,1,32,2,32,2,32,0,4,1,4,1,4,218,256,223,250,34,250,257,250,6,32,0,2,0,1,0,2,26,0,0,32,0.84375,32,0.125,32,0.03125,32,0.96875,32,0.0,32,0.9375,32,0.9375,32,0.9375,4,0.0,32,0.03125,32,0.0625,32,0.0625,4,0.0,4,0.25,4,0.25,32,0.0625,0,,26,0.07692307692307693,0,,0.892,0.136,1.028,8,6,6
61003,R0,96,late,61003_t96,R7,09-16,32,28,4,0,32,0,32,32,32,0,4,0,32,0,32,0,32,0,4,0,4,0,4,224,256,224,256,16,256,240,256,0,32,0,0,0,0,0,0,32,0,0,32,0.875,32,0.125,32,0.0,32,1.0,32,0.0,32,1.0,32,1.0,32,1.0,4,0.0,32,0.0,32,0.0,32,0.0,4,0.0,4,0.0,4,0.0,32,0.0,0,,32,0.0,0,,0.875,0.0625,0.9375,8,8,8
61003,R0,96,late,61003_t96,R7,17-24,32,28,4,0,30,1,28,28,28,0,4,0,31,2,31,3,32,0,3,2,3,3,4,224,256,224,248,38,248,262,248,8,23,1,12,1,3,1,12,23,1,1,32,0.875,32,0.125,32,0.0,32,0.9375,32,0.03125,32,0.875,32,0.875,32,0.875,4,0.0,31,0.0,31,0.06451612903225806,32,0.09375,3,0.0,3,0.6666666666666666,4,0.75,23,0.5217391304347826,1,1.0,23,0.5217391304347826,1,1.0,0.9032258064516129,0.1532258064516129,1.0564516129032258,8,4,4
61003,R0,96,late,61003_t96,R7,25-32,32,25,7,0,32,2,28,28,28,0,7,0,32,5,32,4,32,0,7,5,7,4,7,200,256,200,256,66,256,266,256,0,51,5,12,5,2,2,12,51,5,5,32,0.78125,32,0.21875,32,0.0,32,1.0,32,0.0625,32,0.875,32,0.875,32,0.875,7,0.0,32,0.0,32,0.15625,32,0.125,7,0.0,7,0.7142857142857143,7,0.5714285714285714,51,0.23529411764705882,5,1.0,51,0.23529411764705882,5,1.0,0.78125,0.2578125,1.0390625,8,4,4
61003,R0,96,late,61003_t96,SAW_R4,01-08,32,27,4,1,31,0,30,30,30,0,4,1,32,3,32,2,32,0,4,2,4,1,4,218,256,223,250,35,250,258,250,6,32,0,2,0,1,0,2,26,0,0,32,0.84375,32,0.125,32,0.03125,32,0.96875,32,0.0,32,0.9375,32,0.9375,32,0.9375,4,0.0,32,0.03125,32,0.09375,32,0.0625,4,0.0,4,0.5,4,0.25,32,0.0625,0,,26,0.07692307692307693,0,,0.892,0.14,1.032,8,6,6
61003,R0,96,late,61003_t96,SAW_R4,09-16,32,28,4,0,32,0,32,32,32,0,4,0,32,0,32,0,32,0,4,0,4,0,4,224,256,224,256,16,256,240,256,0,32,0,0,0,0,0,0,32,0,0,32,0.875,32,0.125,32,0.0,32,1.0,32,0.0,32,1.0,32,1.0,32,1.0,4,0.0,32,0.0,32,0.0,32,0.0,4,0.0,4,0.0,4,0.0,32,0.0,0,,32,0.0,0,,0.875,0.0625,0.9375,8,8,8
61003,R0,96,late,61003_t96,SAW_R4,17-24,32,28,4,0,30,1,28,28,28,0,4,0,31,3,31,3,32,0,3,3,3,3,4,224,256,224,248,33,248,257,248,8,23,1,14,1,4,1,14,23,1,1,32,0.875,32,0.125,32,0.0,32,0.9375,32,0.03125,32,0.875,32,0.875,32,0.875,4,0.0,31,0.0,31,0.0967741935483871,32,0.09375,3,0.0,3,1.0,4,0.75,23,0.6086956521739131,1,1.0,23,0.6086956521739131,1,1.0,0.9032258064516129,0.13306451612903225,1.0362903225806452,8,4,4
61003,R0,96,late,61003_t96,SAW_R4,25-32,32,25,7,0,31,1,27,27,27,0,7,0,31,4,31,4,32,0,6,4,6,4,7,200,256,200,249,81,249,281,249,7,47,2,25,0,5,0,25,47,0,2,32,0.78125,32,0.21875,32,0.0,32,0.96875,32,0.03125,32,0.84375,32,0.84375,32,0.84375,7,0.0,31,0.0,31,0.12903225806451613,32,0.125,6,0.0,6,0.6666666666666666,7,0.5714285714285714,47,0.5319148936170213,2,0.0,47,0.5319148936170213,2,0.0,0.8032128514056225,0.3253012048192771,1.1285140562248996,8,3,3
61004,R1,32,early,61004_t32,DIRECT_REPAIR_R4,01-08,32,16,6,10,27,5,16,16,16,3,6,12,32,15,32,15,32,3,6,6,6,6,6,183,256,193,245,115,245,339,245,11,54,8,23,6,6,4,23,32,6,7,32,0.5,32,0.1875,32,0.3125,32,0.84375,32,0.15625,32,0.5,32,0.5,32,0.5,6,0.5,32,0.375,32,0.46875,32,0.46875,6,0.5,6,1.0,6,1.0,54,0.42592592592592593,8,0.75,32,0.71875,7,0.8571428571428571,0.7877551020408163,0.46938775510204084,1.383673469387755,8,0,0
61004,R1,32,early,61004_t32,DIRECT_REPAIR_R4,09-16,32,19,5,8,31,2,20,21,20,1,5,8,32,12,32,9,32,1,5,4,5,3,5,192,256,197,255,79,255,310,255,1,60,3,14,0,4,0,14,40,0,0,32,0.59375,32,0.15625,32,0.25,32,0.96875,32,0.0625,32,0.625,32,0.65625,32,0.625,5,0.2,32,0.25,32,0.375,32,0.28125,5,0.2,5,0.8,5,0.6,60,0.23333333333333334,3,0.0,40,0.35,0,,0.7725490196078432,0.30980392156862746,1.2156862745098038,8,0,0
61004,R1,32,early,61004_t32,DIRECT_REPAIR_R4,17-24,32,19,4,9,29,2,19,19,19,0,4,9,32,10,32,11,32,0,4,4,4,4,4,207,256,207,249,58,249,278,249,7,40,2,22,0,4,0,22,27,0,0,32,0.59375,32,0.125,32,0.28125,32,0.90625,32,0.0625,32,0.59375,32,0.59375,32,0.59375,4,0.0,32,0.28125,32,0.3125,32,0.34375,4,0.0,4,1.0,4,1.0,40,0.55,2,0.0,27,0.8148148148148148,0,,0.8313253012048193,0.23293172690763053,1.1164658634538152,8,0,0
61004,R1,32,early,61004_t32,DIRECT_REPAIR_R4,25-32,32,22,7,3,30,4,23,23,23,0,7,2,32,7,32,8,32,0,7,6,7,5,7,195,256,196,252,80,252,280,252,4,52,5,24,2,5,1,24,47,2,5,32,0.6875,32,0.21875,32,0.09375,32,0.9375,32,0.125,32,0.71875,32,0.71875,32,0.71875,7,0.0,32,0.0625,32,0.21875,32,0.25,7,0.0,7,0.8571428571428571,7,0.7142857142857143,52,0.46153846153846156,5,0.4,47,0.5106382978723404,5,0.4,0.7777777777777778,0.31746031746031744,1.1111111111111112,8,2,2
61004,R1,32,early,61004_t32,GDPO_R4,01-08,32,15,6,11,27,4,15,15,0,2,6,12,32,16,32,16,32,2,6,6,6,6,6,182,256,192,246,120,246,345,246,10,55,9,23,7,7,3,22,32,7,8,32,0.46875,32,0.1875,32,0.34375,32,0.84375,32,0.125,32,0.46875,32,0.46875,32,0.0,6,0.3333333333333333,32,0.375,32,0.5,32,0.5,6,0.3333333333333333,6,1.0,6,1.0,55,0.41818181818181815,9,0.7777777777777778,32,0.6875,8,0.875,0.7804878048780488,0.4878048780487805,1.4024390243902438,8,0,0
61004,R1,32,early,61004_t32,GDPO_R4,09-16,32,19,5,8,31,2,21,21,8,1,5,8,32,12,32,7,32,1,5,4,5,3,5,193,256,198,255,81,255,314,255,1,59,3,8,0,3,0,8,40,0,0,32,0.59375,32,0.15625,32,0.25,32,0.96875,32,0.0625,32,0.65625,32,0.65625,32,0.25,5,0.2,32,0.25,32,0.375,32,0.21875,5,0.2,5,0.8,5,0.6,59,0.13559322033898305,3,0.0,40,0.2,0,,0.7764705882352941,0.3176470588235294,1.231372549019608,8,1,1
61004,R1,32,early,61004_t32,GDPO_R4,17-24,32,18,4,10,28,1,18,18,2,0,4,10,32,12,32,11,32,0,4,4,4,4,4,205,256,205,250,76,250,298,250,6,44,1,18,0,4,0,18,28,0,0,32,0.5625,32,0.125,32,0.3125,32,0.875,32,0.03125,32,0.5625,32,0.5625,32,0.0625,4,0.0,32,0.3125,32,0.375,32,0.34375,4,0.0,4,1.0,4,1.0,44,0.4090909090909091,1,0.0,28,0.6428571428571429,0,,0.82,0.304,1.192,8,0,0
61004,R1,32,early,61004_t32,GDPO_R4,25-32,32,22,7,3,29,3,23,23,7,0,7,2,32,7,32,8,32,0,7,6,7,5,7,196,256,197,250,84,250,283,250,6,51,3,35,1,7,1,35,48,1,3,32,0.6875,32,0.21875,32,0.09375,32,0.90625,32,0.09375,32,0.71875,32,0.71875,32,0.21875,7,0.0,32,0.0625,32,0.21875,32,0.25,7,0.0,7,0.8571428571428571,7,0.7142857142857143,51,0.6862745098039216,3,0.3333333333333333,48,0.7291666666666666,3,0.3333333333333333,0.788,0.336,1.132,8,1,1
61004,R1,32,early,61004_t32,R0,01-08,32,16,6,10,27,5,16,16,22,2,6,11,32,15,32,15,32,2,6,6,6,6,6,183,256,191,245,111,245,335,245,11,53,9,0,0,0,0,0,31,0,8,32,0.5,32,0.1875,32,0.3125,32,0.84375,32,0.15625,32,0.5,32,0.5,32,0.6875,6,0.3333333333333333,32,0.34375,32,0.46875,32,0.46875,6,0.3333333333333333,6,1.0,6,1.0,53,0.0,9,0.0,31,0.0,8,0.0,0.7795918367346939,0.4530612244897959,1.3673469387755102,8,2,2
61004,R1,32,early,61004_t32,R0,09-16,32,18,5,9,31,2,20,20,23,1,5,9,32,13,32,9,32,1,5,4,5,3,5,191,256,196,255,84,255,315,255,1,61,3,0,0,0,0,0,40,0,0,32,0.5625,32,0.15625,32,0.28125,32,0.96875,32,0.0625,32,0.625,32,0.625,32,0.71875,5,0.2,32,0.28125,32,0.40625,32,0.28125,5,0.2,5,0.8,5,0.6,61,0.0,3,0.0,40,0.0,0,,0.7686274509803922,0.32941176470588235,1.2352941176470589,8,2,2
61004,R1,32,early,61004_t32,R0,17-24,32,18,4,10,27,1,18,18,22,0,4,10,32,12,32,11,32,0,4,4,4,4,4,205,256,205,246,65,246,285,246,10,40,1,0,0,0,0,0,25,0,0,32,0.5625,32,0.125,32,0.3125,32,0.84375,32,0.03125,32,0.5625,32,0.5625,32,0.6875,4,0.0,32,0.3125,32,0.375,32,0.34375,4,0.0,4,1.0,4,1.0,40,0.0,1,0.0,25,0.0,0,,0.8333333333333334,0.26422764227642276,1.1585365853658536,8,2,2
61004,R1,32,early,61004_t32,R0,25-32,32,22,7,3,29,4,22,22,29,0,7,2,32,9,32,9,32,0,7,7,7,6,7,195,256,196,251,81,251,280,251,5,51,5,0,0,0,0,0,47,0,5,32,0.6875,32,0.21875,32,0.09375,32,0.90625,32,0.125,32,0.6875,32,0.6875,32,0.90625,7,0.0,32,0.0625,32,0.28125,32,0.28125,7,0.0,7,1.0,7,0.8571428571428571,51,0.0,5,0.0,47,0.0,5,0.0,0.7808764940239044,0.32270916334661354,1.1155378486055776,8,5,5
61004,R1,32,early,61004_t32,R1,01-08,32,16,6,10,27,5,16,16,18,2,6,11,32,15,32,15,32,2,6,6,6,6,6,183,256,191,245,115,245,339,245,11,53,9,0,9,0,5,0,31,8,8,32,0.5,32,0.1875,32,0.3125,32,0.84375,32,0.15625,32,0.5,32,0.5,32,0.5625,6,0.3333333333333333,32,0.34375,32,0.46875,32,0.46875,6,0.3333333333333333,6,1.0,6,1.0,53,0.0,9,1.0,31,0.0,8,1.0,0.7795918367346939,0.46938775510204084,1.383673469387755,8,1,1
61004,R1,32,early,61004_t32,R1,09-16,32,19,5,8,31,1,21,21,24,1,5,7,32,12,32,8,32,1,5,4,5,3,5,191,256,197,254,81,254,314,254,2,61,2,0,2,0,1,0,40,0,0,32,0.59375,32,0.15625,32,0.25,32,0.96875,32,0.03125,32,0.65625,32,0.65625,32,0.75,5,0.2,32,0.21875,32,0.375,32,0.25,5,0.2,5,0.8,5,0.6,61,0.0,2,1.0,40,0.0,0,,0.7755905511811023,0.3188976377952756,1.236220472440945,8,2,2
61004,R1,32,early,61004_t32,R1,17-24,32,18,4,10,28,1,18,18,23,0,4,10,32,12,32,11,32,0,4,4,4,4,4,205,256,205,247,71,247,293,247,9,41,1,0,0,0,0,0,25,0,0,32,0.5625,32,0.125,32,0.3125,32,0.875,32,0.03125,32,0.5625,32,0.5625,32,0.71875,4,0.0,32,0.3125,32,0.375,32,0.34375,4,0.0,4,1.0,4,1.0,41,0.0,1,0.0,25,0.0,0,,0.8299595141700404,0.2874493927125506,1.1862348178137652,8,2,2
61004,R1,32,early,61004_t32,R1,25-32,32,21,7,4,29,3,21,21,25,0,7,2,32,9,32,10,32,0,7,7,7,6,7,193,256,195,251,82,251,282,251,5,55,3,0,3,0,3,0,49,3,3,32,0.65625,32,0.21875,32,0.125,32,0.90625,32,0.09375,32,0.65625,32,0.65625,32,0.78125,7,0.0,32,0.0625,32,0.28125,32,0.3125,7,0.0,7,1.0,7,0.8571428571428571,55,0.0,3,1.0,49,0.0,3,1.0,0.7768924302788844,0.32669322709163345,1.1235059760956174,8,2,2
61004,R1,32,early,61004_t32,R2,01-08,32,16,6,10,27,5,16,16,18,3,6,12,32,15,32,15,32,3,6,6,6,6,6,184,256,193,246,115,246,340,246,10,53,9,20,4,4,2,20,32,4,8,32,0.5,32,0.1875,32,0.3125,32,0.84375,32,0.15625,32,0.5,32,0.5,32,0.5625,6,0.5,32,0.375,32,0.46875,32,0.46875,6,0.5,6,1.0,6,1.0,53,0.37735849056603776,9,0.4444444444444444,32,0.625,8,0.5,0.7845528455284553,0.46747967479674796,1.3821138211382114,8,1,1
61004,R1,32,early,61004_t32,R2,09-16,32,18,5,9,31,3,20,20,23,1,5,9,32,13,32,10,32,1,5,4,5,3,5,190,256,196,255,84,255,316,255,1,61,4,0,0,0,0,0,40,0,0,32,0.5625,32,0.15625,32,0.28125,32,0.96875,32,0.09375,32,0.625,32,0.625,32,0.71875,5,0.2,32,0.28125,32,0.40625,32,0.3125,5,0.2,5,0.8,5,0.6,61,0.0,4,0.0,40,0.0,0,,0.7686274509803922,0.32941176470588235,1.2392156862745098,8,2,2
61004,R1,32,early,61004_t32,R2,17-24,32,19,4,9,28,1,19,19,20,0,4,9,32,12,32,10,32,0,4,4,4,4,4,205,256,205,248,68,248,288,248,8,42,1,18,0,3,0,18,26,0,0,32,0.59375,32,0.125,32,0.28125,32,0.875,32,0.03125,32,0.59375,32,0.59375,32,0.625,4,0.0,32,0.28125,32,0.375,32,0.3125,4,0.0,4,1.0,4,1.0,42,0.42857142857142855,1,0.0,26,0.6923076923076923,0,,0.8266129032258065,0.27419354838709675,1.1612903225806452,8,0,0
61004,R1,32,early,61004_t32,R2,25-32,32,22,7,3,29,4,22,22,27,0,7,3,32,8,32,9,32,0,7,7,7,6,7,195,256,195,251,82,251,280,251,5,52,4,10,2,2,2,10,48,2,4,32,0.6875,32,0.21875,32,0.09375,32,0.90625,32,0.125,32,0.6875,32,0.6875,32,0.84375,7,0.0,32,0.09375,32,0.25,32,0.28125,7,0.0,7,1.0,7,0.8571428571428571,52,0.19230769230769232,4,0.5,48,0.20833333333333334,4,0.5,0.7768924302788844,0.32669322709163345,1.1155378486055776,8,4,4
61004,R1,32,early,61004_t32,R3,01-08,32,16,6,10,27,4,16,16,16,2,6,11,32,15,32,15,32,2,6,6,6,6,6,184,256,192,245,115,245,341,245,11,54,7,16,6,6,3,15,33,6,6,32,0.5,32,0.1875,32,0.3125,32,0.84375,32,0.125,32,0.5,32,0.5,32,0.5,6,0.3333333333333333,32,0.34375,32,0.46875,32,0.46875,6,0.3333333333333333,6,1.0,6,1.0,54,0.2962962962962963,7,0.8571428571428571,33,0.45454545454545453,6,1.0,0.7836734693877551,0.46938775510204084,1.3918367346938776,8,0,0
61004,R1,32,early,61004_t32,R3,09-16,32,19,5,8,30,1,21,21,21,1,5,8,32,12,32,8,32,1,5,4,5,3,5,192,256,197,254,81,254,312,254,2,60,2,12,0,3,0,12,40,0,0,32,0.59375,32,0.15625,32,0.25,32,0.9375,32,0.03125,32,0.65625,32,0.65625,32,0.65625,5,0.2,32,0.25,32,0.375,32,0.25,5,0.2,5,0.8,5,0.6,60,0.2,2,0.0,40,0.3,0,,0.7755905511811023,0.3188976377952756,1.2283464566929134,8,1,1
61004,R1,32,early,61004_t32,R3,17-24,32,18,4,10,28,1,18,18,18,0,4,10,32,12,32,11,32,0,4,4,4,4,4,204,256,204,249,76,249,298,249,7,44,1,13,0,4,0,13,27,0,0,32,0.5625,32,0.125,32,0.3125,32,0.875,32,0.03125,32,0.5625,32,0.5625,32,0.5625,4,0.0,32,0.3125,32,0.375,32,0.34375,4,0.0,4,1.0,4,1.0,44,0.29545454545454547,1,0.0,27,0.48148148148148145,0,,0.8192771084337349,0.30522088353413657,1.1967871485943775,8,0,0
61004,R1,32,early,61004_t32,R3,25-32,32,21,7,4,29,3,21,21,22,0,7,2,32,10,32,10,32,0,7,7,7,6,7,194,256,196,249,91,249,292,249,7,52,3,32,0,6,0,32,47,0,3,32,0.65625,32,0.21875,32,0.125,32,0.90625,32,0.09375,32,0.65625,32,0.65625,32,0.6875,7,0.0,32,0.0625,32,0.3125,32,0.3125,7,0.0,7,1.0,7,0.8571428571428571,52,0.6153846153846154,3,0.0,47,0.6808510638297872,3,0.0,0.7871485943775101,0.3654618473895582,1.1726907630522088,8,2,2
61004,R1,32,early,61004_t32,R4,01-08,32,15,6,11,27,4,15,15,15,2,6,12,32,15,32,16,32,2,6,6,6,6,6,182,256,190,245,117,245,341,245,11,55,8,24,5,7,3,23,32,5,7,32,0.46875,32,0.1875,32,0.34375,32,0.84375,32,0.125,32,0.46875,32,0.46875,32,0.46875,6,0.3333333333333333,32,0.375,32,0.46875,32,0.5,6,0.3333333333333333,6,1.0,6,1.0,55,0.43636363636363634,8,0.625,32,0.71875,7,0.7142857142857143,0.7755102040816326,0.4775510204081633,1.3918367346938776,8,0,0
61004,R1,32,early,61004_t32,R4,09-16,32,18,5,9,30,2,20,20,20,1,5,9,32,13,32,9,32,1,5,4,5,3,5,190,256,195,254,82,254,313,254,2,61,3,12,0,3,0,12,40,0,0,32,0.5625,32,0.15625,32,0.28125,32,0.9375,32,0.0625,32,0.625,32,0.625,32,0.625,5,0.2,32,0.28125,32,0.40625,32,0.28125,5,0.2,5,0.8,5,0.6,61,0.19672131147540983,3,0.0,40,0.3,0,,0.7677165354330708,0.3228346456692913,1.2322834645669292,8,1,1
61004,R1,32,early,61004_t32,R4,17-24,32,18,4,10,28,1,18,18,18,0,4,10,32,12,32,11,32,0,4,4,4,4,4,204,256,204,251,83,251,306,251,5,46,1,19,0,4,0,19,28,0,0,32,0.5625,32,0.125,32,0.3125,32,0.875,32,0.03125,32,0.5625,32,0.5625,32,0.5625,4,0.0,32,0.3125,32,0.375,32,0.34375,4,0.0,4,1.0,4,1.0,46,0.41304347826086957,1,0.0,28,0.6785714285714286,0,,0.8127490039840638,0.33067729083665337,1.2191235059760956,8,0,0
61004,R1,32,early,61004_t32,R4,25-32,32,22,7,3,29,3,22,22,22,0,7,2,32,9,32,9,32,0,7,7,7,6,7,193,256,194,248,88,248,289,248,8,52,3,32,1,7,1,32,46,1,3,32,0.6875,32,0.21875,32,0.09375,32,0.90625,32,0.09375,32,0.6875,32,0.6875,32,0.6875,7,0.0,32,0.0625,32,0.28125,32,0.28125,7,0.0,7,1.0,7,0.8571428571428571,52,0.6153846153846154,3,0.3333333333333333,46,0.6956521739130435,3,0.3333333333333333,0.782258064516129,0.3548387096774194,1.1653225806451613,8,1,1
61004,R1,32,early,61004_t32,R5,01-08,32,16,6,10,27,4,16,16,17,3,6,12,32,15,32,15,32,3,6,6,6,6,6,184,256,193,246,114,246,340,246,10,55,7,11,7,2,4,11,34,6,6,32,0.5,32,0.1875,32,0.3125,32,0.84375,32,0.125,32,0.5,32,0.5,32,0.53125,6,0.5,32,0.375,32,0.46875,32,0.46875,6,0.5,6,1.0,6,1.0,55,0.2,7,1.0,34,0.3235294117647059,6,1.0,0.7845528455284553,0.4634146341463415,1.3821138211382114,8,1,1
61004,R1,32,early,61004_t32,R5,09-16,32,17,5,10,31,2,19,19,23,1,5,9,32,13,32,10,32,1,5,4,5,3,5,188,256,194,254,86,254,317,254,2,63,3,0,2,0,1,0,40,0,0,32,0.53125,32,0.15625,32,0.3125,32,0.96875,32,0.0625,32,0.59375,32,0.59375,32,0.71875,5,0.2,32,0.28125,32,0.40625,32,0.3125,5,0.2,5,0.8,5,0.6,63,0.0,3,0.6666666666666666,40,0.0,0,,0.7637795275590551,0.33858267716535434,1.2480314960629921,8,1,1
61004,R1,32,early,61004_t32,R5,17-24,32,17,4,11,28,1,17,17,19,0,4,11,32,11,32,12,32,0,4,3,4,4,4,203,256,203,250,80,250,302,250,6,46,1,20,0,3,0,20,28,0,0,32,0.53125,32,0.125,32,0.34375,32,0.875,32,0.03125,32,0.53125,32,0.53125,32,0.59375,4,0.0,32,0.34375,32,0.34375,32,0.375,4,0.0,4,0.75,4,1.0,46,0.43478260869565216,1,0.0,28,0.7142857142857143,0,,0.812,0.32,1.208,8,0,0
61004,R1,32,early,61004_t32,R5,25-32,32,21,7,4,29,3,21,21,25,0,7,2,32,10,32,10,32,0,7,7,7,6,7,194,256,196,251,83,251,283,251,5,53,4,0,4,0,3,0,48,4,4,32,0.65625,32,0.21875,32,0.125,32,0.90625,32,0.09375,32,0.65625,32,0.65625,32,0.78125,7,0.0,32,0.0625,32,0.3125,32,0.3125,7,0.0,7,1.0,7,0.8571428571428571,53,0.0,4,1.0,48,0.0,4,1.0,0.7808764940239044,0.33067729083665337,1.1274900398406376,8,2,2
61004,R1,32,early,61004_t32,R6,01-08,32,15,6,11,27,5,15,15,15,2,6,12,32,16,32,16,32,2,6,6,6,6,6,183,256,191,245,117,245,341,245,11,53,9,11,9,4,5,10,31,8,8,32,0.46875,32,0.1875,32,0.34375,32,0.84375,32,0.15625,32,0.46875,32,0.46875,32,0.46875,6,0.3333333333333333,32,0.375,32,0.5,32,0.5,6,0.3333333333333333,6,1.0,6,1.0,53,0.20754716981132076,9,1.0,31,0.3225806451612903,8,1.0,0.7795918367346939,0.4775510204081633,1.3918367346938776,8,0,0
61004,R1,32,early,61004_t32,R6,09-16,32,19,5,8,31,1,21,21,21,1,5,7,32,12,32,8,32,1,5,4,5,3,5,189,256,194,252,85,252,315,252,4,61,2,12,2,3,1,12,40,0,0,32,0.59375,32,0.15625,32,0.25,32,0.96875,32,0.03125,32,0.65625,32,0.65625,32,0.65625,5,0.2,32,0.21875,32,0.375,32,0.25,5,0.2,5,0.8,5,0.6,61,0.19672131147540983,2,1.0,40,0.3,0,,0.7698412698412699,0.3373015873015873,1.25,8,1,1
61004,R1,32,early,61004_t32,R6,17-24,32,17,4,11,29,1,17,17,17,0,4,11,32,11,32,11,32,0,4,3,4,4,4,202,256,202,248,81,248,306,248,8,45,1,16,1,4,1,16,24,0,0,32,0.53125,32,0.125,32,0.34375,32,0.90625,32,0.03125,32,0.53125,32,0.53125,32,0.53125,4,0.0,32,0.34375,32,0.34375,32,0.34375,4,0.0,4,0.75,4,1.0,45,0.35555555555555557,1,1.0,24,0.6666666666666666,0,,0.8145161290322581,0.32661290322580644,1.2338709677419355,8,0,0
61004,R1,32,early,61004_t32,R6,25-32,32,21,7,4,29,3,21,21,21,0,7,2,32,10,32,10,32,0,7,7,7,6,7,194,256,196,250,92,250,293,250,6,53,3,32,3,6,3,32,48,3,3,32,0.65625,32,0.21875,32,0.125,32,0.90625,32,0.09375,32,0.65625,32,0.65625,32,0.65625,7,0.0,32,0.0625,32,0.3125,32,0.3125,7,0.0,7,1.0,7,0.8571428571428571,53,0.6037735849056604,3,1.0,48,0.6666666666666666,3,1.0,0.784,0.368,1.172,8,1,1
61004,R1,32,early,61004_t32,R7,01-08,32,15,6,11,27,4,15,15,15,2,6,12,32,16,32,16,32,2,6,6,6,6,6,181,256,189,245,118,245,343,245,11,57,7,15,7,4,4,14,33,6,6,32,0.46875,32,0.1875,32,0.34375,32,0.84375,32,0.125,32,0.46875,32,0.46875,32,0.46875,6,0.3333333333333333,32,0.375,32,0.5,32,0.5,6,0.3333333333333333,6,1.0,6,1.0,57,0.2631578947368421,7,1.0,33,0.42424242424242425,6,1.0,0.7714285714285715,0.4816326530612245,1.4,8,0,0
61004,R1,32,early,61004_t32,R7,09-16,32,19,5,8,30,1,21,21,21,1,5,7,32,12,32,8,32,1,5,4,5,3,5,191,256,196,253,83,253,314,253,3,60,2,12,2,3,1,12,40,0,0,32,0.59375,32,0.15625,32,0.25,32,0.9375,32,0.03125,32,0.65625,32,0.65625,32,0.65625,5,0.2,32,0.21875,32,0.375,32,0.25,5,0.2,5,0.8,5,0.6,60,0.2,2,1.0,40,0.3,0,,0.7747035573122529,0.32806324110671936,1.2411067193675889,8,1,1
61004,R1,32,early,61004_t32,R7,17-24,32,17,4,11,29,1,17,17,17,0,4,11,32,11,32,11,32,0,4,3,4,4,4,201,256,201,250,84,250,307,250,6,48,1,19,1,4,1,19,26,0,0,32,0.53125,32,0.125,32,0.34375,32,0.90625,32,0.03125,32,0.53125,32,0.53125,32,0.53125,4,0.0,32,0.34375,32,0.34375,32,0.34375,4,0.0,4,0.75,4,1.0,48,0.3958333333333333,1,1.0,26,0.7307692307692307,0,,0.804,0.336,1.228,8,0,0
61004,R1,32,early,61004_t32,R7,25-32,32,22,7,3,29,4,22,22,22,0,7,2,32,9,32,9,32,0,7,7,7,6,7,195,256,196,251,85,251,285,251,5,51,5,29,5,6,4,29,47,5,5,32,0.6875,32,0.21875,32,0.09375,32,0.90625,32,0.125,32,0.6875,32,0.6875,32,0.6875,7,0.0,32,0.0625,32,0.28125,32,0.28125,7,0.0,7,1.0,7,0.8571428571428571,51,0.5686274509803921,5,1.0,47,0.6170212765957447,5,1.0,0.7808764940239044,0.3386454183266932,1.1354581673306774,8,1,1
61004,R1,32,early,61004_t32,SAW_R4,01-08,32,16,6,10,27,5,16,16,16,2,6,11,32,15,32,15,32,2,6,6,6,6,6,183,256,192,243,111,243,335,243,13,51,9,21,7,6,4,21,29,7,8,32,0.5,32,0.1875,32,0.3125,32,0.84375,32,0.15625,32,0.5,32,0.5,32,0.5,6,0.3333333333333333,32,0.34375,32,0.46875,32,0.46875,6,0.3333333333333333,6,1.0,6,1.0,51,0.4117647058823529,9,0.7777777777777778,29,0.7241379310344828,8,0.875,0.7901234567901234,0.4567901234567901,1.3786008230452675,8,0,0
61004,R1,32,early,61004_t32,SAW_R4,09-16,32,19,5,8,31,1,21,21,21,1,5,8,32,12,32,7,32,1,5,4,5,3,5,192,256,197,255,82,255,315,255,1,61,2,9,0,3,0,9,40,0,0,32,0.59375,32,0.15625,32,0.25,32,0.96875,32,0.03125,32,0.65625,32,0.65625,32,0.65625,5,0.2,32,0.25,32,0.375,32,0.21875,5,0.2,5,0.8,5,0.6,61,0.14754098360655737,2,0.0,40,0.225,0,,0.7725490196078432,0.3215686274509804,1.2352941176470589,8,1,1
61004,R1,32,early,61004_t32,SAW_R4,17-24,32,18,4,10,28,1,18,18,18,0,4,10,32,12,32,11,32,0,4,4,4,4,4,204,256,204,248,69,248,290,248,8,43,1,17,0,4,0,17,26,0,0,32,0.5625,32,0.125,32,0.3125,32,0.875,32,0.03125,32,0.5625,32,0.5625,32,0.5625,4,0.0,32,0.3125,32,0.375,32,0.34375,4,0.0,4,1.0,4,1.0,43,0.3953488372093023,1,0.0,26,0.6538461538461539,0,,0.8225806451612904,0.2782258064516129,1.1693548387096775,8,0,0
61004,R1,32,early,61004_t32,SAW_R4,25-32,32,21,7,4,29,3,21,21,21,0,7,2,32,10,32,10,32,0,7,7,7,6,7,194,256,196,250,87,250,287,250,6,53,3,35,1,7,1,35,48,1,3,32,0.65625,32,0.21875,32,0.125,32,0.90625,32,0.09375,32,0.65625,32,0.65625,32,0.65625,7,0.0,32,0.0625,32,0.3125,32,0.3125,7,0.0,7,1.0,7,0.8571428571428571,53,0.660377358490566,3,0.3333333333333333,48,0.7291666666666666,3,0.3333333333333333,0.784,0.348,1.148,8,1,1
61004,R1,96,late,61004_t96,DIRECT_REPAIR_R4,01-08,32,27,4,1,31,2,28,28,29,0,4,0,31,2,31,3,32,0,3,1,3,2,4,221,256,224,249,28,249,254,249,7,25,3,8,0,2,0,8,24,0,1,32,0.84375,32,0.125,32,0.03125,32,0.96875,32,0.0625,32,0.875,32,0.875,32,0.90625,4,0.0,31,0.0,31,0.06451612903225806,32,0.09375,3,0.0,3,0.3333333333333333,4,0.5,25,0.32,3,0.0,24,0.3333333333333333,1,0.0,0.8995983935742972,0.11244979919678715,1.0200803212851406,8,5,5
61004,R1,96,late,61004_t96,DIRECT_REPAIR_R4,09-16,32,27,5,0,32,0,32,32,32,0,5,0,32,0,32,0,32,0,5,0,5,0,5,216,256,216,256,16,256,240,256,0,40,0,0,0,0,0,0,40,0,0,32,0.84375,32,0.15625,32,0.0,32,1.0,32,0.0,32,1.0,32,1.0,32,1.0,5,0.0,32,0.0,32,0.0,32,0.0,5,0.0,5,0.0,5,0.0,40,0.0,0,,40,0.0,0,,0.84375,0.0625,0.9375,8,8,8
61004,R1,96,late,61004_t96,DIRECT_REPAIR_R4,17-24,32,28,4,0,31,1,28,28,28,0,4,0,31,2,31,3,32,0,3,2,3,3,4,224,256,224,249,37,249,261,249,7,24,1,13,1,3,1,13,24,1,1,32,0.875,32,0.125,32,0.0,32,0.96875,32,0.03125,32,0.875,32,0.875,32,0.875,4,0.0,31,0.0,31,0.06451612903225806,32,0.09375,3,0.0,3,0.6666666666666666,4,0.75,24,0.5416666666666666,1,1.0,24,0.5416666666666666,1,1.0,0.8995983935742972,0.14859437751004015,1.0481927710843373,8,4,4
61004,R1,96,late,61004_t96,DIRECT_REPAIR_R4,25-32,32,25,7,0,31,1,30,30,30,0,6,0,31,2,31,2,32,0,6,2,6,2,7,200,256,200,248,81,248,281,248,8,47,1,3,0,1,0,3,47,0,1,32,0.78125,32,0.21875,32,0.0,32,0.96875,32,0.03125,32,0.9375,32,0.9375,32,0.9375,7,0.0,31,0.0,31,0.06451612903225806,32,0.0625,6,0.0,6,0.3333333333333333,7,0.2857142857142857,47,0.06382978723404255,1,0.0,47,0.06382978723404255,1,0.0,0.8064516129032258,0.32661290322580644,1.1330645161290323,8,6,6
61004,R1,96,late,61004_t96,GDPO_R4,01-08,32,27,4,1,31,2,28,28,23,0,4,0,31,2,31,3,32,0,3,1,3,2,4,221,256,224,249,27,249,253,249,7,25,3,7,0,2,0,7,24,0,1,32,0.84375,32,0.125,32,0.03125,32,0.96875,32,0.0625,32,0.875,32,0.875,32,0.71875,4,0.0,31,0.0,31,0.06451612903225806,32,0.09375,3,0.0,3,0.3333333333333333,4,0.5,25,0.28,3,0.0,24,0.2916666666666667,1,0.0,0.8995983935742972,0.10843373493975904,1.0160642570281124,8,5,5
61004,R1,96,late,61004_t96,GDPO_R4,09-16,32,27,5,0,32,0,32,32,32,0,5,0,32,0,32,0,32,0,5,0,5,0,5,216,256,216,256,16,256,240,256,0,40,0,0,0,0,0,0,40,0,0,32,0.84375,32,0.15625,32,0.0,32,1.0,32,0.0,32,1.0,32,1.0,32,1.0,5,0.0,32,0.0,32,0.0,32,0.0,5,0.0,5,0.0,5,0.0,40,0.0,0,,40,0.0,0,,0.84375,0.0625,0.9375,8,8,8
61004,R1,96,late,61004_t96,GDPO_R4,17-24,32,28,4,0,31,0,29,29,23,0,4,0,31,1,31,2,32,0,3,1,3,2,4,224,256,224,249,40,249,264,249,7,25,0,12,0,3,0,12,25,0,0,32,0.875,32,0.125,32,0.0,32,0.96875,32,0.0,32,0.90625,32,0.90625,32,0.71875,4,0.0,31,0.0,31,0.03225806451612903,32,0.0625,3,0.0,3,0.3333333333333333,4,0.5,25,0.48,0,,25,0.48,0,,0.8995983935742972,0.1606425702811245,1.0602409638554218,8,5,5
61004,R1,96,late,61004_t96,GDPO_R4,25-32,32,25,7,0,31,2,28,28,20,0,6,0,31,4,31,4,32,0,6,4,6,4,7,200,256,200,248,74,248,274,248,8,45,3,18,0,4,0,18,45,0,3,32,0.78125,32,0.21875,32,0.0,32,0.96875,32,0.0625,32,0.875,32,0.875,32,0.625,7,0.0,31,0.0,31,0.12903225806451613,32,0.125,6,0.0,6,0.6666666666666666,7,0.5714285714285714,45,0.4,3,0.0,45,0.4,3,0.0,0.8064516129032258,0.29838709677419356,1.1048387096774193,8,5,5
61004,R1,96,late,61004_t96,R0,01-08,32,27,4,1,31,1,28,28,31,0,4,0,31,3,31,4,32,0,3,2,3,3,4,221,256,224,249,29,249,255,249,7,26,2,0,0,0,0,0,25,0,0,32,0.84375,32,0.125,32,0.03125,32,0.96875,32,0.03125,32,0.875,32,0.875,32,0.96875,4,0.0,31,0.0,31,0.0967741935483871,32,0.125,3,0.0,3,0.6666666666666666,4,0.75,26,0.0,2,0.0,25,0.0,0,,0.8995983935742972,0.11646586345381527,1.0240963855421688,8,7,7
61004,R1,96,late,61004_t96,R0,09-16,32,27,4,1,32,0,31,31,31,0,4,1,32,0,32,1,32,0,4,0,4,0,4,217,256,217,256,16,256,238,256,0,39,0,0,0,0,0,0,32,0,0,32,0.84375,32,0.125,32,0.03125,32,1.0,32,0.0,32,0.96875,32,0.96875,32,0.96875,4,0.0,32,0.03125,32,0.0,32,0.03125,4,0.0,4,0.0,4,0.0,39,0.0,0,,32,0.0,0,,0.84765625,0.0625,0.9296875,8,7,7
61004,R1,96,late,61004_t96,R0,17-24,32,27,4,1,31,0,28,28,31,0,4,1,31,2,31,3,32,0,3,2,3,2,4,223,256,223,249,32,249,255,249,7,26,0,0,0,0,0,0,25,0,0,32,0.84375,32,0.125,32,0.03125,32,0.96875,32,0.0,32,0.875,32,0.875,32,0.96875,4,0.0,31,0.03225806451612903,31,0.06451612903225806,32,0.09375,3,0.0,3,0.6666666666666666,4,0.5,26,0.0,0,,25,0.0,0,,0.8955823293172691,0.1285140562248996,1.0240963855421688,8,7,7
61004,R1,96,late,61004_t96,R0,25-32,32,25,7,0,31,1,30,30,32,0,6,0,31,2,31,2,32,0,6,2,6,2,7,200,256,200,248,82,248,282,248,8,47,1,0,0,0,0,0,47,0,1,32,0.78125,32,0.21875,32,0.0,32,0.96875,32,0.03125,32,0.9375,32,0.9375,32,1.0,7,0.0,31,0.0,31,0.06451612903225806,32,0.0625,6,0.0,6,0.3333333333333333,7,0.2857142857142857,47,0.0,1,0.0,47,0.0,1,0.0,0.8064516129032258,0.33064516129032256,1.1370967741935485,8,8,8
61004,R1,96,late,61004_t96,R1,01-08,32,27,4,1,31,2,28,28,30,0,4,0,31,2,31,3,32,0,3,1,3,2,4,221,256,224,249,28,249,254,249,7,25,3,0,3,0,2,0,24,1,1,32,0.84375,32,0.125,32,0.03125,32,0.96875,32,0.0625,32,0.875,32,0.875,32,0.9375,4,0.0,31,0.0,31,0.06451612903225806,32,0.09375,3,0.0,3,0.3333333333333333,4,0.5,25,0.0,3,1.0,24,0.0,1,1.0,0.8995983935742972,0.11244979919678715,1.0200803212851406,8,6,6
61004,R1,96,late,61004_t96,R1,09-16,32,27,4,1,32,0,31,31,31,0,4,1,32,0,32,1,32,0,4,0,4,0,4,219,256,219,256,16,256,238,256,0,37,0,0,0,0,0,0,32,0,0,32,0.84375,32,0.125,32,0.03125,32,1.0,32,0.0,32,0.96875,32,0.96875,32,0.96875,4,0.0,32,0.03125,32,0.0,32,0.03125,4,0.0,4,0.0,4,0.0,37,0.0,0,,32,0.0,0,,0.85546875,0.0625,0.9296875,8,7,7
61004,R1,96,late,61004_t96,R1,17-24,32,28,4,0,31,0,29,29,32,0,4,0,31,2,31,2,32,0,3,2,3,2,4,224,256,224,249,33,249,257,249,7,25,0,0,0,0,0,0,25,0,0,32,0.875,32,0.125,32,0.0,32,0.96875,32,0.0,32,0.90625,32,0.90625,32,1.0,4,0.0,31,0.0,31,0.06451612903225806,32,0.0625,3,0.0,3,0.6666666666666666,4,0.5,25,0.0,0,,25,0.0,0,,0.8995983935742972,0.13253012048192772,1.0321285140562249,8,8,8
61004,R1,96,late,61004_t96,R1,25-32,32,25,7,0,31,1,30,30,31,0,6,0,31,2,31,2,32,0,6,2,6,2,7,200,256,200,248,80,248,280,248,8,47,1,0,1,0,1,0,47,1,1,32,0.78125,32,0.21875,32,0.0,32,0.96875,32,0.03125,32,0.9375,32,0.9375,32,0.96875,7,0.0,31,0.0,31,0.06451612903225806,32,0.0625,6,0.0,6,0.3333333333333333,7,0.2857142857142857,47,0.0,1,1.0,47,0.0,1,1.0,0.8064516129032258,0.3225806451612903,1.1290322580645162,8,7,7
61004,R1,96,late,61004_t96,R2,01-08,32,27,4,1,31,2,28,28,30,0,4,0,31,2,31,3,32,0,3,1,3,2,4,221,256,224,249,28,249,254,249,7,25,3,1,0,1,0,1,24,0,1,32,0.84375,32,0.125,32,0.03125,32,0.96875,32,0.0625,32,0.875,32,0.875,32,0.9375,4,0.0,31,0.0,31,0.06451612903225806,32,0.09375,3,0.0,3,0.3333333333333333,4,0.5,25,0.04,3,0.0,24,0.041666666666666664,1,0.0,0.8995983935742972,0.11244979919678715,1.0200803212851406,8,6,6
61004,R1,96,late,61004_t96,R2,09-16,32,27,5,0,32,0,32,32,32,0,5,0,32,0,32,0,32,0,5,0,5,0,5,216,256,216,256,16,256,240,256,0,40,0,0,0,0,0,0,40,0,0,32,0.84375,32,0.15625,32,0.0,32,1.0,32,0.0,32,1.0,32,1.0,32,1.0,5,0.0,32,0.0,32,0.0,32,0.0,5,0.0,5,0.0,5,0.0,40,0.0,0,,40,0.0,0,,0.84375,0.0625,0.9375,8,8,8
61004,R1,96,late,61004_t96,R2,17-24,32,28,4,0,31,1,28,28,31,0,4,0,31,2,31,3,32,0,3,2,3,3,4,224,256,224,249,37,249,261,249,7,24,1,1,0,1,0,1,24,0,1,32,0.875,32,0.125,32,0.0,32,0.96875,32,0.03125,32,0.875,32,0.875,32,0.96875,4,0.0,31,0.0,31,0.06451612903225806,32,0.09375,3,0.0,3,0.6666666666666666,4,0.75,24,0.041666666666666664,1,0.0,24,0.041666666666666664,1,0.0,0.8995983935742972,0.14859437751004015,1.0481927710843373,8,7,7
61004,R1,96,late,61004_t96,R2,25-32,32,25,7,0,31,2,28,28,31,0,7,0,32,3,32,3,32,0,7,3,7,3,7,200,256,200,250,70,250,270,250,6,48,2,1,1,1,1,1,48,1,2,32,0.78125,32,0.21875,32,0.0,32,0.96875,32,0.0625,32,0.875,32,0.875,32,0.96875,7,0.0,32,0.0,32,0.09375,32,0.09375,7,0.0,7,0.42857142857142855,7,0.42857142857142855,48,0.020833333333333332,2,0.5,48,0.020833333333333332,2,0.5,0.8,0.28,1.08,8,7,7
61004,R1,96,late,61004_t96,R3,01-08,32,27,4,1,31,2,28,28,29,0,4,0,31,2,31,3,32,0,3,1,3,2,4,221,256,224,249,28,249,254,249,7,25,3,8,0,2,0,8,24,0,1,32,0.84375,32,0.125,32,0.03125,32,0.96875,32,0.0625,32,0.875,32,0.875,32,0.90625,4,0.0,31,0.0,31,0.06451612903225806,32,0.09375,3,0.0,3,0.3333333333333333,4,0.5,25,0.32,3,0.0,24,0.3333333333333333,1,0.0,0.8995983935742972,0.11244979919678715,1.0200803212851406,8,5,5
61004,R1,96,late,61004_t96,R3,09-16,32,27,5,0,32,0,32,32,32,0,5,0,32,0,32,0,32,0,5,0,5,0,5,216,256,216,256,16,256,240,256,0,40,0,0,0,0,0,0,40,0,0,32,0.84375,32,0.15625,32,0.0,32,1.0,32,0.0,32,1.0,32,1.0,32,1.0,5,0.0,32,0.0,32,0.0,32,0.0,5,0.0,5,0.0,5,0.0,40,0.0,0,,40,0.0,0,,0.84375,0.0625,0.9375,8,8,8
61004,R1,96,late,61004_t96,R3,17-24,32,28,4,0,31,0,28,28,29,0,4,0,31,2,31,3,32,0,3,2,3,3,4,224,256,224,249,38,249,262,249,7,25,0,14,0,3,0,14,25,0,0,32,0.875,32,0.125,32,0.0,32,0.96875,32,0.0,32,0.875,32,0.875,32,0.90625,4,0.0,31,0.0,31,0.06451612903225806,32,0.09375,3,0.0,3,0.6666666666666666,4,0.75,25,0.56,0,,25,0.56,0,,0.8995983935742972,0.15261044176706828,1.0522088353413654,8,5,5
61004,R1,96,late,61004_t96,R3,25-32,32,25,7,0,31,1,30,30,30,0,6,0,31,2,31,2,32,0,6,2,6,2,7,200,256,200,248,79,248,279,248,8,47,1,7,0,2,0,7,47,0,1,32,0.78125,32,0.21875,32,0.0,32,0.96875,32,0.03125,32,0.9375,32,0.9375,32,0.9375,7,0.0,31,0.0,31,0.06451612903225806,32,0.0625,6,0.0,6,0.3333333333333333,7,0.2857142857142857,47,0.14893617021276595,1,0.0,47,0.14893617021276595,1,0.0,0.8064516129032258,0.3185483870967742,1.125,8,6,6
61004,R1,96,late,61004_t96,R4,01-08,32,27,4,1,31,2,28,28,29,0,4,0,31,2,31,3,32,0,3,1,3,2,4,221,256,224,249,28,249,254,249,7,25,3,8,0,2,0,8,24,0,1,32,0.84375,32,0.125,32,0.03125,32,0.96875,32,0.0625,32,0.875,32,0.875,32,0.90625,4,0.0,31,0.0,31,0.06451612903225806,32,0.09375,3,0.0,3,0.3333333333333333,4,0.5,25,0.32,3,0.0,24,0.3333333333333333,1,0.0,0.8995983935742972,0.11244979919678715,1.0200803212851406,8,5,5
61004,R1,96,late,61004_t96,R4,09-16,32,27,5,0,32,0,32,32,32,0,5,0,32,0,32,0,32,0,5,0,5,0,5,216,256,216,256,16,256,240,256,0,40,0,0,0,0,0,0,40,0,0,32,0.84375,32,0.15625,32,0.0,32,1.0,32,0.0,32,1.0,32,1.0,32,1.0,5,0.0,32,0.0,32,0.0,32,0.0,5,0.0,5,0.0,5,0.0,40,0.0,0,,40,0.0,0,,0.84375,0.0625,0.9375,8,8,8
61004,R1,96,late,61004_t96,R4,17-24,32,28,4,0,31,1,28,28,28,0,4,0,31,2,31,3,32,0,3,2,3,3,4,224,256,224,249,37,249,261,249,7,24,1,8,1,3,1,8,24,1,1,32,0.875,32,0.125,32,0.0,32,0.96875,32,0.03125,32,0.875,32,0.875,32,0.875,4,0.0,31,0.0,31,0.06451612903225806,32,0.09375,3,0.0,3,0.6666666666666666,4,0.75,24,0.3333333333333333,1,1.0,24,0.3333333333333333,1,1.0,0.8995983935742972,0.14859437751004015,1.0481927710843373,8,4,4
61004,R1,96,late,61004_t96,R4,25-32,32,25,7,0,31,1,30,30,30,0,6,0,31,2,31,2,32,0,6,2,6,2,7,200,256,200,248,79,248,279,248,8,47,1,7,0,2,0,7,47,0,1,32,0.78125,32,0.21875,32,0.0,32,0.96875,32,0.03125,32,0.9375,32,0.9375,32,0.9375,7,0.0,31,0.0,31,0.06451612903225806,32,0.0625,6,0.0,6,0.3333333333333333,7,0.2857142857142857,47,0.14893617021276595,1,0.0,47,0.14893617021276595,1,0.0,0.8064516129032258,0.3185483870967742,1.125,8,6,6
61004,R1,96,late,61004_t96,R5,01-08,32,27,4,1,31,1,28,28,30,0,4,0,31,3,31,4,32,0,3,2,3,3,4,221,256,224,249,29,249,255,249,7,26,2,1,2,1,1,1,25,0,0,32,0.84375,32,0.125,32,0.03125,32,0.96875,32,0.03125,32,0.875,32,0.875,32,0.9375,4,0.0,31,0.0,31,0.0967741935483871,32,0.125,3,0.0,3,0.6666666666666666,4,0.75,26,0.038461538461538464,2,1.0,25,0.04,0,,0.8995983935742972,0.11646586345381527,1.0240963855421688,8,6,6
61004,R1,96,late,61004_t96,R5,09-16,32,26,4,2,32,0,30,30,30,0,4,2,32,0,32,2,32,0,4,0,4,0,4,216,256,216,256,16,256,238,256,0,40,0,0,0,0,0,0,32,0,0,32,0.8125,32,0.125,32,0.0625,32,1.0,32,0.0,32,0.9375,32,0.9375,32,0.9375,4,0.0,32,0.0625,32,0.0,32,0.0625,4,0.0,4,0.0,4,0.0,40,0.0,0,,32,0.0,0,,0.84375,0.0625,0.9296875,8,6,6
61004,R1,96,late,61004_t96,R5,17-24,32,28,4,0,31,0,29,29,31,0,4,0,31,2,31,2,32,0,3,2,3,2,4,224,256,224,249,36,249,260,249,7,25,0,1,0,1,0,1,25,0,0,32,0.875,32,0.125,32,0.0,32,0.96875,32,0.0,32,0.90625,32,0.90625,32,0.96875,4,0.0,31,0.0,31,0.06451612903225806,32,0.0625,3,0.0,3,0.6666666666666666,4,0.5,25,0.04,0,,25,0.04,0,,0.8995983935742972,0.14457831325301204,1.0441767068273093,8,7,7
61004,R1,96,late,61004_t96,R5,25-32,32,25,7,0,31,3,27,27,29,0,7,0,32,4,32,4,32,0,7,4,7,4,7,200,256,200,251,68,251,268,251,5,46,5,1,5,1,3,1,46,5,5,32,0.78125,32,0.21875,32,0.0,32,0.96875,32,0.09375,32,0.84375,32,0.84375,32,0.90625,7,0.0,32,0.0,32,0.125,32,0.125,7,0.0,7,0.5714285714285714,7,0.5714285714285714,46,0.021739130434782608,5,1.0,46,0.021739130434782608,5,1.0,0.796812749003984,0.27091633466135456,1.0677290836653386,8,5,5
61004,R1,96,late,61004_t96,R6,01-08,32,27,4,1,31,2,28,28,28,0,4,0,31,2,31,3,32,0,3,1,3,2,4,221,256,224,249,28,249,254,249,7,25,3,8,3,2,2,8,24,1,1,32,0.84375,32,0.125,32,0.03125,32,0.96875,32,0.0625,32,0.875,32,0.875,32,0.875,4,0.0,31,0.0,31,0.06451612903225806,32,0.09375,3,0.0,3,0.3333333333333333,4,0.5,25,0.32,3,1.0,24,0.3333333333333333,1,1.0,0.8995983935742972,0.11244979919678715,1.0200803212851406,8,4,4
61004,R1,96,late,61004_t96,R6,09-16,32,27,4,1,32,0,31,31,31,0,4,1,32,0,32,1,32,0,4,0,4,0,4,217,256,217,256,16,256,238,256,0,39,0,0,0,0,0,0,32,0,0,32,0.84375,32,0.125,32,0.03125,32,1.0,32,0.0,32,0.96875,32,0.96875,32,0.96875,4,0.0,32,0.03125,32,0.0,32,0.03125,4,0.0,4,0.0,4,0.0,39,0.0,0,,32,0.0,0,,0.84765625,0.0625,0.9296875,8,7,7
61004,R1,96,late,61004_t96,R6,17-24,32,28,4,0,31,0,29,29,30,0,4,0,31,1,31,2,32,0,3,1,3,2,4,224,256,224,249,36,249,260,249,7,25,0,8,0,2,0,8,25,0,0,32,0.875,32,0.125,32,0.0,32,0.96875,32,0.0,32,0.90625,32,0.90625,32,0.9375,4,0.0,31,0.0,31,0.03225806451612903,32,0.0625,3,0.0,3,0.3333333333333333,4,0.5,25,0.32,0,,25,0.32,0,,0.8995983935742972,0.14457831325301204,1.0441767068273093,8,6,6
61004,R1,96,late,61004_t96,R6,25-32,32,25,7,0,31,1,29,29,29,0,6,0,31,3,31,3,32,0,6,3,6,3,7,200,256,200,248,78,248,278,248,8,47,1,8,1,2,1,8,47,1,1,32,0.78125,32,0.21875,32,0.0,32,0.96875,32,0.03125,32,0.90625,32,0.90625,32,0.90625,7,0.0,31,0.0,31,0.0967741935483871,32,0.09375,6,0.0,6,0.5,7,0.42857142857142855,47,0.1702127659574468,1,1.0,47,0.1702127659574468,1,1.0,0.8064516129032258,0.31451612903225806,1.1209677419354838,8,5,5
61004,R1,96,late,61004_t96,R7,01-08,32,27,4,1,31,2,28,28,28,0,4,0,31,2,31,3,32,0,3,1,3,2,4,221,256,224,249,28,249,254,249,7,25,3,8,3,2,2,8,24,1,1,32,0.84375,32,0.125,32,0.03125,32,0.96875,32,0.0625,32,0.875,32,0.875,32,0.875,4,0.0,31,0.0,31,0.06451612903225806,32,0.09375,3,0.0,3,0.3333333333333333,4,0.5,25,0.32,3,1.0,24,0.3333333333333333,1,1.0,0.8995983935742972,0.11244979919678715,1.0200803212851406,8,4,4
61004,R1,96,late,61004_t96,R7,09-16,32,27,5,0,32,0,31,31,31,0,5,0,32,1,32,1,32,0,5,1,5,1,5,216,256,216,256,17,256,241,256,0,40,0,7,0,1,0,7,40,0,0,32,0.84375,32,0.15625,32,0.0,32,1.0,32,0.0,32,0.96875,32,0.96875,32,0.96875,5,0.0,32,0.0,32,0.03125,32,0.03125,5,0.0,5,0.2,5,0.2,40,0.175,0,,40,0.175,0,,0.84375,0.06640625,0.94140625,8,7,7
61004,R1,96,late,61004_t96,R7,17-24,32,28,4,0,31,0,29,29,29,0,4,0,31,1,31,2,32,0,3,1,3,2,4,224,256,224,249,39,249,263,249,7,25,0,10,0,3,0,10,25,0,0,32,0.875,32,0.125,32,0.0,32,0.96875,32,0.0,32,0.90625,32,0.90625,32,0.90625,4,0.0,31,0.0,31,0.03225806451612903,32,0.0625,3,0.0,3,0.3333333333333333,4,0.5,25,0.4,0,,25,0.4,0,,0.8995983935742972,0.1566265060240964,1.0562248995983936,8,5,5
61004,R1,96,late,61004_t96,R7,25-32,32,25,7,0,31,1,29,29,29,0,6,0,31,3,31,3,32,0,6,3,6,3,7,200,256,200,248,69,248,269,248,8,46,2,8,2,2,1,8,46,2,2,32,0.78125,32,0.21875,32,0.0,32,0.96875,32,0.03125,32,0.90625,32,0.90625,32,0.90625,7,0.0,31,0.0,31,0.0967741935483871,32,0.09375,6,0.0,6,0.5,7,0.42857142857142855,46,0.17391304347826086,2,1.0,46,0.17391304347826086,2,1.0,0.8064516129032258,0.2782258064516129,1.0846774193548387,8,5,5
61004,R1,96,late,61004_t96,SAW_R4,01-08,32,27,4,1,31,2,28,28,29,0,4,0,31,2,31,3,32,0,3,1,3,2,4,221,256,224,249,28,249,254,249,7,25,3,8,0,2,0,8,24,0,1,32,0.84375,32,0.125,32,0.03125,32,0.96875,32,0.0625,32,0.875,32,0.875,32,0.90625,4,0.0,31,0.0,31,0.06451612903225806,32,0.09375,3,0.0,3,0.3333333333333333,4,0.5,25,0.32,3,0.0,24,0.3333333333333333,1,0.0,0.8995983935742972,0.11244979919678715,1.0200803212851406,8,5,5
61004,R1,96,late,61004_t96,SAW_R4,09-16,32,27,5,0,32,0,32,32,32,0,5,0,32,0,32,0,32,0,5,0,5,0,5,216,256,216,256,16,256,240,256,0,40,0,0,0,0,0,0,40,0,0,32,0.84375,32,0.15625,32,0.0,32,1.0,32,0.0,32,1.0,32,1.0,32,1.0,5,0.0,32,0.0,32,0.0,32,0.0,5,0.0,5,0.0,5,0.0,40,0.0,0,,40,0.0,0,,0.84375,0.0625,0.9375,8,8,8
61004,R1,96,late,61004_t96,SAW_R4,17-24,32,28,4,0,31,0,29,29,29,0,4,0,31,1,31,2,32,0,3,1,3,2,4,224,256,224,249,37,249,261,249,7,25,0,8,0,3,0,8,25,0,0,32,0.875,32,0.125,32,0.0,32,0.96875,32,0.0,32,0.90625,32,0.90625,32,0.90625,4,0.0,31,0.0,31,0.03225806451612903,32,0.0625,3,0.0,3,0.3333333333333333,4,0.5,25,0.32,0,,25,0.32,0,,0.8995983935742972,0.14859437751004015,1.0481927710843373,8,5,5
61004,R1,96,late,61004_t96,SAW_R4,25-32,32,25,7,0,31,1,30,30,30,0,6,0,31,2,31,2,32,0,6,2,6,2,7,200,256,200,248,81,248,281,248,8,47,1,9,0,2,0,9,47,0,1,32,0.78125,32,0.21875,32,0.0,32,0.96875,32,0.03125,32,0.9375,32,0.9375,32,0.9375,7,0.0,31,0.0,31,0.06451612903225806,32,0.0625,6,0.0,6,0.3333333333333333,7,0.2857142857142857,47,0.19148936170212766,1,0.0,47,0.19148936170212766,1,0.0,0.8064516129032258,0.32661290322580644,1.1330645161290323,8,6,6
