source_stage,groups_n,all_X_n,no_X_n,mixed_X_n,all_valid_n,contains_S_n,identical_reward_vectors_n,identical_original_four_rewards_n,exact_zero_advantage_groups_n,no_X_with_F1_n,no_X_with_F_observed_n,F_different_n,F_comparable_groups_n,B_different_n,B_comparable_groups_n,C_different_n,C_comparable_groups_n,no_X_F_different_n,no_X_F_comparable_n,no_X_B_different_n,no_X_B_comparable_n,no_X_C_different_n,no_X_C_comparable_n,X_samples_n,samples_n,F_sum,F_valid_samples_n,B_sum,B_valid_samples_n,M_sum,M_valid_samples_n,I_samples_n,W_samples_n,S_samples_n,W_positive_advantage_n,S_positive_advantage_n,W_positive_advantage_groups_n,S_positive_advantage_groups_n,no_X_W_positive_advantage_n,no_X_W_samples_n,no_X_S_positive_advantage_n,no_X_S_samples_n,all_X_denominator,all_X_rate,no_X_denominator,no_X_rate,mixed_X_denominator,mixed_X_rate,all_valid_denominator,all_valid_rate,contains_S_denominator,contains_S_rate,identical_reward_vectors_denominator,identical_reward_vectors_rate,identical_original_four_rewards_denominator,identical_original_four_rewards_rate,exact_zero_advantage_groups_denominator,exact_zero_advantage_groups_rate,no_X_with_F1_denominator,no_X_with_F1_rate,F_different_denominator,F_different_rate,B_different_denominator,B_different_rate,C_different_denominator,C_different_rate,no_X_F_different_denominator,no_X_F_different_rate,no_X_B_different_denominator,no_X_B_different_rate,no_X_C_different_denominator,no_X_C_different_rate,W_positive_advantage_denominator,W_positive_advantage_rate,S_positive_advantage_denominator,S_positive_advantage_rate,no_X_W_positive_advantage_denominator,no_X_W_positive_advantage_rate,no_X_S_positive_advantage_denominator,no_X_S_positive_advantage_rate,F_mean_valid,B_mean_valid,M_mean_valid,aggregation_level,eval_H32_X_n,eval_H32_draws,eval_H32_valid_n,eval_H32_C_sum,eval_H32_copy_sum_valid,eval_H32_coordinate_correct_sum,eval_H32_coordinate_denominator,eval_H32_F_sum_valid,eval_H32_B_sum_valid,eval_H32_M_sum_valid,eval_H32_relation_full_wrong_n,eval_H32_pX,pool_correspondence,family,interface,branch_recipe,lineage_id,step_bin
early,5632,3405,897,1330,5068,421,3472,3479,3439,125,897,1278,5621,1854,5621,1747,5632,125,886,838,886,771,897,34343,45056,34989,43875,14243,43875,52925,43875,1181,8850,682,2322,357,575,210,2243,5936,284,444,5632,0.6045809659090909,5632,0.1592684659090909,5632,0.23615056818181818,5632,0.8998579545454546,5632,0.07475142045454546,5632,0.6164772727272727,5632,0.6177201704545454,5632,0.6106178977272727,897,0.13935340022296544,5621,0.22736167941647395,5621,0.3298345490126312,5632,0.31019176136363635,886,0.14108352144469527,886,0.945823927765237,897,0.8595317725752508,8850,0.26237288135593223,682,0.5234604105571847,5936,0.37786388140161725,444,0.6396396396396397,0.7974700854700855,0.32462678062678063,1.2062678062678063,stage,77353.0,101376.0,99150.0,86686.5,9435.0,357788.0,405504.0,77920.0,17582.0,97863.0,2080.0,0.76303069760101,same family/interface/source_stage only; distinct train/eval prompt identities; no causal pairing,,,,,
late,5632,4687,845,100,5451,118,5161,5162,5147,0,806,67,5544,331,5544,404,5632,0,757,278,757,304,845,37981,45056,38111,44095,6611,44095,44872,44095,961,5817,297,908,128,223,56,908,5568,109,242,5632,0.8322088068181818,5632,0.15003551136363635,5632,0.01775568181818182,5632,0.9678622159090909,5632,0.020951704545454544,5632,0.9163707386363636,5632,0.9165482954545454,5632,0.9138849431818182,845,0.0,5544,0.012085137085137086,5544,0.059704184704184704,5632,0.07173295454545454,757,0.0,757,0.36723910171730517,845,0.35976331360946745,5817,0.15609420663572288,297,0.43097643097643096,5568,0.16307471264367815,242,0.45041322314049587,0.8642930037419209,0.14992629549835582,1.0176210454700079,stage,79704.0,101376.0,99192.0,89531.16666666667,9803.0,361890.0,405504.0,79879.0,15565.0,96156.0,2108.0,0.7862215909090909,same family/interface/source_stage only; distinct train/eval prompt identities; no causal pairing,,,,,
early,968,613,0,355,913,19,613,613,573,0,0,238,968,232,968,269,968,0,0,0,0,0,0,7233,7744,7395,7689,359,7689,7789,7689,55,437,19,0,0,0,0,0,0,0,0,968,0.6332644628099173,968,0.0,968,0.36673553719008267,968,0.9431818181818182,968,0.01962809917355372,968,0.6332644628099173,968,0.6332644628099173,968,0.5919421487603306,0,,968,0.24586776859504134,968,0.2396694214876033,968,0.27789256198347106,0,,0,,0,,437,0.0,19,0.0,0,,0,,0.961763558330082,0.04669007673299519,1.013005592404734,stage_family_interface,16575.0,16896.0,16892.0,16619.0,176.0,67163.0,67584.0,16619.0,132.0,16769.0,44.0,0.9810014204545454,same family/interface/source_stage only; distinct train/eval prompt identities; no causal pairing,duplicate_encoding,SYMBOLIC_FRESH,,,
early,968,968,0,0,968,0,968,968,897,0,0,0,968,0,968,0,968,0,0,0,0,0,0,7744,7744,7744,7744,0,7744,7744,7744,0,0,0,0,0,0,0,0,0,0,0,968,1.0,968,0.0,968,0.0,968,1.0,968,0.0,968,1.0,968,1.0,968,0.9266528925619835,0,,968,0.0,968,0.0,968,0.0,0,,0,,0,,0,,0,,0,,0,,1.0,0.0,1.0,stage_family_interface,16890.0,16896.0,16894.0,16890.0,4.0,67572.0,67584.0,16890.0,0.0,16890.0,0.0,0.9996448863636364,same family/interface/source_stage only; distinct train/eval prompt identities; no causal pairing,duplicate_encoding,IMAGE_CUE_FRESH,,,
early,924,153,396,375,750,203,184,185,269,111,396,473,924,679,924,671,924,111,396,368,396,364,396,3009,7392,3404,7069,5173,7069,10302,7069,323,3664,396,973,250,244,130,910,2756,213,290,924,0.16558441558441558,924,0.42857142857142855,924,0.40584415584415584,924,0.8116883116883117,924,0.2196969696969697,924,0.19913419913419914,924,0.2002164502164502,924,0.2911255411255411,396,0.2803030303030303,924,0.5119047619047619,924,0.7348484848484849,924,0.7261904761904762,396,0.2803030303030303,396,0.9292929292929293,396,0.9191919191919192,3664,0.26555676855895194,396,0.6313131313131313,2756,0.330188679245283,290,0.7344827586206897,0.4815391144433442,0.7317866742113454,1.4573489885415194,stage_family_interface,5710.0,16896.0,16255.0,11091.666666666666,6273.0,50348.0,67584.0,6212.0,4629.0,11796.0,100.0,0.3379498106060606,same family/interface/source_stage only; distinct train/eval prompt identities; no causal pairing,cross_series,SYMBOLIC_FRESH,,,
early,924,881,0,43,924,0,881,881,818,0,0,21,924,43,924,32,924,0,0,0,0,0,0,7322,7392,7371,7392,112,7392,7494,7392,0,70,0,0,0,0,0,0,0,0,0,924,0.9534632034632035,924,0.0,924,0.046536796536796536,924,1.0,924,0.0,924,0.9534632034632035,924,0.9534632034632035,924,0.8852813852813853,0,,924,0.022727272727272728,924,0.046536796536796536,924,0.03463203463203463,0,,0,,0,,70,0.0,0,,0,,0,,0.9971590909090909,0.015151515151515152,1.0137987012987013,stage_family_interface,16863.0,16896.0,16896.0,16882.333333333332,4.0,67551.0,67584.0,16880.0,17.0,16909.0,0.0,0.998046875,same family/interface/source_stage only; distinct train/eval prompt identities; no causal pairing,cross_series,IMAGE_CUE_FRESH,,,
early,924,18,501,405,600,195,54,60,167,14,501,411,913,867,913,623,924,14,490,470,490,407,501,1847,7392,1870,6600,8566,6600,12238,6600,792,4490,263,1349,107,331,80,1333,3180,71,154,924,0.01948051948051948,924,0.5422077922077922,924,0.4383116883116883,924,0.6493506493506493,924,0.21103896103896103,924,0.05844155844155844,924,0.06493506493506493,924,0.18073593073593072,501,0.027944111776447105,913,0.45016429353778753,913,0.9496166484118291,924,0.6742424242424242,490,0.02857142857142857,490,0.9591836734693877,501,0.812375249500998,4490,0.300445434298441,263,0.4068441064638783,3180,0.41918238993710694,154,0.461038961038961,0.2833333333333333,1.2978787878787879,1.8542424242424242,stage_family_interface,5276.0,16896.0,15320.0,8775.0,2220.0,38515.0,67584.0,5279.0,12724.0,19339.0,1934.0,0.31226325757575757,same family/interface/source_stage only; distinct train/eval prompt identities; no causal pairing,trend,SYMBOLIC_FRESH,,,
early,924,772,0,152,913,4,772,772,715,0,0,135,924,33,924,152,924,0,0,0,0,0,0,7188,7392,7205,7381,33,7381,7358,7381,11,189,4,0,0,0,0,0,0,0,0,924,0.8354978354978355,924,0.0,924,0.1645021645021645,924,0.9880952380952381,924,0.004329004329004329,924,0.8354978354978355,924,0.8354978354978355,924,0.7738095238095238,0,,924,0.1461038961038961,924,0.03571428571428571,924,0.1645021645021645,0,,0,,0,,189,0.0,4,0.0,0,,0,,0.9761549925484352,0.004470938897168405,0.9968838910716705,stage_family_interface,16039.0,16896.0,16893.0,16428.5,758.0,66639.0,67584.0,16040.0,80.0,16160.0,2.0,0.9492779356060606,same family/interface/source_stage only; distinct train/eval prompt identities; no causal pairing,trend,IMAGE_CUE_FRESH,,,
late,968,968,0,0,968,0,968,968,945,0,0,0,968,0,968,0,968,0,0,0,0,0,0,7744,7744,7744,7744,0,7744,7744,7744,0,0,0,0,0,0,0,0,0,0,0,968,1.0,968,0.0,968,0.0,968,1.0,968,0.0,968,1.0,968,1.0,968,0.9762396694214877,0,,968,0.0,968,0.0,968,0.0,0,,0,,0,,0,,0,,0,,0,,1.0,0.0,1.0,stage_family_interface,16896.0,16896.0,16896.0,16896.0,0.0,67584.0,67584.0,16896.0,0.0,16896.0,0.0,1.0,same family/interface/source_stage only; distinct train/eval prompt identities; no causal pairing,duplicate_encoding,SYMBOLIC_FRESH,,,
late,968,968,0,0,968,0,968,968,945,0,0,0,968,0,968,0,968,0,0,0,0,0,0,7744,7744,7744,7744,0,7744,7744,7744,0,0,0,0,0,0,0,0,0,0,0,968,1.0,968,0.0,968,0.0,968,1.0,968,0.0,968,1.0,968,1.0,968,0.9762396694214877,0,,968,0.0,968,0.0,968,0.0,0,,0,,0,,0,,0,,0,,0,,1.0,0.0,1.0,stage_family_interface,16896.0,16896.0,16896.0,16896.0,0.0,67584.0,67584.0,16896.0,0.0,16896.0,0.0,1.0,same family/interface/source_stage only; distinct train/eval prompt identities; no causal pairing,duplicate_encoding,IMAGE_CUE_FRESH,,,
late,924,472,361,91,880,81,728,728,751,0,361,58,924,141,924,187,924,0,361,97,361,96,361,4198,7392,4328,7322,1791,7322,6260,7322,70,2904,220,311,79,54,34,311,2664,60,165,924,0.5108225108225108,924,0.3906926406926407,924,0.09848484848484848,924,0.9523809523809523,924,0.08766233766233766,924,0.7878787878787878,924,0.7878787878787878,924,0.8127705627705628,361,0.0,924,0.06277056277056277,924,0.1525974025974026,924,0.20238095238095238,361,0.0,361,0.26869806094182824,361,0.2659279778393352,2904,0.10709366391184573,220,0.35909090909090907,2664,0.11674174174174175,165,0.36363636363636365,0.5910953291450424,0.24460529909860693,0.8549576618410271,stage_family_interface,6478.0,16896.0,16674.0,12082.666666666668,7836.0,53864.0,67584.0,6653.0,2811.0,9535.0,0.0,0.3834043560606061,same family/interface/source_stage only; distinct train/eval prompt identities; no causal pairing,cross_series,SYMBOLIC_FRESH,,,
late,924,924,0,0,924,0,924,924,897,0,0,0,924,0,924,0,924,0,0,0,0,0,0,7392,7392,7392,7392,0,7392,7392,7392,0,0,0,0,0,0,0,0,0,0,0,924,1.0,924,0.0,924,0.0,924,1.0,924,0.0,924,1.0,924,1.0,924,0.9707792207792207,0,,924,0.0,924,0.0,924,0.0,0,,0,,0,,0,,0,,0,,0,,1.0,0.0,1.0,stage_family_interface,16895.0,16896.0,16895.0,16895.0,0.0,67580.0,67584.0,16895.0,0.0,16895.0,0.0,0.9999408143939394,same family/interface/source_stage only; distinct train/eval prompt identities; no causal pairing,cross_series,IMAGE_CUE_FRESH,,,
late,924,431,484,9,787,37,649,650,719,0,445,9,836,190,836,217,924,0,396,181,396,208,484,3511,7392,3511,6501,4820,6501,8340,6501,891,2913,77,597,49,169,22,597,2904,49,77,924,0.46645021645021645,924,0.5238095238095238,924,0.00974025974025974,924,0.8517316017316018,924,0.04004329004329004,924,0.7023809523809523,924,0.7034632034632035,924,0.7781385281385281,484,0.0,836,0.01076555023923445,836,0.22727272727272727,924,0.23484848484848486,396,0.0,396,0.45707070707070707,484,0.4297520661157025,2913,0.20494335736354274,77,0.6363636363636364,2904,0.20557851239669422,77,0.6363636363636364,0.5400707583448701,0.7414243962467313,1.2828795569912321,stage_family_interface,5672.0,16896.0,14935.0,9880.0,1938.0,37723.0,67584.0,5672.0,12754.0,19067.0,2108.0,0.33570075757575757,same family/interface/source_stage only; distinct train/eval prompt identities; no causal pairing,trend,SYMBOLIC_FRESH,,,
late,924,924,0,0,924,0,924,924,890,0,0,0,924,0,924,0,924,0,0,0,0,0,0,7392,7392,7392,7392,0,7392,7392,7392,0,0,0,0,0,0,0,0,0,0,0,924,1.0,924,0.0,924,0.0,924,1.0,924,0.0,924,1.0,924,1.0,924,0.9632034632034632,0,,924,0.0,924,0.0,924,0.0,0,,0,,0,,0,,0,,0,,0,,1.0,0.0,1.0,stage_family_interface,16867.0,16896.0,16896.0,16881.5,29.0,67555.0,67584.0,16867.0,0.0,16867.0,0.0,0.9982836174242424,same family/interface/source_stage only; distinct train/eval prompt identities; no causal pairing,trend,IMAGE_CUE_FRESH,,,
early,512,315,82,115,467,41,320,327,320,12,82,113,511,160,511,151,512,12,81,75,81,66,82,3140,4096,3198,4005,1193,4005,4696,4005,91,801,64,313,20,74,13,307,557,19,40,512,0.615234375,512,0.16015625,512,0.224609375,512,0.912109375,512,0.080078125,512,0.625,512,0.638671875,512,0.625,82,0.14634146341463414,511,0.22113502935420742,511,0.3131115459882583,512,0.294921875,81,0.14814814814814814,81,0.9259259259259259,82,0.8048780487804879,801,0.39076154806491886,64,0.3125,557,0.5511669658886894,40,0.475,0.798501872659176,0.2978776529338327,1.172534332084894,stage_recipe,7028.0,9216.0,9089.0,7873.833333333333,1097.0,33049.0,36864.0,7061.0,1279.0,8502.0,139.0,0.7625868055555556,same family/interface/source_stage only; distinct train/eval prompt identities; no causal pairing,,,DIRECT_REPAIR_R4,,
early,512,315,81,116,461,39,322,322,72,11,81,114,510,163,510,154,512,11,79,75,79,70,81,3141,4096,3197,3990,1241,3990,4755,3990,106,783,66,334,25,83,13,327,532,25,43,512,0.615234375,512,0.158203125,512,0.2265625,512,0.900390625,512,0.076171875,512,0.62890625,512,0.62890625,512,0.140625,81,0.13580246913580246,510,0.2235294117647059,510,0.3196078431372549,512,0.30078125,79,0.13924050632911392,79,0.9493670886075949,81,0.8641975308641975,783,0.42656449553001274,66,0.3787878787878788,532,0.6146616541353384,43,0.5813953488372093,0.8012531328320802,0.31102756892230576,1.1917293233082706,stage_recipe,7102.0,9216.0,8994.0,7958.5,857.0,32586.0,36864.0,7154.0,1550.0,8865.0,193.0,0.7706163194444444,same family/interface/source_stage only; distinct train/eval prompt identities; no causal pairing,,,GDPO_R4,,
early,512,313,82,117,461,43,320,320,395,11,82,112,511,165,511,156,512,11,81,76,81,69,82,3137,4096,3193,3994,1232,3994,4740,3994,102,788,69,0,0,0,0,0,543,0,46,512,0.611328125,512,0.16015625,512,0.228515625,512,0.900390625,512,0.083984375,512,0.625,512,0.625,512,0.771484375,82,0.13414634146341464,511,0.2191780821917808,511,0.32289628180039137,512,0.3046875,81,0.13580246913580246,81,0.9382716049382716,82,0.8414634146341463,788,0.0,69,0.0,543,0.0,46,0.0,0.799449173760641,0.3084626940410616,1.186780170255383,stage_recipe,7010.0,9216.0,9023.0,7807.833333333333,913.0,32670.0,36864.0,7046.0,1445.0,8673.0,136.0,0.7606336805555556,same family/interface/source_stage only; distinct train/eval prompt identities; no causal pairing,,,R0,,
early,512,307,81,124,460,37,314,314,367,11,81,117,511,170,511,164,512,11,80,77,80,70,81,3127,4096,3185,3990,1254,3990,4766,3990,106,802,61,0,58,0,34,0,539,41,41,512,0.599609375,512,0.158203125,512,0.2421875,512,0.8984375,512,0.072265625,512,0.61328125,512,0.61328125,512,0.716796875,81,0.13580246913580246,511,0.22896281800391388,511,0.33268101761252444,512,0.3203125,80,0.1375,80,0.9625,81,0.8641975308641975,802,0.0,61,0.9508196721311475,539,0.0,41,1.0,0.7982456140350878,0.3142857142857143,1.1944862155388472,stage_recipe,7016.0,9216.0,9049.0,7799.166666666667,877.0,32701.0,36864.0,7055.0,1501.0,8738.0,143.0,0.7612847222222222,same family/interface/source_stage only; distinct train/eval prompt identities; no causal pairing,,,R1,,
early,512,310,81,121,461,44,318,318,363,12,81,118,511,166,511,161,512,12,80,76,80,69,81,3127,4096,3185,3998,1240,3998,4753,3998,98,804,67,159,14,31,11,148,542,13,43,512,0.60546875,512,0.158203125,512,0.236328125,512,0.900390625,512,0.0859375,512,0.62109375,512,0.62109375,512,0.708984375,81,0.14814814814814814,511,0.2309197651663405,511,0.324853228962818,512,0.314453125,80,0.15,80,0.95,81,0.8518518518518519,804,0.19776119402985073,67,0.208955223880597,542,0.2730627306273063,43,0.3023255813953488,0.7966483241620811,0.31015507753876936,1.1888444222111056,stage_recipe,6991.0,9216.0,9110.0,7780.0,962.0,32954.0,36864.0,7023.0,1399.0,8627.0,120.0,0.7585720486111112,same family/interface/source_stage only; distinct train/eval prompt identities; no causal pairing,,,R2,,
early,512,306,82,124,460,37,311,311,316,11,82,118,511,176,511,159,512,11,81,78,81,72,82,3111,4096,3171,3972,1356,3972,4879,3972,124,803,58,280,20,77,10,270,535,20,35,512,0.59765625,512,0.16015625,512,0.2421875,512,0.8984375,512,0.072265625,512,0.607421875,512,0.607421875,512,0.6171875,82,0.13414634146341464,511,0.2309197651663405,511,0.34442270058708413,512,0.310546875,81,0.13580246913580246,81,0.9629629629629629,82,0.8780487804878049,803,0.34869240348692404,58,0.3448275862068966,535,0.5046728971962616,35,0.5714285714285714,0.7983383685800605,0.3413897280966767,1.2283484390735147,stage_recipe,7057.0,9216.0,8907.0,7961.5,692.0,32042.0,36864.0,7131.0,1810.0,9225.0,257.0,0.7657335069444444,same family/interface/source_stage only; distinct train/eval prompt identities; no causal pairing,,,R3,,
early,512,312,81,119,458,37,317,317,318,12,81,117,511,167,511,160,512,12,80,76,80,71,81,3120,4096,3178,3982,1324,3982,4842,3982,114,801,61,321,23,81,13,313,529,23,39,512,0.609375,512,0.158203125,512,0.232421875,512,0.89453125,512,0.072265625,512,0.619140625,512,0.619140625,512,0.62109375,81,0.14814814814814814,511,0.22896281800391388,511,0.3268101761252446,512,0.3125,80,0.15,80,0.95,81,0.8765432098765432,801,0.40074906367041196,61,0.3770491803278688,529,0.5916824196597353,39,0.5897435897435898,0.7980914113510799,0.3324962330487192,1.215971873430437,stage_recipe,7060.0,9216.0,8969.0,7930.666666666667,799.0,32337.0,36864.0,7125.0,1695.0,9036.0,219.0,0.7660590277777778,same family/interface/source_stage only; distinct train/eval prompt identities; no causal pairing,,,R4,,
early,512,305,81,126,462,39,312,312,346,12,81,119,511,172,511,161,512,12,80,75,80,69,81,3120,4096,3184,3999,1297,3999,4820,3999,97,814,65,109,61,21,35,97,542,44,44,512,0.595703125,512,0.158203125,512,0.24609375,512,0.90234375,512,0.076171875,512,0.609375,512,0.609375,512,0.67578125,81,0.14814814814814814,511,0.2328767123287671,511,0.33659491193737767,512,0.314453125,80,0.15,80,0.9375,81,0.8518518518518519,814,0.1339066339066339,65,0.9384615384615385,542,0.17896678966789667,44,1.0,0.7961990497624406,0.32433108277069267,1.205301325331333,stage_recipe,6989.0,9216.0,9089.0,7782.333333333333,949.0,32850.0,36864.0,7026.0,1443.0,8676.0,123.0,0.7583550347222222,same family/interface/source_stage only; distinct train/eval prompt identities; no causal pairing,,,R5,,
early,512,304,81,127,462,37,309,309,312,11,81,121,512,175,512,163,512,11,81,76,81,71,81,3100,4096,3160,3983,1412,3983,4935,3983,113,824,59,233,57,64,35,222,533,39,39,512,0.59375,512,0.158203125,512,0.248046875,512,0.90234375,512,0.072265625,512,0.603515625,512,0.603515625,512,0.609375,81,0.13580246913580246,512,0.236328125,512,0.341796875,512,0.318359375,81,0.13580246913580246,81,0.9382716049382716,81,0.8765432098765432,824,0.2827669902912621,59,0.9661016949152542,533,0.4165103189493433,39,1.0,0.7933718302786844,0.35450665327642483,1.2390158172231986,stage_recipe,7040.0,9216.0,8929.0,7928.666666666667,725.0,32044.0,36864.0,7110.0,1853.0,9214.0,255.0,0.7638888888888888,same family/interface/source_stage only; distinct train/eval prompt identities; no causal pairing,,,R6,,
early,512,308,83,121,458,33,314,314,314,11,83,114,511,169,511,161,512,11,82,77,82,72,83,3107,4096,3166,3984,1371,3984,4899,3984,112,821,56,266,55,65,32,258,549,36,36,512,0.6015625,512,0.162109375,512,0.236328125,512,0.89453125,512,0.064453125,512,0.61328125,512,0.61328125,512,0.61328125,83,0.13253012048192772,511,0.22309197651663404,511,0.33072407045009783,512,0.314453125,82,0.13414634146341464,82,0.9390243902439024,83,0.8674698795180723,821,0.32399512789281365,56,0.9821428571428571,549,0.46994535519125685,36,1.0,0.7946787148594378,0.3441265060240964,1.2296686746987953,stage_recipe,7033.0,9216.0,9000.0,7952.833333333333,784.0,32281.0,36864.0,7099.0,1818.0,9181.0,258.0,0.7631293402777778,same family/interface/source_stage only; distinct train/eval prompt identities; no causal pairing,,,R7,,
early,512,310,82,120,458,34,315,315,316,11,82,115,511,171,511,157,512,11,81,77,81,72,82,3113,4096,3172,3978,1323,3978,4840,3978,118,809,56,307,24,79,14,301,535,24,38,512,0.60546875,512,0.16015625,512,0.234375,512,0.89453125,512,0.06640625,512,0.615234375,512,0.615234375,512,0.6171875,82,0.13414634146341464,511,0.22504892367906065,511,0.33463796477495106,512,0.306640625,81,0.13580246913580246,81,0.9506172839506173,82,0.8780487804878049,809,0.3794808405438813,56,0.42857142857142855,535,0.5626168224299065,38,0.631578947368421,0.7973856209150327,0.332579185520362,1.216691804927099,stage_recipe,7027.0,9216.0,8991.0,7911.166666666667,780.0,32274.0,36864.0,7090.0,1789.0,9126.0,237.0,0.7624782986111112,same family/interface/source_stage only; distinct train/eval prompt identities; no causal pairing,,,SAW_R4,,
late,512,426,77,9,496,10,472,473,473,0,73,6,504,28,504,34,512,0,69,23,69,25,77,3454,4096,3464,4011,579,4011,4056,4011,85,532,25,110,7,26,3,110,512,7,20,512,0.83203125,512,0.150390625,512,0.017578125,512,0.96875,512,0.01953125,512,0.921875,512,0.923828125,512,0.923828125,77,0.0,504,0.011904761904761904,504,0.05555555555555555,512,0.06640625,69,0.0,69,0.3333333333333333,77,0.3246753246753247,532,0.20676691729323307,25,0.28,512,0.21484375,20,0.35,0.8636250311642982,0.1443530291697831,1.0112191473448018,stage_recipe,7259.0,9216.0,9086.0,8166.333333333333,1051.0,33316.0,36864.0,7272.0,1214.0,8529.0,190.0,0.7876519097222222,same family/interface/source_stage only; distinct train/eval prompt identities; no causal pairing,,,DIRECT_REPAIR_R4,,
late,512,425,77,10,495,9,465,465,341,0,73,7,504,32,504,41,512,0,69,27,69,31,77,3448,4096,3460,4004,630,4004,4104,4004,92,534,22,172,4,37,1,172,508,4,17,512,0.830078125,512,0.150390625,512,0.01953125,512,0.966796875,512,0.017578125,512,0.908203125,512,0.908203125,512,0.666015625,77,0.0,504,0.013888888888888888,504,0.06349206349206349,512,0.080078125,69,0.0,69,0.391304347826087,77,0.4025974025974026,534,0.32209737827715357,22,0.18181818181818182,508,0.33858267716535434,17,0.23529411764705882,0.8641358641358642,0.15734265734265734,1.024975024975025,stage_recipe,7239.0,9216.0,8999.0,8194.666666666666,811.0,32631.0,36864.0,7267.0,1633.0,8971.0,198.0,0.7854817708333334,same family/interface/source_stage only; distinct train/eval prompt identities; no causal pairing,,,GDPO_R4,,
late,512,427,77,8,495,9,473,473,504,0,72,5,503,28,503,35,512,0,68,24,68,27,77,3453,4096,3465,4003,611,4003,4091,4003,93,526,24,0,0,0,0,0,505,0,19,512,0.833984375,512,0.150390625,512,0.015625,512,0.966796875,512,0.017578125,512,0.923828125,512,0.923828125,512,0.984375,77,0.0,503,0.009940357852882704,503,0.055666003976143144,512,0.068359375,68,0.0,68,0.35294117647058826,77,0.35064935064935066,526,0.0,24,0.0,505,0.0,19,0.0,0.8656007994004496,0.1526355233574819,1.0219835123657257,stage_recipe,7255.0,9216.0,8893.0,8075.0,806.0,32621.0,36864.0,7263.0,1321.0,8637.0,201.0,0.7872178819444444,same family/interface/source_stage only; distinct train/eval prompt identities; no causal pairing,,,R0,,
late,512,428,77,7,496,13,472,472,496,0,73,4,504,28,504,34,512,0,69,24,69,27,77,3457,4096,3469,4011,607,4011,4090,4011,85,521,33,0,25,0,12,0,504,20,28,512,0.8359375,512,0.150390625,512,0.013671875,512,0.96875,512,0.025390625,512,0.921875,512,0.921875,512,0.96875,77,0.0,504,0.007936507936507936,504,0.05555555555555555,512,0.06640625,69,0.0,69,0.34782608695652173,77,0.35064935064935066,521,0.0,33,0.7575757575757576,504,0.0,28,0.7142857142857143,0.8648716030914984,0.1513338319621042,1.0196958364497632,stage_recipe,7252.0,9216.0,8995.0,8086.666666666667,924.0,32996.0,36864.0,7254.0,1243.0,8555.0,178.0,0.7868923611111112,same family/interface/source_stage only; distinct train/eval prompt identities; no causal pairing,,,R1,,
late,512,427,77,8,496,15,465,465,490,0,76,5,507,34,507,39,512,0,72,29,72,31,77,3454,4096,3466,4017,559,4017,4040,4017,79,530,33,33,9,13,4,33,510,9,28,512,0.833984375,512,0.150390625,512,0.015625,512,0.96875,512,0.029296875,512,0.908203125,512,0.908203125,512,0.95703125,77,0.0,507,0.009861932938856016,507,0.0670611439842209,512,0.076171875,72,0.0,72,0.4027777777777778,77,0.4025974025974026,530,0.062264150943396226,33,0.2727272727272727,510,0.06470588235294118,28,0.32142857142857145,0.8628329599203386,0.13915857605177995,1.0057256659198406,stage_recipe,7245.0,9216.0,9131.0,8119.166666666667,1042.0,33412.0,36864.0,7247.0,1228.0,8541.0,148.0,0.7861328125,same family/interface/source_stage only; distinct train/eval prompt identities; no causal pairing,,,R2,,
late,512,425,77,10,495,8,468,468,474,0,73,7,502,29,502,38,512,0,67,24,67,28,77,3450,4096,3462,4002,627,4002,4103,4002,94,529,23,124,6,27,1,124,505,6,18,512,0.830078125,512,0.150390625,512,0.01953125,512,0.966796875,512,0.015625,512,0.9140625,512,0.9140625,512,0.92578125,77,0.0,502,0.013944223107569721,502,0.05776892430278884,512,0.07421875,67,0.0,67,0.3582089552238806,77,0.36363636363636365,529,0.23440453686200377,23,0.2608695652173913,505,0.24554455445544554,18,0.3333333333333333,0.8650674662668666,0.15667166416791603,1.0252373813093454,stage_recipe,7255.0,9216.0,8924.0,8148.666666666667,788.0,32534.0,36864.0,7276.0,1514.0,8843.0,222.0,0.7872178819444444,same family/interface/source_stage only; distinct train/eval prompt identities; no causal pairing,,,R3,,
late,512,426,77,9,495,10,471,471,472,0,73,6,503,28,503,35,512,0,68,23,68,26,77,3453,4096,3465,4005,611,4005,4089,4005,91,527,25,106,8,29,3,106,506,8,20,512,0.83203125,512,0.150390625,512,0.017578125,512,0.966796875,512,0.01953125,512,0.919921875,512,0.919921875,512,0.921875,77,0.0,503,0.011928429423459244,503,0.055666003976143144,512,0.068359375,68,0.0,68,0.3382352941176471,77,0.33766233766233766,527,0.20113851992409867,25,0.32,506,0.20948616600790515,20,0.4,0.8651685393258427,0.15255930087390762,1.0209737827715355,stage_recipe,7245.0,9216.0,8981.0,8155.166666666667,824.0,32682.0,36864.0,7271.0,1532.0,8885.0,214.0,0.7861328125,same family/interface/source_stage only; distinct train/eval prompt identities; no causal pairing,,,R4,,
late,512,426,76,10,496,14,465,465,482,0,75,7,507,35,507,39,512,0,71,30,71,29,76,3456,4096,3468,4019,553,4019,4034,4019,77,527,36,26,28,11,13,26,501,23,31,512,0.83203125,512,0.1484375,512,0.01953125,512,0.96875,512,0.02734375,512,0.908203125,512,0.908203125,512,0.94140625,76,0.0,507,0.013806706114398421,507,0.06903353057199212,512,0.076171875,71,0.0,71,0.4225352112676056,76,0.3815789473684211,527,0.04933586337760911,36,0.7777777777777778,501,0.05189620758483034,31,0.7419354838709677,0.8629012192087584,0.137596417019159,1.0037322717093804,stage_recipe,7236.0,9216.0,9133.0,8114.666666666667,1010.0,33375.0,36864.0,7244.0,1268.0,8583.0,155.0,0.78515625,same family/interface/source_stage only; distinct train/eval prompt identities; no causal pairing,,,R5,,
late,512,425,76,11,496,10,469,469,473,0,72,8,503,28,503,37,512,0,67,23,67,26,76,3452,4096,3464,4009,615,4009,4090,4009,87,532,25,98,16,22,8,98,502,12,20,512,0.830078125,512,0.1484375,512,0.021484375,512,0.96875,512,0.01953125,512,0.916015625,512,0.916015625,512,0.923828125,76,0.0,503,0.015904572564612324,503,0.055666003976143144,512,0.072265625,67,0.0,67,0.34328358208955223,76,0.34210526315789475,532,0.18421052631578946,25,0.64,502,0.1952191235059761,20,0.6,0.8640558742828636,0.153404839111998,1.0202045397854826,stage_recipe,7235.0,9216.0,9008.0,8134.333333333333,853.0,32781.0,36864.0,7253.0,1496.0,8816.0,184.0,0.7850477430555556,same family/interface/source_stage only; distinct train/eval prompt identities; no causal pairing,,,R6,,
late,512,426,77,9,496,10,470,470,470,0,73,6,504,31,504,37,512,0,69,26,69,28,77,3453,4096,3465,4011,602,4011,4081,4011,85,531,27,118,19,27,9,118,510,14,22,512,0.83203125,512,0.150390625,512,0.017578125,512,0.96875,512,0.01953125,512,0.91796875,512,0.91796875,512,0.91796875,77,0.0,504,0.011904761904761904,504,0.061507936507936505,512,0.072265625,69,0.0,69,0.37681159420289856,77,0.36363636363636365,531,0.2222222222222222,27,0.7037037037037037,510,0.23137254901960785,22,0.6363636363636364,0.8638743455497382,0.15008726003490402,1.0174520069808028,stage_recipe,7241.0,9216.0,9054.0,8173.5,895.0,32909.0,36864.0,7257.0,1510.0,8836.0,200.0,0.7856987847222222,same family/interface/source_stage only; distinct train/eval prompt identities; no causal pairing,,,R7,,
late,512,426,77,9,495,10,471,471,472,0,73,6,503,30,503,35,512,0,68,25,68,26,77,3451,4096,3463,4003,617,4003,4094,4003,93,528,24,121,6,31,2,121,505,6,19,512,0.83203125,512,0.150390625,512,0.017578125,512,0.966796875,512,0.01953125,512,0.919921875,512,0.919921875,512,0.921875,77,0.0,503,0.011928429423459244,503,0.05964214711729622,512,0.068359375,68,0.0,68,0.36764705882352944,77,0.33766233766233766,528,0.22916666666666666,24,0.25,505,0.2396039603960396,19,0.3157894736842105,0.8651011741194105,0.15413439920059954,1.0227329502872846,stage_recipe,7242.0,9216.0,8988.0,8163.0,799.0,32633.0,36864.0,7275.0,1606.0,8960.0,218.0,0.7858072916666666,same family/interface/source_stage only; distinct train/eval prompt identities; no causal pairing,,,SAW_R4,,
early,1408,876,212,320,1254,72,890,892,872,34,212,310,1407,432,1407,400,1408,34,211,206,211,183,212,8638,11264,8807,10902,3221,10902,12817,10902,362,2177,87,611,47,163,38,551,1421,39,64,1408,0.6221590909090909,1408,0.15056818181818182,1408,0.22727272727272727,1408,0.890625,1408,0.05113636363636364,1408,0.6321022727272727,1408,0.6335227272727273,1408,0.6193181818181818,212,0.16037735849056603,1407,0.22032693674484718,1407,0.3070362473347548,1408,0.2840909090909091,211,0.16113744075829384,211,0.976303317535545,212,0.8632075471698113,2177,0.2806614607257694,87,0.5402298850574713,1421,0.3877551020408163,64,0.609375,0.8078334250596221,0.2954503760777839,1.1756558429645936,stage_lineage,,,,,,,,,,,,,,,,,61001,
late,1408,1157,209,42,1353,33,1272,1272,1261,0,201,31,1389,93,1389,121,1408,0,190,73,190,79,209,9502,11264,9524,11012,1495,11012,11047,11012,252,1415,95,194,72,53,21,194,1358,64,73,1408,0.8217329545454546,1408,0.1484375,1408,0.029829545454545456,1408,0.9609375,1408,0.0234375,1408,0.9034090909090909,1408,0.9034090909090909,1408,0.8955965909090909,209,0.0,1389,0.022318214542836574,1389,0.06695464362850972,1408,0.0859375,190,0.0,190,0.38421052631578945,209,0.37799043062200954,1415,0.1371024734982332,95,0.7578947368421053,1358,0.14285714285714285,73,0.8767123287671232,0.864874682164911,0.13576098801307665,1.0031783508899383,stage_lineage,,,,,,,,,,,,,,,,,61001,
early,1408,811,220,377,1275,120,829,832,817,22,220,347,1406,487,1406,463,1408,22,218,205,218,187,220,8402,11264,8571,10975,3877,10975,13556,10975,289,2365,208,558,102,131,56,550,1483,64,92,1408,0.5759943181818182,1408,0.15625,1408,0.2677556818181818,1408,0.9055397727272727,1408,0.08522727272727272,1408,0.5887784090909091,1408,0.5909090909090909,1408,0.5802556818181818,220,0.1,1406,0.24679943100995733,1406,0.34637268847795166,1408,0.3288352272727273,218,0.10091743119266056,218,0.9403669724770642,220,0.85,2365,0.23594080338266385,208,0.49038461538461536,1483,0.37086985839514497,92,0.6956521739130435,0.7809567198177677,0.35325740318906607,1.2351708428246013,stage_lineage,,,,,,,,,,,,,,,,,61002,
late,1408,1170,211,27,1353,22,1306,1306,1296,0,192,16,1385,71,1385,88,1408,0,188,60,188,61,211,9481,11264,9503,10986,1723,10986,11249,10986,278,1406,99,254,3,52,3,254,1322,0,88,1408,0.8309659090909091,1408,0.14985795454545456,1408,0.019176136363636364,1408,0.9609375,1408,0.015625,1408,0.9275568181818182,1408,0.9275568181818182,1408,0.9204545454545454,211,0.0,1385,0.011552346570397111,1385,0.051263537906137184,1408,0.0625,188,0.0,188,0.3191489361702128,211,0.2890995260663507,1406,0.1806543385490754,99,0.030303030303030304,1322,0.19213313161875945,88,0.0,0.8650100127434918,0.1568359730566175,1.0239395594392864,stage_lineage,,,,,,,,,,,,,,,,,61002,
early,1408,908,223,277,1274,112,920,921,920,33,223,270,1400,406,1400,399,1408,33,215,201,215,194,223,8809,11264,8949,11016,3223,11016,12973,11016,248,1993,214,519,109,133,54,513,1429,96,167,1408,0.6448863636363636,1408,0.15838068181818182,1408,0.19673295454545456,1408,0.9048295454545454,1408,0.07954545454545454,1408,0.6534090909090909,1408,0.6541193181818182,1408,0.6534090909090909,223,0.14798206278026907,1400,0.19285714285714287,1400,0.29,1408,0.2833806818181818,215,0.15348837209302327,215,0.9348837209302325,223,0.8699551569506726,1993,0.2604114400401405,214,0.5093457943925234,1429,0.35899230230930723,167,0.5748502994011976,0.8123638344226579,0.2925744371822803,1.1776506899055919,stage_lineage,,,,,,,,,,,,,,,,,61003,
late,1408,1185,209,14,1370,25,1294,1295,1286,0,206,14,1393,95,1393,98,1408,0,194,84,194,84,209,9523,11264,9576,11070,1664,11070,11242,11070,194,1497,50,259,30,62,16,259,1428,30,50,1408,0.8416193181818182,1408,0.1484375,1408,0.009943181818181818,1408,0.9730113636363636,1408,0.01775568181818182,1408,0.9190340909090909,1408,0.9197443181818182,1408,0.9133522727272727,209,0.0,1393,0.010050251256281407,1393,0.0681981335247667,1408,0.06960227272727272,194,0.0,194,0.4329896907216495,209,0.4019138755980861,1497,0.1730126920507682,50,0.6,1428,0.18137254901960784,50,0.6,0.865040650406504,0.15031616982836496,1.0155374887082205,stage_lineage,,,,,,,,,,,,,,,,,61003,
early,1408,810,242,356,1265,117,833,834,830,36,242,351,1408,529,1408,485,1408,36,242,226,242,207,242,8494,11264,8662,10982,3922,10982,13579,10982,282,2315,173,634,99,148,62,629,1603,85,121,1408,0.5752840909090909,1408,0.171875,1408,0.2528409090909091,1408,0.8984375,1408,0.08309659090909091,1408,0.5916193181818182,1408,0.5923295454545454,1408,0.5894886363636364,242,0.1487603305785124,1408,0.24928977272727273,1408,0.3757102272727273,1408,0.3444602272727273,242,0.1487603305785124,242,0.9338842975206612,242,0.8553719008264463,2315,0.273866090712743,173,0.5722543352601156,1603,0.39238927011852776,121,0.7024793388429752,0.7887452194500091,0.3571298488435622,1.2364778728828993,stage_lineage,,,,,,,,,,,,,,,,,61004,
late,1408,1175,216,17,1375,38,1289,1289,1304,0,207,6,1377,72,1377,97,1408,0,185,61,185,80,216,9475,11264,9508,11027,1729,11027,11334,11027,237,1499,53,201,23,56,16,201,1460,15,31,1408,0.8345170454545454,1408,0.1534090909090909,1408,0.012073863636363636,1408,0.9765625,1408,0.026988636363636364,1408,0.9154829545454546,1408,0.9154829545454546,1408,0.9261363636363636,216,0.0,1377,0.004357298474945534,1377,0.05228758169934641,1408,0.06889204545454546,185,0.0,185,0.32972972972972975,216,0.37037037037037035,1499,0.13408939292861907,53,0.4339622641509434,1460,0.13767123287671232,31,0.4838709677419355,0.862247211390224,0.15679695293370818,1.0278407545116532,stage_lineage,,,,,,,,,,,,,,,,,61004,
early,88,58,0,30,83,2,58,58,58,0,0,21,88,19,88,23,88,0,0,0,0,0,0,657,704,672,699,31,699,707,699,5,40,2,0,0,0,0,0,0,0,0,88,0.6590909090909091,88,0.0,88,0.3409090909090909,88,0.9431818181818182,88,0.022727272727272728,88,0.6590909090909091,88,0.6590909090909091,88,0.6590909090909091,0,,88,0.23863636363636365,88,0.2159090909090909,88,0.26136363636363635,0,,0,,0,,40,0.0,2,0.0,0,,0,,0.9613733905579399,0.044349070100143065,1.011444921316166,stage_family_interface_recipe,1500.0,1536.0,1536.0,1503.0,22.0,6097.0,6144.0,1503.0,14.0,1517.0,3.0,0.9765625,same family/interface/source_stage only; distinct train/eval prompt identities; no causal pairing,duplicate_encoding,SYMBOLIC_FRESH,DIRECT_REPAIR_R4,,
early,88,88,0,0,88,0,88,88,88,0,0,0,88,0,88,0,88,0,0,0,0,0,0,704,704,704,704,0,704,704,704,0,0,0,0,0,0,0,0,0,0,0,88,1.0,88,0.0,88,0.0,88,1.0,88,0.0,88,1.0,88,1.0,88,1.0,0,,88,0.0,88,0.0,88,0.0,0,,0,,0,,0,,0,,0,,0,,1.0,0.0,1.0,stage_family_interface_recipe,1536.0,1536.0,1536.0,1536.0,0.0,6144.0,6144.0,1536.0,0.0,1536.0,0.0,1.0,same family/interface/source_stage only; distinct train/eval prompt identities; no causal pairing,duplicate_encoding,IMAGE_CUE_FRESH,DIRECT_REPAIR_R4,,
early,84,17,36,31,71,20,22,23,22,10,36,41,84,54,84,56,84,10,36,31,36,30,36,283,672,316,648,433,648,894,648,24,328,37,105,17,27,11,101,255,16,25,84,0.20238095238095238,84,0.42857142857142855,84,0.36904761904761907,84,0.8452380952380952,84,0.23809523809523808,84,0.2619047619047619,84,0.27380952380952384,84,0.2619047619047619,36,0.2777777777777778,84,0.4880952380952381,84,0.6428571428571429,84,0.6666666666666666,36,0.2777777777777778,36,0.8611111111111112,36,0.8333333333333334,328,0.3201219512195122,37,0.4594594594594595,255,0.396078431372549,25,0.64,0.4876543209876543,0.6682098765432098,1.3796296296296295,stage_family_interface_recipe,527.0,1536.0,1492.0,1024.6666666666667,644.0,4700.0,6144.0,556.0,332.0,943.0,4.0,0.3430989583333333,same family/interface/source_stage only; distinct train/eval prompt identities; no causal pairing,cross_series,SYMBOLIC_FRESH,DIRECT_REPAIR_R4,,
early,84,80,0,4,84,0,80,80,80,0,0,2,84,4,84,3,84,0,0,0,0,0,0,665,672,670,672,11,672,682,672,0,7,0,0,0,0,0,0,0,0,0,84,0.9523809523809523,84,0.0,84,0.047619047619047616,84,1.0,84,0.0,84,0.9523809523809523,84,0.9523809523809523,84,0.9523809523809523,0,,84,0.023809523809523808,84,0.047619047619047616,84,0.03571428571428571,0,,0,,0,,7,0.0,0,,0,,0,,0.9970238095238095,0.01636904761904762,1.0148809523809523,stage_family_interface_recipe,1532.0,1536.0,1536.0,1534.6666666666667,1.0,6140.0,6144.0,1533.0,1.0,1536.0,0.0,0.9973958333333334,same family/interface/source_stage only; distinct train/eval prompt identities; no causal pairing,cross_series,IMAGE_CUE_FRESH,DIRECT_REPAIR_R4,,
early,84,2,46,36,58,19,2,8,2,2,46,37,83,79,83,55,84,2,45,44,45,36,46,178,672,181,611,714,611,1040,611,61,408,25,208,3,47,2,206,302,3,15,84,0.023809523809523808,84,0.5476190476190477,84,0.42857142857142855,84,0.6904761904761905,84,0.2261904761904762,84,0.023809523809523808,84,0.09523809523809523,84,0.023809523809523808,46,0.043478260869565216,83,0.4457831325301205,83,0.9518072289156626,84,0.6547619047619048,45,0.044444444444444446,45,0.9777777777777777,46,0.782608695652174,408,0.5098039215686274,25,0.12,302,0.6821192052980133,15,0.2,0.29623567921440264,1.1685761047463175,1.702127659574468,stage_family_interface_recipe,471.0,1536.0,1453.0,777.0,358.0,3900.0,6144.0,471.0,930.0,1504.0,132.0,0.306640625,same family/interface/source_stage only; distinct train/eval prompt identities; no causal pairing,trend,SYMBOLIC_FRESH,DIRECT_REPAIR_R4,,
early,84,70,0,14,83,0,70,70,70,0,0,12,84,4,84,14,84,0,0,0,0,0,0,653,672,655,671,4,671,669,671,1,18,0,0,0,0,0,0,0,0,0,84,0.8333333333333334,84,0.0,84,0.16666666666666666,84,0.9880952380952381,84,0.0,84,0.8333333333333334,84,0.8333333333333334,84,0.8333333333333334,0,,84,0.14285714285714285,84,0.047619047619047616,84,0.16666666666666666,0,,0,,0,,18,0.0,0,,0,,0,,0.9761549925484352,0.005961251862891207,0.9970193740685543,stage_family_interface_recipe,1462.0,1536.0,1536.0,1498.5,72.0,6068.0,6144.0,1462.0,2.0,1466.0,0.0,0.9518229166666666,same family/interface/source_stage only; distinct train/eval prompt identities; no causal pairing,trend,IMAGE_CUE_FRESH,DIRECT_REPAIR_R4,,
early,88,57,0,31,83,2,57,57,13,0,0,22,88,19,88,25,88,0,0,0,0,0,0,661,704,673,699,30,699,706,699,5,36,2,0,0,0,0,0,0,0,0,88,0.6477272727272727,88,0.0,88,0.3522727272727273,88,0.9431818181818182,88,0.022727272727272728,88,0.6477272727272727,88,0.6477272727272727,88,0.14772727272727273,0,,88,0.25,88,0.2159090909090909,88,0.2840909090909091,0,,0,,0,,36,0.0,2,0.0,0,,0,,0.9628040057224606,0.04291845493562232,1.0100143061516451,stage_family_interface_recipe,1522.0,1536.0,1536.0,1524.0,7.0,6125.0,6144.0,1524.0,7.0,1531.0,2.0,0.9908854166666666,same family/interface/source_stage only; distinct train/eval prompt identities; no causal pairing,duplicate_encoding,SYMBOLIC_FRESH,GDPO_R4,,
early,88,88,0,0,88,0,88,88,17,0,0,0,88,0,88,0,88,0,0,0,0,0,0,704,704,704,704,0,704,704,704,0,0,0,0,0,0,0,0,0,0,0,88,1.0,88,0.0,88,0.0,88,1.0,88,0.0,88,1.0,88,1.0,88,0.19318181818181818,0,,88,0.0,88,0.0,88,0.0,0,,0,,0,,0,,0,,0,,0,,1.0,0.0,1.0,stage_family_interface_recipe,1535.0,1536.0,1535.0,1535.0,0.0,6140.0,6144.0,1535.0,0.0,1535.0,0.0,0.9993489583333334,same family/interface/source_stage only; distinct train/eval prompt identities; no causal pairing,duplicate_encoding,IMAGE_CUE_FRESH,GDPO_R4,,
early,84,16,36,32,68,20,19,19,7,10,36,41,84,60,84,59,84,10,36,33,36,33,36,277,672,313,645,455,645,921,645,27,329,39,151,23,39,11,145,251,23,28,84,0.19047619047619047,84,0.42857142857142855,84,0.38095238095238093,84,0.8095238095238095,84,0.23809523809523808,84,0.2261904761904762,84,0.2261904761904762,84,0.08333333333333333,36,0.2777777777777778,84,0.4880952380952381,84,0.7142857142857143,84,0.7023809523809523,36,0.2777777777777778,36,0.9166666666666666,36,0.9166666666666666,329,0.45896656534954405,39,0.5897435897435898,251,0.5776892430278885,28,0.8214285714285714,0.48527131782945737,0.7054263565891473,1.427906976744186,stage_family_interface_recipe,539.0,1536.0,1477.0,1026.6666666666667,590.0,4634.0,6144.0,587.0,384.0,1033.0,7.0,0.3509114583333333,same family/interface/source_stage only; distinct train/eval prompt identities; no causal pairing,cross_series,SYMBOLIC_FRESH,GDPO_R4,,
early,84,80,0,4,84,0,80,80,17,0,0,2,84,4,84,3,84,0,0,0,0,0,0,665,672,670,672,11,672,682,672,0,7,0,0,0,0,0,0,0,0,0,84,0.9523809523809523,84,0.0,84,0.047619047619047616,84,1.0,84,0.0,84,0.9523809523809523,84,0.9523809523809523,84,0.20238095238095238,0,,84,0.023809523809523808,84,0.047619047619047616,84,0.03571428571428571,0,,0,,0,,7,0.0,0,,0,,0,,0.9970238095238095,0.01636904761904762,1.0148809523809523,stage_family_interface_recipe,1534.0,1536.0,1536.0,1535.3333333333333,0.0,6142.0,6144.0,1536.0,2.0,1538.0,0.0,0.9986979166666666,same family/interface/source_stage only; distinct train/eval prompt identities; no causal pairing,cross_series,IMAGE_CUE_FRESH,GDPO_R4,,
early,84,3,45,36,55,17,7,7,5,1,45,37,82,78,82,54,84,1,43,42,43,37,45,179,672,181,599,743,599,1074,599,73,395,25,183,2,44,2,182,281,2,15,84,0.03571428571428571,84,0.5357142857142857,84,0.42857142857142855,84,0.6547619047619048,84,0.20238095238095238,84,0.08333333333333333,84,0.08333333333333333,84,0.05952380952380952,45,0.022222222222222223,82,0.45121951219512196,82,0.9512195121951219,84,0.6428571428571429,43,0.023255813953488372,43,0.9767441860465116,45,0.8222222222222222,395,0.46329113924050636,25,0.08,281,0.6476868327402135,15,0.13333333333333333,0.3021702838063439,1.2404006677796326,1.7929883138564273,stage_family_interface_recipe,505.0,1536.0,1374.0,838.5,200.0,3477.0,6144.0,505.0,1150.0,1750.0,184.0,0.3287760416666667,same family/interface/source_stage only; distinct train/eval prompt identities; no causal pairing,trend,SYMBOLIC_FRESH,GDPO_R4,,
early,84,71,0,13,83,0,71,71,13,0,0,12,84,2,84,13,84,0,0,0,0,0,0,655,672,656,671,2,671,668,671,1,16,0,0,0,0,0,0,0,0,0,84,0.8452380952380952,84,0.0,84,0.15476190476190477,84,0.9880952380952381,84,0.0,84,0.8452380952380952,84,0.8452380952380952,84,0.15476190476190477,0,,84,0.14285714285714285,84,0.023809523809523808,84,0.15476190476190477,0,,0,,0,,16,0.0,0,,0,,0,,0.977645305514158,0.0029806259314456036,0.9955290611028316,stage_family_interface_recipe,1467.0,1536.0,1536.0,1499.0,60.0,6068.0,6144.0,1467.0,7.0,1478.0,0.0,0.955078125,same family/interface/source_stage only; distinct train/eval prompt identities; no causal pairing,trend,IMAGE_CUE_FRESH,GDPO_R4,,
early,88,56,0,32,83,2,56,56,56,0,0,21,88,21,88,24,88,0,0,0,0,0,0,660,704,673,699,31,699,707,699,5,37,2,0,0,0,0,0,0,0,0,88,0.6363636363636364,88,0.0,88,0.36363636363636365,88,0.9431818181818182,88,0.022727272727272728,88,0.6363636363636364,88,0.6363636363636364,88,0.6363636363636364,0,,88,0.23863636363636365,88,0.23863636363636365,88,0.2727272727272727,0,,0,,0,,37,0.0,2,0.0,0,,0,,0.9628040057224606,0.044349070100143065,1.011444921316166,stage_family_interface_recipe,1503.0,1536.0,1535.0,1504.0,23.0,6100.0,6144.0,1504.0,9.0,1515.0,1.0,0.978515625,same family/interface/source_stage only; distinct train/eval prompt identities; no causal pairing,duplicate_encoding,SYMBOLIC_FRESH,R0,,
early,88,88,0,0,88,0,88,88,88,0,0,0,88,0,88,0,88,0,0,0,0,0,0,704,704,704,704,0,704,704,704,0,0,0,0,0,0,0,0,0,0,0,88,1.0,88,0.0,88,0.0,88,1.0,88,0.0,88,1.0,88,1.0,88,1.0,0,,88,0.0,88,0.0,88,0.0,0,,0,,0,,0,,0,,0,,0,,1.0,0.0,1.0,stage_family_interface_recipe,1535.0,1536.0,1536.0,1535.0,1.0,6143.0,6144.0,1535.0,0.0,1535.0,0.0,0.9993489583333334,same family/interface/source_stage only; distinct train/eval prompt identities; no causal pairing,duplicate_encoding,IMAGE_CUE_FRESH,R0,,
early,84,15,36,33,69,20,18,18,51,10,36,42,84,61,84,60,84,10,36,33,36,33,36,276,672,312,644,458,644,921,644,28,330,38,0,0,0,0,0,251,0,27,84,0.17857142857142858,84,0.42857142857142855,84,0.39285714285714285,84,0.8214285714285714,84,0.23809523809523808,84,0.21428571428571427,84,0.21428571428571427,84,0.6071428571428571,36,0.2777777777777778,84,0.5,84,0.7261904761904762,84,0.7142857142857143,36,0.2777777777777778,36,0.9166666666666666,36,0.9166666666666666,330,0.0,38,0.0,251,0.0,27,0.0,0.484472049689441,0.7111801242236024,1.4301242236024845,stage_family_interface_recipe,516.0,1536.0,1471.0,987.0,582.0,4569.0,6144.0,547.0,391.0,1001.0,3.0,0.3359375,same family/interface/source_stage only; distinct train/eval prompt identities; no causal pairing,cross_series,SYMBOLIC_FRESH,R0,,
early,84,81,0,3,84,0,81,81,81,0,0,1,84,3,84,2,84,0,0,0,0,0,0,666,672,671,672,8,672,680,672,0,6,0,0,0,0,0,0,0,0,0,84,0.9642857142857143,84,0.0,84,0.03571428571428571,84,1.0,84,0.0,84,0.9642857142857143,84,0.9642857142857143,84,0.9642857142857143,0,,84,0.011904761904761904,84,0.03571428571428571,84,0.023809523809523808,0,,0,,0,,6,0.0,0,,0,,0,,0.9985119047619048,0.011904761904761904,1.0119047619047619,stage_family_interface_recipe,1530.0,1536.0,1536.0,1533.3333333333333,0.0,6138.0,6144.0,1534.0,4.0,1540.0,0.0,0.99609375,same family/interface/source_stage only; distinct train/eval prompt identities; no causal pairing,cross_series,IMAGE_CUE_FRESH,R0,,
early,84,3,46,35,54,20,7,7,49,1,46,35,83,77,83,56,84,1,45,43,45,36,46,177,672,178,604,732,604,1059,604,68,399,28,0,0,0,0,0,292,0,19,84,0.03571428571428571,84,0.5476190476190477,84,0.4166666666666667,84,0.6428571428571429,84,0.23809523809523808,84,0.08333333333333333,84,0.08333333333333333,84,0.5833333333333334,46,0.021739130434782608,83,0.42168674698795183,83,0.927710843373494,84,0.6666666666666666,45,0.022222222222222223,45,0.9555555555555556,46,0.782608695652174,399,0.0,28,0.0,292,0.0,19,0.0,0.2947019867549669,1.2119205298013245,1.7533112582781456,stage_family_interface_recipe,470.0,1536.0,1409.0,757.0,236.0,3660.0,6144.0,470.0,1037.0,1617.0,132.0,0.3059895833333333,same family/interface/source_stage only; distinct train/eval prompt identities; no causal pairing,trend,SYMBOLIC_FRESH,R0,,
early,84,70,0,14,83,1,70,70,70,0,0,13,84,3,84,14,84,0,0,0,0,0,0,654,672,655,671,3,671,669,671,1,16,1,0,0,0,0,0,0,0,0,84,0.8333333333333334,84,0.0,84,0.16666666666666666,84,0.9880952380952381,84,0.011904761904761904,84,0.8333333333333334,84,0.8333333333333334,84,0.8333333333333334,0,,84,0.15476190476190477,84,0.03571428571428571,84,0.16666666666666666,0,,0,,0,,16,0.0,1,0.0,0,,0,,0.9761549925484352,0.004470938897168405,0.9970193740685543,stage_family_interface_recipe,1456.0,1536.0,1536.0,1491.5,71.0,6060.0,6144.0,1456.0,4.0,1465.0,0.0,0.9479166666666666,same family/interface/source_stage only; distinct train/eval prompt identities; no causal pairing,trend,IMAGE_CUE_FRESH,R0,,
early,88,54,0,34,83,2,54,54,56,0,0,23,88,21,88,26,88,0,0,0,0,0,0,656,704,671,699,33,699,707,699,5,41,2,0,0,0,0,0,0,0,0,88,0.6136363636363636,88,0.0,88,0.38636363636363635,88,0.9431818181818182,88,0.022727272727272728,88,0.6136363636363636,88,0.6136363636363636,88,0.6363636363636364,0,,88,0.26136363636363635,88,0.23863636363636365,88,0.29545454545454547,0,,0,,0,,41,0.0,2,0.0,0,,0,,0.9599427753934192,0.04721030042918455,1.011444921316166,stage_family_interface_recipe,1496.0,1536.0,1536.0,1499.0,26.0,6094.0,6144.0,1499.0,13.0,1515.0,3.0,0.9739583333333334,same family/interface/source_stage only; distinct train/eval prompt identities; no causal pairing,duplicate_encoding,SYMBOLIC_FRESH,R1,,
early,88,88,0,0,88,0,88,88,88,0,0,0,88,0,88,0,88,0,0,0,0,0,0,704,704,704,704,0,704,704,704,0,0,0,0,0,0,0,0,0,0,0,88,1.0,88,0.0,88,0.0,88,1.0,88,0.0,88,1.0,88,1.0,88,1.0,0,,88,0.0,88,0.0,88,0.0,0,,0,,0,,0,,0,,0,,0,,1.0,0.0,1.0,stage_family_interface_recipe,1535.0,1536.0,1536.0,1535.0,1.0,6143.0,6144.0,1535.0,0.0,1535.0,0.0,0.9993489583333334,same family/interface/source_stage only; distinct train/eval prompt identities; no causal pairing,duplicate_encoding,IMAGE_CUE_FRESH,R1,,
early,84,14,36,34,69,18,16,16,37,10,36,42,84,62,84,62,84,10,36,34,36,34,36,276,672,311,643,460,643,926,643,29,332,35,0,35,0,18,0,252,26,26,84,0.16666666666666666,84,0.42857142857142855,84,0.40476190476190477,84,0.8214285714285714,84,0.21428571428571427,84,0.19047619047619047,84,0.19047619047619047,84,0.44047619047619047,36,0.2777777777777778,84,0.5,84,0.7380952380952381,84,0.7380952380952381,36,0.2777777777777778,36,0.9444444444444444,36,0.9444444444444444,332,0.0,35,1.0,252,0.0,26,1.0,0.48367029548989116,0.7153965785381027,1.4401244167962675,stage_family_interface_recipe,529.0,1536.0,1475.0,991.6666666666666,545.0,4581.0,6144.0,563.0,407.0,1039.0,2.0,0.3444010416666667,same family/interface/source_stage only; distinct train/eval prompt identities; no causal pairing,cross_series,SYMBOLIC_FRESH,R1,,
early,84,80,0,4,84,0,80,80,80,0,0,2,84,4,84,3,84,0,0,0,0,0,0,665,672,670,672,11,672,682,672,0,7,0,0,0,0,0,0,0,0,0,84,0.9523809523809523,84,0.0,84,0.047619047619047616,84,1.0,84,0.0,84,0.9523809523809523,84,0.9523809523809523,84,0.9523809523809523,0,,84,0.023809523809523808,84,0.047619047619047616,84,0.03571428571428571,0,,0,,0,,7,0.0,0,,0,,0,,0.9970238095238095,0.01636904761904762,1.0148809523809523,stage_family_interface_recipe,1533.0,1536.0,1536.0,1535.0,0.0,6141.0,6144.0,1535.0,2.0,1538.0,0.0,0.998046875,same family/interface/source_stage only; distinct train/eval prompt identities; no causal pairing,cross_series,IMAGE_CUE_FRESH,R1,,
early,84,1,45,38,53,17,6,6,36,1,45,38,83,80,83,59,84,1,44,43,44,36,45,172,672,173,601,747,601,1078,601,71,405,24,0,23,0,16,0,287,15,15,84,0.011904761904761904,84,0.5357142857142857,84,0.4523809523809524,84,0.6309523809523809,84,0.20238095238095238,84,0.07142857142857142,84,0.07142857142857142,84,0.42857142857142855,45,0.022222222222222223,83,0.4578313253012048,83,0.963855421686747,84,0.7023809523809523,44,0.022727272727272728,44,0.9772727272727273,45,0.8,405,0.0,24,0.9583333333333334,287,0.0,15,1.0,0.2878535773710483,1.242928452579035,1.7936772046589018,stage_family_interface_recipe,465.0,1536.0,1430.0,743.0,231.0,3679.0,6144.0,465.0,1076.0,1646.0,137.0,0.302734375,same family/interface/source_stage only; distinct train/eval prompt identities; no causal pairing,trend,SYMBOLIC_FRESH,R1,,
early,84,70,0,14,83,0,70,70,70,0,0,12,84,3,84,14,84,0,0,0,0,0,0,654,672,656,671,3,671,669,671,1,17,0,0,0,0,0,0,0,0,0,84,0.8333333333333334,84,0.0,84,0.16666666666666666,84,0.9880952380952381,84,0.0,84,0.8333333333333334,84,0.8333333333333334,84,0.8333333333333334,0,,84,0.14285714285714285,84,0.03571428571428571,84,0.16666666666666666,0,,0,,0,,17,0.0,0,,0,,0,,0.977645305514158,0.004470938897168405,0.9970193740685543,stage_family_interface_recipe,1458.0,1536.0,1536.0,1495.5,74.0,6063.0,6144.0,1458.0,3.0,1465.0,1.0,0.94921875,same family/interface/source_stage only; distinct train/eval prompt identities; no causal pairing,trend,IMAGE_CUE_FRESH,R1,,
early,88,56,0,32,83,2,56,56,56,0,0,21,88,19,88,24,88,0,0,0,0,0,0,658,704,672,699,31,699,706,699,5,39,2,0,0,0,0,0,0,0,0,88,0.6363636363636364,88,0.0,88,0.36363636363636365,88,0.9431818181818182,88,0.022727272727272728,88,0.6363636363636364,88,0.6363636363636364,88,0.6363636363636364,0,,88,0.23863636363636365,88,0.2159090909090909,88,0.2727272727272727,0,,0,,0,,39,0.0,2,0.0,0,,0,,0.9613733905579399,0.044349070100143065,1.0100143061516451,stage_family_interface_recipe,1505.0,1536.0,1536.0,1512.0,13.0,6105.0,6144.0,1512.0,15.0,1531.0,7.0,0.9798177083333334,same family/interface/source_stage only; distinct train/eval prompt identities; no causal pairing,duplicate_encoding,SYMBOLIC_FRESH,R2,,
early,88,88,0,0,88,0,88,88,88,0,0,0,88,0,88,0,88,0,0,0,0,0,0,704,704,704,704,0,704,704,704,0,0,0,0,0,0,0,0,0,0,0,88,1.0,88,0.0,88,0.0,88,1.0,88,0.0,88,1.0,88,1.0,88,1.0,0,,88,0.0,88,0.0,88,0.0,0,,0,,0,,0,,0,,0,,0,,1.0,0.0,1.0,stage_family_interface_recipe,1536.0,1536.0,1536.0,1536.0,0.0,6144.0,6144.0,1536.0,0.0,1536.0,0.0,1.0,same family/interface/source_stage only; distinct train/eval prompt identities; no causal pairing,duplicate_encoding,IMAGE_CUE_FRESH,R2,,
early,84,13,36,35,68,18,16,16,42,10,36,45,84,61,84,62,84,10,36,33,36,33,36,270,672,306,645,462,645,928,645,27,338,37,52,7,10,5,41,252,6,27,84,0.15476190476190477,84,0.42857142857142855,84,0.4166666666666667,84,0.8095238095238095,84,0.21428571428571427,84,0.19047619047619047,84,0.19047619047619047,84,0.5,36,0.2777777777777778,84,0.5357142857142857,84,0.7261904761904762,84,0.7380952380952381,36,0.2777777777777778,36,0.9166666666666666,36,0.9166666666666666,338,0.15384615384615385,37,0.1891891891891892,252,0.1626984126984127,27,0.2222222222222222,0.4744186046511628,0.7162790697674418,1.4387596899224806,stage_family_interface_recipe,512.0,1536.0,1499.0,990.3333333333333,597.0,4653.0,6144.0,537.0,381.0,1002.0,1.0,0.3333333333333333,same family/interface/source_stage only; distinct train/eval prompt identities; no causal pairing,cross_series,SYMBOLIC_FRESH,R2,,
early,84,80,0,4,84,0,80,80,80,0,0,2,84,4,84,3,84,0,0,0,0,0,0,666,672,670,672,10,672,681,672,0,6,0,0,0,0,0,0,0,0,0,84,0.9523809523809523,84,0.0,84,0.047619047619047616,84,1.0,84,0.0,84,0.9523809523809523,84,0.9523809523809523,84,0.9523809523809523,0,,84,0.023809523809523808,84,0.047619047619047616,84,0.03571428571428571,0,,0,,0,,6,0.0,0,,0,,0,,0.9970238095238095,0.01488095238095238,1.0133928571428572,stage_family_interface_recipe,1535.0,1536.0,1536.0,1535.6666666666667,0.0,6143.0,6144.0,1535.0,0.0,1536.0,0.0,0.9993489583333334,same family/interface/source_stage only; distinct train/eval prompt identities; no causal pairing,cross_series,IMAGE_CUE_FRESH,R2,,
early,84,2,45,37,55,23,7,7,26,2,45,38,83,79,83,59,84,2,44,43,44,36,45,175,672,178,607,734,607,1065,607,65,405,27,107,7,21,6,107,290,7,16,84,0.023809523809523808,84,0.5357142857142857,84,0.44047619047619047,84,0.6547619047619048,84,0.27380952380952384,84,0.08333333333333333,84,0.08333333333333333,84,0.30952380952380953,45,0.044444444444444446,83,0.4578313253012048,83,0.9518072289156626,84,0.7023809523809523,44,0.045454545454545456,44,0.9772727272727273,45,0.8,405,0.2641975308641975,27,0.25925925925925924,290,0.3689655172413793,16,0.4375,0.2932454695222405,1.2092257001647446,1.7545304777594728,stage_family_interface_recipe,451.0,1536.0,1467.0,717.0,278.0,3857.0,6144.0,451.0,995.0,1560.0,112.0,0.2936197916666667,same family/interface/source_stage only; distinct train/eval prompt identities; no causal pairing,trend,SYMBOLIC_FRESH,R2,,
early,84,71,0,13,83,1,71,71,71,0,0,12,84,3,84,13,84,0,0,0,0,0,0,654,672,655,671,3,671,669,671,1,16,1,0,0,0,0,0,0,0,0,84,0.8452380952380952,84,0.0,84,0.15476190476190477,84,0.9880952380952381,84,0.011904761904761904,84,0.8452380952380952,84,0.8452380952380952,84,0.8452380952380952,0,,84,0.14285714285714285,84,0.03571428571428571,84,0.15476190476190477,0,,0,,0,,16,0.0,1,0.0,0,,0,,0.9761549925484352,0.004470938897168405,0.9970193740685543,stage_family_interface_recipe,1452.0,1536.0,1536.0,1489.0,74.0,6052.0,6144.0,1452.0,8.0,1462.0,0.0,0.9453125,same family/interface/source_stage only; distinct train/eval prompt identities; no causal pairing,trend,IMAGE_CUE_FRESH,R2,,
early,88,55,0,33,83,2,55,55,55,0,0,21,88,23,88,24,88,0,0,0,0,0,0,657,704,673,699,34,699,710,699,5,40,2,0,0,0,0,0,0,0,0,88,0.625,88,0.0,88,0.375,88,0.9431818181818182,88,0.022727272727272728,88,0.625,88,0.625,88,0.625,0,,88,0.23863636363636365,88,0.26136363636363635,88,0.2727272727272727,0,,0,,0,,40,0.0,2,0.0,0,,0,,0.9628040057224606,0.04864091559370529,1.0157367668097281,stage_family_interface_recipe,1514.0,1536.0,1535.0,1519.0,8.0,6110.0,6144.0,1519.0,14.0,1534.0,5.0,0.9856770833333334,same family/interface/source_stage only; distinct train/eval prompt identities; no causal pairing,duplicate_encoding,SYMBOLIC_FRESH,R3,,
early,88,88,0,0,88,0,88,88,88,0,0,0,88,0,88,0,88,0,0,0,0,0,0,704,704,704,704,0,704,704,704,0,0,0,0,0,0,0,0,0,0,0,88,1.0,88,0.0,88,0.0,88,1.0,88,0.0,88,1.0,88,1.0,88,1.0,0,,88,0.0,88,0.0,88,0.0,0,,0,,0,,0,,0,,0,,0,,1.0,0.0,1.0,stage_family_interface_recipe,1535.0,1536.0,1535.0,1535.0,0.0,6140.0,6144.0,1535.0,0.0,1535.0,0.0,0.9993489583333334,same family/interface/source_stage only; distinct train/eval prompt identities; no causal pairing,duplicate_encoding,IMAGE_CUE_FRESH,R3,,
early,84,12,36,36,67,19,14,14,14,10,36,45,84,65,84,62,84,10,36,34,36,34,36,272,672,308,638,490,638,959,638,34,331,35,131,20,37,10,124,247,20,25,84,0.14285714285714285,84,0.42857142857142855,84,0.42857142857142855,84,0.7976190476190477,84,0.2261904761904762,84,0.16666666666666666,84,0.16666666666666666,84,0.16666666666666666,36,0.2777777777777778,84,0.5357142857142857,84,0.7738095238095238,84,0.7380952380952381,36,0.2777777777777778,36,0.9444444444444444,36,0.9444444444444444,331,0.3957703927492447,35,0.5714285714285714,247,0.5020242914979757,25,0.8,0.4827586206896552,0.768025078369906,1.5031347962382444,stage_family_interface_recipe,523.0,1536.0,1454.0,1020.6666666666666,519.0,4476.0,6144.0,589.0,475.0,1184.0,15.0,0.3404947916666667,same family/interface/source_stage only; distinct train/eval prompt identities; no causal pairing,cross_series,SYMBOLIC_FRESH,R3,,
early,84,80,0,4,84,0,80,80,80,0,0,2,84,4,84,3,84,0,0,0,0,0,0,666,672,670,672,10,672,681,672,0,6,0,0,0,0,0,0,0,0,0,84,0.9523809523809523,84,0.0,84,0.047619047619047616,84,1.0,84,0.0,84,0.9523809523809523,84,0.9523809523809523,84,0.9523809523809523,0,,84,0.023809523809523808,84,0.047619047619047616,84,0.03571428571428571,0,,0,,0,,6,0.0,0,,0,,0,,0.9970238095238095,0.01488095238095238,1.0133928571428572,stage_family_interface_recipe,1533.0,1536.0,1536.0,1534.3333333333333,0.0,6141.0,6144.0,1534.0,1.0,1537.0,0.0,0.998046875,same family/interface/source_stage only; distinct train/eval prompt identities; no causal pairing,cross_series,IMAGE_CUE_FRESH,R3,,
early,84,1,46,37,55,16,4,4,9,1,46,38,83,81,83,56,84,1,45,44,45,38,46,158,672,160,588,819,588,1156,588,84,409,21,149,0,40,0,146,288,0,10,84,0.011904761904761904,84,0.5476190476190477,84,0.44047619047619047,84,0.6547619047619048,84,0.19047619047619047,84,0.047619047619047616,84,0.047619047619047616,84,0.10714285714285714,46,0.021739130434782608,83,0.4578313253012048,83,0.9759036144578314,84,0.6666666666666666,45,0.022222222222222223,45,0.9777777777777777,46,0.8260869565217391,409,0.3643031784841076,21,0.0,288,0.5069444444444444,10,0.0,0.272108843537415,1.3928571428571428,1.965986394557823,stage_family_interface_recipe,499.0,1536.0,1313.0,862.5,98.0,3133.0,6144.0,501.0,1307.0,1962.0,237.0,0.3248697916666667,same family/interface/source_stage only; distinct train/eval prompt identities; no causal pairing,trend,SYMBOLIC_FRESH,R3,,
early,84,70,0,14,83,0,70,70,70,0,0,12,84,3,84,14,84,0,0,0,0,0,0,654,672,656,671,3,671,669,671,1,17,0,0,0,0,0,0,0,0,0,84,0.8333333333333334,84,0.0,84,0.16666666666666666,84,0.9880952380952381,84,0.0,84,0.8333333333333334,84,0.8333333333333334,84,0.8333333333333334,0,,84,0.14285714285714285,84,0.03571428571428571,84,0.16666666666666666,0,,0,,0,,17,0.0,0,,0,,0,,0.977645305514158,0.004470938897168405,0.9970193740685543,stage_family_interface_recipe,1453.0,1536.0,1534.0,1490.0,67.0,6042.0,6144.0,1453.0,13.0,1473.0,0.0,0.9459635416666666,same family/interface/source_stage only; distinct train/eval prompt identities; no causal pairing,trend,IMAGE_CUE_FRESH,R3,,
early,88,57,0,31,83,1,57,57,57,0,0,22,88,20,88,25,88,0,0,0,0,0,0,657,704,672,699,33,699,708,699,5,41,1,0,0,0,0,0,0,0,0,88,0.6477272727272727,88,0.0,88,0.3522727272727273,88,0.9431818181818182,88,0.011363636363636364,88,0.6477272727272727,88,0.6477272727272727,88,0.6477272727272727,0,,88,0.25,88,0.22727272727272727,88,0.2840909090909091,0,,0,,0,,41,0.0,1,0.0,0,,0,,0.9613733905579399,0.04721030042918455,1.0128755364806867,stage_family_interface_recipe,1505.0,1536.0,1536.0,1510.0,15.0,6103.0,6144.0,1510.0,15.0,1526.0,5.0,0.9798177083333334,same family/interface/source_stage only; distinct train/eval prompt identities; no causal pairing,duplicate_encoding,SYMBOLIC_FRESH,R4,,
early,88,88,0,0,88,0,88,88,88,0,0,0,88,0,88,0,88,0,0,0,0,0,0,704,704,704,704,0,704,704,704,0,0,0,0,0,0,0,0,0,0,0,88,1.0,88,0.0,88,0.0,88,1.0,88,0.0,88,1.0,88,1.0,88,1.0,0,,88,0.0,88,0.0,88,0.0,0,,0,,0,,0,,0,,0,,0,,1.0,0.0,1.0,stage_family_interface_recipe,1536.0,1536.0,1536.0,1536.0,0.0,6144.0,6144.0,1536.0,0.0,1536.0,0.0,1.0,same family/interface/source_stage only; distinct train/eval prompt identities; no causal pairing,duplicate_encoding,IMAGE_CUE_FRESH,R4,,
early,84,14,36,34,67,17,16,16,16,11,36,44,84,62,84,62,84,11,36,34,36,34,36,272,672,308,643,482,643,948,643,29,337,34,155,21,39,11,148,251,21,26,84,0.16666666666666666,84,0.42857142857142855,84,0.40476190476190477,84,0.7976190476190477,84,0.20238095238095238,84,0.19047619047619047,84,0.19047619047619047,84,0.19047619047619047,36,0.3055555555555556,84,0.5238095238095238,84,0.7380952380952381,84,0.7380952380952381,36,0.3055555555555556,36,0.9444444444444444,36,0.9444444444444444,337,0.4599406528189911,34,0.6176470588235294,251,0.5896414342629482,26,0.8076923076923077,0.47900466562986005,0.749611197511664,1.474339035769829,stage_family_interface_recipe,524.0,1536.0,1474.0,1027.3333333333333,556.0,4546.0,6144.0,583.0,459.0,1139.0,19.0,0.3411458333333333,same family/interface/source_stage only; distinct train/eval prompt identities; no causal pairing,cross_series,SYMBOLIC_FRESH,R4,,
early,84,80,0,4,84,0,80,80,80,0,0,2,84,4,84,3,84,0,0,0,0,0,0,666,672,670,672,10,672,681,672,0,6,0,0,0,0,0,0,0,0,0,84,0.9523809523809523,84,0.0,84,0.047619047619047616,84,1.0,84,0.0,84,0.9523809523809523,84,0.9523809523809523,84,0.9523809523809523,0,,84,0.023809523809523808,84,0.047619047619047616,84,0.03571428571428571,0,,0,,0,,6,0.0,0,,0,,0,,0.9970238095238095,0.01488095238095238,1.0133928571428572,stage_family_interface_recipe,1534.0,1536.0,1536.0,1535.3333333333333,0.0,6142.0,6144.0,1534.0,0.0,1536.0,0.0,0.9986979166666666,same family/interface/source_stage only; distinct train/eval prompt identities; no causal pairing,cross_series,IMAGE_CUE_FRESH,R4,,
early,84,2,45,37,53,18,5,5,6,1,45,37,83,78,83,57,84,1,44,42,44,37,45,168,672,170,593,796,593,1132,593,79,400,25,166,2,42,2,165,278,2,13,84,0.023809523809523808,84,0.5357142857142857,84,0.44047619047619047,84,0.6309523809523809,84,0.21428571428571427,84,0.05952380952380952,84,0.05952380952380952,84,0.07142857142857142,45,0.022222222222222223,83,0.4457831325301205,83,0.9397590361445783,84,0.6785714285714286,44,0.022727272727272728,44,0.9545454545454546,45,0.8222222222222222,400,0.415,25,0.08,278,0.5935251798561151,13,0.15384615384615385,0.2866779089376054,1.342327150084317,1.90893760539629,stage_family_interface_recipe,499.0,1536.0,1351.0,825.0,162.0,3339.0,6144.0,500.0,1214.0,1827.0,195.0,0.3248697916666667,same family/interface/source_stage only; distinct train/eval prompt identities; no causal pairing,trend,SYMBOLIC_FRESH,R4,,
early,84,71,0,13,83,1,71,71,71,0,0,12,84,3,84,13,84,0,0,0,0,0,0,653,672,654,671,3,671,669,671,1,17,1,0,0,0,0,0,0,0,0,84,0.8452380952380952,84,0.0,84,0.15476190476190477,84,0.9880952380952381,84,0.011904761904761904,84,0.8452380952380952,84,0.8452380952380952,84,0.8452380952380952,0,,84,0.14285714285714285,84,0.03571428571428571,84,0.15476190476190477,0,,0,,0,,17,0.0,1,0.0,0,,0,,0.9746646795827124,0.004470938897168405,0.9970193740685543,stage_family_interface_recipe,1462.0,1536.0,1536.0,1497.0,66.0,6063.0,6144.0,1462.0,7.0,1472.0,0.0,0.9518229166666666,same family/interface/source_stage only; distinct train/eval prompt identities; no causal pairing,trend,IMAGE_CUE_FRESH,R4,,
early,88,55,0,33,83,2,55,55,57,0,0,21,88,22,88,24,88,0,0,0,0,0,0,657,704,673,699,33,699,709,699,5,40,2,0,0,0,0,0,0,0,0,88,0.625,88,0.0,88,0.375,88,0.9431818181818182,88,0.022727272727272728,88,0.625,88,0.625,88,0.6477272727272727,0,,88,0.23863636363636365,88,0.25,88,0.2727272727272727,0,,0,,0,,40,0.0,2,0.0,0,,0,,0.9628040057224606,0.04721030042918455,1.0143061516452074,stage_family_interface_recipe,1496.0,1536.0,1536.0,1500.0,26.0,6097.0,6144.0,1500.0,11.0,1515.0,4.0,0.9739583333333334,same family/interface/source_stage only; distinct train/eval prompt identities; no causal pairing,duplicate_encoding,SYMBOLIC_FRESH,R5,,
early,88,88,0,0,88,0,88,88,88,0,0,0,88,0,88,0,88,0,0,0,0,0,0,704,704,704,704,0,704,704,704,0,0,0,0,0,0,0,0,0,0,0,88,1.0,88,0.0,88,0.0,88,1.0,88,0.0,88,1.0,88,1.0,88,1.0,0,,88,0.0,88,0.0,88,0.0,0,,0,,0,,0,,0,,0,,0,,1.0,0.0,1.0,stage_family_interface_recipe,1535.0,1536.0,1536.0,1535.0,1.0,6143.0,6144.0,1535.0,0.0,1535.0,0.0,0.9993489583333334,same family/interface/source_stage only; distinct train/eval prompt identities; no causal pairing,duplicate_encoding,IMAGE_CUE_FRESH,R5,,
early,84,13,36,35,68,18,16,16,32,10,36,43,84,64,84,62,84,10,36,34,36,33,36,272,672,311,642,471,642,939,642,30,334,36,31,36,6,18,19,250,27,27,84,0.15476190476190477,84,0.42857142857142855,84,0.4166666666666667,84,0.8095238095238095,84,0.21428571428571427,84,0.19047619047619047,84,0.19047619047619047,84,0.38095238095238093,36,0.2777777777777778,84,0.5119047619047619,84,0.7619047619047619,84,0.7380952380952381,36,0.2777777777777778,36,0.9444444444444444,36,0.9166666666666666,334,0.09281437125748503,36,1.0,250,0.076,27,1.0,0.48442367601246106,0.7336448598130841,1.4626168224299065,stage_family_interface_recipe,517.0,1536.0,1495.0,1006.6666666666666,614.0,4672.0,6144.0,547.0,360.0,976.0,3.0,0.3365885416666667,same family/interface/source_stage only; distinct train/eval prompt identities; no causal pairing,cross_series,SYMBOLIC_FRESH,R5,,
early,84,80,0,4,84,0,80,80,80,0,0,2,84,4,84,3,84,0,0,0,0,0,0,666,672,670,672,10,672,681,672,0,6,0,0,0,0,0,0,0,0,0,84,0.9523809523809523,84,0.0,84,0.047619047619047616,84,1.0,84,0.0,84,0.9523809523809523,84,0.9523809523809523,84,0.9523809523809523,0,,84,0.023809523809523808,84,0.047619047619047616,84,0.03571428571428571,0,,0,,0,,6,0.0,0,,0,,0,,0.9970238095238095,0.01488095238095238,1.0133928571428572,stage_family_interface_recipe,1534.0,1536.0,1536.0,1534.6666666666667,0.0,6142.0,6144.0,1536.0,2.0,1538.0,0.0,0.9986979166666666,same family/interface/source_stage only; distinct train/eval prompt identities; no causal pairing,cross_series,IMAGE_CUE_FRESH,R5,,
early,84,1,45,38,56,18,5,5,20,2,45,39,83,78,83,56,84,2,44,41,44,36,45,170,672,173,611,779,611,1117,611,61,415,26,78,25,15,17,78,292,17,17,84,0.011904761904761904,84,0.5357142857142857,84,0.4523809523809524,84,0.6666666666666666,84,0.21428571428571427,84,0.05952380952380952,84,0.05952380952380952,84,0.23809523809523808,45,0.044444444444444446,83,0.46987951807228917,83,0.9397590361445783,84,0.6666666666666666,44,0.045454545454545456,44,0.9318181818181818,45,0.8,415,0.18795180722891566,26,0.9615384615384616,292,0.2671232876712329,17,1.0,0.28314238952536824,1.2749590834697218,1.8281505728314238,stage_family_interface_recipe,449.0,1536.0,1451.0,712.5,237.0,3736.0,6144.0,449.0,1066.0,1647.0,116.0,0.2923177083333333,same family/interface/source_stage only; distinct train/eval prompt identities; no causal pairing,trend,SYMBOLIC_FRESH,R5,,
early,84,68,0,16,83,1,68,68,69,0,0,14,84,4,84,16,84,0,0,0,0,0,0,651,672,653,671,4,671,670,671,1,19,1,0,0,0,0,0,0,0,0,84,0.8095238095238095,84,0.0,84,0.19047619047619047,84,0.9880952380952381,84,0.011904761904761904,84,0.8095238095238095,84,0.8095238095238095,84,0.8214285714285714,0,,84,0.16666666666666666,84,0.047619047619047616,84,0.19047619047619047,0,,0,,0,,19,0.0,1,0.0,0,,0,,0.9731743666169895,0.005961251862891207,0.9985096870342772,stage_family_interface_recipe,1458.0,1536.0,1535.0,1493.5,71.0,6060.0,6144.0,1459.0,4.0,1465.0,0.0,0.94921875,same family/interface/source_stage only; distinct train/eval prompt identities; no causal pairing,trend,IMAGE_CUE_FRESH,R5,,
early,88,53,0,35,83,1,53,53,53,0,0,24,88,24,88,27,88,0,0,0,0,0,0,656,704,671,699,36,699,710,699,5,42,1,0,0,0,0,0,0,0,0,88,0.6022727272727273,88,0.0,88,0.3977272727272727,88,0.9431818181818182,88,0.011363636363636364,88,0.6022727272727273,88,0.6022727272727273,88,0.6022727272727273,0,,88,0.2727272727272727,88,0.2727272727272727,88,0.3068181818181818,0,,0,,0,,42,0.0,1,0.0,0,,0,,0.9599427753934192,0.05150214592274678,1.0157367668097281,stage_family_interface_recipe,1517.0,1536.0,1534.0,1520.0,12.0,6117.0,6144.0,1520.0,5.0,1525.0,3.0,0.9876302083333334,same family/interface/source_stage only; distinct train/eval prompt identities; no causal pairing,duplicate_encoding,SYMBOLIC_FRESH,R6,,
early,88,88,0,0,88,0,88,88,88,0,0,0,88,0,88,0,88,0,0,0,0,0,0,704,704,704,704,0,704,704,704,0,0,0,0,0,0,0,0,0,0,0,88,1.0,88,0.0,88,0.0,88,1.0,88,0.0,88,1.0,88,1.0,88,1.0,0,,88,0.0,88,0.0,88,0.0,0,,0,,0,,0,,0,,0,,0,,1.0,0.0,1.0,stage_family_interface_recipe,1536.0,1536.0,1536.0,1536.0,0.0,6144.0,6144.0,1536.0,0.0,1536.0,0.0,1.0,same family/interface/source_stage only; distinct train/eval prompt identities; no causal pairing,duplicate_encoding,IMAGE_CUE_FRESH,R6,,
early,84,13,36,35,69,19,16,16,17,10,36,43,84,64,84,62,84,10,36,34,36,33,36,268,672,305,639,502,639,971,639,33,334,37,98,36,26,18,91,248,28,28,84,0.15476190476190477,84,0.42857142857142855,84,0.4166666666666667,84,0.8214285714285714,84,0.2261904761904762,84,0.19047619047619047,84,0.19047619047619047,84,0.20238095238095238,36,0.2777777777777778,84,0.5119047619047619,84,0.7619047619047619,84,0.7380952380952381,36,0.2777777777777778,36,0.9444444444444444,36,0.9166666666666666,334,0.2934131736526946,37,0.972972972972973,248,0.36693548387096775,28,1.0,0.47730829420970267,0.7856025039123631,1.5195618153364632,stage_family_interface_recipe,497.0,1536.0,1466.0,998.6666666666666,527.0,4431.0,6144.0,563.0,530.0,1208.0,22.0,0.3235677083333333,same family/interface/source_stage only; distinct train/eval prompt identities; no causal pairing,cross_series,SYMBOLIC_FRESH,R6,,
early,84,80,0,4,84,0,80,80,80,0,0,2,84,4,84,3,84,0,0,0,0,0,0,666,672,670,672,10,672,681,672,0,6,0,0,0,0,0,0,0,0,0,84,0.9523809523809523,84,0.0,84,0.047619047619047616,84,1.0,84,0.0,84,0.9523809523809523,84,0.9523809523809523,84,0.9523809523809523,0,,84,0.023809523809523808,84,0.047619047619047616,84,0.03571428571428571,0,,0,,0,,6,0.0,0,,0,,0,,0.9970238095238095,0.01488095238095238,1.0133928571428572,stage_family_interface_recipe,1533.0,1536.0,1536.0,1535.0,0.0,6141.0,6144.0,1534.0,1.0,1537.0,0.0,0.998046875,same family/interface/source_stage only; distinct train/eval prompt identities; no causal pairing,cross_series,IMAGE_CUE_FRESH,R6,,
early,84,1,45,38,55,17,3,3,5,1,45,39,84,80,84,56,84,1,45,42,45,38,45,153,672,155,598,861,598,1200,598,74,424,21,135,21,38,17,131,285,11,11,84,0.011904761904761904,84,0.5357142857142857,84,0.4523809523809524,84,0.6547619047619048,84,0.20238095238095238,84,0.03571428571428571,84,0.03571428571428571,84,0.05952380952380952,45,0.022222222222222223,84,0.4642857142857143,84,0.9523809523809523,84,0.6666666666666666,45,0.022222222222222223,45,0.9333333333333333,45,0.8444444444444444,424,0.31839622641509435,21,1.0,285,0.45964912280701753,11,1.0,0.2591973244147157,1.439799331103679,2.0066889632107023,stage_family_interface_recipe,492.0,1536.0,1321.0,842.5,126.0,3150.0,6144.0,492.0,1305.0,1929.0,230.0,0.3203125,same family/interface/source_stage only; distinct train/eval prompt identities; no causal pairing,trend,SYMBOLIC_FRESH,R6,,
early,84,69,0,15,83,0,69,69,69,0,0,13,84,3,84,15,84,0,0,0,0,0,0,653,672,655,671,3,671,669,671,1,18,0,0,0,0,0,0,0,0,0,84,0.8214285714285714,84,0.0,84,0.17857142857142858,84,0.9880952380952381,84,0.0,84,0.8214285714285714,84,0.8214285714285714,84,0.8214285714285714,0,,84,0.15476190476190477,84,0.03571428571428571,84,0.17857142857142858,0,,0,,0,,18,0.0,0,,0,,0,,0.9761549925484352,0.004470938897168405,0.9970193740685543,stage_family_interface_recipe,1465.0,1536.0,1536.0,1496.5,60.0,6061.0,6144.0,1465.0,12.0,1479.0,0.0,0.9537760416666666,same family/interface/source_stage only; distinct train/eval prompt identities; no causal pairing,trend,IMAGE_CUE_FRESH,R6,,
early,88,55,0,33,83,1,55,55,55,0,0,21,88,22,88,24,88,0,0,0,0,0,0,657,704,673,699,34,699,710,699,5,41,1,0,0,0,0,0,0,0,0,88,0.625,88,0.0,88,0.375,88,0.9431818181818182,88,0.011363636363636364,88,0.625,88,0.625,88,0.625,0,,88,0.23863636363636365,88,0.25,88,0.2727272727272727,0,,0,,0,,41,0.0,1,0.0,0,,0,,0.9628040057224606,0.04864091559370529,1.0157367668097281,stage_family_interface_recipe,1503.0,1536.0,1536.0,1509.0,13.0,6099.0,6144.0,1509.0,18.0,1530.0,6.0,0.978515625,same family/interface/source_stage only; distinct train/eval prompt identities; no causal pairing,duplicate_encoding,SYMBOLIC_FRESH,R7,,
early,88,88,0,0,88,0,88,88,88,0,0,0,88,0,88,0,88,0,0,0,0,0,0,704,704,704,704,0,704,704,704,0,0,0,0,0,0,0,0,0,0,0,88,1.0,88,0.0,88,0.0,88,1.0,88,0.0,88,1.0,88,1.0,88,1.0,0,,88,0.0,88,0.0,88,0.0,0,,0,,0,,0,,0,,0,,0,,1.0,0.0,1.0,stage_family_interface_recipe,1535.0,1536.0,1536.0,1535.0,1.0,6143.0,6144.0,1535.0,0.0,1535.0,0.0,0.9993489583333334,same family/interface/source_stage only; distinct train/eval prompt identities; no causal pairing,duplicate_encoding,IMAGE_CUE_FRESH,R7,,
early,84,13,36,35,68,17,16,16,16,10,36,43,84,63,84,62,84,10,36,34,36,33,36,271,672,307,643,484,643,954,643,29,338,34,105,34,25,17,97,252,25,25,84,0.15476190476190477,84,0.42857142857142855,84,0.4166666666666667,84,0.8095238095238095,84,0.20238095238095238,84,0.19047619047619047,84,0.19047619047619047,84,0.19047619047619047,36,0.2777777777777778,84,0.5119047619047619,84,0.75,84,0.7380952380952381,36,0.2777777777777778,36,0.9444444444444444,36,0.9166666666666666,338,0.3106508875739645,34,1.0,252,0.38492063492063494,25,1.0,0.4774494556765163,0.7527216174183515,1.483670295489891,stage_family_interface_recipe,514.0,1536.0,1472.0,1014.6666666666666,548.0,4536.0,6144.0,571.0,451.0,1138.0,14.0,0.3346354166666667,same family/interface/source_stage only; distinct train/eval prompt identities; no causal pairing,cross_series,SYMBOLIC_FRESH,R7,,
early,84,80,0,4,84,0,80,80,80,0,0,2,84,4,84,3,84,0,0,0,0,0,0,666,672,670,672,10,672,681,672,0,6,0,0,0,0,0,0,0,0,0,84,0.9523809523809523,84,0.0,84,0.047619047619047616,84,1.0,84,0.0,84,0.9523809523809523,84,0.9523809523809523,84,0.9523809523809523,0,,84,0.023809523809523808,84,0.047619047619047616,84,0.03571428571428571,0,,0,,0,,6,0.0,0,,0,,0,,0.9970238095238095,0.01488095238095238,1.0133928571428572,stage_family_interface_recipe,1532.0,1536.0,1536.0,1534.6666666666667,1.0,6140.0,6144.0,1535.0,3.0,1538.0,0.0,0.9973958333333334,same family/interface/source_stage only; distinct train/eval prompt identities; no causal pairing,cross_series,IMAGE_CUE_FRESH,R7,,
early,84,1,47,36,52,15,4,4,4,1,47,36,83,78,83,59,84,1,46,43,46,39,47,156,672,158,595,841,595,1182,595,77,418,21,161,21,40,15,161,297,11,11,84,0.011904761904761904,84,0.5595238095238095,84,0.42857142857142855,84,0.6190476190476191,84,0.17857142857142858,84,0.047619047619047616,84,0.047619047619047616,84,0.047619047619047616,47,0.02127659574468085,83,0.43373493975903615,83,0.9397590361445783,84,0.7023809523809523,46,0.021739130434782608,46,0.9347826086956522,47,0.8297872340425532,418,0.38516746411483255,21,1.0,297,0.5420875420875421,11,1.0,0.26554621848739496,1.4134453781512606,1.9865546218487395,stage_family_interface_recipe,493.0,1536.0,1384.0,866.5,148.0,3307.0,6144.0,493.0,1338.0,1975.0,237.0,0.3209635416666667,same family/interface/source_stage only; distinct train/eval prompt identities; no causal pairing,trend,SYMBOLIC_FRESH,R7,,
early,84,71,0,13,83,0,71,71,71,0,0,12,84,2,84,13,84,0,0,0,0,0,0,653,672,654,671,2,671,668,671,1,18,0,0,0,0,0,0,0,0,0,84,0.8452380952380952,84,0.0,84,0.15476190476190477,84,0.9880952380952381,84,0.0,84,0.8452380952380952,84,0.8452380952380952,84,0.8452380952380952,0,,84,0.14285714285714285,84,0.023809523809523808,84,0.15476190476190477,0,,0,,0,,18,0.0,0,,0,,0,,0.9746646795827124,0.0029806259314456036,0.9955290611028316,stage_family_interface_recipe,1456.0,1536.0,1536.0,1493.0,73.0,6056.0,6144.0,1456.0,8.0,1465.0,1.0,0.9479166666666666,same family/interface/source_stage only; distinct train/eval prompt identities; no causal pairing,trend,IMAGE_CUE_FRESH,R7,,
early,88,57,0,31,83,2,57,57,57,0,0,21,88,22,88,23,88,0,0,0,0,0,0,657,704,672,699,33,699,709,699,5,40,2,0,0,0,0,0,0,0,0,88,0.6477272727272727,88,0.0,88,0.3522727272727273,88,0.9431818181818182,88,0.022727272727272728,88,0.6477272727272727,88,0.6477272727272727,88,0.6477272727272727,0,,88,0.23863636363636365,88,0.25,88,0.26136363636363635,0,,0,,0,,40,0.0,2,0.0,0,,0,,0.9613733905579399,0.04721030042918455,1.0143061516452074,stage_family_interface_recipe,1514.0,1536.0,1536.0,1519.0,11.0,6116.0,6144.0,1519.0,11.0,1530.0,5.0,0.9856770833333334,same family/interface/source_stage only; distinct train/eval prompt identities; no causal pairing,duplicate_encoding,SYMBOLIC_FRESH,SAW_R4,,
early,88,88,0,0,88,0,88,88,88,0,0,0,88,0,88,0,88,0,0,0,0,0,0,704,704,704,704,0,704,704,704,0,0,0,0,0,0,0,0,0,0,0,88,1.0,88,0.0,88,0.0,88,1.0,88,0.0,88,1.0,88,1.0,88,1.0,0,,88,0.0,88,0.0,88,0.0,0,,0,,0,,0,,0,,0,,0,,1.0,0.0,1.0,stage_family_interface_recipe,1536.0,1536.0,1536.0,1536.0,0.0,6144.0,6144.0,1536.0,0.0,1536.0,0.0,1.0,same family/interface/source_stage only; distinct train/eval prompt identities; no causal pairing,duplicate_encoding,IMAGE_CUE_FRESH,SAW_R4,,
early,84,13,36,35,66,17,15,15,15,10,36,44,84,63,84,62,84,10,36,34,36,34,36,272,672,307,639,476,639,941,639,33,333,34,145,21,35,11,144,247,21,26,84,0.15476190476190477,84,0.42857142857142855,84,0.4166666666666667,84,0.7857142857142857,84,0.20238095238095238,84,0.17857142857142858,84,0.17857142857142858,84,0.17857142857142858,36,0.2777777777777778,84,0.5238095238095238,84,0.75,84,0.7380952380952381,36,0.2777777777777778,36,0.9444444444444444,36,0.9444444444444444,333,0.43543543543543545,34,0.6176470588235294,247,0.582995951417004,26,0.8076923076923077,0.48043818466353677,0.7449139280125195,1.4726134585289514,stage_family_interface_recipe,512.0,1536.0,1480.0,1003.3333333333333,551.0,4550.0,6144.0,569.0,459.0,1133.0,10.0,0.3333333333333333,same family/interface/source_stage only; distinct train/eval prompt identities; no causal pairing,cross_series,SYMBOLIC_FRESH,SAW_R4,,
early,84,80,0,4,84,0,80,80,80,0,0,2,84,4,84,3,84,0,0,0,0,0,0,665,672,670,672,11,672,682,672,0,7,0,0,0,0,0,0,0,0,0,84,0.9523809523809523,84,0.0,84,0.047619047619047616,84,1.0,84,0.0,84,0.9523809523809523,84,0.9523809523809523,84,0.9523809523809523,0,,84,0.023809523809523808,84,0.047619047619047616,84,0.03571428571428571,0,,0,,0,,7,0.0,0,,0,,0,,0.9970238095238095,0.01636904761904762,1.0148809523809523,stage_family_interface_recipe,1533.0,1536.0,1536.0,1534.3333333333333,2.0,6141.0,6144.0,1534.0,1.0,1535.0,0.0,0.998046875,same family/interface/source_stage only; distinct train/eval prompt identities; no causal pairing,cross_series,IMAGE_CUE_FRESH,SAW_R4,,
early,84,1,46,37,54,15,4,4,5,1,46,37,83,79,83,56,84,1,45,43,45,38,46,161,672,163,593,800,593,1135,593,79,412,20,162,3,44,3,157,288,3,12,84,0.011904761904761904,84,0.5476190476190477,84,0.44047619047619047,84,0.6428571428571429,84,0.17857142857142858,84,0.047619047619047616,84,0.047619047619047616,84,0.05952380952380952,46,0.021739130434782608,83,0.4457831325301205,83,0.9518072289156626,84,0.6666666666666666,45,0.022222222222222223,45,0.9555555555555556,46,0.8260869565217391,412,0.3932038834951456,20,0.15,288,0.5451388888888888,12,0.25,0.2748735244519393,1.349072512647555,1.9139966273187183,stage_family_interface_recipe,482.0,1536.0,1367.0,833.5,146.0,3277.0,6144.0,482.0,1306.0,1922.0,222.0,0.3138020833333333,same family/interface/source_stage only; distinct train/eval prompt identities; no causal pairing,trend,SYMBOLIC_FRESH,SAW_R4,,
early,84,71,0,13,83,0,71,71,71,0,0,11,84,3,84,13,84,0,0,0,0,0,0,654,672,656,671,3,671,669,671,1,17,0,0,0,0,0,0,0,0,0,84,0.8452380952380952,84,0.0,84,0.15476190476190477,84,0.9880952380952381,84,0.0,84,0.8452380952380952,84,0.8452380952380952,84,0.8452380952380952,0,,84,0.13095238095238096,84,0.03571428571428571,84,0.15476190476190477,0,,0,,0,,17,0.0,0,,0,,0,,0.977645305514158,0.004470938897168405,0.9970193740685543,stage_family_interface_recipe,1450.0,1536.0,1536.0,1485.0,70.0,6046.0,6144.0,1450.0,12.0,1470.0,0.0,0.9440104166666666,same family/interface/source_stage only; distinct train/eval prompt identities; no causal pairing,trend,IMAGE_CUE_FRESH,SAW_R4,,
late,88,88,0,0,88,0,88,88,88,0,0,0,88,0,88,0,88,0,0,0,0,0,0,704,704,704,704,0,704,704,704,0,0,0,0,0,0,0,0,0,0,0,88,1.0,88,0.0,88,0.0,88,1.0,88,0.0,88,1.0,88,1.0,88,1.0,0,,88,0.0,88,0.0,88,0.0,0,,0,,0,,0,,0,,0,,0,,1.0,0.0,1.0,stage_family_interface_recipe,1536.0,1536.0,1536.0,1536.0,0.0,6144.0,6144.0,1536.0,0.0,1536.0,0.0,1.0,same family/interface/source_stage only; distinct train/eval prompt identities; no causal pairing,duplicate_encoding,SYMBOLIC_FRESH,DIRECT_REPAIR_R4,,
late,88,88,0,0,88,0,88,88,88,0,0,0,88,0,88,0,88,0,0,0,0,0,0,704,704,704,704,0,704,704,704,0,0,0,0,0,0,0,0,0,0,0,88,1.0,88,0.0,88,0.0,88,1.0,88,0.0,88,1.0,88,1.0,88,1.0,0,,88,0.0,88,0.0,88,0.0,0,,0,,0,,0,,0,,0,,0,,1.0,0.0,1.0,stage_family_interface_recipe,1536.0,1536.0,1536.0,1536.0,0.0,6144.0,6144.0,1536.0,0.0,1536.0,0.0,1.0,same family/interface/source_stage only; distinct train/eval prompt identities; no causal pairing,duplicate_encoding,IMAGE_CUE_FRESH,DIRECT_REPAIR_R4,,
late,84,43,33,8,80,9,66,66,67,0,33,5,84,13,84,17,84,0,33,9,33,9,33,383,672,393,666,155,666,560,666,6,261,22,25,7,5,3,25,242,7,17,84,0.5119047619047619,84,0.39285714285714285,84,0.09523809523809523,84,0.9523809523809523,84,0.10714285714285714,84,0.7857142857142857,84,0.7857142857142857,84,0.7976190476190477,33,0.0,84,0.05952380952380952,84,0.15476190476190477,84,0.20238095238095238,33,0.0,33,0.2727272727272727,33,0.2727272727272727,261,0.09578544061302682,22,0.3181818181818182,242,0.10330578512396695,17,0.4117647058823529,0.5900900900900901,0.23273273273273273,0.8408408408408409,stage_family_interface_recipe,598.0,1536.0,1529.0,1116.3333333333333,743.0,4969.0,6144.0,611.0,229.0,843.0,0.0,0.3893229166666667,same family/interface/source_stage only; distinct train/eval prompt identities; no causal pairing,cross_series,SYMBOLIC_FRESH,DIRECT_REPAIR_R4,,
late,84,84,0,0,84,0,84,84,84,0,0,0,84,0,84,0,84,0,0,0,0,0,0,672,672,672,672,0,672,672,672,0,0,0,0,0,0,0,0,0,0,0,84,1.0,84,0.0,84,0.0,84,1.0,84,0.0,84,1.0,84,1.0,84,1.0,0,,84,0.0,84,0.0,84,0.0,0,,0,,0,,0,,0,,0,,0,,1.0,0.0,1.0,stage_family_interface_recipe,1536.0,1536.0,1536.0,1536.0,0.0,6144.0,6144.0,1536.0,0.0,1536.0,0.0,1.0,same family/interface/source_stage only; distinct train/eval prompt identities; no causal pairing,cross_series,IMAGE_CUE_FRESH,DIRECT_REPAIR_R4,,
late,84,39,44,1,72,1,62,63,62,0,40,1,76,15,76,17,84,0,36,14,36,16,44,319,672,319,593,424,593,744,593,79,271,3,85,0,21,0,85,270,0,3,84,0.4642857142857143,84,0.5238095238095238,84,0.011904761904761904,84,0.8571428571428571,84,0.011904761904761904,84,0.7380952380952381,84,0.75,84,0.7380952380952381,44,0.0,76,0.013157894736842105,76,0.19736842105263158,84,0.20238095238095238,36,0.0,36,0.3888888888888889,44,0.36363636363636365,271,0.31365313653136534,3,0.0,270,0.3148148148148148,3,0.0,0.5379426644182125,0.715008431703204,1.254637436762226,stage_family_interface_recipe,520.0,1536.0,1413.0,907.5,305.0,3774.0,6144.0,520.0,985.0,1545.0,190.0,0.3385416666666667,same family/interface/source_stage only; distinct train/eval prompt identities; no causal pairing,trend,SYMBOLIC_FRESH,DIRECT_REPAIR_R4,,
late,84,84,0,0,84,0,84,84,84,0,0,0,84,0,84,0,84,0,0,0,0,0,0,672,672,672,672,0,672,672,672,0,0,0,0,0,0,0,0,0,0,0,84,1.0,84,0.0,84,0.0,84,1.0,84,0.0,84,1.0,84,1.0,84,1.0,0,,84,0.0,84,0.0,84,0.0,0,,0,,0,,0,,0,,0,,0,,1.0,0.0,1.0,stage_family_interface_recipe,1533.0,1536.0,1536.0,1534.5,3.0,6141.0,6144.0,1533.0,0.0,1533.0,0.0,0.998046875,same family/interface/source_stage only; distinct train/eval prompt identities; no causal pairing,trend,IMAGE_CUE_FRESH,DIRECT_REPAIR_R4,,
late,88,88,0,0,88,0,88,88,65,0,0,0,88,0,88,0,88,0,0,0,0,0,0,704,704,704,704,0,704,704,704,0,0,0,0,0,0,0,0,0,0,0,88,1.0,88,0.0,88,0.0,88,1.0,88,0.0,88,1.0,88,1.0,88,0.7386363636363636,0,,88,0.0,88,0.0,88,0.0,0,,0,,0,,0,,0,,0,,0,,1.0,0.0,1.0,stage_family_interface_recipe,1536.0,1536.0,1536.0,1536.0,0.0,6144.0,6144.0,1536.0,0.0,1536.0,0.0,1.0,same family/interface/source_stage only; distinct train/eval prompt identities; no causal pairing,duplicate_encoding,SYMBOLIC_FRESH,GDPO_R4,,
late,88,88,0,0,88,0,88,88,65,0,0,0,88,0,88,0,88,0,0,0,0,0,0,704,704,704,704,0,704,704,704,0,0,0,0,0,0,0,0,0,0,0,88,1.0,88,0.0,88,0.0,88,1.0,88,0.0,88,1.0,88,1.0,88,0.7386363636363636,0,,88,0.0,88,0.0,88,0.0,0,,0,,0,,0,,0,,0,,0,,1.0,0.0,1.0,stage_family_interface_recipe,1536.0,1536.0,1536.0,1536.0,0.0,6144.0,6144.0,1536.0,0.0,1536.0,0.0,1.0,same family/interface/source_stage only; distinct train/eval prompt identities; no causal pairing,duplicate_encoding,IMAGE_CUE_FRESH,GDPO_R4,,
late,84,42,33,9,80,6,66,66,57,0,33,6,84,12,84,17,84,0,33,8,33,8,33,377,672,389,665,167,665,569,665,7,270,18,46,4,8,1,46,245,4,13,84,0.5,84,0.39285714285714285,84,0.10714285714285714,84,0.9523809523809523,84,0.07142857142857142,84,0.7857142857142857,84,0.7857142857142857,84,0.6785714285714286,33,0.0,84,0.07142857142857142,84,0.14285714285714285,84,0.20238095238095238,33,0.0,33,0.24242424242424243,33,0.24242424242424243,270,0.17037037037037037,18,0.2222222222222222,245,0.18775510204081633,13,0.3076923076923077,0.5849624060150376,0.2511278195488722,0.8556390977443609,stage_family_interface_recipe,591.0,1536.0,1518.0,1110.6666666666667,704.0,4892.0,6144.0,619.0,281.0,907.0,0.0,0.384765625,same family/interface/source_stage only; distinct train/eval prompt identities; no causal pairing,cross_series,SYMBOLIC_FRESH,GDPO_R4,,
late,84,84,0,0,84,0,84,84,57,0,0,0,84,0,84,0,84,0,0,0,0,0,0,672,672,672,672,0,672,672,672,0,0,0,0,0,0,0,0,0,0,0,84,1.0,84,0.0,84,0.0,84,1.0,84,0.0,84,1.0,84,1.0,84,0.6785714285714286,0,,84,0.0,84,0.0,84,0.0,0,,0,,0,,0,,0,,0,,0,,1.0,0.0,1.0,stage_family_interface_recipe,1536.0,1536.0,1536.0,1536.0,0.0,6144.0,6144.0,1536.0,0.0,1536.0,0.0,1.0,same family/interface/source_stage only; distinct train/eval prompt identities; no causal pairing,cross_series,IMAGE_CUE_FRESH,GDPO_R4,,
late,84,39,44,1,71,3,55,55,47,0,40,1,76,20,76,24,84,0,36,19,36,23,44,319,672,319,587,463,587,783,587,85,264,4,126,0,29,0,126,263,0,4,84,0.4642857142857143,84,0.5238095238095238,84,0.011904761904761904,84,0.8452380952380952,84,0.03571428571428571,84,0.6547619047619048,84,0.6547619047619048,84,0.5595238095238095,44,0.0,76,0.013157894736842105,76,0.2631578947368421,84,0.2857142857142857,36,0.0,36,0.5277777777777778,44,0.5227272727272727,264,0.4772727272727273,4,0.0,263,0.4790874524714829,4,0.0,0.5434412265758092,0.7887563884156729,1.333901192504259,stage_family_interface_recipe,512.0,1536.0,1337.0,944.0,99.0,3171.0,6144.0,512.0,1352.0,1928.0,198.0,0.3333333333333333,same family/interface/source_stage only; distinct train/eval prompt identities; no causal pairing,trend,SYMBOLIC_FRESH,GDPO_R4,,
late,84,84,0,0,84,0,84,84,50,0,0,0,84,0,84,0,84,0,0,0,0,0,0,672,672,672,672,0,672,672,672,0,0,0,0,0,0,0,0,0,0,0,84,1.0,84,0.0,84,0.0,84,1.0,84,0.0,84,1.0,84,1.0,84,0.5952380952380952,0,,84,0.0,84,0.0,84,0.0,0,,0,,0,,0,,0,,0,,0,,1.0,0.0,1.0,stage_family_interface_recipe,1528.0,1536.0,1536.0,1532.0,8.0,6136.0,6144.0,1528.0,0.0,1528.0,0.0,0.9947916666666666,same family/interface/source_stage only; distinct train/eval prompt identities; no causal pairing,trend,IMAGE_CUE_FRESH,GDPO_R4,,
late,88,88,0,0,88,0,88,88,88,0,0,0,88,0,88,0,88,0,0,0,0,0,0,704,704,704,704,0,704,704,704,0,0,0,0,0,0,0,0,0,0,0,88,1.0,88,0.0,88,0.0,88,1.0,88,0.0,88,1.0,88,1.0,88,1.0,0,,88,0.0,88,0.0,88,0.0,0,,0,,0,,0,,0,,0,,0,,1.0,0.0,1.0,stage_family_interface_recipe,1536.0,1536.0,1536.0,1536.0,0.0,6144.0,6144.0,1536.0,0.0,1536.0,0.0,1.0,same family/interface/source_stage only; distinct train/eval prompt identities; no causal pairing,duplicate_encoding,SYMBOLIC_FRESH,R0,,
late,88,88,0,0,88,0,88,88,88,0,0,0,88,0,88,0,88,0,0,0,0,0,0,704,704,704,704,0,704,704,704,0,0,0,0,0,0,0,0,0,0,0,88,1.0,88,0.0,88,0.0,88,1.0,88,0.0,88,1.0,88,1.0,88,1.0,0,,88,0.0,88,0.0,88,0.0,0,,0,,0,,0,,0,,0,,0,,1.0,0.0,1.0,stage_family_interface_recipe,1536.0,1536.0,1536.0,1536.0,0.0,6144.0,6144.0,1536.0,0.0,1536.0,0.0,1.0,same family/interface/source_stage only; distinct train/eval prompt identities; no causal pairing,duplicate_encoding,IMAGE_CUE_FRESH,R0,,
late,84,43,33,8,80,6,68,68,76,0,33,5,84,12,84,16,84,0,33,8,33,8,33,381,672,393,665,164,665,572,665,7,266,18,0,0,0,0,0,245,0,13,84,0.5119047619047619,84,0.39285714285714285,84,0.09523809523809523,84,0.9523809523809523,84,0.07142857142857142,84,0.8095238095238095,84,0.8095238095238095,84,0.9047619047619048,33,0.0,84,0.05952380952380952,84,0.14285714285714285,84,0.19047619047619047,33,0.0,33,0.24242424242424243,33,0.24242424242424243,266,0.0,18,0.0,245,0.0,13,0.0,0.5909774436090226,0.24661654135338346,0.8601503759398497,stage_family_interface_recipe,594.0,1536.0,1496.0,1086.0,702.0,4868.0,6144.0,602.0,222.0,828.0,0.0,0.38671875,same family/interface/source_stage only; distinct train/eval prompt identities; no causal pairing,cross_series,SYMBOLIC_FRESH,R0,,
late,84,84,0,0,84,0,84,84,84,0,0,0,84,0,84,0,84,0,0,0,0,0,0,672,672,672,672,0,672,672,672,0,0,0,0,0,0,0,0,0,0,0,84,1.0,84,0.0,84,0.0,84,1.0,84,0.0,84,1.0,84,1.0,84,1.0,0,,84,0.0,84,0.0,84,0.0,0,,0,,0,,0,,0,,0,,0,,1.0,0.0,1.0,stage_family_interface_recipe,1536.0,1536.0,1536.0,1536.0,0.0,6144.0,6144.0,1536.0,0.0,1536.0,0.0,1.0,same family/interface/source_stage only; distinct train/eval prompt identities; no causal pairing,cross_series,IMAGE_CUE_FRESH,R0,,
late,84,40,44,0,71,3,61,61,84,0,39,0,75,16,75,19,84,0,35,16,35,19,44,320,672,320,586,447,586,767,586,86,260,6,0,0,0,0,0,260,0,6,84,0.47619047619047616,84,0.5238095238095238,84,0.0,84,0.8452380952380952,84,0.03571428571428571,84,0.7261904761904762,84,0.7261904761904762,84,1.0,44,0.0,75,0.0,75,0.21333333333333335,84,0.2261904761904762,35,0.0,35,0.45714285714285713,44,0.4318181818181818,260,0.0,6,0.0,260,0.0,6,0.0,0.5460750853242321,0.7627986348122867,1.3088737201365188,stage_family_interface_recipe,518.0,1536.0,1253.0,845.5,103.0,3178.0,6144.0,518.0,1099.0,1666.0,201.0,0.3372395833333333,same family/interface/source_stage only; distinct train/eval prompt identities; no causal pairing,trend,SYMBOLIC_FRESH,R0,,
late,84,84,0,0,84,0,84,84,84,0,0,0,84,0,84,0,84,0,0,0,0,0,0,672,672,672,672,0,672,672,672,0,0,0,0,0,0,0,0,0,0,0,84,1.0,84,0.0,84,0.0,84,1.0,84,0.0,84,1.0,84,1.0,84,1.0,0,,84,0.0,84,0.0,84,0.0,0,,0,,0,,0,,0,,0,,0,,1.0,0.0,1.0,stage_family_interface_recipe,1535.0,1536.0,1536.0,1535.5,1.0,6143.0,6144.0,1535.0,0.0,1535.0,0.0,0.9993489583333334,same family/interface/source_stage only; distinct train/eval prompt identities; no causal pairing,trend,IMAGE_CUE_FRESH,R0,,
late,88,88,0,0,88,0,88,88,88,0,0,0,88,0,88,0,88,0,0,0,0,0,0,704,704,704,704,0,704,704,704,0,0,0,0,0,0,0,0,0,0,0,88,1.0,88,0.0,88,0.0,88,1.0,88,0.0,88,1.0,88,1.0,88,1.0,0,,88,0.0,88,0.0,88,0.0,0,,0,,0,,0,,0,,0,,0,,1.0,0.0,1.0,stage_family_interface_recipe,1536.0,1536.0,1536.0,1536.0,0.0,6144.0,6144.0,1536.0,0.0,1536.0,0.0,1.0,same family/interface/source_stage only; distinct train/eval prompt identities; no causal pairing,duplicate_encoding,SYMBOLIC_FRESH,R1,,
late,88,88,0,0,88,0,88,88,88,0,0,0,88,0,88,0,88,0,0,0,0,0,0,704,704,704,704,0,704,704,704,0,0,0,0,0,0,0,0,0,0,0,88,1.0,88,0.0,88,0.0,88,1.0,88,0.0,88,1.0,88,1.0,88,1.0,0,,88,0.0,88,0.0,88,0.0,0,,0,,0,,0,,0,,0,,0,,1.0,0.0,1.0,stage_family_interface_recipe,1536.0,1536.0,1536.0,1536.0,0.0,6144.0,6144.0,1536.0,0.0,1536.0,0.0,1.0,same family/interface/source_stage only; distinct train/eval prompt identities; no causal pairing,duplicate_encoding,IMAGE_CUE_FRESH,R1,,
late,84,44,33,7,80,7,69,69,74,0,33,4,84,11,84,14,84,0,33,7,33,7,33,385,672,397,664,164,664,575,664,8,261,18,0,10,0,6,0,244,5,13,84,0.5238095238095238,84,0.39285714285714285,84,0.08333333333333333,84,0.9523809523809523,84,0.08333333333333333,84,0.8214285714285714,84,0.8214285714285714,84,0.8809523809523809,33,0.0,84,0.047619047619047616,84,0.13095238095238096,84,0.16666666666666666,33,0.0,33,0.21212121212121213,33,0.21212121212121213,261,0.0,18,0.5555555555555556,244,0.0,13,0.38461538461538464,0.5978915662650602,0.2469879518072289,0.8659638554216867,stage_family_interface_recipe,596.0,1536.0,1512.0,1091.6666666666667,713.0,4898.0,6144.0,598.0,236.0,837.0,0.0,0.3880208333333333,same family/interface/source_stage only; distinct train/eval prompt identities; no causal pairing,cross_series,SYMBOLIC_FRESH,R1,,
late,84,84,0,0,84,0,84,84,84,0,0,0,84,0,84,0,84,0,0,0,0,0,0,672,672,672,672,0,672,672,672,0,0,0,0,0,0,0,0,0,0,0,84,1.0,84,0.0,84,0.0,84,1.0,84,0.0,84,1.0,84,1.0,84,1.0,0,,84,0.0,84,0.0,84,0.0,0,,0,,0,,0,,0,,0,,0,,1.0,0.0,1.0,stage_family_interface_recipe,1536.0,1536.0,1536.0,1536.0,0.0,6144.0,6144.0,1536.0,0.0,1536.0,0.0,1.0,same family/interface/source_stage only; distinct train/eval prompt identities; no causal pairing,cross_series,IMAGE_CUE_FRESH,R1,,
late,84,40,44,0,72,6,59,59,78,0,40,0,76,17,76,20,84,0,36,17,36,20,44,320,672,320,595,443,595,763,595,77,260,15,0,15,0,6,0,260,15,15,84,0.47619047619047616,84,0.5238095238095238,84,0.0,84,0.8571428571428571,84,0.07142857142857142,84,0.7023809523809523,84,0.7023809523809523,84,0.9285714285714286,44,0.0,76,0.0,76,0.2236842105263158,84,0.23809523809523808,36,0.0,36,0.4722222222222222,44,0.45454545454545453,260,0.0,15,1.0,260,0.0,15,1.0,0.5378151260504201,0.7445378151260504,1.2823529411764707,stage_family_interface_recipe,515.0,1536.0,1339.0,852.5,208.0,3525.0,6144.0,515.0,1007.0,1577.0,178.0,0.3352864583333333,same family/interface/source_stage only; distinct train/eval prompt identities; no causal pairing,trend,SYMBOLIC_FRESH,R1,,
late,84,84,0,0,84,0,84,84,84,0,0,0,84,0,84,0,84,0,0,0,0,0,0,672,672,672,672,0,672,672,672,0,0,0,0,0,0,0,0,0,0,0,84,1.0,84,0.0,84,0.0,84,1.0,84,0.0,84,1.0,84,1.0,84,1.0,0,,84,0.0,84,0.0,84,0.0,0,,0,,0,,0,,0,,0,,0,,1.0,0.0,1.0,stage_family_interface_recipe,1533.0,1536.0,1536.0,1534.5,3.0,6141.0,6144.0,1533.0,0.0,1533.0,0.0,0.998046875,same family/interface/source_stage only; distinct train/eval prompt identities; no causal pairing,trend,IMAGE_CUE_FRESH,R1,,
late,88,88,0,0,88,0,88,88,88,0,0,0,88,0,88,0,88,0,0,0,0,0,0,704,704,704,704,0,704,704,704,0,0,0,0,0,0,0,0,0,0,0,88,1.0,88,0.0,88,0.0,88,1.0,88,0.0,88,1.0,88,1.0,88,1.0,0,,88,0.0,88,0.0,88,0.0,0,,0,,0,,0,,0,,0,,0,,1.0,0.0,1.0,stage_family_interface_recipe,1536.0,1536.0,1536.0,1536.0,0.0,6144.0,6144.0,1536.0,0.0,1536.0,0.0,1.0,same family/interface/source_stage only; distinct train/eval prompt identities; no causal pairing,duplicate_encoding,SYMBOLIC_FRESH,R2,,
late,88,88,0,0,88,0,88,88,88,0,0,0,88,0,88,0,88,0,0,0,0,0,0,704,704,704,704,0,704,704,704,0,0,0,0,0,0,0,0,0,0,0,88,1.0,88,0.0,88,0.0,88,1.0,88,0.0,88,1.0,88,1.0,88,1.0,0,,88,0.0,88,0.0,88,0.0,0,,0,,0,,0,,0,,0,,0,,1.0,0.0,1.0,stage_family_interface_recipe,1536.0,1536.0,1536.0,1536.0,0.0,6144.0,6144.0,1536.0,0.0,1536.0,0.0,1.0,same family/interface/source_stage only; distinct train/eval prompt identities; no causal pairing,duplicate_encoding,IMAGE_CUE_FRESH,R2,,
late,84,44,33,7,80,9,66,66,74,0,33,4,84,14,84,17,84,0,33,10,33,10,33,383,672,395,666,158,666,567,666,6,262,21,14,5,3,2,14,243,5,16,84,0.5238095238095238,84,0.39285714285714285,84,0.08333333333333333,84,0.9523809523809523,84,0.10714285714285714,84,0.7857142857142857,84,0.7857142857142857,84,0.8809523809523809,33,0.0,84,0.047619047619047616,84,0.16666666666666666,84,0.20238095238095238,33,0.0,33,0.30303030303030304,33,0.30303030303030304,262,0.05343511450381679,21,0.23809523809523808,243,0.05761316872427984,16,0.3125,0.5930930930930931,0.23723723723723725,0.8513513513513513,stage_family_interface_recipe,591.0,1536.0,1529.0,1091.6666666666667,717.0,4917.0,6144.0,593.0,263.0,857.0,0.0,0.384765625,same family/interface/source_stage only; distinct train/eval prompt identities; no causal pairing,cross_series,SYMBOLIC_FRESH,R2,,
late,84,84,0,0,84,0,84,84,84,0,0,0,84,0,84,0,84,0,0,0,0,0,0,672,672,672,672,0,672,672,672,0,0,0,0,0,0,0,0,0,0,0,84,1.0,84,0.0,84,0.0,84,1.0,84,0.0,84,1.0,84,1.0,84,1.0,0,,84,0.0,84,0.0,84,0.0,0,,0,,0,,0,,0,,0,,0,,1.0,0.0,1.0,stage_family_interface_recipe,1536.0,1536.0,1536.0,1536.0,0.0,6144.0,6144.0,1536.0,0.0,1536.0,0.0,1.0,same family/interface/source_stage only; distinct train/eval prompt identities; no causal pairing,cross_series,IMAGE_CUE_FRESH,R2,,
late,84,39,44,1,72,6,55,55,72,0,43,1,79,20,79,22,84,0,39,19,39,21,44,319,672,319,599,401,599,721,599,73,268,12,19,4,10,2,19,267,4,12,84,0.4642857142857143,84,0.5238095238095238,84,0.011904761904761904,84,0.8571428571428571,84,0.07142857142857142,84,0.6547619047619048,84,0.6547619047619048,84,0.8571428571428571,44,0.0,79,0.012658227848101266,79,0.25316455696202533,84,0.2619047619047619,39,0.0,39,0.48717948717948717,44,0.4772727272727273,268,0.0708955223880597,12,0.3333333333333333,267,0.07116104868913857,12,0.3333333333333333,0.5325542570951586,0.669449081803005,1.2036727879799667,stage_family_interface_recipe,511.0,1536.0,1458.0,884.0,324.0,3920.0,6144.0,511.0,965.0,1541.0,148.0,0.3326822916666667,same family/interface/source_stage only; distinct train/eval prompt identities; no causal pairing,trend,SYMBOLIC_FRESH,R2,,
late,84,84,0,0,84,0,84,84,84,0,0,0,84,0,84,0,84,0,0,0,0,0,0,672,672,672,672,0,672,672,672,0,0,0,0,0,0,0,0,0,0,0,84,1.0,84,0.0,84,0.0,84,1.0,84,0.0,84,1.0,84,1.0,84,1.0,0,,84,0.0,84,0.0,84,0.0,0,,0,,0,,0,,0,,0,,0,,1.0,0.0,1.0,stage_family_interface_recipe,1535.0,1536.0,1536.0,1535.5,1.0,6143.0,6144.0,1535.0,0.0,1535.0,0.0,0.9993489583333334,same family/interface/source_stage only; distinct train/eval prompt identities; no causal pairing,trend,IMAGE_CUE_FRESH,R2,,
late,88,88,0,0,88,0,88,88,88,0,0,0,88,0,88,0,88,0,0,0,0,0,0,704,704,704,704,0,704,704,704,0,0,0,0,0,0,0,0,0,0,0,88,1.0,88,0.0,88,0.0,88,1.0,88,0.0,88,1.0,88,1.0,88,1.0,0,,88,0.0,88,0.0,88,0.0,0,,0,,0,,0,,0,,0,,0,,1.0,0.0,1.0,stage_family_interface_recipe,1536.0,1536.0,1536.0,1536.0,0.0,6144.0,6144.0,1536.0,0.0,1536.0,0.0,1.0,same family/interface/source_stage only; distinct train/eval prompt identities; no causal pairing,duplicate_encoding,SYMBOLIC_FRESH,R3,,
late,88,88,0,0,88,0,88,88,88,0,0,0,88,0,88,0,88,0,0,0,0,0,0,704,704,704,704,0,704,704,704,0,0,0,0,0,0,0,0,0,0,0,88,1.0,88,0.0,88,0.0,88,1.0,88,0.0,88,1.0,88,1.0,88,1.0,0,,88,0.0,88,0.0,88,0.0,0,,0,,0,,0,,0,,0,,0,,1.0,0.0,1.0,stage_family_interface_recipe,1536.0,1536.0,1536.0,1536.0,0.0,6144.0,6144.0,1536.0,0.0,1536.0,0.0,1.0,same family/interface/source_stage only; distinct train/eval prompt identities; no causal pairing,duplicate_encoding,IMAGE_CUE_FRESH,R3,,
late,84,42,33,9,80,7,65,65,66,0,33,6,84,13,84,18,84,0,33,9,33,9,33,379,672,391,666,165,666,569,666,6,266,21,47,6,8,1,47,243,6,16,84,0.5,84,0.39285714285714285,84,0.10714285714285714,84,0.9523809523809523,84,0.08333333333333333,84,0.7738095238095238,84,0.7738095238095238,84,0.7857142857142857,33,0.0,84,0.07142857142857142,84,0.15476190476190477,84,0.21428571428571427,33,0.0,33,0.2727272727272727,33,0.2727272727272727,266,0.17669172932330826,21,0.2857142857142857,243,0.1934156378600823,16,0.375,0.5870870870870871,0.24774774774774774,0.8543543543543544,stage_family_interface_recipe,590.0,1536.0,1505.0,1103.6666666666667,716.0,4879.0,6144.0,611.0,247.0,861.0,0.0,0.3841145833333333,same family/interface/source_stage only; distinct train/eval prompt identities; no causal pairing,cross_series,SYMBOLIC_FRESH,R3,,
late,84,84,0,0,84,0,84,84,84,0,0,0,84,0,84,0,84,0,0,0,0,0,0,672,672,672,672,0,672,672,672,0,0,0,0,0,0,0,0,0,0,0,84,1.0,84,0.0,84,0.0,84,1.0,84,0.0,84,1.0,84,1.0,84,1.0,0,,84,0.0,84,0.0,84,0.0,0,,0,,0,,0,,0,,0,,0,,1.0,0.0,1.0,stage_family_interface_recipe,1535.0,1536.0,1535.0,1535.0,0.0,6140.0,6144.0,1535.0,0.0,1535.0,0.0,0.9993489583333334,same family/interface/source_stage only; distinct train/eval prompt identities; no causal pairing,cross_series,IMAGE_CUE_FRESH,R3,,
late,84,39,44,1,71,1,59,59,64,0,40,1,74,16,74,20,84,0,34,15,34,19,44,319,672,319,584,462,584,782,584,88,263,2,77,0,19,0,77,262,0,2,84,0.4642857142857143,84,0.5238095238095238,84,0.011904761904761904,84,0.8452380952380952,84,0.011904761904761904,84,0.7023809523809523,84,0.7023809523809523,84,0.7619047619047619,44,0.0,74,0.013513513513513514,74,0.21621621621621623,84,0.23809523809523808,34,0.0,34,0.4411764705882353,44,0.4318181818181818,263,0.29277566539923955,2,0.0,262,0.29389312977099236,2,0.0,0.5462328767123288,0.791095890410959,1.3390410958904109,stage_family_interface_recipe,526.0,1536.0,1276.0,904.0,68.0,3087.0,6144.0,526.0,1267.0,1843.0,222.0,0.3424479166666667,same family/interface/source_stage only; distinct train/eval prompt identities; no causal pairing,trend,SYMBOLIC_FRESH,R3,,
late,84,84,0,0,84,0,84,84,84,0,0,0,84,0,84,0,84,0,0,0,0,0,0,672,672,672,672,0,672,672,672,0,0,0,0,0,0,0,0,0,0,0,84,1.0,84,0.0,84,0.0,84,1.0,84,0.0,84,1.0,84,1.0,84,1.0,0,,84,0.0,84,0.0,84,0.0,0,,0,,0,,0,,0,,0,,0,,1.0,0.0,1.0,stage_family_interface_recipe,1532.0,1536.0,1536.0,1534.0,4.0,6140.0,6144.0,1532.0,0.0,1532.0,0.0,0.9973958333333334,same family/interface/source_stage only; distinct train/eval prompt identities; no causal pairing,trend,IMAGE_CUE_FRESH,R3,,
late,88,88,0,0,88,0,88,88,88,0,0,0,88,0,88,0,88,0,0,0,0,0,0,704,704,704,704,0,704,704,704,0,0,0,0,0,0,0,0,0,0,0,88,1.0,88,0.0,88,0.0,88,1.0,88,0.0,88,1.0,88,1.0,88,1.0,0,,88,0.0,88,0.0,88,0.0,0,,0,,0,,0,,0,,0,,0,,1.0,0.0,1.0,stage_family_interface_recipe,1536.0,1536.0,1536.0,1536.0,0.0,6144.0,6144.0,1536.0,0.0,1536.0,0.0,1.0,same family/interface/source_stage only; distinct train/eval prompt identities; no causal pairing,duplicate_encoding,SYMBOLIC_FRESH,R4,,
late,88,88,0,0,88,0,88,88,88,0,0,0,88,0,88,0,88,0,0,0,0,0,0,704,704,704,704,0,704,704,704,0,0,0,0,0,0,0,0,0,0,0,88,1.0,88,0.0,88,0.0,88,1.0,88,0.0,88,1.0,88,1.0,88,1.0,0,,88,0.0,88,0.0,88,0.0,0,,0,,0,,0,,0,,0,,0,,1.0,0.0,1.0,stage_family_interface_recipe,1536.0,1536.0,1536.0,1536.0,0.0,6144.0,6144.0,1536.0,0.0,1536.0,0.0,1.0,same family/interface/source_stage only; distinct train/eval prompt identities; no causal pairing,duplicate_encoding,IMAGE_CUE_FRESH,R4,,
late,84,43,33,8,80,9,66,66,67,0,33,5,84,13,84,17,84,0,33,9,33,9,33,382,672,394,667,164,667,570,667,5,262,23,44,8,7,3,44,242,8,18,84,0.5119047619047619,84,0.39285714285714285,84,0.09523809523809523,84,0.9523809523809523,84,0.10714285714285714,84,0.7857142857142857,84,0.7857142857142857,84,0.7976190476190477,33,0.0,84,0.05952380952380952,84,0.15476190476190477,84,0.20238095238095238,33,0.0,33,0.2727272727272727,33,0.2727272727272727,262,0.16793893129770993,23,0.34782608695652173,242,0.18181818181818182,18,0.4444444444444444,0.5907046476761619,0.24587706146926536,0.8545727136431784,stage_family_interface_recipe,586.0,1536.0,1511.0,1099.6666666666667,697.0,4877.0,6144.0,612.0,268.0,902.0,0.0,0.3815104166666667,same family/interface/source_stage only; distinct train/eval prompt identities; no causal pairing,cross_series,SYMBOLIC_FRESH,R4,,
late,84,84,0,0,84,0,84,84,84,0,0,0,84,0,84,0,84,0,0,0,0,0,0,672,672,672,672,0,672,672,672,0,0,0,0,0,0,0,0,0,0,0,84,1.0,84,0.0,84,0.0,84,1.0,84,0.0,84,1.0,84,1.0,84,1.0,0,,84,0.0,84,0.0,84,0.0,0,,0,,0,,0,,0,,0,,0,,1.0,0.0,1.0,stage_family_interface_recipe,1536.0,1536.0,1536.0,1536.0,0.0,6144.0,6144.0,1536.0,0.0,1536.0,0.0,1.0,same family/interface/source_stage only; distinct train/eval prompt identities; no causal pairing,cross_series,IMAGE_CUE_FRESH,R4,,
late,84,39,44,1,71,1,61,61,61,0,40,1,75,15,75,18,84,0,35,14,35,17,44,319,672,319,586,447,586,767,586,86,265,2,62,0,22,0,62,264,0,2,84,0.4642857142857143,84,0.5238095238095238,84,0.011904761904761904,84,0.8452380952380952,84,0.011904761904761904,84,0.7261904761904762,84,0.7261904761904762,84,0.7261904761904762,44,0.0,75,0.013333333333333334,75,0.2,84,0.21428571428571427,35,0.0,35,0.4,44,0.38636363636363635,265,0.2339622641509434,2,0.0,264,0.23484848484848486,2,0.0,0.5443686006825939,0.7627986348122867,1.3088737201365188,stage_family_interface_recipe,517.0,1536.0,1326.0,912.5,125.0,3231.0,6144.0,517.0,1264.0,1841.0,214.0,0.3365885416666667,same family/interface/source_stage only; distinct train/eval prompt identities; no causal pairing,trend,SYMBOLIC_FRESH,R4,,
late,84,84,0,0,84,0,84,84,84,0,0,0,84,0,84,0,84,0,0,0,0,0,0,672,672,672,672,0,672,672,672,0,0,0,0,0,0,0,0,0,0,0,84,1.0,84,0.0,84,0.0,84,1.0,84,0.0,84,1.0,84,1.0,84,1.0,0,,84,0.0,84,0.0,84,0.0,0,,0,,0,,0,,0,,0,,0,,1.0,0.0,1.0,stage_family_interface_recipe,1534.0,1536.0,1536.0,1535.0,2.0,6142.0,6144.0,1534.0,0.0,1534.0,0.0,0.9986979166666666,same family/interface/source_stage only; distinct train/eval prompt identities; no causal pairing,trend,IMAGE_CUE_FRESH,R4,,
late,88,88,0,0,88,0,88,88,88,0,0,0,88,0,88,0,88,0,0,0,0,0,0,704,704,704,704,0,704,704,704,0,0,0,0,0,0,0,0,0,0,0,88,1.0,88,0.0,88,0.0,88,1.0,88,0.0,88,1.0,88,1.0,88,1.0,0,,88,0.0,88,0.0,88,0.0,0,,0,,0,,0,,0,,0,,0,,1.0,0.0,1.0,stage_family_interface_recipe,1536.0,1536.0,1536.0,1536.0,0.0,6144.0,6144.0,1536.0,0.0,1536.0,0.0,1.0,same family/interface/source_stage only; distinct train/eval prompt identities; no causal pairing,duplicate_encoding,SYMBOLIC_FRESH,R5,,
late,88,88,0,0,88,0,88,88,88,0,0,0,88,0,88,0,88,0,0,0,0,0,0,704,704,704,704,0,704,704,704,0,0,0,0,0,0,0,0,0,0,0,88,1.0,88,0.0,88,0.0,88,1.0,88,0.0,88,1.0,88,1.0,88,1.0,0,,88,0.0,88,0.0,88,0.0,0,,0,,0,,0,,0,,0,,0,,1.0,0.0,1.0,stage_family_interface_recipe,1536.0,1536.0,1536.0,1536.0,0.0,6144.0,6144.0,1536.0,0.0,1536.0,0.0,1.0,same family/interface/source_stage only; distinct train/eval prompt identities; no causal pairing,duplicate_encoding,IMAGE_CUE_FRESH,R5,,
late,84,43,32,9,80,6,65,65,72,0,32,6,84,14,84,19,84,0,32,10,32,10,32,385,672,397,665,162,665,571,665,7,262,18,6,10,1,5,6,237,5,13,84,0.5119047619047619,84,0.38095238095238093,84,0.10714285714285714,84,0.9523809523809523,84,0.07142857142857142,84,0.7738095238095238,84,0.7738095238095238,84,0.8571428571428571,32,0.0,84,0.07142857142857142,84,0.16666666666666666,84,0.2261904761904762,32,0.0,32,0.3125,32,0.3125,262,0.022900763358778626,18,0.5555555555555556,237,0.02531645569620253,13,0.38461538461538464,0.5969924812030075,0.24360902255639097,0.8586466165413534,stage_family_interface_recipe,581.0,1536.0,1530.0,1087.6666666666667,710.0,4904.0,6144.0,589.0,275.0,871.0,0.0,0.3782552083333333,same family/interface/source_stage only; distinct train/eval prompt identities; no causal pairing,cross_series,SYMBOLIC_FRESH,R5,,
late,84,84,0,0,84,0,84,84,84,0,0,0,84,0,84,0,84,0,0,0,0,0,0,672,672,672,672,0,672,672,672,0,0,0,0,0,0,0,0,0,0,0,84,1.0,84,0.0,84,0.0,84,1.0,84,0.0,84,1.0,84,1.0,84,1.0,0,,84,0.0,84,0.0,84,0.0,0,,0,,0,,0,,0,,0,,0,,1.0,0.0,1.0,stage_family_interface_recipe,1536.0,1536.0,1536.0,1536.0,0.0,6144.0,6144.0,1536.0,0.0,1536.0,0.0,1.0,same family/interface/source_stage only; distinct train/eval prompt identities; no causal pairing,cross_series,IMAGE_CUE_FRESH,R5,,
late,84,39,44,1,72,8,56,56,66,0,43,1,79,21,79,20,84,0,39,20,39,19,44,319,672,319,602,391,602,711,602,70,265,18,20,18,10,8,20,264,18,18,84,0.4642857142857143,84,0.5238095238095238,84,0.011904761904761904,84,0.8571428571428571,84,0.09523809523809523,84,0.6666666666666666,84,0.6666666666666666,84,0.7857142857142857,44,0.0,79,0.012658227848101266,79,0.26582278481012656,84,0.23809523809523808,39,0.0,39,0.5128205128205128,44,0.4318181818181818,265,0.07547169811320754,18,1.0,264,0.07575757575757576,18,1.0,0.5299003322259136,0.6495016611295681,1.181063122923588,stage_family_interface_recipe,512.0,1536.0,1459.0,883.5,299.0,3896.0,6144.0,512.0,993.0,1569.0,155.0,0.3333333333333333,same family/interface/source_stage only; distinct train/eval prompt identities; no causal pairing,trend,SYMBOLIC_FRESH,R5,,
late,84,84,0,0,84,0,84,84,84,0,0,0,84,0,84,0,84,0,0,0,0,0,0,672,672,672,672,0,672,672,672,0,0,0,0,0,0,0,0,0,0,0,84,1.0,84,0.0,84,0.0,84,1.0,84,0.0,84,1.0,84,1.0,84,1.0,0,,84,0.0,84,0.0,84,0.0,0,,0,,0,,0,,0,,0,,0,,1.0,0.0,1.0,stage_family_interface_recipe,1535.0,1536.0,1536.0,1535.5,1.0,6143.0,6144.0,1535.0,0.0,1535.0,0.0,0.9993489583333334,same family/interface/source_stage only; distinct train/eval prompt identities; no causal pairing,trend,IMAGE_CUE_FRESH,R5,,
late,88,88,0,0,88,0,88,88,88,0,0,0,88,0,88,0,88,0,0,0,0,0,0,704,704,704,704,0,704,704,704,0,0,0,0,0,0,0,0,0,0,0,88,1.0,88,0.0,88,0.0,88,1.0,88,0.0,88,1.0,88,1.0,88,1.0,0,,88,0.0,88,0.0,88,0.0,0,,0,,0,,0,,0,,0,,0,,1.0,0.0,1.0,stage_family_interface_recipe,1536.0,1536.0,1536.0,1536.0,0.0,6144.0,6144.0,1536.0,0.0,1536.0,0.0,1.0,same family/interface/source_stage only; distinct train/eval prompt identities; no causal pairing,duplicate_encoding,SYMBOLIC_FRESH,R6,,
late,88,88,0,0,88,0,88,88,88,0,0,0,88,0,88,0,88,0,0,0,0,0,0,704,704,704,704,0,704,704,704,0,0,0,0,0,0,0,0,0,0,0,88,1.0,88,0.0,88,0.0,88,1.0,88,0.0,88,1.0,88,1.0,88,1.0,0,,88,0.0,88,0.0,88,0.0,0,,0,,0,,0,,0,,0,,0,,1.0,0.0,1.0,stage_family_interface_recipe,1536.0,1536.0,1536.0,1536.0,0.0,6144.0,6144.0,1536.0,0.0,1536.0,0.0,1.0,same family/interface/source_stage only; distinct train/eval prompt identities; no causal pairing,duplicate_encoding,IMAGE_CUE_FRESH,R6,,
late,84,42,32,10,80,7,66,66,66,0,32,7,84,11,84,17,84,0,32,7,32,7,32,381,672,393,666,162,666,565,666,6,265,20,29,11,5,5,29,236,7,15,84,0.5,84,0.38095238095238093,84,0.11904761904761904,84,0.9523809523809523,84,0.08333333333333333,84,0.7857142857142857,84,0.7857142857142857,84,0.7857142857142857,32,0.0,84,0.08333333333333333,84,0.13095238095238096,84,0.20238095238095238,32,0.0,32,0.21875,32,0.21875,265,0.10943396226415095,20,0.55,236,0.1228813559322034,15,0.4666666666666667,0.5900900900900901,0.24324324324324326,0.8483483483483484,stage_family_interface_recipe,581.0,1536.0,1509.0,1091.3333333333333,716.0,4879.0,6144.0,599.0,247.0,849.0,0.0,0.3782552083333333,same family/interface/source_stage only; distinct train/eval prompt identities; no causal pairing,cross_series,SYMBOLIC_FRESH,R6,,
late,84,84,0,0,84,0,84,84,84,0,0,0,84,0,84,0,84,0,0,0,0,0,0,672,672,672,672,0,672,672,672,0,0,0,0,0,0,0,0,0,0,0,84,1.0,84,0.0,84,0.0,84,1.0,84,0.0,84,1.0,84,1.0,84,1.0,0,,84,0.0,84,0.0,84,0.0,0,,0,,0,,0,,0,,0,,0,,1.0,0.0,1.0,stage_family_interface_recipe,1536.0,1536.0,1536.0,1536.0,0.0,6144.0,6144.0,1536.0,0.0,1536.0,0.0,1.0,same family/interface/source_stage only; distinct train/eval prompt identities; no causal pairing,cross_series,IMAGE_CUE_FRESH,R6,,
late,84,39,44,1,72,3,59,59,63,0,40,1,75,17,75,20,84,0,35,16,35,19,44,319,672,319,591,453,591,773,591,81,267,5,69,5,17,3,69,266,5,5,84,0.4642857142857143,84,0.5238095238095238,84,0.011904761904761904,84,0.8571428571428571,84,0.03571428571428571,84,0.7023809523809523,84,0.7023809523809523,84,0.75,44,0.0,75,0.013333333333333334,75,0.22666666666666666,84,0.23809523809523808,35,0.0,35,0.45714285714285713,44,0.4318181818181818,267,0.25842696629213485,5,1.0,266,0.2593984962406015,5,1.0,0.5397631133671743,0.766497461928934,1.3079526226734348,stage_family_interface_recipe,512.0,1536.0,1355.0,900.0,135.0,3328.0,6144.0,512.0,1249.0,1825.0,184.0,0.3333333333333333,same family/interface/source_stage only; distinct train/eval prompt identities; no causal pairing,trend,SYMBOLIC_FRESH,R6,,
late,84,84,0,0,84,0,84,84,84,0,0,0,84,0,84,0,84,0,0,0,0,0,0,672,672,672,672,0,672,672,672,0,0,0,0,0,0,0,0,0,0,0,84,1.0,84,0.0,84,0.0,84,1.0,84,0.0,84,1.0,84,1.0,84,1.0,0,,84,0.0,84,0.0,84,0.0,0,,0,,0,,0,,0,,0,,0,,1.0,0.0,1.0,stage_family_interface_recipe,1534.0,1536.0,1536.0,1535.0,2.0,6142.0,6144.0,1534.0,0.0,1534.0,0.0,0.9986979166666666,same family/interface/source_stage only; distinct train/eval prompt identities; no causal pairing,trend,IMAGE_CUE_FRESH,R6,,
late,88,88,0,0,88,0,88,88,88,0,0,0,88,0,88,0,88,0,0,0,0,0,0,704,704,704,704,0,704,704,704,0,0,0,0,0,0,0,0,0,0,0,88,1.0,88,0.0,88,0.0,88,1.0,88,0.0,88,1.0,88,1.0,88,1.0,0,,88,0.0,88,0.0,88,0.0,0,,0,,0,,0,,0,,0,,0,,1.0,0.0,1.0,stage_family_interface_recipe,1536.0,1536.0,1536.0,1536.0,0.0,6144.0,6144.0,1536.0,0.0,1536.0,0.0,1.0,same family/interface/source_stage only; distinct train/eval prompt identities; no causal pairing,duplicate_encoding,SYMBOLIC_FRESH,R7,,
late,88,88,0,0,88,0,88,88,88,0,0,0,88,0,88,0,88,0,0,0,0,0,0,704,704,704,704,0,704,704,704,0,0,0,0,0,0,0,0,0,0,0,88,1.0,88,0.0,88,0.0,88,1.0,88,0.0,88,1.0,88,1.0,88,1.0,0,,88,0.0,88,0.0,88,0.0,0,,0,,0,,0,,0,,0,,0,,1.0,0.0,1.0,stage_family_interface_recipe,1536.0,1536.0,1536.0,1536.0,0.0,6144.0,6144.0,1536.0,0.0,1536.0,0.0,1.0,same family/interface/source_stage only; distinct train/eval prompt identities; no causal pairing,duplicate_encoding,IMAGE_CUE_FRESH,R7,,
late,84,43,33,8,80,7,65,65,65,0,33,5,84,14,84,18,84,0,33,10,33,10,33,382,672,394,666,165,666,572,666,6,264,20,51,12,8,6,51,244,7,15,84,0.5119047619047619,84,0.39285714285714285,84,0.09523809523809523,84,0.9523809523809523,84,0.08333333333333333,84,0.7738095238095238,84,0.7738095238095238,84,0.7738095238095238,33,0.0,84,0.05952380952380952,84,0.16666666666666666,84,0.21428571428571427,33,0.0,33,0.30303030303030304,33,0.30303030303030304,264,0.19318181818181818,20,0.6,244,0.20901639344262296,15,0.4666666666666667,0.5915915915915916,0.24774774774774774,0.8588588588588588,stage_family_interface_recipe,588.0,1536.0,1519.0,1103.0,720.0,4904.0,6144.0,604.0,257.0,863.0,0.0,0.3828125,same family/interface/source_stage only; distinct train/eval prompt identities; no causal pairing,cross_series,SYMBOLIC_FRESH,R7,,
late,84,84,0,0,84,0,84,84,84,0,0,0,84,0,84,0,84,0,0,0,0,0,0,672,672,672,672,0,672,672,672,0,0,0,0,0,0,0,0,0,0,0,84,1.0,84,0.0,84,0.0,84,1.0,84,0.0,84,1.0,84,1.0,84,1.0,0,,84,0.0,84,0.0,84,0.0,0,,0,,0,,0,,0,,0,,0,,1.0,0.0,1.0,stage_family_interface_recipe,1536.0,1536.0,1536.0,1536.0,0.0,6144.0,6144.0,1536.0,0.0,1536.0,0.0,1.0,same family/interface/source_stage only; distinct train/eval prompt identities; no causal pairing,cross_series,IMAGE_CUE_FRESH,R7,,
late,84,39,44,1,72,3,61,61,61,0,40,1,76,17,76,19,84,0,36,16,36,18,44,319,672,319,593,437,593,757,593,79,267,7,67,7,19,3,67,266,7,7,84,0.4642857142857143,84,0.5238095238095238,84,0.011904761904761904,84,0.8571428571428571,84,0.03571428571428571,84,0.7261904761904762,84,0.7261904761904762,84,0.7261904761904762,44,0.0,76,0.013157894736842105,76,0.2236842105263158,84,0.2261904761904762,36,0.0,36,0.4444444444444444,44,0.4090909090909091,267,0.250936329588015,7,1.0,266,0.2518796992481203,7,1.0,0.5379426644182125,0.7369308600337268,1.2765598650927488,stage_family_interface_recipe,512.0,1536.0,1391.0,928.0,172.0,3432.0,6144.0,512.0,1253.0,1832.0,200.0,0.3333333333333333,same family/interface/source_stage only; distinct train/eval prompt identities; no causal pairing,trend,SYMBOLIC_FRESH,R7,,
late,84,84,0,0,84,0,84,84,84,0,0,0,84,0,84,0,84,0,0,0,0,0,0,672,672,672,672,0,672,672,672,0,0,0,0,0,0,0,0,0,0,0,84,1.0,84,0.0,84,0.0,84,1.0,84,0.0,84,1.0,84,1.0,84,1.0,0,,84,0.0,84,0.0,84,0.0,0,,0,,0,,0,,0,,0,,0,,1.0,0.0,1.0,stage_family_interface_recipe,1533.0,1536.0,1536.0,1534.5,3.0,6141.0,6144.0,1533.0,0.0,1533.0,0.0,0.998046875,same family/interface/source_stage only; distinct train/eval prompt identities; no causal pairing,trend,IMAGE_CUE_FRESH,R7,,
late,88,88,0,0,88,0,88,88,88,0,0,0,88,0,88,0,88,0,0,0,0,0,0,704,704,704,704,0,704,704,704,0,0,0,0,0,0,0,0,0,0,0,88,1.0,88,0.0,88,0.0,88,1.0,88,0.0,88,1.0,88,1.0,88,1.0,0,,88,0.0,88,0.0,88,0.0,0,,0,,0,,0,,0,,0,,0,,1.0,0.0,1.0,stage_family_interface_recipe,1536.0,1536.0,1536.0,1536.0,0.0,6144.0,6144.0,1536.0,0.0,1536.0,0.0,1.0,same family/interface/source_stage only; distinct train/eval prompt identities; no causal pairing,duplicate_encoding,SYMBOLIC_FRESH,SAW_R4,,
late,88,88,0,0,88,0,88,88,88,0,0,0,88,0,88,0,88,0,0,0,0,0,0,704,704,704,704,0,704,704,704,0,0,0,0,0,0,0,0,0,0,0,88,1.0,88,0.0,88,0.0,88,1.0,88,0.0,88,1.0,88,1.0,88,1.0,0,,88,0.0,88,0.0,88,0.0,0,,0,,0,,0,,0,,0,,0,,1.0,0.0,1.0,stage_family_interface_recipe,1536.0,1536.0,1536.0,1536.0,0.0,6144.0,6144.0,1536.0,0.0,1536.0,0.0,1.0,same family/interface/source_stage only; distinct train/eval prompt identities; no causal pairing,duplicate_encoding,IMAGE_CUE_FRESH,SAW_R4,,
late,84,43,33,8,80,8,66,66,67,0,33,5,84,14,84,17,84,0,33,10,33,9,33,380,672,392,666,165,666,570,666,6,265,21,49,6,9,2,49,243,6,16,84,0.5119047619047619,84,0.39285714285714285,84,0.09523809523809523,84,0.9523809523809523,84,0.09523809523809523,84,0.7857142857142857,84,0.7857142857142857,84,0.7976190476190477,33,0.0,84,0.05952380952380952,84,0.16666666666666666,84,0.20238095238095238,33,0.0,33,0.30303030303030304,33,0.2727272727272727,265,0.18490566037735848,21,0.2857142857142857,243,0.20164609053497942,16,0.375,0.5885885885885885,0.24774774774774774,0.8558558558558559,stage_family_interface_recipe,582.0,1536.0,1516.0,1101.0,698.0,4877.0,6144.0,615.0,286.0,917.0,0.0,0.37890625,same family/interface/source_stage only; distinct train/eval prompt identities; no causal pairing,cross_series,SYMBOLIC_FRESH,SAW_R4,,
late,84,84,0,0,84,0,84,84,84,0,0,0,84,0,84,0,84,0,0,0,0,0,0,672,672,672,672,0,672,672,672,0,0,0,0,0,0,0,0,0,0,0,84,1.0,84,0.0,84,0.0,84,1.0,84,0.0,84,1.0,84,1.0,84,1.0,0,,84,0.0,84,0.0,84,0.0,0,,0,,0,,0,,0,,0,,0,,1.0,0.0,1.0,stage_family_interface_recipe,1536.0,1536.0,1536.0,1536.0,0.0,6144.0,6144.0,1536.0,0.0,1536.0,0.0,1.0,same family/interface/source_stage only; distinct train/eval prompt identities; no causal pairing,cross_series,IMAGE_CUE_FRESH,SAW_R4,,
late,84,39,44,1,71,2,61,61,61,0,40,1,75,16,75,18,84,0,35,15,35,17,44,319,672,319,585,452,585,772,585,87,263,3,72,0,22,0,72,262,0,3,84,0.4642857142857143,84,0.5238095238095238,84,0.011904761904761904,84,0.8452380952380952,84,0.023809523809523808,84,0.7261904761904762,84,0.7261904761904762,84,0.7261904761904762,44,0.0,75,0.013333333333333334,75,0.21333333333333335,84,0.21428571428571427,35,0.0,35,0.42857142857142855,44,0.38636363636363635,263,0.2737642585551331,3,0.0,262,0.2748091603053435,3,0.0,0.5452991452991452,0.7726495726495727,1.3196581196581196,stage_family_interface_recipe,517.0,1536.0,1328.0,918.5,100.0,3181.0,6144.0,517.0,1320.0,1900.0,218.0,0.3365885416666667,same family/interface/source_stage only; distinct train/eval prompt identities; no causal pairing,trend,SYMBOLIC_FRESH,SAW_R4,,
late,84,84,0,0,84,0,84,84,84,0,0,0,84,0,84,0,84,0,0,0,0,0,0,672,672,672,672,0,672,672,672,0,0,0,0,0,0,0,0,0,0,0,84,1.0,84,0.0,84,0.0,84,1.0,84,0.0,84,1.0,84,1.0,84,1.0,0,,84,0.0,84,0.0,84,0.0,0,,0,,0,,0,,0,,0,,0,,1.0,0.0,1.0,stage_family_interface_recipe,1535.0,1536.0,1536.0,1535.5,1.0,6143.0,6144.0,1535.0,0.0,1535.0,0.0,0.9993489583333334,same family/interface/source_stage only; distinct train/eval prompt identities; no causal pairing,trend,IMAGE_CUE_FRESH,SAW_R4,,
early,1408,721,202,485,1187,167,736,738,717,91,202,520,1408,572,1408,620,1408,91,202,200,202,180,202,8140,11264,8583,10813,4781,10813,14623,10813,451,2343,330,511,204,149,104,447,1159,173,229,1408,0.5120738636363636,1408,0.1434659090909091,1408,0.3444602272727273,1408,0.8430397727272727,1408,0.11860795454545454,1408,0.5227272727272727,1408,0.5241477272727273,1408,0.5092329545454546,202,0.4504950495049505,1408,0.3693181818181818,1408,0.40625,1408,0.4403409090909091,202,0.4504950495049505,202,0.9900990099009901,202,0.8910891089108911,2343,0.21809645753307724,330,0.6181818181818182,1159,0.3856773080241588,229,0.7554585152838428,0.7937667622306483,0.442152964024785,1.3523536483862018,stage_time,,,,,,,,,,,,,,,,,,01-08
early,1408,787,211,410,1339,92,820,822,829,34,211,370,1408,558,1408,388,1408,34,211,193,211,174,211,8344,11264,8517,11169,3828,11169,13962,11169,95,2689,136,508,48,118,32,493,1661,8,20,1408,0.5589488636363636,1408,0.14985795454545456,1408,0.2911931818181818,1408,0.9509943181818182,1408,0.06534090909090909,1408,0.5823863636363636,1408,0.5838068181818182,1408,0.5887784090909091,211,0.16113744075829384,1408,0.2627840909090909,1408,0.3963068181818182,1408,0.2755681818181818,211,0.16113744075829384,211,0.9146919431279621,211,0.8246445497630331,2689,0.18891781331349944,136,0.35294117647058826,1661,0.29680915111378686,20,0.4,0.7625570776255708,0.34273435401557883,1.2500671501477303,stage_time,,,,,,,,,,,,,,,,,,09-16
early,1408,931,176,301,1239,35,938,939,906,0,176,280,1400,363,1400,365,1408,0,168,148,168,166,176,9263,11264,9267,10849,2529,10849,12425,10849,415,1531,55,445,37,124,21,445,1015,35,42,1408,0.6612215909090909,1408,0.125,1408,0.2137784090909091,1408,0.8799715909090909,1408,0.024857954545454544,1408,0.6661931818181818,1408,0.6669034090909091,1408,0.6434659090909091,176,0.0,1400,0.2,1400,0.2592857142857143,1408,0.25923295454545453,168,0.0,168,0.8809523809523809,176,0.9431818181818182,1531,0.2906596995427825,55,0.6727272727272727,1015,0.43842364532019706,42,0.8333333333333334,0.8541801087657849,0.23310904230804683,1.145266844870495,stage_time,,,,,,,,,,,,,,,,,,17-24
early,1408,966,308,134,1303,127,978,980,987,0,308,108,1405,361,1405,374,1408,0,305,297,305,251,308,8596,11264,8622,11044,3105,11044,11915,11044,220,2287,161,858,68,184,53,858,2101,68,153,1408,0.6860795454545454,1408,0.21875,1408,0.09517045454545454,1408,0.9254261363636364,1408,0.09019886363636363,1408,0.6946022727272727,1408,0.6960227272727273,1408,0.7009943181818182,308,0.0,1405,0.07686832740213523,1405,0.2569395017793594,1408,0.265625,305,0.0,305,0.9737704918032787,308,0.814935064935065,2287,0.375163970266725,161,0.422360248447205,2101,0.4083769633507853,153,0.4444444444444444,0.7806954002173125,0.2811481347337921,1.0788663527707352,stage_time,,,,,,,,,,,,,,,,,,25-32
late,1408,1168,176,64,1342,42,1273,1273,1259,0,165,31,1375,94,1375,126,1408,0,143,41,143,62,176,9684,11264,9814,10924,1295,10924,11145,10924,340,1176,64,144,22,46,14,144,1070,3,9,1408,0.8295454545454546,1408,0.125,1408,0.045454545454545456,1408,0.953125,1408,0.029829545454545456,1408,0.9041193181818182,1408,0.9041193181818182,1408,0.8941761363636364,176,0.0,1375,0.022545454545454546,1375,0.06836363636363636,1408,0.08948863636363637,143,0.0,143,0.2867132867132867,176,0.3522727272727273,1176,0.12244897959183673,64,0.34375,1070,0.13457943925233645,9,0.3333333333333333,0.89838886854632,0.1185463200292933,1.0202306847308678,stage_time,,,,,,,,,,,,,,,,,,01-08
late,1408,1195,185,28,1408,0,1357,1357,1350,0,185,28,1408,23,1408,51,1408,0,185,23,185,23,185,9653,11264,9653,11264,738,11264,10505,11264,0,1611,0,98,0,15,0,98,1480,0,0,1408,0.8487215909090909,1408,0.13139204545454544,1408,0.019886363636363636,1408,1.0,1408,0.0,1408,0.9637784090909091,1408,0.9637784090909091,1408,0.9588068181818182,185,0.0,1408,0.019886363636363636,1408,0.016335227272727272,1408,0.03622159090909091,185,0.0,185,0.12432432432432433,185,0.12432432432432433,1611,0.06083178150217256,0,,1480,0.06621621621621622,0,,0.8569779829545454,0.06551846590909091,0.9326171875,stage_time,,,,,,,,,,,,,,,,,,09-16
late,1408,1224,176,8,1332,31,1260,1260,1266,0,174,8,1382,91,1382,106,1408,0,150,91,150,98,176,9844,11264,9844,10918,1388,10918,11232,10918,346,926,148,308,55,88,18,308,914,55,148,1408,0.8693181818181818,1408,0.125,1408,0.005681818181818182,1408,0.9460227272727273,1408,0.022017045454545456,1408,0.8948863636363636,1408,0.8948863636363636,1408,0.8991477272727273,176,0.0,1382,0.005788712011577424,1382,0.0658465991316932,1408,0.07528409090909091,150,0.0,150,0.6066666666666667,176,0.5568181818181818,926,0.3326133909287257,148,0.3716216216216216,914,0.33698030634573306,148,0.3716216216216216,0.9016303352262319,0.12712951089943214,1.028759846125664,stage_time,,,,,,,,,,,,,,,,,,17-24
late,1408,1100,308,0,1369,45,1271,1272,1272,0,282,0,1379,123,1379,121,1408,0,279,123,279,121,308,8800,11264,8800,10989,3190,10989,11990,10989,275,2104,85,358,51,74,24,358,2104,51,85,1408,0.78125,1408,0.21875,1408,0.0,1408,0.9723011363636364,1408,0.03196022727272727,1408,0.9026988636363636,1408,0.9034090909090909,1408,0.9034090909090909,308,0.0,1379,0.0,1379,0.08919506889050036,1408,0.0859375,279,0.0,279,0.44086021505376344,308,0.39285714285714285,2104,0.17015209125475286,85,0.6,2104,0.17015209125475286,85,0.6,0.8008008008008008,0.2902902902902903,1.0910910910910911,stage_time,,,,,,,,,,,,,,,,,,25-32
early,24,12,0,12,21,1,12,12,12,0,0,9,24,8,24,11,24,0,0,0,0,0,0,171,192,176,189,15,189,193,189,3,17,1,0,0,0,0,0,0,0,0,24,0.5,24,0.0,24,0.5,24,0.875,24,0.041666666666666664,24,0.5,24,0.5,24,0.5,0,,24,0.375,24,0.3333333333333333,24,0.4583333333333333,0,,0,,0,,17,0.0,1,0.0,0,,0,,0.9312169312169312,0.07936507936507936,1.0211640211640212,stage_family_interface_recipe_time,,,,,,,,,,,,,,duplicate_encoding,SYMBOLIC_FRESH,DIRECT_REPAIR_R4,,01-08
early,24,24,0,0,24,0,24,24,24,0,0,0,24,0,24,0,24,0,0,0,0,0,0,192,192,192,192,0,192,192,192,0,0,0,0,0,0,0,0,0,0,0,24,1.0,24,0.0,24,0.0,24,1.0,24,0.0,24,1.0,24,1.0,24,1.0,0,,24,0.0,24,0.0,24,0.0,0,,0,,0,,0,,0,,0,,0,,1.0,0.0,1.0,stage_family_interface_recipe_time,,,,,,,,,,,,,,duplicate_encoding,IMAGE_CUE_FRESH,DIRECT_REPAIR_R4,,01-08
early,20,1,9,10,12,13,1,1,1,8,9,18,20,18,20,19,20,8,9,9,9,9,9,36,160,65,144,188,144,303,144,16,81,27,29,13,10,9,25,49,12,19,20,0.05,20,0.45,20,0.5,20,0.6,20,0.65,20,0.05,20,0.05,20,0.05,9,0.8888888888888888,20,0.9,20,0.9,20,0.95,9,0.8888888888888888,9,1.0,9,1.0,81,0.35802469135802467,27,0.48148148148148145,49,0.5102040816326531,19,0.631578947368421,0.4513888888888889,1.3055555555555556,2.1041666666666665,stage_family_interface_recipe_time,,,,,,,,,,,,,,cross_series,SYMBOLIC_FRESH,DIRECT_REPAIR_R4,,01-08
early,20,17,0,3,20,0,17,17,17,0,0,1,20,3,20,3,20,0,0,0,0,0,0,154,160,159,160,8,160,167,160,0,6,0,0,0,0,0,0,0,0,0,20,0.85,20,0.0,20,0.15,20,1.0,20,0.0,20,0.85,20,0.85,20,0.85,0,,20,0.05,20,0.15,20,0.15,0,,0,,0,,6,0.0,0,,0,,0,,0.99375,0.05,1.04375,stage_family_interface_recipe_time,,,,,,,,,,,,,,cross_series,IMAGE_CUE_FRESH,DIRECT_REPAIR_R4,,01-08
early,20,0,10,10,11,2,0,2,0,1,10,11,20,20,20,15,20,1,10,10,10,8,10,38,160,40,139,224,139,317,139,21,99,2,51,1,11,1,49,63,1,1,20,0.0,20,0.5,20,0.5,20,0.55,20,0.1,20,0.0,20,0.1,20,0.0,10,0.1,20,0.55,20,1.0,20,0.75,10,0.1,10,1.0,10,0.8,99,0.5151515151515151,2,0.5,63,0.7777777777777778,1,1.0,0.28776978417266186,1.6115107913669064,2.2805755395683454,stage_family_interface_recipe_time,,,,,,,,,,,,,,trend,SYMBOLIC_FRESH,DIRECT_REPAIR_R4,,01-08
early,20,12,0,8,20,0,12,12,12,0,0,8,20,3,20,8,20,0,0,0,0,0,0,147,160,148,160,3,160,160,160,0,13,0,0,0,0,0,0,0,0,0,20,0.6,20,0.0,20,0.4,20,1.0,20,0.0,20,0.6,20,0.6,20,0.6,0,,20,0.4,20,0.15,20,0.4,0,,0,,0,,13,0.0,0,,0,,0,,0.925,0.01875,1.0,stage_family_interface_recipe_time,,,,,,,,,,,,,,trend,IMAGE_CUE_FRESH,DIRECT_REPAIR_R4,,01-08
early,24,0,15,9,21,3,2,3,2,2,15,11,24,22,24,19,24,2,15,13,15,12,15,40,192,44,188,105,188,227,188,4,144,4,56,0,13,0,56,119,0,1,24,0.0,24,0.625,24,0.375,24,0.875,24,0.125,24,0.08333333333333333,24,0.125,24,0.08333333333333333,15,0.13333333333333333,24,0.4583333333333333,24,0.9166666666666666,24,0.7916666666666666,15,0.13333333333333333,15,0.8666666666666667,15,0.8,144,0.3888888888888889,4,0.0,119,0.47058823529411764,1,0.0,0.23404255319148937,0.5585106382978723,1.2074468085106382,stage_family_interface_recipe_time,,,,,,,,,,,,,,cross_series,SYMBOLIC_FRESH,DIRECT_REPAIR_R4,,09-16
early,24,23,0,1,24,0,23,23,23,0,0,1,24,1,24,0,24,0,0,0,0,0,0,191,192,191,192,3,192,195,192,0,1,0,0,0,0,0,0,0,0,0,24,0.9583333333333334,24,0.0,24,0.041666666666666664,24,1.0,24,0.0,24,0.9583333333333334,24,0.9583333333333334,24,0.9583333333333334,0,,24,0.041666666666666664,24,0.041666666666666664,24,0.0,0,,0,,0,,1,0.0,0,,0,,0,,0.9947916666666666,0.015625,1.015625,stage_family_interface_recipe_time,,,,,,,,,,,,,,cross_series,IMAGE_CUE_FRESH,DIRECT_REPAIR_R4,,09-16
early,20,1,4,15,19,5,1,2,1,1,4,16,20,19,20,8,20,1,4,4,4,3,4,70,160,71,159,196,159,325,159,1,81,8,18,0,4,0,18,32,0,0,20,0.05,20,0.2,20,0.75,20,0.95,20,0.25,20,0.05,20,0.1,20,0.05,4,0.25,20,0.8,20,0.95,20,0.4,4,0.25,4,1.0,4,0.75,81,0.2222222222222222,8,0.0,32,0.5625,0,,0.44654088050314467,1.2327044025157232,2.0440251572327046,stage_family_interface_recipe_time,,,,,,,,,,,,,,trend,SYMBOLIC_FRESH,DIRECT_REPAIR_R4,,09-16
early,20,17,0,3,19,0,17,17,17,0,0,2,20,0,20,3,20,0,0,0,0,0,0,157,160,157,159,0,159,157,159,1,2,0,0,0,0,0,0,0,0,0,20,0.85,20,0.0,20,0.15,20,0.95,20,0.0,20,0.85,20,0.85,20,0.85,0,,20,0.1,20,0.0,20,0.15,0,,0,,0,,2,0.0,0,,0,,0,,0.9874213836477987,0.0,0.9874213836477987,stage_family_interface_recipe_time,,,,,,,,,,,,,,trend,IMAGE_CUE_FRESH,DIRECT_REPAIR_R4,,09-16
early,20,12,0,8,20,0,12,12,12,0,0,3,20,7,20,3,20,0,0,0,0,0,0,148,160,157,160,11,160,169,160,0,12,0,0,0,0,0,0,0,0,0,20,0.6,20,0.0,20,0.4,20,1.0,20,0.0,20,0.6,20,0.6,20,0.6,0,,20,0.15,20,0.35,20,0.15,0,,0,,0,,12,0.0,0,,0,,0,,0.98125,0.06875,1.05625,stage_family_interface_recipe_time,,,,,,,,,,,,,,duplicate_encoding,SYMBOLIC_FRESH,DIRECT_REPAIR_R4,,09-16
early,20,20,0,0,20,0,20,20,20,0,0,0,20,0,20,0,20,0,0,0,0,0,0,160,160,160,160,0,160,160,160,0,0,0,0,0,0,0,0,0,0,0,20,1.0,20,0.0,20,0.0,20,1.0,20,0.0,20,1.0,20,1.0,20,1.0,0,,20,0.0,20,0.0,20,0.0,0,,0,,0,,0,,0,,0,,0,,1.0,0.0,1.0,stage_family_interface_recipe_time,,,,,,,,,,,,,,duplicate_encoding,IMAGE_CUE_FRESH,DIRECT_REPAIR_R4,,09-16
early,24,1,12,11,14,1,1,2,1,0,12,10,23,20,23,17,24,0,11,10,11,10,12,70,192,70,162,135,162,238,162,30,91,1,47,0,12,0,47,70,0,0,24,0.041666666666666664,24,0.5,24,0.4583333333333333,24,0.5833333333333334,24,0.041666666666666664,24,0.041666666666666664,24,0.08333333333333333,24,0.041666666666666664,12,0.0,23,0.43478260869565216,23,0.8695652173913043,24,0.7083333333333334,11,0.0,11,0.9090909090909091,12,0.8333333333333334,91,0.5164835164835165,1,0.0,70,0.6714285714285714,0,,0.43209876543209874,0.8333333333333334,1.4691358024691359,stage_family_interface_recipe_time,,,,,,,,,,,,,,trend,SYMBOLIC_FRESH,DIRECT_REPAIR_R4,,17-24
early,24,22,0,2,24,0,22,22,22,0,0,2,24,0,24,2,24,0,0,0,0,0,0,190,192,190,192,0,192,191,192,0,2,0,0,0,0,0,0,0,0,0,24,0.9166666666666666,24,0.0,24,0.08333333333333333,24,1.0,24,0.0,24,0.9166666666666666,24,0.9166666666666666,24,0.9166666666666666,0,,24,0.08333333333333333,24,0.0,24,0.08333333333333333,0,,0,,0,,2,0.0,0,,0,,0,,0.9895833333333334,0.0,0.9947916666666666,stage_family_interface_recipe_time,,,,,,,,,,,,,,trend,IMAGE_CUE_FRESH,DIRECT_REPAIR_R4,,17-24
early,20,14,0,6,18,0,14,14,14,0,0,6,20,2,20,6,20,0,0,0,0,0,0,151,160,151,158,3,158,155,158,2,7,0,0,0,0,0,0,0,0,0,20,0.7,20,0.0,20,0.3,20,0.9,20,0.0,20,0.7,20,0.7,20,0.7,0,,20,0.3,20,0.1,20,0.3,0,,0,,0,,7,0.0,0,,0,,0,,0.9556962025316456,0.0189873417721519,0.9810126582278481,stage_family_interface_recipe_time,,,,,,,,,,,,,,duplicate_encoding,SYMBOLIC_FRESH,DIRECT_REPAIR_R4,,17-24
early,20,20,0,0,20,0,20,20,20,0,0,0,20,0,20,0,20,0,0,0,0,0,0,160,160,160,160,0,160,160,160,0,0,0,0,0,0,0,0,0,0,0,20,1.0,20,0.0,20,0.0,20,1.0,20,0.0,20,1.0,20,1.0,20,1.0,0,,20,0.0,20,0.0,20,0.0,0,,0,,0,,0,,0,,0,,0,,1.0,0.0,1.0,stage_family_interface_recipe_time,,,,,,,,,,,,,,duplicate_encoding,IMAGE_CUE_FRESH,DIRECT_REPAIR_R4,,17-24
early,20,11,4,5,18,3,11,11,11,0,4,5,20,8,20,6,20,0,4,4,4,4,4,122,160,122,156,48,156,176,156,4,29,5,15,4,3,2,15,24,4,4,20,0.55,20,0.2,20,0.25,20,0.9,20,0.15,20,0.55,20,0.55,20,0.55,4,0.0,20,0.25,20,0.4,20,0.3,4,0.0,4,1.0,4,1.0,29,0.5172413793103449,5,0.8,24,0.625,4,1.0,0.782051282051282,0.3076923076923077,1.1282051282051282,stage_family_interface_recipe_time,,,,,,,,,,,,,,cross_series,SYMBOLIC_FRESH,DIRECT_REPAIR_R4,,17-24
early,20,20,0,0,20,0,20,20,20,0,0,0,20,0,20,0,20,0,0,0,0,0,0,160,160,160,160,0,160,160,160,0,0,0,0,0,0,0,0,0,0,0,20,1.0,20,0.0,20,0.0,20,1.0,20,0.0,20,1.0,20,1.0,20,1.0,0,,20,0.0,20,0.0,20,0.0,0,,0,,0,,0,,0,,0,,0,,1.0,0.0,1.0,stage_family_interface_recipe_time,,,,,,,,,,,,,,cross_series,IMAGE_CUE_FRESH,DIRECT_REPAIR_R4,,17-24
early,24,20,0,4,24,1,20,20,20,0,0,3,24,2,24,3,24,0,0,0,0,0,0,187,192,188,192,2,192,190,192,0,4,1,0,0,0,0,0,0,0,0,24,0.8333333333333334,24,0.0,24,0.16666666666666666,24,1.0,24,0.041666666666666664,24,0.8333333333333334,24,0.8333333333333334,24,0.8333333333333334,0,,24,0.125,24,0.08333333333333333,24,0.125,0,,0,,0,,4,0.0,1,0.0,0,,0,,0.9791666666666666,0.010416666666666666,0.9895833333333334,stage_family_interface_recipe_time,,,,,,,,,,,,,,duplicate_encoding,SYMBOLIC_FRESH,DIRECT_REPAIR_R4,,25-32
early,24,24,0,0,24,0,24,24,24,0,0,0,24,0,24,0,24,0,0,0,0,0,0,192,192,192,192,0,192,192,192,0,0,0,0,0,0,0,0,0,0,0,24,1.0,24,0.0,24,0.0,24,1.0,24,0.0,24,1.0,24,1.0,24,1.0,0,,24,0.0,24,0.0,24,0.0,0,,0,,0,,0,,0,,0,,0,,1.0,0.0,1.0,stage_family_interface_recipe_time,,,,,,,,,,,,,,duplicate_encoding,IMAGE_CUE_FRESH,DIRECT_REPAIR_R4,,25-32
early,20,5,8,7,20,1,8,8,8,0,8,7,20,6,20,12,20,0,8,5,8,5,8,85,160,85,160,92,160,188,160,0,74,1,5,0,1,0,5,63,0,1,20,0.25,20,0.4,20,0.35,20,1.0,20,0.05,20,0.4,20,0.4,20,0.4,8,0.0,20,0.35,20,0.3,20,0.6,8,0.0,8,0.625,8,0.625,74,0.06756756756756757,1,0.0,63,0.07936507936507936,1,0.0,0.53125,0.575,1.175,stage_family_interface_recipe_time,,,,,,,,,,,,,,cross_series,SYMBOLIC_FRESH,DIRECT_REPAIR_R4,,25-32
early,20,20,0,0,20,0,20,20,20,0,0,0,20,0,20,0,20,0,0,0,0,0,0,160,160,160,160,0,160,160,160,0,0,0,0,0,0,0,0,0,0,0,20,1.0,20,0.0,20,0.0,20,1.0,20,0.0,20,1.0,20,1.0,20,1.0,0,,20,0.0,20,0.0,20,0.0,0,,0,,0,,0,,0,,0,,0,,1.0,0.0,1.0,stage_family_interface_recipe_time,,,,,,,,,,,,,,cross_series,IMAGE_CUE_FRESH,DIRECT_REPAIR_R4,,25-32
early,20,0,20,0,14,11,0,2,0,0,20,0,20,20,20,15,20,0,20,20,20,15,20,0,160,0,151,159,151,160,151,9,137,14,92,2,20,1,92,137,2,14,20,0.0,20,1.0,20,0.0,20,0.7,20,0.55,20,0.0,20,0.1,20,0.0,20,0.0,20,0.0,20,1.0,20,0.75,20,0.0,20,1.0,20,0.75,137,0.6715328467153284,14,0.14285714285714285,137,0.6715328467153284,14,0.14285714285714285,0.0,1.0529801324503312,1.0596026490066226,stage_family_interface_recipe_time,,,,,,,,,,,,,,trend,SYMBOLIC_FRESH,DIRECT_REPAIR_R4,,25-32
early,20,19,0,1,20,0,19,19,19,0,0,0,20,1,20,1,20,0,0,0,0,0,0,159,160,160,160,1,160,161,160,0,1,0,0,0,0,0,0,0,0,0,20,0.95,20,0.0,20,0.05,20,1.0,20,0.0,20,0.95,20,0.95,20,0.95,0,,20,0.0,20,0.05,20,0.05,0,,0,,0,,1,0.0,0,,0,,0,,1.0,0.00625,1.00625,stage_family_interface_recipe_time,,,,,,,,,,,,,,trend,IMAGE_CUE_FRESH,DIRECT_REPAIR_R4,,25-32
early,24,11,0,13,21,1,11,11,2,0,0,10,24,9,24,12,24,0,0,0,0,0,0,172,192,176,189,15,189,192,189,3,16,1,0,0,0,0,0,0,0,0,24,0.4583333333333333,24,0.0,24,0.5416666666666666,24,0.875,24,0.041666666666666664,24,0.4583333333333333,24,0.4583333333333333,24,0.08333333333333333,0,,24,0.4166666666666667,24,0.375,24,0.5,0,,0,,0,,16,0.0,1,0.0,0,,0,,0.9312169312169312,0.07936507936507936,1.0158730158730158,stage_family_interface_recipe_time,,,,,,,,,,,,,,duplicate_encoding,SYMBOLIC_FRESH,GDPO_R4,,01-08
early,24,24,0,0,24,0,24,24,3,0,0,0,24,0,24,0,24,0,0,0,0,0,0,192,192,192,192,0,192,192,192,0,0,0,0,0,0,0,0,0,0,0,24,1.0,24,0.0,24,0.0,24,1.0,24,0.0,24,1.0,24,1.0,24,0.125,0,,24,0.0,24,0.0,24,0.0,0,,0,,0,,0,,0,,0,,0,,1.0,0.0,1.0,stage_family_interface_recipe_time,,,,,,,,,,,,,,duplicate_encoding,IMAGE_CUE_FRESH,GDPO_R4,,01-08
early,20,1,9,10,12,13,1,1,1,8,9,18,20,18,20,19,20,8,9,9,9,9,9,36,160,65,145,189,145,304,145,15,80,29,31,19,12,9,27,48,19,21,20,0.05,20,0.45,20,0.5,20,0.6,20,0.65,20,0.05,20,0.05,20,0.05,9,0.8888888888888888,20,0.9,20,0.9,20,0.95,9,0.8888888888888888,9,1.0,9,1.0,80,0.3875,29,0.6551724137931034,48,0.5625,21,0.9047619047619048,0.4482758620689655,1.303448275862069,2.0965517241379312,stage_family_interface_recipe_time,,,,,,,,,,,,,,cross_series,SYMBOLIC_FRESH,GDPO_R4,,01-08
early,20,17,0,3,20,0,17,17,2,0,0,1,20,3,20,3,20,0,0,0,0,0,0,154,160,159,160,8,160,167,160,0,6,0,0,0,0,0,0,0,0,0,20,0.85,20,0.0,20,0.15,20,1.0,20,0.0,20,0.85,20,0.85,20,0.1,0,,20,0.05,20,0.15,20,0.15,0,,0,,0,,6,0.0,0,,0,,0,,0.99375,0.05,1.04375,stage_family_interface_recipe_time,,,,,,,,,,,,,,cross_series,IMAGE_CUE_FRESH,GDPO_R4,,01-08
early,20,0,9,11,11,1,2,2,1,0,9,11,20,20,20,15,20,0,9,9,9,7,9,39,160,40,139,226,139,321,139,21,99,1,39,0,9,0,38,56,0,0,20,0.0,20,0.45,20,0.55,20,0.55,20,0.05,20,0.1,20,0.1,20,0.05,9,0.0,20,0.55,20,1.0,20,0.75,9,0.0,9,1.0,9,0.7777777777777778,99,0.3939393939393939,1,0.0,56,0.6785714285714286,0,,0.28776978417266186,1.6258992805755397,2.3093525179856114,stage_family_interface_recipe_time,,,,,,,,,,,,,,trend,SYMBOLIC_FRESH,GDPO_R4,,01-08
early,20,12,0,8,20,0,12,12,2,0,0,8,20,2,20,8,20,0,0,0,0,0,0,148,160,149,160,2,160,160,160,0,12,0,0,0,0,0,0,0,0,0,20,0.6,20,0.0,20,0.4,20,1.0,20,0.0,20,0.6,20,0.6,20,0.1,0,,20,0.4,20,0.1,20,0.4,0,,0,,0,,12,0.0,0,,0,,0,,0.93125,0.0125,1.0,stage_family_interface_recipe_time,,,,,,,,,,,,,,trend,IMAGE_CUE_FRESH,GDPO_R4,,01-08
early,24,0,15,9,20,3,2,2,0,2,15,11,24,22,24,20,24,2,15,13,15,13,15,37,192,43,186,118,186,246,186,6,145,4,53,0,15,0,51,118,0,1,24,0.0,24,0.625,24,0.375,24,0.8333333333333334,24,0.125,24,0.08333333333333333,24,0.08333333333333333,24,0.0,15,0.13333333333333333,24,0.4583333333333333,24,0.9166666666666666,24,0.8333333333333334,15,0.13333333333333333,15,0.8666666666666667,15,0.8666666666666667,145,0.36551724137931035,4,0.0,118,0.4322033898305085,1,0.0,0.23118279569892472,0.6344086021505376,1.3225806451612903,stage_family_interface_recipe_time,,,,,,,,,,,,,,cross_series,SYMBOLIC_FRESH,GDPO_R4,,09-16
early,24,23,0,1,24,0,23,23,7,0,0,1,24,1,24,0,24,0,0,0,0,0,0,191,192,191,192,3,192,195,192,0,1,0,0,0,0,0,0,0,0,0,24,0.9583333333333334,24,0.0,24,0.041666666666666664,24,1.0,24,0.0,24,0.9583333333333334,24,0.9583333333333334,24,0.2916666666666667,0,,24,0.041666666666666664,24,0.041666666666666664,24,0.0,0,,0,,0,,1,0.0,0,,0,,0,,0.9947916666666666,0.015625,1.015625,stage_family_interface_recipe_time,,,,,,,,,,,,,,cross_series,IMAGE_CUE_FRESH,GDPO_R4,,09-16
early,20,1,4,15,19,6,2,2,2,1,4,16,20,19,20,6,20,1,4,4,4,3,4,71,160,72,159,198,159,326,159,1,79,9,19,0,3,0,19,31,0,1,20,0.05,20,0.2,20,0.75,20,0.95,20,0.3,20,0.1,20,0.1,20,0.1,4,0.25,20,0.8,20,0.95,20,0.3,4,0.25,4,1.0,4,0.75,79,0.24050632911392406,9,0.0,31,0.6129032258064516,1,0.0,0.4528301886792453,1.2452830188679245,2.050314465408805,stage_family_interface_recipe_time,,,,,,,,,,,,,,trend,SYMBOLIC_FRESH,GDPO_R4,,09-16
early,20,17,0,3,19,0,17,17,6,0,0,2,20,0,20,3,20,0,0,0,0,0,0,157,160,157,159,0,159,157,159,1,2,0,0,0,0,0,0,0,0,0,20,0.85,20,0.0,20,0.15,20,0.95,20,0.0,20,0.85,20,0.85,20,0.3,0,,20,0.1,20,0.0,20,0.15,0,,0,,0,,2,0.0,0,,0,,0,,0.9874213836477987,0.0,0.9874213836477987,stage_family_interface_recipe_time,,,,,,,,,,,,,,trend,IMAGE_CUE_FRESH,GDPO_R4,,09-16
early,20,12,0,8,20,0,12,12,3,0,0,4,20,7,20,4,20,0,0,0,0,0,0,148,160,155,160,12,160,168,160,0,12,0,0,0,0,0,0,0,0,0,20,0.6,20,0.0,20,0.4,20,1.0,20,0.0,20,0.6,20,0.6,20,0.15,0,,20,0.2,20,0.35,20,0.2,0,,0,,0,,12,0.0,0,,0,,0,,0.96875,0.075,1.05,stage_family_interface_recipe_time,,,,,,,,,,,,,,duplicate_encoding,SYMBOLIC_FRESH,GDPO_R4,,09-16
early,20,20,0,0,20,0,20,20,5,0,0,0,20,0,20,0,20,0,0,0,0,0,0,160,160,160,160,0,160,160,160,0,0,0,0,0,0,0,0,0,0,0,20,1.0,20,0.0,20,0.0,20,1.0,20,0.0,20,1.0,20,1.0,20,0.25,0,,20,0.0,20,0.0,20,0.0,0,,0,,0,,0,,0,,0,,0,,1.0,0.0,1.0,stage_family_interface_recipe_time,,,,,,,,,,,,,,duplicate_encoding,IMAGE_CUE_FRESH,GDPO_R4,,09-16
early,24,2,12,10,15,1,3,3,2,0,12,10,23,20,23,17,24,0,11,10,11,11,12,69,192,69,165,153,165,258,165,27,95,1,46,0,12,0,46,72,0,0,24,0.08333333333333333,24,0.5,24,0.4166666666666667,24,0.625,24,0.041666666666666664,24,0.125,24,0.125,24,0.08333333333333333,12,0.0,23,0.43478260869565216,23,0.8695652173913043,24,0.7083333333333334,11,0.0,11,0.9090909090909091,12,0.9166666666666666,95,0.4842105263157895,1,0.0,72,0.6388888888888888,0,,0.41818181818181815,0.9272727272727272,1.5636363636363637,stage_family_interface_recipe_time,,,,,,,,,,,,,,trend,SYMBOLIC_FRESH,GDPO_R4,,17-24
early,24,22,0,2,24,0,22,22,3,0,0,2,24,0,24,2,24,0,0,0,0,0,0,190,192,190,192,0,192,191,192,0,2,0,0,0,0,0,0,0,0,0,24,0.9166666666666666,24,0.0,24,0.08333333333333333,24,1.0,24,0.0,24,0.9166666666666666,24,0.9166666666666666,24,0.125,0,,24,0.08333333333333333,24,0.0,24,0.08333333333333333,0,,0,,0,,2,0.0,0,,0,,0,,0.9895833333333334,0.0,0.9947916666666666,stage_family_interface_recipe_time,,,,,,,,,,,,,,trend,IMAGE_CUE_FRESH,GDPO_R4,,17-24
early,20,14,0,6,18,0,14,14,3,0,0,5,20,1,20,6,20,0,0,0,0,0,0,153,160,153,158,1,158,155,158,2,5,0,0,0,0,0,0,0,0,0,20,0.7,20,0.0,20,0.3,20,0.9,20,0.0,20,0.7,20,0.7,20,0.15,0,,20,0.25,20,0.05,20,0.3,0,,0,,0,,5,0.0,0,,0,,0,,0.9683544303797469,0.006329113924050633,0.9810126582278481,stage_family_interface_recipe_time,,,,,,,,,,,,,,duplicate_encoding,SYMBOLIC_FRESH,GDPO_R4,,17-24
early,20,20,0,0,20,0,20,20,4,0,0,0,20,0,20,0,20,0,0,0,0,0,0,160,160,160,160,0,160,160,160,0,0,0,0,0,0,0,0,0,0,0,20,1.0,20,0.0,20,0.0,20,1.0,20,0.0,20,1.0,20,1.0,20,0.2,0,,20,0.0,20,0.0,20,0.0,0,,0,,0,,0,,0,,0,,0,,1.0,0.0,1.0,stage_family_interface_recipe_time,,,,,,,,,,,,,,duplicate_encoding,IMAGE_CUE_FRESH,GDPO_R4,,17-24
early,20,9,4,7,17,2,9,9,2,0,4,7,20,11,20,7,20,0,4,4,4,4,4,119,160,119,155,56,155,183,155,5,32,4,16,4,4,2,16,23,4,4,20,0.45,20,0.2,20,0.35,20,0.85,20,0.1,20,0.45,20,0.45,20,0.1,4,0.0,20,0.35,20,0.55,20,0.35,4,0.0,4,1.0,4,1.0,32,0.5,4,1.0,23,0.6956521739130435,4,1.0,0.7677419354838709,0.36129032258064514,1.1806451612903226,stage_family_interface_recipe_time,,,,,,,,,,,,,,cross_series,SYMBOLIC_FRESH,GDPO_R4,,17-24
early,20,20,0,0,20,0,20,20,3,0,0,0,20,0,20,0,20,0,0,0,0,0,0,160,160,160,160,0,160,160,160,0,0,0,0,0,0,0,0,0,0,0,20,1.0,20,0.0,20,0.0,20,1.0,20,0.0,20,1.0,20,1.0,20,0.15,0,,20,0.0,20,0.0,20,0.0,0,,0,,0,,0,,0,,0,,0,,1.0,0.0,1.0,stage_family_interface_recipe_time,,,,,,,,,,,,,,cross_series,IMAGE_CUE_FRESH,GDPO_R4,,17-24
early,24,20,0,4,24,1,20,20,5,0,0,3,24,2,24,3,24,0,0,0,0,0,0,188,192,189,192,2,192,191,192,0,3,1,0,0,0,0,0,0,0,0,24,0.8333333333333334,24,0.0,24,0.16666666666666666,24,1.0,24,0.041666666666666664,24,0.8333333333333334,24,0.8333333333333334,24,0.20833333333333334,0,,24,0.125,24,0.08333333333333333,24,0.125,0,,0,,0,,3,0.0,1,0.0,0,,0,,0.984375,0.010416666666666666,0.9947916666666666,stage_family_interface_recipe_time,,,,,,,,,,,,,,duplicate_encoding,SYMBOLIC_FRESH,GDPO_R4,,25-32
early,24,24,0,0,24,0,24,24,5,0,0,0,24,0,24,0,24,0,0,0,0,0,0,192,192,192,192,0,192,192,192,0,0,0,0,0,0,0,0,0,0,0,24,1.0,24,0.0,24,0.0,24,1.0,24,0.0,24,1.0,24,1.0,24,0.20833333333333334,0,,24,0.0,24,0.0,24,0.0,0,,0,,0,,0,,0,,0,,0,,1.0,0.0,1.0,stage_family_interface_recipe_time,,,,,,,,,,,,,,duplicate_encoding,IMAGE_CUE_FRESH,GDPO_R4,,25-32
early,20,6,8,6,19,2,7,7,4,0,8,5,20,9,20,13,20,0,8,7,8,7,8,85,160,86,159,92,159,188,159,1,72,2,51,0,8,0,51,62,0,2,20,0.3,20,0.4,20,0.3,20,0.95,20,0.1,20,0.35,20,0.35,20,0.2,8,0.0,20,0.25,20,0.45,20,0.65,8,0.0,8,0.875,8,0.875,72,0.7083333333333334,2,0.0,62,0.8225806451612904,2,0.0,0.5408805031446541,0.5786163522012578,1.1823899371069182,stage_family_interface_recipe_time,,,,,,,,,,,,,,cross_series,SYMBOLIC_FRESH,GDPO_R4,,25-32
early,20,20,0,0,20,0,20,20,5,0,0,0,20,0,20,0,20,0,0,0,0,0,0,160,160,160,160,0,160,160,160,0,0,0,0,0,0,0,0,0,0,0,20,1.0,20,0.0,20,0.0,20,1.0,20,0.0,20,1.0,20,1.0,20,0.25,0,,20,0.0,20,0.0,20,0.0,0,,0,,0,,0,,0,,0,,0,,1.0,0.0,1.0,stage_family_interface_recipe_time,,,,,,,,,,,,,,cross_series,IMAGE_CUE_FRESH,GDPO_R4,,25-32
early,20,0,20,0,10,9,0,0,0,0,20,0,19,19,19,16,20,0,19,19,19,16,20,0,160,0,136,166,136,169,136,24,122,14,79,2,20,2,79,122,2,14,20,0.0,20,1.0,20,0.0,20,0.5,20,0.45,20,0.0,20,0.0,20,0.0,20,0.0,19,0.0,19,1.0,20,0.8,19,0.0,19,1.0,20,0.8,122,0.6475409836065574,14,0.14285714285714285,122,0.6475409836065574,14,0.14285714285714285,0.0,1.2205882352941178,1.2426470588235294,stage_family_interface_recipe_time,,,,,,,,,,,,,,trend,SYMBOLIC_FRESH,GDPO_R4,,25-32
early,20,20,0,0,20,0,20,20,2,0,0,0,20,0,20,0,20,0,0,0,0,0,0,160,160,160,160,0,160,160,160,0,0,0,0,0,0,0,0,0,0,0,20,1.0,20,0.0,20,0.0,20,1.0,20,0.0,20,1.0,20,1.0,20,0.1,0,,20,0.0,20,0.0,20,0.0,0,,0,,0,,0,,0,,0,,0,,1.0,0.0,1.0,stage_family_interface_recipe_time,,,,,,,,,,,,,,trend,IMAGE_CUE_FRESH,GDPO_R4,,25-32
early,24,11,0,13,21,1,11,11,11,0,0,10,24,9,24,12,24,0,0,0,0,0,0,172,192,176,189,15,189,192,189,3,16,1,0,0,0,0,0,0,0,0,24,0.4583333333333333,24,0.0,24,0.5416666666666666,24,0.875,24,0.041666666666666664,24,0.4583333333333333,24,0.4583333333333333,24,0.4583333333333333,0,,24,0.4166666666666667,24,0.375,24,0.5,0,,0,,0,,16,0.0,1,0.0,0,,0,,0.9312169312169312,0.07936507936507936,1.0158730158730158,stage_family_interface_recipe_time,,,,,,,,,,,,,,duplicate_encoding,SYMBOLIC_FRESH,R0,,01-08
early,24,24,0,0,24,0,24,24,24,0,0,0,24,0,24,0,24,0,0,0,0,0,0,192,192,192,192,0,192,192,192,0,0,0,0,0,0,0,0,0,0,0,24,1.0,24,0.0,24,0.0,24,1.0,24,0.0,24,1.0,24,1.0,24,1.0,0,,24,0.0,24,0.0,24,0.0,0,,0,,0,,0,,0,,0,,0,,1.0,0.0,1.0,stage_family_interface_recipe_time,,,,,,,,,,,,,,duplicate_encoding,IMAGE_CUE_FRESH,R0,,01-08
early,20,1,9,10,12,13,1,1,10,8,9,18,20,18,20,19,20,8,9,9,9,9,9,36,160,65,144,186,144,300,144,16,80,28,0,0,0,0,0,48,0,20,20,0.05,20,0.45,20,0.5,20,0.6,20,0.65,20,0.05,20,0.05,20,0.5,9,0.8888888888888888,20,0.9,20,0.9,20,0.95,9,0.8888888888888888,9,1.0,9,1.0,80,0.0,28,0.0,48,0.0,20,0.0,0.4513888888888889,1.2916666666666667,2.0833333333333335,stage_family_interface_recipe_time,,,,,,,,,,,,,,cross_series,SYMBOLIC_FRESH,R0,,01-08
early,20,18,0,2,20,0,18,18,18,0,0,0,20,2,20,2,20,0,0,0,0,0,0,155,160,160,160,5,160,165,160,0,5,0,0,0,0,0,0,0,0,0,20,0.9,20,0.0,20,0.1,20,1.0,20,0.0,20,0.9,20,0.9,20,0.9,0,,20,0.0,20,0.1,20,0.1,0,,0,,0,,5,0.0,0,,0,,0,,1.0,0.03125,1.03125,stage_family_interface_recipe_time,,,,,,,,,,,,,,cross_series,IMAGE_CUE_FRESH,R0,,01-08
early,20,0,10,10,11,2,1,1,10,0,10,10,20,20,20,15,20,0,10,10,10,8,10,39,160,39,139,222,139,315,139,21,98,2,0,0,0,0,0,62,0,2,20,0.0,20,0.5,20,0.5,20,0.55,20,0.1,20,0.05,20,0.05,20,0.5,10,0.0,20,0.5,20,1.0,20,0.75,10,0.0,10,1.0,10,0.8,98,0.0,2,0.0,62,0.0,2,0.0,0.2805755395683453,1.5971223021582734,2.2661870503597124,stage_family_interface_recipe_time,,,,,,,,,,,,,,trend,SYMBOLIC_FRESH,R0,,01-08
early,20,12,0,8,20,0,12,12,12,0,0,8,20,2,20,8,20,0,0,0,0,0,0,148,160,149,160,2,160,160,160,0,12,0,0,0,0,0,0,0,0,0,20,0.6,20,0.0,20,0.4,20,1.0,20,0.0,20,0.6,20,0.6,20,0.6,0,,20,0.4,20,0.1,20,0.4,0,,0,,0,,12,0.0,0,,0,,0,,0.93125,0.0125,1.0,stage_family_interface_recipe_time,,,,,,,,,,,,,,trend,IMAGE_CUE_FRESH,R0,,01-08
early,24,0,15,9,21,3,2,2,15,2,15,11,24,22,24,20,24,2,15,13,15,13,15,36,192,42,187,120,187,245,187,5,147,4,0,0,0,0,0,119,0,1,24,0.0,24,0.625,24,0.375,24,0.875,24,0.125,24,0.08333333333333333,24,0.08333333333333333,24,0.625,15,0.13333333333333333,24,0.4583333333333333,24,0.9166666666666666,24,0.8333333333333334,15,0.13333333333333333,15,0.8666666666666667,15,0.8666666666666667,147,0.0,4,0.0,119,0.0,1,0.0,0.22459893048128343,0.6417112299465241,1.3101604278074865,stage_family_interface_recipe_time,,,,,,,,,,,,,,cross_series,SYMBOLIC_FRESH,R0,,09-16
early,24,23,0,1,24,0,23,23,23,0,0,1,24,1,24,0,24,0,0,0,0,0,0,191,192,191,192,3,192,195,192,0,1,0,0,0,0,0,0,0,0,0,24,0.9583333333333334,24,0.0,24,0.041666666666666664,24,1.0,24,0.0,24,0.9583333333333334,24,0.9583333333333334,24,0.9583333333333334,0,,24,0.041666666666666664,24,0.041666666666666664,24,0.0,0,,0,,0,,1,0.0,0,,0,,0,,0.9947916666666666,0.015625,1.015625,stage_family_interface_recipe_time,,,,,,,,,,,,,,cross_series,IMAGE_CUE_FRESH,R0,,09-16
early,20,1,4,15,19,5,2,2,5,1,4,16,20,19,20,8,20,1,4,4,4,3,4,69,160,70,159,205,159,333,159,1,82,8,0,0,0,0,0,32,0,0,20,0.05,20,0.2,20,0.75,20,0.95,20,0.25,20,0.1,20,0.1,20,0.25,4,0.25,20,0.8,20,0.95,20,0.4,4,0.25,4,1.0,4,0.75,82,0.0,8,0.0,32,0.0,0,,0.44025157232704404,1.2893081761006289,2.0943396226415096,stage_family_interface_recipe_time,,,,,,,,,,,,,,trend,SYMBOLIC_FRESH,R0,,09-16
early,20,16,0,4,19,1,16,16,16,0,0,3,20,1,20,4,20,0,0,0,0,0,0,156,160,156,159,1,159,158,159,1,2,1,0,0,0,0,0,0,0,0,20,0.8,20,0.0,20,0.2,20,0.95,20,0.05,20,0.8,20,0.8,20,0.8,0,,20,0.15,20,0.05,20,0.2,0,,0,,0,,2,0.0,1,0.0,0,,0,,0.9811320754716981,0.006289308176100629,0.9937106918238994,stage_family_interface_recipe_time,,,,,,,,,,,,,,trend,IMAGE_CUE_FRESH,R0,,09-16
early,20,11,0,9,20,0,11,11,11,0,0,3,20,8,20,3,20,0,0,0,0,0,0,148,160,156,160,12,160,169,160,0,12,0,0,0,0,0,0,0,0,0,20,0.55,20,0.0,20,0.45,20,1.0,20,0.0,20,0.55,20,0.55,20,0.55,0,,20,0.15,20,0.4,20,0.15,0,,0,,0,,12,0.0,0,,0,,0,,0.975,0.075,1.05625,stage_family_interface_recipe_time,,,,,,,,,,,,,,duplicate_encoding,SYMBOLIC_FRESH,R0,,09-16
early,20,20,0,0,20,0,20,20,20,0,0,0,20,0,20,0,20,0,0,0,0,0,0,160,160,160,160,0,160,160,160,0,0,0,0,0,0,0,0,0,0,0,20,1.0,20,0.0,20,0.0,20,1.0,20,0.0,20,1.0,20,1.0,20,1.0,0,,20,0.0,20,0.0,20,0.0,0,,0,,0,,0,,0,,0,,0,,1.0,0.0,1.0,stage_family_interface_recipe_time,,,,,,,,,,,,,,duplicate_encoding,IMAGE_CUE_FRESH,R0,,09-16
early,24,2,12,10,13,1,3,3,14,0,12,9,23,18,23,18,24,0,11,9,11,10,12,69,192,69,160,140,160,244,160,32,90,1,0,0,0,0,0,69,0,0,24,0.08333333333333333,24,0.5,24,0.4166666666666667,24,0.5416666666666666,24,0.041666666666666664,24,0.125,24,0.125,24,0.5833333333333334,12,0.0,23,0.391304347826087,23,0.782608695652174,24,0.75,11,0.0,11,0.8181818181818182,12,0.8333333333333334,90,0.0,1,0.0,69,0.0,0,,0.43125,0.875,1.525,stage_family_interface_recipe_time,,,,,,,,,,,,,,trend,SYMBOLIC_FRESH,R0,,17-24
early,24,22,0,2,24,0,22,22,22,0,0,2,24,0,24,2,24,0,0,0,0,0,0,190,192,190,192,0,192,191,192,0,2,0,0,0,0,0,0,0,0,0,24,0.9166666666666666,24,0.0,24,0.08333333333333333,24,1.0,24,0.0,24,0.9166666666666666,24,0.9166666666666666,24,0.9166666666666666,0,,24,0.08333333333333333,24,0.0,24,0.08333333333333333,0,,0,,0,,2,0.0,0,,0,,0,,0.9895833333333334,0.0,0.9947916666666666,stage_family_interface_recipe_time,,,,,,,,,,,,,,trend,IMAGE_CUE_FRESH,R0,,17-24
early,20,14,0,6,18,0,14,14,14,0,0,5,20,1,20,6,20,0,0,0,0,0,0,153,160,153,158,1,158,155,158,2,5,0,0,0,0,0,0,0,0,0,20,0.7,20,0.0,20,0.3,20,0.9,20,0.0,20,0.7,20,0.7,20,0.7,0,,20,0.25,20,0.05,20,0.3,0,,0,,0,,5,0.0,0,,0,,0,,0.9683544303797469,0.006329113924050633,0.9810126582278481,stage_family_interface_recipe_time,,,,,,,,,,,,,,duplicate_encoding,SYMBOLIC_FRESH,R0,,17-24
early,20,20,0,0,20,0,20,20,20,0,0,0,20,0,20,0,20,0,0,0,0,0,0,160,160,160,160,0,160,160,160,0,0,0,0,0,0,0,0,0,0,0,20,1.0,20,0.0,20,0.0,20,1.0,20,0.0,20,1.0,20,1.0,20,1.0,0,,20,0.0,20,0.0,20,0.0,0,,0,,0,,0,,0,,0,,0,,1.0,0.0,1.0,stage_family_interface_recipe_time,,,,,,,,,,,,,,duplicate_encoding,IMAGE_CUE_FRESH,R0,,17-24
early,20,9,4,7,17,2,9,9,13,0,4,7,20,11,20,7,20,0,4,4,4,4,4,119,160,119,154,55,154,183,154,6,31,4,0,0,0,0,0,22,0,4,20,0.45,20,0.2,20,0.35,20,0.85,20,0.1,20,0.45,20,0.45,20,0.65,4,0.0,20,0.35,20,0.55,20,0.35,4,0.0,4,1.0,4,1.0,31,0.0,4,0.0,22,0.0,4,0.0,0.7727272727272727,0.35714285714285715,1.1883116883116882,stage_family_interface_recipe_time,,,,,,,,,,,,,,cross_series,SYMBOLIC_FRESH,R0,,17-24
early,20,20,0,0,20,0,20,20,20,0,0,0,20,0,20,0,20,0,0,0,0,0,0,160,160,160,160,0,160,160,160,0,0,0,0,0,0,0,0,0,0,0,20,1.0,20,0.0,20,0.0,20,1.0,20,0.0,20,1.0,20,1.0,20,1.0,0,,20,0.0,20,0.0,20,0.0,0,,0,,0,,0,,0,,0,,0,,1.0,0.0,1.0,stage_family_interface_recipe_time,,,,,,,,,,,,,,cross_series,IMAGE_CUE_FRESH,R0,,17-24
early,24,20,0,4,24,1,20,20,20,0,0,3,24,3,24,3,24,0,0,0,0,0,0,187,192,188,192,3,192,191,192,0,4,1,0,0,0,0,0,0,0,0,24,0.8333333333333334,24,0.0,24,0.16666666666666666,24,1.0,24,0.041666666666666664,24,0.8333333333333334,24,0.8333333333333334,24,0.8333333333333334,0,,24,0.125,24,0.125,24,0.125,0,,0,,0,,4,0.0,1,0.0,0,,0,,0.9791666666666666,0.015625,0.9947916666666666,stage_family_interface_recipe_time,,,,,,,,,,,,,,duplicate_encoding,SYMBOLIC_FRESH,R0,,25-32
early,24,24,0,0,24,0,24,24,24,0,0,0,24,0,24,0,24,0,0,0,0,0,0,192,192,192,192,0,192,192,192,0,0,0,0,0,0,0,0,0,0,0,24,1.0,24,0.0,24,0.0,24,1.0,24,0.0,24,1.0,24,1.0,24,1.0,0,,24,0.0,24,0.0,24,0.0,0,,0,,0,,0,,0,,0,,0,,1.0,0.0,1.0,stage_family_interface_recipe_time,,,,,,,,,,,,,,duplicate_encoding,IMAGE_CUE_FRESH,R0,,25-32
early,20,5,8,7,19,2,6,6,13,0,8,6,20,10,20,14,20,0,8,7,8,7,8,85,160,86,159,97,159,193,159,1,72,2,0,0,0,0,0,62,0,2,20,0.25,20,0.4,20,0.35,20,0.95,20,0.1,20,0.3,20,0.3,20,0.65,8,0.0,20,0.3,20,0.5,20,0.7,8,0.0,8,0.875,8,0.875,72,0.0,2,0.0,62,0.0,2,0.0,0.5408805031446541,0.610062893081761,1.2138364779874213,stage_family_interface_recipe_time,,,,,,,,,,,,,,cross_series,SYMBOLIC_FRESH,R0,,25-32
early,20,20,0,0,20,0,20,20,20,0,0,0,20,0,20,0,20,0,0,0,0,0,0,160,160,160,160,0,160,160,160,0,0,0,0,0,0,0,0,0,0,0,20,1.0,20,0.0,20,0.0,20,1.0,20,0.0,20,1.0,20,1.0,20,1.0,0,,20,0.0,20,0.0,20,0.0,0,,0,,0,,0,,0,,0,,0,,1.0,0.0,1.0,stage_family_interface_recipe_time,,,,,,,,,,,,,,cross_series,IMAGE_CUE_FRESH,R0,,25-32
early,20,0,20,0,11,12,1,1,20,0,20,0,20,20,20,15,20,0,20,20,20,15,20,0,160,0,146,165,146,167,146,14,129,17,0,0,0,0,0,129,0,17,20,0.0,20,1.0,20,0.0,20,0.55,20,0.6,20,0.05,20,0.05,20,1.0,20,0.0,20,0.0,20,1.0,20,0.75,20,0.0,20,1.0,20,0.75,129,0.0,17,0.0,129,0.0,17,0.0,0.0,1.13013698630137,1.143835616438356,stage_family_interface_recipe_time,,,,,,,,,,,,,,trend,SYMBOLIC_FRESH,R0,,25-32
early,20,20,0,0,20,0,20,20,20,0,0,0,20,0,20,0,20,0,0,0,0,0,0,160,160,160,160,0,160,160,160,0,0,0,0,0,0,0,0,0,0,0,20,1.0,20,0.0,20,0.0,20,1.0,20,0.0,20,1.0,20,1.0,20,1.0,0,,20,0.0,20,0.0,20,0.0,0,,0,,0,,0,,0,,0,,0,,1.0,0.0,1.0,stage_family_interface_recipe_time,,,,,,,,,,,,,,trend,IMAGE_CUE_FRESH,R0,,25-32
early,24,12,0,12,21,1,12,12,13,0,0,9,24,8,24,11,24,0,0,0,0,0,0,173,192,177,189,14,189,192,189,3,15,1,0,0,0,0,0,0,0,0,24,0.5,24,0.0,24,0.5,24,0.875,24,0.041666666666666664,24,0.5,24,0.5,24,0.5416666666666666,0,,24,0.375,24,0.3333333333333333,24,0.4583333333333333,0,,0,,0,,15,0.0,1,0.0,0,,0,,0.9365079365079365,0.07407407407407407,1.0158730158730158,stage_family_interface_recipe_time,,,,,,,,,,,,,,duplicate_encoding,SYMBOLIC_FRESH,R1,,01-08
early,24,24,0,0,24,0,24,24,24,0,0,0,24,0,24,0,24,0,0,0,0,0,0,192,192,192,192,0,192,192,192,0,0,0,0,0,0,0,0,0,0,0,24,1.0,24,0.0,24,0.0,24,1.0,24,0.0,24,1.0,24,1.0,24,1.0,0,,24,0.0,24,0.0,24,0.0,0,,0,,0,,0,,0,,0,,0,,1.0,0.0,1.0,stage_family_interface_recipe_time,,,,,,,,,,,,,,duplicate_encoding,IMAGE_CUE_FRESH,R1,,01-08
early,20,1,9,10,12,12,1,1,1,8,9,18,20,18,20,19,20,8,9,9,9,9,9,37,160,66,144,186,144,300,144,16,81,26,0,26,0,12,0,48,20,20,20,0.05,20,0.45,20,0.5,20,0.6,20,0.6,20,0.05,20,0.05,20,0.05,9,0.8888888888888888,20,0.9,20,0.9,20,0.95,9,0.8888888888888888,9,1.0,9,1.0,81,0.0,26,1.0,48,0.0,20,1.0,0.4583333333333333,1.2916666666666667,2.0833333333333335,stage_family_interface_recipe_time,,,,,,,,,,,,,,cross_series,SYMBOLIC_FRESH,R1,,01-08
early,20,17,0,3,20,0,17,17,17,0,0,1,20,3,20,3,20,0,0,0,0,0,0,154,160,159,160,8,160,167,160,0,6,0,0,0,0,0,0,0,0,0,20,0.85,20,0.0,20,0.15,20,1.0,20,0.0,20,0.85,20,0.85,20,0.85,0,,20,0.05,20,0.15,20,0.15,0,,0,,0,,6,0.0,0,,0,,0,,0.99375,0.05,1.04375,stage_family_interface_recipe_time,,,,,,,,,,,,,,cross_series,IMAGE_CUE_FRESH,R1,,01-08
early,20,0,9,11,10,1,2,2,8,0,9,11,20,20,20,16,20,0,9,9,9,7,9,38,160,38,137,220,137,311,137,23,98,1,0,1,0,1,0,55,1,1,20,0.0,20,0.45,20,0.55,20,0.5,20,0.05,20,0.1,20,0.1,20,0.4,9,0.0,20,0.55,20,1.0,20,0.8,9,0.0,9,1.0,9,0.7777777777777778,98,0.0,1,1.0,55,0.0,1,1.0,0.2773722627737226,1.6058394160583942,2.27007299270073,stage_family_interface_recipe_time,,,,,,,,,,,,,,trend,SYMBOLIC_FRESH,R1,,01-08
early,20,12,0,8,20,0,12,12,12,0,0,8,20,2,20,8,20,0,0,0,0,0,0,148,160,149,160,2,160,160,160,0,12,0,0,0,0,0,0,0,0,0,20,0.6,20,0.0,20,0.4,20,1.0,20,0.0,20,0.6,20,0.6,20,0.6,0,,20,0.4,20,0.1,20,0.4,0,,0,,0,,12,0.0,0,,0,,0,,0.93125,0.0125,1.0,stage_family_interface_recipe_time,,,,,,,,,,,,,,trend,IMAGE_CUE_FRESH,R1,,01-08
early,24,0,15,9,21,3,1,1,14,2,15,10,24,23,24,21,24,2,15,14,15,14,15,37,192,42,186,122,186,249,186,6,145,4,0,4,0,3,0,119,1,1,24,0.0,24,0.625,24,0.375,24,0.875,24,0.125,24,0.041666666666666664,24,0.041666666666666664,24,0.5833333333333334,15,0.13333333333333333,24,0.4166666666666667,24,0.9583333333333334,24,0.875,15,0.13333333333333333,15,0.9333333333333333,15,0.9333333333333333,145,0.0,4,1.0,119,0.0,1,1.0,0.22580645161290322,0.6559139784946236,1.3387096774193548,stage_family_interface_recipe_time,,,,,,,,,,,,,,cross_series,SYMBOLIC_FRESH,R1,,09-16
early,24,23,0,1,24,0,23,23,23,0,0,1,24,1,24,0,24,0,0,0,0,0,0,191,192,191,192,3,192,195,192,0,1,0,0,0,0,0,0,0,0,0,24,0.9583333333333334,24,0.0,24,0.041666666666666664,24,1.0,24,0.0,24,0.9583333333333334,24,0.9583333333333334,24,0.9583333333333334,0,,24,0.041666666666666664,24,0.041666666666666664,24,0.0,0,,0,,0,,1,0.0,0,,0,,0,,0.9947916666666666,0.015625,1.015625,stage_family_interface_recipe_time,,,,,,,,,,,,,,cross_series,IMAGE_CUE_FRESH,R1,,09-16
early,20,1,4,15,18,5,2,2,5,1,4,16,20,19,20,10,20,1,4,4,4,3,4,68,160,69,158,206,158,334,158,2,82,8,0,8,0,5,0,32,0,0,20,0.05,20,0.2,20,0.75,20,0.9,20,0.25,20,0.1,20,0.1,20,0.25,4,0.25,20,0.8,20,0.95,20,0.5,4,0.25,4,1.0,4,0.75,82,0.0,8,1.0,32,0.0,0,,0.43670886075949367,1.3037974683544304,2.1139240506329116,stage_family_interface_recipe_time,,,,,,,,,,,,,,trend,SYMBOLIC_FRESH,R1,,09-16
early,20,17,0,3,19,0,17,17,17,0,0,2,20,0,20,3,20,0,0,0,0,0,0,157,160,157,159,0,159,157,159,1,2,0,0,0,0,0,0,0,0,0,20,0.85,20,0.0,20,0.15,20,0.95,20,0.0,20,0.85,20,0.85,20,0.85,0,,20,0.1,20,0.0,20,0.15,0,,0,,0,,2,0.0,0,,0,,0,,0.9874213836477987,0.0,0.9874213836477987,stage_family_interface_recipe_time,,,,,,,,,,,,,,trend,IMAGE_CUE_FRESH,R1,,09-16
early,20,10,0,10,20,0,10,10,10,0,0,5,20,9,20,5,20,0,0,0,0,0,0,145,160,154,160,15,160,170,160,0,15,0,0,0,0,0,0,0,0,0,20,0.5,20,0.0,20,0.5,20,1.0,20,0.0,20,0.5,20,0.5,20,0.5,0,,20,0.25,20,0.45,20,0.25,0,,0,,0,,15,0.0,0,,0,,0,,0.9625,0.09375,1.0625,stage_family_interface_recipe_time,,,,,,,,,,,,,,duplicate_encoding,SYMBOLIC_FRESH,R1,,09-16
early,20,20,0,0,20,0,20,20,20,0,0,0,20,0,20,0,20,0,0,0,0,0,0,160,160,160,160,0,160,160,160,0,0,0,0,0,0,0,0,0,0,0,20,1.0,20,0.0,20,0.0,20,1.0,20,0.0,20,1.0,20,1.0,20,1.0,0,,20,0.0,20,0.0,20,0.0,0,,0,,0,,0,,0,,0,,0,,1.0,0.0,1.0,stage_family_interface_recipe_time,,,,,,,,,,,,,,duplicate_encoding,IMAGE_CUE_FRESH,R1,,09-16
early,24,0,12,12,14,1,1,1,13,0,12,11,23,21,23,18,24,0,11,10,11,11,12,66,192,66,161,157,161,264,161,31,94,1,0,0,0,0,0,69,0,0,24,0.0,24,0.5,24,0.5,24,0.5833333333333334,24,0.041666666666666664,24,0.041666666666666664,24,0.041666666666666664,24,0.5416666666666666,12,0.0,23,0.4782608695652174,23,0.9130434782608695,24,0.75,11,0.0,11,0.9090909090909091,12,0.9166666666666666,94,0.0,1,0.0,69,0.0,0,,0.40993788819875776,0.9751552795031055,1.639751552795031,stage_family_interface_recipe_time,,,,,,,,,,,,,,trend,SYMBOLIC_FRESH,R1,,17-24
early,24,22,0,2,24,0,22,22,22,0,0,2,24,0,24,2,24,0,0,0,0,0,0,190,192,190,192,0,192,191,192,0,2,0,0,0,0,0,0,0,0,0,24,0.9166666666666666,24,0.0,24,0.08333333333333333,24,1.0,24,0.0,24,0.9166666666666666,24,0.9166666666666666,24,0.9166666666666666,0,,24,0.08333333333333333,24,0.0,24,0.08333333333333333,0,,0,,0,,2,0.0,0,,0,,0,,0.9895833333333334,0.0,0.9947916666666666,stage_family_interface_recipe_time,,,,,,,,,,,,,,trend,IMAGE_CUE_FRESH,R1,,17-24
early,20,13,0,7,18,0,13,13,13,0,0,5,20,2,20,6,20,0,0,0,0,0,0,152,160,153,158,2,158,156,158,2,6,0,0,0,0,0,0,0,0,0,20,0.65,20,0.0,20,0.35,20,0.9,20,0.0,20,0.65,20,0.65,20,0.65,0,,20,0.25,20,0.1,20,0.3,0,,0,,0,,6,0.0,0,,0,,0,,0.9683544303797469,0.012658227848101266,0.9873417721518988,stage_family_interface_recipe_time,,,,,,,,,,,,,,duplicate_encoding,SYMBOLIC_FRESH,R1,,17-24
early,20,20,0,0,20,0,20,20,20,0,0,0,20,0,20,0,20,0,0,0,0,0,0,160,160,160,160,0,160,160,160,0,0,0,0,0,0,0,0,0,0,0,20,1.0,20,0.0,20,0.0,20,1.0,20,0.0,20,1.0,20,1.0,20,1.0,0,,20,0.0,20,0.0,20,0.0,0,,0,,0,,0,,0,,0,,0,,1.0,0.0,1.0,stage_family_interface_recipe_time,,,,,,,,,,,,,,duplicate_encoding,IMAGE_CUE_FRESH,R1,,17-24
early,20,8,4,8,17,2,8,8,10,0,4,8,20,12,20,8,20,0,4,4,4,4,4,118,160,118,154,58,154,186,154,6,32,4,0,4,0,2,0,22,4,4,20,0.4,20,0.2,20,0.4,20,0.85,20,0.1,20,0.4,20,0.4,20,0.5,4,0.0,20,0.4,20,0.6,20,0.4,4,0.0,4,1.0,4,1.0,32,0.0,4,1.0,22,0.0,4,1.0,0.7662337662337663,0.37662337662337664,1.2077922077922079,stage_family_interface_recipe_time,,,,,,,,,,,,,,cross_series,SYMBOLIC_FRESH,R1,,17-24
early,20,20,0,0,20,0,20,20,20,0,0,0,20,0,20,0,20,0,0,0,0,0,0,160,160,160,160,0,160,160,160,0,0,0,0,0,0,0,0,0,0,0,20,1.0,20,0.0,20,0.0,20,1.0,20,0.0,20,1.0,20,1.0,20,1.0,0,,20,0.0,20,0.0,20,0.0,0,,0,,0,,0,,0,,0,,0,,1.0,0.0,1.0,stage_family_interface_recipe_time,,,,,,,,,,,,,,cross_series,IMAGE_CUE_FRESH,R1,,17-24
early,24,19,0,5,24,1,19,19,20,0,0,4,24,2,24,4,24,0,0,0,0,0,0,186,192,187,192,2,192,189,192,0,5,1,0,0,0,0,0,0,0,0,24,0.7916666666666666,24,0.0,24,0.20833333333333334,24,1.0,24,0.041666666666666664,24,0.7916666666666666,24,0.7916666666666666,24,0.8333333333333334,0,,24,0.16666666666666666,24,0.08333333333333333,24,0.16666666666666666,0,,0,,0,,5,0.0,1,0.0,0,,0,,0.9739583333333334,0.010416666666666666,0.984375,stage_family_interface_recipe_time,,,,,,,,,,,,,,duplicate_encoding,SYMBOLIC_FRESH,R1,,25-32
early,24,24,0,0,24,0,24,24,24,0,0,0,24,0,24,0,24,0,0,0,0,0,0,192,192,192,192,0,192,192,192,0,0,0,0,0,0,0,0,0,0,0,24,1.0,24,0.0,24,0.0,24,1.0,24,0.0,24,1.0,24,1.0,24,1.0,0,,24,0.0,24,0.0,24,0.0,0,,0,,0,,0,,0,,0,,0,,1.0,0.0,1.0,stage_family_interface_recipe_time,,,,,,,,,,,,,,duplicate_encoding,IMAGE_CUE_FRESH,R1,,25-32
early,20,5,8,7,19,1,6,6,12,0,8,6,20,9,20,14,20,0,8,7,8,7,8,84,160,85,159,94,159,191,159,1,74,1,0,1,0,1,0,63,1,1,20,0.25,20,0.4,20,0.35,20,0.95,20,0.05,20,0.3,20,0.3,20,0.6,8,0.0,20,0.3,20,0.45,20,0.7,8,0.0,8,0.875,8,0.875,74,0.0,1,1.0,63,0.0,1,1.0,0.5345911949685535,0.5911949685534591,1.20125786163522,stage_family_interface_recipe_time,,,,,,,,,,,,,,cross_series,SYMBOLIC_FRESH,R1,,25-32
early,20,20,0,0,20,0,20,20,20,0,0,0,20,0,20,0,20,0,0,0,0,0,0,160,160,160,160,0,160,160,160,0,0,0,0,0,0,0,0,0,0,0,20,1.0,20,0.0,20,0.0,20,1.0,20,0.0,20,1.0,20,1.0,20,1.0,0,,20,0.0,20,0.0,20,0.0,0,,0,,0,,0,,0,,0,,0,,1.0,0.0,1.0,stage_family_interface_recipe_time,,,,,,,,,,,,,,cross_series,IMAGE_CUE_FRESH,R1,,25-32
early,20,0,20,0,11,10,1,1,10,0,20,0,20,20,20,15,20,0,20,20,20,15,20,0,160,0,145,164,145,169,145,15,131,14,0,14,0,10,0,131,14,14,20,0.0,20,1.0,20,0.0,20,0.55,20,0.5,20,0.05,20,0.05,20,0.5,20,0.0,20,0.0,20,1.0,20,0.75,20,0.0,20,1.0,20,0.75,131,0.0,14,1.0,131,0.0,14,1.0,0.0,1.1310344827586207,1.1655172413793105,stage_family_interface_recipe_time,,,,,,,,,,,,,,trend,SYMBOLIC_FRESH,R1,,25-32
early,20,19,0,1,20,0,19,19,19,0,0,0,20,1,20,1,20,0,0,0,0,0,0,159,160,160,160,1,160,161,160,0,1,0,0,0,0,0,0,0,0,0,20,0.95,20,0.0,20,0.05,20,1.0,20,0.0,20,0.95,20,0.95,20,0.95,0,,20,0.0,20,0.05,20,0.05,0,,0,,0,,1,0.0,0,,0,,0,,1.0,0.00625,1.00625,stage_family_interface_recipe_time,,,,,,,,,,,,,,trend,IMAGE_CUE_FRESH,R1,,25-32
early,24,12,0,12,21,1,12,12,12,0,0,9,24,8,24,11,24,0,0,0,0,0,0,173,192,177,189,14,189,192,189,3,15,1,0,0,0,0,0,0,0,0,24,0.5,24,0.0,24,0.5,24,0.875,24,0.041666666666666664,24,0.5,24,0.5,24,0.5,0,,24,0.375,24,0.3333333333333333,24,0.4583333333333333,0,,0,,0,,15,0.0,1,0.0,0,,0,,0.9365079365079365,0.07407407407407407,1.0158730158730158,stage_family_interface_recipe_time,,,,,,,,,,,,,,duplicate_encoding,SYMBOLIC_FRESH,R2,,01-08
early,24,24,0,0,24,0,24,24,24,0,0,0,24,0,24,0,24,0,0,0,0,0,0,192,192,192,192,0,192,192,192,0,0,0,0,0,0,0,0,0,0,0,24,1.0,24,0.0,24,0.0,24,1.0,24,0.0,24,1.0,24,1.0,24,1.0,0,,24,0.0,24,0.0,24,0.0,0,,0,,0,,0,,0,,0,,0,,1.0,0.0,1.0,stage_family_interface_recipe_time,,,,,,,,,,,,,,duplicate_encoding,IMAGE_CUE_FRESH,R2,,01-08
early,20,1,9,10,12,13,1,1,7,8,9,18,20,18,20,19,20,8,9,9,9,9,9,36,160,66,145,187,145,303,145,15,80,29,23,6,5,4,16,48,5,21,20,0.05,20,0.45,20,0.5,20,0.6,20,0.65,20,0.05,20,0.05,20,0.35,9,0.8888888888888888,20,0.9,20,0.9,20,0.95,9,0.8888888888888888,9,1.0,9,1.0,80,0.2875,29,0.20689655172413793,48,0.3333333333333333,21,0.23809523809523808,0.45517241379310347,1.289655172413793,2.089655172413793,stage_family_interface_recipe_time,,,,,,,,,,,,,,cross_series,SYMBOLIC_FRESH,R2,,01-08
early,20,17,0,3,20,0,17,17,17,0,0,1,20,3,20,3,20,0,0,0,0,0,0,155,160,159,160,7,160,166,160,0,5,0,0,0,0,0,0,0,0,0,20,0.85,20,0.0,20,0.15,20,1.0,20,0.0,20,0.85,20,0.85,20,0.85,0,,20,0.05,20,0.15,20,0.15,0,,0,,0,,5,0.0,0,,0,,0,,0.99375,0.04375,1.0375,stage_family_interface_recipe_time,,,,,,,,,,,,,,cross_series,IMAGE_CUE_FRESH,R2,,01-08
early,20,0,9,11,11,2,2,2,3,1,9,12,20,20,20,15,20,1,9,9,9,7,9,40,160,42,139,220,139,314,139,21,97,2,32,0,6,0,32,55,0,1,20,0.0,20,0.45,20,0.55,20,0.55,20,0.1,20,0.1,20,0.1,20,0.15,9,0.1111111111111111,20,0.6,20,1.0,20,0.75,9,0.1111111111111111,9,1.0,9,0.7777777777777778,97,0.32989690721649484,2,0.0,55,0.5818181818181818,1,0.0,0.302158273381295,1.5827338129496402,2.258992805755396,stage_family_interface_recipe_time,,,,,,,,,,,,,,trend,SYMBOLIC_FRESH,R2,,01-08
early,20,12,0,8,20,0,12,12,12,0,0,8,20,2,20,8,20,0,0,0,0,0,0,147,160,148,160,2,160,160,160,0,13,0,0,0,0,0,0,0,0,0,20,0.6,20,0.0,20,0.4,20,1.0,20,0.0,20,0.6,20,0.6,20,0.6,0,,20,0.4,20,0.1,20,0.4,0,,0,,0,,13,0.0,0,,0,,0,,0.925,0.0125,1.0,stage_family_interface_recipe_time,,,,,,,,,,,,,,trend,IMAGE_CUE_FRESH,R2,,01-08
early,24,0,15,9,20,2,2,2,14,2,15,11,24,22,24,20,24,2,15,13,15,13,15,37,192,43,186,122,186,250,186,6,146,3,11,0,2,0,7,118,0,1,24,0.0,24,0.625,24,0.375,24,0.8333333333333334,24,0.08333333333333333,24,0.08333333333333333,24,0.08333333333333333,24,0.5833333333333334,15,0.13333333333333333,24,0.4583333333333333,24,0.9166666666666666,24,0.8333333333333334,15,0.13333333333333333,15,0.8666666666666667,15,0.8666666666666667,146,0.07534246575342465,3,0.0,118,0.059322033898305086,1,0.0,0.23118279569892472,0.6559139784946236,1.3440860215053763,stage_family_interface_recipe_time,,,,,,,,,,,,,,cross_series,SYMBOLIC_FRESH,R2,,09-16
early,24,23,0,1,24,0,23,23,23,0,0,1,24,1,24,0,24,0,0,0,0,0,0,191,192,191,192,3,192,195,192,0,1,0,0,0,0,0,0,0,0,0,24,0.9583333333333334,24,0.0,24,0.041666666666666664,24,1.0,24,0.0,24,0.9583333333333334,24,0.9583333333333334,24,0.9583333333333334,0,,24,0.041666666666666664,24,0.041666666666666664,24,0.0,0,,0,,0,,1,0.0,0,,0,,0,,0.9947916666666666,0.015625,1.015625,stage_family_interface_recipe_time,,,,,,,,,,,,,,cross_series,IMAGE_CUE_FRESH,R2,,09-16
early,20,1,4,15,18,7,2,2,5,1,4,16,20,19,20,11,20,1,4,4,4,3,4,70,160,71,158,202,158,330,158,2,78,10,0,0,0,0,0,31,0,1,20,0.05,20,0.2,20,0.75,20,0.9,20,0.35,20,0.1,20,0.1,20,0.25,4,0.25,20,0.8,20,0.95,20,0.55,4,0.25,4,1.0,4,0.75,78,0.0,10,0.0,31,0.0,1,0.0,0.44936708860759494,1.2784810126582278,2.088607594936709,stage_family_interface_recipe_time,,,,,,,,,,,,,,trend,SYMBOLIC_FRESH,R2,,09-16
early,20,16,0,4,19,1,16,16,16,0,0,3,20,1,20,4,20,0,0,0,0,0,0,156,160,156,159,1,159,158,159,1,2,1,0,0,0,0,0,0,0,0,20,0.8,20,0.0,20,0.2,20,0.95,20,0.05,20,0.8,20,0.8,20,0.8,0,,20,0.15,20,0.05,20,0.2,0,,0,,0,,2,0.0,1,0.0,0,,0,,0.9811320754716981,0.006289308176100629,0.9937106918238994,stage_family_interface_recipe_time,,,,,,,,,,,,,,trend,IMAGE_CUE_FRESH,R2,,09-16
early,20,11,0,9,20,0,11,11,11,0,0,3,20,8,20,3,20,0,0,0,0,0,0,147,160,156,160,13,160,170,160,0,13,0,0,0,0,0,0,0,0,0,20,0.55,20,0.0,20,0.45,20,1.0,20,0.0,20,0.55,20,0.55,20,0.55,0,,20,0.15,20,0.4,20,0.15,0,,0,,0,,13,0.0,0,,0,,0,,0.975,0.08125,1.0625,stage_family_interface_recipe_time,,,,,,,,,,,,,,duplicate_encoding,SYMBOLIC_FRESH,R2,,09-16
early,20,20,0,0,20,0,20,20,20,0,0,0,20,0,20,0,20,0,0,0,0,0,0,160,160,160,160,0,160,160,160,0,0,0,0,0,0,0,0,0,0,0,20,1.0,20,0.0,20,0.0,20,1.0,20,0.0,20,1.0,20,1.0,20,1.0,0,,20,0.0,20,0.0,20,0.0,0,,0,,0,,0,,0,,0,,0,,1.0,0.0,1.0,stage_family_interface_recipe_time,,,,,,,,,,,,,,duplicate_encoding,IMAGE_CUE_FRESH,R2,,09-16
early,24,1,12,11,14,1,2,2,6,0,12,10,23,20,23,18,24,0,11,10,11,11,12,65,192,65,162,154,162,261,162,30,96,1,30,0,7,0,30,70,0,0,24,0.041666666666666664,24,0.5,24,0.4583333333333333,24,0.5833333333333334,24,0.041666666666666664,24,0.08333333333333333,24,0.08333333333333333,24,0.25,12,0.0,23,0.43478260869565216,23,0.8695652173913043,24,0.75,11,0.0,11,0.9090909090909091,12,0.9166666666666666,96,0.3125,1,0.0,70,0.42857142857142855,0,,0.4012345679012346,0.9506172839506173,1.6111111111111112,stage_family_interface_recipe_time,,,,,,,,,,,,,,trend,SYMBOLIC_FRESH,R2,,17-24
early,24,23,0,1,24,0,23,23,23,0,0,1,24,0,24,1,24,0,0,0,0,0,0,191,192,191,192,0,192,191,192,0,1,0,0,0,0,0,0,0,0,0,24,0.9583333333333334,24,0.0,24,0.041666666666666664,24,1.0,24,0.0,24,0.9583333333333334,24,0.9583333333333334,24,0.9583333333333334,0,,24,0.041666666666666664,24,0.0,24,0.041666666666666664,0,,0,,0,,1,0.0,0,,0,,0,,0.9947916666666666,0.0,0.9947916666666666,stage_family_interface_recipe_time,,,,,,,,,,,,,,trend,IMAGE_CUE_FRESH,R2,,17-24
early,20,14,0,6,18,0,14,14,14,0,0,5,20,1,20,6,20,0,0,0,0,0,0,152,160,152,158,2,158,155,158,2,6,0,0,0,0,0,0,0,0,0,20,0.7,20,0.0,20,0.3,20,0.9,20,0.0,20,0.7,20,0.7,20,0.7,0,,20,0.25,20,0.05,20,0.3,0,,0,,0,,6,0.0,0,,0,,0,,0.9620253164556962,0.012658227848101266,0.9810126582278481,stage_family_interface_recipe_time,,,,,,,,,,,,,,duplicate_encoding,SYMBOLIC_FRESH,R2,,17-24
early,20,20,0,0,20,0,20,20,20,0,0,0,20,0,20,0,20,0,0,0,0,0,0,160,160,160,160,0,160,160,160,0,0,0,0,0,0,0,0,0,0,0,20,1.0,20,0.0,20,0.0,20,1.0,20,0.0,20,1.0,20,1.0,20,1.0,0,,20,0.0,20,0.0,20,0.0,0,,0,,0,,0,,0,,0,,0,,1.0,0.0,1.0,stage_family_interface_recipe_time,,,,,,,,,,,,,,duplicate_encoding,IMAGE_CUE_FRESH,R2,,17-24
early,20,9,4,7,17,2,9,9,10,0,4,7,20,11,20,7,20,0,4,4,4,4,4,119,160,119,155,56,155,184,155,5,32,4,18,1,3,1,18,23,1,4,20,0.45,20,0.2,20,0.35,20,0.85,20,0.1,20,0.45,20,0.45,20,0.5,4,0.0,20,0.35,20,0.55,20,0.35,4,0.0,4,1.0,4,1.0,32,0.5625,4,0.25,23,0.782608695652174,4,0.25,0.7677419354838709,0.36129032258064514,1.1870967741935483,stage_family_interface_recipe_time,,,,,,,,,,,,,,cross_series,SYMBOLIC_FRESH,R2,,17-24
early,20,20,0,0,20,0,20,20,20,0,0,0,20,0,20,0,20,0,0,0,0,0,0,160,160,160,160,0,160,160,160,0,0,0,0,0,0,0,0,0,0,0,20,1.0,20,0.0,20,0.0,20,1.0,20,0.0,20,1.0,20,1.0,20,1.0,0,,20,0.0,20,0.0,20,0.0,0,,0,,0,,0,,0,,0,,0,,1.0,0.0,1.0,stage_family_interface_recipe_time,,,,,,,,,,,,,,cross_series,IMAGE_CUE_FRESH,R2,,17-24
early,24,19,0,5,24,1,19,19,19,0,0,4,24,2,24,4,24,0,0,0,0,0,0,186,192,187,192,2,192,189,192,0,5,1,0,0,0,0,0,0,0,0,24,0.7916666666666666,24,0.0,24,0.20833333333333334,24,1.0,24,0.041666666666666664,24,0.7916666666666666,24,0.7916666666666666,24,0.7916666666666666,0,,24,0.16666666666666666,24,0.08333333333333333,24,0.16666666666666666,0,,0,,0,,5,0.0,1,0.0,0,,0,,0.9739583333333334,0.010416666666666666,0.984375,stage_family_interface_recipe_time,,,,,,,,,,,,,,duplicate_encoding,SYMBOLIC_FRESH,R2,,25-32
early,24,24,0,0,24,0,24,24,24,0,0,0,24,0,24,0,24,0,0,0,0,0,0,192,192,192,192,0,192,192,192,0,0,0,0,0,0,0,0,0,0,0,24,1.0,24,0.0,24,0.0,24,1.0,24,0.0,24,1.0,24,1.0,24,1.0,0,,24,0.0,24,0.0,24,0.0,0,,0,,0,,0,,0,,0,,0,,1.0,0.0,1.0,stage_family_interface_recipe_time,,,,,,,,,,,,,,duplicate_encoding,IMAGE_CUE_FRESH,R2,,25-32
early,20,3,8,9,19,1,4,4,11,0,8,9,20,10,20,16,20,0,8,7,8,7,8,78,160,78,159,97,159,191,159,1,80,1,0,0,0,0,0,63,0,1,20,0.15,20,0.4,20,0.45,20,0.95,20,0.05,20,0.2,20,0.2,20,0.55,8,0.0,20,0.45,20,0.5,20,0.8,8,0.0,8,0.875,8,0.875,80,0.0,1,0.0,63,0.0,1,0.0,0.49056603773584906,0.610062893081761,1.20125786163522,stage_family_interface_recipe_time,,,,,,,,,,,,,,cross_series,SYMBOLIC_FRESH,R2,,25-32
early,20,20,0,0,20,0,20,20,20,0,0,0,20,0,20,0,20,0,0,0,0,0,0,160,160,160,160,0,160,160,160,0,0,0,0,0,0,0,0,0,0,0,20,1.0,20,0.0,20,0.0,20,1.0,20,0.0,20,1.0,20,1.0,20,1.0,0,,20,0.0,20,0.0,20,0.0,0,,0,,0,,0,,0,,0,,0,,1.0,0.0,1.0,stage_family_interface_recipe_time,,,,,,,,,,,,,,cross_series,IMAGE_CUE_FRESH,R2,,25-32
early,20,0,20,0,12,13,1,1,12,0,20,0,20,20,20,15,20,0,20,20,20,15,20,0,160,0,148,158,148,160,148,12,134,14,45,7,8,6,45,134,7,14,20,0.0,20,1.0,20,0.0,20,0.6,20,0.65,20,0.05,20,0.05,20,0.6,20,0.0,20,0.0,20,1.0,20,0.75,20,0.0,20,1.0,20,0.75,134,0.3358208955223881,14,0.5,134,0.3358208955223881,14,0.5,0.0,1.0675675675675675,1.0810810810810811,stage_family_interface_recipe_time,,,,,,,,,,,,,,trend,SYMBOLIC_FRESH,R2,,25-32
early,20,20,0,0,20,0,20,20,20,0,0,0,20,0,20,0,20,0,0,0,0,0,0,160,160,160,160,0,160,160,160,0,0,0,0,0,0,0,0,0,0,0,20,1.0,20,0.0,20,0.0,20,1.0,20,0.0,20,1.0,20,1.0,20,1.0,0,,20,0.0,20,0.0,20,0.0,0,,0,,0,,0,,0,,0,,0,,1.0,0.0,1.0,stage_family_interface_recipe_time,,,,,,,,,,,,,,trend,IMAGE_CUE_FRESH,R2,,25-32
early,24,11,0,13,21,1,11,11,11,0,0,9,24,10,24,11,24,0,0,0,0,0,0,171,192,177,189,16,189,194,189,3,17,1,0,0,0,0,0,0,0,0,24,0.4583333333333333,24,0.0,24,0.5416666666666666,24,0.875,24,0.041666666666666664,24,0.4583333333333333,24,0.4583333333333333,24,0.4583333333333333,0,,24,0.375,24,0.4166666666666667,24,0.4583333333333333,0,,0,,0,,17,0.0,1,0.0,0,,0,,0.9365079365079365,0.08465608465608465,1.0264550264550265,stage_family_interface_recipe_time,,,,,,,,,,,,,,duplicate_encoding,SYMBOLIC_FRESH,R3,,01-08
early,24,24,0,0,24,0,24,24,24,0,0,0,24,0,24,0,24,0,0,0,0,0,0,192,192,192,192,0,192,192,192,0,0,0,0,0,0,0,0,0,0,0,24,1.0,24,0.0,24,0.0,24,1.0,24,0.0,24,1.0,24,1.0,24,1.0,0,,24,0.0,24,0.0,24,0.0,0,,0,,0,,0,,0,,0,,0,,1.0,0.0,1.0,stage_family_interface_recipe_time,,,,,,,,,,,,,,duplicate_encoding,IMAGE_CUE_FRESH,R3,,01-08
early,20,0,9,11,12,12,0,0,0,8,9,19,20,18,20,19,20,8,9,8,9,9,9,35,160,63,143,188,143,302,143,17,82,26,23,17,11,8,17,49,17,18,20,0.0,20,0.45,20,0.55,20,0.6,20,0.6,20,0.0,20,0.0,20,0.0,9,0.8888888888888888,20,0.95,20,0.9,20,0.95,9,0.8888888888888888,9,0.8888888888888888,9,1.0,82,0.2804878048780488,26,0.6538461538461539,49,0.3469387755102041,18,0.9444444444444444,0.4405594405594406,1.3146853146853146,2.111888111888112,stage_family_interface_recipe_time,,,,,,,,,,,,,,cross_series,SYMBOLIC_FRESH,R3,,01-08
early,20,17,0,3,20,0,17,17,17,0,0,1,20,3,20,3,20,0,0,0,0,0,0,155,160,159,160,7,160,166,160,0,5,0,0,0,0,0,0,0,0,0,20,0.85,20,0.0,20,0.15,20,1.0,20,0.0,20,0.85,20,0.85,20,0.85,0,,20,0.05,20,0.15,20,0.15,0,,0,,0,,5,0.0,0,,0,,0,,0.99375,0.04375,1.0375,stage_family_interface_recipe_time,,,,,,,,,,,,,,cross_series,IMAGE_CUE_FRESH,R3,,01-08
early,20,0,10,10,11,2,1,1,2,0,10,10,20,20,20,15,20,0,10,10,10,8,10,37,160,38,136,225,136,319,136,24,97,2,32,0,10,0,29,62,0,1,20,0.0,20,0.5,20,0.5,20,0.55,20,0.1,20,0.05,20,0.05,20,0.1,10,0.0,20,0.5,20,1.0,20,0.75,10,0.0,10,1.0,10,0.8,97,0.32989690721649484,2,0.0,62,0.46774193548387094,1,0.0,0.27941176470588236,1.6544117647058822,2.3455882352941178,stage_family_interface_recipe_time,,,,,,,,,,,,,,trend,SYMBOLIC_FRESH,R3,,01-08
early,20,12,0,8,20,0,12,12,12,0,0,8,20,2,20,8,20,0,0,0,0,0,0,148,160,149,160,2,160,160,160,0,12,0,0,0,0,0,0,0,0,0,20,0.6,20,0.0,20,0.4,20,1.0,20,0.0,20,0.6,20,0.6,20,0.6,0,,20,0.4,20,0.1,20,0.4,0,,0,,0,,12,0.0,0,,0,,0,,0.93125,0.0125,1.0,stage_family_interface_recipe_time,,,,,,,,,,,,,,trend,IMAGE_CUE_FRESH,R3,,01-08
early,24,0,15,9,20,3,2,2,2,2,15,11,24,23,24,20,24,2,15,14,15,13,15,36,192,43,186,137,186,267,186,6,147,3,50,0,14,0,49,117,0,2,24,0.0,24,0.625,24,0.375,24,0.8333333333333334,24,0.125,24,0.08333333333333333,24,0.08333333333333333,24,0.08333333333333333,15,0.13333333333333333,24,0.4583333333333333,24,0.9583333333333334,24,0.8333333333333334,15,0.13333333333333333,15,0.9333333333333333,15,0.8666666666666667,147,0.3401360544217687,3,0.0,117,0.4188034188034188,2,0.0,0.23118279569892472,0.7365591397849462,1.435483870967742,stage_family_interface_recipe_time,,,,,,,,,,,,,,cross_series,SYMBOLIC_FRESH,R3,,09-16
early,24,23,0,1,24,0,23,23,23,0,0,1,24,1,24,0,24,0,0,0,0,0,0,191,192,191,192,3,192,195,192,0,1,0,0,0,0,0,0,0,0,0,24,0.9583333333333334,24,0.0,24,0.041666666666666664,24,1.0,24,0.0,24,0.9583333333333334,24,0.9583333333333334,24,0.9583333333333334,0,,24,0.041666666666666664,24,0.041666666666666664,24,0.0,0,,0,,0,,1,0.0,0,,0,,0,,0.9947916666666666,0.015625,1.015625,stage_family_interface_recipe_time,,,,,,,,,,,,,,cross_series,IMAGE_CUE_FRESH,R3,,09-16
early,20,1,4,15,18,5,2,2,2,1,4,16,20,19,20,8,20,1,4,4,4,3,4,67,160,68,158,209,158,337,158,2,82,9,20,0,3,0,20,32,0,0,20,0.05,20,0.2,20,0.75,20,0.9,20,0.25,20,0.1,20,0.1,20,0.1,4,0.25,20,0.8,20,0.95,20,0.4,4,0.25,4,1.0,4,0.75,82,0.24390243902439024,9,0.0,32,0.625,0,,0.43037974683544306,1.3227848101265822,2.132911392405063,stage_family_interface_recipe_time,,,,,,,,,,,,,,trend,SYMBOLIC_FRESH,R3,,09-16
early,20,17,0,3,19,0,17,17,17,0,0,2,20,0,20,3,20,0,0,0,0,0,0,157,160,157,159,0,159,157,159,1,2,0,0,0,0,0,0,0,0,0,20,0.85,20,0.0,20,0.15,20,0.95,20,0.0,20,0.85,20,0.85,20,0.85,0,,20,0.1,20,0.0,20,0.15,0,,0,,0,,2,0.0,0,,0,,0,,0.9874213836477987,0.0,0.9874213836477987,stage_family_interface_recipe_time,,,,,,,,,,,,,,trend,IMAGE_CUE_FRESH,R3,,09-16
early,20,10,0,10,20,0,10,10,10,0,0,4,20,9,20,4,20,0,0,0,0,0,0,146,160,155,160,14,160,170,160,0,14,0,0,0,0,0,0,0,0,0,20,0.5,20,0.0,20,0.5,20,1.0,20,0.0,20,0.5,20,0.5,20,0.5,0,,20,0.2,20,0.45,20,0.2,0,,0,,0,,14,0.0,0,,0,,0,,0.96875,0.0875,1.0625,stage_family_interface_recipe_time,,,,,,,,,,,,,,duplicate_encoding,SYMBOLIC_FRESH,R3,,09-16
early,20,20,0,0,20,0,20,20,20,0,0,0,20,0,20,0,20,0,0,0,0,0,0,160,160,160,160,0,160,160,160,0,0,0,0,0,0,0,0,0,0,0,20,1.0,20,0.0,20,0.0,20,1.0,20,0.0,20,1.0,20,1.0,20,1.0,0,,20,0.0,20,0.0,20,0.0,0,,0,,0,,0,,0,,0,,0,,1.0,0.0,1.0,stage_family_interface_recipe_time,,,,,,,,,,,,,,duplicate_encoding,IMAGE_CUE_FRESH,R3,,09-16
early,24,0,12,12,13,1,1,1,1,0,12,12,24,23,24,17,24,0,12,11,12,11,12,54,192,54,161,190,161,298,161,31,106,1,28,0,11,0,28,70,0,0,24,0.0,24,0.5,24,0.5,24,0.5416666666666666,24,0.041666666666666664,24,0.041666666666666664,24,0.041666666666666664,24,0.041666666666666664,12,0.0,24,0.5,24,0.9583333333333334,24,0.7083333333333334,12,0.0,12,0.9166666666666666,12,0.9166666666666666,106,0.2641509433962264,1,0.0,70,0.4,0,,0.33540372670807456,1.1801242236024845,1.8509316770186335,stage_family_interface_recipe_time,,,,,,,,,,,,,,trend,SYMBOLIC_FRESH,R3,,17-24
early,24,22,0,2,24,0,22,22,22,0,0,2,24,0,24,2,24,0,0,0,0,0,0,190,192,190,192,0,192,191,192,0,2,0,0,0,0,0,0,0,0,0,24,0.9166666666666666,24,0.0,24,0.08333333333333333,24,1.0,24,0.0,24,0.9166666666666666,24,0.9166666666666666,24,0.9166666666666666,0,,24,0.08333333333333333,24,0.0,24,0.08333333333333333,0,,0,,0,,2,0.0,0,,0,,0,,0.9895833333333334,0.0,0.9947916666666666,stage_family_interface_recipe_time,,,,,,,,,,,,,,trend,IMAGE_CUE_FRESH,R3,,17-24
early,20,14,0,6,18,0,14,14,14,0,0,5,20,1,20,6,20,0,0,0,0,0,0,153,160,153,158,1,158,155,158,2,5,0,0,0,0,0,0,0,0,0,20,0.7,20,0.0,20,0.3,20,0.9,20,0.0,20,0.7,20,0.7,20,0.7,0,,20,0.25,20,0.05,20,0.3,0,,0,,0,,5,0.0,0,,0,,0,,0.9683544303797469,0.006329113924050633,0.9810126582278481,stage_family_interface_recipe_time,,,,,,,,,,,,,,duplicate_encoding,SYMBOLIC_FRESH,R3,,17-24
early,20,20,0,0,20,0,20,20,20,0,0,0,20,0,20,0,20,0,0,0,0,0,0,160,160,160,160,0,160,160,160,0,0,0,0,0,0,0,0,0,0,0,20,1.0,20,0.0,20,0.0,20,1.0,20,0.0,20,1.0,20,1.0,20,1.0,0,,20,0.0,20,0.0,20,0.0,0,,0,,0,,0,,0,,0,,0,,1.0,0.0,1.0,stage_family_interface_recipe_time,,,,,,,,,,,,,,duplicate_encoding,IMAGE_CUE_FRESH,R3,,17-24
early,20,7,4,9,16,3,7,7,7,0,4,9,20,13,20,8,20,0,4,4,4,4,4,117,160,117,150,57,150,185,150,10,29,4,11,3,4,2,11,19,3,3,20,0.35,20,0.2,20,0.45,20,0.8,20,0.15,20,0.35,20,0.35,20,0.35,4,0.0,20,0.45,20,0.65,20,0.4,4,0.0,4,1.0,4,1.0,29,0.3793103448275862,4,0.75,19,0.5789473684210527,3,1.0,0.78,0.38,1.2333333333333334,stage_family_interface_recipe_time,,,,,,,,,,,,,,cross_series,SYMBOLIC_FRESH,R3,,17-24
early,20,20,0,0,20,0,20,20,20,0,0,0,20,0,20,0,20,0,0,0,0,0,0,160,160,160,160,0,160,160,160,0,0,0,0,0,0,0,0,0,0,0,20,1.0,20,0.0,20,0.0,20,1.0,20,0.0,20,1.0,20,1.0,20,1.0,0,,20,0.0,20,0.0,20,0.0,0,,0,,0,,0,,0,,0,,0,,1.0,0.0,1.0,stage_family_interface_recipe_time,,,,,,,,,,,,,,cross_series,IMAGE_CUE_FRESH,R3,,17-24
early,24,20,0,4,24,1,20,20,20,0,0,3,24,3,24,3,24,0,0,0,0,0,0,187,192,188,192,3,192,191,192,0,4,1,0,0,0,0,0,0,0,0,24,0.8333333333333334,24,0.0,24,0.16666666666666666,24,1.0,24,0.041666666666666664,24,0.8333333333333334,24,0.8333333333333334,24,0.8333333333333334,0,,24,0.125,24,0.125,24,0.125,0,,0,,0,,4,0.0,1,0.0,0,,0,,0.9791666666666666,0.015625,0.9947916666666666,stage_family_interface_recipe_time,,,,,,,,,,,,,,duplicate_encoding,SYMBOLIC_FRESH,R3,,25-32
early,24,24,0,0,24,0,24,24,24,0,0,0,24,0,24,0,24,0,0,0,0,0,0,192,192,192,192,0,192,192,192,0,0,0,0,0,0,0,0,0,0,0,24,1.0,24,0.0,24,0.0,24,1.0,24,0.0,24,1.0,24,1.0,24,1.0,0,,24,0.0,24,0.0,24,0.0,0,,0,,0,,0,,0,,0,,0,,1.0,0.0,1.0,stage_family_interface_recipe_time,,,,,,,,,,,,,,duplicate_encoding,IMAGE_CUE_FRESH,R3,,25-32
early,20,5,8,7,19,1,5,5,5,0,8,6,20,11,20,15,20,0,8,8,8,8,8,84,160,85,159,108,159,205,159,1,73,2,47,0,8,0,47,62,0,2,20,0.25,20,0.4,20,0.35,20,0.95,20,0.05,20,0.25,20,0.25,20,0.25,8,0.0,20,0.3,20,0.55,20,0.75,8,0.0,8,1.0,8,1.0,73,0.6438356164383562,2,0.0,62,0.7580645161290323,2,0.0,0.5345911949685535,0.6792452830188679,1.2893081761006289,stage_family_interface_recipe_time,,,,,,,,,,,,,,cross_series,SYMBOLIC_FRESH,R3,,25-32
early,20,20,0,0,20,0,20,20,20,0,0,0,20,0,20,0,20,0,0,0,0,0,0,160,160,160,160,0,160,160,160,0,0,0,0,0,0,0,0,0,0,0,20,1.0,20,0.0,20,0.0,20,1.0,20,0.0,20,1.0,20,1.0,20,1.0,0,,20,0.0,20,0.0,20,0.0,0,,0,,0,,0,,0,,0,,0,,1.0,0.0,1.0,stage_family_interface_recipe_time,,,,,,,,,,,,,,cross_series,IMAGE_CUE_FRESH,R3,,25-32
early,20,0,20,0,13,8,0,0,4,0,20,0,19,19,19,16,20,0,19,19,19,16,20,0,160,0,133,195,133,202,133,27,124,9,69,0,16,0,69,124,0,9,20,0.0,20,1.0,20,0.0,20,0.65,20,0.4,20,0.0,20,0.0,20,0.2,20,0.0,19,0.0,19,1.0,20,0.8,19,0.0,19,1.0,20,0.8,124,0.5564516129032258,9,0.0,124,0.5564516129032258,9,0.0,0.0,1.4661654135338347,1.518796992481203,stage_family_interface_recipe_time,,,,,,,,,,,,,,trend,SYMBOLIC_FRESH,R3,,25-32
early,20,19,0,1,20,0,19,19,19,0,0,0,20,1,20,1,20,0,0,0,0,0,0,159,160,160,160,1,160,161,160,0,1,0,0,0,0,0,0,0,0,0,20,0.95,20,0.0,20,0.05,20,1.0,20,0.0,20,0.95,20,0.95,20,0.95,0,,20,0.0,20,0.05,20,0.05,0,,0,,0,,1,0.0,0,,0,,0,,1.0,0.00625,1.00625,stage_family_interface_recipe_time,,,,,,,,,,,,,,trend,IMAGE_CUE_FRESH,R3,,25-32
early,24,11,0,13,21,1,11,11,11,0,0,10,24,9,24,12,24,0,0,0,0,0,0,170,192,176,189,16,189,193,189,3,18,1,0,0,0,0,0,0,0,0,24,0.4583333333333333,24,0.0,24,0.5416666666666666,24,0.875,24,0.041666666666666664,24,0.4583333333333333,24,0.4583333333333333,24,0.4583333333333333,0,,24,0.4166666666666667,24,0.375,24,0.5,0,,0,,0,,18,0.0,1,0.0,0,,0,,0.9312169312169312,0.08465608465608465,1.0211640211640212,stage_family_interface_recipe_time,,,,,,,,,,,,,,duplicate_encoding,SYMBOLIC_FRESH,R4,,01-08
early,24,24,0,0,24,0,24,24,24,0,0,0,24,0,24,0,24,0,0,0,0,0,0,192,192,192,192,0,192,192,192,0,0,0,0,0,0,0,0,0,0,0,24,1.0,24,0.0,24,0.0,24,1.0,24,0.0,24,1.0,24,1.0,24,1.0,0,,24,0.0,24,0.0,24,0.0,0,,0,,0,,0,,0,,0,,0,,1.0,0.0,1.0,stage_family_interface_recipe_time,,,,,,,,,,,,,,duplicate_encoding,IMAGE_CUE_FRESH,R4,,01-08
early,20,1,9,10,12,12,1,1,1,8,9,18,20,18,20,19,20,8,9,9,9,9,9,36,160,64,144,188,144,302,144,16,81,27,33,17,13,9,27,48,17,20,20,0.05,20,0.45,20,0.5,20,0.6,20,0.6,20,0.05,20,0.05,20,0.05,9,0.8888888888888888,20,0.9,20,0.9,20,0.95,9,0.8888888888888888,9,1.0,9,1.0,81,0.4074074074074074,27,0.6296296296296297,48,0.5625,20,0.85,0.4444444444444444,1.3055555555555556,2.0972222222222223,stage_family_interface_recipe_time,,,,,,,,,,,,,,cross_series,SYMBOLIC_FRESH,R4,,01-08
early,20,17,0,3,20,0,17,17,17,0,0,1,20,3,20,3,20,0,0,0,0,0,0,155,160,159,160,7,160,166,160,0,5,0,0,0,0,0,0,0,0,0,20,0.85,20,0.0,20,0.15,20,1.0,20,0.0,20,0.85,20,0.85,20,0.85,0,,20,0.05,20,0.15,20,0.15,0,,0,,0,,5,0.0,0,,0,,0,,0.99375,0.04375,1.0375,stage_family_interface_recipe_time,,,,,,,,,,,,,,cross_series,IMAGE_CUE_FRESH,R4,,01-08
early,20,0,9,11,11,3,1,1,2,0,9,11,20,20,20,15,20,0,9,9,9,7,9,39,160,40,139,226,139,320,139,21,97,3,34,0,8,0,33,54,0,1,20,0.0,20,0.45,20,0.55,20,0.55,20,0.15,20,0.05,20,0.05,20,0.1,9,0.0,20,0.55,20,1.0,20,0.75,9,0.0,9,1.0,9,0.7777777777777778,97,0.35051546391752575,3,0.0,54,0.6111111111111112,1,0.0,0.28776978417266186,1.6258992805755397,2.302158273381295,stage_family_interface_recipe_time,,,,,,,,,,,,,,trend,SYMBOLIC_FRESH,R4,,01-08
early,20,13,0,7,20,0,13,13,13,0,0,7,20,2,20,7,20,0,0,0,0,0,0,147,160,148,160,2,160,160,160,0,13,0,0,0,0,0,0,0,0,0,20,0.65,20,0.0,20,0.35,20,1.0,20,0.0,20,0.65,20,0.65,20,0.65,0,,20,0.35,20,0.1,20,0.35,0,,0,,0,,13,0.0,0,,0,,0,,0.925,0.0125,1.0,stage_family_interface_recipe_time,,,,,,,,,,,,,,trend,IMAGE_CUE_FRESH,R4,,01-08
early,24,0,15,9,20,2,2,2,2,3,15,12,24,22,24,20,24,3,15,13,15,13,15,36,192,43,186,130,186,258,186,6,148,2,54,0,14,0,53,118,0,1,24,0.0,24,0.625,24,0.375,24,0.8333333333333334,24,0.08333333333333333,24,0.08333333333333333,24,0.08333333333333333,24,0.08333333333333333,15,0.2,24,0.5,24,0.9166666666666666,24,0.8333333333333334,15,0.2,15,0.8666666666666667,15,0.8666666666666667,148,0.36486486486486486,2,0.0,118,0.4491525423728814,1,0.0,0.23118279569892472,0.6989247311827957,1.3870967741935485,stage_family_interface_recipe_time,,,,,,,,,,,,,,cross_series,SYMBOLIC_FRESH,R4,,09-16
early,24,23,0,1,24,0,23,23,23,0,0,1,24,1,24,0,24,0,0,0,0,0,0,191,192,191,192,3,192,195,192,0,1,0,0,0,0,0,0,0,0,0,24,0.9583333333333334,24,0.0,24,0.041666666666666664,24,1.0,24,0.0,24,0.9583333333333334,24,0.9583333333333334,24,0.9583333333333334,0,,24,0.041666666666666664,24,0.041666666666666664,24,0.0,0,,0,,0,,1,0.0,0,,0,,0,,0.9947916666666666,0.015625,1.015625,stage_family_interface_recipe_time,,,,,,,,,,,,,,cross_series,IMAGE_CUE_FRESH,R4,,09-16
early,20,1,4,15,17,5,2,2,2,1,4,16,20,19,20,9,20,1,4,4,4,3,4,68,160,69,157,202,157,329,157,3,80,9,20,0,3,0,20,32,0,0,20,0.05,20,0.2,20,0.75,20,0.85,20,0.25,20,0.1,20,0.1,20,0.1,4,0.25,20,0.8,20,0.95,20,0.45,4,0.25,4,1.0,4,0.75,80,0.25,9,0.0,32,0.625,0,,0.4394904458598726,1.286624203821656,2.0955414012738856,stage_family_interface_recipe_time,,,,,,,,,,,,,,trend,SYMBOLIC_FRESH,R4,,09-16
early,20,16,0,4,19,1,16,16,16,0,0,3,20,1,20,4,20,0,0,0,0,0,0,156,160,156,159,1,159,158,159,1,2,1,0,0,0,0,0,0,0,0,20,0.8,20,0.0,20,0.2,20,0.95,20,0.05,20,0.8,20,0.8,20,0.8,0,,20,0.15,20,0.05,20,0.2,0,,0,,0,,2,0.0,1,0.0,0,,0,,0.9811320754716981,0.006289308176100629,0.9937106918238994,stage_family_interface_recipe_time,,,,,,,,,,,,,,trend,IMAGE_CUE_FRESH,R4,,09-16
early,20,12,0,8,20,0,12,12,12,0,0,4,20,7,20,4,20,0,0,0,0,0,0,147,160,155,160,13,160,169,160,0,13,0,0,0,0,0,0,0,0,0,20,0.6,20,0.0,20,0.4,20,1.0,20,0.0,20,0.6,20,0.6,20,0.6,0,,20,0.2,20,0.35,20,0.2,0,,0,,0,,13,0.0,0,,0,,0,,0.96875,0.08125,1.05625,stage_family_interface_recipe_time,,,,,,,,,,,,,,duplicate_encoding,SYMBOLIC_FRESH,R4,,09-16
early,20,20,0,0,20,0,20,20,20,0,0,0,20,0,20,0,20,0,0,0,0,0,0,160,160,160,160,0,160,160,160,0,0,0,0,0,0,0,0,0,0,0,20,1.0,20,0.0,20,0.0,20,1.0,20,0.0,20,1.0,20,1.0,20,1.0,0,,20,0.0,20,0.0,20,0.0,0,,0,,0,,0,,0,,0,,0,,1.0,0.0,1.0,stage_family_interface_recipe_time,,,,,,,,,,,,,,duplicate_encoding,IMAGE_CUE_FRESH,R4,,09-16
early,24,1,12,11,14,1,2,2,2,0,12,10,23,19,23,17,24,0,11,9,11,11,12,61,192,61,163,182,163,290,163,29,101,1,37,0,11,0,37,70,0,0,24,0.041666666666666664,24,0.5,24,0.4583333333333333,24,0.5833333333333334,24,0.041666666666666664,24,0.08333333333333333,24,0.08333333333333333,24,0.08333333333333333,12,0.0,23,0.43478260869565216,23,0.8260869565217391,24,0.7083333333333334,11,0.0,11,0.8181818181818182,12,0.9166666666666666,101,0.36633663366336633,1,0.0,70,0.5285714285714286,0,,0.37423312883435583,1.116564417177914,1.7791411042944785,stage_family_interface_recipe_time,,,,,,,,,,,,,,trend,SYMBOLIC_FRESH,R4,,17-24
early,24,22,0,2,24,0,22,22,22,0,0,2,24,0,24,2,24,0,0,0,0,0,0,190,192,190,192,0,192,191,192,0,2,0,0,0,0,0,0,0,0,0,24,0.9166666666666666,24,0.0,24,0.08333333333333333,24,1.0,24,0.0,24,0.9166666666666666,24,0.9166666666666666,24,0.9166666666666666,0,,24,0.08333333333333333,24,0.0,24,0.08333333333333333,0,,0,,0,,2,0.0,0,,0,,0,,0.9895833333333334,0.0,0.9947916666666666,stage_family_interface_recipe_time,,,,,,,,,,,,,,trend,IMAGE_CUE_FRESH,R4,,17-24
early,20,14,0,6,18,0,14,14,14,0,0,5,20,1,20,6,20,0,0,0,0,0,0,153,160,153,158,1,158,155,158,2,5,0,0,0,0,0,0,0,0,0,20,0.7,20,0.0,20,0.3,20,0.9,20,0.0,20,0.7,20,0.7,20,0.7,0,,20,0.25,20,0.05,20,0.3,0,,0,,0,,5,0.0,0,,0,,0,,0.9683544303797469,0.006329113924050633,0.9810126582278481,stage_family_interface_recipe_time,,,,,,,,,,,,,,duplicate_encoding,SYMBOLIC_FRESH,R4,,17-24
early,20,20,0,0,20,0,20,20,20,0,0,0,20,0,20,0,20,0,0,0,0,0,0,160,160,160,160,0,160,160,160,0,0,0,0,0,0,0,0,0,0,0,20,1.0,20,0.0,20,0.0,20,1.0,20,0.0,20,1.0,20,1.0,20,1.0,0,,20,0.0,20,0.0,20,0.0,0,,0,,0,,0,,0,,0,,0,,1.0,0.0,1.0,stage_family_interface_recipe_time,,,,,,,,,,,,,,duplicate_encoding,IMAGE_CUE_FRESH,R4,,17-24
early,20,9,4,7,16,2,9,9,9,0,4,7,20,11,20,7,20,0,4,4,4,4,4,119,160,119,154,55,154,183,154,6,31,4,19,4,4,2,19,22,4,4,20,0.45,20,0.2,20,0.35,20,0.8,20,0.1,20,0.45,20,0.45,20,0.45,4,0.0,20,0.35,20,0.55,20,0.35,4,0.0,4,1.0,4,1.0,31,0.6129032258064516,4,1.0,22,0.8636363636363636,4,1.0,0.7727272727272727,0.35714285714285715,1.1883116883116882,stage_family_interface_recipe_time,,,,,,,,,,,,,,cross_series,SYMBOLIC_FRESH,R4,,17-24
early,20,20,0,0,20,0,20,20,20,0,0,0,20,0,20,0,20,0,0,0,0,0,0,160,160,160,160,0,160,160,160,0,0,0,0,0,0,0,0,0,0,0,20,1.0,20,0.0,20,0.0,20,1.0,20,0.0,20,1.0,20,1.0,20,1.0,0,,20,0.0,20,0.0,20,0.0,0,,0,,0,,0,,0,,0,,0,,1.0,0.0,1.0,stage_family_interface_recipe_time,,,,,,,,,,,,,,cross_series,IMAGE_CUE_FRESH,R4,,17-24
early,24,20,0,4,24,0,20,20,20,0,0,3,24,3,24,3,24,0,0,0,0,0,0,187,192,188,192,3,192,191,192,0,5,0,0,0,0,0,0,0,0,0,24,0.8333333333333334,24,0.0,24,0.16666666666666666,24,1.0,24,0.0,24,0.8333333333333334,24,0.8333333333333334,24,0.8333333333333334,0,,24,0.125,24,0.125,24,0.125,0,,0,,0,,5,0.0,0,,0,,0,,0.9791666666666666,0.015625,0.9947916666666666,stage_family_interface_recipe_time,,,,,,,,,,,,,,duplicate_encoding,SYMBOLIC_FRESH,R4,,25-32
early,24,24,0,0,24,0,24,24,24,0,0,0,24,0,24,0,24,0,0,0,0,0,0,192,192,192,192,0,192,192,192,0,0,0,0,0,0,0,0,0,0,0,24,1.0,24,0.0,24,0.0,24,1.0,24,0.0,24,1.0,24,1.0,24,1.0,0,,24,0.0,24,0.0,24,0.0,0,,0,,0,,0,,0,,0,,0,,1.0,0.0,1.0,stage_family_interface_recipe_time,,,,,,,,,,,,,,duplicate_encoding,IMAGE_CUE_FRESH,R4,,25-32
early,20,4,8,8,19,1,4,4,4,0,8,7,20,11,20,16,20,0,8,8,8,8,8,81,160,82,159,109,159,205,159,1,77,1,49,0,8,0,49,63,0,1,20,0.2,20,0.4,20,0.4,20,0.95,20,0.05,20,0.2,20,0.2,20,0.2,8,0.0,20,0.35,20,0.55,20,0.8,8,0.0,8,1.0,8,1.0,77,0.6363636363636364,1,0.0,63,0.7777777777777778,1,0.0,0.5157232704402516,0.6855345911949685,1.2893081761006289,stage_family_interface_recipe_time,,,,,,,,,,,,,,cross_series,SYMBOLIC_FRESH,R4,,25-32
early,20,20,0,0,20,0,20,20,20,0,0,0,20,0,20,0,20,0,0,0,0,0,0,160,160,160,160,0,160,160,160,0,0,0,0,0,0,0,0,0,0,0,20,1.0,20,0.0,20,0.0,20,1.0,20,0.0,20,1.0,20,1.0,20,1.0,0,,20,0.0,20,0.0,20,0.0,0,,0,,0,,0,,0,,0,,0,,1.0,0.0,1.0,stage_family_interface_recipe_time,,,,,,,,,,,,,,cross_series,IMAGE_CUE_FRESH,R4,,25-32
early,20,0,20,0,11,9,0,0,0,0,20,0,20,20,20,16,20,0,20,20,20,16,20,0,160,0,134,186,134,193,134,26,122,12,75,2,20,2,75,122,2,12,20,0.0,20,1.0,20,0.0,20,0.55,20,0.45,20,0.0,20,0.0,20,0.0,20,0.0,20,0.0,20,1.0,20,0.8,20,0.0,20,1.0,20,0.8,122,0.6147540983606558,12,0.16666666666666666,122,0.6147540983606558,12,0.16666666666666666,0.0,1.3880597014925373,1.4402985074626866,stage_family_interface_recipe_time,,,,,,,,,,,,,,trend,SYMBOLIC_FRESH,R4,,25-32
early,20,20,0,0,20,0,20,20,20,0,0,0,20,0,20,0,20,0,0,0,0,0,0,160,160,160,160,0,160,160,160,0,0,0,0,0,0,0,0,0,0,0,20,1.0,20,0.0,20,0.0,20,1.0,20,0.0,20,1.0,20,1.0,20,1.0,0,,20,0.0,20,0.0,20,0.0,0,,0,,0,,0,,0,,0,,0,,1.0,0.0,1.0,stage_family_interface_recipe_time,,,,,,,,,,,,,,trend,IMAGE_CUE_FRESH,R4,,25-32
early,24,12,0,12,21,1,12,12,13,0,0,9,24,9,24,11,24,0,0,0,0,0,0,172,192,177,189,15,189,193,189,3,16,1,0,0,0,0,0,0,0,0,24,0.5,24,0.0,24,0.5,24,0.875,24,0.041666666666666664,24,0.5,24,0.5,24,0.5416666666666666,0,,24,0.375,24,0.375,24,0.4583333333333333,0,,0,,0,,16,0.0,1,0.0,0,,0,,0.9365079365079365,0.07936507936507936,1.0211640211640212,stage_family_interface_recipe_time,,,,,,,,,,,,,,duplicate_encoding,SYMBOLIC_FRESH,R5,,01-08
early,24,24,0,0,24,0,24,24,24,0,0,0,24,0,24,0,24,0,0,0,0,0,0,192,192,192,192,0,192,192,192,0,0,0,0,0,0,0,0,0,0,0,24,1.0,24,0.0,24,0.0,24,1.0,24,0.0,24,1.0,24,1.0,24,1.0,0,,24,0.0,24,0.0,24,0.0,0,,0,,0,,0,,0,,0,,0,,1.0,0.0,1.0,stage_family_interface_recipe_time,,,,,,,,,,,,,,duplicate_encoding,IMAGE_CUE_FRESH,R5,,01-08
early,20,1,9,10,12,12,1,1,1,8,9,18,20,19,20,19,20,8,9,9,9,9,9,35,160,66,144,188,144,303,144,16,82,27,8,27,2,12,0,48,20,20,20,0.05,20,0.45,20,0.5,20,0.6,20,0.6,20,0.05,20,0.05,20,0.05,9,0.8888888888888888,20,0.9,20,0.95,20,0.95,9,0.8888888888888888,9,1.0,9,1.0,82,0.0975609756097561,27,1.0,48,0.0,20,1.0,0.4583333333333333,1.3055555555555556,2.1041666666666665,stage_family_interface_recipe_time,,,,,,,,,,,,,,cross_series,SYMBOLIC_FRESH,R5,,01-08
early,20,17,0,3,20,0,17,17,17,0,0,1,20,3,20,3,20,0,0,0,0,0,0,155,160,159,160,7,160,166,160,0,5,0,0,0,0,0,0,0,0,0,20,0.85,20,0.0,20,0.15,20,1.0,20,0.0,20,0.85,20,0.85,20,0.85,0,,20,0.05,20,0.15,20,0.15,0,,0,,0,,5,0.0,0,,0,,0,,0.99375,0.04375,1.0375,stage_family_interface_recipe_time,,,,,,,,,,,,,,cross_series,IMAGE_CUE_FRESH,R5,,01-08
early,20,0,9,11,11,1,1,1,2,1,9,12,20,20,20,16,20,1,9,9,9,7,9,40,160,42,140,222,140,318,140,20,99,1,33,1,6,1,33,56,1,1,20,0.0,20,0.45,20,0.55,20,0.55,20,0.05,20,0.05,20,0.05,20,0.1,9,0.1111111111111111,20,0.6,20,1.0,20,0.8,9,0.1111111111111111,9,1.0,9,0.7777777777777778,99,0.3333333333333333,1,1.0,56,0.5892857142857143,1,1.0,0.3,1.5857142857142856,2.2714285714285714,stage_family_interface_recipe_time,,,,,,,,,,,,,,trend,SYMBOLIC_FRESH,R5,,01-08
early,20,12,0,8,20,0,12,12,12,0,0,8,20,2,20,8,20,0,0,0,0,0,0,147,160,148,160,2,160,160,160,0,13,0,0,0,0,0,0,0,0,0,20,0.6,20,0.0,20,0.4,20,1.0,20,0.0,20,0.6,20,0.6,20,0.6,0,,20,0.4,20,0.1,20,0.4,0,,0,,0,,13,0.0,0,,0,,0,,0.925,0.0125,1.0,stage_family_interface_recipe_time,,,,,,,,,,,,,,trend,IMAGE_CUE_FRESH,R5,,01-08
early,24,0,15,9,20,3,2,2,12,2,15,10,24,23,24,20,24,2,15,14,15,13,15,36,192,43,185,127,185,256,185,7,145,4,11,4,2,3,7,117,2,2,24,0.0,24,0.625,24,0.375,24,0.8333333333333334,24,0.125,24,0.08333333333333333,24,0.08333333333333333,24,0.5,15,0.13333333333333333,24,0.4166666666666667,24,0.9583333333333334,24,0.8333333333333334,15,0.13333333333333333,15,0.9333333333333333,15,0.8666666666666667,145,0.07586206896551724,4,1.0,117,0.05982905982905983,2,1.0,0.23243243243243245,0.6864864864864865,1.3837837837837839,stage_family_interface_recipe_time,,,,,,,,,,,,,,cross_series,SYMBOLIC_FRESH,R5,,09-16
early,24,23,0,1,24,0,23,23,23,0,0,1,24,1,24,0,24,0,0,0,0,0,0,191,192,191,192,3,192,195,192,0,1,0,0,0,0,0,0,0,0,0,24,0.9583333333333334,24,0.0,24,0.041666666666666664,24,1.0,24,0.0,24,0.9583333333333334,24,0.9583333333333334,24,0.9583333333333334,0,,24,0.041666666666666664,24,0.041666666666666664,24,0.0,0,,0,,0,,1,0.0,0,,0,,0,,0.9947916666666666,0.015625,1.015625,stage_family_interface_recipe_time,,,,,,,,,,,,,,cross_series,IMAGE_CUE_FRESH,R5,,09-16
early,20,1,4,15,19,5,2,2,5,1,4,16,20,19,20,8,20,1,4,4,4,3,4,66,160,67,159,213,159,342,159,1,85,8,0,8,0,5,0,32,0,0,20,0.05,20,0.2,20,0.75,20,0.95,20,0.25,20,0.1,20,0.1,20,0.25,4,0.25,20,0.8,20,0.95,20,0.4,4,0.25,4,1.0,4,0.75,85,0.0,8,1.0,32,0.0,0,,0.42138364779874216,1.3396226415094339,2.150943396226415,stage_family_interface_recipe_time,,,,,,,,,,,,,,trend,SYMBOLIC_FRESH,R5,,09-16
early,20,16,0,4,19,1,16,16,17,0,0,3,20,1,20,4,20,0,0,0,0,0,0,156,160,156,159,1,159,158,159,1,2,1,0,0,0,0,0,0,0,0,20,0.8,20,0.0,20,0.2,20,0.95,20,0.05,20,0.8,20,0.8,20,0.85,0,,20,0.15,20,0.05,20,0.2,0,,0,,0,,2,0.0,1,0.0,0,,0,,0.9811320754716981,0.006289308176100629,0.9937106918238994,stage_family_interface_recipe_time,,,,,,,,,,,,,,trend,IMAGE_CUE_FRESH,R5,,09-16
early,20,10,0,10,20,0,10,10,10,0,0,4,20,8,20,4,20,0,0,0,0,0,0,146,160,155,160,13,160,169,160,0,14,0,0,0,0,0,0,0,0,0,20,0.5,20,0.0,20,0.5,20,1.0,20,0.0,20,0.5,20,0.5,20,0.5,0,,20,0.2,20,0.4,20,0.2,0,,0,,0,,14,0.0,0,,0,,0,,0.96875,0.08125,1.05625,stage_family_interface_recipe_time,,,,,,,,,,,,,,duplicate_encoding,SYMBOLIC_FRESH,R5,,09-16
early,20,20,0,0,20,0,20,20,20,0,0,0,20,0,20,0,20,0,0,0,0,0,0,160,160,160,160,0,160,160,160,0,0,0,0,0,0,0,0,0,0,0,20,1.0,20,0.0,20,0.0,20,1.0,20,0.0,20,1.0,20,1.0,20,1.0,0,,20,0.0,20,0.0,20,0.0,0,,0,,0,,0,,0,,0,,0,,1.0,0.0,1.0,stage_family_interface_recipe_time,,,,,,,,,,,,,,duplicate_encoding,IMAGE_CUE_FRESH,R5,,09-16
early,24,0,12,12,14,1,1,1,6,0,12,11,23,19,23,17,24,0,11,8,11,11,12,64,192,64,164,172,164,280,164,28,99,1,32,0,7,0,32,72,0,0,24,0.0,24,0.5,24,0.5,24,0.5833333333333334,24,0.041666666666666664,24,0.041666666666666664,24,0.041666666666666664,24,0.25,12,0.0,23,0.4782608695652174,23,0.8260869565217391,24,0.7083333333333334,11,0.0,11,0.7272727272727273,12,0.9166666666666666,99,0.32323232323232326,1,0.0,72,0.4444444444444444,0,,0.3902439024390244,1.048780487804878,1.7073170731707317,stage_family_interface_recipe_time,,,,,,,,,,,,,,trend,SYMBOLIC_FRESH,R5,,17-24
early,24,21,0,3,24,0,21,21,21,0,0,3,24,0,24,3,24,0,0,0,0,0,0,189,192,189,192,0,192,191,192,0,3,0,0,0,0,0,0,0,0,0,24,0.875,24,0.0,24,0.125,24,1.0,24,0.0,24,0.875,24,0.875,24,0.875,0,,24,0.125,24,0.0,24,0.125,0,,0,,0,,3,0.0,0,,0,,0,,0.984375,0.0,0.9947916666666666,stage_family_interface_recipe_time,,,,,,,,,,,,,,trend,IMAGE_CUE_FRESH,R5,,17-24
early,20,13,0,7,18,0,13,13,13,0,0,5,20,2,20,6,20,0,0,0,0,0,0,152,160,153,158,2,158,156,158,2,6,0,0,0,0,0,0,0,0,0,20,0.65,20,0.0,20,0.35,20,0.9,20,0.0,20,0.65,20,0.65,20,0.65,0,,20,0.25,20,0.1,20,0.3,0,,0,,0,,6,0.0,0,,0,,0,,0.9683544303797469,0.012658227848101266,0.9873417721518988,stage_family_interface_recipe_time,,,,,,,,,,,,,,duplicate_encoding,SYMBOLIC_FRESH,R5,,17-24
early,20,20,0,0,20,0,20,20,20,0,0,0,20,0,20,0,20,0,0,0,0,0,0,160,160,160,160,0,160,160,160,0,0,0,0,0,0,0,0,0,0,0,20,1.0,20,0.0,20,0.0,20,1.0,20,0.0,20,1.0,20,1.0,20,1.0,0,,20,0.0,20,0.0,20,0.0,0,,0,,0,,0,,0,,0,,0,,1.0,0.0,1.0,stage_family_interface_recipe_time,,,,,,,,,,,,,,duplicate_encoding,IMAGE_CUE_FRESH,R5,,17-24
early,20,8,4,8,17,2,8,8,8,0,4,8,20,12,20,8,20,0,4,4,4,4,4,118,160,118,154,58,154,186,154,6,32,4,12,4,2,2,12,22,4,4,20,0.4,20,0.2,20,0.4,20,0.85,20,0.1,20,0.4,20,0.4,20,0.4,4,0.0,20,0.4,20,0.6,20,0.4,4,0.0,4,1.0,4,1.0,32,0.375,4,1.0,22,0.5454545454545454,4,1.0,0.7662337662337663,0.37662337662337664,1.2077922077922079,stage_family_interface_recipe_time,,,,,,,,,,,,,,cross_series,SYMBOLIC_FRESH,R5,,17-24
early,20,20,0,0,20,0,20,20,20,0,0,0,20,0,20,0,20,0,0,0,0,0,0,160,160,160,160,0,160,160,160,0,0,0,0,0,0,0,0,0,0,0,20,1.0,20,0.0,20,0.0,20,1.0,20,0.0,20,1.0,20,1.0,20,1.0,0,,20,0.0,20,0.0,20,0.0,0,,0,,0,,0,,0,,0,,0,,1.0,0.0,1.0,stage_family_interface_recipe_time,,,,,,,,,,,,,,cross_series,IMAGE_CUE_FRESH,R5,,17-24
early,24,20,0,4,24,1,20,20,21,0,0,3,24,3,24,3,24,0,0,0,0,0,0,187,192,188,192,3,192,191,192,0,4,1,0,0,0,0,0,0,0,0,24,0.8333333333333334,24,0.0,24,0.16666666666666666,24,1.0,24,0.041666666666666664,24,0.8333333333333334,24,0.8333333333333334,24,0.875,0,,24,0.125,24,0.125,24,0.125,0,,0,,0,,4,0.0,1,0.0,0,,0,,0.9791666666666666,0.015625,0.9947916666666666,stage_family_interface_recipe_time,,,,,,,,,,,,,,duplicate_encoding,SYMBOLIC_FRESH,R5,,25-32
early,24,24,0,0,24,0,24,24,24,0,0,0,24,0,24,0,24,0,0,0,0,0,0,192,192,192,192,0,192,192,192,0,0,0,0,0,0,0,0,0,0,0,24,1.0,24,0.0,24,0.0,24,1.0,24,0.0,24,1.0,24,1.0,24,1.0,0,,24,0.0,24,0.0,24,0.0,0,,0,,0,,0,,0,,0,,0,,1.0,0.0,1.0,stage_family_interface_recipe_time,,,,,,,,,,,,,,duplicate_encoding,IMAGE_CUE_FRESH,R5,,25-32
early,20,4,8,8,19,1,5,5,11,0,8,7,20,10,20,15,20,0,8,7,8,7,8,83,160,84,159,98,159,194,159,1,75,1,0,1,0,1,0,63,1,1,20,0.2,20,0.4,20,0.4,20,0.95,20,0.05,20,0.25,20,0.25,20,0.55,8,0.0,20,0.35,20,0.5,20,0.75,8,0.0,8,0.875,8,0.875,75,0.0,1,1.0,63,0.0,1,1.0,0.5283018867924528,0.6163522012578616,1.220125786163522,stage_family_interface_recipe_time,,,,,,,,,,,,,,cross_series,SYMBOLIC_FRESH,R5,,25-32
early,20,20,0,0,20,0,20,20,20,0,0,0,20,0,20,0,20,0,0,0,0,0,0,160,160,160,160,0,160,160,160,0,0,0,0,0,0,0,0,0,0,0,20,1.0,20,0.0,20,0.0,20,1.0,20,0.0,20,1.0,20,1.0,20,1.0,0,,20,0.0,20,0.0,20,0.0,0,,0,,0,,0,,0,,0,,0,,1.0,0.0,1.0,stage_family_interface_recipe_time,,,,,,,,,,,,,,cross_series,IMAGE_CUE_FRESH,R5,,25-32
early,20,0,20,0,12,11,1,1,7,0,20,0,20,20,20,15,20,0,20,20,20,15,20,0,160,0,148,172,148,177,148,12,132,16,13,16,2,11,13,132,16,16,20,0.0,20,1.0,20,0.0,20,0.6,20,0.55,20,0.05,20,0.05,20,0.35,20,0.0,20,0.0,20,1.0,20,0.75,20,0.0,20,1.0,20,0.75,132,0.09848484848484848,16,1.0,132,0.09848484848484848,16,1.0,0.0,1.162162162162162,1.195945945945946,stage_family_interface_recipe_time,,,,,,,,,,,,,,trend,SYMBOLIC_FRESH,R5,,25-32
early,20,19,0,1,20,0,19,19,19,0,0,0,20,1,20,1,20,0,0,0,0,0,0,159,160,160,160,1,160,161,160,0,1,0,0,0,0,0,0,0,0,0,20,0.95,20,0.0,20,0.05,20,1.0,20,0.0,20,0.95,20,0.95,20,0.95,0,,20,0.0,20,0.05,20,0.05,0,,0,,0,,1,0.0,0,,0,,0,,1.0,0.00625,1.00625,stage_family_interface_recipe_time,,,,,,,,,,,,,,trend,IMAGE_CUE_FRESH,R5,,25-32
early,24,10,0,14,21,1,10,10,10,0,0,11,24,10,24,13,24,0,0,0,0,0,0,171,192,175,189,16,189,192,189,3,17,1,0,0,0,0,0,0,0,0,24,0.4166666666666667,24,0.0,24,0.5833333333333334,24,0.875,24,0.041666666666666664,24,0.4166666666666667,24,0.4166666666666667,24,0.4166666666666667,0,,24,0.4583333333333333,24,0.4166666666666667,24,0.5416666666666666,0,,0,,0,,17,0.0,1,0.0,0,,0,,0.9259259259259259,0.08465608465608465,1.0158730158730158,stage_family_interface_recipe_time,,,,,,,,,,,,,,duplicate_encoding,SYMBOLIC_FRESH,R6,,01-08
early,24,24,0,0,24,0,24,24,24,0,0,0,24,0,24,0,24,0,0,0,0,0,0,192,192,192,192,0,192,192,192,0,0,0,0,0,0,0,0,0,0,0,24,1.0,24,0.0,24,0.0,24,1.0,24,0.0,24,1.0,24,1.0,24,1.0,0,,24,0.0,24,0.0,24,0.0,0,,0,,0,,0,,0,,0,,0,,1.0,0.0,1.0,stage_family_interface_recipe_time,,,,,,,,,,,,,,duplicate_encoding,IMAGE_CUE_FRESH,R6,,01-08
early,20,0,9,11,12,12,0,0,1,8,9,19,20,18,20,19,20,8,9,8,9,9,9,36,160,65,143,184,143,298,143,17,80,27,13,26,6,11,7,47,20,20,20,0.0,20,0.45,20,0.55,20,0.6,20,0.6,20,0.0,20,0.0,20,0.05,9,0.8888888888888888,20,0.95,20,0.9,20,0.95,9,0.8888888888888888,9,0.8888888888888888,9,1.0,80,0.1625,27,0.9629629629629629,47,0.14893617021276595,20,1.0,0.45454545454545453,1.2867132867132867,2.0839160839160837,stage_family_interface_recipe_time,,,,,,,,,,,,,,cross_series,SYMBOLIC_FRESH,R6,,01-08
early,20,17,0,3,20,0,17,17,17,0,0,1,20,3,20,3,20,0,0,0,0,0,0,155,160,159,160,7,160,166,160,0,5,0,0,0,0,0,0,0,0,0,20,0.85,20,0.0,20,0.15,20,1.0,20,0.0,20,0.85,20,0.85,20,0.85,0,,20,0.05,20,0.15,20,0.15,0,,0,,0,,5,0.0,0,,0,,0,,0.99375,0.04375,1.0375,stage_family_interface_recipe_time,,,,,,,,,,,,,,cross_series,IMAGE_CUE_FRESH,R6,,01-08
early,20,0,9,11,11,3,1,1,1,0,9,11,20,20,20,15,20,0,9,9,9,7,9,38,160,39,137,225,137,319,137,23,96,3,27,3,9,3,23,53,2,2,20,0.0,20,0.45,20,0.55,20,0.55,20,0.15,20,0.05,20,0.05,20,0.05,9,0.0,20,0.55,20,1.0,20,0.75,9,0.0,9,1.0,9,0.7777777777777778,96,0.28125,3,1.0,53,0.4339622641509434,2,1.0,0.2846715328467153,1.6423357664233578,2.3284671532846715,stage_family_interface_recipe_time,,,,,,,,,,,,,,trend,SYMBOLIC_FRESH,R6,,01-08
early,20,12,0,8,20,0,12,12,12,0,0,8,20,2,20,8,20,0,0,0,0,0,0,148,160,149,160,2,160,160,160,0,12,0,0,0,0,0,0,0,0,0,20,0.6,20,0.0,20,0.4,20,1.0,20,0.0,20,0.6,20,0.6,20,0.6,0,,20,0.4,20,0.1,20,0.4,0,,0,,0,,12,0.0,0,,0,,0,,0.93125,0.0125,1.0,stage_family_interface_recipe_time,,,,,,,,,,,,,,trend,IMAGE_CUE_FRESH,R6,,01-08
early,24,0,15,9,21,4,3,3,3,2,15,10,24,23,24,19,24,2,15,14,15,12,15,33,192,40,184,138,184,267,184,8,146,5,39,5,11,4,38,117,3,3,24,0.0,24,0.625,24,0.375,24,0.875,24,0.16666666666666666,24,0.125,24,0.125,24,0.125,15,0.13333333333333333,24,0.4166666666666667,24,0.9583333333333334,24,0.7916666666666666,15,0.13333333333333333,15,0.9333333333333333,15,0.8,146,0.2671232876712329,5,1.0,117,0.3247863247863248,3,1.0,0.21739130434782608,0.75,1.451086956521739,stage_family_interface_recipe_time,,,,,,,,,,,,,,cross_series,SYMBOLIC_FRESH,R6,,09-16
early,24,23,0,1,24,0,23,23,23,0,0,1,24,1,24,0,24,0,0,0,0,0,0,191,192,191,192,3,192,195,192,0,1,0,0,0,0,0,0,0,0,0,24,0.9583333333333334,24,0.0,24,0.041666666666666664,24,1.0,24,0.0,24,0.9583333333333334,24,0.9583333333333334,24,0.9583333333333334,0,,24,0.041666666666666664,24,0.041666666666666664,24,0.0,0,,0,,0,,1,0.0,0,,0,,0,,0.9947916666666666,0.015625,1.015625,stage_family_interface_recipe_time,,,,,,,,,,,,,,cross_series,IMAGE_CUE_FRESH,R6,,09-16
early,20,1,4,15,19,5,2,2,2,1,4,16,20,19,20,8,20,1,4,4,4,3,4,66,160,67,159,211,159,340,159,1,85,8,20,8,3,5,20,32,0,0,20,0.05,20,0.2,20,0.75,20,0.95,20,0.25,20,0.1,20,0.1,20,0.1,4,0.25,20,0.8,20,0.95,20,0.4,4,0.25,4,1.0,4,0.75,85,0.23529411764705882,8,1.0,32,0.625,0,,0.42138364779874216,1.3270440251572326,2.138364779874214,stage_family_interface_recipe_time,,,,,,,,,,,,,,trend,SYMBOLIC_FRESH,R6,,09-16
early,20,17,0,3,19,0,17,17,17,0,0,2,20,0,20,3,20,0,0,0,0,0,0,157,160,157,159,0,159,157,159,1,2,0,0,0,0,0,0,0,0,0,20,0.85,20,0.0,20,0.15,20,0.95,20,0.0,20,0.85,20,0.85,20,0.85,0,,20,0.1,20,0.0,20,0.15,0,,0,,0,,2,0.0,0,,0,,0,,0.9874213836477987,0.0,0.9874213836477987,stage_family_interface_recipe_time,,,,,,,,,,,,,,trend,IMAGE_CUE_FRESH,R6,,09-16
early,20,10,0,10,20,0,10,10,10,0,0,5,20,9,20,5,20,0,0,0,0,0,0,145,160,154,160,15,160,170,160,0,15,0,0,0,0,0,0,0,0,0,20,0.5,20,0.0,20,0.5,20,1.0,20,0.0,20,0.5,20,0.5,20,0.5,0,,20,0.25,20,0.45,20,0.25,0,,0,,0,,15,0.0,0,,0,,0,,0.9625,0.09375,1.0625,stage_family_interface_recipe_time,,,,,,,,,,,,,,duplicate_encoding,SYMBOLIC_FRESH,R6,,09-16
early,20,20,0,0,20,0,20,20,20,0,0,0,20,0,20,0,20,0,0,0,0,0,0,160,160,160,160,0,160,160,160,0,0,0,0,0,0,0,0,0,0,0,20,1.0,20,0.0,20,0.0,20,1.0,20,0.0,20,1.0,20,1.0,20,1.0,0,,20,0.0,20,0.0,20,0.0,0,,0,,0,,0,,0,,0,,0,,1.0,0.0,1.0,stage_family_interface_recipe_time,,,,,,,,,,,,,,duplicate_encoding,IMAGE_CUE_FRESH,R6,,09-16
early,24,0,12,12,13,1,0,0,0,0,12,12,24,21,24,17,24,0,12,9,12,12,12,49,192,49,163,213,163,322,163,29,113,1,28,1,12,1,28,70,0,0,24,0.0,24,0.5,24,0.5,24,0.5416666666666666,24,0.041666666666666664,24,0.0,24,0.0,24,0.0,12,0.0,24,0.5,24,0.875,24,0.7083333333333334,12,0.0,12,0.75,12,1.0,113,0.24778761061946902,1,1.0,70,0.4,0,,0.3006134969325153,1.3067484662576687,1.9754601226993864,stage_family_interface_recipe_time,,,,,,,,,,,,,,trend,SYMBOLIC_FRESH,R6,,17-24
early,24,21,0,3,24,0,21,21,21,0,0,3,24,0,24,3,24,0,0,0,0,0,0,189,192,189,192,0,192,191,192,0,3,0,0,0,0,0,0,0,0,0,24,0.875,24,0.0,24,0.125,24,1.0,24,0.0,24,0.875,24,0.875,24,0.875,0,,24,0.125,24,0.0,24,0.125,0,,0,,0,,3,0.0,0,,0,,0,,0.984375,0.0,0.9947916666666666,stage_family_interface_recipe_time,,,,,,,,,,,,,,trend,IMAGE_CUE_FRESH,R6,,17-24
early,20,13,0,7,18,0,13,13,13,0,0,5,20,2,20,6,20,0,0,0,0,0,0,152,160,153,158,2,158,156,158,2,6,0,0,0,0,0,0,0,0,0,20,0.65,20,0.0,20,0.35,20,0.9,20,0.0,20,0.65,20,0.65,20,0.65,0,,20,0.25,20,0.1,20,0.3,0,,0,,0,,6,0.0,0,,0,,0,,0.9683544303797469,0.012658227848101266,0.9873417721518988,stage_family_interface_recipe_time,,,,,,,,,,,,,,duplicate_encoding,SYMBOLIC_FRESH,R6,,17-24
early,20,20,0,0,20,0,20,20,20,0,0,0,20,0,20,0,20,0,0,0,0,0,0,160,160,160,160,0,160,160,160,0,0,0,0,0,0,0,0,0,0,0,20,1.0,20,0.0,20,0.0,20,1.0,20,0.0,20,1.0,20,1.0,20,1.0,0,,20,0.0,20,0.0,20,0.0,0,,0,,0,,0,,0,,0,,0,,1.0,0.0,1.0,stage_family_interface_recipe_time,,,,,,,,,,,,,,duplicate_encoding,IMAGE_CUE_FRESH,R6,,17-24
early,20,8,4,8,17,2,8,8,8,0,4,8,20,12,20,9,20,0,4,4,4,4,4,116,160,116,153,65,153,193,153,7,33,4,9,4,2,2,9,21,4,4,20,0.4,20,0.2,20,0.4,20,0.85,20,0.1,20,0.4,20,0.4,20,0.4,4,0.0,20,0.4,20,0.6,20,0.45,4,0.0,4,1.0,4,1.0,33,0.2727272727272727,4,1.0,21,0.42857142857142855,4,1.0,0.7581699346405228,0.42483660130718953,1.261437908496732,stage_family_interface_recipe_time,,,,,,,,,,,,,,cross_series,SYMBOLIC_FRESH,R6,,17-24
early,20,20,0,0,20,0,20,20,20,0,0,0,20,0,20,0,20,0,0,0,0,0,0,160,160,160,160,0,160,160,160,0,0,0,0,0,0,0,0,0,0,0,20,1.0,20,0.0,20,0.0,20,1.0,20,0.0,20,1.0,20,1.0,20,1.0,0,,20,0.0,20,0.0,20,0.0,0,,0,,0,,0,,0,,0,,0,,1.0,0.0,1.0,stage_family_interface_recipe_time,,,,,,,,,,,,,,cross_series,IMAGE_CUE_FRESH,R6,,17-24
early,24,20,0,4,24,0,20,20,20,0,0,3,24,3,24,3,24,0,0,0,0,0,0,188,192,189,192,3,192,192,192,0,4,0,0,0,0,0,0,0,0,0,24,0.8333333333333334,24,0.0,24,0.16666666666666666,24,1.0,24,0.0,24,0.8333333333333334,24,0.8333333333333334,24,0.8333333333333334,0,,24,0.125,24,0.125,24,0.125,0,,0,,0,,4,0.0,0,,0,,0,,0.984375,0.015625,1.0,stage_family_interface_recipe_time,,,,,,,,,,,,,,duplicate_encoding,SYMBOLIC_FRESH,R6,,25-32
early,24,24,0,0,24,0,24,24,24,0,0,0,24,0,24,0,24,0,0,0,0,0,0,192,192,192,192,0,192,192,192,0,0,0,0,0,0,0,0,0,0,0,24,1.0,24,0.0,24,0.0,24,1.0,24,0.0,24,1.0,24,1.0,24,1.0,0,,24,0.0,24,0.0,24,0.0,0,,0,,0,,0,,0,,0,,0,,1.0,0.0,1.0,stage_family_interface_recipe_time,,,,,,,,,,,,,,duplicate_encoding,IMAGE_CUE_FRESH,R6,,25-32
early,20,5,8,7,19,1,5,5,5,0,8,6,20,11,20,15,20,0,8,8,8,8,8,83,160,84,159,115,159,213,159,1,75,1,37,1,7,1,37,63,1,1,20,0.25,20,0.4,20,0.35,20,0.95,20,0.05,20,0.25,20,0.25,20,0.25,8,0.0,20,0.3,20,0.55,20,0.75,8,0.0,8,1.0,8,1.0,75,0.49333333333333335,1,1.0,63,0.5873015873015873,1,1.0,0.5283018867924528,0.7232704402515723,1.3396226415094339,stage_family_interface_recipe_time,,,,,,,,,,,,,,cross_series,SYMBOLIC_FRESH,R6,,25-32
early,20,20,0,0,20,0,20,20,20,0,0,0,20,0,20,0,20,0,0,0,0,0,0,160,160,160,160,0,160,160,160,0,0,0,0,0,0,0,0,0,0,0,20,1.0,20,0.0,20,0.0,20,1.0,20,0.0,20,1.0,20,1.0,20,1.0,0,,20,0.0,20,0.0,20,0.0,0,,0,,0,,0,,0,,0,,0,,1.0,0.0,1.0,stage_family_interface_recipe_time,,,,,,,,,,,,,,cross_series,IMAGE_CUE_FRESH,R6,,25-32
early,20,0,20,0,12,8,0,0,2,0,20,0,20,20,20,16,20,0,20,20,20,16,20,0,160,0,139,212,139,219,139,21,130,9,60,9,14,8,60,130,9,9,20,0.0,20,1.0,20,0.0,20,0.6,20,0.4,20,0.0,20,0.0,20,0.1,20,0.0,20,0.0,20,1.0,20,0.8,20,0.0,20,1.0,20,0.8,130,0.46153846153846156,9,1.0,130,0.46153846153846156,9,1.0,0.0,1.525179856115108,1.5755395683453237,stage_family_interface_recipe_time,,,,,,,,,,,,,,trend,SYMBOLIC_FRESH,R6,,25-32
early,20,19,0,1,20,0,19,19,19,0,0,0,20,1,20,1,20,0,0,0,0,0,0,159,160,160,160,1,160,161,160,0,1,0,0,0,0,0,0,0,0,0,20,0.95,20,0.0,20,0.05,20,1.0,20,0.0,20,0.95,20,0.95,20,0.95,0,,20,0.0,20,0.05,20,0.05,0,,0,,0,,1,0.0,0,,0,,0,,1.0,0.00625,1.00625,stage_family_interface_recipe_time,,,,,,,,,,,,,,trend,IMAGE_CUE_FRESH,R6,,25-32
early,24,11,0,13,21,1,11,11,11,0,0,10,24,9,24,12,24,0,0,0,0,0,0,171,192,176,189,16,189,193,189,3,17,1,0,0,0,0,0,0,0,0,24,0.4583333333333333,24,0.0,24,0.5416666666666666,24,0.875,24,0.041666666666666664,24,0.4583333333333333,24,0.4583333333333333,24,0.4583333333333333,0,,24,0.4166666666666667,24,0.375,24,0.5,0,,0,,0,,17,0.0,1,0.0,0,,0,,0.9312169312169312,0.08465608465608465,1.0211640211640212,stage_family_interface_recipe_time,,,,,,,,,,,,,,duplicate_encoding,SYMBOLIC_FRESH,R7,,01-08
early,24,24,0,0,24,0,24,24,24,0,0,0,24,0,24,0,24,0,0,0,0,0,0,192,192,192,192,0,192,192,192,0,0,0,0,0,0,0,0,0,0,0,24,1.0,24,0.0,24,0.0,24,1.0,24,0.0,24,1.0,24,1.0,24,1.0,0,,24,0.0,24,0.0,24,0.0,0,,0,,0,,0,,0,,0,,0,,1.0,0.0,1.0,stage_family_interface_recipe_time,,,,,,,,,,,,,,duplicate_encoding,IMAGE_CUE_FRESH,R7,,01-08
early,20,1,9,10,12,12,1,1,1,8,9,18,20,18,20,19,20,8,9,9,9,9,9,36,160,64,144,185,144,298,144,16,82,26,6,26,4,12,0,49,19,19,20,0.05,20,0.45,20,0.5,20,0.6,20,0.6,20,0.05,20,0.05,20,0.05,9,0.8888888888888888,20,0.9,20,0.9,20,0.95,9,0.8888888888888888,9,1.0,9,1.0,82,0.07317073170731707,26,1.0,49,0.0,19,1.0,0.4444444444444444,1.2847222222222223,2.0694444444444446,stage_family_interface_recipe_time,,,,,,,,,,,,,,cross_series,SYMBOLIC_FRESH,R7,,01-08
early,20,17,0,3,20,0,17,17,17,0,0,1,20,3,20,3,20,0,0,0,0,0,0,155,160,159,160,7,160,166,160,0,5,0,0,0,0,0,0,0,0,0,20,0.85,20,0.0,20,0.15,20,1.0,20,0.0,20,0.85,20,0.85,20,0.85,0,,20,0.05,20,0.15,20,0.15,0,,0,,0,,5,0.0,0,,0,,0,,0.99375,0.04375,1.0375,stage_family_interface_recipe_time,,,,,,,,,,,,,,cross_series,IMAGE_CUE_FRESH,R7,,01-08
early,20,0,10,10,12,2,2,2,2,0,10,10,20,20,20,15,20,0,10,10,10,8,10,37,160,38,139,228,139,324,139,21,100,2,37,2,8,2,37,62,0,0,20,0.0,20,0.5,20,0.5,20,0.6,20,0.1,20,0.1,20,0.1,20,0.1,10,0.0,20,0.5,20,1.0,20,0.75,10,0.0,10,1.0,10,0.8,100,0.37,2,1.0,62,0.5967741935483871,0,,0.2733812949640288,1.6402877697841727,2.3309352517985613,stage_family_interface_recipe_time,,,,,,,,,,,,,,trend,SYMBOLIC_FRESH,R7,,01-08
early,20,13,0,7,20,0,13,13,13,0,0,7,20,2,20,7,20,0,0,0,0,0,0,147,160,148,160,2,160,160,160,0,13,0,0,0,0,0,0,0,0,0,20,0.65,20,0.0,20,0.35,20,1.0,20,0.0,20,0.65,20,0.65,20,0.65,0,,20,0.35,20,0.1,20,0.35,0,,0,,0,,13,0.0,0,,0,,0,,0.925,0.0125,1.0,stage_family_interface_recipe_time,,,,,,,,,,,,,,trend,IMAGE_CUE_FRESH,R7,,01-08
early,24,0,15,9,20,2,3,3,3,2,15,10,24,22,24,19,24,2,15,13,15,12,15,36,192,43,186,129,186,261,186,6,147,3,47,3,12,2,45,118,1,1,24,0.0,24,0.625,24,0.375,24,0.8333333333333334,24,0.08333333333333333,24,0.125,24,0.125,24,0.125,15,0.13333333333333333,24,0.4166666666666667,24,0.9166666666666666,24,0.7916666666666666,15,0.13333333333333333,15,0.8666666666666667,15,0.8,147,0.3197278911564626,3,1.0,118,0.3813559322033898,1,1.0,0.23118279569892472,0.6935483870967742,1.403225806451613,stage_family_interface_recipe_time,,,,,,,,,,,,,,cross_series,SYMBOLIC_FRESH,R7,,09-16
early,24,23,0,1,24,0,23,23,23,0,0,1,24,1,24,0,24,0,0,0,0,0,0,191,192,191,192,3,192,195,192,0,1,0,0,0,0,0,0,0,0,0,24,0.9583333333333334,24,0.0,24,0.041666666666666664,24,1.0,24,0.0,24,0.9583333333333334,24,0.9583333333333334,24,0.9583333333333334,0,,24,0.041666666666666664,24,0.041666666666666664,24,0.0,0,,0,,0,,1,0.0,0,,0,,0,,0.9947916666666666,0.015625,1.015625,stage_family_interface_recipe_time,,,,,,,,,,,,,,cross_series,IMAGE_CUE_FRESH,R7,,09-16
early,20,1,5,14,17,5,2,2,2,1,5,15,20,19,20,9,20,1,5,5,5,3,5,64,160,65,157,213,157,340,157,3,85,8,20,8,3,5,20,39,1,1,20,0.05,20,0.25,20,0.7,20,0.85,20,0.25,20,0.1,20,0.1,20,0.1,5,0.2,20,0.75,20,0.95,20,0.45,5,0.2,5,1.0,5,0.6,85,0.23529411764705882,8,1.0,39,0.5128205128205128,1,1.0,0.4140127388535032,1.356687898089172,2.1656050955414012,stage_family_interface_recipe_time,,,,,,,,,,,,,,trend,SYMBOLIC_FRESH,R7,,09-16
early,20,17,0,3,19,0,17,17,17,0,0,2,20,0,20,3,20,0,0,0,0,0,0,157,160,157,159,0,159,157,159,1,2,0,0,0,0,0,0,0,0,0,20,0.85,20,0.0,20,0.15,20,0.95,20,0.0,20,0.85,20,0.85,20,0.85,0,,20,0.1,20,0.0,20,0.15,0,,0,,0,,2,0.0,0,,0,,0,,0.9874213836477987,0.0,0.9874213836477987,stage_family_interface_recipe_time,,,,,,,,,,,,,,trend,IMAGE_CUE_FRESH,R7,,09-16
early,20,11,0,9,20,0,11,11,11,0,0,3,20,8,20,3,20,0,0,0,0,0,0,147,160,156,160,13,160,170,160,0,13,0,0,0,0,0,0,0,0,0,20,0.55,20,0.0,20,0.45,20,1.0,20,0.0,20,0.55,20,0.55,20,0.55,0,,20,0.15,20,0.4,20,0.15,0,,0,,0,,13,0.0,0,,0,,0,,0.975,0.08125,1.0625,stage_family_interface_recipe_time,,,,,,,,,,,,,,duplicate_encoding,SYMBOLIC_FRESH,R7,,09-16
early,20,20,0,0,20,0,20,20,20,0,0,0,20,0,20,0,20,0,0,0,0,0,0,160,160,160,160,0,160,160,160,0,0,0,0,0,0,0,0,0,0,0,20,1.0,20,0.0,20,0.0,20,1.0,20,0.0,20,1.0,20,1.0,20,1.0,0,,20,0.0,20,0.0,20,0.0,0,,0,,0,,0,,0,,0,,0,,1.0,0.0,1.0,stage_family_interface_recipe_time,,,,,,,,,,,,,,duplicate_encoding,IMAGE_CUE_FRESH,R7,,09-16
early,24,0,12,12,14,1,0,0,0,0,12,11,24,20,24,19,24,0,12,9,12,12,12,55,192,55,166,201,166,313,166,26,110,1,38,1,12,1,38,73,0,0,24,0.0,24,0.5,24,0.5,24,0.5833333333333334,24,0.041666666666666664,24,0.0,24,0.0,24,0.0,12,0.0,24,0.4583333333333333,24,0.8333333333333334,24,0.7916666666666666,12,0.0,12,0.75,12,1.0,110,0.34545454545454546,1,1.0,73,0.5205479452054794,0,,0.3313253012048193,1.2108433734939759,1.8855421686746987,stage_family_interface_recipe_time,,,,,,,,,,,,,,trend,SYMBOLIC_FRESH,R7,,17-24
early,24,21,0,3,24,0,21,21,21,0,0,3,24,0,24,3,24,0,0,0,0,0,0,189,192,189,192,0,192,191,192,0,3,0,0,0,0,0,0,0,0,0,24,0.875,24,0.0,24,0.125,24,1.0,24,0.0,24,0.875,24,0.875,24,0.875,0,,24,0.125,24,0.0,24,0.125,0,,0,,0,,3,0.0,0,,0,,0,,0.984375,0.0,0.9947916666666666,stage_family_interface_recipe_time,,,,,,,,,,,,,,trend,IMAGE_CUE_FRESH,R7,,17-24
early,20,13,0,7,18,0,13,13,13,0,0,5,20,2,20,6,20,0,0,0,0,0,0,152,160,153,158,2,158,156,158,2,6,0,0,0,0,0,0,0,0,0,20,0.65,20,0.0,20,0.35,20,0.9,20,0.0,20,0.65,20,0.65,20,0.65,0,,20,0.25,20,0.1,20,0.3,0,,0,,0,,6,0.0,0,,0,,0,,0.9683544303797469,0.012658227848101266,0.9873417721518988,stage_family_interface_recipe_time,,,,,,,,,,,,,,duplicate_encoding,SYMBOLIC_FRESH,R7,,17-24
early,20,20,0,0,20,0,20,20,20,0,0,0,20,0,20,0,20,0,0,0,0,0,0,160,160,160,160,0,160,160,160,0,0,0,0,0,0,0,0,0,0,0,20,1.0,20,0.0,20,0.0,20,1.0,20,0.0,20,1.0,20,1.0,20,1.0,0,,20,0.0,20,0.0,20,0.0,0,,0,,0,,0,,0,,0,,0,,1.0,0.0,1.0,stage_family_interface_recipe_time,,,,,,,,,,,,,,duplicate_encoding,IMAGE_CUE_FRESH,R7,,17-24
early,20,8,4,8,17,2,8,8,8,0,4,8,20,12,20,8,20,0,4,4,4,4,4,116,160,116,154,66,154,194,154,6,34,4,11,4,2,2,11,22,4,4,20,0.4,20,0.2,20,0.4,20,0.85,20,0.1,20,0.4,20,0.4,20,0.4,4,0.0,20,0.4,20,0.6,20,0.4,4,0.0,4,1.0,4,1.0,34,0.3235294117647059,4,1.0,22,0.5,4,1.0,0.7532467532467533,0.42857142857142855,1.2597402597402598,stage_family_interface_recipe_time,,,,,,,,,,,,,,cross_series,SYMBOLIC_FRESH,R7,,17-24
early,20,20,0,0,20,0,20,20,20,0,0,0,20,0,20,0,20,0,0,0,0,0,0,160,160,160,160,0,160,160,160,0,0,0,0,0,0,0,0,0,0,0,20,1.0,20,0.0,20,0.0,20,1.0,20,0.0,20,1.0,20,1.0,20,1.0,0,,20,0.0,20,0.0,20,0.0,0,,0,,0,,0,,0,,0,,0,,1.0,0.0,1.0,stage_family_interface_recipe_time,,,,,,,,,,,,,,cross_series,IMAGE_CUE_FRESH,R7,,17-24
early,24,20,0,4,24,0,20,20,20,0,0,3,24,3,24,3,24,0,0,0,0,0,0,187,192,188,192,3,192,191,192,0,5,0,0,0,0,0,0,0,0,0,24,0.8333333333333334,24,0.0,24,0.16666666666666666,24,1.0,24,0.0,24,0.8333333333333334,24,0.8333333333333334,24,0.8333333333333334,0,,24,0.125,24,0.125,24,0.125,0,,0,,0,,5,0.0,0,,0,,0,,0.9791666666666666,0.015625,0.9947916666666666,stage_family_interface_recipe_time,,,,,,,,,,,,,,duplicate_encoding,SYMBOLIC_FRESH,R7,,25-32
early,24,24,0,0,24,0,24,24,24,0,0,0,24,0,24,0,24,0,0,0,0,0,0,192,192,192,192,0,192,192,192,0,0,0,0,0,0,0,0,0,0,0,24,1.0,24,0.0,24,0.0,24,1.0,24,0.0,24,1.0,24,1.0,24,1.0,0,,24,0.0,24,0.0,24,0.0,0,,0,,0,,0,,0,,0,,0,,1.0,0.0,1.0,stage_family_interface_recipe_time,,,,,,,,,,,,,,duplicate_encoding,IMAGE_CUE_FRESH,R7,,25-32
early,20,4,8,8,19,1,4,4,4,0,8,7,20,11,20,16,20,0,8,8,8,8,8,83,160,84,159,104,159,201,159,1,75,1,41,1,7,1,41,63,1,1,20,0.2,20,0.4,20,0.4,20,0.95,20,0.05,20,0.2,20,0.2,20,0.2,8,0.0,20,0.35,20,0.55,20,0.8,8,0.0,8,1.0,8,1.0,75,0.5466666666666666,1,1.0,63,0.6507936507936508,1,1.0,0.5283018867924528,0.6540880503144654,1.2641509433962264,stage_family_interface_recipe_time,,,,,,,,,,,,,,cross_series,SYMBOLIC_FRESH,R7,,25-32
early,20,20,0,0,20,0,20,20,20,0,0,0,20,0,20,0,20,0,0,0,0,0,0,160,160,160,160,0,160,160,160,0,0,0,0,0,0,0,0,0,0,0,20,1.0,20,0.0,20,0.0,20,1.0,20,0.0,20,1.0,20,1.0,20,1.0,0,,20,0.0,20,0.0,20,0.0,0,,0,,0,,0,,0,,0,,0,,1.0,0.0,1.0,stage_family_interface_recipe_time,,,,,,,,,,,,,,cross_series,IMAGE_CUE_FRESH,R7,,25-32
early,20,0,20,0,9,7,0,0,0,0,20,0,19,19,19,16,20,0,19,19,19,16,20,0,160,0,133,199,133,205,133,27,123,10,66,10,17,7,66,123,10,10,20,0.0,20,1.0,20,0.0,20,0.45,20,0.35,20,0.0,20,0.0,20,0.0,20,0.0,19,0.0,19,1.0,20,0.8,19,0.0,19,1.0,20,0.8,123,0.5365853658536586,10,1.0,123,0.5365853658536586,10,1.0,0.0,1.4962406015037595,1.5413533834586466,stage_family_interface_recipe_time,,,,,,,,,,,,,,trend,SYMBOLIC_FRESH,R7,,25-32
early,20,20,0,0,20,0,20,20,20,0,0,0,20,0,20,0,20,0,0,0,0,0,0,160,160,160,160,0,160,160,160,0,0,0,0,0,0,0,0,0,0,0,20,1.0,20,0.0,20,0.0,20,1.0,20,0.0,20,1.0,20,1.0,20,1.0,0,,20,0.0,20,0.0,20,0.0,0,,0,,0,,0,,0,,0,,0,,1.0,0.0,1.0,stage_family_interface_recipe_time,,,,,,,,,,,,,,trend,IMAGE_CUE_FRESH,R7,,25-32
early,24,12,0,12,21,1,12,12,12,0,0,9,24,9,24,11,24,0,0,0,0,0,0,170,192,176,189,16,189,194,189,3,18,1,0,0,0,0,0,0,0,0,24,0.5,24,0.0,24,0.5,24,0.875,24,0.041666666666666664,24,0.5,24,0.5,24,0.5,0,,24,0.375,24,0.375,24,0.4583333333333333,0,,0,,0,,18,0.0,1,0.0,0,,0,,0.9312169312169312,0.08465608465608465,1.0264550264550265,stage_family_interface_recipe_time,,,,,,,,,,,,,,duplicate_encoding,SYMBOLIC_FRESH,SAW_R4,,01-08
early,24,24,0,0,24,0,24,24,24,0,0,0,24,0,24,0,24,0,0,0,0,0,0,192,192,192,192,0,192,192,192,0,0,0,0,0,0,0,0,0,0,0,24,1.0,24,0.0,24,0.0,24,1.0,24,0.0,24,1.0,24,1.0,24,1.0,0,,24,0.0,24,0.0,24,0.0,0,,0,,0,,0,,0,,0,,0,,1.0,0.0,1.0,stage_family_interface_recipe_time,,,,,,,,,,,,,,duplicate_encoding,IMAGE_CUE_FRESH,SAW_R4,,01-08
early,20,1,9,10,11,12,1,1,1,8,9,18,20,18,20,19,20,8,9,9,9,9,9,36,160,64,143,186,143,300,143,17,80,27,29,18,10,9,28,47,18,20,20,0.05,20,0.45,20,0.5,20,0.55,20,0.6,20,0.05,20,0.05,20,0.05,9,0.8888888888888888,20,0.9,20,0.9,20,0.95,9,0.8888888888888888,9,1.0,9,1.0,80,0.3625,27,0.6666666666666666,47,0.5957446808510638,20,0.9,0.44755244755244755,1.3006993006993006,2.097902097902098,stage_family_interface_recipe_time,,,,,,,,,,,,,,cross_series,SYMBOLIC_FRESH,SAW_R4,,01-08
early,20,17,0,3,20,0,17,17,17,0,0,1,20,3,20,3,20,0,0,0,0,0,0,154,160,159,160,8,160,167,160,0,6,0,0,0,0,0,0,0,0,0,20,0.85,20,0.0,20,0.15,20,1.0,20,0.0,20,0.85,20,0.85,20,0.85,0,,20,0.05,20,0.15,20,0.15,0,,0,,0,,6,0.0,0,,0,,0,,0.99375,0.05,1.04375,stage_family_interface_recipe_time,,,,,,,,,,,,,,cross_series,IMAGE_CUE_FRESH,SAW_R4,,01-08
early,20,0,9,11,11,1,2,2,2,0,9,11,20,20,20,15,20,0,9,9,9,7,9,38,160,39,135,218,135,311,135,25,96,1,31,1,9,1,26,52,1,1,20,0.0,20,0.45,20,0.55,20,0.55,20,0.05,20,0.1,20,0.1,20,0.1,9,0.0,20,0.55,20,1.0,20,0.75,9,0.0,9,1.0,9,0.7777777777777778,96,0.3229166666666667,1,1.0,52,0.5,1,1.0,0.28888888888888886,1.614814814814815,2.303703703703704,stage_family_interface_recipe_time,,,,,,,,,,,,,,trend,SYMBOLIC_FRESH,SAW_R4,,01-08
early,20,13,0,7,20,0,13,13,13,0,0,7,20,2,20,7,20,0,0,0,0,0,0,148,160,149,160,2,160,160,160,0,12,0,0,0,0,0,0,0,0,0,20,0.65,20,0.0,20,0.35,20,1.0,20,0.0,20,0.65,20,0.65,20,0.65,0,,20,0.35,20,0.1,20,0.35,0,,0,,0,,12,0.0,0,,0,,0,,0.93125,0.0125,1.0,stage_family_interface_recipe_time,,,,,,,,,,,,,,trend,IMAGE_CUE_FRESH,SAW_R4,,01-08
early,24,0,15,9,20,2,2,2,2,2,15,11,24,22,24,20,24,2,15,13,15,13,15,36,192,42,186,132,186,259,186,6,148,2,49,0,13,0,49,118,0,1,24,0.0,24,0.625,24,0.375,24,0.8333333333333334,24,0.08333333333333333,24,0.08333333333333333,24,0.08333333333333333,24,0.08333333333333333,15,0.13333333333333333,24,0.4583333333333333,24,0.9166666666666666,24,0.8333333333333334,15,0.13333333333333333,15,0.8666666666666667,15,0.8666666666666667,148,0.3310810810810811,2,0.0,118,0.4152542372881356,1,0.0,0.22580645161290322,0.7096774193548387,1.39247311827957,stage_family_interface_recipe_time,,,,,,,,,,,,,,cross_series,SYMBOLIC_FRESH,SAW_R4,,09-16
early,24,23,0,1,24,0,23,23,23,0,0,1,24,1,24,0,24,0,0,0,0,0,0,191,192,191,192,3,192,195,192,0,1,0,0,0,0,0,0,0,0,0,24,0.9583333333333334,24,0.0,24,0.041666666666666664,24,1.0,24,0.0,24,0.9583333333333334,24,0.9583333333333334,24,0.9583333333333334,0,,24,0.041666666666666664,24,0.041666666666666664,24,0.0,0,,0,,0,,1,0.0,0,,0,,0,,0.9947916666666666,0.015625,1.015625,stage_family_interface_recipe_time,,,,,,,,,,,,,,cross_series,IMAGE_CUE_FRESH,SAW_R4,,09-16
early,20,1,5,14,19,5,2,2,3,1,5,15,20,19,20,7,20,1,5,5,5,3,5,66,160,67,159,213,159,342,159,1,84,9,21,0,3,0,21,38,0,2,20,0.05,20,0.25,20,0.7,20,0.95,20,0.25,20,0.1,20,0.1,20,0.15,5,0.2,20,0.75,20,0.95,20,0.35,5,0.2,5,1.0,5,0.6,84,0.25,9,0.0,38,0.5526315789473685,2,0.0,0.42138364779874216,1.3396226415094339,2.150943396226415,stage_family_interface_recipe_time,,,,,,,,,,,,,,trend,SYMBOLIC_FRESH,SAW_R4,,09-16
early,20,17,0,3,19,0,17,17,17,0,0,2,20,0,20,3,20,0,0,0,0,0,0,157,160,157,159,0,159,157,159,1,2,0,0,0,0,0,0,0,0,0,20,0.85,20,0.0,20,0.15,20,0.95,20,0.0,20,0.85,20,0.85,20,0.85,0,,20,0.1,20,0.0,20,0.15,0,,0,,0,,2,0.0,0,,0,,0,,0.9874213836477987,0.0,0.9874213836477987,stage_family_interface_recipe_time,,,,,,,,,,,,,,trend,IMAGE_CUE_FRESH,SAW_R4,,09-16
early,20,11,0,9,20,0,11,11,11,0,0,3,20,8,20,3,20,0,0,0,0,0,0,148,160,156,160,12,160,169,160,0,12,0,0,0,0,0,0,0,0,0,20,0.55,20,0.0,20,0.45,20,1.0,20,0.0,20,0.55,20,0.55,20,0.55,0,,20,0.15,20,0.4,20,0.15,0,,0,,0,,12,0.0,0,,0,,0,,0.975,0.075,1.05625,stage_family_interface_recipe_time,,,,,,,,,,,,,,duplicate_encoding,SYMBOLIC_FRESH,SAW_R4,,09-16
early,20,20,0,0,20,0,20,20,20,0,0,0,20,0,20,0,20,0,0,0,0,0,0,160,160,160,160,0,160,160,160,0,0,0,0,0,0,0,0,0,0,0,20,1.0,20,0.0,20,0.0,20,1.0,20,0.0,20,1.0,20,1.0,20,1.0,0,,20,0.0,20,0.0,20,0.0,0,,0,,0,,0,,0,,0,,0,,1.0,0.0,1.0,stage_family_interface_recipe_time,,,,,,,,,,,,,,duplicate_encoding,IMAGE_CUE_FRESH,SAW_R4,,09-16
early,24,0,12,12,14,1,0,0,0,0,12,11,23,20,23,18,24,0,11,9,11,12,12,57,192,57,162,182,162,289,162,30,104,1,31,0,12,0,31,70,0,0,24,0.0,24,0.5,24,0.5,24,0.5833333333333334,24,0.041666666666666664,24,0.0,24,0.0,24,0.0,12,0.0,23,0.4782608695652174,23,0.8695652173913043,24,0.75,11,0.0,11,0.8181818181818182,12,1.0,104,0.2980769230769231,1,0.0,70,0.44285714285714284,0,,0.35185185185185186,1.123456790123457,1.7839506172839505,stage_family_interface_recipe_time,,,,,,,,,,,,,,trend,SYMBOLIC_FRESH,SAW_R4,,17-24
early,24,22,0,2,24,0,22,22,22,0,0,2,24,0,24,2,24,0,0,0,0,0,0,190,192,190,192,0,192,191,192,0,2,0,0,0,0,0,0,0,0,0,24,0.9166666666666666,24,0.0,24,0.08333333333333333,24,1.0,24,0.0,24,0.9166666666666666,24,0.9166666666666666,24,0.9166666666666666,0,,24,0.08333333333333333,24,0.0,24,0.08333333333333333,0,,0,,0,,2,0.0,0,,0,,0,,0.9895833333333334,0.0,0.9947916666666666,stage_family_interface_recipe_time,,,,,,,,,,,,,,trend,IMAGE_CUE_FRESH,SAW_R4,,17-24
early,20,14,0,6,18,0,14,14,14,0,0,6,20,2,20,6,20,0,0,0,0,0,0,152,160,152,158,2,158,155,158,2,6,0,0,0,0,0,0,0,0,0,20,0.7,20,0.0,20,0.3,20,0.9,20,0.0,20,0.7,20,0.7,20,0.7,0,,20,0.3,20,0.1,20,0.3,0,,0,,0,,6,0.0,0,,0,,0,,0.9620253164556962,0.012658227848101266,0.9810126582278481,stage_family_interface_recipe_time,,,,,,,,,,,,,,duplicate_encoding,SYMBOLIC_FRESH,SAW_R4,,17-24
early,20,20,0,0,20,0,20,20,20,0,0,0,20,0,20,0,20,0,0,0,0,0,0,160,160,160,160,0,160,160,160,0,0,0,0,0,0,0,0,0,0,0,20,1.0,20,0.0,20,0.0,20,1.0,20,0.0,20,1.0,20,1.0,20,1.0,0,,20,0.0,20,0.0,20,0.0,0,,0,,0,,0,,0,,0,,0,,1.0,0.0,1.0,stage_family_interface_recipe_time,,,,,,,,,,,,,,duplicate_encoding,IMAGE_CUE_FRESH,SAW_R4,,17-24
early,20,8,4,8,16,2,8,8,8,0,4,8,20,12,20,7,20,0,4,4,4,4,4,118,160,118,151,57,151,185,151,9,30,3,17,3,4,2,17,20,3,3,20,0.4,20,0.2,20,0.4,20,0.8,20,0.1,20,0.4,20,0.4,20,0.4,4,0.0,20,0.4,20,0.6,20,0.35,4,0.0,4,1.0,4,1.0,30,0.5666666666666667,3,1.0,20,0.85,3,1.0,0.7814569536423841,0.37748344370860926,1.2251655629139073,stage_family_interface_recipe_time,,,,,,,,,,,,,,cross_series,SYMBOLIC_FRESH,SAW_R4,,17-24
early,20,20,0,0,20,0,20,20,20,0,0,0,20,0,20,0,20,0,0,0,0,0,0,160,160,160,160,0,160,160,160,0,0,0,0,0,0,0,0,0,0,0,20,1.0,20,0.0,20,0.0,20,1.0,20,0.0,20,1.0,20,1.0,20,1.0,0,,20,0.0,20,0.0,20,0.0,0,,0,,0,,0,,0,,0,,0,,1.0,0.0,1.0,stage_family_interface_recipe_time,,,,,,,,,,,,,,cross_series,IMAGE_CUE_FRESH,SAW_R4,,17-24
early,24,20,0,4,24,1,20,20,20,0,0,3,24,3,24,3,24,0,0,0,0,0,0,187,192,188,192,3,192,191,192,0,4,1,0,0,0,0,0,0,0,0,24,0.8333333333333334,24,0.0,24,0.16666666666666666,24,1.0,24,0.041666666666666664,24,0.8333333333333334,24,0.8333333333333334,24,0.8333333333333334,0,,24,0.125,24,0.125,24,0.125,0,,0,,0,,4,0.0,1,0.0,0,,0,,0.9791666666666666,0.015625,0.9947916666666666,stage_family_interface_recipe_time,,,,,,,,,,,,,,duplicate_encoding,SYMBOLIC_FRESH,SAW_R4,,25-32
early,24,24,0,0,24,0,24,24,24,0,0,0,24,0,24,0,24,0,0,0,0,0,0,192,192,192,192,0,192,192,192,0,0,0,0,0,0,0,0,0,0,0,24,1.0,24,0.0,24,0.0,24,1.0,24,0.0,24,1.0,24,1.0,24,1.0,0,,24,0.0,24,0.0,24,0.0,0,,0,,0,,0,,0,,0,,0,,1.0,0.0,1.0,stage_family_interface_recipe_time,,,,,,,,,,,,,,duplicate_encoding,IMAGE_CUE_FRESH,SAW_R4,,25-32
early,20,4,8,8,19,1,4,4,4,0,8,7,20,11,20,16,20,0,8,8,8,8,8,82,160,83,159,101,159,197,159,1,75,2,50,0,8,0,50,62,0,2,20,0.2,20,0.4,20,0.4,20,0.95,20,0.05,20,0.2,20,0.2,20,0.2,8,0.0,20,0.35,20,0.55,20,0.8,8,0.0,8,1.0,8,1.0,75,0.6666666666666666,2,0.0,62,0.8064516129032258,2,0.0,0.5220125786163522,0.6352201257861635,1.2389937106918238,stage_family_interface_recipe_time,,,,,,,,,,,,,,cross_series,SYMBOLIC_FRESH,SAW_R4,,25-32
early,20,20,0,0,20,0,20,20,20,0,0,0,20,0,20,0,20,0,0,0,0,0,0,160,160,160,160,0,160,160,160,0,0,0,0,0,0,0,0,0,0,0,20,1.0,20,0.0,20,0.0,20,1.0,20,0.0,20,1.0,20,1.0,20,1.0,0,,20,0.0,20,0.0,20,0.0,0,,0,,0,,0,,0,,0,,0,,1.0,0.0,1.0,stage_family_interface_recipe_time,,,,,,,,,,,,,,cross_series,IMAGE_CUE_FRESH,SAW_R4,,25-32
early,20,0,20,0,10,8,0,0,0,0,20,0,20,20,20,16,20,0,20,20,20,16,20,0,160,0,137,187,137,193,137,23,128,9,79,2,20,2,79,128,2,9,20,0.0,20,1.0,20,0.0,20,0.5,20,0.4,20,0.0,20,0.0,20,0.0,20,0.0,20,0.0,20,1.0,20,0.8,20,0.0,20,1.0,20,0.8,128,0.6171875,9,0.2222222222222222,128,0.6171875,9,0.2222222222222222,0.0,1.364963503649635,1.4087591240875912,stage_family_interface_recipe_time,,,,,,,,,,,,,,trend,SYMBOLIC_FRESH,SAW_R4,,25-32
early,20,19,0,1,20,0,19,19,19,0,0,0,20,1,20,1,20,0,0,0,0,0,0,159,160,160,160,1,160,161,160,0,1,0,0,0,0,0,0,0,0,0,20,0.95,20,0.0,20,0.05,20,1.0,20,0.0,20,0.95,20,0.95,20,0.95,0,,20,0.0,20,0.05,20,0.05,0,,0,,0,,1,0.0,0,,0,,0,,1.0,0.00625,1.00625,stage_family_interface_recipe_time,,,,,,,,,,,,,,trend,IMAGE_CUE_FRESH,SAW_R4,,25-32
late,24,24,0,0,24,0,24,24,24,0,0,0,24,0,24,0,24,0,0,0,0,0,0,192,192,192,192,0,192,192,192,0,0,0,0,0,0,0,0,0,0,0,24,1.0,24,0.0,24,0.0,24,1.0,24,0.0,24,1.0,24,1.0,24,1.0,0,,24,0.0,24,0.0,24,0.0,0,,0,,0,,0,,0,,0,,0,,1.0,0.0,1.0,stage_family_interface_recipe_time,,,,,,,,,,,,,,duplicate_encoding,SYMBOLIC_FRESH,DIRECT_REPAIR_R4,,01-08
late,24,24,0,0,24,0,24,24,24,0,0,0,24,0,24,0,24,0,0,0,0,0,0,192,192,192,192,0,192,192,192,0,0,0,0,0,0,0,0,0,0,0,24,1.0,24,0.0,24,0.0,24,1.0,24,0.0,24,1.0,24,1.0,24,1.0,0,,24,0.0,24,0.0,24,0.0,0,,0,,0,,0,,0,,0,,0,,1.0,0.0,1.0,stage_family_interface_recipe_time,,,,,,,,,,,,,,duplicate_encoding,IMAGE_CUE_FRESH,DIRECT_REPAIR_R4,,01-08
late,20,7,8,5,18,4,13,13,14,0,8,2,20,5,20,6,20,0,8,1,8,1,8,83,160,93,157,48,157,143,157,3,68,6,6,0,1,0,6,61,0,1,20,0.35,20,0.4,20,0.25,20,0.9,20,0.2,20,0.65,20,0.65,20,0.7,8,0.0,20,0.1,20,0.25,20,0.3,8,0.0,8,0.125,8,0.125,68,0.08823529411764706,6,0.0,61,0.09836065573770492,1,0.0,0.5923566878980892,0.3057324840764331,0.910828025477707,stage_family_interface_recipe_time,,,,,,,,,,,,,,cross_series,SYMBOLIC_FRESH,DIRECT_REPAIR_R4,,01-08
late,20,20,0,0,20,0,20,20,20,0,0,0,20,0,20,0,20,0,0,0,0,0,0,160,160,160,160,0,160,160,160,0,0,0,0,0,0,0,0,0,0,0,20,1.0,20,0.0,20,0.0,20,1.0,20,0.0,20,1.0,20,1.0,20,1.0,0,,20,0.0,20,0.0,20,0.0,0,,0,,0,,0,,0,,0,,0,,1.0,0.0,1.0,stage_family_interface_recipe_time,,,,,,,,,,,,,,cross_series,IMAGE_CUE_FRESH,DIRECT_REPAIR_R4,,01-08
late,20,11,8,1,16,0,14,14,14,0,7,1,17,4,17,6,20,0,5,3,5,5,8,95,160,95,132,67,132,163,132,28,37,0,18,0,5,0,18,36,0,0,20,0.55,20,0.4,20,0.05,20,0.8,20,0.0,20,0.7,20,0.7,20,0.7,8,0.0,17,0.058823529411764705,17,0.23529411764705882,20,0.3,5,0.0,5,0.6,8,0.625,37,0.4864864864864865,0,,36,0.5,0,,0.7196969696969697,0.5075757575757576,1.2348484848484849,stage_family_interface_recipe_time,,,,,,,,,,,,,,trend,SYMBOLIC_FRESH,DIRECT_REPAIR_R4,,01-08
late,20,20,0,0,20,0,20,20,20,0,0,0,20,0,20,0,20,0,0,0,0,0,0,160,160,160,160,0,160,160,160,0,0,0,0,0,0,0,0,0,0,0,20,1.0,20,0.0,20,0.0,20,1.0,20,0.0,20,1.0,20,1.0,20,1.0,0,,20,0.0,20,0.0,20,0.0,0,,0,,0,,0,,0,,0,,0,,1.0,0.0,1.0,stage_family_interface_recipe_time,,,,,,,,,,,,,,trend,IMAGE_CUE_FRESH,DIRECT_REPAIR_R4,,01-08
late,24,9,13,2,24,0,20,20,20,0,13,2,24,2,24,4,24,0,13,2,13,2,13,77,192,77,192,3,192,90,192,0,115,0,13,0,2,0,13,104,0,0,24,0.375,24,0.5416666666666666,24,0.08333333333333333,24,1.0,24,0.0,24,0.8333333333333334,24,0.8333333333333334,24,0.8333333333333334,13,0.0,24,0.08333333333333333,24,0.08333333333333333,24,0.16666666666666666,13,0.0,13,0.15384615384615385,13,0.15384615384615385,115,0.11304347826086956,0,,104,0.125,0,,0.4010416666666667,0.015625,0.46875,stage_family_interface_recipe_time,,,,,,,,,,,,,,cross_series,SYMBOLIC_FRESH,DIRECT_REPAIR_R4,,09-16
late,24,24,0,0,24,0,24,24,24,0,0,0,24,0,24,0,24,0,0,0,0,0,0,192,192,192,192,0,192,192,192,0,0,0,0,0,0,0,0,0,0,0,24,1.0,24,0.0,24,0.0,24,1.0,24,0.0,24,1.0,24,1.0,24,1.0,0,,24,0.0,24,0.0,24,0.0,0,,0,,0,,0,,0,,0,,0,,1.0,0.0,1.0,stage_family_interface_recipe_time,,,,,,,,,,,,,,cross_series,IMAGE_CUE_FRESH,DIRECT_REPAIR_R4,,09-16
late,20,16,4,0,20,0,20,20,20,0,4,0,20,0,20,0,20,0,4,0,4,0,4,128,160,128,160,64,160,192,160,0,32,0,0,0,0,0,0,32,0,0,20,0.8,20,0.2,20,0.0,20,1.0,20,0.0,20,1.0,20,1.0,20,1.0,4,0.0,20,0.0,20,0.0,20,0.0,4,0.0,4,0.0,4,0.0,32,0.0,0,,32,0.0,0,,0.8,0.4,1.2,stage_family_interface_recipe_time,,,,,,,,,,,,,,trend,SYMBOLIC_FRESH,DIRECT_REPAIR_R4,,09-16
late,20,20,0,0,20,0,20,20,20,0,0,0,20,0,20,0,20,0,0,0,0,0,0,160,160,160,160,0,160,160,160,0,0,0,0,0,0,0,0,0,0,0,20,1.0,20,0.0,20,0.0,20,1.0,20,0.0,20,1.0,20,1.0,20,1.0,0,,20,0.0,20,0.0,20,0.0,0,,0,,0,,0,,0,,0,,0,,1.0,0.0,1.0,stage_family_interface_recipe_time,,,,,,,,,,,,,,trend,IMAGE_CUE_FRESH,DIRECT_REPAIR_R4,,09-16
late,20,20,0,0,20,0,20,20,20,0,0,0,20,0,20,0,20,0,0,0,0,0,0,160,160,160,160,0,160,160,160,0,0,0,0,0,0,0,0,0,0,0,20,1.0,20,0.0,20,0.0,20,1.0,20,0.0,20,1.0,20,1.0,20,1.0,0,,20,0.0,20,0.0,20,0.0,0,,0,,0,,0,,0,,0,,0,,1.0,0.0,1.0,stage_family_interface_recipe_time,,,,,,,,,,,,,,duplicate_encoding,SYMBOLIC_FRESH,DIRECT_REPAIR_R4,,09-16
late,20,20,0,0,20,0,20,20,20,0,0,0,20,0,20,0,20,0,0,0,0,0,0,160,160,160,160,0,160,160,160,0,0,0,0,0,0,0,0,0,0,0,20,1.0,20,0.0,20,0.0,20,1.0,20,0.0,20,1.0,20,1.0,20,1.0,0,,20,0.0,20,0.0,20,0.0,0,,0,,0,,0,,0,,0,,0,,1.0,0.0,1.0,stage_family_interface_recipe_time,,,,,,,,,,,,,,duplicate_encoding,IMAGE_CUE_FRESH,DIRECT_REPAIR_R4,,09-16
late,24,12,12,0,19,0,13,13,13,0,12,0,22,6,22,7,24,0,10,6,10,7,12,96,192,96,165,106,165,202,165,27,69,0,44,0,11,0,44,69,0,0,24,0.5,24,0.5,24,0.0,24,0.7916666666666666,24,0.0,24,0.5416666666666666,24,0.5416666666666666,24,0.5416666666666666,12,0.0,22,0.0,22,0.2727272727272727,24,0.2916666666666667,10,0.0,10,0.6,12,0.5833333333333334,69,0.6376811594202898,0,,69,0.6376811594202898,0,,0.5818181818181818,0.6424242424242425,1.2242424242424241,stage_family_interface_recipe_time,,,,,,,,,,,,,,trend,SYMBOLIC_FRESH,DIRECT_REPAIR_R4,,17-24
late,24,24,0,0,24,0,24,24,24,0,0,0,24,0,24,0,24,0,0,0,0,0,0,192,192,192,192,0,192,192,192,0,0,0,0,0,0,0,0,0,0,0,24,1.0,24,0.0,24,0.0,24,1.0,24,0.0,24,1.0,24,1.0,24,1.0,0,,24,0.0,24,0.0,24,0.0,0,,0,,0,,0,,0,,0,,0,,1.0,0.0,1.0,stage_family_interface_recipe_time,,,,,,,,,,,,,,trend,IMAGE_CUE_FRESH,DIRECT_REPAIR_R4,,17-24
late,20,20,0,0,20,0,20,20,20,0,0,0,20,0,20,0,20,0,0,0,0,0,0,160,160,160,160,0,160,160,160,0,0,0,0,0,0,0,0,0,0,0,20,1.0,20,0.0,20,0.0,20,1.0,20,0.0,20,1.0,20,1.0,20,1.0,0,,20,0.0,20,0.0,20,0.0,0,,0,,0,,0,,0,,0,,0,,1.0,0.0,1.0,stage_family_interface_recipe_time,,,,,,,,,,,,,,duplicate_encoding,SYMBOLIC_FRESH,DIRECT_REPAIR_R4,,17-24
late,20,20,0,0,20,0,20,20,20,0,0,0,20,0,20,0,20,0,0,0,0,0,0,160,160,160,160,0,160,160,160,0,0,0,0,0,0,0,0,0,0,0,20,1.0,20,0.0,20,0.0,20,1.0,20,0.0,20,1.0,20,1.0,20,1.0,0,,20,0.0,20,0.0,20,0.0,0,,0,,0,,0,,0,,0,,0,,1.0,0.0,1.0,stage_family_interface_recipe_time,,,,,,,,,,,,,,duplicate_encoding,IMAGE_CUE_FRESH,DIRECT_REPAIR_R4,,17-24
late,20,15,4,1,18,4,16,16,16,0,4,1,20,3,20,4,20,0,4,3,4,3,4,127,160,127,157,16,157,143,157,3,15,15,6,7,2,3,6,14,7,15,20,0.75,20,0.2,20,0.05,20,0.9,20,0.2,20,0.8,20,0.8,20,0.8,4,0.0,20,0.05,20,0.15,20,0.2,4,0.0,4,0.75,4,0.75,15,0.4,15,0.4666666666666667,14,0.42857142857142855,15,0.4666666666666667,0.8089171974522293,0.10191082802547771,0.910828025477707,stage_family_interface_recipe_time,,,,,,,,,,,,,,cross_series,SYMBOLIC_FRESH,DIRECT_REPAIR_R4,,17-24
late,20,20,0,0,20,0,20,20,20,0,0,0,20,0,20,0,20,0,0,0,0,0,0,160,160,160,160,0,160,160,160,0,0,0,0,0,0,0,0,0,0,0,20,1.0,20,0.0,20,0.0,20,1.0,20,0.0,20,1.0,20,1.0,20,1.0,0,,20,0.0,20,0.0,20,0.0,0,,0,,0,,0,,0,,0,,0,,1.0,0.0,1.0,stage_family_interface_recipe_time,,,,,,,,,,,,,,cross_series,IMAGE_CUE_FRESH,DIRECT_REPAIR_R4,,17-24
late,24,24,0,0,24,0,24,24,24,0,0,0,24,0,24,0,24,0,0,0,0,0,0,192,192,192,192,0,192,192,192,0,0,0,0,0,0,0,0,0,0,0,24,1.0,24,0.0,24,0.0,24,1.0,24,0.0,24,1.0,24,1.0,24,1.0,0,,24,0.0,24,0.0,24,0.0,0,,0,,0,,0,,0,,0,,0,,1.0,0.0,1.0,stage_family_interface_recipe_time,,,,,,,,,,,,,,duplicate_encoding,SYMBOLIC_FRESH,DIRECT_REPAIR_R4,,25-32
late,24,24,0,0,24,0,24,24,24,0,0,0,24,0,24,0,24,0,0,0,0,0,0,192,192,192,192,0,192,192,192,0,0,0,0,0,0,0,0,0,0,0,24,1.0,24,0.0,24,0.0,24,1.0,24,0.0,24,1.0,24,1.0,24,1.0,0,,24,0.0,24,0.0,24,0.0,0,,0,,0,,0,,0,,0,,0,,1.0,0.0,1.0,stage_family_interface_recipe_time,,,,,,,,,,,,,,duplicate_encoding,IMAGE_CUE_FRESH,DIRECT_REPAIR_R4,,25-32
late,20,12,8,0,20,1,17,17,17,0,8,0,20,3,20,3,20,0,8,3,8,3,8,96,160,96,160,88,160,184,160,0,63,1,0,0,0,0,0,63,0,1,20,0.6,20,0.4,20,0.0,20,1.0,20,0.05,20,0.85,20,0.85,20,0.85,8,0.0,20,0.0,20,0.15,20,0.15,8,0.0,8,0.375,8,0.375,63,0.0,1,0.0,63,0.0,1,0.0,0.6,0.55,1.15,stage_family_interface_recipe_time,,,,,,,,,,,,,,cross_series,SYMBOLIC_FRESH,DIRECT_REPAIR_R4,,25-32
late,20,20,0,0,20,0,20,20,20,0,0,0,20,0,20,0,20,0,0,0,0,0,0,160,160,160,160,0,160,160,160,0,0,0,0,0,0,0,0,0,0,0,20,1.0,20,0.0,20,0.0,20,1.0,20,0.0,20,1.0,20,1.0,20,1.0,0,,20,0.0,20,0.0,20,0.0,0,,0,,0,,0,,0,,0,,0,,1.0,0.0,1.0,stage_family_interface_recipe_time,,,,,,,,,,,,,,cross_series,IMAGE_CUE_FRESH,DIRECT_REPAIR_R4,,25-32
late,20,0,20,0,17,1,15,16,15,0,17,0,17,5,17,4,20,0,17,5,17,4,20,0,160,0,136,187,136,187,136,24,133,3,23,0,5,0,23,133,0,3,20,0.0,20,1.0,20,0.0,20,0.85,20,0.05,20,0.75,20,0.8,20,0.75,20,0.0,17,0.0,17,0.29411764705882354,20,0.2,17,0.0,17,0.29411764705882354,20,0.2,133,0.17293233082706766,3,0.0,133,0.17293233082706766,3,0.0,0.0,1.375,1.375,stage_family_interface_recipe_time,,,,,,,,,,,,,,trend,SYMBOLIC_FRESH,DIRECT_REPAIR_R4,,25-32
late,20,20,0,0,20,0,20,20,20,0,0,0,20,0,20,0,20,0,0,0,0,0,0,160,160,160,160,0,160,160,160,0,0,0,0,0,0,0,0,0,0,0,20,1.0,20,0.0,20,0.0,20,1.0,20,0.0,20,1.0,20,1.0,20,1.0,0,,20,0.0,20,0.0,20,0.0,0,,0,,0,,0,,0,,0,,0,,1.0,0.0,1.0,stage_family_interface_recipe_time,,,,,,,,,,,,,,trend,IMAGE_CUE_FRESH,DIRECT_REPAIR_R4,,25-32
late,24,24,0,0,24,0,24,24,16,0,0,0,24,0,24,0,24,0,0,0,0,0,0,192,192,192,192,0,192,192,192,0,0,0,0,0,0,0,0,0,0,0,24,1.0,24,0.0,24,0.0,24,1.0,24,0.0,24,1.0,24,1.0,24,0.6666666666666666,0,,24,0.0,24,0.0,24,0.0,0,,0,,0,,0,,0,,0,,0,,1.0,0.0,1.0,stage_family_interface_recipe_time,,,,,,,,,,,,,,duplicate_encoding,SYMBOLIC_FRESH,GDPO_R4,,01-08
late,24,24,0,0,24,0,24,24,16,0,0,0,24,0,24,0,24,0,0,0,0,0,0,192,192,192,192,0,192,192,192,0,0,0,0,0,0,0,0,0,0,0,24,1.0,24,0.0,24,0.0,24,1.0,24,0.0,24,1.0,24,1.0,24,0.6666666666666666,0,,24,0.0,24,0.0,24,0.0,0,,0,,0,,0,,0,,0,,0,,1.0,0.0,1.0,stage_family_interface_recipe_time,,,,,,,,,,,,,,duplicate_encoding,IMAGE_CUE_FRESH,GDPO_R4,,01-08
late,20,7,8,5,18,4,13,13,14,0,8,2,20,5,20,6,20,0,8,1,8,1,8,81,160,93,157,49,157,145,157,3,70,6,4,0,1,0,4,61,0,1,20,0.35,20,0.4,20,0.25,20,0.9,20,0.2,20,0.65,20,0.65,20,0.7,8,0.0,20,0.1,20,0.25,20,0.3,8,0.0,8,0.125,8,0.125,70,0.05714285714285714,6,0.0,61,0.06557377049180328,1,0.0,0.5923566878980892,0.31210191082802546,0.9235668789808917,stage_family_interface_recipe_time,,,,,,,,,,,,,,cross_series,SYMBOLIC_FRESH,GDPO_R4,,01-08
late,20,20,0,0,20,0,20,20,14,0,0,0,20,0,20,0,20,0,0,0,0,0,0,160,160,160,160,0,160,160,160,0,0,0,0,0,0,0,0,0,0,0,20,1.0,20,0.0,20,0.0,20,1.0,20,0.0,20,1.0,20,1.0,20,0.7,0,,20,0.0,20,0.0,20,0.0,0,,0,,0,,0,,0,,0,,0,,1.0,0.0,1.0,stage_family_interface_recipe_time,,,,,,,,,,,,,,cross_series,IMAGE_CUE_FRESH,GDPO_R4,,01-08
late,20,11,8,1,16,0,13,13,9,0,7,1,17,5,17,7,20,0,5,4,5,6,8,95,160,95,132,65,132,161,132,28,37,0,24,0,6,0,24,36,0,0,20,0.55,20,0.4,20,0.05,20,0.8,20,0.0,20,0.65,20,0.65,20,0.45,8,0.0,17,0.058823529411764705,17,0.29411764705882354,20,0.35,5,0.0,5,0.8,8,0.75,37,0.6486486486486487,0,,36,0.6666666666666666,0,,0.7196969696969697,0.49242424242424243,1.2196969696969697,stage_family_interface_recipe_time,,,,,,,,,,,,,,trend,SYMBOLIC_FRESH,GDPO_R4,,01-08
late,20,20,0,0,20,0,20,20,10,0,0,0,20,0,20,0,20,0,0,0,0,0,0,160,160,160,160,0,160,160,160,0,0,0,0,0,0,0,0,0,0,0,20,1.0,20,0.0,20,0.0,20,1.0,20,0.0,20,1.0,20,1.0,20,0.5,0,,20,0.0,20,0.0,20,0.0,0,,0,,0,,0,,0,,0,,0,,1.0,0.0,1.0,stage_family_interface_recipe_time,,,,,,,,,,,,,,trend,IMAGE_CUE_FRESH,GDPO_R4,,01-08
late,24,8,13,3,24,0,19,19,19,0,13,3,24,2,24,5,24,0,13,2,13,2,13,77,192,77,192,3,192,90,192,0,115,0,13,0,2,0,13,104,0,0,24,0.3333333333333333,24,0.5416666666666666,24,0.125,24,1.0,24,0.0,24,0.7916666666666666,24,0.7916666666666666,24,0.7916666666666666,13,0.0,24,0.125,24,0.08333333333333333,24,0.20833333333333334,13,0.0,13,0.15384615384615385,13,0.15384615384615385,115,0.11304347826086956,0,,104,0.125,0,,0.4010416666666667,0.015625,0.46875,stage_family_interface_recipe_time,,,,,,,,,,,,,,cross_series,SYMBOLIC_FRESH,GDPO_R4,,09-16
late,24,24,0,0,24,0,24,24,19,0,0,0,24,0,24,0,24,0,0,0,0,0,0,192,192,192,192,0,192,192,192,0,0,0,0,0,0,0,0,0,0,0,24,1.0,24,0.0,24,0.0,24,1.0,24,0.0,24,1.0,24,1.0,24,0.7916666666666666,0,,24,0.0,24,0.0,24,0.0,0,,0,,0,,0,,0,,0,,0,,1.0,0.0,1.0,stage_family_interface_recipe_time,,,,,,,,,,,,,,cross_series,IMAGE_CUE_FRESH,GDPO_R4,,09-16
late,20,16,4,0,20,0,20,20,18,0,4,0,20,0,20,0,20,0,4,0,4,0,4,128,160,128,160,64,160,192,160,0,32,0,0,0,0,0,0,32,0,0,20,0.8,20,0.2,20,0.0,20,1.0,20,0.0,20,1.0,20,1.0,20,0.9,4,0.0,20,0.0,20,0.0,20,0.0,4,0.0,4,0.0,4,0.0,32,0.0,0,,32,0.0,0,,0.8,0.4,1.2,stage_family_interface_recipe_time,,,,,,,,,,,,,,trend,SYMBOLIC_FRESH,GDPO_R4,,09-16
late,20,20,0,0,20,0,20,20,18,0,0,0,20,0,20,0,20,0,0,0,0,0,0,160,160,160,160,0,160,160,160,0,0,0,0,0,0,0,0,0,0,0,20,1.0,20,0.0,20,0.0,20,1.0,20,0.0,20,1.0,20,1.0,20,0.9,0,,20,0.0,20,0.0,20,0.0,0,,0,,0,,0,,0,,0,,0,,1.0,0.0,1.0,stage_family_interface_recipe_time,,,,,,,,,,,,,,trend,IMAGE_CUE_FRESH,GDPO_R4,,09-16
late,20,20,0,0,20,0,20,20,17,0,0,0,20,0,20,0,20,0,0,0,0,0,0,160,160,160,160,0,160,160,160,0,0,0,0,0,0,0,0,0,0,0,20,1.0,20,0.0,20,0.0,20,1.0,20,0.0,20,1.0,20,1.0,20,0.85,0,,20,0.0,20,0.0,20,0.0,0,,0,,0,,0,,0,,0,,0,,1.0,0.0,1.0,stage_family_interface_recipe_time,,,,,,,,,,,,,,duplicate_encoding,SYMBOLIC_FRESH,GDPO_R4,,09-16
late,20,20,0,0,20,0,20,20,17,0,0,0,20,0,20,0,20,0,0,0,0,0,0,160,160,160,160,0,160,160,160,0,0,0,0,0,0,0,0,0,0,0,20,1.0,20,0.0,20,0.0,20,1.0,20,0.0,20,1.0,20,1.0,20,0.85,0,,20,0.0,20,0.0,20,0.0,0,,0,,0,,0,,0,,0,,0,,1.0,0.0,1.0,stage_family_interface_recipe_time,,,,,,,,,,,,,,duplicate_encoding,IMAGE_CUE_FRESH,GDPO_R4,,09-16
late,24,12,12,0,20,0,13,13,12,0,12,0,22,5,22,7,24,0,10,5,10,7,12,96,192,96,166,116,166,212,166,26,70,0,41,0,11,0,41,70,0,0,24,0.5,24,0.5,24,0.0,24,0.8333333333333334,24,0.0,24,0.5416666666666666,24,0.5416666666666666,24,0.5,12,0.0,22,0.0,22,0.22727272727272727,24,0.2916666666666667,10,0.0,10,0.5,12,0.5833333333333334,70,0.5857142857142857,0,,70,0.5857142857142857,0,,0.5783132530120482,0.6987951807228916,1.2771084337349397,stage_family_interface_recipe_time,,,,,,,,,,,,,,trend,SYMBOLIC_FRESH,GDPO_R4,,17-24
late,24,24,0,0,24,0,24,24,14,0,0,0,24,0,24,0,24,0,0,0,0,0,0,192,192,192,192,0,192,192,192,0,0,0,0,0,0,0,0,0,0,0,24,1.0,24,0.0,24,0.0,24,1.0,24,0.0,24,1.0,24,1.0,24,0.5833333333333334,0,,24,0.0,24,0.0,24,0.0,0,,0,,0,,0,,0,,0,,0,,1.0,0.0,1.0,stage_family_interface_recipe_time,,,,,,,,,,,,,,trend,IMAGE_CUE_FRESH,GDPO_R4,,17-24
late,20,20,0,0,20,0,20,20,14,0,0,0,20,0,20,0,20,0,0,0,0,0,0,160,160,160,160,0,160,160,160,0,0,0,0,0,0,0,0,0,0,0,20,1.0,20,0.0,20,0.0,20,1.0,20,0.0,20,1.0,20,1.0,20,0.7,0,,20,0.0,20,0.0,20,0.0,0,,0,,0,,0,,0,,0,,0,,1.0,0.0,1.0,stage_family_interface_recipe_time,,,,,,,,,,,,,,duplicate_encoding,SYMBOLIC_FRESH,GDPO_R4,,17-24
late,20,20,0,0,20,0,20,20,14,0,0,0,20,0,20,0,20,0,0,0,0,0,0,160,160,160,160,0,160,160,160,0,0,0,0,0,0,0,0,0,0,0,20,1.0,20,0.0,20,0.0,20,1.0,20,0.0,20,1.0,20,1.0,20,0.7,0,,20,0.0,20,0.0,20,0.0,0,,0,,0,,0,,0,,0,,0,,1.0,0.0,1.0,stage_family_interface_recipe_time,,,,,,,,,,,,,,duplicate_encoding,IMAGE_CUE_FRESH,GDPO_R4,,17-24
late,20,15,4,1,18,2,17,17,12,0,4,1,20,2,20,3,20,0,4,2,4,2,4,123,160,123,156,20,156,143,156,4,21,12,8,4,2,1,8,16,4,12,20,0.75,20,0.2,20,0.05,20,0.9,20,0.1,20,0.85,20,0.85,20,0.6,4,0.0,20,0.05,20,0.1,20,0.15,4,0.0,4,0.5,4,0.5,21,0.38095238095238093,12,0.3333333333333333,16,0.5,12,0.3333333333333333,0.7884615384615384,0.1282051282051282,0.9166666666666666,stage_family_interface_recipe_time,,,,,,,,,,,,,,cross_series,SYMBOLIC_FRESH,GDPO_R4,,17-24
late,20,20,0,0,20,0,20,20,12,0,0,0,20,0,20,0,20,0,0,0,0,0,0,160,160,160,160,0,160,160,160,0,0,0,0,0,0,0,0,0,0,0,20,1.0,20,0.0,20,0.0,20,1.0,20,0.0,20,1.0,20,1.0,20,0.6,0,,20,0.0,20,0.0,20,0.0,0,,0,,0,,0,,0,,0,,0,,1.0,0.0,1.0,stage_family_interface_recipe_time,,,,,,,,,,,,,,cross_series,IMAGE_CUE_FRESH,GDPO_R4,,17-24
late,24,24,0,0,24,0,24,24,18,0,0,0,24,0,24,0,24,0,0,0,0,0,0,192,192,192,192,0,192,192,192,0,0,0,0,0,0,0,0,0,0,0,24,1.0,24,0.0,24,0.0,24,1.0,24,0.0,24,1.0,24,1.0,24,0.75,0,,24,0.0,24,0.0,24,0.0,0,,0,,0,,0,,0,,0,,0,,1.0,0.0,1.0,stage_family_interface_recipe_time,,,,,,,,,,,,,,duplicate_encoding,SYMBOLIC_FRESH,GDPO_R4,,25-32
late,24,24,0,0,24,0,24,24,18,0,0,0,24,0,24,0,24,0,0,0,0,0,0,192,192,192,192,0,192,192,192,0,0,0,0,0,0,0,0,0,0,0,24,1.0,24,0.0,24,0.0,24,1.0,24,0.0,24,1.0,24,1.0,24,0.75,0,,24,0.0,24,0.0,24,0.0,0,,0,,0,,0,,0,,0,,0,,1.0,0.0,1.0,stage_family_interface_recipe_time,,,,,,,,,,,,,,duplicate_encoding,IMAGE_CUE_FRESH,GDPO_R4,,25-32
late,20,12,8,0,20,0,17,17,12,0,8,0,20,3,20,3,20,0,8,3,8,3,8,96,160,96,160,95,160,191,160,0,64,0,21,0,3,0,21,64,0,0,20,0.6,20,0.4,20,0.0,20,1.0,20,0.0,20,0.85,20,0.85,20,0.6,8,0.0,20,0.0,20,0.15,20,0.15,8,0.0,8,0.375,8,0.375,64,0.328125,0,,64,0.328125,0,,0.6,0.59375,1.19375,stage_family_interface_recipe_time,,,,,,,,,,,,,,cross_series,SYMBOLIC_FRESH,GDPO_R4,,25-32
late,20,20,0,0,20,0,20,20,12,0,0,0,20,0,20,0,20,0,0,0,0,0,0,160,160,160,160,0,160,160,160,0,0,0,0,0,0,0,0,0,0,0,20,1.0,20,0.0,20,0.0,20,1.0,20,0.0,20,1.0,20,1.0,20,0.6,0,,20,0.0,20,0.0,20,0.0,0,,0,,0,,0,,0,,0,,0,,1.0,0.0,1.0,stage_family_interface_recipe_time,,,,,,,,,,,,,,cross_series,IMAGE_CUE_FRESH,GDPO_R4,,25-32
late,20,0,20,0,15,3,9,9,8,0,17,0,17,10,17,10,20,0,17,10,17,10,20,0,160,0,129,218,129,218,129,31,125,4,61,0,12,0,61,125,0,4,20,0.0,20,1.0,20,0.0,20,0.75,20,0.15,20,0.45,20,0.45,20,0.4,20,0.0,17,0.0,17,0.5882352941176471,20,0.5,17,0.0,17,0.5882352941176471,20,0.5,125,0.488,4,0.0,125,0.488,4,0.0,0.0,1.689922480620155,1.689922480620155,stage_family_interface_recipe_time,,,,,,,,,,,,,,trend,SYMBOLIC_FRESH,GDPO_R4,,25-32
late,20,20,0,0,20,0,20,20,8,0,0,0,20,0,20,0,20,0,0,0,0,0,0,160,160,160,160,0,160,160,160,0,0,0,0,0,0,0,0,0,0,0,20,1.0,20,0.0,20,0.0,20,1.0,20,0.0,20,1.0,20,1.0,20,0.4,0,,20,0.0,20,0.0,20,0.0,0,,0,,0,,0,,0,,0,,0,,1.0,0.0,1.0,stage_family_interface_recipe_time,,,,,,,,,,,,,,trend,IMAGE_CUE_FRESH,GDPO_R4,,25-32
late,24,24,0,0,24,0,24,24,24,0,0,0,24,0,24,0,24,0,0,0,0,0,0,192,192,192,192,0,192,192,192,0,0,0,0,0,0,0,0,0,0,0,24,1.0,24,0.0,24,0.0,24,1.0,24,0.0,24,1.0,24,1.0,24,1.0,0,,24,0.0,24,0.0,24,0.0,0,,0,,0,,0,,0,,0,,0,,1.0,0.0,1.0,stage_family_interface_recipe_time,,,,,,,,,,,,,,duplicate_encoding,SYMBOLIC_FRESH,R0,,01-08
late,24,24,0,0,24,0,24,24,24,0,0,0,24,0,24,0,24,0,0,0,0,0,0,192,192,192,192,0,192,192,192,0,0,0,0,0,0,0,0,0,0,0,24,1.0,24,0.0,24,0.0,24,1.0,24,0.0,24,1.0,24,1.0,24,1.0,0,,24,0.0,24,0.0,24,0.0,0,,0,,0,,0,,0,,0,,0,,1.0,0.0,1.0,stage_family_interface_recipe_time,,,,,,,,,,,,,,duplicate_encoding,IMAGE_CUE_FRESH,R0,,01-08
late,20,7,8,5,18,3,13,13,15,0,8,2,20,6,20,7,20,0,8,2,8,2,8,81,160,93,157,52,157,147,157,3,71,5,0,0,0,0,0,62,0,0,20,0.35,20,0.4,20,0.25,20,0.9,20,0.15,20,0.65,20,0.65,20,0.75,8,0.0,20,0.1,20,0.3,20,0.35,8,0.0,8,0.25,8,0.25,71,0.0,5,0.0,62,0.0,0,,0.5923566878980892,0.33121019108280253,0.9363057324840764,stage_family_interface_recipe_time,,,,,,,,,,,,,,cross_series,SYMBOLIC_FRESH,R0,,01-08
late,20,20,0,0,20,0,20,20,20,0,0,0,20,0,20,0,20,0,0,0,0,0,0,160,160,160,160,0,160,160,160,0,0,0,0,0,0,0,0,0,0,0,20,1.0,20,0.0,20,0.0,20,1.0,20,0.0,20,1.0,20,1.0,20,1.0,0,,20,0.0,20,0.0,20,0.0,0,,0,,0,,0,,0,,0,,0,,1.0,0.0,1.0,stage_family_interface_recipe_time,,,,,,,,,,,,,,cross_series,IMAGE_CUE_FRESH,R0,,01-08
late,20,12,8,0,16,0,16,16,20,0,7,0,17,2,17,4,20,0,5,2,5,4,8,96,160,96,132,67,132,163,132,28,36,0,0,0,0,0,0,36,0,0,20,0.6,20,0.4,20,0.0,20,0.8,20,0.0,20,0.8,20,0.8,20,1.0,8,0.0,17,0.0,17,0.11764705882352941,20,0.2,5,0.0,5,0.4,8,0.5,36,0.0,0,,36,0.0,0,,0.7272727272727273,0.5075757575757576,1.2348484848484849,stage_family_interface_recipe_time,,,,,,,,,,,,,,trend,SYMBOLIC_FRESH,R0,,01-08
late,20,20,0,0,20,0,20,20,20,0,0,0,20,0,20,0,20,0,0,0,0,0,0,160,160,160,160,0,160,160,160,0,0,0,0,0,0,0,0,0,0,0,20,1.0,20,0.0,20,0.0,20,1.0,20,0.0,20,1.0,20,1.0,20,1.0,0,,20,0.0,20,0.0,20,0.0,0,,0,,0,,0,,0,,0,,0,,1.0,0.0,1.0,stage_family_interface_recipe_time,,,,,,,,,,,,,,trend,IMAGE_CUE_FRESH,R0,,01-08
late,24,9,13,2,24,0,20,20,22,0,13,2,24,2,24,4,24,0,13,2,13,2,13,77,192,77,192,3,192,93,192,0,115,0,0,0,0,0,0,104,0,0,24,0.375,24,0.5416666666666666,24,0.08333333333333333,24,1.0,24,0.0,24,0.8333333333333334,24,0.8333333333333334,24,0.9166666666666666,13,0.0,24,0.08333333333333333,24,0.08333333333333333,24,0.16666666666666666,13,0.0,13,0.15384615384615385,13,0.15384615384615385,115,0.0,0,,104,0.0,0,,0.4010416666666667,0.015625,0.484375,stage_family_interface_recipe_time,,,,,,,,,,,,,,cross_series,SYMBOLIC_FRESH,R0,,09-16
late,24,24,0,0,24,0,24,24,24,0,0,0,24,0,24,0,24,0,0,0,0,0,0,192,192,192,192,0,192,192,192,0,0,0,0,0,0,0,0,0,0,0,24,1.0,24,0.0,24,0.0,24,1.0,24,0.0,24,1.0,24,1.0,24,1.0,0,,24,0.0,24,0.0,24,0.0,0,,0,,0,,0,,0,,0,,0,,1.0,0.0,1.0,stage_family_interface_recipe_time,,,,,,,,,,,,,,cross_series,IMAGE_CUE_FRESH,R0,,09-16
late,20,16,4,0,20,0,20,20,20,0,4,0,20,0,20,0,20,0,4,0,4,0,4,128,160,128,160,64,160,192,160,0,32,0,0,0,0,0,0,32,0,0,20,0.8,20,0.2,20,0.0,20,1.0,20,0.0,20,1.0,20,1.0,20,1.0,4,0.0,20,0.0,20,0.0,20,0.0,4,0.0,4,0.0,4,0.0,32,0.0,0,,32,0.0,0,,0.8,0.4,1.2,stage_family_interface_recipe_time,,,,,,,,,,,,,,trend,SYMBOLIC_FRESH,R0,,09-16
late,20,20,0,0,20,0,20,20,20,0,0,0,20,0,20,0,20,0,0,0,0,0,0,160,160,160,160,0,160,160,160,0,0,0,0,0,0,0,0,0,0,0,20,1.0,20,0.0,20,0.0,20,1.0,20,0.0,20,1.0,20,1.0,20,1.0,0,,20,0.0,20,0.0,20,0.0,0,,0,,0,,0,,0,,0,,0,,1.0,0.0,1.0,stage_family_interface_recipe_time,,,,,,,,,,,,,,trend,IMAGE_CUE_FRESH,R0,,09-16
late,20,20,0,0,20,0,20,20,20,0,0,0,20,0,20,0,20,0,0,0,0,0,0,160,160,160,160,0,160,160,160,0,0,0,0,0,0,0,0,0,0,0,20,1.0,20,0.0,20,0.0,20,1.0,20,0.0,20,1.0,20,1.0,20,1.0,0,,20,0.0,20,0.0,20,0.0,0,,0,,0,,0,,0,,0,,0,,1.0,0.0,1.0,stage_family_interface_recipe_time,,,,,,,,,,,,,,duplicate_encoding,SYMBOLIC_FRESH,R0,,09-16
late,20,20,0,0,20,0,20,20,20,0,0,0,20,0,20,0,20,0,0,0,0,0,0,160,160,160,160,0,160,160,160,0,0,0,0,0,0,0,0,0,0,0,20,1.0,20,0.0,20,0.0,20,1.0,20,0.0,20,1.0,20,1.0,20,1.0,0,,20,0.0,20,0.0,20,0.0,0,,0,,0,,0,,0,,0,,0,,1.0,0.0,1.0,stage_family_interface_recipe_time,,,,,,,,,,,,,,duplicate_encoding,IMAGE_CUE_FRESH,R0,,09-16
late,24,12,12,0,19,0,14,14,24,0,11,0,21,6,21,7,24,0,9,6,9,7,12,96,192,96,162,109,162,205,162,30,66,0,0,0,0,0,0,66,0,0,24,0.5,24,0.5,24,0.0,24,0.7916666666666666,24,0.0,24,0.5833333333333334,24,0.5833333333333334,24,1.0,12,0.0,21,0.0,21,0.2857142857142857,24,0.2916666666666667,9,0.0,9,0.6666666666666666,12,0.5833333333333334,66,0.0,0,,66,0.0,0,,0.5925925925925926,0.6728395061728395,1.2654320987654322,stage_family_interface_recipe_time,,,,,,,,,,,,,,trend,SYMBOLIC_FRESH,R0,,17-24
late,24,24,0,0,24,0,24,24,24,0,0,0,24,0,24,0,24,0,0,0,0,0,0,192,192,192,192,0,192,192,192,0,0,0,0,0,0,0,0,0,0,0,24,1.0,24,0.0,24,0.0,24,1.0,24,0.0,24,1.0,24,1.0,24,1.0,0,,24,0.0,24,0.0,24,0.0,0,,0,,0,,0,,0,,0,,0,,1.0,0.0,1.0,stage_family_interface_recipe_time,,,,,,,,,,,,,,trend,IMAGE_CUE_FRESH,R0,,17-24
late,20,20,0,0,20,0,20,20,20,0,0,0,20,0,20,0,20,0,0,0,0,0,0,160,160,160,160,0,160,160,160,0,0,0,0,0,0,0,0,0,0,0,20,1.0,20,0.0,20,0.0,20,1.0,20,0.0,20,1.0,20,1.0,20,1.0,0,,20,0.0,20,0.0,20,0.0,0,,0,,0,,0,,0,,0,,0,,1.0,0.0,1.0,stage_family_interface_recipe_time,,,,,,,,,,,,,,duplicate_encoding,SYMBOLIC_FRESH,R0,,17-24
late,20,20,0,0,20,0,20,20,20,0,0,0,20,0,20,0,20,0,0,0,0,0,0,160,160,160,160,0,160,160,160,0,0,0,0,0,0,0,0,0,0,0,20,1.0,20,0.0,20,0.0,20,1.0,20,0.0,20,1.0,20,1.0,20,1.0,0,,20,0.0,20,0.0,20,0.0,0,,0,,0,,0,,0,,0,,0,,1.0,0.0,1.0,stage_family_interface_recipe_time,,,,,,,,,,,,,,duplicate_encoding,IMAGE_CUE_FRESH,R0,,17-24
late,20,15,4,1,18,2,17,17,19,0,4,1,20,2,20,3,20,0,4,2,4,2,4,127,160,127,156,18,156,145,156,4,17,12,0,0,0,0,0,16,0,12,20,0.75,20,0.2,20,0.05,20,0.9,20,0.1,20,0.85,20,0.85,20,0.95,4,0.0,20,0.05,20,0.1,20,0.15,4,0.0,4,0.5,4,0.5,17,0.0,12,0.0,16,0.0,12,0.0,0.8141025641025641,0.11538461538461539,0.9294871794871795,stage_family_interface_recipe_time,,,,,,,,,,,,,,cross_series,SYMBOLIC_FRESH,R0,,17-24
late,20,20,0,0,20,0,20,20,20,0,0,0,20,0,20,0,20,0,0,0,0,0,0,160,160,160,160,0,160,160,160,0,0,0,0,0,0,0,0,0,0,0,20,1.0,20,0.0,20,0.0,20,1.0,20,0.0,20,1.0,20,1.0,20,1.0,0,,20,0.0,20,0.0,20,0.0,0,,0,,0,,0,,0,,0,,0,,1.0,0.0,1.0,stage_family_interface_recipe_time,,,,,,,,,,,,,,cross_series,IMAGE_CUE_FRESH,R0,,17-24
late,24,24,0,0,24,0,24,24,24,0,0,0,24,0,24,0,24,0,0,0,0,0,0,192,192,192,192,0,192,192,192,0,0,0,0,0,0,0,0,0,0,0,24,1.0,24,0.0,24,0.0,24,1.0,24,0.0,24,1.0,24,1.0,24,1.0,0,,24,0.0,24,0.0,24,0.0,0,,0,,0,,0,,0,,0,,0,,1.0,0.0,1.0,stage_family_interface_recipe_time,,,,,,,,,,,,,,duplicate_encoding,SYMBOLIC_FRESH,R0,,25-32
late,24,24,0,0,24,0,24,24,24,0,0,0,24,0,24,0,24,0,0,0,0,0,0,192,192,192,192,0,192,192,192,0,0,0,0,0,0,0,0,0,0,0,24,1.0,24,0.0,24,0.0,24,1.0,24,0.0,24,1.0,24,1.0,24,1.0,0,,24,0.0,24,0.0,24,0.0,0,,0,,0,,0,,0,,0,,0,,1.0,0.0,1.0,stage_family_interface_recipe_time,,,,,,,,,,,,,,duplicate_encoding,IMAGE_CUE_FRESH,R0,,25-32
late,20,12,8,0,20,1,18,18,20,0,8,0,20,2,20,2,20,0,8,2,8,2,8,96,160,96,160,91,160,187,160,0,63,1,0,0,0,0,0,63,0,1,20,0.6,20,0.4,20,0.0,20,1.0,20,0.05,20,0.9,20,0.9,20,1.0,8,0.0,20,0.0,20,0.1,20,0.1,8,0.0,8,0.25,8,0.25,63,0.0,1,0.0,63,0.0,1,0.0,0.6,0.56875,1.16875,stage_family_interface_recipe_time,,,,,,,,,,,,,,cross_series,SYMBOLIC_FRESH,R0,,25-32
late,20,20,0,0,20,0,20,20,20,0,0,0,20,0,20,0,20,0,0,0,0,0,0,160,160,160,160,0,160,160,160,0,0,0,0,0,0,0,0,0,0,0,20,1.0,20,0.0,20,0.0,20,1.0,20,0.0,20,1.0,20,1.0,20,1.0,0,,20,0.0,20,0.0,20,0.0,0,,0,,0,,0,,0,,0,,0,,1.0,0.0,1.0,stage_family_interface_recipe_time,,,,,,,,,,,,,,cross_series,IMAGE_CUE_FRESH,R0,,25-32
late,20,0,20,0,16,3,11,11,20,0,17,0,17,8,17,8,20,0,17,8,17,8,20,0,160,0,132,207,132,207,132,28,126,6,0,0,0,0,0,126,0,6,20,0.0,20,1.0,20,0.0,20,0.8,20,0.15,20,0.55,20,0.55,20,1.0,20,0.0,17,0.0,17,0.47058823529411764,20,0.4,17,0.0,17,0.47058823529411764,20,0.4,126,0.0,6,0.0,126,0.0,6,0.0,0.0,1.5681818181818181,1.5681818181818181,stage_family_interface_recipe_time,,,,,,,,,,,,,,trend,SYMBOLIC_FRESH,R0,,25-32
late,20,20,0,0,20,0,20,20,20,0,0,0,20,0,20,0,20,0,0,0,0,0,0,160,160,160,160,0,160,160,160,0,0,0,0,0,0,0,0,0,0,0,20,1.0,20,0.0,20,0.0,20,1.0,20,0.0,20,1.0,20,1.0,20,1.0,0,,20,0.0,20,0.0,20,0.0,0,,0,,0,,0,,0,,0,,0,,1.0,0.0,1.0,stage_family_interface_recipe_time,,,,,,,,,,,,,,trend,IMAGE_CUE_FRESH,R0,,25-32
late,24,24,0,0,24,0,24,24,24,0,0,0,24,0,24,0,24,0,0,0,0,0,0,192,192,192,192,0,192,192,192,0,0,0,0,0,0,0,0,0,0,0,24,1.0,24,0.0,24,0.0,24,1.0,24,0.0,24,1.0,24,1.0,24,1.0,0,,24,0.0,24,0.0,24,0.0,0,,0,,0,,0,,0,,0,,0,,1.0,0.0,1.0,stage_family_interface_recipe_time,,,,,,,,,,,,,,duplicate_encoding,SYMBOLIC_FRESH,R1,,01-08
late,24,24,0,0,24,0,24,24,24,0,0,0,24,0,24,0,24,0,0,0,0,0,0,192,192,192,192,0,192,192,192,0,0,0,0,0,0,0,0,0,0,0,24,1.0,24,0.0,24,0.0,24,1.0,24,0.0,24,1.0,24,1.0,24,1.0,0,,24,0.0,24,0.0,24,0.0,0,,0,,0,,0,,0,,0,,0,,1.0,0.0,1.0,stage_family_interface_recipe_time,,,,,,,,,,,,,,duplicate_encoding,IMAGE_CUE_FRESH,R1,,01-08
late,20,7,8,5,18,4,13,13,14,0,8,2,20,5,20,6,20,0,8,1,8,1,8,81,160,93,157,50,157,146,157,3,70,6,0,6,0,4,0,61,1,1,20,0.35,20,0.4,20,0.25,20,0.9,20,0.2,20,0.65,20,0.65,20,0.7,8,0.0,20,0.1,20,0.25,20,0.3,8,0.0,8,0.125,8,0.125,70,0.0,6,1.0,61,0.0,1,1.0,0.5923566878980892,0.3184713375796178,0.9299363057324841,stage_family_interface_recipe_time,,,,,,,,,,,,,,cross_series,SYMBOLIC_FRESH,R1,,01-08
late,20,20,0,0,20,0,20,20,20,0,0,0,20,0,20,0,20,0,0,0,0,0,0,160,160,160,160,0,160,160,160,0,0,0,0,0,0,0,0,0,0,0,20,1.0,20,0.0,20,0.0,20,1.0,20,0.0,20,1.0,20,1.0,20,1.0,0,,20,0.0,20,0.0,20,0.0,0,,0,,0,,0,,0,,0,,0,,1.0,0.0,1.0,stage_family_interface_recipe_time,,,,,,,,,,,,,,cross_series,IMAGE_CUE_FRESH,R1,,01-08
late,20,12,8,0,16,0,16,16,20,0,7,0,17,2,17,4,20,0,5,2,5,4,8,96,160,96,132,67,132,163,132,28,36,0,0,0,0,0,0,36,0,0,20,0.6,20,0.4,20,0.0,20,0.8,20,0.0,20,0.8,20,0.8,20,1.0,8,0.0,17,0.0,17,0.11764705882352941,20,0.2,5,0.0,5,0.4,8,0.5,36,0.0,0,,36,0.0,0,,0.7272727272727273,0.5075757575757576,1.2348484848484849,stage_family_interface_recipe_time,,,,,,,,,,,,,,trend,SYMBOLIC_FRESH,R1,,01-08
late,20,20,0,0,20,0,20,20,20,0,0,0,20,0,20,0,20,0,0,0,0,0,0,160,160,160,160,0,160,160,160,0,0,0,0,0,0,0,0,0,0,0,20,1.0,20,0.0,20,0.0,20,1.0,20,0.0,20,1.0,20,1.0,20,1.0,0,,20,0.0,20,0.0,20,0.0,0,,0,,0,,0,,0,,0,,0,,1.0,0.0,1.0,stage_family_interface_recipe_time,,,,,,,,,,,,,,trend,IMAGE_CUE_FRESH,R1,,01-08
late,24,9,13,2,24,0,20,20,22,0,13,2,24,2,24,4,24,0,13,2,13,2,13,80,192,80,192,3,192,94,192,0,112,0,0,0,0,0,0,104,0,0,24,0.375,24,0.5416666666666666,24,0.08333333333333333,24,1.0,24,0.0,24,0.8333333333333334,24,0.8333333333333334,24,0.9166666666666666,13,0.0,24,0.08333333333333333,24,0.08333333333333333,24,0.16666666666666666,13,0.0,13,0.15384615384615385,13,0.15384615384615385,112,0.0,0,,104,0.0,0,,0.4166666666666667,0.015625,0.4895833333333333,stage_family_interface_recipe_time,,,,,,,,,,,,,,cross_series,SYMBOLIC_FRESH,R1,,09-16
late,24,24,0,0,24,0,24,24,24,0,0,0,24,0,24,0,24,0,0,0,0,0,0,192,192,192,192,0,192,192,192,0,0,0,0,0,0,0,0,0,0,0,24,1.0,24,0.0,24,0.0,24,1.0,24,0.0,24,1.0,24,1.0,24,1.0,0,,24,0.0,24,0.0,24,0.0,0,,0,,0,,0,,0,,0,,0,,1.0,0.0,1.0,stage_family_interface_recipe_time,,,,,,,,,,,,,,cross_series,IMAGE_CUE_FRESH,R1,,09-16
late,20,16,4,0,20,0,20,20,20,0,4,0,20,0,20,0,20,0,4,0,4,0,4,128,160,128,160,64,160,192,160,0,32,0,0,0,0,0,0,32,0,0,20,0.8,20,0.2,20,0.0,20,1.0,20,0.0,20,1.0,20,1.0,20,1.0,4,0.0,20,0.0,20,0.0,20,0.0,4,0.0,4,0.0,4,0.0,32,0.0,0,,32,0.0,0,,0.8,0.4,1.2,stage_family_interface_recipe_time,,,,,,,,,,,,,,trend,SYMBOLIC_FRESH,R1,,09-16
late,20,20,0,0,20,0,20,20,20,0,0,0,20,0,20,0,20,0,0,0,0,0,0,160,160,160,160,0,160,160,160,0,0,0,0,0,0,0,0,0,0,0,20,1.0,20,0.0,20,0.0,20,1.0,20,0.0,20,1.0,20,1.0,20,1.0,0,,20,0.0,20,0.0,20,0.0,0,,0,,0,,0,,0,,0,,0,,1.0,0.0,1.0,stage_family_interface_recipe_time,,,,,,,,,,,,,,trend,IMAGE_CUE_FRESH,R1,,09-16
late,20,20,0,0,20,0,20,20,20,0,0,0,20,0,20,0,20,0,0,0,0,0,0,160,160,160,160,0,160,160,160,0,0,0,0,0,0,0,0,0,0,0,20,1.0,20,0.0,20,0.0,20,1.0,20,0.0,20,1.0,20,1.0,20,1.0,0,,20,0.0,20,0.0,20,0.0,0,,0,,0,,0,,0,,0,,0,,1.0,0.0,1.0,stage_family_interface_recipe_time,,,,,,,,,,,,,,duplicate_encoding,SYMBOLIC_FRESH,R1,,09-16
late,20,20,0,0,20,0,20,20,20,0,0,0,20,0,20,0,20,0,0,0,0,0,0,160,160,160,160,0,160,160,160,0,0,0,0,0,0,0,0,0,0,0,20,1.0,20,0.0,20,0.0,20,1.0,20,0.0,20,1.0,20,1.0,20,1.0,0,,20,0.0,20,0.0,20,0.0,0,,0,,0,,0,,0,,0,,0,,1.0,0.0,1.0,stage_family_interface_recipe_time,,,,,,,,,,,,,,duplicate_encoding,IMAGE_CUE_FRESH,R1,,09-16
late,24,12,12,0,19,0,14,14,24,0,11,0,21,6,21,7,24,0,9,6,9,7,12,96,192,96,162,112,162,208,162,30,66,0,0,0,0,0,0,66,0,0,24,0.5,24,0.5,24,0.0,24,0.7916666666666666,24,0.0,24,0.5833333333333334,24,0.5833333333333334,24,1.0,12,0.0,21,0.0,21,0.2857142857142857,24,0.2916666666666667,9,0.0,9,0.6666666666666666,12,0.5833333333333334,66,0.0,0,,66,0.0,0,,0.5925925925925926,0.691358024691358,1.2839506172839505,stage_family_interface_recipe_time,,,,,,,,,,,,,,trend,SYMBOLIC_FRESH,R1,,17-24
late,24,24,0,0,24,0,24,24,24,0,0,0,24,0,24,0,24,0,0,0,0,0,0,192,192,192,192,0,192,192,192,0,0,0,0,0,0,0,0,0,0,0,24,1.0,24,0.0,24,0.0,24,1.0,24,0.0,24,1.0,24,1.0,24,1.0,0,,24,0.0,24,0.0,24,0.0,0,,0,,0,,0,,0,,0,,0,,1.0,0.0,1.0,stage_family_interface_recipe_time,,,,,,,,,,,,,,trend,IMAGE_CUE_FRESH,R1,,17-24
late,20,20,0,0,20,0,20,20,20,0,0,0,20,0,20,0,20,0,0,0,0,0,0,160,160,160,160,0,160,160,160,0,0,0,0,0,0,0,0,0,0,0,20,1.0,20,0.0,20,0.0,20,1.0,20,0.0,20,1.0,20,1.0,20,1.0,0,,20,0.0,20,0.0,20,0.0,0,,0,,0,,0,,0,,0,,0,,1.0,0.0,1.0,stage_family_interface_recipe_time,,,,,,,,,,,,,,duplicate_encoding,SYMBOLIC_FRESH,R1,,17-24
late,20,20,0,0,20,0,20,20,20,0,0,0,20,0,20,0,20,0,0,0,0,0,0,160,160,160,160,0,160,160,160,0,0,0,0,0,0,0,0,0,0,0,20,1.0,20,0.0,20,0.0,20,1.0,20,0.0,20,1.0,20,1.0,20,1.0,0,,20,0.0,20,0.0,20,0.0,0,,0,,0,,0,,0,,0,,0,,1.0,0.0,1.0,stage_family_interface_recipe_time,,,,,,,,,,,,,,duplicate_encoding,IMAGE_CUE_FRESH,R1,,17-24
late,20,16,4,0,18,2,18,18,19,0,4,0,20,2,20,2,20,0,4,2,4,2,4,128,160,128,155,20,155,148,155,5,16,11,0,3,0,1,0,16,3,11,20,0.8,20,0.2,20,0.0,20,0.9,20,0.1,20,0.9,20,0.9,20,0.95,4,0.0,20,0.0,20,0.1,20,0.1,4,0.0,4,0.5,4,0.5,16,0.0,11,0.2727272727272727,16,0.0,11,0.2727272727272727,0.8258064516129032,0.12903225806451613,0.9548387096774194,stage_family_interface_recipe_time,,,,,,,,,,,,,,cross_series,SYMBOLIC_FRESH,R1,,17-24
late,20,20,0,0,20,0,20,20,20,0,0,0,20,0,20,0,20,0,0,0,0,0,0,160,160,160,160,0,160,160,160,0,0,0,0,0,0,0,0,0,0,0,20,1.0,20,0.0,20,0.0,20,1.0,20,0.0,20,1.0,20,1.0,20,1.0,0,,20,0.0,20,0.0,20,0.0,0,,0,,0,,0,,0,,0,,0,,1.0,0.0,1.0,stage_family_interface_recipe_time,,,,,,,,,,,,,,cross_series,IMAGE_CUE_FRESH,R1,,17-24
late,24,24,0,0,24,0,24,24,24,0,0,0,24,0,24,0,24,0,0,0,0,0,0,192,192,192,192,0,192,192,192,0,0,0,0,0,0,0,0,0,0,0,24,1.0,24,0.0,24,0.0,24,1.0,24,0.0,24,1.0,24,1.0,24,1.0,0,,24,0.0,24,0.0,24,0.0,0,,0,,0,,0,,0,,0,,0,,1.0,0.0,1.0,stage_family_interface_recipe_time,,,,,,,,,,,,,,duplicate_encoding,SYMBOLIC_FRESH,R1,,25-32
late,24,24,0,0,24,0,24,24,24,0,0,0,24,0,24,0,24,0,0,0,0,0,0,192,192,192,192,0,192,192,192,0,0,0,0,0,0,0,0,0,0,0,24,1.0,24,0.0,24,0.0,24,1.0,24,0.0,24,1.0,24,1.0,24,1.0,0,,24,0.0,24,0.0,24,0.0,0,,0,,0,,0,,0,,0,,0,,1.0,0.0,1.0,stage_family_interface_recipe_time,,,,,,,,,,,,,,duplicate_encoding,IMAGE_CUE_FRESH,R1,,25-32
late,20,12,8,0,20,1,18,18,19,0,8,0,20,2,20,2,20,0,8,2,8,2,8,96,160,96,160,91,160,187,160,0,63,1,0,1,0,1,0,63,1,1,20,0.6,20,0.4,20,0.0,20,1.0,20,0.05,20,0.9,20,0.9,20,0.95,8,0.0,20,0.0,20,0.1,20,0.1,8,0.0,8,0.25,8,0.25,63,0.0,1,1.0,63,0.0,1,1.0,0.6,0.56875,1.16875,stage_family_interface_recipe_time,,,,,,,,,,,,,,cross_series,SYMBOLIC_FRESH,R1,,25-32
late,20,20,0,0,20,0,20,20,20,0,0,0,20,0,20,0,20,0,0,0,0,0,0,160,160,160,160,0,160,160,160,0,0,0,0,0,0,0,0,0,0,0,20,1.0,20,0.0,20,0.0,20,1.0,20,0.0,20,1.0,20,1.0,20,1.0,0,,20,0.0,20,0.0,20,0.0,0,,0,,0,,0,,0,,0,,0,,1.0,0.0,1.0,stage_family_interface_recipe_time,,,,,,,,,,,,,,cross_series,IMAGE_CUE_FRESH,R1,,25-32
late,20,0,20,0,17,6,9,9,14,0,18,0,18,9,18,9,20,0,18,9,18,9,20,0,160,0,141,200,141,200,141,19,126,15,0,15,0,6,0,126,15,15,20,0.0,20,1.0,20,0.0,20,0.85,20,0.3,20,0.45,20,0.45,20,0.7,20,0.0,18,0.0,18,0.5,20,0.45,18,0.0,18,0.5,20,0.45,126,0.0,15,1.0,126,0.0,15,1.0,0.0,1.4184397163120568,1.4184397163120568,stage_family_interface_recipe_time,,,,,,,,,,,,,,trend,SYMBOLIC_FRESH,R1,,25-32
late,20,20,0,0,20,0,20,20,20,0,0,0,20,0,20,0,20,0,0,0,0,0,0,160,160,160,160,0,160,160,160,0,0,0,0,0,0,0,0,0,0,0,20,1.0,20,0.0,20,0.0,20,1.0,20,0.0,20,1.0,20,1.0,20,1.0,0,,20,0.0,20,0.0,20,0.0,0,,0,,0,,0,,0,,0,,0,,1.0,0.0,1.0,stage_family_interface_recipe_time,,,,,,,,,,,,,,trend,IMAGE_CUE_FRESH,R1,,25-32
late,24,24,0,0,24,0,24,24,24,0,0,0,24,0,24,0,24,0,0,0,0,0,0,192,192,192,192,0,192,192,192,0,0,0,0,0,0,0,0,0,0,0,24,1.0,24,0.0,24,0.0,24,1.0,24,0.0,24,1.0,24,1.0,24,1.0,0,,24,0.0,24,0.0,24,0.0,0,,0,,0,,0,,0,,0,,0,,1.0,0.0,1.0,stage_family_interface_recipe_time,,,,,,,,,,,,,,duplicate_encoding,SYMBOLIC_FRESH,R2,,01-08
late,24,24,0,0,24,0,24,24,24,0,0,0,24,0,24,0,24,0,0,0,0,0,0,192,192,192,192,0,192,192,192,0,0,0,0,0,0,0,0,0,0,0,24,1.0,24,0.0,24,0.0,24,1.0,24,0.0,24,1.0,24,1.0,24,1.0,0,,24,0.0,24,0.0,24,0.0,0,,0,,0,,0,,0,,0,,0,,1.0,0.0,1.0,stage_family_interface_recipe_time,,,,,,,,,,,,,,duplicate_encoding,IMAGE_CUE_FRESH,R2,,01-08
late,20,7,8,5,18,4,13,13,14,0,8,2,20,5,20,6,20,0,8,1,8,1,8,81,160,93,157,51,157,146,157,3,70,6,6,0,1,0,6,61,0,1,20,0.35,20,0.4,20,0.25,20,0.9,20,0.2,20,0.65,20,0.65,20,0.7,8,0.0,20,0.1,20,0.25,20,0.3,8,0.0,8,0.125,8,0.125,70,0.08571428571428572,6,0.0,61,0.09836065573770492,1,0.0,0.5923566878980892,0.3248407643312102,0.9299363057324841,stage_family_interface_recipe_time,,,,,,,,,,,,,,cross_series,SYMBOLIC_FRESH,R2,,01-08
late,20,20,0,0,20,0,20,20,20,0,0,0,20,0,20,0,20,0,0,0,0,0,0,160,160,160,160,0,160,160,160,0,0,0,0,0,0,0,0,0,0,0,20,1.0,20,0.0,20,0.0,20,1.0,20,0.0,20,1.0,20,1.0,20,1.0,0,,20,0.0,20,0.0,20,0.0,0,,0,,0,,0,,0,,0,,0,,1.0,0.0,1.0,stage_family_interface_recipe_time,,,,,,,,,,,,,,cross_series,IMAGE_CUE_FRESH,R2,,01-08
late,20,11,8,1,16,0,14,14,16,0,7,1,17,4,17,6,20,0,5,3,5,5,8,95,160,95,132,67,132,163,132,28,37,0,4,0,3,0,4,36,0,0,20,0.55,20,0.4,20,0.05,20,0.8,20,0.0,20,0.7,20,0.7,20,0.8,8,0.0,17,0.058823529411764705,17,0.23529411764705882,20,0.3,5,0.0,5,0.6,8,0.625,37,0.10810810810810811,0,,36,0.1111111111111111,0,,0.7196969696969697,0.5075757575757576,1.2348484848484849,stage_family_interface_recipe_time,,,,,,,,,,,,,,trend,SYMBOLIC_FRESH,R2,,01-08
late,20,20,0,0,20,0,20,20,20,0,0,0,20,0,20,0,20,0,0,0,0,0,0,160,160,160,160,0,160,160,160,0,0,0,0,0,0,0,0,0,0,0,20,1.0,20,0.0,20,0.0,20,1.0,20,0.0,20,1.0,20,1.0,20,1.0,0,,20,0.0,20,0.0,20,0.0,0,,0,,0,,0,,0,,0,,0,,1.0,0.0,1.0,stage_family_interface_recipe_time,,,,,,,,,,,,,,trend,IMAGE_CUE_FRESH,R2,,01-08
late,24,9,13,2,24,0,20,20,22,0,13,2,24,2,24,4,24,0,13,2,13,2,13,78,192,78,192,3,192,93,192,0,114,0,0,0,0,0,0,104,0,0,24,0.375,24,0.5416666666666666,24,0.08333333333333333,24,1.0,24,0.0,24,0.8333333333333334,24,0.8333333333333334,24,0.9166666666666666,13,0.0,24,0.08333333333333333,24,0.08333333333333333,24,0.16666666666666666,13,0.0,13,0.15384615384615385,13,0.15384615384615385,114,0.0,0,,104,0.0,0,,0.40625,0.015625,0.484375,stage_family_interface_recipe_time,,,,,,,,,,,,,,cross_series,SYMBOLIC_FRESH,R2,,09-16
late,24,24,0,0,24,0,24,24,24,0,0,0,24,0,24,0,24,0,0,0,0,0,0,192,192,192,192,0,192,192,192,0,0,0,0,0,0,0,0,0,0,0,24,1.0,24,0.0,24,0.0,24,1.0,24,0.0,24,1.0,24,1.0,24,1.0,0,,24,0.0,24,0.0,24,0.0,0,,0,,0,,0,,0,,0,,0,,1.0,0.0,1.0,stage_family_interface_recipe_time,,,,,,,,,,,,,,cross_series,IMAGE_CUE_FRESH,R2,,09-16
late,20,16,4,0,20,0,20,20,20,0,4,0,20,0,20,0,20,0,4,0,4,0,4,128,160,128,160,64,160,192,160,0,32,0,0,0,0,0,0,32,0,0,20,0.8,20,0.2,20,0.0,20,1.0,20,0.0,20,1.0,20,1.0,20,1.0,4,0.0,20,0.0,20,0.0,20,0.0,4,0.0,4,0.0,4,0.0,32,0.0,0,,32,0.0,0,,0.8,0.4,1.2,stage_family_interface_recipe_time,,,,,,,,,,,,,,trend,SYMBOLIC_FRESH,R2,,09-16
late,20,20,0,0,20,0,20,20,20,0,0,0,20,0,20,0,20,0,0,0,0,0,0,160,160,160,160,0,160,160,160,0,0,0,0,0,0,0,0,0,0,0,20,1.0,20,0.0,20,0.0,20,1.0,20,0.0,20,1.0,20,1.0,20,1.0,0,,20,0.0,20,0.0,20,0.0,0,,0,,0,,0,,0,,0,,0,,1.0,0.0,1.0,stage_family_interface_recipe_time,,,,,,,,,,,,,,trend,IMAGE_CUE_FRESH,R2,,09-16
late,20,20,0,0,20,0,20,20,20,0,0,0,20,0,20,0,20,0,0,0,0,0,0,160,160,160,160,0,160,160,160,0,0,0,0,0,0,0,0,0,0,0,20,1.0,20,0.0,20,0.0,20,1.0,20,0.0,20,1.0,20,1.0,20,1.0,0,,20,0.0,20,0.0,20,0.0,0,,0,,0,,0,,0,,0,,0,,1.0,0.0,1.0,stage_family_interface_recipe_time,,,,,,,,,,,,,,duplicate_encoding,SYMBOLIC_FRESH,R2,,09-16
late,20,20,0,0,20,0,20,20,20,0,0,0,20,0,20,0,20,0,0,0,0,0,0,160,160,160,160,0,160,160,160,0,0,0,0,0,0,0,0,0,0,0,20,1.0,20,0.0,20,0.0,20,1.0,20,0.0,20,1.0,20,1.0,20,1.0,0,,20,0.0,20,0.0,20,0.0,0,,0,,0,,0,,0,,0,,0,,1.0,0.0,1.0,stage_family_interface_recipe_time,,,,,,,,,,,,,,duplicate_encoding,IMAGE_CUE_FRESH,R2,,09-16
late,24,12,12,0,19,0,14,14,19,0,12,0,22,6,22,6,24,0,10,6,10,6,12,96,192,96,164,99,164,195,164,28,68,0,12,0,5,0,12,68,0,0,24,0.5,24,0.5,24,0.0,24,0.7916666666666666,24,0.0,24,0.5833333333333334,24,0.5833333333333334,24,0.7916666666666666,12,0.0,22,0.0,22,0.2727272727272727,24,0.25,10,0.0,10,0.6,12,0.5,68,0.17647058823529413,0,,68,0.17647058823529413,0,,0.5853658536585366,0.6036585365853658,1.1890243902439024,stage_family_interface_recipe_time,,,,,,,,,,,,,,trend,SYMBOLIC_FRESH,R2,,17-24
late,24,24,0,0,24,0,24,24,24,0,0,0,24,0,24,0,24,0,0,0,0,0,0,192,192,192,192,0,192,192,192,0,0,0,0,0,0,0,0,0,0,0,24,1.0,24,0.0,24,0.0,24,1.0,24,0.0,24,1.0,24,1.0,24,1.0,0,,24,0.0,24,0.0,24,0.0,0,,0,,0,,0,,0,,0,,0,,1.0,0.0,1.0,stage_family_interface_recipe_time,,,,,,,,,,,,,,trend,IMAGE_CUE_FRESH,R2,,17-24
late,20,20,0,0,20,0,20,20,20,0,0,0,20,0,20,0,20,0,0,0,0,0,0,160,160,160,160,0,160,160,160,0,0,0,0,0,0,0,0,0,0,0,20,1.0,20,0.0,20,0.0,20,1.0,20,0.0,20,1.0,20,1.0,20,1.0,0,,20,0.0,20,0.0,20,0.0,0,,0,,0,,0,,0,,0,,0,,1.0,0.0,1.0,stage_family_interface_recipe_time,,,,,,,,,,,,,,duplicate_encoding,SYMBOLIC_FRESH,R2,,17-24
late,20,20,0,0,20,0,20,20,20,0,0,0,20,0,20,0,20,0,0,0,0,0,0,160,160,160,160,0,160,160,160,0,0,0,0,0,0,0,0,0,0,0,20,1.0,20,0.0,20,0.0,20,1.0,20,0.0,20,1.0,20,1.0,20,1.0,0,,20,0.0,20,0.0,20,0.0,0,,0,,0,,0,,0,,0,,0,,1.0,0.0,1.0,stage_family_interface_recipe_time,,,,,,,,,,,,,,duplicate_encoding,IMAGE_CUE_FRESH,R2,,17-24
late,20,16,4,0,18,4,17,17,18,0,4,0,20,3,20,3,20,0,4,3,4,3,4,128,160,128,157,17,157,145,157,3,15,14,8,5,2,2,8,15,5,14,20,0.8,20,0.2,20,0.0,20,0.9,20,0.2,20,0.85,20,0.85,20,0.9,4,0.0,20,0.0,20,0.15,20,0.15,4,0.0,4,0.75,4,0.75,15,0.5333333333333333,14,0.35714285714285715,15,0.5333333333333333,14,0.35714285714285715,0.8152866242038217,0.10828025477707007,0.9235668789808917,stage_family_interface_recipe_time,,,,,,,,,,,,,,cross_series,SYMBOLIC_FRESH,R2,,17-24
late,20,20,0,0,20,0,20,20,20,0,0,0,20,0,20,0,20,0,0,0,0,0,0,160,160,160,160,0,160,160,160,0,0,0,0,0,0,0,0,0,0,0,20,1.0,20,0.0,20,0.0,20,1.0,20,0.0,20,1.0,20,1.0,20,1.0,0,,20,0.0,20,0.0,20,0.0,0,,0,,0,,0,,0,,0,,0,,1.0,0.0,1.0,stage_family_interface_recipe_time,,,,,,,,,,,,,,cross_series,IMAGE_CUE_FRESH,R2,,17-24
late,24,24,0,0,24,0,24,24,24,0,0,0,24,0,24,0,24,0,0,0,0,0,0,192,192,192,192,0,192,192,192,0,0,0,0,0,0,0,0,0,0,0,24,1.0,24,0.0,24,0.0,24,1.0,24,0.0,24,1.0,24,1.0,24,1.0,0,,24,0.0,24,0.0,24,0.0,0,,0,,0,,0,,0,,0,,0,,1.0,0.0,1.0,stage_family_interface_recipe_time,,,,,,,,,,,,,,duplicate_encoding,SYMBOLIC_FRESH,R2,,25-32
late,24,24,0,0,24,0,24,24,24,0,0,0,24,0,24,0,24,0,0,0,0,0,0,192,192,192,192,0,192,192,192,0,0,0,0,0,0,0,0,0,0,0,24,1.0,24,0.0,24,0.0,24,1.0,24,0.0,24,1.0,24,1.0,24,1.0,0,,24,0.0,24,0.0,24,0.0,0,,0,,0,,0,,0,,0,,0,,1.0,0.0,1.0,stage_family_interface_recipe_time,,,,,,,,,,,,,,duplicate_encoding,IMAGE_CUE_FRESH,R2,,25-32
late,20,12,8,0,20,1,16,16,20,0,8,0,20,4,20,4,20,0,8,4,8,4,8,96,160,96,160,87,160,183,160,0,63,1,0,0,0,0,0,63,0,1,20,0.6,20,0.4,20,0.0,20,1.0,20,0.05,20,0.8,20,0.8,20,1.0,8,0.0,20,0.0,20,0.2,20,0.2,8,0.0,8,0.5,8,0.5,63,0.0,1,0.0,63,0.0,1,0.0,0.6,0.54375,1.14375,stage_family_interface_recipe_time,,,,,,,,,,,,,,cross_series,SYMBOLIC_FRESH,R2,,25-32
late,20,20,0,0,20,0,20,20,20,0,0,0,20,0,20,0,20,0,0,0,0,0,0,160,160,160,160,0,160,160,160,0,0,0,0,0,0,0,0,0,0,0,20,1.0,20,0.0,20,0.0,20,1.0,20,0.0,20,1.0,20,1.0,20,1.0,0,,20,0.0,20,0.0,20,0.0,0,,0,,0,,0,,0,,0,,0,,1.0,0.0,1.0,stage_family_interface_recipe_time,,,,,,,,,,,,,,cross_series,IMAGE_CUE_FRESH,R2,,25-32
late,20,0,20,0,17,6,7,7,17,0,20,0,20,10,20,10,20,0,20,10,20,10,20,0,160,0,143,171,143,171,143,17,131,12,3,4,2,2,3,131,4,12,20,0.0,20,1.0,20,0.0,20,0.85,20,0.3,20,0.35,20,0.35,20,0.85,20,0.0,20,0.0,20,0.5,20,0.5,20,0.0,20,0.5,20,0.5,131,0.022900763358778626,12,0.3333333333333333,131,0.022900763358778626,12,0.3333333333333333,0.0,1.1958041958041958,1.1958041958041958,stage_family_interface_recipe_time,,,,,,,,,,,,,,trend,SYMBOLIC_FRESH,R2,,25-32
late,20,20,0,0,20,0,20,20,20,0,0,0,20,0,20,0,20,0,0,0,0,0,0,160,160,160,160,0,160,160,160,0,0,0,0,0,0,0,0,0,0,0,20,1.0,20,0.0,20,0.0,20,1.0,20,0.0,20,1.0,20,1.0,20,1.0,0,,20,0.0,20,0.0,20,0.0,0,,0,,0,,0,,0,,0,,0,,1.0,0.0,1.0,stage_family_interface_recipe_time,,,,,,,,,,,,,,trend,IMAGE_CUE_FRESH,R2,,25-32
late,24,24,0,0,24,0,24,24,24,0,0,0,24,0,24,0,24,0,0,0,0,0,0,192,192,192,192,0,192,192,192,0,0,0,0,0,0,0,0,0,0,0,24,1.0,24,0.0,24,0.0,24,1.0,24,0.0,24,1.0,24,1.0,24,1.0,0,,24,0.0,24,0.0,24,0.0,0,,0,,0,,0,,0,,0,,0,,1.0,0.0,1.0,stage_family_interface_recipe_time,,,,,,,,,,,,,,duplicate_encoding,SYMBOLIC_FRESH,R3,,01-08
late,24,24,0,0,24,0,24,24,24,0,0,0,24,0,24,0,24,0,0,0,0,0,0,192,192,192,192,0,192,192,192,0,0,0,0,0,0,0,0,0,0,0,24,1.0,24,0.0,24,0.0,24,1.0,24,0.0,24,1.0,24,1.0,24,1.0,0,,24,0.0,24,0.0,24,0.0,0,,0,,0,,0,,0,,0,,0,,1.0,0.0,1.0,stage_family_interface_recipe_time,,,,,,,,,,,,,,duplicate_encoding,IMAGE_CUE_FRESH,R3,,01-08
late,20,7,8,5,18,4,13,13,14,0,8,2,20,5,20,6,20,0,8,1,8,1,8,81,160,93,157,51,157,146,157,3,70,6,2,0,1,0,2,61,0,1,20,0.35,20,0.4,20,0.25,20,0.9,20,0.2,20,0.65,20,0.65,20,0.7,8,0.0,20,0.1,20,0.25,20,0.3,8,0.0,8,0.125,8,0.125,70,0.02857142857142857,6,0.0,61,0.03278688524590164,1,0.0,0.5923566878980892,0.3248407643312102,0.9299363057324841,stage_family_interface_recipe_time,,,,,,,,,,,,,,cross_series,SYMBOLIC_FRESH,R3,,01-08
late,20,20,0,0,20,0,20,20,20,0,0,0,20,0,20,0,20,0,0,0,0,0,0,160,160,160,160,0,160,160,160,0,0,0,0,0,0,0,0,0,0,0,20,1.0,20,0.0,20,0.0,20,1.0,20,0.0,20,1.0,20,1.0,20,1.0,0,,20,0.0,20,0.0,20,0.0,0,,0,,0,,0,,0,,0,,0,,1.0,0.0,1.0,stage_family_interface_recipe_time,,,,,,,,,,,,,,cross_series,IMAGE_CUE_FRESH,R3,,01-08
late,20,11,8,1,16,0,15,15,15,0,7,1,17,3,17,5,20,0,5,2,5,4,8,95,160,95,132,68,132,164,132,28,37,0,11,0,4,0,11,36,0,0,20,0.55,20,0.4,20,0.05,20,0.8,20,0.0,20,0.75,20,0.75,20,0.75,8,0.0,17,0.058823529411764705,17,0.17647058823529413,20,0.25,5,0.0,5,0.4,8,0.5,37,0.2972972972972973,0,,36,0.3055555555555556,0,,0.7196969696969697,0.5151515151515151,1.2424242424242424,stage_family_interface_recipe_time,,,,,,,,,,,,,,trend,SYMBOLIC_FRESH,R3,,01-08
late,20,20,0,0,20,0,20,20,20,0,0,0,20,0,20,0,20,0,0,0,0,0,0,160,160,160,160,0,160,160,160,0,0,0,0,0,0,0,0,0,0,0,20,1.0,20,0.0,20,0.0,20,1.0,20,0.0,20,1.0,20,1.0,20,1.0,0,,20,0.0,20,0.0,20,0.0,0,,0,,0,,0,,0,,0,,0,,1.0,0.0,1.0,stage_family_interface_recipe_time,,,,,,,,,,,,,,trend,IMAGE_CUE_FRESH,R3,,01-08
late,24,8,13,3,24,0,19,19,19,0,13,3,24,2,24,5,24,0,13,2,13,2,13,75,192,75,192,3,192,89,192,0,117,0,13,0,2,0,13,104,0,0,24,0.3333333333333333,24,0.5416666666666666,24,0.125,24,1.0,24,0.0,24,0.7916666666666666,24,0.7916666666666666,24,0.7916666666666666,13,0.0,24,0.125,24,0.08333333333333333,24,0.20833333333333334,13,0.0,13,0.15384615384615385,13,0.15384615384615385,117,0.1111111111111111,0,,104,0.125,0,,0.390625,0.015625,0.4635416666666667,stage_family_interface_recipe_time,,,,,,,,,,,,,,cross_series,SYMBOLIC_FRESH,R3,,09-16
late,24,24,0,0,24,0,24,24,24,0,0,0,24,0,24,0,24,0,0,0,0,0,0,192,192,192,192,0,192,192,192,0,0,0,0,0,0,0,0,0,0,0,24,1.0,24,0.0,24,0.0,24,1.0,24,0.0,24,1.0,24,1.0,24,1.0,0,,24,0.0,24,0.0,24,0.0,0,,0,,0,,0,,0,,0,,0,,1.0,0.0,1.0,stage_family_interface_recipe_time,,,,,,,,,,,,,,cross_series,IMAGE_CUE_FRESH,R3,,09-16
late,20,16,4,0,20,0,20,20,20,0,4,0,20,0,20,0,20,0,4,0,4,0,4,128,160,128,160,64,160,192,160,0,32,0,0,0,0,0,0,32,0,0,20,0.8,20,0.2,20,0.0,20,1.0,20,0.0,20,1.0,20,1.0,20,1.0,4,0.0,20,0.0,20,0.0,20,0.0,4,0.0,4,0.0,4,0.0,32,0.0,0,,32,0.0,0,,0.8,0.4,1.2,stage_family_interface_recipe_time,,,,,,,,,,,,,,trend,SYMBOLIC_FRESH,R3,,09-16
late,20,20,0,0,20,0,20,20,20,0,0,0,20,0,20,0,20,0,0,0,0,0,0,160,160,160,160,0,160,160,160,0,0,0,0,0,0,0,0,0,0,0,20,1.0,20,0.0,20,0.0,20,1.0,20,0.0,20,1.0,20,1.0,20,1.0,0,,20,0.0,20,0.0,20,0.0,0,,0,,0,,0,,0,,0,,0,,1.0,0.0,1.0,stage_family_interface_recipe_time,,,,,,,,,,,,,,trend,IMAGE_CUE_FRESH,R3,,09-16
late,20,20,0,0,20,0,20,20,20,0,0,0,20,0,20,0,20,0,0,0,0,0,0,160,160,160,160,0,160,160,160,0,0,0,0,0,0,0,0,0,0,0,20,1.0,20,0.0,20,0.0,20,1.0,20,0.0,20,1.0,20,1.0,20,1.0,0,,20,0.0,20,0.0,20,0.0,0,,0,,0,,0,,0,,0,,0,,1.0,0.0,1.0,stage_family_interface_recipe_time,,,,,,,,,,,,,,duplicate_encoding,SYMBOLIC_FRESH,R3,,09-16
late,20,20,0,0,20,0,20,20,20,0,0,0,20,0,20,0,20,0,0,0,0,0,0,160,160,160,160,0,160,160,160,0,0,0,0,0,0,0,0,0,0,0,20,1.0,20,0.0,20,0.0,20,1.0,20,0.0,20,1.0,20,1.0,20,1.0,0,,20,0.0,20,0.0,20,0.0,0,,0,,0,,0,,0,,0,,0,,1.0,0.0,1.0,stage_family_interface_recipe_time,,,,,,,,,,,,,,duplicate_encoding,IMAGE_CUE_FRESH,R3,,09-16
late,24,12,12,0,19,0,13,13,17,0,12,0,21,6,21,7,24,0,9,6,9,7,12,96,192,96,163,107,163,203,163,29,67,0,26,0,7,0,26,67,0,0,24,0.5,24,0.5,24,0.0,24,0.7916666666666666,24,0.0,24,0.5416666666666666,24,0.5416666666666666,24,0.7083333333333334,12,0.0,21,0.0,21,0.2857142857142857,24,0.2916666666666667,9,0.0,9,0.6666666666666666,12,0.5833333333333334,67,0.3880597014925373,0,,67,0.3880597014925373,0,,0.588957055214724,0.656441717791411,1.2453987730061349,stage_family_interface_recipe_time,,,,,,,,,,,,,,trend,SYMBOLIC_FRESH,R3,,17-24
late,24,24,0,0,24,0,24,24,24,0,0,0,24,0,24,0,24,0,0,0,0,0,0,192,192,192,192,0,192,192,192,0,0,0,0,0,0,0,0,0,0,0,24,1.0,24,0.0,24,0.0,24,1.0,24,0.0,24,1.0,24,1.0,24,1.0,0,,24,0.0,24,0.0,24,0.0,0,,0,,0,,0,,0,,0,,0,,1.0,0.0,1.0,stage_family_interface_recipe_time,,,,,,,,,,,,,,trend,IMAGE_CUE_FRESH,R3,,17-24
late,20,20,0,0,20,0,20,20,20,0,0,0,20,0,20,0,20,0,0,0,0,0,0,160,160,160,160,0,160,160,160,0,0,0,0,0,0,0,0,0,0,0,20,1.0,20,0.0,20,0.0,20,1.0,20,0.0,20,1.0,20,1.0,20,1.0,0,,20,0.0,20,0.0,20,0.0,0,,0,,0,,0,,0,,0,,0,,1.0,0.0,1.0,stage_family_interface_recipe_time,,,,,,,,,,,,,,duplicate_encoding,SYMBOLIC_FRESH,R3,,17-24
late,20,20,0,0,20,0,20,20,20,0,0,0,20,0,20,0,20,0,0,0,0,0,0,160,160,160,160,0,160,160,160,0,0,0,0,0,0,0,0,0,0,0,20,1.0,20,0.0,20,0.0,20,1.0,20,0.0,20,1.0,20,1.0,20,1.0,0,,20,0.0,20,0.0,20,0.0,0,,0,,0,,0,,0,,0,,0,,1.0,0.0,1.0,stage_family_interface_recipe_time,,,,,,,,,,,,,,duplicate_encoding,IMAGE_CUE_FRESH,R3,,17-24
late,20,15,4,1,18,2,16,16,16,0,4,1,20,3,20,4,20,0,4,3,4,3,4,127,160,127,157,18,157,145,157,3,16,14,12,6,2,1,12,15,6,14,20,0.75,20,0.2,20,0.05,20,0.9,20,0.1,20,0.8,20,0.8,20,0.8,4,0.0,20,0.05,20,0.15,20,0.2,4,0.0,4,0.75,4,0.75,16,0.75,14,0.42857142857142855,15,0.8,14,0.42857142857142855,0.8089171974522293,0.11464968152866242,0.9235668789808917,stage_family_interface_recipe_time,,,,,,,,,,,,,,cross_series,SYMBOLIC_FRESH,R3,,17-24
late,20,20,0,0,20,0,20,20,20,0,0,0,20,0,20,0,20,0,0,0,0,0,0,160,160,160,160,0,160,160,160,0,0,0,0,0,0,0,0,0,0,0,20,1.0,20,0.0,20,0.0,20,1.0,20,0.0,20,1.0,20,1.0,20,1.0,0,,20,0.0,20,0.0,20,0.0,0,,0,,0,,0,,0,,0,,0,,1.0,0.0,1.0,stage_family_interface_recipe_time,,,,,,,,,,,,,,cross_series,IMAGE_CUE_FRESH,R3,,17-24
late,24,24,0,0,24,0,24,24,24,0,0,0,24,0,24,0,24,0,0,0,0,0,0,192,192,192,192,0,192,192,192,0,0,0,0,0,0,0,0,0,0,0,24,1.0,24,0.0,24,0.0,24,1.0,24,0.0,24,1.0,24,1.0,24,1.0,0,,24,0.0,24,0.0,24,0.0,0,,0,,0,,0,,0,,0,,0,,1.0,0.0,1.0,stage_family_interface_recipe_time,,,,,,,,,,,,,,duplicate_encoding,SYMBOLIC_FRESH,R3,,25-32
late,24,24,0,0,24,0,24,24,24,0,0,0,24,0,24,0,24,0,0,0,0,0,0,192,192,192,192,0,192,192,192,0,0,0,0,0,0,0,0,0,0,0,24,1.0,24,0.0,24,0.0,24,1.0,24,0.0,24,1.0,24,1.0,24,1.0,0,,24,0.0,24,0.0,24,0.0,0,,0,,0,,0,,0,,0,,0,,1.0,0.0,1.0,stage_family_interface_recipe_time,,,,,,,,,,,,,,duplicate_encoding,IMAGE_CUE_FRESH,R3,,25-32
late,20,12,8,0,20,1,17,17,17,0,8,0,20,3,20,3,20,0,8,3,8,3,8,96,160,96,160,93,160,189,160,0,63,1,20,0,3,0,20,63,0,1,20,0.6,20,0.4,20,0.0,20,1.0,20,0.05,20,0.85,20,0.85,20,0.85,8,0.0,20,0.0,20,0.15,20,0.15,8,0.0,8,0.375,8,0.375,63,0.31746031746031744,1,0.0,63,0.31746031746031744,1,0.0,0.6,0.58125,1.18125,stage_family_interface_recipe_time,,,,,,,,,,,,,,cross_series,SYMBOLIC_FRESH,R3,,25-32
late,20,20,0,0,20,0,20,20,20,0,0,0,20,0,20,0,20,0,0,0,0,0,0,160,160,160,160,0,160,160,160,0,0,0,0,0,0,0,0,0,0,0,20,1.0,20,0.0,20,0.0,20,1.0,20,0.0,20,1.0,20,1.0,20,1.0,0,,20,0.0,20,0.0,20,0.0,0,,0,,0,,0,,0,,0,,0,,1.0,0.0,1.0,stage_family_interface_recipe_time,,,,,,,,,,,,,,cross_series,IMAGE_CUE_FRESH,R3,,25-32
late,20,0,20,0,16,1,11,11,12,0,17,0,16,7,16,8,20,0,16,7,16,8,20,0,160,0,129,223,129,223,129,31,127,2,40,0,8,0,40,127,0,2,20,0.0,20,1.0,20,0.0,20,0.8,20,0.05,20,0.55,20,0.55,20,0.6,20,0.0,16,0.0,16,0.4375,20,0.4,16,0.0,16,0.4375,20,0.4,127,0.31496062992125984,2,0.0,127,0.31496062992125984,2,0.0,0.0,1.7286821705426356,1.7286821705426356,stage_family_interface_recipe_time,,,,,,,,,,,,,,trend,SYMBOLIC_FRESH,R3,,25-32
late,20,20,0,0,20,0,20,20,20,0,0,0,20,0,20,0,20,0,0,0,0,0,0,160,160,160,160,0,160,160,160,0,0,0,0,0,0,0,0,0,0,0,20,1.0,20,0.0,20,0.0,20,1.0,20,0.0,20,1.0,20,1.0,20,1.0,0,,20,0.0,20,0.0,20,0.0,0,,0,,0,,0,,0,,0,,0,,1.0,0.0,1.0,stage_family_interface_recipe_time,,,,,,,,,,,,,,trend,IMAGE_CUE_FRESH,R3,,25-32
late,24,24,0,0,24,0,24,24,24,0,0,0,24,0,24,0,24,0,0,0,0,0,0,192,192,192,192,0,192,192,192,0,0,0,0,0,0,0,0,0,0,0,24,1.0,24,0.0,24,0.0,24,1.0,24,0.0,24,1.0,24,1.0,24,1.0,0,,24,0.0,24,0.0,24,0.0,0,,0,,0,,0,,0,,0,,0,,1.0,0.0,1.0,stage_family_interface_recipe_time,,,,,,,,,,,,,,duplicate_encoding,SYMBOLIC_FRESH,R4,,01-08
late,24,24,0,0,24,0,24,24,24,0,0,0,24,0,24,0,24,0,0,0,0,0,0,192,192,192,192,0,192,192,192,0,0,0,0,0,0,0,0,0,0,0,24,1.0,24,0.0,24,0.0,24,1.0,24,0.0,24,1.0,24,1.0,24,1.0,0,,24,0.0,24,0.0,24,0.0,0,,0,,0,,0,,0,,0,,0,,1.0,0.0,1.0,stage_family_interface_recipe_time,,,,,,,,,,,,,,duplicate_encoding,IMAGE_CUE_FRESH,R4,,01-08
late,20,7,8,5,18,4,13,13,14,0,8,2,20,5,20,6,20,0,8,1,8,1,8,81,160,93,157,51,157,146,157,3,70,6,6,0,1,0,6,61,0,1,20,0.35,20,0.4,20,0.25,20,0.9,20,0.2,20,0.65,20,0.65,20,0.7,8,0.0,20,0.1,20,0.25,20,0.3,8,0.0,8,0.125,8,0.125,70,0.08571428571428572,6,0.0,61,0.09836065573770492,1,0.0,0.5923566878980892,0.3248407643312102,0.9299363057324841,stage_family_interface_recipe_time,,,,,,,,,,,,,,cross_series,SYMBOLIC_FRESH,R4,,01-08
late,20,20,0,0,20,0,20,20,20,0,0,0,20,0,20,0,20,0,0,0,0,0,0,160,160,160,160,0,160,160,160,0,0,0,0,0,0,0,0,0,0,0,20,1.0,20,0.0,20,0.0,20,1.0,20,0.0,20,1.0,20,1.0,20,1.0,0,,20,0.0,20,0.0,20,0.0,0,,0,,0,,0,,0,,0,,0,,1.0,0.0,1.0,stage_family_interface_recipe_time,,,,,,,,,,,,,,cross_series,IMAGE_CUE_FRESH,R4,,01-08
late,20,11,8,1,16,0,15,15,15,0,7,1,17,3,17,5,20,0,5,2,5,4,8,95,160,95,132,68,132,164,132,28,37,0,11,0,4,0,11,36,0,0,20,0.55,20,0.4,20,0.05,20,0.8,20,0.0,20,0.75,20,0.75,20,0.75,8,0.0,17,0.058823529411764705,17,0.17647058823529413,20,0.25,5,0.0,5,0.4,8,0.5,37,0.2972972972972973,0,,36,0.3055555555555556,0,,0.7196969696969697,0.5151515151515151,1.2424242424242424,stage_family_interface_recipe_time,,,,,,,,,,,,,,trend,SYMBOLIC_FRESH,R4,,01-08
late,20,20,0,0,20,0,20,20,20,0,0,0,20,0,20,0,20,0,0,0,0,0,0,160,160,160,160,0,160,160,160,0,0,0,0,0,0,0,0,0,0,0,20,1.0,20,0.0,20,0.0,20,1.0,20,0.0,20,1.0,20,1.0,20,1.0,0,,20,0.0,20,0.0,20,0.0,0,,0,,0,,0,,0,,0,,0,,1.0,0.0,1.0,stage_family_interface_recipe_time,,,,,,,,,,,,,,trend,IMAGE_CUE_FRESH,R4,,01-08
late,24,9,13,2,24,0,20,20,20,0,13,2,24,2,24,4,24,0,13,2,13,2,13,78,192,78,192,3,192,91,192,0,114,0,13,0,2,0,13,104,0,0,24,0.375,24,0.5416666666666666,24,0.08333333333333333,24,1.0,24,0.0,24,0.8333333333333334,24,0.8333333333333334,24,0.8333333333333334,13,0.0,24,0.08333333333333333,24,0.08333333333333333,24,0.16666666666666666,13,0.0,13,0.15384615384615385,13,0.15384615384615385,114,0.11403508771929824,0,,104,0.125,0,,0.40625,0.015625,0.4739583333333333,stage_family_interface_recipe_time,,,,,,,,,,,,,,cross_series,SYMBOLIC_FRESH,R4,,09-16
late,24,24,0,0,24,0,24,24,24,0,0,0,24,0,24,0,24,0,0,0,0,0,0,192,192,192,192,0,192,192,192,0,0,0,0,0,0,0,0,0,0,0,24,1.0,24,0.0,24,0.0,24,1.0,24,0.0,24,1.0,24,1.0,24,1.0,0,,24,0.0,24,0.0,24,0.0,0,,0,,0,,0,,0,,0,,0,,1.0,0.0,1.0,stage_family_interface_recipe_time,,,,,,,,,,,,,,cross_series,IMAGE_CUE_FRESH,R4,,09-16
late,20,16,4,0,20,0,20,20,20,0,4,0,20,0,20,0,20,0,4,0,4,0,4,128,160,128,160,64,160,192,160,0,32,0,0,0,0,0,0,32,0,0,20,0.8,20,0.2,20,0.0,20,1.0,20,0.0,20,1.0,20,1.0,20,1.0,4,0.0,20,0.0,20,0.0,20,0.0,4,0.0,4,0.0,4,0.0,32,0.0,0,,32,0.0,0,,0.8,0.4,1.2,stage_family_interface_recipe_time,,,,,,,,,,,,,,trend,SYMBOLIC_FRESH,R4,,09-16
late,20,20,0,0,20,0,20,20,20,0,0,0,20,0,20,0,20,0,0,0,0,0,0,160,160,160,160,0,160,160,160,0,0,0,0,0,0,0,0,0,0,0,20,1.0,20,0.0,20,0.0,20,1.0,20,0.0,20,1.0,20,1.0,20,1.0,0,,20,0.0,20,0.0,20,0.0,0,,0,,0,,0,,0,,0,,0,,1.0,0.0,1.0,stage_family_interface_recipe_time,,,,,,,,,,,,,,trend,IMAGE_CUE_FRESH,R4,,09-16
late,20,20,0,0,20,0,20,20,20,0,0,0,20,0,20,0,20,0,0,0,0,0,0,160,160,160,160,0,160,160,160,0,0,0,0,0,0,0,0,0,0,0,20,1.0,20,0.0,20,0.0,20,1.0,20,0.0,20,1.0,20,1.0,20,1.0,0,,20,0.0,20,0.0,20,0.0,0,,0,,0,,0,,0,,0,,0,,1.0,0.0,1.0,stage_family_interface_recipe_time,,,,,,,,,,,,,,duplicate_encoding,SYMBOLIC_FRESH,R4,,09-16
late,20,20,0,0,20,0,20,20,20,0,0,0,20,0,20,0,20,0,0,0,0,0,0,160,160,160,160,0,160,160,160,0,0,0,0,0,0,0,0,0,0,0,20,1.0,20,0.0,20,0.0,20,1.0,20,0.0,20,1.0,20,1.0,20,1.0,0,,20,0.0,20,0.0,20,0.0,0,,0,,0,,0,,0,,0,,0,,1.0,0.0,1.0,stage_family_interface_recipe_time,,,,,,,,,,,,,,duplicate_encoding,IMAGE_CUE_FRESH,R4,,09-16
late,24,12,12,0,19,0,13,13,13,0,12,0,22,6,22,7,24,0,10,6,10,7,12,96,192,96,165,112,165,208,165,27,69,0,33,0,11,0,33,69,0,0,24,0.5,24,0.5,24,0.0,24,0.7916666666666666,24,0.0,24,0.5416666666666666,24,0.5416666666666666,24,0.5416666666666666,12,0.0,22,0.0,22,0.2727272727272727,24,0.2916666666666667,10,0.0,10,0.6,12,0.5833333333333334,69,0.4782608695652174,0,,69,0.4782608695652174,0,,0.5818181818181818,0.6787878787878788,1.2606060606060605,stage_family_interface_recipe_time,,,,,,,,,,,,,,trend,SYMBOLIC_FRESH,R4,,17-24
late,24,24,0,0,24,0,24,24,24,0,0,0,24,0,24,0,24,0,0,0,0,0,0,192,192,192,192,0,192,192,192,0,0,0,0,0,0,0,0,0,0,0,24,1.0,24,0.0,24,0.0,24,1.0,24,0.0,24,1.0,24,1.0,24,1.0,0,,24,0.0,24,0.0,24,0.0,0,,0,,0,,0,,0,,0,,0,,1.0,0.0,1.0,stage_family_interface_recipe_time,,,,,,,,,,,,,,trend,IMAGE_CUE_FRESH,R4,,17-24
late,20,20,0,0,20,0,20,20,20,0,0,0,20,0,20,0,20,0,0,0,0,0,0,160,160,160,160,0,160,160,160,0,0,0,0,0,0,0,0,0,0,0,20,1.0,20,0.0,20,0.0,20,1.0,20,0.0,20,1.0,20,1.0,20,1.0,0,,20,0.0,20,0.0,20,0.0,0,,0,,0,,0,,0,,0,,0,,1.0,0.0,1.0,stage_family_interface_recipe_time,,,,,,,,,,,,,,duplicate_encoding,SYMBOLIC_FRESH,R4,,17-24
late,20,20,0,0,20,0,20,20,20,0,0,0,20,0,20,0,20,0,0,0,0,0,0,160,160,160,160,0,160,160,160,0,0,0,0,0,0,0,0,0,0,0,20,1.0,20,0.0,20,0.0,20,1.0,20,0.0,20,1.0,20,1.0,20,1.0,0,,20,0.0,20,0.0,20,0.0,0,,0,,0,,0,,0,,0,,0,,1.0,0.0,1.0,stage_family_interface_recipe_time,,,,,,,,,,,,,,duplicate_encoding,IMAGE_CUE_FRESH,R4,,17-24
late,20,15,4,1,18,4,16,16,16,0,4,1,20,3,20,4,20,0,4,3,4,3,4,127,160,127,158,17,158,144,158,2,15,16,5,8,1,3,5,14,8,16,20,0.75,20,0.2,20,0.05,20,0.9,20,0.2,20,0.8,20,0.8,20,0.8,4,0.0,20,0.05,20,0.15,20,0.2,4,0.0,4,0.75,4,0.75,15,0.3333333333333333,16,0.5,14,0.35714285714285715,16,0.5,0.8037974683544303,0.10759493670886076,0.9113924050632911,stage_family_interface_recipe_time,,,,,,,,,,,,,,cross_series,SYMBOLIC_FRESH,R4,,17-24
late,20,20,0,0,20,0,20,20,20,0,0,0,20,0,20,0,20,0,0,0,0,0,0,160,160,160,160,0,160,160,160,0,0,0,0,0,0,0,0,0,0,0,20,1.0,20,0.0,20,0.0,20,1.0,20,0.0,20,1.0,20,1.0,20,1.0,0,,20,0.0,20,0.0,20,0.0,0,,0,,0,,0,,0,,0,,0,,1.0,0.0,1.0,stage_family_interface_recipe_time,,,,,,,,,,,,,,cross_series,IMAGE_CUE_FRESH,R4,,17-24
late,24,24,0,0,24,0,24,24,24,0,0,0,24,0,24,0,24,0,0,0,0,0,0,192,192,192,192,0,192,192,192,0,0,0,0,0,0,0,0,0,0,0,24,1.0,24,0.0,24,0.0,24,1.0,24,0.0,24,1.0,24,1.0,24,1.0,0,,24,0.0,24,0.0,24,0.0,0,,0,,0,,0,,0,,0,,0,,1.0,0.0,1.0,stage_family_interface_recipe_time,,,,,,,,,,,,,,duplicate_encoding,SYMBOLIC_FRESH,R4,,25-32
late,24,24,0,0,24,0,24,24,24,0,0,0,24,0,24,0,24,0,0,0,0,0,0,192,192,192,192,0,192,192,192,0,0,0,0,0,0,0,0,0,0,0,24,1.0,24,0.0,24,0.0,24,1.0,24,0.0,24,1.0,24,1.0,24,1.0,0,,24,0.0,24,0.0,24,0.0,0,,0,,0,,0,,0,,0,,0,,1.0,0.0,1.0,stage_family_interface_recipe_time,,,,,,,,,,,,,,duplicate_encoding,IMAGE_CUE_FRESH,R4,,25-32
late,20,12,8,0,20,1,17,17,17,0,8,0,20,3,20,3,20,0,8,3,8,3,8,96,160,96,160,93,160,189,160,0,63,1,20,0,3,0,20,63,0,1,20,0.6,20,0.4,20,0.0,20,1.0,20,0.05,20,0.85,20,0.85,20,0.85,8,0.0,20,0.0,20,0.15,20,0.15,8,0.0,8,0.375,8,0.375,63,0.31746031746031744,1,0.0,63,0.31746031746031744,1,0.0,0.6,0.58125,1.18125,stage_family_interface_recipe_time,,,,,,,,,,,,,,cross_series,SYMBOLIC_FRESH,R4,,25-32
late,20,20,0,0,20,0,20,20,20,0,0,0,20,0,20,0,20,0,0,0,0,0,0,160,160,160,160,0,160,160,160,0,0,0,0,0,0,0,0,0,0,0,20,1.0,20,0.0,20,0.0,20,1.0,20,0.0,20,1.0,20,1.0,20,1.0,0,,20,0.0,20,0.0,20,0.0,0,,0,,0,,0,,0,,0,,0,,1.0,0.0,1.0,stage_family_interface_recipe_time,,,,,,,,,,,,,,cross_series,IMAGE_CUE_FRESH,R4,,25-32
late,20,0,20,0,16,1,13,13,13,0,17,0,16,6,16,6,20,0,16,6,16,6,20,0,160,0,129,203,129,203,129,31,127,2,18,0,7,0,18,127,0,2,20,0.0,20,1.0,20,0.0,20,0.8,20,0.05,20,0.65,20,0.65,20,0.65,20,0.0,16,0.0,16,0.375,20,0.3,16,0.0,16,0.375,20,0.3,127,0.14173228346456693,2,0.0,127,0.14173228346456693,2,0.0,0.0,1.573643410852713,1.573643410852713,stage_family_interface_recipe_time,,,,,,,,,,,,,,trend,SYMBOLIC_FRESH,R4,,25-32
late,20,20,0,0,20,0,20,20,20,0,0,0,20,0,20,0,20,0,0,0,0,0,0,160,160,160,160,0,160,160,160,0,0,0,0,0,0,0,0,0,0,0,20,1.0,20,0.0,20,0.0,20,1.0,20,0.0,20,1.0,20,1.0,20,1.0,0,,20,0.0,20,0.0,20,0.0,0,,0,,0,,0,,0,,0,,0,,1.0,0.0,1.0,stage_family_interface_recipe_time,,,,,,,,,,,,,,trend,IMAGE_CUE_FRESH,R4,,25-32
late,24,24,0,0,24,0,24,24,24,0,0,0,24,0,24,0,24,0,0,0,0,0,0,192,192,192,192,0,192,192,192,0,0,0,0,0,0,0,0,0,0,0,24,1.0,24,0.0,24,0.0,24,1.0,24,0.0,24,1.0,24,1.0,24,1.0,0,,24,0.0,24,0.0,24,0.0,0,,0,,0,,0,,0,,0,,0,,1.0,0.0,1.0,stage_family_interface_recipe_time,,,,,,,,,,,,,,duplicate_encoding,SYMBOLIC_FRESH,R5,,01-08
late,24,24,0,0,24,0,24,24,24,0,0,0,24,0,24,0,24,0,0,0,0,0,0,192,192,192,192,0,192,192,192,0,0,0,0,0,0,0,0,0,0,0,24,1.0,24,0.0,24,0.0,24,1.0,24,0.0,24,1.0,24,1.0,24,1.0,0,,24,0.0,24,0.0,24,0.0,0,,0,,0,,0,,0,,0,,0,,1.0,0.0,1.0,stage_family_interface_recipe_time,,,,,,,,,,,,,,duplicate_encoding,IMAGE_CUE_FRESH,R5,,01-08
late,20,7,8,5,18,3,13,13,14,0,8,2,20,6,20,7,20,0,8,2,8,2,8,81,160,93,157,51,157,147,157,3,71,5,6,5,1,3,6,62,0,0,20,0.35,20,0.4,20,0.25,20,0.9,20,0.15,20,0.65,20,0.65,20,0.7,8,0.0,20,0.1,20,0.3,20,0.35,8,0.0,8,0.25,8,0.25,71,0.08450704225352113,5,1.0,62,0.0967741935483871,0,,0.5923566878980892,0.3248407643312102,0.9363057324840764,stage_family_interface_recipe_time,,,,,,,,,,,,,,cross_series,SYMBOLIC_FRESH,R5,,01-08
late,20,20,0,0,20,0,20,20,20,0,0,0,20,0,20,0,20,0,0,0,0,0,0,160,160,160,160,0,160,160,160,0,0,0,0,0,0,0,0,0,0,0,20,1.0,20,0.0,20,0.0,20,1.0,20,0.0,20,1.0,20,1.0,20,1.0,0,,20,0.0,20,0.0,20,0.0,0,,0,,0,,0,,0,,0,,0,,1.0,0.0,1.0,stage_family_interface_recipe_time,,,,,,,,,,,,,,cross_series,IMAGE_CUE_FRESH,R5,,01-08
late,20,11,8,1,16,0,14,14,16,0,7,1,17,4,17,6,20,0,5,3,5,5,8,95,160,95,132,67,132,163,132,28,37,0,4,0,3,0,4,36,0,0,20,0.55,20,0.4,20,0.05,20,0.8,20,0.0,20,0.7,20,0.7,20,0.8,8,0.0,17,0.058823529411764705,17,0.23529411764705882,20,0.3,5,0.0,5,0.6,8,0.625,37,0.10810810810810811,0,,36,0.1111111111111111,0,,0.7196969696969697,0.5075757575757576,1.2348484848484849,stage_family_interface_recipe_time,,,,,,,,,,,,,,trend,SYMBOLIC_FRESH,R5,,01-08
late,20,20,0,0,20,0,20,20,20,0,0,0,20,0,20,0,20,0,0,0,0,0,0,160,160,160,160,0,160,160,160,0,0,0,0,0,0,0,0,0,0,0,20,1.0,20,0.0,20,0.0,20,1.0,20,0.0,20,1.0,20,1.0,20,1.0,0,,20,0.0,20,0.0,20,0.0,0,,0,,0,,0,,0,,0,,0,,1.0,0.0,1.0,stage_family_interface_recipe_time,,,,,,,,,,,,,,trend,IMAGE_CUE_FRESH,R5,,01-08
late,24,8,12,4,24,0,18,18,20,0,12,4,24,2,24,6,24,0,12,2,12,2,12,80,192,80,192,3,192,92,192,0,112,0,0,0,0,0,0,96,0,0,24,0.3333333333333333,24,0.5,24,0.16666666666666666,24,1.0,24,0.0,24,0.75,24,0.75,24,0.8333333333333334,12,0.0,24,0.16666666666666666,24,0.08333333333333333,24,0.25,12,0.0,12,0.16666666666666666,12,0.16666666666666666,112,0.0,0,,96,0.0,0,,0.4166666666666667,0.015625,0.4791666666666667,stage_family_interface_recipe_time,,,,,,,,,,,,,,cross_series,SYMBOLIC_FRESH,R5,,09-16
late,24,24,0,0,24,0,24,24,24,0,0,0,24,0,24,0,24,0,0,0,0,0,0,192,192,192,192,0,192,192,192,0,0,0,0,0,0,0,0,0,0,0,24,1.0,24,0.0,24,0.0,24,1.0,24,0.0,24,1.0,24,1.0,24,1.0,0,,24,0.0,24,0.0,24,0.0,0,,0,,0,,0,,0,,0,,0,,1.0,0.0,1.0,stage_family_interface_recipe_time,,,,,,,,,,,,,,cross_series,IMAGE_CUE_FRESH,R5,,09-16
late,20,16,4,0,20,0,20,20,20,0,4,0,20,0,20,0,20,0,4,0,4,0,4,128,160,128,160,64,160,192,160,0,32,0,0,0,0,0,0,32,0,0,20,0.8,20,0.2,20,0.0,20,1.0,20,0.0,20,1.0,20,1.0,20,1.0,4,0.0,20,0.0,20,0.0,20,0.0,4,0.0,4,0.0,4,0.0,32,0.0,0,,32,0.0,0,,0.8,0.4,1.2,stage_family_interface_recipe_time,,,,,,,,,,,,,,trend,SYMBOLIC_FRESH,R5,,09-16
late,20,20,0,0,20,0,20,20,20,0,0,0,20,0,20,0,20,0,0,0,0,0,0,160,160,160,160,0,160,160,160,0,0,0,0,0,0,0,0,0,0,0,20,1.0,20,0.0,20,0.0,20,1.0,20,0.0,20,1.0,20,1.0,20,1.0,0,,20,0.0,20,0.0,20,0.0,0,,0,,0,,0,,0,,0,,0,,1.0,0.0,1.0,stage_family_interface_recipe_time,,,,,,,,,,,,,,trend,IMAGE_CUE_FRESH,R5,,09-16
late,20,20,0,0,20,0,20,20,20,0,0,0,20,0,20,0,20,0,0,0,0,0,0,160,160,160,160,0,160,160,160,0,0,0,0,0,0,0,0,0,0,0,20,1.0,20,0.0,20,0.0,20,1.0,20,0.0,20,1.0,20,1.0,20,1.0,0,,20,0.0,20,0.0,20,0.0,0,,0,,0,,0,,0,,0,,0,,1.0,0.0,1.0,stage_family_interface_recipe_time,,,,,,,,,,,,,,duplicate_encoding,SYMBOLIC_FRESH,R5,,09-16
late,20,20,0,0,20,0,20,20,20,0,0,0,20,0,20,0,20,0,0,0,0,0,0,160,160,160,160,0,160,160,160,0,0,0,0,0,0,0,0,0,0,0,20,1.0,20,0.0,20,0.0,20,1.0,20,0.0,20,1.0,20,1.0,20,1.0,0,,20,0.0,20,0.0,20,0.0,0,,0,,0,,0,,0,,0,,0,,1.0,0.0,1.0,stage_family_interface_recipe_time,,,,,,,,,,,,,,duplicate_encoding,IMAGE_CUE_FRESH,R5,,09-16
late,24,12,12,0,19,0,14,14,19,0,12,0,22,7,22,6,24,0,10,7,10,6,12,96,192,96,165,102,165,198,165,27,69,0,13,0,5,0,13,69,0,0,24,0.5,24,0.5,24,0.0,24,0.7916666666666666,24,0.0,24,0.5833333333333334,24,0.5833333333333334,24,0.7916666666666666,12,0.0,22,0.0,22,0.3181818181818182,24,0.25,10,0.0,10,0.7,12,0.5,69,0.18840579710144928,0,,69,0.18840579710144928,0,,0.5818181818181818,0.6181818181818182,1.2,stage_family_interface_recipe_time,,,,,,,,,,,,,,trend,SYMBOLIC_FRESH,R5,,17-24
late,24,24,0,0,24,0,24,24,24,0,0,0,24,0,24,0,24,0,0,0,0,0,0,192,192,192,192,0,192,192,192,0,0,0,0,0,0,0,0,0,0,0,24,1.0,24,0.0,24,0.0,24,1.0,24,0.0,24,1.0,24,1.0,24,1.0,0,,24,0.0,24,0.0,24,0.0,0,,0,,0,,0,,0,,0,,0,,1.0,0.0,1.0,stage_family_interface_recipe_time,,,,,,,,,,,,,,trend,IMAGE_CUE_FRESH,R5,,17-24
late,20,20,0,0,20,0,20,20,20,0,0,0,20,0,20,0,20,0,0,0,0,0,0,160,160,160,160,0,160,160,160,0,0,0,0,0,0,0,0,0,0,0,20,1.0,20,0.0,20,0.0,20,1.0,20,0.0,20,1.0,20,1.0,20,1.0,0,,20,0.0,20,0.0,20,0.0,0,,0,,0,,0,,0,,0,,0,,1.0,0.0,1.0,stage_family_interface_recipe_time,,,,,,,,,,,,,,duplicate_encoding,SYMBOLIC_FRESH,R5,,17-24
late,20,20,0,0,20,0,20,20,20,0,0,0,20,0,20,0,20,0,0,0,0,0,0,160,160,160,160,0,160,160,160,0,0,0,0,0,0,0,0,0,0,0,20,1.0,20,0.0,20,0.0,20,1.0,20,0.0,20,1.0,20,1.0,20,1.0,0,,20,0.0,20,0.0,20,0.0,0,,0,,0,,0,,0,,0,,0,,1.0,0.0,1.0,stage_family_interface_recipe_time,,,,,,,,,,,,,,duplicate_encoding,IMAGE_CUE_FRESH,R5,,17-24
late,20,16,4,0,18,3,18,18,18,0,4,0,20,2,20,2,20,0,4,2,4,2,4,128,160,128,156,18,156,146,156,4,15,13,0,5,0,2,0,15,5,13,20,0.8,20,0.2,20,0.0,20,0.9,20,0.15,20,0.9,20,0.9,20,0.9,4,0.0,20,0.0,20,0.1,20,0.1,4,0.0,4,0.5,4,0.5,15,0.0,13,0.38461538461538464,15,0.0,13,0.38461538461538464,0.8205128205128205,0.11538461538461539,0.9358974358974359,stage_family_interface_recipe_time,,,,,,,,,,,,,,cross_series,SYMBOLIC_FRESH,R5,,17-24
late,20,20,0,0,20,0,20,20,20,0,0,0,20,0,20,0,20,0,0,0,0,0,0,160,160,160,160,0,160,160,160,0,0,0,0,0,0,0,0,0,0,0,20,1.0,20,0.0,20,0.0,20,1.0,20,0.0,20,1.0,20,1.0,20,1.0,0,,20,0.0,20,0.0,20,0.0,0,,0,,0,,0,,0,,0,,0,,1.0,0.0,1.0,stage_family_interface_recipe_time,,,,,,,,,,,,,,cross_series,IMAGE_CUE_FRESH,R5,,17-24
late,24,24,0,0,24,0,24,24,24,0,0,0,24,0,24,0,24,0,0,0,0,0,0,192,192,192,192,0,192,192,192,0,0,0,0,0,0,0,0,0,0,0,24,1.0,24,0.0,24,0.0,24,1.0,24,0.0,24,1.0,24,1.0,24,1.0,0,,24,0.0,24,0.0,24,0.0,0,,0,,0,,0,,0,,0,,0,,1.0,0.0,1.0,stage_family_interface_recipe_time,,,,,,,,,,,,,,duplicate_encoding,SYMBOLIC_FRESH,R5,,25-32
late,24,24,0,0,24,0,24,24,24,0,0,0,24,0,24,0,24,0,0,0,0,0,0,192,192,192,192,0,192,192,192,0,0,0,0,0,0,0,0,0,0,0,24,1.0,24,0.0,24,0.0,24,1.0,24,0.0,24,1.0,24,1.0,24,1.0,0,,24,0.0,24,0.0,24,0.0,0,,0,,0,,0,,0,,0,,0,,1.0,0.0,1.0,stage_family_interface_recipe_time,,,,,,,,,,,,,,duplicate_encoding,IMAGE_CUE_FRESH,R5,,25-32
late,20,12,8,0,20,0,16,16,20,0,8,0,20,4,20,4,20,0,8,4,8,4,8,96,160,96,160,90,160,186,160,0,64,0,0,0,0,0,0,64,0,0,20,0.6,20,0.4,20,0.0,20,1.0,20,0.0,20,0.8,20,0.8,20,1.0,8,0.0,20,0.0,20,0.2,20,0.2,8,0.0,8,0.5,8,0.5,64,0.0,0,,64,0.0,0,,0.6,0.5625,1.1625,stage_family_interface_recipe_time,,,,,,,,,,,,,,cross_series,SYMBOLIC_FRESH,R5,,25-32
late,20,20,0,0,20,0,20,20,20,0,0,0,20,0,20,0,20,0,0,0,0,0,0,160,160,160,160,0,160,160,160,0,0,0,0,0,0,0,0,0,0,0,20,1.0,20,0.0,20,0.0,20,1.0,20,0.0,20,1.0,20,1.0,20,1.0,0,,20,0.0,20,0.0,20,0.0,0,,0,,0,,0,,0,,0,,0,,1.0,0.0,1.0,stage_family_interface_recipe_time,,,,,,,,,,,,,,cross_series,IMAGE_CUE_FRESH,R5,,25-32
late,20,0,20,0,17,8,8,8,11,0,20,0,20,10,20,8,20,0,20,10,20,8,20,0,160,0,145,158,145,158,145,15,127,18,3,18,2,8,3,127,18,18,20,0.0,20,1.0,20,0.0,20,0.85,20,0.4,20,0.4,20,0.4,20,0.55,20,0.0,20,0.0,20,0.5,20,0.4,20,0.0,20,0.5,20,0.4,127,0.023622047244094488,18,1.0,127,0.023622047244094488,18,1.0,0.0,1.089655172413793,1.089655172413793,stage_family_interface_recipe_time,,,,,,,,,,,,,,trend,SYMBOLIC_FRESH,R5,,25-32
late,20,20,0,0,20,0,20,20,20,0,0,0,20,0,20,0,20,0,0,0,0,0,0,160,160,160,160,0,160,160,160,0,0,0,0,0,0,0,0,0,0,0,20,1.0,20,0.0,20,0.0,20,1.0,20,0.0,20,1.0,20,1.0,20,1.0,0,,20,0.0,20,0.0,20,0.0,0,,0,,0,,0,,0,,0,,0,,1.0,0.0,1.0,stage_family_interface_recipe_time,,,,,,,,,,,,,,trend,IMAGE_CUE_FRESH,R5,,25-32
late,24,24,0,0,24,0,24,24,24,0,0,0,24,0,24,0,24,0,0,0,0,0,0,192,192,192,192,0,192,192,192,0,0,0,0,0,0,0,0,0,0,0,24,1.0,24,0.0,24,0.0,24,1.0,24,0.0,24,1.0,24,1.0,24,1.0,0,,24,0.0,24,0.0,24,0.0,0,,0,,0,,0,,0,,0,,0,,1.0,0.0,1.0,stage_family_interface_recipe_time,,,,,,,,,,,,,,duplicate_encoding,SYMBOLIC_FRESH,R6,,01-08
late,24,24,0,0,24,0,24,24,24,0,0,0,24,0,24,0,24,0,0,0,0,0,0,192,192,192,192,0,192,192,192,0,0,0,0,0,0,0,0,0,0,0,24,1.0,24,0.0,24,0.0,24,1.0,24,0.0,24,1.0,24,1.0,24,1.0,0,,24,0.0,24,0.0,24,0.0,0,,0,,0,,0,,0,,0,,0,,1.0,0.0,1.0,stage_family_interface_recipe_time,,,,,,,,,,,,,,duplicate_encoding,IMAGE_CUE_FRESH,R6,,01-08
late,20,7,8,5,18,4,13,13,13,0,8,2,20,5,20,6,20,0,8,1,8,1,8,81,160,93,158,50,158,146,158,2,71,6,4,5,1,3,4,62,1,1,20,0.35,20,0.4,20,0.25,20,0.9,20,0.2,20,0.65,20,0.65,20,0.65,8,0.0,20,0.1,20,0.25,20,0.3,8,0.0,8,0.125,8,0.125,71,0.056338028169014086,6,0.8333333333333334,62,0.06451612903225806,1,1.0,0.5886075949367089,0.31645569620253167,0.9240506329113924,stage_family_interface_recipe_time,,,,,,,,,,,,,,cross_series,SYMBOLIC_FRESH,R6,,01-08
late,20,20,0,0,20,0,20,20,20,0,0,0,20,0,20,0,20,0,0,0,0,0,0,160,160,160,160,0,160,160,160,0,0,0,0,0,0,0,0,0,0,0,20,1.0,20,0.0,20,0.0,20,1.0,20,0.0,20,1.0,20,1.0,20,1.0,0,,20,0.0,20,0.0,20,0.0,0,,0,,0,,0,,0,,0,,0,,1.0,0.0,1.0,stage_family_interface_recipe_time,,,,,,,,,,,,,,cross_series,IMAGE_CUE_FRESH,R6,,01-08
late,20,11,8,1,16,0,15,15,15,0,7,1,17,3,17,5,20,0,5,2,5,4,8,95,160,95,132,68,132,164,132,28,37,0,11,0,4,0,11,36,0,0,20,0.55,20,0.4,20,0.05,20,0.8,20,0.0,20,0.75,20,0.75,20,0.75,8,0.0,17,0.058823529411764705,17,0.17647058823529413,20,0.25,5,0.0,5,0.4,8,0.5,37,0.2972972972972973,0,,36,0.3055555555555556,0,,0.7196969696969697,0.5151515151515151,1.2424242424242424,stage_family_interface_recipe_time,,,,,,,,,,,,,,trend,SYMBOLIC_FRESH,R6,,01-08
late,20,20,0,0,20,0,20,20,20,0,0,0,20,0,20,0,20,0,0,0,0,0,0,160,160,160,160,0,160,160,160,0,0,0,0,0,0,0,0,0,0,0,20,1.0,20,0.0,20,0.0,20,1.0,20,0.0,20,1.0,20,1.0,20,1.0,0,,20,0.0,20,0.0,20,0.0,0,,0,,0,,0,,0,,0,,0,,1.0,0.0,1.0,stage_family_interface_recipe_time,,,,,,,,,,,,,,trend,IMAGE_CUE_FRESH,R6,,01-08
late,24,8,12,4,24,0,18,18,18,0,12,4,24,2,24,6,24,0,12,2,12,2,12,77,192,77,192,3,192,87,192,0,115,0,13,0,2,0,13,96,0,0,24,0.3333333333333333,24,0.5,24,0.16666666666666666,24,1.0,24,0.0,24,0.75,24,0.75,24,0.75,12,0.0,24,0.16666666666666666,24,0.08333333333333333,24,0.25,12,0.0,12,0.16666666666666666,12,0.16666666666666666,115,0.11304347826086956,0,,96,0.13541666666666666,0,,0.4010416666666667,0.015625,0.453125,stage_family_interface_recipe_time,,,,,,,,,,,,,,cross_series,SYMBOLIC_FRESH,R6,,09-16
late,24,24,0,0,24,0,24,24,24,0,0,0,24,0,24,0,24,0,0,0,0,0,0,192,192,192,192,0,192,192,192,0,0,0,0,0,0,0,0,0,0,0,24,1.0,24,0.0,24,0.0,24,1.0,24,0.0,24,1.0,24,1.0,24,1.0,0,,24,0.0,24,0.0,24,0.0,0,,0,,0,,0,,0,,0,,0,,1.0,0.0,1.0,stage_family_interface_recipe_time,,,,,,,,,,,,,,cross_series,IMAGE_CUE_FRESH,R6,,09-16
late,20,16,4,0,20,0,20,20,20,0,4,0,20,0,20,0,20,0,4,0,4,0,4,128,160,128,160,64,160,192,160,0,32,0,0,0,0,0,0,32,0,0,20,0.8,20,0.2,20,0.0,20,1.0,20,0.0,20,1.0,20,1.0,20,1.0,4,0.0,20,0.0,20,0.0,20,0.0,4,0.0,4,0.0,4,0.0,32,0.0,0,,32,0.0,0,,0.8,0.4,1.2,stage_family_interface_recipe_time,,,,,,,,,,,,,,trend,SYMBOLIC_FRESH,R6,,09-16
late,20,20,0,0,20,0,20,20,20,0,0,0,20,0,20,0,20,0,0,0,0,0,0,160,160,160,160,0,160,160,160,0,0,0,0,0,0,0,0,0,0,0,20,1.0,20,0.0,20,0.0,20,1.0,20,0.0,20,1.0,20,1.0,20,1.0,0,,20,0.0,20,0.0,20,0.0,0,,0,,0,,0,,0,,0,,0,,1.0,0.0,1.0,stage_family_interface_recipe_time,,,,,,,,,,,,,,trend,IMAGE_CUE_FRESH,R6,,09-16
late,20,20,0,0,20,0,20,20,20,0,0,0,20,0,20,0,20,0,0,0,0,0,0,160,160,160,160,0,160,160,160,0,0,0,0,0,0,0,0,0,0,0,20,1.0,20,0.0,20,0.0,20,1.0,20,0.0,20,1.0,20,1.0,20,1.0,0,,20,0.0,20,0.0,20,0.0,0,,0,,0,,0,,0,,0,,0,,1.0,0.0,1.0,stage_family_interface_recipe_time,,,,,,,,,,,,,,duplicate_encoding,SYMBOLIC_FRESH,R6,,09-16
late,20,20,0,0,20,0,20,20,20,0,0,0,20,0,20,0,20,0,0,0,0,0,0,160,160,160,160,0,160,160,160,0,0,0,0,0,0,0,0,0,0,0,20,1.0,20,0.0,20,0.0,20,1.0,20,0.0,20,1.0,20,1.0,20,1.0,0,,20,0.0,20,0.0,20,0.0,0,,0,,0,,0,,0,,0,,0,,1.0,0.0,1.0,stage_family_interface_recipe_time,,,,,,,,,,,,,,duplicate_encoding,IMAGE_CUE_FRESH,R6,,09-16
late,24,12,12,0,19,0,14,14,18,0,12,0,21,6,21,6,24,0,9,6,9,6,12,96,192,96,163,110,163,206,163,29,67,0,26,0,6,0,26,67,0,0,24,0.5,24,0.5,24,0.0,24,0.7916666666666666,24,0.0,24,0.5833333333333334,24,0.5833333333333334,24,0.75,12,0.0,21,0.0,21,0.2857142857142857,24,0.25,9,0.0,9,0.6666666666666666,12,0.5,67,0.3880597014925373,0,,67,0.3880597014925373,0,,0.588957055214724,0.6748466257668712,1.2638036809815951,stage_family_interface_recipe_time,,,,,,,,,,,,,,trend,SYMBOLIC_FRESH,R6,,17-24
late,24,24,0,0,24,0,24,24,24,0,0,0,24,0,24,0,24,0,0,0,0,0,0,192,192,192,192,0,192,192,192,0,0,0,0,0,0,0,0,0,0,0,24,1.0,24,0.0,24,0.0,24,1.0,24,0.0,24,1.0,24,1.0,24,1.0,0,,24,0.0,24,0.0,24,0.0,0,,0,,0,,0,,0,,0,,0,,1.0,0.0,1.0,stage_family_interface_recipe_time,,,,,,,,,,,,,,trend,IMAGE_CUE_FRESH,R6,,17-24
late,20,20,0,0,20,0,20,20,20,0,0,0,20,0,20,0,20,0,0,0,0,0,0,160,160,160,160,0,160,160,160,0,0,0,0,0,0,0,0,0,0,0,20,1.0,20,0.0,20,0.0,20,1.0,20,0.0,20,1.0,20,1.0,20,1.0,0,,20,0.0,20,0.0,20,0.0,0,,0,,0,,0,,0,,0,,0,,1.0,0.0,1.0,stage_family_interface_recipe_time,,,,,,,,,,,,,,duplicate_encoding,SYMBOLIC_FRESH,R6,,17-24
late,20,20,0,0,20,0,20,20,20,0,0,0,20,0,20,0,20,0,0,0,0,0,0,160,160,160,160,0,160,160,160,0,0,0,0,0,0,0,0,0,0,0,20,1.0,20,0.0,20,0.0,20,1.0,20,0.0,20,1.0,20,1.0,20,1.0,0,,20,0.0,20,0.0,20,0.0,0,,0,,0,,0,,0,,0,,0,,1.0,0.0,1.0,stage_family_interface_recipe_time,,,,,,,,,,,,,,duplicate_encoding,IMAGE_CUE_FRESH,R6,,17-24
late,20,15,4,1,18,2,17,17,17,0,4,1,20,2,20,3,20,0,4,2,4,2,4,127,160,127,156,17,156,144,156,4,16,13,5,5,1,1,5,15,5,13,20,0.75,20,0.2,20,0.05,20,0.9,20,0.1,20,0.85,20,0.85,20,0.85,4,0.0,20,0.05,20,0.1,20,0.15,4,0.0,4,0.5,4,0.5,16,0.3125,13,0.38461538461538464,15,0.3333333333333333,13,0.38461538461538464,0.8141025641025641,0.10897435897435898,0.9230769230769231,stage_family_interface_recipe_time,,,,,,,,,,,,,,cross_series,SYMBOLIC_FRESH,R6,,17-24
late,20,20,0,0,20,0,20,20,20,0,0,0,20,0,20,0,20,0,0,0,0,0,0,160,160,160,160,0,160,160,160,0,0,0,0,0,0,0,0,0,0,0,20,1.0,20,0.0,20,0.0,20,1.0,20,0.0,20,1.0,20,1.0,20,1.0,0,,20,0.0,20,0.0,20,0.0,0,,0,,0,,0,,0,,0,,0,,1.0,0.0,1.0,stage_family_interface_recipe_time,,,,,,,,,,,,,,cross_series,IMAGE_CUE_FRESH,R6,,17-24
late,24,24,0,0,24,0,24,24,24,0,0,0,24,0,24,0,24,0,0,0,0,0,0,192,192,192,192,0,192,192,192,0,0,0,0,0,0,0,0,0,0,0,24,1.0,24,0.0,24,0.0,24,1.0,24,0.0,24,1.0,24,1.0,24,1.0,0,,24,0.0,24,0.0,24,0.0,0,,0,,0,,0,,0,,0,,0,,1.0,0.0,1.0,stage_family_interface_recipe_time,,,,,,,,,,,,,,duplicate_encoding,SYMBOLIC_FRESH,R6,,25-32
late,24,24,0,0,24,0,24,24,24,0,0,0,24,0,24,0,24,0,0,0,0,0,0,192,192,192,192,0,192,192,192,0,0,0,0,0,0,0,0,0,0,0,24,1.0,24,0.0,24,0.0,24,1.0,24,0.0,24,1.0,24,1.0,24,1.0,0,,24,0.0,24,0.0,24,0.0,0,,0,,0,,0,,0,,0,,0,,1.0,0.0,1.0,stage_family_interface_recipe_time,,,,,,,,,,,,,,duplicate_encoding,IMAGE_CUE_FRESH,R6,,25-32
late,20,12,8,0,20,1,18,18,18,0,8,0,20,2,20,2,20,0,8,2,8,2,8,96,160,96,160,92,160,188,160,0,63,1,7,1,1,1,7,63,1,1,20,0.6,20,0.4,20,0.0,20,1.0,20,0.05,20,0.9,20,0.9,20,0.9,8,0.0,20,0.0,20,0.1,20,0.1,8,0.0,8,0.25,8,0.25,63,0.1111111111111111,1,1.0,63,0.1111111111111111,1,1.0,0.6,0.575,1.175,stage_family_interface_recipe_time,,,,,,,,,,,,,,cross_series,SYMBOLIC_FRESH,R6,,25-32
late,20,20,0,0,20,0,20,20,20,0,0,0,20,0,20,0,20,0,0,0,0,0,0,160,160,160,160,0,160,160,160,0,0,0,0,0,0,0,0,0,0,0,20,1.0,20,0.0,20,0.0,20,1.0,20,0.0,20,1.0,20,1.0,20,1.0,0,,20,0.0,20,0.0,20,0.0,0,,0,,0,,0,,0,,0,,0,,1.0,0.0,1.0,stage_family_interface_recipe_time,,,,,,,,,,,,,,cross_series,IMAGE_CUE_FRESH,R6,,25-32
late,20,0,20,0,17,3,10,10,10,0,17,0,17,8,17,9,20,0,17,8,17,9,20,0,160,0,136,211,136,211,136,24,131,5,32,5,7,3,32,131,5,5,20,0.0,20,1.0,20,0.0,20,0.85,20,0.15,20,0.5,20,0.5,20,0.5,20,0.0,17,0.0,17,0.47058823529411764,20,0.45,17,0.0,17,0.47058823529411764,20,0.45,131,0.24427480916030533,5,1.0,131,0.24427480916030533,5,1.0,0.0,1.5514705882352942,1.5514705882352942,stage_family_interface_recipe_time,,,,,,,,,,,,,,trend,SYMBOLIC_FRESH,R6,,25-32
late,20,20,0,0,20,0,20,20,20,0,0,0,20,0,20,0,20,0,0,0,0,0,0,160,160,160,160,0,160,160,160,0,0,0,0,0,0,0,0,0,0,0,20,1.0,20,0.0,20,0.0,20,1.0,20,0.0,20,1.0,20,1.0,20,1.0,0,,20,0.0,20,0.0,20,0.0,0,,0,,0,,0,,0,,0,,0,,1.0,0.0,1.0,stage_family_interface_recipe_time,,,,,,,,,,,,,,trend,IMAGE_CUE_FRESH,R6,,25-32
late,24,24,0,0,24,0,24,24,24,0,0,0,24,0,24,0,24,0,0,0,0,0,0,192,192,192,192,0,192,192,192,0,0,0,0,0,0,0,0,0,0,0,24,1.0,24,0.0,24,0.0,24,1.0,24,0.0,24,1.0,24,1.0,24,1.0,0,,24,0.0,24,0.0,24,0.0,0,,0,,0,,0,,0,,0,,0,,1.0,0.0,1.0,stage_family_interface_recipe_time,,,,,,,,,,,,,,duplicate_encoding,SYMBOLIC_FRESH,R7,,01-08
late,24,24,0,0,24,0,24,24,24,0,0,0,24,0,24,0,24,0,0,0,0,0,0,192,192,192,192,0,192,192,192,0,0,0,0,0,0,0,0,0,0,0,24,1.0,24,0.0,24,0.0,24,1.0,24,0.0,24,1.0,24,1.0,24,1.0,0,,24,0.0,24,0.0,24,0.0,0,,0,,0,,0,,0,,0,,0,,1.0,0.0,1.0,stage_family_interface_recipe_time,,,,,,,,,,,,,,duplicate_encoding,IMAGE_CUE_FRESH,R7,,01-08
late,20,7,8,5,18,4,13,13,13,0,8,2,20,5,20,6,20,0,8,1,8,1,8,81,160,93,157,50,157,146,157,3,70,6,3,6,1,4,3,61,1,1,20,0.35,20,0.4,20,0.25,20,0.9,20,0.2,20,0.65,20,0.65,20,0.65,8,0.0,20,0.1,20,0.25,20,0.3,8,0.0,8,0.125,8,0.125,70,0.04285714285714286,6,1.0,61,0.04918032786885246,1,1.0,0.5923566878980892,0.3184713375796178,0.9299363057324841,stage_family_interface_recipe_time,,,,,,,,,,,,,,cross_series,SYMBOLIC_FRESH,R7,,01-08
late,20,20,0,0,20,0,20,20,20,0,0,0,20,0,20,0,20,0,0,0,0,0,0,160,160,160,160,0,160,160,160,0,0,0,0,0,0,0,0,0,0,0,20,1.0,20,0.0,20,0.0,20,1.0,20,0.0,20,1.0,20,1.0,20,1.0,0,,20,0.0,20,0.0,20,0.0,0,,0,,0,,0,,0,,0,,0,,1.0,0.0,1.0,stage_family_interface_recipe_time,,,,,,,,,,,,,,cross_series,IMAGE_CUE_FRESH,R7,,01-08
late,20,11,8,1,16,0,15,15,15,0,7,1,17,3,17,5,20,0,5,2,5,4,8,95,160,95,132,68,132,164,132,28,37,0,11,0,4,0,11,36,0,0,20,0.55,20,0.4,20,0.05,20,0.8,20,0.0,20,0.75,20,0.75,20,0.75,8,0.0,17,0.058823529411764705,17,0.17647058823529413,20,0.25,5,0.0,5,0.4,8,0.5,37,0.2972972972972973,0,,36,0.3055555555555556,0,,0.7196969696969697,0.5151515151515151,1.2424242424242424,stage_family_interface_recipe_time,,,,,,,,,,,,,,trend,SYMBOLIC_FRESH,R7,,01-08
late,20,20,0,0,20,0,20,20,20,0,0,0,20,0,20,0,20,0,0,0,0,0,0,160,160,160,160,0,160,160,160,0,0,0,0,0,0,0,0,0,0,0,20,1.0,20,0.0,20,0.0,20,1.0,20,0.0,20,1.0,20,1.0,20,1.0,0,,20,0.0,20,0.0,20,0.0,0,,0,,0,,0,,0,,0,,0,,1.0,0.0,1.0,stage_family_interface_recipe_time,,,,,,,,,,,,,,trend,IMAGE_CUE_FRESH,R7,,01-08
late,24,9,13,2,24,0,19,19,19,0,13,2,24,3,24,5,24,0,13,3,13,3,13,78,192,78,192,4,192,92,192,0,114,0,20,0,3,0,20,104,0,0,24,0.375,24,0.5416666666666666,24,0.08333333333333333,24,1.0,24,0.0,24,0.7916666666666666,24,0.7916666666666666,24,0.7916666666666666,13,0.0,24,0.08333333333333333,24,0.125,24,0.20833333333333334,13,0.0,13,0.23076923076923078,13,0.23076923076923078,114,0.17543859649122806,0,,104,0.19230769230769232,0,,0.40625,0.020833333333333332,0.4791666666666667,stage_family_interface_recipe_time,,,,,,,,,,,,,,cross_series,SYMBOLIC_FRESH,R7,,09-16
late,24,24,0,0,24,0,24,24,24,0,0,0,24,0,24,0,24,0,0,0,0,0,0,192,192,192,192,0,192,192,192,0,0,0,0,0,0,0,0,0,0,0,24,1.0,24,0.0,24,0.0,24,1.0,24,0.0,24,1.0,24,1.0,24,1.0,0,,24,0.0,24,0.0,24,0.0,0,,0,,0,,0,,0,,0,,0,,1.0,0.0,1.0,stage_family_interface_recipe_time,,,,,,,,,,,,,,cross_series,IMAGE_CUE_FRESH,R7,,09-16
late,20,16,4,0,20,0,20,20,20,0,4,0,20,0,20,0,20,0,4,0,4,0,4,128,160,128,160,64,160,192,160,0,32,0,0,0,0,0,0,32,0,0,20,0.8,20,0.2,20,0.0,20,1.0,20,0.0,20,1.0,20,1.0,20,1.0,4,0.0,20,0.0,20,0.0,20,0.0,4,0.0,4,0.0,4,0.0,32,0.0,0,,32,0.0,0,,0.8,0.4,1.2,stage_family_interface_recipe_time,,,,,,,,,,,,,,trend,SYMBOLIC_FRESH,R7,,09-16
late,20,20,0,0,20,0,20,20,20,0,0,0,20,0,20,0,20,0,0,0,0,0,0,160,160,160,160,0,160,160,160,0,0,0,0,0,0,0,0,0,0,0,20,1.0,20,0.0,20,0.0,20,1.0,20,0.0,20,1.0,20,1.0,20,1.0,0,,20,0.0,20,0.0,20,0.0,0,,0,,0,,0,,0,,0,,0,,1.0,0.0,1.0,stage_family_interface_recipe_time,,,,,,,,,,,,,,trend,IMAGE_CUE_FRESH,R7,,09-16
late,20,20,0,0,20,0,20,20,20,0,0,0,20,0,20,0,20,0,0,0,0,0,0,160,160,160,160,0,160,160,160,0,0,0,0,0,0,0,0,0,0,0,20,1.0,20,0.0,20,0.0,20,1.0,20,0.0,20,1.0,20,1.0,20,1.0,0,,20,0.0,20,0.0,20,0.0,0,,0,,0,,0,,0,,0,,0,,1.0,0.0,1.0,stage_family_interface_recipe_time,,,,,,,,,,,,,,duplicate_encoding,SYMBOLIC_FRESH,R7,,09-16
late,20,20,0,0,20,0,20,20,20,0,0,0,20,0,20,0,20,0,0,0,0,0,0,160,160,160,160,0,160,160,160,0,0,0,0,0,0,0,0,0,0,0,20,1.0,20,0.0,20,0.0,20,1.0,20,0.0,20,1.0,20,1.0,20,1.0,0,,20,0.0,20,0.0,20,0.0,0,,0,,0,,0,,0,,0,,0,,1.0,0.0,1.0,stage_family_interface_recipe_time,,,,,,,,,,,,,,duplicate_encoding,IMAGE_CUE_FRESH,R7,,09-16
late,24,12,12,0,19,0,14,14,14,0,12,0,22,5,22,6,24,0,10,5,10,6,12,96,192,96,165,115,165,211,165,27,69,0,35,0,10,0,35,69,0,0,24,0.5,24,0.5,24,0.0,24,0.7916666666666666,24,0.0,24,0.5833333333333334,24,0.5833333333333334,24,0.5833333333333334,12,0.0,22,0.0,22,0.22727272727272727,24,0.25,10,0.0,10,0.5,12,0.5,69,0.5072463768115942,0,,69,0.5072463768115942,0,,0.5818181818181818,0.696969696969697,1.2787878787878788,stage_family_interface_recipe_time,,,,,,,,,,,,,,trend,SYMBOLIC_FRESH,R7,,17-24
late,24,24,0,0,24,0,24,24,24,0,0,0,24,0,24,0,24,0,0,0,0,0,0,192,192,192,192,0,192,192,192,0,0,0,0,0,0,0,0,0,0,0,24,1.0,24,0.0,24,0.0,24,1.0,24,0.0,24,1.0,24,1.0,24,1.0,0,,24,0.0,24,0.0,24,0.0,0,,0,,0,,0,,0,,0,,0,,1.0,0.0,1.0,stage_family_interface_recipe_time,,,,,,,,,,,,,,trend,IMAGE_CUE_FRESH,R7,,17-24
late,20,20,0,0,20,0,20,20,20,0,0,0,20,0,20,0,20,0,0,0,0,0,0,160,160,160,160,0,160,160,160,0,0,0,0,0,0,0,0,0,0,0,20,1.0,20,0.0,20,0.0,20,1.0,20,0.0,20,1.0,20,1.0,20,1.0,0,,20,0.0,20,0.0,20,0.0,0,,0,,0,,0,,0,,0,,0,,1.0,0.0,1.0,stage_family_interface_recipe_time,,,,,,,,,,,,,,duplicate_encoding,SYMBOLIC_FRESH,R7,,17-24
late,20,20,0,0,20,0,20,20,20,0,0,0,20,0,20,0,20,0,0,0,0,0,0,160,160,160,160,0,160,160,160,0,0,0,0,0,0,0,0,0,0,0,20,1.0,20,0.0,20,0.0,20,1.0,20,0.0,20,1.0,20,1.0,20,1.0,0,,20,0.0,20,0.0,20,0.0,0,,0,,0,,0,,0,,0,,0,,1.0,0.0,1.0,stage_family_interface_recipe_time,,,,,,,,,,,,,,duplicate_encoding,IMAGE_CUE_FRESH,R7,,17-24
late,20,15,4,1,18,3,17,17,17,0,4,1,20,2,20,3,20,0,4,2,4,2,4,127,160,127,157,17,157,144,157,3,16,14,0,6,0,2,0,15,6,14,20,0.75,20,0.2,20,0.05,20,0.9,20,0.15,20,0.85,20,0.85,20,0.85,4,0.0,20,0.05,20,0.1,20,0.15,4,0.0,4,0.5,4,0.5,16,0.0,14,0.42857142857142855,15,0.0,14,0.42857142857142855,0.8089171974522293,0.10828025477707007,0.9171974522292994,stage_family_interface_recipe_time,,,,,,,,,,,,,,cross_series,SYMBOLIC_FRESH,R7,,17-24
late,20,20,0,0,20,0,20,20,20,0,0,0,20,0,20,0,20,0,0,0,0,0,0,160,160,160,160,0,160,160,160,0,0,0,0,0,0,0,0,0,0,0,20,1.0,20,0.0,20,0.0,20,1.0,20,0.0,20,1.0,20,1.0,20,1.0,0,,20,0.0,20,0.0,20,0.0,0,,0,,0,,0,,0,,0,,0,,1.0,0.0,1.0,stage_family_interface_recipe_time,,,,,,,,,,,,,,cross_series,IMAGE_CUE_FRESH,R7,,17-24
late,24,24,0,0,24,0,24,24,24,0,0,0,24,0,24,0,24,0,0,0,0,0,0,192,192,192,192,0,192,192,192,0,0,0,0,0,0,0,0,0,0,0,24,1.0,24,0.0,24,0.0,24,1.0,24,0.0,24,1.0,24,1.0,24,1.0,0,,24,0.0,24,0.0,24,0.0,0,,0,,0,,0,,0,,0,,0,,1.0,0.0,1.0,stage_family_interface_recipe_time,,,,,,,,,,,,,,duplicate_encoding,SYMBOLIC_FRESH,R7,,25-32
late,24,24,0,0,24,0,24,24,24,0,0,0,24,0,24,0,24,0,0,0,0,0,0,192,192,192,192,0,192,192,192,0,0,0,0,0,0,0,0,0,0,0,24,1.0,24,0.0,24,0.0,24,1.0,24,0.0,24,1.0,24,1.0,24,1.0,0,,24,0.0,24,0.0,24,0.0,0,,0,,0,,0,,0,,0,,0,,1.0,0.0,1.0,stage_family_interface_recipe_time,,,,,,,,,,,,,,duplicate_encoding,IMAGE_CUE_FRESH,R7,,25-32
late,20,12,8,0,20,0,16,16,16,0,8,0,20,4,20,4,20,0,8,4,8,4,8,96,160,96,160,94,160,190,160,0,64,0,28,0,4,0,28,64,0,0,20,0.6,20,0.4,20,0.0,20,1.0,20,0.0,20,0.8,20,0.8,20,0.8,8,0.0,20,0.0,20,0.2,20,0.2,8,0.0,8,0.5,8,0.5,64,0.4375,0,,64,0.4375,0,,0.6,0.5875,1.1875,stage_family_interface_recipe_time,,,,,,,,,,,,,,cross_series,SYMBOLIC_FRESH,R7,,25-32
late,20,20,0,0,20,0,20,20,20,0,0,0,20,0,20,0,20,0,0,0,0,0,0,160,160,160,160,0,160,160,160,0,0,0,0,0,0,0,0,0,0,0,20,1.0,20,0.0,20,0.0,20,1.0,20,0.0,20,1.0,20,1.0,20,1.0,0,,20,0.0,20,0.0,20,0.0,0,,0,,0,,0,,0,,0,,0,,1.0,0.0,1.0,stage_family_interface_recipe_time,,,,,,,,,,,,,,cross_series,IMAGE_CUE_FRESH,R7,,25-32
late,20,0,20,0,17,3,12,12,12,0,17,0,17,9,17,8,20,0,17,9,17,8,20,0,160,0,136,190,136,190,136,24,129,7,21,7,5,3,21,129,7,7,20,0.0,20,1.0,20,0.0,20,0.85,20,0.15,20,0.6,20,0.6,20,0.6,20,0.0,17,0.0,17,0.5294117647058824,20,0.4,17,0.0,17,0.5294117647058824,20,0.4,129,0.16279069767441862,7,1.0,129,0.16279069767441862,7,1.0,0.0,1.3970588235294117,1.3970588235294117,stage_family_interface_recipe_time,,,,,,,,,,,,,,trend,SYMBOLIC_FRESH,R7,,25-32
late,20,20,0,0,20,0,20,20,20,0,0,0,20,0,20,0,20,0,0,0,0,0,0,160,160,160,160,0,160,160,160,0,0,0,0,0,0,0,0,0,0,0,20,1.0,20,0.0,20,0.0,20,1.0,20,0.0,20,1.0,20,1.0,20,1.0,0,,20,0.0,20,0.0,20,0.0,0,,0,,0,,0,,0,,0,,0,,1.0,0.0,1.0,stage_family_interface_recipe_time,,,,,,,,,,,,,,trend,IMAGE_CUE_FRESH,R7,,25-32
late,24,24,0,0,24,0,24,24,24,0,0,0,24,0,24,0,24,0,0,0,0,0,0,192,192,192,192,0,192,192,192,0,0,0,0,0,0,0,0,0,0,0,24,1.0,24,0.0,24,0.0,24,1.0,24,0.0,24,1.0,24,1.0,24,1.0,0,,24,0.0,24,0.0,24,0.0,0,,0,,0,,0,,0,,0,,0,,1.0,0.0,1.0,stage_family_interface_recipe_time,,,,,,,,,,,,,,duplicate_encoding,SYMBOLIC_FRESH,SAW_R4,,01-08
late,24,24,0,0,24,0,24,24,24,0,0,0,24,0,24,0,24,0,0,0,0,0,0,192,192,192,192,0,192,192,192,0,0,0,0,0,0,0,0,0,0,0,24,1.0,24,0.0,24,0.0,24,1.0,24,0.0,24,1.0,24,1.0,24,1.0,0,,24,0.0,24,0.0,24,0.0,0,,0,,0,,0,,0,,0,,0,,1.0,0.0,1.0,stage_family_interface_recipe_time,,,,,,,,,,,,,,duplicate_encoding,IMAGE_CUE_FRESH,SAW_R4,,01-08
late,20,7,8,5,18,4,13,13,14,0,8,2,20,6,20,6,20,0,8,2,8,1,8,81,160,93,157,52,157,147,157,3,70,6,2,0,1,0,2,61,0,1,20,0.35,20,0.4,20,0.25,20,0.9,20,0.2,20,0.65,20,0.65,20,0.7,8,0.0,20,0.1,20,0.3,20,0.3,8,0.0,8,0.25,8,0.125,70,0.02857142857142857,6,0.0,61,0.03278688524590164,1,0.0,0.5923566878980892,0.33121019108280253,0.9363057324840764,stage_family_interface_recipe_time,,,,,,,,,,,,,,cross_series,SYMBOLIC_FRESH,SAW_R4,,01-08
late,20,20,0,0,20,0,20,20,20,0,0,0,20,0,20,0,20,0,0,0,0,0,0,160,160,160,160,0,160,160,160,0,0,0,0,0,0,0,0,0,0,0,20,1.0,20,0.0,20,0.0,20,1.0,20,0.0,20,1.0,20,1.0,20,1.0,0,,20,0.0,20,0.0,20,0.0,0,,0,,0,,0,,0,,0,,0,,1.0,0.0,1.0,stage_family_interface_recipe_time,,,,,,,,,,,,,,cross_series,IMAGE_CUE_FRESH,SAW_R4,,01-08
late,20,11,8,1,16,0,15,15,15,0,7,1,17,3,17,5,20,0,5,2,5,4,8,95,160,95,132,68,132,164,132,28,37,0,11,0,4,0,11,36,0,0,20,0.55,20,0.4,20,0.05,20,0.8,20,0.0,20,0.75,20,0.75,20,0.75,8,0.0,17,0.058823529411764705,17,0.17647058823529413,20,0.25,5,0.0,5,0.4,8,0.5,37,0.2972972972972973,0,,36,0.3055555555555556,0,,0.7196969696969697,0.5151515151515151,1.2424242424242424,stage_family_interface_recipe_time,,,,,,,,,,,,,,trend,SYMBOLIC_FRESH,SAW_R4,,01-08
late,20,20,0,0,20,0,20,20,20,0,0,0,20,0,20,0,20,0,0,0,0,0,0,160,160,160,160,0,160,160,160,0,0,0,0,0,0,0,0,0,0,0,20,1.0,20,0.0,20,0.0,20,1.0,20,0.0,20,1.0,20,1.0,20,1.0,0,,20,0.0,20,0.0,20,0.0,0,,0,,0,,0,,0,,0,,0,,1.0,0.0,1.0,stage_family_interface_recipe_time,,,,,,,,,,,,,,trend,IMAGE_CUE_FRESH,SAW_R4,,01-08
late,24,9,13,2,24,0,20,20,20,0,13,2,24,2,24,4,24,0,13,2,13,2,13,76,192,76,192,3,192,90,192,0,116,0,13,0,2,0,13,104,0,0,24,0.375,24,0.5416666666666666,24,0.08333333333333333,24,1.0,24,0.0,24,0.8333333333333334,24,0.8333333333333334,24,0.8333333333333334,13,0.0,24,0.08333333333333333,24,0.08333333333333333,24,0.16666666666666666,13,0.0,13,0.15384615384615385,13,0.15384615384615385,116,0.11206896551724138,0,,104,0.125,0,,0.3958333333333333,0.015625,0.46875,stage_family_interface_recipe_time,,,,,,,,,,,,,,cross_series,SYMBOLIC_FRESH,SAW_R4,,09-16
late,24,24,0,0,24,0,24,24,24,0,0,0,24,0,24,0,24,0,0,0,0,0,0,192,192,192,192,0,192,192,192,0,0,0,0,0,0,0,0,0,0,0,24,1.0,24,0.0,24,0.0,24,1.0,24,0.0,24,1.0,24,1.0,24,1.0,0,,24,0.0,24,0.0,24,0.0,0,,0,,0,,0,,0,,0,,0,,1.0,0.0,1.0,stage_family_interface_recipe_time,,,,,,,,,,,,,,cross_series,IMAGE_CUE_FRESH,SAW_R4,,09-16
late,20,16,4,0,20,0,20,20,20,0,4,0,20,0,20,0,20,0,4,0,4,0,4,128,160,128,160,64,160,192,160,0,32,0,0,0,0,0,0,32,0,0,20,0.8,20,0.2,20,0.0,20,1.0,20,0.0,20,1.0,20,1.0,20,1.0,4,0.0,20,0.0,20,0.0,20,0.0,4,0.0,4,0.0,4,0.0,32,0.0,0,,32,0.0,0,,0.8,0.4,1.2,stage_family_interface_recipe_time,,,,,,,,,,,,,,trend,SYMBOLIC_FRESH,SAW_R4,,09-16
late,20,20,0,0,20,0,20,20,20,0,0,0,20,0,20,0,20,0,0,0,0,0,0,160,160,160,160,0,160,160,160,0,0,0,0,0,0,0,0,0,0,0,20,1.0,20,0.0,20,0.0,20,1.0,20,0.0,20,1.0,20,1.0,20,1.0,0,,20,0.0,20,0.0,20,0.0,0,,0,,0,,0,,0,,0,,0,,1.0,0.0,1.0,stage_family_interface_recipe_time,,,,,,,,,,,,,,trend,IMAGE_CUE_FRESH,SAW_R4,,09-16
late,20,20,0,0,20,0,20,20,20,0,0,0,20,0,20,0,20,0,0,0,0,0,0,160,160,160,160,0,160,160,160,0,0,0,0,0,0,0,0,0,0,0,20,1.0,20,0.0,20,0.0,20,1.0,20,0.0,20,1.0,20,1.0,20,1.0,0,,20,0.0,20,0.0,20,0.0,0,,0,,0,,0,,0,,0,,0,,1.0,0.0,1.0,stage_family_interface_recipe_time,,,,,,,,,,,,,,duplicate_encoding,SYMBOLIC_FRESH,SAW_R4,,09-16
late,20,20,0,0,20,0,20,20,20,0,0,0,20,0,20,0,20,0,0,0,0,0,0,160,160,160,160,0,160,160,160,0,0,0,0,0,0,0,0,0,0,0,20,1.0,20,0.0,20,0.0,20,1.0,20,0.0,20,1.0,20,1.0,20,1.0,0,,20,0.0,20,0.0,20,0.0,0,,0,,0,,0,,0,,0,,0,,1.0,0.0,1.0,stage_family_interface_recipe_time,,,,,,,,,,,,,,duplicate_encoding,IMAGE_CUE_FRESH,SAW_R4,,09-16
late,24,12,12,0,19,0,14,14,14,0,12,0,22,6,22,6,24,0,10,6,10,6,12,96,192,96,164,105,164,201,164,28,68,0,28,0,10,0,28,68,0,0,24,0.5,24,0.5,24,0.0,24,0.7916666666666666,24,0.0,24,0.5833333333333334,24,0.5833333333333334,24,0.5833333333333334,12,0.0,22,0.0,22,0.2727272727272727,24,0.25,10,0.0,10,0.6,12,0.5,68,0.4117647058823529,0,,68,0.4117647058823529,0,,0.5853658536585366,0.6402439024390244,1.225609756097561,stage_family_interface_recipe_time,,,,,,,,,,,,,,trend,SYMBOLIC_FRESH,SAW_R4,,17-24
late,24,24,0,0,24,0,24,24,24,0,0,0,24,0,24,0,24,0,0,0,0,0,0,192,192,192,192,0,192,192,192,0,0,0,0,0,0,0,0,0,0,0,24,1.0,24,0.0,24,0.0,24,1.0,24,0.0,24,1.0,24,1.0,24,1.0,0,,24,0.0,24,0.0,24,0.0,0,,0,,0,,0,,0,,0,,0,,1.0,0.0,1.0,stage_family_interface_recipe_time,,,,,,,,,,,,,,trend,IMAGE_CUE_FRESH,SAW_R4,,17-24
late,20,20,0,0,20,0,20,20,20,0,0,0,20,0,20,0,20,0,0,0,0,0,0,160,160,160,160,0,160,160,160,0,0,0,0,0,0,0,0,0,0,0,20,1.0,20,0.0,20,0.0,20,1.0,20,0.0,20,1.0,20,1.0,20,1.0,0,,20,0.0,20,0.0,20,0.0,0,,0,,0,,0,,0,,0,,0,,1.0,0.0,1.0,stage_family_interface_recipe_time,,,,,,,,,,,,,,duplicate_encoding,SYMBOLIC_FRESH,SAW_R4,,17-24
late,20,20,0,0,20,0,20,20,20,0,0,0,20,0,20,0,20,0,0,0,0,0,0,160,160,160,160,0,160,160,160,0,0,0,0,0,0,0,0,0,0,0,20,1.0,20,0.0,20,0.0,20,1.0,20,0.0,20,1.0,20,1.0,20,1.0,0,,20,0.0,20,0.0,20,0.0,0,,0,,0,,0,,0,,0,,0,,1.0,0.0,1.0,stage_family_interface_recipe_time,,,,,,,,,,,,,,duplicate_encoding,IMAGE_CUE_FRESH,SAW_R4,,17-24
late,20,15,4,1,18,3,17,17,17,0,4,1,20,2,20,3,20,0,4,2,4,2,4,127,160,127,157,17,157,144,157,3,16,14,6,6,2,2,6,15,6,14,20,0.75,20,0.2,20,0.05,20,0.9,20,0.15,20,0.85,20,0.85,20,0.85,4,0.0,20,0.05,20,0.1,20,0.15,4,0.0,4,0.5,4,0.5,16,0.375,14,0.42857142857142855,15,0.4,14,0.42857142857142855,0.8089171974522293,0.10828025477707007,0.9171974522292994,stage_family_interface_recipe_time,,,,,,,,,,,,,,cross_series,SYMBOLIC_FRESH,SAW_R4,,17-24
late,20,20,0,0,20,0,20,20,20,0,0,0,20,0,20,0,20,0,0,0,0,0,0,160,160,160,160,0,160,160,160,0,0,0,0,0,0,0,0,0,0,0,20,1.0,20,0.0,20,0.0,20,1.0,20,0.0,20,1.0,20,1.0,20,1.0,0,,20,0.0,20,0.0,20,0.0,0,,0,,0,,0,,0,,0,,0,,1.0,0.0,1.0,stage_family_interface_recipe_time,,,,,,,,,,,,,,cross_series,IMAGE_CUE_FRESH,SAW_R4,,17-24
late,24,24,0,0,24,0,24,24,24,0,0,0,24,0,24,0,24,0,0,0,0,0,0,192,192,192,192,0,192,192,192,0,0,0,0,0,0,0,0,0,0,0,24,1.0,24,0.0,24,0.0,24,1.0,24,0.0,24,1.0,24,1.0,24,1.0,0,,24,0.0,24,0.0,24,0.0,0,,0,,0,,0,,0,,0,,0,,1.0,0.0,1.0,stage_family_interface_recipe_time,,,,,,,,,,,,,,duplicate_encoding,SYMBOLIC_FRESH,SAW_R4,,25-32
late,24,24,0,0,24,0,24,24,24,0,0,0,24,0,24,0,24,0,0,0,0,0,0,192,192,192,192,0,192,192,192,0,0,0,0,0,0,0,0,0,0,0,24,1.0,24,0.0,24,0.0,24,1.0,24,0.0,24,1.0,24,1.0,24,1.0,0,,24,0.0,24,0.0,24,0.0,0,,0,,0,,0,,0,,0,,0,,1.0,0.0,1.0,stage_family_interface_recipe_time,,,,,,,,,,,,,,duplicate_encoding,IMAGE_CUE_FRESH,SAW_R4,,25-32
late,20,12,8,0,20,1,16,16,16,0,8,0,20,4,20,4,20,0,8,4,8,4,8,96,160,96,160,93,160,189,160,0,63,1,28,0,4,0,28,63,0,1,20,0.6,20,0.4,20,0.0,20,1.0,20,0.05,20,0.8,20,0.8,20,0.8,8,0.0,20,0.0,20,0.2,20,0.2,8,0.0,8,0.5,8,0.5,63,0.4444444444444444,1,0.0,63,0.4444444444444444,1,0.0,0.6,0.58125,1.18125,stage_family_interface_recipe_time,,,,,,,,,,,,,,cross_series,SYMBOLIC_FRESH,SAW_R4,,25-32
late,20,20,0,0,20,0,20,20,20,0,0,0,20,0,20,0,20,0,0,0,0,0,0,160,160,160,160,0,160,160,160,0,0,0,0,0,0,0,0,0,0,0,20,1.0,20,0.0,20,0.0,20,1.0,20,0.0,20,1.0,20,1.0,20,1.0,0,,20,0.0,20,0.0,20,0.0,0,,0,,0,,0,,0,,0,,0,,1.0,0.0,1.0,stage_family_interface_recipe_time,,,,,,,,,,,,,,cross_series,IMAGE_CUE_FRESH,SAW_R4,,25-32
late,20,0,20,0,16,2,12,12,12,0,17,0,16,7,16,7,20,0,16,7,16,7,20,0,160,0,129,215,129,215,129,31,126,3,33,0,8,0,33,126,0,3,20,0.0,20,1.0,20,0.0,20,0.8,20,0.1,20,0.6,20,0.6,20,0.6,20,0.0,16,0.0,16,0.4375,20,0.35,16,0.0,16,0.4375,20,0.35,126,0.2619047619047619,3,0.0,126,0.2619047619047619,3,0.0,0.0,1.6666666666666667,1.6666666666666667,stage_family_interface_recipe_time,,,,,,,,,,,,,,trend,SYMBOLIC_FRESH,SAW_R4,,25-32
late,20,20,0,0,20,0,20,20,20,0,0,0,20,0,20,0,20,0,0,0,0,0,0,160,160,160,160,0,160,160,160,0,0,0,0,0,0,0,0,0,0,0,20,1.0,20,0.0,20,0.0,20,1.0,20,0.0,20,1.0,20,1.0,20,1.0,0,,20,0.0,20,0.0,20,0.0,0,,0,,0,,0,,0,,0,,0,,1.0,0.0,1.0,stage_family_interface_recipe_time,,,,,,,,,,,,,,trend,IMAGE_CUE_FRESH,SAW_R4,,25-32
