role,configuration_id,method,observation,n,rank,alpha,eta,fit_banks,target,population,seed_count,seed_ids,unit_count,noise_replica_count,metric_row_count,actual_rank_min,actual_rank_max,k_min,k_max,metric_scope,group_index,pX_error_ss,pX_truth_ss,pX_nrmse,pX_nrmse_status,pX_mae,pX_error_q95,pX_max_abs_error,pX_scalar_error_count,pX_worst_group_by_mae,pX_worst_group_mae,pX_worst_group_by_q95,pX_worst_group_q95,v_error_ss,v_truth_ss,v_nrmse,v_nrmse_status,v_mae,v_error_q95,v_max_abs_error,v_scalar_error_count,v_worst_group_by_mae,v_worst_group_mae,v_worst_group_by_q95,v_worst_group_q95,pX_group_nrmse_unknown_count,pX_worst_defined_group_nrmse,pX_worst_defined_group_by_nrmse,v_group_nrmse_unknown_count,v_worst_defined_group_nrmse,v_worst_defined_group_by_nrmse,group_name
fresh_calibration,C0|O_IND|16|0|0.01|0.01|8,C0,O_IND,16,0,0.01,0.01,8,joint_1_minus_joint_0,all,6,"[501, 502, 503, 504, 505, 506]",36,8,288,0,0,0,0,pooled,,0.0004909279019173942,0.0004909279019173942,1.0,DEFINED,0.00017721644938969097,0.0005812372225042564,0.0008917553325269705,6912,3,0.00019476796155634408,2,0.0006309563579120896,0.014050291564166989,0.014050291564166989,1.0,DEFINED,0.0009511431338592604,0.0030619260193552795,0.005268388232219023,6912,3,0.00096856930645792,1,0.0031074012493838717,,,,,,,
fresh_calibration,C0|O_IND|16|0|0.01|0.01|8,C0,O_IND,16,0,0.01,0.01,8,joint_1_minus_joint_0,all,6,"[501, 502, 503, 504, 505, 506]",36,8,288,0,0,0,0,group,0,8.32672593813581e-05,,,UNKNOWN_GROUP_TRUTH_ENERGY_NOT_STORED,0.0001795522565056509,0.0005884608132559234,0.000882664562917735,1152,,,,,0.002372895283732783,,,UNKNOWN_GROUP_TRUTH_ENERGY_NOT_STORED,0.0009526489090003029,0.00303021452992226,0.005268388232219023,1152,,,,,,,,,,,
fresh_calibration,C0|O_IND|16|0|0.01|0.01|8,C0,O_IND,16,0,0.01,0.01,8,joint_1_minus_joint_0,all,6,"[501, 502, 503, 504, 505, 506]",36,8,288,0,0,0,0,group,1,8.700207165972422e-05,,,UNKNOWN_GROUP_TRUTH_ENERGY_NOT_STORED,0.00018064748035582934,0.000589386287694213,0.0008917553325269705,1152,,,,,0.0023848934948129926,,,UNKNOWN_GROUP_TRUTH_ENERGY_NOT_STORED,0.0009652202103576108,0.0031074012493838717,0.005179059716349326,1152,,,,,,,,,,,
fresh_calibration,C0|O_IND|16|0|0.01|0.01|8,C0,O_IND,16,0,0.01,0.01,8,joint_1_minus_joint_0,all,6,"[501, 502, 503, 504, 505, 506]",36,8,288,0,0,0,0,group,2,9.359099326991473e-05,,,UNKNOWN_GROUP_TRUTH_ENERGY_NOT_STORED,0.00019173732177091754,0.0006309563579120896,0.0008401854126428137,1152,,,,,0.002305092543329305,,,UNKNOWN_GROUP_TRUTH_ENERGY_NOT_STORED,0.0009485784119460158,0.002933333822765187,0.005157714950586432,1152,,,,,,,,,,,
fresh_calibration,C0|O_IND|16|0|0.01|0.01|8,C0,O_IND,16,0,0.01,0.01,8,joint_1_minus_joint_0,all,6,"[501, 502, 503, 504, 505, 506]",36,8,288,0,0,0,0,group,3,9.726109872498294e-05,,,UNKNOWN_GROUP_TRUTH_ENERGY_NOT_STORED,0.00019476796155634408,0.0006296986013386071,0.0008765526558124718,1152,,,,,0.0023616436446984176,,,UNKNOWN_GROUP_TRUTH_ENERGY_NOT_STORED,0.00096856930645792,0.0029737179002717294,0.005186064129689379,1152,,,,,,,,,,,
fresh_calibration,C0|O_IND|16|0|0.01|0.01|8,C0,O_IND,16,0,0.01,0.01,8,joint_1_minus_joint_0,all,6,"[501, 502, 503, 504, 505, 506]",36,8,288,0,0,0,0,group,4,6.169263479828724e-05,,,UNKNOWN_GROUP_TRUTH_ENERGY_NOT_STORED,0.00015570492426391852,0.00047628963898417587,0.000719857695442167,1152,,,,,0.00229292624653356,,,UNKNOWN_GROUP_TRUTH_ENERGY_NOT_STORED,0.0009286219008544275,0.003028249013871411,0.005238780740273349,1152,,,,,,,,,,,
fresh_calibration,C0|O_IND|16|0|0.01|0.01|8,C0,O_IND,16,0,0.01,0.01,8,joint_1_minus_joint_0,all,6,"[501, 502, 503, 504, 505, 506]",36,8,288,0,0,0,0,group,5,6.811384408312588e-05,,,UNKNOWN_GROUP_TRUTH_ENERGY_NOT_STORED,0.0001608887518854868,0.0005306594958761722,0.0007654544135698935,1152,,,,,0.002332840351059932,,,UNKNOWN_GROUP_TRUTH_ENERGY_NOT_STORED,0.000943220064539281,0.0030921972952606762,0.0052174576573820524,1152,,,,,,,,,,,
fresh_calibration,C0|O_IND|256|0|0.01|0.01|8,C0,O_IND,256,0,0.01,0.01,8,joint_1_minus_joint_0,all,6,"[501, 502, 503, 504, 505, 506]",36,8,288,0,0,0,0,pooled,,0.0004909279019173942,0.0004909279019173942,1.0,DEFINED,0.00017721644938969097,0.0005812372225042564,0.0008917553325269705,6912,3,0.00019476796155634408,2,0.0006309563579120896,0.014050291564166989,0.014050291564166989,1.0,DEFINED,0.0009511431338592604,0.0030619260193552795,0.005268388232219023,6912,3,0.00096856930645792,1,0.0031074012493838717,,,,,,,
fresh_calibration,C0|O_IND|256|0|0.01|0.01|8,C0,O_IND,256,0,0.01,0.01,8,joint_1_minus_joint_0,all,6,"[501, 502, 503, 504, 505, 506]",36,8,288,0,0,0,0,group,0,8.32672593813581e-05,,,UNKNOWN_GROUP_TRUTH_ENERGY_NOT_STORED,0.0001795522565056509,0.0005884608132559234,0.000882664562917735,1152,,,,,0.002372895283732783,,,UNKNOWN_GROUP_TRUTH_ENERGY_NOT_STORED,0.0009526489090003029,0.00303021452992226,0.005268388232219023,1152,,,,,,,,,,,
fresh_calibration,C0|O_IND|256|0|0.01|0.01|8,C0,O_IND,256,0,0.01,0.01,8,joint_1_minus_joint_0,all,6,"[501, 502, 503, 504, 505, 506]",36,8,288,0,0,0,0,group,1,8.700207165972422e-05,,,UNKNOWN_GROUP_TRUTH_ENERGY_NOT_STORED,0.00018064748035582934,0.000589386287694213,0.0008917553325269705,1152,,,,,0.0023848934948129926,,,UNKNOWN_GROUP_TRUTH_ENERGY_NOT_STORED,0.0009652202103576108,0.0031074012493838717,0.005179059716349326,1152,,,,,,,,,,,
fresh_calibration,C0|O_IND|256|0|0.01|0.01|8,C0,O_IND,256,0,0.01,0.01,8,joint_1_minus_joint_0,all,6,"[501, 502, 503, 504, 505, 506]",36,8,288,0,0,0,0,group,2,9.359099326991473e-05,,,UNKNOWN_GROUP_TRUTH_ENERGY_NOT_STORED,0.00019173732177091754,0.0006309563579120896,0.0008401854126428137,1152,,,,,0.002305092543329305,,,UNKNOWN_GROUP_TRUTH_ENERGY_NOT_STORED,0.0009485784119460158,0.002933333822765187,0.005157714950586432,1152,,,,,,,,,,,
fresh_calibration,C0|O_IND|256|0|0.01|0.01|8,C0,O_IND,256,0,0.01,0.01,8,joint_1_minus_joint_0,all,6,"[501, 502, 503, 504, 505, 506]",36,8,288,0,0,0,0,group,3,9.726109872498294e-05,,,UNKNOWN_GROUP_TRUTH_ENERGY_NOT_STORED,0.00019476796155634408,0.0006296986013386071,0.0008765526558124718,1152,,,,,0.0023616436446984176,,,UNKNOWN_GROUP_TRUTH_ENERGY_NOT_STORED,0.00096856930645792,0.0029737179002717294,0.005186064129689379,1152,,,,,,,,,,,
fresh_calibration,C0|O_IND|256|0|0.01|0.01|8,C0,O_IND,256,0,0.01,0.01,8,joint_1_minus_joint_0,all,6,"[501, 502, 503, 504, 505, 506]",36,8,288,0,0,0,0,group,4,6.169263479828724e-05,,,UNKNOWN_GROUP_TRUTH_ENERGY_NOT_STORED,0.00015570492426391852,0.00047628963898417587,0.000719857695442167,1152,,,,,0.00229292624653356,,,UNKNOWN_GROUP_TRUTH_ENERGY_NOT_STORED,0.0009286219008544275,0.003028249013871411,0.005238780740273349,1152,,,,,,,,,,,
fresh_calibration,C0|O_IND|256|0|0.01|0.01|8,C0,O_IND,256,0,0.01,0.01,8,joint_1_minus_joint_0,all,6,"[501, 502, 503, 504, 505, 506]",36,8,288,0,0,0,0,group,5,6.811384408312588e-05,,,UNKNOWN_GROUP_TRUTH_ENERGY_NOT_STORED,0.0001608887518854868,0.0005306594958761722,0.0007654544135698935,1152,,,,,0.002332840351059932,,,UNKNOWN_GROUP_TRUTH_ENERGY_NOT_STORED,0.000943220064539281,0.0030921972952606762,0.0052174576573820524,1152,,,,,,,,,,,
fresh_calibration,C0|O_IND|64|0|0.01|0.01|8,C0,O_IND,64,0,0.01,0.01,8,joint_1_minus_joint_0,all,6,"[501, 502, 503, 504, 505, 506]",36,8,288,0,0,0,0,pooled,,0.0004909279019173942,0.0004909279019173942,1.0,DEFINED,0.00017721644938969097,0.0005812372225042564,0.0008917553325269705,6912,3,0.00019476796155634408,2,0.0006309563579120896,0.014050291564166989,0.014050291564166989,1.0,DEFINED,0.0009511431338592604,0.0030619260193552795,0.005268388232219023,6912,3,0.00096856930645792,1,0.0031074012493838717,0,1.0,1,0,1.0,0,
fresh_calibration,C0|O_IND|64|0|0.01|0.01|8,C0,O_IND,64,0,0.01,0.01,8,joint_1_minus_joint_0,all,6,"[501, 502, 503, 504, 505, 506]",36,8,288,0,0,0,0,group,0,8.32672593813581e-05,8.326725938135811e-05,0.9999999999999999,DEFINED_FROM_RAW_AUDIT,0.0001795522565056509,0.0005884608132559234,0.000882664562917735,1152,,,,,0.002372895283732783,0.002372895283732783,1.0,DEFINED_FROM_RAW_AUDIT,0.0009526489090003029,0.00303021452992226,0.005268388232219023,1152,,,,,,,,,,,0
fresh_calibration,C0|O_IND|64|0|0.01|0.01|8,C0,O_IND,64,0,0.01,0.01,8,joint_1_minus_joint_0,all,6,"[501, 502, 503, 504, 505, 506]",36,8,288,0,0,0,0,group,1,8.700207165972422e-05,8.700207165972422e-05,1.0,DEFINED_FROM_RAW_AUDIT,0.00018064748035582934,0.000589386287694213,0.0008917553325269705,1152,,,,,0.0023848934948129926,0.0023848934948129926,1.0,DEFINED_FROM_RAW_AUDIT,0.0009652202103576108,0.0031074012493838717,0.005179059716349326,1152,,,,,,,,,,,1
fresh_calibration,C0|O_IND|64|0|0.01|0.01|8,C0,O_IND,64,0,0.01,0.01,8,joint_1_minus_joint_0,all,6,"[501, 502, 503, 504, 505, 506]",36,8,288,0,0,0,0,group,2,9.359099326991473e-05,9.359099326991473e-05,1.0,DEFINED_FROM_RAW_AUDIT,0.00019173732177091754,0.0006309563579120896,0.0008401854126428137,1152,,,,,0.002305092543329305,0.002305092543329305,1.0,DEFINED_FROM_RAW_AUDIT,0.0009485784119460158,0.002933333822765187,0.005157714950586432,1152,,,,,,,,,,,2
fresh_calibration,C0|O_IND|64|0|0.01|0.01|8,C0,O_IND,64,0,0.01,0.01,8,joint_1_minus_joint_0,all,6,"[501, 502, 503, 504, 505, 506]",36,8,288,0,0,0,0,group,3,9.726109872498294e-05,9.726109872498294e-05,1.0,DEFINED_FROM_RAW_AUDIT,0.00019476796155634408,0.0006296986013386071,0.0008765526558124718,1152,,,,,0.0023616436446984176,0.0023616436446984176,1.0,DEFINED_FROM_RAW_AUDIT,0.00096856930645792,0.0029737179002717294,0.005186064129689379,1152,,,,,,,,,,,3
fresh_calibration,C0|O_IND|64|0|0.01|0.01|8,C0,O_IND,64,0,0.01,0.01,8,joint_1_minus_joint_0,all,6,"[501, 502, 503, 504, 505, 506]",36,8,288,0,0,0,0,group,4,6.169263479828724e-05,6.169263479828724e-05,1.0,DEFINED_FROM_RAW_AUDIT,0.00015570492426391852,0.00047628963898417587,0.000719857695442167,1152,,,,,0.00229292624653356,0.0022929262465335594,1.0,DEFINED_FROM_RAW_AUDIT,0.0009286219008544275,0.003028249013871411,0.005238780740273349,1152,,,,,,,,,,,4
fresh_calibration,C0|O_IND|64|0|0.01|0.01|8,C0,O_IND,64,0,0.01,0.01,8,joint_1_minus_joint_0,all,6,"[501, 502, 503, 504, 505, 506]",36,8,288,0,0,0,0,group,5,6.811384408312588e-05,6.811384408312588e-05,1.0,DEFINED_FROM_RAW_AUDIT,0.0001608887518854868,0.0005306594958761722,0.0007654544135698935,1152,,,,,0.002332840351059932,0.002332840351059932,1.0,DEFINED_FROM_RAW_AUDIT,0.000943220064539281,0.0030921972952606762,0.0052174576573820524,1152,,,,,,,,,,,5
fresh_calibration,C1_LEGACY_EXACT_RULE|O_IND|16|1|0.01|0.01|8,C1_LEGACY_EXACT_RULE,O_IND,16,1,0.01,0.01,8,joint_1_minus_joint_0,all,6,"[501, 502, 503, 504, 505, 506]",36,8,288,1,1,6,24,pooled,,0.2033300782343091,0.0004909279019173942,20.351290608943835,DEFINED,0.0023809400900247266,0.010294261441436676,0.07762362033936526,6912,1,0.0026018489098756205,0,0.011097900074524249,0.2104393793790657,0.014050291564166989,3.870087978007683,DEFINED,0.0025658834995146225,0.0107944614659559,0.07963538391447163,6912,1,0.0028123413303949804,1,0.012449659980990613,,,,,,,
fresh_calibration,C1_LEGACY_EXACT_RULE|O_IND|16|1|0.01|0.01|8,C1_LEGACY_EXACT_RULE,O_IND,16,1,0.01,0.01,8,joint_1_minus_joint_0,all,6,"[501, 502, 503, 504, 505, 506]",36,8,288,1,1,6,24,group,0,0.03137183937797834,,,UNKNOWN_GROUP_TRUTH_ENERGY_NOT_STORED,0.0024922930122305894,0.011097900074524249,0.045055762963360176,1152,,,,,0.04466456290416121,,,UNKNOWN_GROUP_TRUTH_ENERGY_NOT_STORED,0.002652830302669147,0.010186872263464661,0.07963538391447163,1152,,,,,,,,,,,
fresh_calibration,C1_LEGACY_EXACT_RULE|O_IND|16|1|0.01|0.01|8,C1_LEGACY_EXACT_RULE,O_IND,16,1,0.01,0.01,8,joint_1_minus_joint_0,all,6,"[501, 502, 503, 504, 505, 506]",36,8,288,1,1,6,24,group,1,0.03755393664107033,,,UNKNOWN_GROUP_TRUTH_ENERGY_NOT_STORED,0.0026018489098756205,0.010801235411687126,0.04787457240725022,1152,,,,,0.038330411139021,,,UNKNOWN_GROUP_TRUTH_ENERGY_NOT_STORED,0.0028123413303949804,0.012449659980990613,0.05619464342418598,1152,,,,,,,,,,,
fresh_calibration,C1_LEGACY_EXACT_RULE|O_IND|16|1|0.01|0.01|8,C1_LEGACY_EXACT_RULE,O_IND,16,1,0.01,0.01,8,joint_1_minus_joint_0,all,6,"[501, 502, 503, 504, 505, 506]",36,8,288,1,1,6,24,group,2,0.03151838372362341,,,UNKNOWN_GROUP_TRUTH_ENERGY_NOT_STORED,0.0021948608384314574,0.009077277151256898,0.062014513884512464,1152,,,,,0.029769327620845026,,,UNKNOWN_GROUP_TRUTH_ENERGY_NOT_STORED,0.002451920908827316,0.010703552511283371,0.044112236691434936,1152,,,,,,,,,,,
fresh_calibration,C1_LEGACY_EXACT_RULE|O_IND|16|1|0.01|0.01|8,C1_LEGACY_EXACT_RULE,O_IND,16,1,0.01,0.01,8,joint_1_minus_joint_0,all,6,"[501, 502, 503, 504, 505, 506]",36,8,288,1,1,6,24,group,3,0.030396773196369176,,,UNKNOWN_GROUP_TRUTH_ENERGY_NOT_STORED,0.0023984299507269404,0.010546336047089658,0.04392261064978456,1152,,,,,0.029725395408414762,,,UNKNOWN_GROUP_TRUTH_ENERGY_NOT_STORED,0.002474166829840951,0.010405293734333956,0.04362075218107362,1152,,,,,,,,,,,
fresh_calibration,C1_LEGACY_EXACT_RULE|O_IND|16|1|0.01|0.01|8,C1_LEGACY_EXACT_RULE,O_IND,16,1,0.01,0.01,8,joint_1_minus_joint_0,all,6,"[501, 502, 503, 504, 505, 506]",36,8,288,1,1,6,24,group,4,0.036567058496400295,,,UNKNOWN_GROUP_TRUTH_ENERGY_NOT_STORED,0.0023483465476272568,0.01088930910207392,0.06401755546424386,1152,,,,,0.03605966346933363,,,UNKNOWN_GROUP_TRUTH_ENERGY_NOT_STORED,0.0025590147333095516,0.01069394825904119,0.057712380903995886,1152,,,,,,,,,,,
fresh_calibration,C1_LEGACY_EXACT_RULE|O_IND|16|1|0.01|0.01|8,C1_LEGACY_EXACT_RULE,O_IND,16,1,0.01,0.01,8,joint_1_minus_joint_0,all,6,"[501, 502, 503, 504, 505, 506]",36,8,288,1,1,6,24,group,5,0.035922086798867395,,,UNKNOWN_GROUP_TRUTH_ENERGY_NOT_STORED,0.002249861281256493,0.009299046052857633,0.07762362033936526,1152,,,,,0.03189001883729005,,,UNKNOWN_GROUP_TRUTH_ENERGY_NOT_STORED,0.0024450268920457926,0.010544042603517741,0.059302896144580834,1152,,,,,,,,,,,
fresh_calibration,C1_LEGACY_EXACT_RULE|O_IND|256|1|0.01|0.01|8,C1_LEGACY_EXACT_RULE,O_IND,256,1,0.01,0.01,8,joint_1_minus_joint_0,all,6,"[501, 502, 503, 504, 505, 506]",36,8,288,1,1,6,24,pooled,,0.015273764049673998,0.0004909279019173942,5.577815960654418,DEFINED,0.0007145407615009406,0.0032620874636666644,0.019260502796286678,6912,1,0.0007623500553372982,1,0.0035566109926024234,0.03263767101269187,0.014050291564166989,1.5241121032999465,DEFINED,0.0012471600531778438,0.00448548902721787,0.018596736588058136,6912,3,0.0012892496715451892,3,0.004697939887753373,,,,,,,
fresh_calibration,C1_LEGACY_EXACT_RULE|O_IND|256|1|0.01|0.01|8,C1_LEGACY_EXACT_RULE,O_IND,256,1,0.01,0.01,8,joint_1_minus_joint_0,all,6,"[501, 502, 503, 504, 505, 506]",36,8,288,1,1,6,24,group,0,0.0024290070195495768,,,UNKNOWN_GROUP_TRUTH_ENERGY_NOT_STORED,0.0007015836422186808,0.0033342552989174337,0.011391284499312896,1152,,,,,0.005258429702758237,,,UNKNOWN_GROUP_TRUTH_ENERGY_NOT_STORED,0.0012682246226855256,0.0044665105200018766,0.012530172353526514,1152,,,,,,,,,,,
fresh_calibration,C1_LEGACY_EXACT_RULE|O_IND|256|1|0.01|0.01|8,C1_LEGACY_EXACT_RULE,O_IND,256,1,0.01,0.01,8,joint_1_minus_joint_0,all,6,"[501, 502, 503, 504, 505, 506]",36,8,288,1,1,6,24,group,1,0.0027625961253717386,,,UNKNOWN_GROUP_TRUTH_ENERGY_NOT_STORED,0.0007623500553372982,0.0035566109926024234,0.010342281468656933,1152,,,,,0.004855359032751343,,,UNKNOWN_GROUP_TRUTH_ENERGY_NOT_STORED,0.0011777881035706958,0.00415479825024222,0.013546104438648494,1152,,,,,,,,,,,
fresh_calibration,C1_LEGACY_EXACT_RULE|O_IND|256|1|0.01|0.01|8,C1_LEGACY_EXACT_RULE,O_IND,256,1,0.01,0.01,8,joint_1_minus_joint_0,all,6,"[501, 502, 503, 504, 505, 506]",36,8,288,1,1,6,24,group,2,0.0025463597532535,,,UNKNOWN_GROUP_TRUTH_ENERGY_NOT_STORED,0.0007195413144822894,0.0032042228962127412,0.016100546223676734,1152,,,,,0.0054461859223839965,,,UNKNOWN_GROUP_TRUTH_ENERGY_NOT_STORED,0.0012653498235733341,0.004482898322603535,0.013312795404865532,1152,,,,,,,,,,,
fresh_calibration,C1_LEGACY_EXACT_RULE|O_IND|256|1|0.01|0.01|8,C1_LEGACY_EXACT_RULE,O_IND,256,1,0.01,0.01,8,joint_1_minus_joint_0,all,6,"[501, 502, 503, 504, 505, 506]",36,8,288,1,1,6,24,group,3,0.0024675648946480312,,,UNKNOWN_GROUP_TRUTH_ENERGY_NOT_STORED,0.0007018605233512815,0.0030642411989171173,0.010487135987505232,1152,,,,,0.006091470405507206,,,UNKNOWN_GROUP_TRUTH_ENERGY_NOT_STORED,0.0012892496715451892,0.004697939887753373,0.018596736588058136,1152,,,,,,,,,,,
fresh_calibration,C1_LEGACY_EXACT_RULE|O_IND|256|1|0.01|0.01|8,C1_LEGACY_EXACT_RULE,O_IND,256,1,0.01,0.01,8,joint_1_minus_joint_0,all,6,"[501, 502, 503, 504, 505, 506]",36,8,288,1,1,6,24,group,4,0.002356980635203753,,,UNKNOWN_GROUP_TRUTH_ENERGY_NOT_STORED,0.0006987100351356256,0.0031391192947770328,0.009586988764933444,1152,,,,,0.005606800435311907,,,UNKNOWN_GROUP_TRUTH_ENERGY_NOT_STORED,0.0012634596503173308,0.004638998006510246,0.012908989449737422,1152,,,,,,,,,,,
fresh_calibration,C1_LEGACY_EXACT_RULE|O_IND|256|1|0.01|0.01|8,C1_LEGACY_EXACT_RULE,O_IND,256,1,0.01,0.01,8,joint_1_minus_joint_0,all,6,"[501, 502, 503, 504, 505, 506]",36,8,288,1,1,6,24,group,5,0.0027112556216473925,,,UNKNOWN_GROUP_TRUTH_ENERGY_NOT_STORED,0.0007031989984804707,0.0033842242339344013,0.019260502796286678,1152,,,,,0.0053794255139791814,,,UNKNOWN_GROUP_TRUTH_ENERGY_NOT_STORED,0.001218888447374988,0.004542397652196584,0.013822455655848968,1152,,,,,,,,,,,
fresh_calibration,C1_LEGACY_EXACT_RULE|O_IND|64|1|0.01|0.01|8,C1_LEGACY_EXACT_RULE,O_IND,64,1,0.01,0.01,8,joint_1_minus_joint_0,all,6,"[501, 502, 503, 504, 505, 506]",36,8,288,1,1,6,24,pooled,,0.06401907022705561,0.0004909279019173942,11.41946672162522,DEFINED,0.001386441740129757,0.0060688480578225375,0.04253274598189021,6912,1,0.001517028908296818,1,0.006874321308892622,0.07679961131942357,0.014050291564166989,2.3379587412497504,DEFINED,0.0016896833912942177,0.0067775542762520905,0.035600659449973884,6912,0,0.0018235599945112682,0,0.00815410041310676,0,13.159157469717817,4,0,2.491389346082622,3,
fresh_calibration,C1_LEGACY_EXACT_RULE|O_IND|64|1|0.01|0.01|8,C1_LEGACY_EXACT_RULE,O_IND,64,1,0.01,0.01,8,joint_1_minus_joint_0,all,6,"[501, 502, 503, 504, 505, 506]",36,8,288,1,1,6,24,group,0,0.010457582154913696,8.326725938135811e-05,11.206719637722678,DEFINED_FROM_RAW_AUDIT,0.0013913998410617068,0.006017975303873715,0.02784888166413846,1152,,,,,0.014596651416436589,0.002372895283732783,2.480203590014321,DEFINED_FROM_RAW_AUDIT,0.0018235599945112682,0.00815410041310676,0.025514939332701363,1152,,,,,,,,,,,0
fresh_calibration,C1_LEGACY_EXACT_RULE|O_IND|64|1|0.01|0.01|8,C1_LEGACY_EXACT_RULE,O_IND,64,1,0.01,0.01,8,joint_1_minus_joint_0,all,6,"[501, 502, 503, 504, 505, 506]",36,8,288,1,1,6,24,group,1,0.012395099426413418,8.700207165972422e-05,11.936038484448119,DEFINED_FROM_RAW_AUDIT,0.001517028908296818,0.006874321308892622,0.02439132779581769,1152,,,,,0.014163119982574936,0.0023848934948129926,2.436940763806465,DEFINED_FROM_RAW_AUDIT,0.0016864858131575677,0.006780341337232348,0.03437999583002875,1152,,,,,,,,,,,1
fresh_calibration,C1_LEGACY_EXACT_RULE|O_IND|64|1|0.01|0.01|8,C1_LEGACY_EXACT_RULE,O_IND,64,1,0.01,0.01,8,joint_1_minus_joint_0,all,6,"[501, 502, 503, 504, 505, 506]",36,8,288,1,1,6,24,group,2,0.011121340338144055,9.359099326991473e-05,10.900879463673617,DEFINED_FROM_RAW_AUDIT,0.0013307469764670028,0.005597066185126827,0.04253274598189021,1152,,,,,0.013746050606550188,0.002305092543329305,2.4419950894732327,DEFINED_FROM_RAW_AUDIT,0.0017192734507603894,0.006482552227364175,0.033972248841129864,1152,,,,,,,,,,,2
fresh_calibration,C1_LEGACY_EXACT_RULE|O_IND|64|1|0.01|0.01|8,C1_LEGACY_EXACT_RULE,O_IND,64,1,0.01,0.01,8,joint_1_minus_joint_0,all,6,"[501, 502, 503, 504, 505, 506]",36,8,288,1,1,6,24,group,3,0.009576468560521911,9.726109872498294e-05,9.922774180877127,DEFINED_FROM_RAW_AUDIT,0.0013833665793787193,0.006760722060810559,0.029525401322616353,1152,,,,,0.014658771399058775,0.0023616436446984176,2.491389346082622,DEFINED_FROM_RAW_AUDIT,0.001800081714535573,0.007307528170283639,0.035600659449973884,1152,,,,,,,,,,,3
fresh_calibration,C1_LEGACY_EXACT_RULE|O_IND|64|1|0.01|0.01|8,C1_LEGACY_EXACT_RULE,O_IND,64,1,0.01,0.01,8,joint_1_minus_joint_0,all,6,"[501, 502, 503, 504, 505, 506]",36,8,288,1,1,6,24,group,4,0.010682907958244923,6.169263479828724e-05,13.159157469717817,DEFINED_FROM_RAW_AUDIT,0.0013558218889931097,0.005498279652579214,0.028314826361975114,1152,,,,,0.009488930650317388,0.0022929262465335594,2.034293416042209,DEFINED_FROM_RAW_AUDIT,0.0015284396771845497,0.005963166522442791,0.023247800582786155,1152,,,,,,,,,,,4
fresh_calibration,C1_LEGACY_EXACT_RULE|O_IND|64|1|0.01|0.01|8,C1_LEGACY_EXACT_RULE,O_IND,64,1,0.01,0.01,8,joint_1_minus_joint_0,all,6,"[501, 502, 503, 504, 505, 506]",36,8,288,1,1,6,24,group,5,0.009785671788817634,6.811384408312588e-05,11.986092564454777,DEFINED_FROM_RAW_AUDIT,0.0013402862465811836,0.005935144458778437,0.02470489313221605,1152,,,,,0.01014608726448572,0.002332840351059932,2.085483640073606,DEFINED_FROM_RAW_AUDIT,0.0015802596976159616,0.00651567307147176,0.020352761036745094,1152,,,,,,,,,,,5
fresh_calibration,C1_LEGACY_FROZEN|O_IND|16|0|0.01|0.01|8,C1_LEGACY_FROZEN,O_IND,16,0,0.01,0.01,8,joint_1_minus_joint_0,all,6,"[501, 502, 503, 504, 505, 506]",36,8,288,0,0,6,24,pooled,,0.0004909279019173942,0.0004909279019173942,1.0,DEFINED,0.00017721644938969097,0.0005812372225042564,0.0008917553325269705,6912,3,0.00019476796155634408,2,0.0006309563579120896,0.014050291564166989,0.014050291564166989,1.0,DEFINED,0.0009511431338592604,0.0030619260193552795,0.005268388232219023,6912,3,0.00096856930645792,1,0.0031074012493838717,,,,,,,
fresh_calibration,C1_LEGACY_FROZEN|O_IND|16|0|0.01|0.01|8,C1_LEGACY_FROZEN,O_IND,16,0,0.01,0.01,8,joint_1_minus_joint_0,all,6,"[501, 502, 503, 504, 505, 506]",36,8,288,0,0,6,24,group,0,8.32672593813581e-05,,,UNKNOWN_GROUP_TRUTH_ENERGY_NOT_STORED,0.0001795522565056509,0.0005884608132559234,0.000882664562917735,1152,,,,,0.002372895283732783,,,UNKNOWN_GROUP_TRUTH_ENERGY_NOT_STORED,0.0009526489090003029,0.00303021452992226,0.005268388232219023,1152,,,,,,,,,,,
fresh_calibration,C1_LEGACY_FROZEN|O_IND|16|0|0.01|0.01|8,C1_LEGACY_FROZEN,O_IND,16,0,0.01,0.01,8,joint_1_minus_joint_0,all,6,"[501, 502, 503, 504, 505, 506]",36,8,288,0,0,6,24,group,1,8.700207165972422e-05,,,UNKNOWN_GROUP_TRUTH_ENERGY_NOT_STORED,0.00018064748035582934,0.000589386287694213,0.0008917553325269705,1152,,,,,0.0023848934948129926,,,UNKNOWN_GROUP_TRUTH_ENERGY_NOT_STORED,0.0009652202103576108,0.0031074012493838717,0.005179059716349326,1152,,,,,,,,,,,
fresh_calibration,C1_LEGACY_FROZEN|O_IND|16|0|0.01|0.01|8,C1_LEGACY_FROZEN,O_IND,16,0,0.01,0.01,8,joint_1_minus_joint_0,all,6,"[501, 502, 503, 504, 505, 506]",36,8,288,0,0,6,24,group,2,9.359099326991473e-05,,,UNKNOWN_GROUP_TRUTH_ENERGY_NOT_STORED,0.00019173732177091754,0.0006309563579120896,0.0008401854126428137,1152,,,,,0.002305092543329305,,,UNKNOWN_GROUP_TRUTH_ENERGY_NOT_STORED,0.0009485784119460158,0.002933333822765187,0.005157714950586432,1152,,,,,,,,,,,
fresh_calibration,C1_LEGACY_FROZEN|O_IND|16|0|0.01|0.01|8,C1_LEGACY_FROZEN,O_IND,16,0,0.01,0.01,8,joint_1_minus_joint_0,all,6,"[501, 502, 503, 504, 505, 506]",36,8,288,0,0,6,24,group,3,9.726109872498294e-05,,,UNKNOWN_GROUP_TRUTH_ENERGY_NOT_STORED,0.00019476796155634408,0.0006296986013386071,0.0008765526558124718,1152,,,,,0.0023616436446984176,,,UNKNOWN_GROUP_TRUTH_ENERGY_NOT_STORED,0.00096856930645792,0.0029737179002717294,0.005186064129689379,1152,,,,,,,,,,,
fresh_calibration,C1_LEGACY_FROZEN|O_IND|16|0|0.01|0.01|8,C1_LEGACY_FROZEN,O_IND,16,0,0.01,0.01,8,joint_1_minus_joint_0,all,6,"[501, 502, 503, 504, 505, 506]",36,8,288,0,0,6,24,group,4,6.169263479828724e-05,,,UNKNOWN_GROUP_TRUTH_ENERGY_NOT_STORED,0.00015570492426391852,0.00047628963898417587,0.000719857695442167,1152,,,,,0.00229292624653356,,,UNKNOWN_GROUP_TRUTH_ENERGY_NOT_STORED,0.0009286219008544275,0.003028249013871411,0.005238780740273349,1152,,,,,,,,,,,
fresh_calibration,C1_LEGACY_FROZEN|O_IND|16|0|0.01|0.01|8,C1_LEGACY_FROZEN,O_IND,16,0,0.01,0.01,8,joint_1_minus_joint_0,all,6,"[501, 502, 503, 504, 505, 506]",36,8,288,0,0,6,24,group,5,6.811384408312588e-05,,,UNKNOWN_GROUP_TRUTH_ENERGY_NOT_STORED,0.0001608887518854868,0.0005306594958761722,0.0007654544135698935,1152,,,,,0.002332840351059932,,,UNKNOWN_GROUP_TRUTH_ENERGY_NOT_STORED,0.000943220064539281,0.0030921972952606762,0.0052174576573820524,1152,,,,,,,,,,,
fresh_calibration,C1_LEGACY_FROZEN|O_IND|256|0|0.01|0.01|8,C1_LEGACY_FROZEN,O_IND,256,0,0.01,0.01,8,joint_1_minus_joint_0,all,6,"[501, 502, 503, 504, 505, 506]",36,8,288,0,0,6,24,pooled,,0.0004909279019173942,0.0004909279019173942,1.0,DEFINED,0.00017721644938969097,0.0005812372225042564,0.0008917553325269705,6912,3,0.00019476796155634408,2,0.0006309563579120896,0.014050291564166989,0.014050291564166989,1.0,DEFINED,0.0009511431338592604,0.0030619260193552795,0.005268388232219023,6912,3,0.00096856930645792,1,0.0031074012493838717,,,,,,,
fresh_calibration,C1_LEGACY_FROZEN|O_IND|256|0|0.01|0.01|8,C1_LEGACY_FROZEN,O_IND,256,0,0.01,0.01,8,joint_1_minus_joint_0,all,6,"[501, 502, 503, 504, 505, 506]",36,8,288,0,0,6,24,group,0,8.32672593813581e-05,,,UNKNOWN_GROUP_TRUTH_ENERGY_NOT_STORED,0.0001795522565056509,0.0005884608132559234,0.000882664562917735,1152,,,,,0.002372895283732783,,,UNKNOWN_GROUP_TRUTH_ENERGY_NOT_STORED,0.0009526489090003029,0.00303021452992226,0.005268388232219023,1152,,,,,,,,,,,
fresh_calibration,C1_LEGACY_FROZEN|O_IND|256|0|0.01|0.01|8,C1_LEGACY_FROZEN,O_IND,256,0,0.01,0.01,8,joint_1_minus_joint_0,all,6,"[501, 502, 503, 504, 505, 506]",36,8,288,0,0,6,24,group,1,8.700207165972422e-05,,,UNKNOWN_GROUP_TRUTH_ENERGY_NOT_STORED,0.00018064748035582934,0.000589386287694213,0.0008917553325269705,1152,,,,,0.0023848934948129926,,,UNKNOWN_GROUP_TRUTH_ENERGY_NOT_STORED,0.0009652202103576108,0.0031074012493838717,0.005179059716349326,1152,,,,,,,,,,,
fresh_calibration,C1_LEGACY_FROZEN|O_IND|256|0|0.01|0.01|8,C1_LEGACY_FROZEN,O_IND,256,0,0.01,0.01,8,joint_1_minus_joint_0,all,6,"[501, 502, 503, 504, 505, 506]",36,8,288,0,0,6,24,group,2,9.359099326991473e-05,,,UNKNOWN_GROUP_TRUTH_ENERGY_NOT_STORED,0.00019173732177091754,0.0006309563579120896,0.0008401854126428137,1152,,,,,0.002305092543329305,,,UNKNOWN_GROUP_TRUTH_ENERGY_NOT_STORED,0.0009485784119460158,0.002933333822765187,0.005157714950586432,1152,,,,,,,,,,,
fresh_calibration,C1_LEGACY_FROZEN|O_IND|256|0|0.01|0.01|8,C1_LEGACY_FROZEN,O_IND,256,0,0.01,0.01,8,joint_1_minus_joint_0,all,6,"[501, 502, 503, 504, 505, 506]",36,8,288,0,0,6,24,group,3,9.726109872498294e-05,,,UNKNOWN_GROUP_TRUTH_ENERGY_NOT_STORED,0.00019476796155634408,0.0006296986013386071,0.0008765526558124718,1152,,,,,0.0023616436446984176,,,UNKNOWN_GROUP_TRUTH_ENERGY_NOT_STORED,0.00096856930645792,0.0029737179002717294,0.005186064129689379,1152,,,,,,,,,,,
fresh_calibration,C1_LEGACY_FROZEN|O_IND|256|0|0.01|0.01|8,C1_LEGACY_FROZEN,O_IND,256,0,0.01,0.01,8,joint_1_minus_joint_0,all,6,"[501, 502, 503, 504, 505, 506]",36,8,288,0,0,6,24,group,4,6.169263479828724e-05,,,UNKNOWN_GROUP_TRUTH_ENERGY_NOT_STORED,0.00015570492426391852,0.00047628963898417587,0.000719857695442167,1152,,,,,0.00229292624653356,,,UNKNOWN_GROUP_TRUTH_ENERGY_NOT_STORED,0.0009286219008544275,0.003028249013871411,0.005238780740273349,1152,,,,,,,,,,,
fresh_calibration,C1_LEGACY_FROZEN|O_IND|256|0|0.01|0.01|8,C1_LEGACY_FROZEN,O_IND,256,0,0.01,0.01,8,joint_1_minus_joint_0,all,6,"[501, 502, 503, 504, 505, 506]",36,8,288,0,0,6,24,group,5,6.811384408312588e-05,,,UNKNOWN_GROUP_TRUTH_ENERGY_NOT_STORED,0.0001608887518854868,0.0005306594958761722,0.0007654544135698935,1152,,,,,0.002332840351059932,,,UNKNOWN_GROUP_TRUTH_ENERGY_NOT_STORED,0.000943220064539281,0.0030921972952606762,0.0052174576573820524,1152,,,,,,,,,,,
fresh_calibration,C1_LEGACY_FROZEN|O_IND|64|0|0.01|0.01|8,C1_LEGACY_FROZEN,O_IND,64,0,0.01,0.01,8,joint_1_minus_joint_0,all,6,"[501, 502, 503, 504, 505, 506]",36,8,288,0,0,6,24,pooled,,0.0004909279019173942,0.0004909279019173942,1.0,DEFINED,0.00017721644938969097,0.0005812372225042564,0.0008917553325269705,6912,3,0.00019476796155634408,2,0.0006309563579120896,0.014050291564166989,0.014050291564166989,1.0,DEFINED,0.0009511431338592604,0.0030619260193552795,0.005268388232219023,6912,3,0.00096856930645792,1,0.0031074012493838717,,,,,,,
fresh_calibration,C1_LEGACY_FROZEN|O_IND|64|0|0.01|0.01|8,C1_LEGACY_FROZEN,O_IND,64,0,0.01,0.01,8,joint_1_minus_joint_0,all,6,"[501, 502, 503, 504, 505, 506]",36,8,288,0,0,6,24,group,0,8.32672593813581e-05,,,UNKNOWN_GROUP_TRUTH_ENERGY_NOT_STORED,0.0001795522565056509,0.0005884608132559234,0.000882664562917735,1152,,,,,0.002372895283732783,,,UNKNOWN_GROUP_TRUTH_ENERGY_NOT_STORED,0.0009526489090003029,0.00303021452992226,0.005268388232219023,1152,,,,,,,,,,,
fresh_calibration,C1_LEGACY_FROZEN|O_IND|64|0|0.01|0.01|8,C1_LEGACY_FROZEN,O_IND,64,0,0.01,0.01,8,joint_1_minus_joint_0,all,6,"[501, 502, 503, 504, 505, 506]",36,8,288,0,0,6,24,group,1,8.700207165972422e-05,,,UNKNOWN_GROUP_TRUTH_ENERGY_NOT_STORED,0.00018064748035582934,0.000589386287694213,0.0008917553325269705,1152,,,,,0.0023848934948129926,,,UNKNOWN_GROUP_TRUTH_ENERGY_NOT_STORED,0.0009652202103576108,0.0031074012493838717,0.005179059716349326,1152,,,,,,,,,,,
fresh_calibration,C1_LEGACY_FROZEN|O_IND|64|0|0.01|0.01|8,C1_LEGACY_FROZEN,O_IND,64,0,0.01,0.01,8,joint_1_minus_joint_0,all,6,"[501, 502, 503, 504, 505, 506]",36,8,288,0,0,6,24,group,2,9.359099326991473e-05,,,UNKNOWN_GROUP_TRUTH_ENERGY_NOT_STORED,0.00019173732177091754,0.0006309563579120896,0.0008401854126428137,1152,,,,,0.002305092543329305,,,UNKNOWN_GROUP_TRUTH_ENERGY_NOT_STORED,0.0009485784119460158,0.002933333822765187,0.005157714950586432,1152,,,,,,,,,,,
fresh_calibration,C1_LEGACY_FROZEN|O_IND|64|0|0.01|0.01|8,C1_LEGACY_FROZEN,O_IND,64,0,0.01,0.01,8,joint_1_minus_joint_0,all,6,"[501, 502, 503, 504, 505, 506]",36,8,288,0,0,6,24,group,3,9.726109872498294e-05,,,UNKNOWN_GROUP_TRUTH_ENERGY_NOT_STORED,0.00019476796155634408,0.0006296986013386071,0.0008765526558124718,1152,,,,,0.0023616436446984176,,,UNKNOWN_GROUP_TRUTH_ENERGY_NOT_STORED,0.00096856930645792,0.0029737179002717294,0.005186064129689379,1152,,,,,,,,,,,
fresh_calibration,C1_LEGACY_FROZEN|O_IND|64|0|0.01|0.01|8,C1_LEGACY_FROZEN,O_IND,64,0,0.01,0.01,8,joint_1_minus_joint_0,all,6,"[501, 502, 503, 504, 505, 506]",36,8,288,0,0,6,24,group,4,6.169263479828724e-05,,,UNKNOWN_GROUP_TRUTH_ENERGY_NOT_STORED,0.00015570492426391852,0.00047628963898417587,0.000719857695442167,1152,,,,,0.00229292624653356,,,UNKNOWN_GROUP_TRUTH_ENERGY_NOT_STORED,0.0009286219008544275,0.003028249013871411,0.005238780740273349,1152,,,,,,,,,,,
fresh_calibration,C1_LEGACY_FROZEN|O_IND|64|0|0.01|0.01|8,C1_LEGACY_FROZEN,O_IND,64,0,0.01,0.01,8,joint_1_minus_joint_0,all,6,"[501, 502, 503, 504, 505, 506]",36,8,288,0,0,6,24,group,5,6.811384408312588e-05,,,UNKNOWN_GROUP_TRUTH_ENERGY_NOT_STORED,0.0001608887518854868,0.0005306594958761722,0.0007654544135698935,1152,,,,,0.002332840351059932,,,UNKNOWN_GROUP_TRUTH_ENERGY_NOT_STORED,0.000943220064539281,0.0030921972952606762,0.0052174576573820524,1152,,,,,,,,,,,
fresh_calibration,C3|O_LR_MIX|16|FULL|1e-05|0.01|2,C3,O_LR_MIX,16,FULL,1e-05,0.01,2,joint_1_minus_joint_0,all,6,"[501, 502, 503, 504, 505, 506]",36,8,288,0,4,0,4,pooled,,0.00023408375441931627,0.0004909279019173942,0.6905208225872244,DEFINED,0.00011511012154548581,0.00040407191718041803,0.0008917553325269705,6912,1,0.00011903440537197211,3,0.00041946132925196254,0.00264750227291481,0.014050291564166989,0.43408572331465417,DEFINED,0.0004168213585133884,0.0013456383346949563,0.0023809903039574685,6912,3,0.0004299740317064078,3,0.0014205364793635402,,,,,,,
fresh_calibration,C3|O_LR_MIX|16|FULL|1e-05|0.01|2,C3,O_LR_MIX,16,FULL,1e-05,0.01,2,joint_1_minus_joint_0,all,6,"[501, 502, 503, 504, 505, 506]",36,8,288,0,4,0,4,group,0,3.8487156419090414e-05,,,UNKNOWN_GROUP_TRUTH_ENERGY_NOT_STORED,0.00011779045673681862,0.0004081193898068657,0.0006806189951147195,1152,,,,,0.00044159825726032683,,,UNKNOWN_GROUP_TRUTH_ENERGY_NOT_STORED,0.0004144110280715516,0.0013583120025261206,0.002219671504520761,1152,,,,,,,,,,,
fresh_calibration,C3|O_LR_MIX|16|FULL|1e-05|0.01|2,C3,O_LR_MIX,16,FULL,1e-05,0.01,2,joint_1_minus_joint_0,all,6,"[501, 502, 503, 504, 505, 506]",36,8,288,0,4,0,4,group,1,4.312532983391199e-05,,,UNKNOWN_GROUP_TRUTH_ENERGY_NOT_STORED,0.00011903440537197211,0.0004144351987569993,0.0008917553325269705,1152,,,,,0.0004525865631901925,,,UNKNOWN_GROUP_TRUTH_ENERGY_NOT_STORED,0.000424429084184549,0.0013590634838025074,0.0019525619136951655,1152,,,,,,,,,,,
fresh_calibration,C3|O_LR_MIX|16|FULL|1e-05|0.01|2,C3,O_LR_MIX,16,FULL,1e-05,0.01,2,joint_1_minus_joint_0,all,6,"[501, 502, 503, 504, 505, 506]",36,8,288,0,4,0,4,group,2,4.087196031189777e-05,,,UNKNOWN_GROUP_TRUTH_ENERGY_NOT_STORED,0.00011848578014612595,0.00041448170338944957,0.0006566025831772681,1152,,,,,0.0004475968054010946,,,UNKNOWN_GROUP_TRUTH_ENERGY_NOT_STORED,0.00042184209456343186,0.001343849995379343,0.0023809903039574685,1152,,,,,,,,,,,
fresh_calibration,C3|O_LR_MIX|16|FULL|1e-05|0.01|2,C3,O_LR_MIX,16,FULL,1e-05,0.01,2,joint_1_minus_joint_0,all,6,"[501, 502, 503, 504, 505, 506]",36,8,288,0,4,0,4,group,3,4.209770016936079e-05,,,UNKNOWN_GROUP_TRUTH_ENERGY_NOT_STORED,0.00011767797955626163,0.00041946132925196254,0.0008716144520205619,1152,,,,,0.0004664043078128819,,,UNKNOWN_GROUP_TRUTH_ENERGY_NOT_STORED,0.0004299740317064078,0.0014205364793635402,0.0019980237410090656,1152,,,,,,,,,,,
fresh_calibration,C3|O_LR_MIX|16|FULL|1e-05|0.01|2,C3,O_LR_MIX,16,FULL,1e-05,0.01,2,joint_1_minus_joint_0,all,6,"[501, 502, 503, 504, 505, 506]",36,8,288,0,4,0,4,group,4,3.1276405833104566e-05,,,UNKNOWN_GROUP_TRUTH_ENERGY_NOT_STORED,0.00010530511201496895,0.0003559740265817151,0.0007871811618973776,1152,,,,,0.00042809199637820885,,,UNKNOWN_GROUP_TRUTH_ENERGY_NOT_STORED,0.0004055047955249281,0.0013327254142379364,0.002219131806471326,1152,,,,,,,,,,,
fresh_calibration,C3|O_LR_MIX|16|FULL|1e-05|0.01|2,C3,O_LR_MIX,16,FULL,1e-05,0.01,2,joint_1_minus_joint_0,all,6,"[501, 502, 503, 504, 505, 506]",36,8,288,0,4,0,4,group,5,3.822520185195099e-05,,,UNKNOWN_GROUP_TRUTH_ENERGY_NOT_STORED,0.0001123669954467686,0.00038359023587951807,0.0007654544135698935,1152,,,,,0.00041122434287210334,,,UNKNOWN_GROUP_TRUTH_ENERGY_NOT_STORED,0.00040476711702946126,0.0012952153251573988,0.0019158299811604055,1152,,,,,,,,,,,
fresh_calibration,C3|O_LR_MIX|256|FULL|1e-05|0.01|2,C3,O_LR_MIX,256,FULL,1e-05,0.01,2,joint_1_minus_joint_0,all,6,"[501, 502, 503, 504, 505, 506]",36,8,288,0,4,0,4,pooled,,0.00018419361932050084,0.0004909279019173942,0.6125315073979626,DEFINED,0.00010060674370990629,0.000350743426641163,0.0008917553325269705,6912,3,0.00011040364491606386,3,0.0004140244652504565,0.002481639650182763,0.014050291564166989,0.420268356270678,DEFINED,0.0004058975226795886,0.0013255095689681062,0.0017841319514447379,6912,3,0.00042282664153009316,3,0.0014121518534102437,,,,,,,
fresh_calibration,C3|O_LR_MIX|256|FULL|1e-05|0.01|2,C3,O_LR_MIX,256,FULL,1e-05,0.01,2,joint_1_minus_joint_0,all,6,"[501, 502, 503, 504, 505, 506]",36,8,288,0,4,0,4,group,0,2.7401927847745068e-05,,,UNKNOWN_GROUP_TRUTH_ENERGY_NOT_STORED,9.871875626254038e-05,0.0003310286450390777,0.000573029459963877,1152,,,,,0.00041227494521705937,,,UNKNOWN_GROUP_TRUTH_ENERGY_NOT_STORED,0.0004045190666711288,0.001336373638711329,0.0017841319514447379,1152,,,,,,,,,,,
fresh_calibration,C3|O_LR_MIX|256|FULL|1e-05|0.01|2,C3,O_LR_MIX,256,FULL,1e-05,0.01,2,joint_1_minus_joint_0,all,6,"[501, 502, 503, 504, 505, 506]",36,8,288,0,4,0,4,group,1,3.2598593910521215e-05,,,UNKNOWN_GROUP_TRUTH_ENERGY_NOT_STORED,0.00010160585255736347,0.0003369299545705593,0.0008917553325269705,1152,,,,,0.0004225211885602341,,,UNKNOWN_GROUP_TRUTH_ENERGY_NOT_STORED,0.0004117610379829006,0.001362440897527821,0.0016927239222168419,1152,,,,,,,,,,,
fresh_calibration,C3|O_LR_MIX|256|FULL|1e-05|0.01|2,C3,O_LR_MIX,256,FULL,1e-05,0.01,2,joint_1_minus_joint_0,all,6,"[501, 502, 503, 504, 505, 506]",36,8,288,0,4,0,4,group,2,3.4839753179350386e-05,,,UNKNOWN_GROUP_TRUTH_ENERGY_NOT_STORED,0.00010798157154484205,0.000381085854689169,0.0006525391231412998,1152,,,,,0.00041558377677853377,,,UNKNOWN_GROUP_TRUTH_ENERGY_NOT_STORED,0.0004094358394622665,0.0013218407559556255,0.0017182459629339368,1152,,,,,,,,,,,
fresh_calibration,C3|O_LR_MIX|256|FULL|1e-05|0.01|2,C3,O_LR_MIX,256,FULL,1e-05,0.01,2,joint_1_minus_joint_0,all,6,"[501, 502, 503, 504, 505, 506]",36,8,288,0,4,0,4,group,3,3.8335612770371064e-05,,,UNKNOWN_GROUP_TRUTH_ENERGY_NOT_STORED,0.00011040364491606386,0.0004140244652504565,0.0008716144520205619,1152,,,,,0.0004484076720739599,,,UNKNOWN_GROUP_TRUTH_ENERGY_NOT_STORED,0.00042282664153009316,0.0014121518534102437,0.0017355288457970269,1152,,,,,,,,,,,
fresh_calibration,C3|O_LR_MIX|256|FULL|1e-05|0.01|2,C3,O_LR_MIX,256,FULL,1e-05,0.01,2,joint_1_minus_joint_0,all,6,"[501, 502, 503, 504, 505, 506]",36,8,288,0,4,0,4,group,4,2.2318979995968692e-05,,,UNKNOWN_GROUP_TRUTH_ENERGY_NOT_STORED,8.948562709679265e-05,0.00033323132963592963,0.00048063665754586167,1152,,,,,0.0003909060957970491,,,UNKNOWN_GROUP_TRUTH_ENERGY_NOT_STORED,0.0003906257713482148,0.001316684868794501,0.001775965606766199,1152,,,,,,,,,,,
fresh_calibration,C3|O_LR_MIX|256|FULL|1e-05|0.01|2,C3,O_LR_MIX,256,FULL,1e-05,0.01,2,joint_1_minus_joint_0,all,6,"[501, 502, 503, 504, 505, 506]",36,8,288,0,4,0,4,group,5,2.8698751616544596e-05,,,UNKNOWN_GROUP_TRUTH_ENERGY_NOT_STORED,9.544500988183535e-05,0.0003385365730927837,0.0007654544135698935,1152,,,,,0.0003919459717559252,,,UNKNOWN_GROUP_TRUTH_ENERGY_NOT_STORED,0.00039621677908292633,0.0012361742653103677,0.0017561695751393755,1152,,,,,,,,,,,
fresh_calibration,C3|O_LR_MIX|64|FULL|1e-05|0.01|2,C3,O_LR_MIX,64,FULL,1e-05,0.01,2,joint_1_minus_joint_0,all,6,"[501, 502, 503, 504, 505, 506]",36,8,288,0,4,0,4,pooled,,0.0001958302348185955,0.0004909279019173942,0.6315838471890672,DEFINED,0.00010388472462452463,0.0003583921506743584,0.0008917553325269705,6912,3,0.00011219801732467743,3,0.00041847324526068653,0.0025001271359808568,0.014050291564166989,0.42183088941549196,DEFINED,0.00040754012295313516,0.0013376404114095392,0.0019255909813269427,6912,3,0.0004253392347198882,3,0.0014205364793635402,,,,,,,
fresh_calibration,C3|O_LR_MIX|64|FULL|1e-05|0.01|2,C3,O_LR_MIX,64,FULL,1e-05,0.01,2,joint_1_minus_joint_0,all,6,"[501, 502, 503, 504, 505, 506]",36,8,288,0,4,0,4,group,0,2.9984283948144944e-05,,,UNKNOWN_GROUP_TRUTH_ENERGY_NOT_STORED,0.00010222802170858337,0.0003310286450390777,0.0007567807399402701,1152,,,,,0.00041484494353412885,,,UNKNOWN_GROUP_TRUTH_ENERGY_NOT_STORED,0.0004074045945333507,0.0013407210817994735,0.0018294733944119554,1152,,,,,,,,,,,
fresh_calibration,C3|O_LR_MIX|64|FULL|1e-05|0.01|2,C3,O_LR_MIX,64,FULL,1e-05,0.01,2,joint_1_minus_joint_0,all,6,"[501, 502, 503, 504, 505, 506]",36,8,288,0,4,0,4,group,1,3.3960455758757143e-05,,,UNKNOWN_GROUP_TRUTH_ENERGY_NOT_STORED,0.00010465962024939716,0.00035161255946209883,0.0008917553325269705,1152,,,,,0.000428144287748947,,,UNKNOWN_GROUP_TRUTH_ENERGY_NOT_STORED,0.0004137873312240221,0.0013637476973491502,0.0017605050490335401,1152,,,,,,,,,,,
fresh_calibration,C3|O_LR_MIX|64|FULL|1e-05|0.01|2,C3,O_LR_MIX,64,FULL,1e-05,0.01,2,joint_1_minus_joint_0,all,6,"[501, 502, 503, 504, 505, 506]",36,8,288,0,4,0,4,group,2,3.7533372191449435e-05,,,UNKNOWN_GROUP_TRUTH_ENERGY_NOT_STORED,0.00011189885301195735,0.00040503103948705727,0.0006525391231412998,1152,,,,,0.00040975778988338316,,,UNKNOWN_GROUP_TRUTH_ENERGY_NOT_STORED,0.0004094981436005391,0.0012765758526387487,0.0017503063004850022,1152,,,,,,,,,,,
fresh_calibration,C3|O_LR_MIX|64|FULL|1e-05|0.01|2,C3,O_LR_MIX,64,FULL,1e-05,0.01,2,joint_1_minus_joint_0,all,6,"[501, 502, 503, 504, 505, 506]",36,8,288,0,4,0,4,group,3,3.905086615079518e-05,,,UNKNOWN_GROUP_TRUTH_ENERGY_NOT_STORED,0.00011219801732467743,0.00041847324526068653,0.0008716144520205619,1152,,,,,0.0004577373586885219,,,UNKNOWN_GROUP_TRUTH_ENERGY_NOT_STORED,0.0004253392347198882,0.0014205364793635402,0.0017355288457970269,1152,,,,,,,,,,,
fresh_calibration,C3|O_LR_MIX|64|FULL|1e-05|0.01|2,C3,O_LR_MIX,64,FULL,1e-05,0.01,2,joint_1_minus_joint_0,all,6,"[501, 502, 503, 504, 505, 506]",36,8,288,0,4,0,4,group,4,2.5153039380195144e-05,,,UNKNOWN_GROUP_TRUTH_ENERGY_NOT_STORED,9.47978491894619e-05,0.00034578786117945025,0.0004763802616816824,1152,,,,,0.0003866126837545438,,,UNKNOWN_GROUP_TRUTH_ENERGY_NOT_STORED,0.0003880449999820975,0.0013025702420231772,0.0017235834641374079,1152,,,,,,,,,,,
fresh_calibration,C3|O_LR_MIX|64|FULL|1e-05|0.01|2,C3,O_LR_MIX,64,FULL,1e-05,0.01,2,joint_1_minus_joint_0,all,6,"[501, 502, 503, 504, 505, 506]",36,8,288,0,4,0,4,group,5,3.0148217389253696e-05,,,UNKNOWN_GROUP_TRUTH_ENERGY_NOT_STORED,9.75259862630711e-05,0.0003385365730927837,0.0007654544135698935,1152,,,,,0.00040303007237132884,,,UNKNOWN_GROUP_TRUTH_ENERGY_NOT_STORED,0.0004011664336589113,0.0012956025256930682,0.0019255909813269427,1152,,,,,,,,,,,
fresh_calibration,C3|O_LR_ORIGIN|16|FULL|1e-05|0.01|2,C3,O_LR_ORIGIN,16,FULL,1e-05,0.01,2,joint_1_minus_joint_0,all,6,"[501, 502, 503, 504, 505, 506]",36,8,288,0,4,0,4,pooled,,0.00023706278574392984,0.0004909279019173942,0.6949008354038463,DEFINED,0.00011484855463554605,0.0004013430755720432,0.0009122546329035386,6912,3,0.00012414715741985785,3,0.00044172930462671223,0.002603506849704216,0.014050291564166989,0.43046385831788403,DEFINED,0.00041457477456668566,0.0013466258248952053,0.0023255508705803856,6912,3,0.00043116157853437405,2,0.0014076429813401042,,,,,,,
fresh_calibration,C3|O_LR_ORIGIN|16|FULL|1e-05|0.01|2,C3,O_LR_ORIGIN,16,FULL,1e-05,0.01,2,joint_1_minus_joint_0,all,6,"[501, 502, 503, 504, 505, 506]",36,8,288,0,4,0,4,group,0,3.674435300780381e-05,,,UNKNOWN_GROUP_TRUTH_ENERGY_NOT_STORED,0.00011277550828354336,0.00038895717315433754,0.0008057012386174147,1152,,,,,0.0004254680428418888,,,UNKNOWN_GROUP_TRUTH_ENERGY_NOT_STORED,0.00040884785867026027,0.0013306402649886433,0.0021856382049664203,1152,,,,,,,,,,,
fresh_calibration,C3|O_LR_ORIGIN|16|FULL|1e-05|0.01|2,C3,O_LR_ORIGIN,16,FULL,1e-05,0.01,2,joint_1_minus_joint_0,all,6,"[501, 502, 503, 504, 505, 506]",36,8,288,0,4,0,4,group,1,4.022622204070365e-05,,,UNKNOWN_GROUP_TRUTH_ENERGY_NOT_STORED,0.0001139417195446933,0.00039577236605920944,0.0008917553325269705,1152,,,,,0.00043767933612054585,,,UNKNOWN_GROUP_TRUTH_ENERGY_NOT_STORED,0.0004162979318881907,0.0013570386240033929,0.001800003295280625,1152,,,,,,,,,,,
fresh_calibration,C3|O_LR_ORIGIN|16|FULL|1e-05|0.01|2,C3,O_LR_ORIGIN,16,FULL,1e-05,0.01,2,joint_1_minus_joint_0,all,6,"[501, 502, 503, 504, 505, 506]",36,8,288,0,4,0,4,group,2,4.175691892287082e-05,,,UNKNOWN_GROUP_TRUTH_ENERGY_NOT_STORED,0.00011907881951324786,0.0004170008182880957,0.0007334150697365519,1152,,,,,0.000457097451839062,,,UNKNOWN_GROUP_TRUTH_ENERGY_NOT_STORED,0.00042405540661070496,0.0014076429813401042,0.0021628621432125436,1152,,,,,,,,,,,
fresh_calibration,C3|O_LR_ORIGIN|16|FULL|1e-05|0.01|2,C3,O_LR_ORIGIN,16,FULL,1e-05,0.01,2,joint_1_minus_joint_0,all,6,"[501, 502, 503, 504, 505, 506]",36,8,288,0,4,0,4,group,3,4.7100305759799295e-05,,,UNKNOWN_GROUP_TRUTH_ENERGY_NOT_STORED,0.00012414715741985785,0.00044172930462671223,0.0008716144520205619,1152,,,,,0.00045852613543762683,,,UNKNOWN_GROUP_TRUTH_ENERGY_NOT_STORED,0.00043116157853437405,0.0013851767980209261,0.002027960967654286,1152,,,,,,,,,,,
fresh_calibration,C3|O_LR_ORIGIN|16|FULL|1e-05|0.01|2,C3,O_LR_ORIGIN,16,FULL,1e-05,0.01,2,joint_1_minus_joint_0,all,6,"[501, 502, 503, 504, 505, 506]",36,8,288,0,4,0,4,group,4,3.235530441355982e-05,,,UNKNOWN_GROUP_TRUTH_ENERGY_NOT_STORED,0.00010796625895547184,0.00036838722576737926,0.0006060382057903848,1152,,,,,0.00042616785816456423,,,UNKNOWN_GROUP_TRUTH_ENERGY_NOT_STORED,0.0004055902900840613,0.00135448544030269,0.0023255508705803856,1152,,,,,,,,,,,
fresh_calibration,C3|O_LR_ORIGIN|16|FULL|1e-05|0.01|2,C3,O_LR_ORIGIN,16,FULL,1e-05,0.01,2,joint_1_minus_joint_0,all,6,"[501, 502, 503, 504, 505, 506]",36,8,288,0,4,0,4,group,5,3.887968159919266e-05,,,UNKNOWN_GROUP_TRUTH_ENERGY_NOT_STORED,0.00011118186409646257,0.00038109167157681685,0.0009122546329035386,1152,,,,,0.0003985680253005251,,,UNKNOWN_GROUP_TRUTH_ENERGY_NOT_STORED,0.0004014955816125209,0.001293268215661552,0.0017929662803077698,1152,,,,,,,,,,,
fresh_calibration,C3|O_LR_ORIGIN|256|FULL|1e-05|0.01|2,C3,O_LR_ORIGIN,256,FULL,1e-05,0.01,2,joint_1_minus_joint_0,all,6,"[501, 502, 503, 504, 505, 506]",36,8,288,0,4,0,4,pooled,,0.00018522950143335474,0.0004909279019173942,0.6142514932262805,DEFINED,0.00010061097243291485,0.0003500127057704159,0.0008917553325269705,6912,3,0.00011097595308143509,3,0.00040371485984745285,0.0024776161544572527,0.014050291564166989,0.4199275263929762,DEFINED,0.00040624616320756034,0.0013227997051892162,0.001763077811056054,6912,3,0.00042540683370276137,3,0.001398668538852675,,,,,,,
fresh_calibration,C3|O_LR_ORIGIN|256|FULL|1e-05|0.01|2,C3,O_LR_ORIGIN,256,FULL,1e-05,0.01,2,joint_1_minus_joint_0,all,6,"[501, 502, 503, 504, 505, 506]",36,8,288,0,4,0,4,group,0,2.755128508819135e-05,,,UNKNOWN_GROUP_TRUTH_ENERGY_NOT_STORED,9.884320735578661e-05,0.00032783241141157014,0.000573029459963877,1152,,,,,0.0004152156575649074,,,UNKNOWN_GROUP_TRUTH_ENERGY_NOT_STORED,0.00040680753848922627,0.0013541322187158136,0.0017556670171099225,1152,,,,,,,,,,,
fresh_calibration,C3|O_LR_ORIGIN|256|FULL|1e-05|0.01|2,C3,O_LR_ORIGIN,256,FULL,1e-05,0.01,2,joint_1_minus_joint_0,all,6,"[501, 502, 503, 504, 505, 506]",36,8,288,0,4,0,4,group,1,3.2579873860051595e-05,,,UNKNOWN_GROUP_TRUTH_ENERGY_NOT_STORED,0.00010178357886622623,0.0003346590020642564,0.0008917553325269705,1152,,,,,0.00041796247766971706,,,UNKNOWN_GROUP_TRUTH_ENERGY_NOT_STORED,0.00041106557040691426,0.0013569926998134951,0.0016542694549715024,1152,,,,,,,,,,,
fresh_calibration,C3|O_LR_ORIGIN|256|FULL|1e-05|0.01|2,C3,O_LR_ORIGIN,256,FULL,1e-05,0.01,2,joint_1_minus_joint_0,all,6,"[501, 502, 503, 504, 505, 506]",36,8,288,0,4,0,4,group,2,3.547583445465342e-05,,,UNKNOWN_GROUP_TRUTH_ENERGY_NOT_STORED,0.00010910980012198417,0.00039434994419998063,0.0006525391231412998,1152,,,,,0.0004184195113847365,,,UNKNOWN_GROUP_TRUTH_ENERGY_NOT_STORED,0.0004095509456986098,0.0013414717195593528,0.0017144020503978344,1152,,,,,,,,,,,
fresh_calibration,C3|O_LR_ORIGIN|256|FULL|1e-05|0.01|2,C3,O_LR_ORIGIN,256,FULL,1e-05,0.01,2,joint_1_minus_joint_0,all,6,"[501, 502, 503, 504, 505, 506]",36,8,288,0,4,0,4,group,3,3.8412695026730624e-05,,,UNKNOWN_GROUP_TRUTH_ENERGY_NOT_STORED,0.00011097595308143509,0.00040371485984745285,0.0008716144520205619,1152,,,,,0.00045205292652286265,,,UNKNOWN_GROUP_TRUTH_ENERGY_NOT_STORED,0.00042540683370276137,0.001398668538852675,0.0017355288457970269,1152,,,,,,,,,,,
fresh_calibration,C3|O_LR_ORIGIN|256|FULL|1e-05|0.01|2,C3,O_LR_ORIGIN,256,FULL,1e-05,0.01,2,joint_1_minus_joint_0,all,6,"[501, 502, 503, 504, 505, 506]",36,8,288,0,4,0,4,group,4,2.26478861307222e-05,,,UNKNOWN_GROUP_TRUTH_ENERGY_NOT_STORED,8.918542592818208e-05,0.00034104438883242127,0.00043085208013381935,1152,,,,,0.00038356931828432414,,,UNKNOWN_GROUP_TRUTH_ENERGY_NOT_STORED,0.0003897016640839783,0.0012842695863104646,0.001763077811056054,1152,,,,,,,,,,,
fresh_calibration,C3|O_LR_ORIGIN|256|FULL|1e-05|0.01|2,C3,O_LR_ORIGIN,256,FULL,1e-05,0.01,2,joint_1_minus_joint_0,all,6,"[501, 502, 503, 504, 505, 506]",36,8,288,0,4,0,4,group,5,2.856192687300569e-05,,,UNKNOWN_GROUP_TRUTH_ENERGY_NOT_STORED,9.376786924387497e-05,0.0003385365730927837,0.0007654544135698935,1152,,,,,0.00039039626303070257,,,UNKNOWN_GROUP_TRUTH_ENERGY_NOT_STORED,0.0003949444268638707,0.0012630563636770575,0.0016769967706226866,1152,,,,,,,,,,,
fresh_calibration,C3|O_LR_ORIGIN|64|FULL|1e-05|0.01|2,C3,O_LR_ORIGIN,64,FULL,1e-05,0.01,2,joint_1_minus_joint_0,all,6,"[501, 502, 503, 504, 505, 506]",36,8,288,0,4,0,4,pooled,,0.0001956218386515518,0.0004909279019173942,0.631247702241824,DEFINED,0.0001039912985902132,0.0003596225882290753,0.0008917553325269705,6912,3,0.00011565106667925674,3,0.00041946132925196254,0.002517010575684787,0.014050291564166989,0.4232528117272394,DEFINED,0.0004082003416911575,0.0013335105628625996,0.0019839154695932303,6912,3,0.0004208190738499451,3,0.0014202692043025836,,,,,,,
fresh_calibration,C3|O_LR_ORIGIN|64|FULL|1e-05|0.01|2,C3,O_LR_ORIGIN,64,FULL,1e-05,0.01,2,joint_1_minus_joint_0,all,6,"[501, 502, 503, 504, 505, 506]",36,8,288,0,4,0,4,group,0,2.9371135327860145e-05,,,UNKNOWN_GROUP_TRUTH_ENERGY_NOT_STORED,0.00010141054672650457,0.0003310286450390777,0.000573029459963877,1152,,,,,0.0004228738512649838,,,UNKNOWN_GROUP_TRUTH_ENERGY_NOT_STORED,0.00040713439128536367,0.0013615021018460636,0.0019839154695932303,1152,,,,,,,,,,,
fresh_calibration,C3|O_LR_ORIGIN|64|FULL|1e-05|0.01|2,C3,O_LR_ORIGIN,64,FULL,1e-05,0.01,2,joint_1_minus_joint_0,all,6,"[501, 502, 503, 504, 505, 506]",36,8,288,0,4,0,4,group,1,3.327725037111267e-05,,,UNKNOWN_GROUP_TRUTH_ENERGY_NOT_STORED,0.00010244049698007179,0.0003408515249870181,0.0008917553325269705,1152,,,,,0.0004293001198283303,,,UNKNOWN_GROUP_TRUTH_ENERGY_NOT_STORED,0.0004163263886946892,0.0013505891562493656,0.0016947871935534592,1152,,,,,,,,,,,
fresh_calibration,C3|O_LR_ORIGIN|64|FULL|1e-05|0.01|2,C3,O_LR_ORIGIN,64,FULL,1e-05,0.01,2,joint_1_minus_joint_0,all,6,"[501, 502, 503, 504, 505, 506]",36,8,288,0,4,0,4,group,2,3.777089671237545e-05,,,UNKNOWN_GROUP_TRUTH_ENERGY_NOT_STORED,0.00011404235015101378,0.0004043823877376831,0.0006525391231412998,1152,,,,,0.00042267037122958173,,,UNKNOWN_GROUP_TRUTH_ENERGY_NOT_STORED,0.0004110466157234755,0.0013058943179431266,0.0019837417625078626,1152,,,,,,,,,,,
fresh_calibration,C3|O_LR_ORIGIN|64|FULL|1e-05|0.01|2,C3,O_LR_ORIGIN,64,FULL,1e-05,0.01,2,joint_1_minus_joint_0,all,6,"[501, 502, 503, 504, 505, 506]",36,8,288,0,4,0,4,group,3,4.118855394146331e-05,,,UNKNOWN_GROUP_TRUTH_ENERGY_NOT_STORED,0.00011565106667925674,0.00041946132925196254,0.0008716144520205619,1152,,,,,0.0004453937895103539,,,UNKNOWN_GROUP_TRUTH_ENERGY_NOT_STORED,0.0004208190738499451,0.0014202692043025836,0.0017355288457970269,1152,,,,,,,,,,,
fresh_calibration,C3|O_LR_ORIGIN|64|FULL|1e-05|0.01|2,C3,O_LR_ORIGIN,64,FULL,1e-05,0.01,2,joint_1_minus_joint_0,all,6,"[501, 502, 503, 504, 505, 506]",36,8,288,0,4,0,4,group,4,2.35237882515871e-05,,,UNKNOWN_GROUP_TRUTH_ENERGY_NOT_STORED,9.204973117644141e-05,0.00034481697891136507,0.0005441187410791628,1152,,,,,0.00039504150212884653,,,UNKNOWN_GROUP_TRUTH_ENERGY_NOT_STORED,0.0003918392512274368,0.0013051014970454436,0.0018242562119081852,1152,,,,,,,,,,,
fresh_calibration,C3|O_LR_ORIGIN|64|FULL|1e-05|0.01|2,C3,O_LR_ORIGIN,64,FULL,1e-05,0.01,2,joint_1_minus_joint_0,all,6,"[501, 502, 503, 504, 505, 506]",36,8,288,0,4,0,4,group,5,3.0490214047153145e-05,,,UNKNOWN_GROUP_TRUTH_ENERGY_NOT_STORED,9.835359982799151e-05,0.000344337309079657,0.0007654544135698935,1152,,,,,0.00040173094172268783,,,UNKNOWN_GROUP_TRUTH_ENERGY_NOT_STORED,0.0004020363293660346,0.0012756251136296988,0.0017579607691692895,1152,,,,,,,,,,,
fresh_calibration,C5|O_LR_ORIGIN|16|4|1e-05|0.01|2,C5,O_LR_ORIGIN,16,4,1e-05,0.01,2,joint_1_minus_joint_0,all,6,"[501, 502, 503, 504, 505, 506]",36,8,288,0,4,0,4,pooled,,0.00023706278574392982,0.0004909279019173942,0.6949008354038463,DEFINED,0.00011484855463554605,0.0004013430755720433,0.0009122546329035389,6912,3,0.00012414715741985774,3,0.00044172930462671223,0.002603506849704215,0.014050291564166989,0.4304638583178839,DEFINED,0.0004145747745666856,0.0013466258248952053,0.0023255508705803847,6912,3,0.000431161578534374,2,0.001407642981340102,,,,,,,
fresh_calibration,C5|O_LR_ORIGIN|16|4|1e-05|0.01|2,C5,O_LR_ORIGIN,16,4,1e-05,0.01,2,joint_1_minus_joint_0,all,6,"[501, 502, 503, 504, 505, 506]",36,8,288,0,4,0,4,group,0,3.67443530078038e-05,,,UNKNOWN_GROUP_TRUTH_ENERGY_NOT_STORED,0.00011277550828354336,0.00038895717315433754,0.0008057012386174144,1152,,,,,0.0004254680428418887,,,UNKNOWN_GROUP_TRUTH_ENERGY_NOT_STORED,0.00040884785867026027,0.0013306402649886425,0.002185638204966422,1152,,,,,,,,,,,
fresh_calibration,C5|O_LR_ORIGIN|16|4|1e-05|0.01|2,C5,O_LR_ORIGIN,16,4,1e-05,0.01,2,joint_1_minus_joint_0,all,6,"[501, 502, 503, 504, 505, 506]",36,8,288,0,4,0,4,group,1,4.022622204070366e-05,,,UNKNOWN_GROUP_TRUTH_ENERGY_NOT_STORED,0.00011394171954469333,0.00039577236605920933,0.0008917553325269705,1152,,,,,0.00043767933612054585,,,UNKNOWN_GROUP_TRUTH_ENERGY_NOT_STORED,0.0004162979318881907,0.0013570386240033924,0.0018000032952806232,1152,,,,,,,,,,,
fresh_calibration,C5|O_LR_ORIGIN|16|4|1e-05|0.01|2,C5,O_LR_ORIGIN,16,4,1e-05,0.01,2,joint_1_minus_joint_0,all,6,"[501, 502, 503, 504, 505, 506]",36,8,288,0,4,0,4,group,2,4.1756918922870825e-05,,,UNKNOWN_GROUP_TRUTH_ENERGY_NOT_STORED,0.00011907881951324789,0.0004170008182880957,0.0007334150697365522,1152,,,,,0.0004570974518390619,,,UNKNOWN_GROUP_TRUTH_ENERGY_NOT_STORED,0.00042405540661070507,0.001407642981340102,0.002162862143212541,1152,,,,,,,,,,,
fresh_calibration,C5|O_LR_ORIGIN|16|4|1e-05|0.01|2,C5,O_LR_ORIGIN,16,4,1e-05,0.01,2,joint_1_minus_joint_0,all,6,"[501, 502, 503, 504, 505, 506]",36,8,288,0,4,0,4,group,3,4.710030575979929e-05,,,UNKNOWN_GROUP_TRUTH_ENERGY_NOT_STORED,0.00012414715741985774,0.00044172930462671223,0.0008716144520205619,1152,,,,,0.0004585261354376267,,,UNKNOWN_GROUP_TRUTH_ENERGY_NOT_STORED,0.000431161578534374,0.0013851767980209246,0.0020279609676542854,1152,,,,,,,,,,,
fresh_calibration,C5|O_LR_ORIGIN|16|4|1e-05|0.01|2,C5,O_LR_ORIGIN,16,4,1e-05,0.01,2,joint_1_minus_joint_0,all,6,"[501, 502, 503, 504, 505, 506]",36,8,288,0,4,0,4,group,4,3.235530441355982e-05,,,UNKNOWN_GROUP_TRUTH_ENERGY_NOT_STORED,0.00010796625895547186,0.00036838722576737926,0.0006060382057903848,1152,,,,,0.00042616785816456423,,,UNKNOWN_GROUP_TRUTH_ENERGY_NOT_STORED,0.0004055902900840612,0.0013544854403026896,0.0023255508705803847,1152,,,,,,,,,,,
fresh_calibration,C5|O_LR_ORIGIN|16|4|1e-05|0.01|2,C5,O_LR_ORIGIN,16,4,1e-05,0.01,2,joint_1_minus_joint_0,all,6,"[501, 502, 503, 504, 505, 506]",36,8,288,0,4,0,4,group,5,3.887968159919265e-05,,,UNKNOWN_GROUP_TRUTH_ENERGY_NOT_STORED,0.00011118186409646257,0.00038109167157681685,0.0009122546329035389,1152,,,,,0.00039856802530052504,,,UNKNOWN_GROUP_TRUTH_ENERGY_NOT_STORED,0.0004014955816125211,0.0012932682156615513,0.0017929662803077685,1152,,,,,,,,,,,
fresh_calibration,C5|O_LR_ORIGIN|256|4|1e-05|0.01|2,C5,O_LR_ORIGIN,256,4,1e-05,0.01,2,joint_1_minus_joint_0,all,6,"[501, 502, 503, 504, 505, 506]",36,8,288,0,4,0,4,pooled,,0.00018522950143335477,0.0004909279019173942,0.6142514932262805,DEFINED,0.00010061097243291486,0.00035001270577041614,0.0008917553325269705,6912,3,0.00011097595308143509,3,0.00040371485984745285,0.0024776161544572527,0.014050291564166989,0.4199275263929762,DEFINED,0.0004062461632075603,0.0013227997051892156,0.001763077811056053,6912,3,0.0004254068337027613,3,0.0013986685388526743,,,,,,,
fresh_calibration,C5|O_LR_ORIGIN|256|4|1e-05|0.01|2,C5,O_LR_ORIGIN,256,4,1e-05,0.01,2,joint_1_minus_joint_0,all,6,"[501, 502, 503, 504, 505, 506]",36,8,288,0,4,0,4,group,0,2.7551285088191353e-05,,,UNKNOWN_GROUP_TRUTH_ENERGY_NOT_STORED,9.88432073557866e-05,0.00032783241141157025,0.000573029459963877,1152,,,,,0.0004152156575649073,,,UNKNOWN_GROUP_TRUTH_ENERGY_NOT_STORED,0.00040680753848922616,0.001354132218715813,0.001755667017109921,1152,,,,,,,,,,,
fresh_calibration,C5|O_LR_ORIGIN|256|4|1e-05|0.01|2,C5,O_LR_ORIGIN,256,4,1e-05,0.01,2,joint_1_minus_joint_0,all,6,"[501, 502, 503, 504, 505, 506]",36,8,288,0,4,0,4,group,1,3.2579873860051595e-05,,,UNKNOWN_GROUP_TRUTH_ENERGY_NOT_STORED,0.00010178357886622622,0.0003346590020642564,0.0008917553325269705,1152,,,,,0.00041796247766971695,,,UNKNOWN_GROUP_TRUTH_ENERGY_NOT_STORED,0.0004110655704069141,0.0013569926998134951,0.0016542694549715005,1152,,,,,,,,,,,
fresh_calibration,C5|O_LR_ORIGIN|256|4|1e-05|0.01|2,C5,O_LR_ORIGIN,256,4,1e-05,0.01,2,joint_1_minus_joint_0,all,6,"[501, 502, 503, 504, 505, 506]",36,8,288,0,4,0,4,group,2,3.547583445465342e-05,,,UNKNOWN_GROUP_TRUTH_ENERGY_NOT_STORED,0.00010910980012198416,0.00039434994419998063,0.0006525391231412998,1152,,,,,0.0004184195113847364,,,UNKNOWN_GROUP_TRUTH_ENERGY_NOT_STORED,0.00040955094569860976,0.001341471719559352,0.0017144020503978346,1152,,,,,,,,,,,
fresh_calibration,C5|O_LR_ORIGIN|256|4|1e-05|0.01|2,C5,O_LR_ORIGIN,256,4,1e-05,0.01,2,joint_1_minus_joint_0,all,6,"[501, 502, 503, 504, 505, 506]",36,8,288,0,4,0,4,group,3,3.841269502673062e-05,,,UNKNOWN_GROUP_TRUTH_ENERGY_NOT_STORED,0.00011097595308143509,0.00040371485984745285,0.0008716144520205619,1152,,,,,0.00045205292652286254,,,UNKNOWN_GROUP_TRUTH_ENERGY_NOT_STORED,0.0004254068337027613,0.0013986685388526743,0.0017355288457970269,1152,,,,,,,,,,,
fresh_calibration,C5|O_LR_ORIGIN|256|4|1e-05|0.01|2,C5,O_LR_ORIGIN,256,4,1e-05,0.01,2,joint_1_minus_joint_0,all,6,"[501, 502, 503, 504, 505, 506]",36,8,288,0,4,0,4,group,4,2.2647886130722197e-05,,,UNKNOWN_GROUP_TRUTH_ENERGY_NOT_STORED,8.918542592818208e-05,0.00034104438883242127,0.00043085208013381935,1152,,,,,0.000383569318284324,,,UNKNOWN_GROUP_TRUTH_ENERGY_NOT_STORED,0.0003897016640839783,0.0012842695863104657,0.001763077811056053,1152,,,,,,,,,,,
fresh_calibration,C5|O_LR_ORIGIN|256|4|1e-05|0.01|2,C5,O_LR_ORIGIN,256,4,1e-05,0.01,2,joint_1_minus_joint_0,all,6,"[501, 502, 503, 504, 505, 506]",36,8,288,0,4,0,4,group,5,2.856192687300569e-05,,,UNKNOWN_GROUP_TRUTH_ENERGY_NOT_STORED,9.376786924387496e-05,0.0003385365730927837,0.0007654544135698935,1152,,,,,0.00039039626303070246,,,UNKNOWN_GROUP_TRUTH_ENERGY_NOT_STORED,0.00039494442686387063,0.001263056363677058,0.0016769967706226855,1152,,,,,,,,,,,
fresh_calibration,C5|O_LR_ORIGIN|64|4|1e-05|0.01|2,C5,O_LR_ORIGIN,64,4,1e-05,0.01,2,joint_1_minus_joint_0,all,6,"[501, 502, 503, 504, 505, 506]",36,8,288,0,4,0,4,pooled,,0.0001956218386515518,0.0004909279019173942,0.631247702241824,DEFINED,0.0001039912985902132,0.0003596225882290751,0.0008917553325269705,6912,3,0.00011565106667925677,3,0.00041946132925196254,0.0025170105756847855,0.014050291564166989,0.4232528117272392,DEFINED,0.0004082003416911575,0.0013335105628625994,0.0019839154695932286,6912,3,0.0004208190738499451,3,0.0014202692043025836,0,0.669056110021013,5,0,0.4342750664156918,3,
fresh_calibration,C5|O_LR_ORIGIN|64|4|1e-05|0.01|2,C5,O_LR_ORIGIN,64,4,1e-05,0.01,2,joint_1_minus_joint_0,all,6,"[501, 502, 503, 504, 505, 506]",36,8,288,0,4,0,4,group,0,2.937113532786014e-05,8.326725938135811e-05,0.5939135473561679,DEFINED_FROM_RAW_AUDIT,0.00010141054672650453,0.0003310286450390777,0.000573029459963877,1152,,,,,0.0004228738512649837,0.002372895283732783,0.422149353921128,DEFINED_FROM_RAW_AUDIT,0.00040713439128536367,0.0013615021018460636,0.0019839154695932286,1152,,,,,,,,,,,0
fresh_calibration,C5|O_LR_ORIGIN|64|4|1e-05|0.01|2,C5,O_LR_ORIGIN,64,4,1e-05,0.01,2,joint_1_minus_joint_0,all,6,"[501, 502, 503, 504, 505, 506]",36,8,288,0,4,0,4,group,1,3.327725037111267e-05,8.700207165972422e-05,0.6184561607976063,DEFINED_FROM_RAW_AUDIT,0.00010244049698007176,0.0003408515249870181,0.0008917553325269705,1152,,,,,0.0004293001198283302,0.0023848934948129926,0.4242736012657637,DEFINED_FROM_RAW_AUDIT,0.00041632638869468913,0.0013505891562493647,0.0016947871935534577,1152,,,,,,,,,,,1
fresh_calibration,C5|O_LR_ORIGIN|64|4|1e-05|0.01|2,C5,O_LR_ORIGIN,64,4,1e-05,0.01,2,joint_1_minus_joint_0,all,6,"[501, 502, 503, 504, 505, 506]",36,8,288,0,4,0,4,group,2,3.777089671237544e-05,9.359099326991473e-05,0.6352747873965556,DEFINED_FROM_RAW_AUDIT,0.00011404235015101378,0.00040438238773768295,0.0006525391231412998,1152,,,,,0.00042267037122958157,0.002305092543329305,0.42820991575121037,DEFINED_FROM_RAW_AUDIT,0.00041104661572347544,0.0013058943179431266,0.0019837417625078618,1152,,,,,,,,,,,2
fresh_calibration,C5|O_LR_ORIGIN|64|4|1e-05|0.01|2,C5,O_LR_ORIGIN,64,4,1e-05,0.01,2,joint_1_minus_joint_0,all,6,"[501, 502, 503, 504, 505, 506]",36,8,288,0,4,0,4,group,3,4.118855394146331e-05,9.726109872498294e-05,0.6507567578538445,DEFINED_FROM_RAW_AUDIT,0.00011565106667925677,0.00041946132925196254,0.0008716144520205619,1152,,,,,0.00044539378951035383,0.0023616436446984176,0.4342750664156918,DEFINED_FROM_RAW_AUDIT,0.0004208190738499451,0.0014202692043025836,0.0017355288457970269,1152,,,,,,,,,,,3
fresh_calibration,C5|O_LR_ORIGIN|64|4|1e-05|0.01|2,C5,O_LR_ORIGIN,64,4,1e-05,0.01,2,joint_1_minus_joint_0,all,6,"[501, 502, 503, 504, 505, 506]",36,8,288,0,4,0,4,group,4,2.3523788251587095e-05,6.169263479828724e-05,0.6175000134404416,DEFINED_FROM_RAW_AUDIT,9.204973117644141e-05,0.00034481697891136507,0.0005441187410791626,1152,,,,,0.0003950415021288464,0.0022929262465335594,0.4150747540090353,DEFINED_FROM_RAW_AUDIT,0.00039183925122743675,0.0013051014970454438,0.0018242562119081829,1152,,,,,,,,,,,4
fresh_calibration,C5|O_LR_ORIGIN|64|4|1e-05|0.01|2,C5,O_LR_ORIGIN,64,4,1e-05,0.01,2,joint_1_minus_joint_0,all,6,"[501, 502, 503, 504, 505, 506]",36,8,288,0,4,0,4,group,5,3.049021404715314e-05,6.811384408312588e-05,0.669056110021013,DEFINED_FROM_RAW_AUDIT,9.835359982799151e-05,0.000344337309079657,0.0007654544135698935,1152,,,,,0.00040173094172268767,0.002332840351059932,0.4149780561923543,DEFINED_FROM_RAW_AUDIT,0.00040203632936603454,0.0012756251136296995,0.0017579607691692878,1152,,,,,,,,,,,5
fresh_calibration,C6|O_LR_MIX|16|4|1e-05|0.01|2,C6,O_LR_MIX,16,4,1e-05,0.01,2,joint_1_minus_joint_0,all,6,"[501, 502, 503, 504, 505, 506]",36,8,288,0,4,0,4,pooled,,0.00023408375441931624,0.0004909279019173942,0.6905208225872242,DEFINED,0.0001151101215454858,0.000404071917180418,0.0008917553325269705,6912,1,0.0001190344053719721,3,0.00041946132925196254,0.0026475022729148105,0.014050291564166989,0.4340857233146542,DEFINED,0.00041682135851338836,0.0013456383346949557,0.0023809903039574668,6912,3,0.00042997403170640775,3,0.0014205364793635402,,,,,,,
fresh_calibration,C6|O_LR_MIX|16|4|1e-05|0.01|2,C6,O_LR_MIX,16,4,1e-05,0.01,2,joint_1_minus_joint_0,all,6,"[501, 502, 503, 504, 505, 506]",36,8,288,0,4,0,4,group,0,3.848715641909041e-05,,,UNKNOWN_GROUP_TRUTH_ENERGY_NOT_STORED,0.0001177904567368186,0.0004081193898068657,0.0006806189951147197,1152,,,,,0.0004415982572603268,,,UNKNOWN_GROUP_TRUTH_ENERGY_NOT_STORED,0.0004144110280715515,0.0013583120025261206,0.0022196715045207614,1152,,,,,,,,,,,
fresh_calibration,C6|O_LR_MIX|16|4|1e-05|0.01|2,C6,O_LR_MIX,16,4,1e-05,0.01,2,joint_1_minus_joint_0,all,6,"[501, 502, 503, 504, 505, 506]",36,8,288,0,4,0,4,group,1,4.3125329833911985e-05,,,UNKNOWN_GROUP_TRUTH_ENERGY_NOT_STORED,0.0001190344053719721,0.0004144351987569993,0.0008917553325269705,1152,,,,,0.00045258656319019245,,,UNKNOWN_GROUP_TRUTH_ENERGY_NOT_STORED,0.0004244290841845489,0.0013590634838025065,0.0019525619136951655,1152,,,,,,,,,,,
fresh_calibration,C6|O_LR_MIX|16|4|1e-05|0.01|2,C6,O_LR_MIX,16,4,1e-05,0.01,2,joint_1_minus_joint_0,all,6,"[501, 502, 503, 504, 505, 506]",36,8,288,0,4,0,4,group,2,4.087196031189776e-05,,,UNKNOWN_GROUP_TRUTH_ENERGY_NOT_STORED,0.00011848578014612595,0.0004144817033894494,0.0006566025831772681,1152,,,,,0.00044759680540109453,,,UNKNOWN_GROUP_TRUTH_ENERGY_NOT_STORED,0.00042184209456343186,0.0013438499953793437,0.0023809903039574668,1152,,,,,,,,,,,
fresh_calibration,C6|O_LR_MIX|16|4|1e-05|0.01|2,C6,O_LR_MIX,16,4,1e-05,0.01,2,joint_1_minus_joint_0,all,6,"[501, 502, 503, 504, 505, 506]",36,8,288,0,4,0,4,group,3,4.209770016936079e-05,,,UNKNOWN_GROUP_TRUTH_ENERGY_NOT_STORED,0.00011767797955626163,0.00041946132925196254,0.0008716144520205619,1152,,,,,0.00046640430781288186,,,UNKNOWN_GROUP_TRUTH_ENERGY_NOT_STORED,0.00042997403170640775,0.0014205364793635402,0.0019980237410090656,1152,,,,,,,,,,,
fresh_calibration,C6|O_LR_MIX|16|4|1e-05|0.01|2,C6,O_LR_MIX,16,4,1e-05,0.01,2,joint_1_minus_joint_0,all,6,"[501, 502, 503, 504, 505, 506]",36,8,288,0,4,0,4,group,4,3.1276405833104566e-05,,,UNKNOWN_GROUP_TRUTH_ENERGY_NOT_STORED,0.00010530511201496895,0.0003559740265817151,0.0007871811618973775,1152,,,,,0.0004280919963782087,,,UNKNOWN_GROUP_TRUTH_ENERGY_NOT_STORED,0.00040550479552492805,0.0013327254142379357,0.002219131806471326,1152,,,,,,,,,,,
fresh_calibration,C6|O_LR_MIX|16|4|1e-05|0.01|2,C6,O_LR_MIX,16,4,1e-05,0.01,2,joint_1_minus_joint_0,all,6,"[501, 502, 503, 504, 505, 506]",36,8,288,0,4,0,4,group,5,3.822520185195098e-05,,,UNKNOWN_GROUP_TRUTH_ENERGY_NOT_STORED,0.0001123669954467686,0.0003835902358795181,0.0007654544135698935,1152,,,,,0.0004112243428721033,,,UNKNOWN_GROUP_TRUTH_ENERGY_NOT_STORED,0.0004047671170294611,0.0012952153251573988,0.0019158299811604048,1152,,,,,,,,,,,
fresh_calibration,C6|O_LR_MIX|256|4|1e-05|0.01|2,C6,O_LR_MIX,256,4,1e-05,0.01,2,joint_1_minus_joint_0,all,6,"[501, 502, 503, 504, 505, 506]",36,8,288,0,4,0,4,pooled,,0.0001841936193205009,0.0004909279019173942,0.6125315073979627,DEFINED,0.0001006067437099063,0.0003507434266411629,0.0008917553325269705,6912,3,0.00011040364491606384,3,0.0004140244652504565,0.0024816396501827626,0.014050291564166989,0.42026835627067793,DEFINED,0.0004058975226795886,0.0013255095689681047,0.0017841319514447385,6912,3,0.0004228266415300931,3,0.0014121518534102441,,,,,,,
fresh_calibration,C6|O_LR_MIX|256|4|1e-05|0.01|2,C6,O_LR_MIX,256,4,1e-05,0.01,2,joint_1_minus_joint_0,all,6,"[501, 502, 503, 504, 505, 506]",36,8,288,0,4,0,4,group,0,2.7401927847745068e-05,,,UNKNOWN_GROUP_TRUTH_ENERGY_NOT_STORED,9.871875626254041e-05,0.0003310286450390777,0.000573029459963877,1152,,,,,0.0004122749452170593,,,UNKNOWN_GROUP_TRUTH_ENERGY_NOT_STORED,0.0004045190666711286,0.0013363736387113283,0.0017841319514447385,1152,,,,,,,,,,,
fresh_calibration,C6|O_LR_MIX|256|4|1e-05|0.01|2,C6,O_LR_MIX,256,4,1e-05,0.01,2,joint_1_minus_joint_0,all,6,"[501, 502, 503, 504, 505, 506]",36,8,288,0,4,0,4,group,1,3.2598593910521215e-05,,,UNKNOWN_GROUP_TRUTH_ENERGY_NOT_STORED,0.00010160585255736344,0.0003369299545705593,0.0008917553325269705,1152,,,,,0.0004225211885602341,,,UNKNOWN_GROUP_TRUTH_ENERGY_NOT_STORED,0.00041176103798290053,0.001362440897527821,0.0016927239222168397,1152,,,,,,,,,,,
fresh_calibration,C6|O_LR_MIX|256|4|1e-05|0.01|2,C6,O_LR_MIX,256,4,1e-05,0.01,2,joint_1_minus_joint_0,all,6,"[501, 502, 503, 504, 505, 506]",36,8,288,0,4,0,4,group,2,3.4839753179350386e-05,,,UNKNOWN_GROUP_TRUTH_ENERGY_NOT_STORED,0.00010798157154484205,0.000381085854689169,0.0006525391231412998,1152,,,,,0.0004155837767785337,,,UNKNOWN_GROUP_TRUTH_ENERGY_NOT_STORED,0.00040943583946226634,0.0013218407559556257,0.0017182459629339366,1152,,,,,,,,,,,
fresh_calibration,C6|O_LR_MIX|256|4|1e-05|0.01|2,C6,O_LR_MIX,256,4,1e-05,0.01,2,joint_1_minus_joint_0,all,6,"[501, 502, 503, 504, 505, 506]",36,8,288,0,4,0,4,group,3,3.8335612770371064e-05,,,UNKNOWN_GROUP_TRUTH_ENERGY_NOT_STORED,0.00011040364491606384,0.0004140244652504565,0.0008716144520205619,1152,,,,,0.0004484076720739599,,,UNKNOWN_GROUP_TRUTH_ENERGY_NOT_STORED,0.0004228266415300931,0.0014121518534102441,0.0017355288457970269,1152,,,,,,,,,,,
fresh_calibration,C6|O_LR_MIX|256|4|1e-05|0.01|2,C6,O_LR_MIX,256,4,1e-05,0.01,2,joint_1_minus_joint_0,all,6,"[501, 502, 503, 504, 505, 506]",36,8,288,0,4,0,4,group,4,2.2318979995968692e-05,,,UNKNOWN_GROUP_TRUTH_ENERGY_NOT_STORED,8.948562709679267e-05,0.00033323132963592963,0.00048063665754586167,1152,,,,,0.00039090609579704906,,,UNKNOWN_GROUP_TRUTH_ENERGY_NOT_STORED,0.0003906257713482148,0.001316684868794501,0.0017759656067661996,1152,,,,,,,,,,,
fresh_calibration,C6|O_LR_MIX|256|4|1e-05|0.01|2,C6,O_LR_MIX,256,4,1e-05,0.01,2,joint_1_minus_joint_0,all,6,"[501, 502, 503, 504, 505, 506]",36,8,288,0,4,0,4,group,5,2.8698751616544592e-05,,,UNKNOWN_GROUP_TRUTH_ENERGY_NOT_STORED,9.544500988183535e-05,0.0003385365730927837,0.0007654544135698935,1152,,,,,0.00039194597175592507,,,UNKNOWN_GROUP_TRUTH_ENERGY_NOT_STORED,0.00039621677908292633,0.0012361742653103681,0.0017561695751393738,1152,,,,,,,,,,,
fresh_calibration,C6|O_LR_MIX|64|4|1e-05|0.01|2,C6,O_LR_MIX,64,4,1e-05,0.01,2,joint_1_minus_joint_0,all,6,"[501, 502, 503, 504, 505, 506]",36,8,288,0,4,0,4,pooled,,0.0001958302348185955,0.0004909279019173942,0.6315838471890672,DEFINED,0.00010388472462452463,0.0003583921506743584,0.0008917553325269705,6912,3,0.00011219801732467743,3,0.00041847324526068653,0.002500127135980855,0.014050291564166989,0.42183088941549185,DEFINED,0.0004075401229531351,0.0013376404114095392,0.001925590981326943,6912,3,0.0004253392347198881,3,0.0014205364793635402,0,0.6652932599342113,5,0,0.4402516542362415,3,
fresh_calibration,C6|O_LR_MIX|64|4|1e-05|0.01|2,C6,O_LR_MIX,64,4,1e-05,0.01,2,joint_1_minus_joint_0,all,6,"[501, 502, 503, 504, 505, 506]",36,8,288,0,4,0,4,group,0,2.9984283948144944e-05,8.326725938135811e-05,0.6000807643141505,DEFINED_FROM_RAW_AUDIT,0.00010222802170858333,0.0003310286450390777,0.0007567807399402701,1152,,,,,0.0004148449435341287,0.002372895283732783,0.4181225726519868,DEFINED_FROM_RAW_AUDIT,0.0004074045945333507,0.0013407210817994735,0.0018294733944119537,1152,,,,,,,,,,,0
fresh_calibration,C6|O_LR_MIX|64|4|1e-05|0.01|2,C6,O_LR_MIX,64,4,1e-05,0.01,2,joint_1_minus_joint_0,all,6,"[501, 502, 503, 504, 505, 506]",36,8,288,0,4,0,4,group,1,3.396045575875714e-05,8.700207165972422e-05,0.6247725756846362,DEFINED_FROM_RAW_AUDIT,0.00010465962024939716,0.0003516125594620986,0.0008917553325269705,1152,,,,,0.00042814428774894683,0.0023848934948129926,0.4237020668803503,DEFINED_FROM_RAW_AUDIT,0.00041378733122402216,0.0013637476973491502,0.0017605050490335382,1152,,,,,,,,,,,1
fresh_calibration,C6|O_LR_MIX|64|4|1e-05|0.01|2,C6,O_LR_MIX,64,4,1e-05,0.01,2,joint_1_minus_joint_0,all,6,"[501, 502, 503, 504, 505, 506]",36,8,288,0,4,0,4,group,2,3.7533372191449435e-05,9.359099326991473e-05,0.6332741556011704,DEFINED_FROM_RAW_AUDIT,0.00011189885301195733,0.00040503103948705727,0.0006525391231412998,1152,,,,,0.00040975778988338305,0.002305092543329305,0.421618274371139,DEFINED_FROM_RAW_AUDIT,0.00040949814360053896,0.0012765758526387474,0.0017503063004850005,1152,,,,,,,,,,,2
fresh_calibration,C6|O_LR_MIX|64|4|1e-05|0.01|2,C6,O_LR_MIX,64,4,1e-05,0.01,2,joint_1_minus_joint_0,all,6,"[501, 502, 503, 504, 505, 506]",36,8,288,0,4,0,4,group,3,3.905086615079518e-05,9.726109872498294e-05,0.6336446171067078,DEFINED_FROM_RAW_AUDIT,0.00011219801732467743,0.00041847324526068653,0.0008716144520205619,1152,,,,,0.00045773735868852175,0.0023616436446984176,0.4402516542362415,DEFINED_FROM_RAW_AUDIT,0.0004253392347198881,0.0014205364793635402,0.0017355288457970269,1152,,,,,,,,,,,3
fresh_calibration,C6|O_LR_MIX|64|4|1e-05|0.01|2,C6,O_LR_MIX,64,4,1e-05,0.01,2,joint_1_minus_joint_0,all,6,"[501, 502, 503, 504, 505, 506]",36,8,288,0,4,0,4,group,4,2.5153039380195144e-05,6.169263479828724e-05,0.6385259854874911,DEFINED_FROM_RAW_AUDIT,9.47978491894619e-05,0.00034578786117945025,0.0004763802616816824,1152,,,,,0.0003866126837545436,0.0022929262465335594,0.41062274905619384,DEFINED_FROM_RAW_AUDIT,0.00038804499998209766,0.0013025702420231772,0.0017235834641374046,1152,,,,,,,,,,,4
fresh_calibration,C6|O_LR_MIX|64|4|1e-05|0.01|2,C6,O_LR_MIX,64,4,1e-05,0.01,2,joint_1_minus_joint_0,all,6,"[501, 502, 503, 504, 505, 506]",36,8,288,0,4,0,4,group,5,3.014821738925369e-05,6.811384408312588e-05,0.6652932599342113,DEFINED_FROM_RAW_AUDIT,9.752598626307106e-05,0.0003385365730927837,0.0007654544135698935,1152,,,,,0.0004030300723713286,0.002332840351059932,0.41564849940473547,DEFINED_FROM_RAW_AUDIT,0.0004011664336589112,0.0012956025256930686,0.001925590981326943,1152,,,,,,,,,,,5
fresh_calibration,D_DIRECT|O_IND|16|0|0.0|0.0|0,D_DIRECT,O_IND,16,0,0.0,0.0,0,joint_1_minus_joint_0,all,6,"[501, 502, 503, 504, 505, 506]",36,8,288,0,0,0,0,pooled,,3.2968876492751535,0.0004909279019173942,81.94891649295062,DEFINED,0.013906840062925266,0.04695100831533352,0.1250084479805925,6912,1,0.014573518778276808,1,0.049312377095659055,2.971950755929945,0.014050291564166989,14.543808122495678,DEFINED,0.012639146337319647,0.0459118413463275,0.11786209915153045,6912,3,0.013075915066082869,4,0.047999315890892465,,,,,,,
fresh_calibration,D_DIRECT|O_IND|16|0|0.0|0.0|0,D_DIRECT,O_IND,16,0,0.0,0.0,0,joint_1_minus_joint_0,all,6,"[501, 502, 503, 504, 505, 506]",36,8,288,0,0,0,0,group,0,0.5425954915989727,,,UNKNOWN_GROUP_TRUTH_ENERGY_NOT_STORED,0.013885099690046875,0.04704548183805203,0.08828328892114262,1152,,,,,0.46293192046965165,,,UNKNOWN_GROUP_TRUTH_ENERGY_NOT_STORED,0.012285165111833574,0.0448176839469021,0.08678206897251896,1152,,,,,,,,,,,
fresh_calibration,D_DIRECT|O_IND|16|0|0.0|0.0|0,D_DIRECT,O_IND,16,0,0.0,0.0,0,joint_1_minus_joint_0,all,6,"[501, 502, 503, 504, 505, 506]",36,8,288,0,0,0,0,group,1,0.6043882416750438,,,UNKNOWN_GROUP_TRUTH_ENERGY_NOT_STORED,0.014573518778276808,0.049312377095659055,0.1250084479805925,1152,,,,,0.5082933870226909,,,UNKNOWN_GROUP_TRUTH_ENERGY_NOT_STORED,0.012966445980114781,0.04706094716873968,0.09206356964909969,1152,,,,,,,,,,,
fresh_calibration,D_DIRECT|O_IND|16|0|0.0|0.0|0,D_DIRECT,O_IND,16,0,0.0,0.0,0,joint_1_minus_joint_0,all,6,"[501, 502, 503, 504, 505, 506]",36,8,288,0,0,0,0,group,2,0.5640574835902528,,,UNKNOWN_GROUP_TRUTH_ENERGY_NOT_STORED,0.013913803627775834,0.04676572267961088,0.11461625872963606,1152,,,,,0.5158720589406807,,,UNKNOWN_GROUP_TRUTH_ENERGY_NOT_STORED,0.012851816358400775,0.04531334489200009,0.09890771495058646,1152,,,,,,,,,,,
fresh_calibration,D_DIRECT|O_IND|16|0|0.0|0.0|0,D_DIRECT,O_IND,16,0,0.0,0.0,0,joint_1_minus_joint_0,all,6,"[501, 502, 503, 504, 505, 506]",36,8,288,0,0,0,0,group,3,0.5488530468404831,,,UNKNOWN_GROUP_TRUTH_ENERGY_NOT_STORED,0.013937975599524246,0.04691908140449674,0.0990917975715354,1152,,,,,0.5228811710008934,,,UNKNOWN_GROUP_TRUTH_ENERGY_NOT_STORED,0.013075915066082869,0.047827742499264296,0.10071317287016392,1152,,,,,,,,,,,
fresh_calibration,D_DIRECT|O_IND|16|0|0.0|0.0|0,D_DIRECT,O_IND,16,0,0.0,0.0,0,joint_1_minus_joint_0,all,6,"[501, 502, 503, 504, 505, 506]",36,8,288,0,0,0,0,group,4,0.5047595407799154,,,UNKNOWN_GROUP_TRUTH_ENERGY_NOT_STORED,0.013401490723356856,0.04676252423217487,0.08355830672295073,1152,,,,,0.5235768192630574,,,UNKNOWN_GROUP_TRUTH_ENERGY_NOT_STORED,0.012778707504891264,0.047999315890892465,0.11786209915153045,1152,,,,,,,,,,,
fresh_calibration,D_DIRECT|O_IND|16|0|0.0|0.0|0,D_DIRECT,O_IND,16,0,0.0,0.0,0,joint_1_minus_joint_0,all,6,"[501, 502, 503, 504, 505, 506]",36,8,288,0,0,0,0,group,5,0.5322338447904877,,,UNKNOWN_GROUP_TRUTH_ENERGY_NOT_STORED,0.013729151958570962,0.046886632409882945,0.09335195029971981,1152,,,,,0.43839539923297016,,,UNKNOWN_GROUP_TRUTH_ENERGY_NOT_STORED,0.011876828002594608,0.043598755681509456,0.0953093916723719,1152,,,,,,,,,,,
fresh_calibration,D_DIRECT|O_IND|256|0|0.0|0.0|0,D_DIRECT,O_IND,256,0,0.0,0.0,0,joint_1_minus_joint_0,all,6,"[501, 502, 503, 504, 505, 506]",36,8,288,0,0,0,0,pooled,,0.2045552769790193,0.0004909279019173942,20.412513540452156,DEFINED,0.0034616432975601245,0.011821484668819444,0.028165054008417432,6912,2,0.0035191175764117933,0,0.012080493063762594,0.1806798111554785,0.014050291564166989,3.5860153620441344,DEFINED,0.003135075076998583,0.011558112520957299,0.03003863431484397,6912,3,0.003191542867060378,5,0.011936832763541181,,,,,,,
fresh_calibration,D_DIRECT|O_IND|256|0|0.0|0.0|0,D_DIRECT,O_IND,256,0,0.0,0.0,0,joint_1_minus_joint_0,all,6,"[501, 502, 503, 504, 505, 506]",36,8,288,0,0,0,0,group,0,0.035065962254034924,,,UNKNOWN_GROUP_TRUTH_ENERGY_NOT_STORED,0.003493008128785004,0.012080493063762594,0.02647529034459134,1152,,,,,0.030853788112384956,,,UNKNOWN_GROUP_TRUTH_ENERGY_NOT_STORED,0.003161841395177435,0.011252543145535497,0.021232530495963627,1152,,,,,,,,,,,
fresh_calibration,D_DIRECT|O_IND|256|0|0.0|0.0|0,D_DIRECT,O_IND,256,0,0.0,0.0,0,joint_1_minus_joint_0,all,6,"[501, 502, 503, 504, 505, 506]",36,8,288,0,0,0,0,group,1,0.03313611109121408,,,UNKNOWN_GROUP_TRUTH_ENERGY_NOT_STORED,0.003440010603346971,0.011401196522987753,0.02610165760107855,1152,,,,,0.03029940300278629,,,UNKNOWN_GROUP_TRUTH_ENERGY_NOT_STORED,0.0031514315861518234,0.011523849558429512,0.03003863431484397,1152,,,,,,,,,,,
fresh_calibration,D_DIRECT|O_IND|256|0|0.0|0.0|0,D_DIRECT,O_IND,256,0,0.0,0.0,0,joint_1_minus_joint_0,all,6,"[501, 502, 503, 504, 505, 506]",36,8,288,0,0,0,0,group,2,0.03559248289992163,,,UNKNOWN_GROUP_TRUTH_ENERGY_NOT_STORED,0.0035191175764117933,0.011681212968213074,0.025143430661634558,1152,,,,,0.03018254316930511,,,UNKNOWN_GROUP_TRUTH_ENERGY_NOT_STORED,0.003114270816417114,0.011873990246530438,0.024145142604248052,1152,,,,,,,,,,,
fresh_calibration,D_DIRECT|O_IND|256|0|0.0|0.0|0,D_DIRECT,O_IND,256,0,0.0,0.0,0,joint_1_minus_joint_0,all,6,"[501, 502, 503, 504, 505, 506]",36,8,288,0,0,0,0,group,3,0.0324680352063946,,,UNKNOWN_GROUP_TRUTH_ENERGY_NOT_STORED,0.0033716850406628448,0.011906485652720317,0.02270194307314015,1152,,,,,0.030441279243773073,,,UNKNOWN_GROUP_TRUTH_ENERGY_NOT_STORED,0.003191542867060378,0.01164857022105122,0.02328402856129944,1152,,,,,,,,,,,
fresh_calibration,D_DIRECT|O_IND|256|0|0.0|0.0|0,D_DIRECT,O_IND,256,0,0.0,0.0,0,joint_1_minus_joint_0,all,6,"[501, 502, 503, 504, 505, 506]",36,8,288,0,0,0,0,group,4,0.03375388064800637,,,UNKNOWN_GROUP_TRUTH_ENERGY_NOT_STORED,0.0034427484815499274,0.01176469415333562,0.028165054008417432,1152,,,,,0.027820628637575222,,,UNKNOWN_GROUP_TRUTH_ENERGY_NOT_STORED,0.0030604012518010556,0.01096941236813748,0.02372723382630773,1152,,,,,,,,,,,
fresh_calibration,D_DIRECT|O_IND|256|0|0.0|0.0|0,D_DIRECT,O_IND,256,0,0.0,0.0,0,joint_1_minus_joint_0,all,6,"[501, 502, 503, 504, 505, 506]",36,8,288,0,0,0,0,group,5,0.034538804879447785,,,UNKNOWN_GROUP_TRUTH_ENERGY_NOT_STORED,0.003503289954604215,0.011933843852115362,0.023345149407834238,1152,,,,,0.03108216898965373,,,UNKNOWN_GROUP_TRUTH_ENERGY_NOT_STORED,0.0031309625453836967,0.011936832763541181,0.023008863131665086,1152,,,,,,,,,,,
fresh_calibration,D_DIRECT|O_IND|64|0|0.0|0.0|0,D_DIRECT,O_IND,64,0,0.0,0.0,0,joint_1_minus_joint_0,all,6,"[501, 502, 503, 504, 505, 506]",36,8,288,0,0,0,0,pooled,,0.8659119366469927,0.0004909279019173942,41.99794159437579,DEFINED,0.0071505892871968745,0.024574753796089085,0.05863104636373475,6912,0,0.007432720057614838,0,0.026022993828092394,0.7352163663195911,0.014050291564166989,7.233773641971726,DEFINED,0.006327140376417613,0.02356635890831358,0.06824596031819587,6912,1,0.006597081713385079,1,0.025039728814968118,,,,,,,
fresh_calibration,D_DIRECT|O_IND|64|0|0.0|0.0|0,D_DIRECT,O_IND,64,0,0.0,0.0,0,joint_1_minus_joint_0,all,6,"[501, 502, 503, 504, 505, 506]",36,8,288,0,0,0,0,group,0,0.15340459851864524,,,UNKNOWN_GROUP_TRUTH_ENERGY_NOT_STORED,0.007432720057614838,0.026022993828092394,0.04663468423763955,1152,,,,,0.1085244442143846,,,UNKNOWN_GROUP_TRUTH_ENERGY_NOT_STORED,0.005979023718980299,0.021983889220963317,0.05069243722614842,1152,,,,,,,,,,,
fresh_calibration,D_DIRECT|O_IND|64|0|0.0|0.0|0,D_DIRECT,O_IND,64,0,0.0,0.0,0,joint_1_minus_joint_0,all,6,"[501, 502, 503, 504, 505, 506]",36,8,288,0,0,0,0,group,1,0.138928680519756,,,UNKNOWN_GROUP_TRUTH_ENERGY_NOT_STORED,0.006947701832795716,0.02349523840409812,0.04531019823181728,1152,,,,,0.13436124567391744,,,UNKNOWN_GROUP_TRUTH_ENERGY_NOT_STORED,0.006597081713385079,0.025039728814968118,0.06824596031819587,1152,,,,,,,,,,,
fresh_calibration,D_DIRECT|O_IND|64|0|0.0|0.0|0,D_DIRECT,O_IND,64,0,0.0,0.0,0,joint_1_minus_joint_0,all,6,"[501, 502, 503, 504, 505, 506]",36,8,288,0,0,0,0,group,2,0.15267330105740595,,,UNKNOWN_GROUP_TRUTH_ENERGY_NOT_STORED,0.007373120508530756,0.025210003717272923,0.05863104636373475,1152,,,,,0.12511949307601633,,,UNKNOWN_GROUP_TRUTH_ENERGY_NOT_STORED,0.006505162425680999,0.023350749440315545,0.05018680927091473,1152,,,,,,,,,,,
fresh_calibration,D_DIRECT|O_IND|64|0|0.0|0.0|0,D_DIRECT,O_IND,64,0,0.0,0.0,0,joint_1_minus_joint_0,all,6,"[501, 502, 503, 504, 505, 506]",36,8,288,0,0,0,0,group,3,0.1447954905018644,,,UNKNOWN_GROUP_TRUTH_ENERGY_NOT_STORED,0.0071743558714227156,0.024592969284014995,0.04451589754012062,1152,,,,,0.12413882493875342,,,UNKNOWN_GROUP_TRUTH_ENERGY_NOT_STORED,0.006342856518759677,0.024027865625874407,0.04157413399627921,1152,,,,,,,,,,,
fresh_calibration,D_DIRECT|O_IND|64|0|0.0|0.0|0,D_DIRECT,O_IND,64,0,0.0,0.0,0,joint_1_minus_joint_0,all,6,"[501, 502, 503, 504, 505, 506]",36,8,288,0,0,0,0,group,4,0.1392063735515512,,,UNKNOWN_GROUP_TRUTH_ENERGY_NOT_STORED,0.006954067615739347,0.024364134341973157,0.05094209179801443,1152,,,,,0.11721931070271475,,,UNKNOWN_GROUP_TRUTH_ENERGY_NOT_STORED,0.00615959186359033,0.023851661260781205,0.04599970624239382,1152,,,,,,,,,,,
fresh_calibration,D_DIRECT|O_IND|64|0|0.0|0.0|0,D_DIRECT,O_IND,64,0,0.0,0.0,0,joint_1_minus_joint_0,all,6,"[501, 502, 503, 504, 505, 506]",36,8,288,0,0,0,0,group,5,0.13690349249777004,,,UNKNOWN_GROUP_TRUTH_ENERGY_NOT_STORED,0.0070215698370778784,0.023817840880513957,0.043791448807488496,1152,,,,,0.12585304771380476,,,UNKNOWN_GROUP_TRUTH_ENERGY_NOT_STORED,0.0063791260181092985,0.024706036315261744,0.04730227979524947,1152,,,,,,,,,,,
fresh_calibration,D_DIRECT|O_LR_MIX|16|0|0.0|0.0|0,D_DIRECT,O_LR_MIX,16,0,0.0,0.0,0,joint_1_minus_joint_0,all,6,"[501, 502, 503, 504, 505, 506]",36,8,288,0,0,0,0,pooled,,0.00019542546618468056,0.0004909279019173942,0.630930787745456,DEFINED,9.644185002065359e-05,0.0003658713032742697,0.0017522514167065482,6912,0,0.00010121494353053144,0,0.00037866514946211915,0.0006061119442372088,0.014050291564166989,0.20769868788318488,DEFINED,0.00017175667892909858,0.0006481090990125937,0.002242432474514219,6912,3,0.00018038250853120216,3,0.0007172056433069711,,,,,,,
fresh_calibration,D_DIRECT|O_LR_MIX|16|0|0.0|0.0|0,D_DIRECT,O_LR_MIX,16,0,0.0,0.0,0,joint_1_minus_joint_0,all,6,"[501, 502, 503, 504, 505, 506]",36,8,288,0,0,0,0,group,0,3.52925977753788e-05,,,UNKNOWN_GROUP_TRUTH_ENERGY_NOT_STORED,0.00010121494353053144,0.00037866514946211915,0.0009798423721151586,1152,,,,,0.00010971218912662531,,,UNKNOWN_GROUP_TRUTH_ENERGY_NOT_STORED,0.00017457928483866146,0.0006763490990926521,0.002003428497680495,1152,,,,,,,,,,,
fresh_calibration,D_DIRECT|O_LR_MIX|16|0|0.0|0.0|0,D_DIRECT,O_LR_MIX,16,0,0.0,0.0,0,joint_1_minus_joint_0,all,6,"[501, 502, 503, 504, 505, 506]",36,8,288,0,0,0,0,group,1,3.421155124404868e-05,,,UNKNOWN_GROUP_TRUTH_ENERGY_NOT_STORED,9.501534555068783e-05,0.00034287648795354003,0.0017522514167065482,1152,,,,,9.778256896415626e-05,,,UNKNOWN_GROUP_TRUTH_ENERGY_NOT_STORED,0.000167639428453069,0.0006196777738932344,0.002242432474514219,1152,,,,,,,,,,,
fresh_calibration,D_DIRECT|O_LR_MIX|16|0|0.0|0.0|0,D_DIRECT,O_LR_MIX,16,0,0.0,0.0,0,joint_1_minus_joint_0,all,6,"[501, 502, 503, 504, 505, 506]",36,8,288,0,0,0,0,group,2,3.062946025278776e-05,,,UNKNOWN_GROUP_TRUTH_ENERGY_NOT_STORED,9.41985594430085e-05,0.0003588268422769231,0.001295992457663523,1152,,,,,9.439705903790423e-05,,,UNKNOWN_GROUP_TRUTH_ENERGY_NOT_STORED,0.00017087725995695483,0.0006450534985468139,0.0014689778742816076,1152,,,,,,,,,,,
fresh_calibration,D_DIRECT|O_LR_MIX|16|0|0.0|0.0|0,D_DIRECT,O_LR_MIX,16,0,0.0,0.0,0,joint_1_minus_joint_0,all,6,"[501, 502, 503, 504, 505, 506]",36,8,288,0,0,0,0,group,3,3.0263905992033807e-05,,,UNKNOWN_GROUP_TRUTH_ENERGY_NOT_STORED,9.428834335688524e-05,0.00036339778312450763,0.0009073137977297927,1152,,,,,0.00011316133416134879,,,UNKNOWN_GROUP_TRUTH_ENERGY_NOT_STORED,0.00018038250853120216,0.0007172056433069711,0.00203259670764076,1152,,,,,,,,,,,
fresh_calibration,D_DIRECT|O_LR_MIX|16|0|0.0|0.0|0,D_DIRECT,O_LR_MIX,16,0,0.0,0.0,0,joint_1_minus_joint_0,all,6,"[501, 502, 503, 504, 505, 506]",36,8,288,0,0,0,0,group,4,3.315531982619769e-05,,,UNKNOWN_GROUP_TRUTH_ENERGY_NOT_STORED,9.704701137401361e-05,0.00036776172235732373,0.0014786383928641668,1152,,,,,9.878421896164375e-05,,,UNKNOWN_GROUP_TRUTH_ENERGY_NOT_STORED,0.00017381258642547531,0.0006652013071764974,0.00221066722689391,1152,,,,,,,,,,,
fresh_calibration,D_DIRECT|O_LR_MIX|16|0|0.0|0.0|0,D_DIRECT,O_LR_MIX,16,0,0.0,0.0,0,joint_1_minus_joint_0,all,6,"[501, 502, 503, 504, 505, 506]",36,8,288,0,0,0,0,group,5,3.18726310942337e-05,,,UNKNOWN_GROUP_TRUTH_ENERGY_NOT_STORED,9.688689686879468e-05,0.00036813645822536317,0.001332385768888183,1152,,,,,9.227457398553062e-05,,,UNKNOWN_GROUP_TRUTH_ENERGY_NOT_STORED,0.00016324900536922904,0.0006093720722373588,0.0018243599005705621,1152,,,,,,,,,,,
fresh_calibration,D_DIRECT|O_LR_MIX|256|0|0.0|0.0|0,D_DIRECT,O_LR_MIX,256,0,0.0,0.0,0,joint_1_minus_joint_0,all,6,"[501, 502, 503, 504, 505, 506]",36,8,288,0,0,0,0,pooled,,1.1944602760391897e-05,0.0004909279019173942,0.15598290257468675,DEFINED,2.3839577684990864e-05,9.4453933328894e-05,0.00028106292159278597,6912,1,2.4778103497762534e-05,1,0.00010233734357428978,3.606632825129403e-05,0.014050291564166989,0.05066502919238052,DEFINED,4.230572770243907e-05,0.00015951523621066246,0.0007277580273940964,6912,1,4.468846841082424e-05,1,0.0001737686136211054,,,,,,,
fresh_calibration,D_DIRECT|O_LR_MIX|256|0|0.0|0.0|0,D_DIRECT,O_LR_MIX,256,0,0.0,0.0,0,joint_1_minus_joint_0,all,6,"[501, 502, 503, 504, 505, 506]",36,8,288,0,0,0,0,group,0,1.8176907449022718e-06,,,UNKNOWN_GROUP_TRUTH_ENERGY_NOT_STORED,2.3208680989181555e-05,9.512686211115908e-05,0.00021817950211262927,1152,,,,,5.924758586215536e-06,,,UNKNOWN_GROUP_TRUTH_ENERGY_NOT_STORED,4.256555112243444e-05,0.00015370686484171756,0.0003813079463676863,1152,,,,,,,,,,,
fresh_calibration,D_DIRECT|O_LR_MIX|256|0|0.0|0.0|0,D_DIRECT,O_LR_MIX,256,0,0.0,0.0,0,joint_1_minus_joint_0,all,6,"[501, 502, 503, 504, 505, 506]",36,8,288,0,0,0,0,group,1,2.13449953127671e-06,,,UNKNOWN_GROUP_TRUTH_ENERGY_NOT_STORED,2.4778103497762534e-05,0.00010233734357428978,0.000218298116110037,1152,,,,,7.360231875859596e-06,,,UNKNOWN_GROUP_TRUTH_ENERGY_NOT_STORED,4.468846841082424e-05,0.0001737686136211054,0.0007277580273940964,1152,,,,,,,,,,,
fresh_calibration,D_DIRECT|O_LR_MIX|256|0|0.0|0.0|0,D_DIRECT,O_LR_MIX,256,0,0.0,0.0,0,joint_1_minus_joint_0,all,6,"[501, 502, 503, 504, 505, 506]",36,8,288,0,0,0,0,group,2,1.8560603191561512e-06,,,UNKNOWN_GROUP_TRUTH_ENERGY_NOT_STORED,2.2911712798016254e-05,8.920833253905425e-05,0.0002557916698754961,1152,,,,,6.1037073006754405e-06,,,UNKNOWN_GROUP_TRUTH_ENERGY_NOT_STORED,4.322479101495589e-05,0.00016780520967822835,0.0004678712158440644,1152,,,,,,,,,,,
fresh_calibration,D_DIRECT|O_LR_MIX|256|0|0.0|0.0|0,D_DIRECT,O_LR_MIX,256,0,0.0,0.0,0,joint_1_minus_joint_0,all,6,"[501, 502, 503, 504, 505, 506]",36,8,288,0,0,0,0,group,3,1.9977277162593184e-06,,,UNKNOWN_GROUP_TRUTH_ENERGY_NOT_STORED,2.366090658558876e-05,9.245689392830898e-05,0.00028106292159278597,1152,,,,,5.629456301583423e-06,,,UNKNOWN_GROUP_TRUTH_ENERGY_NOT_STORED,4.125643616247545e-05,0.00015610524526655416,0.0004052478861814888,1152,,,,,,,,,,,
fresh_calibration,D_DIRECT|O_LR_MIX|256|0|0.0|0.0|0,D_DIRECT,O_LR_MIX,256,0,0.0,0.0,0,joint_1_minus_joint_0,all,6,"[501, 502, 503, 504, 505, 506]",36,8,288,0,0,0,0,group,4,2.1008970200361156e-06,,,UNKNOWN_GROUP_TRUTH_ENERGY_NOT_STORED,2.4088738871970938e-05,9.675405774435911e-05,0.00022609477508473365,1152,,,,,5.82334808501001e-06,,,UNKNOWN_GROUP_TRUTH_ENERGY_NOT_STORED,4.2038817656667274e-05,0.00015639199906450254,0.0004000245504098828,1152,,,,,,,,,,,
fresh_calibration,D_DIRECT|O_LR_MIX|256|0|0.0|0.0|0,D_DIRECT,O_LR_MIX,256,0,0.0,0.0,0,joint_1_minus_joint_0,all,6,"[501, 502, 503, 504, 505, 506]",36,8,288,0,0,0,0,group,5,2.0377274287613305e-06,,,UNKNOWN_GROUP_TRUTH_ENERGY_NOT_STORED,2.438932336742519e-05,9.297153423294095e-05,0.0002493927024781822,1152,,,,,5.224826101949996e-06,,,UNKNOWN_GROUP_TRUTH_ENERGY_NOT_STORED,4.006030184727709e-05,0.0001500370607899089,0.0004312863841333798,1152,,,,,,,,,,,
fresh_calibration,D_DIRECT|O_LR_MIX|64|0|0.0|0.0|0,D_DIRECT,O_LR_MIX,64,0,0.0,0.0,0,joint_1_minus_joint_0,all,6,"[501, 502, 503, 504, 505, 506]",36,8,288,0,0,0,0,pooled,,4.952002852976589e-05,0.0004909279019173942,0.3176007981266501,DEFINED,4.853526927166638e-05,0.00018874002398599758,0.0005698946067158071,6912,2,5.0347971431048637e-05,5,0.00019688949697314325,0.0001491739165201922,0.014050291564166989,0.10303950834804654,DEFINED,8.488473814171135e-05,0.00032793944283211735,0.0010503076303588247,6912,0,8.809018496781756e-05,0,0.0003599277507326213,,,,,,,
fresh_calibration,D_DIRECT|O_LR_MIX|64|0|0.0|0.0|0,D_DIRECT,O_LR_MIX,64,0,0.0,0.0,0,joint_1_minus_joint_0,all,6,"[501, 502, 503, 504, 505, 506]",36,8,288,0,0,0,0,group,0,7.94965104653133e-06,,,UNKNOWN_GROUP_TRUTH_ENERGY_NOT_STORED,4.739326614231581e-05,0.0001818020702982078,0.0005658642822973043,1152,,,,,2.8348702043411313e-05,,,UNKNOWN_GROUP_TRUTH_ENERGY_NOT_STORED,8.809018496781756e-05,0.0003599277507326213,0.0010503076303588247,1152,,,,,,,,,,,
fresh_calibration,D_DIRECT|O_LR_MIX|64|0|0.0|0.0|0,D_DIRECT,O_LR_MIX,64,0,0.0,0.0,0,joint_1_minus_joint_0,all,6,"[501, 502, 503, 504, 505, 506]",36,8,288,0,0,0,0,group,1,7.691526945430536e-06,,,UNKNOWN_GROUP_TRUTH_ENERGY_NOT_STORED,4.705513070575729e-05,0.0001774971556937884,0.0005698946067158071,1152,,,,,2.7068516340922813e-05,,,UNKNOWN_GROUP_TRUTH_ENERGY_NOT_STORED,8.767020482036133e-05,0.00034087829583717423,0.0008570332227751226,1152,,,,,,,,,,,
fresh_calibration,D_DIRECT|O_LR_MIX|64|0|0.0|0.0|0,D_DIRECT,O_LR_MIX,64,0,0.0,0.0,0,joint_1_minus_joint_0,all,6,"[501, 502, 503, 504, 505, 506]",36,8,288,0,0,0,0,group,2,8.57120118948957e-06,,,UNKNOWN_GROUP_TRUTH_ENERGY_NOT_STORED,5.0347971431048637e-05,0.00019435408796631247,0.0004935261482956236,1152,,,,,2.2742727070468966e-05,,,UNKNOWN_GROUP_TRUTH_ENERGY_NOT_STORED,8.330419172244409e-05,0.00031690501609413956,0.0007627401321383343,1152,,,,,,,,,,,
fresh_calibration,D_DIRECT|O_LR_MIX|64|0|0.0|0.0|0,D_DIRECT,O_LR_MIX,64,0,0.0,0.0,0,joint_1_minus_joint_0,all,6,"[501, 502, 503, 504, 505, 506]",36,8,288,0,0,0,0,group,3,8.260529980021985e-06,,,UNKNOWN_GROUP_TRUTH_ENERGY_NOT_STORED,4.874506727124889e-05,0.000185631276230215,0.0005680069867434972,1152,,,,,2.631845947662249e-05,,,UNKNOWN_GROUP_TRUTH_ENERGY_NOT_STORED,8.775658330873407e-05,0.00032810565370266435,0.0007884219660398003,1152,,,,,,,,,,,
fresh_calibration,D_DIRECT|O_LR_MIX|64|0|0.0|0.0|0,D_DIRECT,O_LR_MIX,64,0,0.0,0.0,0,joint_1_minus_joint_0,all,6,"[501, 502, 503, 504, 505, 506]",36,8,288,0,0,0,0,group,4,7.955733091250134e-06,,,UNKNOWN_GROUP_TRUTH_ENERGY_NOT_STORED,4.8610480340787555e-05,0.0001899493087635466,0.00045882798971684014,1152,,,,,2.1955900221194923e-05,,,UNKNOWN_GROUP_TRUTH_ENERGY_NOT_STORED,8.134837435810012e-05,0.00031901923279313186,0.0006704479953900908,1152,,,,,,,,,,,
fresh_calibration,D_DIRECT|O_LR_MIX|64|0|0.0|0.0|0,D_DIRECT,O_LR_MIX,64,0,0.0,0.0,0,joint_1_minus_joint_0,all,6,"[501, 502, 503, 504, 505, 506]",36,8,288,0,0,0,0,group,5,9.09138627704231e-06,,,UNKNOWN_GROUP_TRUTH_ENERGY_NOT_STORED,4.9059699738840146e-05,0.00019688949697314325,0.0004963240316581833,1152,,,,,2.2739611367571748e-05,,,UNKNOWN_GROUP_TRUTH_ENERGY_NOT_STORED,8.11388896728108e-05,0.00030834156867865636,0.0009073244734415613,1152,,,,,,,,,,,
fresh_calibration,D_DIRECT|O_LR_ORIGIN|16|0|0.0|0.0|0,D_DIRECT,O_LR_ORIGIN,16,0,0.0,0.0,0,joint_1_minus_joint_0,all,6,"[501, 502, 503, 504, 505, 506]",36,8,288,0,0,0,0,pooled,,0.0001760400897646443,0.0004909279019173942,0.5988208766235575,DEFINED,9.319021449813428e-05,0.00036287320079080515,0.0011010708922750642,6912,1,9.573272616233116e-05,1,0.000374931536708883,0.0005291491124678643,0.014050291564166989,0.19406462068035307,DEFINED,0.0001607498154968582,0.0006193543751099801,0.0022522687871678873,6912,5,0.0001690712953411818,5,0.0006664140052089929,,,,,,,
fresh_calibration,D_DIRECT|O_LR_ORIGIN|16|0|0.0|0.0|0,D_DIRECT,O_LR_ORIGIN,16,0,0.0,0.0,0,joint_1_minus_joint_0,all,6,"[501, 502, 503, 504, 505, 506]",36,8,288,0,0,0,0,group,0,2.8092343709810553e-05,,,UNKNOWN_GROUP_TRUTH_ENERGY_NOT_STORED,9.008756341815257e-05,0.0003526850205499456,0.0009006660834832538,1152,,,,,8.022952258342905e-05,,,UNKNOWN_GROUP_TRUTH_ENERGY_NOT_STORED,0.00015739958600410092,0.000586970766103561,0.0014114417507231584,1152,,,,,,,,,,,
fresh_calibration,D_DIRECT|O_LR_ORIGIN|16|0|0.0|0.0|0,D_DIRECT,O_LR_ORIGIN,16,0,0.0,0.0,0,joint_1_minus_joint_0,all,6,"[501, 502, 503, 504, 505, 506]",36,8,288,0,0,0,0,group,1,3.1628722682556284e-05,,,UNKNOWN_GROUP_TRUTH_ENERGY_NOT_STORED,9.573272616233116e-05,0.000374931536708883,0.0011010708922750642,1152,,,,,9.58039862604298e-05,,,UNKNOWN_GROUP_TRUTH_ENERGY_NOT_STORED,0.0001602849071481538,0.0006112581515022994,0.0022522687871678873,1152,,,,,,,,,,,
fresh_calibration,D_DIRECT|O_LR_ORIGIN|16|0|0.0|0.0|0,D_DIRECT,O_LR_ORIGIN,16,0,0.0,0.0,0,joint_1_minus_joint_0,all,6,"[501, 502, 503, 504, 505, 506]",36,8,288,0,0,0,0,group,2,2.750725401319721e-05,,,UNKNOWN_GROUP_TRUTH_ENERGY_NOT_STORED,8.900545332518576e-05,0.0003475040343557993,0.0009384866305796043,1152,,,,,8.55612587324264e-05,,,UNKNOWN_GROUP_TRUTH_ENERGY_NOT_STORED,0.00016020149882840445,0.0006124818965216086,0.0014421933740433723,1152,,,,,,,,,,,
fresh_calibration,D_DIRECT|O_LR_ORIGIN|16|0|0.0|0.0|0,D_DIRECT,O_LR_ORIGIN,16,0,0.0,0.0,0,joint_1_minus_joint_0,all,6,"[501, 502, 503, 504, 505, 506]",36,8,288,0,0,0,0,group,3,2.9902169352062836e-05,,,UNKNOWN_GROUP_TRUTH_ENERGY_NOT_STORED,9.411554236799008e-05,0.00036674404575758426,0.0009473654577060608,1152,,,,,9.213605553840179e-05,,,UNKNOWN_GROUP_TRUTH_ENERGY_NOT_STORED,0.0001649795692725356,0.0006217264106847296,0.0016451313123070999,1152,,,,,,,,,,,
fresh_calibration,D_DIRECT|O_LR_ORIGIN|16|0|0.0|0.0|0,D_DIRECT,O_LR_ORIGIN,16,0,0.0,0.0,0,joint_1_minus_joint_0,all,6,"[501, 502, 503, 504, 505, 506]",36,8,288,0,0,0,0,group,4,2.9509801155857406e-05,,,UNKNOWN_GROUP_TRUTH_ENERGY_NOT_STORED,9.447043466344698e-05,0.0003696841070043643,0.0008840791580386533,1152,,,,,7.844388272026558e-05,,,UNKNOWN_GROUP_TRUTH_ENERGY_NOT_STORED,0.00015256203638677317,0.0006308633840629648,0.001423479074654713,1152,,,,,,,,,,,
fresh_calibration,D_DIRECT|O_LR_ORIGIN|16|0|0.0|0.0|0,D_DIRECT,O_LR_ORIGIN,16,0,0.0,0.0,0,joint_1_minus_joint_0,all,6,"[501, 502, 503, 504, 505, 506]",36,8,288,0,0,0,0,group,5,2.939979885116005e-05,,,UNKNOWN_GROUP_TRUTH_ENERGY_NOT_STORED,9.5729567051699e-05,0.0003590342747184569,0.000729530775140397,1152,,,,,9.697440663291126e-05,,,UNKNOWN_GROUP_TRUTH_ENERGY_NOT_STORED,0.0001690712953411818,0.0006664140052089929,0.001954926444030053,1152,,,,,,,,,,,
fresh_calibration,D_DIRECT|O_LR_ORIGIN|256|0|0.0|0.0|0,D_DIRECT,O_LR_ORIGIN,256,0,0.0,0.0,0,joint_1_minus_joint_0,all,6,"[501, 502, 503, 504, 505, 506]",36,8,288,0,0,0,0,pooled,,1.119549534487096e-05,0.0004909279019173942,0.15101246576381083,DEFINED,2.309303143776863e-05,8.81325003012986e-05,0.0003171143459538841,6912,4,2.4242245061520667e-05,5,9.59362083529278e-05,3.359793263028902e-05,0.014050291564166989,0.04890053484114369,DEFINED,4.0698676625008134e-05,0.00015372585438692428,0.0006023687840336206,6912,3,4.350387427925394e-05,3,0.0001668350200057647,,,,,,,
fresh_calibration,D_DIRECT|O_LR_ORIGIN|256|0|0.0|0.0|0,D_DIRECT,O_LR_ORIGIN,256,0,0.0,0.0,0,joint_1_minus_joint_0,all,6,"[501, 502, 503, 504, 505, 506]",36,8,288,0,0,0,0,group,0,1.8353716764791763e-06,,,UNKNOWN_GROUP_TRUTH_ENERGY_NOT_STORED,2.2691159594928656e-05,8.622030829834602e-05,0.0003171143459538841,1152,,,,,5.652565399044452e-06,,,UNKNOWN_GROUP_TRUTH_ENERGY_NOT_STORED,4.009787160021366e-05,0.00014956077048247244,0.0004588972129635422,1152,,,,,,,,,,,
fresh_calibration,D_DIRECT|O_LR_ORIGIN|256|0|0.0|0.0|0,D_DIRECT,O_LR_ORIGIN,256,0,0.0,0.0,0,joint_1_minus_joint_0,all,6,"[501, 502, 503, 504, 505, 506]",36,8,288,0,0,0,0,group,1,1.98025655560616e-06,,,UNKNOWN_GROUP_TRUTH_ENERGY_NOT_STORED,2.3122196017160687e-05,9.137717770719109e-05,0.0002621889030516564,1152,,,,,5.516048455466471e-06,,,UNKNOWN_GROUP_TRUTH_ENERGY_NOT_STORED,4.041558650639462e-05,0.00015197309718208136,0.00043931068415847563,1152,,,,,,,,,,,
fresh_calibration,D_DIRECT|O_LR_ORIGIN|256|0|0.0|0.0|0,D_DIRECT,O_LR_ORIGIN,256,0,0.0,0.0,0,joint_1_minus_joint_0,all,6,"[501, 502, 503, 504, 505, 506]",36,8,288,0,0,0,0,group,2,1.7076476481062146e-06,,,UNKNOWN_GROUP_TRUTH_ENERGY_NOT_STORED,2.2101392677418333e-05,7.969271070193374e-05,0.00023289148280370312,1152,,,,,5.089700669241323e-06,,,UNKNOWN_GROUP_TRUTH_ENERGY_NOT_STORED,3.968995808571089e-05,0.00015008355017583075,0.00039144597448681815,1152,,,,,,,,,,,
fresh_calibration,D_DIRECT|O_LR_ORIGIN|256|0|0.0|0.0|0,D_DIRECT,O_LR_ORIGIN,256,0,0.0,0.0,0,joint_1_minus_joint_0,all,6,"[501, 502, 503, 504, 505, 506]",36,8,288,0,0,0,0,group,3,1.8068280091304558e-06,,,UNKNOWN_GROUP_TRUTH_ENERGY_NOT_STORED,2.2744119036467174e-05,8.609208440002839e-05,0.0002535883018835898,1152,,,,,6.940358042108932e-06,,,UNKNOWN_GROUP_TRUTH_ENERGY_NOT_STORED,4.350387427925394e-05,0.0001668350200057647,0.0006023687840336206,1152,,,,,,,,,,,
fresh_calibration,D_DIRECT|O_LR_ORIGIN|256|0|0.0|0.0|0,D_DIRECT,O_LR_ORIGIN,256,0,0.0,0.0,0,joint_1_minus_joint_0,all,6,"[501, 502, 503, 504, 505, 506]",36,8,288,0,0,0,0,group,4,1.940440295764633e-06,,,UNKNOWN_GROUP_TRUTH_ENERGY_NOT_STORED,2.4242245061520667e-05,9.209402505989248e-05,0.00023404738981063543,1152,,,,,4.842008110896678e-06,,,UNKNOWN_GROUP_TRUTH_ENERGY_NOT_STORED,3.934271664752091e-05,0.00014377293571829093,0.00031256431280421866,1152,,,,,,,,,,,
fresh_calibration,D_DIRECT|O_LR_ORIGIN|256|0|0.0|0.0|0,D_DIRECT,O_LR_ORIGIN,256,0,0.0,0.0,0,joint_1_minus_joint_0,all,6,"[501, 502, 503, 504, 505, 506]",36,8,288,0,0,0,0,group,5,1.9249511597843192e-06,,,UNKNOWN_GROUP_TRUTH_ENERGY_NOT_STORED,2.365707623911628e-05,9.59362083529278e-05,0.00022877269446686986,1152,,,,,5.5572519535311615e-06,,,UNKNOWN_GROUP_TRUTH_ENERGY_NOT_STORED,4.114205263095474e-05,0.00016381246673503587,0.0003287361702096943,1152,,,,,,,,,,,
fresh_calibration,D_DIRECT|O_LR_ORIGIN|64|0|0.0|0.0|0,D_DIRECT,O_LR_ORIGIN,64,0,0.0,0.0,0,joint_1_minus_joint_0,all,6,"[501, 502, 503, 504, 505, 506]",36,8,288,0,0,0,0,pooled,,4.614170836317827e-05,0.0004909279019173942,0.3065758753696026,DEFINED,4.679583679161119e-05,0.00018210680707959255,0.0006985097944326332,6912,3,4.8018879846355136e-05,3,0.00018943132901128577,0.000138066503281768,0.014050291564166989,0.09912917565549179,DEFINED,8.224992731231743e-05,0.00030961440631858733,0.001171411032347342,6912,1,8.50534561438925e-05,0,0.00033558673990310886,,,,,,,
fresh_calibration,D_DIRECT|O_LR_ORIGIN|64|0|0.0|0.0|0,D_DIRECT,O_LR_ORIGIN,64,0,0.0,0.0,0,joint_1_minus_joint_0,all,6,"[501, 502, 503, 504, 505, 506]",36,8,288,0,0,0,0,group,0,6.7835526089585285e-06,,,UNKNOWN_GROUP_TRUTH_ENERGY_NOT_STORED,4.449063916190453e-05,0.00017549044025864455,0.0004447399697198077,1152,,,,,2.442201530196589e-05,,,UNKNOWN_GROUP_TRUTH_ENERGY_NOT_STORED,8.369237638676327e-05,0.00033558673990310886,0.0007874982133408304,1152,,,,,,,,,,,
fresh_calibration,D_DIRECT|O_LR_ORIGIN|64|0|0.0|0.0|0,D_DIRECT,O_LR_ORIGIN,64,0,0.0,0.0,0,joint_1_minus_joint_0,all,6,"[501, 502, 503, 504, 505, 506]",36,8,288,0,0,0,0,group,1,7.794726078468913e-06,,,UNKNOWN_GROUP_TRUTH_ENERGY_NOT_STORED,4.693300680180814e-05,0.0001830708883605752,0.0005258692676687544,1152,,,,,2.4652307392708578e-05,,,UNKNOWN_GROUP_TRUTH_ENERGY_NOT_STORED,8.50534561438925e-05,0.00032774131371331817,0.0009085840105576075,1152,,,,,,,,,,,
fresh_calibration,D_DIRECT|O_LR_ORIGIN|64|0|0.0|0.0|0,D_DIRECT,O_LR_ORIGIN,64,0,0.0,0.0,0,joint_1_minus_joint_0,all,6,"[501, 502, 503, 504, 505, 506]",36,8,288,0,0,0,0,group,2,7.92811394899772e-06,,,UNKNOWN_GROUP_TRUTH_ENERGY_NOT_STORED,4.684736809974303e-05,0.00017690217109879368,0.0006087347161624326,1152,,,,,2.2565080383510434e-05,,,UNKNOWN_GROUP_TRUTH_ENERGY_NOT_STORED,8.442006211024667e-05,0.00030386763685087687,0.0008484482540038192,1152,,,,,,,,,,,
fresh_calibration,D_DIRECT|O_LR_ORIGIN|64|0|0.0|0.0|0,D_DIRECT,O_LR_ORIGIN,64,0,0.0,0.0,0,joint_1_minus_joint_0,all,6,"[501, 502, 503, 504, 505, 506]",36,8,288,0,0,0,0,group,3,8.476869999134307e-06,,,UNKNOWN_GROUP_TRUTH_ENERGY_NOT_STORED,4.8018879846355136e-05,0.00018943132901128577,0.0006985097944326332,1152,,,,,2.303399453614493e-05,,,UNKNOWN_GROUP_TRUTH_ENERGY_NOT_STORED,7.989146627979956e-05,0.0002972621894414343,0.001171411032347342,1152,,,,,,,,,,,
fresh_calibration,D_DIRECT|O_LR_ORIGIN|64|0|0.0|0.0|0,D_DIRECT,O_LR_ORIGIN,64,0,0.0,0.0,0,joint_1_minus_joint_0,all,6,"[501, 502, 503, 504, 505, 506]",36,8,288,0,0,0,0,group,4,6.973381926900698e-06,,,UNKNOWN_GROUP_TRUTH_ENERGY_NOT_STORED,4.668372875862491e-05,0.00017715280504679618,0.00038255452242809217,1152,,,,,2.051766183990993e-05,,,UNKNOWN_GROUP_TRUTH_ENERGY_NOT_STORED,7.755636487958006e-05,0.0002914197800659666,0.0009043017491198328,1152,,,,,,,,,,,
fresh_calibration,D_DIRECT|O_LR_ORIGIN|64|0|0.0|0.0|0,D_DIRECT,O_LR_ORIGIN,64,0,0.0,0.0,0,joint_1_minus_joint_0,all,6,"[501, 502, 503, 504, 505, 506]",36,8,288,0,0,0,0,group,5,8.185063800718134e-06,,,UNKNOWN_GROUP_TRUTH_ENERGY_NOT_STORED,4.780139808123158e-05,0.00018751705267677722,0.0004940479517676053,1152,,,,,2.2875443827528105e-05,,,UNKNOWN_GROUP_TRUTH_ENERGY_NOT_STORED,8.28858380736226e-05,0.0003063892991281543,0.0008051988263020381,1152,,,,,,,,,,,
fresh_calibration,D_KNOWN_EVENT_LOGP,D_KNOWN_EVENT_LOGP,EXACT_KNOWN_EVENTS,0,,,,,joint_1_minus_joint_0,all,6,"[501, 502, 503, 504, 505, 506]",36,1,36,,,,,pooled,,3.683148760008988e-32,6.136598773967416e-05,2.4498853775319756e-14,DEFINED,3.93960252366415e-18,1.3877787807814457e-17,4.2789845740761244e-17,864,0,4.364917635154606e-18,2,1.749179504943279e-17,1.2283153200869703e-31,0.0017562864455208742,8.362906851273964e-15,DEFINED,6.8853530558832526e-18,2.7755575615628914e-17,5.551115123125783e-17,864,3,7.452886044937394e-18,2,2.7755575615628914e-17,,,,,,,
fresh_calibration,D_KNOWN_EVENT_LOGP,D_KNOWN_EVENT_LOGP,EXACT_KNOWN_EVENTS,0,,,,,joint_1_minus_joint_0,all,6,"[501, 502, 503, 504, 505, 506]",36,1,36,,,,,group,0,7.251995583995617e-33,,,UNKNOWN_GROUP_TRUTH_ENERGY_NOT_STORED,4.364917635154606e-18,1.61907524424502e-17,2.42861286636753e-17,144,,,,,1.8488927466117464e-32,,,UNKNOWN_GROUP_TRUTH_ENERGY_NOT_STORED,6.553399798134606e-18,2.6367796834847414e-17,3.700743415417188e-17,144,,,,,,,,,,,
fresh_calibration,D_KNOWN_EVENT_LOGP,D_KNOWN_EVENT_LOGP,EXACT_KNOWN_EVENTS,0,,,,,joint_1_minus_joint_0,all,6,"[501, 502, 503, 504, 505, 506]",36,1,36,,,,,group,1,6.543815094028228e-33,,,UNKNOWN_GROUP_TRUTH_ENERGY_NOT_STORED,4.228388472693467e-18,1.3877787807814457e-17,2.42861286636753e-17,144,,,,,1.8916911898203518e-32,,,UNKNOWN_GROUP_TRUTH_ENERGY_NOT_STORED,6.874644886278456e-18,2.6367796834847414e-17,4.625929269271486e-17,144,,,,,,,,,,,
fresh_calibration,D_KNOWN_EVENT_LOGP,D_KNOWN_EVENT_LOGP,EXACT_KNOWN_EVENTS,0,,,,,joint_1_minus_joint_0,all,6,"[501, 502, 503, 504, 505, 506]",36,1,36,,,,,group,2,9.142817430438296e-33,,,UNKNOWN_GROUP_TRUTH_ENERGY_NOT_STORED,4.296653053924034e-18,1.749179504943279e-17,4.2789845740761244e-17,144,,,,,1.9516090103123992e-32,,,UNKNOWN_GROUP_TRUTH_ENERGY_NOT_STORED,6.6818978333921455e-18,2.7755575615628914e-17,4.625929269271486e-17,144,,,,,,,,,,,
fresh_calibration,D_KNOWN_EVENT_LOGP,D_KNOWN_EVENT_LOGP,EXACT_KNOWN_EVENTS,0,,,,,joint_1_minus_joint_0,all,6,"[501, 502, 503, 504, 505, 506]",36,1,36,,,,,group,3,4.056907898912575e-33,,,UNKNOWN_GROUP_TRUTH_ENERGY_NOT_STORED,3.4272835341347326e-18,1.0408340855860843e-17,2.891205793294679e-17,144,,,,,2.636384101650083e-32,,,UNKNOWN_GROUP_TRUTH_ENERGY_NOT_STORED,7.452886044937394e-18,2.7755575615628914e-17,4.625929269271486e-17,144,,,,,,,,,,,
fresh_calibration,D_KNOWN_EVENT_LOGP,D_KNOWN_EVENT_LOGP,EXACT_KNOWN_EVENTS,0,,,,,joint_1_minus_joint_0,all,6,"[501, 502, 503, 504, 505, 506]",36,1,36,,,,,group,4,3.944144031943027e-33,,,UNKNOWN_GROUP_TRUTH_ENERGY_NOT_STORED,3.4614158247500184e-18,1.0408340855860843e-17,2.0816681711721685e-17,144,,,,,1.8488927466117464e-32,,,UNKNOWN_GROUP_TRUTH_ENERGY_NOT_STORED,6.6818978333921455e-18,2.6367796834847414e-17,5.551115123125783e-17,144,,,,,,,,,,,
fresh_calibration,D_KNOWN_EVENT_LOGP,D_KNOWN_EVENT_LOGP,EXACT_KNOWN_EVENTS,0,,,,,joint_1_minus_joint_0,all,6,"[501, 502, 503, 504, 505, 506]",36,1,36,,,,,group,5,5.8918075607721325e-33,,,UNKNOWN_GROUP_TRUTH_ENERGY_NOT_STORED,3.858956621328037e-18,1.3791051634015614e-17,2.544261098099317e-17,144,,,,,2.1056834058633778e-32,,,UNKNOWN_GROUP_TRUTH_ENERGY_NOT_STORED,7.06739193916477e-18,2.7755575615628914e-17,4.625929269271486e-17,144,,,,,,,,,,,
fresh_locked_test,C0|O_IND|16|0|0.01|0.01|8,C0,O_IND,16,0,0.01,0.01,8,joint_1_minus_joint_0,all,10,"[601, 602, 603, 604, 605, 606, 607, 608, 609, 610]",60,8,480,0,0,0,0,pooled,,0.0007881435995120774,0.0007881435995120774,1.0,DEFINED,0.00017715768279843362,0.0005708918232366532,0.0008830267968632626,11520,3,0.00019589855796167202,3,0.0006136365721096974,0.02313300239535911,0.02313300239535911,1.0,DEFINED,0.0009610336485386202,0.0031847238544991134,0.005085852768146081,11520,3,0.000991342802255793,1,0.0031875862653980695,,,,,,,
fresh_locked_test,C0|O_IND|16|0|0.01|0.01|8,C0,O_IND,16,0,0.01,0.01,8,joint_1_minus_joint_0,all,10,"[601, 602, 603, 604, 605, 606, 607, 608, 609, 610]",60,8,480,0,0,0,0,group,0,0.00013548718055212485,,,UNKNOWN_GROUP_TRUTH_ENERGY_NOT_STORED,0.00017871199690243025,0.0005878483179062734,0.0008483650858948019,1920,,,,,0.0038559959670479912,,,UNKNOWN_GROUP_TRUTH_ENERGY_NOT_STORED,0.0009485735205147275,0.003185643077403027,0.005008298107089706,1920,,,,,,,,,,,
fresh_locked_test,C0|O_IND|16|0|0.01|0.01|8,C0,O_IND,16,0,0.01,0.01,8,joint_1_minus_joint_0,all,10,"[601, 602, 603, 604, 605, 606, 607, 608, 609, 610]",60,8,480,0,0,0,0,group,1,0.00013916360078267755,,,UNKNOWN_GROUP_TRUTH_ENERGY_NOT_STORED,0.00018204398097761953,0.0005831809433313945,0.0008468920456940037,1920,,,,,0.003935081375474251,,,UNKNOWN_GROUP_TRUTH_ENERGY_NOT_STORED,0.0009733750097825212,0.0031875862653980695,0.0050620479605001,1920,,,,,,,,,,,
fresh_locked_test,C0|O_IND|16|0|0.01|0.01|8,C0,O_IND,16,0,0.01,0.01,8,joint_1_minus_joint_0,all,10,"[601, 602, 603, 604, 605, 606, 607, 608, 609, 610]",60,8,480,0,0,0,0,group,2,0.00015193067826586452,,,UNKNOWN_GROUP_TRUTH_ENERGY_NOT_STORED,0.00019145240784394774,0.0005998048043786811,0.0008780876540658821,1920,,,,,0.003801277158949779,,,UNKNOWN_GROUP_TRUTH_ENERGY_NOT_STORED,0.0009603902318826302,0.0031245411136233865,0.004744617779406754,1920,,,,,,,,,,,
fresh_locked_test,C0|O_IND|16|0|0.01|0.01|8,C0,O_IND,16,0,0.01,0.01,8,joint_1_minus_joint_0,all,10,"[601, 602, 603, 604, 605, 606, 607, 608, 609, 610]",60,8,480,0,0,0,0,group,3,0.00015640249288930656,,,UNKNOWN_GROUP_TRUTH_ENERGY_NOT_STORED,0.00019589855796167202,0.0006136365721096974,0.0008830267968632626,1920,,,,,0.003945936624459575,,,UNKNOWN_GROUP_TRUTH_ENERGY_NOT_STORED,0.000991342802255793,0.003128500886431003,0.004804198355590616,1920,,,,,,,,,,,
fresh_locked_test,C0|O_IND|16|0|0.01|0.01|8,C0,O_IND,16,0,0.01,0.01,8,joint_1_minus_joint_0,all,10,"[601, 602, 603, 604, 605, 606, 607, 608, 609, 610]",60,8,480,0,0,0,0,group,4,0.0001002912125051873,,,UNKNOWN_GROUP_TRUTH_ENERGY_NOT_STORED,0.00015548483024380147,0.0004753573443980415,0.0007475639228278156,1920,,,,,0.00372862777679377,,,UNKNOWN_GROUP_TRUTH_ENERGY_NOT_STORED,0.0009309571094779657,0.003142647323411712,0.004979476556215895,1920,,,,,,,,,,,
fresh_locked_test,C0|O_IND|16|0|0.01|0.01|8,C0,O_IND,16,0,0.01,0.01,8,joint_1_minus_joint_0,all,10,"[601, 602, 603, 604, 605, 606, 607, 608, 609, 610]",60,8,480,0,0,0,0,group,5,0.00010486843451691825,,,UNKNOWN_GROUP_TRUTH_ENERGY_NOT_STORED,0.00015935432286113155,0.0004985442041813415,0.0007478015436921994,1920,,,,,0.0038660834926337287,,,UNKNOWN_GROUP_TRUTH_ENERGY_NOT_STORED,0.0009615632173180772,0.00315880222251113,0.005085852768146081,1920,,,,,,,,,,,
fresh_locked_test,C0|O_IND|256|0|0.01|0.01|8,C0,O_IND,256,0,0.01,0.01,8,joint_1_minus_joint_0,all,10,"[601, 602, 603, 604, 605, 606, 607, 608, 609, 610]",60,8,480,0,0,0,0,pooled,,0.0007881435995120774,0.0007881435995120774,1.0,DEFINED,0.00017715768279843362,0.0005708918232366532,0.0008830267968632626,11520,3,0.00019589855796167202,3,0.0006136365721096974,0.02313300239535911,0.02313300239535911,1.0,DEFINED,0.0009610336485386202,0.0031847238544991134,0.005085852768146081,11520,3,0.000991342802255793,1,0.0031875862653980695,,,,,,,
fresh_locked_test,C0|O_IND|256|0|0.01|0.01|8,C0,O_IND,256,0,0.01,0.01,8,joint_1_minus_joint_0,all,10,"[601, 602, 603, 604, 605, 606, 607, 608, 609, 610]",60,8,480,0,0,0,0,group,0,0.00013548718055212485,,,UNKNOWN_GROUP_TRUTH_ENERGY_NOT_STORED,0.00017871199690243025,0.0005878483179062734,0.0008483650858948019,1920,,,,,0.0038559959670479912,,,UNKNOWN_GROUP_TRUTH_ENERGY_NOT_STORED,0.0009485735205147275,0.003185643077403027,0.005008298107089706,1920,,,,,,,,,,,
fresh_locked_test,C0|O_IND|256|0|0.01|0.01|8,C0,O_IND,256,0,0.01,0.01,8,joint_1_minus_joint_0,all,10,"[601, 602, 603, 604, 605, 606, 607, 608, 609, 610]",60,8,480,0,0,0,0,group,1,0.00013916360078267755,,,UNKNOWN_GROUP_TRUTH_ENERGY_NOT_STORED,0.00018204398097761953,0.0005831809433313945,0.0008468920456940037,1920,,,,,0.003935081375474251,,,UNKNOWN_GROUP_TRUTH_ENERGY_NOT_STORED,0.0009733750097825212,0.0031875862653980695,0.0050620479605001,1920,,,,,,,,,,,
fresh_locked_test,C0|O_IND|256|0|0.01|0.01|8,C0,O_IND,256,0,0.01,0.01,8,joint_1_minus_joint_0,all,10,"[601, 602, 603, 604, 605, 606, 607, 608, 609, 610]",60,8,480,0,0,0,0,group,2,0.00015193067826586452,,,UNKNOWN_GROUP_TRUTH_ENERGY_NOT_STORED,0.00019145240784394774,0.0005998048043786811,0.0008780876540658821,1920,,,,,0.003801277158949779,,,UNKNOWN_GROUP_TRUTH_ENERGY_NOT_STORED,0.0009603902318826302,0.0031245411136233865,0.004744617779406754,1920,,,,,,,,,,,
fresh_locked_test,C0|O_IND|256|0|0.01|0.01|8,C0,O_IND,256,0,0.01,0.01,8,joint_1_minus_joint_0,all,10,"[601, 602, 603, 604, 605, 606, 607, 608, 609, 610]",60,8,480,0,0,0,0,group,3,0.00015640249288930656,,,UNKNOWN_GROUP_TRUTH_ENERGY_NOT_STORED,0.00019589855796167202,0.0006136365721096974,0.0008830267968632626,1920,,,,,0.003945936624459575,,,UNKNOWN_GROUP_TRUTH_ENERGY_NOT_STORED,0.000991342802255793,0.003128500886431003,0.004804198355590616,1920,,,,,,,,,,,
fresh_locked_test,C0|O_IND|256|0|0.01|0.01|8,C0,O_IND,256,0,0.01,0.01,8,joint_1_minus_joint_0,all,10,"[601, 602, 603, 604, 605, 606, 607, 608, 609, 610]",60,8,480,0,0,0,0,group,4,0.0001002912125051873,,,UNKNOWN_GROUP_TRUTH_ENERGY_NOT_STORED,0.00015548483024380147,0.0004753573443980415,0.0007475639228278156,1920,,,,,0.00372862777679377,,,UNKNOWN_GROUP_TRUTH_ENERGY_NOT_STORED,0.0009309571094779657,0.003142647323411712,0.004979476556215895,1920,,,,,,,,,,,
fresh_locked_test,C0|O_IND|256|0|0.01|0.01|8,C0,O_IND,256,0,0.01,0.01,8,joint_1_minus_joint_0,all,10,"[601, 602, 603, 604, 605, 606, 607, 608, 609, 610]",60,8,480,0,0,0,0,group,5,0.00010486843451691825,,,UNKNOWN_GROUP_TRUTH_ENERGY_NOT_STORED,0.00015935432286113155,0.0004985442041813415,0.0007478015436921994,1920,,,,,0.0038660834926337287,,,UNKNOWN_GROUP_TRUTH_ENERGY_NOT_STORED,0.0009615632173180772,0.00315880222251113,0.005085852768146081,1920,,,,,,,,,,,
fresh_locked_test,C0|O_IND|64|0|0.01|0.01|8,C0,O_IND,64,0,0.01,0.01,8,joint_1_minus_joint_0,all,10,"[601, 602, 603, 604, 605, 606, 607, 608, 609, 610]",60,8,480,0,0,0,0,pooled,,0.0007881435995120774,0.0007881435995120774,1.0,DEFINED,0.00017715768279843362,0.0005708918232366532,0.0008830267968632626,11520,3,0.00019589855796167202,3,0.0006136365721096974,0.02313300239535911,0.02313300239535911,1.0,DEFINED,0.0009610336485386202,0.0031847238544991134,0.005085852768146081,11520,3,0.000991342802255793,1,0.0031875862653980695,0,1.0,0,0,1.0,0,
fresh_locked_test,C0|O_IND|64|0|0.01|0.01|8,C0,O_IND,64,0,0.01,0.01,8,joint_1_minus_joint_0,all,10,"[601, 602, 603, 604, 605, 606, 607, 608, 609, 610]",60,8,480,0,0,0,0,group,0,0.00013548718055212485,0.00013548718055212485,1.0,DEFINED_FROM_RAW_AUDIT,0.00017871199690243025,0.0005878483179062734,0.0008483650858948019,1920,,,,,0.0038559959670479912,0.0038559959670479912,1.0,DEFINED_FROM_RAW_AUDIT,0.0009485735205147275,0.003185643077403027,0.005008298107089706,1920,,,,,,,,,,,0
fresh_locked_test,C0|O_IND|64|0|0.01|0.01|8,C0,O_IND,64,0,0.01,0.01,8,joint_1_minus_joint_0,all,10,"[601, 602, 603, 604, 605, 606, 607, 608, 609, 610]",60,8,480,0,0,0,0,group,1,0.00013916360078267755,0.00013916360078267758,0.9999999999999999,DEFINED_FROM_RAW_AUDIT,0.00018204398097761953,0.0005831809433313945,0.0008468920456940037,1920,,,,,0.003935081375474251,0.0039350813754742515,0.9999999999999999,DEFINED_FROM_RAW_AUDIT,0.0009733750097825212,0.0031875862653980695,0.0050620479605001,1920,,,,,,,,,,,1
fresh_locked_test,C0|O_IND|64|0|0.01|0.01|8,C0,O_IND,64,0,0.01,0.01,8,joint_1_minus_joint_0,all,10,"[601, 602, 603, 604, 605, 606, 607, 608, 609, 610]",60,8,480,0,0,0,0,group,2,0.00015193067826586452,0.0001519306782658645,1.0,DEFINED_FROM_RAW_AUDIT,0.00019145240784394774,0.0005998048043786811,0.0008780876540658821,1920,,,,,0.003801277158949779,0.0038012771589497796,0.9999999999999999,DEFINED_FROM_RAW_AUDIT,0.0009603902318826302,0.0031245411136233865,0.004744617779406754,1920,,,,,,,,,,,2
fresh_locked_test,C0|O_IND|64|0|0.01|0.01|8,C0,O_IND,64,0,0.01,0.01,8,joint_1_minus_joint_0,all,10,"[601, 602, 603, 604, 605, 606, 607, 608, 609, 610]",60,8,480,0,0,0,0,group,3,0.00015640249288930656,0.00015640249288930653,1.0,DEFINED_FROM_RAW_AUDIT,0.00019589855796167202,0.0006136365721096974,0.0008830267968632626,1920,,,,,0.003945936624459575,0.003945936624459575,1.0,DEFINED_FROM_RAW_AUDIT,0.000991342802255793,0.003128500886431003,0.004804198355590616,1920,,,,,,,,,,,3
fresh_locked_test,C0|O_IND|64|0|0.01|0.01|8,C0,O_IND,64,0,0.01,0.01,8,joint_1_minus_joint_0,all,10,"[601, 602, 603, 604, 605, 606, 607, 608, 609, 610]",60,8,480,0,0,0,0,group,4,0.0001002912125051873,0.0001002912125051873,1.0,DEFINED_FROM_RAW_AUDIT,0.00015548483024380147,0.0004753573443980415,0.0007475639228278156,1920,,,,,0.00372862777679377,0.00372862777679377,1.0,DEFINED_FROM_RAW_AUDIT,0.0009309571094779657,0.003142647323411712,0.004979476556215895,1920,,,,,,,,,,,4
fresh_locked_test,C0|O_IND|64|0|0.01|0.01|8,C0,O_IND,64,0,0.01,0.01,8,joint_1_minus_joint_0,all,10,"[601, 602, 603, 604, 605, 606, 607, 608, 609, 610]",60,8,480,0,0,0,0,group,5,0.00010486843451691825,0.00010486843451691827,0.9999999999999999,DEFINED_FROM_RAW_AUDIT,0.00015935432286113155,0.0004985442041813415,0.0007478015436921994,1920,,,,,0.0038660834926337287,0.0038660834926337287,1.0,DEFINED_FROM_RAW_AUDIT,0.0009615632173180772,0.00315880222251113,0.005085852768146081,1920,,,,,,,,,,,5
fresh_locked_test,C1_LEGACY_EXACT_RULE|O_IND|16|1|0.01|0.01|8,C1_LEGACY_EXACT_RULE,O_IND,16,1,0.01,0.01,8,joint_1_minus_joint_0,all,10,"[601, 602, 603, 604, 605, 606, 607, 608, 609, 610]",60,8,480,1,1,7,22,pooled,,0.5718742210874117,0.0007881435995120774,26.936898103254734,DEFINED,0.0033009899470100392,0.014423592199287157,0.09621291932087973,11520,4,0.003416821299879019,5,0.015128120837941348,0.5326279243913896,0.02313300239535911,4.798394652760897,DEFINED,0.00316900252937447,0.013218601883056565,0.10107786571206352,11520,4,0.0033262678270040177,4,0.014375762025221082,,,,,,,
fresh_locked_test,C1_LEGACY_EXACT_RULE|O_IND|16|1|0.01|0.01|8,C1_LEGACY_EXACT_RULE,O_IND,16,1,0.01,0.01,8,joint_1_minus_joint_0,all,10,"[601, 602, 603, 604, 605, 606, 607, 608, 609, 610]",60,8,480,1,1,7,22,group,0,0.09265552739105187,,,UNKNOWN_GROUP_TRUTH_ENERGY_NOT_STORED,0.0032769927594255397,0.014250725335303156,0.06822536552532456,1920,,,,,0.08671801985309296,,,UNKNOWN_GROUP_TRUTH_ENERGY_NOT_STORED,0.0032131564084523436,0.013470140278024274,0.0814040683845879,1920,,,,,,,,,,,
fresh_locked_test,C1_LEGACY_EXACT_RULE|O_IND|16|1|0.01|0.01|8,C1_LEGACY_EXACT_RULE,O_IND,16,1,0.01,0.01,8,joint_1_minus_joint_0,all,10,"[601, 602, 603, 604, 605, 606, 607, 608, 609, 610]",60,8,480,1,1,7,22,group,1,0.10561270707490286,,,UNKNOWN_GROUP_TRUTH_ENERGY_NOT_STORED,0.003355898183250651,0.014621387956616997,0.09621291932087973,1920,,,,,0.08969719326262046,,,UNKNOWN_GROUP_TRUTH_ENERGY_NOT_STORED,0.0030902433929054203,0.013401764165497236,0.08313268184444891,1920,,,,,,,,,,,
fresh_locked_test,C1_LEGACY_EXACT_RULE|O_IND|16|1|0.01|0.01|8,C1_LEGACY_EXACT_RULE,O_IND,16,1,0.01,0.01,8,joint_1_minus_joint_0,all,10,"[601, 602, 603, 604, 605, 606, 607, 608, 609, 610]",60,8,480,1,1,7,22,group,2,0.08838884572208969,,,UNKNOWN_GROUP_TRUTH_ENERGY_NOT_STORED,0.003206828596718113,0.013435752336596862,0.07071818119929968,1920,,,,,0.09877606692317298,,,UNKNOWN_GROUP_TRUTH_ENERGY_NOT_STORED,0.0032262371486583294,0.013138757542301979,0.09637138364005778,1920,,,,,,,,,,,
fresh_locked_test,C1_LEGACY_EXACT_RULE|O_IND|16|1|0.01|0.01|8,C1_LEGACY_EXACT_RULE,O_IND,16,1,0.01,0.01,8,joint_1_minus_joint_0,all,10,"[601, 602, 603, 604, 605, 606, 607, 608, 609, 610]",60,8,480,1,1,7,22,group,3,0.09572221306963345,,,UNKNOWN_GROUP_TRUTH_ENERGY_NOT_STORED,0.003289547412752605,0.014434225920079216,0.061140922943870725,1920,,,,,0.07292456337969135,,,UNKNOWN_GROUP_TRUTH_ENERGY_NOT_STORED,0.0030284326636675356,0.01269277401401359,0.060378157521669064,1920,,,,,,,,,,,
fresh_locked_test,C1_LEGACY_EXACT_RULE|O_IND|16|1|0.01|0.01|8,C1_LEGACY_EXACT_RULE,O_IND,16,1,0.01,0.01,8,joint_1_minus_joint_0,all,10,"[601, 602, 603, 604, 605, 606, 607, 608, 609, 610]",60,8,480,1,1,7,22,group,4,0.09155731252548462,,,UNKNOWN_GROUP_TRUTH_ENERGY_NOT_STORED,0.003416821299879019,0.014860347446588078,0.06412342005627268,1920,,,,,0.10686837442440907,,,UNKNOWN_GROUP_TRUTH_ENERGY_NOT_STORED,0.0033262678270040177,0.014375762025221082,0.10107786571206352,1920,,,,,,,,,,,
fresh_locked_test,C1_LEGACY_EXACT_RULE|O_IND|16|1|0.01|0.01|8,C1_LEGACY_EXACT_RULE,O_IND,16,1,0.01,0.01,8,joint_1_minus_joint_0,all,10,"[601, 602, 603, 604, 605, 606, 607, 608, 609, 610]",60,8,480,1,1,7,22,group,5,0.09793761530424905,,,UNKNOWN_GROUP_TRUTH_ENERGY_NOT_STORED,0.0032598514300343153,0.015128120837941348,0.08561566357762639,1920,,,,,0.07764370654840291,,,UNKNOWN_GROUP_TRUTH_ENERGY_NOT_STORED,0.0031296777355591695,0.012782338550144478,0.06398692978771757,1920,,,,,,,,,,,
fresh_locked_test,C1_LEGACY_EXACT_RULE|O_IND|256|1|0.01|0.01|8,C1_LEGACY_EXACT_RULE,O_IND,256,1,0.01,0.01,8,joint_1_minus_joint_0,all,10,"[601, 602, 603, 604, 605, 606, 607, 608, 609, 610]",60,8,480,1,1,7,22,pooled,,0.037704123825911956,0.0007881435995120774,6.916585502136782,DEFINED,0.0008560824046049881,0.0037560452673295417,0.024654825353934675,11520,0,0.0009097294493254917,0,0.004296047912664665,0.06432534677261183,0.02313300239535911,1.667535416757078,DEFINED,0.001348575875950744,0.004959152910624295,0.028127627532802558,11520,3,0.0013897442471595383,3,0.005204022899257012,,,,,,,
fresh_locked_test,C1_LEGACY_EXACT_RULE|O_IND|256|1|0.01|0.01|8,C1_LEGACY_EXACT_RULE,O_IND,256,1,0.01,0.01,8,joint_1_minus_joint_0,all,10,"[601, 602, 603, 604, 605, 606, 607, 608, 609, 610]",60,8,480,1,1,7,22,group,0,0.007010904174289363,,,UNKNOWN_GROUP_TRUTH_ENERGY_NOT_STORED,0.0009097294493254917,0.004296047912664665,0.019636002044174705,1920,,,,,0.010346315364574338,,,UNKNOWN_GROUP_TRUTH_ENERGY_NOT_STORED,0.001322630925414017,0.004802899679056538,0.022638768117261704,1920,,,,,,,,,,,
fresh_locked_test,C1_LEGACY_EXACT_RULE|O_IND|256|1|0.01|0.01|8,C1_LEGACY_EXACT_RULE,O_IND,256,1,0.01,0.01,8,joint_1_minus_joint_0,all,10,"[601, 602, 603, 604, 605, 606, 607, 608, 609, 610]",60,8,480,1,1,7,22,group,1,0.006021130721839636,,,UNKNOWN_GROUP_TRUTH_ENERGY_NOT_STORED,0.000870087587967951,0.0038026833824470756,0.013916495156356179,1920,,,,,0.010387556119742526,,,UNKNOWN_GROUP_TRUTH_ENERGY_NOT_STORED,0.001341410797307037,0.00482752724252889,0.020759355170229175,1920,,,,,,,,,,,
fresh_locked_test,C1_LEGACY_EXACT_RULE|O_IND|256|1|0.01|0.01|8,C1_LEGACY_EXACT_RULE,O_IND,256,1,0.01,0.01,8,joint_1_minus_joint_0,all,10,"[601, 602, 603, 604, 605, 606, 607, 608, 609, 610]",60,8,480,1,1,7,22,group,2,0.006865342726723836,,,UNKNOWN_GROUP_TRUTH_ENERGY_NOT_STORED,0.0008833658739363729,0.0038244252288985154,0.01896290036814895,1920,,,,,0.011285387733102442,,,UNKNOWN_GROUP_TRUTH_ENERGY_NOT_STORED,0.0013665806975458683,0.0048719638120401105,0.028127627532802558,1920,,,,,,,,,,,
fresh_locked_test,C1_LEGACY_EXACT_RULE|O_IND|256|1|0.01|0.01|8,C1_LEGACY_EXACT_RULE,O_IND,256,1,0.01,0.01,8,joint_1_minus_joint_0,all,10,"[601, 602, 603, 604, 605, 606, 607, 608, 609, 610]",60,8,480,1,1,7,22,group,3,0.005410760471215206,,,UNKNOWN_GROUP_TRUTH_ENERGY_NOT_STORED,0.0008284151022957685,0.0035364634544217603,0.01495524989176491,1920,,,,,0.011328513143937497,,,UNKNOWN_GROUP_TRUTH_ENERGY_NOT_STORED,0.0013897442471595383,0.005204022899257012,0.0186967822340346,1920,,,,,,,,,,,
fresh_locked_test,C1_LEGACY_EXACT_RULE|O_IND|256|1|0.01|0.01|8,C1_LEGACY_EXACT_RULE,O_IND,256,1,0.01,0.01,8,joint_1_minus_joint_0,all,10,"[601, 602, 603, 604, 605, 606, 607, 608, 609, 610]",60,8,480,1,1,7,22,group,4,0.005759797349418753,,,UNKNOWN_GROUP_TRUTH_ENERGY_NOT_STORED,0.0008186455523349367,0.003715225166940597,0.017384901210101198,1920,,,,,0.009611018425622012,,,UNKNOWN_GROUP_TRUTH_ENERGY_NOT_STORED,0.0013118611247480148,0.004803999039311621,0.0160917517352992,1920,,,,,,,,,,,
fresh_locked_test,C1_LEGACY_EXACT_RULE|O_IND|256|1|0.01|0.01|8,C1_LEGACY_EXACT_RULE,O_IND,256,1,0.01,0.01,8,joint_1_minus_joint_0,all,10,"[601, 602, 603, 604, 605, 606, 607, 608, 609, 610]",60,8,480,1,1,7,22,group,5,0.006636188382425166,,,UNKNOWN_GROUP_TRUTH_ENERGY_NOT_STORED,0.0008262508617694057,0.0033009114190811414,0.024654825353934675,1920,,,,,0.011366555985633017,,,UNKNOWN_GROUP_TRUTH_ENERGY_NOT_STORED,0.0013592274635299858,0.005063479092986318,0.022474835468546006,1920,,,,,,,,,,,
fresh_locked_test,C1_LEGACY_EXACT_RULE|O_IND|64|1|0.01|0.01|8,C1_LEGACY_EXACT_RULE,O_IND,64,1,0.01,0.01,8,joint_1_minus_joint_0,all,10,"[601, 602, 603, 604, 605, 606, 607, 608, 609, 610]",60,8,480,1,1,7,22,pooled,,0.13280086619915413,0.0007881435995120774,12.980689969565587,DEFINED,0.001553339821564182,0.006866077350810355,0.04063363975416416,11520,0,0.0016605535646160925,2,0.007733006446811104,0.1421554584391243,0.02313300239535911,2.478938592629949,DEFINED,0.0018006420984447691,0.007035792853885355,0.03874837314248795,11520,2,0.0018661725132601828,1,0.007524772917418461,0,14.98595751207199,4,0,2.6848675337520977,2,
fresh_locked_test,C1_LEGACY_EXACT_RULE|O_IND|64|1|0.01|0.01|8,C1_LEGACY_EXACT_RULE,O_IND,64,1,0.01,0.01,8,joint_1_minus_joint_0,all,10,"[601, 602, 603, 604, 605, 606, 607, 608, 609, 610]",60,8,480,1,1,7,22,group,0,0.023617601513426057,0.00013548718055212485,13.202883546728714,DEFINED_FROM_RAW_AUDIT,0.0016605535646160925,0.007118769648235369,0.029300518805266938,1920,,,,,0.02229851007620169,0.0038559959670479912,2.404748360620847,DEFINED_FROM_RAW_AUDIT,0.0017525337102119705,0.007188354632904445,0.03325442441157406,1920,,,,,,,,,,,0
fresh_locked_test,C1_LEGACY_EXACT_RULE|O_IND|64|1|0.01|0.01|8,C1_LEGACY_EXACT_RULE,O_IND,64,1,0.01,0.01,8,joint_1_minus_joint_0,all,10,"[601, 602, 603, 604, 605, 606, 607, 608, 609, 610]",60,8,480,1,1,7,22,group,1,0.02028242898614398,0.00013916360078267758,12.0724983123741,DEFINED_FROM_RAW_AUDIT,0.0015421086833408116,0.007142621336098631,0.025544652289326925,1920,,,,,0.02456522661068148,0.0039350813754742515,2.4985240173742986,DEFINED_FROM_RAW_AUDIT,0.0018310218485474805,0.007524772917418461,0.03035841328188117,1920,,,,,,,,,,,1
fresh_locked_test,C1_LEGACY_EXACT_RULE|O_IND|64|1|0.01|0.01|8,C1_LEGACY_EXACT_RULE,O_IND,64,1,0.01,0.01,8,joint_1_minus_joint_0,all,10,"[601, 602, 603, 604, 605, 606, 607, 608, 609, 610]",60,8,480,1,1,7,22,group,2,0.025178473254700906,0.0001519306782658645,12.873361288231383,DEFINED_FROM_RAW_AUDIT,0.001617913306779063,0.007733006446811104,0.03898148657093299,1920,,,,,0.02740155837817817,0.0038012771589497796,2.6848675337520977,DEFINED_FROM_RAW_AUDIT,0.0018661725132601828,0.006932841954622867,0.03833067783584392,1920,,,,,,,,,,,2
fresh_locked_test,C1_LEGACY_EXACT_RULE|O_IND|64|1|0.01|0.01|8,C1_LEGACY_EXACT_RULE,O_IND,64,1,0.01,0.01,8,joint_1_minus_joint_0,all,10,"[601, 602, 603, 604, 605, 606, 607, 608, 609, 610]",60,8,480,1,1,7,22,group,3,0.021721880178685225,0.00015640249288930653,11.784926313028647,DEFINED_FROM_RAW_AUDIT,0.0014824166291223185,0.006397897556513632,0.0339289270179197,1920,,,,,0.025391392800888098,0.003945936624459575,2.5366947443125616,DEFINED_FROM_RAW_AUDIT,0.0018185749825125296,0.0069326816003212315,0.03874837314248795,1920,,,,,,,,,,,3
fresh_locked_test,C1_LEGACY_EXACT_RULE|O_IND|64|1|0.01|0.01|8,C1_LEGACY_EXACT_RULE,O_IND,64,1,0.01,0.01,8,joint_1_minus_joint_0,all,10,"[601, 602, 603, 604, 605, 606, 607, 608, 609, 610]",60,8,480,1,1,7,22,group,4,0.022523292446011794,0.0001002912125051873,14.98595751207199,DEFINED_FROM_RAW_AUDIT,0.0015465298522567901,0.006636438603992547,0.04063363975416416,1920,,,,,0.022534172068383568,0.00372862777679377,2.45836456768069,DEFINED_FROM_RAW_AUDIT,0.0017695181473983937,0.006715971072562544,0.03093660757104746,1920,,,,,,,,,,,4
fresh_locked_test,C1_LEGACY_EXACT_RULE|O_IND|64|1|0.01|0.01|8,C1_LEGACY_EXACT_RULE,O_IND,64,1,0.01,0.01,8,joint_1_minus_joint_0,all,10,"[601, 602, 603, 604, 605, 606, 607, 608, 609, 610]",60,8,480,1,1,7,22,group,5,0.01947718982018614,0.00010486843451691827,13.628270842554905,DEFINED_FROM_RAW_AUDIT,0.0014705168932700123,0.0064787799009558885,0.03142507858001761,1920,,,,,0.019964598504791226,0.0038660834926337287,2.2724517769505397,DEFINED_FROM_RAW_AUDIT,0.001766031388738048,0.006986794943699138,0.026586954415743772,1920,,,,,,,,,,,5
fresh_locked_test,C1_LEGACY_FROZEN|O_IND|16|0|0.01|0.01|8,C1_LEGACY_FROZEN,O_IND,16,0,0.01,0.01,8,joint_1_minus_joint_0,all,10,"[601, 602, 603, 604, 605, 606, 607, 608, 609, 610]",60,8,480,0,0,7,22,pooled,,0.0007881435995120774,0.0007881435995120774,1.0,DEFINED,0.00017715768279843362,0.0005708918232366532,0.0008830267968632626,11520,3,0.00019589855796167202,3,0.0006136365721096974,0.02313300239535911,0.02313300239535911,1.0,DEFINED,0.0009610336485386202,0.0031847238544991134,0.005085852768146081,11520,3,0.000991342802255793,1,0.0031875862653980695,,,,,,,
fresh_locked_test,C1_LEGACY_FROZEN|O_IND|16|0|0.01|0.01|8,C1_LEGACY_FROZEN,O_IND,16,0,0.01,0.01,8,joint_1_minus_joint_0,all,10,"[601, 602, 603, 604, 605, 606, 607, 608, 609, 610]",60,8,480,0,0,7,22,group,0,0.00013548718055212485,,,UNKNOWN_GROUP_TRUTH_ENERGY_NOT_STORED,0.00017871199690243025,0.0005878483179062734,0.0008483650858948019,1920,,,,,0.0038559959670479912,,,UNKNOWN_GROUP_TRUTH_ENERGY_NOT_STORED,0.0009485735205147275,0.003185643077403027,0.005008298107089706,1920,,,,,,,,,,,
fresh_locked_test,C1_LEGACY_FROZEN|O_IND|16|0|0.01|0.01|8,C1_LEGACY_FROZEN,O_IND,16,0,0.01,0.01,8,joint_1_minus_joint_0,all,10,"[601, 602, 603, 604, 605, 606, 607, 608, 609, 610]",60,8,480,0,0,7,22,group,1,0.00013916360078267755,,,UNKNOWN_GROUP_TRUTH_ENERGY_NOT_STORED,0.00018204398097761953,0.0005831809433313945,0.0008468920456940037,1920,,,,,0.003935081375474251,,,UNKNOWN_GROUP_TRUTH_ENERGY_NOT_STORED,0.0009733750097825212,0.0031875862653980695,0.0050620479605001,1920,,,,,,,,,,,
fresh_locked_test,C1_LEGACY_FROZEN|O_IND|16|0|0.01|0.01|8,C1_LEGACY_FROZEN,O_IND,16,0,0.01,0.01,8,joint_1_minus_joint_0,all,10,"[601, 602, 603, 604, 605, 606, 607, 608, 609, 610]",60,8,480,0,0,7,22,group,2,0.00015193067826586452,,,UNKNOWN_GROUP_TRUTH_ENERGY_NOT_STORED,0.00019145240784394774,0.0005998048043786811,0.0008780876540658821,1920,,,,,0.003801277158949779,,,UNKNOWN_GROUP_TRUTH_ENERGY_NOT_STORED,0.0009603902318826302,0.0031245411136233865,0.004744617779406754,1920,,,,,,,,,,,
fresh_locked_test,C1_LEGACY_FROZEN|O_IND|16|0|0.01|0.01|8,C1_LEGACY_FROZEN,O_IND,16,0,0.01,0.01,8,joint_1_minus_joint_0,all,10,"[601, 602, 603, 604, 605, 606, 607, 608, 609, 610]",60,8,480,0,0,7,22,group,3,0.00015640249288930656,,,UNKNOWN_GROUP_TRUTH_ENERGY_NOT_STORED,0.00019589855796167202,0.0006136365721096974,0.0008830267968632626,1920,,,,,0.003945936624459575,,,UNKNOWN_GROUP_TRUTH_ENERGY_NOT_STORED,0.000991342802255793,0.003128500886431003,0.004804198355590616,1920,,,,,,,,,,,
fresh_locked_test,C1_LEGACY_FROZEN|O_IND|16|0|0.01|0.01|8,C1_LEGACY_FROZEN,O_IND,16,0,0.01,0.01,8,joint_1_minus_joint_0,all,10,"[601, 602, 603, 604, 605, 606, 607, 608, 609, 610]",60,8,480,0,0,7,22,group,4,0.0001002912125051873,,,UNKNOWN_GROUP_TRUTH_ENERGY_NOT_STORED,0.00015548483024380147,0.0004753573443980415,0.0007475639228278156,1920,,,,,0.00372862777679377,,,UNKNOWN_GROUP_TRUTH_ENERGY_NOT_STORED,0.0009309571094779657,0.003142647323411712,0.004979476556215895,1920,,,,,,,,,,,
fresh_locked_test,C1_LEGACY_FROZEN|O_IND|16|0|0.01|0.01|8,C1_LEGACY_FROZEN,O_IND,16,0,0.01,0.01,8,joint_1_minus_joint_0,all,10,"[601, 602, 603, 604, 605, 606, 607, 608, 609, 610]",60,8,480,0,0,7,22,group,5,0.00010486843451691825,,,UNKNOWN_GROUP_TRUTH_ENERGY_NOT_STORED,0.00015935432286113155,0.0004985442041813415,0.0007478015436921994,1920,,,,,0.0038660834926337287,,,UNKNOWN_GROUP_TRUTH_ENERGY_NOT_STORED,0.0009615632173180772,0.00315880222251113,0.005085852768146081,1920,,,,,,,,,,,
fresh_locked_test,C1_LEGACY_FROZEN|O_IND|256|0|0.01|0.01|8,C1_LEGACY_FROZEN,O_IND,256,0,0.01,0.01,8,joint_1_minus_joint_0,all,10,"[601, 602, 603, 604, 605, 606, 607, 608, 609, 610]",60,8,480,0,0,7,22,pooled,,0.0007881435995120774,0.0007881435995120774,1.0,DEFINED,0.00017715768279843362,0.0005708918232366532,0.0008830267968632626,11520,3,0.00019589855796167202,3,0.0006136365721096974,0.02313300239535911,0.02313300239535911,1.0,DEFINED,0.0009610336485386202,0.0031847238544991134,0.005085852768146081,11520,3,0.000991342802255793,1,0.0031875862653980695,,,,,,,
fresh_locked_test,C1_LEGACY_FROZEN|O_IND|256|0|0.01|0.01|8,C1_LEGACY_FROZEN,O_IND,256,0,0.01,0.01,8,joint_1_minus_joint_0,all,10,"[601, 602, 603, 604, 605, 606, 607, 608, 609, 610]",60,8,480,0,0,7,22,group,0,0.00013548718055212485,,,UNKNOWN_GROUP_TRUTH_ENERGY_NOT_STORED,0.00017871199690243025,0.0005878483179062734,0.0008483650858948019,1920,,,,,0.0038559959670479912,,,UNKNOWN_GROUP_TRUTH_ENERGY_NOT_STORED,0.0009485735205147275,0.003185643077403027,0.005008298107089706,1920,,,,,,,,,,,
fresh_locked_test,C1_LEGACY_FROZEN|O_IND|256|0|0.01|0.01|8,C1_LEGACY_FROZEN,O_IND,256,0,0.01,0.01,8,joint_1_minus_joint_0,all,10,"[601, 602, 603, 604, 605, 606, 607, 608, 609, 610]",60,8,480,0,0,7,22,group,1,0.00013916360078267755,,,UNKNOWN_GROUP_TRUTH_ENERGY_NOT_STORED,0.00018204398097761953,0.0005831809433313945,0.0008468920456940037,1920,,,,,0.003935081375474251,,,UNKNOWN_GROUP_TRUTH_ENERGY_NOT_STORED,0.0009733750097825212,0.0031875862653980695,0.0050620479605001,1920,,,,,,,,,,,
fresh_locked_test,C1_LEGACY_FROZEN|O_IND|256|0|0.01|0.01|8,C1_LEGACY_FROZEN,O_IND,256,0,0.01,0.01,8,joint_1_minus_joint_0,all,10,"[601, 602, 603, 604, 605, 606, 607, 608, 609, 610]",60,8,480,0,0,7,22,group,2,0.00015193067826586452,,,UNKNOWN_GROUP_TRUTH_ENERGY_NOT_STORED,0.00019145240784394774,0.0005998048043786811,0.0008780876540658821,1920,,,,,0.003801277158949779,,,UNKNOWN_GROUP_TRUTH_ENERGY_NOT_STORED,0.0009603902318826302,0.0031245411136233865,0.004744617779406754,1920,,,,,,,,,,,
fresh_locked_test,C1_LEGACY_FROZEN|O_IND|256|0|0.01|0.01|8,C1_LEGACY_FROZEN,O_IND,256,0,0.01,0.01,8,joint_1_minus_joint_0,all,10,"[601, 602, 603, 604, 605, 606, 607, 608, 609, 610]",60,8,480,0,0,7,22,group,3,0.00015640249288930656,,,UNKNOWN_GROUP_TRUTH_ENERGY_NOT_STORED,0.00019589855796167202,0.0006136365721096974,0.0008830267968632626,1920,,,,,0.003945936624459575,,,UNKNOWN_GROUP_TRUTH_ENERGY_NOT_STORED,0.000991342802255793,0.003128500886431003,0.004804198355590616,1920,,,,,,,,,,,
fresh_locked_test,C1_LEGACY_FROZEN|O_IND|256|0|0.01|0.01|8,C1_LEGACY_FROZEN,O_IND,256,0,0.01,0.01,8,joint_1_minus_joint_0,all,10,"[601, 602, 603, 604, 605, 606, 607, 608, 609, 610]",60,8,480,0,0,7,22,group,4,0.0001002912125051873,,,UNKNOWN_GROUP_TRUTH_ENERGY_NOT_STORED,0.00015548483024380147,0.0004753573443980415,0.0007475639228278156,1920,,,,,0.00372862777679377,,,UNKNOWN_GROUP_TRUTH_ENERGY_NOT_STORED,0.0009309571094779657,0.003142647323411712,0.004979476556215895,1920,,,,,,,,,,,
fresh_locked_test,C1_LEGACY_FROZEN|O_IND|256|0|0.01|0.01|8,C1_LEGACY_FROZEN,O_IND,256,0,0.01,0.01,8,joint_1_minus_joint_0,all,10,"[601, 602, 603, 604, 605, 606, 607, 608, 609, 610]",60,8,480,0,0,7,22,group,5,0.00010486843451691825,,,UNKNOWN_GROUP_TRUTH_ENERGY_NOT_STORED,0.00015935432286113155,0.0004985442041813415,0.0007478015436921994,1920,,,,,0.0038660834926337287,,,UNKNOWN_GROUP_TRUTH_ENERGY_NOT_STORED,0.0009615632173180772,0.00315880222251113,0.005085852768146081,1920,,,,,,,,,,,
fresh_locked_test,C1_LEGACY_FROZEN|O_IND|64|0|0.01|0.01|8,C1_LEGACY_FROZEN,O_IND,64,0,0.01,0.01,8,joint_1_minus_joint_0,all,10,"[601, 602, 603, 604, 605, 606, 607, 608, 609, 610]",60,8,480,0,0,7,22,pooled,,0.0007881435995120774,0.0007881435995120774,1.0,DEFINED,0.00017715768279843362,0.0005708918232366532,0.0008830267968632626,11520,3,0.00019589855796167202,3,0.0006136365721096974,0.02313300239535911,0.02313300239535911,1.0,DEFINED,0.0009610336485386202,0.0031847238544991134,0.005085852768146081,11520,3,0.000991342802255793,1,0.0031875862653980695,,,,,,,
fresh_locked_test,C1_LEGACY_FROZEN|O_IND|64|0|0.01|0.01|8,C1_LEGACY_FROZEN,O_IND,64,0,0.01,0.01,8,joint_1_minus_joint_0,all,10,"[601, 602, 603, 604, 605, 606, 607, 608, 609, 610]",60,8,480,0,0,7,22,group,0,0.00013548718055212485,,,UNKNOWN_GROUP_TRUTH_ENERGY_NOT_STORED,0.00017871199690243025,0.0005878483179062734,0.0008483650858948019,1920,,,,,0.0038559959670479912,,,UNKNOWN_GROUP_TRUTH_ENERGY_NOT_STORED,0.0009485735205147275,0.003185643077403027,0.005008298107089706,1920,,,,,,,,,,,
fresh_locked_test,C1_LEGACY_FROZEN|O_IND|64|0|0.01|0.01|8,C1_LEGACY_FROZEN,O_IND,64,0,0.01,0.01,8,joint_1_minus_joint_0,all,10,"[601, 602, 603, 604, 605, 606, 607, 608, 609, 610]",60,8,480,0,0,7,22,group,1,0.00013916360078267755,,,UNKNOWN_GROUP_TRUTH_ENERGY_NOT_STORED,0.00018204398097761953,0.0005831809433313945,0.0008468920456940037,1920,,,,,0.003935081375474251,,,UNKNOWN_GROUP_TRUTH_ENERGY_NOT_STORED,0.0009733750097825212,0.0031875862653980695,0.0050620479605001,1920,,,,,,,,,,,
fresh_locked_test,C1_LEGACY_FROZEN|O_IND|64|0|0.01|0.01|8,C1_LEGACY_FROZEN,O_IND,64,0,0.01,0.01,8,joint_1_minus_joint_0,all,10,"[601, 602, 603, 604, 605, 606, 607, 608, 609, 610]",60,8,480,0,0,7,22,group,2,0.00015193067826586452,,,UNKNOWN_GROUP_TRUTH_ENERGY_NOT_STORED,0.00019145240784394774,0.0005998048043786811,0.0008780876540658821,1920,,,,,0.003801277158949779,,,UNKNOWN_GROUP_TRUTH_ENERGY_NOT_STORED,0.0009603902318826302,0.0031245411136233865,0.004744617779406754,1920,,,,,,,,,,,
fresh_locked_test,C1_LEGACY_FROZEN|O_IND|64|0|0.01|0.01|8,C1_LEGACY_FROZEN,O_IND,64,0,0.01,0.01,8,joint_1_minus_joint_0,all,10,"[601, 602, 603, 604, 605, 606, 607, 608, 609, 610]",60,8,480,0,0,7,22,group,3,0.00015640249288930656,,,UNKNOWN_GROUP_TRUTH_ENERGY_NOT_STORED,0.00019589855796167202,0.0006136365721096974,0.0008830267968632626,1920,,,,,0.003945936624459575,,,UNKNOWN_GROUP_TRUTH_ENERGY_NOT_STORED,0.000991342802255793,0.003128500886431003,0.004804198355590616,1920,,,,,,,,,,,
fresh_locked_test,C1_LEGACY_FROZEN|O_IND|64|0|0.01|0.01|8,C1_LEGACY_FROZEN,O_IND,64,0,0.01,0.01,8,joint_1_minus_joint_0,all,10,"[601, 602, 603, 604, 605, 606, 607, 608, 609, 610]",60,8,480,0,0,7,22,group,4,0.0001002912125051873,,,UNKNOWN_GROUP_TRUTH_ENERGY_NOT_STORED,0.00015548483024380147,0.0004753573443980415,0.0007475639228278156,1920,,,,,0.00372862777679377,,,UNKNOWN_GROUP_TRUTH_ENERGY_NOT_STORED,0.0009309571094779657,0.003142647323411712,0.004979476556215895,1920,,,,,,,,,,,
fresh_locked_test,C1_LEGACY_FROZEN|O_IND|64|0|0.01|0.01|8,C1_LEGACY_FROZEN,O_IND,64,0,0.01,0.01,8,joint_1_minus_joint_0,all,10,"[601, 602, 603, 604, 605, 606, 607, 608, 609, 610]",60,8,480,0,0,7,22,group,5,0.00010486843451691825,,,UNKNOWN_GROUP_TRUTH_ENERGY_NOT_STORED,0.00015935432286113155,0.0004985442041813415,0.0007478015436921994,1920,,,,,0.0038660834926337287,,,UNKNOWN_GROUP_TRUTH_ENERGY_NOT_STORED,0.0009615632173180772,0.00315880222251113,0.005085852768146081,1920,,,,,,,,,,,
fresh_locked_test,C3|O_LR_MIX|16|FULL|1e-05|0.01|2,C3,O_LR_MIX,16,FULL,1e-05,0.01,2,joint_1_minus_joint_0,all,10,"[601, 602, 603, 604, 605, 606, 607, 608, 609, 610]",60,8,480,0,4,0,4,pooled,,0.0003476875597216293,0.0007881435995120774,0.66418933753147,DEFINED,0.000111308429146187,0.0003906038330858192,0.0009674336416094884,11520,2,0.00012127148333725543,2,0.00041892689300870054,0.005579656963760019,0.02313300239535911,0.4911201446678671,DEFINED,0.0004520010640645785,0.0013798932011557536,0.003386306274307818,11520,3,0.0004691402645188,2,0.0014438710249770035,,,,,,,
fresh_locked_test,C3|O_LR_MIX|16|FULL|1e-05|0.01|2,C3,O_LR_MIX,16,FULL,1e-05,0.01,2,joint_1_minus_joint_0,all,10,"[601, 602, 603, 604, 605, 606, 607, 608, 609, 610]",60,8,480,0,4,0,4,group,0,6.10702416025137e-05,,,UNKNOWN_GROUP_TRUTH_ENERGY_NOT_STORED,0.0001129430622469748,0.00040603762696359474,0.0009674336416094884,1920,,,,,0.000923770967169379,,,UNKNOWN_GROUP_TRUTH_ENERGY_NOT_STORED,0.00044517755317748466,0.0013099684244521092,0.00336025180699878,1920,,,,,,,,,,,
fresh_locked_test,C3|O_LR_MIX|16|FULL|1e-05|0.01|2,C3,O_LR_MIX,16,FULL,1e-05,0.01,2,joint_1_minus_joint_0,all,10,"[601, 602, 603, 604, 605, 606, 607, 608, 609, 610]",60,8,480,0,4,0,4,group,1,6.065619551696924e-05,,,UNKNOWN_GROUP_TRUTH_ENERGY_NOT_STORED,0.00011491951045134928,0.0003965963996063352,0.0007714440883755219,1920,,,,,0.0009415824996321366,,,UNKNOWN_GROUP_TRUTH_ENERGY_NOT_STORED,0.00046081129681818216,0.0013717822146704609,0.0033686915686226156,1920,,,,,,,,,,,
fresh_locked_test,C3|O_LR_MIX|16|FULL|1e-05|0.01|2,C3,O_LR_MIX,16,FULL,1e-05,0.01,2,joint_1_minus_joint_0,all,10,"[601, 602, 603, 604, 605, 606, 607, 608, 609, 610]",60,8,480,0,4,0,4,group,2,6.842288875481232e-05,,,UNKNOWN_GROUP_TRUTH_ENERGY_NOT_STORED,0.00012127148333725543,0.00041892689300870054,0.0008112134660399067,1920,,,,,0.0009375126863398068,,,UNKNOWN_GROUP_TRUTH_ENERGY_NOT_STORED,0.00045436149667299973,0.0014438710249770035,0.0031229966642928654,1920,,,,,,,,,,,
fresh_locked_test,C3|O_LR_MIX|16|FULL|1e-05|0.01|2,C3,O_LR_MIX,16,FULL,1e-05,0.01,2,joint_1_minus_joint_0,all,10,"[601, 602, 603, 604, 605, 606, 607, 608, 609, 610]",60,8,480,0,4,0,4,group,3,6.39256962534424e-05,,,UNKNOWN_GROUP_TRUTH_ENERGY_NOT_STORED,0.00011619634824453084,0.0004116152529081045,0.0008591007822488648,1920,,,,,0.0010017391657735609,,,UNKNOWN_GROUP_TRUTH_ENERGY_NOT_STORED,0.0004691402645188,0.0014097760899090413,0.003386306274307818,1920,,,,,,,,,,,
fresh_locked_test,C3|O_LR_MIX|16|FULL|1e-05|0.01|2,C3,O_LR_MIX,16,FULL,1e-05,0.01,2,joint_1_minus_joint_0,all,10,"[601, 602, 603, 604, 605, 606, 607, 608, 609, 610]",60,8,480,0,4,0,4,group,4,4.5367484182065875e-05,,,UNKNOWN_GROUP_TRUTH_ENERGY_NOT_STORED,9.934118700137665e-05,0.0003654080029409426,0.0006478226786650496,1920,,,,,0.0008646233774477944,,,UNKNOWN_GROUP_TRUTH_ENERGY_NOT_STORED,0.0004329603015656667,0.0013315533269013,0.0031636110303043074,1920,,,,,,,,,,,
fresh_locked_test,C3|O_LR_MIX|16|FULL|1e-05|0.01|2,C3,O_LR_MIX,16,FULL,1e-05,0.01,2,joint_1_minus_joint_0,all,10,"[601, 602, 603, 604, 605, 606, 607, 608, 609, 610]",60,8,480,0,4,0,4,group,5,4.824505341182605e-05,,,UNKNOWN_GROUP_TRUTH_ENERGY_NOT_STORED,0.00010317898359563478,0.000337661590043749,0.0008001685330935388,1920,,,,,0.0009104282673973373,,,UNKNOWN_GROUP_TRUTH_ENERGY_NOT_STORED,0.0004495554716343352,0.0013852091363946637,0.003287943326539998,1920,,,,,,,,,,,
fresh_locked_test,C3|O_LR_MIX|256|FULL|1e-05|0.01|2,C3,O_LR_MIX,256,FULL,1e-05,0.01,2,joint_1_minus_joint_0,all,10,"[601, 602, 603, 604, 605, 606, 607, 608, 609, 610]",60,8,480,0,4,0,4,pooled,,0.0002902908972754603,0.0007881435995120774,0.6068956608058369,DEFINED,0.00010270241276004748,0.0003581509419024362,0.0007231882401785022,11520,3,0.00010908493507243592,1,0.0003805999252558732,0.005418850347817674,0.02313300239535911,0.4839913247331167,DEFINED,0.00044490227475740536,0.0012956432398848505,0.003184063984714747,11520,3,0.0004643337823748314,2,0.0013810695323328889,,,,,,,
fresh_locked_test,C3|O_LR_MIX|256|FULL|1e-05|0.01|2,C3,O_LR_MIX,256,FULL,1e-05,0.01,2,joint_1_minus_joint_0,all,10,"[601, 602, 603, 604, 605, 606, 607, 608, 609, 610]",60,8,480,0,4,0,4,group,0,5.2083702116610615e-05,,,UNKNOWN_GROUP_TRUTH_ENERGY_NOT_STORED,0.00010606237316056717,0.00037564679429204906,0.0006163215172847291,1920,,,,,0.000883755632377819,,,UNKNOWN_GROUP_TRUTH_ENERGY_NOT_STORED,0.0004358358542772859,0.0012345265010405432,0.0030865390240283896,1920,,,,,,,,,,,
fresh_locked_test,C3|O_LR_MIX|256|FULL|1e-05|0.01|2,C3,O_LR_MIX,256,FULL,1e-05,0.01,2,joint_1_minus_joint_0,all,10,"[601, 602, 603, 604, 605, 606, 607, 608, 609, 610]",60,8,480,0,4,0,4,group,1,5.3622856984434286e-05,,,UNKNOWN_GROUP_TRUTH_ENERGY_NOT_STORED,0.00010899367078062959,0.0003805999252558732,0.0007231882401785022,1920,,,,,0.0009192240498660124,,,UNKNOWN_GROUP_TRUTH_ENERGY_NOT_STORED,0.00045281967406331295,0.0012814229967446436,0.003184063984714747,1920,,,,,,,,,,,
fresh_locked_test,C3|O_LR_MIX|256|FULL|1e-05|0.01|2,C3,O_LR_MIX,256,FULL,1e-05,0.01,2,joint_1_minus_joint_0,all,10,"[601, 602, 603, 604, 605, 606, 607, 608, 609, 610]",60,8,480,0,4,0,4,group,2,5.379359254155686e-05,,,UNKNOWN_GROUP_TRUTH_ENERGY_NOT_STORED,0.00010667951873353345,0.0003756415557828884,0.0006906769354559089,1920,,,,,0.0009199383399818019,,,UNKNOWN_GROUP_TRUTH_ENERGY_NOT_STORED,0.0004494239455419643,0.0013810695323328889,0.002945540185953789,1920,,,,,,,,,,,
fresh_locked_test,C3|O_LR_MIX|256|FULL|1e-05|0.01|2,C3,O_LR_MIX,256,FULL,1e-05,0.01,2,joint_1_minus_joint_0,all,10,"[601, 602, 603, 604, 605, 606, 607, 608, 609, 610]",60,8,480,0,4,0,4,group,3,5.404537133967175e-05,,,UNKNOWN_GROUP_TRUTH_ENERGY_NOT_STORED,0.00010908493507243592,0.000363579222347652,0.0006498813944967446,1920,,,,,0.0009648383814930077,,,UNKNOWN_GROUP_TRUTH_ENERGY_NOT_STORED,0.0004643337823748314,0.001346359852828384,0.002997833800721573,1920,,,,,,,,,,,
fresh_locked_test,C3|O_LR_MIX|256|FULL|1e-05|0.01|2,C3,O_LR_MIX,256,FULL,1e-05,0.01,2,joint_1_minus_joint_0,all,10,"[601, 602, 603, 604, 605, 606, 607, 608, 609, 610]",60,8,480,0,4,0,4,group,4,3.8410904333759183e-05,,,UNKNOWN_GROUP_TRUTH_ENERGY_NOT_STORED,9.21369829180077e-05,0.0003286143098422628,0.00045042464180045316,1920,,,,,0.0008508800343477762,,,UNKNOWN_GROUP_TRUTH_ENERGY_NOT_STORED,0.00042571039077433714,0.0012148863104682382,0.003091080707900569,1920,,,,,,,,,,,
fresh_locked_test,C3|O_LR_MIX|256|FULL|1e-05|0.01|2,C3,O_LR_MIX,256,FULL,1e-05,0.01,2,joint_1_minus_joint_0,all,10,"[601, 602, 603, 604, 605, 606, 607, 608, 609, 610]",60,8,480,0,4,0,4,group,5,3.833446995942767e-05,,,UNKNOWN_GROUP_TRUTH_ENERGY_NOT_STORED,9.325699589511089e-05,0.000319610354592011,0.0005982047385316835,1920,,,,,0.0008802139097512534,,,UNKNOWN_GROUP_TRUTH_ENERGY_NOT_STORED,0.00044129000151270077,0.0012300934030251818,0.0031795144897453337,1920,,,,,,,,,,,
fresh_locked_test,C3|O_LR_MIX|64|FULL|1e-05|0.01|2,C3,O_LR_MIX,64,FULL,1e-05,0.01,2,joint_1_minus_joint_0,all,10,"[601, 602, 603, 604, 605, 606, 607, 608, 609, 610]",60,8,480,0,4,0,4,pooled,,0.0002951102205036265,0.0007881435995120774,0.6119126744992609,DEFINED,0.00010379651288738143,0.00035504154580763705,0.0007231882401785022,11520,1,0.00011044043755450349,2,0.0003784447698762674,0.005474437821782936,0.02313300239535911,0.4864674228915764,DEFINED,0.00044744316799797356,0.0013257046963528825,0.003318900568677492,11520,3,0.0004677358984952227,2,0.001396958868995538,,,,,,,
fresh_locked_test,C3|O_LR_MIX|64|FULL|1e-05|0.01|2,C3,O_LR_MIX,64,FULL,1e-05,0.01,2,joint_1_minus_joint_0,all,10,"[601, 602, 603, 604, 605, 606, 607, 608, 609, 610]",60,8,480,0,4,0,4,group,0,5.2093404779496574e-05,,,UNKNOWN_GROUP_TRUTH_ENERGY_NOT_STORED,0.0001069851953423029,0.00036144357004729987,0.0006152047830275719,1920,,,,,0.0008978679887017855,,,UNKNOWN_GROUP_TRUTH_ENERGY_NOT_STORED,0.0004402337757322458,0.0012910808585282114,0.0031827319064076597,1920,,,,,,,,,,,
fresh_locked_test,C3|O_LR_MIX|64|FULL|1e-05|0.01|2,C3,O_LR_MIX,64,FULL,1e-05,0.01,2,joint_1_minus_joint_0,all,10,"[601, 602, 603, 604, 605, 606, 607, 608, 609, 610]",60,8,480,0,4,0,4,group,1,5.531316635469215e-05,,,UNKNOWN_GROUP_TRUTH_ENERGY_NOT_STORED,0.00011044043755450349,0.00037751760304621145,0.0007231882401785022,1920,,,,,0.0009151839495734359,,,UNKNOWN_GROUP_TRUTH_ENERGY_NOT_STORED,0.0004524103154312696,0.001304232351874857,0.0031844400937544883,1920,,,,,,,,,,,
fresh_locked_test,C3|O_LR_MIX|64|FULL|1e-05|0.01|2,C3,O_LR_MIX,64,FULL,1e-05,0.01,2,joint_1_minus_joint_0,all,10,"[601, 602, 603, 604, 605, 606, 607, 608, 609, 610]",60,8,480,0,4,0,4,group,2,5.377116332868176e-05,,,UNKNOWN_GROUP_TRUTH_ENERGY_NOT_STORED,0.00010760345921853118,0.0003784447698762674,0.0006906769354559089,1920,,,,,0.0009384119270111151,,,UNKNOWN_GROUP_TRUTH_ENERGY_NOT_STORED,0.0004532813558725177,0.001396958868995538,0.0030890462525,1920,,,,,,,,,,,
fresh_locked_test,C3|O_LR_MIX|64|FULL|1e-05|0.01|2,C3,O_LR_MIX,64,FULL,1e-05,0.01,2,joint_1_minus_joint_0,all,10,"[601, 602, 603, 604, 605, 606, 607, 608, 609, 610]",60,8,480,0,4,0,4,group,3,5.4196326042809254e-05,,,UNKNOWN_GROUP_TRUTH_ENERGY_NOT_STORED,0.00010891914012242254,0.0003637269736487698,0.0006498813944967446,1920,,,,,0.000974500164750747,,,UNKNOWN_GROUP_TRUTH_ENERGY_NOT_STORED,0.0004677358984952227,0.0013771527050359784,0.0029977103941515684,1920,,,,,,,,,,,
fresh_locked_test,C3|O_LR_MIX|64|FULL|1e-05|0.01|2,C3,O_LR_MIX,64,FULL,1e-05,0.01,2,joint_1_minus_joint_0,all,10,"[601, 602, 603, 604, 605, 606, 607, 608, 609, 610]",60,8,480,0,4,0,4,group,4,4.04308884692188e-05,,,UNKNOWN_GROUP_TRUTH_ENERGY_NOT_STORED,9.427385283155911e-05,0.00033710126314067746,0.0005983793221802177,1920,,,,,0.0008503600911384985,,,UNKNOWN_GROUP_TRUTH_ENERGY_NOT_STORED,0.0004247542797606683,0.0012789913978230969,0.0030925908361278593,1920,,,,,,,,,,,
fresh_locked_test,C3|O_LR_MIX|64|FULL|1e-05|0.01|2,C3,O_LR_MIX,64,FULL,1e-05,0.01,2,joint_1_minus_joint_0,all,10,"[601, 602, 603, 604, 605, 606, 607, 608, 609, 610]",60,8,480,0,4,0,4,group,5,3.93052715287279e-05,,,UNKNOWN_GROUP_TRUTH_ENERGY_NOT_STORED,9.455699225496857e-05,0.0003187873165991998,0.0005982047385316835,1920,,,,,0.0008981137006073476,,,UNKNOWN_GROUP_TRUTH_ENERGY_NOT_STORED,0.00044624338269591844,0.0012902433340422576,0.003318900568677492,1920,,,,,,,,,,,
fresh_locked_test,C3|O_LR_ORIGIN|16|FULL|1e-05|0.01|2,C3,O_LR_ORIGIN,16,FULL,1e-05,0.01,2,joint_1_minus_joint_0,all,10,"[601, 602, 603, 604, 605, 606, 607, 608, 609, 610]",60,8,480,0,4,0,4,pooled,,0.0003572281392596502,0.0007881435995120774,0.6732403765202578,DEFINED,0.00011343718243476889,0.0003989956748843602,0.000836363819549938,11520,2,0.00011962291536010175,0,0.0004270214011732479,0.005615356882477168,0.02313300239535911,0.4926887889203544,DEFINED,0.00045305160700271724,0.0013779732220594919,0.0036601718596723973,11520,3,0.0004789687759255276,3,0.0014747511249628689,,,,,,,
fresh_locked_test,C3|O_LR_ORIGIN|16|FULL|1e-05|0.01|2,C3,O_LR_ORIGIN,16,FULL,1e-05,0.01,2,joint_1_minus_joint_0,all,10,"[601, 602, 603, 604, 605, 606, 607, 608, 609, 610]",60,8,480,0,4,0,4,group,0,6.554498580841777e-05,,,UNKNOWN_GROUP_TRUTH_ENERGY_NOT_STORED,0.00011838774105851764,0.0004270214011732479,0.0007991547500679552,1920,,,,,0.0008940214781207965,,,UNKNOWN_GROUP_TRUTH_ENERGY_NOT_STORED,0.0004403071776390985,0.0012770565963260982,0.0031999878831288995,1920,,,,,,,,,,,
fresh_locked_test,C3|O_LR_ORIGIN|16|FULL|1e-05|0.01|2,C3,O_LR_ORIGIN,16,FULL,1e-05,0.01,2,joint_1_minus_joint_0,all,10,"[601, 602, 603, 604, 605, 606, 607, 608, 609, 610]",60,8,480,0,4,0,4,group,1,6.445668363128795e-05,,,UNKNOWN_GROUP_TRUTH_ENERGY_NOT_STORED,0.0001185050084869632,0.00040082860905171075,0.000826753227654403,1920,,,,,0.0009476980901681457,,,UNKNOWN_GROUP_TRUTH_ENERGY_NOT_STORED,0.00046040759505607475,0.0013534133615498655,0.0033646897276234555,1920,,,,,,,,,,,
fresh_locked_test,C3|O_LR_ORIGIN|16|FULL|1e-05|0.01|2,C3,O_LR_ORIGIN,16,FULL,1e-05,0.01,2,joint_1_minus_joint_0,all,10,"[601, 602, 603, 604, 605, 606, 607, 608, 609, 610]",60,8,480,0,4,0,4,group,2,6.730557276587625e-05,,,UNKNOWN_GROUP_TRUTH_ENERGY_NOT_STORED,0.00011962291536010175,0.0004258030170993392,0.0008038398540014739,1920,,,,,0.0009326867748224754,,,UNKNOWN_GROUP_TRUTH_ENERGY_NOT_STORED,0.000453755750318289,0.001440243121275229,0.003035998873069624,1920,,,,,,,,,,,
fresh_locked_test,C3|O_LR_ORIGIN|16|FULL|1e-05|0.01|2,C3,O_LR_ORIGIN,16,FULL,1e-05,0.01,2,joint_1_minus_joint_0,all,10,"[601, 602, 603, 604, 605, 606, 607, 608, 609, 610]",60,8,480,0,4,0,4,group,3,6.360233934411152e-05,,,UNKNOWN_GROUP_TRUTH_ENERGY_NOT_STORED,0.00011737229412974794,0.0004127965993749004,0.000836363819549938,1920,,,,,0.0010287301928648962,,,UNKNOWN_GROUP_TRUTH_ENERGY_NOT_STORED,0.0004789687759255276,0.0014747511249628689,0.003260419706632375,1920,,,,,,,,,,,
fresh_locked_test,C3|O_LR_ORIGIN|16|FULL|1e-05|0.01|2,C3,O_LR_ORIGIN,16,FULL,1e-05,0.01,2,joint_1_minus_joint_0,all,10,"[601, 602, 603, 604, 605, 606, 607, 608, 609, 610]",60,8,480,0,4,0,4,group,4,4.8425492300363505e-05,,,UNKNOWN_GROUP_TRUTH_ENERGY_NOT_STORED,0.00010336919799608747,0.0003654080029409426,0.0007075887625199671,1920,,,,,0.00088463423393376,,,UNKNOWN_GROUP_TRUTH_ENERGY_NOT_STORED,0.0004370325093236486,0.0013782176846259407,0.003212199435854548,1920,,,,,,,,,,,
fresh_locked_test,C3|O_LR_ORIGIN|16|FULL|1e-05|0.01|2,C3,O_LR_ORIGIN,16,FULL,1e-05,0.01,2,joint_1_minus_joint_0,all,10,"[601, 602, 603, 604, 605, 606, 607, 608, 609, 610]",60,8,480,0,4,0,4,group,5,4.789306540959358e-05,,,UNKNOWN_GROUP_TRUTH_ENERGY_NOT_STORED,0.00010336593757719544,0.00032909477069926855,0.0005982047385316835,1920,,,,,0.0009275861125670882,,,UNKNOWN_GROUP_TRUTH_ENERGY_NOT_STORED,0.0004478378337536645,0.0013534863789079286,0.0036601718596723973,1920,,,,,,,,,,,
fresh_locked_test,C3|O_LR_ORIGIN|256|FULL|1e-05|0.01|2,C3,O_LR_ORIGIN,256,FULL,1e-05,0.01,2,joint_1_minus_joint_0,all,10,"[601, 602, 603, 604, 605, 606, 607, 608, 609, 610]",60,8,480,0,4,0,4,pooled,,0.0002876504212471132,0.0007881435995120774,0.6041292044970176,DEFINED,0.00010220524533268559,0.0003585097772756128,0.0007231882401785022,11520,1,0.00010888642562016765,0,0.0003831896685770683,0.005415346941347626,0.02313300239535911,0.48383484389474946,DEFINED,0.000445198301547061,0.0012962453025290896,0.003179906218601994,11520,3,0.00046520666828478316,2,0.001373564309992146,,,,,,,
fresh_locked_test,C3|O_LR_ORIGIN|256|FULL|1e-05|0.01|2,C3,O_LR_ORIGIN,256,FULL,1e-05,0.01,2,joint_1_minus_joint_0,all,10,"[601, 602, 603, 604, 605, 606, 607, 608, 609, 610]",60,8,480,0,4,0,4,group,0,5.2292340204189046e-05,,,UNKNOWN_GROUP_TRUTH_ENERGY_NOT_STORED,0.00010579851254285788,0.0003831896685770683,0.0006157888307811964,1920,,,,,0.0008847869761710075,,,UNKNOWN_GROUP_TRUTH_ENERGY_NOT_STORED,0.0004369388944823568,0.001238797367172838,0.003025581845964156,1920,,,,,,,,,,,
fresh_locked_test,C3|O_LR_ORIGIN|256|FULL|1e-05|0.01|2,C3,O_LR_ORIGIN,256,FULL,1e-05,0.01,2,joint_1_minus_joint_0,all,10,"[601, 602, 603, 604, 605, 606, 607, 608, 609, 610]",60,8,480,0,4,0,4,group,1,5.330440277186156e-05,,,UNKNOWN_GROUP_TRUTH_ENERGY_NOT_STORED,0.00010888642562016765,0.00037328192976004943,0.0007231882401785022,1920,,,,,0.0009110899809808247,,,UNKNOWN_GROUP_TRUTH_ENERGY_NOT_STORED,0.0004512053066935405,0.0012710679157278085,0.003179906218601994,1920,,,,,,,,,,,
fresh_locked_test,C3|O_LR_ORIGIN|256|FULL|1e-05|0.01|2,C3,O_LR_ORIGIN,256,FULL,1e-05,0.01,2,joint_1_minus_joint_0,all,10,"[601, 602, 603, 604, 605, 606, 607, 608, 609, 610]",60,8,480,0,4,0,4,group,2,5.385408853437364e-05,,,UNKNOWN_GROUP_TRUTH_ENERGY_NOT_STORED,0.00010747334539883126,0.0003741497888695579,0.0006906769354559089,1920,,,,,0.0009190193324195659,,,UNKNOWN_GROUP_TRUTH_ENERGY_NOT_STORED,0.00045043461481528017,0.001373564309992146,0.0028838861981704757,1920,,,,,,,,,,,
fresh_locked_test,C3|O_LR_ORIGIN|256|FULL|1e-05|0.01|2,C3,O_LR_ORIGIN,256,FULL,1e-05,0.01,2,joint_1_minus_joint_0,all,10,"[601, 602, 603, 604, 605, 606, 607, 608, 609, 610]",60,8,480,0,4,0,4,group,3,5.313455352807348e-05,,,UNKNOWN_GROUP_TRUTH_ENERGY_NOT_STORED,0.00010769157099838464,0.00036281601399813866,0.0006498813944967446,1920,,,,,0.000969358628522265,,,UNKNOWN_GROUP_TRUTH_ENERGY_NOT_STORED,0.00046520666828478316,0.0013440990235212892,0.003059623916629189,1920,,,,,,,,,,,
fresh_locked_test,C3|O_LR_ORIGIN|256|FULL|1e-05|0.01|2,C3,O_LR_ORIGIN,256,FULL,1e-05,0.01,2,joint_1_minus_joint_0,all,10,"[601, 602, 603, 604, 605, 606, 607, 608, 609, 610]",60,8,480,0,4,0,4,group,4,3.750870805027798e-05,,,UNKNOWN_GROUP_TRUTH_ENERGY_NOT_STORED,9.118746586633969e-05,0.0003245012624907054,0.00044643318638154365,1920,,,,,0.0008503851454862661,,,UNKNOWN_GROUP_TRUTH_ENERGY_NOT_STORED,0.0004262224393206997,0.0012164256614878859,0.0030788968858498356,1920,,,,,,,,,,,
fresh_locked_test,C3|O_LR_ORIGIN|256|FULL|1e-05|0.01|2,C3,O_LR_ORIGIN,256,FULL,1e-05,0.01,2,joint_1_minus_joint_0,all,10,"[601, 602, 603, 604, 605, 606, 607, 608, 609, 610]",60,8,480,0,4,0,4,group,5,3.755632815833727e-05,,,UNKNOWN_GROUP_TRUTH_ENERGY_NOT_STORED,9.219415156953259e-05,0.0003187873165991998,0.0005982047385316835,1920,,,,,0.000880706877767689,,,UNKNOWN_GROUP_TRUTH_ENERGY_NOT_STORED,0.000441181885685706,0.0012329888440408326,0.0031649359633645377,1920,,,,,,,,,,,
fresh_locked_test,C3|O_LR_ORIGIN|64|FULL|1e-05|0.01|2,C3,O_LR_ORIGIN,64,FULL,1e-05,0.01,2,joint_1_minus_joint_0,all,10,"[601, 602, 603, 604, 605, 606, 607, 608, 609, 610]",60,8,480,0,4,0,4,pooled,,0.00030049621331014253,0.0007881435995120774,0.6174713694795771,DEFINED,0.00010442804231264251,0.00036052671279631493,0.0007231882401785022,11520,2,0.0001111353080330041,0,0.0003934337375091167,0.005462345032315252,0.02313300239535911,0.4859298334079821,DEFINED,0.00044652070412568083,0.0013280211461147624,0.0032439669716929176,11520,3,0.0004681654057475708,3,0.0013967169142169128,,,,,,,
fresh_locked_test,C3|O_LR_ORIGIN|64|FULL|1e-05|0.01|2,C3,O_LR_ORIGIN,64,FULL,1e-05,0.01,2,joint_1_minus_joint_0,all,10,"[601, 602, 603, 604, 605, 606, 607, 608, 609, 610]",60,8,480,0,4,0,4,group,0,5.42915440620881e-05,,,UNKNOWN_GROUP_TRUTH_ENERGY_NOT_STORED,0.00010794556602474037,0.0003934337375091167,0.0006213394984456408,1920,,,,,0.0009176114916225643,,,UNKNOWN_GROUP_TRUTH_ENERGY_NOT_STORED,0.00044164403233331565,0.0012949317433130281,0.003223014424009638,1920,,,,,,,,,,,
fresh_locked_test,C3|O_LR_ORIGIN|64|FULL|1e-05|0.01|2,C3,O_LR_ORIGIN,64,FULL,1e-05,0.01,2,joint_1_minus_joint_0,all,10,"[601, 602, 603, 604, 605, 606, 607, 608, 609, 610]",60,8,480,0,4,0,4,group,1,5.524821452589444e-05,,,UNKNOWN_GROUP_TRUTH_ENERGY_NOT_STORED,0.0001100950642432136,0.0003736918555450327,0.0007231882401785022,1920,,,,,0.0009063417249497855,,,UNKNOWN_GROUP_TRUTH_ENERGY_NOT_STORED,0.00044985772600673597,0.0013022611178604838,0.0032439669716929176,1920,,,,,,,,,,,
fresh_locked_test,C3|O_LR_ORIGIN|64|FULL|1e-05|0.01|2,C3,O_LR_ORIGIN,64,FULL,1e-05,0.01,2,joint_1_minus_joint_0,all,10,"[601, 602, 603, 604, 605, 606, 607, 608, 609, 610]",60,8,480,0,4,0,4,group,2,5.716211602218481e-05,,,UNKNOWN_GROUP_TRUTH_ENERGY_NOT_STORED,0.0001111353080330041,0.000387738280156644,0.0006906769354559089,1920,,,,,0.0009178914400204706,,,UNKNOWN_GROUP_TRUTH_ENERGY_NOT_STORED,0.0004504128292424449,0.0013835394584635686,0.0028996211579573757,1920,,,,,,,,,,,
fresh_locked_test,C3|O_LR_ORIGIN|64|FULL|1e-05|0.01|2,C3,O_LR_ORIGIN,64,FULL,1e-05,0.01,2,joint_1_minus_joint_0,all,10,"[601, 602, 603, 604, 605, 606, 607, 608, 609, 610]",60,8,480,0,4,0,4,group,3,5.314111906215008e-05,,,UNKNOWN_GROUP_TRUTH_ENERGY_NOT_STORED,0.00010827249717760954,0.00035759183418865477,0.0006498813944967446,1920,,,,,0.0009863766007758268,,,UNKNOWN_GROUP_TRUTH_ENERGY_NOT_STORED,0.0004681654057475708,0.0013967169142169128,0.0032196975065160193,1920,,,,,,,,,,,
fresh_locked_test,C3|O_LR_ORIGIN|64|FULL|1e-05|0.01|2,C3,O_LR_ORIGIN,64,FULL,1e-05,0.01,2,joint_1_minus_joint_0,all,10,"[601, 602, 603, 604, 605, 606, 607, 608, 609, 610]",60,8,480,0,4,0,4,group,4,3.894512332674549e-05,,,UNKNOWN_GROUP_TRUTH_ENERGY_NOT_STORED,9.291140808268439e-05,0.0003199896359563223,0.000547741681245949,1920,,,,,0.0008599397663939323,,,UNKNOWN_GROUP_TRUTH_ENERGY_NOT_STORED,0.0004289546180602641,0.001237238817133313,0.0031538217416540674,1920,,,,,,,,,,,
fresh_locked_test,C3|O_LR_ORIGIN|64|FULL|1e-05|0.01|2,C3,O_LR_ORIGIN,64,FULL,1e-05,0.01,2,joint_1_minus_joint_0,all,10,"[601, 602, 603, 604, 605, 606, 607, 608, 609, 610]",60,8,480,0,4,0,4,group,5,4.170809631107948e-05,,,UNKNOWN_GROUP_TRUTH_ENERGY_NOT_STORED,9.620841031460339e-05,0.00032716167098871345,0.0005982047385316835,1920,,,,,0.0008741840085526641,,,UNKNOWN_GROUP_TRUTH_ENERGY_NOT_STORED,0.0004400896133637543,0.0012943873343926654,0.0031954926884580574,1920,,,,,,,,,,,
fresh_locked_test,C5|O_LR_ORIGIN|16|4|1e-05|0.01|2,C5,O_LR_ORIGIN,16,4,1e-05,0.01,2,joint_1_minus_joint_0,all,10,"[601, 602, 603, 604, 605, 606, 607, 608, 609, 610]",60,8,480,0,4,0,4,pooled,,0.00035722813925965027,0.0007881435995120774,0.6732403765202578,DEFINED,0.00011343718243476886,0.0003989956748843603,0.0008363638195499376,11520,2,0.00011962291536010175,0,0.0004270214011732482,0.005615356882477169,0.02313300239535911,0.49268878892035445,DEFINED,0.00045305160700271724,0.0013779732220594923,0.0036601718596723973,11520,3,0.00047896877592552774,3,0.0014747511249628689,,,,,,,
fresh_locked_test,C5|O_LR_ORIGIN|16|4|1e-05|0.01|2,C5,O_LR_ORIGIN,16,4,1e-05,0.01,2,joint_1_minus_joint_0,all,10,"[601, 602, 603, 604, 605, 606, 607, 608, 609, 610]",60,8,480,0,4,0,4,group,0,6.554498580841776e-05,,,UNKNOWN_GROUP_TRUTH_ENERGY_NOT_STORED,0.00011838774105851761,0.0004270214011732482,0.0007991547500679546,1920,,,,,0.0008940214781207967,,,UNKNOWN_GROUP_TRUTH_ENERGY_NOT_STORED,0.00044030717763909844,0.0012770565963260982,0.003199987883128899,1920,,,,,,,,,,,
fresh_locked_test,C5|O_LR_ORIGIN|16|4|1e-05|0.01|2,C5,O_LR_ORIGIN,16,4,1e-05,0.01,2,joint_1_minus_joint_0,all,10,"[601, 602, 603, 604, 605, 606, 607, 608, 609, 610]",60,8,480,0,4,0,4,group,1,6.445668363128795e-05,,,UNKNOWN_GROUP_TRUTH_ENERGY_NOT_STORED,0.00011850500848696324,0.00040082860905171075,0.0008267532276544032,1920,,,,,0.0009476980901681457,,,UNKNOWN_GROUP_TRUTH_ENERGY_NOT_STORED,0.0004604075950560748,0.0013534133615498655,0.0033646897276234555,1920,,,,,,,,,,,
fresh_locked_test,C5|O_LR_ORIGIN|16|4|1e-05|0.01|2,C5,O_LR_ORIGIN,16,4,1e-05,0.01,2,joint_1_minus_joint_0,all,10,"[601, 602, 603, 604, 605, 606, 607, 608, 609, 610]",60,8,480,0,4,0,4,group,2,6.730557276587627e-05,,,UNKNOWN_GROUP_TRUTH_ENERGY_NOT_STORED,0.00011962291536010175,0.0004258030170993389,0.0008038398540014742,1920,,,,,0.0009326867748224756,,,UNKNOWN_GROUP_TRUTH_ENERGY_NOT_STORED,0.0004537557503182889,0.0014402431212752293,0.003035998873069623,1920,,,,,,,,,,,
fresh_locked_test,C5|O_LR_ORIGIN|16|4|1e-05|0.01|2,C5,O_LR_ORIGIN,16,4,1e-05,0.01,2,joint_1_minus_joint_0,all,10,"[601, 602, 603, 604, 605, 606, 607, 608, 609, 610]",60,8,480,0,4,0,4,group,3,6.36023393441115e-05,,,UNKNOWN_GROUP_TRUTH_ENERGY_NOT_STORED,0.0001173722941297479,0.0004127965993749004,0.0008363638195499376,1920,,,,,0.0010287301928648962,,,UNKNOWN_GROUP_TRUTH_ENERGY_NOT_STORED,0.00047896877592552774,0.0014747511249628689,0.0032604197066323747,1920,,,,,,,,,,,
fresh_locked_test,C5|O_LR_ORIGIN|16|4|1e-05|0.01|2,C5,O_LR_ORIGIN,16,4,1e-05,0.01,2,joint_1_minus_joint_0,all,10,"[601, 602, 603, 604, 605, 606, 607, 608, 609, 610]",60,8,480,0,4,0,4,group,4,4.842549230036351e-05,,,UNKNOWN_GROUP_TRUTH_ENERGY_NOT_STORED,0.00010336919799608747,0.0003654080029409426,0.0007075887625199669,1920,,,,,0.0008846342339337599,,,UNKNOWN_GROUP_TRUTH_ENERGY_NOT_STORED,0.0004370325093236486,0.0013782176846259412,0.0032121994358545493,1920,,,,,,,,,,,
fresh_locked_test,C5|O_LR_ORIGIN|16|4|1e-05|0.01|2,C5,O_LR_ORIGIN,16,4,1e-05,0.01,2,joint_1_minus_joint_0,all,10,"[601, 602, 603, 604, 605, 606, 607, 608, 609, 610]",60,8,480,0,4,0,4,group,5,4.789306540959358e-05,,,UNKNOWN_GROUP_TRUTH_ENERGY_NOT_STORED,0.00010336593757719546,0.00032909477069926855,0.0005982047385316835,1920,,,,,0.0009275861125670882,,,UNKNOWN_GROUP_TRUTH_ENERGY_NOT_STORED,0.0004478378337536646,0.0013534863789079286,0.0036601718596723973,1920,,,,,,,,,,,
fresh_locked_test,C5|O_LR_ORIGIN|256|4|1e-05|0.01|2,C5,O_LR_ORIGIN,256,4,1e-05,0.01,2,joint_1_minus_joint_0,all,10,"[601, 602, 603, 604, 605, 606, 607, 608, 609, 610]",60,8,480,0,4,0,4,pooled,,0.0002876504212471133,0.0007881435995120774,0.6041292044970177,DEFINED,0.00010220524533268562,0.000358509777275613,0.0007231882401785022,11520,1,0.00010888642562016768,0,0.0003831896685770682,0.005415346941347628,0.02313300239535911,0.4838348438947495,DEFINED,0.000445198301547061,0.0012962453025290896,0.003179906218601994,11520,3,0.00046520666828478316,2,0.001373564309992146,,,,,,,
fresh_locked_test,C5|O_LR_ORIGIN|256|4|1e-05|0.01|2,C5,O_LR_ORIGIN,256,4,1e-05,0.01,2,joint_1_minus_joint_0,all,10,"[601, 602, 603, 604, 605, 606, 607, 608, 609, 610]",60,8,480,0,4,0,4,group,0,5.2292340204189046e-05,,,UNKNOWN_GROUP_TRUTH_ENERGY_NOT_STORED,0.00010579851254285788,0.0003831896685770682,0.0006157888307811964,1920,,,,,0.0008847869761710076,,,UNKNOWN_GROUP_TRUTH_ENERGY_NOT_STORED,0.00043693889448235694,0.001238797367172838,0.003025581845964157,1920,,,,,,,,,,,
fresh_locked_test,C5|O_LR_ORIGIN|256|4|1e-05|0.01|2,C5,O_LR_ORIGIN,256,4,1e-05,0.01,2,joint_1_minus_joint_0,all,10,"[601, 602, 603, 604, 605, 606, 607, 608, 609, 610]",60,8,480,0,4,0,4,group,1,5.330440277186156e-05,,,UNKNOWN_GROUP_TRUTH_ENERGY_NOT_STORED,0.00010888642562016768,0.00037328192976004954,0.0007231882401785022,1920,,,,,0.0009110899809808248,,,UNKNOWN_GROUP_TRUTH_ENERGY_NOT_STORED,0.0004512053066935404,0.0012710679157278088,0.003179906218601994,1920,,,,,,,,,,,
fresh_locked_test,C5|O_LR_ORIGIN|256|4|1e-05|0.01|2,C5,O_LR_ORIGIN,256,4,1e-05,0.01,2,joint_1_minus_joint_0,all,10,"[601, 602, 603, 604, 605, 606, 607, 608, 609, 610]",60,8,480,0,4,0,4,group,2,5.385408853437364e-05,,,UNKNOWN_GROUP_TRUTH_ENERGY_NOT_STORED,0.00010747334539883127,0.0003741497888695578,0.0006906769354559089,1920,,,,,0.000919019332419566,,,UNKNOWN_GROUP_TRUTH_ENERGY_NOT_STORED,0.0004504346148152804,0.001373564309992146,0.0028838861981704757,1920,,,,,,,,,,,
fresh_locked_test,C5|O_LR_ORIGIN|256|4|1e-05|0.01|2,C5,O_LR_ORIGIN,256,4,1e-05,0.01,2,joint_1_minus_joint_0,all,10,"[601, 602, 603, 604, 605, 606, 607, 608, 609, 610]",60,8,480,0,4,0,4,group,3,5.3134553528073485e-05,,,UNKNOWN_GROUP_TRUTH_ENERGY_NOT_STORED,0.00010769157099838467,0.00036281601399813866,0.0006498813944967446,1920,,,,,0.000969358628522265,,,UNKNOWN_GROUP_TRUTH_ENERGY_NOT_STORED,0.00046520666828478316,0.0013440990235212896,0.003059623916629189,1920,,,,,,,,,,,
fresh_locked_test,C5|O_LR_ORIGIN|256|4|1e-05|0.01|2,C5,O_LR_ORIGIN,256,4,1e-05,0.01,2,joint_1_minus_joint_0,all,10,"[601, 602, 603, 604, 605, 606, 607, 608, 609, 610]",60,8,480,0,4,0,4,group,4,3.750870805027799e-05,,,UNKNOWN_GROUP_TRUTH_ENERGY_NOT_STORED,9.118746586633969e-05,0.00032450126249070516,0.0004464331863815438,1920,,,,,0.0008503851454862662,,,UNKNOWN_GROUP_TRUTH_ENERGY_NOT_STORED,0.00042622243932069975,0.0012164256614878857,0.0030788968858498373,1920,,,,,,,,,,,
fresh_locked_test,C5|O_LR_ORIGIN|256|4|1e-05|0.01|2,C5,O_LR_ORIGIN,256,4,1e-05,0.01,2,joint_1_minus_joint_0,all,10,"[601, 602, 603, 604, 605, 606, 607, 608, 609, 610]",60,8,480,0,4,0,4,group,5,3.755632815833727e-05,,,UNKNOWN_GROUP_TRUTH_ENERGY_NOT_STORED,9.219415156953259e-05,0.0003187873165991998,0.0005982047385316835,1920,,,,,0.0008807068777676892,,,UNKNOWN_GROUP_TRUTH_ENERGY_NOT_STORED,0.0004411818856857061,0.0012329888440408322,0.0031649359633645385,1920,,,,,,,,,,,
fresh_locked_test,C5|O_LR_ORIGIN|64|4|1e-05|0.01|2,C5,O_LR_ORIGIN,64,4,1e-05,0.01,2,joint_1_minus_joint_0,all,10,"[601, 602, 603, 604, 605, 606, 607, 608, 609, 610]",60,8,480,0,4,0,4,pooled,,0.0003004962133101425,0.0007881435995120774,0.6174713694795771,DEFINED,0.00010442804231264254,0.00036052671279631493,0.0007231882401785022,11520,2,0.0001111353080330041,0,0.0003934337375091167,0.0054623450323152516,0.02313300239535911,0.48592983340798207,DEFINED,0.00044652070412568083,0.0013280211461147626,0.0032439669716929167,11520,3,0.0004681654057475707,3,0.001396716914216913,0,0.6330193621265852,0,0,0.49997274201764375,3,
fresh_locked_test,C5|O_LR_ORIGIN|64|4|1e-05|0.01|2,C5,O_LR_ORIGIN,64,4,1e-05,0.01,2,joint_1_minus_joint_0,all,10,"[601, 602, 603, 604, 605, 606, 607, 608, 609, 610]",60,8,480,0,4,0,4,group,0,5.4291544062088105e-05,0.00013548718055212485,0.6330193621265852,DEFINED_FROM_RAW_AUDIT,0.0001079455660247404,0.0003934337375091167,0.0006213394984456408,1920,,,,,0.0009176114916225643,0.0038559959670479912,0.4878217236473958,DEFINED_FROM_RAW_AUDIT,0.0004416440323333156,0.0012949317433130268,0.003223014424009638,1920,,,,,,,,,,,0
fresh_locked_test,C5|O_LR_ORIGIN|64|4|1e-05|0.01|2,C5,O_LR_ORIGIN,64,4,1e-05,0.01,2,joint_1_minus_joint_0,all,10,"[601, 602, 603, 604, 605, 606, 607, 608, 609, 610]",60,8,480,0,4,0,4,group,1,5.5248214525894435e-05,0.00013916360078267758,0.6300808712717648,DEFINED_FROM_RAW_AUDIT,0.00011009506424321362,0.00037369185554503266,0.0007231882401785022,1920,,,,,0.0009063417249497855,0.0039350813754742515,0.4799203084697633,DEFINED_FROM_RAW_AUDIT,0.0004498577260067359,0.0013022611178604838,0.0032439669716929167,1920,,,,,,,,,,,1
fresh_locked_test,C5|O_LR_ORIGIN|64|4|1e-05|0.01|2,C5,O_LR_ORIGIN,64,4,1e-05,0.01,2,joint_1_minus_joint_0,all,10,"[601, 602, 603, 604, 605, 606, 607, 608, 609, 610]",60,8,480,0,4,0,4,group,2,5.716211602218481e-05,0.0001519306782658645,0.6133825408865722,DEFINED_FROM_RAW_AUDIT,0.0001111353080330041,0.00038773828015664365,0.0006906769354559089,1920,,,,,0.0009178914400204706,0.0038012771589497796,0.4913951795497232,DEFINED_FROM_RAW_AUDIT,0.0004504128292424451,0.0013835394584635692,0.002899621157957376,1920,,,,,,,,,,,2
fresh_locked_test,C5|O_LR_ORIGIN|64|4|1e-05|0.01|2,C5,O_LR_ORIGIN,64,4,1e-05,0.01,2,joint_1_minus_joint_0,all,10,"[601, 602, 603, 604, 605, 606, 607, 608, 609, 610]",60,8,480,0,4,0,4,group,3,5.314111906215008e-05,0.00015640249288930653,0.5828992712444118,DEFINED_FROM_RAW_AUDIT,0.00010827249717760952,0.00035759183418865477,0.0006498813944967446,1920,,,,,0.0009863766007758268,0.003945936624459575,0.49997274201764375,DEFINED_FROM_RAW_AUDIT,0.0004681654057475707,0.001396716914216913,0.00321969750651602,1920,,,,,,,,,,,3
fresh_locked_test,C5|O_LR_ORIGIN|64|4|1e-05|0.01|2,C5,O_LR_ORIGIN,64,4,1e-05,0.01,2,joint_1_minus_joint_0,all,10,"[601, 602, 603, 604, 605, 606, 607, 608, 609, 610]",60,8,480,0,4,0,4,group,4,3.894512332674549e-05,0.0001002912125051873,0.6231535891856358,DEFINED_FROM_RAW_AUDIT,9.291140808268439e-05,0.0003199896359563221,0.0005477416812459488,1920,,,,,0.0008599397663939324,0.00372862777679377,0.4802412945135525,DEFINED_FROM_RAW_AUDIT,0.0004289546180602641,0.001237238817133313,0.0031538217416540674,1920,,,,,,,,,,,4
fresh_locked_test,C5|O_LR_ORIGIN|64|4|1e-05|0.01|2,C5,O_LR_ORIGIN,64,4,1e-05,0.01,2,joint_1_minus_joint_0,all,10,"[601, 602, 603, 604, 605, 606, 607, 608, 609, 610]",60,8,480,0,4,0,4,group,5,4.170809631107949e-05,0.00010486843451691827,0.6306491161785861,DEFINED_FROM_RAW_AUDIT,9.620841031460338e-05,0.00032716167098871345,0.0005982047385316835,1920,,,,,0.0008741840085526641,0.0038660834926337287,0.47551674441144787,DEFINED_FROM_RAW_AUDIT,0.00044008961336375427,0.0012943873343926654,0.003195492688458058,1920,,,,,,,,,,,5
fresh_locked_test,C6|O_LR_MIX|16|4|1e-05|0.01|2,C6,O_LR_MIX,16,4,1e-05,0.01,2,joint_1_minus_joint_0,all,10,"[601, 602, 603, 604, 605, 606, 607, 608, 609, 610]",60,8,480,0,4,0,4,pooled,,0.00034768755972162935,0.0007881435995120774,0.6641893375314701,DEFINED,0.000111308429146187,0.00039060383308581924,0.0009674336416094876,11520,2,0.00012127148333725544,2,0.00041892689300870064,0.005579656963760019,0.02313300239535911,0.4911201446678671,DEFINED,0.0004520010640645785,0.001379893201155753,0.0033863062743078195,11520,3,0.0004691402645188001,2,0.001443871024977004,,,,,,,
fresh_locked_test,C6|O_LR_MIX|16|4|1e-05|0.01|2,C6,O_LR_MIX,16,4,1e-05,0.01,2,joint_1_minus_joint_0,all,10,"[601, 602, 603, 604, 605, 606, 607, 608, 609, 610]",60,8,480,0,4,0,4,group,0,6.10702416025137e-05,,,UNKNOWN_GROUP_TRUTH_ENERGY_NOT_STORED,0.00011294306224697475,0.00040603762696359474,0.0009674336416094876,1920,,,,,0.000923770967169379,,,UNKNOWN_GROUP_TRUTH_ENERGY_NOT_STORED,0.0004451775531774846,0.0013099684244521099,0.00336025180699878,1920,,,,,,,,,,,
fresh_locked_test,C6|O_LR_MIX|16|4|1e-05|0.01|2,C6,O_LR_MIX,16,4,1e-05,0.01,2,joint_1_minus_joint_0,all,10,"[601, 602, 603, 604, 605, 606, 607, 608, 609, 610]",60,8,480,0,4,0,4,group,1,6.065619551696924e-05,,,UNKNOWN_GROUP_TRUTH_ENERGY_NOT_STORED,0.00011491951045134928,0.0003965963996063352,0.0007714440883755219,1920,,,,,0.0009415824996321365,,,UNKNOWN_GROUP_TRUTH_ENERGY_NOT_STORED,0.0004608112968181822,0.0013717822146704607,0.003368691568622614,1920,,,,,,,,,,,
fresh_locked_test,C6|O_LR_MIX|16|4|1e-05|0.01|2,C6,O_LR_MIX,16,4,1e-05,0.01,2,joint_1_minus_joint_0,all,10,"[601, 602, 603, 604, 605, 606, 607, 608, 609, 610]",60,8,480,0,4,0,4,group,2,6.84228887548123e-05,,,UNKNOWN_GROUP_TRUTH_ENERGY_NOT_STORED,0.00012127148333725544,0.00041892689300870064,0.0008112134660399062,1920,,,,,0.0009375126863398069,,,UNKNOWN_GROUP_TRUTH_ENERGY_NOT_STORED,0.0004543614966729998,0.001443871024977004,0.0031229966642928645,1920,,,,,,,,,,,
fresh_locked_test,C6|O_LR_MIX|16|4|1e-05|0.01|2,C6,O_LR_MIX,16,4,1e-05,0.01,2,joint_1_minus_joint_0,all,10,"[601, 602, 603, 604, 605, 606, 607, 608, 609, 610]",60,8,480,0,4,0,4,group,3,6.39256962534424e-05,,,UNKNOWN_GROUP_TRUTH_ENERGY_NOT_STORED,0.0001161963482445308,0.00041161525290810456,0.0008591007822488648,1920,,,,,0.0010017391657735609,,,UNKNOWN_GROUP_TRUTH_ENERGY_NOT_STORED,0.0004691402645188001,0.0014097760899090413,0.0033863062743078195,1920,,,,,,,,,,,
fresh_locked_test,C6|O_LR_MIX|16|4|1e-05|0.01|2,C6,O_LR_MIX,16,4,1e-05,0.01,2,joint_1_minus_joint_0,all,10,"[601, 602, 603, 604, 605, 606, 607, 608, 609, 610]",60,8,480,0,4,0,4,group,4,4.536748418206587e-05,,,UNKNOWN_GROUP_TRUTH_ENERGY_NOT_STORED,9.934118700137667e-05,0.0003654080029409426,0.0006478226786650493,1920,,,,,0.0008646233774477945,,,UNKNOWN_GROUP_TRUTH_ENERGY_NOT_STORED,0.00043296030156566667,0.0013315533269013,0.0031636110303043066,1920,,,,,,,,,,,
fresh_locked_test,C6|O_LR_MIX|16|4|1e-05|0.01|2,C6,O_LR_MIX,16,4,1e-05,0.01,2,joint_1_minus_joint_0,all,10,"[601, 602, 603, 604, 605, 606, 607, 608, 609, 610]",60,8,480,0,4,0,4,group,5,4.824505341182605e-05,,,UNKNOWN_GROUP_TRUTH_ENERGY_NOT_STORED,0.00010317898359563478,0.000337661590043749,0.0008001685330935384,1920,,,,,0.0009104282673973374,,,UNKNOWN_GROUP_TRUTH_ENERGY_NOT_STORED,0.0004495554716343354,0.0013852091363946637,0.0032879433265399966,1920,,,,,,,,,,,
fresh_locked_test,C6|O_LR_MIX|256|4|1e-05|0.01|2,C6,O_LR_MIX,256,4,1e-05,0.01,2,joint_1_minus_joint_0,all,10,"[601, 602, 603, 604, 605, 606, 607, 608, 609, 610]",60,8,480,0,4,0,4,pooled,,0.0002902908972754604,0.0007881435995120774,0.6068956608058369,DEFINED,0.0001027024127600475,0.0003581509419024362,0.0007231882401785022,11520,3,0.00010908493507243592,1,0.00038059992525587313,0.005418850347817675,0.02313300239535911,0.48399132473311673,DEFINED,0.00044490227475740536,0.0012956432398848505,0.003184063984714746,11520,3,0.0004643337823748315,2,0.0013810695323328889,,,,,,,
fresh_locked_test,C6|O_LR_MIX|256|4|1e-05|0.01|2,C6,O_LR_MIX,256,4,1e-05,0.01,2,joint_1_minus_joint_0,all,10,"[601, 602, 603, 604, 605, 606, 607, 608, 609, 610]",60,8,480,0,4,0,4,group,0,5.2083702116610615e-05,,,UNKNOWN_GROUP_TRUTH_ENERGY_NOT_STORED,0.00010606237316056717,0.00037564679429204917,0.0006163215172847291,1920,,,,,0.0008837556323778191,,,UNKNOWN_GROUP_TRUTH_ENERGY_NOT_STORED,0.0004358358542772859,0.0012345265010405432,0.0030865390240283914,1920,,,,,,,,,,,
fresh_locked_test,C6|O_LR_MIX|256|4|1e-05|0.01|2,C6,O_LR_MIX,256,4,1e-05,0.01,2,joint_1_minus_joint_0,all,10,"[601, 602, 603, 604, 605, 606, 607, 608, 609, 610]",60,8,480,0,4,0,4,group,1,5.362285698443428e-05,,,UNKNOWN_GROUP_TRUTH_ENERGY_NOT_STORED,0.00010899367078062959,0.00038059992525587313,0.0007231882401785022,1920,,,,,0.0009192240498660123,,,UNKNOWN_GROUP_TRUTH_ENERGY_NOT_STORED,0.00045281967406331295,0.0012814229967446434,0.003184063984714746,1920,,,,,,,,,,,
fresh_locked_test,C6|O_LR_MIX|256|4|1e-05|0.01|2,C6,O_LR_MIX,256,4,1e-05,0.01,2,joint_1_minus_joint_0,all,10,"[601, 602, 603, 604, 605, 606, 607, 608, 609, 610]",60,8,480,0,4,0,4,group,2,5.379359254155686e-05,,,UNKNOWN_GROUP_TRUTH_ENERGY_NOT_STORED,0.00010667951873353345,0.0003756415557828885,0.0006906769354559089,1920,,,,,0.0009199383399818017,,,UNKNOWN_GROUP_TRUTH_ENERGY_NOT_STORED,0.00044942394554196423,0.0013810695323328889,0.0029455401859537884,1920,,,,,,,,,,,
fresh_locked_test,C6|O_LR_MIX|256|4|1e-05|0.01|2,C6,O_LR_MIX,256,4,1e-05,0.01,2,joint_1_minus_joint_0,all,10,"[601, 602, 603, 604, 605, 606, 607, 608, 609, 610]",60,8,480,0,4,0,4,group,3,5.404537133967174e-05,,,UNKNOWN_GROUP_TRUTH_ENERGY_NOT_STORED,0.00010908493507243592,0.000363579222347652,0.0006498813944967446,1920,,,,,0.0009648383814930076,,,UNKNOWN_GROUP_TRUTH_ENERGY_NOT_STORED,0.0004643337823748315,0.001346359852828384,0.002997833800721573,1920,,,,,,,,,,,
fresh_locked_test,C6|O_LR_MIX|256|4|1e-05|0.01|2,C6,O_LR_MIX,256,4,1e-05,0.01,2,joint_1_minus_joint_0,all,10,"[601, 602, 603, 604, 605, 606, 607, 608, 609, 610]",60,8,480,0,4,0,4,group,4,3.8410904333759183e-05,,,UNKNOWN_GROUP_TRUTH_ENERGY_NOT_STORED,9.213698291800773e-05,0.000328614309842263,0.0004504246418004535,1920,,,,,0.0008508800343477762,,,UNKNOWN_GROUP_TRUTH_ENERGY_NOT_STORED,0.0004257103907743372,0.0012148863104682387,0.003091080707900569,1920,,,,,,,,,,,
fresh_locked_test,C6|O_LR_MIX|256|4|1e-05|0.01|2,C6,O_LR_MIX,256,4,1e-05,0.01,2,joint_1_minus_joint_0,all,10,"[601, 602, 603, 604, 605, 606, 607, 608, 609, 610]",60,8,480,0,4,0,4,group,5,3.833446995942767e-05,,,UNKNOWN_GROUP_TRUTH_ENERGY_NOT_STORED,9.32569958951109e-05,0.00031961035459201115,0.0005982047385316835,1920,,,,,0.0008802139097512534,,,UNKNOWN_GROUP_TRUTH_ENERGY_NOT_STORED,0.00044129000151270077,0.0012300934030251807,0.0031795144897453337,1920,,,,,,,,,,,
fresh_locked_test,C6|O_LR_MIX|64|4|1e-05|0.01|2,C6,O_LR_MIX,64,4,1e-05,0.01,2,joint_1_minus_joint_0,all,10,"[601, 602, 603, 604, 605, 606, 607, 608, 609, 610]",60,8,480,0,4,0,4,pooled,,0.0002951102205036265,0.0007881435995120774,0.6119126744992609,DEFINED,0.0001037965128873814,0.0003550415458076372,0.0007231882401785022,11520,1,0.00011044043755450351,2,0.0003784447698762673,0.005474437821782937,0.02313300239535911,0.48646742289157646,DEFINED,0.00044744316799797356,0.001325704696352883,0.0033189005686774914,11520,3,0.0004677358984952228,2,0.001396958868995538,0,0.6349290554343746,4,0,0.49695367381502525,3,
fresh_locked_test,C6|O_LR_MIX|64|4|1e-05|0.01|2,C6,O_LR_MIX,64,4,1e-05,0.01,2,joint_1_minus_joint_0,all,10,"[601, 602, 603, 604, 605, 606, 607, 608, 609, 610]",60,8,480,0,4,0,4,group,0,5.209340477949657e-05,0.00013548718055212485,0.6200722117405263,DEFINED_FROM_RAW_AUDIT,0.0001069851953423029,0.00036144357004729987,0.0006152047830275719,1920,,,,,0.0008978679887017854,0.0038559959670479912,0.48254515401931053,DEFINED_FROM_RAW_AUDIT,0.0004402337757322457,0.0012910808585282116,0.00318273190640766,1920,,,,,,,,,,,0
fresh_locked_test,C6|O_LR_MIX|64|4|1e-05|0.01|2,C6,O_LR_MIX,64,4,1e-05,0.01,2,joint_1_minus_joint_0,all,10,"[601, 602, 603, 604, 605, 606, 607, 608, 609, 610]",60,8,480,0,4,0,4,group,1,5.531316635469215e-05,0.00013916360078267758,0.6304511355788632,DEFINED_FROM_RAW_AUDIT,0.00011044043755450351,0.0003775176030462115,0.0007231882401785022,1920,,,,,0.0009151839495734357,0.0039350813754742515,0.48225566567338357,DEFINED_FROM_RAW_AUDIT,0.0004524103154312696,0.001304232351874857,0.003184440093754487,1920,,,,,,,,,,,1
fresh_locked_test,C6|O_LR_MIX|64|4|1e-05|0.01|2,C6,O_LR_MIX,64,4,1e-05,0.01,2,joint_1_minus_joint_0,all,10,"[601, 602, 603, 604, 605, 606, 607, 608, 609, 610]",60,8,480,0,4,0,4,group,2,5.377116332868176e-05,0.0001519306782658645,0.5949109708486734,DEFINED_FROM_RAW_AUDIT,0.00010760345921853117,0.0003784447698762673,0.0006906769354559089,1920,,,,,0.0009384119270111151,0.0038012771589497796,0.49685766200871795,DEFINED_FROM_RAW_AUDIT,0.0004532813558725176,0.001396958868995538,0.0030890462524999994,1920,,,,,,,,,,,2
fresh_locked_test,C6|O_LR_MIX|64|4|1e-05|0.01|2,C6,O_LR_MIX,64,4,1e-05,0.01,2,joint_1_minus_joint_0,all,10,"[601, 602, 603, 604, 605, 606, 607, 608, 609, 610]",60,8,480,0,4,0,4,group,3,5.4196326042809254e-05,0.00015640249288930653,0.5886580506390087,DEFINED_FROM_RAW_AUDIT,0.00010891914012242255,0.0003637269736487698,0.0006498813944967446,1920,,,,,0.000974500164750747,0.003945936624459575,0.49695367381502525,DEFINED_FROM_RAW_AUDIT,0.0004677358984952228,0.0013771527050359784,0.0029977103941515697,1920,,,,,,,,,,,3
fresh_locked_test,C6|O_LR_MIX|64|4|1e-05|0.01|2,C6,O_LR_MIX,64,4,1e-05,0.01,2,joint_1_minus_joint_0,all,10,"[601, 602, 603, 604, 605, 606, 607, 608, 609, 610]",60,8,480,0,4,0,4,group,4,4.0430888469218814e-05,0.0001002912125051873,0.6349290554343746,DEFINED_FROM_RAW_AUDIT,9.427385283155911e-05,0.0003371012631406775,0.0005983793221802177,1920,,,,,0.0008503600911384985,0.00372862777679377,0.4775588740886299,DEFINED_FROM_RAW_AUDIT,0.00042475427976066836,0.0012789913978230975,0.0030925908361278585,1920,,,,,,,,,,,4
fresh_locked_test,C6|O_LR_MIX|64|4|1e-05|0.01|2,C6,O_LR_MIX,64,4,1e-05,0.01,2,joint_1_minus_joint_0,all,10,"[601, 602, 603, 604, 605, 606, 607, 608, 609, 610]",60,8,480,0,4,0,4,group,5,3.93052715287279e-05,0.00010486843451691827,0.6122136493110686,DEFINED_FROM_RAW_AUDIT,9.455699225496856e-05,0.0003187873165991998,0.0005982047385316835,1920,,,,,0.0008981137006073475,0.0038660834926337287,0.48198114196099834,DEFINED_FROM_RAW_AUDIT,0.00044624338269591855,0.0012902433340422595,0.0033189005686774914,1920,,,,,,,,,,,5
fresh_locked_test,D_DIRECT|O_IND|16|0|0.0|0.0|0,D_DIRECT,O_IND,16,0,0.0,0.0,0,joint_1_minus_joint_0,all,10,"[601, 602, 603, 604, 605, 606, 607, 608, 609, 610]",60,8,480,0,0,0,0,pooled,,6.0395602915088835,0.0007881435995120774,87.53867807621482,DEFINED,0.015165252690920188,0.04755917599832225,0.13029493200724204,11520,1,0.015782244025112187,1,0.05212369624704884,5.302449928695061,0.02313300239535911,15.13987490132851,DEFINED,0.013684187616228725,0.048284778110395304,0.10791234898840386,11520,4,0.013981664558040098,2,0.050055854659094325,,,,,,,
fresh_locked_test,D_DIRECT|O_IND|16|0|0.0|0.0|0,D_DIRECT,O_IND,16,0,0.0,0.0,0,joint_1_minus_joint_0,all,10,"[601, 602, 603, 604, 605, 606, 607, 608, 609, 610]",60,8,480,0,0,0,0,group,0,1.0731765760269911,,,UNKNOWN_GROUP_TRUTH_ENERGY_NOT_STORED,0.015648026913876487,0.05182705798936497,0.13029493200724204,1920,,,,,0.873516095747739,,,UNKNOWN_GROUP_TRUTH_ENERGY_NOT_STORED,0.013667285771932868,0.04718284848797454,0.10791234898840386,1920,,,,,,,,,,,
fresh_locked_test,D_DIRECT|O_IND|16|0|0.0|0.0|0,D_DIRECT,O_IND,16,0,0.0,0.0,0,joint_1_minus_joint_0,all,10,"[601, 602, 603, 604, 605, 606, 607, 608, 609, 610]",60,8,480,0,0,0,0,group,1,1.0878220221700576,,,UNKNOWN_GROUP_TRUTH_ENERGY_NOT_STORED,0.015782244025112187,0.05212369624704884,0.10396391714810772,1920,,,,,0.8453640545538283,,,UNKNOWN_GROUP_TRUTH_ENERGY_NOT_STORED,0.013384649209665523,0.04731716694027526,0.10098122567431832,1920,,,,,,,,,,,
fresh_locked_test,D_DIRECT|O_IND|16|0|0.0|0.0|0,D_DIRECT,O_IND,16,0,0.0,0.0,0,joint_1_minus_joint_0,all,10,"[601, 602, 603, 604, 605, 606, 607, 608, 609, 610]",60,8,480,0,0,0,0,group,2,0.9412875385995997,,,UNKNOWN_GROUP_TRUTH_ENERGY_NOT_STORED,0.014519053150791111,0.04695288396097557,0.11452396351454357,1920,,,,,0.9328070920457857,,,UNKNOWN_GROUP_TRUTH_ENERGY_NOT_STORED,0.013884396861438343,0.050055854659094325,0.10015116932616597,1920,,,,,,,,,,,
fresh_locked_test,D_DIRECT|O_IND|16|0|0.0|0.0|0,D_DIRECT,O_IND,16,0,0.0,0.0,0,joint_1_minus_joint_0,all,10,"[601, 602, 603, 604, 605, 606, 607, 608, 609, 610]",60,8,480,0,0,0,0,group,3,1.0333094788508228,,,UNKNOWN_GROUP_TRUTH_ENERGY_NOT_STORED,0.015425173302073327,0.05152287790238095,0.10966986087889967,1920,,,,,0.8974814745564195,,,UNKNOWN_GROUP_TRUTH_ENERGY_NOT_STORED,0.0138293557973961,0.04882211187977501,0.1020837588731242,1920,,,,,,,,,,,
fresh_locked_test,D_DIRECT|O_IND|16|0|0.0|0.0|0,D_DIRECT,O_IND,16,0,0.0,0.0,0,joint_1_minus_joint_0,all,10,"[601, 602, 603, 604, 605, 606, 607, 608, 609, 610]",60,8,480,0,0,0,0,group,4,0.9443668613189429,,,UNKNOWN_GROUP_TRUTH_ENERGY_NOT_STORED,0.014821952504393858,0.04694719659017281,0.08908746056896903,1920,,,,,0.919968459326303,,,UNKNOWN_GROUP_TRUTH_ENERGY_NOT_STORED,0.013981664558040098,0.04965187364598102,0.102928009093679,1920,,,,,,,,,,,
fresh_locked_test,D_DIRECT|O_IND|16|0|0.0|0.0|0,D_DIRECT,O_IND,16,0,0.0,0.0,0,joint_1_minus_joint_0,all,10,"[601, 602, 603, 604, 605, 606, 607, 608, 609, 610]",60,8,480,0,0,0,0,group,5,0.9595978145424753,,,UNKNOWN_GROUP_TRUTH_ENERGY_NOT_STORED,0.014795066249274109,0.047285626185303145,0.1042583195415323,1920,,,,,0.8333127524649837,,,UNKNOWN_GROUP_TRUTH_ENERGY_NOT_STORED,0.013357773498899437,0.04594760167838115,0.09168028728468913,1920,,,,,,,,,,,
fresh_locked_test,D_DIRECT|O_IND|256|0|0.0|0.0|0,D_DIRECT,O_IND,256,0,0.0,0.0,0,joint_1_minus_joint_0,all,10,"[601, 602, 603, 604, 605, 606, 607, 608, 609, 610]",60,8,480,0,0,0,0,pooled,,0.3736372738887702,0.0007881435995120774,21.77320797223166,DEFINED,0.0037594855219392972,0.012192153105779207,0.029285223149995435,11520,4,0.0038246109497673026,3,0.012535449225708331,0.332502432603426,0.02313300239535911,3.7912411722024943,DEFINED,0.0033969930306763465,0.012074014708994654,0.02788907532459993,11520,3,0.0034956592199693187,2,0.012675697900974526,,,,,,,
fresh_locked_test,D_DIRECT|O_IND|256|0|0.0|0.0|0,D_DIRECT,O_IND,256,0,0.0,0.0,0,joint_1_minus_joint_0,all,10,"[601, 602, 603, 604, 605, 606, 607, 608, 609, 610]",60,8,480,0,0,0,0,group,0,0.06195098985213236,,,UNKNOWN_GROUP_TRUTH_ENERGY_NOT_STORED,0.0037606254986387888,0.012036860479255675,0.026990555761844434,1920,,,,,0.05426383969250552,,,UNKNOWN_GROUP_TRUTH_ENERGY_NOT_STORED,0.003326660518778051,0.011887899134779745,0.023635170006405914,1920,,,,,,,,,,,
fresh_locked_test,D_DIRECT|O_IND|256|0|0.0|0.0|0,D_DIRECT,O_IND,256,0,0.0,0.0,0,joint_1_minus_joint_0,all,10,"[601, 602, 603, 604, 605, 606, 607, 608, 609, 610]",60,8,480,0,0,0,0,group,1,0.061423574513268214,,,UNKNOWN_GROUP_TRUTH_ENERGY_NOT_STORED,0.003751877388410451,0.011634552406712661,0.029285223149995435,1920,,,,,0.05668821371607444,,,UNKNOWN_GROUP_TRUTH_ENERGY_NOT_STORED,0.003442505271337303,0.012484997328474086,0.025912322046715303,1920,,,,,,,,,,,
fresh_locked_test,D_DIRECT|O_IND|256|0|0.0|0.0|0,D_DIRECT,O_IND,256,0,0.0,0.0,0,joint_1_minus_joint_0,all,10,"[601, 602, 603, 604, 605, 606, 607, 608, 609, 610]",60,8,480,0,0,0,0,group,2,0.06145902062555899,,,UNKNOWN_GROUP_TRUTH_ENERGY_NOT_STORED,0.00375945847250954,0.0123274474026473,0.023963876073563525,1920,,,,,0.05874282551013268,,,UNKNOWN_GROUP_TRUTH_ENERGY_NOT_STORED,0.003485194232074676,0.012675697900974526,0.02523400383088409,1920,,,,,,,,,,,
fresh_locked_test,D_DIRECT|O_IND|256|0|0.0|0.0|0,D_DIRECT,O_IND,256,0,0.0,0.0,0,joint_1_minus_joint_0,all,10,"[601, 602, 603, 604, 605, 606, 607, 608, 609, 610]",60,8,480,0,0,0,0,group,3,0.06491052007281403,,,UNKNOWN_GROUP_TRUTH_ENERGY_NOT_STORED,0.0037947896879598608,0.012535449225708331,0.02488183670834696,1920,,,,,0.058063505659065366,,,UNKNOWN_GROUP_TRUTH_ENERGY_NOT_STORED,0.0034956592199693187,0.012122221664750727,0.025108947985675038,1920,,,,,,,,,,,
fresh_locked_test,D_DIRECT|O_IND|256|0|0.0|0.0|0,D_DIRECT,O_IND,256,0,0.0,0.0,0,joint_1_minus_joint_0,all,10,"[601, 602, 603, 604, 605, 606, 607, 608, 609, 610]",60,8,480,0,0,0,0,group,4,0.06388205876185157,,,UNKNOWN_GROUP_TRUTH_ENERGY_NOT_STORED,0.0038246109497673026,0.012525875206691899,0.02895610117402642,1920,,,,,0.05234992540559361,,,UNKNOWN_GROUP_TRUTH_ENERGY_NOT_STORED,0.0033015125881842556,0.011530676701938657,0.02553246357653778,1920,,,,,,,,,,,
fresh_locked_test,D_DIRECT|O_IND|256|0|0.0|0.0|0,D_DIRECT,O_IND,256,0,0.0,0.0,0,joint_1_minus_joint_0,all,10,"[601, 602, 603, 604, 605, 606, 607, 608, 609, 610]",60,8,480,0,0,0,0,group,5,0.06001111006314527,,,UNKNOWN_GROUP_TRUTH_ENERGY_NOT_STORED,0.0036655511343498476,0.0120751937656706,0.02608356173016571,1920,,,,,0.05239412262005456,,,UNKNOWN_GROUP_TRUTH_ENERGY_NOT_STORED,0.0033304263537144636,0.011704247911273257,0.02788907532459993,1920,,,,,,,,,,,
fresh_locked_test,D_DIRECT|O_IND|64|0|0.0|0.0|0,D_DIRECT,O_IND,64,0,0.0,0.0,0,joint_1_minus_joint_0,all,10,"[601, 602, 603, 604, 605, 606, 607, 608, 609, 610]",60,8,480,0,0,0,0,pooled,,1.485697757154962,0.0007881435995120774,43.41727450280011,DEFINED,0.0075646925077049645,0.024534637435334742,0.05805634635666083,11520,1,0.007884038295764012,1,0.025770812728849474,1.3155104653533318,0.02313300239535911,7.541038400227923,DEFINED,0.0067798328970736605,0.02386797610072864,0.06054689650783177,11520,4,0.00686452567474442,4,0.024590067915675504,,,,,,,
fresh_locked_test,D_DIRECT|O_IND|64|0|0.0|0.0|0,D_DIRECT,O_IND,64,0,0.0,0.0,0,joint_1_minus_joint_0,all,10,"[601, 602, 603, 604, 605, 606, 607, 608, 609, 610]",60,8,480,0,0,0,0,group,0,0.2523003946617133,,,UNKNOWN_GROUP_TRUTH_ENERGY_NOT_STORED,0.007710079394088345,0.02381854300854605,0.05491276611214533,1920,,,,,0.2180560459755289,,,UNKNOWN_GROUP_TRUTH_ENERGY_NOT_STORED,0.006699942560057453,0.02388657188476503,0.06054689650783177,1920,,,,,,,,,,,
fresh_locked_test,D_DIRECT|O_IND|64|0|0.0|0.0|0,D_DIRECT,O_IND,64,0,0.0,0.0,0,joint_1_minus_joint_0,all,10,"[601, 602, 603, 604, 605, 606, 607, 608, 609, 610]",60,8,480,0,0,0,0,group,1,0.2646149752626902,,,UNKNOWN_GROUP_TRUTH_ENERGY_NOT_STORED,0.007884038295764012,0.025770812728849474,0.049492685847197904,1920,,,,,0.20769395143783737,,,UNKNOWN_GROUP_TRUTH_ENERGY_NOT_STORED,0.006715145613260783,0.023242725156446802,0.05046436213081142,1920,,,,,,,,,,,
fresh_locked_test,D_DIRECT|O_IND|64|0|0.0|0.0|0,D_DIRECT,O_IND,64,0,0.0,0.0,0,joint_1_minus_joint_0,all,10,"[601, 602, 603, 604, 605, 606, 607, 608, 609, 610]",60,8,480,0,0,0,0,group,2,0.24903926368248097,,,UNKNOWN_GROUP_TRUTH_ENERGY_NOT_STORED,0.007540317837503372,0.02523807502995882,0.05075258073741045,1920,,,,,0.2237219357528691,,,UNKNOWN_GROUP_TRUTH_ENERGY_NOT_STORED,0.006834440627793856,0.023745322647008016,0.04839187907041529,1920,,,,,,,,,,,
fresh_locked_test,D_DIRECT|O_IND|64|0|0.0|0.0|0,D_DIRECT,O_IND,64,0,0.0,0.0,0,joint_1_minus_joint_0,all,10,"[601, 602, 603, 604, 605, 606, 607, 608, 609, 610]",60,8,480,0,0,0,0,group,3,0.23916081883775603,,,UNKNOWN_GROUP_TRUTH_ENERGY_NOT_STORED,0.007369538201138478,0.02453471407185039,0.05805634635666083,1920,,,,,0.21250407718878803,,,UNKNOWN_GROUP_TRUTH_ENERGY_NOT_STORED,0.006763594778702367,0.023409494714645783,0.04965732841612416,1920,,,,,,,,,,,
fresh_locked_test,D_DIRECT|O_IND|64|0|0.0|0.0|0,D_DIRECT,O_IND,64,0,0.0,0.0,0,joint_1_minus_joint_0,all,10,"[601, 602, 603, 604, 605, 606, 607, 608, 609, 610]",60,8,480,0,0,0,0,group,4,0.23916861371373638,,,UNKNOWN_GROUP_TRUTH_ENERGY_NOT_STORED,0.007446553758457061,0.023684964088405147,0.045551529400707336,1920,,,,,0.22876040752041765,,,UNKNOWN_GROUP_TRUTH_ENERGY_NOT_STORED,0.00686452567474442,0.024590067915675504,0.050965934185540206,1920,,,,,,,,,,,
fresh_locked_test,D_DIRECT|O_IND|64|0|0.0|0.0|0,D_DIRECT,O_IND,64,0,0.0,0.0,0,joint_1_minus_joint_0,all,10,"[601, 602, 603, 604, 605, 606, 607, 608, 609, 610]",60,8,480,0,0,0,0,group,5,0.24141369099658425,,,UNKNOWN_GROUP_TRUTH_ENERGY_NOT_STORED,0.007437627559278529,0.02440326657416784,0.047904471023642765,1920,,,,,0.2247740474778912,,,UNKNOWN_GROUP_TRUTH_ENERGY_NOT_STORED,0.006801348127883074,0.023873974260340457,0.05260434791481239,1920,,,,,,,,,,,
fresh_locked_test,D_DIRECT|O_LR_MIX|16|0|0.0|0.0|0,D_DIRECT,O_LR_MIX,16,0,0.0,0.0,0,joint_1_minus_joint_0,all,10,"[601, 602, 603, 604, 605, 606, 607, 608, 609, 610]",60,8,480,0,0,0,0,pooled,,0.00028118273002960496,0.0007881435995120774,0.5972988039503521,DEFINED,9.221612957873144e-05,0.000338776943155307,0.001320435258232551,11520,1,9.479144560510427e-05,5,0.0003613885906473802,0.0008408355205437634,0.02313300239535911,0.19065119138571546,DEFINED,0.00016286153492251713,0.0005932989897869901,0.0023654575496146655,11520,3,0.0001691817632090471,3,0.0006146543611953947,,,,,,,
fresh_locked_test,D_DIRECT|O_LR_MIX|16|0|0.0|0.0|0,D_DIRECT,O_LR_MIX,16,0,0.0,0.0,0,joint_1_minus_joint_0,all,10,"[601, 602, 603, 604, 605, 606, 607, 608, 609, 610]",60,8,480,0,0,0,0,group,0,4.949646925427108e-05,,,UNKNOWN_GROUP_TRUTH_ENERGY_NOT_STORED,9.352066237970778e-05,0.0003354706447422956,0.0012515942171424722,1920,,,,,0.000140083054852468,,,UNKNOWN_GROUP_TRUTH_ENERGY_NOT_STORED,0.00016052706341427239,0.0005868103142002705,0.0023654575496146655,1920,,,,,,,,,,,
fresh_locked_test,D_DIRECT|O_LR_MIX|16|0|0.0|0.0|0,D_DIRECT,O_LR_MIX,16,0,0.0,0.0,0,joint_1_minus_joint_0,all,10,"[601, 602, 603, 604, 605, 606, 607, 608, 609, 610]",60,8,480,0,0,0,0,group,1,4.7170845756099524e-05,,,UNKNOWN_GROUP_TRUTH_ENERGY_NOT_STORED,9.479144560510427e-05,0.00034897195799334026,0.0008473514468174721,1920,,,,,0.00012690929359791603,,,UNKNOWN_GROUP_TRUTH_ENERGY_NOT_STORED,0.0001568964488902166,0.0005878534779643816,0.0015008195752406637,1920,,,,,,,,,,,
fresh_locked_test,D_DIRECT|O_LR_MIX|16|0|0.0|0.0|0,D_DIRECT,O_LR_MIX,16,0,0.0,0.0,0,joint_1_minus_joint_0,all,10,"[601, 602, 603, 604, 605, 606, 607, 608, 609, 610]",60,8,480,0,0,0,0,group,2,4.6553156855513834e-05,,,UNKNOWN_GROUP_TRUTH_ENERGY_NOT_STORED,9.244408082294252e-05,0.0003277511942527442,0.0010359620747768278,1920,,,,,0.0001414338596714612,,,UNKNOWN_GROUP_TRUTH_ENERGY_NOT_STORED,0.0001643624948865589,0.0006002860236896756,0.0022125708629770306,1920,,,,,,,,,,,
fresh_locked_test,D_DIRECT|O_LR_MIX|16|0|0.0|0.0|0,D_DIRECT,O_LR_MIX,16,0,0.0,0.0,0,joint_1_minus_joint_0,all,10,"[601, 602, 603, 604, 605, 606, 607, 608, 609, 610]",60,8,480,0,0,0,0,group,3,4.707590894175529e-05,,,UNKNOWN_GROUP_TRUTH_ENERGY_NOT_STORED,9.254119137381188e-05,0.0003410740553377614,0.001320435258232551,1920,,,,,0.00014982447141441817,,,UNKNOWN_GROUP_TRUTH_ENERGY_NOT_STORED,0.0001691817632090471,0.0006146543611953947,0.002357849253089826,1920,,,,,,,,,,,
fresh_locked_test,D_DIRECT|O_LR_MIX|16|0|0.0|0.0|0,D_DIRECT,O_LR_MIX,16,0,0.0,0.0,0,joint_1_minus_joint_0,all,10,"[601, 602, 603, 604, 605, 606, 607, 608, 609, 610]",60,8,480,0,0,0,0,group,4,4.1142513143274895e-05,,,UNKNOWN_GROUP_TRUTH_ENERGY_NOT_STORED,8.648869249761663e-05,0.0003161796514962492,0.0011605922095251173,1920,,,,,0.00012720109759659952,,,UNKNOWN_GROUP_TRUTH_ENERGY_NOT_STORED,0.00015730794844733543,0.0005715660234636721,0.00183916349331099,1920,,,,,,,,,,,
fresh_locked_test,D_DIRECT|O_LR_MIX|16|0|0.0|0.0|0,D_DIRECT,O_LR_MIX,16,0,0.0,0.0,0,joint_1_minus_joint_0,all,10,"[601, 602, 603, 604, 605, 606, 607, 608, 609, 610]",60,8,480,0,0,0,0,group,5,4.974383607869016e-05,,,UNKNOWN_GROUP_TRUTH_ENERGY_NOT_STORED,9.351070479320533e-05,0.0003613885906473802,0.001011807295386768,1920,,,,,0.00015538374341090018,,,UNKNOWN_GROUP_TRUTH_ENERGY_NOT_STORED,0.00016889349068767288,0.0006022637177193537,0.0018463856482265825,1920,,,,,,,,,,,
fresh_locked_test,D_DIRECT|O_LR_MIX|256|0|0.0|0.0|0,D_DIRECT,O_LR_MIX,256,0,0.0,0.0,0,joint_1_minus_joint_0,all,10,"[601, 602, 603, 604, 605, 606, 607, 608, 609, 610]",60,8,480,0,0,0,0,pooled,,1.8777425630431365e-05,0.0007881435995120774,0.15435309736721242,DEFINED,2.354165880588778e-05,8.844010672403749e-05,0.00035000445824001067,11520,1,2.4240853594608467e-05,5,9.252299513001185e-05,5.460413864187527e-05,0.02313300239535911,0.0485843927523447,DEFINED,4.140462836562848e-05,0.00015303825005390028,0.000575043181920616,11520,3,4.3497303678043155e-05,3,0.00016747095543483766,,,,,,,
fresh_locked_test,D_DIRECT|O_LR_MIX|256|0|0.0|0.0|0,D_DIRECT,O_LR_MIX,256,0,0.0,0.0,0,joint_1_minus_joint_0,all,10,"[601, 602, 603, 604, 605, 606, 607, 608, 609, 610]",60,8,480,0,0,0,0,group,0,2.972868508174546e-06,,,UNKNOWN_GROUP_TRUTH_ENERGY_NOT_STORED,2.2449811948127095e-05,8.431845902660977e-05,0.00034576084568045765,1920,,,,,9.461099731326777e-06,,,UNKNOWN_GROUP_TRUTH_ENERGY_NOT_STORED,4.1381827041585534e-05,0.0001477291459241744,0.00052204758970308,1920,,,,,,,,,,,
fresh_locked_test,D_DIRECT|O_LR_MIX|256|0|0.0|0.0|0,D_DIRECT,O_LR_MIX,256,0,0.0,0.0,0,joint_1_minus_joint_0,all,10,"[601, 602, 603, 604, 605, 606, 607, 608, 609, 610]",60,8,480,0,0,0,0,group,1,3.2267643869884777e-06,,,UNKNOWN_GROUP_TRUTH_ENERGY_NOT_STORED,2.4240853594608467e-05,9.017633108236271e-05,0.00028688648086653564,1920,,,,,9.35213284744903e-06,,,UNKNOWN_GROUP_TRUTH_ENERGY_NOT_STORED,4.1661124490293345e-05,0.00015850900077260313,0.000575043181920616,1920,,,,,,,,,,,
fresh_locked_test,D_DIRECT|O_LR_MIX|256|0|0.0|0.0|0,D_DIRECT,O_LR_MIX,256,0,0.0,0.0,0,joint_1_minus_joint_0,all,10,"[601, 602, 603, 604, 605, 606, 607, 608, 609, 610]",60,8,480,0,0,0,0,group,2,2.9864596111799685e-06,,,UNKNOWN_GROUP_TRUTH_ENERGY_NOT_STORED,2.2887469313116448e-05,8.761167204761199e-05,0.00029125022107955994,1920,,,,,8.163906316868307e-06,,,UNKNOWN_GROUP_TRUTH_ENERGY_NOT_STORED,4.017855758102029e-05,0.00014348345286433907,0.0003230576594297482,1920,,,,,,,,,,,
fresh_locked_test,D_DIRECT|O_LR_MIX|256|0|0.0|0.0|0,D_DIRECT,O_LR_MIX,256,0,0.0,0.0,0,joint_1_minus_joint_0,all,10,"[601, 602, 603, 604, 605, 606, 607, 608, 609, 610]",60,8,480,0,0,0,0,group,3,3.173121059193417e-06,,,UNKNOWN_GROUP_TRUTH_ENERGY_NOT_STORED,2.41299602085723e-05,8.891310460603443e-05,0.0002402472699469387,1920,,,,,1.0301143236161821e-05,,,UNKNOWN_GROUP_TRUTH_ENERGY_NOT_STORED,4.3497303678043155e-05,0.00016747095543483766,0.0005334645629285541,1920,,,,,,,,,,,
fresh_locked_test,D_DIRECT|O_LR_MIX|256|0|0.0|0.0|0,D_DIRECT,O_LR_MIX,256,0,0.0,0.0,0,joint_1_minus_joint_0,all,10,"[601, 602, 603, 604, 605, 606, 607, 608, 609, 610]",60,8,480,0,0,0,0,group,4,3.141005464400181e-06,,,UNKNOWN_GROUP_TRUTH_ENERGY_NOT_STORED,2.3559112482534398e-05,8.564085888173114e-05,0.00035000445824001067,1920,,,,,7.999299987290118e-06,,,UNKNOWN_GROUP_TRUTH_ENERGY_NOT_STORED,3.925326318254116e-05,0.00014471309087414378,0.0003776790228545082,1920,,,,,,,,,,,
fresh_locked_test,D_DIRECT|O_LR_MIX|256|0|0.0|0.0|0,D_DIRECT,O_LR_MIX,256,0,0.0,0.0,0,joint_1_minus_joint_0,all,10,"[601, 602, 603, 604, 605, 606, 607, 608, 609, 610]",60,8,480,0,0,0,0,group,5,3.2772066004947773e-06,,,UNKNOWN_GROUP_TRUTH_ENERGY_NOT_STORED,2.398274528836795e-05,9.252299513001185e-05,0.00027325931593750747,1920,,,,,9.326556522779234e-06,,,UNKNOWN_GROUP_TRUTH_ENERGY_NOT_STORED,4.2455694220287416e-05,0.00015988635968883623,0.0003884605405684363,1920,,,,,,,,,,,
fresh_locked_test,D_DIRECT|O_LR_MIX|64|0|0.0|0.0|0,D_DIRECT,O_LR_MIX,64,0,0.0,0.0,0,joint_1_minus_joint_0,all,10,"[601, 602, 603, 604, 605, 606, 607, 608, 609, 610]",60,8,480,0,0,0,0,pooled,,7.317271233139294e-05,0.0007881435995120774,0.30469961134789403,DEFINED,4.703540092901963e-05,0.0001773819183180574,0.0006112173432596609,11520,1,4.8959293089693543e-05,1,0.0001871170636963073,0.0002190879852551769,0.02313300239535911,0.09731802337176454,DEFINED,8.32257041154611e-05,0.0003040408383200153,0.0009864006326036677,11520,1,8.635945398187598e-05,1,0.00032463896068797967,,,,,,,
fresh_locked_test,D_DIRECT|O_LR_MIX|64|0|0.0|0.0|0,D_DIRECT,O_LR_MIX,64,0,0.0,0.0,0,joint_1_minus_joint_0,all,10,"[601, 602, 603, 604, 605, 606, 607, 608, 609, 610]",60,8,480,0,0,0,0,group,0,1.0582329406143426e-05,,,UNKNOWN_GROUP_TRUTH_ENERGY_NOT_STORED,4.432796916819157e-05,0.0001638751541116334,0.0004312872730230543,1920,,,,,3.554794610469535e-05,,,UNKNOWN_GROUP_TRUTH_ENERGY_NOT_STORED,8.232062618211703e-05,0.0003055610748777539,0.0007869819643749057,1920,,,,,,,,,,,
fresh_locked_test,D_DIRECT|O_LR_MIX|64|0|0.0|0.0|0,D_DIRECT,O_LR_MIX,64,0,0.0,0.0,0,joint_1_minus_joint_0,all,10,"[601, 602, 603, 604, 605, 606, 607, 608, 609, 610]",60,8,480,0,0,0,0,group,1,1.3472155719000932e-05,,,UNKNOWN_GROUP_TRUTH_ENERGY_NOT_STORED,4.8959293089693543e-05,0.0001871170636963073,0.0005793103250512211,1920,,,,,4.01591898943759e-05,,,UNKNOWN_GROUP_TRUTH_ENERGY_NOT_STORED,8.635945398187598e-05,0.00032463896068797967,0.0008031225351969009,1920,,,,,,,,,,,
fresh_locked_test,D_DIRECT|O_LR_MIX|64|0|0.0|0.0|0,D_DIRECT,O_LR_MIX,64,0,0.0,0.0,0,joint_1_minus_joint_0,all,10,"[601, 602, 603, 604, 605, 606, 607, 608, 609, 610]",60,8,480,0,0,0,0,group,2,1.1164068708292714e-05,,,UNKNOWN_GROUP_TRUTH_ENERGY_NOT_STORED,4.548176987692938e-05,0.00016928091139401373,0.0005024490200905739,1920,,,,,3.5923289540650145e-05,,,UNKNOWN_GROUP_TRUTH_ENERGY_NOT_STORED,8.251986336390405e-05,0.00028730720273064227,0.0008697183806481621,1920,,,,,,,,,,,
fresh_locked_test,D_DIRECT|O_LR_MIX|64|0|0.0|0.0|0,D_DIRECT,O_LR_MIX,64,0,0.0,0.0,0,joint_1_minus_joint_0,all,10,"[601, 602, 603, 604, 605, 606, 607, 608, 609, 610]",60,8,480,0,0,0,0,group,3,1.2977474149933693e-05,,,UNKNOWN_GROUP_TRUTH_ENERGY_NOT_STORED,4.7856766979814855e-05,0.0001852668006083123,0.0006112173432596609,1920,,,,,3.968260773092939e-05,,,UNKNOWN_GROUP_TRUTH_ENERGY_NOT_STORED,8.612912946624425e-05,0.0003022021358055422,0.0009864006326036677,1920,,,,,,,,,,,
fresh_locked_test,D_DIRECT|O_LR_MIX|64|0|0.0|0.0|0,D_DIRECT,O_LR_MIX,64,0,0.0,0.0,0,joint_1_minus_joint_0,all,10,"[601, 602, 603, 604, 605, 606, 607, 608, 609, 610]",60,8,480,0,0,0,0,group,4,1.1780231107265667e-05,,,UNKNOWN_GROUP_TRUTH_ENERGY_NOT_STORED,4.674220475944978e-05,0.0001761555598239283,0.00039368681159894373,1920,,,,,3.475193814888239e-05,,,UNKNOWN_GROUP_TRUTH_ENERGY_NOT_STORED,8.16681272879096e-05,0.0003040847760270682,0.0006967259177357464,1920,,,,,,,,,,,
fresh_locked_test,D_DIRECT|O_LR_MIX|64|0|0.0|0.0|0,D_DIRECT,O_LR_MIX,64,0,0.0,0.0,0,joint_1_minus_joint_0,all,10,"[601, 602, 603, 604, 605, 606, 607, 608, 609, 610]",60,8,480,0,0,0,0,group,5,1.3196453240756484e-05,,,UNKNOWN_GROUP_TRUTH_ENERGY_NOT_STORED,4.884440170003849e-05,0.00018620212565240103,0.0004890496005982594,1920,,,,,3.302301383564377e-05,,,UNKNOWN_GROUP_TRUTH_ENERGY_NOT_STORED,8.03570244107159e-05,0.0002930114265147907,0.0006867360730950185,1920,,,,,,,,,,,
fresh_locked_test,D_DIRECT|O_LR_ORIGIN|16|0|0.0|0.0|0,D_DIRECT,O_LR_ORIGIN,16,0,0.0,0.0,0,joint_1_minus_joint_0,all,10,"[601, 602, 603, 604, 605, 606, 607, 608, 609, 610]",60,8,480,0,0,0,0,pooled,,0.00028934015411604335,0.0007881435995120774,0.6059010117846878,DEFINED,9.317869840097367e-05,0.0003440311140980662,0.0012993170298482152,11520,5,9.653405591260501e-05,1,0.00036690144321548167,0.0008452178247283298,0.02313300239535911,0.19114736793156573,DEFINED,0.00016110281102553678,0.000592518016196325,0.0019957863513028295,11520,3,0.00017135984116434076,3,0.0006350571544268876,,,,,,,
fresh_locked_test,D_DIRECT|O_LR_ORIGIN|16|0|0.0|0.0|0,D_DIRECT,O_LR_ORIGIN,16,0,0.0,0.0,0,joint_1_minus_joint_0,all,10,"[601, 602, 603, 604, 605, 606, 607, 608, 609, 610]",60,8,480,0,0,0,0,group,0,4.637042796059812e-05,,,UNKNOWN_GROUP_TRUTH_ENERGY_NOT_STORED,9.165625542432109e-05,0.00033024897326649154,0.0012993170298482152,1920,,,,,0.00011800787533373251,,,UNKNOWN_GROUP_TRUTH_ENERGY_NOT_STORED,0.0001509387128225169,0.0005415191663952238,0.0011857152082265085,1920,,,,,,,,,,,
fresh_locked_test,D_DIRECT|O_LR_ORIGIN|16|0|0.0|0.0|0,D_DIRECT,O_LR_ORIGIN,16,0,0.0,0.0,0,joint_1_minus_joint_0,all,10,"[601, 602, 603, 604, 605, 606, 607, 608, 609, 610]",60,8,480,0,0,0,0,group,1,5.03398387167596e-05,,,UNKNOWN_GROUP_TRUTH_ENERGY_NOT_STORED,9.411420143618944e-05,0.00036690144321548167,0.0011819308088976005,1920,,,,,0.00014460773264113425,,,UNKNOWN_GROUP_TRUTH_ENERGY_NOT_STORED,0.00016151298300728193,0.0005943045122519492,0.001731648646872836,1920,,,,,,,,,,,
fresh_locked_test,D_DIRECT|O_LR_ORIGIN|16|0|0.0|0.0|0,D_DIRECT,O_LR_ORIGIN,16,0,0.0,0.0,0,joint_1_minus_joint_0,all,10,"[601, 602, 603, 604, 605, 606, 607, 608, 609, 610]",60,8,480,0,0,0,0,group,2,4.680644455216251e-05,,,UNKNOWN_GROUP_TRUTH_ENERGY_NOT_STORED,9.057478028936757e-05,0.0003313746208178425,0.0011308105377911385,1920,,,,,0.00013855259453087498,,,UNKNOWN_GROUP_TRUTH_ENERGY_NOT_STORED,0.00015902505163617171,0.0005925938503629244,0.0019516998243866406,1920,,,,,,,,,,,
fresh_locked_test,D_DIRECT|O_LR_ORIGIN|16|0|0.0|0.0|0,D_DIRECT,O_LR_ORIGIN,16,0,0.0,0.0,0,joint_1_minus_joint_0,all,10,"[601, 602, 603, 604, 605, 606, 607, 608, 609, 610]",60,8,480,0,0,0,0,group,3,4.907024327813622e-05,,,UNKNOWN_GROUP_TRUTH_ENERGY_NOT_STORED,9.576593777057818e-05,0.00035752395350447904,0.0010293138622065462,1920,,,,,0.0001632968938913418,,,UNKNOWN_GROUP_TRUTH_ENERGY_NOT_STORED,0.00017135984116434076,0.0006350571544268876,0.0019957863513028295,1920,,,,,,,,,,,
fresh_locked_test,D_DIRECT|O_LR_ORIGIN|16|0|0.0|0.0|0,D_DIRECT,O_LR_ORIGIN,16,0,0.0,0.0,0,joint_1_minus_joint_0,all,10,"[601, 602, 603, 604, 605, 606, 607, 608, 609, 610]",60,8,480,0,0,0,0,group,4,4.529348054611987e-05,,,UNKNOWN_GROUP_TRUTH_ENERGY_NOT_STORED,9.042695957278107e-05,0.00032571226170369244,0.0012040126937118518,1920,,,,,0.00013502648947108688,,,UNKNOWN_GROUP_TRUTH_ENERGY_NOT_STORED,0.0001555663755321501,0.0005722166948561187,0.0018897332054955453,1920,,,,,,,,,,,
fresh_locked_test,D_DIRECT|O_LR_ORIGIN|16|0|0.0|0.0|0,D_DIRECT,O_LR_ORIGIN,16,0,0.0,0.0,0,joint_1_minus_joint_0,all,10,"[601, 602, 603, 604, 605, 606, 607, 608, 609, 610]",60,8,480,0,0,0,0,group,5,5.1459719062267015e-05,,,UNKNOWN_GROUP_TRUTH_ENERGY_NOT_STORED,9.653405591260501e-05,0.00036673210007919914,0.0011411220035761665,1920,,,,,0.00014572623886015994,,,UNKNOWN_GROUP_TRUTH_ENERGY_NOT_STORED,0.00016821390199075938,0.0005987423583746135,0.0019917383488968045,1920,,,,,,,,,,,
fresh_locked_test,D_DIRECT|O_LR_ORIGIN|256|0|0.0|0.0|0,D_DIRECT,O_LR_ORIGIN,256,0,0.0,0.0,0,joint_1_minus_joint_0,all,10,"[601, 602, 603, 604, 605, 606, 607, 608, 609, 610]",60,8,480,0,0,0,0,pooled,,1.8075257779792465e-05,0.0007881435995120774,0.1514396416663043,DEFINED,2.338773354681892e-05,8.486811506221955e-05,0.000395706296592337,11520,2,2.4250202544226996e-05,2,8.924437677740925e-05,5.216512250087718e-05,0.02313300239535911,0.04748693226991813,DEFINED,4.0308522284258215e-05,0.0001467679096574968,0.0004698323737371887,11520,3,4.3212889777439925e-05,3,0.00015933928473108502,,,,,,,
fresh_locked_test,D_DIRECT|O_LR_ORIGIN|256|0|0.0|0.0|0,D_DIRECT,O_LR_ORIGIN,256,0,0.0,0.0,0,joint_1_minus_joint_0,all,10,"[601, 602, 603, 604, 605, 606, 607, 608, 609, 610]",60,8,480,0,0,0,0,group,0,3.0702273056047816e-06,,,UNKNOWN_GROUP_TRUTH_ENERGY_NOT_STORED,2.3461595184329835e-05,8.401196618126305e-05,0.000395706296592337,1920,,,,,8.367665408470298e-06,,,UNKNOWN_GROUP_TRUTH_ENERGY_NOT_STORED,3.903831277488989e-05,0.00014496389447460765,0.0004698323737371887,1920,,,,,,,,,,,
fresh_locked_test,D_DIRECT|O_LR_ORIGIN|256|0|0.0|0.0|0,D_DIRECT,O_LR_ORIGIN,256,0,0.0,0.0,0,joint_1_minus_joint_0,all,10,"[601, 602, 603, 604, 605, 606, 607, 608, 609, 610]",60,8,480,0,0,0,0,group,1,3.1173458383562653e-06,,,UNKNOWN_GROUP_TRUTH_ENERGY_NOT_STORED,2.351136730193911e-05,8.480544633637431e-05,0.0003085739045802928,1920,,,,,9.8794717042615e-06,,,UNKNOWN_GROUP_TRUTH_ENERGY_NOT_STORED,4.2338806620792803e-05,0.00015818000823889473,0.00044471316354850217,1920,,,,,,,,,,,
fresh_locked_test,D_DIRECT|O_LR_ORIGIN|256|0|0.0|0.0|0,D_DIRECT,O_LR_ORIGIN,256,0,0.0,0.0,0,joint_1_minus_joint_0,all,10,"[601, 602, 603, 604, 605, 606, 607, 608, 609, 610]",60,8,480,0,0,0,0,group,2,3.355365164426525e-06,,,UNKNOWN_GROUP_TRUTH_ENERGY_NOT_STORED,2.4250202544226996e-05,8.924437677740925e-05,0.0002712604199954384,1920,,,,,8.639866619671688e-06,,,UNKNOWN_GROUP_TRUTH_ENERGY_NOT_STORED,4.0225480160959985e-05,0.0001533601188795071,0.0004049567703337282,1920,,,,,,,,,,,
fresh_locked_test,D_DIRECT|O_LR_ORIGIN|256|0|0.0|0.0|0,D_DIRECT,O_LR_ORIGIN,256,0,0.0,0.0,0,joint_1_minus_joint_0,all,10,"[601, 602, 603, 604, 605, 606, 607, 608, 609, 610]",60,8,480,0,0,0,0,group,3,2.8453562292838567e-06,,,UNKNOWN_GROUP_TRUTH_ENERGY_NOT_STORED,2.334778732586601e-05,8.322863696066333e-05,0.00023027452359153532,1920,,,,,9.86466655459579e-06,,,UNKNOWN_GROUP_TRUTH_ENERGY_NOT_STORED,4.3212889777439925e-05,0.00015933928473108502,0.00037122169370367824,1920,,,,,,,,,,,
fresh_locked_test,D_DIRECT|O_LR_ORIGIN|256|0|0.0|0.0|0,D_DIRECT,O_LR_ORIGIN,256,0,0.0,0.0,0,joint_1_minus_joint_0,all,10,"[601, 602, 603, 604, 605, 606, 607, 608, 609, 610]",60,8,480,0,0,0,0,group,4,2.8304021350332565e-06,,,UNKNOWN_GROUP_TRUTH_ENERGY_NOT_STORED,2.2511066871879367e-05,8.3536344713884e-05,0.0002507638442157603,1920,,,,,7.779997250709367e-06,,,UNKNOWN_GROUP_TRUTH_ENERGY_NOT_STORED,3.799471674721999e-05,0.00013779336381771607,0.0003491935134105619,1920,,,,,,,,,,,
fresh_locked_test,D_DIRECT|O_LR_ORIGIN|256|0|0.0|0.0|0,D_DIRECT,O_LR_ORIGIN,256,0,0.0,0.0,0,joint_1_minus_joint_0,all,10,"[601, 602, 603, 604, 605, 606, 607, 608, 609, 610]",60,8,480,0,0,0,0,group,5,2.856561107087773e-06,,,UNKNOWN_GROUP_TRUTH_ENERGY_NOT_STORED,2.3244382052672213e-05,8.423482649684006e-05,0.000251642079314714,1920,,,,,7.633454963168518e-06,,,UNKNOWN_GROUP_TRUTH_ENERGY_NOT_STORED,3.904092762424683e-05,0.0001327835645552407,0.00044527790074443173,1920,,,,,,,,,,,
fresh_locked_test,D_DIRECT|O_LR_ORIGIN|64|0|0.0|0.0|0,D_DIRECT,O_LR_ORIGIN,64,0,0.0,0.0,0,joint_1_minus_joint_0,all,10,"[601, 602, 603, 604, 605, 606, 607, 608, 609, 610]",60,8,480,0,0,0,0,pooled,,7.601864957695238e-05,0.0007881435995120774,0.31056849584802027,DEFINED,4.735984643744082e-05,0.00017915887700515717,0.0006355677503985087,11520,3,5.1081025193405726e-05,3,0.00020444119258729705,0.00021616840320001903,0.02313300239535911,0.09666741514288725,DEFINED,8.156071749067784e-05,0.0002993136776434382,0.0010808281378025828,11520,3,8.466065918434454e-05,3,0.00031935536737340574,,,,,,,
fresh_locked_test,D_DIRECT|O_LR_ORIGIN|64|0|0.0|0.0|0,D_DIRECT,O_LR_ORIGIN,64,0,0.0,0.0,0,joint_1_minus_joint_0,all,10,"[601, 602, 603, 604, 605, 606, 607, 608, 609, 610]",60,8,480,0,0,0,0,group,0,1.2407542056046999e-05,,,UNKNOWN_GROUP_TRUTH_ENERGY_NOT_STORED,4.6579731873260945e-05,0.00017812274489234292,0.0006355677503985087,1920,,,,,3.5934592305110285e-05,,,UNKNOWN_GROUP_TRUTH_ENERGY_NOT_STORED,8.120939077893723e-05,0.00030061492645583,0.0010630284022774634,1920,,,,,,,,,,,
fresh_locked_test,D_DIRECT|O_LR_ORIGIN|64|0|0.0|0.0|0,D_DIRECT,O_LR_ORIGIN,64,0,0.0,0.0,0,joint_1_minus_joint_0,all,10,"[601, 602, 603, 604, 605, 606, 607, 608, 609, 610]",60,8,480,0,0,0,0,group,1,1.1697123545410447e-05,,,UNKNOWN_GROUP_TRUTH_ENERGY_NOT_STORED,4.566645849989008e-05,0.00016655717037387932,0.0006056961775460076,1920,,,,,3.829742559030661e-05,,,UNKNOWN_GROUP_TRUTH_ENERGY_NOT_STORED,8.359611180308496e-05,0.0003097114194995194,0.0008929266894810763,1920,,,,,,,,,,,
fresh_locked_test,D_DIRECT|O_LR_ORIGIN|64|0|0.0|0.0|0,D_DIRECT,O_LR_ORIGIN,64,0,0.0,0.0,0,joint_1_minus_joint_0,all,10,"[601, 602, 603, 604, 605, 606, 607, 608, 609, 610]",60,8,480,0,0,0,0,group,2,1.2064641227508398e-05,,,UNKNOWN_GROUP_TRUTH_ENERGY_NOT_STORED,4.619762437557466e-05,0.00017021864497708327,0.000494579138971347,1920,,,,,3.578843502817682e-05,,,UNKNOWN_GROUP_TRUTH_ENERGY_NOT_STORED,8.24720911513426e-05,0.0002993534206706846,0.0010808281378025828,1920,,,,,,,,,,,
fresh_locked_test,D_DIRECT|O_LR_ORIGIN|64|0|0.0|0.0|0,D_DIRECT,O_LR_ORIGIN,64,0,0.0,0.0,0,joint_1_minus_joint_0,all,10,"[601, 602, 603, 604, 605, 606, 607, 608, 609, 610]",60,8,480,0,0,0,0,group,3,1.467761830069406e-05,,,UNKNOWN_GROUP_TRUTH_ENERGY_NOT_STORED,5.1081025193405726e-05,0.00020444119258729705,0.0005712138879067481,1920,,,,,3.9234619494614485e-05,,,UNKNOWN_GROUP_TRUTH_ENERGY_NOT_STORED,8.466065918434454e-05,0.00031935536737340574,0.001000570923698683,1920,,,,,,,,,,,
fresh_locked_test,D_DIRECT|O_LR_ORIGIN|64|0|0.0|0.0|0,D_DIRECT,O_LR_ORIGIN,64,0,0.0,0.0,0,joint_1_minus_joint_0,all,10,"[601, 602, 603, 604, 605, 606, 607, 608, 609, 610]",60,8,480,0,0,0,0,group,4,1.2065618946693564e-05,,,UNKNOWN_GROUP_TRUTH_ENERGY_NOT_STORED,4.5370080894382014e-05,0.00016545109296973312,0.0005161110400445665,1920,,,,,3.2667955181792254e-05,,,UNKNOWN_GROUP_TRUTH_ENERGY_NOT_STORED,7.638989197065594e-05,0.00027911932486409833,0.0009745411399395805,1920,,,,,,,,,,,
fresh_locked_test,D_DIRECT|O_LR_ORIGIN|64|0|0.0|0.0|0,D_DIRECT,O_LR_ORIGIN,64,0,0.0,0.0,0,joint_1_minus_joint_0,all,10,"[601, 602, 603, 604, 605, 606, 607, 608, 609, 610]",60,8,480,0,0,0,0,group,5,1.3106105500598833e-05,,,UNKNOWN_GROUP_TRUTH_ENERGY_NOT_STORED,4.926415778813143e-05,0.00018706880584415942,0.0005042908115183845,1920,,,,,3.4245375600018584e-05,,,UNKNOWN_GROUP_TRUTH_ENERGY_NOT_STORED,8.103616005570198e-05,0.00028588669396907037,0.0009995879729099888,1920,,,,,,,,,,,
fresh_locked_test,D_KNOWN_EVENT_LOGP,D_KNOWN_EVENT_LOGP,EXACT_KNOWN_EVENTS,0,,,,,joint_1_minus_joint_0,all,10,"[601, 602, 603, 604, 605, 606, 607, 608, 609, 610]",60,1,60,,,,,pooled,,7.273662295869971e-32,9.851794993900989e-05,2.7171829688514335e-14,DEFINED,4.359295846112088e-18,1.5034270125132327e-17,4.163336342344337e-17,1440,0,4.770489558936221e-18,0,1.7376146817701007e-17,1.8916911898203518e-31,0.0028916252994198857,8.08824154995723e-15,DEFINED,6.75899665454667e-18,2.7755575615628914e-17,5.551115123125783e-17,1440,5,7.517135062566171e-18,1,2.7755575615628914e-17,,,,,,,
fresh_locked_test,D_KNOWN_EVENT_LOGP,D_KNOWN_EVENT_LOGP,EXACT_KNOWN_EVENTS,0,,,,,joint_1_minus_joint_0,all,10,"[601, 602, 603, 604, 605, 606, 607, 608, 609, 610]",60,1,60,,,,,group,0,1.4669166409749447e-32,,,UNKNOWN_GROUP_TRUTH_ENERGY_NOT_STORED,4.770489558936221e-18,1.7376146817701007e-17,3.5850951836854015e-17,240,,,,,2.482309706099104e-32,,,UNKNOWN_GROUP_TRUTH_ENERGY_NOT_STORED,5.936609228898409e-18,1.850371707708594e-17,3.700743415417188e-17,240,,,,,,,,,,,
fresh_locked_test,D_KNOWN_EVENT_LOGP,D_KNOWN_EVENT_LOGP,EXACT_KNOWN_EVENTS,0,,,,,joint_1_minus_joint_0,all,10,"[601, 602, 603, 604, 605, 606, 607, 608, 609, 610]",60,1,60,,,,,group,1,1.4217107853358556e-32,,,UNKNOWN_GROUP_TRUTH_ENERGY_NOT_STORED,4.601835887660697e-18,1.3964523981613268e-17,4.163336342344337e-17,240,,,,,3.697785493223493e-32,,,UNKNOWN_GROUP_TRUTH_ENERGY_NOT_STORED,7.478585651988909e-18,2.7755575615628914e-17,4.625929269271486e-17,240,,,,,,,,,,,
fresh_locked_test,D_KNOWN_EVENT_LOGP,D_KNOWN_EVENT_LOGP,EXACT_KNOWN_EVENTS,0,,,,,joint_1_minus_joint_0,all,10,"[601, 602, 603, 604, 605, 606, 607, 608, 609, 610]",60,1,60,,,,,group,2,1.0849405353381429e-32,,,UNKNOWN_GROUP_TRUTH_ENERGY_NOT_STORED,4.3223526609755475e-18,1.3935611923680332e-17,2.4864369822334236e-17,240,,,,,3.6378676727314454e-32,,,UNKNOWN_GROUP_TRUTH_ENERGY_NOT_STORED,7.20873977794807e-18,2.7755575615628914e-17,5.551115123125783e-17,240,,,,,,,,,,,
fresh_locked_test,D_KNOWN_EVENT_LOGP,D_KNOWN_EVENT_LOGP,EXACT_KNOWN_EVENTS,0,,,,,joint_1_minus_joint_0,all,10,"[601, 602, 603, 604, 605, 606, 607, 608, 609, 610]",60,1,60,,,,,group,3,1.0012829533788224e-32,,,UNKNOWN_GROUP_TRUTH_ENERGY_NOT_STORED,4.071781492223343e-18,1.3877787807814457e-17,2.42861286636753e-17,240,,,,,3.0301297791692507e-32,,,UNKNOWN_GROUP_TRUTH_ENERGY_NOT_STORED,6.476300976980082e-18,2.7755575615628914e-17,5.551115123125783e-17,240,,,,,,,,,,,
fresh_locked_test,D_KNOWN_EVENT_LOGP,D_KNOWN_EVENT_LOGP,EXACT_KNOWN_EVENTS,0,,,,,joint_1_minus_joint_0,all,10,"[601, 602, 603, 604, 605, 606, 607, 608, 609, 610]",60,1,60,,,,,group,4,1.2505838850689477e-32,,,UNKNOWN_GROUP_TRUTH_ENERGY_NOT_STORED,4.129605608089229e-18,1.2808041664295396e-17,3.469446951953614e-17,240,,,,,2.242638424130915e-32,,,UNKNOWN_GROUP_TRUTH_ENERGY_NOT_STORED,5.93660922889841e-18,1.850371707708594e-17,2.7755575615628914e-17,240,,,,,,,,,,,
fresh_locked_test,D_KNOWN_EVENT_LOGP,D_KNOWN_EVENT_LOGP,EXACT_KNOWN_EVENTS,0,,,,,joint_1_minus_joint_0,all,10,"[601, 602, 603, 604, 605, 606, 607, 608, 609, 610]",60,1,60,,,,,group,5,1.0482274957732611e-32,,,UNKNOWN_GROUP_TRUTH_ENERGY_NOT_STORED,4.2597098687874925e-18,1.3877787807814457e-17,2.7755575615628914e-17,240,,,,,3.826180822849309e-32,,,UNKNOWN_GROUP_TRUTH_ENERGY_NOT_STORED,7.517135062566171e-18,2.7755575615628914e-17,5.551115123125783e-17,240,,,,,,,,,,,
