configuration_id,target,population,method,observation,n,rank,alpha,eta,fit_banks,stage,seed_count,actual_rank_min,actual_rank_max,k_min,k_max,predicted_difference_norm,pX_error_ss,pX_truth_ss,pX_nrmse,pX_error_q95,pX_mae,v_error_ss,v_truth_ss,v_nrmse,v_error_q95,v_mae,event_error_ss,event_truth_ss,event_nrmse,case_count,event_element_count,event_mae,pX_worst_group_index_by_error_q95,pX_worst_group_error_q95,pX_worst_group_mae,v_worst_group_index_by_error_q95,v_worst_group_error_q95,v_worst_group_mae
C2|EXACT|0|FULL|1e-05|0.01|1,joint_1_minus_joint_0,all,C2,EXACT,0,FULL,1e-05,0.01,1,N2A,4,0,2,0,2,0.1152323557948508,2.1245568518586443e-05,3.540060256959765e-05,0.7746916078267655,0.0004397319020245074,0.00011606773936690338,0.0002534709411746911,0.0007962112317996875,0.5642218997326726,0.0013301643097267967,0.00042589280766481874,0.03312709906631949,0.06660148660128908,0.7052607938988379,96,27648,0.0005452050795246763,2,0.0004741469257116001,0.00011943503499864297,1,0.0013441121900451382,0.000438147029482057
C2|EXACT|0|FULL|1e-05|0.01|1,joint_1_minus_joint_0,active,C2,EXACT,0,FULL,1e-05,0.01,1,N2A,4,1,2,1,2,0.1152323557948508,1.582593824099841e-05,2.998097229200962e-05,0.726543926696282,0.00043903990273851345,0.00013807967596090334,0.00023767149035381176,0.0007804117809788082,0.551857102458163,0.0013661944409706494,0.0005754429745385648,0.029801116484475556,0.06327550401944514,0.6862754463165263,64,18432,0.000710787406528566,1,0.0005026562405519126,0.0001519361572345975,3,0.0013759646678635682,0.0005914277203250395
C2|EXACT|0|FULL|1e-05|0.01|1,no_x_off_1_minus_joint_0,all,C2,EXACT,0,FULL,1e-05,0.01,1,N2A,4,0,2,0,2,0.037660857472598064,2.432981812188065e-06,3.915578224227069e-06,0.788263611743376,0.00015558753193568593,3.4258377932839005e-05,6.608091736264271e-05,0.00014873692260784373,0.6665437122129714,0.0007401678243108221,0.0002064819167597321,0.004695236834611892,0.009199443783609849,0.7144107269074141,96,27648,0.0002021167153435829,3,0.00016522888664738795,3.8081369599477336e-05,2,0.0007474272838868039,0.00020748348351743232
C2|EXACT|0|FULL|1e-05|0.01|1,joint_1_minus_no_x_off_1,all,C2,EXACT,0,FULL,1e-05,0.01,1,N2A,4,0,2,0,2,0.09451212166519825,1.4308192680652664e-05,2.2853574313400035e-05,0.7912529152829748,0.0003330757409968359,8.602612989735438e-05,0.0001177461768434664,0.00042082568553804056,0.5289593370311351,0.0010860848137420852,0.00023066718209854297,0.01888557413884491,0.038046366191520034,0.7045446223179495,96,27648,0.0003584959448072682,1,0.0003551393408434242,9.460429570381063e-05,3,0.0011342353184893633,0.0002500285644045442
C2|EXACT|0|FULL|1e-05|0.01|1,joint_1_minus_no_x_off_1,active,C2,EXACT,0,FULL,1e-05,0.01,1,N2A,4,1,2,1,2,0.09348078233405978,5.651744376715168e-06,1.3939937494471636e-05,0.6367381073943892,0.0002960629327726966,9.628895455619952e-05,4.926808617291599e-05,0.00031329022618616634,0.3965604722144265,0.0009697297442289222,0.0002607658843149489,0.006515725349870368,0.024465405702790467,0.5160659126699769,48,13824,0.00039421100268302074,1,0.00031385609007120825,0.00010066144791501202,3,0.0010507169706843757,0.00026776739941891317
C3|EXACT|0|FULL|1e-05|0.01|1,joint_1_minus_joint_0,all,C3,EXACT,0,FULL,1e-05,0.01,1,N2A,4,0,2,0,2,0.1152323557948508,2.1245568518586443e-05,3.540060256959765e-05,0.7746916078267655,0.0004397319020245074,0.00011606773936690338,0.0002534709411746911,0.0007962112317996875,0.5642218997326726,0.0013301643097267967,0.00042589280766481874,0.03312709906631949,0.06660148660128908,0.7052607938988379,96,27648,0.0005452050795246763,2,0.0004741469257116001,0.00011943503499864297,1,0.0013441121900451382,0.000438147029482057
C3|EXACT|0|FULL|1e-05|0.01|1,joint_1_minus_joint_0,active,C3,EXACT,0,FULL,1e-05,0.01,1,N2A,4,1,2,1,2,0.1152323557948508,1.582593824099841e-05,2.998097229200962e-05,0.726543926696282,0.00043903990273851345,0.00013807967596090334,0.00023767149035381176,0.0007804117809788082,0.551857102458163,0.0013661944409706494,0.0005754429745385648,0.029801116484475556,0.06327550401944514,0.6862754463165263,64,18432,0.000710787406528566,1,0.0005026562405519126,0.0001519361572345975,3,0.0013759646678635682,0.0005914277203250395
C3|EXACT|0|FULL|1e-05|0.01|1,no_x_off_1_minus_joint_0,all,C3,EXACT,0,FULL,1e-05,0.01,1,N2A,4,0,2,0,2,0.037660857472598064,2.432981812188065e-06,3.915578224227069e-06,0.788263611743376,0.00015558753193568593,3.4258377932839005e-05,6.608091736264271e-05,0.00014873692260784373,0.6665437122129714,0.0007401678243108221,0.0002064819167597321,0.004695236834611892,0.009199443783609849,0.7144107269074141,96,27648,0.0002021167153435829,3,0.00016522888664738795,3.8081369599477336e-05,2,0.0007474272838868039,0.00020748348351743232
C3|EXACT|0|FULL|1e-05|0.01|1,joint_1_minus_no_x_off_1,all,C3,EXACT,0,FULL,1e-05,0.01,1,N2A,4,0,2,0,2,0.09451212166519825,1.4308192680652664e-05,2.2853574313400035e-05,0.7912529152829748,0.0003330757409968359,8.602612989735438e-05,0.0001177461768434664,0.00042082568553804056,0.5289593370311351,0.0010860848137420852,0.00023066718209854297,0.01888557413884491,0.038046366191520034,0.7045446223179495,96,27648,0.0003584959448072682,1,0.0003551393408434242,9.460429570381063e-05,3,0.0011342353184893633,0.0002500285644045442
C3|EXACT|0|FULL|1e-05|0.01|1,joint_1_minus_no_x_off_1,active,C3,EXACT,0,FULL,1e-05,0.01,1,N2A,4,1,2,1,2,0.09348078233405978,5.651744376715168e-06,1.3939937494471636e-05,0.6367381073943892,0.0002960629327726966,9.628895455619952e-05,4.926808617291599e-05,0.00031329022618616634,0.3965604722144265,0.0009697297442289222,0.0002607658843149489,0.006515725349870368,0.024465405702790467,0.5160659126699769,48,13824,0.00039421100268302074,1,0.00031385609007120825,0.00010066144791501202,3,0.0010507169706843757,0.00026776739941891317
C4_PCA|EXACT|0|1|1e-05|0.01|1,joint_1_minus_joint_0,all,C4_PCA,EXACT,0,1,1e-05,0.01,1,N2A,4,0,1,0,2,0.10410576025124761,2.1449296834623597e-05,3.540060256959765e-05,0.7783970879020106,0.0004397319020245074,0.00011683049546772027,0.0002892998285713947,0.0007962112317996875,0.6027815324966009,0.0014920415851457306,0.0004631895191207522,0.034823959741387925,0.06660148660128908,0.7230979236771907,96,27648,0.0005689315971631779,2,0.0004741469257116001,0.00011927154966514079,3,0.0015213947133096823,0.0004886004869976455
C4_PCA|EXACT|0|1|1e-05|0.01|1,joint_1_minus_joint_0,active,C4_PCA,EXACT,0,1,1e-05,0.01,1,N2A,4,1,1,1,2,0.10410576025124761,1.6029666557035565e-05,2.998097229200962e-05,0.7312053960577662,0.00043915418785952473,0.00013922381011212867,0.00027350037775051536,0.0007804117809788082,0.5919936616429131,0.0015712250901298234,0.000631388041722465,0.03149797715954399,0.06327550401944514,0.7055430615252679,64,18432,0.0007463771829863183,1,0.0005048694217145664,0.00015439965365229833,1,0.0015837099172759488,0.0006383321931177461
C4_PCA|EXACT|0|1|1e-05|0.01|1,no_x_off_1_minus_joint_0,all,C4_PCA,EXACT,0,1,1e-05,0.01,1,N2A,4,0,1,0,2,0.03610850312424487,2.5098349836178915e-06,3.915578224227069e-06,0.8006166763306194,0.00015567801856054071,3.521108763298293e-05,6.961917707798313e-05,0.00014873692260784373,0.6841558533083003,0.0007468041875445884,0.00021387526505444452,0.004968650768619692,0.009199443783609849,0.7349172670811678,96,27648,0.00020861490448127588,3,0.00016522888664738795,3.9227739285941915e-05,2,0.0007477845910864963,0.00021487074613893645
C4_PCA|EXACT|0|1|1e-05|0.01|1,joint_1_minus_no_x_off_1,all,C4_PCA,EXACT,0,1,1e-05,0.01,1,N2A,4,0,1,0,2,0.0822667757055274,1.4434064071419312e-05,2.2853574313400035e-05,0.7947256817154126,0.0003342409017512243,8.639198444665173e-05,0.0001471080168652218,0.00042082568553804056,0.5912444140621292,0.00126557840628614,0.00026126192614475463,0.02018062970636205,0.038046366191520034,0.728300763100631,96,27648,0.00037757765459586057,1,0.0003687764670257086,9.563736743088181e-05,1,0.0014070750252149682,0.0002721758159037169
C4_PCA|EXACT|0|1|1e-05|0.01|1,joint_1_minus_no_x_off_1,active,C4_PCA,EXACT,0,1,1e-05,0.01,1,N2A,4,1,1,1,2,0.08107982430367114,5.777615767481817e-06,1.3939937494471636e-05,0.6437895381477792,0.0003002316665710428,9.702066365479417e-05,7.862992619467138e-05,0.00031329022618616634,0.5009801412613061,0.0012738503966633077,0.00032195537240737216,0.0078107809173875095,0.024465405702790467,0.5650293627833735,48,13824,0.0004323744222602054,1,0.00031385609007120825,0.00010272759136915439,0,0.0013026200823575247,0.00031921887785325837
C4_PCA|EXACT|0|2|1e-05|0.01|1,joint_1_minus_joint_0,all,C4_PCA,EXACT,0,2,1e-05,0.01,1,N2A,4,0,2,0,2,0.1152323557948508,2.1245568518586443e-05,3.540060256959765e-05,0.7746916078267655,0.0004397319020245074,0.00011606773936690338,0.0002534709411746911,0.0007962112317996875,0.5642218997326726,0.0013301643097267967,0.00042589280766481874,0.03312709906631949,0.06660148660128908,0.7052607938988379,96,27648,0.0005452050795246763,2,0.0004741469257116001,0.00011943503499864297,1,0.0013441121900451382,0.000438147029482057
C4_PCA|EXACT|0|2|1e-05|0.01|1,joint_1_minus_joint_0,active,C4_PCA,EXACT,0,2,1e-05,0.01,1,N2A,4,1,2,1,2,0.1152323557948508,1.582593824099841e-05,2.998097229200962e-05,0.726543926696282,0.00043903990273851345,0.00013807967596090334,0.00023767149035381176,0.0007804117809788082,0.551857102458163,0.0013661944409706494,0.0005754429745385648,0.029801116484475556,0.06327550401944514,0.6862754463165263,64,18432,0.000710787406528566,1,0.0005026562405519126,0.0001519361572345975,3,0.0013759646678635682,0.0005914277203250395
C4_PCA|EXACT|0|2|1e-05|0.01|1,no_x_off_1_minus_joint_0,all,C4_PCA,EXACT,0,2,1e-05,0.01,1,N2A,4,0,2,0,2,0.037660857472598064,2.432981812188065e-06,3.915578224227069e-06,0.788263611743376,0.00015558753193568593,3.4258377932839005e-05,6.608091736264271e-05,0.00014873692260784373,0.6665437122129714,0.0007401678243108221,0.0002064819167597321,0.004695236834611892,0.009199443783609849,0.7144107269074141,96,27648,0.0002021167153435829,3,0.00016522888664738795,3.8081369599477336e-05,2,0.0007474272838868039,0.00020748348351743232
C4_PCA|EXACT|0|2|1e-05|0.01|1,joint_1_minus_no_x_off_1,all,C4_PCA,EXACT,0,2,1e-05,0.01,1,N2A,4,0,2,0,2,0.09451212166519825,1.4308192680652664e-05,2.2853574313400035e-05,0.7912529152829748,0.0003330757409968359,8.602612989735438e-05,0.0001177461768434664,0.00042082568553804056,0.5289593370311351,0.0010860848137420852,0.00023066718209854297,0.01888557413884491,0.038046366191520034,0.7045446223179495,96,27648,0.0003584959448072682,1,0.0003551393408434242,9.460429570381063e-05,3,0.0011342353184893633,0.0002500285644045442
C4_PCA|EXACT|0|2|1e-05|0.01|1,joint_1_minus_no_x_off_1,active,C4_PCA,EXACT,0,2,1e-05,0.01,1,N2A,4,1,2,1,2,0.09348078233405978,5.651744376715168e-06,1.3939937494471636e-05,0.6367381073943892,0.0002960629327726966,9.628895455619952e-05,4.926808617291599e-05,0.00031329022618616634,0.3965604722144265,0.0009697297442289222,0.0002607658843149489,0.006515725349870368,0.024465405702790467,0.5160659126699769,48,13824,0.00039421100268302074,1,0.00031385609007120825,0.00010066144791501202,3,0.0010507169706843757,0.00026776739941891317
C4_PCA|EXACT|0|4|1e-05|0.01|1,joint_1_minus_joint_0,all,C4_PCA,EXACT,0,4,1e-05,0.01,1,N2A,4,0,2,0,2,0.1152323557948508,2.1245568518586443e-05,3.540060256959765e-05,0.7746916078267655,0.0004397319020245074,0.00011606773936690338,0.0002534709411746911,0.0007962112317996875,0.5642218997326726,0.0013301643097267967,0.00042589280766481874,0.03312709906631949,0.06660148660128908,0.7052607938988379,96,27648,0.0005452050795246763,2,0.0004741469257116001,0.00011943503499864297,1,0.0013441121900451382,0.000438147029482057
C4_PCA|EXACT|0|4|1e-05|0.01|1,joint_1_minus_joint_0,active,C4_PCA,EXACT,0,4,1e-05,0.01,1,N2A,4,1,2,1,2,0.1152323557948508,1.582593824099841e-05,2.998097229200962e-05,0.726543926696282,0.00043903990273851345,0.00013807967596090334,0.00023767149035381176,0.0007804117809788082,0.551857102458163,0.0013661944409706494,0.0005754429745385648,0.029801116484475556,0.06327550401944514,0.6862754463165263,64,18432,0.000710787406528566,1,0.0005026562405519126,0.0001519361572345975,3,0.0013759646678635682,0.0005914277203250395
C4_PCA|EXACT|0|4|1e-05|0.01|1,no_x_off_1_minus_joint_0,all,C4_PCA,EXACT,0,4,1e-05,0.01,1,N2A,4,0,2,0,2,0.037660857472598064,2.432981812188065e-06,3.915578224227069e-06,0.788263611743376,0.00015558753193568593,3.4258377932839005e-05,6.608091736264271e-05,0.00014873692260784373,0.6665437122129714,0.0007401678243108221,0.0002064819167597321,0.004695236834611892,0.009199443783609849,0.7144107269074141,96,27648,0.0002021167153435829,3,0.00016522888664738795,3.8081369599477336e-05,2,0.0007474272838868039,0.00020748348351743232
C4_PCA|EXACT|0|4|1e-05|0.01|1,joint_1_minus_no_x_off_1,all,C4_PCA,EXACT,0,4,1e-05,0.01,1,N2A,4,0,2,0,2,0.09451212166519825,1.4308192680652664e-05,2.2853574313400035e-05,0.7912529152829748,0.0003330757409968359,8.602612989735438e-05,0.0001177461768434664,0.00042082568553804056,0.5289593370311351,0.0010860848137420852,0.00023066718209854297,0.01888557413884491,0.038046366191520034,0.7045446223179495,96,27648,0.0003584959448072682,1,0.0003551393408434242,9.460429570381063e-05,3,0.0011342353184893633,0.0002500285644045442
C4_PCA|EXACT|0|4|1e-05|0.01|1,joint_1_minus_no_x_off_1,active,C4_PCA,EXACT,0,4,1e-05,0.01,1,N2A,4,1,2,1,2,0.09348078233405978,5.651744376715168e-06,1.3939937494471636e-05,0.6367381073943892,0.0002960629327726966,9.628895455619952e-05,4.926808617291599e-05,0.00031329022618616634,0.3965604722144265,0.0009697297442289222,0.0002607658843149489,0.006515725349870368,0.024465405702790467,0.5160659126699769,48,13824,0.00039421100268302074,1,0.00031385609007120825,0.00010066144791501202,3,0.0010507169706843757,0.00026776739941891317
C4_PCA|EXACT|0|FULL|1e-05|0.01|1,joint_1_minus_joint_0,all,C4_PCA,EXACT,0,FULL,1e-05,0.01,1,N2A,4,0,2,0,2,0.1152323557948508,2.1245568518586443e-05,3.540060256959765e-05,0.7746916078267655,0.0004397319020245074,0.00011606773936690338,0.0002534709411746911,0.0007962112317996875,0.5642218997326726,0.0013301643097267967,0.00042589280766481874,0.03312709906631949,0.06660148660128908,0.7052607938988379,96,27648,0.0005452050795246763,2,0.0004741469257116001,0.00011943503499864297,1,0.0013441121900451382,0.000438147029482057
C4_PCA|EXACT|0|FULL|1e-05|0.01|1,joint_1_minus_joint_0,active,C4_PCA,EXACT,0,FULL,1e-05,0.01,1,N2A,4,1,2,1,2,0.1152323557948508,1.582593824099841e-05,2.998097229200962e-05,0.726543926696282,0.00043903990273851345,0.00013807967596090334,0.00023767149035381176,0.0007804117809788082,0.551857102458163,0.0013661944409706494,0.0005754429745385648,0.029801116484475556,0.06327550401944514,0.6862754463165263,64,18432,0.000710787406528566,1,0.0005026562405519126,0.0001519361572345975,3,0.0013759646678635682,0.0005914277203250395
C4_PCA|EXACT|0|FULL|1e-05|0.01|1,no_x_off_1_minus_joint_0,all,C4_PCA,EXACT,0,FULL,1e-05,0.01,1,N2A,4,0,2,0,2,0.037660857472598064,2.432981812188065e-06,3.915578224227069e-06,0.788263611743376,0.00015558753193568593,3.4258377932839005e-05,6.608091736264271e-05,0.00014873692260784373,0.6665437122129714,0.0007401678243108221,0.0002064819167597321,0.004695236834611892,0.009199443783609849,0.7144107269074141,96,27648,0.0002021167153435829,3,0.00016522888664738795,3.8081369599477336e-05,2,0.0007474272838868039,0.00020748348351743232
C4_PCA|EXACT|0|FULL|1e-05|0.01|1,joint_1_minus_no_x_off_1,all,C4_PCA,EXACT,0,FULL,1e-05,0.01,1,N2A,4,0,2,0,2,0.09451212166519825,1.4308192680652664e-05,2.2853574313400035e-05,0.7912529152829748,0.0003330757409968359,8.602612989735438e-05,0.0001177461768434664,0.00042082568553804056,0.5289593370311351,0.0010860848137420852,0.00023066718209854297,0.01888557413884491,0.038046366191520034,0.7045446223179495,96,27648,0.0003584959448072682,1,0.0003551393408434242,9.460429570381063e-05,3,0.0011342353184893633,0.0002500285644045442
C4_PCA|EXACT|0|FULL|1e-05|0.01|1,joint_1_minus_no_x_off_1,active,C4_PCA,EXACT,0,FULL,1e-05,0.01,1,N2A,4,1,2,1,2,0.09348078233405978,5.651744376715168e-06,1.3939937494471636e-05,0.6367381073943892,0.0002960629327726966,9.628895455619952e-05,4.926808617291599e-05,0.00031329022618616634,0.3965604722144265,0.0009697297442289222,0.0002607658843149489,0.006515725349870368,0.024465405702790467,0.5160659126699769,48,13824,0.00039421100268302074,1,0.00031385609007120825,0.00010066144791501202,3,0.0010507169706843757,0.00026776739941891317
C4_RANDOM|EXACT|0|1|1e-05|0.01|1,joint_1_minus_joint_0,all,C4_RANDOM,EXACT,0,1,1e-05,0.01,1,N2A,4,0,1,0,2,0.13874975908429527,2.5273474253380098e-05,3.540060256959765e-05,0.8449424822832965,0.0004738713973366623,0.00013135161566519562,0.0003808023134712467,0.0007962112317996875,0.691569193818326,0.0017657940750197708,0.0005444744614227599,0.04341990376483913,0.06660148660128908,0.8074255104311592,96,27648,0.0006515883287662969,1,0.0005243335349772737,0.00014407118703536068,0,0.0017853297889244661,0.0005388507885087718
C4_RANDOM|EXACT|0|1|1e-05|0.01|1,joint_1_minus_joint_0,active,C4_RANDOM,EXACT,0,1,1e-05,0.01,1,N2A,4,1,1,1,2,0.13874975908429527,1.9853843975792066e-05,2.998097229200962e-05,0.8137658222914586,0.0004901140993165806,0.0001610054904083417,0.0003650028626503674,0.0007804117809788082,0.6838899581898877,0.0018508434336523157,0.0007533154551754765,0.04009392118299519,0.06327550401944514,0.7960153811421682,64,18432,0.0008703622803909967,1,0.0005400934087804931,0.00017633014298497606,0,0.001884697932273226,0.0007561400116600499
C4_RANDOM|EXACT|0|1|1e-05|0.01|1,no_x_off_1_minus_joint_0,all,C4_RANDOM,EXACT,0,1,1e-05,0.01,1,N2A,4,0,1,0,2,0.031074701224217148,3.037232445268466e-06,3.915578224227069e-06,0.8807264980912869,0.00017575388681452533,3.932879131066681e-05,8.454179459388482e-05,0.00014873692260784373,0.7539218592220212,0.0008536112111171416,0.0002347664392955342,0.0060484584447096056,0.009199443783609849,0.8108519504035834,96,27648,0.00023365056303423343,3,0.00018105776320136326,4.360088707063267e-05,2,0.0008971241250498499,0.0002359410116807235
C4_RANDOM|EXACT|0|1|1e-05|0.01|1,joint_1_minus_no_x_off_1,all,C4_RANDOM,EXACT,0,1,1e-05,0.01,1,N2A,4,0,1,0,2,0.1285163747615392,1.6551936530929144e-05,2.2853574313400035e-05,0.851034839175127,0.00037688456407599085,9.536573460146238e-05,0.0001889191667580965,0.00042082568553804056,0.6700186491470279,0.0014166419332165374,0.00031348429415482945,0.024775352582321407,0.038046366191520034,0.8069624568313196,96,27648,0.0004300786880916929,1,0.00041539974026405177,0.00010505172191637932,1,0.001426966989595612,0.00032612210677955875
C4_RANDOM|EXACT|0|1|1e-05|0.01|1,joint_1_minus_no_x_off_1,active,C4_RANDOM,EXACT,0,1,1e-05,0.01,1,N2A,4,1,1,1,2,0.12775982978220898,7.895488226991646e-06,1.3939937494471636e-05,0.7525911065935642,0.000327917871483695,0.00011496816396441548,0.00012044107608754606,0.00031329022618616634,0.6200316948894447,0.0014706301240829443,0.0004264001084275218,0.012405503793346866,0.024465405702790467,0.7120836136409779,48,13824,0.00053737648925187,1,0.00036243475544692357,0.00012155630034014945,0,0.0015558686319223896,0.000437275474001493
C4_RANDOM|EXACT|0|2|1e-05|0.01|1,joint_1_minus_joint_0,all,C4_RANDOM,EXACT,0,2,1e-05,0.01,1,N2A,4,0,2,0,2,0.11523235579485082,2.1245568518586443e-05,3.540060256959765e-05,0.7746916078267655,0.0004397319020245074,0.00011606773936690341,0.000253470941174691,0.0007962112317996875,0.5642218997326724,0.0013301643097267972,0.00042589280766481874,0.03312709906631949,0.06660148660128908,0.7052607938988379,96,27648,0.0005452050795246762,2,0.0004741469257116001,0.00011943503499864297,1,0.0013441121900451382,0.000438147029482057
C4_RANDOM|EXACT|0|2|1e-05|0.01|1,joint_1_minus_joint_0,active,C4_RANDOM,EXACT,0,2,1e-05,0.01,1,N2A,4,1,2,1,2,0.11523235579485082,1.582593824099841e-05,2.998097229200962e-05,0.726543926696282,0.00043903990273851345,0.00013807967596090337,0.0002376714903538117,0.0007804117809788082,0.5518571024581629,0.0013661944409706494,0.0005754429745385647,0.029801116484475552,0.06327550401944514,0.6862754463165263,64,18432,0.000710787406528566,1,0.0005026562405519126,0.0001519361572345975,3,0.0013759646678635684,0.0005914277203250395
C4_RANDOM|EXACT|0|2|1e-05|0.01|1,no_x_off_1_minus_joint_0,all,C4_RANDOM,EXACT,0,2,1e-05,0.01,1,N2A,4,0,2,0,2,0.037660857472598064,2.432981812188065e-06,3.915578224227069e-06,0.788263611743376,0.00015558753193568593,3.4258377932839005e-05,6.608091736264271e-05,0.00014873692260784373,0.6665437122129714,0.0007401678243108221,0.00020648191675973215,0.004695236834611892,0.009199443783609849,0.7144107269074141,96,27648,0.0002021167153435829,3,0.00016522888664738795,3.8081369599477336e-05,2,0.0007474272838868039,0.00020748348351743234
C4_RANDOM|EXACT|0|2|1e-05|0.01|1,joint_1_minus_no_x_off_1,all,C4_RANDOM,EXACT,0,2,1e-05,0.01,1,N2A,4,0,2,0,2,0.09451212166519825,1.4308192680652662e-05,2.2853574313400035e-05,0.7912529152829747,0.00033307574099683584,8.602612989735437e-05,0.0001177461768434664,0.00042082568553804056,0.5289593370311351,0.0010860848137420852,0.00023066718209854297,0.018885574138844907,0.038046366191520034,0.7045446223179495,96,27648,0.00035849594480726814,1,0.0003551393408434242,9.46042957038106e-05,3,0.0011342353184893633,0.0002500285644045442
C4_RANDOM|EXACT|0|2|1e-05|0.01|1,joint_1_minus_no_x_off_1,active,C4_RANDOM,EXACT,0,2,1e-05,0.01,1,N2A,4,1,2,1,2,0.09348078233405979,5.651744376715167e-06,1.3939937494471636e-05,0.6367381073943892,0.0002960629327726966,9.628895455619949e-05,4.9268086172915995e-05,0.00031329022618616634,0.3965604722144265,0.0009697297442289222,0.0002607658843149488,0.006515725349870365,0.024465405702790467,0.5160659126699768,48,13824,0.0003942110026830207,1,0.00031385609007120825,0.00010066144791501202,3,0.0010507169706843757,0.00026776739941891306
C4_RANDOM|EXACT|0|4|1e-05|0.01|1,joint_1_minus_joint_0,all,C4_RANDOM,EXACT,0,4,1e-05,0.01,1,N2A,4,0,2,0,2,0.11523235579485082,2.1245568518586443e-05,3.540060256959765e-05,0.7746916078267655,0.0004397319020245074,0.00011606773936690341,0.000253470941174691,0.0007962112317996875,0.5642218997326724,0.0013301643097267972,0.00042589280766481874,0.03312709906631949,0.06660148660128908,0.7052607938988379,96,27648,0.0005452050795246762,2,0.0004741469257116001,0.00011943503499864297,1,0.0013441121900451382,0.000438147029482057
C4_RANDOM|EXACT|0|4|1e-05|0.01|1,joint_1_minus_joint_0,active,C4_RANDOM,EXACT,0,4,1e-05,0.01,1,N2A,4,1,2,1,2,0.11523235579485082,1.582593824099841e-05,2.998097229200962e-05,0.726543926696282,0.00043903990273851345,0.00013807967596090337,0.0002376714903538117,0.0007804117809788082,0.5518571024581629,0.0013661944409706494,0.0005754429745385647,0.029801116484475552,0.06327550401944514,0.6862754463165263,64,18432,0.000710787406528566,1,0.0005026562405519126,0.0001519361572345975,3,0.0013759646678635684,0.0005914277203250395
C4_RANDOM|EXACT|0|4|1e-05|0.01|1,no_x_off_1_minus_joint_0,all,C4_RANDOM,EXACT,0,4,1e-05,0.01,1,N2A,4,0,2,0,2,0.037660857472598064,2.432981812188065e-06,3.915578224227069e-06,0.788263611743376,0.00015558753193568593,3.4258377932839005e-05,6.608091736264271e-05,0.00014873692260784373,0.6665437122129714,0.0007401678243108221,0.00020648191675973215,0.004695236834611892,0.009199443783609849,0.7144107269074141,96,27648,0.0002021167153435829,3,0.00016522888664738795,3.8081369599477336e-05,2,0.0007474272838868039,0.00020748348351743234
C4_RANDOM|EXACT|0|4|1e-05|0.01|1,joint_1_minus_no_x_off_1,all,C4_RANDOM,EXACT,0,4,1e-05,0.01,1,N2A,4,0,2,0,2,0.09451212166519825,1.4308192680652662e-05,2.2853574313400035e-05,0.7912529152829747,0.00033307574099683584,8.602612989735437e-05,0.0001177461768434664,0.00042082568553804056,0.5289593370311351,0.0010860848137420852,0.00023066718209854297,0.018885574138844907,0.038046366191520034,0.7045446223179495,96,27648,0.00035849594480726814,1,0.0003551393408434242,9.46042957038106e-05,3,0.0011342353184893633,0.0002500285644045442
C4_RANDOM|EXACT|0|4|1e-05|0.01|1,joint_1_minus_no_x_off_1,active,C4_RANDOM,EXACT,0,4,1e-05,0.01,1,N2A,4,1,2,1,2,0.09348078233405979,5.651744376715167e-06,1.3939937494471636e-05,0.6367381073943892,0.0002960629327726966,9.628895455619949e-05,4.9268086172915995e-05,0.00031329022618616634,0.3965604722144265,0.0009697297442289222,0.0002607658843149488,0.006515725349870365,0.024465405702790467,0.5160659126699768,48,13824,0.0003942110026830207,1,0.00031385609007120825,0.00010066144791501202,3,0.0010507169706843757,0.00026776739941891306
C4_RANDOM|EXACT|0|FULL|1e-05|0.01|1,joint_1_minus_joint_0,all,C4_RANDOM,EXACT,0,FULL,1e-05,0.01,1,N2A,4,0,2,0,2,0.11523235579485082,2.1245568518586443e-05,3.540060256959765e-05,0.7746916078267655,0.0004397319020245074,0.00011606773936690341,0.000253470941174691,0.0007962112317996875,0.5642218997326724,0.0013301643097267972,0.00042589280766481874,0.03312709906631949,0.06660148660128908,0.7052607938988379,96,27648,0.0005452050795246762,2,0.0004741469257116001,0.00011943503499864297,1,0.0013441121900451382,0.000438147029482057
C4_RANDOM|EXACT|0|FULL|1e-05|0.01|1,joint_1_minus_joint_0,active,C4_RANDOM,EXACT,0,FULL,1e-05,0.01,1,N2A,4,1,2,1,2,0.11523235579485082,1.582593824099841e-05,2.998097229200962e-05,0.726543926696282,0.00043903990273851345,0.00013807967596090337,0.0002376714903538117,0.0007804117809788082,0.5518571024581629,0.0013661944409706494,0.0005754429745385647,0.029801116484475552,0.06327550401944514,0.6862754463165263,64,18432,0.000710787406528566,1,0.0005026562405519126,0.0001519361572345975,3,0.0013759646678635684,0.0005914277203250395
C4_RANDOM|EXACT|0|FULL|1e-05|0.01|1,no_x_off_1_minus_joint_0,all,C4_RANDOM,EXACT,0,FULL,1e-05,0.01,1,N2A,4,0,2,0,2,0.037660857472598064,2.432981812188065e-06,3.915578224227069e-06,0.788263611743376,0.00015558753193568593,3.4258377932839005e-05,6.608091736264271e-05,0.00014873692260784373,0.6665437122129714,0.0007401678243108221,0.00020648191675973215,0.004695236834611892,0.009199443783609849,0.7144107269074141,96,27648,0.0002021167153435829,3,0.00016522888664738795,3.8081369599477336e-05,2,0.0007474272838868039,0.00020748348351743234
C4_RANDOM|EXACT|0|FULL|1e-05|0.01|1,joint_1_minus_no_x_off_1,all,C4_RANDOM,EXACT,0,FULL,1e-05,0.01,1,N2A,4,0,2,0,2,0.09451212166519825,1.4308192680652662e-05,2.2853574313400035e-05,0.7912529152829747,0.00033307574099683584,8.602612989735437e-05,0.0001177461768434664,0.00042082568553804056,0.5289593370311351,0.0010860848137420852,0.00023066718209854297,0.018885574138844907,0.038046366191520034,0.7045446223179495,96,27648,0.00035849594480726814,1,0.0003551393408434242,9.46042957038106e-05,3,0.0011342353184893633,0.0002500285644045442
C4_RANDOM|EXACT|0|FULL|1e-05|0.01|1,joint_1_minus_no_x_off_1,active,C4_RANDOM,EXACT,0,FULL,1e-05,0.01,1,N2A,4,1,2,1,2,0.09348078233405979,5.651744376715167e-06,1.3939937494471636e-05,0.6367381073943892,0.0002960629327726966,9.628895455619949e-05,4.9268086172915995e-05,0.00031329022618616634,0.3965604722144265,0.0009697297442289222,0.0002607658843149488,0.006515725349870365,0.024465405702790467,0.5160659126699768,48,13824,0.0003942110026830207,1,0.00031385609007120825,0.00010066144791501202,3,0.0010507169706843757,0.00026776739941891306
C5|EXACT|0|1|1e-05|0.01|1,joint_1_minus_joint_0,all,C5,EXACT,0,1,1e-05,0.01,1,N2A,4,0,1,0,2,0.1152226416717919,2.1287225463569467e-05,3.540060256959765e-05,0.775450718656903,0.0004408704415293266,0.00011624402077173166,0.0002602446739375683,0.0007962112317996875,0.5717112987071375,0.0013394952251076899,0.00043723799060993153,0.03308449795457104,0.06660148660128908,0.7048071689163837,96,27648,0.0005451317321743157,1,0.00047772633966721226,0.0001293761910755253,3,0.001380260223602199,0.0004627895617066442
C5|EXACT|0|1|1e-05|0.01|1,joint_1_minus_joint_0,active,C5,EXACT,0,1,1e-05,0.01,1,N2A,4,1,1,1,2,0.1152226416717919,1.586759518598144e-05,2.998097229200962e-05,0.7274995006993757,0.0004418677866481792,0.00013834409806814574,0.00024444522311668906,0.0007804117809788082,0.5596659290028324,0.001395049055592602,0.0005924607489562339,0.029758515372727102,0.06327550401944514,0.6857847507276409,64,18432,0.000710677385503025,1,0.0005097588046475213,0.00015428764904522303,5,0.0013974264589260476,0.0005889086982200626
C5|EXACT|0|1|1e-05|0.01|1,no_x_off_1_minus_joint_0,all,C5,EXACT,0,1,1e-05,0.01,1,N2A,4,0,1,0,2,0.0377154486002262,2.43867375447121e-06,3.915578224227069e-06,0.7891851414162966,0.00015558753193568593,3.448985068664685e-05,6.592326501639521e-05,0.00014873692260784373,0.6657481351080328,0.0007234481842887164,0.00020623799985251611,0.004715361519909327,0.009199443783609849,0.7159401404950317,96,27648,0.0002022710459396401,3,0.00016522888664738795,3.8379025762586976e-05,3,0.0007359793542625996,0.0002099349058115506
C5|EXACT|0|1|1e-05|0.01|1,joint_1_minus_no_x_off_1,all,C5,EXACT,0,1,1e-05,0.01,1,N2A,4,0,1,0,2,0.09440554596326198,1.4427688684824616e-05,2.2853574313400035e-05,0.7945501510044338,0.0003404229956405859,8.652760631502563e-05,0.00012353965337572598,0.00042082568553804056,0.5418163040430154,0.0010860848137420852,0.00024354872380842924,0.01890494527666518,0.038046366191520034,0.7049058592332487,96,27648,0.000359511982222482,1,0.0003815858614539457,9.620670834247289e-05,3,0.0011342353184893629,0.00026363247556850935
C5|EXACT|0|1|1e-05|0.01|1,joint_1_minus_no_x_off_1,active,C5,EXACT,0,1,1e-05,0.01,1,N2A,4,1,1,1,2,0.09337302947185659,5.771240380887121e-06,1.3939937494471636e-05,0.6434342410626763,0.0003010169005226698,9.729190739154199e-05,5.506156270517556e-05,0.00031329022618616634,0.4192285426211386,0.000969729744228922,0.0002865289677347214,0.0065350964876906385,0.024465405702790467,0.5168324708304635,48,13824,0.0003962430775134483,3,0.00031848827248945116,0.00010026295675242464,3,0.0010507169706843755,0.00029497522174684333
C5|EXACT|0|2|1e-05|0.01|1,joint_1_minus_joint_0,all,C5,EXACT,0,2,1e-05,0.01,1,N2A,4,0,2,0,2,0.1152323557948508,2.1245568518586447e-05,3.540060256959765e-05,0.7746916078267655,0.00043973190202450745,0.00011606773936690341,0.000253470941174691,0.0007962112317996875,0.5642218997326724,0.0013301643097267967,0.00042589280766481874,0.03312709906631949,0.06660148660128908,0.7052607938988379,96,27648,0.0005452050795246763,2,0.0004741469257116001,0.00011943503499864297,1,0.0013441121900451389,0.00043814702948205705
C5|EXACT|0|2|1e-05|0.01|1,joint_1_minus_joint_0,active,C5,EXACT,0,2,1e-05,0.01,1,N2A,4,1,2,1,2,0.1152323557948508,1.5825938240998415e-05,2.998097229200962e-05,0.7265439266962821,0.0004390399027385135,0.00013807967596090337,0.00023767149035381174,0.0007804117809788082,0.551857102458163,0.0013661944409706494,0.0005754429745385648,0.029801116484475556,0.06327550401944514,0.6862754463165263,64,18432,0.0007107874065285661,1,0.0005026562405519127,0.0001519361572345975,3,0.001375964667863569,0.0005914277203250395
C5|EXACT|0|2|1e-05|0.01|1,no_x_off_1_minus_joint_0,all,C5,EXACT,0,2,1e-05,0.01,1,N2A,4,0,2,0,2,0.03766085747259807,2.4329818121880654e-06,3.915578224227069e-06,0.788263611743376,0.00015558753193568593,3.425837793283901e-05,6.608091736264271e-05,0.00014873692260784373,0.6665437122129714,0.0007401678243108222,0.00020648191675973212,0.004695236834611892,0.009199443783609849,0.7144107269074141,96,27648,0.0002021167153435829,3,0.00016522888664738795,3.8081369599477336e-05,2,0.000747427283886804,0.00020748348351743234
C5|EXACT|0|2|1e-05|0.01|1,joint_1_minus_no_x_off_1,all,C5,EXACT,0,2,1e-05,0.01,1,N2A,4,0,2,0,2,0.09451212166519825,1.4308192680652664e-05,2.2853574313400035e-05,0.7912529152829748,0.00033307574099683584,8.60261298973544e-05,0.00011774617684346639,0.00042082568553804056,0.5289593370311351,0.0010860848137420852,0.00023066718209854297,0.01888557413884491,0.038046366191520034,0.7045446223179495,96,27648,0.0003584959448072682,1,0.00035513934084342426,9.460429570381063e-05,3,0.0011342353184893629,0.0002500285644045442
C5|EXACT|0|2|1e-05|0.01|1,joint_1_minus_no_x_off_1,active,C5,EXACT,0,2,1e-05,0.01,1,N2A,4,1,2,1,2,0.09348078233405979,5.651744376715169e-06,1.3939937494471636e-05,0.6367381073943893,0.00029606293277269663,9.628895455619952e-05,4.926808617291598e-05,0.00031329022618616634,0.3965604722144264,0.000969729744228922,0.00026076588431494884,0.006515725349870368,0.024465405702790467,0.5160659126699769,48,13824,0.00039421100268302074,1,0.00031385609007120825,0.00010066144791501205,3,0.0010507169706843755,0.0002677673994189131
C5|EXACT|0|4|1e-05|0.01|1,joint_1_minus_joint_0,all,C5,EXACT,0,4,1e-05,0.01,1,N2A,4,0,2,0,2,0.1152323557948508,2.1245568518586447e-05,3.540060256959765e-05,0.7746916078267655,0.00043973190202450745,0.00011606773936690341,0.000253470941174691,0.0007962112317996875,0.5642218997326724,0.0013301643097267967,0.00042589280766481874,0.03312709906631949,0.06660148660128908,0.7052607938988379,96,27648,0.0005452050795246763,2,0.0004741469257116001,0.00011943503499864297,1,0.0013441121900451389,0.00043814702948205705
C5|EXACT|0|4|1e-05|0.01|1,joint_1_minus_joint_0,active,C5,EXACT,0,4,1e-05,0.01,1,N2A,4,1,2,1,2,0.1152323557948508,1.5825938240998415e-05,2.998097229200962e-05,0.7265439266962821,0.0004390399027385135,0.00013807967596090337,0.00023767149035381174,0.0007804117809788082,0.551857102458163,0.0013661944409706494,0.0005754429745385648,0.029801116484475556,0.06327550401944514,0.6862754463165263,64,18432,0.0007107874065285661,1,0.0005026562405519127,0.0001519361572345975,3,0.001375964667863569,0.0005914277203250395
C5|EXACT|0|4|1e-05|0.01|1,no_x_off_1_minus_joint_0,all,C5,EXACT,0,4,1e-05,0.01,1,N2A,4,0,2,0,2,0.03766085747259807,2.4329818121880654e-06,3.915578224227069e-06,0.788263611743376,0.00015558753193568593,3.425837793283901e-05,6.608091736264271e-05,0.00014873692260784373,0.6665437122129714,0.0007401678243108222,0.00020648191675973212,0.004695236834611892,0.009199443783609849,0.7144107269074141,96,27648,0.0002021167153435829,3,0.00016522888664738795,3.8081369599477336e-05,2,0.000747427283886804,0.00020748348351743234
C5|EXACT|0|4|1e-05|0.01|1,joint_1_minus_no_x_off_1,all,C5,EXACT,0,4,1e-05,0.01,1,N2A,4,0,2,0,2,0.09451212166519825,1.4308192680652664e-05,2.2853574313400035e-05,0.7912529152829748,0.00033307574099683584,8.60261298973544e-05,0.00011774617684346639,0.00042082568553804056,0.5289593370311351,0.0010860848137420852,0.00023066718209854297,0.01888557413884491,0.038046366191520034,0.7045446223179495,96,27648,0.0003584959448072682,1,0.00035513934084342426,9.460429570381063e-05,3,0.0011342353184893629,0.0002500285644045442
C5|EXACT|0|4|1e-05|0.01|1,joint_1_minus_no_x_off_1,active,C5,EXACT,0,4,1e-05,0.01,1,N2A,4,1,2,1,2,0.09348078233405979,5.651744376715169e-06,1.3939937494471636e-05,0.6367381073943893,0.00029606293277269663,9.628895455619952e-05,4.926808617291598e-05,0.00031329022618616634,0.3965604722144264,0.000969729744228922,0.00026076588431494884,0.006515725349870368,0.024465405702790467,0.5160659126699769,48,13824,0.00039421100268302074,1,0.00031385609007120825,0.00010066144791501205,3,0.0010507169706843755,0.0002677673994189131
C5|EXACT|0|FULL|1e-05|0.01|1,joint_1_minus_joint_0,all,C5,EXACT,0,FULL,1e-05,0.01,1,N2A,4,0,2,0,2,0.1152323557948508,2.1245568518586447e-05,3.540060256959765e-05,0.7746916078267655,0.00043973190202450745,0.00011606773936690341,0.000253470941174691,0.0007962112317996875,0.5642218997326724,0.0013301643097267967,0.00042589280766481874,0.03312709906631949,0.06660148660128908,0.7052607938988379,96,27648,0.0005452050795246763,2,0.0004741469257116001,0.00011943503499864297,1,0.0013441121900451389,0.00043814702948205705
C5|EXACT|0|FULL|1e-05|0.01|1,joint_1_minus_joint_0,active,C5,EXACT,0,FULL,1e-05,0.01,1,N2A,4,1,2,1,2,0.1152323557948508,1.5825938240998415e-05,2.998097229200962e-05,0.7265439266962821,0.0004390399027385135,0.00013807967596090337,0.00023767149035381174,0.0007804117809788082,0.551857102458163,0.0013661944409706494,0.0005754429745385648,0.029801116484475556,0.06327550401944514,0.6862754463165263,64,18432,0.0007107874065285661,1,0.0005026562405519127,0.0001519361572345975,3,0.001375964667863569,0.0005914277203250395
C5|EXACT|0|FULL|1e-05|0.01|1,no_x_off_1_minus_joint_0,all,C5,EXACT,0,FULL,1e-05,0.01,1,N2A,4,0,2,0,2,0.03766085747259807,2.4329818121880654e-06,3.915578224227069e-06,0.788263611743376,0.00015558753193568593,3.425837793283901e-05,6.608091736264271e-05,0.00014873692260784373,0.6665437122129714,0.0007401678243108222,0.00020648191675973212,0.004695236834611892,0.009199443783609849,0.7144107269074141,96,27648,0.0002021167153435829,3,0.00016522888664738795,3.8081369599477336e-05,2,0.000747427283886804,0.00020748348351743234
C5|EXACT|0|FULL|1e-05|0.01|1,joint_1_minus_no_x_off_1,all,C5,EXACT,0,FULL,1e-05,0.01,1,N2A,4,0,2,0,2,0.09451212166519825,1.4308192680652664e-05,2.2853574313400035e-05,0.7912529152829748,0.00033307574099683584,8.60261298973544e-05,0.00011774617684346639,0.00042082568553804056,0.5289593370311351,0.0010860848137420852,0.00023066718209854297,0.01888557413884491,0.038046366191520034,0.7045446223179495,96,27648,0.0003584959448072682,1,0.00035513934084342426,9.460429570381063e-05,3,0.0011342353184893629,0.0002500285644045442
C5|EXACT|0|FULL|1e-05|0.01|1,joint_1_minus_no_x_off_1,active,C5,EXACT,0,FULL,1e-05,0.01,1,N2A,4,1,2,1,2,0.09348078233405979,5.651744376715169e-06,1.3939937494471636e-05,0.6367381073943893,0.00029606293277269663,9.628895455619952e-05,4.926808617291598e-05,0.00031329022618616634,0.3965604722144264,0.000969729744228922,0.00026076588431494884,0.006515725349870368,0.024465405702790467,0.5160659126699769,48,13824,0.00039421100268302074,1,0.00031385609007120825,0.00010066144791501205,3,0.0010507169706843755,0.0002677673994189131
C6|EXACT|0|1|1e-05|0.01|1,joint_1_minus_joint_0,all,C6,EXACT,0,1,1e-05,0.01,1,N2A,4,0,1,0,2,0.11762239018057734,2.1317322084639076e-05,3.540060256959765e-05,0.7759987046573954,0.0004408704415293266,0.0001165330918542338,0.00025700698865926123,0.0007962112317996875,0.568143858833084,0.0013394952251076899,0.0004323319638872708,0.03294318623878185,0.06660148660128908,0.7033003591509563,96,27648,0.0005436975981914352,2,0.0004741469257116001,0.00011872984367499065,3,0.001371999908374771,0.0004579965596737213
C6|EXACT|0|1|1e-05|0.01|1,joint_1_minus_joint_0,active,C6,EXACT,0,1,1e-05,0.01,1,N2A,4,1,1,1,2,0.11762239018057734,1.5897691807051045e-05,2.998097229200962e-05,0.7281891106873822,0.0004418677866481792,0.000138777704691899,0.00024120753783838191,0.0007804117809788082,0.5559471770934771,0.0013849149473197564,0.0005851017088722429,0.02961720365693791,0.06327550401944514,0.6841545494405724,64,18432,0.0007085261845287044,1,0.0005088999081571262,0.00015470808595920176,5,0.0013877501247315533,0.0005817932359900053
C6|EXACT|0|1|1e-05|0.01|1,no_x_off_1_minus_joint_0,all,C6,EXACT,0,1,1e-05,0.01,1,N2A,4,0,1,0,2,0.037649317124219504,2.4412492199335014e-06,3.915578224227069e-06,0.7896017577681979,0.00015558753193568593,3.452449240411089e-05,6.595592461845794e-05,0.00014873692260784373,0.6659130266440382,0.0007251653794136577,0.00020633937593106055,0.004727221910525684,0.009199443783609849,0.7168399651324181,96,27648,0.00020241889653969863,3,0.00016522888664738795,3.8432650732962667e-05,3,0.0007353361783277777,0.00021002576522505682
C6|EXACT|0|1|1e-05|0.01|1,joint_1_minus_no_x_off_1,all,C6,EXACT,0,1,1e-05,0.01,1,N2A,4,0,1,0,2,0.09724254001677483,1.4465249453026201e-05,2.2853574313400035e-05,0.7955837370545678,0.000341810766514821,8.682383285366053e-05,0.00012081954355003603,0.00042082568553804056,0.5358182178246328,0.0010860848137420852,0.00023835892439687554,0.01879210344301421,0.038046366191520034,0.7027989522816285,96,27648,0.00035798711231361586,1,0.00038026317402899026,9.647503604168336e-05,3,0.0011342353184893629,0.0002584704346333679
C6|EXACT|0|1|1e-05|0.01|1,joint_1_minus_no_x_off_1,active,C6,EXACT,0,1,1e-05,0.01,1,N2A,4,1,1,1,2,0.09624046505002291,5.808801149088705e-06,1.3939937494471636e-05,0.6455246659520141,0.0003010169005226698,9.788436046881178e-05,5.234145287948562e-05,0.00031329022618616634,0.4087421863321165,0.000969729744228922,0.000276149368911614,0.006422254654039669,0.024465405702790467,0.512350955059207,48,13824,0.0003931933376957161,3,0.0003195214423161597,0.00010092958515479065,3,0.0010507169706843755,0.0002846511398765605
C6|EXACT|0|2|1e-05|0.01|1,joint_1_minus_joint_0,all,C6,EXACT,0,2,1e-05,0.01,1,N2A,4,0,2,0,2,0.11523235579485087,2.124556851858644e-05,3.540060256959765e-05,0.7746916078267655,0.00043973190202450745,0.00011606773936690338,0.000253470941174691,0.0007962112317996875,0.5642218997326724,0.0013301643097267972,0.0004258928076648187,0.033127099066319485,0.06660148660128908,0.7052607938988378,96,27648,0.0005452050795246762,2,0.0004741469257116001,0.00011943503499864292,1,0.001344112190045139,0.000438147029482057
C6|EXACT|0|2|1e-05|0.01|1,joint_1_minus_joint_0,active,C6,EXACT,0,2,1e-05,0.01,1,N2A,4,1,2,1,2,0.11523235579485087,1.582593824099841e-05,2.998097229200962e-05,0.726543926696282,0.0004390399027385135,0.00013807967596090334,0.00023767149035381174,0.0007804117809788082,0.551857102458163,0.0013661944409706498,0.0005754429745385648,0.02980111648447555,0.06327550401944514,0.6862754463165261,64,18432,0.000710787406528566,1,0.0005026562405519127,0.0001519361572345975,3,0.001375964667863569,0.0005914277203250395
C6|EXACT|0|2|1e-05|0.01|1,no_x_off_1_minus_joint_0,all,C6,EXACT,0,2,1e-05,0.01,1,N2A,4,0,2,0,2,0.03766085747259807,2.4329818121880654e-06,3.915578224227069e-06,0.788263611743376,0.00015558753193568593,3.4258377932839005e-05,6.608091736264271e-05,0.00014873692260784373,0.6665437122129714,0.0007401678243108221,0.00020648191675973212,0.004695236834611892,0.009199443783609849,0.7144107269074141,96,27648,0.0002021167153435829,3,0.00016522888664738795,3.808136959947733e-05,2,0.000747427283886804,0.00020748348351743234
C6|EXACT|0|2|1e-05|0.01|1,joint_1_minus_no_x_off_1,all,C6,EXACT,0,2,1e-05,0.01,1,N2A,4,0,2,0,2,0.09451212166519833,1.4308192680652662e-05,2.2853574313400035e-05,0.7912529152829747,0.0003330757409968358,8.602612989735437e-05,0.0001177461768434664,0.00042082568553804056,0.5289593370311351,0.0010860848137420852,0.00023066718209854297,0.018885574138844903,0.038046366191520034,0.7045446223179493,96,27648,0.00035849594480726814,1,0.00035513934084342426,9.46042957038106e-05,3,0.0011342353184893629,0.0002500285644045442
C6|EXACT|0|2|1e-05|0.01|1,joint_1_minus_no_x_off_1,active,C6,EXACT,0,2,1e-05,0.01,1,N2A,4,1,2,1,2,0.09348078233405986,5.6517443767151665e-06,1.3939937494471636e-05,0.6367381073943891,0.00029606293277269663,9.628895455619949e-05,4.926808617291599e-05,0.00031329022618616634,0.3965604722144265,0.000969729744228922,0.00026076588431494884,0.006515725349870364,0.024465405702790467,0.5160659126699768,48,13824,0.00039421100268302063,1,0.00031385609007120825,0.00010066144791501202,3,0.0010507169706843755,0.00026776739941891306
C6|EXACT|0|4|1e-05|0.01|1,joint_1_minus_joint_0,all,C6,EXACT,0,4,1e-05,0.01,1,N2A,4,0,2,0,2,0.11523235579485087,2.124556851858644e-05,3.540060256959765e-05,0.7746916078267655,0.00043973190202450745,0.00011606773936690338,0.000253470941174691,0.0007962112317996875,0.5642218997326724,0.0013301643097267972,0.0004258928076648187,0.033127099066319485,0.06660148660128908,0.7052607938988378,96,27648,0.0005452050795246762,2,0.0004741469257116001,0.00011943503499864292,1,0.001344112190045139,0.000438147029482057
C6|EXACT|0|4|1e-05|0.01|1,joint_1_minus_joint_0,active,C6,EXACT,0,4,1e-05,0.01,1,N2A,4,1,2,1,2,0.11523235579485087,1.582593824099841e-05,2.998097229200962e-05,0.726543926696282,0.0004390399027385135,0.00013807967596090334,0.00023767149035381174,0.0007804117809788082,0.551857102458163,0.0013661944409706498,0.0005754429745385648,0.02980111648447555,0.06327550401944514,0.6862754463165261,64,18432,0.000710787406528566,1,0.0005026562405519127,0.0001519361572345975,3,0.001375964667863569,0.0005914277203250395
C6|EXACT|0|4|1e-05|0.01|1,no_x_off_1_minus_joint_0,all,C6,EXACT,0,4,1e-05,0.01,1,N2A,4,0,2,0,2,0.03766085747259807,2.4329818121880654e-06,3.915578224227069e-06,0.788263611743376,0.00015558753193568593,3.4258377932839005e-05,6.608091736264271e-05,0.00014873692260784373,0.6665437122129714,0.0007401678243108221,0.00020648191675973212,0.004695236834611892,0.009199443783609849,0.7144107269074141,96,27648,0.0002021167153435829,3,0.00016522888664738795,3.808136959947733e-05,2,0.000747427283886804,0.00020748348351743234
C6|EXACT|0|4|1e-05|0.01|1,joint_1_minus_no_x_off_1,all,C6,EXACT,0,4,1e-05,0.01,1,N2A,4,0,2,0,2,0.09451212166519833,1.4308192680652662e-05,2.2853574313400035e-05,0.7912529152829747,0.0003330757409968358,8.602612989735437e-05,0.0001177461768434664,0.00042082568553804056,0.5289593370311351,0.0010860848137420852,0.00023066718209854297,0.018885574138844903,0.038046366191520034,0.7045446223179493,96,27648,0.00035849594480726814,1,0.00035513934084342426,9.46042957038106e-05,3,0.0011342353184893629,0.0002500285644045442
C6|EXACT|0|4|1e-05|0.01|1,joint_1_minus_no_x_off_1,active,C6,EXACT,0,4,1e-05,0.01,1,N2A,4,1,2,1,2,0.09348078233405986,5.6517443767151665e-06,1.3939937494471636e-05,0.6367381073943891,0.00029606293277269663,9.628895455619949e-05,4.926808617291599e-05,0.00031329022618616634,0.3965604722144265,0.000969729744228922,0.00026076588431494884,0.006515725349870364,0.024465405702790467,0.5160659126699768,48,13824,0.00039421100268302063,1,0.00031385609007120825,0.00010066144791501202,3,0.0010507169706843755,0.00026776739941891306
C6|EXACT|0|FULL|1e-05|0.01|1,joint_1_minus_joint_0,all,C6,EXACT,0,FULL,1e-05,0.01,1,N2A,4,0,2,0,2,0.11523235579485087,2.124556851858644e-05,3.540060256959765e-05,0.7746916078267655,0.00043973190202450745,0.00011606773936690338,0.000253470941174691,0.0007962112317996875,0.5642218997326724,0.0013301643097267972,0.0004258928076648187,0.033127099066319485,0.06660148660128908,0.7052607938988378,96,27648,0.0005452050795246762,2,0.0004741469257116001,0.00011943503499864292,1,0.001344112190045139,0.000438147029482057
C6|EXACT|0|FULL|1e-05|0.01|1,joint_1_minus_joint_0,active,C6,EXACT,0,FULL,1e-05,0.01,1,N2A,4,1,2,1,2,0.11523235579485087,1.582593824099841e-05,2.998097229200962e-05,0.726543926696282,0.0004390399027385135,0.00013807967596090334,0.00023767149035381174,0.0007804117809788082,0.551857102458163,0.0013661944409706498,0.0005754429745385648,0.02980111648447555,0.06327550401944514,0.6862754463165261,64,18432,0.000710787406528566,1,0.0005026562405519127,0.0001519361572345975,3,0.001375964667863569,0.0005914277203250395
C6|EXACT|0|FULL|1e-05|0.01|1,no_x_off_1_minus_joint_0,all,C6,EXACT,0,FULL,1e-05,0.01,1,N2A,4,0,2,0,2,0.03766085747259807,2.4329818121880654e-06,3.915578224227069e-06,0.788263611743376,0.00015558753193568593,3.4258377932839005e-05,6.608091736264271e-05,0.00014873692260784373,0.6665437122129714,0.0007401678243108221,0.00020648191675973212,0.004695236834611892,0.009199443783609849,0.7144107269074141,96,27648,0.0002021167153435829,3,0.00016522888664738795,3.808136959947733e-05,2,0.000747427283886804,0.00020748348351743234
C6|EXACT|0|FULL|1e-05|0.01|1,joint_1_minus_no_x_off_1,all,C6,EXACT,0,FULL,1e-05,0.01,1,N2A,4,0,2,0,2,0.09451212166519833,1.4308192680652662e-05,2.2853574313400035e-05,0.7912529152829747,0.0003330757409968358,8.602612989735437e-05,0.0001177461768434664,0.00042082568553804056,0.5289593370311351,0.0010860848137420852,0.00023066718209854297,0.018885574138844903,0.038046366191520034,0.7045446223179493,96,27648,0.00035849594480726814,1,0.00035513934084342426,9.46042957038106e-05,3,0.0011342353184893629,0.0002500285644045442
C6|EXACT|0|FULL|1e-05|0.01|1,joint_1_minus_no_x_off_1,active,C6,EXACT,0,FULL,1e-05,0.01,1,N2A,4,1,2,1,2,0.09348078233405986,5.6517443767151665e-06,1.3939937494471636e-05,0.6367381073943891,0.00029606293277269663,9.628895455619949e-05,4.926808617291599e-05,0.00031329022618616634,0.3965604722144265,0.000969729744228922,0.00026076588431494884,0.006515725349870364,0.024465405702790467,0.5160659126699768,48,13824,0.00039421100268302063,1,0.00031385609007120825,0.00010066144791501202,3,0.0010507169706843755,0.00026776739941891306
C2|EXACT|0|FULL|1e-05|0.01|2,joint_1_minus_joint_0,all,C2,EXACT,0,FULL,1e-05,0.01,2,N2A,4,0,4,0,4,0.14901775481423105,1.3839228632934997e-05,3.540060256959765e-05,0.6252455578445215,0.00035094819841096004,8.964005969895004e-05,0.0001365428280535998,0.0007962112317996875,0.4141143661412356,0.0010474105755750053,0.00032159815678666436,0.020847264964278394,0.06660148660128908,0.5594774432861181,96,27648,0.0004236462694837613,1,0.00037603564953097473,9.834863018189674e-05,3,0.0011235000675561373,0.0003472877816899994
C2|EXACT|0|FULL|1e-05|0.01|2,joint_1_minus_joint_0,active,C2,EXACT,0,FULL,1e-05,0.01,2,N2A,4,1,4,1,4,0.14901775481423105,9.205129066568396e-06,3.076650300323105e-05,0.5469855746350992,0.0003361025086905155,9.411351764257297e-05,0.00012873042977821104,0.0007883988335242987,0.4040802489503427,0.0011030212009778858,0.0003961368931463443,0.018938828750271742,0.06469305038728242,0.541062884961788,72,20736,0.000501563461314052,0,0.0003528625933415661,0.00010127918219113848,3,0.00113167107648728,0.0004128003846060603
C2|EXACT|0|FULL|1e-05|0.01|2,no_x_off_1_minus_joint_0,all,C2,EXACT,0,FULL,1e-05,0.01,2,N2A,4,0,4,0,4,0.054545890646026246,1.611056539640432e-06,3.915578224227069e-06,0.6414420675703241,0.00011776399006800538,2.560664526739038e-05,4.211131759567497e-05,0.00014873692260784373,0.5320960306822572,0.0006306171895447552,0.00016025365629401966,0.003027366192243579,0.009199443783609849,0.5736562022157293,96,27648,0.00015527198792969645,3,0.00012622524442561375,2.8739982602467366e-05,2,0.000641254443055458,0.00016168786103779235
C2|EXACT|0|FULL|1e-05|0.01|2,no_x_off_1_minus_joint_0,active,C2,EXACT,0,FULL,1e-05,0.01,2,N2A,4,2,4,2,4,0.054012947055708485,7.58759840346516e-07,2.9850277139981392e-06,0.5041711428622829,0.00011557439590955159,2.835948161394295e-05,3.9811495600373e-05,0.0001434626632252716,0.526786700635733,0.0006675109146881658,0.00024322264352493402,0.0026685595002009102,0.008682782634305483,0.5543818211660054,56,16128,0.00022139998431257435,3,0.00012622524442561375,3.270394562441568e-05,2,0.0007349006921664904,0.00024545548428527426
C2|EXACT|0|FULL|1e-05|0.01|2,joint_1_minus_no_x_off_1,all,C2,EXACT,0,FULL,1e-05,0.01,2,N2A,4,0,4,0,4,0.11811514434625518,9.869740239343898e-06,2.2853574313400035e-05,0.6571670719285856,0.00029254867262749147,6.935980698673076e-05,6.256563749807448e-05,0.00042082568553804056,0.3855820582164222,0.0006773490975315174,0.00017579500153564883,0.011971613568309511,0.038046366191520034,0.5609443177815381,96,27648,0.00028533336532849475,1,0.00032425837566402545,7.445142530819327e-05,1,0.0008850542577995758,0.00018197154044054581
C2|EXACT|0|FULL|1e-05|0.01|2,joint_1_minus_no_x_off_1,active,C2,EXACT,0,FULL,1e-05,0.01,2,N2A,4,1,4,1,4,0.11552182283424538,6.3270952997219e-06,1.8773961378000345e-05,0.5805294121899358,0.0002827502567738668,7.730040705402374e-05,4.937339976109077e-05,0.0003679915281980118,0.36629214560231516,0.0006725475297452197,0.00020395387053973314,0.006720515983426592,0.0312095302134284,0.46404243117068866,68,19584,0.00031016266036682394,0,0.00031327710474274376,8.412679435778333e-05,5,0.000682477145483178,0.00019978767901415875
C3|EXACT|0|FULL|1e-05|0.01|2,joint_1_minus_joint_0,all,C3,EXACT,0,FULL,1e-05,0.01,2,N2A,4,0,4,0,4,0.14901775481423105,1.3839228632934997e-05,3.540060256959765e-05,0.6252455578445215,0.00035094819841096004,8.964005969895004e-05,0.0001365428280535998,0.0007962112317996875,0.4141143661412356,0.0010474105755750053,0.00032159815678666436,0.020847264964278394,0.06660148660128908,0.5594774432861181,96,27648,0.0004236462694837613,1,0.00037603564953097473,9.834863018189674e-05,3,0.0011235000675561373,0.0003472877816899994
C3|EXACT|0|FULL|1e-05|0.01|2,joint_1_minus_joint_0,active,C3,EXACT,0,FULL,1e-05,0.01,2,N2A,4,1,4,1,4,0.14901775481423105,9.205129066568396e-06,3.076650300323105e-05,0.5469855746350992,0.0003361025086905155,9.411351764257297e-05,0.00012873042977821104,0.0007883988335242987,0.4040802489503427,0.0011030212009778858,0.0003961368931463443,0.018938828750271742,0.06469305038728242,0.541062884961788,72,20736,0.000501563461314052,0,0.0003528625933415661,0.00010127918219113848,3,0.00113167107648728,0.0004128003846060603
C3|EXACT|0|FULL|1e-05|0.01|2,no_x_off_1_minus_joint_0,all,C3,EXACT,0,FULL,1e-05,0.01,2,N2A,4,0,4,0,4,0.054545890646026246,1.611056539640432e-06,3.915578224227069e-06,0.6414420675703241,0.00011776399006800538,2.560664526739038e-05,4.211131759567497e-05,0.00014873692260784373,0.5320960306822572,0.0006306171895447552,0.00016025365629401966,0.003027366192243579,0.009199443783609849,0.5736562022157293,96,27648,0.00015527198792969645,3,0.00012622524442561375,2.8739982602467366e-05,2,0.000641254443055458,0.00016168786103779235
C3|EXACT|0|FULL|1e-05|0.01|2,no_x_off_1_minus_joint_0,active,C3,EXACT,0,FULL,1e-05,0.01,2,N2A,4,2,4,2,4,0.054012947055708485,7.58759840346516e-07,2.9850277139981392e-06,0.5041711428622829,0.00011557439590955159,2.835948161394295e-05,3.9811495600373e-05,0.0001434626632252716,0.526786700635733,0.0006675109146881658,0.00024322264352493402,0.0026685595002009102,0.008682782634305483,0.5543818211660054,56,16128,0.00022139998431257435,3,0.00012622524442561375,3.270394562441568e-05,2,0.0007349006921664904,0.00024545548428527426
C3|EXACT|0|FULL|1e-05|0.01|2,joint_1_minus_no_x_off_1,all,C3,EXACT,0,FULL,1e-05,0.01,2,N2A,4,0,4,0,4,0.11811514434625518,9.869740239343898e-06,2.2853574313400035e-05,0.6571670719285856,0.00029254867262749147,6.935980698673076e-05,6.256563749807448e-05,0.00042082568553804056,0.3855820582164222,0.0006773490975315174,0.00017579500153564883,0.011971613568309511,0.038046366191520034,0.5609443177815381,96,27648,0.00028533336532849475,1,0.00032425837566402545,7.445142530819327e-05,1,0.0008850542577995758,0.00018197154044054581
C3|EXACT|0|FULL|1e-05|0.01|2,joint_1_minus_no_x_off_1,active,C3,EXACT,0,FULL,1e-05,0.01,2,N2A,4,1,4,1,4,0.11552182283424538,6.3270952997219e-06,1.8773961378000345e-05,0.5805294121899358,0.0002827502567738668,7.730040705402374e-05,4.937339976109077e-05,0.0003679915281980118,0.36629214560231516,0.0006725475297452197,0.00020395387053973314,0.006720515983426592,0.0312095302134284,0.46404243117068866,68,19584,0.00031016266036682394,0,0.00031327710474274376,8.412679435778333e-05,5,0.000682477145483178,0.00019978767901415875
C4_PCA|EXACT|0|1|1e-05|0.01|2,joint_1_minus_joint_0,all,C4_PCA,EXACT,0,1,1e-05,0.01,2,N2A,4,0,1,0,4,0.12982461448033986,1.4965164777472784e-05,3.540060256959765e-05,0.6501827220067921,0.0003658684642415346,9.48613168179574e-05,0.00020789063574757323,0.0007962112317996875,0.5109793080063566,0.001314775707102841,0.00039693625363756133,0.02485715695828276,0.06660148660128908,0.6109191878948621,96,27648,0.00047436204895401547,1,0.00039288737106303183,0.00010329276544258036,1,0.0013565241695306478,0.0003998276186481722
C4_PCA|EXACT|0|1|1e-05|0.01|2,joint_1_minus_joint_0,active,C4_PCA,EXACT,0,1,1e-05,0.01,2,N2A,4,1,1,1,4,0.12982461448033986,1.0331065211106182e-05,3.076650300323105e-05,0.579473371169375,0.00033900633336378426,0.00010107519380124945,0.00020007823747218443,0.0007883988335242987,0.5037637810576716,0.0014006427015482695,0.0004965876889475401,0.02294872074427611,0.06469305038728242,0.5955941534523719,72,20736,0.0005691845006077244,0,0.00035895507845463346,0.0001106634664371371,1,0.0014136020629817467,0.0004957580051592224
C4_PCA|EXACT|0|1|1e-05|0.01|2,no_x_off_1_minus_joint_0,all,C4_PCA,EXACT,0,1,1e-05,0.01,2,N2A,4,0,1,0,4,0.047847742835795036,1.7829131174686842e-06,3.915578224227069e-06,0.6747876691300865,0.00012687283356522524,2.7627727311882786e-05,5.784194660242565e-05,0.00014873692260784373,0.6236085404206464,0.0007225892931453142,0.00018663319396444085,0.003740055048743609,0.009199443783609849,0.6376145404175663,96,27648,0.00017340246607963923,1,0.00013137865912495538,3.0178994242024476e-05,2,0.0007491303047000662,0.0001883995949767257
C4_PCA|EXACT|0|1|1e-05|0.01|2,no_x_off_1_minus_joint_0,active,C4_PCA,EXACT,0,1,1e-05,0.01,2,N2A,4,1,1,2,4,0.047302932882486166,9.262182997546809e-07,2.9850277139981392e-06,0.5570350140209971,0.00012405630006507133,3.176264143705562e-05,5.538928218017382e-05,0.0001434626632252716,0.6213601887582971,0.0007786092328967253,0.0002881174864190159,0.0033722406873060743,0.008682782634305483,0.6232034049751661,56,16128,0.0002521815933766534,1,0.00013137865912495538,3.351472498981709e-05,3,0.0007975283384710061,0.0002919808904686262
C4_PCA|EXACT|0|1|1e-05|0.01|2,joint_1_minus_no_x_off_1,all,C4_PCA,EXACT,0,1,1e-05,0.01,2,N2A,4,0,1,0,4,0.10260814633056722,1.0448684936188647e-05,2.2853574313400035e-05,0.6761666554663918,0.0002967311778489604,7.321091130632441e-05,9.709870410053677e-05,0.00042082568553804056,0.4803475689774143,0.0010635053998228857,0.00022170832684862595,0.01419731403765683,0.038046366191520034,0.6108667722882546,96,27648,0.0003185239725830024,1,0.00032080276298909055,7.798752852304107e-05,3,0.0011499980836918468,0.00024368056570963248
C4_PCA|EXACT|0|1|1e-05|0.01|2,joint_1_minus_no_x_off_1,active,C4_PCA,EXACT,0,1,1e-05,0.01,2,N2A,4,1,1,1,4,0.10093720816395922,6.813889573020092e-06,1.8773961378000345e-05,0.6024480256934243,0.00028305483449348265,8.182809346216794e-05,7.958987173089752e-05,0.0003679915281980118,0.46506107601325214,0.0011087832549242825,0.00026221902700429204,0.00822361242535373,0.0312095302134284,0.5133194276009732,68,19584,0.000350671732424096,0,0.00030342909719611967,8.965044752035129e-05,3,0.0011251022456765629,0.00027294070618061084
C4_PCA|EXACT|0|2|1e-05|0.01|2,joint_1_minus_joint_0,all,C4_PCA,EXACT,0,2,1e-05,0.01,2,N2A,4,0,2,0,4,0.1413451643511051,1.4180489927864076e-05,3.540060256959765e-05,0.6329075707314993,0.0003505286189073479,9.135818938388565e-05,0.0001561896106164182,0.0007962112317996875,0.4429063646819026,0.0010992884353726775,0.0003453444594785492,0.021884394097116365,0.06660148660128908,0.5732252362348609,96,27648,0.0004394034713903788,1,0.0003727589570692723,0.00010091583539363588,3,0.0011623079934837246,0.0003724150576197038
C4_PCA|EXACT|0|2|1e-05|0.01|2,joint_1_minus_joint_0,active,C4_PCA,EXACT,0,2,1e-05,0.01,2,N2A,4,1,2,1,4,0.1413451643511051,9.546390361497475e-06,3.076650300323105e-05,0.5570324894243338,0.00033569534108326103,9.640435722248711e-05,0.0001483772123410294,0.0007883988335242987,0.43382104604384925,0.0011559238345560199,0.00042779863006885734,0.019975957883109713,0.06469305038728242,0.5556802894277244,72,20736,0.0005225730638562088,0,0.0003511284184566068,0.00010465767133455442,3,0.0011688413074323668,0.0004463034191789995
C4_PCA|EXACT|0|2|1e-05|0.01|2,no_x_off_1_minus_joint_0,all,C4_PCA,EXACT,0,2,1e-05,0.01,2,N2A,4,0,2,0,4,0.05392536498653136,1.6947055645147753e-06,3.915578224227069e-06,0.6578837744681715,0.00012108513871885686,2.6767992546756894e-05,4.3816022199968645e-05,0.00014873692260784373,0.5427590556619237,0.0006455797809277694,0.00016438669744265287,0.0031470629380184146,0.009199443783609849,0.5848869470478345,96,27648,0.00015972715520929826,3,0.00012622524442561375,2.9983422601640033e-05,2,0.000680235234593025,0.00016567235152246926
C4_PCA|EXACT|0|2|1e-05|0.01|2,no_x_off_1_minus_joint_0,active,C4_PCA,EXACT,0,2,1e-05,0.01,2,N2A,4,2,2,2,4,0.05338622717710193,8.424088652208592e-07,2.9850277139981392e-06,0.53123573395432,0.00011964365089602137,3.035036266428554e-05,4.1516200204666674e-05,0.0001434626632252716,0.5379468321733899,0.0007020962675785638,0.0002503078569225909,0.0027882562459757452,0.008682782634305483,0.5666786849218299,56,16128,0.00022903741393474891,3,0.00012622524442561375,3.483555705156883e-05,2,0.0007295886912150821,0.0002522860394018633
C4_PCA|EXACT|0|2|1e-05|0.01|2,joint_1_minus_no_x_off_1,all,C4_PCA,EXACT,0,2,1e-05,0.01,2,N2A,4,0,2,0,4,0.10928763316762127,9.988476536786446e-06,2.2853574313400035e-05,0.6611082245632846,0.00029254867262749147,7.040626165830864e-05,7.71616297734227e-05,0.00042082568553804056,0.42820287240284216,0.0009246992741879562,0.00019466908691652166,0.012653543022003904,0.038046366191520034,0.5766993756081961,96,27648,0.00029807652795412663,1,0.0003183987083728255,7.600266324889146e-05,3,0.0010727004261636718,0.0002165965407601886
C4_PCA|EXACT|0|2|1e-05|0.01|2,joint_1_minus_no_x_off_1,active,C4_PCA,EXACT,0,2,1e-05,0.01,2,N2A,4,1,2,1,4,0.10647953319953385,6.445831597164449e-06,1.8773961378000345e-05,0.5859512937007145,0.0002855135086094751,7.87777548256631e-05,6.3969392036439e-05,0.0003679915281980118,0.41693389347562404,0.0009965664793963934,0.00023059963813625942,0.007402445437120982,0.0312095302134284,0.4870168549140342,68,19584,0.0003281530076030101,0,0.00031392840450888856,8.642118081991445e-05,3,0.0010161282762938938,0.00023998140385360153
C4_PCA|EXACT|0|4|1e-05|0.01|2,joint_1_minus_joint_0,all,C4_PCA,EXACT,0,4,1e-05,0.01,2,N2A,4,0,4,0,4,0.14901775481423105,1.3839228632934997e-05,3.540060256959765e-05,0.6252455578445215,0.00035094819841096004,8.964005969895004e-05,0.0001365428280535998,0.0007962112317996875,0.4141143661412356,0.0010474105755750053,0.00032159815678666436,0.020847264964278394,0.06660148660128908,0.5594774432861181,96,27648,0.0004236462694837613,1,0.00037603564953097473,9.834863018189674e-05,3,0.0011235000675561373,0.0003472877816899994
C4_PCA|EXACT|0|4|1e-05|0.01|2,joint_1_minus_joint_0,active,C4_PCA,EXACT,0,4,1e-05,0.01,2,N2A,4,1,4,1,4,0.14901775481423105,9.205129066568396e-06,3.076650300323105e-05,0.5469855746350992,0.0003361025086905155,9.411351764257297e-05,0.00012873042977821104,0.0007883988335242987,0.4040802489503427,0.0011030212009778858,0.0003961368931463443,0.018938828750271742,0.06469305038728242,0.541062884961788,72,20736,0.000501563461314052,0,0.0003528625933415661,0.00010127918219113848,3,0.00113167107648728,0.0004128003846060603
C4_PCA|EXACT|0|4|1e-05|0.01|2,no_x_off_1_minus_joint_0,all,C4_PCA,EXACT,0,4,1e-05,0.01,2,N2A,4,0,4,0,4,0.054545890646026246,1.611056539640432e-06,3.915578224227069e-06,0.6414420675703241,0.00011776399006800538,2.560664526739038e-05,4.211131759567497e-05,0.00014873692260784373,0.5320960306822572,0.0006306171895447552,0.00016025365629401966,0.003027366192243579,0.009199443783609849,0.5736562022157293,96,27648,0.00015527198792969645,3,0.00012622524442561375,2.8739982602467366e-05,2,0.000641254443055458,0.00016168786103779235
C4_PCA|EXACT|0|4|1e-05|0.01|2,no_x_off_1_minus_joint_0,active,C4_PCA,EXACT,0,4,1e-05,0.01,2,N2A,4,2,4,2,4,0.054012947055708485,7.58759840346516e-07,2.9850277139981392e-06,0.5041711428622829,0.00011557439590955159,2.835948161394295e-05,3.9811495600373e-05,0.0001434626632252716,0.526786700635733,0.0006675109146881658,0.00024322264352493402,0.0026685595002009102,0.008682782634305483,0.5543818211660054,56,16128,0.00022139998431257435,3,0.00012622524442561375,3.270394562441568e-05,2,0.0007349006921664904,0.00024545548428527426
C4_PCA|EXACT|0|4|1e-05|0.01|2,joint_1_minus_no_x_off_1,all,C4_PCA,EXACT,0,4,1e-05,0.01,2,N2A,4,0,4,0,4,0.11811514434625518,9.869740239343898e-06,2.2853574313400035e-05,0.6571670719285856,0.00029254867262749147,6.935980698673076e-05,6.256563749807448e-05,0.00042082568553804056,0.3855820582164222,0.0006773490975315174,0.00017579500153564883,0.011971613568309511,0.038046366191520034,0.5609443177815381,96,27648,0.00028533336532849475,1,0.00032425837566402545,7.445142530819327e-05,1,0.0008850542577995758,0.00018197154044054581
C4_PCA|EXACT|0|4|1e-05|0.01|2,joint_1_minus_no_x_off_1,active,C4_PCA,EXACT,0,4,1e-05,0.01,2,N2A,4,1,4,1,4,0.11552182283424538,6.3270952997219e-06,1.8773961378000345e-05,0.5805294121899358,0.0002827502567738668,7.730040705402374e-05,4.937339976109077e-05,0.0003679915281980118,0.36629214560231516,0.0006725475297452197,0.00020395387053973314,0.006720515983426592,0.0312095302134284,0.46404243117068866,68,19584,0.00031016266036682394,0,0.00031327710474274376,8.412679435778333e-05,5,0.000682477145483178,0.00019978767901415875
C4_PCA|EXACT|0|FULL|1e-05|0.01|2,joint_1_minus_joint_0,all,C4_PCA,EXACT,0,FULL,1e-05,0.01,2,N2A,4,0,4,0,4,0.14901775481423105,1.3839228632934997e-05,3.540060256959765e-05,0.6252455578445215,0.00035094819841096004,8.964005969895004e-05,0.0001365428280535998,0.0007962112317996875,0.4141143661412356,0.0010474105755750053,0.00032159815678666436,0.020847264964278394,0.06660148660128908,0.5594774432861181,96,27648,0.0004236462694837613,1,0.00037603564953097473,9.834863018189674e-05,3,0.0011235000675561373,0.0003472877816899994
C4_PCA|EXACT|0|FULL|1e-05|0.01|2,joint_1_minus_joint_0,active,C4_PCA,EXACT,0,FULL,1e-05,0.01,2,N2A,4,1,4,1,4,0.14901775481423105,9.205129066568396e-06,3.076650300323105e-05,0.5469855746350992,0.0003361025086905155,9.411351764257297e-05,0.00012873042977821104,0.0007883988335242987,0.4040802489503427,0.0011030212009778858,0.0003961368931463443,0.018938828750271742,0.06469305038728242,0.541062884961788,72,20736,0.000501563461314052,0,0.0003528625933415661,0.00010127918219113848,3,0.00113167107648728,0.0004128003846060603
C4_PCA|EXACT|0|FULL|1e-05|0.01|2,no_x_off_1_minus_joint_0,all,C4_PCA,EXACT,0,FULL,1e-05,0.01,2,N2A,4,0,4,0,4,0.054545890646026246,1.611056539640432e-06,3.915578224227069e-06,0.6414420675703241,0.00011776399006800538,2.560664526739038e-05,4.211131759567497e-05,0.00014873692260784373,0.5320960306822572,0.0006306171895447552,0.00016025365629401966,0.003027366192243579,0.009199443783609849,0.5736562022157293,96,27648,0.00015527198792969645,3,0.00012622524442561375,2.8739982602467366e-05,2,0.000641254443055458,0.00016168786103779235
C4_PCA|EXACT|0|FULL|1e-05|0.01|2,no_x_off_1_minus_joint_0,active,C4_PCA,EXACT,0,FULL,1e-05,0.01,2,N2A,4,2,4,2,4,0.054012947055708485,7.58759840346516e-07,2.9850277139981392e-06,0.5041711428622829,0.00011557439590955159,2.835948161394295e-05,3.9811495600373e-05,0.0001434626632252716,0.526786700635733,0.0006675109146881658,0.00024322264352493402,0.0026685595002009102,0.008682782634305483,0.5543818211660054,56,16128,0.00022139998431257435,3,0.00012622524442561375,3.270394562441568e-05,2,0.0007349006921664904,0.00024545548428527426
C4_PCA|EXACT|0|FULL|1e-05|0.01|2,joint_1_minus_no_x_off_1,all,C4_PCA,EXACT,0,FULL,1e-05,0.01,2,N2A,4,0,4,0,4,0.11811514434625518,9.869740239343898e-06,2.2853574313400035e-05,0.6571670719285856,0.00029254867262749147,6.935980698673076e-05,6.256563749807448e-05,0.00042082568553804056,0.3855820582164222,0.0006773490975315174,0.00017579500153564883,0.011971613568309511,0.038046366191520034,0.5609443177815381,96,27648,0.00028533336532849475,1,0.00032425837566402545,7.445142530819327e-05,1,0.0008850542577995758,0.00018197154044054581
C4_PCA|EXACT|0|FULL|1e-05|0.01|2,joint_1_minus_no_x_off_1,active,C4_PCA,EXACT,0,FULL,1e-05,0.01,2,N2A,4,1,4,1,4,0.11552182283424538,6.3270952997219e-06,1.8773961378000345e-05,0.5805294121899358,0.0002827502567738668,7.730040705402374e-05,4.937339976109077e-05,0.0003679915281980118,0.36629214560231516,0.0006725475297452197,0.00020395387053973314,0.006720515983426592,0.0312095302134284,0.46404243117068866,68,19584,0.00031016266036682394,0,0.00031327710474274376,8.412679435778333e-05,5,0.000682477145483178,0.00019978767901415875
C4_RANDOM|EXACT|0|1|1e-05|0.01|2,joint_1_minus_joint_0,all,C4_RANDOM,EXACT,0,1,1e-05,0.01,2,N2A,4,0,1,0,4,0.052940466425490544,3.097420467631128e-05,3.540060256959765e-05,0.9353943766361471,0.0005472079101090155,0.0001466618906623319,0.0006813758592313409,0.0007962112317996875,0.925079850429282,0.0023502971181384178,0.0007236618313215467,0.059939922719749864,0.06660148660128908,0.9486720987272594,96,27648,0.0007833902932713569,3,0.000589506591254601,0.00015574767639495865,3,0.002390193171760861,0.000742995404091971
C4_RANDOM|EXACT|0|1|1e-05|0.01|2,joint_1_minus_joint_0,active,C4_RANDOM,EXACT,0,1,1e-05,0.01,2,N2A,4,1,1,1,4,0.052940466425490544,2.634010510994468e-05,3.076650300323105e-05,0.9252725619985221,0.0005592709266313991,0.00017014262559374879,0.0006735634609559521,0.0007883988335242987,0.9243070666361207,0.0024827352058323475,0.0009322217925261873,0.05803148650574321,0.06469305038728242,0.9471156938928754,72,20736,0.000981222159697513,2,0.0005868297087817714,0.00017377815387142472,0,0.002475914109758225,0.0009348400500030342
C4_RANDOM|EXACT|0|1|1e-05|0.01|2,no_x_off_1_minus_joint_0,all,C4_RANDOM,EXACT,0,1,1e-05,0.01,2,N2A,4,0,1,0,4,0.02183701501109447,3.445816764420405e-06,3.915578224227069e-06,0.9380978432527038,0.00017904652870304587,4.432054810651417e-05,0.00013589797953483584,0.00014873692260784373,0.955866198185403,0.0010232151242857176,0.00030037949558001553,0.00826142988560484,0.009199443783609849,0.9476475099032378,96,27648,0.0002796813024967415,1,0.0001958906263972875,4.736794912557042e-05,4,0.0010337666731515054,0.00029723902909019524
C4_RANDOM|EXACT|0|1|1e-05|0.01|2,no_x_off_1_minus_joint_0,active,C4_RANDOM,EXACT,0,1,1e-05,0.01,2,N2A,4,1,1,2,4,0.02125574742829555,2.5610623675689888e-06,2.9850277139981392e-06,0.926266363860773,0.0001925895744815349,5.944852539769682e-05,0.00013205216698801813,0.0001434626632252716,0.9594079697856385,0.0010436343130968025,0.00047587083498192354,0.00782759104703728,0.008682782634305483,0.9494773290647199,56,16128,0.000428592972083279,1,0.00019706141580361092,6.204118667281425e-05,2,0.00105143083144345,0.000474808694894899
C4_RANDOM|EXACT|0|1|1e-05|0.01|2,joint_1_minus_no_x_off_1,all,C4_RANDOM,EXACT,0,1,1e-05,0.01,2,N2A,4,0,1,0,4,0.045653894503022985,2.033096390477913e-05,2.2853574313400035e-05,0.9431959295154121,0.00040971007160024524,0.00010716806756364317,0.0003573320149354454,0.00042082568553804056,0.921477731215602,0.0022450914906238352,0.000427725394765217,0.03428433635870756,0.038046366191520034,0.9492733351369025,96,27648,0.0005192540864129269,1,0.00044005588354641,0.00011706350080116284,5,0.001916605603243035,0.0004247880532971902
C4_RANDOM|EXACT|0|1|1e-05|0.01|2,joint_1_minus_no_x_off_1,active,C4_RANDOM,EXACT,0,1,1e-05,0.01,2,N2A,4,1,1,1,4,0.04524086322246503,1.6226542312579406e-05,1.8773961378000345e-05,0.929683307476197,0.0004317040116994232,0.0001272374228949928,0.00030122267694713764,0.0003679915281980118,0.9047423540508981,0.002264945529301336,0.000521846745129119,0.02782529969059824,0.0312095302134284,0.9442267711230753,68,19584,0.0006261963703733167,0,0.0004638420431543777,0.00013587031534445146,5,0.00211360196173174,0.0005146342640526347
C4_RANDOM|EXACT|0|2|1e-05|0.01|2,joint_1_minus_joint_0,all,C4_RANDOM,EXACT,0,2,1e-05,0.01,2,N2A,4,0,2,0,4,0.15899965003640618,1.4260022859823634e-05,3.540060256959765e-05,0.6346799570180883,0.00035419973865514066,9.189602813405523e-05,0.00016153654381451612,0.0007962112317996875,0.4504237100505016,0.001166059500724305,0.00035025119329186135,0.022754160881137277,0.06660148660128908,0.5845052961930599,96,27648,0.0004482331289236883,1,0.0003782370591953268,0.00010119243958288969,3,0.001170095871044445,0.00037486389519840615
C4_RANDOM|EXACT|0|2|1e-05|0.01|2,joint_1_minus_joint_0,active,C4_RANDOM,EXACT,0,2,1e-05,0.01,2,N2A,4,1,2,1,4,0.15899965003640618,9.625923293457033e-06,3.076650300323105e-05,0.5593480524090362,0.00034089424197361146,9.712147555604655e-05,0.00015372414553912732,0.0007883988335242987,0.44156847215738637,0.001186989630531381,0.0004343409418199402,0.020845724667130625,0.06469305038728242,0.5676487475266595,72,20736,0.0005343459405672881,2,0.0003548202590041455,9.767053887473541e-05,1,0.0012157484782808624,0.0004379135499091347
C4_RANDOM|EXACT|0|2|1e-05|0.01|2,no_x_off_1_minus_joint_0,all,C4_RANDOM,EXACT,0,2,1e-05,0.01,2,N2A,4,0,2,0,4,0.05074343753727194,1.7301770533647193e-06,3.915578224227069e-06,0.664733125825621,0.00012090071499216436,2.7368726788855027e-05,5.253007364014184e-05,0.00014873692260784373,0.5942847815781621,0.0006924682337557115,0.00017857223222790208,0.0034621980073667046,0.009199443783609849,0.6134725941435197,96,27648,0.0001684862652171359,3,0.00012622524442561372,3.0629790778283595e-05,2,0.0007112386827385825,0.00018011505259659833
C4_RANDOM|EXACT|0|2|1e-05|0.01|2,no_x_off_1_minus_joint_0,active,C4_RANDOM,EXACT,0,2,1e-05,0.01,2,N2A,4,2,2,2,4,0.05017011776320176,8.778803540708033e-07,2.9850277139981392e-06,0.5423048409776772,0.00011842127392460341,3.138019279359663e-05,5.023025164483987e-05,0.0001434626632252716,0.591715890742328,0.0007410029591406945,0.0002746259165544467,0.003103391315324035,0.008682782634305483,0.5978452812396057,56,16128,0.00024405303109104195,3,0.00012622524442561372,3.594361678295777e-05,3,0.0007615388833580621,0.000279440585565743
C4_RANDOM|EXACT|0|2|1e-05|0.01|2,joint_1_minus_no_x_off_1,all,C4_RANDOM,EXACT,0,2,1e-05,0.01,2,N2A,4,0,2,0,4,0.13453237136112972,1.0012989369156395e-05,2.2853574313400035e-05,0.6619189440259166,0.00029254867262749147,7.095442273419552e-05,6.944609210062784e-05,0.00042082568553804056,0.4062307421156544,0.000872776158043006,0.00018510073470006836,0.01285014939081319,0.038046366191520034,0.5811623838385236,96,27648,0.0002984182113135185,1,0.00032177155841285783,7.613697525493413e-05,1,0.0009150124984937501,0.00019199758818544063
C4_RANDOM|EXACT|0|2|1e-05|0.01|2,joint_1_minus_no_x_off_1,active,C4_RANDOM,EXACT,0,2,1e-05,0.01,2,N2A,4,1,2,1,4,0.13226134420555005,6.470344429534398e-06,1.8773961378000345e-05,0.5870643926054449,0.0002830015872840187,7.955162928573871e-05,5.625385436364412e-05,0.0003679915281980118,0.3909824214355444,0.000943612632052447,0.00021709137618361953,0.00759905180593027,0.0312095302134284,0.4934419711718186,68,19584,0.00032863538411038686,0,0.00031188357737603185,8.704405698768798e-05,5,0.0009385847767418448,0.0002135639866928151
C4_RANDOM|EXACT|0|4|1e-05|0.01|2,joint_1_minus_joint_0,all,C4_RANDOM,EXACT,0,4,1e-05,0.01,2,N2A,4,0,4,0,4,0.14901775481423096,1.3839228632934991e-05,3.540060256959765e-05,0.6252455578445214,0.00035094819841096,8.964005969895001e-05,0.0001365428280535996,0.0007962112317996875,0.41411436614123526,0.0010474105755750047,0.0003215981567866641,0.020847264964278384,0.06660148660128908,0.5594774432861179,96,27648,0.00042364626948376106,1,0.0003760356495309746,9.834863018189672e-05,3,0.0011235000675561355,0.0003472877816899992
C4_RANDOM|EXACT|0|4|1e-05|0.01|2,joint_1_minus_joint_0,active,C4_RANDOM,EXACT,0,4,1e-05,0.01,2,N2A,4,1,4,1,4,0.14901775481423096,9.20512906656839e-06,3.076650300323105e-05,0.5469855746350991,0.00033610250869051556,9.411351764257293e-05,0.0001287304297782108,0.0007883988335242987,0.4040802489503424,0.0011030212009778854,0.0003961368931463439,0.01893882875027173,0.06469305038728242,0.5410628849617878,72,20736,0.0005015634613140517,0,0.000352862593341566,0.00010127918219113844,3,0.0011316710764872771,0.00041280038460606006
C4_RANDOM|EXACT|0|4|1e-05|0.01|2,no_x_off_1_minus_joint_0,all,C4_RANDOM,EXACT,0,4,1e-05,0.01,2,N2A,4,0,4,0,4,0.054545890646026274,1.6110565396404316e-06,3.915578224227069e-06,0.6414420675703241,0.00011776399006800531,2.560664526739038e-05,4.211131759567495e-05,0.00014873692260784373,0.5320960306822571,0.0006306171895447551,0.00016025365629401963,0.003027366192243578,0.009199443783609849,0.5736562022157292,96,27648,0.00015527198792969642,3,0.00012622524442561372,2.8739982602467363e-05,2,0.000641254443055458,0.00016168786103779232
C4_RANDOM|EXACT|0|4|1e-05|0.01|2,no_x_off_1_minus_joint_0,active,C4_RANDOM,EXACT,0,4,1e-05,0.01,2,N2A,4,2,4,2,4,0.05401294705570851,7.587598403465156e-07,2.9850277139981392e-06,0.5041711428622828,0.00011557439590955158,2.835948161394295e-05,3.981149560037298e-05,0.0001434626632252716,0.5267867006357329,0.0006675109146881658,0.00024322264352493394,0.0026685595002009085,0.008682782634305483,0.5543818211660052,56,16128,0.0002213999843125743,3,0.00012622524442561372,3.270394562441567e-05,2,0.0007349006921664903,0.0002454554842852742
C4_RANDOM|EXACT|0|4|1e-05|0.01|2,joint_1_minus_no_x_off_1,all,C4_RANDOM,EXACT,0,4,1e-05,0.01,2,N2A,4,0,4,0,4,0.11811514434625504,9.869740239343897e-06,2.2853574313400035e-05,0.6571670719285856,0.00029254867262749147,6.935980698673075e-05,6.256563749807436e-05,0.00042082568553804056,0.3855820582164219,0.0006773490975315168,0.00017579500153564874,0.01197161356830951,0.038046366191520034,0.560944317781538,96,27648,0.00028533336532849464,1,0.00032425837566402524,7.445142530819324e-05,1,0.0008850542577995757,0.0001819715404405457
C4_RANDOM|EXACT|0|4|1e-05|0.01|2,joint_1_minus_no_x_off_1,active,C4_RANDOM,EXACT,0,4,1e-05,0.01,2,N2A,4,1,4,1,4,0.11552182283424524,6.327095299721899e-06,1.8773961378000345e-05,0.5805294121899358,0.0002827502567738668,7.730040705402374e-05,4.937339976109065e-05,0.0003679915281980118,0.3662921456023147,0.0006725475297452194,0.000203953870539733,0.006720515983426588,0.0312095302134284,0.46404243117068855,68,19584,0.0003101626603668237,0,0.0003132771047427439,8.41267943577833e-05,5,0.0006824771454831778,0.00019978767901415866
C4_RANDOM|EXACT|0|FULL|1e-05|0.01|2,joint_1_minus_joint_0,all,C4_RANDOM,EXACT,0,FULL,1e-05,0.01,2,N2A,4,0,4,0,4,0.14901775481423096,1.3839228632934991e-05,3.540060256959765e-05,0.6252455578445214,0.00035094819841096,8.964005969895001e-05,0.0001365428280535996,0.0007962112317996875,0.41411436614123526,0.0010474105755750047,0.0003215981567866641,0.020847264964278384,0.06660148660128908,0.5594774432861179,96,27648,0.00042364626948376106,1,0.0003760356495309746,9.834863018189672e-05,3,0.0011235000675561355,0.0003472877816899992
C4_RANDOM|EXACT|0|FULL|1e-05|0.01|2,joint_1_minus_joint_0,active,C4_RANDOM,EXACT,0,FULL,1e-05,0.01,2,N2A,4,1,4,1,4,0.14901775481423096,9.20512906656839e-06,3.076650300323105e-05,0.5469855746350991,0.00033610250869051556,9.411351764257293e-05,0.0001287304297782108,0.0007883988335242987,0.4040802489503424,0.0011030212009778854,0.0003961368931463439,0.01893882875027173,0.06469305038728242,0.5410628849617878,72,20736,0.0005015634613140517,0,0.000352862593341566,0.00010127918219113844,3,0.0011316710764872771,0.00041280038460606006
C4_RANDOM|EXACT|0|FULL|1e-05|0.01|2,no_x_off_1_minus_joint_0,all,C4_RANDOM,EXACT,0,FULL,1e-05,0.01,2,N2A,4,0,4,0,4,0.054545890646026274,1.6110565396404316e-06,3.915578224227069e-06,0.6414420675703241,0.00011776399006800531,2.560664526739038e-05,4.211131759567495e-05,0.00014873692260784373,0.5320960306822571,0.0006306171895447551,0.00016025365629401963,0.003027366192243578,0.009199443783609849,0.5736562022157292,96,27648,0.00015527198792969642,3,0.00012622524442561372,2.8739982602467363e-05,2,0.000641254443055458,0.00016168786103779232
C4_RANDOM|EXACT|0|FULL|1e-05|0.01|2,no_x_off_1_minus_joint_0,active,C4_RANDOM,EXACT,0,FULL,1e-05,0.01,2,N2A,4,2,4,2,4,0.05401294705570851,7.587598403465156e-07,2.9850277139981392e-06,0.5041711428622828,0.00011557439590955158,2.835948161394295e-05,3.981149560037298e-05,0.0001434626632252716,0.5267867006357329,0.0006675109146881658,0.00024322264352493394,0.0026685595002009085,0.008682782634305483,0.5543818211660052,56,16128,0.0002213999843125743,3,0.00012622524442561372,3.270394562441567e-05,2,0.0007349006921664903,0.0002454554842852742
C4_RANDOM|EXACT|0|FULL|1e-05|0.01|2,joint_1_minus_no_x_off_1,all,C4_RANDOM,EXACT,0,FULL,1e-05,0.01,2,N2A,4,0,4,0,4,0.11811514434625504,9.869740239343897e-06,2.2853574313400035e-05,0.6571670719285856,0.00029254867262749147,6.935980698673075e-05,6.256563749807436e-05,0.00042082568553804056,0.3855820582164219,0.0006773490975315168,0.00017579500153564874,0.01197161356830951,0.038046366191520034,0.560944317781538,96,27648,0.00028533336532849464,1,0.00032425837566402524,7.445142530819324e-05,1,0.0008850542577995757,0.0001819715404405457
C4_RANDOM|EXACT|0|FULL|1e-05|0.01|2,joint_1_minus_no_x_off_1,active,C4_RANDOM,EXACT,0,FULL,1e-05,0.01,2,N2A,4,1,4,1,4,0.11552182283424524,6.327095299721899e-06,1.8773961378000345e-05,0.5805294121899358,0.0002827502567738668,7.730040705402374e-05,4.937339976109065e-05,0.0003679915281980118,0.3662921456023147,0.0006725475297452194,0.000203953870539733,0.006720515983426588,0.0312095302134284,0.46404243117068855,68,19584,0.0003101626603668237,0,0.0003132771047427439,8.41267943577833e-05,5,0.0006824771454831778,0.00019978767901415866
C5|EXACT|0|1|1e-05|0.01|2,joint_1_minus_joint_0,all,C5,EXACT,0,1,1e-05,0.01,2,N2A,4,0,1,0,4,0.14864101660252999,1.3625058388556642e-05,3.540060256959765e-05,0.6203886714639908,0.0003517005998520915,8.845250090712989e-05,0.00015152551140979096,0.0007962112317996875,0.43624325925329105,0.0010653013029148148,0.0003424333363616373,0.021110061485162354,0.06660148660128908,0.5629927310163659,96,27648,0.0004277561150624805,1,0.0003805537130790563,9.815243428021775e-05,3,0.0011514633757684634,0.0003684451326168545
C5|EXACT|0|1|1e-05|0.01|2,joint_1_minus_joint_0,active,C5,EXACT,0,1,1e-05,0.01,2,N2A,4,1,1,1,4,0.14864101660252999,8.990958822190041e-06,3.076650300323105e-05,0.5405849320818774,0.0003246110071858455,9.253010592014612e-05,0.0001437131131344022,0.0007883988335242987,0.4269482247443473,0.0011192279772369198,0.00042391713257964144,0.019201625271155702,0.06469305038728242,0.5448038654832922,72,20736,0.0005070432554190109,2,0.0003457358108628789,9.186658331481142e-05,3,0.0011612256627157884,0.00044101018584186694
C5|EXACT|0|1|1e-05|0.01|2,no_x_off_1_minus_joint_0,all,C5,EXACT,0,1,1e-05,0.01,2,N2A,4,0,1,0,4,0.054572538004225256,1.6304920481102717e-06,3.915578224227069e-06,0.645299591605497,0.00011884401684936934,2.585071222096614e-05,4.606863601961308e-05,0.00014873692260784373,0.5565360242538022,0.0006610669711689823,0.00016759620730230713,0.003058326577258026,0.009199443783609849,0.5765820852675183,96,27648,0.00015737682989811857,3,0.0001255421476022099,2.8900166395917113e-05,2,0.0006954175394374951,0.00016868997531722368
C5|EXACT|0|1|1e-05|0.01|2,no_x_off_1_minus_joint_0,active,C5,EXACT,0,1,1e-05,0.01,2,N2A,4,1,1,2,4,0.05404033074713086,7.778790788515937e-07,2.9850277139981392e-06,0.5104836793226053,0.00011537519212793018,2.877883213119779e-05,4.3769184889121666e-05,0.0001434626632252716,0.5523505426848875,0.0007039055970165101,0.000255809275967815,0.002699574499315542,0.008682782634305483,0.557594131159903,56,16128,0.0002250458232430504,3,0.0001255421476022099,3.2978795333690794e-05,3,0.0007386213576998,0.0002617480993450956
C5|EXACT|0|1|1e-05|0.01|2,joint_1_minus_no_x_off_1,all,C5,EXACT,0,1,1e-05,0.01,2,N2A,4,0,1,0,4,0.11746342654474572,9.711274026591837e-06,2.2853574313400035e-05,0.6518700645528664,0.0002902589676127344,6.8615561152286e-05,6.824948999424108e-05,0.00042082568553804056,0.402715722588254,0.0007488833321840334,0.0001881123079086571,0.012267200758754267,0.038046366191520034,0.5678271377109225,96,27648,0.00028846285346842334,1,0.0003170437397232344,7.410130779060076e-05,3,0.0008212060803663151,0.00020873222657602012
C5|EXACT|0|1|1e-05|0.01|2,joint_1_minus_no_x_off_1,active,C5,EXACT,0,1,1e-05,0.01,2,N2A,4,1,1,1,4,0.11469034570258992,6.213506632785909e-06,1.8773961378000345e-05,0.5752947663077146,0.0002825525203267188,7.647172547374516e-05,5.706372362009701e-05,0.0003679915281980118,0.39378679029571073,0.0008034977425709324,0.00022511242138322258,0.006766447435502327,0.0312095302134284,0.46562548288251976,68,19584,0.00031303474569022844,0,0.00030548448820231675,8.452293190403739e-05,5,0.0008315663566141759,0.00021890242986799134
C5|EXACT|0|2|1e-05|0.01|2,joint_1_minus_joint_0,all,C5,EXACT,0,2,1e-05,0.01,2,N2A,4,0,2,0,4,0.14900931138081364,1.389304926728029e-05,3.540060256959765e-05,0.6264601652364155,0.00035051663207082254,8.985515787297838e-05,0.00013647020711308655,0.0007962112317996875,0.4140042271653997,0.0010465597501822293,0.0003217507275814961,0.020848201227634432,0.06660148660128908,0.5594900063812882,96,27648,0.0004237896946422425,1,0.0003697073467089819,9.907602892936415e-05,3,0.0011235000675561368,0.00034774534775770284
C5|EXACT|0|2|1e-05|0.01|2,joint_1_minus_joint_0,active,C5,EXACT,0,2,1e-05,0.01,2,N2A,4,1,2,1,4,0.14900931138081364,9.25894970091369e-06,3.076650300323105e-05,0.5485823042689443,0.0003357687786022324,9.440031520794409e-05,0.00012865780883769776,0.0007883988335242987,0.4039662555941935,0.001103021200977885,0.0003963403208727865,0.01893976501362778,0.06469305038728242,0.5410762588377157,72,20736,0.0005017546948586936,2,0.000352106827125405,9.419504184662861e-05,3,0.0011316710764872797,0.00041341047269633153
C5|EXACT|0|2|1e-05|0.01|2,no_x_off_1_minus_joint_0,all,C5,EXACT,0,2,1e-05,0.01,2,N2A,4,0,2,0,4,0.05454079817097385,1.6193155088031882e-06,3.915578224227069e-06,0.6430841198398145,0.00011818082664814755,2.565844146311056e-05,4.2087879347783864e-05,0.00014873692260784373,0.5319479335056325,0.0006309366835908211,0.00016011446563616205,0.003027414714950995,0.009199443783609849,0.57366079948589,96,27648,0.00015518936817184202,3,0.00012622524442561372,2.8691701489817504e-05,2,0.000640712802480877,0.000161376508850125
C5|EXACT|0|2|1e-05|0.01|2,no_x_off_1_minus_joint_0,active,C5,EXACT,0,2,1e-05,0.01,2,N2A,4,2,2,2,4,0.05400780432864698,7.670188095092722e-07,2.9850277139981392e-06,0.5069076241753122,0.00011538865615050272,2.8448275092320396e-05,3.9788057352481894e-05,0.0001434626632252716,0.5266316100660091,0.0006690072086813927,0.00024298403096860668,0.002668608022908326,0.008682782634305483,0.5543868613355467,56,16128,0.00022125835044196676,3,0.00012622524442561372,3.26211780027302e-05,2,0.0007350235863379665,0.0002449217376778446
C5|EXACT|0|2|1e-05|0.01|2,joint_1_minus_no_x_off_1,all,C5,EXACT,0,2,1e-05,0.01,2,N2A,4,0,2,0,4,0.11810681885459899,9.879214188161532e-06,2.2853574313400035e-05,0.6574824031174341,0.00029254867262749147,6.936385288749783e-05,6.254655286921035e-05,0.00042082568553804056,0.3855232459672405,0.000677349097531517,0.0001759338822287765,0.011971012616227582,0.038046366191520034,0.5609302384394238,96,27648,0.0002854763600949844,1,0.0003223049445927235,7.46631744691434e-05,1,0.0008850542577995752,0.00018185794565406154
C5|EXACT|0|2|1e-05|0.01|2,joint_1_minus_no_x_off_1,active,C5,EXACT,0,2,1e-05,0.01,2,N2A,4,1,2,1,4,0.11551331043201532,6.3365692485395344e-06,1.8773961378000345e-05,0.5809638808031713,0.0002849761546899318,7.730611891393021e-05,4.9354315132226665e-05,0.0003679915281980118,0.36622134608936896,0.0006725475297452193,0.00020414993740061924,0.006719915031344663,0.0312095302134284,0.46402168324744913,68,19584,0.0003103645353312799,0,0.0003147687857356615,8.44853822777647e-05,3,0.0006829515812408498,0.000210604077476125
C5|EXACT|0|4|1e-05|0.01|2,joint_1_minus_joint_0,all,C5,EXACT,0,4,1e-05,0.01,2,N2A,4,0,4,0,4,0.14901775481423107,1.3839228632934995e-05,3.540060256959765e-05,0.6252455578445215,0.0003509481984109599,8.964005969895004e-05,0.00013654282805359978,0.0007962112317996875,0.41411436614123553,0.001047410575575005,0.00032159815678666436,0.020847264964278394,0.06660148660128908,0.5594774432861181,96,27648,0.0004236462694837614,1,0.00037603564953097446,9.834863018189674e-05,3,0.0011235000675561368,0.0003472877816899994
C5|EXACT|0|4|1e-05|0.01|2,joint_1_minus_joint_0,active,C5,EXACT,0,4,1e-05,0.01,2,N2A,4,1,4,1,4,0.14901775481423107,9.205129066568394e-06,3.076650300323105e-05,0.5469855746350992,0.0003361025086905156,9.411351764257297e-05,0.000128730429778211,0.0007883988335242987,0.4040802489503427,0.001103021200977885,0.0003961368931463442,0.018938828750271742,0.06469305038728242,0.541062884961788,72,20736,0.0005015634613140521,0,0.00035286259334156583,0.00010127918219113845,3,0.0011316710764872797,0.0004128003846060604
C5|EXACT|0|4|1e-05|0.01|2,no_x_off_1_minus_joint_0,all,C5,EXACT,0,4,1e-05,0.01,2,N2A,4,0,4,0,4,0.05454589064602624,1.6110565396404326e-06,3.915578224227069e-06,0.6414420675703243,0.00011776399006800542,2.560664526739039e-05,4.211131759567499e-05,0.00014873692260784373,0.5320960306822573,0.000630617189544755,0.00016025365629401977,0.003027366192243581,0.009199443783609849,0.5736562022157295,96,27648,0.0001552719879296965,3,0.00012622524442561372,2.8739982602467376e-05,2,0.0006412544430554581,0.00016168786103779237
C5|EXACT|0|4|1e-05|0.01|2,no_x_off_1_minus_joint_0,active,C5,EXACT,0,4,1e-05,0.01,2,N2A,4,2,4,2,4,0.05401294705570848,7.587598403465166e-07,2.9850277139981392e-06,0.5041711428622832,0.00011557439590955162,2.8359481613942968e-05,3.981149560037302e-05,0.0001434626632252716,0.5267867006357331,0.0006675109146881658,0.0002432226435249341,0.0026685595002009115,0.008682782634305483,0.5543818211660055,56,16128,0.00022139998431257445,3,0.00012622524442561372,3.270394562441569e-05,2,0.0007349006921664907,0.00024545548428527437
C5|EXACT|0|4|1e-05|0.01|2,joint_1_minus_no_x_off_1,all,C5,EXACT,0,4,1e-05,0.01,2,N2A,4,0,4,0,4,0.11811514434625524,9.869740239343897e-06,2.2853574313400035e-05,0.6571670719285856,0.00029254867262749147,6.935980698673076e-05,6.256563749807447e-05,0.00042082568553804056,0.3855820582164222,0.000677349097531517,0.00017579500153564877,0.01197161356830951,0.038046366191520034,0.560944317781538,96,27648,0.00028533336532849475,1,0.0003242583756640252,7.445142530819325e-05,1,0.0008850542577995752,0.00018197154044054576
C5|EXACT|0|4|1e-05|0.01|2,joint_1_minus_no_x_off_1,active,C5,EXACT,0,4,1e-05,0.01,2,N2A,4,1,4,1,4,0.11552182283424542,6.327095299721899e-06,1.8773961378000345e-05,0.5805294121899358,0.0002827502567738667,7.730040705402374e-05,4.9373399761090777e-05,0.0003679915281980118,0.36629214560231516,0.0006725475297452193,0.00020395387053973306,0.006720515983426589,0.0312095302134284,0.4640424311706886,68,19584,0.00031016266036682394,0,0.00031327710474274366,8.412679435778333e-05,5,0.0006824771454831777,0.0001997876790141587
C5|EXACT|0|FULL|1e-05|0.01|2,joint_1_minus_joint_0,all,C5,EXACT,0,FULL,1e-05,0.01,2,N2A,4,0,4,0,4,0.14901775481423107,1.3839228632934995e-05,3.540060256959765e-05,0.6252455578445215,0.0003509481984109599,8.964005969895004e-05,0.00013654282805359978,0.0007962112317996875,0.41411436614123553,0.001047410575575005,0.00032159815678666436,0.020847264964278394,0.06660148660128908,0.5594774432861181,96,27648,0.0004236462694837614,1,0.00037603564953097446,9.834863018189674e-05,3,0.0011235000675561368,0.0003472877816899994
C5|EXACT|0|FULL|1e-05|0.01|2,joint_1_minus_joint_0,active,C5,EXACT,0,FULL,1e-05,0.01,2,N2A,4,1,4,1,4,0.14901775481423107,9.205129066568394e-06,3.076650300323105e-05,0.5469855746350992,0.0003361025086905156,9.411351764257297e-05,0.000128730429778211,0.0007883988335242987,0.4040802489503427,0.001103021200977885,0.0003961368931463442,0.018938828750271742,0.06469305038728242,0.541062884961788,72,20736,0.0005015634613140521,0,0.00035286259334156583,0.00010127918219113845,3,0.0011316710764872797,0.0004128003846060604
C5|EXACT|0|FULL|1e-05|0.01|2,no_x_off_1_minus_joint_0,all,C5,EXACT,0,FULL,1e-05,0.01,2,N2A,4,0,4,0,4,0.05454589064602624,1.6110565396404326e-06,3.915578224227069e-06,0.6414420675703243,0.00011776399006800542,2.560664526739039e-05,4.211131759567499e-05,0.00014873692260784373,0.5320960306822573,0.000630617189544755,0.00016025365629401977,0.003027366192243581,0.009199443783609849,0.5736562022157295,96,27648,0.0001552719879296965,3,0.00012622524442561372,2.8739982602467376e-05,2,0.0006412544430554581,0.00016168786103779237
C5|EXACT|0|FULL|1e-05|0.01|2,no_x_off_1_minus_joint_0,active,C5,EXACT,0,FULL,1e-05,0.01,2,N2A,4,2,4,2,4,0.05401294705570848,7.587598403465166e-07,2.9850277139981392e-06,0.5041711428622832,0.00011557439590955162,2.8359481613942968e-05,3.981149560037302e-05,0.0001434626632252716,0.5267867006357331,0.0006675109146881658,0.0002432226435249341,0.0026685595002009115,0.008682782634305483,0.5543818211660055,56,16128,0.00022139998431257445,3,0.00012622524442561372,3.270394562441569e-05,2,0.0007349006921664907,0.00024545548428527437
C5|EXACT|0|FULL|1e-05|0.01|2,joint_1_minus_no_x_off_1,all,C5,EXACT,0,FULL,1e-05,0.01,2,N2A,4,0,4,0,4,0.11811514434625524,9.869740239343897e-06,2.2853574313400035e-05,0.6571670719285856,0.00029254867262749147,6.935980698673076e-05,6.256563749807447e-05,0.00042082568553804056,0.3855820582164222,0.000677349097531517,0.00017579500153564877,0.01197161356830951,0.038046366191520034,0.560944317781538,96,27648,0.00028533336532849475,1,0.0003242583756640252,7.445142530819325e-05,1,0.0008850542577995752,0.00018197154044054576
C5|EXACT|0|FULL|1e-05|0.01|2,joint_1_minus_no_x_off_1,active,C5,EXACT,0,FULL,1e-05,0.01,2,N2A,4,1,4,1,4,0.11552182283424542,6.327095299721899e-06,1.8773961378000345e-05,0.5805294121899358,0.0002827502567738667,7.730040705402374e-05,4.9373399761090777e-05,0.0003679915281980118,0.36629214560231516,0.0006725475297452193,0.00020395387053973306,0.006720515983426589,0.0312095302134284,0.4640424311706886,68,19584,0.00031016266036682394,0,0.00031327710474274366,8.412679435778333e-05,5,0.0006824771454831777,0.0001997876790141587
C6|EXACT|0|1|1e-05|0.01|2,joint_1_minus_joint_0,all,C6,EXACT,0,1,1e-05,0.01,2,N2A,4,0,1,0,4,0.15113263908293584,1.3681095918880333e-05,3.540060256959765e-05,0.6216631385395243,0.00035344777277962627,8.88063437536987e-05,0.00014728005721153847,0.0007962112317996875,0.43008849208448047,0.0010671201470979002,0.0003361247475878448,0.021014170750708244,0.06660148660128908,0.5617126013338174,96,27648,0.00042546849144947115,1,0.00038187399380799924,9.844829120405122e-05,3,0.0011479517591833077,0.000362084667286949
C6|EXACT|0|1|1e-05|0.01|2,joint_1_minus_joint_0,active,C6,EXACT,0,1,1e-05,0.01,2,N2A,4,1,1,1,4,0.15113263908293584,9.046996352513733e-06,3.076650300323105e-05,0.5422669545521782,0.0003236489364124193,9.300189638223782e-05,0.0001394676589361497,0.0007883988335242987,0.42059467408063295,0.0011020448859026522,0.0004155056808812515,0.019105734536701592,0.06469305038728242,0.5434418185828606,72,20736,0.0005039930906016652,2,0.00034543140293752985,9.240519640406339e-05,3,0.0011518402161378356,0.00043252956540199315
C6|EXACT|0|1|1e-05|0.01|2,no_x_off_1_minus_joint_0,all,C6,EXACT,0,1,1e-05,0.01,2,N2A,4,0,1,0,4,0.05496821163172531,1.6410559253565735e-06,3.915578224227069e-06,0.6473866486296317,0.00011986087170382321,2.592970192216451e-05,4.538965049277653e-05,0.00014873692260784373,0.5524195293203389,0.0006568301229740133,0.00016651014116532886,0.003036519590241783,0.009199443783609849,0.574522787242846,96,27648,0.00015660606204015705,3,0.0001251578293889168,2.918374219643308e-05,2,0.0006929786459282125,0.00016766661456224237
C6|EXACT|0|1|1e-05|0.01|2,no_x_off_1_minus_joint_0,active,C6,EXACT,0,1,1e-05,0.01,2,N2A,4,1,1,2,4,0.05444015923294548,7.884287531685276e-07,2.9850277139981392e-06,0.5139336370521775,0.0001183788244003284,2.891414645892644e-05,4.308978165354668e-05,0.0001434626632252716,0.548046870718853,0.0006980849704923765,0.0002539476381975855,0.002677737266305837,0.008682782634305483,0.5553343237270194,56,16128,0.00022372422054196402,3,0.0001251578293889168,3.346491354098547e-05,2,0.0007272905778559526,0.0002557066357536456
C6|EXACT|0|1|1e-05|0.01|2,joint_1_minus_no_x_off_1,all,C6,EXACT,0,1,1e-05,0.01,2,N2A,4,0,1,0,4,0.12001305538919413,9.758652673566992e-06,2.2853574313400035e-05,0.6534582775753247,0.00028900673234995576,6.89576780109747e-05,6.619332927694621e-05,0.00042082568553804056,0.39660299793293186,0.0007331879737567107,0.0001833041112230872,0.012267852794954502,0.038046366191520034,0.56784222831459,96,27648,0.0002871603026250781,1,0.0003162378947145643,7.449892932790597e-05,1,0.0008386690383975999,0.0001882844349408607
C6|EXACT|0|1|1e-05|0.01|2,joint_1_minus_no_x_off_1,active,C6,EXACT,0,1,1e-05,0.01,2,N2A,4,1,1,1,4,0.11753103765173323,6.240407446625991e-06,1.8773961378000345e-05,0.5765387645934832,0.0002825741310250642,7.680399585422157e-05,5.4414915468315024e-05,0.0003679915281980118,0.38453871361143055,0.0007468491698761403,0.00021699471637100413,0.006660165088534116,0.0312095302134284,0.4619541590266461,68,19584,0.00031035994006112255,0,0.0003042146623743031,8.494461444633235e-05,5,0.000840482221336967,0.00021105458903249974
C6|EXACT|0|2|1e-05|0.01|2,joint_1_minus_joint_0,all,C6,EXACT,0,2,1e-05,0.01,2,N2A,4,0,2,0,4,0.14903033634060237,1.3880354576181177e-05,3.540060256959765e-05,0.6261738877012155,0.0003506337089918806,8.978536971217108e-05,0.00013652364248839926,0.0007962112317996875,0.41408527161685593,0.001046144059333567,0.0003217319456655666,0.020849534741505124,0.06660148660128908,0.5595078994298479,96,27648,0.000423725715270568,1,0.000369785434768822,9.904812478166827e-05,3,0.0011235000675561364,0.0003477388203195966
C6|EXACT|0|2|1e-05|0.01|2,joint_1_minus_joint_0,active,C6,EXACT,0,2,1e-05,0.01,2,N2A,4,1,2,1,4,0.14903033634060237,9.246255009814576e-06,3.076650300323105e-05,0.5482061022253223,0.0003357729271554003,9.430726432686769e-05,0.00012871124421301046,0.0007883988335242987,0.4040501364243086,0.0011030212009778858,0.00039631527831821386,0.018941098527498472,0.06469305038728242,0.5410953065924197,72,20736,0.0005016693890297943,2,0.00035217447239945605,9.412050038520586e-05,3,0.0011316710764872786,0.0004134017694455233
C6|EXACT|0|2|1e-05|0.01|2,no_x_off_1_minus_joint_0,all,C6,EXACT,0,2,1e-05,0.01,2,N2A,4,0,2,0,4,0.05454203432493424,1.619075241541872e-06,3.915578224227069e-06,0.643036409004181,0.00011815218703244207,2.5659279693427103e-05,4.2095283966136815e-05,0.00014873692260784373,0.5319947248653282,0.0006312948289700642,0.0001601485852313481,0.0030276697993262226,0.009199443783609849,0.5736849667768169,96,27648,0.00015520912158453046,3,0.00012622524442561372,2.8690858785507793e-05,2,0.0006409816912547677,0.00016142269571964377
C6|EXACT|0|2|1e-05|0.01|2,no_x_off_1_minus_joint_0,active,C6,EXACT,0,2,1e-05,0.01,2,N2A,4,2,2,2,4,0.05400905268172013,7.66778542247956e-07,2.9850277139981392e-06,0.5068282240064581,0.00011537234487293959,2.8449712058577332e-05,3.9795461970834844e-05,0.0001434626632252716,0.5266806112605318,0.0006688670963503019,0.00024304252170321132,0.002668863107283553,0.008682782634305483,0.5544133568054199,56,16128,0.00022129221343514697,3,0.00012622524442561372,3.26197333667707e-05,2,0.0007350245855150155,0.0002450009151684482
C6|EXACT|0|2|1e-05|0.01|2,joint_1_minus_no_x_off_1,all,C6,EXACT,0,2,1e-05,0.01,2,N2A,4,0,2,0,4,0.11812710194436875,9.867124847444817e-06,2.2853574313400035e-05,0.6570799944942796,0.0002925486726274915,6.9296884564312e-05,6.257642146047107e-05,0.00042082568553804056,0.3856152867059191,0.0006773490975315171,0.00017589025870238742,0.011972278161394883,0.038046366191520034,0.560959887718664,96,27648,0.00028541123349864686,1,0.00032231691056361226,7.463335047948228e-05,1,0.0008850542577995754,0.00018186254386852723
C6|EXACT|0|2|1e-05|0.01|2,joint_1_minus_no_x_off_1,active,C6,EXACT,0,2,1e-05,0.01,2,N2A,4,1,2,1,4,0.11553404883749796,6.324479907822819e-06,1.8773961378000345e-05,0.5804094148778908,0.0002849662578423817,7.721157539884432e-05,4.9384183723487365e-05,0.0003679915281980118,0.3663321455322001,0.0006725475297452192,0.00020408835124571695,0.0067211805765119625,0.0312095302134284,0.46406537522496916,68,19584,0.0003102725919011564,0,0.0003147580187298244,8.446269652903369e-05,3,0.0006833001261401747,0.00021055696980716663
C6|EXACT|0|4|1e-05|0.01|2,joint_1_minus_joint_0,all,C6,EXACT,0,4,1e-05,0.01,2,N2A,4,0,4,0,4,0.14901775481423105,1.3839228632934997e-05,3.540060256959765e-05,0.6252455578445215,0.0003509481984109601,8.964005969895004e-05,0.00013654282805359975,0.0007962112317996875,0.4141143661412355,0.0010474105755750055,0.0003215981567866643,0.020847264964278387,0.06660148660128908,0.559477443286118,96,27648,0.0004236462694837612,1,0.00037603564953097484,9.834863018189674e-05,3,0.0011235000675561364,0.00034728778168999935
C6|EXACT|0|4|1e-05|0.01|2,joint_1_minus_joint_0,active,C6,EXACT,0,4,1e-05,0.01,2,N2A,4,1,4,1,4,0.14901775481423105,9.205129066568396e-06,3.076650300323105e-05,0.5469855746350992,0.00033610250869051556,9.411351764257297e-05,0.00012873042977821098,0.0007883988335242987,0.40408024895034267,0.0011030212009778858,0.00039613689314634416,0.018938828750271735,0.06469305038728242,0.5410628849617879,72,20736,0.0005015634613140519,0,0.0003528625933415661,0.00010127918219113848,3,0.0011316710764872786,0.0004128003846060603
C6|EXACT|0|4|1e-05|0.01|2,no_x_off_1_minus_joint_0,all,C6,EXACT,0,4,1e-05,0.01,2,N2A,4,0,4,0,4,0.05454589064602624,1.6110565396404322e-06,3.915578224227069e-06,0.6414420675703242,0.00011776399006800534,2.5606645267390388e-05,4.211131759567498e-05,0.00014873692260784373,0.5320960306822573,0.0006306171895447551,0.0001602536562940197,0.00302736619224358,0.009199443783609849,0.5736562022157294,96,27648,0.00015527198792969648,3,0.00012622524442561372,2.873998260246737e-05,2,0.000641254443055458,0.00016168786103779235
C6|EXACT|0|4|1e-05|0.01|2,no_x_off_1_minus_joint_0,active,C6,EXACT,0,4,1e-05,0.01,2,N2A,4,2,4,2,4,0.05401294705570848,7.587598403465164e-07,2.9850277139981392e-06,0.504171142862283,0.00011557439590955158,2.835948161394296e-05,3.981149560037301e-05,0.0001434626632252716,0.5267867006357331,0.0006675109146881658,0.00024322264352493405,0.0026685595002009107,0.008682782634305483,0.5543818211660054,56,16128,0.00022139998431257437,3,0.00012622524442561372,3.270394562441568e-05,2,0.0007349006921664903,0.00024545548428527437
C6|EXACT|0|4|1e-05|0.01|2,joint_1_minus_no_x_off_1,all,C6,EXACT,0,4,1e-05,0.01,2,N2A,4,0,4,0,4,0.1181151443462552,9.869740239343897e-06,2.2853574313400035e-05,0.6571670719285856,0.0002925486726274915,6.935980698673076e-05,6.256563749807444e-05,0.00042082568553804056,0.38558205821642216,0.0006773490975315171,0.00017579500153564877,0.011971613568309506,0.038046366191520034,0.560944317781538,96,27648,0.00028533336532849464,1,0.00032425837566402545,7.445142530819325e-05,1,0.0008850542577995754,0.0001819715404405457
C6|EXACT|0|4|1e-05|0.01|2,joint_1_minus_no_x_off_1,active,C6,EXACT,0,4,1e-05,0.01,2,N2A,4,1,4,1,4,0.11552182283424538,6.327095299721899e-06,1.8773961378000345e-05,0.5805294121899358,0.0002827502567738668,7.730040705402374e-05,4.937339976109073e-05,0.0003679915281980118,0.366292145602315,0.0006725475297452192,0.00020395387053973306,0.006720515983426586,0.0312095302134284,0.4640424311706885,68,19584,0.0003101626603668238,0,0.0003132771047427437,8.412679435778333e-05,5,0.0006824771454831786,0.0001997876790141587
C6|EXACT|0|FULL|1e-05|0.01|2,joint_1_minus_joint_0,all,C6,EXACT,0,FULL,1e-05,0.01,2,N2A,4,0,4,0,4,0.14901775481423105,1.3839228632934997e-05,3.540060256959765e-05,0.6252455578445215,0.0003509481984109601,8.964005969895004e-05,0.00013654282805359975,0.0007962112317996875,0.4141143661412355,0.0010474105755750055,0.0003215981567866643,0.020847264964278387,0.06660148660128908,0.559477443286118,96,27648,0.0004236462694837612,1,0.00037603564953097484,9.834863018189674e-05,3,0.0011235000675561364,0.00034728778168999935
C6|EXACT|0|FULL|1e-05|0.01|2,joint_1_minus_joint_0,active,C6,EXACT,0,FULL,1e-05,0.01,2,N2A,4,1,4,1,4,0.14901775481423105,9.205129066568396e-06,3.076650300323105e-05,0.5469855746350992,0.00033610250869051556,9.411351764257297e-05,0.00012873042977821098,0.0007883988335242987,0.40408024895034267,0.0011030212009778858,0.00039613689314634416,0.018938828750271735,0.06469305038728242,0.5410628849617879,72,20736,0.0005015634613140519,0,0.0003528625933415661,0.00010127918219113848,3,0.0011316710764872786,0.0004128003846060603
C6|EXACT|0|FULL|1e-05|0.01|2,no_x_off_1_minus_joint_0,all,C6,EXACT,0,FULL,1e-05,0.01,2,N2A,4,0,4,0,4,0.05454589064602624,1.6110565396404322e-06,3.915578224227069e-06,0.6414420675703242,0.00011776399006800534,2.5606645267390388e-05,4.211131759567498e-05,0.00014873692260784373,0.5320960306822573,0.0006306171895447551,0.0001602536562940197,0.00302736619224358,0.009199443783609849,0.5736562022157294,96,27648,0.00015527198792969648,3,0.00012622524442561372,2.873998260246737e-05,2,0.000641254443055458,0.00016168786103779235
C6|EXACT|0|FULL|1e-05|0.01|2,no_x_off_1_minus_joint_0,active,C6,EXACT,0,FULL,1e-05,0.01,2,N2A,4,2,4,2,4,0.05401294705570848,7.587598403465164e-07,2.9850277139981392e-06,0.504171142862283,0.00011557439590955158,2.835948161394296e-05,3.981149560037301e-05,0.0001434626632252716,0.5267867006357331,0.0006675109146881658,0.00024322264352493405,0.0026685595002009107,0.008682782634305483,0.5543818211660054,56,16128,0.00022139998431257437,3,0.00012622524442561372,3.270394562441568e-05,2,0.0007349006921664903,0.00024545548428527437
C6|EXACT|0|FULL|1e-05|0.01|2,joint_1_minus_no_x_off_1,all,C6,EXACT,0,FULL,1e-05,0.01,2,N2A,4,0,4,0,4,0.1181151443462552,9.869740239343897e-06,2.2853574313400035e-05,0.6571670719285856,0.0002925486726274915,6.935980698673076e-05,6.256563749807444e-05,0.00042082568553804056,0.38558205821642216,0.0006773490975315171,0.00017579500153564877,0.011971613568309506,0.038046366191520034,0.560944317781538,96,27648,0.00028533336532849464,1,0.00032425837566402545,7.445142530819325e-05,1,0.0008850542577995754,0.0001819715404405457
C6|EXACT|0|FULL|1e-05|0.01|2,joint_1_minus_no_x_off_1,active,C6,EXACT,0,FULL,1e-05,0.01,2,N2A,4,1,4,1,4,0.11552182283424538,6.327095299721899e-06,1.8773961378000345e-05,0.5805294121899358,0.0002827502567738668,7.730040705402374e-05,4.937339976109073e-05,0.0003679915281980118,0.366292145602315,0.0006725475297452192,0.00020395387053973306,0.006720515983426586,0.0312095302134284,0.4640424311706885,68,19584,0.0003101626603668238,0,0.0003132771047427437,8.412679435778333e-05,5,0.0006824771454831786,0.0001997876790141587
C2|EXACT|0|FULL|1e-05|0.01|4,joint_1_minus_joint_0,all,C2,EXACT,0,FULL,1e-05,0.01,4,N2A,4,0,8,0,8,0.2038887546962566,8.249415722979079e-06,3.540060256959765e-05,0.48273219892043145,0.0002639851035903186,6.79162981032413e-05,5.185987146679979e-05,0.0007962112317996875,0.2552122804482535,0.0006449623591023049,0.00019536205085787155,0.009768542114208563,0.06660148660128908,0.38297719594566076,96,27648,0.00028471187542155604,0,0.0002794575644545892,7.251512721911031e-05,3,0.0006664230633461859,0.00021315983397416106
C2|EXACT|0|FULL|1e-05|0.01|4,joint_1_minus_joint_0,active,C2,EXACT,0,FULL,1e-05,0.01,4,N2A,4,1,8,1,8,0.2038887546962566,6.1774534023859835e-06,3.332864024900455e-05,0.43052258700846313,0.00024995804163686,6.718918572776461e-05,4.667553257642705e-05,0.0007910268929093147,0.24291202625415567,0.0006427396892198383,0.00020141110512823907,0.008697970998468777,0.06553091548554929,0.3643223880878519,88,25344,0.00029100887857062867,0,0.00027746408493063826,7.501694200273593e-05,3,0.0006626952638283761,0.00020908368569787385
C2|EXACT|0|FULL|1e-05|0.01|4,no_x_off_1_minus_joint_0,all,C2,EXACT,0,FULL,1e-05,0.01,4,N2A,4,0,8,0,8,0.07381685009366912,7.436777594010485e-07,3.915578224227069e-06,0.4358072436626407,9.136802579965549e-05,1.8630262596034113e-05,2.046944594094225e-05,0.00014873692260784373,0.37097414959383973,0.00046779457902798084,0.00010570272652096828,0.0016848598613714728,0.009199443783609849,0.4279579585328592,96,27648,0.0001095391573135873,1,0.00010085461064913699,2.1486549835266862e-05,2,0.0005084907348306911,0.00010904060226761558
C2|EXACT|0|FULL|1e-05|0.01|4,no_x_off_1_minus_joint_0,active,C2,EXACT,0,FULL,1e-05,0.01,4,N2A,4,2,8,2,8,0.07325417211970904,5.549012010510316e-07,3.1770605561174954e-06,0.4179218579865321,9.043644306489986e-05,2.0398926866374504e-05,1.9729773548976017e-05,0.0001477026421601395,0.36548277877384444,0.0004880360642964663,0.00013362279404651034,0.0015938544889971538,0.008956614303945712,0.42184450723799227,72,20736,0.00013445074463636417,0,9.971144498404845e-05,2.138350431656192e-05,2,0.0005170937999136537,0.00013834683454321255
C2|EXACT|0|FULL|1e-05|0.01|4,joint_1_minus_no_x_off_1,all,C2,EXACT,0,FULL,1e-05,0.01,4,N2A,4,0,8,0,8,0.15874648632595134,6.54045831733025e-06,2.2853574313400035e-05,0.5349670386187573,0.00022104265224270257,5.3185516413462414e-05,2.9059846749335718e-05,0.00042082568553804056,0.26278195544956623,0.0004686469078123208,0.00011498335885378373,0.0059845303417579735,0.038046366191520034,0.3966052371973321,96,27648,0.0001963138672482547,0,0.0002576812342457824,5.66775826547271e-05,2,0.0005229906391759268,0.00012130003598315501
C2|EXACT|0|FULL|1e-05|0.01|4,joint_1_minus_no_x_off_1,active,C2,EXACT,0,FULL,1e-05,0.01,4,N2A,4,1,8,1,8,0.15874648632595134,4.4931095187050095e-06,2.0806225514774793e-05,0.4647044717043388,0.00021046755020847057,5.183387885034465e-05,2.4519321178091806e-05,0.00041628515996679666,0.2426938418872916,0.0004656208463587649,0.00011743851491543898,0.0049571921500045635,0.03701902799976662,0.36593619750572615,88,25344,0.00019811496665625184,1,0.00024569217605433023,5.770427131729465e-05,2,0.0005086212108911176,0.00012514800423738914
C3|EXACT|0|FULL|1e-05|0.01|4,joint_1_minus_joint_0,all,C3,EXACT,0,FULL,1e-05,0.01,4,N2A,4,0,8,0,8,0.2038887546962566,8.249415722979079e-06,3.540060256959765e-05,0.48273219892043145,0.0002639851035903186,6.79162981032413e-05,5.185987146679979e-05,0.0007962112317996875,0.2552122804482535,0.0006449623591023049,0.00019536205085787155,0.009768542114208563,0.06660148660128908,0.38297719594566076,96,27648,0.00028471187542155604,0,0.0002794575644545892,7.251512721911031e-05,3,0.0006664230633461859,0.00021315983397416106
C3|EXACT|0|FULL|1e-05|0.01|4,joint_1_minus_joint_0,active,C3,EXACT,0,FULL,1e-05,0.01,4,N2A,4,1,8,1,8,0.2038887546962566,6.1774534023859835e-06,3.332864024900455e-05,0.43052258700846313,0.00024995804163686,6.718918572776461e-05,4.667553257642705e-05,0.0007910268929093147,0.24291202625415567,0.0006427396892198383,0.00020141110512823907,0.008697970998468777,0.06553091548554929,0.3643223880878519,88,25344,0.00029100887857062867,0,0.00027746408493063826,7.501694200273593e-05,3,0.0006626952638283761,0.00020908368569787385
C3|EXACT|0|FULL|1e-05|0.01|4,no_x_off_1_minus_joint_0,all,C3,EXACT,0,FULL,1e-05,0.01,4,N2A,4,0,8,0,8,0.07381685009366912,7.436777594010485e-07,3.915578224227069e-06,0.4358072436626407,9.136802579965549e-05,1.8630262596034113e-05,2.046944594094225e-05,0.00014873692260784373,0.37097414959383973,0.00046779457902798084,0.00010570272652096828,0.0016848598613714728,0.009199443783609849,0.4279579585328592,96,27648,0.0001095391573135873,1,0.00010085461064913699,2.1486549835266862e-05,2,0.0005084907348306911,0.00010904060226761558
C3|EXACT|0|FULL|1e-05|0.01|4,no_x_off_1_minus_joint_0,active,C3,EXACT,0,FULL,1e-05,0.01,4,N2A,4,2,8,2,8,0.07325417211970904,5.549012010510316e-07,3.1770605561174954e-06,0.4179218579865321,9.043644306489986e-05,2.0398926866374504e-05,1.9729773548976017e-05,0.0001477026421601395,0.36548277877384444,0.0004880360642964663,0.00013362279404651034,0.0015938544889971538,0.008956614303945712,0.42184450723799227,72,20736,0.00013445074463636417,0,9.971144498404845e-05,2.138350431656192e-05,2,0.0005170937999136537,0.00013834683454321255
C3|EXACT|0|FULL|1e-05|0.01|4,joint_1_minus_no_x_off_1,all,C3,EXACT,0,FULL,1e-05,0.01,4,N2A,4,0,8,0,8,0.15874648632595134,6.54045831733025e-06,2.2853574313400035e-05,0.5349670386187573,0.00022104265224270257,5.3185516413462414e-05,2.9059846749335718e-05,0.00042082568553804056,0.26278195544956623,0.0004686469078123208,0.00011498335885378373,0.0059845303417579735,0.038046366191520034,0.3966052371973321,96,27648,0.0001963138672482547,0,0.0002576812342457824,5.66775826547271e-05,2,0.0005229906391759268,0.00012130003598315501
C3|EXACT|0|FULL|1e-05|0.01|4,joint_1_minus_no_x_off_1,active,C3,EXACT,0,FULL,1e-05,0.01,4,N2A,4,1,8,1,8,0.15874648632595134,4.4931095187050095e-06,2.0806225514774793e-05,0.4647044717043388,0.00021046755020847057,5.183387885034465e-05,2.4519321178091806e-05,0.00041628515996679666,0.2426938418872916,0.0004656208463587649,0.00011743851491543898,0.0049571921500045635,0.03701902799976662,0.36593619750572615,88,25344,0.00019811496665625184,1,0.00024569217605433023,5.770427131729465e-05,2,0.0005086212108911176,0.00012514800423738914
C4_PCA|EXACT|0|1|1e-05|0.01|4,joint_1_minus_joint_0,all,C4_PCA,EXACT,0,1,1e-05,0.01,4,N2A,4,0,1,0,8,0.1711716922551211,9.260069956361563e-06,3.540060256959765e-05,0.5114483791498944,0.00027437533326507937,7.438983750182197e-05,0.00012927958075660415,0.0007962112317996875,0.4029496822856166,0.0011502554206158423,0.0003143143187019202,0.014431617173457558,0.06660148660128908,0.4654955551086302,96,27648,0.00037631343681126904,4,0.00028938993128901653,6.569456567292697e-05,3,0.0011755927886004961,0.0003335695603249736
C4_PCA|EXACT|0|1|1e-05|0.01|4,joint_1_minus_joint_0,active,C4_PCA,EXACT,0,1,1e-05,0.01,4,N2A,4,1,1,1,8,0.1711716922551211,7.188107635768468e-06,3.332864024900455e-05,0.4644067121651245,0.00026673838071129645,7.425122870803445e-05,0.0001240952418662314,0.0007910268929093147,0.3960791128602882,0.0011651531198863267,0.00033117721550356496,0.013361046057717773,0.06553091548554929,0.451540919401316,88,25344,0.00039093785463213367,0,0.00027593710494081594,8.36732089508184e-05,2,0.001170044882851239,0.00034758797257607567
C4_PCA|EXACT|0|1|1e-05|0.01|4,no_x_off_1_minus_joint_0,all,C4_PCA,EXACT,0,1,1e-05,0.01,4,N2A,4,0,1,0,8,0.06091128807351466,1.0255050901776275e-06,3.915578224227069e-06,0.5117654443111785,0.00010443832750903105,2.2861822091356775e-05,4.7075817304495436e-05,0.00014873692260784373,0.5625868006243921,0.0006184578847419495,0.00016822897010309532,0.0029162508992484075,0.009199443783609849,0.5630301580355997,96,27648,0.00015288357807865494,1,0.00012352650955116732,2.5169740757905603e-05,3,0.0006447159147017822,0.00016990300429685782
C4_PCA|EXACT|0|1|1e-05|0.01|4,no_x_off_1_minus_joint_0,active,C4_PCA,EXACT,0,1,1e-05,0.01,4,N2A,4,1,1,2,8,0.0602281611039838,8.367285318276105e-07,3.1770605561174954e-06,0.5131916043103788,0.00011111509630492807,2.6041006193471378e-05,4.6336144912529206e-05,0.0001477026421601395,0.5601003152378209,0.0006557948825704793,0.00021699111882267973,0.0028252455268740887,0.008956614303945712,0.5616375829165215,72,20736,0.00019224330565645437,3,0.00011809924020680712,2.824394887662488e-05,3,0.0007426075538469156,0.00021871181176015436
C4_PCA|EXACT|0|1|1e-05|0.01|4,joint_1_minus_no_x_off_1,all,C4_PCA,EXACT,0,1,1e-05,0.01,4,N2A,4,0,1,0,8,0.1346020411510423,7.197549336216589e-06,2.2853574313400035e-05,0.5611968936037288,0.00023744563257580283,5.805492883783398e-05,6.375658465846122e-05,0.00042082568553804056,0.3892345674510665,0.0006921717766020182,0.0001772037918552762,0.008321858294428983,0.038046366191520034,0.4676851349115148,96,27648,0.00024865752511312936,0,0.00027368598322459004,6.157953529126107e-05,3,0.0008549731597224404,0.00019620380025251458
C4_PCA|EXACT|0|1|1e-05|0.01|4,joint_1_minus_no_x_off_1,active,C4_PCA,EXACT,0,1,1e-05,0.01,4,N2A,4,1,1,1,8,0.1346020411510423,5.150200537591348e-06,2.0806225514774793e-05,0.497525585217943,0.00022019929883547055,5.714596513147726e-05,5.92160590872173e-05,0.00041628515996679666,0.3771588353546734,0.000694405457904287,0.00018531535091706708,0.007294520102675573,0.03701902799976662,0.4439007277660503,88,25344,0.00025521713887247875,0,0.00026770097671408776,6.376318524247631e-05,3,0.0007930710450044503,0.00019477982897691873
C4_PCA|EXACT|0|2|1e-05|0.01|4,joint_1_minus_joint_0,all,C4_PCA,EXACT,0,2,1e-05,0.01,4,N2A,4,0,2,0,8,0.18220566061888277,8.379527875008078e-06,3.540060256959765e-05,0.48652420066536367,0.00026320799080648975,6.994078210453796e-05,9.918460963217527e-05,0.0007962112317996875,0.35294578059189724,0.0009242797069549315,0.00027494198691831824,0.012301609020839504,0.06660148660128908,0.4297728717587239,96,27648,0.00033852737897971104,0,0.00026949821544443894,7.514999750587896e-05,3,0.0009645563967297892,0.0002939420422180312
C4_PCA|EXACT|0|2|1e-05|0.01|4,joint_1_minus_joint_0,active,C4_PCA,EXACT,0,2,1e-05,0.01,4,N2A,4,1,2,1,8,0.18220566061888277,6.307565554414981e-06,3.332864024900455e-05,0.43503288625951786,0.00025804941376519506,6.939771372917914e-05,9.400027074180253e-05,0.0007910268929093147,0.34472194216416674,0.0009342859352848429,0.00028822558083054455,0.011231037905099718,0.06553091548554929,0.41398711939713534,88,25344,0.0003497167006340705,0,0.00026444987723450285,7.789134595193808e-05,3,0.000945736793869765,0.0002972097310548231
C4_PCA|EXACT|0|2|1e-05|0.01|4,no_x_off_1_minus_joint_0,all,C4_PCA,EXACT,0,2,1e-05,0.01,4,N2A,4,0,2,0,8,0.06395433839229785,9.484387215720042e-07,3.915578224227069e-06,0.49216042173088853,0.00010205254900410652,2.186658604627376e-05,4.055837529257188e-05,0.00014873692260784373,0.5221927993570852,0.0005904032831172312,0.00015484260596414475,0.002526471012370983,0.009199443783609849,0.5240544038880474,96,27648,0.00014086741371711816,1,0.00012149021991275816,2.4682538527141746e-05,2,0.0006172558048186876,0.00015841041279140934
C4_PCA|EXACT|0|2|1e-05|0.01|4,no_x_off_1_minus_joint_0,active,C4_PCA,EXACT,0,2,1e-05,0.01,4,N2A,4,2,2,2,8,0.06330405811943876,7.596621632219873e-07,3.1770605561174954e-06,0.4889872119652229,0.00010314002795602166,2.4714024800027362e-05,3.9818702900605644e-05,0.0001477026421601395,0.5192176201687942,0.0006065667136223445,0.00019914263330407902,0.0024354656399966637,0.008956614303945712,0.5214576787451067,72,20736,0.00017622175317440534,3,0.00011556766408836058,2.6394394002266365e-05,3,0.0006673830184342405,0.0002010530935947748
C4_PCA|EXACT|0|2|1e-05|0.01|4,joint_1_minus_no_x_off_1,all,C4_PCA,EXACT,0,2,1e-05,0.01,4,N2A,4,0,2,0,8,0.14410456958188414,6.613426703207525e-06,2.2853574313400035e-05,0.5379429317064138,0.00021795214546214278,5.49947677924003e-05,4.775576429981085e-05,0.00042082568553804056,0.3368695684838394,0.0006184135822380612,0.00015145580093506335,0.00702914481556351,0.038046366191520034,0.42982795107054433,96,27648,0.00022318170132107462,0,0.00025354345546038,5.8265413079675424e-05,3,0.0006618592557589707,0.00016776155561886854
C4_PCA|EXACT|0|2|1e-05|0.01|4,joint_1_minus_no_x_off_1,active,C4_PCA,EXACT,0,2,1e-05,0.01,4,N2A,4,1,2,1,8,0.14410456958188414,4.566077904582284e-06,2.0806225514774793e-05,0.46846268989692336,0.0002112159881657968,5.380760762736779e-05,4.3215238728566936e-05,0.00041628515996679666,0.3221981138077148,0.0006131450506670012,0.00015722663354956218,0.006001806623810101,0.03701902799976662,0.4026507325495251,88,25344,0.00022742533109932812,0,0.00024562987370358396,6.014777919347379e-05,3,0.0006378059193338308,0.0001637519257402139
C4_PCA|EXACT|0|4|1e-05|0.01|4,joint_1_minus_joint_0,all,C4_PCA,EXACT,0,4,1e-05,0.01,4,N2A,4,0,4,0,8,0.19218704823417423,8.422103445214629e-06,3.540060256959765e-05,0.4877586258434866,0.0002588402315759156,6.958511278266223e-05,6.261086646867926e-05,0.0007962112317996875,0.28042111200187075,0.000678962211820557,0.00021214686518229543,0.010546874660066543,0.06660148660128908,0.3979421397900769,96,27648,0.00030097517510609557,0,0.0002706084115188383,7.488607221819707e-05,3,0.0007986430033546598,0.00023129755237951942
C4_PCA|EXACT|0|4|1e-05|0.01|4,joint_1_minus_joint_0,active,C4_PCA,EXACT,0,4,1e-05,0.01,4,N2A,4,1,4,1,8,0.19218704823417423,6.350141124621533e-06,3.332864024900455e-05,0.43649863583804316,0.00024922142266505036,6.900971083258748e-05,5.742652757830652e-05,0.0007910268929093147,0.2694391215655216,0.0006794821435229898,0.00021972181166397426,0.00947630354432676,0.06553091548554929,0.3802737646555069,88,25344,0.0003087506600446718,1,0.0002643010189510548,7.949346661991632e-05,2,0.0007890882419153308,0.0002337495112053585
C4_PCA|EXACT|0|4|1e-05|0.01|4,no_x_off_1_minus_joint_0,all,C4_PCA,EXACT,0,4,1e-05,0.01,4,N2A,4,0,4,0,8,0.07026393271082533,8.194738702504264e-07,3.915578224227069e-06,0.4574773563995342,9.145352166391987e-05,2.0081757616024383e-05,2.6940466298684123e-05,0.00014873692260784373,0.4255917085857967,0.0005077200782813507,0.00012379204723417952,0.0019414506717649622,0.009199443783609849,0.45939090767195606,96,27648,0.00012161968376410232,1,0.00011321263948146655,2.317110432772894e-05,2,0.0005328409167049405,0.00012696433496044312
C4_PCA|EXACT|0|4|1e-05|0.01|4,no_x_off_1_minus_joint_0,active,C4_PCA,EXACT,0,4,1e-05,0.01,4,N2A,4,2,4,2,8,0.06967256716372756,6.306973119004095e-07,3.1770605561174954e-06,0.4455513291988819,9.110627908307268e-05,2.233425355969486e-05,2.620079390671789e-05,0.0001477026421601395,0.4211754934993023,0.0005409828878764211,0.00015774188833079204,0.0018504452993906434,0.008956614303945712,0.4545338059479748,72,20736,0.00015055811323705088,1,0.00011118353743115582,2.4752830956049808e-05,3,0.0006110274978899171,0.00016018122822163684
C4_PCA|EXACT|0|4|1e-05|0.01|4,joint_1_minus_no_x_off_1,all,C4_PCA,EXACT,0,4,1e-05,0.01,4,N2A,4,0,4,0,8,0.1492855919003823,6.6841399123507775e-06,2.2853574313400035e-05,0.540811227461992,0.00022419650715372287,5.42477558204553e-05,3.218968990944194e-05,0.00042082568553804056,0.2765714055047642,0.0005222696517476658,0.00012150599414890672,0.006307411065309792,0.038046366191520034,0.4071636285304846,96,27648,0.0002026555987021286,0,0.0002602630704188907,5.7865787194154326e-05,3,0.0005415268252659079,0.00013981153003840747
C4_PCA|EXACT|0|4|1e-05|0.01|4,joint_1_minus_no_x_off_1,active,C4_PCA,EXACT,0,4,1e-05,0.01,4,N2A,4,1,4,1,8,0.1492855919003823,4.636791113725537e-06,2.0806225514774793e-05,0.4720762100677379,0.0002143324128030674,5.299268547615508e-05,2.764916433819803e-05,0.00041628515996679666,0.2577184675974326,0.0005173743357813294,0.00012455411705557313,0.005280072873556383,0.03701902799976662,0.37766562090170724,88,25344,0.000205033219151387,0,0.000251025151334574,5.9711823681996224e-05,2,0.0005246412776111666,0.00013621682005936326
C4_PCA|EXACT|0|FULL|1e-05|0.01|4,joint_1_minus_joint_0,all,C4_PCA,EXACT,0,FULL,1e-05,0.01,4,N2A,4,0,8,0,8,0.2038887546962566,8.249415722979079e-06,3.540060256959765e-05,0.48273219892043145,0.0002639851035903186,6.79162981032413e-05,5.185987146679979e-05,0.0007962112317996875,0.2552122804482535,0.0006449623591023049,0.00019536205085787155,0.009768542114208563,0.06660148660128908,0.38297719594566076,96,27648,0.00028471187542155604,0,0.0002794575644545892,7.251512721911031e-05,3,0.0006664230633461859,0.00021315983397416106
C4_PCA|EXACT|0|FULL|1e-05|0.01|4,joint_1_minus_joint_0,active,C4_PCA,EXACT,0,FULL,1e-05,0.01,4,N2A,4,1,8,1,8,0.2038887546962566,6.1774534023859835e-06,3.332864024900455e-05,0.43052258700846313,0.00024995804163686,6.718918572776461e-05,4.667553257642705e-05,0.0007910268929093147,0.24291202625415567,0.0006427396892198383,0.00020141110512823907,0.008697970998468777,0.06553091548554929,0.3643223880878519,88,25344,0.00029100887857062867,0,0.00027746408493063826,7.501694200273593e-05,3,0.0006626952638283761,0.00020908368569787385
C4_PCA|EXACT|0|FULL|1e-05|0.01|4,no_x_off_1_minus_joint_0,all,C4_PCA,EXACT,0,FULL,1e-05,0.01,4,N2A,4,0,8,0,8,0.07381685009366912,7.436777594010485e-07,3.915578224227069e-06,0.4358072436626407,9.136802579965549e-05,1.8630262596034113e-05,2.046944594094225e-05,0.00014873692260784373,0.37097414959383973,0.00046779457902798084,0.00010570272652096828,0.0016848598613714728,0.009199443783609849,0.4279579585328592,96,27648,0.0001095391573135873,1,0.00010085461064913699,2.1486549835266862e-05,2,0.0005084907348306911,0.00010904060226761558
C4_PCA|EXACT|0|FULL|1e-05|0.01|4,no_x_off_1_minus_joint_0,active,C4_PCA,EXACT,0,FULL,1e-05,0.01,4,N2A,4,2,8,2,8,0.07325417211970904,5.549012010510316e-07,3.1770605561174954e-06,0.4179218579865321,9.043644306489986e-05,2.0398926866374504e-05,1.9729773548976017e-05,0.0001477026421601395,0.36548277877384444,0.0004880360642964663,0.00013362279404651034,0.0015938544889971538,0.008956614303945712,0.42184450723799227,72,20736,0.00013445074463636417,0,9.971144498404845e-05,2.138350431656192e-05,2,0.0005170937999136537,0.00013834683454321255
C4_PCA|EXACT|0|FULL|1e-05|0.01|4,joint_1_minus_no_x_off_1,all,C4_PCA,EXACT,0,FULL,1e-05,0.01,4,N2A,4,0,8,0,8,0.15874648632595134,6.54045831733025e-06,2.2853574313400035e-05,0.5349670386187573,0.00022104265224270257,5.3185516413462414e-05,2.9059846749335718e-05,0.00042082568553804056,0.26278195544956623,0.0004686469078123208,0.00011498335885378373,0.0059845303417579735,0.038046366191520034,0.3966052371973321,96,27648,0.0001963138672482547,0,0.0002576812342457824,5.66775826547271e-05,2,0.0005229906391759268,0.00012130003598315501
C4_PCA|EXACT|0|FULL|1e-05|0.01|4,joint_1_minus_no_x_off_1,active,C4_PCA,EXACT,0,FULL,1e-05,0.01,4,N2A,4,1,8,1,8,0.15874648632595134,4.4931095187050095e-06,2.0806225514774793e-05,0.4647044717043388,0.00021046755020847057,5.183387885034465e-05,2.4519321178091806e-05,0.00041628515996679666,0.2426938418872916,0.0004656208463587649,0.00011743851491543898,0.0049571921500045635,0.03701902799976662,0.36593619750572615,88,25344,0.00019811496665625184,1,0.00024569217605433023,5.770427131729465e-05,2,0.0005086212108911176,0.00012514800423738914
C4_RANDOM|EXACT|0|1|1e-05|0.01|4,joint_1_minus_joint_0,all,C4_RANDOM,EXACT,0,1,1e-05,0.01,4,N2A,4,0,1,0,8,0.06517383390274352,2.9274128107335298e-05,3.540060256959765e-05,0.9093616967181671,0.0005173484198684881,0.0001402700976180025,0.000655320714284993,0.0007962112317996875,0.9072203808054623,0.0025867185083742533,0.000679302290654488,0.059764593329798235,0.06660148660128908,0.9472836091911137,96,27648,0.0007658139769053611,3,0.0005478878408742035,0.00014745465639767917,1,0.002516386750956946,0.000691765819533092
C4_RANDOM|EXACT|0|1|1e-05|0.01|4,joint_1_minus_joint_0,active,C4_RANDOM,EXACT,0,1,1e-05,0.01,4,N2A,4,1,1,1,8,0.06517383390274352,2.7202165786742202e-05,3.332864024900455e-05,0.9034267461356167,0.000515901273350394,0.0001461206033802314,0.0006501363753946202,0.0007910268929093147,0.9065809907566118,0.0026374219108172385,0.0007293459121790935,0.05869402221405845,0.06553091548554929,0.946398010022668,88,25344,0.0008158475347347795,1,0.0005409575663472393,0.00016007907859112347,0,0.0025852978824531156,0.0007263586568482754
C4_RANDOM|EXACT|0|1|1e-05|0.01|4,no_x_off_1_minus_joint_0,all,C4_RANDOM,EXACT,0,1,1e-05,0.01,4,N2A,4,0,1,0,8,0.025001412401948243,3.0167507147437663e-06,3.915578224227069e-06,0.8777518628773657,0.00016795348138753512,4.133138146937919e-05,0.00011936550958307308,0.00014873692260784373,0.8958391382960744,0.0009741834853466842,0.0002772939132865634,0.007951584443189094,0.009199443783609849,0.9297068969841666,96,27648,0.0002664505713938575,1,0.00017996979264263822,4.423356045137654e-05,0,0.0009916227729009014,0.00027638536010044244
C4_RANDOM|EXACT|0|1|1e-05|0.01|4,no_x_off_1_minus_joint_0,active,C4_RANDOM,EXACT,0,1,1e-05,0.01,4,N2A,4,1,1,2,8,0.02328770055812788,2.8279741563937493e-06,3.1770605561174954e-06,0.9434632145829581,0.00018698648574956017,5.066708536416794e-05,0.00011862583719110684,0.0001477026421601395,0.8961805479898409,0.0010020972135636177,0.0003624110430673039,0.007860579070814775,0.008956614303945712,0.9368182314964071,72,20736,0.0003436659634100578,0,0.0001970778853167283,5.119488202134636e-05,0,0.0010149606094875013,0.000361180532381359
C4_RANDOM|EXACT|0|1|1e-05|0.01|4,joint_1_minus_no_x_off_1,all,C4_RANDOM,EXACT,0,1,1e-05,0.01,4,N2A,4,0,1,0,8,0.05346020510282125,1.9300768621388197e-05,2.2853574313400035e-05,0.9189888356477622,0.0004186357928222028,0.00010497224487425154,0.0003473826294337983,0.00042082568553804056,0.9085585701035762,0.002134069979644467,0.00040898417175197304,0.034714265418209836,0.038046366191520034,0.9552067835892952,96,27648,0.0005192400453175631,0,0.000454839969871041,0.00010915963641698833,1,0.0020086218889931577,0.0004207854788251955
C4_RANDOM|EXACT|0|1|1e-05|0.01|4,joint_1_minus_no_x_off_1,active,C4_RANDOM,EXACT,0,1,1e-05,0.01,4,N2A,4,1,1,1,8,0.05346020510282125,1.7253419822762955e-05,2.0806225514774793e-05,0.9106278834844116,0.0004084163337661501,0.00010832849171666005,0.00034284210386255435,0.00041628515996679666,0.9075104009872652,0.0021904811879323986,0.00043816667444073636,0.03368692722645643,0.03701902799976662,0.9539337042270599,88,25344,0.0005503980700045882,0,0.0004621594885285443,0.00011566875010690604,2,0.00213196445323007,0.0004387792214556733
C4_RANDOM|EXACT|0|2|1e-05|0.01|4,joint_1_minus_joint_0,all,C4_RANDOM,EXACT,0,2,1e-05,0.01,4,N2A,4,0,2,0,8,0.1480064340664125,1.5611690814024664e-05,3.540060256959765e-05,0.6640788420707455,0.0003825914867795294,9.858118326684516e-05,0.0002759762280401454,0.0007962112317996875,0.5887374838373259,0.0016385959558999875,0.0004361541480111833,0.026619105982542773,0.06660148660128908,0.6322004070544095,96,27648,0.0005082332342301151,1,0.000415599224217052,0.00010799269422997473,3,0.0016426772862831126,0.00045402758840021085
C4_RANDOM|EXACT|0|2|1e-05|0.01|4,joint_1_minus_joint_0,active,C4_RANDOM,EXACT,0,2,1e-05,0.01,4,N2A,4,1,2,1,8,0.1480064340664125,1.353972849343157e-05,3.332864024900455e-05,0.6373766952397,0.0003801424987959644,0.00010064178772442338,0.0002707918891497727,0.0007910268929093147,0.5850893617247268,0.0016535553068919558,0.0004640933929318518,0.02554853486680299,0.06553091548554929,0.624395669329105,88,25344,0.0005348503609072385,0,0.0004272851657674982,0.00010942180557491618,0,0.001622146496880743,0.00046565879620340896
C4_RANDOM|EXACT|0|2|1e-05|0.01|4,no_x_off_1_minus_joint_0,all,C4_RANDOM,EXACT,0,2,1e-05,0.01,4,N2A,4,0,2,0,8,0.05884313690623051,1.8639465078334371e-06,3.915578224227069e-06,0.6899518286470127,0.0001483269724915642,3.1318147803700086e-05,7.076471333497196e-05,0.00014873692260784373,0.6897615477821296,0.0008160159451356835,0.0002066783807467876,0.004854521980965033,0.009199443783609849,0.7264277915933511,96,27648,0.00019907960320260314,1,0.00016146410277337398,3.440992521477595e-05,0,0.0008249471571353513,0.0002081694684492998
C4_RANDOM|EXACT|0|2|1e-05|0.01|4,no_x_off_1_minus_joint_0,active,C4_RANDOM,EXACT,0,2,1e-05,0.01,4,N2A,4,2,2,2,8,0.05813571308720764,1.6751699494834203e-06,3.1770605561174954e-06,0.726133863119602,0.00015473546471065594,3.7316107143262456e-05,7.002504094300572e-05,0.0001477026421601395,0.6885453562222807,0.0008527627736392837,0.0002682569996809362,0.004763516608590714,0.008956614303945712,0.7292759732663252,72,20736,0.00025383800582171864,0,0.0001670350378135892,3.916954567845593e-05,0,0.0008544912637682169,0.0002702260101798355
C4_RANDOM|EXACT|0|2|1e-05|0.01|4,joint_1_minus_no_x_off_1,all,C4_RANDOM,EXACT,0,2,1e-05,0.01,4,N2A,4,0,2,0,8,0.12072352398920458,1.0472254441331491e-05,2.2853574313400035e-05,0.6769288535948687,0.00031896171070211466,7.200723114582759e-05,0.00014361742665903524,0.00042082568553804056,0.5841877563288993,0.0011112010204958383,0.0002475959057453319,0.01504571363139716,0.038046366191520034,0.6288539656018641,96,27648,0.0003305964436470976,1,0.00034209783252656686,7.687388754856248e-05,3,0.001214551439487539,0.000265229078923254
C4_RANDOM|EXACT|0|2|1e-05|0.01|4,joint_1_minus_no_x_off_1,active,C4_RANDOM,EXACT,0,2,1e-05,0.01,4,N2A,4,1,2,1,8,0.12072352398920458,8.42490564270625e-06,2.0806225514774793e-05,0.6363350892422585,0.0003119951614639116,7.23666585583794e-05,0.00013907690108779132,0.00041628515996679666,0.5780055892541633,0.0011388728267509203,0.0002621067478880369,0.014018375439643752,0.03701902799976662,0.6153700251726135,88,25344,0.0003446050500004441,0,0.0003413978980408188,7.878452860056234e-05,3,0.0011712733337969356,0.0002700801329813618
C4_RANDOM|EXACT|0|4|1e-05|0.01|4,joint_1_minus_joint_0,all,C4_RANDOM,EXACT,0,4,1e-05,0.01,4,N2A,4,0,4,0,8,0.17757769710762655,9.92470876674346e-06,3.540060256959765e-05,0.5294848747541322,0.0002874051416256393,7.717225270061592e-05,0.0001209213992054925,0.0007962112317996875,0.3897063048568892,0.0010515024203500791,0.0002869525292025646,0.014785540536428445,0.06660148660128908,0.47116892705104535,96,27648,0.0003648644380032995,1,0.00031678681402336743,8.531127653054703e-05,3,0.0011620593183457825,0.0003061334184684116
C4_RANDOM|EXACT|0|4|1e-05|0.01|4,joint_1_minus_joint_0,active,C4_RANDOM,EXACT,0,4,1e-05,0.01,4,N2A,4,1,4,1,8,0.17757769710762655,7.852746446150364e-06,3.332864024900455e-05,0.4854024786671005,0.0002786570334770849,7.728659074308239e-05,0.00011573706031511975,0.0007910268929093147,0.3825080674697378,0.0010713282512071042,0.00030132799059517696,0.01371496942068866,0.06553091548554929,0.45748230878529733,88,25344,0.0003784480377507123,1,0.0003012577813205683,8.72542196577908e-05,3,0.0011040852511029703,0.00031050941423705627
C4_RANDOM|EXACT|0|4|1e-05|0.01|4,no_x_off_1_minus_joint_0,all,C4_RANDOM,EXACT,0,4,1e-05,0.01,4,N2A,4,0,4,0,8,0.06260927642654324,1.1052046831400234e-06,3.915578224227069e-06,0.5312799250425146,0.00010379980434149596,2.334783386083088e-05,4.8965992521732725e-05,0.00014873692260784373,0.5737700634951536,0.0007143722706623321,0.00015798615040354814,0.0032628126741974855,0.009199443783609849,0.5955459634583992,96,27648,0.00015114015460597152,1,0.00011553605679047159,2.7183290103237958e-05,4,0.0007237660242001438,0.00015641516672906095
C4_RANDOM|EXACT|0|4|1e-05|0.01|4,no_x_off_1_minus_joint_0,active,C4_RANDOM,EXACT,0,4,1e-05,0.01,4,N2A,4,2,4,2,8,0.061944877672395475,9.164281247900066e-07,3.1770605561174954e-06,0.5370768809993782,0.00010656807732869268,2.6689021886103527e-05,4.8226320129766495e-05,0.0001477026421601395,0.5714101233270618,0.0007431819536440305,0.00020333402588995012,0.0031718073018231663,0.008956614303945712,0.5950883674368648,72,20736,0.00018991874102620982,0,0.00011491065132105168,2.8494856967381283e-05,5,0.000747418896850938,0.00020066440099137728
C4_RANDOM|EXACT|0|4|1e-05|0.01|4,joint_1_minus_no_x_off_1,all,C4_RANDOM,EXACT,0,4,1e-05,0.01,4,N2A,4,0,4,0,8,0.14255584974504118,7.2533022271785226e-06,2.2853574313400035e-05,0.5633662425500379,0.0002377526648408407,5.795181934198397e-05,6.300563510256448e-05,0.00042082568553804056,0.3869355004150794,0.000572026281588373,0.00015862557105639468,0.008266786355719518,0.038046366191520034,0.46613505559269863,96,27648,0.0002373234618600467,0,0.00028269478148132594,6.123702460264437e-05,3,0.0006405861197931555,0.0001749693337765207
C4_RANDOM|EXACT|0|4|1e-05|0.01|4,joint_1_minus_no_x_off_1,active,C4_RANDOM,EXACT,0,4,1e-05,0.01,4,N2A,4,1,4,1,8,0.14255584974504118,5.205953428553282e-06,2.0806225514774793e-05,0.5002112887320974,0.0002286583178839821,5.7033482045095444e-05,5.846510953132057e-05,0.00041628515996679666,0.3747597316201929,0.0005369725724377477,0.00016504820095465095,0.007239448163966109,0.03701902799976662,0.4422218791483941,88,25344,0.0002428527062327522,0,0.0002786895635693028,6.338953721853081e-05,2,0.0005830451858216357,0.00017574889169885629
C4_RANDOM|EXACT|0|FULL|1e-05|0.01|4,joint_1_minus_joint_0,all,C4_RANDOM,EXACT,0,FULL,1e-05,0.01,4,N2A,4,0,8,0,8,0.2038887546962567,8.249415722979072e-06,3.540060256959765e-05,0.4827321989204313,0.0002639851035903186,6.791629810324126e-05,5.185987146679983e-05,0.0007962112317996875,0.25521228044825356,0.000644962359102306,0.00019536205085787168,0.00976854211420856,0.06660148660128908,0.3829771959456607,96,27648,0.00028471187542155604,0,0.0002794575644545891,7.251512721911031e-05,3,0.0006664230633461869,0.0002131598339741612
C4_RANDOM|EXACT|0|FULL|1e-05|0.01|4,joint_1_minus_joint_0,active,C4_RANDOM,EXACT,0,FULL,1e-05,0.01,4,N2A,4,1,8,1,8,0.2038887546962567,6.177453402385976e-06,3.332864024900455e-05,0.43052258700846285,0.00024995804163685954,6.718918572776459e-05,4.667553257642709e-05,0.0007910268929093147,0.24291202625415576,0.0006427396892198394,0.0002014111051282392,0.008697970998468776,0.06553091548554929,0.36432238808785183,88,25344,0.00029100887857062867,0,0.00027746408493063793,7.501694200273591e-05,3,0.0006626952638283774,0.00020908368569787393
C4_RANDOM|EXACT|0|FULL|1e-05|0.01|4,no_x_off_1_minus_joint_0,all,C4_RANDOM,EXACT,0,FULL,1e-05,0.01,4,N2A,4,0,8,0,8,0.07381685009366915,7.436777594010482e-07,3.915578224227069e-06,0.43580724366264056,9.136802579965542e-05,1.863026259603412e-05,2.0469445940942244e-05,0.00014873692260784373,0.3709741495938396,0.0004677945790279815,0.00010570272652096826,0.0016848598613714723,0.009199443783609849,0.4279579585328591,96,27648,0.0001095391573135873,1,0.00010085461064913692,2.1486549835266866e-05,2,0.000508490734830691,0.0001090406022676156
C4_RANDOM|EXACT|0|FULL|1e-05|0.01|4,no_x_off_1_minus_joint_0,active,C4_RANDOM,EXACT,0,FULL,1e-05,0.01,4,N2A,4,2,8,2,8,0.07325417211970905,5.549012010510313e-07,3.1770605561174954e-06,0.417921857986532,9.043644306489974e-05,2.0398926866374504e-05,1.9729773548976007e-05,0.0001477026421601395,0.3654827787738444,0.0004880360642964665,0.00013362279404651036,0.0015938544889971533,0.008956614303945712,0.4218445072379922,72,20736,0.00013445074463636417,0,9.971144498404833e-05,2.138350431656194e-05,2,0.0005170937999136537,0.00013834683454321255
C4_RANDOM|EXACT|0|FULL|1e-05|0.01|4,joint_1_minus_no_x_off_1,all,C4_RANDOM,EXACT,0,FULL,1e-05,0.01,4,N2A,4,0,8,0,8,0.15874648632595142,6.540458317330244e-06,2.2853574313400035e-05,0.534967038618757,0.0002210426522427022,5.3185516413462394e-05,2.9059846749335762e-05,0.00042082568553804056,0.2627819554495664,0.00046864690781232106,0.0001149833588537838,0.005984530341757973,0.038046366191520034,0.39660523719733204,96,27648,0.0001963138672482547,0,0.0002576812342457818,5.667758265472708e-05,2,0.0005229906391759265,0.00012130003598315501
C4_RANDOM|EXACT|0|FULL|1e-05|0.01|4,joint_1_minus_no_x_off_1,active,C4_RANDOM,EXACT,0,FULL,1e-05,0.01,4,N2A,4,1,8,1,8,0.15874648632595142,4.4931095187050036e-06,2.0806225514774793e-05,0.4647044717043385,0.0002104675502084698,5.183387885034462e-05,2.451932117809185e-05,0.00041628515996679666,0.24269384188729182,0.0004656208463587652,0.00011743851491543903,0.0049571921500045635,0.03701902799976662,0.36593619750572615,88,25344,0.00019811496665625186,1,0.0002456921760543302,5.7704271317294615e-05,2,0.0005086212108911175,0.00012514800423738914
C5|EXACT|0|1|1e-05|0.01|4,joint_1_minus_joint_0,all,C5,EXACT,0,1,1e-05,0.01,4,N2A,4,0,1,0,8,0.20261931170048794,7.94448541696584e-06,3.540060256959765e-05,0.47372636832081777,0.0002492748652460769,6.595587635607035e-05,6.796046631535168e-05,0.0007962112317996875,0.2921554721865577,0.0007551627511159424,0.00022642747678005767,0.01060374923317465,0.06660148660128908,0.39901365907511077,96,27648,0.0002982125324190715,0,0.00026066945801197963,6.838071264588724e-05,3,0.0007990196665947237,0.00024219751050175197
C5|EXACT|0|1|1e-05|0.01|4,joint_1_minus_joint_0,active,C5,EXACT,0,1,1e-05,0.01,4,N2A,4,1,1,1,8,0.20261931170048794,5.872523096372744e-06,3.332864024900455e-05,0.41976243353285647,0.00024587188941196334,6.505054382175996e-05,6.277612742497894e-05,0.0007910268929093147,0.2817095930410194,0.0007584616898209449,0.00023530066067971488,0.009533178117434865,0.06553091548554929,0.38141321494468705,88,25344,0.0003057368680224638,0,0.0002544392737620823,7.050667155921985e-05,3,0.0007926432782480546,0.00024076115100070031
C5|EXACT|0|1|1e-05|0.01|4,no_x_off_1_minus_joint_0,all,C5,EXACT,0,1,1e-05,0.01,4,N2A,4,0,1,0,8,0.07374882876626881,8.634954467083947e-07,3.915578224227069e-06,0.46960430938844755,9.77876917804152e-05,2.1251633058014064e-05,3.095972144392568e-05,0.00014873692260784373,0.456235554040413,0.000544418655146649,0.0001301057389663638,0.0018929111304904047,0.009199443783609849,0.4536117833093251,96,27648,0.00011823303814156645,1,0.0001058677452936065,2.396500369705619e-05,2,0.0005565308108499226,0.00013183970302288017
C5|EXACT|0|1|1e-05|0.01|4,no_x_off_1_minus_joint_0,active,C5,EXACT,0,1,1e-05,0.01,4,N2A,4,1,1,2,8,0.07318562782124081,6.747188883583777e-07,3.1770605561174954e-06,0.4608384292727572,9.663657421075738e-05,2.389408748234777e-05,3.022004905195944e-05,0.0001477026421601395,0.452327977187568,0.0005592896504786758,0.00016616014397370437,0.0018019057581160857,0.008956614303945712,0.44853268934653046,72,20736,0.0001460425857403364,1,0.00010545407703857947,2.5811363448486135e-05,2,0.0005658497611472071,0.000168745635550232
C5|EXACT|0|1|1e-05|0.01|4,joint_1_minus_no_x_off_1,all,C5,EXACT,0,1,1e-05,0.01,4,N2A,4,0,1,0,8,0.15691401684253337,6.46916803943422e-06,2.2853574313400035e-05,0.5320435092474101,0.0002178089119430456,5.120353886500031e-05,3.3371965537739784e-05,0.00042082568553804056,0.28160461861981156,0.0005402941324106161,0.0001279304228149434,0.006665606833489769,0.038046366191520034,0.41856533221858155,96,27648,0.00020472177660279655,1,0.0002579022642584473,5.5447825665582e-05,3,0.0005894256148305898,0.00014149348220579786
C5|EXACT|0|1|1e-05|0.01|4,joint_1_minus_no_x_off_1,active,C5,EXACT,0,1,1e-05,0.01,4,N2A,4,1,1,1,8,0.15691401684253337,4.421819240808979e-06,2.0806225514774793e-05,0.46100309581044546,0.00020293665569310913,4.9671721524749615e-05,2.8831439966495875e-05,0.00041628515996679666,0.2631708009165146,0.0005369471026980035,0.00013156258469124954,0.0056382686417363595,0.03701902799976662,0.3902656939117015,88,25344,0.00020728723140666112,1,0.0002485012825038135,5.5494322214593644e-05,2,0.0005681508084664161,0.00014184929803247542
C5|EXACT|0|2|1e-05|0.01|4,joint_1_minus_joint_0,all,C5,EXACT,0,2,1e-05,0.01,4,N2A,4,0,2,0,8,0.2040796049650048,7.781191982169076e-06,3.540060256959765e-05,0.4688325305122976,0.00025854742146245264,6.477961607854832e-05,5.6429563802277906e-05,0.0007962112317996875,0.2662190913346227,0.0006661382694975877,0.0002022550914110081,0.010370847908846249,0.06660148660128908,0.3946073507970471,96,27648,0.0002917576287984587,0,0.0002725868311402054,6.980327208333188e-05,3,0.0007450206704055732,0.0002198356480733957
C5|EXACT|0|2|1e-05|0.01|4,joint_1_minus_joint_0,active,C5,EXACT,0,2,1e-05,0.01,4,N2A,4,1,2,1,8,0.2040796049650048,5.70922966157598e-06,3.332864024900455e-05,0.4138852591595026,0.00024966647779586874,6.376735079173591e-05,5.124522491190516e-05,0.0007910268929093147,0.2545253700024946,0.0006689450632848398,0.00020893078573166077,0.009300276793106464,0.06553091548554929,0.37672532781456414,88,25344,0.00029869515498179516,0,0.000265605298022751,7.205855458188671e-05,3,0.0007113829131809098,0.00021636639198794797
C5|EXACT|0|2|1e-05|0.01|4,no_x_off_1_minus_joint_0,all,C5,EXACT,0,2,1e-05,0.01,4,N2A,4,0,2,0,8,0.07380192098478014,7.616707561225954e-07,3.915578224227069e-06,0.4410478287611406,9.457634304171825e-05,1.8937232740682645e-05,2.217033025490598e-05,0.00014873692260784373,0.3860794496213476,0.0004869502793317554,0.00010807294992001586,0.0017526600643019803,0.009199443783609849,0.4364837306548196,96,27648,0.00011079351978963966,1,0.00010397063330294334,2.2346269628781415e-05,2,0.0005104533154038624,0.00011049143248349584
C5|EXACT|0|2|1e-05|0.01|4,no_x_off_1_minus_joint_0,active,C5,EXACT,0,2,1e-05,0.01,4,N2A,4,2,2,2,8,0.07323912831428613,5.728941977725784e-07,3.1770605561174954e-06,0.4246434851084566,9.218803377505302e-05,2.080822039257254e-05,2.1430657862939742e-05,0.0001477026421601395,0.38091109200032547,0.0005020514729572879,0.00013678309191190714,0.0016616546919276613,0.008956614303945712,0.4307233864362494,72,20736,0.00013612322793776733,1,0.00010157706150830449,2.3653051357453103e-05,2,0.0005258060626849488,0.0001402812748310529
C5|EXACT|0|2|1e-05|0.01|4,joint_1_minus_no_x_off_1,all,C5,EXACT,0,2,1e-05,0.01,4,N2A,4,0,2,0,8,0.15884041226736528,6.2269156896838505e-06,2.2853574313400035e-05,0.5219866861214731,0.00022208120172827366,4.968187933395048e-05,3.157212038939318e-05,0.00042082568553804056,0.273905501487041,0.000491187901108709,0.00012116481232450713,0.00646911462579225,0.038046366191520034,0.4123498409746849,96,27648,0.00020212522737697743,0,0.0002615782083426544,5.3367860738399296e-05,2,0.0005594032254543876,0.000127887910784507
C5|EXACT|0|2|1e-05|0.01|4,joint_1_minus_no_x_off_1,active,C5,EXACT,0,2,1e-05,0.01,4,N2A,4,1,2,1,8,0.15884041226736528,4.17956689105861e-06,2.0806225514774793e-05,0.4481970455425264,0.000210746136683467,4.801172930905891e-05,2.703159481814927e-05,0.00041628515996679666,0.2548240242856538,0.00048452873773662485,0.0001241819187016827,0.005441776434038841,0.03701902799976662,0.38340506167279326,88,25344,0.00020445463225122207,1,0.00024854311096868937,5.426243962709958e-05,2,0.0005341930050476112,0.00013233477674795497
C5|EXACT|0|4|1e-05|0.01|4,joint_1_minus_joint_0,all,C5,EXACT,0,4,1e-05,0.01,4,N2A,4,0,4,0,8,0.20389653613042819,8.246698870158913e-06,3.540060256959765e-05,0.48265270114866,0.0002639851035903186,6.790720014971204e-05,5.1892909845066425e-05,0.0007962112317996875,0.25529356157310784,0.0006416769100141954,0.0001954292491521568,0.009774453946346741,0.06660148660128908,0.3830930655616003,96,27648,0.0002849486839586746,0,0.0002792433734396907,7.269477512661757e-05,3,0.0006673846350543753,0.0002127481812444409
C5|EXACT|0|4|1e-05|0.01|4,joint_1_minus_joint_0,active,C5,EXACT,0,4,1e-05,0.01,4,N2A,4,1,4,1,8,0.20389653613042819,6.174736549565817e-06,3.332864024900455e-05,0.43042790437291745,0.00025013494999103755,6.717926068755087e-05,4.670857095469369e-05,0.0007910268929093147,0.2429979813499915,0.0006409424436875788,0.00020148441235836844,0.008703882830606956,0.06553091548554929,0.3644461782770627,88,25344,0.0002912672151565762,0,0.00027708790413541955,7.521292153819841e-05,3,0.0006631909531510008,0.00020863460999272457
C5|EXACT|0|4|1e-05|0.01|4,no_x_off_1_minus_joint_0,all,C5,EXACT,0,4,1e-05,0.01,4,N2A,4,0,4,0,8,0.07382057274065268,7.450704645081683e-07,3.915578224227069e-06,0.4362151266931356,9.13680257996555e-05,1.8570709384318495e-05,2.0453727762120467e-05,0.00014873692260784373,0.37083168951309475,0.0004672305375499868,0.00010562627159744551,0.0016851345879275311,0.009199443783609849,0.42799284767304513,96,27648,0.00010956775043609525,1,0.00010209550264005899,2.1414571980458936e-05,2,0.0005069298044247984,0.00010910421775401995
C5|EXACT|0|4|1e-05|0.01|4,no_x_off_1_minus_joint_0,active,C5,EXACT,0,4,1e-05,0.01,4,N2A,4,2,4,2,8,0.07325792335952973,5.562939061581513e-07,3.1770605561174954e-06,0.4184459847649502,9.082347789670148e-05,2.031952258408701e-05,1.9714055370154233e-05,0.0001477026421601395,0.3653371646267432,0.0004875173577667056,0.00013352085414848004,0.0015941292155532123,0.008956614303945712,0.4218808615275264,72,20736,0.00013448886879970814,0,9.9562110295082e-05,2.1380024337259037e-05,2,0.0005143063799635994,0.00013843165519175169
C5|EXACT|0|4|1e-05|0.01|4,joint_1_minus_no_x_off_1,all,C5,EXACT,0,4,1e-05,0.01,4,N2A,4,0,4,0,8,0.1587515907866741,6.529369225939066e-06,2.2853574313400035e-05,0.534513338379153,0.00022106232745050256,5.298977234030042e-05,2.906904820241145e-05,0.00042082568553804056,0.26282355553916037,0.0004686028827376004,0.00011501893122474894,0.005988235166581138,0.038046366191520034,0.39672798079685284,96,27648,0.00019643289225914075,0,0.00025811812993828073,5.680924737505415e-05,2,0.0005232707770625539,0.00012109451053567866
C5|EXACT|0|4|1e-05|0.01|4,joint_1_minus_no_x_off_1,active,C5,EXACT,0,4,1e-05,0.01,4,N2A,4,1,4,1,8,0.1587515907866741,4.482020427313825e-06,2.0806225514774793e-05,0.4641306671057203,0.00021110165502938734,5.162033986144065e-05,2.4528522631167537e-05,0.00041628515996679666,0.24273937590741704,0.00046534092046602806,0.00011747732113831012,0.004960896974827729,0.03701902799976662,0.3660729156574638,88,25344,0.00019824481212267297,1,0.0002456851644838049,5.7456517241180815e-05,2,0.0005085580809456661,0.00012492379465832407
C5|EXACT|0|FULL|1e-05|0.01|4,joint_1_minus_joint_0,all,C5,EXACT,0,FULL,1e-05,0.01,4,N2A,4,0,8,0,8,0.20388875469625678,8.24941572297907e-06,3.540060256959765e-05,0.48273219892043123,0.0002639851035903186,6.791629810324125e-05,5.185987146679981e-05,0.0007962112317996875,0.25521228044825356,0.0006449623591023051,0.00019536205085787157,0.009768542114208556,0.06660148660128908,0.3829771959456606,96,27648,0.00028471187542155593,0,0.00027945756445458907,7.251512721911024e-05,3,0.0006664230633461872,0.0002131598339741611
C5|EXACT|0|FULL|1e-05|0.01|4,joint_1_minus_joint_0,active,C5,EXACT,0,FULL,1e-05,0.01,4,N2A,4,1,8,1,8,0.20388875469625678,6.177453402385975e-06,3.332864024900455e-05,0.43052258700846285,0.0002499580416368602,6.718918572776456e-05,4.6675532576427074e-05,0.0007910268929093147,0.24291202625415573,0.0006427396892198386,0.00020141110512823912,0.00869797099846877,0.06553091548554929,0.3643223880878517,88,25344,0.0002910088785706285,0,0.00027746408493063793,7.501694200273584e-05,3,0.0006626952638283774,0.00020908368569787385
C5|EXACT|0|FULL|1e-05|0.01|4,no_x_off_1_minus_joint_0,all,C5,EXACT,0,FULL,1e-05,0.01,4,N2A,4,0,8,0,8,0.07381685009366917,7.436777594010489e-07,3.915578224227069e-06,0.4358072436626408,9.13680257996555e-05,1.863026259603411e-05,2.046944594094223e-05,0.00014873692260784373,0.3709741495938395,0.0004677945790279806,0.0001057027265209682,0.0016848598613714723,0.009199443783609849,0.4279579585328591,96,27648,0.00010953915731358726,1,0.00010085461064913691,2.1486549835266866e-05,2,0.0005084907348306904,0.00010904060226761553
C5|EXACT|0|FULL|1e-05|0.01|4,no_x_off_1_minus_joint_0,active,C5,EXACT,0,FULL,1e-05,0.01,4,N2A,4,2,8,2,8,0.0732541721197091,5.549012010510319e-07,3.1770605561174954e-06,0.41792185798653225,9.043644306489994e-05,2.0398926866374497e-05,1.9729773548975997e-05,0.0001477026421601395,0.3654827787738443,0.0004880360642964661,0.00013362279404651025,0.0015938544889971533,0.008956614303945712,0.4218445072379922,72,20736,0.00013445074463636411,0,9.971144498404845e-05,2.1383504316561922e-05,2,0.0005170937999136533,0.00013834683454321244
C5|EXACT|0|FULL|1e-05|0.01|4,joint_1_minus_no_x_off_1,all,C5,EXACT,0,FULL,1e-05,0.01,4,N2A,4,0,8,0,8,0.15874648632595145,6.540458317330242e-06,2.2853574313400035e-05,0.5349670386187569,0.00022104265224270244,5.318551641346235e-05,2.905984674933579e-05,0.00042082568553804056,0.2627819554495665,0.0004686469078123221,0.0001149833588537838,0.00598453034175797,0.038046366191520034,0.39660523719733193,96,27648,0.00019631386724825467,0,0.00025768123424578195,5.667758265472703e-05,2,0.0005229906391759267,0.0001213000359831551
C5|EXACT|0|FULL|1e-05|0.01|4,joint_1_minus_no_x_off_1,active,C5,EXACT,0,FULL,1e-05,0.01,4,N2A,4,1,8,1,8,0.15874648632595145,4.493109518705001e-06,2.0806225514774793e-05,0.4647044717043384,0.00021046755020847016,5.183387885034459e-05,2.4519321178091877e-05,0.00041628515996679666,0.24269384188729196,0.0004656208463587665,0.00011743851491543906,0.00495719215000456,0.03701902799976662,0.36593619750572604,88,25344,0.00019811496665625184,1,0.00024569217605432985,5.770427131729458e-05,2,0.0005086212108911172,0.00012514800423738922
C6|EXACT|0|1|1e-05|0.01|4,joint_1_minus_joint_0,all,C6,EXACT,0,1,1e-05,0.01,4,N2A,4,0,1,0,8,0.20633432988863548,8.04495611607353e-06,3.540060256959765e-05,0.47671247002248235,0.0002529729843829749,6.678568673257462e-05,6.0588539167468454e-05,0.0007962112317996875,0.27585514655997934,0.0006513461645387402,0.0002162780695475493,0.01060018685946845,0.06660148660128908,0.3989466282947416,96,27648,0.0002981854742192777,1,0.00025889923605400164,7.37272147954256e-05,3,0.0007052001085109011,0.00023123257620032977
C6|EXACT|0|1|1e-05|0.01|4,joint_1_minus_joint_0,active,C6,EXACT,0,1,1e-05,0.01,4,N2A,4,1,1,1,8,0.20633432988863548,5.9729937954804336e-06,3.332864024900455e-05,0.4233379808192616,0.00024417390886018566,6.595579150521914e-05,5.5404200277095716e-05,0.0007910268929093147,0.2646523294199581,0.0006491329276560076,0.000224228580062433,0.009529615743728665,0.06553091548554929,0.3813419447266751,88,25344,0.00030570734998632503,1,0.00025363306365052996,7.461706140129467e-05,3,0.0006738393485224055,0.0002287994044900579
C6|EXACT|0|1|1e-05|0.01|4,no_x_off_1_minus_joint_0,all,C6,EXACT,0,1,1e-05,0.01,4,N2A,4,0,1,0,8,0.0757182388624665,9.143928456215529e-07,3.915578224227069e-06,0.48324621085850095,9.895965662971462e-05,2.2167723260200238e-05,2.8381858915718997e-05,0.00014873692260784373,0.4368285576674529,0.0005212188452527164,0.00012542224547530624,0.0018981170367257869,0.009199443783609849,0.45423511923170723,96,27648,0.00011787430139564842,1,0.00010759287015547366,2.4989871937252934e-05,0,0.000530447801141609,0.00012515876928391172
C6|EXACT|0|1|1e-05|0.01|4,no_x_off_1_minus_joint_0,active,C6,EXACT,0,1,1e-05,0.01,4,N2A,4,1,1,2,8,0.07516979494202622,7.256162872715359e-07,3.1770605561174954e-06,0.47790410926391746,9.895969852625665e-05,2.511554108526266e-05,2.7642186523752763e-05,0.0001477026421601395,0.43260552776618744,0.0005285403258837345,0.00015991548598562764,0.001807111664351468,0.008956614303945712,0.4491801524597134,72,20736,0.00014556427007911233,3,0.00010532121460809971,2.7498417777602833e-05,0,0.0005423473405828771,0.00015954507795931802
C6|EXACT|0|1|1e-05|0.01|4,joint_1_minus_no_x_off_1,all,C6,EXACT,0,1,1e-05,0.01,4,N2A,4,0,1,0,8,0.15943477883434812,6.555203706274991e-06,2.2853574313400035e-05,0.5355697376698194,0.00021674860745022907,5.1945650526372995e-05,2.976343270835876e-05,0.00042082568553804056,0.26594411804175405,0.0005744541872349987,0.00012089029747001946,0.0067163098852541505,0.038046366191520034,0.42015425988915345,96,27648,0.00020544215145086716,1,0.00025759698480936765,5.612092138992489e-05,2,0.0005942517941694952,0.00012810989742997208
C6|EXACT|0|1|1e-05|0.01|4,joint_1_minus_no_x_off_1,active,C6,EXACT,0,1,1e-05,0.01,4,N2A,4,1,1,1,8,0.15943477883434812,4.50785490764975e-06,2.0806225514774793e-05,0.4654663756227114,0.00020869131837649997,5.048129788261074e-05,2.522290713711485e-05,0.00041628515996679666,0.246151284221099,0.000561967026306688,0.00012388244795133248,0.005688971693500741,0.03701902799976662,0.39201653055111874,88,25344,0.0002080730948772836,1,0.00024883884638989397,5.622860845933136e-05,2,0.0005817659577728531,0.0001325769439975532
C6|EXACT|0|2|1e-05|0.01|4,joint_1_minus_joint_0,all,C6,EXACT,0,2,1e-05,0.01,4,N2A,4,0,2,0,8,0.20426117228495008,7.822637353977205e-06,3.540060256959765e-05,0.4700794559999674,0.00026222783553552756,6.492645845651863e-05,5.4437643485176426e-05,0.0007962112317996875,0.2614782132661008,0.0006460774022591248,0.00019956427420550526,0.010454057423991876,0.06660148660128908,0.39618723545172785,96,27648,0.0002914771820980376,0,0.0002725255990199362,7.006830538678547e-05,3,0.0006716043921005469,0.00021710204086168884
C6|EXACT|0|2|1e-05|0.01|4,joint_1_minus_joint_0,active,C6,EXACT,0,2,1e-05,0.01,4,N2A,4,1,2,1,8,0.20426117228495008,5.7506750333841085e-06,3.332864024900455e-05,0.4153848143401308,0.0002497012187453095,6.392754247679443e-05,4.925330459480369e-05,0.0007910268929093147,0.2495295956374273,0.0006450003355248451,0.00020599534878020312,0.00938348630825209,0.06553091548554929,0.3784068545497272,88,25344,0.00029838921312679034,0,0.0002678295924054027,7.234768182201793e-05,2,0.0006683998611779936,0.00021707048338907332
C6|EXACT|0|2|1e-05|0.01|4,no_x_off_1_minus_joint_0,all,C6,EXACT,0,2,1e-05,0.01,4,N2A,4,0,2,0,8,0.07397959843216785,7.605963789910344e-07,3.915578224227069e-06,0.44073665827602654,9.362325613972692e-05,1.8897056185898496e-05,2.134242783136561e-05,0.00014873692260784373,0.37880221948390286,0.00047571943125294404,0.00010695315839473768,0.0017448703465055763,0.009199443783609849,0.4355126720045773,96,27648,0.00011049364296436289,1,0.00010423896323533901,2.241130010589838e-05,2,0.0005101444716846111,0.00010993062131438442
C6|EXACT|0|2|1e-05|0.01|4,no_x_off_1_minus_joint_0,active,C6,EXACT,0,2,1e-05,0.01,4,N2A,4,2,2,2,8,0.07341816777458798,5.718198206410175e-07,3.1770605561174954e-06,0.4242451206735532,9.238194283026054e-05,2.0754651652860343e-05,2.0602755439399374e-05,0.0001477026421601395,0.3734810074087506,0.0004937402070753349,0.00013529003654486958,0.0016538649741312573,0.008956614303945712,0.42971260027856695,72,20736,0.00013572339217073165,1,0.00010103389966137865,2.3739758660275726e-05,2,0.0005218342987380046,0.000139533526605571
C6|EXACT|0|2|1e-05|0.01|4,joint_1_minus_no_x_off_1,all,C6,EXACT,0,2,1e-05,0.01,4,N2A,4,0,2,0,8,0.1589723205574953,6.259097422659843e-06,2.2853574313400035e-05,0.523333804712362,0.00022382453452218673,4.9945290418675853e-05,3.058177511451225e-05,0.00042082568553804056,0.26957537957871763,0.0004856680445522629,0.00011914864555621167,0.006550722520001927,0.038046366191520034,0.4149425867705508,96,27648,0.00020216527736428033,0,0.0002631619570907143,5.378703639949884e-05,2,0.000540976228902326,0.00012581254568205238
C6|EXACT|0|2|1e-05|0.01|4,joint_1_minus_no_x_off_1,active,C6,EXACT,0,2,1e-05,0.01,4,N2A,4,1,2,1,8,0.1589723205574953,4.211748624034602e-06,2.0806225514774793e-05,0.44991924540993555,0.00021185365030215047,4.829908685603203e-05,2.6041249543268336e-05,0.00041628515996679666,0.25011252754797114,0.0004794235113185815,0.00012198246404536034,0.005523384328248518,0.03701902799976662,0.38626924078630404,88,25344,0.0002044983231464616,1,0.00025338549568456237,5.494885790201217e-05,2,0.0005332403077086853,0.0001300707420907317
C6|EXACT|0|4|1e-05|0.01|4,joint_1_minus_joint_0,all,C6,EXACT,0,4,1e-05,0.01,4,N2A,4,0,4,0,8,0.20389849680384345,8.249535821471509e-06,3.540060256959765e-05,0.4827357128176745,0.0002639851035903186,6.79277144894726e-05,5.18869198406136e-05,0.0007962112317996875,0.2552788268655445,0.0006412920294878705,0.00019544765620571015,0.009774787625147318,0.06660148660128908,0.38309960449177405,96,27648,0.0002849767891037733,0,0.0002793361261410631,7.270901747370133e-05,3,0.0006670683324956452,0.00021276057225479494
C6|EXACT|0|4|1e-05|0.01|4,joint_1_minus_joint_0,active,C6,EXACT,0,4,1e-05,0.01,4,N2A,4,1,4,1,8,0.20389849680384345,6.177573500878414e-06,3.332864024900455e-05,0.43052677197425615,0.00025014244622032156,6.720163996728966e-05,4.6702580950240864e-05,0.0007910268929093147,0.24298239956671774,0.0006405836782858255,0.0002015044927804266,0.008704216509407533,0.06553091548554929,0.3644531640557385,88,25344,0.00029129787531486566,0,0.0002772406973268624,7.522845864410794e-05,3,0.0006633281546005251,0.0002086481274585653
C6|EXACT|0|4|1e-05|0.01|4,no_x_off_1_minus_joint_0,all,C6,EXACT,0,4,1e-05,0.01,4,N2A,4,0,4,0,8,0.07381530151397214,7.461761322243581e-07,3.915578224227069e-06,0.4365386733941548,9.136802579965558e-05,1.8594075778928334e-05,2.0450118540944095e-05,0.00014873692260784373,0.3707989699851232,0.00046728983028140067,0.00010559665912047143,0.001685558030812559,0.009199443783609849,0.42804661760452595,96,27648,0.00010957797247194142,1,0.00010212254433078795,2.142283779426613e-05,2,0.0005069815713599466,0.00010911642995115132
C6|EXACT|0|4|1e-05|0.01|4,no_x_off_1_minus_joint_0,active,C6,EXACT,0,4,1e-05,0.01,4,N2A,4,2,4,2,8,0.07325261164485097,5.573995738743412e-07,3.1770605561174954e-06,0.41886162166759605,9.07781550272625e-05,2.0350677776900125e-05,1.971044614897786e-05,0.0001477026421601395,0.3653037203920865,0.0004876394639796855,0.0001334813708458479,0.00159455265843824,0.008956614303945712,0.42193688916504024,72,20736,0.00013450249818083634,0,0.00010010326657320371,2.1404899631491065e-05,2,0.0005144565005009028,0.00013844793812126018
C6|EXACT|0|4|1e-05|0.01|4,joint_1_minus_no_x_off_1,all,C6,EXACT,0,4,1e-05,0.01,4,N2A,4,0,4,0,8,0.15875699523399514,6.531470512198366e-06,2.2853574313400035e-05,0.5345993401922333,0.0002210599738646826,5.299454257477678e-05,2.908795331965847e-05,0.00042082568553804056,0.2629090055770829,0.00046917458948465704,0.00011509797142911839,0.0059886722244062345,0.038046366191520034,0.3967424583432345,96,27648,0.00019644722584337868,0,0.00025805417560781086,5.680259362365389e-05,2,0.0005230707501201903,0.0001211023475801185
C6|EXACT|0|4|1e-05|0.01|4,joint_1_minus_no_x_off_1,active,C6,EXACT,0,4,1e-05,0.01,4,N2A,4,1,4,1,8,0.15875699523399514,4.484121713573125e-06,2.0806225514774793e-05,0.4642394525438774,0.00021110725302253167,5.162554375359668e-05,2.4547427748414557e-05,0.00041628515996679666,0.24283290238140798,0.000465937292121723,0.00011756354681580403,0.004961334032652825,0.03701902799976662,0.36608904091761313,88,25344,0.0001982604487600235,1,0.00024570049178984264,5.744923212064572e-05,2,0.0005085678031800625,0.00012493234416134934
C6|EXACT|0|FULL|1e-05|0.01|4,joint_1_minus_joint_0,all,C6,EXACT,0,FULL,1e-05,0.01,4,N2A,4,0,8,0,8,0.2038887546962566,8.249415722979077e-06,3.540060256959765e-05,0.4827321989204314,0.0002639851035903186,6.791629810324129e-05,5.1859871466799846e-05,0.0007962112317996875,0.2552122804482536,0.0006449623591023048,0.00019536205085787168,0.009768542114208568,0.06660148660128908,0.3829771959456608,96,27648,0.00028471187542155615,0,0.0002794575644545894,7.251512721911031e-05,3,0.0006664230633461874,0.00021315983397416122
C6|EXACT|0|FULL|1e-05|0.01|4,joint_1_minus_joint_0,active,C6,EXACT,0,FULL,1e-05,0.01,4,N2A,4,1,8,1,8,0.2038887546962566,6.177453402385981e-06,3.332864024900455e-05,0.430522587008463,0.00024995804163686,6.71891857277646e-05,4.667553257642711e-05,0.0007910268929093147,0.2429120262541558,0.0006427396892198382,0.00020141110512823926,0.008697970998468783,0.06553091548554929,0.364322388087852,88,25344,0.0002910088785706287,0,0.0002774640849306382,7.501694200273591e-05,3,0.0006626952638283775,0.000209083685697874
C6|EXACT|0|FULL|1e-05|0.01|4,no_x_off_1_minus_joint_0,all,C6,EXACT,0,FULL,1e-05,0.01,4,N2A,4,0,8,0,8,0.07381685009366916,7.436777594010488e-07,3.915578224227069e-06,0.43580724366264073,9.136802579965558e-05,1.8630262596034113e-05,2.046944594094225e-05,0.00014873692260784373,0.37097414959383973,0.00046779457902798084,0.00010570272652096828,0.0016848598613714739,0.009199443783609849,0.42795795853285934,96,27648,0.00010953915731358731,1,0.000100854610649137,2.1486549835266866e-05,2,0.0005084907348306909,0.00010904060226761558
C6|EXACT|0|FULL|1e-05|0.01|4,no_x_off_1_minus_joint_0,active,C6,EXACT,0,FULL,1e-05,0.01,4,N2A,4,2,8,2,8,0.07325417211970908,5.549012010510318e-07,3.1770605561174954e-06,0.4179218579865322,9.043644306489987e-05,2.03989268663745e-05,1.9729773548976014e-05,0.0001477026421601395,0.3654827787738444,0.0004880360642964661,0.00013362279404651034,0.0015938544889971549,0.008956614303945712,0.42184450723799244,72,20736,0.0001344507446363642,0,9.971144498404852e-05,2.1383504316561922e-05,2,0.0005170937999136537,0.00013834683454321255
C6|EXACT|0|FULL|1e-05|0.01|4,joint_1_minus_no_x_off_1,all,C6,EXACT,0,FULL,1e-05,0.01,4,N2A,4,0,8,0,8,0.1587464863259513,6.540458317330249e-06,2.2853574313400035e-05,0.5349670386187573,0.00022104265224270208,5.318551641346241e-05,2.905984674933578e-05,0.00042082568553804056,0.26278195544956645,0.0004686469078123211,0.0001149833588537838,0.005984530341757975,0.038046366191520034,0.39660523719733215,96,27648,0.00019631386724825478,0,0.00025768123424578217,5.6677582654727085e-05,2,0.0005229906391759266,0.00012130003598315505
C6|EXACT|0|FULL|1e-05|0.01|4,joint_1_minus_no_x_off_1,active,C6,EXACT,0,FULL,1e-05,0.01,4,N2A,4,1,8,1,8,0.1587464863259513,4.493109518705008e-06,2.0806225514774793e-05,0.4647044717043387,0.0002104675502084702,5.183387885034465e-05,2.4519321178091867e-05,0.00041628515996679666,0.2426938418872919,0.0004656208463587647,0.00011743851491543906,0.004957192150004565,0.03701902799976662,0.3659361975057262,88,25344,0.00019811496665625192,1,0.00024569217605433,5.770427131729465e-05,2,0.0005086212108911173,0.00012514800423738917
C2|EXACT|0|FULL|1e-05|0.01|8,joint_1_minus_joint_0,all,C2,EXACT,0,FULL,1e-05,0.01,8,N2A,4,1,14,1,14,0.223879509312164,3.6771175842722717e-06,3.540060256959765e-05,0.32229118823083497,0.0001778194771890016,4.568032378848708e-05,3.9100467177886954e-05,0.0007962112317996875,0.2216036061480898,0.0005499568319649813,0.0001450735081509109,0.0075534159871459335,0.06660148660128908,0.33676716430052583,96,27648,0.00021271849815943347,0,0.00020983042078834003,5.159843871054441e-05,3,0.0005516895419785479,0.00014987840762497906
C2|EXACT|0|FULL|1e-05|0.01|8,joint_1_minus_joint_0,active,C2,EXACT,0,FULL,1e-05,0.01,8,N2A,4,1,14,1,14,0.223879509312164,3.6771175842722717e-06,3.540060256959765e-05,0.32229118823083497,0.0001778194771890016,4.568032378848708e-05,3.9100467177886954e-05,0.0007962112317996875,0.2216036061480898,0.0005499568319649813,0.0001450735081509109,0.0075534159871459335,0.06660148660128908,0.33676716430052583,96,27648,0.00021271849815943347,0,0.00020983042078834003,5.159843871054441e-05,3,0.0005516895419785479,0.00014987840762497906
C2|EXACT|0|FULL|1e-05|0.01|8,no_x_off_1_minus_joint_0,all,C2,EXACT,0,FULL,1e-05,0.01,8,N2A,4,1,14,1,14,0.08321503476534897,5.940877553736036e-07,3.915578224227069e-06,0.38951783561862896,8.082612530467273e-05,1.609359034028129e-05,1.2072188219588492e-05,0.00014873692260784373,0.28489419698772045,0.0003822702469173543,7.721303087772078e-05,0.001154917341561672,0.009199443783609849,0.35431918337761337,96,27648,8.597012403105309e-05,0,9.790619097712075e-05,1.9283595835216085e-05,2,0.00041167578202371127,8.098093968972503e-05
C2|EXACT|0|FULL|1e-05|0.01|8,no_x_off_1_minus_joint_0,active,C2,EXACT,0,FULL,1e-05,0.01,8,N2A,4,1,14,1,14,0.08318506044745107,5.332508311869339e-07,3.7672524571480086e-06,0.37622998748813563,7.943029637498506e-05,1.7208388232549514e-05,1.2049885313980916e-05,0.000148677730083356,0.2846875636633892,0.000392190201865301,8.751927453866852e-05,0.0011408003588843432,0.009164293846765125,0.352821727072179,84,24192,9.609296871752625e-05,0,9.732886482365378e-05,2.0864274043955743e-05,2,0.00042516185165048285,9.187992834004406e-05
C2|EXACT|0|FULL|1e-05|0.01|8,joint_1_minus_no_x_off_1,all,C2,EXACT,0,FULL,1e-05,0.01,8,N2A,4,1,14,1,14,0.17198521341319556,2.4836400288856722e-06,2.2853574313400035e-05,0.3296607623098045,0.00014574353935820598,3.436600558277437e-05,2.907382895712167e-05,0.00042082568553804056,0.26284516689852055,0.00048028460699060387,0.0001067775562148786,0.004848179998009224,0.038046366191520034,0.35697086854594823,96,27648,0.00015540395223031123,1,0.00015430545391140356,3.968195509905659e-05,2,0.0005002187382242246,0.00011003867042316839
C2|EXACT|0|FULL|1e-05|0.01|8,joint_1_minus_no_x_off_1,active,C2,EXACT,0,FULL,1e-05,0.01,8,N2A,4,1,14,1,14,0.1698748018117318,2.435440754953599e-06,2.0806225514774793e-05,0.3421307693148016,0.00014770695031041142,3.500219745259427e-05,2.897413236605194e-05,0.00041628515996679666,0.26382123884333947,0.0005040555357223399,0.00011029989101539646,0.0047958163754928465,0.03701902799976662,0.35993059756899526,92,26496,0.00015928347004596905,0,0.00015713998986795197,4.0197997923434095e-05,2,0.000505619497148544,0.00011373268734258896
C3|EXACT|0|FULL|1e-05|0.01|8,joint_1_minus_joint_0,all,C3,EXACT,0,FULL,1e-05,0.01,8,N2A,4,1,14,1,14,0.223879509312164,3.6771175842722717e-06,3.540060256959765e-05,0.32229118823083497,0.0001778194771890016,4.568032378848708e-05,3.9100467177886954e-05,0.0007962112317996875,0.2216036061480898,0.0005499568319649813,0.0001450735081509109,0.0075534159871459335,0.06660148660128908,0.33676716430052583,96,27648,0.00021271849815943347,0,0.00020983042078834003,5.159843871054441e-05,3,0.0005516895419785479,0.00014987840762497906
C3|EXACT|0|FULL|1e-05|0.01|8,joint_1_minus_joint_0,active,C3,EXACT,0,FULL,1e-05,0.01,8,N2A,4,1,14,1,14,0.223879509312164,3.6771175842722717e-06,3.540060256959765e-05,0.32229118823083497,0.0001778194771890016,4.568032378848708e-05,3.9100467177886954e-05,0.0007962112317996875,0.2216036061480898,0.0005499568319649813,0.0001450735081509109,0.0075534159871459335,0.06660148660128908,0.33676716430052583,96,27648,0.00021271849815943347,0,0.00020983042078834003,5.159843871054441e-05,3,0.0005516895419785479,0.00014987840762497906
C3|EXACT|0|FULL|1e-05|0.01|8,no_x_off_1_minus_joint_0,all,C3,EXACT,0,FULL,1e-05,0.01,8,N2A,4,1,14,1,14,0.08321503476534897,5.940877553736036e-07,3.915578224227069e-06,0.38951783561862896,8.082612530467273e-05,1.609359034028129e-05,1.2072188219588492e-05,0.00014873692260784373,0.28489419698772045,0.0003822702469173543,7.721303087772078e-05,0.001154917341561672,0.009199443783609849,0.35431918337761337,96,27648,8.597012403105309e-05,0,9.790619097712075e-05,1.9283595835216085e-05,2,0.00041167578202371127,8.098093968972503e-05
C3|EXACT|0|FULL|1e-05|0.01|8,no_x_off_1_minus_joint_0,active,C3,EXACT,0,FULL,1e-05,0.01,8,N2A,4,1,14,1,14,0.08318506044745107,5.332508311869339e-07,3.7672524571480086e-06,0.37622998748813563,7.943029637498506e-05,1.7208388232549514e-05,1.2049885313980916e-05,0.000148677730083356,0.2846875636633892,0.000392190201865301,8.751927453866852e-05,0.0011408003588843432,0.009164293846765125,0.352821727072179,84,24192,9.609296871752625e-05,0,9.732886482365378e-05,2.0864274043955743e-05,2,0.00042516185165048285,9.187992834004406e-05
C3|EXACT|0|FULL|1e-05|0.01|8,joint_1_minus_no_x_off_1,all,C3,EXACT,0,FULL,1e-05,0.01,8,N2A,4,1,14,1,14,0.17198521341319556,2.4836400288856722e-06,2.2853574313400035e-05,0.3296607623098045,0.00014574353935820598,3.436600558277437e-05,2.907382895712167e-05,0.00042082568553804056,0.26284516689852055,0.00048028460699060387,0.0001067775562148786,0.004848179998009224,0.038046366191520034,0.35697086854594823,96,27648,0.00015540395223031123,1,0.00015430545391140356,3.968195509905659e-05,2,0.0005002187382242246,0.00011003867042316839
C3|EXACT|0|FULL|1e-05|0.01|8,joint_1_minus_no_x_off_1,active,C3,EXACT,0,FULL,1e-05,0.01,8,N2A,4,1,14,1,14,0.1698748018117318,2.435440754953599e-06,2.0806225514774793e-05,0.3421307693148016,0.00014770695031041142,3.500219745259427e-05,2.897413236605194e-05,0.00041628515996679666,0.26382123884333947,0.0005040555357223399,0.00011029989101539646,0.0047958163754928465,0.03701902799976662,0.35993059756899526,92,26496,0.00015928347004596905,0,0.00015713998986795197,4.0197997923434095e-05,2,0.000505619497148544,0.00011373268734258896
C4_PCA|EXACT|0|1|1e-05|0.01|8,joint_1_minus_joint_0,all,C4_PCA,EXACT,0,1,1e-05,0.01,8,N2A,4,1,1,1,14,0.20331505618461077,5.121988657878956e-06,3.540060256959765e-05,0.3803767636464316,0.00020920093645352577,5.868651314385763e-05,7.077626245408056e-05,0.0007962112317996875,0.2981464636656709,0.0007214002305141295,0.00022264483710232602,0.00944455045317762,0.06660148660128908,0.3765725714180059,96,27648,0.00028407464117473255,0,0.0002395524729056923,6.718143218592432e-05,2,0.0008169271771730454,0.00023512400062771272
C4_PCA|EXACT|0|1|1e-05|0.01|8,joint_1_minus_joint_0,active,C4_PCA,EXACT,0,1,1e-05,0.01,8,N2A,4,1,1,1,14,0.20331505618461077,5.121988657878956e-06,3.540060256959765e-05,0.3803767636464316,0.00020920093645352577,5.868651314385763e-05,7.077626245408056e-05,0.0007962112317996875,0.2981464636656709,0.0007214002305141295,0.00022264483710232602,0.00944455045317762,0.06660148660128908,0.3765725714180059,96,27648,0.00028407464117473255,0,0.0002395524729056923,6.718143218592432e-05,2,0.0008169271771730454,0.00023512400062771272
C4_PCA|EXACT|0|1|1e-05|0.01|8,no_x_off_1_minus_joint_0,all,C4_PCA,EXACT,0,1,1e-05,0.01,8,N2A,4,1,1,1,14,0.07230415083253841,8.684737750366952e-07,3.915578224227069e-06,0.47095607361497194,9.671987258816258e-05,2.1841970173302416e-05,3.137191983054431e-05,0.00014873692260784373,0.45926267647502433,0.000533916083587648,0.00013799447994614352,0.002094239519672643,0.009199443783609849,0.4771252389476682,96,27648,0.00012784834294739654,1,0.0001116919992779214,2.555231824793906e-05,3,0.0005440276165591448,0.00014051657236701295
C4_PCA|EXACT|0|1|1e-05|0.01|8,no_x_off_1_minus_joint_0,active,C4_PCA,EXACT,0,1,1e-05,0.01,8,N2A,4,1,1,1,14,0.07226965129473308,8.076368508500256e-07,3.7672524571480086e-06,0.4630156824758632,9.619969002861144e-05,2.3777965184573662e-05,3.134961692493673e-05,0.000148677730083356,0.45919077877648423,0.0005396803827731024,0.00015698378775972312,0.002080122536995314,0.009164293846765125,0.47642545415576554,84,24192,0.00014395379033620446,1,0.00010765103795426049,2.7730331035480542e-05,3,0.0005454401514568003,0.00015980753795686686
C4_PCA|EXACT|0|1|1e-05|0.01|8,joint_1_minus_no_x_off_1,all,C4_PCA,EXACT,0,1,1e-05,0.01,8,N2A,4,1,1,1,14,0.1575541235972277,3.928049903618359e-06,2.2853574313400035e-05,0.41458294427864595,0.00017342367650802898,4.56010049836081e-05,4.4764799366073355e-05,0.00042082568553804056,0.32614986371521815,0.0006254089346504237,0.00014744005590918536,0.005890437674371685,0.038046366191520034,0.3934750423314522,96,27648,0.0001989075765670031,1,0.0002279665265087285,5.085310358565595e-05,3,0.0006497532579399791,0.0001534550040076942
C4_PCA|EXACT|0|1|1e-05|0.01|8,joint_1_minus_no_x_off_1,active,C4_PCA,EXACT,0,1,1e-05,0.01,8,N2A,4,1,1,1,14,0.15524766188346684,3.879850629686286e-06,2.0806225514774793e-05,0.43182805315957556,0.00017695640058411674,4.672567508824687e-05,4.466510277500362e-05,0.00041628515996679666,0.3275583722296946,0.0006268462076830304,0.00015273032547902092,0.005838074051855308,0.03701902799976662,0.39712048846245,92,26496,0.0002046785563103432,1,0.0002291234790613656,5.257796139278998e-05,3,0.0006648690636881673,0.0001572915746172997
C4_PCA|EXACT|0|2|1e-05|0.01|8,joint_1_minus_joint_0,all,C4_PCA,EXACT,0,2,1e-05,0.01,8,N2A,4,1,2,1,14,0.2055341749068659,4.393337212228827e-06,3.540060256959765e-05,0.35228320781738426,0.00020086963707489282,5.4376786888254164e-05,6.433164312899847e-05,0.0007962112317996875,0.28424849387196094,0.0007209907686631412,0.000205475593285862,0.008464985399944357,0.06660148660128908,0.3565095312343627,96,27648,0.0002626389913810233,0,0.0002199030556757061,6.31345429155532e-05,2,0.0007860384402439145,0.00021563756635938256
C4_PCA|EXACT|0|2|1e-05|0.01|8,joint_1_minus_joint_0,active,C4_PCA,EXACT,0,2,1e-05,0.01,8,N2A,4,1,2,1,14,0.2055341749068659,4.393337212228827e-06,3.540060256959765e-05,0.35228320781738426,0.00020086963707489282,5.4376786888254164e-05,6.433164312899847e-05,0.0007962112317996875,0.28424849387196094,0.0007209907686631412,0.000205475593285862,0.008464985399944357,0.06660148660128908,0.3565095312343627,96,27648,0.0002626389913810233,0,0.0002199030556757061,6.31345429155532e-05,2,0.0007860384402439145,0.00021563756635938256
C4_PCA|EXACT|0|2|1e-05|0.01|8,no_x_off_1_minus_joint_0,all,C4_PCA,EXACT,0,2,1e-05,0.01,8,N2A,4,1,2,1,14,0.07384607860649248,8.435573148023933e-07,3.915578224227069e-06,0.4641510588787232,9.691685789982838e-05,2.0911959763803958e-05,2.8724088085992393e-05,0.00014873692260784373,0.4394543109159275,0.0005076800725473034,0.00013002189511859846,0.0019152843346012453,0.009199443783609849,0.45628463375916817,96,27648,0.00012050949092260199,1,0.00010892446351727665,2.4786458476956317e-05,2,0.0005236550879391931,0.00013248753026229027
C4_PCA|EXACT|0|2|1e-05|0.01|8,no_x_off_1_minus_joint_0,active,C4_PCA,EXACT,0,2,1e-05,0.01,8,N2A,4,1,2,1,14,0.07381229976233036,7.827203906157236e-07,3.7672524571480086e-06,0.45581746497515635,9.675040767330521e-05,2.2715096145146852e-05,2.8701785180384817e-05,0.000148677730083356,0.4393711064712044,0.0005102382322094696,0.00014787226224252873,0.0019011673519239165,0.009164293846765125,0.4554709373867194,84,24192,0.0001355665308792964,1,0.00010333803352658782,2.6855062725785997e-05,3,0.0005396750817510433,0.0001502519160298737
C4_PCA|EXACT|0|2|1e-05|0.01|8,joint_1_minus_no_x_off_1,all,C4_PCA,EXACT,0,2,1e-05,0.01,8,N2A,4,1,2,1,14,0.1586868487501821,3.2814521319684966e-06,2.2853574313400035e-05,0.3789273650131746,0.00015997028413462086,4.1834346154431575e-05,4.320288622431319e-05,0.00042082568553804056,0.3204094090053241,0.0006004871831332215,0.00014235347607378856,0.005363458016315428,0.038046366191520034,0.3754618804329717,96,27648,0.0001860409550313309,1,0.00019756982835820807,4.717688880631813e-05,2,0.0006232561240794684,0.00014819930979219437
C4_PCA|EXACT|0|2|1e-05|0.01|8,joint_1_minus_no_x_off_1,active,C4_PCA,EXACT,0,2,1e-05,0.01,8,N2A,4,1,2,1,14,0.15639709276088196,3.233252858036423e-06,2.0806225514774793e-05,0.3942059584315644,0.00016448657069513181,4.2795248483888745e-05,4.310318963324346e-05,0.00041628515996679666,0.32178014273930894,0.0006067751264829931,0.00014742258999860685,0.005311094393799051,0.03701902799976662,0.3787734279546496,92,26496,0.00019125251644703308,0,0.00020409943539038782,4.9020090284359024e-05,2,0.0006297282538028227,0.00015355248494505083
C4_PCA|EXACT|0|4|1e-05|0.01|8,joint_1_minus_joint_0,all,C4_PCA,EXACT,0,4,1e-05,0.01,8,N2A,4,1,4,1,14,0.21032078419213715,4.273660254946205e-06,3.540060256959765e-05,0.3474518830667421,0.000194773278098612,5.232473595509593e-05,5.243201519261176e-05,0.0007962112317996875,0.25661623278470846,0.0006845708987777526,0.00018687503824165277,0.008406393950502827,0.06660148660128908,0.35527357628259304,96,27648,0.0002449611172624531,0,0.00022097523843557808,5.903156959977901e-05,2,0.0006908720846559308,0.00019631424493850636
C4_PCA|EXACT|0|4|1e-05|0.01|8,joint_1_minus_joint_0,active,C4_PCA,EXACT,0,4,1e-05,0.01,8,N2A,4,1,4,1,14,0.21032078419213715,4.273660254946205e-06,3.540060256959765e-05,0.3474518830667421,0.000194773278098612,5.232473595509593e-05,5.243201519261176e-05,0.0007962112317996875,0.25661623278470846,0.0006845708987777526,0.00018687503824165277,0.008406393950502827,0.06660148660128908,0.35527357628259304,96,27648,0.0002449611172624531,0,0.00022097523843557808,5.903156959977901e-05,2,0.0006908720846559308,0.00019631424493850636
C4_PCA|EXACT|0|4|1e-05|0.01|8,no_x_off_1_minus_joint_0,all,C4_PCA,EXACT,0,4,1e-05,0.01,8,N2A,4,1,4,1,14,0.07709344656830754,7.419029889473965e-07,3.915578224227069e-06,0.4352869108832966,8.908858177284604e-05,1.942296685975618e-05,2.4381216222618497e-05,0.00014873692260784373,0.40487250730365415,0.000492177723886518,0.0001146648251580437,0.0016573925450372854,0.009199443783609849,0.42445524604522833,96,27648,0.00010974920227457976,1,0.00010287795662064603,2.3706490874987664e-05,3,0.0005221496323090408,0.0001168432582934113
C4_PCA|EXACT|0|4|1e-05|0.01|8,no_x_off_1_minus_joint_0,active,C4_PCA,EXACT,0,4,1e-05,0.01,8,N2A,4,1,4,1,14,0.0770610911837377,6.810660647607268e-07,3.7672524571480086e-06,0.42518923286725874,8.859972322237843e-05,2.101338996909224e-05,2.435891331701092e-05,0.000148677730083356,0.40476783513366066,0.0005030151086500123,0.00013032132514475186,0.0016432755623599564,0.009164293846765125,0.4234534693042939,84,24192,0.00012326905813869957,0,0.0001059739687202792,2.494123300852791e-05,3,0.000541297826646709,0.0001327523218727507
C4_PCA|EXACT|0|4|1e-05|0.01|8,joint_1_minus_no_x_off_1,all,C4_PCA,EXACT,0,4,1e-05,0.01,8,N2A,4,1,4,1,14,0.1614035225243852,3.29063914006118e-06,2.2853574313400035e-05,0.3794574315002486,0.00016677208779811647,4.165508691687553e-05,3.594034459952874e-05,0.00042082568553804056,0.2922402284078234,0.0005899254039250063,0.0001327585712597717,0.0053421423241169184,0.038046366191520034,0.37471504906138736,96,27648,0.00017781676511046163,0,0.00018638578802530838,4.6317894391135843e-05,2,0.0006091282198211349,0.0001365232334126272
C4_PCA|EXACT|0|4|1e-05|0.01|8,joint_1_minus_no_x_off_1,active,C4_PCA,EXACT,0,4,1e-05,0.01,8,N2A,4,1,4,1,14,0.15915285652815803,3.2424398661291065e-06,2.0806225514774793e-05,0.39476561221381545,0.00016728883215192392,4.2608195366438965e-05,3.5840648008459015e-05,0.00041628515996679666,0.2934218574955586,0.0005911205381699494,0.00013741051541006754,0.005289778701600542,0.03701902799976662,0.3780125739364668,92,26496,0.00018267075305134338,0,0.00019459652364491492,4.7852894994678455e-05,2,0.0006178344623788309,0.00014136875307071986
C4_PCA|EXACT|0|FULL|1e-05|0.01|8,joint_1_minus_joint_0,all,C4_PCA,EXACT,0,FULL,1e-05,0.01,8,N2A,4,1,14,1,14,0.223879509312164,3.6771175842722717e-06,3.540060256959765e-05,0.32229118823083497,0.0001778194771890016,4.568032378848708e-05,3.9100467177886954e-05,0.0007962112317996875,0.2216036061480898,0.0005499568319649813,0.0001450735081509109,0.0075534159871459335,0.06660148660128908,0.33676716430052583,96,27648,0.00021271849815943347,0,0.00020983042078834003,5.159843871054441e-05,3,0.0005516895419785479,0.00014987840762497906
C4_PCA|EXACT|0|FULL|1e-05|0.01|8,joint_1_minus_joint_0,active,C4_PCA,EXACT,0,FULL,1e-05,0.01,8,N2A,4,1,14,1,14,0.223879509312164,3.6771175842722717e-06,3.540060256959765e-05,0.32229118823083497,0.0001778194771890016,4.568032378848708e-05,3.9100467177886954e-05,0.0007962112317996875,0.2216036061480898,0.0005499568319649813,0.0001450735081509109,0.0075534159871459335,0.06660148660128908,0.33676716430052583,96,27648,0.00021271849815943347,0,0.00020983042078834003,5.159843871054441e-05,3,0.0005516895419785479,0.00014987840762497906
C4_PCA|EXACT|0|FULL|1e-05|0.01|8,no_x_off_1_minus_joint_0,all,C4_PCA,EXACT,0,FULL,1e-05,0.01,8,N2A,4,1,14,1,14,0.08321503476534897,5.940877553736036e-07,3.915578224227069e-06,0.38951783561862896,8.082612530467273e-05,1.609359034028129e-05,1.2072188219588492e-05,0.00014873692260784373,0.28489419698772045,0.0003822702469173543,7.721303087772078e-05,0.001154917341561672,0.009199443783609849,0.35431918337761337,96,27648,8.597012403105309e-05,0,9.790619097712075e-05,1.9283595835216085e-05,2,0.00041167578202371127,8.098093968972503e-05
C4_PCA|EXACT|0|FULL|1e-05|0.01|8,no_x_off_1_minus_joint_0,active,C4_PCA,EXACT,0,FULL,1e-05,0.01,8,N2A,4,1,14,1,14,0.08318506044745107,5.332508311869339e-07,3.7672524571480086e-06,0.37622998748813563,7.943029637498506e-05,1.7208388232549514e-05,1.2049885313980916e-05,0.000148677730083356,0.2846875636633892,0.000392190201865301,8.751927453866852e-05,0.0011408003588843432,0.009164293846765125,0.352821727072179,84,24192,9.609296871752625e-05,0,9.732886482365378e-05,2.0864274043955743e-05,2,0.00042516185165048285,9.187992834004406e-05
C4_PCA|EXACT|0|FULL|1e-05|0.01|8,joint_1_minus_no_x_off_1,all,C4_PCA,EXACT,0,FULL,1e-05,0.01,8,N2A,4,1,14,1,14,0.17198521341319556,2.4836400288856722e-06,2.2853574313400035e-05,0.3296607623098045,0.00014574353935820598,3.436600558277437e-05,2.907382895712167e-05,0.00042082568553804056,0.26284516689852055,0.00048028460699060387,0.0001067775562148786,0.004848179998009224,0.038046366191520034,0.35697086854594823,96,27648,0.00015540395223031123,1,0.00015430545391140356,3.968195509905659e-05,2,0.0005002187382242246,0.00011003867042316839
C4_PCA|EXACT|0|FULL|1e-05|0.01|8,joint_1_minus_no_x_off_1,active,C4_PCA,EXACT,0,FULL,1e-05,0.01,8,N2A,4,1,14,1,14,0.1698748018117318,2.435440754953599e-06,2.0806225514774793e-05,0.3421307693148016,0.00014770695031041142,3.500219745259427e-05,2.897413236605194e-05,0.00041628515996679666,0.26382123884333947,0.0005040555357223399,0.00011029989101539646,0.0047958163754928465,0.03701902799976662,0.35993059756899526,92,26496,0.00015928347004596905,0,0.00015713998986795197,4.0197997923434095e-05,2,0.000505619497148544,0.00011373268734258896
C4_RANDOM|EXACT|0|1|1e-05|0.01|8,joint_1_minus_joint_0,all,C4_RANDOM,EXACT,0,1,1e-05,0.01,8,N2A,4,1,1,1,14,0.044883672659037206,3.072080995845152e-05,3.540060256959765e-05,0.9315603677730194,0.0005480281992926721,0.00014795687942467683,0.0007548941713559325,0.0007962112317996875,0.9737083318921843,0.0028283992817525784,0.0007529510953295892,0.062175980520061326,0.06660148660128908,0.966205176419524,96,27648,0.0008053081415056843,0,0.0005865005296663465,0.0001574002222895866,1,0.0028363573858629764,0.0007654962580982092
C4_RANDOM|EXACT|0|1|1e-05|0.01|8,joint_1_minus_joint_0,active,C4_RANDOM,EXACT,0,1,1e-05,0.01,8,N2A,4,1,1,1,14,0.044883672659037206,3.072080995845152e-05,3.540060256959765e-05,0.9315603677730194,0.0005480281992926721,0.00014795687942467683,0.0007548941713559325,0.0007962112317996875,0.9737083318921843,0.0028283992817525784,0.0007529510953295892,0.062175980520061326,0.06660148660128908,0.966205176419524,96,27648,0.0008053081415056843,0,0.0005865005296663465,0.0001574002222895866,1,0.0028363573858629764,0.0007654962580982092
C4_RANDOM|EXACT|0|1|1e-05|0.01|8,no_x_off_1_minus_joint_0,all,C4_RANDOM,EXACT,0,1,1e-05,0.01,8,N2A,4,1,1,1,14,0.01589891892469487,4.008571297653789e-06,3.915578224227069e-06,1.0118050762663924,0.00019196008819250874,4.5389053909187466e-05,0.00014507832089395017,0.00014873692260784373,0.9876245216194378,0.0010679836178313978,0.00030396943321473645,0.009136384462512049,0.009199443783609849,0.9965667622115424,96,27648,0.0002833051201151614,1,0.0002062748071510908,4.866868657337119e-05,1,0.0010743865158072308,0.0003055744104590182
C4_RANDOM|EXACT|0|1|1e-05|0.01|8,no_x_off_1_minus_joint_0,active,C4_RANDOM,EXACT,0,1,1e-05,0.01,8,N2A,4,1,1,1,14,0.01574127992324226,3.947734373467119e-06,3.7672524571480086e-06,1.0236738261557297,0.00019671599788929165,5.0688918025585136e-05,0.0001450560179883426,0.000148677730083356,0.9877451698971206,0.001075338665992417,0.000346669448638115,0.009122267479834719,0.009164293846765125,0.997704424344297,84,24192,0.00032161867852793574,0,0.0002126366702944184,5.2253201532474204e-05,0,0.0010833163436883941,0.00034678141590241136
C4_RANDOM|EXACT|0|1|1e-05|0.01|8,joint_1_minus_no_x_off_1,all,C4_RANDOM,EXACT,0,1,1e-05,0.01,8,N2A,4,1,1,1,14,0.041626211647581284,1.836265534061032e-05,2.2853574313400035e-05,0.896376938183324,0.0004188853360502804,0.00010585168187923294,0.00039448177762180773,0.00042082568553804056,0.9681939254170806,0.0021250812183145258,0.00044900010532120734,0.03456551328530001,0.038046366191520034,0.953158035241237,96,27648,0.0005331488559989526,1,0.00044362164367948975,0.00011616516307242808,1,0.002104328074089144,0.00045992184763919106
C4_RANDOM|EXACT|0|1|1e-05|0.01|8,joint_1_minus_no_x_off_1,active,C4_RANDOM,EXACT,0,1,1e-05,0.01,8,N2A,4,1,1,1,14,0.03180056845281184,1.8314456066678242e-05,2.0806225514774793e-05,0.9382106569131531,0.0004231925911247016,0.00010959594663150757,0.00039438208103073803,0.00041628515996679666,0.9733367530798415,0.002142961240153603,0.00046740168138721775,0.03451314966278363,0.03701902799976662,0.9655611685710118,92,26496,0.0005534520652828122,1,0.0004526215639603266,0.00012072967563985658,1,0.0021161426645112448,0.00047874874678663045
C4_RANDOM|EXACT|0|2|1e-05|0.01|8,joint_1_minus_joint_0,all,C4_RANDOM,EXACT,0,2,1e-05,0.01,8,N2A,4,1,2,1,14,0.1364978077984945,1.267925300932949e-05,3.540060256959765e-05,0.5984687898081387,0.0003569021397804261,9.112134809931516e-05,0.00037986777822528016,0.0007962112317996875,0.6907200750325228,0.0019081081969753119,0.0004881576618580419,0.031112408221810956,0.06660148660128908,0.6834784922359175,96,27648,0.0005294932279672435,2,0.0003825966474221189,9.241165374085357e-05,3,0.001784388965883025,0.0004954402838786726
C4_RANDOM|EXACT|0|2|1e-05|0.01|8,joint_1_minus_joint_0,active,C4_RANDOM,EXACT,0,2,1e-05,0.01,8,N2A,4,1,2,1,14,0.1364978077984945,1.267925300932949e-05,3.540060256959765e-05,0.5984687898081387,0.0003569021397804261,9.112134809931516e-05,0.00037986777822528016,0.0007962112317996875,0.6907200750325228,0.0019081081969753119,0.0004881576618580419,0.031112408221810956,0.06660148660128908,0.6834784922359175,96,27648,0.0005294932279672435,2,0.0003825966474221189,9.241165374085357e-05,3,0.001784388965883025,0.0004954402838786726
C4_RANDOM|EXACT|0|2|1e-05|0.01|8,no_x_off_1_minus_joint_0,all,C4_RANDOM,EXACT,0,2,1e-05,0.01,8,N2A,4,1,2,1,14,0.05929512928960495,1.7264891735808852e-06,3.915578224227069e-06,0.6640243071622828,0.00012496139325575707,3.0111701550641006e-05,6.28537099806062e-05,0.00014873692260784373,0.6500639206607138,0.000748613088192016,0.00018723038275664445,0.004050604976682547,0.009199443783609849,0.6635584149274418,96,27648,0.0001789094893464025,1,0.00013741752183469685,3.215607053126578e-05,2,0.0007510762538917748,0.00018791173403848041
C4_RANDOM|EXACT|0|2|1e-05|0.01|8,no_x_off_1_minus_joint_0,active,C4_RANDOM,EXACT,0,2,1e-05,0.01,8,N2A,4,1,2,1,14,0.05925305585468834,1.6656522493942156e-06,3.7672524571480086e-06,0.66493593705152,0.00012922247374702624,3.32290867586749e-05,6.283140707499862e-05,0.000148677730083356,0.650077944586806,0.000762060572501213,0.00021325339097172418,0.004036487994005218,0.009164293846765125,0.6636702183702741,84,24192,0.00020230938622078275,1,0.00014530850045392887,3.527747650213966e-05,3,0.0007618158500025626,0.00021307772415665087
C4_RANDOM|EXACT|0|2|1e-05|0.01|8,joint_1_minus_no_x_off_1,all,C4_RANDOM,EXACT,0,2,1e-05,0.01,8,N2A,4,1,2,1,14,0.1096152499129563,9.94748919419059e-06,2.2853574313400035e-05,0.6597504136734917,0.0003232802599459785,7.314909677886335e-05,0.00026906333023811793,0.00042082568553804056,0.7996061704018104,0.0016206681970436492,0.0003400700415541298,0.02198702553901325,0.038046366191520034,0.7601978703591027,96,27648,0.0003972897435145035,0,0.0003398994361981061,7.835358297631052e-05,2,0.001626574625216608,0.0003435432835097717
C4_RANDOM|EXACT|0|2|1e-05|0.01|8,joint_1_minus_no_x_off_1,active,C4_RANDOM,EXACT,0,2,1e-05,0.01,8,N2A,4,1,2,1,14,0.10627340999174067,9.899289920258515e-06,2.0806225514774793e-05,0.6897716983558766,0.0003286872438973539,7.547151000503496e-05,0.0002689636336470482,0.00041628515996679666,0.8038061359824495,0.0016238726720423451,0.0003537355278911369,0.021934661916496873,0.03701902799976662,0.7697557943794445,92,26496,0.00041168603486425664,1,0.0003424801892289237,8.171139769169047e-05,2,0.0016287706656807391,0.0003573896749112185
C4_RANDOM|EXACT|0|4|1e-05|0.01|8,joint_1_minus_joint_0,all,C4_RANDOM,EXACT,0,4,1e-05,0.01,8,N2A,4,1,4,1,14,0.20219570416806684,6.666427327739769e-06,3.540060256959765e-05,0.43395155342471653,0.00023111424973179333,6.528184237444009e-05,0.0001115629435744301,0.0007962112317996875,0.37432241354982776,0.0010166456897052632,0.00026295325182509156,0.01259133293598574,0.06660148660128908,0.4348043619095167,96,27648,0.00032839767252717107,1,0.0002586644646098221,7.473905862760629e-05,2,0.0010596283347280367,0.0002695367883716005
C4_RANDOM|EXACT|0|4|1e-05|0.01|8,joint_1_minus_joint_0,active,C4_RANDOM,EXACT,0,4,1e-05,0.01,8,N2A,4,1,4,1,14,0.20219570416806684,6.666427327739769e-06,3.540060256959765e-05,0.43395155342471653,0.00023111424973179333,6.528184237444009e-05,0.0001115629435744301,0.0007962112317996875,0.37432241354982776,0.0010166456897052632,0.00026295325182509156,0.01259133293598574,0.06660148660128908,0.4348043619095167,96,27648,0.00032839767252717107,1,0.0002586644646098221,7.473905862760629e-05,2,0.0010596283347280367,0.0002695367883716005
C4_RANDOM|EXACT|0|4|1e-05|0.01|8,no_x_off_1_minus_joint_0,all,C4_RANDOM,EXACT,0,4,1e-05,0.01,8,N2A,4,1,4,1,14,0.0823918324566376,1.3718281831290573e-06,3.915578224227069e-06,0.5919048630626121,0.0001193470812554443,2.699670653039921e-05,2.7891721212486685e-05,0.00014873692260784373,0.4330402472065945,0.0005614640073923028,0.0001238764604183258,0.002335311732408254,0.009199443783609849,0.5038388426274751,96,27648,0.00013791389237665288,1,0.00013019197247012338,3.035344699839372e-05,3,0.0005825182651431702,0.0001246619298960947
C4_RANDOM|EXACT|0|4|1e-05|0.01|8,no_x_off_1_minus_joint_0,active,C4_RANDOM,EXACT,0,4,1e-05,0.01,8,N2A,4,1,4,1,14,0.0823615585465118,1.3109912589423878e-06,3.7672524571480086e-06,0.5899124141859281,0.00012343113070137926,2.966909244982713e-05,2.786941830687911e-05,0.000148677730083356,0.4329532370948473,0.0005743567046206477,0.00014084890829936002,0.002321194749730925,0.009164293846765125,0.503276076816687,84,24192,0.00015545727539821174,1,0.00013678423110283726,3.321733532171445e-05,3,0.0005964401150338794,0.0001416879465615317
C4_RANDOM|EXACT|0|4|1e-05|0.01|8,joint_1_minus_no_x_off_1,all,C4_RANDOM,EXACT,0,4,1e-05,0.01,8,N2A,4,1,4,1,14,0.15268776255734554,5.24644390501101e-06,2.2853574313400035e-05,0.4791323009701846,0.00023292091403908014,5.2109120260251754e-05,7.527021907253355e-05,0.00042082568553804056,0.42292218786170865,0.0009980489176827172,0.00018942683330493346,0.008244989973495143,0.038046366191520034,0.46552013926964664,96,27648,0.00024166673938452735,0,0.0002459746071381088,5.6219707451995624e-05,2,0.0010176764008948255,0.00019100457270330418
C4_RANDOM|EXACT|0|4|1e-05|0.01|8,joint_1_minus_no_x_off_1,active,C4_RANDOM,EXACT,0,4,1e-05,0.01,8,N2A,4,1,4,1,14,0.15030664487161263,5.198244631078937e-06,2.0806225514774793e-05,0.4998408036616518,0.00023645148387751706,5.3516751898657635e-05,7.517052248146382e-05,0.00041628515996679666,0.42494069110238697,0.0010100898593042335,0.00019654261493545373,0.008192626350978767,0.03701902799976662,0.4704343965087054,92,26496,0.00024929681316341196,0,0.00024953738600459025,5.8185221666879974e-05,2,0.0010233100088317495,0.00019821884624360018
C4_RANDOM|EXACT|0|FULL|1e-05|0.01|8,joint_1_minus_joint_0,all,C4_RANDOM,EXACT,0,FULL,1e-05,0.01,8,N2A,4,1,14,1,14,0.22387950931216402,3.6771175842722696e-06,3.540060256959765e-05,0.32229118823083486,0.00017781947718900122,4.568032378848706e-05,3.9100467177887055e-05,0.0007962112317996875,0.22160360614809008,0.0005499568319649808,0.0001450735081509109,0.0075534159871459275,0.06660148660128908,0.3367671643005257,96,27648,0.00021271849815943347,0,0.00020983042078833998,5.15984387105444e-05,3,0.0005516895419785474,0.0001498784076249791
C4_RANDOM|EXACT|0|FULL|1e-05|0.01|8,joint_1_minus_joint_0,active,C4_RANDOM,EXACT,0,FULL,1e-05,0.01,8,N2A,4,1,14,1,14,0.22387950931216402,3.6771175842722696e-06,3.540060256959765e-05,0.32229118823083486,0.00017781947718900122,4.568032378848706e-05,3.9100467177887055e-05,0.0007962112317996875,0.22160360614809008,0.0005499568319649808,0.0001450735081509109,0.0075534159871459275,0.06660148660128908,0.3367671643005257,96,27648,0.00021271849815943347,0,0.00020983042078833998,5.15984387105444e-05,3,0.0005516895419785474,0.0001498784076249791
C4_RANDOM|EXACT|0|FULL|1e-05|0.01|8,no_x_off_1_minus_joint_0,all,C4_RANDOM,EXACT,0,FULL,1e-05,0.01,8,N2A,4,1,14,1,14,0.08321503476534901,5.940877553736034e-07,3.915578224227069e-06,0.3895178356186289,8.08261253046726e-05,1.6093590340281284e-05,1.2072188219588482e-05,0.00014873692260784373,0.28489419698772034,0.00038227024691735444,7.72130308777207e-05,0.0011549173415616718,0.009199443783609849,0.3543191833776133,96,27648,8.597012403105307e-05,0,9.790619097712084e-05,1.928359583521609e-05,2,0.00041167578202371116,8.098093968972496e-05
C4_RANDOM|EXACT|0|FULL|1e-05|0.01|8,no_x_off_1_minus_joint_0,active,C4_RANDOM,EXACT,0,FULL,1e-05,0.01,8,N2A,4,1,14,1,14,0.08318506044745111,5.332508311869337e-07,3.7672524571480086e-06,0.3762299874881355,7.943029637498489e-05,1.7208388232549507e-05,1.2049885313980904e-05,0.000148677730083356,0.2846875636633891,0.000392190201865301,8.751927453866844e-05,0.0011408003588843428,0.009164293846765125,0.35282172707217896,84,24192,9.609296871752621e-05,0,9.732886482365391e-05,2.0864274043955746e-05,2,0.0004251618516504823,9.1879928340044e-05
C4_RANDOM|EXACT|0|FULL|1e-05|0.01|8,joint_1_minus_no_x_off_1,all,C4_RANDOM,EXACT,0,FULL,1e-05,0.01,8,N2A,4,1,14,1,14,0.1719852134131956,2.48364002888567e-06,2.2853574313400035e-05,0.3296607623098044,0.00014574353935820577,3.4366005582774344e-05,2.9073828957121788e-05,0.00042082568553804056,0.26284516689852105,0.00048028460699060463,0.00010677755621487868,0.00484817999800922,0.038046366191520034,0.356970868545948,96,27648,0.00015540395223031126,1,0.00015430545391140337,3.9681955099056553e-05,2,0.0005002187382242253,0.0001100386704231685
C4_RANDOM|EXACT|0|FULL|1e-05|0.01|8,joint_1_minus_no_x_off_1,active,C4_RANDOM,EXACT,0,FULL,1e-05,0.01,8,N2A,4,1,14,1,14,0.1698748018117318,2.4354407549535967e-06,2.0806225514774793e-05,0.3421307693148014,0.0001477069503104113,3.500219745259425e-05,2.897413236605206e-05,0.00041628515996679666,0.26382123884334,0.0005040555357223407,0.00011029989101539655,0.004795816375492843,0.03701902799976662,0.3599305975689951,92,26496,0.00015928347004596908,0,0.00015713998986795192,4.0197997923434074e-05,2,0.0005056194971485449,0.00011373268734258906
C5|EXACT|0|1|1e-05|0.01|8,joint_1_minus_joint_0,all,C5,EXACT,0,1,1e-05,0.01,8,N2A,4,1,1,1,14,0.2158502429090016,4.5137155330569215e-06,3.540060256959765e-05,0.3570769079146436,0.00019830705875506315,5.1657841222847346e-05,7.387200855100955e-05,0.0007962112317996875,0.30459712783928267,0.0007786329813155827,0.00019462991686311777,0.009513940127611706,0.06660148660128908,0.37795339036988185,96,27648,0.00024008228509167764,1,0.00021546713222434722,6.32777346332421e-05,1,0.0008545473046373761,0.0002003225014593418
C5|EXACT|0|1|1e-05|0.01|8,joint_1_minus_joint_0,active,C5,EXACT,0,1,1e-05,0.01,8,N2A,4,1,1,1,14,0.2158502429090016,4.5137155330569215e-06,3.540060256959765e-05,0.3570769079146436,0.00019830705875506315,5.1657841222847346e-05,7.387200855100955e-05,0.0007962112317996875,0.30459712783928267,0.0007786329813155827,0.00019462991686311777,0.009513940127611706,0.06660148660128908,0.37795339036988185,96,27648,0.00024008228509167764,1,0.00021546713222434722,6.32777346332421e-05,1,0.0008545473046373761,0.0002003225014593418
C5|EXACT|0|1|1e-05|0.01|8,no_x_off_1_minus_joint_0,all,C5,EXACT,0,1,1e-05,0.01,8,N2A,4,1,1,1,14,0.08192618571989116,8.040076956495261e-07,3.915578224227069e-06,0.45313973937587226,9.080204385035892e-05,2.0073743244215457e-05,2.524775373986418e-05,0.00014873692260784373,0.41200451655669096,0.00046938551907761087,0.00010831738132747565,0.0014766533357636277,0.009199443783609849,0.4006438591324019,96,27648,9.859264680929179e-05,3,0.00010461250262375605,2.1226399620246724e-05,3,0.0004809262411627062,0.00011099064338461594
C5|EXACT|0|1|1e-05|0.01|8,no_x_off_1_minus_joint_0,active,C5,EXACT,0,1,1e-05,0.01,8,N2A,4,1,1,1,14,0.08189573967709154,7.431707714628564e-07,3.7672524571480086e-06,0.44415233329609277,9.024266883762747e-05,2.1757134408474275e-05,2.5225450834256605e-05,0.000148677730083356,0.4119044723301906,0.00047516329567326155,0.00012306710362410266,0.0014625363530862989,0.009164293846765125,0.39948808604130365,84,24192,0.00011051870903551334,3,0.00010574006498269041,2.3025947387798952e-05,3,0.000492878253333982,0.00012606361911984173
C5|EXACT|0|1|1e-05|0.01|8,joint_1_minus_no_x_off_1,all,C5,EXACT,0,1,1e-05,0.01,8,N2A,4,1,1,1,14,0.16319819463958124,3.528620654697367e-06,2.2853574313400035e-05,0.39293925656850254,0.00017290086015748368,4.032241446991737e-05,4.979572197457492e-05,0.00042082568553804056,0.3439892708237913,0.000603593443232789,0.00013950801950043343,0.00636617814192235,0.038046366191520034,0.40905603250583455,96,27648,0.0001763750781526086,1,0.00020589175945930364,4.9387189075900004e-05,1,0.0006459933250564608,0.00014334792408848409
C5|EXACT|0|1|1e-05|0.01|8,joint_1_minus_no_x_off_1,active,C5,EXACT,0,1,1e-05,0.01,8,N2A,4,1,1,1,14,0.1609726231115446,3.4804213807652936e-06,2.0806225514774793e-05,0.4089961908456583,0.00017533555704053145,4.121758063917827e-05,4.969602538350519e-05,0.00041628515996679666,0.3455137724528872,0.0006053625389087562,0.00014445341792206236,0.006313814519405972,0.03701902799976662,0.4129841689697775,92,26496,0.00018116638405184457,1,0.0002114594279394638,5.104831146956638e-05,1,0.0006463006374460997,0.00014841073960328408
C5|EXACT|0|2|1e-05|0.01|8,joint_1_minus_joint_0,all,C5,EXACT,0,2,1e-05,0.01,8,N2A,4,1,2,1,14,0.22424309426867034,3.7237444356149073e-06,3.540060256959765e-05,0.3243281213290938,0.00018161147384547523,4.672981714664418e-05,3.953262795536677e-05,0.0007962112317996875,0.22282488589476068,0.0005568464513240419,0.00014506885834459013,0.008778286895939394,0.06660148660128908,0.3630470596565064,96,27648,0.00022303707374165537,0,0.00021607442773249874,5.3493262235812733e-05,2,0.0005743418104777473,0.000152010527686122
C5|EXACT|0|2|1e-05|0.01|8,joint_1_minus_joint_0,active,C5,EXACT,0,2,1e-05,0.01,8,N2A,4,1,2,1,14,0.22424309426867034,3.7237444356149073e-06,3.540060256959765e-05,0.3243281213290938,0.00018161147384547523,4.672981714664418e-05,3.953262795536677e-05,0.0007962112317996875,0.22282488589476068,0.0005568464513240419,0.00014506885834459013,0.008778286895939394,0.06660148660128908,0.3630470596565064,96,27648,0.00022303707374165537,0,0.00021607442773249874,5.3493262235812733e-05,2,0.0005743418104777473,0.000152010527686122
C5|EXACT|0|2|1e-05|0.01|8,no_x_off_1_minus_joint_0,all,C5,EXACT,0,2,1e-05,0.01,8,N2A,4,1,2,1,14,0.0832634996734761,6.101514286718473e-07,3.915578224227069e-06,0.3947488413495912,8.00982321067841e-05,1.6255145181160235e-05,1.2923252178286851e-05,0.00014873692260784373,0.2947654065539978,0.0003954322180181043,7.980208642239915e-05,0.0012696325019223387,0.009199443783609849,0.3714994976868042,96,27648,8.783849917563726e-05,1,9.10469569142924e-05,2.0853001352405314e-05,2,0.00043448853428602137,8.34270242257572e-05
C5|EXACT|0|2|1e-05|0.01|8,no_x_off_1_minus_joint_0,active,C5,EXACT,0,2,1e-05,0.01,8,N2A,4,1,2,1,14,0.08323354280891089,5.493145044851776e-07,3.7672524571480086e-06,0.3818547267893274,7.858506380429931e-05,1.7393022336411167e-05,1.2900949272679275e-05,0.000148677730083356,0.2945695645921542,0.0004230784418789495,9.047819516115808e-05,0.0012555155192450099,0.009164293846765125,0.37013618095140854,84,24192,9.8228254597051e-05,1,8.98689264589541e-05,2.2359683154870558e-05,2,0.00044819859461219663,9.467545352408081e-05
C5|EXACT|0|2|1e-05|0.01|8,joint_1_minus_no_x_off_1,all,C5,EXACT,0,2,1e-05,0.01,8,N2A,4,1,2,1,14,0.1720960968985115,2.727507049694022e-06,2.2853574313400035e-05,0.345466447488445,0.00014591480144168664,3.5491680413484225e-05,2.7904229277133384e-05,0.00042082568553804056,0.25750395043469093,0.0004778616486017831,0.00010500153510461214,0.005773993179596294,0.038046366191520034,0.3895664443348368,96,27648,0.00016336549090761797,1,0.0001700368448192484,4.1851062360415723e-05,2,0.0005034713099542714,0.00010828990430611882
C5|EXACT|0|2|1e-05|0.01|8,joint_1_minus_no_x_off_1,active,C5,EXACT,0,2,1e-05,0.01,8,N2A,4,1,2,1,14,0.16998706193559143,2.6793077757619488e-06,2.0806225514774793e-05,0.3588514054792601,0.00014670438543460242,3.617681466724803e-05,2.7804532686063655e-05,0.00041628515996679666,0.25844154911151473,0.0005076784068816564,0.00010844665159598799,0.005721629557079917,0.03701902799976662,0.39314011688225703,92,26496,0.00016759116257881088,1,0.00017592803423115413,4.3184527070800184e-05,2,0.0005117054472576302,0.00011190788791610243
C5|EXACT|0|4|1e-05|0.01|8,joint_1_minus_joint_0,all,C5,EXACT,0,4,1e-05,0.01,8,N2A,4,1,4,1,14,0.22333356258658324,3.6038655611205928e-06,3.540060256959765e-05,0.31906485084137637,0.00017883676757847813,4.561907392678584e-05,3.050343831004426e-05,0.0007962112317996875,0.1957312852112919,0.0005318348835635601,0.00013810047172730787,0.007472779173049055,0.06660148660128908,0.33496475486510424,96,27648,0.00021263166921720207,0,0.0002085004051136403,5.0958524219496644e-05,2,0.000569860014061025,0.00014364279744554802
C5|EXACT|0|4|1e-05|0.01|8,joint_1_minus_joint_0,active,C5,EXACT,0,4,1e-05,0.01,8,N2A,4,1,4,1,14,0.22333356258658324,3.6038655611205928e-06,3.540060256959765e-05,0.31906485084137637,0.00017883676757847813,4.561907392678584e-05,3.050343831004426e-05,0.0007962112317996875,0.1957312852112919,0.0005318348835635601,0.00013810047172730787,0.007472779173049055,0.06660148660128908,0.33496475486510424,96,27648,0.00021263166921720207,0,0.0002085004051136403,5.0958524219496644e-05,2,0.000569860014061025,0.00014364279744554802
C5|EXACT|0|4|1e-05|0.01|8,no_x_off_1_minus_joint_0,all,C5,EXACT,0,4,1e-05,0.01,8,N2A,4,1,4,1,14,0.08321028200098284,5.638580997955042e-07,3.915578224227069e-06,0.3794783114248978,7.731295880812478e-05,1.5656235257620026e-05,1.2621823643142128e-05,0.00014873692260784373,0.29130749460428723,0.0003937048188046527,7.881405111327063e-05,0.0012041035516305457,0.009199443783609849,0.36178548083110157,96,27648,8.714009615154791e-05,0,9.871798886942958e-05,1.8664453486391857e-05,2,0.000434146624930786,8.217134728866206e-05
C5|EXACT|0|4|1e-05|0.01|8,no_x_off_1_minus_joint_0,active,C5,EXACT,0,4,1e-05,0.01,8,N2A,4,1,4,1,14,0.08318030597040947,5.030211756088345e-07,3.7672524571480086e-06,0.36541028878185255,7.642853304420976e-05,1.6708553852365212e-05,1.259952073753455e-05,0.000148677730083356,0.2911079405605125,0.00042377635875870563,8.93490119507255e-05,0.0011899865689532167,0.009164293846765125,0.3603475111203646,84,24192,9.743007971237747e-05,0,9.750635100510183e-05,2.0156682788156623e-05,2,0.00044611000688672925,9.324039416740069e-05
C5|EXACT|0|4|1e-05|0.01|8,joint_1_minus_no_x_off_1,all,C5,EXACT,0,4,1e-05,0.01,8,N2A,4,1,4,1,14,0.17135438401767897,2.583190579152297e-06,2.2853574313400035e-05,0.3362026693211549,0.0001484733524465932,3.501134992390659e-05,2.116189710033717e-05,0.00042082568553804056,0.22424676126426252,0.00046674149944532257,9.932888930719252e-05,0.004766330686928815,0.038046366191520034,0.3539447650315728,96,27648,0.00015445855917032344,1,0.0001666891355334983,4.043040443709659e-05,0,0.0004877883356950852,0.00010033651585909488
C5|EXACT|0|4|1e-05|0.01|8,joint_1_minus_no_x_off_1,active,C5,EXACT,0,4,1e-05,0.01,8,N2A,4,1,4,1,14,0.16923610601721764,2.5349913052202235e-06,2.0806225514774793e-05,0.3490531698692945,0.0001494137819569551,3.567560024334094e-05,2.1062200509267443e-05,0.00041628515996679666,0.2249346735697167,0.0004709265222863957,0.0001025273690247675,0.0047139670644124375,0.03701902799976662,0.3568459451619849,92,26496,0.00015829697293989485,1,0.00016990215751680392,4.1702101411684566e-05,0,0.0005010983403617693,0.00010430674431224225
C5|EXACT|0|FULL|1e-05|0.01|8,joint_1_minus_joint_0,all,C5,EXACT,0,FULL,1e-05,0.01,8,N2A,4,1,14,1,14,0.22387950931216405,3.6771175842722687e-06,3.540060256959765e-05,0.32229118823083486,0.0001778194771890015,4.568032378848706e-05,3.910046717788703e-05,0.0007962112317996875,0.22160360614809002,0.0005499568319649811,0.00014507350815091096,0.007553415987145923,0.06660148660128908,0.3367671643005256,96,27648,0.00021271849815943341,0,0.00020983042078833987,5.1598438710544404e-05,3,0.000551689541978548,0.00014987840762497914
C5|EXACT|0|FULL|1e-05|0.01|8,joint_1_minus_joint_0,active,C5,EXACT,0,FULL,1e-05,0.01,8,N2A,4,1,14,1,14,0.22387950931216405,3.6771175842722687e-06,3.540060256959765e-05,0.32229118823083486,0.0001778194771890015,4.568032378848706e-05,3.910046717788703e-05,0.0007962112317996875,0.22160360614809002,0.0005499568319649811,0.00014507350815091096,0.007553415987145923,0.06660148660128908,0.3367671643005256,96,27648,0.00021271849815943341,0,0.00020983042078833987,5.1598438710544404e-05,3,0.000551689541978548,0.00014987840762497914
C5|EXACT|0|FULL|1e-05|0.01|8,no_x_off_1_minus_joint_0,all,C5,EXACT,0,FULL,1e-05,0.01,8,N2A,4,1,14,1,14,0.08321503476534903,5.940877553736033e-07,3.915578224227069e-06,0.38951783561862885,8.082612530467256e-05,1.609359034028128e-05,1.2072188219588499e-05,0.00014873692260784373,0.2848941969877205,0.0003822702469173543,7.721303087772078e-05,0.0011549173415616723,0.009199443783609849,0.3543191833776134,96,27648,8.59701240310531e-05,0,9.790619097712074e-05,1.9283595835216085e-05,2,0.00041167578202371127,8.098093968972505e-05
C5|EXACT|0|FULL|1e-05|0.01|8,no_x_off_1_minus_joint_0,active,C5,EXACT,0,FULL,1e-05,0.01,8,N2A,4,1,14,1,14,0.08318506044745111,5.332508311869335e-07,3.7672524571480086e-06,0.37622998748813546,7.943029637498494e-05,1.72083882325495e-05,1.2049885313980921e-05,0.000148677730083356,0.28468756366338926,0.000392190201865301,8.751927453866853e-05,0.0011408003588843434,0.009164293846765125,0.35282172707217907,84,24192,9.609296871752625e-05,0,9.732886482365378e-05,2.086427404395574e-05,2,0.00042516185165048285,9.18799283400441e-05
C5|EXACT|0|FULL|1e-05|0.01|8,joint_1_minus_no_x_off_1,all,C5,EXACT,0,FULL,1e-05,0.01,8,N2A,4,1,14,1,14,0.1719852134131956,2.4836400288856705e-06,2.2853574313400035e-05,0.3296607623098044,0.00014574353935820582,3.4366005582774365e-05,2.9073828957121748e-05,0.00042082568553804056,0.2628451668985209,0.00048028460699060327,0.00010677755621487873,0.004848179998009217,0.038046366191520034,0.35697086854594795,96,27648,0.0001554039522303112,1,0.0001543054539114037,3.968195509905658e-05,2,0.0005002187382242246,0.00011003867042316857
C5|EXACT|0|FULL|1e-05|0.01|8,joint_1_minus_no_x_off_1,active,C5,EXACT,0,FULL,1e-05,0.01,8,N2A,4,1,14,1,14,0.16987480181173184,2.435440754953597e-06,2.0806225514774793e-05,0.34213076931480146,0.00014770695031041128,3.500219745259427e-05,2.897413236605202e-05,0.00041628515996679666,0.2638212388433398,0.0005040555357223395,0.00011029989101539658,0.00479581637549284,0.03701902799976662,0.359930597568995,92,26496,0.00015928347004596903,0,0.00015713998986795186,4.0197997923434095e-05,2,0.0005056194971485437,0.00011373268734258911
C6|EXACT|0|1|1e-05|0.01|8,joint_1_minus_joint_0,all,C6,EXACT,0,1,1e-05,0.01,8,N2A,4,1,1,1,14,0.21835515884290302,4.506161813216557e-06,3.540060256959765e-05,0.3567779980345734,0.0002002834131598438,5.18740401889604e-05,6.052240191108938e-05,0.0007962112317996875,0.27570454642749664,0.000742539582093646,0.0001792267156790842,0.009147454019744044,0.06660148660128908,0.37060233904640705,96,27648,0.00023972338484011212,1,0.00021382304658606414,6.321452195707729e-05,1,0.0007738222913327192,0.00018380258063048046
C6|EXACT|0|1|1e-05|0.01|8,joint_1_minus_joint_0,active,C6,EXACT,0,1,1e-05,0.01,8,N2A,4,1,1,1,14,0.21835515884290302,4.506161813216557e-06,3.540060256959765e-05,0.3567779980345734,0.0002002834131598438,5.18740401889604e-05,6.052240191108938e-05,0.0007962112317996875,0.27570454642749664,0.000742539582093646,0.0001792267156790842,0.009147454019744044,0.06660148660128908,0.37060233904640705,96,27648,0.00023972338484011212,1,0.00021382304658606414,6.321452195707729e-05,1,0.0007738222913327192,0.00018380258063048046
C6|EXACT|0|1|1e-05|0.01|8,no_x_off_1_minus_joint_0,all,C6,EXACT,0,1,1e-05,0.01,8,N2A,4,1,1,1,14,0.08395590853159692,8.594367036420943e-07,3.915578224227069e-06,0.46849935379862767,9.495998654336169e-05,2.103537288956731e-05,2.2282720665449945e-05,0.00014873692260784373,0.38705680931444797,0.0004428321852814642,0.00010261512224666332,0.0014889894672753166,0.009199443783609849,0.40231389087742747,96,27648,9.929124517372955e-05,3,0.00010401773976512102,2.22106463057301e-05,3,0.0004636667523748787,0.00010545021312180726
C6|EXACT|0|1|1e-05|0.01|8,no_x_off_1_minus_joint_0,active,C6,EXACT,0,1,1e-05,0.01,8,N2A,4,1,1,1,14,0.08392619881785256,7.985997794554246e-07,3.7672524571480086e-06,0.46041793274430903,9.487015288129797e-05,2.2856139717447822e-05,2.226041775984237e-05,0.000148677730083356,0.38694005963505274,0.00044606452140989196,0.00011655023610317428,0.0014748724845979877,0.009164293846765125,0.4011693397238687,84,24192,0.00011131710716629933,3,0.00010508025531797834,2.4150800742637095e-05,3,0.00047345325740301794,0.00011973169881948898
C6|EXACT|0|1|1e-05|0.01|8,joint_1_minus_no_x_off_1,all,C6,EXACT,0,1,1e-05,0.01,8,N2A,4,1,1,1,14,0.16472844252507923,3.574247694332798e-06,2.2853574313400035e-05,0.39547155907469744,0.000177540607913838,4.081345885963544e-05,4.029993729457034e-05,0.00042082568553804056,0.309457537557555,0.0005512941781718261,0.00012642076737117515,0.0061247022689372155,0.038046366191520034,0.4012230722747335,96,27648,0.00017574067309788472,1,0.00020117363731639594,4.930574923295452e-05,1,0.0005843915236545216,0.00012867210177310996
C6|EXACT|0|1|1e-05|0.01|8,joint_1_minus_no_x_off_1,active,C6,EXACT,0,1,1e-05,0.01,8,N2A,4,1,1,1,14,0.16252382728243595,3.5260484204007246e-06,2.0806225514774793e-05,0.41166835613491826,0.00018027639607001562,4.172997478497104e-05,4.020024070350062e-05,0.00041628515996679666,0.31075552740957124,0.000554670976720014,0.00013079715483066244,0.006072338646420838,0.03701902799976662,0.4050097572522307,92,26496,0.00018050439616865442,1,0.00020179613293387665,5.0963330763884143e-05,1,0.0005909065698525168,0.00013309683805680679
C6|EXACT|0|2|1e-05|0.01|8,joint_1_minus_joint_0,all,C6,EXACT,0,2,1e-05,0.01,8,N2A,4,1,2,1,14,0.22409024525793267,3.7444380606790516e-06,3.540060256959765e-05,0.32522805231788016,0.00018167890114225262,4.660839440983946e-05,4.134209812038128e-05,0.0007962112317996875,0.2278673527002872,0.0005432407644019834,0.00014613868445193467,0.008977725124489088,0.06660148660128908,0.3671480201229419,96,27648,0.0002236101890245743,0,0.00021652794038220073,5.3613327116632904e-05,3,0.0005635336402143955,0.00015106768569022846
C6|EXACT|0|2|1e-05|0.01|8,joint_1_minus_joint_0,active,C6,EXACT,0,2,1e-05,0.01,8,N2A,4,1,2,1,14,0.22409024525793267,3.7444380606790516e-06,3.540060256959765e-05,0.32522805231788016,0.00018167890114225262,4.660839440983946e-05,4.134209812038128e-05,0.0007962112317996875,0.2278673527002872,0.0005432407644019834,0.00014613868445193467,0.008977725124489088,0.06660148660128908,0.3671480201229419,96,27648,0.0002236101890245743,0,0.00021652794038220073,5.3613327116632904e-05,3,0.0005635336402143955,0.00015106768569022846
C6|EXACT|0|2|1e-05|0.01|8,no_x_off_1_minus_joint_0,all,C6,EXACT,0,2,1e-05,0.01,8,N2A,4,1,2,1,14,0.08327074364575465,6.088924668708474e-07,3.915578224227069e-06,0.39434137665101554,8.133763879237084e-05,1.6235193449482398e-05,1.2402605930639825e-05,0.00014873692260784373,0.28876667798875444,0.0003820556444110352,7.837849206951529e-05,0.0012585742298316155,0.009199443783609849,0.3698781123698675,96,27648,8.733003252880314e-05,1,9.178401037630932e-05,2.082465734333038e-05,2,0.00042662822441059,8.201860521665079e-05
C6|EXACT|0|2|1e-05|0.01|8,no_x_off_1_minus_joint_0,active,C6,EXACT,0,2,1e-05,0.01,8,N2A,4,1,2,1,14,0.08324078938816497,5.480555426841776e-07,3.7672524571480086e-06,0.3814168935659379,7.878579611854377e-05,1.737022035735078e-05,1.2380303025032248e-05,0.000148677730083356,0.28856435015097714,0.00040742121493977197,8.885123018643367e-05,0.0012444572471542864,0.009164293846765125,0.3685025415704426,84,24192,9.7647149857812e-05,1,9.074663812400839e-05,2.2327290001642063e-05,2,0.0004288405463774385,9.30658317993878e-05
C6|EXACT|0|2|1e-05|0.01|8,joint_1_minus_no_x_off_1,all,C6,EXACT,0,2,1e-05,0.01,8,N2A,4,1,2,1,14,0.17199191345772658,2.742484356637138e-06,2.2853574313400035e-05,0.3464136628891178,0.00014679655305027938,3.5476348558711845e-05,3.037729123209543e-05,0.00042082568553804056,0.2686726151838055,0.0004733957468024046,0.00010731422109657986,0.005938861894396647,0.038046366191520034,0.39508907544030974,96,27648,0.00016428834490800391,1,0.00017020757377821574,4.18692965112458e-05,2,0.0005014271322760217,0.00011074194402997877
C6|EXACT|0|2|1e-05|0.01|8,joint_1_minus_no_x_off_1,active,C6,EXACT,0,2,1e-05,0.01,8,N2A,4,1,2,1,14,0.16988158508985854,2.694285082705065e-06,2.0806225514774793e-05,0.35985299581264446,0.00014694047215791533,3.616081621009425e-05,3.02775946410257e-05,0.00041628515996679666,0.2696902343064088,0.0005070030745307342,0.00011085988915282384,0.0058864982718802705,0.03701902799976662,0.39876405598830866,92,26496,0.0001685541406661701,1,0.00017623534635729558,4.3203554010796785e-05,2,0.0005087412455532284,0.00011446653806273892
C6|EXACT|0|4|1e-05|0.01|8,joint_1_minus_joint_0,all,C6,EXACT,0,4,1e-05,0.01,8,N2A,4,1,4,1,14,0.22392325667059082,3.607314702948708e-06,3.540060256959765e-05,0.3192174975920763,0.0001797096731539375,4.577640895592285e-05,3.528704622727849e-05,0.0007962112317996875,0.21052006883602262,0.0005448739505010678,0.00014243184547171536,0.007635754437658719,0.06660148660128908,0.33859770883192736,96,27648,0.0002139854984937767,0,0.00020869448478887868,5.097322250435623e-05,3,0.0005624493424485327,0.0001466855881664533
C6|EXACT|0|4|1e-05|0.01|8,joint_1_minus_joint_0,active,C6,EXACT,0,4,1e-05,0.01,8,N2A,4,1,4,1,14,0.22392325667059082,3.607314702948708e-06,3.540060256959765e-05,0.3192174975920763,0.0001797096731539375,4.577640895592285e-05,3.528704622727849e-05,0.0007962112317996875,0.21052006883602262,0.0005448739505010678,0.00014243184547171536,0.007635754437658719,0.06660148660128908,0.33859770883192736,96,27648,0.0002139854984937767,0,0.00020869448478887868,5.097322250435623e-05,3,0.0005624493424485327,0.0001466855881664533
C6|EXACT|0|4|1e-05|0.01|8,no_x_off_1_minus_joint_0,all,C6,EXACT,0,4,1e-05,0.01,8,N2A,4,1,4,1,14,0.08332598038873572,5.680812624735254e-07,3.915578224227069e-06,0.38089676143679824,7.685980247219463e-05,1.5718267967852397e-05,1.2291218019587103e-05,0.00014873692260784373,0.28746704538927076,0.00039092383487635484,7.794975052809049e-05,0.0012004654488100236,0.009199443783609849,0.36123851438073673,96,27648,8.691528249660882e-05,0,9.822492383796662e-05,1.899210793061703e-05,2,0.00043097498174335446,8.150088671499539e-05
C6|EXACT|0|4|1e-05|0.01|8,no_x_off_1_minus_joint_0,active,C6,EXACT,0,4,1e-05,0.01,8,N2A,4,1,4,1,14,0.08329604599494395,5.072443382868557e-07,3.7672524571480086e-06,0.36694100130470814,7.482764031623911e-05,1.6779448378345066e-05,1.2268915113979526e-05,0.000148677730083356,0.2872632832307817,0.0004078745680871482,8.836123985337676e-05,0.0011863484661326948,0.009164293846765125,0.3597962507661147,84,24192,9.71731498210185e-05,0,9.68429100702863e-05,2.053114501012825e-05,2,0.0004339533017974568,9.247415351178161e-05
C6|EXACT|0|4|1e-05|0.01|8,joint_1_minus_no_x_off_1,all,C6,EXACT,0,4,1e-05,0.01,8,N2A,4,1,4,1,14,0.17194438176574497,2.564977225580006e-06,2.2853574313400035e-05,0.33501533728424926,0.00015037893068346395,3.50200726539157e-05,2.5627125626714784e-05,0.00042082568553804056,0.24677367523191449,0.00047743275406765393,0.00010389722353877745,0.004896201055735676,0.038046366191520034,0.35873440451175315,96,27648,0.0001558186897317224,1,0.0001683525959869362,4.045788865249956e-05,2,0.0005024885802154751,0.00010541338124678521
C6|EXACT|0|4|1e-05|0.01|8,joint_1_minus_no_x_off_1,active,C6,EXACT,0,4,1e-05,0.01,8,N2A,4,1,4,1,14,0.16983346277632388,2.5167779516479327e-06,2.0806225514774793e-05,0.3477969743995971,0.00015231476801848726,3.568470222248088e-05,2.5527429035645056e-05,0.00041628515996679666,0.24763274636807459,0.0005065558819472744,0.00010729432648381266,0.004843837433219298,0.03701902799976662,0.3617281221862348,92,26496,0.00015971623961265897,1,0.0001728963863329924,4.173078059297462e-05,2,0.0005089889658013079,0.00010890629863679779
C6|EXACT|0|FULL|1e-05|0.01|8,joint_1_minus_joint_0,all,C6,EXACT,0,FULL,1e-05,0.01,8,N2A,4,1,14,1,14,0.2238795093121641,3.677117584272271e-06,3.540060256959765e-05,0.3222911882308349,0.00017781947718900179,4.5680323788487073e-05,3.9100467177886954e-05,0.0007962112317996875,0.2216036061480898,0.0005499568319649818,0.000145073508150911,0.007553415987145927,0.06660148660128908,0.3367671643005257,96,27648,0.0002127184981594334,0,0.00020983042078834006,5.159843871054441e-05,3,0.0005516895419785479,0.0001498784076249792
C6|EXACT|0|FULL|1e-05|0.01|8,joint_1_minus_joint_0,active,C6,EXACT,0,FULL,1e-05,0.01,8,N2A,4,1,14,1,14,0.2238795093121641,3.677117584272271e-06,3.540060256959765e-05,0.3222911882308349,0.00017781947718900179,4.5680323788487073e-05,3.9100467177886954e-05,0.0007962112317996875,0.2216036061480898,0.0005499568319649818,0.000145073508150911,0.007553415987145927,0.06660148660128908,0.3367671643005257,96,27648,0.0002127184981594334,0,0.00020983042078834006,5.159843871054441e-05,3,0.0005516895419785479,0.0001498784076249792
C6|EXACT|0|FULL|1e-05|0.01|8,no_x_off_1_minus_joint_0,all,C6,EXACT,0,FULL,1e-05,0.01,8,N2A,4,1,14,1,14,0.08321503476534904,5.940877553736044e-07,3.915578224227069e-06,0.38951783561862924,8.082612530467274e-05,1.6093590340281304e-05,1.2072188219588477e-05,0.00014873692260784373,0.2848941969877203,0.00038227024691735493,7.721303087772073e-05,0.0011549173415616725,0.009199443783609849,0.3543191833776134,96,27648,8.59701240310531e-05,0,9.79061909771208e-05,1.928359583521612e-05,2,0.0004116757820237112,8.098093968972499e-05
C6|EXACT|0|FULL|1e-05|0.01|8,no_x_off_1_minus_joint_0,active,C6,EXACT,0,FULL,1e-05,0.01,8,N2A,4,1,14,1,14,0.08318506044745114,5.332508311869348e-07,3.7672524571480086e-06,0.3762299874881359,7.943029637498509e-05,1.7208388232549528e-05,1.2049885313980899e-05,0.000148677730083356,0.284687563663389,0.000392190201865301,8.751927453866846e-05,0.0011408003588843434,0.009164293846765125,0.35282172707217907,84,24192,9.609296871752625e-05,0,9.732886482365387e-05,2.086427404395578e-05,2,0.00042516185165048247,9.187992834004403e-05
C6|EXACT|0|FULL|1e-05|0.01|8,joint_1_minus_no_x_off_1,all,C6,EXACT,0,FULL,1e-05,0.01,8,N2A,4,1,14,1,14,0.17198521341319564,2.48364002888567e-06,2.2853574313400035e-05,0.3296607623098044,0.00014574353935820585,3.4366005582774344e-05,2.9073828957121714e-05,0.00042082568553804056,0.2628451668985207,0.0004802846069906064,0.00010677755621487868,0.004848179998009219,0.038046366191520034,0.356970868545948,96,27648,0.00015540395223031118,1,0.00015430545391140391,3.968195509905656e-05,2,0.0005002187382242252,0.00011003867042316843
C6|EXACT|0|FULL|1e-05|0.01|8,joint_1_minus_no_x_off_1,active,C6,EXACT,0,FULL,1e-05,0.01,8,N2A,4,1,14,1,14,0.1698748018117319,2.4354407549535967e-06,2.0806225514774793e-05,0.3421307693148014,0.00014770695031041166,3.5002197452594254e-05,2.8974132366051985e-05,0.00041628515996679666,0.2638212388433397,0.0005040555357223414,0.00011029989101539652,0.004795816375492841,0.03701902799976662,0.35993059756899504,92,26496,0.000159283470045969,0,0.00015713998986795262,4.0197997923434074e-05,2,0.0005056194971485455,0.00011373268734258899
C0|EXACT|0|0|0.01|0.01|8,joint_1_minus_joint_0,all,C0,EXACT,0,0,0.01,0.01,8,BASELINE,4,0,0,0,0,0.0,3.540060256959765e-05,3.540060256959765e-05,1.0,0.000554441908831075,0.00016142319401186005,0.0007962112317996875,0.0007962112317996875,1.0,0.0025784536835233413,0.0007940748517007732,0.06660148660128908,0.06660148660128908,1.0,96,27648,0.0008520225524508333,3,0.0006194091250113987,0.00017014807873181605,1,0.0026012678625817213,0.000807989599889411
C0|EXACT|0|0|0.01|0.01|8,joint_1_minus_joint_0,active,C0,EXACT,0,0,0.01,0.01,8,BASELINE,4,0,0,0,0,0.0,3.540060256959765e-05,3.540060256959765e-05,1.0,0.000554441908831075,0.00016142319401186005,0.0007962112317996875,0.0007962112317996875,1.0,0.0025784536835233413,0.0007940748517007732,0.06660148660128908,0.06660148660128908,1.0,96,27648,0.0008520225524508333,3,0.0006194091250113987,0.00017014807873181605,1,0.0026012678625817213,0.000807989599889411
C0|EXACT|0|0|0.01|0.01|8,no_x_off_1_minus_joint_0,all,C0,EXACT,0,0,0.01,0.01,8,BASELINE,4,0,0,0,0,0.0,3.915578224227069e-06,3.915578224227069e-06,1.0,0.00018812771342455238,4.652956287404653e-05,0.00014873692260784373,0.00014873692260784373,1.0,0.0010489182513039562,0.00031507467560485037,0.009199443783609849,0.009199443783609849,1.0,96,27648,0.0002931937625310121,1,0.0002041694814443644,4.938691233042066e-05,0,0.001052275606902029,0.0003154013273329874
C0|EXACT|0|0|0.01|0.01|8,no_x_off_1_minus_joint_0,active,C0,EXACT,0,0,0.01,0.01,8,BASELINE,4,0,0,0,0,0.0,3.7672524571480086e-06,3.7672524571480086e-06,1.0,0.00019661054918804026,5.1322600820487615e-05,0.000148677730083356,0.000148677730083356,1.0,0.0010887560282070135,0.00035890843697976353,0.009164293846765125,0.009164293846765125,1.0,84,24192,0.0003316583126879841,0,0.00021217148120232363,5.2575980975694214e-05,3,0.001099026755046741,0.000360154653120287
C0|EXACT|0|0|0.01|0.01|8,joint_1_minus_no_x_off_1,all,C0,EXACT,0,0,0.01,0.01,8,BASELINE,4,0,0,0,0,0.0,2.2853574313400035e-05,2.2853574313400035e-05,1.0,0.00043806442583404267,0.00011772301702362396,0.00042082568553804056,0.00042082568553804056,1.0,0.002210403479652433,0.0004790001760959228,0.038046366191520034,0.038046366191520034,1.0,96,27648,0.0005695644544003462,3,0.0004557070459404227,0.00012371981568595343,2,0.0022490285403990503,0.00047842088039720866
C0|EXACT|0|0|0.01|0.01|8,joint_1_minus_no_x_off_1,active,C0,EXACT,0,0,0.01,0.01,8,BASELINE,4,0,0,0,0,0.0,2.0806225514774793e-05,2.0806225514774793e-05,1.0,0.0004347139678961277,0.00011692371084136782,0.00041628515996679666,0.00041628515996679666,1.0,0.0022150924078931144,0.0004921761279109129,0.03701902799976662,0.03701902799976662,1.0,92,26496,0.0005789801460038146,1,0.00046504009116445956,0.0001286960329861342,2,0.002249874502769526,0.0004923546243112976
C1_LEGACY_FROZEN|EXACT|0|0|0.01|0.01|8,joint_1_minus_joint_0,all,C1_LEGACY_FROZEN,EXACT,0,0,0.01,0.01,8,BASELINE,4,1,1,6,22,0.2288644143993996,2.844788622367607e-05,3.540060256959765e-05,0.896436794501743,0.0005271387267886811,0.00013659611529030652,0.0011636774011693925,0.0007962112317996875,1.208932770968325,0.0034104917274870843,0.000831670535207491,0.03489979007454715,0.06660148660128908,0.7238847804746799,96,27648,0.0005686817476289857,0,0.000561961412108332,0.00014189643754313006,3,0.003466046682488868,0.0008470170798788357
C1_LEGACY_FROZEN|EXACT|0|0|0.01|0.01|8,joint_1_minus_joint_0,active,C1_LEGACY_FROZEN,EXACT,0,0,0.01,0.01,8,BASELINE,4,1,1,6,22,0.2288644143993996,2.844788622367607e-05,3.540060256959765e-05,0.896436794501743,0.0005271387267886811,0.00013659611529030652,0.0011636774011693925,0.0007962112317996875,1.208932770968325,0.0034104917274870843,0.000831670535207491,0.03489979007454715,0.06660148660128908,0.7238847804746799,96,27648,0.0005686817476289857,0,0.000561961412108332,0.00014189643754313006,3,0.003466046682488868,0.0008470170798788357
C1_LEGACY_FROZEN|EXACT|0|0|0.01|0.01|8,no_x_off_1_minus_joint_0,all,C1_LEGACY_FROZEN,EXACT,0,0,0.01,0.01,8,BASELINE,4,1,1,6,22,0.0832005800578388,5.158398665306108e-06,3.915578224227069e-06,1.1477822371638207,0.00024037555589954976,4.957691705816345e-05,0.0002088882224780651,0.00014873692260784373,1.18507976131588,0.001554818901942756,0.00032266256055312105,0.006479550041902514,0.009199443783609849,0.8392505590645567,96,27648,0.00021619902228433565,3,0.00024108351695440486,5.1355777497558955e-05,2,0.001525001403915402,0.0003268102032719364
C1_LEGACY_FROZEN|EXACT|0|0|0.01|0.01|8,no_x_off_1_minus_joint_0,active,C1_LEGACY_FROZEN,EXACT,0,0,0.01,0.01,8,BASELINE,4,1,1,8,22,0.08312542607135225,5.088645959898505e-06,3.7672524571480086e-06,1.1622210997197309,0.000247260588198599,5.542886656385175e-05,0.0002088816981262095,0.000148677730083356,1.18529713254976,0.0015753588352983938,0.0003683907808283357,0.006470671052136674,0.009164293846765125,0.8402821888961942,84,24192,0.0002454910105575809,3,0.0002454553183677984,5.695456801240768e-05,3,0.0015699745414579549,0.0003736758414166098
C1_LEGACY_FROZEN|EXACT|0|0|0.01|0.01|8,joint_1_minus_no_x_off_1,all,C1_LEGACY_FROZEN,EXACT,0,0,0.01,0.01,8,BASELINE,4,1,1,6,22,0.17680054107069812,1.5132654283286196e-05,2.2853574313400035e-05,0.813730301361502,0.00036210487551853313,8.939674395009651e-05,0.0005883075556333279,0.00042082568553804056,1.182363714587225,0.002579538325045189,0.0005264530680555061,0.018886594092068068,0.038046366191520034,0.7045636472321771,96,27648,0.0003663456141210955,0,0.0003941659207716206,9.50448001649586e-05,3,0.002605042513701211,0.0005371977927418906
C1_LEGACY_FROZEN|EXACT|0|0|0.01|0.01|8,joint_1_minus_no_x_off_1,active,C1_LEGACY_FROZEN,EXACT,0,0,0.01,0.01,8,BASELINE,4,1,1,6,22,0.17518452919636515,1.491928519179461e-05,2.0806225514774793e-05,0.8467931909736961,0.00036325594314080004,9.163923960169705e-05,0.0005871026115912962,0.00041628515996679666,1.187576353587183,0.002593685770735625,0.0005453335403781149,0.018742176248835972,0.03701902799976662,0.7115370241488064,92,26496,0.00037745552731965665,0,0.00039506731226596165,9.752245887011306e-05,3,0.0026207656778741524,0.0005509734682328209
C1_LEGACY_EXACT_RULE|EXACT|0|1|0.01|0.01|8,joint_1_minus_joint_0,all,C1_LEGACY_EXACT_RULE,EXACT,0,1,0.01,0.01,8,BASELINE,4,1,1,6,22,0.2288644143993996,2.844788622367607e-05,3.540060256959765e-05,0.896436794501743,0.0005271387267886811,0.00013659611529030652,0.0011636774011693925,0.0007962112317996875,1.208932770968325,0.0034104917274870843,0.000831670535207491,0.03489979007454715,0.06660148660128908,0.7238847804746799,96,27648,0.0005686817476289857,0,0.000561961412108332,0.00014189643754313006,3,0.003466046682488868,0.0008470170798788357
C1_LEGACY_EXACT_RULE|EXACT|0|1|0.01|0.01|8,joint_1_minus_joint_0,active,C1_LEGACY_EXACT_RULE,EXACT,0,1,0.01,0.01,8,BASELINE,4,1,1,6,22,0.2288644143993996,2.844788622367607e-05,3.540060256959765e-05,0.896436794501743,0.0005271387267886811,0.00013659611529030652,0.0011636774011693925,0.0007962112317996875,1.208932770968325,0.0034104917274870843,0.000831670535207491,0.03489979007454715,0.06660148660128908,0.7238847804746799,96,27648,0.0005686817476289857,0,0.000561961412108332,0.00014189643754313006,3,0.003466046682488868,0.0008470170798788357
C1_LEGACY_EXACT_RULE|EXACT|0|1|0.01|0.01|8,no_x_off_1_minus_joint_0,all,C1_LEGACY_EXACT_RULE,EXACT,0,1,0.01,0.01,8,BASELINE,4,1,1,6,22,0.0832005800578388,5.158398665306108e-06,3.915578224227069e-06,1.1477822371638207,0.00024037555589954976,4.957691705816345e-05,0.0002088882224780651,0.00014873692260784373,1.18507976131588,0.001554818901942756,0.00032266256055312105,0.006479550041902514,0.009199443783609849,0.8392505590645567,96,27648,0.00021619902228433565,3,0.00024108351695440486,5.1355777497558955e-05,2,0.001525001403915402,0.0003268102032719364
C1_LEGACY_EXACT_RULE|EXACT|0|1|0.01|0.01|8,no_x_off_1_minus_joint_0,active,C1_LEGACY_EXACT_RULE,EXACT,0,1,0.01,0.01,8,BASELINE,4,1,1,8,22,0.08312542607135225,5.088645959898505e-06,3.7672524571480086e-06,1.1622210997197309,0.000247260588198599,5.542886656385175e-05,0.0002088816981262095,0.000148677730083356,1.18529713254976,0.0015753588352983938,0.0003683907808283357,0.006470671052136674,0.009164293846765125,0.8402821888961942,84,24192,0.0002454910105575809,3,0.0002454553183677984,5.695456801240768e-05,3,0.0015699745414579549,0.0003736758414166098
C1_LEGACY_EXACT_RULE|EXACT|0|1|0.01|0.01|8,joint_1_minus_no_x_off_1,all,C1_LEGACY_EXACT_RULE,EXACT,0,1,0.01,0.01,8,BASELINE,4,1,1,6,22,0.17680054107069812,1.5132654283286196e-05,2.2853574313400035e-05,0.813730301361502,0.00036210487551853313,8.939674395009651e-05,0.0005883075556333279,0.00042082568553804056,1.182363714587225,0.002579538325045189,0.0005264530680555061,0.018886594092068068,0.038046366191520034,0.7045636472321771,96,27648,0.0003663456141210955,0,0.0003941659207716206,9.50448001649586e-05,3,0.002605042513701211,0.0005371977927418906
C1_LEGACY_EXACT_RULE|EXACT|0|1|0.01|0.01|8,joint_1_minus_no_x_off_1,active,C1_LEGACY_EXACT_RULE,EXACT,0,1,0.01,0.01,8,BASELINE,4,1,1,6,22,0.17518452919636515,1.491928519179461e-05,2.0806225514774793e-05,0.8467931909736961,0.00036325594314080004,9.163923960169705e-05,0.0005871026115912962,0.00041628515996679666,1.187576353587183,0.002593685770735625,0.0005453335403781149,0.018742176248835972,0.03701902799976662,0.7115370241488064,92,26496,0.00037745552731965665,0,0.00039506731226596165,9.752245887011306e-05,3,0.0026207656778741524,0.0005509734682328209
C2|EXACT|0|FULL|1e-05|0.01|1,no_x_off_1_minus_joint_0,active,C2,EXACT,0,FULL,1e-05,0.01,1,N2A,4,1,2,1,2,0.026479636981733633,1.128615782209898e-06,1.9094363657409137e-06,0.7688125511282281,0.00014856615592461162,4.7582122615150576e-05,5.1758321245617145e-05,9.876477499759737e-05,0.7239174602383562,0.000890884353935022,0.00035807876838303776,0.0034992769088400353,0.006018579481011865,0.7625040511012552,40,11520,0.0003361810228078875,3,0.00015082974470202235,5.298913641793236e-05,2,0.0008921254326065227,0.0003620461515170599
C3|EXACT|0|FULL|1e-05|0.01|1,no_x_off_1_minus_joint_0,active,C3,EXACT,0,FULL,1e-05,0.01,1,N2A,4,1,2,1,2,0.026479636981733633,1.128615782209898e-06,1.9094363657409137e-06,0.7688125511282281,0.00014856615592461162,4.7582122615150576e-05,5.1758321245617145e-05,9.876477499759737e-05,0.7239174602383562,0.000890884353935022,0.00035807876838303776,0.0034992769088400353,0.006018579481011865,0.7625040511012552,40,11520,0.0003361810228078875,3,0.00015082974470202235,5.298913641793236e-05,2,0.0008921254326065227,0.0003620461515170599
C4_PCA|EXACT|0|1|1e-05|0.01|1,no_x_off_1_minus_joint_0,active,C4_PCA,EXACT,0,1,1e-05,0.01,1,N2A,4,1,1,1,2,0.02422096172712082,1.2054689536397247e-06,1.9094363657409137e-06,0.7945576622751402,0.00015053613953382186,4.986862589549599e-05,5.529658096095758e-05,9.876477499759737e-05,0.7482523686602225,0.000890884353935022,0.0003758228042903476,0.0037726908428478353,0.006018579481011865,0.7917327481687985,40,11520,0.00035177667673835057,0,0.00015631654787987793,5.047904719404886e-05,2,0.0008921254326065227,0.0003797755818086697
C4_PCA|EXACT|0|2|1e-05|0.01|1,no_x_off_1_minus_joint_0,active,C4_PCA,EXACT,0,2,1e-05,0.01,1,N2A,4,1,2,1,2,0.026479636981733633,1.128615782209898e-06,1.9094363657409137e-06,0.7688125511282281,0.00014856615592461162,4.7582122615150576e-05,5.1758321245617145e-05,9.876477499759737e-05,0.7239174602383562,0.000890884353935022,0.00035807876838303776,0.0034992769088400353,0.006018579481011865,0.7625040511012552,40,11520,0.0003361810228078875,3,0.00015082974470202235,5.298913641793236e-05,2,0.0008921254326065227,0.0003620461515170599
C4_PCA|EXACT|0|4|1e-05|0.01|1,no_x_off_1_minus_joint_0,active,C4_PCA,EXACT,0,4,1e-05,0.01,1,N2A,4,1,2,1,2,0.026479636981733633,1.128615782209898e-06,1.9094363657409137e-06,0.7688125511282281,0.00014856615592461162,4.7582122615150576e-05,5.1758321245617145e-05,9.876477499759737e-05,0.7239174602383562,0.000890884353935022,0.00035807876838303776,0.0034992769088400353,0.006018579481011865,0.7625040511012552,40,11520,0.0003361810228078875,3,0.00015082974470202235,5.298913641793236e-05,2,0.0008921254326065227,0.0003620461515170599
C4_PCA|EXACT|0|FULL|1e-05|0.01|1,no_x_off_1_minus_joint_0,active,C4_PCA,EXACT,0,FULL,1e-05,0.01,1,N2A,4,1,2,1,2,0.026479636981733633,1.128615782209898e-06,1.9094363657409137e-06,0.7688125511282281,0.00014856615592461162,4.7582122615150576e-05,5.1758321245617145e-05,9.876477499759737e-05,0.7239174602383562,0.000890884353935022,0.00035807876838303776,0.0034992769088400353,0.006018579481011865,0.7625040511012552,40,11520,0.0003361810228078875,3,0.00015082974470202235,5.298913641793236e-05,2,0.0008921254326065227,0.0003620461515170599
C4_RANDOM|EXACT|0|1|1e-05|0.01|1,no_x_off_1_minus_joint_0,active,C4_RANDOM,EXACT,0,1,1e-05,0.01,1,N2A,4,1,1,1,2,0.0157628691959114,1.7328664152902994e-06,1.9094363657409137e-06,0.9526424888267924,0.0001777764892071255,5.97511147219373e-05,7.021919847685926e-05,9.876477499759737e-05,0.8431928099759586,0.001026609170278438,0.0004259616224689628,0.004852498518937749,0.006018579481011865,0.8979159903444703,40,11520,0.00041186225726544867,1,0.0001859952998783412,6.366440167944752e-05,2,0.0010479180205632376,0.0004303442191089587
C4_RANDOM|EXACT|0|2|1e-05|0.01|1,no_x_off_1_minus_joint_0,active,C4_RANDOM,EXACT,0,2,1e-05,0.01,1,N2A,4,1,2,1,2,0.02647963698173363,1.1286157822098983e-06,1.9094363657409137e-06,0.7688125511282281,0.00014856615592461162,4.758212261515057e-05,5.175832124561715e-05,9.876477499759737e-05,0.7239174602383563,0.000890884353935022,0.0003580787683830378,0.0034992769088400353,0.006018579481011865,0.7625040511012552,40,11520,0.0003361810228078875,3,0.00015082974470202235,5.298913641793236e-05,2,0.0008921254326065227,0.0003620461515170599
C4_RANDOM|EXACT|0|4|1e-05|0.01|1,no_x_off_1_minus_joint_0,active,C4_RANDOM,EXACT,0,4,1e-05,0.01,1,N2A,4,1,2,1,2,0.02647963698173363,1.1286157822098983e-06,1.9094363657409137e-06,0.7688125511282281,0.00014856615592461162,4.758212261515057e-05,5.175832124561715e-05,9.876477499759737e-05,0.7239174602383563,0.000890884353935022,0.0003580787683830378,0.0034992769088400353,0.006018579481011865,0.7625040511012552,40,11520,0.0003361810228078875,3,0.00015082974470202235,5.298913641793236e-05,2,0.0008921254326065227,0.0003620461515170599
C4_RANDOM|EXACT|0|FULL|1e-05|0.01|1,no_x_off_1_minus_joint_0,active,C4_RANDOM,EXACT,0,FULL,1e-05,0.01,1,N2A,4,1,2,1,2,0.02647963698173363,1.1286157822098983e-06,1.9094363657409137e-06,0.7688125511282281,0.00014856615592461162,4.758212261515057e-05,5.175832124561715e-05,9.876477499759737e-05,0.7239174602383563,0.000890884353935022,0.0003580787683830378,0.0034992769088400353,0.006018579481011865,0.7625040511012552,40,11520,0.0003361810228078875,3,0.00015082974470202235,5.298913641793236e-05,2,0.0008921254326065227,0.0003620461515170599
C5|EXACT|0|1|1e-05|0.01|1,no_x_off_1_minus_joint_0,active,C5,EXACT,0,1,1e-05,0.01,1,N2A,4,1,1,1,2,0.026557222223518678,1.1343077244930424e-06,1.9094363657409137e-06,0.7707487871772098,0.00014856615592461162,4.8137657224289385e-05,5.1600668899369644e-05,9.876477499759737e-05,0.7228141176071264,0.000890884353935022,0.00035749336780571927,0.0035194015941374703,0.006018579481011865,0.7646935254997093,40,11520,0.0003365514162384247,3,0.00015082974470202235,5.370351120939549e-05,2,0.0008921254326065227,0.0003614731792226461
C5|EXACT|0|2|1e-05|0.01|1,no_x_off_1_minus_joint_0,active,C5,EXACT,0,2,1e-05,0.01,1,N2A,4,1,2,1,2,0.026479636981733636,1.128615782209898e-06,1.9094363657409137e-06,0.7688125511282281,0.00014856615592461162,4.7582122615150576e-05,5.1758321245617145e-05,9.876477499759737e-05,0.7239174602383562,0.000890884353935022,0.00035807876838303776,0.003499276908840035,0.006018579481011865,0.7625040511012551,40,11520,0.0003361810228078874,3,0.00015082974470202235,5.298913641793236e-05,2,0.0008921254326065227,0.00036204615151705984
C5|EXACT|0|4|1e-05|0.01|1,no_x_off_1_minus_joint_0,active,C5,EXACT,0,4,1e-05,0.01,1,N2A,4,1,2,1,2,0.026479636981733636,1.128615782209898e-06,1.9094363657409137e-06,0.7688125511282281,0.00014856615592461162,4.7582122615150576e-05,5.1758321245617145e-05,9.876477499759737e-05,0.7239174602383562,0.000890884353935022,0.00035807876838303776,0.003499276908840035,0.006018579481011865,0.7625040511012551,40,11520,0.0003361810228078874,3,0.00015082974470202235,5.298913641793236e-05,2,0.0008921254326065227,0.00036204615151705984
C5|EXACT|0|FULL|1e-05|0.01|1,no_x_off_1_minus_joint_0,active,C5,EXACT,0,FULL,1e-05,0.01,1,N2A,4,1,2,1,2,0.026479636981733636,1.128615782209898e-06,1.9094363657409137e-06,0.7688125511282281,0.00014856615592461162,4.7582122615150576e-05,5.1758321245617145e-05,9.876477499759737e-05,0.7239174602383562,0.000890884353935022,0.00035807876838303776,0.003499276908840035,0.006018579481011865,0.7625040511012551,40,11520,0.0003361810228078874,3,0.00015082974470202235,5.298913641793236e-05,2,0.0008921254326065227,0.00036204615151705984
C6|EXACT|0|1|1e-05|0.01|1,no_x_off_1_minus_joint_0,active,C6,EXACT,0,1,1e-05,0.01,1,N2A,4,1,1,1,2,0.02646322106307352,1.1368831899553343e-06,1.9094363657409137e-06,0.7716232903436728,0.00014856615592461162,4.822079734620309e-05,5.163332850143239e-05,9.876477499759737e-05,0.7230428267282112,0.000890884353935022,0.00035773667039422607,0.003531261984753827,0.006018579481011865,0.7659809511327036,40,11520,0.0003369062576785651,3,0.00015082974470202235,5.3832211138297176e-05,2,0.0008921254326065227,0.00036171626292699923
C6|EXACT|0|2|1e-05|0.01|1,no_x_off_1_minus_joint_0,active,C6,EXACT,0,2,1e-05,0.01,1,N2A,4,1,2,1,2,0.026479636981733643,1.128615782209898e-06,1.9094363657409137e-06,0.7688125511282281,0.00014856615592461162,4.758212261515057e-05,5.1758321245617145e-05,9.876477499759737e-05,0.7239174602383562,0.000890884353935022,0.00035807876838303776,0.003499276908840035,0.006018579481011865,0.7625040511012551,40,11520,0.0003361810228078874,3,0.00015082974470202235,5.2989136417932354e-05,2,0.0008921254326065227,0.00036204615151705984
C6|EXACT|0|4|1e-05|0.01|1,no_x_off_1_minus_joint_0,active,C6,EXACT,0,4,1e-05,0.01,1,N2A,4,1,2,1,2,0.026479636981733643,1.128615782209898e-06,1.9094363657409137e-06,0.7688125511282281,0.00014856615592461162,4.758212261515057e-05,5.1758321245617145e-05,9.876477499759737e-05,0.7239174602383562,0.000890884353935022,0.00035807876838303776,0.003499276908840035,0.006018579481011865,0.7625040511012551,40,11520,0.0003361810228078874,3,0.00015082974470202235,5.2989136417932354e-05,2,0.0008921254326065227,0.00036204615151705984
C6|EXACT|0|FULL|1e-05|0.01|1,no_x_off_1_minus_joint_0,active,C6,EXACT,0,FULL,1e-05,0.01,1,N2A,4,1,2,1,2,0.026479636981733643,1.128615782209898e-06,1.9094363657409137e-06,0.7688125511282281,0.00014856615592461162,4.758212261515057e-05,5.1758321245617145e-05,9.876477499759737e-05,0.7239174602383562,0.000890884353935022,0.00035807876838303776,0.003499276908840035,0.006018579481011865,0.7625040511012551,40,11520,0.0003361810228078874,3,0.00015082974470202235,5.2989136417932354e-05,2,0.0008921254326065227,0.00036204615151705984
C2|O_IND|64|FULL|1e-05|0.01|8,joint_1_minus_joint_0,all,C2,O_IND,64,FULL,1e-05,0.01,8,N2B,4,1,14,1,14,25.431369702462735,0.775603953016428,0.0002832048205567812,52.332283596933884,0.027372622170818102,0.006750389170435969,0.4814677626554554,0.0063696898543975,8.694096643183421,0.021883778921652233,0.00553447605900985,646.0461129211587,0.5328118928103126,34.8212858123086,768,221184,0.027768747830172937,4,0.029641821750045136,0.0072915150153601135,5,0.022476350423451176,0.005428553628007873
C2|O_IND|64|FULL|1e-05|0.01|8,joint_1_minus_joint_0,active,C2,O_IND,64,FULL,1e-05,0.01,8,N2B,4,1,14,1,14,25.431369702462735,0.775603953016428,0.0002832048205567812,52.332283596933884,0.027372622170818102,0.006750389170435969,0.4814677626554554,0.0063696898543975,8.694096643183421,0.021883778921652233,0.00553447605900985,646.0461129211587,0.5328118928103126,34.8212858123086,768,221184,0.027768747830172937,4,0.029641821750045136,0.0072915150153601135,5,0.022476350423451176,0.005428553628007873
C2|O_IND|64|FULL|1e-05|0.01|8,no_x_off_1_minus_joint_0,all,C2,O_IND,64,FULL,1e-05,0.01,8,N2B,4,1,14,1,14,10.50528844525869,0.11934370079471944,3.1324625793816554e-05,61.72438972372787,0.011184711929451224,0.0025612689402700977,0.10150288568095496,0.0011898953808627498,9.23601873723151,0.010461294880374656,0.0023846595856969735,110.30372618458901,0.07359555026887879,38.71411300424593,768,221184,0.011075982123928482,3,0.011791525074268719,0.002695191126473345,2,0.011108939376178205,0.0025285078143854763
C2|O_IND|64|FULL|1e-05|0.01|8,no_x_off_1_minus_joint_0,active,C2,O_IND,64,FULL,1e-05,0.01,8,N2B,4,1,14,1,14,10.498448507037251,0.11912763116990159,3.013801965718407e-05,62.87078704798928,0.011892444872555925,0.0029069052320772333,0.10146704761171174,0.001189421840666848,9.23622613621719,0.01107756554078177,0.0027170851805385777,110.15984675893225,0.073314350774121,38.762980704018105,672,193536,0.01259067890096425,2,0.012540102801596117,0.003049639449211498,3,0.01161162962302757,0.0029368431467314804
C2|O_IND|64|FULL|1e-05|0.01|8,joint_1_minus_no_x_off_1,all,C2,O_IND,64,FULL,1e-05,0.01,8,N2B,4,1,14,1,14,23.42583408068869,0.6734694065186526,0.00018282859450720028,60.69275835049345,0.025207491110760524,0.005360292054788796,0.40310573725156096,0.0033666054843043245,10.942419904724611,0.020227908947942044,0.00432950053352245,548.29044367871,0.3043709295321603,42.44277320933675,768,221184,0.021761381789576872,4,0.028638582507525927,0.0060717564064579795,3,0.021577983656682172,0.004564027588034244
C2|O_IND|64|FULL|1e-05|0.01|8,joint_1_minus_no_x_off_1,active,C2,O_IND,64,FULL,1e-05,0.01,8,N2B,4,1,14,1,14,23.260968512173914,0.658857138359988,0.00016644980411819834,62.91496851742228,0.025312049188012675,0.005438426206926916,0.40164224541992755,0.0033302812797343733,10.981944261531373,0.020757493902976612,0.004470238917508446,540.5766804141202,0.29615222399813296,42.723926013929045,736,211968,0.022256090903920694,4,0.028292906347362486,0.006098574254877663,3,0.02203504822079227,0.004686377887655226
C2|O_CRN|64|FULL|1e-05|0.01|8,joint_1_minus_joint_0,all,C2,O_CRN,64,FULL,1e-05,0.01,8,N2B,4,1,14,1,14,1.943816997250958,0.0026779524556845213,0.0002832048205567812,3.0750424145310187,0.0016808860287896856,0.0004149327557044006,0.0054207461573019255,0.0063696898543975,0.9225085329748612,0.002270294909917473,0.000608402041478257,3.438924523300743,0.5328118928103126,2.5405302302110346,768,221184,0.001686591247466837,3,0.0022069254783335596,0.00047613954780883995,1,0.0026962232753072026,0.0006900315479340235
C2|O_CRN|64|FULL|1e-05|0.01|8,joint_1_minus_joint_0,active,C2,O_CRN,64,FULL,1e-05,0.01,8,N2B,4,1,14,1,14,1.943816997250958,0.0026779524556845213,0.0002832048205567812,3.0750424145310187,0.0016808860287896856,0.0004149327557044006,0.0054207461573019255,0.0063696898543975,0.9225085329748612,0.002270294909917473,0.000608402041478257,3.438924523300743,0.5328118928103126,2.5405302302110346,768,221184,0.001686591247466837,3,0.0022069254783335596,0.00047613954780883995,1,0.0026962232753072026,0.0006900315479340235
C2|O_CRN|64|FULL|1e-05|0.01|8,no_x_off_1_minus_joint_0,all,C2,O_CRN,64,FULL,1e-05,0.01,8,N2B,4,1,14,1,14,0.8096968461693066,0.0005065456985130943,3.1324625793816554e-05,4.021299039053059,0.0007608966038179164,0.00016333422047355858,0.0010174080235460458,0.0011898953808627498,0.9246836738625055,0.0011006260209799614,0.00024922327455250207,0.6065233689343674,0.07359555026887879,2.870767301339651,768,221184,0.0006486742515765128,3,0.0008656665475161937,0.00019408688732884386,3,0.001137926184726797,0.000248434584009994
C2|O_CRN|64|FULL|1e-05|0.01|8,no_x_off_1_minus_joint_0,active,C2,O_CRN,64,FULL,1e-05,0.01,8,N2B,4,1,14,1,14,0.8082282203724281,0.0005043610458774388,3.013801965718407e-05,4.090848652871137,0.0008044178147505896,0.00018455673985730788,0.0010137403733059905,0.001189421840666848,0.9231991949029374,0.0011540780553106651,0.0002822685522884101,0.6040708015038733,0.073314350774121,2.870446293089938,672,193536,0.0007350275150111035,3,0.0009079483014559622,0.00021865228110836234,3,0.0012020648992180233,0.00028046463022247947
C2|O_CRN|64|FULL|1e-05|0.01|8,joint_1_minus_no_x_off_1,all,C2,O_CRN,64,FULL,1e-05,0.01,8,N2B,4,1,14,1,14,1.713209756803867,0.0021793147388972046,0.00018282859450720028,3.4525336308436145,0.0014763399332012907,0.0003194474622631408,0.004324721370954865,0.0033666054843043245,1.133399333485152,0.0020507204896324078,0.00045823804486548034,2.743418406007632,0.3043709295321603,3.0022333068655644,768,221184,0.0012561412497070399,3,0.0018216482892938906,0.00037084978952989386,1,0.002533625369678995,0.0005294551850308494
C2|O_CRN|64|FULL|1e-05|0.01|8,joint_1_minus_no_x_off_1,active,C2,O_CRN,64,FULL,1e-05,0.01,8,N2B,4,1,14,1,14,1.6729804698198396,0.0020515342092252372,0.00016644980411819834,3.510732481465809,0.001468638520951946,0.0003200495079233588,0.004128410790531355,0.0033302812797343733,1.1133994288760078,0.002041780921226756,0.00046046587297956653,2.6104809740991355,0.29615222399813296,2.9689492017997483,736,211968,0.0012701383049876628,3,0.0017991650238528816,0.0003735102126501142,1,0.00260999139252049,0.0005346050087864339
C2|O_LR_ORIGIN|64|FULL|1e-05|0.01|8,joint_1_minus_joint_0,all,C2,O_LR_ORIGIN,64,FULL,1e-05,0.01,8,N2B,4,1,14,1,14,0.6408911491359908,3.732913884906081e-05,0.0002832048205567812,0.36305603883417825,0.00019931472580363976,5.213414459655163e-05,0.00033236375819901075,0.0063696898543975,0.22842713208775717,0.0005599635875959396,0.00015289166535415821,0.07060802349554991,0.5328118928103126,0.36403242795861857,768,221184,0.000255823530734146,1,0.00022140904292900025,5.8687474076285636e-05,2,0.0005783076049209957,0.0001589792638773609
C2|O_LR_ORIGIN|64|FULL|1e-05|0.01|8,joint_1_minus_joint_0,active,C2,O_LR_ORIGIN,64,FULL,1e-05,0.01,8,N2B,4,1,14,1,14,0.6408911491359908,3.732913884906081e-05,0.0002832048205567812,0.36305603883417825,0.00019931472580363976,5.213414459655163e-05,0.00033236375819901075,0.0063696898543975,0.22842713208775717,0.0005599635875959396,0.00015289166535415821,0.07060802349554991,0.5328118928103126,0.36403242795861857,768,221184,0.000255823530734146,1,0.00022140904292900025,5.8687474076285636e-05,2,0.0005783076049209957,0.0001589792638773609
C2|O_LR_ORIGIN|64|FULL|1e-05|0.01|8,no_x_off_1_minus_joint_0,all,C2,O_LR_ORIGIN,64,FULL,1e-05,0.01,8,N2B,4,1,14,1,14,0.2382907514027102,6.068418946060238e-06,3.1324625793816554e-05,0.4401440466460058,8.778246024438516e-05,1.9213644065824908e-05,0.00010109455130148311,0.0011898953808627498,0.29148048615774835,0.0003903213777905822,7.953278743542372e-05,0.010723358279811234,0.07359555026887879,0.38171535453706557,768,221184,0.00010079653073783937,1,0.00010190533386605528,2.258420434488808e-05,3,0.0004231923794732329,8.167604592360744e-05
C2|O_LR_ORIGIN|64|FULL|1e-05|0.01|8,no_x_off_1_minus_joint_0,active,C2,O_LR_ORIGIN,64,FULL,1e-05,0.01,8,N2B,4,1,14,1,14,0.2381918866914957,5.561310790924755e-06,3.013801965718407e-05,0.4295673128894767,8.751350463914262e-05,2.0751551999488804e-05,0.00010088682839057919,0.001189421840666848,0.2912388316439197,0.0004031513744207354,9.014034770253463e-05,0.010603034315060038,0.073314350774121,0.38029497499472825,672,193536,0.0001130011830789185,0,9.992110551245796e-05,2.4241464250243866e-05,3,0.00043449866941945976,9.243716738451824e-05
C2|O_LR_ORIGIN|64|FULL|1e-05|0.01|8,joint_1_minus_no_x_off_1,all,C2,O_LR_ORIGIN,64,FULL,1e-05,0.01,8,N2B,4,1,14,1,14,0.49431959670208414,2.575742040668126e-05,0.00018282859450720028,0.3753436931923667,0.00017689903199865107,3.887945524730544e-05,0.00024753990752230764,0.0033666054843043245,0.2711605454858657,0.0005071912306845749,0.00011261417305512413,0.046683046220818494,0.3043709295321603,0.3916318538258499,768,221184,0.00018735280427014037,0,0.0001982690908518819,4.215857314961114e-05,2,0.0005274894793310194,0.00011597503384104474
C2|O_LR_ORIGIN|64|FULL|1e-05|0.01|8,joint_1_minus_no_x_off_1,active,C2,O_LR_ORIGIN,64,FULL,1e-05,0.01,8,N2B,4,1,14,1,14,0.4876571964962038,2.4880216502778676e-05,0.00016644980411819834,0.3866209942894865,0.00017721133859043532,3.942701044849425e-05,0.00024594710841856774,0.0033302812797343733,0.27175678901834327,0.0005175227702121608,0.00011596219704596524,0.04542523939768462,0.29615222399813296,0.3916436714540584,736,211968,0.00018972709071601166,0,0.00020154860738086765,4.345823556412376e-05,2,0.0005409475439638021,0.00011922205994521694
C2|O_LR_MIX|64|FULL|1e-05|0.01|8,joint_1_minus_joint_0,all,C2,O_LR_MIX,64,FULL,1e-05,0.01,8,N2B,4,1,14,1,14,0.6425962331252613,3.9380520922680635e-05,0.0002832048205567812,0.37289830357102166,0.00021036178574965542,5.360305706998724e-05,0.00035493303461207724,0.0063696898543975,0.2360554695616869,0.0005732139709616464,0.00015556999282297679,0.07140400525754967,0.5328118928103126,0.3660785913195681,768,221184,0.00025919098116724886,1,0.00022783484382241114,6.363555959589363e-05,1,0.0005970705227404043,0.00015039044684127245
C2|O_LR_MIX|64|FULL|1e-05|0.01|8,joint_1_minus_joint_0,active,C2,O_LR_MIX,64,FULL,1e-05,0.01,8,N2B,4,1,14,1,14,0.6425962331252613,3.9380520922680635e-05,0.0002832048205567812,0.37289830357102166,0.00021036178574965542,5.360305706998724e-05,0.00035493303461207724,0.0063696898543975,0.2360554695616869,0.0005732139709616464,0.00015556999282297679,0.07140400525754967,0.5328118928103126,0.3660785913195681,768,221184,0.00025919098116724886,1,0.00022783484382241114,6.363555959589363e-05,1,0.0005970705227404043,0.00015039044684127245
C2|O_LR_MIX|64|FULL|1e-05|0.01|8,no_x_off_1_minus_joint_0,all,C2,O_LR_MIX,64,FULL,1e-05,0.01,8,N2B,4,1,14,1,14,0.2392961770193465,6.201621213092226e-06,3.1324625793816554e-05,0.44494842364006343,8.772999649693139e-05,1.9512057668866595e-05,0.00010222885846116062,0.0011898953808627498,0.29311116818149047,0.00039218654138096094,7.99843062968233e-05,0.010971431367122007,0.07359555026887879,0.38610539225892265,768,221184,0.00010284663549852922,1,0.00010269285138734025,2.3069210128443456e-05,3,0.00042339617250838153,8.394642950929576e-05
C2|O_LR_MIX|64|FULL|1e-05|0.01|8,no_x_off_1_minus_joint_0,active,C2,O_LR_MIX,64,FULL,1e-05,0.01,8,N2B,4,1,14,1,14,0.23919662119581933,5.721057240311431e-06,3.013801965718407e-05,0.4356932088007692,8.720247635422784e-05,2.113039209370192e-05,0.00010202848329769022,0.001189421840666848,0.29288205350525437,0.0004039781364650282,9.066463220798919e-05,0.010851626136687182,0.073314350774121,0.38472722049946817,672,193536,0.00011535002701287853,0,0.00010236021624578936,2.4603899106076508e-05,3,0.00043729930662812734,9.506970988126509e-05
C2|O_LR_MIX|64|FULL|1e-05|0.01|8,joint_1_minus_no_x_off_1,all,C2,O_LR_MIX,64,FULL,1e-05,0.01,8,N2B,4,1,14,1,14,0.49611336245009474,2.8000288356778796e-05,0.00018282859450720028,0.3913444612939773,0.0001864931577203227,4.075627781004912e-05,0.00026801500864813454,0.0033666054843043245,0.28215220211569825,0.0005047184410276298,0.00011528856544611355,0.0476715084044244,0.3043709295321603,0.3957563224033642,768,221184,0.00019161116096422446,1,0.00021412183705971156,4.6951208329820285e-05,4,0.0005420904258686729,0.0001144567988119506
C2|O_LR_MIX|64|FULL|1e-05|0.01|8,joint_1_minus_no_x_off_1,active,C2,O_LR_MIX,64,FULL,1e-05,0.01,8,N2B,4,1,14,1,14,0.48946610366510857,2.7263827396724942e-05,0.00016644980411819834,0.40471729862675887,0.0001872727335570957,4.1419757194001846e-05,0.00026479535743565157,0.0033302812797343733,0.28197767492380815,0.0005108181574533428,0.00011826003566699708,0.046519997372043216,0.29615222399813296,0.39633492276835636,736,211968,0.00019435509474736857,1,0.00021611081479241517,4.8120107728140685e-05,4,0.0005532395487389369,0.00011887712188098048
C0|O_IND|64|0|0.01|0.01|8,joint_1_minus_joint_0,all,C0,O_IND,64,0,0.01,0.01,8,BASELINE,4,0,0,0,0,0.0,0.0002832048205567812,0.0002832048205567812,1.0,0.0005581455941815316,0.00016142319401186002,0.0063696898543975,0.0063696898543975,1.0,0.002582379050133553,0.0007940748517007732,0.5328118928103126,0.5328118928103126,1.0,768,221184,0.0008520225524508333,3,0.0006253072029914429,0.00017014807873181608,1,0.00265467995431835,0.000807989599889411
C0|O_IND|64|0|0.01|0.01|8,joint_1_minus_joint_0,active,C0,O_IND,64,0,0.01,0.01,8,BASELINE,4,0,0,0,0,0.0,0.0002832048205567812,0.0002832048205567812,1.0,0.0005581455941815316,0.00016142319401186002,0.0063696898543975,0.0063696898543975,1.0,0.002582379050133553,0.0007940748517007732,0.5328118928103126,0.5328118928103126,1.0,768,221184,0.0008520225524508333,3,0.0006253072029914429,0.00017014807873181608,1,0.00265467995431835,0.000807989599889411
C0|O_IND|64|0|0.01|0.01|8,no_x_off_1_minus_joint_0,all,C0,O_IND,64,0,0.01,0.01,8,BASELINE,4,0,0,0,0,0.0,3.1324625793816554e-05,3.1324625793816554e-05,1.0,0.00019239647502263557,4.652956287404653e-05,0.0011898953808627498,0.0011898953808627498,1.0,0.001050168151808084,0.00031507467560485037,0.07359555026887879,0.07359555026887879,1.0,768,221184,0.0002931937625310121,0,0.00021723893686397105,4.7474501470740245e-05,3,0.0011116208984858448,0.000316350639232603
C0|O_IND|64|0|0.01|0.01|8,no_x_off_1_minus_joint_0,active,C0,O_IND,64,0,0.01,0.01,8,BASELINE,4,0,0,0,0,0.0,3.013801965718407e-05,3.013801965718407e-05,1.0,0.0001967360011071572,5.132260082048761e-05,0.001189421840666848,0.001189421840666848,1.0,0.0010922714991466462,0.0003589084369797636,0.073314350774121,0.073314350774121,1.0,672,193536,0.0003316583126879841,0,0.00021723893686397105,5.2575980975694214e-05,3,0.0011116208984858448,0.0003601546531202869
C0|O_IND|64|0|0.01|0.01|8,joint_1_minus_no_x_off_1,all,C0,O_IND,64,0,0.01,0.01,8,BASELINE,4,0,0,0,0,0.0,0.00018282859450720028,0.00018282859450720028,1.0,0.00043949090901163057,0.00011772301702362399,0.0033666054843043245,0.0033666054843043245,1.0,0.0022146474814864875,0.0004790001760959228,0.3043709295321603,0.3043709295321603,1.0,768,221184,0.0005695644544003462,1,0.00049312174580471,0.00012791172858058307,3,0.0022769009042929987,0.000498191074314621
C0|O_IND|64|0|0.01|0.01|8,joint_1_minus_no_x_off_1,active,C0,O_IND,64,0,0.01,0.01,8,BASELINE,4,0,0,0,0,0.0,0.00016644980411819834,0.00016644980411819834,1.0,0.00043604018754526963,0.00011692371084136782,0.0033302812797343733,0.0033302812797343733,1.0,0.0022156362068345473,0.0004921761279109129,0.29615222399813296,0.29615222399813296,1.0,736,211968,0.0005789801460038146,1,0.00049312174580471,0.00012869603298613417,3,0.0022769009042929987,0.0005014282963035986
C1_LEGACY_FROZEN|O_IND|64|0|0.01|0.01|8,joint_1_minus_joint_0,all,C1_LEGACY_FROZEN,O_IND,64,0,0.01,0.01,8,BASELINE,4,0,0,6,22,0.0,0.0002832048205567812,0.0002832048205567812,1.0,0.0005581455941815316,0.00016142319401186002,0.0063696898543975,0.0063696898543975,1.0,0.002582379050133553,0.0007940748517007732,0.5328118928103126,0.5328118928103126,1.0,768,221184,0.0008520225524508333,3,0.0006253072029914429,0.00017014807873181608,1,0.00265467995431835,0.000807989599889411
C1_LEGACY_FROZEN|O_IND|64|0|0.01|0.01|8,joint_1_minus_joint_0,active,C1_LEGACY_FROZEN,O_IND,64,0,0.01,0.01,8,BASELINE,4,0,0,6,22,0.0,0.0002832048205567812,0.0002832048205567812,1.0,0.0005581455941815316,0.00016142319401186002,0.0063696898543975,0.0063696898543975,1.0,0.002582379050133553,0.0007940748517007732,0.5328118928103126,0.5328118928103126,1.0,768,221184,0.0008520225524508333,3,0.0006253072029914429,0.00017014807873181608,1,0.00265467995431835,0.000807989599889411
C1_LEGACY_FROZEN|O_IND|64|0|0.01|0.01|8,no_x_off_1_minus_joint_0,all,C1_LEGACY_FROZEN,O_IND,64,0,0.01,0.01,8,BASELINE,4,0,0,6,22,0.0,3.1324625793816554e-05,3.1324625793816554e-05,1.0,0.00019239647502263557,4.652956287404653e-05,0.0011898953808627498,0.0011898953808627498,1.0,0.001050168151808084,0.00031507467560485037,0.07359555026887879,0.07359555026887879,1.0,768,221184,0.0002931937625310121,0,0.00021723893686397105,4.7474501470740245e-05,3,0.0011116208984858448,0.000316350639232603
C1_LEGACY_FROZEN|O_IND|64|0|0.01|0.01|8,no_x_off_1_minus_joint_0,active,C1_LEGACY_FROZEN,O_IND,64,0,0.01,0.01,8,BASELINE,4,0,0,8,22,0.0,3.013801965718407e-05,3.013801965718407e-05,1.0,0.0001967360011071572,5.132260082048761e-05,0.001189421840666848,0.001189421840666848,1.0,0.0010922714991466462,0.0003589084369797636,0.073314350774121,0.073314350774121,1.0,672,193536,0.0003316583126879841,0,0.00021723893686397105,5.2575980975694214e-05,3,0.0011116208984858448,0.0003601546531202869
C1_LEGACY_FROZEN|O_IND|64|0|0.01|0.01|8,joint_1_minus_no_x_off_1,all,C1_LEGACY_FROZEN,O_IND,64,0,0.01,0.01,8,BASELINE,4,0,0,6,22,0.0,0.00018282859450720028,0.00018282859450720028,1.0,0.00043949090901163057,0.00011772301702362399,0.0033666054843043245,0.0033666054843043245,1.0,0.0022146474814864875,0.0004790001760959228,0.3043709295321603,0.3043709295321603,1.0,768,221184,0.0005695644544003462,1,0.00049312174580471,0.00012791172858058307,3,0.0022769009042929987,0.000498191074314621
C1_LEGACY_FROZEN|O_IND|64|0|0.01|0.01|8,joint_1_minus_no_x_off_1,active,C1_LEGACY_FROZEN,O_IND,64,0,0.01,0.01,8,BASELINE,4,0,0,6,22,0.0,0.00016644980411819834,0.00016644980411819834,1.0,0.00043604018754526963,0.00011692371084136782,0.0033302812797343733,0.0033302812797343733,1.0,0.0022156362068345473,0.0004921761279109129,0.29615222399813296,0.29615222399813296,1.0,736,211968,0.0005789801460038146,1,0.00049312174580471,0.00012869603298613417,3,0.0022769009042929987,0.0005014282963035986
C1_LEGACY_EXACT_RULE|O_IND|64|1|0.01|0.01|8,joint_1_minus_joint_0,all,C1_LEGACY_EXACT_RULE,O_IND,64,1,0.01,0.01,8,BASELINE,4,1,1,6,22,7.696790006200352,0.04709253245711041,0.0002832048205567812,12.89512932973028,0.005826917959038569,0.001342541531970822,0.07500815447597152,0.0063696898543975,3.4315876541855155,0.00698782897406844,0.0017428037593533031,59.68438471195747,0.5328118928103126,10.583843403524723,768,221184,0.0064315301173373945,0,0.006737632245892057,0.0015877740562431663,5,0.008453160739748866,0.002095890978031798
C1_LEGACY_EXACT_RULE|O_IND|64|1|0.01|0.01|8,joint_1_minus_joint_0,active,C1_LEGACY_EXACT_RULE,O_IND,64,1,0.01,0.01,8,BASELINE,4,1,1,6,22,7.696790006200352,0.04709253245711041,0.0002832048205567812,12.89512932973028,0.005826917959038569,0.001342541531970822,0.07500815447597152,0.0063696898543975,3.4315876541855155,0.00698782897406844,0.0017428037593533031,59.68438471195747,0.5328118928103126,10.583843403524723,768,221184,0.0064315301173373945,0,0.006737632245892057,0.0015877740562431663,5,0.008453160739748866,0.002095890978031798
C1_LEGACY_EXACT_RULE|O_IND|64|1|0.01|0.01|8,no_x_off_1_minus_joint_0,all,C1_LEGACY_EXACT_RULE,O_IND,64,1,0.01,0.01,8,BASELINE,4,1,1,6,22,2.8620383014370083,0.006281516077445182,3.1324625793816554e-05,14.160849006789018,0.0024501924616263417,0.0004796915198098178,0.0100848916029943,0.0011898953808627498,2.911261573054896,0.003057531993502021,0.0006644118195124455,8.268650996253877,0.07359555026887879,10.599650665316858,768,221184,0.0023589297015971437,3,0.0026244760859137793,0.00047833367720146494,0,0.0033929431329610296,0.0006805769071932692
C1_LEGACY_EXACT_RULE|O_IND|64|1|0.01|0.01|8,no_x_off_1_minus_joint_0,active,C1_LEGACY_EXACT_RULE,O_IND,64,1,0.01,0.01,8,BASELINE,4,1,1,8,22,2.854234431683767,0.006232719826740784,3.013801965718407e-05,14.380747024398318,0.00262105062951532,0.0005396401704512609,0.01007098923716689,0.001189421840666848,2.9098333122935642,0.003271138687923188,0.0007544513141488332,8.223697552994448,0.073314350774121,10.591051218496974,672,193536,0.0026614095807965875,3,0.0028345968754646426,0.0005341650543955594,0,0.0036819948683922913,0.0007730673698469417
C1_LEGACY_EXACT_RULE|O_IND|64|1|0.01|0.01|8,joint_1_minus_no_x_off_1,all,C1_LEGACY_EXACT_RULE,O_IND,64,1,0.01,0.01,8,BASELINE,4,1,1,6,22,6.572190127915508,0.03453458420177337,0.00018282859450720028,13.743743946014142,0.004306340942002799,0.000947233455661656,0.05355550197368622,0.0033666054843043245,3.988466364023277,0.004895806053224332,0.0011709012702089039,43.41683300586894,0.3043709295321603,11.943386459337447,768,221184,0.004468903268122806,0,0.004844638298466676,0.0011225950910766305,5,0.005777108023984459,0.001451875239192568
C1_LEGACY_EXACT_RULE|O_IND|64|1|0.01|0.01|8,joint_1_minus_no_x_off_1,active,C1_LEGACY_EXACT_RULE,O_IND,64,1,0.01,0.01,8,BASELINE,4,1,1,6,22,6.502353742071071,0.03320570870223125,0.00016644980411819834,14.124228426852245,0.004295142872698108,0.0009547966555089849,0.053307871236415005,0.0033302812797343733,4.000877110544144,0.004976354145025687,0.0012044018295137935,42.50055088375231,0.29615222399813296,11.979530027997283,736,211968,0.0045366837657289305,0,0.004824215832369924,0.0011303410131570594,5,0.006082121658064297,0.0014986194644498233
D_DIRECT|O_IND|64|0|0.0|0.0|0,joint_1_minus_joint_0,all,D_DIRECT,O_IND,64,0,0.0,0.0,0,DIRECT,4,0,0,0,0,23.309881722941025,0.5594070101102256,0.0002832048205567812,44.44405040605276,0.023999962909505464,0.007101415717556462,0.4642531818490118,0.0063696898543975,8.537255934441227,0.022421362063193694,0.006203246538274948,542.7931346222807,0.5328118928103126,31.91759928018576,768,221184,0.030506717382230663,5,0.02477870296923477,0.007175442877935372,4,0.023790144341084885,0.0063002491102465774
D_DIRECT|O_IND|64|0|0.0|0.0|0,joint_1_minus_joint_0,active,D_DIRECT,O_IND,64,0,0.0,0.0,0,DIRECT,4,0,0,0,0,23.309881722941025,0.5594070101102256,0.0002832048205567812,44.44405040605276,0.023999962909505464,0.007101415717556462,0.4642531818490118,0.0063696898543975,8.537255934441227,0.022421362063193694,0.006203246538274948,542.7931346222807,0.5328118928103126,31.91759928018576,768,221184,0.030506717382230663,5,0.02477870296923477,0.007175442877935372,4,0.023790144341084885,0.0063002491102465774
D_DIRECT|O_IND|64|0|0.0|0.0|0,no_x_off_1_minus_joint_0,all,D_DIRECT,O_IND,64,0,0.0,0.0,0,DIRECT,4,0,0,0,0,20.475893314609014,0.4306303107009451,3.1324625793816554e-05,117.24905519042152,0.02223425777257917,0.005418171894192892,0.3994025467731234,0.0011898953808627498,18.321078080818953,0.021702443466596822,0.005077912018470373,419.264600750169,0.07359555026887879,75.47764122475296,768,221184,0.023353354457018454,5,0.023366898888372723,0.005333083565785361,3,0.02306510647732119,0.00561412827008938
D_DIRECT|O_IND|64|0|0.0|0.0|0,no_x_off_1_minus_joint_0,active,D_DIRECT,O_IND,64,0,0.0,0.0,0,DIRECT,4,0,0,0,0,20.384475844837173,0.42380100129455556,3.013801965718407e-05,118.58332767887377,0.023374354317400686,0.0060748159696445815,0.39871412045584614,0.001189421840666848,18.308925342090234,0.02282917217010855,0.005770812184795525,415.5280420487914,0.073314350774121,75.28451765970601,672,193536,0.026352274203024915,5,0.02341431829319706,0.005991782786043435,3,0.024097395456373256,0.006358365107793297
D_DIRECT|O_IND|64|0|0.0|0.0|0,joint_1_minus_no_x_off_1,all,D_DIRECT,O_IND,64,0,0.0,0.0,0,DIRECT,4,0,0,0,0,19.93399753718506,0.415237300913879,0.00018282859450720028,47.65693627539933,0.022416562148803852,0.005238800333054353,0.35357352928157704,0.0033666054843043245,10.24810953176448,0.020749943961814375,0.004625410375346427,396.9347879249446,0.3043709295321603,36.112536688353856,768,221184,0.02215968571299833,5,0.023356460491705387,0.005274509542420597,3,0.0233979789922046,0.0050496801428681895
D_DIRECT|O_IND|64|0|0.0|0.0|0,joint_1_minus_no_x_off_1,active,D_DIRECT,O_IND,64,0,0.0,0.0,0,DIRECT,4,0,0,0,0,19.817921182606415,0.40776257197791954,0.00016644980411819834,49.49508059348225,0.022496933521927987,0.005357255871053015,0.3529395223459535,0.0033302812797343733,10.29460502797622,0.021172280064864043,0.004797367400155199,392.34373386035304,0.29615222399813296,36.39786092505059,736,211968,0.022776236434086845,5,0.023422064888972194,0.005385304001692507,3,0.02390518440167131,0.0052221663994215
D_DIRECT|O_CRN|64|0|0.0|0.0|0,joint_1_minus_joint_0,all,D_DIRECT,O_CRN,64,0,0.0,0.0,0,DIRECT,4,0,0,0,0,2.54308575479672,0.005192842659349231,0.0002832048205567812,4.282055197544297,0.0024473893668358463,0.0005881141038174988,0.008741745366158071,0.0063696898543975,1.1714936332210695,0.0030651657511141807,0.0008370904565545798,5.930176942585202,0.5328118928103126,3.336159999703042,768,221184,0.002080722410580855,2,0.002747395783262703,0.0006571333053827165,3,0.003300460506961652,0.000885626506216999
D_DIRECT|O_CRN|64|0|0.0|0.0|0,joint_1_minus_joint_0,active,D_DIRECT,O_CRN,64,0,0.0,0.0,0,DIRECT,4,0,0,0,0,2.54308575479672,0.005192842659349231,0.0002832048205567812,4.282055197544297,0.0024473893668358463,0.0005881141038174988,0.008741745366158071,0.0063696898543975,1.1714936332210695,0.0030651657511141807,0.0008370904565545798,5.930176942585202,0.5328118928103126,3.336159999703042,768,221184,0.002080722410580855,2,0.002747395783262703,0.0006571333053827165,3,0.003300460506961652,0.000885626506216999
D_DIRECT|O_CRN|64|0|0.0|0.0|0,no_x_off_1_minus_joint_0,all,D_DIRECT,O_CRN,64,0,0.0,0.0,0,DIRECT,4,0,0,0,0,1.4491713688346182,0.0017844238205044025,3.1324625793816554e-05,7.547551068413383,0.0013810139121336966,0.0002559178364602195,0.0030286204243196,0.0011898953808627498,1.5953942927268439,0.0019296268385960993,0.000438620750226799,2.0330805649480594,0.07359555026887879,5.255953520022428,768,221184,0.0008047287659869322,3,0.0014322088403104002,0.00029877514977482913,0,0.00205416649447921,0.0004830558039895201
D_DIRECT|O_CRN|64|0|0.0|0.0|0,no_x_off_1_minus_joint_0,active,D_DIRECT,O_CRN,64,0,0.0,0.0,0,DIRECT,4,0,0,0,0,1.440045300936745,0.0017660757223250266,3.013801965718407e-05,7.655037179140026,0.001399805264710566,0.00028850587496369806,0.002966533393488509,0.001189421840666848,1.57927102078058,0.002003721500362594,0.0004919964578835849,2.0067071201737976,0.073314350774121,5.231756219543354,672,193536,0.00090810229394788,1,0.0014803508415641342,0.0003160202391198709,0,0.002170017026750253,0.0005421127596347773
D_DIRECT|O_CRN|64|0|0.0|0.0|0,joint_1_minus_no_x_off_1,all,D_DIRECT,O_CRN,64,0,0.0,0.0,0,DIRECT,4,0,0,0,0,2.0812359233758198,0.0034256018598888376,0.00018282859450720028,4.328589309877114,0.002108179634602633,0.00041466779063732446,0.005813518015041735,0.0033666054843043245,1.3140848186719032,0.0026049481216596083,0.0005839716935563867,4.0206826850163715,0.3043709295321603,3.634530473422273,768,221184,0.0014416069327332817,3,0.0023783649450388263,0.0004967612203519255,2,0.0029445465843284343,0.0006191543054651937
D_DIRECT|O_CRN|64|0|0.0|0.0|0,joint_1_minus_no_x_off_1,active,D_DIRECT,O_CRN,64,0,0.0,0.0,0,DIRECT,4,0,0,0,0,2.0520568949227505,0.003309622616973065,0.00016644980411819834,4.459103919056955,0.0021110449208619564,0.00042066367239830386,0.005661004237358881,0.0033302812797343733,1.3037859058297103,0.002632099777630825,0.0005941321551241202,3.9055316976515324,0.29615222399813296,3.6314710328201754,736,211968,0.001463077688923063,3,0.0023743536572363782,0.0005001730709446479,2,0.002931305613223789,0.0006231799913106407
D_DIRECT|O_LR_ORIGIN|64|0|0.0|0.0|0,joint_1_minus_joint_0,all,D_DIRECT,O_LR_ORIGIN,64,0,0.0,0.0,0,DIRECT,4,0,0,0,0,0.7485452425705895,2.4501963895049875e-05,0.0002832048205567812,0.2941373172973255,0.00016418385735033809,4.172214361337412e-05,7.342924797937655e-05,0.0063696898543975,0.10736813189921732,0.00028677340069017824,7.171919737783728e-05,0.027098091028105543,0.5328118928103126,0.225518613921356,768,221184,0.00019027549334207753,5,0.00017619364682772942,4.254532621037323e-05,5,0.00032144203278173443,8.005207730927073e-05
D_DIRECT|O_LR_ORIGIN|64|0|0.0|0.0|0,joint_1_minus_joint_0,active,D_DIRECT,O_LR_ORIGIN,64,0,0.0,0.0,0,DIRECT,4,0,0,0,0,0.7485452425705895,2.4501963895049875e-05,0.0002832048205567812,0.2941373172973255,0.00016418385735033809,4.172214361337412e-05,7.342924797937655e-05,0.0063696898543975,0.10736813189921732,0.00028677340069017824,7.171919737783728e-05,0.027098091028105543,0.5328118928103126,0.225518613921356,768,221184,0.00019027549334207753,5,0.00017619364682772942,4.254532621037323e-05,5,0.00032144203278173443,8.005207730927073e-05
D_DIRECT|O_LR_ORIGIN|64|0|0.0|0.0|0,no_x_off_1_minus_joint_0,all,D_DIRECT,O_LR_ORIGIN,64,0,0.0,0.0,0,DIRECT,4,0,0,0,0,0.2781634119786126,3.524090846134925e-06,3.1324625793816554e-05,0.3354135489932856,6.32843482539606e-05,1.4155105657267016e-05,1.2638547577413256e-05,0.0011898953808627498,0.1030609626070996,0.00011705840494456658,2.6413278841276538e-05,0.003967099862320147,0.07359555026887879,0.23217250546843793,768,221184,6.56883227533099e-05,5,6.636653127633843e-05,1.425222703801e-05,5,0.00013428019306848613,2.8843542532218225e-05
D_DIRECT|O_LR_ORIGIN|64|0|0.0|0.0|0,no_x_off_1_minus_joint_0,active,D_DIRECT,O_LR_ORIGIN,64,0,0.0,0.0,0,DIRECT,4,0,0,0,0,0.277546961935135,3.46021286122769e-06,3.013801965718407e-05,0.3388395155211561,6.559907268466622e-05,1.5838699731642847e-05,1.2545876571053545e-05,0.001189421840666848,0.10270286309746302,0.00012452919783478096,2.9794924822882555e-05,0.003914428692087947,0.073314350774121,0.23106794208529802,672,193536,7.369930275287072e-05,5,6.758762632250302e-05,1.5952635462563516e-05,5,0.00014338334869175369,3.232459504839651e-05
D_DIRECT|O_LR_ORIGIN|64|0|0.0|0.0|0,joint_1_minus_no_x_off_1,all,D_DIRECT,O_LR_ORIGIN,64,0,0.0,0.0,0,DIRECT,4,0,0,0,0,0.5668777488308808,1.4573708403484444e-05,0.00018282859450720028,0.2823338676734651,0.0001309443051472558,2.8367081113159244e-05,4.268541698795386e-05,0.0033666054843043245,0.11260136387058145,0.00022510281127368202,4.6363599764025394e-05,0.016146546527452225,0.3043709295321603,0.23032349332471524,768,221184,0.00012815941175924677,5,0.00014069837399415352,2.9101266493592488e-05,5,0.00025175549453552363,5.187385562247711e-05
D_DIRECT|O_LR_ORIGIN|64|0|0.0|0.0|0,joint_1_minus_no_x_off_1,active,D_DIRECT,O_LR_ORIGIN,64,0,0.0,0.0,0,DIRECT,4,0,0,0,0,0.5584240865461859,1.3674081550862071e-05,0.00016644980411819834,0.28662062496336194,0.00013037025524003504,2.8527425331097602e-05,4.020970015216919e-05,0.0033302812797343733,0.10988159610371043,0.00022391308988810549,4.65589702929389e-05,0.014988102887788993,0.29615222399813296,0.22496545466099524,736,211968,0.00012834664457724452,5,0.00014054185237994898,2.904125655201641e-05,5,0.00025136096284301935,5.238110932688153e-05
D_DIRECT|O_LR_MIX|64|0|0.0|0.0|0,joint_1_minus_joint_0,all,D_DIRECT,O_LR_MIX,64,0,0.0,0.0,0,DIRECT,4,0,0,0,0,0.7479719225399386,2.5693768800716332e-05,0.0002832048205567812,0.30120597678372496,0.00017187744575837514,4.1719110148429865e-05,7.41040236481709e-05,0.0063696898543975,0.10786033168704716,0.0002892928592553773,7.237129295497036e-05,0.027366186538520108,0.5328118928103126,0.22663145469649437,768,221184,0.00019150124063710967,4,0.0001807375499379502,4.2370684609270515e-05,1,0.0003087276923176462,7.689516412547183e-05
D_DIRECT|O_LR_MIX|64|0|0.0|0.0|0,joint_1_minus_joint_0,active,D_DIRECT,O_LR_MIX,64,0,0.0,0.0,0,DIRECT,4,0,0,0,0,0.7479719225399386,2.5693768800716332e-05,0.0002832048205567812,0.30120597678372496,0.00017187744575837514,4.1719110148429865e-05,7.41040236481709e-05,0.0063696898543975,0.10786033168704716,0.0002892928592553773,7.237129295497036e-05,0.027366186538520108,0.5328118928103126,0.22663145469649437,768,221184,0.00019150124063710967,4,0.0001807375499379502,4.2370684609270515e-05,1,0.0003087276923176462,7.689516412547183e-05
D_DIRECT|O_LR_MIX|64|0|0.0|0.0|0,no_x_off_1_minus_joint_0,all,D_DIRECT,O_LR_MIX,64,0,0.0,0.0,0,DIRECT,4,0,0,0,0,0.27814731228167455,3.3383096193610814e-06,3.1324625793816554e-05,0.3264527723563926,6.205346688884422e-05,1.3991449789747049e-05,1.24727573321315e-05,0.0011898953808627498,0.10238276334551832,0.00011657818461431289,2.6757997771203714e-05,0.004043496898297802,0.07359555026887879,0.2343973938878523,768,221184,6.632340814492122e-05,3,6.613852972708871e-05,1.496182786564909e-05,5,0.00012536984103106856,2.770756300381749e-05
D_DIRECT|O_LR_MIX|64|0|0.0|0.0|0,no_x_off_1_minus_joint_0,active,D_DIRECT,O_LR_MIX,64,0,0.0,0.0,0,DIRECT,4,0,0,0,0,0.27754290598016457,3.280967217051528e-06,3.013801965718407e-05,0.32994654845143034,6.575500101072728e-05,1.565365471138096e-05,1.2364148222608628e-05,0.001189421840666848,0.10195631887830613,0.00012470528282338924,3.013678251451273e-05,0.003990136708288485,0.073314350774121,0.23329175554034523,672,193536,7.440399136787879e-05,3,6.838721103361806e-05,1.6705368960081468e-05,5,0.00013155070421038982,3.12471893644078e-05
D_DIRECT|O_LR_MIX|64|0|0.0|0.0|0,joint_1_minus_no_x_off_1,all,D_DIRECT,O_LR_MIX,64,0,0.0,0.0,0,DIRECT,4,0,0,0,0,0.5769538792819671,2.7024666184333325e-05,0.00018282859450720028,0.38446615002066187,0.00017738669827372722,3.870437371043324e-05,7.791749193488522e-05,0.0033666054843043245,0.15213227824894618,0.00030553344509179716,6.604785973556488e-05,0.02853269407947827,0.3043709295321603,0.30617505512290244,768,221184,0.00017597498428118788,2,0.00018743167623870493,4.007026241809346e-05,1,0.0003277021799747872,7.060944137222097e-05
D_DIRECT|O_LR_MIX|64|0|0.0|0.0|0,joint_1_minus_no_x_off_1,active,D_DIRECT,O_LR_MIX,64,0,0.0,0.0,0,DIRECT,4,0,0,0,0,0.5687650651472237,2.6075696326940444e-05,0.00016644980411819834,0.3958004768859242,0.0001777290635307432,3.924750858241182e-05,7.505103701214847e-05,0.0033302812797343733,0.15011977010908073,0.00030574599306387046,6.701232115183028e-05,0.027381956840556162,0.29615222399813296,0.3040708174120028,736,211968,0.00017826411467568561,2,0.0001880218575734898,4.0490774137871e-05,1,0.0003249113269887321,7.133432061960727e-05
C2|O_LR_ORIGIN|64|FULL|0.01|0.01|8,joint_1_minus_joint_0,all,C2,O_LR_ORIGIN,64,FULL,0.01,0.01,8,N2C,4,1,14,1,14,0.618951079779386,3.727384794896305e-05,0.0002832048205567812,0.3627870648576233,0.00020284543672904637,5.274475439639257e-05,0.00031297660520126835,0.0063696898543975,0.2216648311707822,0.0005810841222705224,0.00015830685023550923,0.06817573071385395,0.5328118928103126,0.3577074173439506,768,221184,0.00025370457274515127,1,0.0002283343555585831,6.0444055176778795e-05,2,0.0005932799049744177,0.00016478694997997814
C2|O_LR_ORIGIN|64|FULL|0.01|0.01|8,joint_1_minus_joint_0,active,C2,O_LR_ORIGIN,64,FULL,0.01,0.01,8,N2C,4,1,14,1,14,0.618951079779386,3.727384794896305e-05,0.0002832048205567812,0.3627870648576233,0.00020284543672904637,5.274475439639257e-05,0.00031297660520126835,0.0063696898543975,0.2216648311707822,0.0005810841222705224,0.00015830685023550923,0.06817573071385395,0.5328118928103126,0.3577074173439506,768,221184,0.00025370457274515127,1,0.0002283343555585831,6.0444055176778795e-05,2,0.0005932799049744177,0.00016478694997997814
C2|O_LR_ORIGIN|64|FULL|0.01|0.01|8,no_x_off_1_minus_joint_0,all,C2,O_LR_ORIGIN,64,FULL,0.01,0.01,8,N2C,4,1,14,1,14,0.2287839597825976,5.918723752383676e-06,3.1324625793816554e-05,0.43468143229011014,8.853600023065257e-05,1.884430456663772e-05,0.00012615384429091227,0.0011898953808627498,0.32560859128059777,0.00042125345168454856,8.979109404426872e-05,0.01154087938591945,0.07359555026887879,0.3959986202025722,768,221184,0.00010422384784790924,1,0.00010350290399520005,2.2404946960547616e-05,3,0.0004520452421455898,9.245005066323143e-05
C2|O_LR_ORIGIN|64|FULL|0.01|0.01|8,no_x_off_1_minus_joint_0,active,C2,O_LR_ORIGIN,64,FULL,0.01,0.01,8,N2C,4,1,14,1,14,0.22868301251312692,5.406433810816344e-06,3.013801965718407e-05,0.4235435664901566,8.824152069308497e-05,2.0323048754717503e-05,0.0001259442231623978,0.001189421840666848,0.3254027145239641,0.0004328028020327365,0.00010185994631358462,0.01141942552096902,0.073314350774121,0.39466410758438825,672,193536,0.00011690676666304693,0,0.00010158107379829209,2.3639822546843682e-05,2,0.0004602742425245483,0.00010554548201053776
C2|O_LR_ORIGIN|64|FULL|0.01|0.01|8,joint_1_minus_no_x_off_1,all,C2,O_LR_ORIGIN,64,FULL,0.01,0.01,8,N2C,4,1,14,1,14,0.4764547972280673,2.6473449601389795e-05,0.00018282859450720028,0.38052501116279513,0.000178527651712123,4.001358799523573e-05,0.00022107073005775914,0.0033666054843043245,0.256253325104427,0.0005130598490684997,0.00011398219828197657,0.04387953515151898,0.3043709295321603,0.37969023132986096,768,221184,0.00018325063922926493,1,0.00019489756288707143,4.453780103472316e-05,1,0.000530169860077838,0.00011365753980199958
C2|O_LR_ORIGIN|64|FULL|0.01|0.01|8,joint_1_minus_no_x_off_1,active,C2,O_LR_ORIGIN,64,FULL,0.01,0.01,8,N2C,4,1,14,1,14,0.46967609343108774,2.555790481402563e-05,0.00016644980411819834,0.3918510185437127,0.00017890226264848373,4.0580614694474034e-05,0.0002194439466471251,0.0033302812797343733,0.2566973259658047,0.0005189975236023726,0.00011737162604878047,0.04261694809345011,0.29615222399813296,0.3793443968002206,736,211968,0.00018544148391562738,1,0.00019550081675674571,4.538029731400647e-05,0,0.0005499088285896836,0.00011958076852541617
C3|O_LR_ORIGIN|64|FULL|1e-05|0.01|8,joint_1_minus_joint_0,all,C3,O_LR_ORIGIN,64,FULL,1e-05,0.01,8,N2C,4,1,14,1,14,0.6408113076003699,3.729959911240548e-05,0.0002832048205567812,0.3629123615002736,0.0001992410765980652,5.211604063005308e-05,0.00033212850244693855,0.0063696898543975,0.22834627443070943,0.0005606883241451329,0.0001528919178164282,0.07059450864702033,0.5328118928103126,0.36399758716910624,768,221184,0.0002557887670705735,1,0.0002214103842520595,5.8671977703366036e-05,2,0.0005784127353909752,0.0001589763345483572
C3|O_LR_ORIGIN|64|FULL|1e-05|0.01|8,joint_1_minus_joint_0,active,C3,O_LR_ORIGIN,64,FULL,1e-05,0.01,8,N2C,4,1,14,1,14,0.6408113076003699,3.729959911240548e-05,0.0002832048205567812,0.3629123615002736,0.0001992410765980652,5.211604063005308e-05,0.00033212850244693855,0.0063696898543975,0.22834627443070943,0.0005606883241451329,0.0001528919178164282,0.07059450864702033,0.5328118928103126,0.36399758716910624,768,221184,0.0002557887670705735,1,0.0002214103842520595,5.8671977703366036e-05,2,0.0005784127353909752,0.0001589763345483572
C3|O_LR_ORIGIN|64|FULL|1e-05|0.01|8,no_x_off_1_minus_joint_0,all,C3,O_LR_ORIGIN,64,FULL,1e-05,0.01,8,N2C,4,1,14,1,14,0.23827066780827777,6.065462648094647e-06,3.1324625793816554e-05,0.44003682304518016,8.77683502041998e-05,1.920799892604008e-05,0.0001011580140703446,0.0011898953808627498,0.29157196119922313,0.0003903267841810026,7.956620596228933e-05,0.01072256472710326,0.07359555026887879,0.381701230377003,768,221184,0.00010078969821908043,1,0.00010194694935199902,2.2576928685777007e-05,3,0.0004233403632920042,8.171216445195758e-05
C3|O_LR_ORIGIN|64|FULL|1e-05|0.01|8,no_x_off_1_minus_joint_0,active,C3,O_LR_ORIGIN,64,FULL,1e-05,0.01,8,N2C,4,1,14,1,14,0.23817180193851914,5.558341225940249e-06,3.013801965718407e-05,0.42945260986076655,8.757580737197243e-05,2.074508398675993e-05,0.00010095027852051655,0.001189421840666848,0.29133040076857925,0.0004031706411017587,9.01785139765124e-05,0.010602236605693035,0.073314350774121,0.3802806691573226,672,193536,0.00011299333325887589,0,9.99337079370237e-05,2.423506910414536e-05,3,0.00043447130046330226,9.247840600554999e-05
C3|O_LR_ORIGIN|64|FULL|1e-05|0.01|8,joint_1_minus_no_x_off_1,all,C3,O_LR_ORIGIN,64,FULL,1e-05,0.01,8,N2C,4,1,14,1,14,0.49424276844592596,2.5738876628581317e-05,0.00018282859450720028,0.37520855653571517,0.0001768943690017016,3.8867647517422445e-05,0.0002471932404313222,0.0033666054843043245,0.27097060566381354,0.0005071540672881361,0.00011256610153421523,0.046667709935250226,0.3043709295321603,0.39156751921401883,768,221184,0.00018731496507972184,0,0.0001983785146490112,4.21420172669454e-05,2,0.0005264335486200731,0.00011591975261576153
C3|O_LR_ORIGIN|64|FULL|1e-05|0.01|8,joint_1_minus_no_x_off_1,active,C3,O_LR_ORIGIN,64,FULL,1e-05,0.01,8,N2C,4,1,14,1,14,0.48758010856525613,2.4861919900438807e-05,0.00016644980411819834,0.38647881000479883,0.00017713975423443322,3.941482923537552e-05,0.00024559987936821826,0.0033302812797343733,0.27156488763552405,0.0005180248297593494,0.00011591164051087827,0.04541003799458431,0.29615222399813296,0.39157813485407317,736,211968,0.00018968779908470218,0,0.00020163049237137276,4.344096563502684e-05,2,0.0005398779900397001,0.00011916424985056735
C3|O_LR_ORIGIN|64|FULL|1e-05|0.1|8,joint_1_minus_joint_0,all,C3,O_LR_ORIGIN,64,FULL,1e-05,0.1,8,N2C,4,1,14,1,14,0.6408897889287289,3.732871588458982e-05,0.0002832048205567812,0.3630539819927251,0.00019931220925538206,5.213385032103024e-05,0.00033236049493757044,0.0063696898543975,0.2284260106970168,0.0005599714584397375,0.0001528919251588459,0.07060800963531003,0.5328118928103126,0.3640323922291308,768,221184,0.0002558231595197296,1,0.0002214090109787216,5.8687223672106047e-05,2,0.0005783104253289402,0.0001589795403709395
C3|O_LR_ORIGIN|64|FULL|1e-05|0.1|8,joint_1_minus_joint_0,active,C3,O_LR_ORIGIN,64,FULL,1e-05,0.1,8,N2C,4,1,14,1,14,0.6408897889287289,3.732871588458982e-05,0.0002832048205567812,0.3630539819927251,0.00019931220925538206,5.213385032103024e-05,0.00033236049493757044,0.0063696898543975,0.2284260106970168,0.0005599714584397375,0.0001528919251588459,0.07060800963531003,0.5328118928103126,0.3640323922291308,768,221184,0.0002558231595197296,1,0.0002214090109787216,5.8687223672106047e-05,2,0.0005783104253289402,0.0001589795403709395
C3|O_LR_ORIGIN|64|FULL|1e-05|0.1|8,no_x_off_1_minus_joint_0,all,C3,O_LR_ORIGIN,64,FULL,1e-05,0.1,8,N2C,4,1,14,1,14,0.2382906532952584,6.068387846083277e-06,3.1324625793816554e-05,0.4401429187997439,8.778207953663523e-05,1.9213591264349883e-05,0.00010109458781658701,0.0011898953808627498,0.2914805387987618,0.0003903214906485974,7.953279877964582e-05,0.010723315857139771,0.07359555026887879,0.3817145994843726,768,221184,0.00010079624096190244,1,0.00010190516611471212,2.258408743616286e-05,3,0.00042319562638494187,8.167609949415472e-05
C3|O_LR_ORIGIN|64|FULL|1e-05|0.1|8,no_x_off_1_minus_joint_0,active,C3,O_LR_ORIGIN,64,FULL,1e-05,0.1,8,N2C,4,1,14,1,14,0.23819178867658697,5.561279486984949e-06,3.013801965718407e-05,0.4295661038967829,8.751625528081131e-05,2.0751491404315834e-05,0.00010088686466294256,0.001189421840666848,0.291238883999217,0.0004031519679397762,9.014036015896632e-05,0.010602991824079986,0.073314350774121,0.38029421299010274,672,193536,0.00011300085124811152,0,9.992076160762392e-05,2.4241444261686826e-05,3,0.0004344951860324971,9.243722763940541e-05
C3|O_LR_ORIGIN|64|FULL|1e-05|0.1|8,joint_1_minus_no_x_off_1,all,C3,O_LR_ORIGIN,64,FULL,1e-05,0.1,8,N2C,4,1,14,1,14,0.4943182188913006,2.5757091042505827e-05,0.00018282859450720028,0.37534129339535166,0.00017690097288287562,3.887920380348824e-05,0.00024753379144993546,0.0033666054843043245,0.2711571956264808,0.0005071892754396502,0.00011261337817084204,0.04668297047676355,0.3043709295321603,0.39163153611097173,768,221184,0.0001873523664586852,0,0.00019826925874174184,4.215837719417245e-05,2,0.0005274979288294708,0.00011597429846308024
C3|O_LR_ORIGIN|64|FULL|1e-05|0.1|8,joint_1_minus_no_x_off_1,active,C3,O_LR_ORIGIN,64,FULL,1e-05,0.1,8,N2C,4,1,14,1,14,0.48765582952103065,2.4879904075788855e-05,0.00016644980411819834,0.38661856683447143,0.00017721004287369208,3.94267574657056e-05,0.0002459409731589576,0.0033302812797343733,0.2717533994504395,0.0005175288684924464,0.00011596135037683139,0.04542517219681998,0.29615222399813296,0.3916433817604493,736,211968,0.00018972664553854756,0,0.0002015488485462746,4.3458031305784594e-05,2,0.0005409221955606965,0.00011922128985715357
C3|O_LR_ORIGIN|64|FULL|0.01|0.01|8,joint_1_minus_joint_0,all,C3,O_LR_ORIGIN,64,FULL,0.01,0.01,8,N2C,4,1,14,1,14,0.5840999843506722,3.985304570030905e-05,0.0002832048205567812,0.37512882600586206,0.00022052835029898098,5.3747290469780396e-05,0.00044517715885841676,0.0063696898543975,0.2643670308259793,0.0007204749731943251,0.0001969809875204808,0.07386493174985319,0.5328118928103126,0.37233357081367224,768,221184,0.00026609395321117467,0,0.0002437244104828711,5.704900785925826e-05,2,0.0007769465293409019,0.00020459388182440317
C3|O_LR_ORIGIN|64|FULL|0.01|0.01|8,joint_1_minus_joint_0,active,C3,O_LR_ORIGIN,64,FULL,0.01,0.01,8,N2C,4,1,14,1,14,0.5840999843506722,3.985304570030905e-05,0.0002832048205567812,0.37512882600586206,0.00022052835029898098,5.3747290469780396e-05,0.00044517715885841676,0.0063696898543975,0.2643670308259793,0.0007204749731943251,0.0001969809875204808,0.07386493174985319,0.5328118928103126,0.37233357081367224,768,221184,0.00026609395321117467,0,0.0002437244104828711,5.704900785925826e-05,2,0.0007769465293409019,0.00020459388182440317
C3|O_LR_ORIGIN|64|FULL|0.01|0.01|8,no_x_off_1_minus_joint_0,all,C3,O_LR_ORIGIN,64,FULL,0.01,0.01,8,N2C,4,1,14,1,14,0.2187556210586303,5.7887612135457545e-06,3.1324625793816554e-05,0.42988260490304425,8.71151797289091e-05,1.8100348694092764e-05,0.0001639418092657866,0.0011898953808627498,0.37118504696405696,0.0004640511835132772,0.00010339286593501006,0.012187141113645985,0.07359555026887879,0.4069350907684908,768,221184,0.00010713037738961141,3,0.00010095451436516324,1.9341355964463262e-05,2,0.00048360846283745636,0.0001057564303280366
C3|O_LR_ORIGIN|64|FULL|0.01|0.01|8,no_x_off_1_minus_joint_0,active,C3,O_LR_ORIGIN,64,FULL,0.01,0.01,8,N2C,4,1,14,1,14,0.21865700842665836,5.263969887929249e-06,3.013801965718407e-05,0.4179259537436432,8.651567978562744e-05,1.94575798355621e-05,0.00016372006823318233,0.001189421840666848,0.37100776905824184,0.0004714884508660259,0.00011738033408783016,0.012061717412004494,0.073314350774121,0.40561133041450265,672,193536,0.00012019005469921022,3,0.00010046341399486915,2.0794915763846076e-05,2,0.0004910329238708046,0.00012016923205364271
C3|O_LR_ORIGIN|64|FULL|0.01|0.01|8,joint_1_minus_no_x_off_1,all,C3,O_LR_ORIGIN,64,FULL,0.01,0.01,8,N2C,4,1,14,1,14,0.4468523149038213,2.9169766720088015e-05,0.00018282859450720028,0.39943343731298353,0.00018960286976499308,4.1473792830811454e-05,0.000259192766710084,0.0033666054843043245,0.2774695472187411,0.0005959768453485591,0.00012204456048892776,0.046049769566442154,0.3043709295321603,0.38896645192444756,768,221184,0.00018675003180554652,1,0.000221366933162801,4.791412701001543e-05,4,0.0006261858653165953,0.00012247203126238845
C3|O_LR_ORIGIN|64|FULL|0.01|0.01|8,joint_1_minus_no_x_off_1,active,C3,O_LR_ORIGIN,64,FULL,0.01,0.01,8,N2C,4,1,14,1,14,0.44030694618256544,2.8409422236573e-05,0.00016644980411819834,0.4131326859708995,0.00019199775381697307,4.2200779105565296e-05,0.0002564368299337616,0.0033302812797343733,0.2774915365197104,0.0006096942850182066,0.00012536501138802318,0.04483287872951177,0.29615222399813296,0.3890817080699273,736,211968,0.00018917420624308895,1,0.00022279691752704649,4.900278432684634e-05,0,0.0006388552135684301,0.0001300675117719252
C3|O_LR_ORIGIN|64|FULL|0.01|0.1|8,joint_1_minus_joint_0,all,C3,O_LR_ORIGIN,64,FULL,0.01,0.1,8,N2C,4,1,14,1,14,0.6175471959270722,3.715311328760894e-05,0.0002832048205567812,0.36219903192566033,0.0002029705299412111,5.26067122408878e-05,0.0003120668551856871,0.0063696898543975,0.22134243272633325,0.0005843760714254376,0.00015869559539108668,0.0681347319921357,0.5328118928103126,0.35759984422211877,768,221184,0.0002534774518167264,1,0.00022934745357065765,6.035998242767051e-05,0,0.0005953184150264802,0.00016062837191606065
C3|O_LR_ORIGIN|64|FULL|0.01|0.1|8,joint_1_minus_joint_0,active,C3,O_LR_ORIGIN,64,FULL,0.01,0.1,8,N2C,4,1,14,1,14,0.6175471959270722,3.715311328760894e-05,0.0002832048205567812,0.36219903192566033,0.0002029705299412111,5.26067122408878e-05,0.0003120668551856871,0.0063696898543975,0.22134243272633325,0.0005843760714254376,0.00015869559539108668,0.0681347319921357,0.5328118928103126,0.35759984422211877,768,221184,0.0002534774518167264,1,0.00022934745357065765,6.035998242767051e-05,0,0.0005953184150264802,0.00016062837191606065
C3|O_LR_ORIGIN|64|FULL|0.01|0.1|8,no_x_off_1_minus_joint_0,all,C3,O_LR_ORIGIN,64,FULL,0.01,0.1,8,N2C,4,1,14,1,14,0.2284132521638887,5.891867933232602e-06,3.1324625793816554e-05,0.43369414189257516,8.822973252394994e-05,1.877360180415403e-05,0.00012684748232464032,0.0011898953808627498,0.3265025192384438,0.0004231066426705051,9.001187274434283e-05,0.011525613790886916,0.07359555026887879,0.3957366317208462,768,221184,0.00010409771216329801,1,0.00010296763346134216,2.230884313528973e-05,3,0.000451780670166396,9.272484758203226e-05
C3|O_LR_ORIGIN|64|FULL|0.01|0.1|8,no_x_off_1_minus_joint_0,active,C3,O_LR_ORIGIN,64,FULL,0.01,0.1,8,N2C,4,1,14,1,14,0.22831227573129645,5.3793768677264686e-06,3.013801965718407e-05,0.4224824078376048,8.758241691883297e-05,2.0242000100788485e-05,0.00012663762157362745,0.001189421840666848,0.326297253429263,0.00043386284258206307,0.00010211176694554844,0.011404092375373308,0.073314350774121,0.3943990559435613,672,193536,0.00011676196556717128,0,0.00010153685839463403,2.351229525129698e-05,2,0.00046070660295551426,0.00010575380426597328
C3|O_LR_ORIGIN|64|FULL|0.01|0.1|8,joint_1_minus_no_x_off_1,all,C3,O_LR_ORIGIN,64,FULL,0.01,0.1,8,N2C,4,1,14,1,14,0.4752538672081828,2.6361939998307268e-05,0.00018282859450720028,0.3797227551208943,0.00017855759041147877,3.990156206156317e-05,0.0002179353139029253,0.0033666054843043245,0.2544296326548867,0.0005172442028937256,0.00011359950359607568,0.04376928118574939,0.3043709295321603,0.37921291675616076,768,221184,0.00018287537896291488,1,0.00019499355658743691,4.4554713093592056e-05,0,0.0005362085376059391,0.00011487366909181758
C3|O_LR_ORIGIN|64|FULL|0.01|0.1|8,joint_1_minus_no_x_off_1,active,C3,O_LR_ORIGIN,64,FULL,0.01,0.1,8,N2C,4,1,14,1,14,0.46848728897807446,2.5463032399077633e-05,0.00016644980411819834,0.39112305557867877,0.0001788168080642259,4.04727830121993e-05,0.0002162826272488469,0.0033302812797343733,0.2548416217501175,0.0005229835077928137,0.00011695470831761529,0.04251448763784708,0.29615222399813296,0.3788881089703436,736,211968,0.00018506080013562442,1,0.00019624969784154663,4.540338322906808e-05,0,0.0005575490914895415,0.00011891673125758058
C4_PCA|O_LR_ORIGIN|64|1|1e-05|0.01|8,joint_1_minus_joint_0,all,C4_PCA,O_LR_ORIGIN,64,1,1e-05,0.01,8,N2C,4,1,1,1,14,0.5796287368643661,4.549941412437873e-05,0.0002832048205567812,0.4008229513659038,0.00022323759017178754,6.132615646757257e-05,0.0005785017398999914,0.0063696898543975,0.30136526277526937,0.0007682180663189042,0.00022678082845103232,0.08048867869440059,0.5328118928103126,0.38866948419138925,768,221184,0.00030302538598447535,0,0.00025857369267214296,6.687961972367401e-05,2,0.0008810848990083098,0.00023673693141233092
C4_PCA|O_LR_ORIGIN|64|1|1e-05|0.01|8,joint_1_minus_joint_0,active,C4_PCA,O_LR_ORIGIN,64,1,1e-05,0.01,8,N2C,4,1,1,1,14,0.5796287368643661,4.549941412437873e-05,0.0002832048205567812,0.4008229513659038,0.00022323759017178754,6.132615646757257e-05,0.0005785017398999914,0.0063696898543975,0.30136526277526937,0.0007682180663189042,0.00022678082845103232,0.08048867869440059,0.5328118928103126,0.38866948419138925,768,221184,0.00030302538598447535,0,0.00025857369267214296,6.687961972367401e-05,2,0.0008810848990083098,0.00023673693141233092
C4_PCA|O_LR_ORIGIN|64|1|1e-05|0.01|8,no_x_off_1_minus_joint_0,all,C4_PCA,O_LR_ORIGIN,64,1,1e-05,0.01,8,N2C,4,1,1,1,14,0.2057835208222774,7.4681572478587656e-06,3.1324625793816554e-05,0.488274204457626,9.729068606398696e-05,2.2566499067791732e-05,0.000251781557390208,0.0011898953808627498,0.45999972120270693,0.0005333026447515376,0.00013824263042535253,0.01729369139016745,0.07359555026887879,0.4847502859023045,768,221184,0.00013142213741166185,1,0.00011548256280232725,2.606270096030965e-05,2,0.0005488754264233686,0.00014001566312008432
C4_PCA|O_LR_ORIGIN|64|1|1e-05|0.01|8,no_x_off_1_minus_joint_0,active,C4_PCA,O_LR_ORIGIN,64,1,1e-05,0.01,8,N2C,4,1,1,1,14,0.20566903054081523,6.961049092723284e-06,3.013801965718407e-05,0.4805958235621373,9.732787854800888e-05,2.458338628745089e-05,0.00025157383447930407,0.001189421840666848,0.4599014514286746,0.0005403005600918546,0.0001572373111195961,0.017173367425416253,0.073314350774121,0.48398648490901036,672,193536,0.00014800187642042992,1,0.00011750710481886124,2.8402620021700472e-05,2,0.0005583175882185304,0.0001593626320567971
C4_PCA|O_LR_ORIGIN|64|1|1e-05|0.01|8,joint_1_minus_no_x_off_1,all,C4_PCA,O_LR_ORIGIN,64,1,1e-05,0.01,8,N2C,4,1,1,1,14,0.44974481860997373,3.4352365834955976e-05,0.00018282859450720028,0.4334672252401258,0.0001877944087426838,4.737193294736872e-05,0.0003675924905673217,0.0033666054843043245,0.33043588267049456,0.0006227976484797279,0.00014990580899720666,0.05047435995331898,0.3043709295321603,0.40722443081776777,768,221184,0.00021210229472143216,1,0.0002315548909939082,5.2260973670926205e-05,3,0.0006487883234011626,0.00015482348422048096
C4_PCA|O_LR_ORIGIN|64|1|1e-05|0.01|8,joint_1_minus_no_x_off_1,active,C4_PCA,O_LR_ORIGIN,64,1,1e-05,0.01,8,N2C,4,1,1,1,14,0.44241166290836437,3.347516193105339e-05,0.00016644980411819834,0.44845585557878337,0.00018914097886857807,4.828872630942985e-05,0.0003659996914635818,0.0033302812797343733,0.33151249468955934,0.000636913037449459,0.00015487520846379046,0.0492165531301851,0.29615222399813296,0.4076599981462216,736,211968,0.00021555264596953352,1,0.00023453232818616845,5.346412369213409e-05,3,0.0006558146430200563,0.0001596734476121863
C4_PCA|O_LR_ORIGIN|64|1|0.01|0.01|8,joint_1_minus_joint_0,all,C4_PCA,O_LR_ORIGIN,64,1,0.01,0.01,8,N2C,4,1,1,1,14,0.5738955773779553,4.627023504029658e-05,0.0002832048205567812,0.4042039303128207,0.00022618744009481363,6.188196305838276e-05,0.000589285772695603,0.0063696898543975,0.30416121518459666,0.0007728925263212484,0.0002290760214361938,0.08167241303759637,0.5328118928103126,0.3915171030337844,768,221184,0.0003058347957709321,0,0.0002593938111200156,6.738072477476761e-05,2,0.0008810212163254006,0.00023879188252306542
C4_PCA|O_LR_ORIGIN|64|1|0.01|0.01|8,joint_1_minus_joint_0,active,C4_PCA,O_LR_ORIGIN,64,1,0.01,0.01,8,N2C,4,1,1,1,14,0.5738955773779553,4.627023504029658e-05,0.0002832048205567812,0.4042039303128207,0.00022618744009481363,6.188196305838276e-05,0.000589285772695603,0.0063696898543975,0.30416121518459666,0.0007728925263212484,0.0002290760214361938,0.08167241303759637,0.5328118928103126,0.3915171030337844,768,221184,0.0003058347957709321,0,0.0002593938111200156,6.738072477476761e-05,2,0.0008810212163254006,0.00023879188252306542
C4_PCA|O_LR_ORIGIN|64|1|0.01|0.01|8,no_x_off_1_minus_joint_0,all,C4_PCA,O_LR_ORIGIN,64,1,0.01,0.01,8,N2C,4,1,1,1,14,0.20374809768067886,7.492466003130795e-06,3.1324625793816554e-05,0.48906822196422867,9.732896046771846e-05,2.259912647502917e-05,0.0002553313543859521,0.0011898953808627498,0.46323107459267543,0.0005362111410302014,0.0001392433861591928,0.01743586450025817,0.07359555026887879,0.48673879683264054,768,221184,0.00013213368028673018,1,0.00011612529162731472,2.608407086178275e-05,2,0.000552520569008667,0.00014095091896041442
C4_PCA|O_LR_ORIGIN|64|1|0.01|0.01|8,no_x_off_1_minus_joint_0,active,C4_PCA,O_LR_ORIGIN,64,1,0.01,0.01,8,N2C,4,1,1,1,14,0.2036347398327927,6.980176061563462e-06,3.013801965718407e-05,0.48125564045178737,9.74585149754572e-05,2.4614273792879165e-05,0.00025512173325743765,0.001189421840666848,0.4631330497773818,0.0005425463570360954,0.00015837685158778356,0.017314410635307743,0.073314350774121,0.4859698880161248,672,193536,0.00014880371802169942,1,0.00011715781887966966,2.841984296399307e-05,2,0.0005625030090985467,0.0001604262963713556
C4_PCA|O_LR_ORIGIN|64|1|0.01|0.01|8,joint_1_minus_no_x_off_1,all,C4_PCA,O_LR_ORIGIN,64,1,0.01,0.01,8,N2C,4,1,1,1,14,0.44529635253283145,3.488312989796584e-05,0.00018282859450720028,0.4368030500867901,0.0001903136131089891,4.7844582786145234e-05,0.00036852167062912175,0.0033666054843043245,0.3308532479056492,0.0006317534132307533,0.00014929753072923476,0.05100478782895264,0.3043709295321603,0.40935857046426233,768,221184,0.00021342221965938118,1,0.00023301367767257603,5.2852919651017064e-05,3,0.0006577725853846972,0.0001547587252072862
C4_PCA|O_LR_ORIGIN|64|1|0.01|0.01|8,joint_1_minus_no_x_off_1,active,C4_PCA,O_LR_ORIGIN,64,1,0.01,0.01,8,N2C,4,1,1,1,14,0.43803572972771626,3.396758511060168e-05,0.00016644980411819834,0.45174223054984813,0.0001908442354468538,4.87520875197709e-05,0.00036689488721848774,0.0033302812797343733,0.33191766898405467,0.0006406488588850086,0.00015422240773287597,0.04974220077088377,0.29615222399813296,0.40983118222264525,736,211968,0.0002169248721905313,1,0.0002375095550152473,5.405694282666098e-05,3,0.000665943339206929,0.00015953336994843298
C4_PCA|O_LR_ORIGIN|64|2|1e-05|0.01|8,joint_1_minus_joint_0,all,C4_PCA,O_LR_ORIGIN,64,2,1e-05,0.01,8,N2C,4,1,2,1,14,0.5864861831181049,4.0484688939106976e-05,0.0002832048205567812,0.3780899057159929,0.00020832393438828596,5.8347579882909664e-05,0.0005297199231786873,0.0063696898543975,0.28837925155974614,0.000744864050244828,0.00021078439732788155,0.07341538484880118,0.5328118928103126,0.3711988181612176,768,221184,0.00028631485907218776,1,0.0002349737113619487,6.806595298637435e-05,2,0.0007956988162399695,0.00021964478991613742
C4_PCA|O_LR_ORIGIN|64|2|1e-05|0.01|8,joint_1_minus_joint_0,active,C4_PCA,O_LR_ORIGIN,64,2,1e-05,0.01,8,N2C,4,1,2,1,14,0.5864861831181049,4.0484688939106976e-05,0.0002832048205567812,0.3780899057159929,0.00020832393438828596,5.8347579882909664e-05,0.0005297199231786873,0.0063696898543975,0.28837925155974614,0.000744864050244828,0.00021078439732788155,0.07341538484880118,0.5328118928103126,0.3711988181612176,768,221184,0.00028631485907218776,1,0.0002349737113619487,6.806595298637435e-05,2,0.0007956988162399695,0.00021964478991613742
C4_PCA|O_LR_ORIGIN|64|2|1e-05|0.01|8,no_x_off_1_minus_joint_0,all,C4_PCA,O_LR_ORIGIN,64,2,1e-05,0.01,8,N2C,4,1,2,1,14,0.2105636255299422,7.505199954354343e-06,3.1324625793816554e-05,0.4894836477398,9.867363896648395e-05,2.212437626028948e-05,0.0002314889877709319,0.0011898953808627498,0.44107330987162985,0.0005087082153856003,0.00013046958519608774,0.01607286050392488,0.07359555026887879,0.46732693117916796,768,221184,0.00012574725552465577,1,0.00011436871242889157,2.5406388086721224e-05,3,0.0005365038140243759,0.0001336515866736818
C4_PCA|O_LR_ORIGIN|64|2|1e-05|0.01|8,no_x_off_1_minus_joint_0,active,C4_PCA,O_LR_ORIGIN,64,2,1e-05,0.01,8,N2C,4,1,2,1,14,0.21045173574456408,6.99809179921886e-06,3.013801965718407e-05,0.4818728544263967,9.870912047354927e-05,2.4078103078876888e-05,0.000231281264860028,0.001189421840666848,0.4409631237669518,0.0005126635447197305,0.00014835383085757918,0.015952536539173685,0.073314350774121,0.46646641170470277,672,193536,0.00014151629712099437,1,0.000117263001938983,2.765254816617084e-05,3,0.0005435301781186264,0.0001518377853846032
C4_PCA|O_LR_ORIGIN|64|2|1e-05|0.01|8,joint_1_minus_no_x_off_1,all,C4_PCA,O_LR_ORIGIN,64,2,1e-05,0.01,8,N2C,4,1,2,1,14,0.45344727949818986,2.9696891010604675e-05,0.00018282859450720028,0.40302634149328465,0.00018138991184604733,4.436074545341271e-05,0.00035650425300647124,0.0033666054843043245,0.325414008291928,0.0006087463869080121,0.00014545591532836116,0.046755043348839044,0.3043709295321603,0.39193373542828563,768,221184,0.00020206586276702888,1,0.00021590594168650228,4.957088529150349e-05,2,0.0006447566822611318,0.00015176584371321113
C4_PCA|O_LR_ORIGIN|64|2|1e-05|0.01|8,joint_1_minus_no_x_off_1,active,C4_PCA,O_LR_ORIGIN,64,2,1e-05,0.01,8,N2C,4,1,2,1,14,0.44617498013126594,2.881968710670209e-05,0.00016644980411819834,0.4161050499217904,0.00018151314265079854,4.514661762008445e-05,0.00035491145390273134,0.0033302812797343733,0.32645216235330077,0.0006141664635533558,0.0001502318411571691,0.04549723652570517,0.29615222399813296,0.39195391809132757,736,211968,0.00020507984740841706,1,0.0002195058191138805,5.0657074948388654e-05,2,0.000651205192133458,0.0001565689919857384
C4_PCA|O_LR_ORIGIN|64|2|0.01|0.01|8,joint_1_minus_joint_0,all,C4_PCA,O_LR_ORIGIN,64,2,0.01,0.01,8,N2C,4,1,2,1,14,0.5805134346129291,4.1301876324414547e-05,0.0002832048205567812,0.38188673237628784,0.00021169316195485707,5.8960567293377284e-05,0.0005400568108030665,0.0063696898543975,0.2911793554717689,0.000753299350112457,0.0002130185742077321,0.07463656513673271,0.5328118928103126,0.37427331789711876,768,221184,0.0002892089970569244,0,0.00023834389776656678,6.382811974300615e-05,2,0.0007975014538007322,0.00022171534639877686
C4_PCA|O_LR_ORIGIN|64|2|0.01|0.01|8,joint_1_minus_joint_0,active,C4_PCA,O_LR_ORIGIN,64,2,0.01,0.01,8,N2C,4,1,2,1,14,0.5805134346129291,4.1301876324414547e-05,0.0002832048205567812,0.38188673237628784,0.00021169316195485707,5.8960567293377284e-05,0.0005400568108030665,0.0063696898543975,0.2911793554717689,0.000753299350112457,0.0002130185742077321,0.07463656513673271,0.5328118928103126,0.37427331789711876,768,221184,0.0002892089970569244,0,0.00023834389776656678,6.382811974300615e-05,2,0.0007975014538007322,0.00022171534639877686
C4_PCA|O_LR_ORIGIN|64|2|0.01|0.01|8,no_x_off_1_minus_joint_0,all,C4_PCA,O_LR_ORIGIN,64,2,0.01,0.01,8,N2C,4,1,2,1,14,0.20830101058170283,7.470546504414854e-06,3.1324625793816554e-05,0.48835230398157914,9.884987992982257e-05,2.2098998665256835e-05,0.0002350634022499976,0.0011898953808627498,0.4444655649456604,0.0005124001439195701,0.00013154181607125565,0.01618416710669299,0.07359555026887879,0.4689422885765778,768,221184,0.00012632329536181006,1,0.00011601880675502193,2.5403205458531824e-05,3,0.0005399417262515924,0.00013466264601616894
C4_PCA|O_LR_ORIGIN|64|2|0.01|0.01|8,no_x_off_1_minus_joint_0,active,C4_PCA,O_LR_ORIGIN,64,2,0.01,0.01,8,N2C,4,1,2,1,14,0.20819013177293585,6.958256562847522e-06,3.013801965718407e-05,0.48049941475914515,9.902193457701209e-05,2.404269915313935e-05,0.00023485378112148312,0.001189421840666848,0.44435576997332604,0.0005162166414965988,0.00014957505720156967,0.016062713241742563,0.073314350774121,0.4680744725288791,672,193536,0.00014216327810750502,1,0.00011853918986183122,2.7641711074563443e-05,3,0.0005468118934951011,0.00015298851378170978
C4_PCA|O_LR_ORIGIN|64|2|0.01|0.01|8,joint_1_minus_no_x_off_1,all,C4_PCA,O_LR_ORIGIN,64,2,0.01,0.01,8,N2C,4,1,2,1,14,0.4488714261930588,3.0331228763152242e-05,0.00018282859450720028,0.40730800164629527,0.00018319789144116103,4.4942237471738153e-05,0.0003569044412242238,0.0033666054843043245,0.3255966012419222,0.0006081669883003773,0.00014501857639735006,0.047318149709298436,0.3043709295321603,0.3942868488026735,768,221184,0.00020359962369729905,1,0.00021880035237153072,5.02537334958321e-05,2,0.000637481352729481,0.00015150352178118777
C4_PCA|O_LR_ORIGIN|64|2|0.01|0.01|8,joint_1_minus_no_x_off_1,active,C4_PCA,O_LR_ORIGIN,64,2,0.01,0.01,8,N2C,4,1,2,1,14,0.44166957806899015,2.9415683975788078e-05,0.00016644980411819834,0.42038560016436916,0.0001832721639837861,4.572355327865047e-05,0.0003552776578135897,0.0033302812797343733,0.3266205384865547,0.0006202210601740013,0.00014975741190830066,0.046055562651229565,0.29615222399813296,0.39435154530031785,736,211968,0.0002066752068387934,1,0.00021996925962751348,5.1344748577772335e-05,2,0.0006441753642474645,0.0001562841410043247
C4_PCA|O_LR_ORIGIN|64|4|1e-05|0.01|8,joint_1_minus_joint_0,all,C4_PCA,O_LR_ORIGIN,64,4,1e-05,0.01,8,N2C,4,1,4,1,14,0.6012691603630649,4.086256179855552e-05,0.0002832048205567812,0.3798503006616528,0.00021080998459688398,5.7095229026380293e-05,0.00044151514438803247,0.0063696898543975,0.26327744769327716,0.0006935249442988573,0.00019232240704937596,0.07479958983382415,0.5328118928103126,0.374681847631264,768,221184,0.0002752547408539972,1,0.0002416002794267842,6.710000019822801e-05,2,0.0007139473937216161,0.00020260945313329138
C4_PCA|O_LR_ORIGIN|64|4|1e-05|0.01|8,joint_1_minus_joint_0,active,C4_PCA,O_LR_ORIGIN,64,4,1e-05,0.01,8,N2C,4,1,4,1,14,0.6012691603630649,4.086256179855552e-05,0.0002832048205567812,0.3798503006616528,0.00021080998459688398,5.7095229026380293e-05,0.00044151514438803247,0.0063696898543975,0.26327744769327716,0.0006935249442988573,0.00019232240704937596,0.07479958983382415,0.5328118928103126,0.374681847631264,768,221184,0.0002752547408539972,1,0.0002416002794267842,6.710000019822801e-05,2,0.0007139473937216161,0.00020260945313329138
C4_PCA|O_LR_ORIGIN|64|4|1e-05|0.01|8,no_x_off_1_minus_joint_0,all,C4_PCA,O_LR_ORIGIN,64,4,1e-05,0.01,8,N2C,4,1,4,1,14,0.22046265597754025,7.002780424582185e-06,3.1324625793816554e-05,0.4728161569631354,9.604365912991284e-05,2.114684361707107e-05,0.00019746178489639737,0.0011898953808627498,0.40736821483331687,0.0004895471968863963,0.00011617836536327902,0.014357737747805282,0.07359555026887879,0.44168965725431686,768,221184,0.00011874221536654802,1,0.00011003478122742297,2.5120152649445754e-05,3,0.0005238759043495632,0.00011871188017861731
C4_PCA|O_LR_ORIGIN|64|4|1e-05|0.01|8,no_x_off_1_minus_joint_0,active,C4_PCA,O_LR_ORIGIN,64,4,1e-05,0.01,8,N2C,4,1,4,1,14,0.2203557926678066,6.495672269446702e-06,3.013801965718407e-05,0.46425297625093015,9.612788805875884e-05,2.2960922915198706e-05,0.00019725406198549346,0.001189421840666848,0.4072349311597761,0.0004971653391572937,0.00013202100819151207,0.014237413783054086,0.073314350774121,0.4406776827025909,672,193536,0.00013351053694029983,1,0.00010810451308640495,2.7325421952141728e-05,3,0.0005361121225814242,0.00013476383510452954
C4_PCA|O_LR_ORIGIN|64|4|1e-05|0.01|8,joint_1_minus_no_x_off_1,all,C4_PCA,O_LR_ORIGIN,64,4,1e-05,0.01,8,N2C,4,1,4,1,14,0.4628068564405584,3.104131569508027e-05,0.00018282859450720028,0.4120481798071307,0.00018477116900795338,4.507411355976541e-05,0.00030498677529380993,0.0033666054843043245,0.300984680005234,0.0006032170874381214,0.00013661335123715216,0.04833678642997501,0.3043709295321603,0.3985082361906393,768,221184,0.0001993542226270855,1,0.00020532040179618654,5.010074986098115e-05,2,0.0006423264225783227,0.00014193050459673952
C4_PCA|O_LR_ORIGIN|64|4|1e-05|0.01|8,joint_1_minus_no_x_off_1,active,C4_PCA,O_LR_ORIGIN,64,4,1e-05,0.01,8,N2C,4,1,4,1,14,0.4556839518561277,3.016411179117769e-05,0.00016644980411819834,0.4256999769148084,0.00018550352402559625,4.589100173106117e-05,0.00030339397619007,0.0033302812797343733,0.301830427480784,0.0006123015239260676,0.00014100481775764664,0.04707897960684113,0.29615222399813296,0.39870898387853015,736,211968,0.00020225030987108486,1,0.00020836788727778,5.120997710784361e-05,2,0.0006477476705079807,0.00014630602942942018
C4_PCA|O_LR_ORIGIN|64|4|0.01|0.01|8,joint_1_minus_joint_0,all,C4_PCA,O_LR_ORIGIN,64,4,0.01,0.01,8,N2C,4,1,4,1,14,0.5946853374595517,4.143264113065534e-05,0.0002832048205567812,0.3824907954978561,0.00021321066804935217,5.7576948392293795e-05,0.000451277051540342,0.0063696898543975,0.2661720694988266,0.0007078845746040509,0.00019445486099893945,0.07528861813420762,0.5328118928103126,0.3759046586122763,768,221184,0.0002773195763790818,1,0.00024312197541811816,6.764588457707338e-05,2,0.0007334428499282013,0.00020460673938443093
C4_PCA|O_LR_ORIGIN|64|4|0.01|0.01|8,joint_1_minus_joint_0,active,C4_PCA,O_LR_ORIGIN,64,4,0.01,0.01,8,N2C,4,1,4,1,14,0.5946853374595517,4.143264113065534e-05,0.0002832048205567812,0.3824907954978561,0.00021321066804935217,5.7576948392293795e-05,0.000451277051540342,0.0063696898543975,0.2661720694988266,0.0007078845746040509,0.00019445486099893945,0.07528861813420762,0.5328118928103126,0.3759046586122763,768,221184,0.0002773195763790818,1,0.00024312197541811816,6.764588457707338e-05,2,0.0007334428499282013,0.00020460673938443093
C4_PCA|O_LR_ORIGIN|64|4|0.01|0.01|8,no_x_off_1_minus_joint_0,all,C4_PCA,O_LR_ORIGIN,64,4,0.01,0.01,8,N2C,4,1,4,1,14,0.21742558046058838,6.919353205392446e-06,3.1324625793816554e-05,0.46999128430806303,9.538881474039742e-05,2.105399843625724e-05,0.00020220709036393594,0.0011898953808627498,0.4122339926741346,0.0004951731760536417,0.00011732134942811268,0.014493484677719872,0.07359555026887879,0.44377274868499306,768,221184,0.00011897850887813677,1,0.00011064445820690789,2.5075166175663368e-05,3,0.0005294839342682197,0.00012025978061461409
C4_PCA|O_LR_ORIGIN|64|4|0.01|0.01|8,no_x_off_1_minus_joint_0,active,C4_PCA,O_LR_ORIGIN,64,4,0.01,0.01,8,N2C,4,1,4,1,14,0.21731935716106265,6.407063263825114e-06,3.013801965718407e-05,0.46107561078012854,9.55452183319837e-05,2.2848413177139816e-05,0.00020199746923542147,0.001189421840666848,0.4121022727781424,0.000502354699187146,0.00013332309532369203,0.014372030812769445,0.073314350774121,0.4427561203384741,672,193536,0.00013376923641187838,1,0.00010958909754002088,2.726680903699949e-05,3,0.0005410940468785371,0.00013652809617993282
C4_PCA|O_LR_ORIGIN|64|4|0.01|0.01|8,joint_1_minus_no_x_off_1,all,C4_PCA,O_LR_ORIGIN,64,4,0.01,0.01,8,N2C,4,1,4,1,14,0.4580246344011496,3.142913919028272e-05,0.00018282859450720028,0.41461421031837115,0.00018618350157330134,4.5430024418960266e-05,0.0003063492465868621,0.0033666054843043245,0.3016562271791703,0.0006042462081679897,0.00013630384983602707,0.04840136461747847,0.3043709295321603,0.3987743518318892,768,221184,0.00020006983128638333,1,0.0002082168476203891,5.050780268700338e-05,2,0.0006414535628756244,0.00014182302653144955
C4_PCA|O_LR_ORIGIN|64|4|0.01|0.01|8,joint_1_minus_no_x_off_1,active,C4_PCA,O_LR_ORIGIN,64,4,0.01,0.01,8,N2C,4,1,4,1,14,0.4509689841412111,3.0513594402918556e-05,0.00016644980411819834,0.42815896346957044,0.0001862758344083715,4.623254835401269e-05,0.00030472246317622806,0.0033302812797343733,0.30249052596523174,0.0006100633273562201,0.00014066378419213751,0.0471387775594096,0.29615222399813296,0.3989621161162359,736,211968,0.00020299194519262046,1,0.00021095375978180767,5.160986425551627e-05,2,0.000650891992067726,0.0001461827546567718
C4_PCA|O_LR_ORIGIN|64|FULL|1e-05|0.01|8,joint_1_minus_joint_0,all,C4_PCA,O_LR_ORIGIN,64,FULL,1e-05,0.01,8,N2C,4,1,14,1,14,0.6408911491359908,3.732913884906081e-05,0.0002832048205567812,0.36305603883417825,0.00019931472580363976,5.213414459655163e-05,0.00033236375819901075,0.0063696898543975,0.22842713208775717,0.0005599635875959396,0.00015289166535415821,0.07060802349554991,0.5328118928103126,0.36403242795861857,768,221184,0.000255823530734146,1,0.00022140904292900025,5.8687474076285636e-05,2,0.0005783076049209957,0.0001589792638773609
C4_PCA|O_LR_ORIGIN|64|FULL|1e-05|0.01|8,joint_1_minus_joint_0,active,C4_PCA,O_LR_ORIGIN,64,FULL,1e-05,0.01,8,N2C,4,1,14,1,14,0.6408911491359908,3.732913884906081e-05,0.0002832048205567812,0.36305603883417825,0.00019931472580363976,5.213414459655163e-05,0.00033236375819901075,0.0063696898543975,0.22842713208775717,0.0005599635875959396,0.00015289166535415821,0.07060802349554991,0.5328118928103126,0.36403242795861857,768,221184,0.000255823530734146,1,0.00022140904292900025,5.8687474076285636e-05,2,0.0005783076049209957,0.0001589792638773609
C4_PCA|O_LR_ORIGIN|64|FULL|1e-05|0.01|8,no_x_off_1_minus_joint_0,all,C4_PCA,O_LR_ORIGIN,64,FULL,1e-05,0.01,8,N2C,4,1,14,1,14,0.2382907514027102,6.068418946060238e-06,3.1324625793816554e-05,0.4401440466460058,8.778246024438516e-05,1.9213644065824908e-05,0.00010109455130148311,0.0011898953808627498,0.29148048615774835,0.0003903213777905822,7.953278743542372e-05,0.010723358279811234,0.07359555026887879,0.38171535453706557,768,221184,0.00010079653073783937,1,0.00010190533386605528,2.258420434488808e-05,3,0.0004231923794732329,8.167604592360744e-05
C4_PCA|O_LR_ORIGIN|64|FULL|1e-05|0.01|8,no_x_off_1_minus_joint_0,active,C4_PCA,O_LR_ORIGIN,64,FULL,1e-05,0.01,8,N2C,4,1,14,1,14,0.2381918866914957,5.561310790924755e-06,3.013801965718407e-05,0.4295673128894767,8.751350463914262e-05,2.0751551999488804e-05,0.00010088682839057919,0.001189421840666848,0.2912388316439197,0.0004031513744207354,9.014034770253463e-05,0.010603034315060038,0.073314350774121,0.38029497499472825,672,193536,0.0001130011830789185,0,9.992110551245796e-05,2.4241464250243866e-05,3,0.00043449866941945976,9.243716738451824e-05
C4_PCA|O_LR_ORIGIN|64|FULL|1e-05|0.01|8,joint_1_minus_no_x_off_1,all,C4_PCA,O_LR_ORIGIN,64,FULL,1e-05,0.01,8,N2C,4,1,14,1,14,0.49431959670208414,2.575742040668126e-05,0.00018282859450720028,0.3753436931923667,0.00017689903199865107,3.887945524730544e-05,0.00024753990752230764,0.0033666054843043245,0.2711605454858657,0.0005071912306845749,0.00011261417305512413,0.046683046220818494,0.3043709295321603,0.3916318538258499,768,221184,0.00018735280427014037,0,0.0001982690908518819,4.215857314961114e-05,2,0.0005274894793310194,0.00011597503384104474
C4_PCA|O_LR_ORIGIN|64|FULL|1e-05|0.01|8,joint_1_minus_no_x_off_1,active,C4_PCA,O_LR_ORIGIN,64,FULL,1e-05,0.01,8,N2C,4,1,14,1,14,0.4876571964962038,2.4880216502778676e-05,0.00016644980411819834,0.3866209942894865,0.00017721133859043532,3.942701044849425e-05,0.00024594710841856774,0.0033302812797343733,0.27175678901834327,0.0005175227702121608,0.00011596219704596524,0.04542523939768462,0.29615222399813296,0.3916436714540584,736,211968,0.00018972709071601166,0,0.00020154860738086765,4.345823556412376e-05,2,0.0005409475439638021,0.00011922205994521694
C4_PCA|O_LR_ORIGIN|64|FULL|0.01|0.01|8,joint_1_minus_joint_0,all,C4_PCA,O_LR_ORIGIN,64,FULL,0.01,0.01,8,N2C,4,1,14,1,14,0.618951079779386,3.727384794896305e-05,0.0002832048205567812,0.3627870648576233,0.00020284543672904637,5.274475439639257e-05,0.00031297660520126835,0.0063696898543975,0.2216648311707822,0.0005810841222705224,0.00015830685023550923,0.06817573071385395,0.5328118928103126,0.3577074173439506,768,221184,0.00025370457274515127,1,0.0002283343555585831,6.0444055176778795e-05,2,0.0005932799049744177,0.00016478694997997814
C4_PCA|O_LR_ORIGIN|64|FULL|0.01|0.01|8,joint_1_minus_joint_0,active,C4_PCA,O_LR_ORIGIN,64,FULL,0.01,0.01,8,N2C,4,1,14,1,14,0.618951079779386,3.727384794896305e-05,0.0002832048205567812,0.3627870648576233,0.00020284543672904637,5.274475439639257e-05,0.00031297660520126835,0.0063696898543975,0.2216648311707822,0.0005810841222705224,0.00015830685023550923,0.06817573071385395,0.5328118928103126,0.3577074173439506,768,221184,0.00025370457274515127,1,0.0002283343555585831,6.0444055176778795e-05,2,0.0005932799049744177,0.00016478694997997814
C4_PCA|O_LR_ORIGIN|64|FULL|0.01|0.01|8,no_x_off_1_minus_joint_0,all,C4_PCA,O_LR_ORIGIN,64,FULL,0.01,0.01,8,N2C,4,1,14,1,14,0.2287839597825976,5.918723752383676e-06,3.1324625793816554e-05,0.43468143229011014,8.853600023065257e-05,1.884430456663772e-05,0.00012615384429091227,0.0011898953808627498,0.32560859128059777,0.00042125345168454856,8.979109404426872e-05,0.01154087938591945,0.07359555026887879,0.3959986202025722,768,221184,0.00010422384784790924,1,0.00010350290399520005,2.2404946960547616e-05,3,0.0004520452421455898,9.245005066323143e-05
C4_PCA|O_LR_ORIGIN|64|FULL|0.01|0.01|8,no_x_off_1_minus_joint_0,active,C4_PCA,O_LR_ORIGIN,64,FULL,0.01,0.01,8,N2C,4,1,14,1,14,0.22868301251312692,5.406433810816344e-06,3.013801965718407e-05,0.4235435664901566,8.824152069308497e-05,2.0323048754717503e-05,0.0001259442231623978,0.001189421840666848,0.3254027145239641,0.0004328028020327365,0.00010185994631358462,0.01141942552096902,0.073314350774121,0.39466410758438825,672,193536,0.00011690676666304693,0,0.00010158107379829209,2.3639822546843682e-05,2,0.0004602742425245483,0.00010554548201053776
C4_PCA|O_LR_ORIGIN|64|FULL|0.01|0.01|8,joint_1_minus_no_x_off_1,all,C4_PCA,O_LR_ORIGIN,64,FULL,0.01,0.01,8,N2C,4,1,14,1,14,0.4764547972280673,2.6473449601389795e-05,0.00018282859450720028,0.38052501116279513,0.000178527651712123,4.001358799523573e-05,0.00022107073005775914,0.0033666054843043245,0.256253325104427,0.0005130598490684997,0.00011398219828197657,0.04387953515151898,0.3043709295321603,0.37969023132986096,768,221184,0.00018325063922926493,1,0.00019489756288707143,4.453780103472316e-05,1,0.000530169860077838,0.00011365753980199958
C4_PCA|O_LR_ORIGIN|64|FULL|0.01|0.01|8,joint_1_minus_no_x_off_1,active,C4_PCA,O_LR_ORIGIN,64,FULL,0.01,0.01,8,N2C,4,1,14,1,14,0.46967609343108774,2.555790481402563e-05,0.00016644980411819834,0.3918510185437127,0.00017890226264848373,4.0580614694474034e-05,0.0002194439466471251,0.0033302812797343733,0.2566973259658047,0.0005189975236023726,0.00011737162604878047,0.04261694809345011,0.29615222399813296,0.3793443968002206,736,211968,0.00018544148391562738,1,0.00019550081675674571,4.538029731400647e-05,0,0.0005499088285896836,0.00011958076852541617
C4_RANDOM|O_LR_ORIGIN|64|1|1e-05|0.01|8,joint_1_minus_joint_0,all,C4_RANDOM,O_LR_ORIGIN,64,1,1e-05,0.01,8,N2C,4,1,1,1,14,0.13685860875993627,0.00024793775976835245,0.0002832048205567812,0.9356663603074905,0.0005511934491515194,0.00014856980513480673,0.006046304742436001,0.0063696898543975,0.9742846783971055,0.0028360245504491007,0.0007534404581018336,0.49990777769708983,0.5328118928103126,0.9686301697023262,768,221184,0.0008101135241004896,0,0.0006097999637449297,0.00015751766930208438,1,0.0028575540914915097,0.0007654157735249002
C4_RANDOM|O_LR_ORIGIN|64|1|1e-05|0.01|8,joint_1_minus_joint_0,active,C4_RANDOM,O_LR_ORIGIN,64,1,1e-05,0.01,8,N2C,4,1,1,1,14,0.13685860875993627,0.00024793775976835245,0.0002832048205567812,0.9356663603074905,0.0005511934491515194,0.00014856980513480673,0.006046304742436001,0.0063696898543975,0.9742846783971055,0.0028360245504491007,0.0007534404581018336,0.49990777769708983,0.5328118928103126,0.9686301697023262,768,221184,0.0008101135241004896,0,0.0006097999637449297,0.00015751766930208438,1,0.0028575540914915097,0.0007654157735249002
C4_RANDOM|O_LR_ORIGIN|64|1|1e-05|0.01|8,no_x_off_1_minus_joint_0,all,C4_RANDOM,O_LR_ORIGIN,64,1,1e-05,0.01,8,N2C,4,1,1,1,14,0.047251283418289734,3.2348818257945236e-05,3.1324625793816554e-05,1.016216551618328,0.00019461766653199755,4.55767499775247e-05,0.0011616313238127882,0.0011898953808627498,0.9880519233669083,0.0010700856953769148,0.0003039876315058551,0.07331394359712996,0.07359555026887879,0.9980849618426904,768,221184,0.0002838319951909484,0,0.00021606386626317448,4.7115570945847924e-05,0,0.00108310794115945,0.0003040735311191889
C4_RANDOM|O_LR_ORIGIN|64|1|1e-05|0.01|8,no_x_off_1_minus_joint_0,active,C4_RANDOM,O_LR_ORIGIN,64,1,1e-05,0.01,8,N2C,4,1,1,1,14,0.04675014937154364,3.184171010280975e-05,3.013801965718407e-05,1.0278762611726797,0.00019878708308991862,5.0880815898574296e-05,0.0011614236009018842,0.001189421840666848,0.9881602252999097,0.001081580299249768,0.00034666016949731337,0.07319361963237878,0.073314350774121,0.999176280733318,672,193536,0.0003221845710253288,0,0.00021693733733680966,5.2686734784748193e-05,0,0.0010898038935335086,0.00034678588274298283
C4_RANDOM|O_LR_ORIGIN|64|1|1e-05|0.01|8,joint_1_minus_no_x_off_1,all,C4_RANDOM,O_LR_ORIGIN,64,1,1e-05,0.01,8,N2C,4,1,1,1,14,0.12722497277365213,0.00014845775400495093,0.00018282859450720028,0.9011132645398663,0.00041974262254995226,0.00010634865146822677,0.003161384539048737,0.0033666054843043245,0.9690418854735823,0.0021299753360186613,0.00044970400601886476,0.2787526268929717,0.3043709295321603,0.9569911004545437,768,221184,0.000538133584257531,1,0.0004682572982693386,0.00011622239173302331,3,0.0022025772065463814,0.0004622867306851381
C4_RANDOM|O_LR_ORIGIN|64|1|1e-05|0.01|8,joint_1_minus_no_x_off_1,active,C4_RANDOM,O_LR_ORIGIN,64,1,1e-05,0.01,8,N2C,4,1,1,1,14,0.09820321434699884,0.00014758055010104834,0.00016644980411819834,0.9416140242819854,0.00042141625892387586,0.00010982964998336868,0.0031597917399449967,0.0033302812797343733,0.9740668684723652,0.0021449118999504104,0.00046770810970378154,0.2774948200698378,0.29615222399813296,0.9679879279594846,736,211968,0.0005557592089637236,1,0.00047187041856069266,0.00012020647297432238,3,0.0022044535271706304,0.0004805046613144372
C4_RANDOM|O_LR_ORIGIN|64|1|0.01|0.01|8,joint_1_minus_joint_0,all,C4_RANDOM,O_LR_ORIGIN,64,1,0.01,0.01,8,N2C,4,1,1,1,14,0.13550492806537018,0.0002480798893229107,0.0002832048205567812,0.9359345058093286,0.0005507972966483466,0.00014867053561255975,0.0060480225682414445,0.0063696898543975,0.9744230713970119,0.002835692256967727,0.0007537926603524633,0.5000498048265839,0.5328118928103126,0.9687677570722428,768,221184,0.000810375358666242,0,0.0006098689965228343,0.0001575999035831255,1,0.0028585802603685955,0.0007657838943745874
C4_RANDOM|O_LR_ORIGIN|64|1|0.01|0.01|8,joint_1_minus_joint_0,active,C4_RANDOM,O_LR_ORIGIN,64,1,0.01,0.01,8,N2C,4,1,1,1,14,0.13550492806537018,0.0002480798893229107,0.0002832048205567812,0.9359345058093286,0.0005507972966483466,0.00014867053561255975,0.0060480225682414445,0.0063696898543975,0.9744230713970119,0.002835692256967727,0.0007537926603524633,0.5000498048265839,0.5328118928103126,0.9687677570722428,768,221184,0.000810375358666242,0,0.0006098689965228343,0.0001575999035831255,1,0.0028585802603685955,0.0007657838943745874
C4_RANDOM|O_LR_ORIGIN|64|1|0.01|0.01|8,no_x_off_1_minus_joint_0,all,C4_RANDOM,O_LR_ORIGIN,64,1,0.01,0.01,8,N2C,4,1,1,1,14,0.04678391676348903,3.2327425756813117e-05,3.1324625793816554e-05,1.0158804804695567,0.0001945602439682591,4.557916426103495e-05,0.0011616171489074619,0.0011898953808627498,0.9880458949545754,0.0010697634952337824,0.0003040961208418146,0.07329486375113767,0.07359555026887879,0.9979550783199647,768,221184,0.00028390478429521793,0,0.00021607548899119626,4.711270916514412e-05,0,0.001082782130767747,0.0003041855753609472
C4_RANDOM|O_LR_ORIGIN|64|1|0.01|0.01|8,no_x_off_1_minus_joint_0,active,C4_RANDOM,O_LR_ORIGIN,64,1,0.01,0.01,8,N2C,4,1,1,1,14,0.04628773947825481,3.181513581524578e-05,3.013801965718407e-05,1.027447251851969,0.0001987095786546673,5.08771741197429e-05,0.0011614075277789474,0.001189421840666848,0.9881533876242667,0.001081539444089992,0.0003467799769393514,0.07317340988618724,0.073314350774121,0.999038328182092,672,193536,0.000322256408317114,0,0.000216940320484608,5.2678311315228655e-05,0,0.001089359706479887,0.0003469107200758549
C4_RANDOM|O_LR_ORIGIN|64|1|0.01|0.01|8,joint_1_minus_no_x_off_1,all,C4_RANDOM,O_LR_ORIGIN,64,1,0.01,0.01,8,N2C,4,1,1,1,14,0.1259665792310692,0.00014861312407211803,0.00018282859450720028,0.9015846761455623,0.0004197968171240416,0.00010643828791019826,0.0031622661364849288,0.0033666054843043245,0.9691769916716353,0.002130756865354101,0.00044993514597329177,0.2788475042773093,0.3043709295321603,0.9571539493015274,768,221184,0.0005382941912077916,1,0.0004686432606961506,0.0001163234768645172,3,0.002203312348863697,0.0004625406449741151
C4_RANDOM|O_LR_ORIGIN|64|1|0.01|0.01|8,joint_1_minus_no_x_off_1,active,C4_RANDOM,O_LR_ORIGIN,64,1,0.01,0.01,8,N2C,4,1,1,1,14,0.0972318776031112,0.00014769757928475387,0.00016644980411819834,0.9419872932635625,0.00042080443189768476,0.0001098933450405219,0.003160639353074295,0.0033302812797343733,0.9741975062759028,0.0021456016608014453,0.0004679312236397181,0.27758491721924045,0.29615222399813296,0.9681450585953045,736,211968,0.0005559217120671335,1,0.00047222064329274164,0.00012028708948422637,3,0.002205170110633455,0.0004806971123138197
C4_RANDOM|O_LR_ORIGIN|64|2|1e-05|0.01|8,joint_1_minus_joint_0,all,C4_RANDOM,O_LR_ORIGIN,64,2,1e-05,0.01,8,N2C,4,1,2,1,14,0.39294060675093456,0.00010624082427045534,0.0002832048205567812,0.6124849124670761,0.00036376726410580605,9.374815789626395e-05,0.0030496442667085864,0.0063696898543975,0.6919352376292134,0.0018959518477939382,0.0004889763813105118,0.2541912859165098,0.5328118928103126,0.6907062312477772,768,221184,0.0005426735513921523,3,0.00039234587385677915,9.817675756724716e-05,0,0.0019264923412665442,0.0004947528065013346
C4_RANDOM|O_LR_ORIGIN|64|2|1e-05|0.01|8,joint_1_minus_joint_0,active,C4_RANDOM,O_LR_ORIGIN,64,2,1e-05,0.01,8,N2C,4,1,2,1,14,0.39294060675093456,0.00010624082427045534,0.0002832048205567812,0.6124849124670761,0.00036376726410580605,9.374815789626395e-05,0.0030496442667085864,0.0063696898543975,0.6919352376292134,0.0018959518477939382,0.0004889763813105118,0.2541912859165098,0.5328118928103126,0.6907062312477772,768,221184,0.0005426735513921523,3,0.00039234587385677915,9.817675756724716e-05,0,0.0019264923412665442,0.0004947528065013346
C4_RANDOM|O_LR_ORIGIN|64|2|1e-05|0.01|8,no_x_off_1_minus_joint_0,all,C4_RANDOM,O_LR_ORIGIN,64,2,1e-05,0.01,8,N2C,4,1,2,1,14,0.169881042960846,1.4562061001107825e-05,3.1324625793816554e-05,0.6818180232115848,0.0001291588782189388,3.077884477510229e-05,0.0005044677281552858,0.0011898953808627498,0.6511219034535489,0.000739689696991768,0.0001875005052124812,0.03318769136184001,0.07359555026887879,0.6715258618100144,768,221184,0.00018257172617239592,1,0.0001436915197753556,3.2913341967679e-05,2,0.0007510130442814138,0.00018664828159916462
C4_RANDOM|O_LR_ORIGIN|64|2|1e-05|0.01|8,no_x_off_1_minus_joint_0,active,C4_RANDOM,O_LR_ORIGIN,64,2,1e-05,0.01,8,N2C,4,1,2,1,14,0.16974233838100294,1.4054952845972342e-05,3.013801965718407e-05,0.6829003582438072,0.00013370517799916862,3.3968924238662956e-05,0.0005042600052443819,0.001189421840666848,0.6511174093723181,0.0007712933027978847,0.0002135320251620289,0.033067367397088814,0.073314350774121,0.6715916901109141,672,193536,0.00020645854928984028,1,0.0001507215269550644,3.6231924030122586e-05,0,0.0007892220058124965,0.00021528816810281664
C4_RANDOM|O_LR_ORIGIN|64|2|1e-05|0.01|8,joint_1_minus_no_x_off_1,all,C4_RANDOM,O_LR_ORIGIN,64,2,1e-05,0.01,8,N2C,4,1,2,1,14,0.31658991629285954,8.274385084302287e-05,0.00018282859450720028,0.6727377588570388,0.00032770027592058873,7.516002096512199e-05,0.0021633324195444023,0.0033666054843043245,0.8016144108603614,0.0016191288959966396,0.0003416291779495552,0.17986010086906337,0.3043709295321603,0.7687158415378483,768,221184,0.00040815621363825266,1,0.000352793563868862,7.962315998344905e-05,2,0.001632362596163979,0.0003467043405420639
C4_RANDOM|O_LR_ORIGIN|64|2|1e-05|0.01|8,joint_1_minus_no_x_off_1,active,C4_RANDOM,O_LR_ORIGIN,64,2,1e-05,0.01,8,N2C,4,1,2,1,14,0.3060830813833817,8.18666469391203e-05,0.00016644980411819834,0.7013129483308609,0.0003323438613060736,7.728499206708544e-05,0.002161739620440662,0.0033302812797343733,0.8056774958924825,0.001630970427710438,0.0003549343760662412,0.1786022940459295,0.29615222399813296,0.7765796704059498,736,211968,0.0004201306483175201,1,0.00035767770539363357,8.201597027911448e-05,0,0.0016606385981715662,0.00035879675100051843
C4_RANDOM|O_LR_ORIGIN|64|2|0.01|0.01|8,joint_1_minus_joint_0,all,C4_RANDOM,O_LR_ORIGIN,64,2,0.01,0.01,8,N2C,4,1,2,1,14,0.3884578639900807,0.00010719333860524374,0.0002832048205567812,0.6152244377661753,0.0003653357825811355,9.427287569754281e-05,0.003062401620474807,0.0063696898543975,0.6933809882621897,0.0019149565712875643,0.0004909698766163746,0.2553091705568424,0.5328118928103126,0.6922233619901121,768,221184,0.0005441721371217674,3,0.0003933198978657973,9.864142493925102e-05,1,0.001927182873927171,0.0004922693885218376
C4_RANDOM|O_LR_ORIGIN|64|2|0.01|0.01|8,joint_1_minus_joint_0,active,C4_RANDOM,O_LR_ORIGIN,64,2,0.01,0.01,8,N2C,4,1,2,1,14,0.3884578639900807,0.00010719333860524374,0.0002832048205567812,0.6152244377661753,0.0003653357825811355,9.427287569754281e-05,0.003062401620474807,0.0063696898543975,0.6933809882621897,0.0019149565712875643,0.0004909698766163746,0.2553091705568424,0.5328118928103126,0.6922233619901121,768,221184,0.0005441721371217674,3,0.0003933198978657973,9.864142493925102e-05,1,0.001927182873927171,0.0004922693885218376
C4_RANDOM|O_LR_ORIGIN|64|2|0.01|0.01|8,no_x_off_1_minus_joint_0,all,C4_RANDOM,O_LR_ORIGIN,64,2,0.01,0.01,8,N2C,4,1,2,1,14,0.16783566916317996,1.4481790888885892e-05,3.1324625793816554e-05,0.6799362415388503,0.00012883400557410092,3.0733548170786045e-05,0.0005079252946598388,0.0011898953808627498,0.6533494521998218,0.0007448677279429351,0.0001882084415913181,0.03322867170827745,0.07359555026887879,0.6719403358409753,768,221184,0.00018263859653987926,1,0.00014357485874063765,3.287485672820787e-05,2,0.0007559030906013286,0.0001873642117814706
C4_RANDOM|O_LR_ORIGIN|64|2|0.01|0.01|8,no_x_off_1_minus_joint_0,active,C4_RANDOM,O_LR_ORIGIN,64,2,0.01,0.01,8,N2C,4,1,2,1,14,0.1676980375607482,1.396950094731856e-05,3.013801965718407e-05,0.6808212299461768,0.00013358669363250022,3.391075573088702e-05,0.0005077156735313243,0.001189421840666848,0.653344637438305,0.0007760338535269999,0.00021433691493878392,0.03310721784332702,0.073314350774121,0.6719962456019547,672,193536,0.00020652362231101266,1,0.00015075817241615603,3.618074109705035e-05,0,0.0007931660947759279,0.00021605949542871273
C4_RANDOM|O_LR_ORIGIN|64|2|0.01|0.01|8,joint_1_minus_no_x_off_1,all,C4_RANDOM,O_LR_ORIGIN,64,2,0.01,0.01,8,N2C,4,1,2,1,14,0.3128763302109865,8.3266885789193e-05,0.00018282859450720028,0.6748606420527554,0.0003287264699525994,7.549551847526814e-05,0.0021603935318782424,0.0033666054843043245,0.801069729114956,0.0016231104494809972,0.0003421439073088694,0.17999292387465862,0.3043709295321603,0.7689996296173441,768,221184,0.000408870273965874,1,0.00035419423567699865,8.000753070433433e-05,2,0.0016350344361497917,0.00034725839157115704
C4_RANDOM|O_LR_ORIGIN|64|2|0.01|0.01|8,joint_1_minus_no_x_off_1,active,C4_RANDOM,O_LR_ORIGIN,64,2,0.01,0.01,8,N2C,4,1,2,1,14,0.3024533963197362,8.235134100182884e-05,0.00016644980411819834,0.7033859572343674,0.000333893078135301,7.760523780407306e-05,0.0021587667484676085,0.0033302812797343733,0.8051233125704849,0.0016321832671485883,0.00035545340938119045,0.17873033681658973,0.29615222399813296,0.7768579915715712,736,211968,0.0004208706679886107,1,0.00035863847880032533,8.239218914316594e-05,0,0.0016540313115254277,0.0003592229601712397
C4_RANDOM|O_LR_ORIGIN|64|4|1e-05|0.01|8,joint_1_minus_joint_0,all,C4_RANDOM,O_LR_ORIGIN,64,4,1e-05,0.01,8,N2C,4,1,4,1,14,0.579110189358792,5.951413004596655e-05,0.0002832048205567812,0.45841595440151905,0.0002594459684314365,6.906360775707616e-05,0.0009179440111370643,0.0063696898543975,0.379619884785551,0.0010407798510707598,0.0002672491867156213,0.1087867864101008,0.5328118928103126,0.4518571084608012,768,221184,0.0003549006298625435,1,0.00027664344852697427,7.705221628513215e-05,2,0.0011027834479198106,0.0002712598564829308
C4_RANDOM|O_LR_ORIGIN|64|4|1e-05|0.01|8,joint_1_minus_joint_0,active,C4_RANDOM,O_LR_ORIGIN,64,4,1e-05,0.01,8,N2C,4,1,4,1,14,0.579110189358792,5.951413004596655e-05,0.0002832048205567812,0.45841595440151905,0.0002594459684314365,6.906360775707616e-05,0.0009179440111370643,0.0063696898543975,0.379619884785551,0.0010407798510707598,0.0002672491867156213,0.1087867864101008,0.5328118928103126,0.4518571084608012,768,221184,0.0003549006298625435,1,0.00027664344852697427,7.705221628513215e-05,2,0.0011027834479198106,0.0002712598564829308
C4_RANDOM|O_LR_ORIGIN|64|4|1e-05|0.01|8,no_x_off_1_minus_joint_0,all,C4_RANDOM,O_LR_ORIGIN,64,4,1e-05,0.01,8,N2C,4,1,4,1,14,0.23569186776725337,1.2015465251689203e-05,3.1324625793816554e-05,0.6193374620644526,0.00012145624833594511,2.8088819741769178e-05,0.00022702438946832298,0.0011898953808627498,0.436799234815535,0.0005578042110685013,0.00012573041955804784,0.02000916862375456,0.07359555026887879,0.5214212707007188,768,221184,0.00014613518924237474,3,0.00013427420724158775,2.9458657059525903e-05,2,0.0005783739713131608,0.0001279476697555005
C4_RANDOM|O_LR_ORIGIN|64|4|1e-05|0.01|8,no_x_off_1_minus_joint_0,active,C4_RANDOM,O_LR_ORIGIN,64,4,1e-05,0.01,8,N2C,4,1,4,1,14,0.2355919124528738,1.150835709655372e-05,3.013801965718407e-05,0.617944268896787,0.0001251732089738573,3.089460991485368e-05,0.00022681666655741906,0.001189421840666848,0.4366862598816437,0.0005679658748239615,0.00014293764155696214,0.01988884465900336,0.073314350774121,0.5208471370674513,672,193536,0.0001648167927983875,3,0.00013881745759612805,3.239442613816562e-05,2,0.0005873900897535009,0.00014557063964012987
C4_RANDOM|O_LR_ORIGIN|64|4|1e-05|0.01|8,joint_1_minus_no_x_off_1,all,C4_RANDOM,O_LR_ORIGIN,64,4,1e-05,0.01,8,N2C,4,1,4,1,14,0.4392092911522526,4.648688381379575e-05,0.00018282859450720028,0.5042468072752421,0.00024557978798923815,5.497414586136304e-05,0.0006225974688359853,0.0033666054843043245,0.4300387215442461,0.001012745570875957,0.00019170662609584613,0.07196058187942377,0.3043709295321603,0.4862344749545334,768,221184,0.00026054506146713926,0,0.00025991799385909406,5.7496175608970135e-05,2,0.001029747899252601,0.00019400406323375063
C4_RANDOM|O_LR_ORIGIN|64|4|1e-05|0.01|8,joint_1_minus_no_x_off_1,active,C4_RANDOM,O_LR_ORIGIN,64,4,1e-05,0.01,8,N2C,4,1,4,1,14,0.43169720759496494,4.560967990989317e-05,0.00016644980411819834,0.5234640584728727,0.00024827550219642627,5.622147021968479e-05,0.0006210046697322454,0.0033302812797343733,0.43182419780214254,0.0010211872554971445,0.00019849345239280562,0.07070277505628988,0.29615222399813296,0.48860817708322174,736,211968,0.000266101619965054,0,0.0002619877025435543,5.946269030432445e-05,2,0.0010352429713742083,0.00020064365583325792
C4_RANDOM|O_LR_ORIGIN|64|4|0.01|0.01|8,joint_1_minus_joint_0,all,C4_RANDOM,O_LR_ORIGIN,64,4,0.01,0.01,8,N2C,4,1,4,1,14,0.5653156175592796,5.978371062059192e-05,0.0002832048205567812,0.45945302246877484,0.0002608103353202489,6.937834439277772e-05,0.0009299958906692742,0.0063696898543975,0.38210381292951995,0.001046389517917048,0.00027234937574833616,0.10874105161782145,0.5328118928103126,0.4517621163936255,768,221184,0.0003548429283818204,1,0.00027740087788004483,7.774140666972098e-05,3,0.0011210503326159172,0.0002742713722760277
C4_RANDOM|O_LR_ORIGIN|64|4|0.01|0.01|8,joint_1_minus_joint_0,active,C4_RANDOM,O_LR_ORIGIN,64,4,0.01,0.01,8,N2C,4,1,4,1,14,0.5653156175592796,5.978371062059192e-05,0.0002832048205567812,0.45945302246877484,0.0002608103353202489,6.937834439277772e-05,0.0009299958906692742,0.0063696898543975,0.38210381292951995,0.001046389517917048,0.00027234937574833616,0.10874105161782145,0.5328118928103126,0.4517621163936255,768,221184,0.0003548429283818204,1,0.00027740087788004483,7.774140666972098e-05,3,0.0011210503326159172,0.0002742713722760277
C4_RANDOM|O_LR_ORIGIN|64|4|0.01|0.01|8,no_x_off_1_minus_joint_0,all,C4_RANDOM,O_LR_ORIGIN,64,4,0.01,0.01,8,N2C,4,1,4,1,14,0.2278213858070261,1.152232917773289e-05,3.1324625793816554e-05,0.6064949560064159,0.00011952689345283233,2.7417728617815816e-05,0.00023750894393624906,0.0011898953808627498,0.44677163759376576,0.000560518595072529,0.00012935344710208725,0.0197425487857896,0.07359555026887879,0.5179356816886542,768,221184,0.00014501193882708577,3,0.00013403845485362406,2.8791556757399555e-05,2,0.0005800488060933131,0.00013159376352554376
C4_RANDOM|O_LR_ORIGIN|64|4|0.01|0.01|8,no_x_off_1_minus_joint_0,active,C4_RANDOM,O_LR_ORIGIN,64,4,0.01,0.01,8,N2C,4,1,4,1,14,0.2277200118331886,1.1010039236165557e-05,3.013801965718407e-05,0.604417565734467,0.00012298742456262623,3.0121247670349614e-05,0.0002372993228077346,0.001189421840666848,0.44666332544393267,0.0005675743599925467,0.0001470740640939487,0.01962109492083917,0.073314350774121,0.5173293554850098,672,193536,0.00016352172778210582,3,0.00013815117062184986,3.1622628609324326e-05,2,0.0005851577927968701,0.00014973240444578917
C4_RANDOM|O_LR_ORIGIN|64|4|0.01|0.01|8,joint_1_minus_no_x_off_1,all,C4_RANDOM,O_LR_ORIGIN,64,4,0.01,0.01,8,N2C,4,1,4,1,14,0.4301757132120538,4.661360835196213e-05,0.00018282859450720028,0.5049336349263412,0.0002457041705031916,5.5302252929886426e-05,0.0006139143472640286,0.0033666054843043245,0.4270294019554584,0.0010117247513431323,0.00019118299857503156,0.07142955275018865,0.3043709295321603,0.4844370826836326,768,221184,0.0002602608899698379,0,0.00026172263923647483,5.785795555145188e-05,2,0.0010341392648753906,0.00019372624741405874
C4_RANDOM|O_LR_ORIGIN|64|4|0.01|0.01|8,joint_1_minus_no_x_off_1,active,C4_RANDOM,O_LR_ORIGIN,64,4,0.01,0.01,8,N2C,4,1,4,1,14,0.42265541896034925,4.569806356459797e-05,0.00016644980411819834,0.5239710043083365,0.0002491208822767803,5.653400419150084e-05,0.0006122875638533945,0.0033302812797343733,0.4287827064991114,0.001024554054841226,0.00019792898287631616,0.07016696569211979,0.29615222399813296,0.486753237665854,736,211968,0.00026580000642752963,0,0.0002645073972338371,5.9829322601100977e-05,2,0.0010404370775670428,0.00020034263731688576
C4_RANDOM|O_LR_ORIGIN|64|FULL|1e-05|0.01|8,joint_1_minus_joint_0,all,C4_RANDOM,O_LR_ORIGIN,64,FULL,1e-05,0.01,8,N2C,4,1,14,1,14,0.6408911491359909,3.732913884906079e-05,0.0002832048205567812,0.36305603883417814,0.0001993147258036401,5.213414459655162e-05,0.00033236375819901146,0.0063696898543975,0.22842713208775742,0.0005599635875959397,0.00015289166535415821,0.07060802349554986,0.5328118928103126,0.36403242795861845,768,221184,0.000255823530734146,1,0.00022140904292900022,5.86874740762856e-05,2,0.0005783076049209955,0.0001589792638773609
C4_RANDOM|O_LR_ORIGIN|64|FULL|1e-05|0.01|8,joint_1_minus_joint_0,active,C4_RANDOM,O_LR_ORIGIN,64,FULL,1e-05,0.01,8,N2C,4,1,14,1,14,0.6408911491359909,3.732913884906079e-05,0.0002832048205567812,0.36305603883417814,0.0001993147258036401,5.213414459655162e-05,0.00033236375819901146,0.0063696898543975,0.22842713208775742,0.0005599635875959397,0.00015289166535415821,0.07060802349554986,0.5328118928103126,0.36403242795861845,768,221184,0.000255823530734146,1,0.00022140904292900022,5.86874740762856e-05,2,0.0005783076049209955,0.0001589792638773609
C4_RANDOM|O_LR_ORIGIN|64|FULL|1e-05|0.01|8,no_x_off_1_minus_joint_0,all,C4_RANDOM,O_LR_ORIGIN,64,FULL,1e-05,0.01,8,N2C,4,1,14,1,14,0.2382907514027103,6.068418946060238e-06,3.1324625793816554e-05,0.4401440466460058,8.778246024438513e-05,1.921364406582491e-05,0.00010109455130148303,0.0011898953808627498,0.2914804861577482,0.0003903213777905825,7.953278743542367e-05,0.010723358279811232,0.07359555026887879,0.3817153545370655,768,221184,0.00010079653073783935,1,0.00010190533386605485,2.258420434488808e-05,3,0.00042319237947323227,8.16760459236074e-05
C4_RANDOM|O_LR_ORIGIN|64|FULL|1e-05|0.01|8,no_x_off_1_minus_joint_0,active,C4_RANDOM,O_LR_ORIGIN,64,FULL,1e-05,0.01,8,N2C,4,1,14,1,14,0.23819188669149582,5.561310790924755e-06,3.013801965718407e-05,0.4295673128894767,8.751350463914243e-05,2.0751551999488807e-05,0.00010088682839057911,0.001189421840666848,0.2912388316439196,0.00040315137442073566,9.014034770253454e-05,0.010603034315060036,0.073314350774121,0.38029497499472825,672,193536,0.00011300118307891848,0,9.992110551245795e-05,2.4241464250243873e-05,3,0.0004344986694194602,9.24371673845182e-05
C4_RANDOM|O_LR_ORIGIN|64|FULL|1e-05|0.01|8,joint_1_minus_no_x_off_1,all,C4_RANDOM,O_LR_ORIGIN,64,FULL,1e-05,0.01,8,N2C,4,1,14,1,14,0.4943195967020842,2.575742040668124e-05,0.00018282859450720028,0.3753436931923666,0.00017689903199865115,3.887945524730543e-05,0.0002475399075223085,0.0033666054843043245,0.2711605454858662,0.000507191230684574,0.00011261417305512423,0.046683046220818473,0.3043709295321603,0.3916318538258498,768,221184,0.0001873528042701404,0,0.00019826909085188176,4.215857314961112e-05,2,0.0005274894793310206,0.00011597503384104485
C4_RANDOM|O_LR_ORIGIN|64|FULL|1e-05|0.01|8,joint_1_minus_no_x_off_1,active,C4_RANDOM,O_LR_ORIGIN,64,FULL,1e-05,0.01,8,N2C,4,1,14,1,14,0.4876571964962039,2.4880216502778656e-05,0.00016644980411819834,0.3866209942894864,0.00017721133859043518,3.9427010448494236e-05,0.0002459471084185686,0.0033302812797343733,0.27175678901834377,0.0005175227702121607,0.00011596219704596534,0.04542523939768459,0.29615222399813296,0.39164367145405826,736,211968,0.0001897270907160117,0,0.00020154860738086713,4.345823556412374e-05,2,0.0005409475439638013,0.00011922205994521705
C4_RANDOM|O_LR_ORIGIN|64|FULL|0.01|0.01|8,joint_1_minus_joint_0,all,C4_RANDOM,O_LR_ORIGIN,64,FULL,0.01,0.01,8,N2C,4,1,14,1,14,0.6189510797793861,3.727384794896303e-05,0.0002832048205567812,0.3627870648576232,0.00020284543672904594,5.274475439639256e-05,0.00031297660520126895,0.0063696898543975,0.2216648311707824,0.0005810841222705238,0.00015830685023550926,0.06817573071385392,0.5328118928103126,0.35770741734395056,768,221184,0.00025370457274515127,1,0.00022833435555858305,6.0444055176778774e-05,2,0.0005932799049744195,0.00016478694997997816
C4_RANDOM|O_LR_ORIGIN|64|FULL|0.01|0.01|8,joint_1_minus_joint_0,active,C4_RANDOM,O_LR_ORIGIN,64,FULL,0.01,0.01,8,N2C,4,1,14,1,14,0.6189510797793861,3.727384794896303e-05,0.0002832048205567812,0.3627870648576232,0.00020284543672904594,5.274475439639256e-05,0.00031297660520126895,0.0063696898543975,0.2216648311707824,0.0005810841222705238,0.00015830685023550926,0.06817573071385392,0.5328118928103126,0.35770741734395056,768,221184,0.00025370457274515127,1,0.00022833435555858305,6.0444055176778774e-05,2,0.0005932799049744195,0.00016478694997997816
C4_RANDOM|O_LR_ORIGIN|64|FULL|0.01|0.01|8,no_x_off_1_minus_joint_0,all,C4_RANDOM,O_LR_ORIGIN,64,FULL,0.01,0.01,8,N2C,4,1,14,1,14,0.2287839597825977,5.918723752383675e-06,3.1324625793816554e-05,0.4346814322901101,8.853600023065249e-05,1.8844304566637723e-05,0.00012615384429091216,0.0011898953808627498,0.3256085912805976,0.0004212534516845486,8.979109404426866e-05,0.011540879385919446,0.07359555026887879,0.3959986202025721,768,221184,0.00010422384784790921,1,0.00010350290399520001,2.2404946960547616e-05,3,0.00045204524214559,9.24500506632314e-05
C4_RANDOM|O_LR_ORIGIN|64|FULL|0.01|0.01|8,no_x_off_1_minus_joint_0,active,C4_RANDOM,O_LR_ORIGIN,64,FULL,0.01,0.01,8,N2C,4,1,14,1,14,0.22868301251312698,5.4064338108163425e-06,3.013801965718407e-05,0.42354356649015656,8.824152069308481e-05,2.0323048754717503e-05,0.0001259442231623977,0.001189421840666848,0.3254027145239639,0.00043280280203273665,0.00010185994631358458,0.011419425520969017,0.073314350774121,0.3946641075843882,672,193536,0.00011690676666304689,0,0.00010158107379829208,2.3639822546843692e-05,2,0.00046027424252454785,0.00010554548201053772
C4_RANDOM|O_LR_ORIGIN|64|FULL|0.01|0.01|8,joint_1_minus_no_x_off_1,all,C4_RANDOM,O_LR_ORIGIN,64,FULL,0.01,0.01,8,N2C,4,1,14,1,14,0.47645479722806733,2.6473449601389778e-05,0.00018282859450720028,0.380525011162795,0.0001785276517121227,4.001358799523572e-05,0.00022107073005776006,0.0033666054843043245,0.25625332510442755,0.0005130598490684999,0.00011398219828197669,0.043879535151518975,0.3043709295321603,0.37969023132986096,768,221184,0.00018325063922926496,1,0.0001948975628870713,4.453780103472313e-05,1,0.0005301698600778399,0.00011365753980199974
C4_RANDOM|O_LR_ORIGIN|64|FULL|0.01|0.01|8,joint_1_minus_no_x_off_1,active,C4_RANDOM,O_LR_ORIGIN,64,FULL,0.01,0.01,8,N2C,4,1,14,1,14,0.46967609343108785,2.5557904814025614e-05,0.00016644980411819834,0.39185101854371257,0.00017890226264848333,4.058061469447402e-05,0.000219443946647126,0.0033302812797343733,0.2566973259658052,0.0005189975236023744,0.00011737162604878059,0.042616948093450104,0.29615222399813296,0.37934439680022053,736,211968,0.0001854414839156274,1,0.00019550081675674566,4.5380297314006445e-05,0,0.0005499088285896845,0.0001195807685254163
C5|O_LR_ORIGIN|64|1|1e-05|0.01|8,joint_1_minus_joint_0,all,C5,O_LR_ORIGIN,64,1,1e-05,0.01,8,N2C,4,1,1,1,14,0.5964666696047004,7.229055440145561e-05,0.0002832048205567812,0.5052315430735101,0.00028501973594412803,7.337986134659479e-05,0.0008951306708895056,0.0063696898543975,0.37487292573507014,0.0009399389732505627,0.00025238785019384243,0.09047335136450554,0.5328118928103126,0.4120722641803129,768,221184,0.0002799959286015782,5,0.0003212903492840534,7.363895035352823e-05,1,0.0012850785110608699,0.000265966694715714
C5|O_LR_ORIGIN|64|1|1e-05|0.01|8,joint_1_minus_joint_0,active,C5,O_LR_ORIGIN,64,1,1e-05,0.01,8,N2C,4,1,1,1,14,0.5964666696047004,7.229055440145561e-05,0.0002832048205567812,0.5052315430735101,0.00028501973594412803,7.337986134659479e-05,0.0008951306708895056,0.0063696898543975,0.37487292573507014,0.0009399389732505627,0.00025238785019384243,0.09047335136450554,0.5328118928103126,0.4120722641803129,768,221184,0.0002799959286015782,5,0.0003212903492840534,7.363895035352823e-05,1,0.0012850785110608699,0.000265966694715714
C5|O_LR_ORIGIN|64|1|1e-05|0.01|8,no_x_off_1_minus_joint_0,all,C5,O_LR_ORIGIN,64,1,1e-05,0.01,8,N2C,4,1,1,1,14,0.22706132992487327,1.7346111958822495e-05,3.1324625793816554e-05,0.7441459574303798,0.00014767034285803488,3.3146279082501064e-05,0.0002700099947640594,0.0011898953808627498,0.476360267981912,0.0005172994098664584,0.00012908574331935992,0.013474415892789703,0.07359555026887879,0.42788710198255525,768,221184,0.00011088005487948035,2,0.00015645338936002908,3.30132994858911e-05,3,0.0005334402265361387,0.00013218325279952807
C5|O_LR_ORIGIN|64|1|1e-05|0.01|8,no_x_off_1_minus_joint_0,active,C5,O_LR_ORIGIN,64,1,1e-05,0.01,8,N2C,4,1,1,1,14,0.2269575811646103,1.6838990536668097e-05,3.013801965718407e-05,0.7474818822542989,0.0001505719398649224,3.667454702271535e-05,0.0002698022592142314,0.001189421840666848,0.4762717657462194,0.0005256677246825823,0.00014677227095602165,0.013354087771379478,0.073314350774121,0.42678840956965736,672,193536,0.00012452516944219007,2,0.00016190003197612843,3.67095859829561e-05,2,0.0005393379804903359,0.00014727223873044274
C5|O_LR_ORIGIN|64|1|1e-05|0.01|8,joint_1_minus_no_x_off_1,all,C5,O_LR_ORIGIN,64,1,1e-05,0.01,8,N2C,4,1,1,1,14,0.45085173662560013,4.1715489303868076e-05,0.00018282859450720028,0.4776685089672092,0.00021612357044129877,4.684747865341768e-05,0.0005385618843979098,0.0033666054843043245,0.3999647280919742,0.0006458266010724433,0.00015835134991383325,0.059663710583298675,0.3043709295321603,0.44274487669044155,768,221184,0.00019832088923893705,1,0.00027664287741074124,5.0282745902344065e-05,3,0.0006579144450858713,0.0001606820849607529
C5|O_LR_ORIGIN|64|1|1e-05|0.01|8,joint_1_minus_no_x_off_1,active,C5,O_LR_ORIGIN,64,1,1e-05,0.01,8,N2C,4,1,1,1,14,0.443537750958961,4.083853257572556e-05,0.00016644980411819834,0.49532861756986013,0.00022044276059166783,4.774160955119664e-05,0.0005369685233348059,0.0033302812797343733,0.4015447537687494,0.0006529187757056666,0.0001636875518635232,0.05840603864263276,0.29615222399813296,0.44409039130661887,736,211968,0.00020117224168562237,1,0.0003101667787470255,5.1400019104440024e-05,2,0.0006869003989902223,0.00016304678264654964
C5|O_LR_ORIGIN|64|1|1e-05|0.1|8,joint_1_minus_joint_0,all,C5,O_LR_ORIGIN,64,1,1e-05,0.1,8,N2C,4,1,1,1,14,0.6120919278324559,3.906129620782444e-05,0.0002832048205567812,0.3713838419732138,0.00020117133412000184,5.364238082064165e-05,0.000652237831440899,0.0063696898543975,0.319995484037555,0.0008312847839995842,0.00020262929897494516,0.08179400400748327,0.5328118928103126,0.3918084329795834,768,221184,0.0002613759658172059,1,0.00023303646824196904,6.459572686927975e-05,1,0.0011152544439181462,0.00021409019557658556
C5|O_LR_ORIGIN|64|1|1e-05|0.1|8,joint_1_minus_joint_0,active,C5,O_LR_ORIGIN,64,1,1e-05,0.1,8,N2C,4,1,1,1,14,0.6120919278324559,3.906129620782444e-05,0.0002832048205567812,0.3713838419732138,0.00020117133412000184,5.364238082064165e-05,0.000652237831440899,0.0063696898543975,0.319995484037555,0.0008312847839995842,0.00020262929897494516,0.08179400400748327,0.5328118928103126,0.3918084329795834,768,221184,0.0002613759658172059,1,0.00023303646824196904,6.459572686927975e-05,1,0.0011152544439181462,0.00021409019557658556
C5|O_LR_ORIGIN|64|1|1e-05|0.1|8,no_x_off_1_minus_joint_0,all,C5,O_LR_ORIGIN,64,1,1e-05,0.1,8,N2C,4,1,1,1,14,0.23283693357339738,8.01008234701255e-06,3.1324625793816554e-05,0.5056797290583437,9.64299335369321e-05,2.204077728655241e-05,0.0002127976371080123,0.0011898953808627498,0.42289155384055876,0.0004767523342123639,0.00011083257985391204,0.012622733641552716,0.07359555026887879,0.4141435773657162,768,221184,0.0001049101101286756,3,0.00011069901565300385,2.405925156653738e-05,3,0.0004963860677081643,0.0001134623005145123
C5|O_LR_ORIGIN|64|1|1e-05|0.1|8,no_x_off_1_minus_joint_0,active,C5,O_LR_ORIGIN,64,1,1e-05,0.1,8,N2C,4,1,1,1,14,0.2327357522619451,7.502973987914223e-06,3.013801965718407e-05,0.49895268553947825,9.65840742795218e-05,2.398256114397586e-05,0.00021258991395436784,0.001189421840666848,0.42276923258347726,0.0004855333194873938,0.0001259115385295563,0.012502409608492932,0.073314350774121,0.4129546541307164,672,193536,0.00011770241601013799,3,0.00011365296140996705,2.6223676381500606e-05,3,0.0005073901513442783,0.0001287643145198141
C5|O_LR_ORIGIN|64|1|1e-05|0.1|8,joint_1_minus_no_x_off_1,all,C5,O_LR_ORIGIN,64,1,1e-05,0.1,8,N2C,4,1,1,1,14,0.4628336404802983,2.8777501044802577e-05,0.00018282859450720028,0.39673862045740516,0.00017906395468339,4.056224245027958e-05,0.00043350048102720935,0.0033666054843043245,0.35883820749477496,0.0006082359823265818,0.0001420110639703743,0.0544833317458398,0.3043709295321603,0.4230875477853988,768,221184,0.00018919349872375537,1,0.0002270512295972324,4.9420050048622925e-05,1,0.0006488592420596646,0.0001492462263355933
C5|O_LR_ORIGIN|64|1|1e-05|0.1|8,joint_1_minus_no_x_off_1,active,C5,O_LR_ORIGIN,64,1,1e-05,0.1,8,N2C,4,1,1,1,14,0.45571118627725477,2.7900314078085605e-05,0.00016644980411819834,0.40941420035757825,0.00017939881606564108,4.118297170583569e-05,0.0004319076627362315,0.0033302812797343733,0.36012643061569954,0.0006129358505482337,0.0001466371964285172,0.05322553346589623,0.29615222399813296,0.42393816170952286,736,211968,0.00019164782703253382,1,0.00023141879788561064,5.0499687233017285e-05,0,0.0006562713487458964,0.00014483517120317615
C5|O_LR_ORIGIN|64|1|0.01|0.01|8,joint_1_minus_joint_0,all,C5,O_LR_ORIGIN,64,1,0.01,0.01,8,N2C,4,1,1,1,14,0.5684434380264707,5.9527386985864545e-05,0.0002832048205567812,0.4584670082803276,0.0002542915492416362,6.762971229805429e-05,0.0009473578826713799,0.0063696898543975,0.38565404705241085,0.0009935426682149177,0.000273598388615982,0.09054935449567127,0.5328118928103126,0.4122453107581815,768,221184,0.0002902900798137531,1,0.0002837775913038903,6.975640544094331e-05,1,0.0012250485913754634,0.00029098396344019235
C5|O_LR_ORIGIN|64|1|0.01|0.01|8,joint_1_minus_joint_0,active,C5,O_LR_ORIGIN,64,1,0.01,0.01,8,N2C,4,1,1,1,14,0.5684434380264707,5.9527386985864545e-05,0.0002832048205567812,0.4584670082803276,0.0002542915492416362,6.762971229805429e-05,0.0009473578826713799,0.0063696898543975,0.38565404705241085,0.0009935426682149177,0.000273598388615982,0.09054935449567127,0.5328118928103126,0.4122453107581815,768,221184,0.0002902900798137531,1,0.0002837775913038903,6.975640544094331e-05,1,0.0012250485913754634,0.00029098396344019235
C5|O_LR_ORIGIN|64|1|0.01|0.01|8,no_x_off_1_minus_joint_0,all,C5,O_LR_ORIGIN,64,1,0.01,0.01,8,N2C,4,1,1,1,14,0.21493255478867782,1.3611009900574691e-05,3.1324625793816554e-05,0.6591772786691721,0.00013236710746078638,2.9765046403672683e-05,0.00029355019055574675,0.0011898953808627498,0.4966915756397515,0.0005465658791101496,0.00013912696394558955,0.01431643984694089,0.07359555026887879,0.44105397245232286,768,221184,0.00011620206954728243,2,0.00014840650514631615,3.022752799858906e-05,3,0.0005578663416179496,0.0001424511821325963
C5|O_LR_ORIGIN|64|1|0.01|0.01|8,no_x_off_1_minus_joint_0,active,C5,O_LR_ORIGIN,64,1,0.01,0.01,8,N2C,4,1,1,1,14,0.21483218729356335,1.3086218574958185e-05,3.013801965718407e-05,0.658945852851728,0.0001378517472804049,3.278866293222487e-05,0.0002933284495231425,0.001189421840666848,0.49660277134977565,0.0005638754005435851,0.00015821930324277813,0.014191016145299397,0.073314350774121,0.43995904486027365,672,193536,0.0001305577028794057,2,0.0001513269420814596,3.349799290788439e-05,1,0.0005742797339087722,0.00016084721939873113
C5|O_LR_ORIGIN|64|1|0.01|0.01|8,joint_1_minus_no_x_off_1,all,C5,O_LR_ORIGIN,64,1,0.01,0.01,8,N2C,4,1,1,1,14,0.43069811871710756,3.595981560242211e-05,0.00018282859450720028,0.44349289614523324,0.00020524219226830586,4.4312506799372995e-05,0.0005399336904732181,0.0033666054843043245,0.4004737922433815,0.0008361812734116979,0.00016410139526697,0.0579106895676697,0.3043709295321603,0.43619208710364726,768,221184,0.00020171554875110783,1,0.0002560527787237145,4.807947376589674e-05,1,0.0008874138908634395,0.0001753639838577968
C5|O_LR_ORIGIN|64|1|0.01|0.01|8,joint_1_minus_no_x_off_1,active,C5,O_LR_ORIGIN,64,1,0.01,0.01,8,N2C,4,1,1,1,14,0.4239033911024637,3.5199471118907096e-05,0.00016644980411819834,0.45986083638424746,0.00020855350664054657,4.5162915420586026e-05,0.0005371777536968957,0.0033302812797343733,0.40162297732190144,0.0008488973338327433,0.00016925040419989338,0.056693798730739306,0.29615222399813296,0.43753246127536255,736,211968,0.00020479039783845724,1,0.00028135259510270237,4.9175320072113795e-05,1,0.0009094118088137001,0.0001803113585300673
C5|O_LR_ORIGIN|64|1|0.01|0.1|8,joint_1_minus_joint_0,all,C5,O_LR_ORIGIN,64,1,0.01,0.1,8,N2C,4,1,1,1,14,0.6000913009860102,3.742071563830474e-05,0.0002832048205567812,0.36350109518216445,0.0001993115313396154,5.296817716552262e-05,0.0005377766486075611,0.0063696898543975,0.29056401424644007,0.0007744982187471686,0.00020039556613655237,0.07535276055758261,0.5328118928103126,0.3760647512204812,768,221184,0.00026084488876108885,1,0.00021930181399923827,6.366218822948017e-05,2,0.0008250649006189981,0.0002038230689356493
C5|O_LR_ORIGIN|64|1|0.01|0.1|8,joint_1_minus_joint_0,active,C5,O_LR_ORIGIN,64,1,0.01,0.1,8,N2C,4,1,1,1,14,0.6000913009860102,3.742071563830474e-05,0.0002832048205567812,0.36350109518216445,0.0001993115313396154,5.296817716552262e-05,0.0005377766486075611,0.0063696898543975,0.29056401424644007,0.0007744982187471686,0.00020039556613655237,0.07535276055758261,0.5328118928103126,0.3760647512204812,768,221184,0.00026084488876108885,1,0.00021930181399923827,6.366218822948017e-05,2,0.0008250649006189981,0.0002038230689356493
C5|O_LR_ORIGIN|64|1|0.01|0.1|8,no_x_off_1_minus_joint_0,all,C5,O_LR_ORIGIN,64,1,0.01,0.1,8,N2C,4,1,1,1,14,0.22479162178885245,6.892854797023322e-06,3.1324625793816554e-05,0.46909047992641506,9.391127544578623e-05,2.085698027663157e-05,0.00022151014871154087,0.0011898953808627498,0.43146187358164745,0.0005008104637567876,0.0001160674880058351,0.013088678819823528,0.07359555026887879,0.42171798909119673,768,221184,0.00010850571724487053,1,0.00010712212778994731,2.4243213328102126e-05,2,0.0005193529365039978,0.00011573744656235211
C5|O_LR_ORIGIN|64|1|0.01|0.1|8,no_x_off_1_minus_joint_0,active,C5,O_LR_ORIGIN,64,1,0.01,0.1,8,N2C,4,1,1,1,14,0.22468901778231576,6.380363731517189e-06,3.013801965718407e-05,0.4601139100334576,9.382800982144997e-05,2.262300406933424e-05,0.000221300287960528,0.001189421840666848,0.4313432786129672,0.0005118071267495817,0.00013188961295868242,0.01296715740430992,0.073314350774121,0.42055993295789046,672,193536,0.00012179968566039703,1,0.00010404030552004801,2.631576617177953e-05,2,0.0005237867551063785,0.00013161011200231806
C5|O_LR_ORIGIN|64|1|0.01|0.1|8,joint_1_minus_no_x_off_1,all,C5,O_LR_ORIGIN,64,1,0.01,0.1,8,N2C,4,1,1,1,14,0.4561880417148457,2.8312323953182174e-05,0.00018282859450720028,0.3935189938383046,0.00017727389566394832,4.078145823223304e-05,0.0003335252132308752,0.0033666054843043245,0.31475179966504435,0.0005615802996632959,0.0001356809268863356,0.048973763113834556,0.3043709295321603,0.40112539041686346,768,221184,0.00018676563279768315,1,0.00021456571203688413,4.865819112604587e-05,3,0.0005733413497494616,0.00013839381664637672
C5|O_LR_ORIGIN|64|1|0.01|0.1|8,joint_1_minus_no_x_off_1,active,C5,O_LR_ORIGIN,64,1,0.01,0.1,8,N2C,4,1,1,1,14,0.4491343129191073,2.7413416353952542e-05,0.00016644980411819834,0.4058260648620194,0.00017730971235945195,4.139093553811569e-05,0.0003318725265767968,0.0033302812797343733,0.3156786370091185,0.0005700417141038775,0.0001399961934900604,0.04771896956593224,0.29615222399813296,0.4014098537889852,736,211968,0.00018912019544146955,1,0.0002177819229457887,4.968527334988945e-05,2,0.0005811420644410338,0.00014340827669145705
C5|O_LR_ORIGIN|64|2|1e-05|0.01|8,joint_1_minus_joint_0,all,C5,O_LR_ORIGIN,64,2,1e-05,0.01,8,N2C,4,1,2,1,14,0.623364556507504,3.5210625694696125e-05,0.0002832048205567812,0.3526034445662539,0.0002000893235095871,5.040996643879147e-05,0.00034295290190684727,0.0063696898543975,0.23203745724746025,0.0006214766643916015,0.00017382101613496094,0.07849288814086273,0.5328118928103126,0.383820528907944,768,221184,0.00025811058779655365,5,0.00023211113728671838,5.033690166021846e-05,2,0.0006665520262729201,0.00017892322892440175
C5|O_LR_ORIGIN|64|2|1e-05|0.01|8,joint_1_minus_joint_0,active,C5,O_LR_ORIGIN,64,2,1e-05,0.01,8,N2C,4,1,2,1,14,0.623364556507504,3.5210625694696125e-05,0.0002832048205567812,0.3526034445662539,0.0002000893235095871,5.040996643879147e-05,0.00034295290190684727,0.0063696898543975,0.23203745724746025,0.0006214766643916015,0.00017382101613496094,0.07849288814086273,0.5328118928103126,0.383820528907944,768,221184,0.00025811058779655365,5,0.00023211113728671838,5.033690166021846e-05,2,0.0006665520262729201,0.00017892322892440175
C5|O_LR_ORIGIN|64|2|1e-05|0.01|8,no_x_off_1_minus_joint_0,all,C5,O_LR_ORIGIN,64,2,1e-05,0.01,8,N2C,4,1,2,1,14,0.23306692868157525,6.773272315956611e-06,3.1324625793816554e-05,0.46500360784136,9.050959845483542e-05,2.020285210014775e-05,0.00013318381713674904,0.0011898953808627498,0.33455793867551264,0.0004261022661369872,9.041443666955596e-05,0.01116568091389262,0.07359555026887879,0.3895083999769381,768,221184,9.902781386892778e-05,3,9.921790042255859e-05,2.129128356966341e-05,3,0.0004705689812533826,9.233240055629687e-05
C5|O_LR_ORIGIN|64|2|1e-05|0.01|8,no_x_off_1_minus_joint_0,active,C5,O_LR_ORIGIN,64,2,1e-05,0.01,8,N2C,4,1,2,1,14,0.23296585446348358,6.266150893802212e-06,3.013801965718407e-05,0.4559771381696754,9.00048037538639e-05,2.1882059042882984e-05,0.00013297608158692098,0.001189421840666848,0.33436346044246645,0.0004477883452501488,0.00010257649192767427,0.011045352792482395,0.073314350774121,0.38814616488377707,672,193536,0.00011097975114441572,3,9.847474558528575e-05,2.3060255193114327e-05,3,0.00048195285336136005,0.00010461581869622345
C5|O_LR_ORIGIN|64|2|1e-05|0.01|8,joint_1_minus_no_x_off_1,all,C5,O_LR_ORIGIN,64,2,1e-05,0.01,8,N2C,4,1,2,1,14,0.4772331105401892,2.421815520798152e-05,0.00018282859450720028,0.36395565256089035,0.00017473067074773977,3.58582560835525e-05,0.00018949659445348477,0.0033666054843043245,0.23724910973365318,0.0004874276883127748,0.0001126332588135666,0.051038464684232766,0.3043709295321603,0.4094936914506678,768,221184,0.00018496342032343145,5,0.00020620089249826675,3.600755916660097e-05,2,0.0005172528085274533,0.00011670934923077418
C5|O_LR_ORIGIN|64|2|1e-05|0.01|8,joint_1_minus_no_x_off_1,active,C5,O_LR_ORIGIN,64,2,1e-05,0.01,8,N2C,4,1,2,1,14,0.47032955457134334,2.3341198479839012e-05,0.00016644980411819834,0.3744725013137416,0.00017477787883945695,3.6274594695685144e-05,0.0001879032333903808,0.0033302812797343733,0.237534484834857,0.0004955665118405515,0.0001159817176719406,0.04978079274356685,0.29615222399813296,0.40999013304333426,736,211968,0.00018723401325205133,5,0.0002119308367230728,3.6409570724168876e-05,2,0.0005230571910361749,0.00011998817675318924
C5|O_LR_ORIGIN|64|2|1e-05|0.1|8,joint_1_minus_joint_0,all,C5,O_LR_ORIGIN,64,2,1e-05,0.1,8,N2C,4,1,2,1,14,0.6375403580070272,3.559582308186459e-05,0.0002832048205567812,0.3545269048090882,0.00019749017610972,5.107234518294643e-05,0.000295231914880769,0.0063696898543975,0.21528933106668036,0.0005544045278349099,0.00014628518852454538,0.07647376279249325,0.5328118928103126,0.37885172999667904,768,221184,0.0002546549180372311,1,0.00022194173823181443,6.00528573422088e-05,0,0.0005834621951339473,0.00015122379040075895
C5|O_LR_ORIGIN|64|2|1e-05|0.1|8,joint_1_minus_joint_0,active,C5,O_LR_ORIGIN,64,2,1e-05,0.1,8,N2C,4,1,2,1,14,0.6375403580070272,3.559582308186459e-05,0.0002832048205567812,0.3545269048090882,0.00019749017610972,5.107234518294643e-05,0.000295231914880769,0.0063696898543975,0.21528933106668036,0.0005544045278349099,0.00014628518852454538,0.07647376279249325,0.5328118928103126,0.37885172999667904,768,221184,0.0002546549180372311,1,0.00022194173823181443,6.00528573422088e-05,0,0.0005834621951339473,0.00015122379040075895
C5|O_LR_ORIGIN|64|2|1e-05|0.1|8,no_x_off_1_minus_joint_0,all,C5,O_LR_ORIGIN,64,2,1e-05,0.1,8,N2C,4,1,2,1,14,0.23703045201612877,6.264966426867299e-06,3.1324625793816554e-05,0.44721506843269887,8.876782185773089e-05,1.958778672684937e-05,0.00010503295917813599,0.0011898953808627498,0.2971039401462057,0.0003999887697627816,7.98459172440866e-05,0.011123050564262242,0.07359555026887879,0.3887641211905791,768,221184,9.788551838589228e-05,1,9.683913814707309e-05,2.379761976378649e-05,3,0.0004335210355909345,8.185942376177941e-05
C5|O_LR_ORIGIN|64|2|1e-05|0.1|8,no_x_off_1_minus_joint_0,active,C5,O_LR_ORIGIN,64,2,1e-05,0.1,8,N2C,4,1,2,1,14,0.2369310615517542,5.757858067768972e-06,3.013801965718407e-05,0.4370922656507588,8.73517487657648e-05,2.1179143361458106e-05,0.00010482523602449154,0.001189421840666848,0.29686908232814474,0.00041705871289487637,9.049820983261294e-05,0.011002726531202456,0.073314350774121,0.38739647341315536,672,193536,0.00010967431116124275,1,9.563201036358845e-05,2.58139555525552e-05,3,0.000446373309504891,9.264674108811936e-05
C5|O_LR_ORIGIN|64|2|1e-05|0.1|8,joint_1_minus_no_x_off_1,all,C5,O_LR_ORIGIN,64,2,1e-05,0.1,8,N2C,4,1,2,1,14,0.49001880430922157,2.5313486168288864e-05,0.00018282859450720028,0.37209507328364994,0.00017226646281936494,3.7768944312038566e-05,0.00019773258299547657,0.0033666054843043245,0.24234999021595965,0.00047696545618773574,0.00010426630961042356,0.050501683752456,0.3043709295321603,0.4073346393781841,768,221184,0.0001852501274270625,1,0.00019079311758488015,4.394794207394827e-05,2,0.0004947386384247145,0.0001072534472183792
C5|O_LR_ORIGIN|64|2|1e-05|0.1|8,joint_1_minus_no_x_off_1,active,C5,O_LR_ORIGIN,64,2,1e-05,0.1,8,N2C,4,1,2,1,14,0.4832971499136074,2.4436299201571892e-05,0.00016644980411819834,0.3831563900256266,0.00017251488186998692,3.826822582245376e-05,0.00019613976470449874,0.0033302812797343733,0.24268468308400537,0.0004856908067082,0.0001072513657920469,0.049243885472512426,0.29615222399813296,0.4077731791328804,736,211968,0.0001875330048098978,1,0.0001973320318410925,4.4789661520313294e-05,0,0.0005015776921612203,0.00011229631026719828
C5|O_LR_ORIGIN|64|2|0.01|0.01|8,joint_1_minus_joint_0,all,C5,O_LR_ORIGIN,64,2,0.01,0.01,8,N2C,4,1,2,1,14,0.5840214905873408,3.5240412492816374e-05,0.0002832048205567812,0.35275255732818633,0.00019607330637604897,5.04805672745911e-05,0.0005091668555102855,0.0063696898543975,0.2827293659878676,0.0007630690174061144,0.00021294771150956218,0.08184621657951636,0.5328118928103126,0.39193346697581455,768,221184,0.0002698751031118701,1,0.00021952569200567315,5.8982339813561145e-05,2,0.000806014194672861,0.00022276764881787252
C5|O_LR_ORIGIN|64|2|0.01|0.01|8,joint_1_minus_joint_0,active,C5,O_LR_ORIGIN,64,2,0.01,0.01,8,N2C,4,1,2,1,14,0.5840214905873408,3.5240412492816374e-05,0.0002832048205567812,0.35275255732818633,0.00019607330637604897,5.04805672745911e-05,0.0005091668555102855,0.0063696898543975,0.2827293659878676,0.0007630690174061144,0.00021294771150956218,0.08184621657951636,0.5328118928103126,0.39193346697581455,768,221184,0.0002698751031118701,1,0.00021952569200567315,5.8982339813561145e-05,2,0.000806014194672861,0.00022276764881787252
C5|O_LR_ORIGIN|64|2|0.01|0.01|8,no_x_off_1_minus_joint_0,all,C5,O_LR_ORIGIN,64,2,0.01,0.01,8,N2C,4,1,2,1,14,0.21882465040537558,6.509499220391424e-06,3.1324625793816554e-05,0.4558593258085678,9.016785350999973e-05,1.9486759837777183e-05,0.0001820215513790394,0.0011898953808627498,0.3911172912415279,0.00048234735713817173,0.0001089461740745192,0.012508200243934602,0.07359555026887879,0.41226041319904727,768,221184,0.00010601753384710206,1,9.680168970058267e-05,2.2441342743237092e-05,2,0.0004955203067418143,0.00011056348879621431
C5|O_LR_ORIGIN|64|2|0.01|0.01|8,no_x_off_1_minus_joint_0,active,C5,O_LR_ORIGIN,64,2,0.01,0.01,8,N2C,4,1,2,1,14,0.21872606889528173,5.984707894774919e-06,3.013801965718407e-05,0.44561943439939755,8.880787390575364e-05,2.104204971405858e-05,0.00018179981034643512,0.001189421840666848,0.39095678841761394,0.0004905959322474412,0.00012372697196155492,0.012382776542293111,0.073314350774121,0.4109741646170584,672,193536,0.00011891823350777097,2,9.819727554971875e-05,2.028196787125312e-05,2,0.0005016356708850122,0.00012566301316013152
C5|O_LR_ORIGIN|64|2|0.01|0.01|8,joint_1_minus_no_x_off_1,all,C5,O_LR_ORIGIN,64,2,0.01,0.01,8,N2C,4,1,2,1,14,0.4452644254506549,2.4802503313393246e-05,0.00018282859450720028,0.3683203357513163,0.00017603128219782245,3.763626741883512e-05,0.0002843145250125983,0.0033666054843043245,0.2906052195815298,0.000599837226972876,0.0001293215076997979,0.05184467631088675,0.3043709295321603,0.41271523272653216,768,221184,0.0001890875807648663,1,0.0002040286221283107,4.4315487888940584e-05,4,0.0006150503410520611,0.00012634773939031155
C5|O_LR_ORIGIN|64|2|0.01|0.01|8,joint_1_minus_no_x_off_1,active,C5,O_LR_ORIGIN,64,2,0.01,0.01,8,N2C,4,1,2,1,14,0.4386953659358787,2.404215882987823e-05,0.00016644980411819834,0.38005380659059596,0.00017761868447414055,3.819640476263346e-05,0.00028155858823627594,0.0033302812797343733,0.2907662071504167,0.0006070422013143867,0.00013295834760806163,0.05062778547395636,0.29615222399813296,0.4134632998362672,736,211968,0.00019161338776585736,1,0.00020536399688491705,4.5247682635289985e-05,4,0.0006185814472949386,0.0001312347317601618
C5|O_LR_ORIGIN|64|2|0.01|0.1|8,joint_1_minus_joint_0,all,C5,O_LR_ORIGIN,64,2,0.01,0.1,8,N2C,4,1,2,1,14,0.6139708373481759,3.582582482625624e-05,0.0002832048205567812,0.35567044502139883,0.00019755376386210876,5.208874284123577e-05,0.00032235255822297276,0.0063696898543975,0.22496057699019778,0.0005957599791648156,0.00015949730924730133,0.07380902369089164,0.5328118928103126,0.37219263527633994,768,221184,0.0002552653618231852,1,0.0002235292888378017,6.14553007024293e-05,2,0.0006223103793286587,0.0001680265870200964
C5|O_LR_ORIGIN|64|2|0.01|0.1|8,joint_1_minus_joint_0,active,C5,O_LR_ORIGIN,64,2,0.01,0.1,8,N2C,4,1,2,1,14,0.6139708373481759,3.582582482625624e-05,0.0002832048205567812,0.35567044502139883,0.00019755376386210876,5.208874284123577e-05,0.00032235255822297276,0.0063696898543975,0.22496057699019778,0.0005957599791648156,0.00015949730924730133,0.07380902369089164,0.5328118928103126,0.37219263527633994,768,221184,0.0002552653618231852,1,0.0002235292888378017,6.14553007024293e-05,2,0.0006223103793286587,0.0001680265870200964
C5|O_LR_ORIGIN|64|2|0.01|0.1|8,no_x_off_1_minus_joint_0,all,C5,O_LR_ORIGIN,64,2,0.01,0.1,8,N2C,4,1,2,1,14,0.22745064313876084,6.174436309224091e-06,3.1324625793816554e-05,0.44397213337177155,8.883203455866942e-05,1.9260134636688312e-05,0.00013925761489551826,0.0011898953808627498,0.3421015855305275,0.00043795018158812084,9.2819534007583e-05,0.011962431953310631,0.07359555026887879,0.40316605748750606,768,221184,0.0001030729353835116,1,0.00010092114621110308,2.360569112456647e-05,3,0.00045832400440560216,9.53450176612422e-05
C5|O_LR_ORIGIN|64|2|0.01|0.1|8,no_x_off_1_minus_joint_0,active,C5,O_LR_ORIGIN,64,2,0.01,0.1,8,N2C,4,1,2,1,14,0.22734923916687133,5.661945243717958e-06,3.013801965718407e-05,0.4334364958384062,8.84770945526054e-05,2.07980376236848e-05,0.0001390477541445054,0.001189421840666848,0.3419117571064018,0.0004473791514900601,0.00010532052267496577,0.011840910537797024,0.073314350774121,0.40188153592988046,672,193536,0.00011559079210455828,1,9.885309444293582e-05,2.5587169367738774e-05,3,0.0004717930719152759,0.0001080531330277047
C5|O_LR_ORIGIN|64|2|0.01|0.1|8,joint_1_minus_no_x_off_1,all,C5,O_LR_ORIGIN,64,2,0.01,0.1,8,N2C,4,1,2,1,14,0.4704903174539877,2.609627781466646e-05,0.00018282859450720028,0.3778045841854004,0.00017482379818226497,3.913276315735072e-05,0.00020687417099717804,0.0033666054843043245,0.247888866778856,0.0004931983678756835,0.00011165628450541465,0.047766141725715104,0.3043709295321603,0.39614893812299745,768,221184,0.00018366826965367277,1,0.00020566786847137387,4.464406513297626e-05,2,0.0005023310420827415,0.00011817469883693138
C5|O_LR_ORIGIN|64|2|0.01|0.1|8,joint_1_minus_no_x_off_1,active,C5,O_LR_ORIGIN,64,2,0.01,0.1,8,N2C,4,1,2,1,14,0.46365422510276655,2.5197370215436825e-05,0.00016644980411819834,0.38907736346739513,0.00017489997802085263,3.9670558068673275e-05,0.00020522148434309965,0.0033302812797343733,0.24823953793044917,0.000495722163773499,0.00011492700144040378,0.046511348177812786,0.29615222399813296,0.3962980769249361,736,211968,0.0001858881643346761,1,0.00020765877853082845,4.5496620139729864e-05,2,0.0005032128060834572,0.00012149773324649326
C5|O_LR_ORIGIN|64|4|1e-05|0.01|8,joint_1_minus_joint_0,all,C5,O_LR_ORIGIN,64,4,1e-05,0.01,8,N2C,4,1,4,1,14,0.6323330927461513,3.091257843389175e-05,0.0002832048205567812,0.3303826976342653,0.0001831849028350684,4.759151147743612e-05,0.00032497405814837913,0.0063696898543975,0.2258734594584925,0.0005939147610274895,0.00016048034280221926,0.07416151045465016,0.5328118928103126,0.373080309375013,768,221184,0.00025335290675437225,1,0.00021260963808086386,5.4385438729677535e-05,2,0.0006446855426142733,0.00016666977151846675
C5|O_LR_ORIGIN|64|4|1e-05|0.01|8,joint_1_minus_joint_0,active,C5,O_LR_ORIGIN,64,4,1e-05,0.01,8,N2C,4,1,4,1,14,0.6323330927461513,3.091257843389175e-05,0.0002832048205567812,0.3303826976342653,0.0001831849028350684,4.759151147743612e-05,0.00032497405814837913,0.0063696898543975,0.2258734594584925,0.0005939147610274895,0.00016048034280221926,0.07416151045465016,0.5328118928103126,0.373080309375013,768,221184,0.00025335290675437225,1,0.00021260963808086386,5.4385438729677535e-05,2,0.0006446855426142733,0.00016666977151846675
C5|O_LR_ORIGIN|64|4|1e-05|0.01|8,no_x_off_1_minus_joint_0,all,C5,O_LR_ORIGIN,64,4,1e-05,0.01,8,N2C,4,1,4,1,14,0.2352798067100612,5.822729570522093e-06,3.1324625793816554e-05,0.4311420321098944,8.464693892900398e-05,1.8828929879499796e-05,0.00011859983742503327,0.0011898953808627498,0.31570950517804064,0.00040966668469836766,8.594015402827528e-05,0.010956779037703342,0.07359555026887879,0.38584748454779666,768,221184,9.994141787701036e-05,0,9.404394259481638e-05,2.1786856598846635e-05,3,0.000462300453056078,8.726178640242067e-05
C5|O_LR_ORIGIN|64|4|1e-05|0.01|8,no_x_off_1_minus_joint_0,active,C5,O_LR_ORIGIN,64,4,1e-05,0.01,8,N2C,4,1,4,1,14,0.23517968353232022,5.315608148367695e-06,3.013801965718407e-05,0.4199708268817623,8.317713355612144e-05,2.0311862219285328e-05,0.00011839210187520521,0.001189421840666848,0.3154956756647809,0.0004309140315919567,9.746302605192493e-05,0.010836450916293117,0.073314350774121,0.38445811968289245,672,193536,0.00011202387001079584,0,9.397978537330291e-05,2.3739623046052577e-05,3,0.0004711141543099038,9.88208310917935e-05
C5|O_LR_ORIGIN|64|4|1e-05|0.01|8,joint_1_minus_no_x_off_1,all,C5,O_LR_ORIGIN,64,4,1e-05,0.01,8,N2C,4,1,4,1,14,0.4864237570847971,2.1620736318645385e-05,0.00018282859450720028,0.34388495816525,0.00016210019176087108,3.5182338308243036e-05,0.00020495048776761015,0.0033666054843043245,0.24673363943846727,0.0005061971375231246,0.00010796017723588801,0.04836315913149496,0.3043709295321603,0.39861693503469564,768,221184,0.00018303936294706974,1,0.00018042025846984954,3.9567292433137495e-05,1,0.0005238235800600583,0.0001107541850290906
C5|O_LR_ORIGIN|64|4|1e-05|0.01|8,joint_1_minus_no_x_off_1,active,C5,O_LR_ORIGIN,64,4,1e-05,0.01,8,N2C,4,1,4,1,14,0.47965249875707255,2.074377959050288e-05,0.00016644980411819834,0.3530224303080937,0.00016095368651683636,3.55692891910144e-05,0.00020335712670450622,0.0033302812797343733,0.2471093853342456,0.0005169212002794513,0.00011110545863436295,0.04710548719082904,0.29615222399813296,0.39882121363270756,736,211968,0.00018522630120715216,1,0.00018385112600278518,4.021867635396361e-05,1,0.0005322247995247662,0.00011315213279825508
C5|O_LR_ORIGIN|64|4|1e-05|0.1|8,joint_1_minus_joint_0,all,C5,O_LR_ORIGIN,64,4,1e-05,0.1,8,N2C,4,1,4,1,14,0.6386765244896494,3.549113438209054e-05,0.0002832048205567812,0.35400518221887417,0.00019869957643852944,5.2246830543778724e-05,0.00032191019653848087,0.0063696898543975,0.22480616825165692,0.0005518780504718418,0.0001504328330784589,0.07297122465772876,0.5328118928103126,0.370074245550058,768,221184,0.0002545234904246338,1,0.00022289278232886462,6.083098325971589e-05,2,0.0005956972425973544,0.00015718271505954645
C5|O_LR_ORIGIN|64|4|1e-05|0.1|8,joint_1_minus_joint_0,active,C5,O_LR_ORIGIN,64,4,1e-05,0.1,8,N2C,4,1,4,1,14,0.6386765244896494,3.549113438209054e-05,0.0002832048205567812,0.35400518221887417,0.00019869957643852944,5.2246830543778724e-05,0.00032191019653848087,0.0063696898543975,0.22480616825165692,0.0005518780504718418,0.0001504328330784589,0.07297122465772876,0.5328118928103126,0.370074245550058,768,221184,0.0002545234904246338,1,0.00022289278232886462,6.083098325971589e-05,2,0.0005956972425973544,0.00015718271505954645
C5|O_LR_ORIGIN|64|4|1e-05|0.1|8,no_x_off_1_minus_joint_0,all,C5,O_LR_ORIGIN,64,4,1e-05,0.1,8,N2C,4,1,4,1,14,0.23769983871808217,6.109826985292866e-06,3.1324625793816554e-05,0.44164316175090546,8.617724936249594e-05,1.964055323267267e-05,0.00010529975654368173,0.0011898953808627498,0.2974810421346688,0.00039646730530554155,8.01223796269827e-05,0.011120275807969385,0.07359555026887879,0.3887156276155207,768,221184,0.00010073652153768491,1,0.000101365202378156,2.4338356160457016e-05,3,0.0004419976320559157,8.217323703056411e-05
C5|O_LR_ORIGIN|64|4|1e-05|0.1|8,no_x_off_1_minus_joint_0,active,C5,O_LR_ORIGIN,64,4,1e-05,0.1,8,N2C,4,1,4,1,14,0.23760072826418926,5.602718626194539e-06,3.013801965718407e-05,0.4311635611386843,8.55963974115255e-05,2.1239447939541875e-05,0.00010509203339003728,0.001189421840666848,0.29724663242676164,0.0004195920309999514,9.081416684163704e-05,0.0109999517749096,0.073314350774121,0.3873476219498789,672,193536,0.0001129326004775772,0,9.986353655721289e-05,2.4823666672517686e-05,3,0.0004626144591700402,9.300538482387327e-05
C5|O_LR_ORIGIN|64|4|1e-05|0.1|8,joint_1_minus_no_x_off_1,all,C5,O_LR_ORIGIN,64,4,1e-05,0.1,8,N2C,4,1,4,1,14,0.49207418119737306,2.5715082686663184e-05,0.00018282859450720028,0.3750350883040992,0.0001778567509602865,3.93271742611231e-05,0.0002267800832530502,0.0033666054843043245,0.2595412200980523,0.00047779001408084247,0.00010923219316944851,0.047945489322047154,0.3043709295321603,0.3968919518021896,768,221184,0.00018583088765385762,1,0.00019496528172825893,4.476557433790048e-05,1,0.0005005249901613642,0.00010989897176320224
C5|O_LR_ORIGIN|64|4|1e-05|0.1|8,joint_1_minus_no_x_off_1,active,C5,O_LR_ORIGIN,64,4,1e-05,0.1,8,N2C,4,1,4,1,14,0.4853809909123367,2.483789571994621e-05,0.00016644980411819834,0.3862920368029682,0.0001784254605651813,3.9894204899759365e-05,0.00022518726496207237,0.0033302812797343733,0.2600347894045346,0.00048472232722427533,0.00011243315733189904,0.04668769104210358,0.29615222399813296,0.39704862734150415,736,211968,0.00018813901548133617,1,0.00019755966460354457,4.5642843013133e-05,1,0.0005068024592652868,0.00011226001190149478
C5|O_LR_ORIGIN|64|4|0.01|0.01|8,joint_1_minus_joint_0,all,C5,O_LR_ORIGIN,64,4,0.01,0.01,8,N2C,4,1,4,1,14,0.5861198657247748,3.1836946450158546e-05,0.0002832048205567812,0.3352859715150061,0.00019228393535729969,4.806142828348448e-05,0.00046490876313187425,0.0063696898543975,0.2701622862283843,0.0007266793674580913,0.00020336856886556427,0.07285714554679659,0.5328118928103126,0.36978485576504017,768,221184,0.0002622774460707641,1,0.00022460496691374066,5.499144749794818e-05,3,0.0007613400412362358,0.0002144871651624041
C5|O_LR_ORIGIN|64|4|0.01|0.01|8,joint_1_minus_joint_0,active,C5,O_LR_ORIGIN,64,4,0.01,0.01,8,N2C,4,1,4,1,14,0.5861198657247748,3.1836946450158546e-05,0.0002832048205567812,0.3352859715150061,0.00019228393535729969,4.806142828348448e-05,0.00046490876313187425,0.0063696898543975,0.2701622862283843,0.0007266793674580913,0.00020336856886556427,0.07285714554679659,0.5328118928103126,0.36978485576504017,768,221184,0.0002622774460707641,1,0.00022460496691374066,5.499144749794818e-05,3,0.0007613400412362358,0.0002144871651624041
C5|O_LR_ORIGIN|64|4|0.01|0.01|8,no_x_off_1_minus_joint_0,all,C5,O_LR_ORIGIN,64,4,0.01,0.01,8,N2C,4,1,4,1,14,0.21932385211994757,5.813529187552495e-06,3.1324625793816554e-05,0.43080127783681305,8.633074242737072e-05,1.8508298567730885e-05,0.0001758848414629014,0.0011898953808627498,0.3844676618508098,0.0004736729116405128,0.00010691359876277302,0.012273628946781093,0.07359555026887879,0.40837647529756455,768,221184,0.00010634802645901069,3,0.0001031046668711884,2.0171148776152202e-05,3,0.0004886182263292728,0.00010975294837743
C5|O_LR_ORIGIN|64|4|0.01|0.01|8,no_x_off_1_minus_joint_0,active,C5,O_LR_ORIGIN,64,4,0.01,0.01,8,N2C,4,1,4,1,14,0.21922549509142705,5.288737861935988e-06,3.013801965718407e-05,0.4189080102406022,8.5196133973632e-05,1.9923808262577092e-05,0.00017566310043029714,0.001189421840666848,0.38430171042127986,0.00048384827957241166,0.00012140402874813067,0.012148205245139602,0.073314350774121,0.4070629389522538,672,193536,0.00011929593934995226,3,0.00010294538080281395,2.174325040577629e-05,2,0.0004982025235917194,0.0001236107932455658
C5|O_LR_ORIGIN|64|4|0.01|0.01|8,joint_1_minus_no_x_off_1,all,C5,O_LR_ORIGIN,64,4,0.01,0.01,8,N2C,4,1,4,1,14,0.44795276022046104,2.2942983608251236e-05,0.00018282859450720028,0.3542443131949609,0.00016920853110988647,3.661315666225419e-05,0.00025220761754643305,0.0033666054843043245,0.2737051609790494,0.0005722149465978905,0.00012223600934880207,0.04514516240112649,0.3043709295321603,0.38512705130811054,768,221184,0.00018264278062671716,1,0.0001921115080458433,4.1162338844374105e-05,5,0.0005904830233143507,0.00011334804368910072
C5|O_LR_ORIGIN|64|4|0.01|0.01|8,joint_1_minus_no_x_off_1,active,C5,O_LR_ORIGIN,64,4,0.01,0.01,8,N2C,4,1,4,1,14,0.44142370904930167,2.218263912473622e-05,0.00016644980411819834,0.3650605996164774,0.0001697875464665044,3.712881092967945e-05,0.0002494516807701106,0.0033302812797343733,0.273686111481914,0.0005832155510824879,0.0001255647841113703,0.0439282715641961,0.29615222399813296,0.3851363928825892,736,211968,0.0001848883789260496,1,0.00019566030719079194,4.195744015400322e-05,5,0.0006039949947213712,0.00011648226279551628
C5|O_LR_ORIGIN|64|4|0.01|0.1|8,joint_1_minus_joint_0,all,C5,O_LR_ORIGIN,64,4,0.01,0.1,8,N2C,4,1,4,1,14,0.6168025634594883,3.6912580247781506e-05,0.0002832048205567812,0.3610246713937734,0.00020068822789681584,5.336831040232756e-05,0.0003025916813036072,0.0063696898543975,0.21795626091439474,0.0005772133933170121,0.00015634692248819572,0.06959304632628498,0.5328118928103126,0.3614065078921715,768,221184,0.0002522594786827642,1,0.00022697880053899018,6.259334494276779e-05,2,0.0005875505342561887,0.00016503505874375195
C5|O_LR_ORIGIN|64|4|0.01|0.1|8,joint_1_minus_joint_0,active,C5,O_LR_ORIGIN,64,4,0.01,0.1,8,N2C,4,1,4,1,14,0.6168025634594883,3.6912580247781506e-05,0.0002832048205567812,0.3610246713937734,0.00020068822789681584,5.336831040232756e-05,0.0003025916813036072,0.0063696898543975,0.21795626091439474,0.0005772133933170121,0.00015634692248819572,0.06959304632628498,0.5328118928103126,0.3614065078921715,768,221184,0.0002522594786827642,1,0.00022697880053899018,6.259334494276779e-05,2,0.0005875505342561887,0.00016503505874375195
C5|O_LR_ORIGIN|64|4|0.01|0.1|8,no_x_off_1_minus_joint_0,all,C5,O_LR_ORIGIN,64,4,0.01,0.1,8,N2C,4,1,4,1,14,0.22831965684532127,6.036996770516352e-06,3.1324625793816554e-05,0.4390030383067993,8.815253283329159e-05,1.9297993945862605e-05,0.00012870262434074082,0.0011898953808627498,0.32888139960571217,0.00042614251684114607,9.013975191557424e-05,0.011674365920481428,0.07359555026887879,0.39828217710821556,768,221184,0.00010354768018883999,1,0.00010416758717902191,2.3444719289512678e-05,3,0.000457849329008336,9.285887565040074e-05
C5|O_LR_ORIGIN|64|4|0.01|0.1|8,no_x_off_1_minus_joint_0,active,C5,O_LR_ORIGIN,64,4,0.01,0.1,8,N2C,4,1,4,1,14,0.22821863900103467,5.524505705010219e-06,3.013801965718407e-05,0.4281435022372545,8.768018420854322e-05,2.084130540559828e-05,0.00012849276358972795,0.001189421840666848,0.3286785637121371,0.00043856101773210747,0.00010225791456981289,0.01155284450496782,0.073314350774121,0.3969629436904851,672,193536,0.00011613335759636212,1,0.00010183412551866187,2.540320155624873e-05,3,0.0004724151806119224,0.00010521182787245735
C5|O_LR_ORIGIN|64|4|0.01|0.1|8,joint_1_minus_no_x_off_1,all,C5,O_LR_ORIGIN,64,4,0.01,0.1,8,N2C,4,1,4,1,14,0.4740959269016692,2.713986810806714e-05,0.00018282859450720028,0.3852847380926442,0.00017919114710961706,4.047019922780521e-05,0.000206962041927593,0.0033666054843043245,0.2479415072624886,0.0004955977860728406,0.00011195133521463053,0.044796019360787455,0.3043709295321603,0.3836349155793079,768,221184,0.00018175511251235652,1,0.00019828103341527645,4.5713262589886475e-05,0,0.0005181291649174226,0.00011294919748039546
C5|O_LR_ORIGIN|64|4|0.01|0.1|8,joint_1_minus_no_x_off_1,active,C5,O_LR_ORIGIN,64,4,0.01,0.1,8,N2C,4,1,4,1,14,0.4673125822642117,2.6240960508837505e-05,0.00016644980411819834,0.3970527603499622,0.00017927164437828117,4.106614353349534e-05,0.0002053093552735146,0.0033302812797343733,0.2482926773587549,0.0005020768295185756,0.0001152348804413247,0.043541225812885144,0.29615222399813296,0.38343594801792585,736,211968,0.00018389182644808522,1,0.00020313993088008715,4.661230444259269e-05,0,0.0005231543084148948,0.00011690858696740097
C5|O_LR_ORIGIN|64|FULL|1e-05|0.01|8,joint_1_minus_joint_0,all,C5,O_LR_ORIGIN,64,FULL,1e-05,0.01,8,N2C,4,1,14,1,14,0.64081130760037,3.7299599112405475e-05,0.0002832048205567812,0.36291236150027356,0.00019924107659806533,5.211604063005308e-05,0.0003321285024469388,0.0063696898543975,0.2283462744307095,0.0005606883241451341,0.0001528919178164282,0.07059450864702027,0.5328118928103126,0.3639975871691061,768,221184,0.00025578876707057347,1,0.00022141038425205957,5.867197770336605e-05,2,0.0005784127353909749,0.00015897633454835721
C5|O_LR_ORIGIN|64|FULL|1e-05|0.01|8,joint_1_minus_joint_0,active,C5,O_LR_ORIGIN,64,FULL,1e-05,0.01,8,N2C,4,1,14,1,14,0.64081130760037,3.7299599112405475e-05,0.0002832048205567812,0.36291236150027356,0.00019924107659806533,5.211604063005308e-05,0.0003321285024469388,0.0063696898543975,0.2283462744307095,0.0005606883241451341,0.0001528919178164282,0.07059450864702027,0.5328118928103126,0.3639975871691061,768,221184,0.00025578876707057347,1,0.00022141038425205957,5.867197770336605e-05,2,0.0005784127353909749,0.00015897633454835721
C5|O_LR_ORIGIN|64|FULL|1e-05|0.01|8,no_x_off_1_minus_joint_0,all,C5,O_LR_ORIGIN,64,FULL,1e-05,0.01,8,N2C,4,1,14,1,14,0.23827066780827783,6.0654626480946515e-06,3.1324625793816554e-05,0.44003682304518027,8.776835020419972e-05,1.9207998926040085e-05,0.00010115801407034447,0.0011898953808627498,0.2915719611992229,0.00039032678418100234,7.956620596228929e-05,0.01072256472710326,0.07359555026887879,0.381701230377003,768,221184,0.00010078969821908041,1,0.00010194694935199918,2.2576928685777024e-05,3,0.0004233403632920035,8.171216445195752e-05
C5|O_LR_ORIGIN|64|FULL|1e-05|0.01|8,no_x_off_1_minus_joint_0,active,C5,O_LR_ORIGIN,64,FULL,1e-05,0.01,8,N2C,4,1,14,1,14,0.23817180193851917,5.558341225940253e-06,3.013801965718407e-05,0.4294526098607667,8.75758073719723e-05,2.0745083986759942e-05,0.00010095027852051642,0.001189421840666848,0.2913304007685791,0.0004031706411017585,9.017851397651234e-05,0.010602236605693035,0.073314350774121,0.3802806691573226,672,193536,0.00011299333325887589,0,9.99337079370237e-05,2.4235069104145364e-05,3,0.0004344713004633019,9.24784060055499e-05
C5|O_LR_ORIGIN|64|FULL|1e-05|0.01|8,joint_1_minus_no_x_off_1,all,C5,O_LR_ORIGIN,64,FULL,1e-05,0.01,8,N2C,4,1,14,1,14,0.4942427684459261,2.5738876628581303e-05,0.00018282859450720028,0.37520855653571505,0.0001768943690017017,3.886764751742244e-05,0.00024719324043132284,0.0033666054843043245,0.2709706056638139,0.0005071540672881394,0.0001125661015342153,0.04666770993525019,0.3043709295321603,0.39156751921401867,768,221184,0.00018731496507972182,0,0.00019837851464901107,4.214201726694537e-05,2,0.0005264335486200721,0.00011591975261576162
C5|O_LR_ORIGIN|64|FULL|1e-05|0.01|8,joint_1_minus_no_x_off_1,active,C5,O_LR_ORIGIN,64,FULL,1e-05,0.01,8,N2C,4,1,14,1,14,0.48758010856525624,2.4861919900438793e-05,0.00016644980411819834,0.3864788100047987,0.0001771397542344325,3.941482923537551e-05,0.0002455998793682189,0.0033302812797343733,0.2715648876355244,0.0005180248297593495,0.00011591164051087838,0.045410037994584276,0.29615222399813296,0.39157813485407306,736,211968,0.00018968779908470215,0,0.000201630492371373,4.344096563502682e-05,2,0.0005398779900397011,0.00011916424985056744
C5|O_LR_ORIGIN|64|FULL|1e-05|0.1|8,joint_1_minus_joint_0,all,C5,O_LR_ORIGIN,64,FULL,1e-05,0.1,8,N2C,4,1,14,1,14,0.640889788928729,3.73287158845898e-05,0.0002832048205567812,0.363053981992725,0.00019931220925538206,5.2133850321030226e-05,0.00033236049493757104,0.0063696898543975,0.22842601069701698,0.0005599714584397382,0.00015289192515884596,0.07060800963530998,0.5328118928103126,0.3640323922291307,768,221184,0.00025582315951972953,1,0.00022140901097872161,5.868722367210602e-05,2,0.0005783104253289413,0.00015897954037093957
C5|O_LR_ORIGIN|64|FULL|1e-05|0.1|8,joint_1_minus_joint_0,active,C5,O_LR_ORIGIN,64,FULL,1e-05,0.1,8,N2C,4,1,14,1,14,0.640889788928729,3.73287158845898e-05,0.0002832048205567812,0.363053981992725,0.00019931220925538206,5.2133850321030226e-05,0.00033236049493757104,0.0063696898543975,0.22842601069701698,0.0005599714584397382,0.00015289192515884596,0.07060800963530998,0.5328118928103126,0.3640323922291307,768,221184,0.00025582315951972953,1,0.00022140901097872161,5.868722367210602e-05,2,0.0005783104253289413,0.00015897954037093957
C5|O_LR_ORIGIN|64|FULL|1e-05|0.1|8,no_x_off_1_minus_joint_0,all,C5,O_LR_ORIGIN,64,FULL,1e-05,0.1,8,N2C,4,1,14,1,14,0.23829065329525853,6.068387846083279e-06,3.1324625793816554e-05,0.44014291879974393,8.77820795366352e-05,1.9213591264349886e-05,0.0001010945878165869,0.0011898953808627498,0.2914805387987617,0.00039032149064859744,7.953279877964578e-05,0.010723315857139773,0.07359555026887879,0.38171459948437264,768,221184,0.00010079624096190245,1,0.00010190516611471215,2.258408743616287e-05,3,0.000423195626384941,8.16760994941547e-05
C5|O_LR_ORIGIN|64|FULL|1e-05|0.1|8,no_x_off_1_minus_joint_0,active,C5,O_LR_ORIGIN,64,FULL,1e-05,0.1,8,N2C,4,1,14,1,14,0.23819178867658708,5.561279486984952e-06,3.013801965718407e-05,0.429566103896783,8.751625528081125e-05,2.0751491404315837e-05,0.00010088686466294245,0.001189421840666848,0.2912388839992169,0.0004031519679397761,9.014036015896626e-05,0.010602991824079987,0.073314350774121,0.38029421299010274,672,193536,0.00011300085124811152,0,9.992076160762394e-05,2.4241444261686833e-05,3,0.0004344951860324965,9.243722763940538e-05
C5|O_LR_ORIGIN|64|FULL|1e-05|0.1|8,joint_1_minus_no_x_off_1,all,C5,O_LR_ORIGIN,64,FULL,1e-05,0.1,8,N2C,4,1,14,1,14,0.49431821889130073,2.575709104250581e-05,0.00018282859450720028,0.3753412933953515,0.0001769009728828754,3.8879203803488224e-05,0.00024753379144993616,0.0033666054843043245,0.27115719562648116,0.000507189275439654,0.00011261337817084211,0.04668297047676353,0.3043709295321603,0.3916315361109716,768,221184,0.0001873523664586852,0,0.0001982692587417418,4.215837719417244e-05,2,0.0005274979288294716,0.00011597429846308034
C5|O_LR_ORIGIN|64|FULL|1e-05|0.1|8,joint_1_minus_no_x_off_1,active,C5,O_LR_ORIGIN,64,FULL,1e-05,0.1,8,N2C,4,1,14,1,14,0.48765582952103076,2.487990407578884e-05,0.00016644980411819834,0.3866185668344713,0.00017721004287369214,3.942675746570559e-05,0.00024594097315895836,0.0033302812797343733,0.2717533994504399,0.0005175288684924478,0.00011596135037683148,0.04542517219681995,0.29615222399813296,0.3916433817604492,736,211968,0.0001897266455385476,0,0.00020154884854627542,4.345803130578458e-05,2,0.0005409221955606951,0.00011922128985715365
C5|O_LR_ORIGIN|64|FULL|0.01|0.01|8,joint_1_minus_joint_0,all,C5,O_LR_ORIGIN,64,FULL,0.01,0.01,8,N2C,4,1,14,1,14,0.5840999843506725,3.985304570030901e-05,0.0002832048205567812,0.37512882600586184,0.00022052835029898112,5.3747290469780375e-05,0.00044517715885841654,0.0063696898543975,0.2643670308259792,0.0007204749731943245,0.00019698098752048075,0.0738649317498531,0.5328118928103126,0.372333570813672,768,221184,0.00026609395321117456,0,0.00024372441048287036,5.704900785925823e-05,2,0.0007769465293409025,0.0002045938818244031
C5|O_LR_ORIGIN|64|FULL|0.01|0.01|8,joint_1_minus_joint_0,active,C5,O_LR_ORIGIN,64,FULL,0.01,0.01,8,N2C,4,1,14,1,14,0.5840999843506725,3.985304570030901e-05,0.0002832048205567812,0.37512882600586184,0.00022052835029898112,5.3747290469780375e-05,0.00044517715885841654,0.0063696898543975,0.2643670308259792,0.0007204749731943245,0.00019698098752048075,0.0738649317498531,0.5328118928103126,0.372333570813672,768,221184,0.00026609395321117456,0,0.00024372441048287036,5.704900785925823e-05,2,0.0007769465293409025,0.0002045938818244031
C5|O_LR_ORIGIN|64|FULL|0.01|0.01|8,no_x_off_1_minus_joint_0,all,C5,O_LR_ORIGIN,64,FULL,0.01,0.01,8,N2C,4,1,14,1,14,0.2187556210586304,5.788761213545756e-06,3.1324625793816554e-05,0.4298826049030443,8.711517972890906e-05,1.8100348694092768e-05,0.00016394180926578638,0.0011898953808627498,0.37118504696405674,0.00046405118351327705,0.00010339286593500998,0.012187141113645984,0.07359555026887879,0.4069350907684908,768,221184,0.0001071303773896114,3,0.00010095451436516337,1.934135596446327e-05,2,0.0004836084628374556,0.00010575643032803655
C5|O_LR_ORIGIN|64|FULL|0.01|0.01|8,no_x_off_1_minus_joint_0,active,C5,O_LR_ORIGIN,64,FULL,0.01,0.01,8,N2C,4,1,14,1,14,0.21865700842665847,5.263969887929251e-06,3.013801965718407e-05,0.41792595374364333,8.651567978562724e-05,1.9457579835562106e-05,0.0001637200682331821,0.001189421840666848,0.37100776905824157,0.00047148845086602577,0.00011738033408783008,0.012061717412004493,0.073314350774121,0.40561133041450265,672,193536,0.00012019005469921021,3,0.00010046341399486923,2.079491576384608e-05,2,0.000491032923870804,0.00012016923205364263
C5|O_LR_ORIGIN|64|FULL|0.01|0.01|8,joint_1_minus_no_x_off_1,all,C5,O_LR_ORIGIN,64,FULL,0.01,0.01,8,N2C,4,1,14,1,14,0.4468523149038215,2.916976672008798e-05,0.00018282859450720028,0.3994334373129833,0.00018960286976499316,4.1473792830811434e-05,0.0002591927667100844,0.0033666054843043245,0.27746954721874134,0.0005959768453485605,0.00012204456048892784,0.04604976956644211,0.3043709295321603,0.3889664519244474,768,221184,0.00018675003180554646,1,0.00022136693316280104,4.791412701001539e-05,4,0.0006261858653165964,0.00012247203126238858
C5|O_LR_ORIGIN|64|FULL|0.01|0.01|8,joint_1_minus_no_x_off_1,active,C5,O_LR_ORIGIN,64,FULL,0.01,0.01,8,N2C,4,1,14,1,14,0.4403069461825656,2.840942223657296e-05,0.00016644980411819834,0.41313268597089925,0.00019199775381697256,4.220077910556526e-05,0.00025643682993376204,0.0033302812797343733,0.2774915365197107,0.0006096942850182092,0.00012536501138802329,0.04483287872951172,0.29615222399813296,0.3890817080699271,736,211968,0.0001891742062430889,1,0.00022279691752704624,4.90027843268463e-05,0,0.0006388552135684293,0.0001300675117719253
C5|O_LR_ORIGIN|64|FULL|0.01|0.1|8,joint_1_minus_joint_0,all,C5,O_LR_ORIGIN,64,FULL,0.01,0.1,8,N2C,4,1,14,1,14,0.6175471959270724,3.715311328760892e-05,0.0002832048205567812,0.3621990319256603,0.00020297052994121116,5.26067122408878e-05,0.00031206685518568757,0.0063696898543975,0.22134243272633342,0.0005843760714254376,0.00015869559539108673,0.06813473199213566,0.5328118928103126,0.35759984422211866,768,221184,0.00025347745181672634,1,0.00022934745357065778,6.03599824276705e-05,0,0.0005953184150264796,0.0001606283719160607
C5|O_LR_ORIGIN|64|FULL|0.01|0.1|8,joint_1_minus_joint_0,active,C5,O_LR_ORIGIN,64,FULL,0.01,0.1,8,N2C,4,1,14,1,14,0.6175471959270724,3.715311328760892e-05,0.0002832048205567812,0.3621990319256603,0.00020297052994121116,5.26067122408878e-05,0.00031206685518568757,0.0063696898543975,0.22134243272633342,0.0005843760714254376,0.00015869559539108673,0.06813473199213566,0.5328118928103126,0.35759984422211866,768,221184,0.00025347745181672634,1,0.00022934745357065778,6.03599824276705e-05,0,0.0005953184150264796,0.0001606283719160607
C5|O_LR_ORIGIN|64|FULL|0.01|0.1|8,no_x_off_1_minus_joint_0,all,C5,O_LR_ORIGIN,64,FULL,0.01,0.1,8,N2C,4,1,14,1,14,0.2284132521638888,5.891867933232605e-06,3.1324625793816554e-05,0.43369414189257527,8.822973252394996e-05,1.877360180415404e-05,0.0001268474823246402,0.0011898953808627498,0.32650251923844364,0.00042310664267050527,9.001187274434281e-05,0.011525613790886917,0.07359555026887879,0.3957366317208463,768,221184,0.00010409771216329801,1,0.00010296763346134209,2.2308843135289742e-05,3,0.0004517806701663958,9.27248475820322e-05
C5|O_LR_ORIGIN|64|FULL|0.01|0.1|8,no_x_off_1_minus_joint_0,active,C5,O_LR_ORIGIN,64,FULL,0.01,0.1,8,N2C,4,1,14,1,14,0.22831227573129656,5.379376867726472e-06,3.013801965718407e-05,0.422482407837605,8.758241691883309e-05,2.024200010078849e-05,0.0001266376215736273,0.001189421840666848,0.32629725342926286,0.0004338628425820629,0.0001021117669455484,0.01140409237537331,0.073314350774121,0.39439905594356134,672,193536,0.0001167619655671713,0,0.00010153685839463403,2.351229525129699e-05,2,0.00046070660295551393,0.00010575380426597324
C5|O_LR_ORIGIN|64|FULL|0.01|0.1|8,joint_1_minus_no_x_off_1,all,C5,O_LR_ORIGIN,64,FULL,0.01,0.1,8,N2C,4,1,14,1,14,0.47525386720818297,2.636193999830725e-05,0.00018282859450720028,0.37972275512089415,0.00017855759041147872,3.990156206156315e-05,0.0002179353139029262,0.0033666054843043245,0.25442963265488727,0.0005172442028937261,0.00011359950359607585,0.04376928118574937,0.3043709295321603,0.3792129167561607,768,221184,0.00018287537896291488,1,0.00019499355658743648,4.455471309359202e-05,0,0.0005362085376059384,0.00011487366909181775
C5|O_LR_ORIGIN|64|FULL|0.01|0.1|8,joint_1_minus_no_x_off_1,active,C5,O_LR_ORIGIN,64,FULL,0.01,0.1,8,N2C,4,1,14,1,14,0.4684872889780746,2.5463032399077616e-05,0.00016644980411819834,0.3911230555786787,0.00017881680806422596,4.0472783012199284e-05,0.0002162826272488478,0.0033302812797343733,0.254841621750118,0.0005229835077928142,0.00011695470831761549,0.04251448763784706,0.29615222399813296,0.3788881089703435,736,211968,0.00018506080013562442,1,0.0001962496978415467,4.540338322906805e-05,0,0.000557549091489543,0.00011891673125758077
C6|O_LR_ORIGIN|64|1|1e-05|0.01|8,joint_1_minus_joint_0,all,C6,O_LR_ORIGIN,64,1,1e-05,0.01,8,N2C,4,1,1,1,14,0.5879075987146217,6.050071923670279e-05,0.0002832048205567812,0.4622000074056146,0.0002660452480760958,6.705003015185235e-05,0.000721147563609387,0.0063696898543975,0.33647509696632194,0.0008691864609250642,0.00022789727411166302,0.08914461820201514,0.5328118928103126,0.40903513054958834,768,221184,0.0002815944811239359,1,0.0003026764221920596,7.192017950758095e-05,1,0.0010389135131255894,0.0002415910122030474
C6|O_LR_ORIGIN|64|1|1e-05|0.01|8,joint_1_minus_joint_0,active,C6,O_LR_ORIGIN,64,1,1e-05,0.01,8,N2C,4,1,1,1,14,0.5879075987146217,6.050071923670279e-05,0.0002832048205567812,0.4622000074056146,0.0002660452480760958,6.705003015185235e-05,0.000721147563609387,0.0063696898543975,0.33647509696632194,0.0008691864609250642,0.00022789727411166302,0.08914461820201514,0.5328118928103126,0.40903513054958834,768,221184,0.0002815944811239359,1,0.0003026764221920596,7.192017950758095e-05,1,0.0010389135131255894,0.0002415910122030474
C6|O_LR_ORIGIN|64|1|1e-05|0.01|8,no_x_off_1_minus_joint_0,all,C6,O_LR_ORIGIN,64,1,1e-05,0.01,8,N2C,4,1,1,1,14,0.22571727418375537,1.5295793841152842e-05,3.1324625793816554e-05,0.6987841810666059,0.00014089261553507361,3.0861779233016926e-05,0.00022966948274055966,0.0011898953808627498,0.4393364706274871,0.00047231254447507913,0.00011860604610000825,0.013259495619012015,0.07359555026887879,0.4244609323269406,768,221184,0.00010994682617792309,2,0.0001535432105246654,3.056073428077405e-05,3,0.0004890354471789357,0.00012240563440242989
C6|O_LR_ORIGIN|64|1|1e-05|0.01|8,no_x_off_1_minus_joint_0,active,C6,O_LR_ORIGIN,64,1,1e-05,0.01,8,N2C,4,1,1,1,14,0.2256129073563459,1.4788672418998445e-05,3.013801965718407e-05,0.7004985467442124,0.00014628654118563773,3.406369005187634e-05,0.0002294617471907316,0.001189421840666848,0.4392251436921947,0.0004819523580135695,0.00013479547413390542,0.013139167497601788,0.073314350774121,0.42334011942144806,672,193536,0.00012345862235469608,2,0.00015772803663454798,3.3906654319965184e-05,3,0.0005051474419955139,0.00013898522880608971
C6|O_LR_ORIGIN|64|1|1e-05|0.01|8,joint_1_minus_no_x_off_1,all,C6,O_LR_ORIGIN,64,1,1e-05,0.01,8,N2C,4,1,1,1,14,0.4454480655626522,3.710695237627049e-05,0.00018282859450720028,0.4505111904757116,0.00020397678192138422,4.4456324793996605e-05,0.0004409308935873158,0.0033666054843043245,0.36190047320112634,0.0005724320296629417,0.00014606383093476307,0.05901922109238699,0.3043709295321603,0.44034711109145985,768,221184,0.00020155543209497825,1,0.00028107067550023395,4.9205839013929e-05,0,0.000587697344265181,0.0001453736007956959
C6|O_LR_ORIGIN|64|1|1e-05|0.01|8,joint_1_minus_no_x_off_1,active,C6,O_LR_ORIGIN,64,1,1e-05,0.01,8,N2C,4,1,1,1,14,0.4380438644940968,3.6229995648127985e-05,0.00016644980411819834,0.4665438798824066,0.0002054050503321432,4.5246492480496386e-05,0.0004393375325242119,0.0033302812797343733,0.3632107510898334,0.0005779780232404684,0.00015086579292884127,0.057761549151721076,0.29615222399813296,0.44163340617515817,736,211968,0.00020454741683975235,1,0.0002970456619274645,5.0276290177398214e-05,0,0.000590186079160339,0.00015074489826549364
C6|O_LR_ORIGIN|64|1|1e-05|0.1|8,joint_1_minus_joint_0,all,C6,O_LR_ORIGIN,64,1,1e-05,0.1,8,N2C,4,1,1,1,14,0.6177961084354204,3.9308728640602936e-05,0.0002832048205567812,0.3725582441716364,0.00020131673442667155,5.4004215168513615e-05,0.0005521601033710784,0.0063696898543975,0.2944241082127058,0.000776609956738756,0.00018897544198439705,0.07955041828452374,0.5328118928103126,0.3863974740869833,768,221184,0.00026193993780667123,1,0.0002297854200093418,6.483213078980269e-05,1,0.0009219375563334663,0.00019963539224737898
C6|O_LR_ORIGIN|64|1|1e-05|0.1|8,joint_1_minus_joint_0,active,C6,O_LR_ORIGIN,64,1,1e-05,0.1,8,N2C,4,1,1,1,14,0.6177961084354204,3.9308728640602936e-05,0.0002832048205567812,0.3725582441716364,0.00020131673442667155,5.4004215168513615e-05,0.0005521601033710784,0.0063696898543975,0.2944241082127058,0.000776609956738756,0.00018897544198439705,0.07955041828452374,0.5328118928103126,0.3863974740869833,768,221184,0.00026193993780667123,1,0.0002297854200093418,6.483213078980269e-05,1,0.0009219375563334663,0.00019963539224737898
C6|O_LR_ORIGIN|64|1|1e-05|0.1|8,no_x_off_1_minus_joint_0,all,C6,O_LR_ORIGIN,64,1,1e-05,0.1,8,N2C,4,1,1,1,14,0.23806080478727035,8.474891210341955e-06,3.1324625793816554e-05,0.5201446312458112,9.974880013487434e-05,2.2805060849779106e-05,0.00018953710510902596,0.0011898953808627498,0.3991101128302872,0.0004513593018918659,0.0001049578105470306,0.012736946523430043,0.07359555026887879,0.4160129829209185,768,221184,0.00010562091826096146,3,0.00011612201278834419,2.492124386497134e-05,3,0.000469184034661873,0.00010788407218214104
C6|O_LR_ORIGIN|64|1|1e-05|0.1|8,no_x_off_1_minus_joint_0,active,C6,O_LR_ORIGIN,64,1,1e-05,0.1,8,N2C,4,1,1,1,14,0.23796184467480003,7.967782851243627e-06,3.013801965718407e-05,0.514175511646614,0.00010006745250711837,2.48560280733778e-05,0.0001893293819553815,0.001189421840666848,0.398970747230658,0.0004563696160952207,0.0001191975164645489,0.012616622490370258,0.073314350774121,0.4148365919397086,672,193536,0.00011851476816132183,3,0.00011671246689738862,2.7208810436853695e-05,3,0.00047622306702293534,0.00012238919642567549
C6|O_LR_ORIGIN|64|1|1e-05|0.1|8,joint_1_minus_no_x_off_1,all,C6,O_LR_ORIGIN,64,1,1e-05,0.1,8,N2C,4,1,1,1,14,0.4662190042277586,2.943389475174493e-05,0.00018282859450720028,0.40123776811889983,0.0001829142595618408,4.138241795299018e-05,0.00036320799349451826,0.0033666054843043245,0.32845931715427,0.000581479502276032,0.0001302932219232688,0.053068242251777496,0.3043709295321603,0.4175569976108691,768,221184,0.000189565332120702,1,0.0002256326684560939,4.988333203584609e-05,1,0.0006313838126565316,0.00013678848043266494
C6|O_LR_ORIGIN|64|1|1e-05|0.1|8,joint_1_minus_no_x_off_1,active,C6,O_LR_ORIGIN,64,1,1e-05,0.1,8,N2C,4,1,1,1,14,0.4591490677776658,2.8556707785027953e-05,0.00016644980411819834,0.4142022221962167,0.00018351806712435084,4.203880701301198e-05,0.00036161517520354045,0.0033302812797343733,0.32952082452170434,0.0005968716760483439,0.0001344098829880593,0.051810443971833924,0.29615222399813296,0.4182646465045225,736,211968,0.00019203582709891292,1,0.00022669031177230528,5.098311191533712e-05,1,0.0006754241077055262,0.00014031862964354282
C6|O_LR_ORIGIN|64|1|0.01|0.01|8,joint_1_minus_joint_0,all,C6,O_LR_ORIGIN,64,1,0.01,0.01,8,N2C,4,1,1,1,14,0.5624981741090471,5.3356115413681835e-05,0.0002832048205567812,0.43405201925685716,0.0002412988414652318,6.377402042491297e-05,0.0007900423408562297,0.0063696898543975,0.35218109564093014,0.0009209562908374052,0.00025330939378862824,0.0888853144860785,0.5328118928103126,0.40843979695705745,768,221184,0.00029137075042164756,1,0.00026068628927022354,6.816290861545031e-05,1,0.001079322304184097,0.000270564084815839
C6|O_LR_ORIGIN|64|1|0.01|0.01|8,joint_1_minus_joint_0,active,C6,O_LR_ORIGIN,64,1,0.01,0.01,8,N2C,4,1,1,1,14,0.5624981741090471,5.3356115413681835e-05,0.0002832048205567812,0.43405201925685716,0.0002412988414652318,6.377402042491297e-05,0.0007900423408562297,0.0063696898543975,0.35218109564093014,0.0009209562908374052,0.00025330939378862824,0.0888853144860785,0.5328118928103126,0.40843979695705745,768,221184,0.00029137075042164756,1,0.00026068628927022354,6.816290861545031e-05,1,0.001079322304184097,0.000270564084815839
C6|O_LR_ORIGIN|64|1|0.01|0.01|8,no_x_off_1_minus_joint_0,all,C6,O_LR_ORIGIN,64,1,0.01,0.01,8,N2C,4,1,1,1,14,0.21428761533574273,1.2617491062556273e-05,3.1324625793816554e-05,0.6346635506861742,0.00012819344188763404,2.8319385405134382e-05,0.0002588326444757419,0.0011898953808627498,0.46639634190271284,0.00051068636571438,0.00013097569442840676,0.014158902547510132,0.07359555026887879,0.4386205931806093,768,221184,0.00011564421532317508,2,0.00014687900782679503,2.863149988765809e-05,2,0.0005344370964478022,0.00013217658459984592
C6|O_LR_ORIGIN|64|1|0.01|0.01|8,no_x_off_1_minus_joint_0,active,C6,O_LR_ORIGIN,64,1,0.01,0.01,8,N2C,4,1,1,1,14,0.21418694562374227,1.2092699736939768e-05,3.013801965718407e-05,0.633438241577904,0.0001366895647737235,3.113647893389538e-05,0.0002586109034431376,0.001189421840666848,0.4662893123571797,0.0005309929059170696,0.00014890356665171205,0.014033478845868641,0.073314350774121,0.4375101930602031,672,193536,0.00012992015519471158,2,0.00015151771854315246,3.167396078110614e-05,2,0.0005404749545966618,0.00015036369407856763
C6|O_LR_ORIGIN|64|1|0.01|0.01|8,joint_1_minus_no_x_off_1,all,C6,O_LR_ORIGIN,64,1,0.01,0.01,8,N2C,4,1,1,1,14,0.42623648441198003,3.340062501075765e-05,0.00018282859450720028,0.42742039024824646,0.00019800783377150113,4.313152887024474e-05,0.0004570881604977925,0.0033666054843043245,0.368471475031054,0.0007429218837244354,0.00015481197980026981,0.05679265859194731,0.3043709295321603,0.43196097664534944,768,221184,0.00020420807315486158,1,0.00024849324320643434,4.832018515852824e-05,2,0.0008238764954186011,0.00015555858042047617
C6|O_LR_ORIGIN|64|1|0.01|0.01|8,joint_1_minus_no_x_off_1,active,C6,O_LR_ORIGIN,64,1,0.01,0.01,8,N2C,4,1,1,1,14,0.4193694745276494,3.2640280527242636e-05,0.00016644980411819834,0.442828228013586,0.00020174622160083457,4.393059062497394e-05,0.0004543322237214701,0.0033302812797343733,0.3693569813273306,0.0007689965454796831,0.0001595571011042062,0.05557576775501692,0.29615222399813296,0.43319679645976483,736,211968,0.00020739129286846114,1,0.0002559843514345079,4.9426497177468395e-05,2,0.0008409754810498202,0.00016031451538132832
C6|O_LR_ORIGIN|64|1|0.01|0.1|8,joint_1_minus_joint_0,all,C6,O_LR_ORIGIN,64,1,0.01,0.1,8,N2C,4,1,1,1,14,0.6065891793049828,3.725031850497749e-05,0.0002832048205567812,0.36267254052017583,0.0001982453169767532,5.300163963297018e-05,0.0004446389130601746,0.0063696898543975,0.26420716471723293,0.0006960975695167557,0.0001874625688028988,0.07250732736349771,0.5328118928103126,0.3688960402998729,768,221184,0.00025933204735789265,1,0.00022080307563015887,6.329710755302686e-05,3,0.000760374570894047,0.00019659393336321254
C6|O_LR_ORIGIN|64|1|0.01|0.1|8,joint_1_minus_joint_0,active,C6,O_LR_ORIGIN,64,1,0.01,0.1,8,N2C,4,1,1,1,14,0.6065891793049828,3.725031850497749e-05,0.0002832048205567812,0.36267254052017583,0.0001982453169767532,5.300163963297018e-05,0.0004446389130601746,0.0063696898543975,0.26420716471723293,0.0006960975695167557,0.0001874625688028988,0.07250732736349771,0.5328118928103126,0.3688960402998729,768,221184,0.00025933204735789265,1,0.00022080307563015887,6.329710755302686e-05,3,0.000760374570894047,0.00019659393336321254
C6|O_LR_ORIGIN|64|1|0.01|0.1|8,no_x_off_1_minus_joint_0,all,C6,O_LR_ORIGIN,64,1,0.01,0.1,8,N2C,4,1,1,1,14,0.22864522249413677,7.177531478982553e-06,3.1324625793816554e-05,0.4786792557873203,9.624110749006535e-05,2.141680718234871e-05,0.00019841134255533876,0.0011898953808627498,0.4083465197928887,0.0004799513758657261,0.00011059463487186255,0.013082556800406665,0.07359555026887879,0.4216193516458635,768,221184,0.00010827771826875207,1,0.0001068353224871845,2.4909524340212797e-05,3,0.0004986330352921153,0.00011367718651893427
C6|O_LR_ORIGIN|64|1|0.01|0.1|8,no_x_off_1_minus_joint_0,active,C6,O_LR_ORIGIN,64,1,0.01,0.1,8,N2C,4,1,1,1,14,0.22854434855168182,6.665040413476419e-06,3.013801965718407e-05,0.4702664948997799,9.632012651227822e-05,2.3262806247296687e-05,0.00019820148180432586,0.001189421840666848,0.40821174316959324,0.0004872929102326293,0.00012563492366271384,0.012961035384893058,0.073314350774121,0.4204606444263228,672,193536,0.00012153911540197594,3,0.00010410118689895645,2.4622253351083902e-05,3,0.0005018682822189967,0.00012900418315078133
C6|O_LR_ORIGIN|64|1|0.01|0.1|8,joint_1_minus_no_x_off_1,all,C6,O_LR_ORIGIN,64,1,0.01,0.1,8,N2C,4,1,1,1,14,0.46098109388829484,2.8475870206572648e-05,0.00018282859450720028,0.3946539392210066,0.00017966955800785585,4.1084697348659234e-05,0.0002767374359467434,0.0033666054843043245,0.2867067007103188,0.0005414627976371656,0.0001268413994516689,0.047015068504797704,0.3043709295321603,0.3930220814216933,768,221184,0.00018612303917317803,1,0.00021404294868624025,4.804765780056326e-05,2,0.0005692677441352924,0.00013266339699389632
C6|O_LR_ORIGIN|64|1|0.01|0.1|8,joint_1_minus_no_x_off_1,active,C6,O_LR_ORIGIN,64,1,0.01,0.1,8,N2C,4,1,1,1,14,0.45400183982021663,2.7576962607343013e-05,0.00016644980411819834,0.407034827649086,0.0001797270186835944,4.170735896395171e-05,0.00027508474929266495,0.0033302812797343733,0.28740399378321974,0.0005518368726448087,0.0001307723387756256,0.04576027495689539,0.29615222399813296,0.3930853094276247,736,211968,0.00018844966296372508,1,0.00021684024978148588,4.9048195097211954e-05,2,0.0005761088434089281,0.00013661637480158709
C6|O_LR_ORIGIN|64|2|1e-05|0.01|8,joint_1_minus_joint_0,all,C6,O_LR_ORIGIN,64,2,1e-05,0.01,8,N2C,4,1,2,1,14,0.6234788877597758,3.4258848318273093e-05,0.0002832048205567812,0.3478051904513554,0.00019627681328489573,4.927530589132889e-05,0.00033354737648530036,0.0063696898543975,0.2288335094977918,0.0006223817547015441,0.0001693928324921208,0.0789870684310647,0.5328118928103126,0.3850268734360416,768,221184,0.000257317342426771,5,0.00022904209199960967,4.9018624707365655e-05,2,0.0006656249198324218,0.00017441300136448266
C6|O_LR_ORIGIN|64|2|1e-05|0.01|8,joint_1_minus_joint_0,active,C6,O_LR_ORIGIN,64,2,1e-05,0.01,8,N2C,4,1,2,1,14,0.6234788877597758,3.4258848318273093e-05,0.0002832048205567812,0.3478051904513554,0.00019627681328489573,4.927530589132889e-05,0.00033354737648530036,0.0063696898543975,0.2288335094977918,0.0006223817547015441,0.0001693928324921208,0.0789870684310647,0.5328118928103126,0.3850268734360416,768,221184,0.000257317342426771,5,0.00022904209199960967,4.9018624707365655e-05,2,0.0006656249198324218,0.00017441300136448266
C6|O_LR_ORIGIN|64|2|1e-05|0.01|8,no_x_off_1_minus_joint_0,all,C6,O_LR_ORIGIN,64,2,1e-05,0.01,8,N2C,4,1,2,1,14,0.23247429975137285,6.28735738821847e-06,3.1324625793816554e-05,0.4480135279507576,8.547590084117205e-05,1.9145711419811347e-05,0.00013040720429469845,0.0011898953808627498,0.3310521425374287,0.0004241252761134357,9.028542082971924e-05,0.011055948767429108,0.07359555026887879,0.38758970265637493,768,221184,9.807351596019698e-05,1,9.649150269035795e-05,2.2159551412569647e-05,3,0.0004705379449429514,9.209143569418358e-05
C6|O_LR_ORIGIN|64|2|1e-05|0.01|8,no_x_off_1_minus_joint_0,active,C6,O_LR_ORIGIN,64,2,1e-05,0.01,8,N2C,4,1,2,1,14,0.23237296776030059,5.780235966064072e-06,3.013801965718407e-05,0.43794082087018615,8.491845490531367e-05,2.067389826535567e-05,0.00013019946874487042,0.001189421840666848,0.33085419961319,0.0004429130543181468,0.00010242904525357514,0.01093562064601888,0.073314350774121,0.38621329654450476,672,193536,0.0001098891249630091,1,9.433082363260229e-05,2.3941859265882168e-05,3,0.00048286282637888576,0.00010434043028237968
C6|O_LR_ORIGIN|64|2|1e-05|0.01|8,joint_1_minus_no_x_off_1,all,C6,O_LR_ORIGIN,64,2,1e-05,0.01,8,N2C,4,1,2,1,14,0.47741788263980894,2.39334328641214e-05,0.00018282859450720028,0.3618098928699731,0.00017195804685808934,3.5960895646553255e-05,0.00019220893784412801,0.0033666054843043245,0.23894099954246253,0.0005096753658846406,0.00010975413125847552,0.0515590783801402,0.3043709295321603,0.4115768960385782,768,221184,0.00018481644204488147,5,0.00019729042866559372,3.603264159634449e-05,2,0.0005486151329875265,0.00011367992313010897
C6|O_LR_ORIGIN|64|2|1e-05|0.01|8,joint_1_minus_no_x_off_1,active,C6,O_LR_ORIGIN,64,2,1e-05,0.01,8,N2C,4,1,2,1,14,0.4705170377060667,2.3056476135978895e-05,0.00016644980411819834,0.3721815342529269,0.0001721691270745274,3.638169684838158e-05,0.00019061557678102406,0.0033302812797343733,0.23924272240826033,0.0005185643944948699,0.00011297741065793252,0.05030140643947428,0.29615222399813296,0.41212842075930867,736,211968,0.00018708064461356438,5,0.0002086733919857597,3.643574369433602e-05,2,0.0005519755591768016,0.00011682703647423422
C6|O_LR_ORIGIN|64|2|1e-05|0.1|8,joint_1_minus_joint_0,all,C6,O_LR_ORIGIN,64,2,1e-05,0.1,8,N2C,4,1,2,1,14,0.6365643119391974,3.532054955895084e-05,0.0002832048205567812,0.3531534110713245,0.00019585358291557416,5.0737246755206524e-05,0.000312008133751015,0.0063696898543975,0.22132160680957835,0.0005591674431932334,0.00014884300323455223,0.07806877164398603,0.5328118928103126,0.382782185756857,768,221184,0.00025491449604320707,1,0.0002187452822738516,5.966199670771796e-05,0,0.0005897415447898418,0.0001529184770197459
C6|O_LR_ORIGIN|64|2|1e-05|0.1|8,joint_1_minus_joint_0,active,C6,O_LR_ORIGIN,64,2,1e-05,0.1,8,N2C,4,1,2,1,14,0.6365643119391974,3.532054955895084e-05,0.0002832048205567812,0.3531534110713245,0.00019585358291557416,5.0737246755206524e-05,0.000312008133751015,0.0063696898543975,0.22132160680957835,0.0005591674431932334,0.00014884300323455223,0.07806877164398603,0.5328118928103126,0.382782185756857,768,221184,0.00025491449604320707,1,0.0002187452822738516,5.966199670771796e-05,0,0.0005897415447898418,0.0001529184770197459
C6|O_LR_ORIGIN|64|2|1e-05|0.1|8,no_x_off_1_minus_joint_0,all,C6,O_LR_ORIGIN,64,2,1e-05,0.1,8,N2C,4,1,2,1,14,0.23733990812874803,6.167512813270267e-06,3.1324625793816554e-05,0.443723146963541,8.703151083978708e-05,1.9174950764399518e-05,0.0001010049693540354,0.0011898953808627498,0.2913513141287912,0.00040012981259540984,7.828556209194736e-05,0.011055941326414645,0.07359555026887879,0.38758957222609125,768,221184,9.73941365404962e-05,1,9.826107852434686e-05,2.3408494810861464e-05,2,0.0004280577527480613,7.964119918890611e-05
C6|O_LR_ORIGIN|64|2|1e-05|0.1|8,no_x_off_1_minus_joint_0,active,C6,O_LR_ORIGIN,64,2,1e-05,0.1,8,N2C,4,1,2,1,14,0.23724064730908437,5.660404454171939e-06,3.013801965718407e-05,0.4333775161208657,8.679038520335259e-05,2.0707330832943987e-05,0.00010079724620039096,0.001189421840666848,0.29110950055585605,0.00041454859486230437,8.871494680159666e-05,0.01093561729335486,0.073314350774121,0.3862132373414853,672,193536,0.00010911273190936155,1,9.671702705758052e-05,2.536924132064089e-05,3,0.0004483101075268512,9.084306043192181e-05
C6|O_LR_ORIGIN|64|2|1e-05|0.1|8,joint_1_minus_no_x_off_1,all,C6,O_LR_ORIGIN,64,2,1e-05,0.1,8,N2C,4,1,2,1,14,0.4890152915647903,2.512477885867766e-05,0.00018282859450720028,0.37070552911805554,0.0001718622580515497,3.7536480131586386e-05,0.00022049773312989636,0.0033666054843043245,0.25592101599271705,0.0004928774867405605,0.00010780719960905045,0.051728590137603364,0.3043709295321603,0.41225291542806297,768,221184,0.00018563496976152527,1,0.00019332710366851428,4.371288930210957e-05,2,0.0005330065484798187,0.00011143610413127074
C6|O_LR_ORIGIN|64|2|1e-05|0.1|8,joint_1_minus_no_x_off_1,active,C6,O_LR_ORIGIN,64,2,1e-05,0.1,8,N2C,4,1,2,1,14,0.4822796511591315,2.4247591891960686e-05,0.00016644980411819834,0.3816740758718373,0.00017210545500718924,3.802565450372105e-05,0.00021890491483891853,0.0033302812797343733,0.2563818624941737,0.0005090423171867162,0.0001109462075297445,0.05047079185765979,0.29615222399813296,0.4128217400926112,736,211968,0.00018793457941977196,1,0.0001962097781724394,4.454438906274249e-05,2,0.0005366404023794476,0.00011448578272830883
C6|O_LR_ORIGIN|64|2|0.01|0.01|8,joint_1_minus_joint_0,all,C6,O_LR_ORIGIN,64,2,0.01,0.01,8,N2C,4,1,2,1,14,0.5843078651099636,3.575816630135127e-05,0.0002832048205567812,0.3553344372665808,0.00019979783141452974,5.07032209955974e-05,0.0004901007452394644,0.0063696898543975,0.27738536140577946,0.0007428178276933714,0.00020972622381204323,0.08246074813760546,0.5328118928103126,0.39340210581834606,768,221184,0.0002696719661141006,1,0.00022052703227188976,5.9668009292118316e-05,3,0.0007826820068582408,0.0002188299870656536
C6|O_LR_ORIGIN|64|2|0.01|0.01|8,joint_1_minus_joint_0,active,C6,O_LR_ORIGIN,64,2,0.01,0.01,8,N2C,4,1,2,1,14,0.5843078651099636,3.575816630135127e-05,0.0002832048205567812,0.3553344372665808,0.00019979783141452974,5.07032209955974e-05,0.0004901007452394644,0.0063696898543975,0.27738536140577946,0.0007428178276933714,0.00020972622381204323,0.08246074813760546,0.5328118928103126,0.39340210581834606,768,221184,0.0002696719661141006,1,0.00022052703227188976,5.9668009292118316e-05,3,0.0007826820068582408,0.0002188299870656536
C6|O_LR_ORIGIN|64|2|0.01|0.01|8,no_x_off_1_minus_joint_0,all,C6,O_LR_ORIGIN,64,2,0.01,0.01,8,N2C,4,1,2,1,14,0.21875008832913856,6.498053824255762e-06,3.1324625793816554e-05,0.45545838974307506,8.90037579720493e-05,1.941349802591974e-05,0.0001775786718611258,0.0011898953808627498,0.38631450276516577,0.0004765642663866104,0.00010789495592359231,0.012433608397038304,0.07359555026887879,0.411029330867808,768,221184,0.00010559876945555467,3,0.00010022831660818986,2.0345771599169336e-05,2,0.0004901252840661514,0.00010925707698651226
C6|O_LR_ORIGIN|64|2|0.01|0.01|8,no_x_off_1_minus_joint_0,active,C6,O_LR_ORIGIN,64,2,0.01,0.01,8,N2C,4,1,2,1,14,0.21865147320188497,5.973262498639257e-06,3.013801965718407e-05,0.4451931202102089,8.855353970573882e-05,2.0958321929078645e-05,0.00017735693082852153,0.001189421840666848,0.3861500788658023,0.00048471333063936626,0.00012252557978906703,0.012308184695396813,0.073314350774121,0.40973447386146405,672,193536,0.00011843964563171681,2,9.890091524822166e-05,2.0213751331860193e-05,3,0.0004976645088750039,0.00012487304344645716
C6|O_LR_ORIGIN|64|2|0.01|0.01|8,joint_1_minus_no_x_off_1,all,C6,O_LR_ORIGIN,64,2,0.01,0.01,8,N2C,4,1,2,1,14,0.44563660657051724,2.5332443437748978e-05,0.00018282859450720028,0.3722343782049237,0.00017786916352083304,3.794408082102088e-05,0.0002750636431138899,0.0033666054843043245,0.2858383406911417,0.0006101330577244855,0.00012776237594051075,0.05237379554833696,0.3043709295321603,0.4148159423134681,768,221184,0.0001893631141865954,1,0.00020810244127655316,4.5051801586470214e-05,4,0.000629568383136931,0.00012456987970414112
C6|O_LR_ORIGIN|64|2|0.01|0.01|8,joint_1_minus_no_x_off_1,active,C6,O_LR_ORIGIN,64,2,0.01,0.01,8,N2C,4,1,2,1,14,0.43907311536622085,2.4572098954233958e-05,0.00016644980411819834,0.3842195717430806,0.00017871368272199737,3.8517601356218596e-05,0.00027230770633756754,0.0033302812797343733,0.2859496096262033,0.0006154668799071593,0.00013133142751141412,0.05115690471140657,0.29615222399813296,0.4156182701516888,736,211968,0.00019190090090157472,1,0.00021258283643988259,4.601600997184265e-05,4,0.0006371178970284825,0.00012937957382676656
C6|O_LR_ORIGIN|64|2|0.01|0.1|8,joint_1_minus_joint_0,all,C6,O_LR_ORIGIN,64,2,0.01,0.1,8,N2C,4,1,2,1,14,0.6150382296189787,3.602733887212408e-05,0.0002832048205567812,0.35666933460328126,0.000199455714953074,5.209782622814061e-05,0.0003137213954919164,0.0063696898543975,0.22192842229798543,0.0005833128826324616,0.00015825819025729146,0.07508941188612724,0.5328118928103126,0.37540702592133524,768,221184,0.0002553328639459638,1,0.00022292148696883776,6.191489583599225e-05,2,0.0005993877247352683,0.00016644454646475514
C6|O_LR_ORIGIN|64|2|0.01|0.1|8,joint_1_minus_joint_0,active,C6,O_LR_ORIGIN,64,2,0.01,0.1,8,N2C,4,1,2,1,14,0.6150382296189787,3.602733887212408e-05,0.0002832048205567812,0.35666933460328126,0.000199455714953074,5.209782622814061e-05,0.0003137213954919164,0.0063696898543975,0.22192842229798543,0.0005833128826324616,0.00015825819025729146,0.07508941188612724,0.5328118928103126,0.37540702592133524,768,221184,0.0002553328639459638,1,0.00022292148696883776,6.191489583599225e-05,2,0.0005993877247352683,0.00016644454646475514
C6|O_LR_ORIGIN|64|2|0.01|0.1|8,no_x_off_1_minus_joint_0,all,C6,O_LR_ORIGIN,64,2,0.01,0.1,8,N2C,4,1,2,1,14,0.2282777954221784,6.178720324475011e-06,3.1324625793816554e-05,0.44412612747712465,8.874299259740296e-05,1.9174843342457673e-05,0.00013091855362425202,0.0011898953808627498,0.33170056403108955,0.0004347848766893769,9.03970080559384e-05,0.011862986156474131,0.07359555026887879,0.40148676503467207,768,221184,0.00010264719614320637,1,0.0001017198797933505,2.3560725888304446e-05,3,0.00046086044525791913,9.255577096495896e-05
C6|O_LR_ORIGIN|64|2|0.01|0.1|8,no_x_off_1_minus_joint_0,active,C6,O_LR_ORIGIN,64,2,0.01,0.1,8,N2C,4,1,2,1,14,0.22817675904510798,5.666229258968878e-06,3.013801965718407e-05,0.4336004410350749,8.833537922011247e-05,2.070056185884978e-05,0.00013070869287323914,0.001189421840666848,0.33150057140557987,0.00044360043400149083,0.00010255192158737191,0.011741464740960524,0.073314350774121,0.400190378142033,672,193536,0.00011510423297278084,1,0.00010031893171362361,2.5535780526296463e-05,3,0.00047004001053187953,0.00010486542251766672
C6|O_LR_ORIGIN|64|2|0.01|0.1|8,joint_1_minus_no_x_off_1,all,C6,O_LR_ORIGIN,64,2,0.01,0.1,8,N2C,4,1,2,1,14,0.47146361789885616,2.6363752521903252e-05,0.00018282859450720028,0.3797358088761133,0.0001757977225899048,3.92635087656484e-05,0.0002095648575108038,0.0033666054843043245,0.24949572864719274,0.0005071030728124329,0.00011211861739647512,0.04893768363690638,0.3043709295321603,0.4009776065850587,768,221184,0.00018416387206776616,1,0.00020984264558643047,4.5243657137889236e-05,4,0.0005169835918480261,0.00011163821274342448
C6|O_LR_ORIGIN|64|2|0.01|0.1|8,joint_1_minus_no_x_off_1,active,C6,O_LR_ORIGIN,64,2,0.01,0.1,8,N2C,4,1,2,1,14,0.46464184555415516,2.546484492267362e-05,0.00016644980411819834,0.39113697589933877,0.00017584749674690248,3.9806988268636066e-05,0.00020791217085672543,0.0033302812797343733,0.2498615895132851,0.0005110730720171771,0.00011540943576151038,0.04768289008900406,0.29615222399813296,0.4012580756151626,736,211968,0.000186405314679817,1,0.00021248477784707327,4.612228136224776e-05,4,0.0005277386515855865,0.000115890741608259
C6|O_LR_ORIGIN|64|4|1e-05|0.01|8,joint_1_minus_joint_0,all,C6,O_LR_ORIGIN,64,4,1e-05,0.01,8,N2C,4,1,4,1,14,0.6323624012669968,3.1394647417874124e-05,0.0002832048205567812,0.3329488232603664,0.00018528571586485986,4.78062941890445e-05,0.00031050030799765344,0.0063696898543975,0.2207861743309015,0.0005826810419485887,0.00015766817491688064,0.07383757711709771,0.5328118928103126,0.3722646206976245,768,221184,0.0002526589124937648,1,0.00021260963808086378,5.4997138416994055e-05,2,0.0006311616316664177,0.00016465799645912208
C6|O_LR_ORIGIN|64|4|1e-05|0.01|8,joint_1_minus_joint_0,active,C6,O_LR_ORIGIN,64,4,1e-05,0.01,8,N2C,4,1,4,1,14,0.6323624012669968,3.1394647417874124e-05,0.0002832048205567812,0.3329488232603664,0.00018528571586485986,4.78062941890445e-05,0.00031050030799765344,0.0063696898543975,0.2207861743309015,0.0005826810419485887,0.00015766817491688064,0.07383757711709771,0.5328118928103126,0.3722646206976245,768,221184,0.0002526589124937648,1,0.00021260963808086378,5.4997138416994055e-05,2,0.0006311616316664177,0.00016465799645912208
C6|O_LR_ORIGIN|64|4|1e-05|0.01|8,no_x_off_1_minus_joint_0,all,C6,O_LR_ORIGIN,64,4,1e-05,0.01,8,N2C,4,1,4,1,14,0.2355173254820382,5.812975877078486e-06,3.1324625793816554e-05,0.4307807763029302,8.503021499158213e-05,1.874016459647416e-05,0.00011553307040422767,0.0011898953808627498,0.3116009466105787,0.0004089201119619341,8.509922569493875e-05,0.010895786996934982,0.07359555026887879,0.38477205592554997,768,221184,9.956885342139526e-05,0,9.643617193383537e-05,2.1926955928589137e-05,3,0.0004519201147581377,8.635531931293235e-05
C6|O_LR_ORIGIN|64|4|1e-05|0.01|8,no_x_off_1_minus_joint_0,active,C6,O_LR_ORIGIN,64,4,1e-05,0.01,8,N2C,4,1,4,1,14,0.23541730332125302,5.305854454924087e-06,3.013801965718407e-05,0.41958534441311857,8.310934337606636e-05,2.0210416181541742e-05,0.00011532533485439963,0.001189421840666848,0.31138264807840993,0.00042464642589256756,9.65019650995403e-05,0.010775458875524757,0.073314350774121,0.3833746480884163,672,193536,0.00011159808206152141,0,9.609890841394861e-05,2.3899736565758292e-05,3,0.0004582332126836678,9.778486870380684e-05
C6|O_LR_ORIGIN|64|4|1e-05|0.01|8,joint_1_minus_no_x_off_1,all,C6,O_LR_ORIGIN,64,4,1e-05,0.01,8,N2C,4,1,4,1,14,0.48617619741509993,2.204997062567564e-05,0.00018282859450720028,0.34728173880469104,0.00016444574610867854,3.565768975192154e-05,0.00020006784560768035,0.0033666054843043245,0.24377689128281485,0.000507024581073531,0.00010724535713283738,0.04829281308522468,0.3043709295321603,0.3983269278267095,768,221184,0.00018287731150975873,1,0.00019111210820074834,4.048589232642756e-05,1,0.0005173965029463132,0.0001089153331671619
C6|O_LR_ORIGIN|64|4|1e-05|0.01|8,joint_1_minus_no_x_off_1,active,C6,O_LR_ORIGIN,64,4,1e-05,0.01,8,N2C,4,1,4,1,14,0.47940144246802174,2.117301389753313e-05,0.00016644980411819834,0.3566561335001127,0.00016438049121730218,3.6065308088765885e-05,0.0001984744845445764,0.0033302812797343733,0.24412479033365164,0.0005148303992718459,0.00011035955939639707,0.04703514114455876,0.29615222399813296,0.3985233080236449,736,211968,0.00018505720405517545,1,0.00019287620667521476,4.11772153730489e-05,1,0.0005240360805843685,0.00011123333085537298
C6|O_LR_ORIGIN|64|4|1e-05|0.1|8,joint_1_minus_joint_0,all,C6,O_LR_ORIGIN,64,4,1e-05,0.1,8,N2C,4,1,4,1,14,0.6389968699907873,3.604008880062386e-05,0.0002832048205567812,0.3567324409329687,0.0002004795220202722,5.2390429617371475e-05,0.00032366949049826826,0.0063696898543975,0.2254196331882828,0.0005621796586350681,0.0001510739597047459,0.07328884940971339,0.5328118928103126,0.3708787894522473,768,221184,0.00025479657760380734,1,0.00022366068951271793,6.084466768907751e-05,2,0.0005834582482534042,0.0001576903204659226
C6|O_LR_ORIGIN|64|4|1e-05|0.1|8,joint_1_minus_joint_0,active,C6,O_LR_ORIGIN,64,4,1e-05,0.1,8,N2C,4,1,4,1,14,0.6389968699907873,3.604008880062386e-05,0.0002832048205567812,0.3567324409329687,0.0002004795220202722,5.2390429617371475e-05,0.00032366949049826826,0.0063696898543975,0.2254196331882828,0.0005621796586350681,0.0001510739597047459,0.07328884940971339,0.5328118928103126,0.3708787894522473,768,221184,0.00025479657760380734,1,0.00022366068951271793,6.084466768907751e-05,2,0.0005834582482534042,0.0001576903204659226
C6|O_LR_ORIGIN|64|4|1e-05|0.1|8,no_x_off_1_minus_joint_0,all,C6,O_LR_ORIGIN,64,4,1e-05,0.1,8,N2C,4,1,4,1,14,0.2382393948497049,6.085939939665745e-06,3.1324625793816554e-05,0.4407789898401629,8.731173155125152e-05,1.9504002343971142e-05,0.00010238807625272108,0.0011898953808627498,0.29333933445754723,0.0003910394674008854,7.955957977289931e-05,0.011086564335003744,0.07359555026887879,0.38812597844164887,768,221184,0.0001005636071792667,1,0.0001026843400088265,2.404575521465209e-05,3,0.0004375005763399402,8.139438922241626e-05
C6|O_LR_ORIGIN|64|4|1e-05|0.1|8,no_x_off_1_minus_joint_0,active,C6,O_LR_ORIGIN,64,4,1e-05,0.1,8,N2C,4,1,4,1,14,0.23814050895096453,5.578831580567418e-06,3.013801965718407e-05,0.43024345204274667,8.694692328635136e-05,2.108338978102585e-05,0.00010218035309907663,0.001189421840666848,0.29309995049844906,0.0004090049353826238,9.017096700839888e-05,0.010966240301943958,0.073314350774121,0.3867536157556711,672,193536,0.0001127349840679564,1,0.00010145139592064805,2.609753892497303e-05,3,0.0004491486482468655,9.211527304313287e-05
C6|O_LR_ORIGIN|64|4|1e-05|0.1|8,joint_1_minus_no_x_off_1,all,C6,O_LR_ORIGIN,64,4,1e-05,0.1,8,N2C,4,1,4,1,14,0.4921703786531311,2.604341889194398e-05,0.00018282859450720028,0.37742176203786304,0.00017917917152308741,3.959401172822428e-05,0.0002341175097520652,0.0033666054843043245,0.26370650001673324,0.0004917323636168576,0.00011014137786185746,0.04827960568881392,0.3043709295321603,0.39827245573197484,768,221184,0.00018616201980311553,1,0.00019703580781316735,4.507217207220372e-05,1,0.0005028043886039147,0.00011152905149905525
C6|O_LR_ORIGIN|64|4|1e-05|0.1|8,joint_1_minus_no_x_off_1,active,C6,O_LR_ORIGIN,64,4,1e-05,0.1,8,N2C,4,1,4,1,14,0.48547851462401836,2.5166231925227005e-05,0.00016644980411819834,0.3888368830326055,0.00017933956130900124,4.017264399586496e-05,0.00023252469146108737,0.0033302812797343733,0.26423727401176356,0.0004996137931050729,0.00011338187179354316,0.047021807408870346,0.29615222399813296,0.3984668164199811,736,211968,0.00018848454468056182,1,0.00020170364906678813,4.5962771083710295e-05,1,0.0005164194865906164,0.00011396096466934141
C6|O_LR_ORIGIN|64|4|0.01|0.01|8,joint_1_minus_joint_0,all,C6,O_LR_ORIGIN,64,4,0.01,0.01,8,N2C,4,1,4,1,14,0.5863049600366181,3.201383462005713e-05,0.0002832048205567812,0.3362161167802265,0.0001932756623973666,4.8306336449334275e-05,0.0004583277217420489,0.0063696898543975,0.2682433225258181,0.0007201015417937694,0.00020148522084757439,0.07388398356793835,0.5328118928103126,0.37238158530402593,768,221184,0.0002625056300263618,1,0.00022597708491202463,5.54878471463814e-05,3,0.000754613724843437,0.0002120267200171145
C6|O_LR_ORIGIN|64|4|0.01|0.01|8,joint_1_minus_joint_0,active,C6,O_LR_ORIGIN,64,4,0.01,0.01,8,N2C,4,1,4,1,14,0.5863049600366181,3.201383462005713e-05,0.0002832048205567812,0.3362161167802265,0.0001932756623973666,4.8306336449334275e-05,0.0004583277217420489,0.0063696898543975,0.2682433225258181,0.0007201015417937694,0.00020148522084757439,0.07388398356793835,0.5328118928103126,0.37238158530402593,768,221184,0.0002625056300263618,1,0.00022597708491202463,5.54878471463814e-05,3,0.000754613724843437,0.0002120267200171145
C6|O_LR_ORIGIN|64|4|0.01|0.01|8,no_x_off_1_minus_joint_0,all,C6,O_LR_ORIGIN,64,4,0.01,0.01,8,N2C,4,1,4,1,14,0.21935712644165772,5.8277978104870344e-06,3.1324625793816554e-05,0.43132962934936225,8.661017647444537e-05,1.849107109981078e-05,0.000172156477309658,0.0011898953808627498,0.3803709090072884,0.00046998788854441583,0.00010598434859563698,0.012238415884873061,0.07359555026887879,0.40779023812249526,768,221184,0.00010607057177260616,3,0.00010430263161621798,2.011407321970909e-05,3,0.00048703431358663443,0.00010894143109602957
C6|O_LR_ORIGIN|64|4|0.01|0.01|8,no_x_off_1_minus_joint_0,active,C6,O_LR_ORIGIN,64,4,0.01,0.01,8,N2C,4,1,4,1,14,0.2192587843396248,5.303006484870529e-06,3.013801965718407e-05,0.41947272099859256,8.531225424626158e-05,1.990411972781126e-05,0.00017193473627705373,0.001189421840666848,0.38020152889177733,0.0004789062335612526,0.00012034202855711806,0.01211299218323157,0.073314350774121,0.40647254990189857,672,193536,0.00011897884827977567,3,0.00010412567873135378,2.1678021198412734e-05,3,0.0004945006223397537,0.00012355608516198655
C6|O_LR_ORIGIN|64|4|0.01|0.01|8,joint_1_minus_no_x_off_1,all,C6,O_LR_ORIGIN,64,4,0.01,0.01,8,N2C,4,1,4,1,14,0.4480789983194156,2.3023964291203093e-05,0.00018282859450720028,0.3548689415729777,0.00017107464772132076,3.680683401642069e-05,0.0002534523889368413,0.0033666054843043245,0.27437976591253577,0.0005833350494483289,0.00012199141889790264,0.045950888361038965,0.3043709295321603,0.38854861985969974,768,221184,0.00018326246748307006,1,0.00019346666346718784,4.16887367899027e-05,0,0.0005941387815248926,0.00012363462931819775
C6|O_LR_ORIGIN|64|4|0.01|0.01|8,joint_1_minus_no_x_off_1,active,C6,O_LR_ORIGIN,64,4,0.01,0.01,8,N2C,4,1,4,1,14,0.4415518137847964,2.2263619807688074e-05,0.00016644980411819834,0.3657263437792479,0.0001715751501946236,3.7330909038374926e-05,0.0002506964521605189,0.0033302812797343733,0.27436811270331235,0.0005958465045228438,0.00012530955929304045,0.044733997524108574,0.29615222399813296,0.3886524014284571,736,211968,0.00018553500868920047,1,0.0001984043161638893,4.2506724966728714e-05,0,0.0006189432467197255,0.00012802156694989602
C6|O_LR_ORIGIN|64|4|0.01|0.1|8,joint_1_minus_joint_0,all,C6,O_LR_ORIGIN,64,4,0.01,0.1,8,N2C,4,1,4,1,14,0.6172078308914619,3.673900759511349e-05,0.0002832048205567812,0.36017485476160965,0.0002007041913730789,5.321714794743367e-05,0.00030625359416683594,0.0063696898543975,0.21927112952684216,0.000576778493856427,0.0001567847539686332,0.0698404597819571,0.5328118928103126,0.36204836441528704,768,221184,0.00025267950970301147,0,0.00022869781146043355,5.690472405698057e-05,0,0.000591002971071928,0.00015920925011642554
C6|O_LR_ORIGIN|64|4|0.01|0.1|8,joint_1_minus_joint_0,active,C6,O_LR_ORIGIN,64,4,0.01,0.1,8,N2C,4,1,4,1,14,0.6172078308914619,3.673900759511349e-05,0.0002832048205567812,0.36017485476160965,0.0002007041913730789,5.321714794743367e-05,0.00030625359416683594,0.0063696898543975,0.21927112952684216,0.000576778493856427,0.0001567847539686332,0.0698404597819571,0.5328118928103126,0.36204836441528704,768,221184,0.00025267950970301147,0,0.00022869781146043355,5.690472405698057e-05,0,0.000591002971071928,0.00015920925011642554
C6|O_LR_ORIGIN|64|4|0.01|0.1|8,no_x_off_1_minus_joint_0,all,C6,O_LR_ORIGIN,64,4,0.01,0.1,8,N2C,4,1,4,1,14,0.22869090043177004,6.017352666330725e-06,3.1324625793816554e-05,0.4382882086849641,8.81078353041585e-05,1.922584658893774e-05,0.00012690319596771844,0.0011898953808627498,0.32657421418860544,0.0004258461686260047,8.931375748237048e-05,0.011667761991472255,0.07359555026887879,0.39816951149058566,768,221184,0.00010349433994261653,1,0.00010477324705580764,2.3375630566616225e-05,3,0.00045762407628725734,9.185783950213599e-05
C6|O_LR_ORIGIN|64|4|0.01|0.1|8,no_x_off_1_minus_joint_0,active,C6,O_LR_ORIGIN,64,4,0.01,0.1,8,N2C,4,1,4,1,14,0.22859004664642132,5.504861600824592e-06,3.013801965718407e-05,0.42738162544035285,8.742636283673826e-05,2.0758851283398428e-05,0.00012669333521670554,0.001189421840666848,0.3263690220295565,0.00043708940385124963,0.00010131392093186574,0.011546240575958648,0.073314350774121,0.39684946991187475,672,193536,0.0001160723973149639,1,0.0001026841100850517,2.532424301579564e-05,3,0.0004658784966133776,0.00010406778656015478
C6|O_LR_ORIGIN|64|4|0.01|0.1|8,joint_1_minus_no_x_off_1,all,C6,O_LR_ORIGIN,64,4,0.01,0.1,8,N2C,4,1,4,1,14,0.4744144742848406,2.6898111659405103e-05,0.00018282859450720028,0.3835648802799,0.00017730334724878584,4.0376941734547306e-05,0.00021124630258631815,0.0033666054843043245,0.25049464429603335,0.0004996558257100438,0.00011233299882491851,0.04501899594881485,0.3043709295321603,0.3845885206307601,768,221184,0.00018214301963105636,1,0.00020117360770957385,4.553450287590438e-05,2,0.0005225922551814258,0.00011671691497609677
C6|O_LR_ORIGIN|64|4|0.01|0.1|8,joint_1_minus_no_x_off_1,active,C6,O_LR_ORIGIN,64,4,0.01,0.1,8,N2C,4,1,4,1,14,0.46763575039624,2.599920406017547e-05,0.00016644980411819834,0.3952195161494475,0.00017734486349503816,4.096883136661753e-05,0.00020959361593223975,0.0033302812797343733,0.25086990598213443,0.0005047345591868063,0.0001156331381216252,0.04376420240091254,0.29615222399813296,0.3844164906920435,736,211968,0.00018429659909368506,1,0.0002039033441615485,4.642577256713312e-05,4,0.0005327422069344684,0.00011605577498426067
C6|O_LR_ORIGIN|64|FULL|1e-05|0.01|8,joint_1_minus_joint_0,all,C6,O_LR_ORIGIN,64,FULL,1e-05,0.01,8,N2C,4,1,14,1,14,0.6408113076003699,3.7299599112405475e-05,0.0002832048205567812,0.36291236150027356,0.00019924107659806438,5.211604063005308e-05,0.00033212850244693915,0.0063696898543975,0.22834627443070962,0.0005606883241451318,0.00015289191781642824,0.07059450864702027,0.5328118928103126,0.3639975871691061,768,221184,0.0002557887670705735,1,0.00022141038425205952,5.867197770336604e-05,2,0.0005784127353909771,0.00015897633454835721
C6|O_LR_ORIGIN|64|FULL|1e-05|0.01|8,joint_1_minus_joint_0,active,C6,O_LR_ORIGIN,64,FULL,1e-05,0.01,8,N2C,4,1,14,1,14,0.6408113076003699,3.7299599112405475e-05,0.0002832048205567812,0.36291236150027356,0.00019924107659806438,5.211604063005308e-05,0.00033212850244693915,0.0063696898543975,0.22834627443070962,0.0005606883241451318,0.00015289191781642824,0.07059450864702027,0.5328118928103126,0.3639975871691061,768,221184,0.0002557887670705735,1,0.00022141038425205952,5.867197770336604e-05,2,0.0005784127353909771,0.00015897633454835721
C6|O_LR_ORIGIN|64|FULL|1e-05|0.01|8,no_x_off_1_minus_joint_0,all,C6,O_LR_ORIGIN,64,FULL,1e-05,0.01,8,N2C,4,1,14,1,14,0.2382706678082778,6.06546264809465e-06,3.1324625793816554e-05,0.4400368230451802,8.776835020419971e-05,1.9207998926040082e-05,0.00010115801407034451,0.0011898953808627498,0.29157196119922296,0.00039032678418100244,7.956620596228929e-05,0.010722564727103263,0.07359555026887879,0.38170123037700304,768,221184,0.00010078969821908043,1,0.0001019469493519991,2.2576928685777014e-05,3,0.00042334036329200376,8.171216445195754e-05
C6|O_LR_ORIGIN|64|FULL|1e-05|0.01|8,no_x_off_1_minus_joint_0,active,C6,O_LR_ORIGIN,64,FULL,1e-05,0.01,8,N2C,4,1,14,1,14,0.23817180193851917,5.558341225940252e-06,3.013801965718407e-05,0.4294526098607667,8.757580737197235e-05,2.074508398675994e-05,0.00010095027852051645,0.001189421840666848,0.29133040076857913,0.00040317064110175854,9.017851397651234e-05,0.010602236605693037,0.073314350774121,0.38028066915732267,672,193536,0.00011299333325887589,0,9.993370793702371e-05,2.423506910414536e-05,3,0.00043447130046330183,9.247840600554992e-05
C6|O_LR_ORIGIN|64|FULL|1e-05|0.01|8,joint_1_minus_no_x_off_1,all,C6,O_LR_ORIGIN,64,FULL,1e-05,0.01,8,N2C,4,1,14,1,14,0.4942427684459259,2.5738876628581307e-05,0.00018282859450720028,0.37520855653571505,0.00017689436900170092,3.8867647517422445e-05,0.0002471932404313229,0.0033666054843043245,0.2709706056638139,0.0005071540672881348,0.00011256610153421527,0.04666770993525019,0.3043709295321603,0.39156751921401867,768,221184,0.00018731496507972184,0,0.0001983785146490111,4.2142017266945385e-05,2,0.0005264335486200753,0.00011591975261576161
C6|O_LR_ORIGIN|64|FULL|1e-05|0.01|8,joint_1_minus_no_x_off_1,active,C6,O_LR_ORIGIN,64,FULL,1e-05,0.01,8,N2C,4,1,14,1,14,0.48758010856525613,2.48619199004388e-05,0.00016644980411819834,0.3864788100047988,0.00017713975423443357,3.941482923537551e-05,0.0002455998793682189,0.0033302812797343733,0.2715648876355244,0.0005180248297593503,0.00011591164051087835,0.045410037994584276,0.29615222399813296,0.39157813485407306,736,211968,0.00018968779908470218,0,0.00020163049237137325,4.344096563502684e-05,2,0.0005398779900397007,0.00011916424985056743
C6|O_LR_ORIGIN|64|FULL|1e-05|0.1|8,joint_1_minus_joint_0,all,C6,O_LR_ORIGIN,64,FULL,1e-05,0.1,8,N2C,4,1,14,1,14,0.640889788928729,3.7328715884589793e-05,0.0002832048205567812,0.363053981992725,0.00019931220925538157,5.213385032103021e-05,0.000332360494937571,0.0063696898543975,0.22842601069701698,0.0005599714584397374,0.00015289192515884588,0.07060800963530997,0.5328118928103126,0.36403239222913064,768,221184,0.0002558231595197295,1,0.0002214090109787216,5.868722367210602e-05,2,0.0005783104253289417,0.00015897954037093944
C6|O_LR_ORIGIN|64|FULL|1e-05|0.1|8,joint_1_minus_joint_0,active,C6,O_LR_ORIGIN,64,FULL,1e-05,0.1,8,N2C,4,1,14,1,14,0.640889788928729,3.7328715884589793e-05,0.0002832048205567812,0.363053981992725,0.00019931220925538157,5.213385032103021e-05,0.000332360494937571,0.0063696898543975,0.22842601069701698,0.0005599714584397374,0.00015289192515884588,0.07060800963530997,0.5328118928103126,0.36403239222913064,768,221184,0.0002558231595197295,1,0.0002214090109787216,5.868722367210602e-05,2,0.0005783104253289417,0.00015897954037093944
C6|O_LR_ORIGIN|64|FULL|1e-05|0.1|8,no_x_off_1_minus_joint_0,all,C6,O_LR_ORIGIN,64,FULL,1e-05,0.1,8,N2C,4,1,14,1,14,0.23829065329525848,6.068387846083278e-06,3.1324625793816554e-05,0.44014291879974393,8.778207953663523e-05,1.9213591264349886e-05,0.0001010945878165869,0.0011898953808627498,0.2914805387987617,0.000390321490648597,7.953279877964578e-05,0.010723315857139771,0.07359555026887879,0.3817145994843726,768,221184,0.00010079624096190244,1,0.000101905166114712,2.2584087436162866e-05,3,0.0004231956263849417,8.167609949415469e-05
C6|O_LR_ORIGIN|64|FULL|1e-05|0.1|8,no_x_off_1_minus_joint_0,active,C6,O_LR_ORIGIN,64,FULL,1e-05,0.1,8,N2C,4,1,14,1,14,0.23819178867658705,5.56127948698495e-06,3.013801965718407e-05,0.42956610389678296,8.75162552808112e-05,2.075149140431584e-05,0.00010088686466294245,0.001189421840666848,0.2912388839992169,0.00040315196793977616,9.014036015896626e-05,0.010602991824079986,0.073314350774121,0.38029421299010274,672,193536,0.00011300085124811152,0,9.992076160762394e-05,2.4241444261686833e-05,3,0.0004344951860324965,9.243722763940537e-05
C6|O_LR_ORIGIN|64|FULL|1e-05|0.1|8,joint_1_minus_no_x_off_1,all,C6,O_LR_ORIGIN,64,FULL,1e-05,0.1,8,N2C,4,1,14,1,14,0.49431821889130073,2.5757091042505804e-05,0.00018282859450720028,0.3753412933953515,0.00017690097288287546,3.8879203803488224e-05,0.0002475337914499363,0.0033666054843043245,0.2711571956264813,0.000507189275439651,0.00011261337817084211,0.046682970476763515,0.3043709295321603,0.39163153611097157,768,221184,0.00018735236645868515,0,0.00019826925874174176,4.215837719417242e-05,2,0.00052749792882947,0.00011597429846308033
C6|O_LR_ORIGIN|64|FULL|1e-05|0.1|8,joint_1_minus_no_x_off_1,active,C6,O_LR_ORIGIN,64,FULL,1e-05,0.1,8,N2C,4,1,14,1,14,0.4876558295210308,2.4879904075788832e-05,0.00016644980411819834,0.38661856683447127,0.00017721004287369195,3.942675746570558e-05,0.00024594097315895847,0.0033302812797343733,0.27175339945043997,0.0005175288684924462,0.00011596135037683147,0.045425172196819935,0.29615222399813296,0.3916433817604491,736,211968,0.00018972664553854756,0,0.0002015488485462753,4.3458031305784574e-05,2,0.000540922195560692,0.00011922128985715364
C6|O_LR_ORIGIN|64|FULL|0.01|0.01|8,joint_1_minus_joint_0,all,C6,O_LR_ORIGIN,64,FULL,0.01,0.01,8,N2C,4,1,14,1,14,0.5840999843506723,3.9853045700309035e-05,0.0002832048205567812,0.37512882600586195,0.00022052835029898145,5.3747290469780396e-05,0.00044517715885841676,0.0063696898543975,0.2643670308259793,0.0007204749731943253,0.00019698098752048086,0.07386493174985315,0.5328118928103126,0.37233357081367213,768,221184,0.00026609395321117467,0,0.00024372441048287055,5.704900785925824e-05,2,0.0007769465293409037,0.00020459388182440317
C6|O_LR_ORIGIN|64|FULL|0.01|0.01|8,joint_1_minus_joint_0,active,C6,O_LR_ORIGIN,64,FULL,0.01,0.01,8,N2C,4,1,14,1,14,0.5840999843506723,3.9853045700309035e-05,0.0002832048205567812,0.37512882600586195,0.00022052835029898145,5.3747290469780396e-05,0.00044517715885841676,0.0063696898543975,0.2643670308259793,0.0007204749731943253,0.00019698098752048086,0.07386493174985315,0.5328118928103126,0.37233357081367213,768,221184,0.00026609395321117467,0,0.00024372441048287055,5.704900785925824e-05,2,0.0007769465293409037,0.00020459388182440317
C6|O_LR_ORIGIN|64|FULL|0.01|0.01|8,no_x_off_1_minus_joint_0,all,C6,O_LR_ORIGIN,64,FULL,0.01,0.01,8,N2C,4,1,14,1,14,0.21875562105863036,5.788761213545759e-06,3.1324625793816554e-05,0.42988260490304436,8.711517972890905e-05,1.810034869409277e-05,0.00016394180926578643,0.0011898953808627498,0.3711850469640568,0.00046405118351327727,0.00010339286593501002,0.012187141113645989,0.07359555026887879,0.4069350907684909,768,221184,0.00010713037738961142,3,0.00010095451436516341,1.9341355964463272e-05,2,0.0004836084628374564,0.00010575643032803657
C6|O_LR_ORIGIN|64|FULL|0.01|0.01|8,no_x_off_1_minus_joint_0,active,C6,O_LR_ORIGIN,64,FULL,0.01,0.01,8,N2C,4,1,14,1,14,0.21865700842665842,5.263969887929253e-06,3.013801965718407e-05,0.4179259537436434,8.651567978562737e-05,1.9457579835562113e-05,0.00016372006823318216,0.001189421840666848,0.3710077690582417,0.0004714884508660251,0.00011738033408783012,0.012061717412004496,0.073314350774121,0.4056113304145027,672,193536,0.00012019005469921025,3,0.00010046341399486927,2.0794915763846083e-05,2,0.0004910329238708044,0.00012016923205364267
C6|O_LR_ORIGIN|64|FULL|0.01|0.01|8,joint_1_minus_no_x_off_1,all,C6,O_LR_ORIGIN,64,FULL,0.01,0.01,8,N2C,4,1,14,1,14,0.4468523149038214,2.9169766720087998e-05,0.00018282859450720028,0.3994334373129834,0.00018960286976499324,4.147379283081144e-05,0.0002591927667100843,0.0033666054843043245,0.2774695472187413,0.0005959768453485594,0.00012204456048892784,0.04604976956644213,0.3043709295321603,0.38896645192444745,768,221184,0.00018675003180554652,1,0.00022136693316280072,4.7914127010015416e-05,4,0.000626185865316596,0.00012247203126238853
C6|O_LR_ORIGIN|64|FULL|0.01|0.01|8,joint_1_minus_no_x_off_1,active,C6,O_LR_ORIGIN,64,FULL,0.01,0.01,8,N2C,4,1,14,1,14,0.4403069461825655,2.8409422236572978e-05,0.00016644980411819834,0.41313268597089936,0.00019199775381697234,4.2200779105565276e-05,0.00025643682993376193,0.0033302812797343733,0.2774915365197106,0.0006096942850182053,0.00012536501138802329,0.04483287872951174,0.29615222399813296,0.38908170806992715,736,211968,0.00018917420624308895,1,0.00022279691752704622,4.900278432684632e-05,0,0.0006388552135684308,0.0001300675117719253
C6|O_LR_ORIGIN|64|FULL|0.01|0.1|8,joint_1_minus_joint_0,all,C6,O_LR_ORIGIN,64,FULL,0.01,0.1,8,N2C,4,1,14,1,14,0.6175471959270725,3.715311328760891e-05,0.0002832048205567812,0.36219903192566016,0.00020297052994121113,5.260671224088779e-05,0.00031206685518568795,0.0063696898543975,0.22134243272633355,0.0005843760714254366,0.00015869559539108676,0.06813473199213566,0.5328118928103126,0.35759984422211866,768,221184,0.00025347745181672634,1,0.00022934745357065765,6.0359982427670495e-05,0,0.0005953184150264812,0.00016062837191606075
C6|O_LR_ORIGIN|64|FULL|0.01|0.1|8,joint_1_minus_joint_0,active,C6,O_LR_ORIGIN,64,FULL,0.01,0.1,8,N2C,4,1,14,1,14,0.6175471959270725,3.715311328760891e-05,0.0002832048205567812,0.36219903192566016,0.00020297052994121113,5.260671224088779e-05,0.00031206685518568795,0.0063696898543975,0.22134243272633355,0.0005843760714254366,0.00015869559539108676,0.06813473199213566,0.5328118928103126,0.35759984422211866,768,221184,0.00025347745181672634,1,0.00022934745357065765,6.0359982427670495e-05,0,0.0005953184150264812,0.00016062837191606075
C6|O_LR_ORIGIN|64|FULL|0.01|0.1|8,no_x_off_1_minus_joint_0,all,C6,O_LR_ORIGIN,64,FULL,0.01,0.1,8,N2C,4,1,14,1,14,0.22841325216388883,5.891867933232606e-06,3.1324625793816554e-05,0.4336941418925753,8.822973252394985e-05,1.877360180415404e-05,0.0001268474823246401,0.0011898953808627498,0.32650251923844353,0.00042310664267050516,9.001187274434275e-05,0.011525613790886914,0.07359555026887879,0.3957366317208462,768,221184,0.000104097712163298,1,0.00010296763346134203,2.230884313528974e-05,3,0.00045178067016639567,9.272484758203216e-05
C6|O_LR_ORIGIN|64|FULL|0.01|0.1|8,no_x_off_1_minus_joint_0,active,C6,O_LR_ORIGIN,64,FULL,0.01,0.1,8,N2C,4,1,14,1,14,0.22831227573129656,5.379376867726472e-06,3.013801965718407e-05,0.422482407837605,8.758241691883297e-05,2.024200010078849e-05,0.0001266376215736272,0.001189421840666848,0.3262972534292627,0.00043386284258206285,0.00010211176694554835,0.011404092375373306,0.073314350774121,0.3943990559435612,672,193536,0.00011676196556717128,0,0.00010153685839463403,2.3512295251297e-05,2,0.00046070660295551436,0.0001057538042659732
C6|O_LR_ORIGIN|64|FULL|0.01|0.1|8,joint_1_minus_no_x_off_1,all,C6,O_LR_ORIGIN,64,FULL,0.01,0.1,8,N2C,4,1,14,1,14,0.47525386720818297,2.6361939998307244e-05,0.00018282859450720028,0.3797227551208941,0.00017855759041147847,3.990156206156314e-05,0.0002179353139029265,0.0033666054843043245,0.25442963265488744,0.0005172442028937284,0.00011359950359607587,0.043769281185749374,0.3043709295321603,0.37921291675616076,768,221184,0.00018287537896291494,1,0.00019499355658743605,4.455471309359202e-05,0,0.0005362085376059397,0.00011487366909181784
C6|O_LR_ORIGIN|64|FULL|0.01|0.1|8,joint_1_minus_no_x_off_1,active,C6,O_LR_ORIGIN,64,FULL,0.01,0.1,8,N2C,4,1,14,1,14,0.4684872889780746,2.546303239907761e-05,0.00016644980411819834,0.3911230555786786,0.00017881680806422582,4.047278301219927e-05,0.00021628262724884812,0.0033302812797343733,0.25484162175011815,0.0005229835077928148,0.00011695470831761552,0.042514487637847063,0.29615222399813296,0.37888810897034353,736,211968,0.00018506080013562442,1,0.00019624969784154655,4.5403383229068046e-05,0,0.0005575490914895428,0.00011891673125758083
C2|O_LR_MIX|64|FULL|0.01|0.01|8,joint_1_minus_joint_0,all,C2,O_LR_MIX,64,FULL,0.01,0.01,8,N2C,4,1,14,1,14,0.6197752508423862,3.857742297649752e-05,0.0002832048205567812,0.3690764084074871,0.00020563232770503108,5.353686641475669e-05,0.0003240468347394121,0.0063696898543975,0.22555099562081257,0.0005854713747243244,0.00016041520267974594,0.06822976018585318,0.5328118928103126,0.3578491313753077,768,221184,0.00025412057617547423,0,0.0002283360773581352,5.809204651850198e-05,0,0.0006078076761469363,0.00015953266536531
C2|O_LR_MIX|64|FULL|0.01|0.01|8,joint_1_minus_joint_0,active,C2,O_LR_MIX,64,FULL,0.01,0.01,8,N2C,4,1,14,1,14,0.6197752508423862,3.857742297649752e-05,0.0002832048205567812,0.3690764084074871,0.00020563232770503108,5.353686641475669e-05,0.0003240468347394121,0.0063696898543975,0.22555099562081257,0.0005854713747243244,0.00016041520267974594,0.06822976018585318,0.5328118928103126,0.3578491313753077,768,221184,0.00025412057617547423,0,0.0002283360773581352,5.809204651850198e-05,0,0.0006078076761469363,0.00015953266536531
C2|O_LR_MIX|64|FULL|0.01|0.01|8,no_x_off_1_minus_joint_0,all,C2,O_LR_MIX,64,FULL,0.01,0.01,8,N2C,4,1,14,1,14,0.22925550031620345,5.865322414911934e-06,3.1324625793816554e-05,0.4327160452501797,8.894665384638048e-05,1.8749780848143346e-05,0.00012675991167425182,0.0011898953808627498,0.3263897973544317,0.00042894179870080527,9.044250586259767e-05,0.01158918458143632,0.07359555026887879,0.3968264954309771,768,221184,0.00010457414610617508,0,0.00010282322823653356,2.170904344173668e-05,2,0.0004562399794165042,9.66090596528062e-05
C2|O_LR_MIX|64|FULL|0.01|0.01|8,no_x_off_1_minus_joint_0,active,C2,O_LR_MIX,64,FULL,0.01,0.01,8,N2C,4,1,14,1,14,0.229153628334245,5.379514033102916e-06,3.013801965718407e-05,0.42248779411100934,8.78489413677739e-05,2.0252443780946942e-05,0.00012655757772576638,0.001189421840666848,0.32619411576840657,0.00043597247785223117,0.00010261259818310232,0.01146824950476059,0.073314350774121,0.3955069048661208,672,193536,0.00011731305774804432,0,0.00010421613316385834,2.3712027245124237e-05,3,0.0004643317847175653,0.0001061418736284958
C2|O_LR_MIX|64|FULL|0.01|0.01|8,joint_1_minus_no_x_off_1,all,C2,O_LR_MIX,64,FULL,0.01,0.01,8,N2C,4,1,14,1,14,0.4773287330730808,2.803784204350656e-05,0.00018282859450720028,0.39160680685884935,0.00018338372529439712,4.139293522233544e-05,0.00023084524456563345,0.0033666054843043245,0.2618570994473525,0.0005090029556346918,0.000115743369638551,0.0441750274902712,0.3043709295321603,0.38096653589143037,768,221184,0.0001850559938835531,1,0.00021302380584318885,4.7839441544964315e-05,4,0.0005346181649568491,0.00011537708536155816
C2|O_LR_MIX|64|FULL|0.01|0.01|8,joint_1_minus_no_x_off_1,active,C2,O_LR_MIX,64,FULL,0.01,0.01,8,N2C,4,1,14,1,14,0.4705531613988907,2.7278768629645126e-05,0.00016644980411819834,0.40482818084246147,0.0001837923903052316,4.2062125624861945e-05,0.0002275545709984142,0.0033302812797343733,0.26139803819183854,0.0005148733762339005,0.00011872334760338584,0.04301777375845819,0.29615222399813296,0.3811241478934525,736,211968,0.0001875091239168685,1,0.00021442532628105097,4.904377671459097e-05,4,0.0005510345924762152,0.00011983892786993421
C3|O_LR_MIX|64|FULL|1e-05|0.01|8,joint_1_minus_joint_0,all,C3,O_LR_MIX,64,FULL,1e-05,0.01,8,N2C,4,1,14,1,14,0.6425153114322667,3.935425221314196e-05,0.0002832048205567812,0.37277391223404943,0.0002103590228495386,5.358767480640741e-05,0.000354505554117568,0.0063696898543975,0.2359132744135894,0.0005736844907578585,0.00015554345261725692,0.07138699827562825,0.5328118928103126,0.366034992485537,768,221184,0.0002591500239652079,1,0.0002278461328766747,6.361385765715388e-05,1,0.0005971026383323821,0.00015036403502063524
C3|O_LR_MIX|64|FULL|1e-05|0.01|8,joint_1_minus_joint_0,active,C3,O_LR_MIX,64,FULL,1e-05,0.01,8,N2C,4,1,14,1,14,0.6425153114322667,3.935425221314196e-05,0.0002832048205567812,0.37277391223404943,0.0002103590228495386,5.358767480640741e-05,0.000354505554117568,0.0063696898543975,0.2359132744135894,0.0005736844907578585,0.00015554345261725692,0.07138699827562825,0.5328118928103126,0.366034992485537,768,221184,0.0002591500239652079,1,0.0002278461328766747,6.361385765715388e-05,1,0.0005971026383323821,0.00015036403502063524
C3|O_LR_MIX|64|FULL|1e-05|0.01|8,no_x_off_1_minus_joint_0,all,C3,O_LR_MIX,64,FULL,1e-05,0.01,8,N2C,4,1,14,1,14,0.23927390849370786,6.197546953280959e-06,3.1324625793816554e-05,0.4448022414355004,8.773427969108504e-05,1.9504131530830388e-05,0.00010229502846720313,0.0011898953808627498,0.293206014346182,0.000392215663783819,8.001986630216533e-05,0.010970085487919747,0.07359555026887879,0.3860817095170143,768,221184,0.00010283669579819421,1,0.00010267483974190866,2.305876319659825e-05,3,0.00042350610897861723,8.397768966198935e-05
C3|O_LR_MIX|64|FULL|1e-05|0.01|8,no_x_off_1_minus_joint_0,active,C3,O_LR_MIX,64,FULL,1e-05,0.01,8,N2C,4,1,14,1,14,0.23917435105458346,5.716969232708103e-06,3.013801965718407e-05,0.43553751769635046,8.724595695638669e-05,2.11213158597175e-05,0.00010209463899612507,0.001189421840666848,0.29297699109699377,0.00040418017818900866,9.070524274294081e-05,0.010850275912986979,0.073314350774121,0.38470328473332077,672,193536,0.00011533862484775935,0,0.0001023441829289774,2.4590251811739104e-05,3,0.0004372980664052838,9.51053876075011e-05
C3|O_LR_MIX|64|FULL|1e-05|0.01|8,joint_1_minus_no_x_off_1,all,C3,O_LR_MIX,64,FULL,1e-05,0.01,8,N2C,4,1,14,1,14,0.4960326391320862,2.798554007216542e-05,0.00018282859450720028,0.3912413834321636,0.00018659976465853792,4.074788733829295e-05,0.00026751254978650633,0.0033666054843043245,0.28188759681836717,0.0005044906395321768,0.00011522117414883336,0.04765238757026378,0.3043709295321603,0.39567694637556444,768,221184,0.0001915670493807486,1,0.00021411122812974565,4.694267404446363e-05,4,0.0005425207033021425,0.00011439703159126847
C3|O_LR_MIX|64|FULL|1e-05|0.01|8,joint_1_minus_no_x_off_1,active,C3,O_LR_MIX,64,FULL,1e-05,0.01,8,N2C,4,1,14,1,14,0.48938497336403547,2.7249134166314034e-05,0.00016644980411819834,0.4046082272581864,0.00018710278026364078,4.141104138893942e-05,0.000264291989943611,0.0033302812797343733,0.2817095321669075,0.0005110857724062483,0.0001181895678464379,0.04650090862699639,0.29615222399813296,0.3962535995420009,736,211968,0.00019430916057156487,1,0.00021618680052609327,4.8111354290075204e-05,4,0.0005533207880153933,0.00011881473671731965
C3|O_LR_MIX|64|FULL|1e-05|0.1|8,joint_1_minus_joint_0,all,C3,O_LR_MIX,64,FULL,1e-05,0.1,8,N2C,4,1,14,1,14,0.6425949344795923,3.9380178998799885e-05,0.0002832048205567812,0.3728966847108738,0.0002103620431786585,5.360282516224574e-05,0.00035492574941121605,0.0063696898543975,0.2360530469633838,0.0005732205378541444,0.00015556948696204408,0.07140396516536485,0.5328118928103126,0.36607848854597336,768,221184,0.000259190654070188,1,0.00022783753221311429,6.3635269758562e-05,1,0.0005970698292608171,0.00015038997997708905
C3|O_LR_MIX|64|FULL|1e-05|0.1|8,joint_1_minus_joint_0,active,C3,O_LR_MIX,64,FULL,1e-05,0.1,8,N2C,4,1,14,1,14,0.6425949344795923,3.9380178998799885e-05,0.0002832048205567812,0.3728966847108738,0.0002103620431786585,5.360282516224574e-05,0.00035492574941121605,0.0063696898543975,0.2360530469633838,0.0005732205378541444,0.00015556948696204408,0.07140396516536485,0.5328118928103126,0.36607848854597336,768,221184,0.000259190654070188,1,0.00022783753221311429,6.3635269758562e-05,1,0.0005970698292608171,0.00015038997997708905
C3|O_LR_MIX|64|FULL|1e-05|0.1|8,no_x_off_1_minus_joint_0,all,C3,O_LR_MIX,64,FULL,1e-05,0.1,8,N2C,4,1,14,1,14,0.2392960620214384,6.201577439514033e-06,3.1324625793816554e-05,0.44494685332334194,8.773056972199297e-05,1.9511959180396263e-05,0.00010222906899052748,0.0011898953808627498,0.29311146999683796,0.00039218688998980954,7.998437294214098e-05,0.010971395352530127,0.07359555026887879,0.386104758547647,768,221184,0.00010284640997259088,1,0.00010269333538799448,2.3069060805063894e-05,3,0.00042339740496767544,8.394637882183277e-05
C3|O_LR_MIX|64|FULL|1e-05|0.1|8,no_x_off_1_minus_joint_0,active,C3,O_LR_MIX,64,FULL,1e-05,0.1,8,N2C,4,1,14,1,14,0.23919650628831957,5.721013260582709e-06,3.013801965718407e-05,0.4356915341360045,8.720342049955388e-05,2.113027926411324e-05,0.0001020286935477086,0.001189421840666848,0.292882355276012,0.0004039836246122176,9.066470778927048e-05,0.010851590052308282,0.073314350774121,0.3847265808416803,672,193536,0.00011534976861663766,0,0.00010236010642118162,2.4603689665406433e-05,3,0.0004372960993674806,9.506965080602793e-05
C3|O_LR_MIX|64|FULL|1e-05|0.1|8,joint_1_minus_no_x_off_1,all,C3,O_LR_MIX,64,FULL,1e-05,0.1,8,N2C,4,1,14,1,14,0.49611197092627046,2.8000058955525435e-05,0.00018282859450720028,0.391342858183812,0.00018649830373806517,4.075612151750874e-05,0.00026800581763141443,0.0033666054843043245,0.28214736416305264,0.000504709162678129,0.00011528730013350127,0.047671392441852055,0.3043709295321603,0.39575584105768613,768,221184,0.00019161071726067166,1,0.00021412172491434682,4.695109220678345e-05,4,0.0005420922388662949,0.00011445545550057092
C3|O_LR_MIX|64|FULL|1e-05|0.1|8,joint_1_minus_no_x_off_1,active,C3,O_LR_MIX,64,FULL,1e-05,0.1,8,N2C,4,1,14,1,14,0.4894647148112737,2.7263602889300677e-05,0.00016644980411819834,0.4047156322755162,0.00018727290992071936,4.1419597218179605e-05,0.00026478613477166587,0.0033302812797343733,0.281972764324134,0.000510823616585663,0.00011825871369211668,0.046519884493532525,0.29615222399813296,0.39633444192435935,736,211968,0.00019435463791088074,1,0.00021611329974182965,4.811999028856454e-05,4,0.000553241714507446,0.0001188757200751386
C3|O_LR_MIX|64|FULL|0.01|0.01|8,joint_1_minus_joint_0,all,C3,O_LR_MIX,64,FULL,0.01,0.01,8,N2C,4,1,14,1,14,0.5883082961355139,4.1867789433129406e-05,0.0002832048205567812,0.38449411322218413,0.00022497877880170067,5.533136190967435e-05,0.0004172131560507846,0.0063696898543975,0.2559292087515504,0.0007177238928846911,0.0001898186692943657,0.07275980721837731,0.5328118928103126,0.3695377539212579,768,221184,0.0002636489451613345,0,0.00024969966509464194,6.061001695818613e-05,2,0.000768312660690336,0.00020267527655646106
C3|O_LR_MIX|64|FULL|0.01|0.01|8,joint_1_minus_joint_0,active,C3,O_LR_MIX,64,FULL,0.01,0.01,8,N2C,4,1,14,1,14,0.5883082961355139,4.1867789433129406e-05,0.0002832048205567812,0.38449411322218413,0.00022497877880170067,5.533136190967435e-05,0.0004172131560507846,0.0063696898543975,0.2559292087515504,0.0007177238928846911,0.0001898186692943657,0.07275980721837731,0.5328118928103126,0.3695377539212579,768,221184,0.0002636489451613345,0,0.00024969966509464194,6.061001695818613e-05,2,0.000768312660690336,0.00020267527655646106
C3|O_LR_MIX|64|FULL|0.01|0.01|8,no_x_off_1_minus_joint_0,all,C3,O_LR_MIX,64,FULL,0.01,0.01,8,N2C,4,1,14,1,14,0.22040905445075418,5.880659170290399e-06,3.1324625793816554e-05,0.4332814129352486,8.988315041408088e-05,1.8126299152855417e-05,0.00016411560069620634,0.0011898953808627498,0.3713817377700511,0.00046240265404421814,0.00010371502480108797,0.012178044257139468,0.07359555026887879,0.4067831879907382,768,221184,0.0001070424695959568,1,0.00010361276138991437,2.0509313499415453e-05,3,0.0004785869281589357,0.00010637154312941577
C3|O_LR_MIX|64|FULL|0.01|0.01|8,no_x_off_1_minus_joint_0,active,C3,O_LR_MIX,64,FULL,0.01,0.01,8,N2C,4,1,14,1,14,0.22031046941603544,5.381958121018091e-06,3.013801965718407e-05,0.4225837581745433,8.93687741269988e-05,1.9523494064002555e-05,0.00016389963921982959,0.001189421840666848,0.37121117714917307,0.0004712175036940899,0.00011775388351962291,0.01205296834997636,0.073314350774121,0.4054641970368851,672,193536,0.00012009438781779572,1,0.0001009422882139464,2.192284350659531e-05,3,0.0004916840676483913,0.00012064956366916702
C3|O_LR_MIX|64|FULL|0.01|0.01|8,joint_1_minus_no_x_off_1,all,C3,O_LR_MIX,64,FULL,0.01,0.01,8,N2C,4,1,14,1,14,0.44976291517601535,3.1406871698971066e-05,0.00018282859450720028,0.41446730756456446,0.00019851176575823204,4.346425966145767e-05,0.00025062683391742995,0.0033666054843043245,0.2728460498553979,0.0005550838170583306,0.00012062320559869417,0.04572757350819808,0.3043709295321603,0.387603324145057,768,221184,0.0001871656441572861,1,0.00022765866493740643,5.103813644740408e-05,4,0.0006173417107598402,0.00011880998803857391
C3|O_LR_MIX|64|FULL|0.01|0.01|8,joint_1_minus_no_x_off_1,active,C3,O_LR_MIX,64,FULL,0.01,0.01,8,N2C,4,1,14,1,14,0.44320665744335563,3.0677647421488834e-05,0.00016644980411819834,0.4293083956200269,0.0002002495443929934,4.4251223506263465e-05,0.00024615673189813154,0.0033302812797343733,0.27187257503210566,0.0005615096019053346,0.0001234091469445425,0.04455954256736689,0.29615222399813296,0.38789382210138,736,211968,0.00018972993547690457,1,0.00022874446732124473,5.2502002063994944e-05,4,0.0006326434116620528,0.00012340353200765848
C3|O_LR_MIX|64|FULL|0.01|0.1|8,joint_1_minus_joint_0,all,C3,O_LR_MIX,64,FULL,0.01,0.1,8,N2C,4,1,14,1,14,0.6185368012193815,3.846945489637607e-05,0.0002832048205567812,0.36855957254087823,0.0002067296168202712,5.339693921874862e-05,0.000321400302412294,0.0063696898543975,0.2246280552665238,0.0005861044612225896,0.0001604619820357433,0.06815813836250102,0.5328118928103126,0.35766126220548367,768,221184,0.0002538779346846913,0,0.00022867990067546647,5.794155892211843e-05,0,0.0006128310121377213,0.00015966406823535235
C3|O_LR_MIX|64|FULL|0.01|0.1|8,joint_1_minus_joint_0,active,C3,O_LR_MIX,64,FULL,0.01,0.1,8,N2C,4,1,14,1,14,0.6185368012193815,3.846945489637607e-05,0.0002832048205567812,0.36855957254087823,0.0002067296168202712,5.339693921874862e-05,0.000321400302412294,0.0063696898543975,0.2246280552665238,0.0005861044612225896,0.0001604619820357433,0.06815813836250102,0.5328118928103126,0.35766126220548367,768,221184,0.0002538779346846913,0,0.00022867990067546647,5.794155892211843e-05,0,0.0006128310121377213,0.00015966406823535235
C3|O_LR_MIX|64|FULL|0.01|0.1|8,no_x_off_1_minus_joint_0,all,C3,O_LR_MIX,64,FULL,0.01,0.1,8,N2C,4,1,14,1,14,0.22894404500248236,5.834954736819952e-06,3.1324625793816554e-05,0.43159439893345886,8.804444705371559e-05,1.867890048721268e-05,0.00012750909471996656,0.0011898953808627498,0.3273528994143445,0.00043124839425606255,9.06619004010776e-05,0.011573975090683879,0.07359555026887879,0.39656601504913985,768,221184,0.0001044481710525538,0,0.00010254990189372601,2.1579253331694335e-05,2,0.0004567885269939569,9.675990924966106e-05
C3|O_LR_MIX|64|FULL|0.01|0.1|8,no_x_off_1_minus_joint_0,active,C3,O_LR_MIX,64,FULL,0.01,0.1,8,N2C,4,1,14,1,14,0.2288421744372281,5.348942826063486e-06,3.013801965718407e-05,0.4212856070656535,8.756197203821726e-05,2.0171171879828296e-05,0.00012730648503100808,0.001189421840666848,0.32715782268077265,0.00043781140070835487,0.00010286276216913621,0.011452970987592313,0.073314350774121,0.39524336102779645,672,193536,0.0001171684465014735,0,0.00010405868406522309,2.356358896868672e-05,3,0.00046525682575200913,0.00010627854877005296
C3|O_LR_MIX|64|FULL|0.01|0.1|8,joint_1_minus_no_x_off_1,all,C3,O_LR_MIX,64,FULL,0.01,0.1,8,N2C,4,1,14,1,14,0.4762227156908192,2.7948230473644503e-05,0.00018282859450720028,0.3909805000035413,0.0001836011224733405,4.128242169244053e-05,0.00022670930281231883,0.0033666054843043245,0.25950071416977905,0.0005088944786808253,0.00011526726865951252,0.04404716494987545,0.3043709295321603,0.3804147914881286,768,221184,0.00018470876582933152,1,0.00021307195277827452,4.7808691206903475e-05,4,0.0005294599137643966,0.00011475831245139427
C3|O_LR_MIX|64|FULL|0.01|0.1|8,joint_1_minus_no_x_off_1,active,C3,O_LR_MIX,64,FULL,0.01,0.1,8,N2C,4,1,14,1,14,0.4694528438565367,2.7194084162514934e-05,0.00016644980411819834,0.4041993161845329,0.0001837501747613504,4.1949823638271675e-05,0.00022338361887141872,0.0033302812797343733,0.25899131642820095,0.0005139675907377689,0.00011822395369579399,0.042892638034932144,0.29615222399813296,0.3805694123071181,736,211968,0.0001871526548072103,1,0.00021550248291364403,4.9015327624437715e-05,4,0.0005562209569419148,0.00011919316377691089
C4_PCA|O_LR_MIX|64|1|1e-05|0.01|8,joint_1_minus_joint_0,all,C4_PCA,O_LR_MIX,64,1,1e-05,0.01,8,N2C,4,1,1,1,14,0.5793372233913161,4.599183665380752e-05,0.0002832048205567812,0.4029860901608811,0.00022340596478487995,6.179154865714232e-05,0.0005839703677281401,0.0063696898543975,0.3027863284774118,0.0007685453755824598,0.00022782884966162788,0.08035694146728908,0.5328118928103126,0.38835128286789666,768,221184,0.0003025301642291507,1,0.00025786623664408534,7.242263190495876e-05,0,0.0008378014547862563,0.0002290602979054163
C4_PCA|O_LR_MIX|64|1|1e-05|0.01|8,joint_1_minus_joint_0,active,C4_PCA,O_LR_MIX,64,1,1e-05,0.01,8,N2C,4,1,1,1,14,0.5793372233913161,4.599183665380752e-05,0.0002832048205567812,0.4029860901608811,0.00022340596478487995,6.179154865714232e-05,0.0005839703677281401,0.0063696898543975,0.3027863284774118,0.0007685453755824598,0.00022782884966162788,0.08035694146728908,0.5328118928103126,0.38835128286789666,768,221184,0.0003025301642291507,1,0.00025786623664408534,7.242263190495876e-05,0,0.0008378014547862563,0.0002290602979054163
C4_PCA|O_LR_MIX|64|1|1e-05|0.01|8,no_x_off_1_minus_joint_0,all,C4_PCA,O_LR_MIX,64,1,1e-05,0.01,8,N2C,4,1,1,1,14,0.20581325906547174,7.294974020590511e-06,3.1324625793816554e-05,0.4825795665466078,9.608560054587507e-05,2.2286188216243822e-05,0.00025213332506826113,0.0011898953808627498,0.4603209451976643,0.0005328473070436698,0.00013832088417708058,0.017225193446251445,0.07359555026887879,0.48378931863560243,768,221184,0.00013108638579329755,1,0.00011625177282345056,2.5648207019840556e-05,2,0.0005583965904234117,0.00014183340315799156
C4_PCA|O_LR_MIX|64|1|1e-05|0.01|8,no_x_off_1_minus_joint_0,active,C4_PCA,O_LR_MIX,64,1,1e-05,0.01,8,N2C,4,1,1,1,14,0.20569749843537927,6.814410047809717e-06,3.013801965718407e-05,0.47550684782960934,9.707873188532968e-05,2.430082700499018e-05,0.00025193294990479074,0.001189421840666848,0.4602295833430064,0.0005396867152089745,0.00015733500692828326,0.01710538821581662,0.073314350774121,0.48302762688755424,672,193536,0.0001476240273497566,1,0.00011578365448033005,2.7818054686619427e-05,2,0.0005675625915688777,0.00016150559320112694
C4_PCA|O_LR_MIX|64|1|1e-05|0.01|8,joint_1_minus_no_x_off_1,all,C4_PCA,O_LR_MIX,64,1,1e-05,0.01,8,N2C,4,1,1,1,14,0.4494418264207496,3.4985142279978656e-05,0.00018282859450720028,0.43744127822054973,0.00019449607937743407,4.8000094717440815e-05,0.00037116276721582887,0.0033666054843043245,0.3320366998406278,0.0006279588991666487,0.00015105170276067637,0.05043358481024109,0.3043709295321603,0.407059911750377,768,221184,0.0002120387011490436,0,0.00022988061769033311,5.332457081018091e-05,3,0.0006793368219003635,0.000155055500820056
C4_PCA|O_LR_MIX|64|1|1e-05|0.01|8,joint_1_minus_no_x_off_1,active,C4_PCA,O_LR_MIX,64,1,1e-05,0.01,8,N2C,4,1,1,1,14,0.44209337653032416,3.42486813199248e-05,0.00016644980411819834,0.45360755892063165,0.0001979180194396697,4.897852266258448e-05,0.00036794311600334595,0.0033302812797343733,0.33239147975795413,0.0006312822434638333,0.00015557809199523654,0.04928207377785991,0.29615222399813296,0.4079312611837788,736,211968,0.0002156707888532668,1,0.00023488022729332406,5.531904307248226e-05,3,0.0006715424194872011,0.00015792063092611813
C4_PCA|O_LR_MIX|64|1|0.01|0.01|8,joint_1_minus_joint_0,all,C4_PCA,O_LR_MIX,64,1,0.01,0.01,8,N2C,4,1,1,1,14,0.5736069472906435,4.675862245108616e-05,0.0002832048205567812,0.4063315391943613,0.00022657764083296042,6.235049819931043e-05,0.0005946238963404841,0.0063696898543975,0.3055357517825614,0.0007718961661409168,0.00023006664277091214,0.08154528752755158,0.5328118928103126,0.3912122804353563,768,221184,0.0003053536862999961,1,0.0002607810930505594,7.314560812521723e-05,0,0.000848808753953738,0.00023111177279825672
C4_PCA|O_LR_MIX|64|1|0.01|0.01|8,joint_1_minus_joint_0,active,C4_PCA,O_LR_MIX,64,1,0.01,0.01,8,N2C,4,1,1,1,14,0.5736069472906435,4.675862245108616e-05,0.0002832048205567812,0.4063315391943613,0.00022657764083296042,6.235049819931043e-05,0.0005946238963404841,0.0063696898543975,0.3055357517825614,0.0007718961661409168,0.00023006664277091214,0.08154528752755158,0.5328118928103126,0.3912122804353563,768,221184,0.0003053536862999961,1,0.0002607810930505594,7.314560812521723e-05,0,0.000848808753953738,0.00023111177279825672
C4_PCA|O_LR_MIX|64|1|0.01|0.01|8,no_x_off_1_minus_joint_0,all,C4_PCA,O_LR_MIX,64,1,0.01,0.01,8,N2C,4,1,1,1,14,0.2037775417802598,7.322450638018395e-06,3.1324625793816554e-05,0.48348753358551566,9.633075853717752e-05,2.2321128483802643e-05,0.0002556410455602574,0.0011898953808627498,0.46351191574118233,0.0005361533951586496,0.0001393466450638928,0.017367924204545082,0.07359555026887879,0.48578956214148233,768,221184,0.0001318031975578052,1,0.00011689495548653325,2.5682635057272136e-05,2,0.0005627604542858213,0.00014279255235024907
C4_PCA|O_LR_MIX|64|1|0.01|0.01|8,no_x_off_1_minus_joint_0,active,C4_PCA,O_LR_MIX,64,1,0.01,0.01,8,N2C,4,1,1,1,14,0.20366292614887485,6.836642256209377e-06,3.013801965718407e-05,0.47628189356275463,9.68980077927806e-05,2.433398393598614e-05,0.00025543871161177203,0.001189421840666848,0.46342067243334883,0.0005426128101585832,0.00015850304298458242,0.017246989127869355,0.073314350774121,0.4850227930922566,672,193536,0.00014843197369276447,1,0.00011575324092172087,2.785129771896924e-05,2,0.000571139751194195,0.00016259591590247186
C4_PCA|O_LR_MIX|64|1|0.01|0.01|8,joint_1_minus_no_x_off_1,all,C4_PCA,O_LR_MIX,64,1,0.01,0.01,8,N2C,4,1,1,1,14,0.4449963572663503,3.550261761183952e-05,0.00018282859450720028,0.44066456290787637,0.000196341113748326,4.845819035184455e-05,0.0003720829717570419,0.0033666054843043245,0.33244804570019554,0.0006328934883143346,0.0001504794155511551,0.05096708413491821,0.3043709295321603,0.4092072397329775,768,221184,0.00021335060994709986,0,0.00023263027362987375,5.3795645210106726e-05,3,0.0006888755695401874,0.0001549928085123007
C4_PCA|O_LR_MIX|64|1|0.01|0.01|8,joint_1_minus_no_x_off_1,active,C4_PCA,O_LR_MIX,64,1,0.01,0.01,8,N2C,4,1,1,1,14,0.4377205915486034,3.4743544197978085e-05,0.00016644980411819834,0.4568729180328879,0.00019922449862653653,4.9434565760001884e-05,0.0003687922981898226,0.0033302812797343733,0.33277482468308023,0.0006388065380553642,0.00015496965638175532,0.0498098304031052,0.29615222399813296,0.4101096913874985,736,211968,0.00021703394067883034,1,0.0002368416734876406,5.5934566206404906e-05,3,0.0006801366615666603,0.0001578479982909367
C4_PCA|O_LR_MIX|64|2|1e-05|0.01|8,joint_1_minus_joint_0,all,C4_PCA,O_LR_MIX,64,2,1e-05,0.01,8,N2C,4,1,2,1,14,0.5862392656799447,4.0965420195136605e-05,0.0002832048205567812,0.38032807585484296,0.00021642369305993928,5.855261595559132e-05,0.0005362006055044323,0.0063696898543975,0.2901379289723767,0.0007465975798642958,0.0002121510431326595,0.07330731137388605,0.5328118928103126,0.37092549996702295,768,221184,0.00028570517558506876,1,0.00024134922916785355,6.881939722936364e-05,2,0.0008146173726503087,0.00022537943596464657
C4_PCA|O_LR_MIX|64|2|1e-05|0.01|8,joint_1_minus_joint_0,active,C4_PCA,O_LR_MIX,64,2,1e-05,0.01,8,N2C,4,1,2,1,14,0.5862392656799447,4.0965420195136605e-05,0.0002832048205567812,0.38032807585484296,0.00021642369305993928,5.855261595559132e-05,0.0005362006055044323,0.0063696898543975,0.2901379289723767,0.0007465975798642958,0.0002121510431326595,0.07330731137388605,0.5328118928103126,0.37092549996702295,768,221184,0.00028570517558506876,1,0.00024134922916785355,6.881939722936364e-05,2,0.0008146173726503087,0.00022537943596464657
C4_PCA|O_LR_MIX|64|2|1e-05|0.01|8,no_x_off_1_minus_joint_0,all,C4_PCA,O_LR_MIX,64,2,1e-05,0.01,8,N2C,4,1,2,1,14,0.21068457645550784,7.32770205291828e-06,3.1324625793816554e-05,0.4836608729978421,9.814825367058821e-05,2.179325140959778e-05,0.00023215280144144184,0.0011898953808627498,0.4417052641080497,0.0005121137728420186,0.00013075113852681482,0.016008261481681444,0.07359555026887879,0.46638686026844806,768,221184,0.0001254162329887235,1,0.0001176900284543926,2.4683180247101903e-05,2,0.0005406597018001159,0.00013445924663056902
C4_PCA|O_LR_MIX|64|2|1e-05|0.01|8,no_x_off_1_minus_joint_0,active,C4_PCA,O_LR_MIX,64,2,1e-05,0.01,8,N2C,4,1,2,1,14,0.21057149382492063,6.8471380801374854e-06,3.013801965718407e-05,0.47664735467184355,9.864703665218456e-05,2.3737470654537557e-05,0.00023195242627797145,0.001189421840666848,0.44160248172536964,0.0005167508604403827,0.00014868386904226522,0.01588845625124662,0.073314350774121,0.46552858654485996,672,193536,0.00014114385271595767,1,0.00011655870148192739,2.6715166946346684e-05,2,0.0005460216571980379,0.00015307798574121543
C4_PCA|O_LR_MIX|64|2|1e-05|0.01|8,joint_1_minus_no_x_off_1,all,C4_PCA,O_LR_MIX,64,2,1e-05,0.01,8,N2C,4,1,2,1,14,0.4531192091702592,3.0281485491743565e-05,0.00018282859450720028,0.40697387165768684,0.00018572333024551528,4.482616186719931e-05,0.0003607175640788299,0.0033666054843043245,0.3273312971172624,0.0006113404090058221,0.00014654456808215125,0.046712671919782574,0.3043709295321603,0.39175610157930574,768,221184,0.00020189226378474831,0,0.00022241311761694936,4.94108159194013e-05,2,0.0006280565887692217,0.0001546924824626637
C4_PCA|O_LR_MIX|64|2|1e-05|0.01|8,joint_1_minus_no_x_off_1,active,C4_PCA,O_LR_MIX,64,2,1e-05,0.01,8,N2C,4,1,2,1,14,0.4458313761442154,2.9545024531689715e-05,0.00016644980411819834,0.4213088027147983,0.00018612044236131334,4.5666592731897696e-05,0.00035749791286634694,0.0033302812797343733,0.32763953227039194,0.0006161273459022259,0.00015087499493938425,0.04556116088740139,0.29615222399813296,0.3922291722749332,736,211968,0.00020508320203834997,0,0.00022396526799759565,5.095212835612988e-05,4,0.0006394552317990042,0.0001495511815669217
C4_PCA|O_LR_MIX|64|2|0.01|0.01|8,joint_1_minus_joint_0,all,C4_PCA,O_LR_MIX,64,2,0.01,0.01,8,N2C,4,1,2,1,14,0.5802640649987701,4.1763637329415324e-05,0.0002832048205567812,0.38401557342725945,0.0002186337643810334,5.9109593992250744e-05,0.0005463533462249432,0.0063696898543975,0.292871870075383,0.0007510512331593263,0.0002142568592935832,0.07453236326137513,0.5328118928103126,0.3740119607241329,768,221184,0.0002886327816649604,1,0.0002425687954444545,6.963801686547207e-05,2,0.0008243704187776164,0.00022749794689174408
C4_PCA|O_LR_MIX|64|2|0.01|0.01|8,joint_1_minus_joint_0,active,C4_PCA,O_LR_MIX,64,2,0.01,0.01,8,N2C,4,1,2,1,14,0.5802640649987701,4.1763637329415324e-05,0.0002832048205567812,0.38401557342725945,0.0002186337643810334,5.9109593992250744e-05,0.0005463533462249432,0.0063696898543975,0.292871870075383,0.0007510512331593263,0.0002142568592935832,0.07453236326137513,0.5328118928103126,0.3740119607241329,768,221184,0.0002886327816649604,1,0.0002425687954444545,6.963801686547207e-05,2,0.0008243704187776164,0.00022749794689174408
C4_PCA|O_LR_MIX|64|2|0.01|0.01|8,no_x_off_1_minus_joint_0,all,C4_PCA,O_LR_MIX,64,2,0.01,0.01,8,N2C,4,1,2,1,14,0.20840834440992648,7.296799546256361e-06,3.1324625793816554e-05,0.4826399441624199,9.789074119656583e-05,2.1772004287245585e-05,0.00023566826973248612,0.0011898953808627498,0.44503704914883135,0.0005156293263693458,0.00013180917391155322,0.01612163802431747,0.07359555026887879,0.4680355101107091,768,221184,0.00012599454343005732,1,0.0001171439773674558,2.475319292714865e-05,2,0.0005433474942622394,0.00013542356617715664
C4_PCA|O_LR_MIX|64|2|0.01|0.01|8,no_x_off_1_minus_joint_0,active,C4_PCA,O_LR_MIX,64,2,0.01,0.01,8,N2C,4,1,2,1,14,0.208296276906725,6.810991164447343e-06,3.013801965718407e-05,0.47538754869734207,9.85323015681963e-05,2.370641342563521e-05,0.0002354659357840007,0.001189421840666848,0.44493450758598635,0.0005203783821260163,0.0001498887902390515,0.01600070294764174,0.073314350774121,0.4671700953315704,672,193536,0.00014179351183248116,1,0.0001166808939294779,2.678907814168526e-05,2,0.0005498747464873364,0.00015417421741893765
C4_PCA|O_LR_MIX|64|2|0.01|0.01|8,joint_1_minus_no_x_off_1,all,C4_PCA,O_LR_MIX,64,2,0.01,0.01,8,N2C,4,1,2,1,14,0.44854674462032545,3.08890963013465e-05,0.00018282859450720028,0.41103664397152706,0.000188104824213352,4.536726788552215e-05,0.0003610826575850172,0.0033666054843043245,0.3274969063349272,0.0006150531371173879,0.0001461475107681647,0.04727798612443171,0.3043709295321603,0.39411947819301946,768,221184,0.00020344332060227754,0,0.00022626430055733008,5.0076006263431186e-05,2,0.0006367843747592752,0.00015463080770596548
C4_PCA|O_LR_MIX|64|2|0.01|0.01|8,joint_1_minus_no_x_off_1,active,C4_PCA,O_LR_MIX,64,2,0.01,0.01,8,N2C,4,1,2,1,14,0.4413295145294834,3.0130022887485067e-05,0.00016644980411819834,0.4254593640320303,0.0001882694206319094,4.6209255360361116e-05,0.00035779198401779795,0.0033302812797343733,0.32777425967074864,0.0006175653200078085,0.00015044940791254793,0.046120732392618706,0.29615222399813296,0.39463045518345674,736,211968,0.00020669589962336355,0,0.00022792110360439792,5.161993912250488e-05,2,0.0006433815755481704,0.00015881208799365225
C4_PCA|O_LR_MIX|64|4|1e-05|0.01|8,joint_1_minus_joint_0,all,C4_PCA,O_LR_MIX,64,4,1e-05,0.01,8,N2C,4,1,4,1,14,0.6011799682186987,4.220180503876179e-05,0.0002832048205567812,0.38602478762710346,0.00021678244727717659,5.757823536311696e-05,0.00044514509328766495,0.0063696898543975,0.26435750963624993,0.0006839074542756142,0.0001939591982735887,0.07469099910800005,0.5328118928103126,0.37440977560859423,768,221184,0.0002747247203161123,1,0.0002442044174721195,6.739919967448589e-05,2,0.0007222845946282917,0.0002093766769684245
C4_PCA|O_LR_MIX|64|4|1e-05|0.01|8,joint_1_minus_joint_0,active,C4_PCA,O_LR_MIX,64,4,1e-05,0.01,8,N2C,4,1,4,1,14,0.6011799682186987,4.220180503876179e-05,0.0002832048205567812,0.38602478762710346,0.00021678244727717659,5.757823536311696e-05,0.00044514509328766495,0.0063696898543975,0.26435750963624993,0.0006839074542756142,0.0001939591982735887,0.07469099910800005,0.5328118928103126,0.37440977560859423,768,221184,0.0002747247203161123,1,0.0002442044174721195,6.739919967448589e-05,2,0.0007222845946282917,0.0002093766769684245
C4_PCA|O_LR_MIX|64|4|1e-05|0.01|8,no_x_off_1_minus_joint_0,all,C4_PCA,O_LR_MIX,64,4,1e-05,0.01,8,N2C,4,1,4,1,14,0.220477328004976,6.8038610859924655e-06,3.1324625793816554e-05,0.46605242625590454,9.470808384991088e-05,2.0832214066467802e-05,0.0001987686830772295,0.0011898953808627498,0.40871407216031136,0.0004897356792603039,0.00011663723836611728,0.01430200867488548,0.07359555026887879,0.44083162211163857,768,221184,0.00011822398160403881,1,0.000107794238135017,2.397473484880474e-05,2,0.0005175397638794105,0.0001211079064496557
C4_PCA|O_LR_MIX|64|4|1e-05|0.01|8,no_x_off_1_minus_joint_0,active,C4_PCA,O_LR_MIX,64,4,1e-05,0.01,8,N2C,4,1,4,1,14,0.22036927058833689,6.323297113211671e-06,3.013801965718407e-05,0.45805163571287366,9.497109835879766e-05,2.2639142262389014e-05,0.0001985683079137591,0.001189421840666848,0.4085893223462785,0.0004985403828269065,0.00013255369743003946,0.014182203444450656,0.073314350774121,0.4398224151242372,672,193536,0.0001329241368477466,1,0.00010739191433717981,2.590551506257849e-05,2,0.0005247106792428329,0.00013781931124874305
C4_PCA|O_LR_MIX|64|4|1e-05|0.01|8,joint_1_minus_no_x_off_1,all,C4_PCA,O_LR_MIX,64,4,1e-05,0.01,8,N2C,4,1,4,1,14,0.4627273573000275,3.2369574567808365e-05,0.00018282859450720028,0.42077161553475306,0.00018879474018136577,4.577534172992487e-05,0.0003071066074503151,0.0033666054843043245,0.3020288763620583,0.0006080637283698166,0.00013750358523679265,0.0483043454565636,0.3043709295321603,0.3983744854190612,768,221184,0.0001993790804156489,0,0.00021586302033345657,4.931576323438347e-05,4,0.0006426191018428177,0.000136379994404004
C4_PCA|O_LR_MIX|64|4|1e-05|0.01|8,joint_1_minus_no_x_off_1,active,C4_PCA,O_LR_MIX,64,4,1e-05,0.01,8,N2C,4,1,4,1,14,0.45559324559241554,3.163311360775451e-05,0.00016644980411819834,0.43594261636136344,0.0001890749352970964,4.665704128430697e-05,0.00030388695623783215,0.0033302812797343733,0.3020755476793844,0.0006109809896955835,0.00014144092588335789,0.04715283442418241,0.29615222399813296,0.3990215972777965,736,211968,0.00020246074982711583,0,0.00021654947054384368,5.08529429456765e-05,4,0.0006497853740922985,0.00014175349989007968
C4_PCA|O_LR_MIX|64|4|0.01|0.01|8,joint_1_minus_joint_0,all,C4_PCA,O_LR_MIX,64,4,0.01,0.01,8,N2C,4,1,4,1,14,0.5945678948946206,4.2636828745295035e-05,0.0002832048205567812,0.38800929263943135,0.00021977031876986182,5.798174863560607e-05,0.00045477186494585336,0.0063696898543975,0.26720073656757043,0.0006978754125821266,0.00019595380946195787,0.07516882634416996,0.5328118928103126,0.37560548843719616,768,221184,0.0002767605767163539,0,0.0002447553939274226,6.46441582906649e-05,2,0.0007346938483934111,0.0002111891682599509
C4_PCA|O_LR_MIX|64|4|0.01|0.01|8,joint_1_minus_joint_0,active,C4_PCA,O_LR_MIX,64,4,0.01,0.01,8,N2C,4,1,4,1,14,0.5945678948946206,4.2636828745295035e-05,0.0002832048205567812,0.38800929263943135,0.00021977031876986182,5.798174863560607e-05,0.00045477186494585336,0.0063696898543975,0.26720073656757043,0.0006978754125821266,0.00019595380946195787,0.07516882634416996,0.5328118928103126,0.37560548843719616,768,221184,0.0002767605767163539,0,0.0002447553939274226,6.46441582906649e-05,2,0.0007346938483934111,0.0002111891682599509
C4_PCA|O_LR_MIX|64|4|0.01|0.01|8,no_x_off_1_minus_joint_0,all,C4_PCA,O_LR_MIX,64,4,0.01,0.01,8,N2C,4,1,4,1,14,0.21742686871126787,6.723565892030573e-06,3.1324625793816554e-05,0.46329422519308594,9.470829575277766e-05,2.0727787439215927e-05,0.00020333110701892124,0.0011898953808627498,0.4133781556574707,0.0004966945018720491,0.00011759138944592126,0.014437926970464436,0.07359555026887879,0.4429213775402848,768,221184,0.00011845283056653671,1,0.00010911408191923534,2.3963371715649408e-05,2,0.0005249040385050158,0.00012189656084435238
C4_PCA|O_LR_MIX|64|4|0.01|0.01|8,no_x_off_1_minus_joint_0,active,C4_PCA,O_LR_MIX,64,4,0.01,0.01,8,N2C,4,1,4,1,14,0.21731945193908309,6.237757510221554e-06,3.013801965718407e-05,0.4549428961370699,9.479366053575311e-05,2.2513022742172745e-05,0.00020312877307043583,0.001189421840666848,0.4132546682482731,0.0005044578411681916,0.0001336398937069007,0.014316991893788707,0.073314350774121,0.4419075209320549,672,193536,0.00013317441141702903,1,0.00010742579176238528,2.5886425328543265e-05,2,0.000530052726414652,0.00013871478275287563
C4_PCA|O_LR_MIX|64|4|0.01|0.01|8,joint_1_minus_no_x_off_1,all,C4_PCA,O_LR_MIX,64,4,0.01,0.01,8,N2C,4,1,4,1,14,0.45791600143321254,3.262822411488642e-05,0.00018282859450720028,0.42244936148642126,0.00019069657807351673,4.607471021463036e-05,0.0003083531846490509,0.0033666054843043245,0.3026412386649199,0.0006008438278711869,0.00013725787341950464,0.04835229787651664,0.3043709295321603,0.39857217241630394,768,221184,0.000200042227015619,0,0.0002189431418759695,4.9813543766069484e-05,4,0.0006417053276270521,0.0001356398719991385
C4_PCA|O_LR_MIX|64|4|0.01|0.01|8,joint_1_minus_no_x_off_1,active,C4_PCA,O_LR_MIX,64,4,0.01,0.01,8,N2C,4,1,4,1,14,0.4508487802511169,3.186915070102499e-05,0.00016644980411819834,0.4375660321303338,0.0001909873880518606,4.694745605160446e-05,0.0003050625110818317,0.0033302812797343733,0.3026592575190871,0.0006088848258173206,0.000141173264592207,0.04719504414470363,0.29615222399813296,0.39920015306088746,736,211968,0.00020314693240250248,0,0.00022190062189108835,5.134606521221439e-05,4,0.0006511727423083881,0.00014098270523088766
C4_PCA|O_LR_MIX|64|FULL|1e-05|0.01|8,joint_1_minus_joint_0,all,C4_PCA,O_LR_MIX,64,FULL,1e-05,0.01,8,N2C,4,1,14,1,14,0.6425962331252613,3.9380520922680635e-05,0.0002832048205567812,0.37289830357102166,0.00021036178574965542,5.360305706998724e-05,0.00035493303461207724,0.0063696898543975,0.2360554695616869,0.0005732139709616464,0.00015556999282297679,0.07140400525754967,0.5328118928103126,0.3660785913195681,768,221184,0.00025919098116724886,1,0.00022783484382241114,6.363555959589363e-05,1,0.0005970705227404043,0.00015039044684127245
C4_PCA|O_LR_MIX|64|FULL|1e-05|0.01|8,joint_1_minus_joint_0,active,C4_PCA,O_LR_MIX,64,FULL,1e-05,0.01,8,N2C,4,1,14,1,14,0.6425962331252613,3.9380520922680635e-05,0.0002832048205567812,0.37289830357102166,0.00021036178574965542,5.360305706998724e-05,0.00035493303461207724,0.0063696898543975,0.2360554695616869,0.0005732139709616464,0.00015556999282297679,0.07140400525754967,0.5328118928103126,0.3660785913195681,768,221184,0.00025919098116724886,1,0.00022783484382241114,6.363555959589363e-05,1,0.0005970705227404043,0.00015039044684127245
C4_PCA|O_LR_MIX|64|FULL|1e-05|0.01|8,no_x_off_1_minus_joint_0,all,C4_PCA,O_LR_MIX,64,FULL,1e-05,0.01,8,N2C,4,1,14,1,14,0.2392961770193465,6.201621213092226e-06,3.1324625793816554e-05,0.44494842364006343,8.772999649693139e-05,1.9512057668866595e-05,0.00010222885846116062,0.0011898953808627498,0.29311116818149047,0.00039218654138096094,7.99843062968233e-05,0.010971431367122007,0.07359555026887879,0.38610539225892265,768,221184,0.00010284663549852922,1,0.00010269285138734025,2.3069210128443456e-05,3,0.00042339617250838153,8.394642950929576e-05
C4_PCA|O_LR_MIX|64|FULL|1e-05|0.01|8,no_x_off_1_minus_joint_0,active,C4_PCA,O_LR_MIX,64,FULL,1e-05,0.01,8,N2C,4,1,14,1,14,0.23919662119581933,5.721057240311431e-06,3.013801965718407e-05,0.4356932088007692,8.720247635422784e-05,2.113039209370192e-05,0.00010202848329769022,0.001189421840666848,0.29288205350525437,0.0004039781364650282,9.066463220798919e-05,0.010851626136687182,0.073314350774121,0.38472722049946817,672,193536,0.00011535002701287853,0,0.00010236021624578936,2.4603899106076508e-05,3,0.00043729930662812734,9.506970988126509e-05
C4_PCA|O_LR_MIX|64|FULL|1e-05|0.01|8,joint_1_minus_no_x_off_1,all,C4_PCA,O_LR_MIX,64,FULL,1e-05,0.01,8,N2C,4,1,14,1,14,0.49611336245009474,2.8000288356778796e-05,0.00018282859450720028,0.3913444612939773,0.0001864931577203227,4.075627781004912e-05,0.00026801500864813454,0.0033666054843043245,0.28215220211569825,0.0005047184410276298,0.00011528856544611355,0.0476715084044244,0.3043709295321603,0.3957563224033642,768,221184,0.00019161116096422446,1,0.00021412183705971156,4.6951208329820285e-05,4,0.0005420904258686729,0.0001144567988119506
C4_PCA|O_LR_MIX|64|FULL|1e-05|0.01|8,joint_1_minus_no_x_off_1,active,C4_PCA,O_LR_MIX,64,FULL,1e-05,0.01,8,N2C,4,1,14,1,14,0.48946610366510857,2.7263827396724942e-05,0.00016644980411819834,0.40471729862675887,0.0001872727335570957,4.1419757194001846e-05,0.00026479535743565157,0.0033302812797343733,0.28197767492380815,0.0005108181574533428,0.00011826003566699708,0.046519997372043216,0.29615222399813296,0.39633492276835636,736,211968,0.00019435509474736857,1,0.00021611081479241517,4.8120107728140685e-05,4,0.0005532395487389369,0.00011887712188098048
C4_PCA|O_LR_MIX|64|FULL|0.01|0.01|8,joint_1_minus_joint_0,all,C4_PCA,O_LR_MIX,64,FULL,0.01,0.01,8,N2C,4,1,14,1,14,0.6197752508423862,3.857742297649752e-05,0.0002832048205567812,0.3690764084074871,0.00020563232770503108,5.353686641475669e-05,0.0003240468347394121,0.0063696898543975,0.22555099562081257,0.0005854713747243244,0.00016041520267974594,0.06822976018585318,0.5328118928103126,0.3578491313753077,768,221184,0.00025412057617547423,0,0.0002283360773581352,5.809204651850198e-05,0,0.0006078076761469363,0.00015953266536531
C4_PCA|O_LR_MIX|64|FULL|0.01|0.01|8,joint_1_minus_joint_0,active,C4_PCA,O_LR_MIX,64,FULL,0.01,0.01,8,N2C,4,1,14,1,14,0.6197752508423862,3.857742297649752e-05,0.0002832048205567812,0.3690764084074871,0.00020563232770503108,5.353686641475669e-05,0.0003240468347394121,0.0063696898543975,0.22555099562081257,0.0005854713747243244,0.00016041520267974594,0.06822976018585318,0.5328118928103126,0.3578491313753077,768,221184,0.00025412057617547423,0,0.0002283360773581352,5.809204651850198e-05,0,0.0006078076761469363,0.00015953266536531
C4_PCA|O_LR_MIX|64|FULL|0.01|0.01|8,no_x_off_1_minus_joint_0,all,C4_PCA,O_LR_MIX,64,FULL,0.01,0.01,8,N2C,4,1,14,1,14,0.22925550031620345,5.865322414911934e-06,3.1324625793816554e-05,0.4327160452501797,8.894665384638048e-05,1.8749780848143346e-05,0.00012675991167425182,0.0011898953808627498,0.3263897973544317,0.00042894179870080527,9.044250586259767e-05,0.01158918458143632,0.07359555026887879,0.3968264954309771,768,221184,0.00010457414610617508,0,0.00010282322823653356,2.170904344173668e-05,2,0.0004562399794165042,9.66090596528062e-05
C4_PCA|O_LR_MIX|64|FULL|0.01|0.01|8,no_x_off_1_minus_joint_0,active,C4_PCA,O_LR_MIX,64,FULL,0.01,0.01,8,N2C,4,1,14,1,14,0.229153628334245,5.379514033102916e-06,3.013801965718407e-05,0.42248779411100934,8.78489413677739e-05,2.0252443780946942e-05,0.00012655757772576638,0.001189421840666848,0.32619411576840657,0.00043597247785223117,0.00010261259818310232,0.01146824950476059,0.073314350774121,0.3955069048661208,672,193536,0.00011731305774804432,0,0.00010421613316385834,2.3712027245124237e-05,3,0.0004643317847175653,0.0001061418736284958
C4_PCA|O_LR_MIX|64|FULL|0.01|0.01|8,joint_1_minus_no_x_off_1,all,C4_PCA,O_LR_MIX,64,FULL,0.01,0.01,8,N2C,4,1,14,1,14,0.4773287330730808,2.803784204350656e-05,0.00018282859450720028,0.39160680685884935,0.00018338372529439712,4.139293522233544e-05,0.00023084524456563345,0.0033666054843043245,0.2618570994473525,0.0005090029556346918,0.000115743369638551,0.0441750274902712,0.3043709295321603,0.38096653589143037,768,221184,0.0001850559938835531,1,0.00021302380584318885,4.7839441544964315e-05,4,0.0005346181649568491,0.00011537708536155816
C4_PCA|O_LR_MIX|64|FULL|0.01|0.01|8,joint_1_minus_no_x_off_1,active,C4_PCA,O_LR_MIX,64,FULL,0.01,0.01,8,N2C,4,1,14,1,14,0.4705531613988907,2.7278768629645126e-05,0.00016644980411819834,0.40482818084246147,0.0001837923903052316,4.2062125624861945e-05,0.0002275545709984142,0.0033302812797343733,0.26139803819183854,0.0005148733762339005,0.00011872334760338584,0.04301777375845819,0.29615222399813296,0.3811241478934525,736,211968,0.0001875091239168685,1,0.00021442532628105097,4.904377671459097e-05,4,0.0005510345924762152,0.00011983892786993421
C4_RANDOM|O_LR_MIX|64|1|1e-05|0.01|8,joint_1_minus_joint_0,all,C4_RANDOM,O_LR_MIX,64,1,1e-05,0.01,8,N2C,4,1,1,1,14,0.13691209119966966,0.0002474564792236442,0.0002832048205567812,0.9347577920436367,0.0005519901451814929,0.00014823456482665495,0.006042006240617833,0.0063696898543975,0.9739382925265244,0.0028356471041637065,0.0007532304664621158,0.4998618363257667,0.5328118928103126,0.9685856602720652,768,221184,0.000809763620278517,0,0.0005951883303334557,0.00015750750264493908,1,0.0028585008450175784,0.0007657061331685339
C4_RANDOM|O_LR_MIX|64|1|1e-05|0.01|8,joint_1_minus_joint_0,active,C4_RANDOM,O_LR_MIX,64,1,1e-05,0.01,8,N2C,4,1,1,1,14,0.13691209119966966,0.0002474564792236442,0.0002832048205567812,0.9347577920436367,0.0005519901451814929,0.00014823456482665495,0.006042006240617833,0.0063696898543975,0.9739382925265244,0.0028356471041637065,0.0007532304664621158,0.4998618363257667,0.5328118928103126,0.9685856602720652,768,221184,0.000809763620278517,0,0.0005951883303334557,0.00015750750264493908,1,0.0028585008450175784,0.0007657061331685339
C4_RANDOM|O_LR_MIX|64|1|1e-05|0.01|8,no_x_off_1_minus_joint_0,all,C4_RANDOM,O_LR_MIX,64,1,1e-05,0.01,8,N2C,4,1,1,1,14,0.04698719763204198,3.212453319033353e-05,3.1324625793816554e-05,1.012687541119319,0.00019276950780902034,4.538329547581428e-05,0.0011609574971112723,0.0011898953808627498,0.9877653124896716,0.0010707170102363945,0.00030388756218332845,0.073280286680996,0.07359555026887879,0.9978558354549026,768,221184,0.0002837714772783329,0,0.00021534516882616378,4.700988812211557e-05,1,0.0010824315568632227,0.00030519470539813075
C4_RANDOM|O_LR_MIX|64|1|1e-05|0.01|8,no_x_off_1_minus_joint_0,active,C4_RANDOM,O_LR_MIX,64,1,1e-05,0.01,8,N2C,4,1,1,1,14,0.046477521413414824,3.1643969217552734e-05,3.013801965718407e-05,1.0246796724607925,0.00019762988189766088,5.069752101592785e-05,0.001160757121947802,0.001189421840666848,0.9878766584332872,0.0010809925353604225,0.0003465540675068522,0.07316048145056117,0.073314350774121,0.99895006816188,672,193536,0.0003221212747612256,0,0.00021685825383051648,5.263309526757325e-05,1,0.0010927517762919546,0.0003479821991264488
C4_RANDOM|O_LR_MIX|64|1|1e-05|0.01|8,joint_1_minus_no_x_off_1,all,C4_RANDOM,O_LR_MIX,64,1,1e-05,0.01,8,N2C,4,1,1,1,14,0.12733223254100384,0.00014868107463822093,0.00018282859450720028,0.9017907689393698,0.0004196690938795463,0.00010619048286157471,0.003159796743833359,0.0033666054843043245,0.9687985058256725,0.0021280748679611554,0.0004495596721278129,0.2787293651329037,0.3043709295321603,0.9569511694195308,768,221184,0.00053790164558124,1,0.00046977935460262973,0.00011689902998455942,3,0.0022072452495050508,0.0004593389622502696
C4_RANDOM|O_LR_MIX|64|1|1e-05|0.01|8,joint_1_minus_no_x_off_1,active,C4_RANDOM,O_LR_MIX,64,1,1e-05,0.01,8,N2C,4,1,1,1,14,0.09829595962927488,0.0001479446136781671,0.00016644980411819834,0.9427747335145941,0.00042149473432567,0.00010969892768255028,0.0031565770926208756,0.0033302812797343733,0.9735712538043869,0.0021433055612221433,0.00046706466872616163,0.2775778541005225,0.29615222399813296,0.9681327413428887,736,211968,0.0005557016873912108,1,0.00047539743900640595,0.00012110913902004241,3,0.0022088391295202532,0.00047543380807068875
C4_RANDOM|O_LR_MIX|64|1|0.01|0.01|8,joint_1_minus_joint_0,all,C4_RANDOM,O_LR_MIX,64,1,0.01,0.01,8,N2C,4,1,1,1,14,0.1355578815055264,0.0002475741362714986,0.0002832048205567812,0.9349799882308116,0.0005518441741998141,0.00014833357265544184,0.00604377744360643,0.0063696898543975,0.9740810361733376,0.0028344802075158785,0.0007535857181996341,0.5000041744733467,0.5328118928103126,0.9687235552517154,768,221184,0.0008100290982229057,0,0.0005951549906086615,0.0001576010720013689,1,0.0028595176494711737,0.0007660564666126275
C4_RANDOM|O_LR_MIX|64|1|0.01|0.01|8,joint_1_minus_joint_0,active,C4_RANDOM,O_LR_MIX,64,1,0.01,0.01,8,N2C,4,1,1,1,14,0.1355578815055264,0.0002475741362714986,0.0002832048205567812,0.9349799882308116,0.0005518441741998141,0.00014833357265544184,0.00604377744360643,0.0063696898543975,0.9740810361733376,0.0028344802075158785,0.0007535857181996341,0.5000041744733467,0.5328118928103126,0.9687235552517154,768,221184,0.0008100290982229057,0,0.0005951549906086615,0.0001576010720013689,1,0.0028595176494711737,0.0007660564666126275
C4_RANDOM|O_LR_MIX|64|1|0.01|0.01|8,no_x_off_1_minus_joint_0,all,C4_RANDOM,O_LR_MIX,64,1,0.01,0.01,8,N2C,4,1,1,1,14,0.04652244307328545,3.210576751929259e-05,3.1324625793816554e-05,1.0123917152275863,0.00019269461083212168,4.538918315838655e-05,0.0011609498080009924,0.0011898953808627498,0.9877620414616568,0.001070291128939927,0.0003039969999408947,0.07326178346373374,0.07359555026887879,0.9977298485775923,768,221184,0.0002838452552660986,0,0.0002153639002545773,4.70117284569404e-05,1,0.001081942908772651,0.00030530146014865373
C4_RANDOM|O_LR_MIX|64|1|0.01|0.01|8,no_x_off_1_minus_joint_0,active,C4_RANDOM,O_LR_MIX,64,1,0.01,0.01,8,N2C,4,1,1,1,14,0.046017808107553425,3.161995913748358e-05,3.013801965718407e-05,1.0242908573055396,0.00019764379591094287,5.0697474992653465e-05,0.001160747474052507,0.001189421840666848,0.9878725529446414,0.0010817265958580355,0.0003466748771297275,0.073140848387058,0.073314350774121,0.9988160219822165,672,193536,0.00032219432535938547,0,0.00021686201920032266,5.262938154821421e-05,1,0.0010921610499913894,0.00034810040344923187
C4_RANDOM|O_LR_MIX|64|1|0.01|0.01|8,joint_1_minus_no_x_off_1,all,C4_RANDOM,O_LR_MIX,64,1,0.01,0.01,8,N2C,4,1,1,1,14,0.12607277808250422,0.00014880684510294086,0.00018282859450720028,0.9021721041869092,0.00041965965637585445,0.00010627501981640356,0.003160709913544843,0.0033666054843043245,0.9689384853268657,0.002128844049738848,0.00044979134311566186,0.2788242052088172,0.3043709295321603,0.9571139610266913,768,221184,0.0005380606275304521,1,0.0004701428218532715,0.00011696863843099914,3,0.002207934219793498,0.0004595853258925406
C4_RANDOM|O_LR_MIX|64|1|0.01|0.01|8,joint_1_minus_no_x_off_1,active,C4_RANDOM,O_LR_MIX,64,1,0.01,0.01,8,N2C,4,1,1,1,14,0.09732370553353582,0.00014804777168907942,0.00016644980411819834,0.9431033626428211,0.0004213982152914463,0.00010976517041867218,0.0031574192399776236,0.0033302812797343733,0.9737011153215179,0.00214397167760499,0.0004672951460142841,0.27766695147700415,0.29615222399813296,0.9682881052621676,736,211968,0.0005558617851136327,1,0.00047571277766493737,0.00012117859085654038,3,0.0022095123345994413,0.0004756836686007522
C4_RANDOM|O_LR_MIX|64|2|1e-05|0.01|8,joint_1_minus_joint_0,all,C4_RANDOM,O_LR_MIX,64,2,1e-05,0.01,8,N2C,4,1,2,1,14,0.3927648337661151,0.0001057725296713709,0.0002832048205567812,0.6111335480255446,0.0003648418227004397,9.350231092798394e-05,0.0030536503203297052,0.0063696898543975,0.6923895561838304,0.0018840580194420392,0.0004904860184513735,0.2541344491842209,0.5328118928103126,0.6906290065708257,768,221184,0.0005423121185127109,2,0.0003947232783998552,9.522379292298121e-05,0,0.0019491402581225923,0.0004916238518638385
C4_RANDOM|O_LR_MIX|64|2|1e-05|0.01|8,joint_1_minus_joint_0,active,C4_RANDOM,O_LR_MIX,64,2,1e-05,0.01,8,N2C,4,1,2,1,14,0.3927648337661151,0.0001057725296713709,0.0002832048205567812,0.6111335480255446,0.0003648418227004397,9.350231092798394e-05,0.0030536503203297052,0.0063696898543975,0.6923895561838304,0.0018840580194420392,0.0004904860184513735,0.2541344491842209,0.5328118928103126,0.6906290065708257,768,221184,0.0005423121185127109,2,0.0003947232783998552,9.522379292298121e-05,0,0.0019491402581225923,0.0004916238518638385
C4_RANDOM|O_LR_MIX|64|2|1e-05|0.01|8,no_x_off_1_minus_joint_0,all,C4_RANDOM,O_LR_MIX,64,2,1e-05,0.01,8,N2C,4,1,2,1,14,0.169733903881969,1.4282338298249025e-05,3.1324625793816554e-05,0.6752377469295088,0.00012902927291829117,3.05626545643707e-05,0.0005046997310133084,0.0011898953808627498,0.6512716105307846,0.0007391360282125576,0.00018750807958227287,0.03311022227743128,0.07359555026887879,0.6707416420333941,768,221184,0.00018231682038054507,1,0.00014489563932650537,3.2517285512766106e-05,2,0.0007558816810430149,0.00018885939256439507
C4_RANDOM|O_LR_MIX|64|2|1e-05|0.01|8,no_x_off_1_minus_joint_0,active,C4_RANDOM,O_LR_MIX,64,2,1e-05,0.01,8,N2C,4,1,2,1,14,0.16959351810265438,1.380177432546823e-05,3.013801965718407e-05,0.6767217032878821,0.0001323940060902891,3.3759645688563746e-05,0.000504499355849838,0.001189421840666848,0.6512719197991289,0.0007615492446682939,0.0002135489445342173,0.032990417046996456,0.073314350774121,0.6708098117793314,672,193536,0.00020617309544946802,1,0.00014964651775674307,3.566843010710577e-05,2,0.0007787317424352121,0.00021524958109415946
C4_RANDOM|O_LR_MIX|64|2|1e-05|0.01|8,joint_1_minus_no_x_off_1,all,C4_RANDOM,O_LR_MIX,64,2,1e-05,0.01,8,N2C,4,1,2,1,14,0.3164663766943646,8.30182359988243e-05,0.00018282859450720028,0.6738522614935323,0.00033022207423412674,7.526130955630488e-05,0.0021676491481601285,0.0033666054843043245,0.8024137857859202,0.0016259702442080652,0.0003425060825202723,0.179811395228023,0.3043709295321603,0.7686117513791092,768,221184,0.0004079614645838737,1,0.000358932680326069,8.151787715082612e-05,2,0.0016403982358709943,0.00034951893126535107
C4_RANDOM|O_LR_MIX|64|2|1e-05|0.01|8,joint_1_minus_no_x_off_1,active,C4_RANDOM,O_LR_MIX,64,2,1e-05,0.01,8,N2C,4,1,2,1,14,0.3059404612234597,8.228177503877045e-05,0.00016644980411819834,0.7030888032414455,0.00033444680546135236,7.742500771183394e-05,0.0021644294969476456,0.0033302812797343733,0.8061785967669141,0.0016327847935640248,0.0003553565752226411,0.17865988419564183,0.29615222399813296,0.7767048640241282,736,211968,0.0004201119333070026,1,0.0003614224113903616,8.418967519353807e-05,2,0.0016473277909687847,0.0003621996676295797
C4_RANDOM|O_LR_MIX|64|2|0.01|0.01|8,joint_1_minus_joint_0,all,C4_RANDOM,O_LR_MIX,64,2,0.01,0.01,8,N2C,4,1,2,1,14,0.3882741726524979,0.00010668199227256403,0.0002832048205567812,0.6137552754163988,0.0003664231484373299,9.398220332747405e-05,0.0030663810178266702,0.0063696898543975,0.6938313443924885,0.0019031744824478869,0.0004924394705835045,0.25525647033523957,0.5328118928103126,0.6921519148751643,768,221184,0.0005438227994709622,2,0.0003951249328474758,9.571843469909326e-05,0,0.00196984248696818,0.0004936782358406299
C4_RANDOM|O_LR_MIX|64|2|0.01|0.01|8,joint_1_minus_joint_0,active,C4_RANDOM,O_LR_MIX,64,2,0.01,0.01,8,N2C,4,1,2,1,14,0.3882741726524979,0.00010668199227256403,0.0002832048205567812,0.6137552754163988,0.0003664231484373299,9.398220332747405e-05,0.0030663810178266702,0.0063696898543975,0.6938313443924885,0.0019031744824478869,0.0004924394705835045,0.25525647033523957,0.5328118928103126,0.6921519148751643,768,221184,0.0005438227994709622,2,0.0003951249328474758,9.571843469909326e-05,0,0.00196984248696818,0.0004936782358406299
C4_RANDOM|O_LR_MIX|64|2|0.01|0.01|8,no_x_off_1_minus_joint_0,all,C4_RANDOM,O_LR_MIX,64,2,0.01,0.01,8,N2C,4,1,2,1,14,0.1676762071033873,1.4203694810251402e-05,3.1324625793816554e-05,0.6733761345861099,0.00012816696715726528,3.0506817608036513e-05,0.0005081518925369848,0.0011898953808627498,0.653495173521667,0.0007434278194905819,0.00018821077556720157,0.03315512205877906,0.07359555026887879,0.6711962742890957,768,221184,0.00018238185103862454,1,0.0001460315185050381,3.2525773801916245e-05,2,0.0007604465196140162,0.00018950219755994058
C4_RANDOM|O_LR_MIX|64|2|0.01|0.01|8,no_x_off_1_minus_joint_0,active,C4_RANDOM,O_LR_MIX,64,2,0.01,0.01,8,N2C,4,1,2,1,14,0.16753689558450865,1.3717886428442383e-05,3.013801965718407e-05,0.6746619940348022,0.00013202450742378017,3.368905722082485e-05,0.0005079495585884994,0.001189421840666848,0.6534951054677177,0.0007661024870932381,0.00021434776355979242,0.03303418698210333,0.073314350774121,0.6712546617124115,672,193536,0.00020623614909941513,1,0.00015119097039789395,3.567202771284822e-05,2,0.0007839163786826902,0.00021597836757069076
C4_RANDOM|O_LR_MIX|64|2|0.01|0.01|8,joint_1_minus_no_x_off_1,all,C4_RANDOM,O_LR_MIX,64,2,0.01,0.01,8,N2C,4,1,2,1,14,0.3127527357472185,8.349568398337532e-05,0.00018282859450720028,0.6757871866905616,0.00033179751603276507,7.558787626053351e-05,0.002164728187249714,0.0033666054843043245,0.8018729673086007,0.0016271145567799995,0.0003429784600189664,0.17994685664939977,0.3043709295321603,0.7689012147869357,768,221184,0.0004086974336256033,1,0.0003601918154455962,8.185395510702998e-05,2,0.0016464526386873136,0.00035004172064193045
C4_RANDOM|O_LR_MIX|64|2|0.01|0.01|8,joint_1_minus_no_x_off_1,active,C4_RANDOM,O_LR_MIX,64,2,0.01,0.01,8,N2C,4,1,2,1,14,0.30231082018794425,8.273661056951388e-05,0.00016644980411819834,0.7050293851882116,0.0003350595279305162,7.774380322993819e-05,0.0021614375136824945,0.0033302812797343733,0.8056211965309366,0.0016347466973435623,0.0003558382245220802,0.17878960291758675,0.29615222399813296,0.7769867820412548,736,211968,0.0004208741045172687,1,0.0003625318338812454,8.453718217065948e-05,2,0.0016490540585222596,0.000362719127579007
C4_RANDOM|O_LR_MIX|64|4|1e-05|0.01|8,joint_1_minus_joint_0,all,C4_RANDOM,O_LR_MIX,64,4,1e-05,0.01,8,N2C,4,1,4,1,14,0.579202051509014,6.0920566962196646e-05,0.0002832048205567812,0.4638009646025099,0.000260129778590781,7.019920984042947e-05,0.0009128423099434233,0.0063696898543975,0.37856349919331456,0.0010363196496817608,0.000266768771430998,0.10840614636954211,0.5328118928103126,0.4510659019725959,768,221184,0.00035366658865485884,1,0.0002941877156761639,7.959639584321746e-05,2,0.0011135395698386836,0.0002774028430584671
C4_RANDOM|O_LR_MIX|64|4|1e-05|0.01|8,joint_1_minus_joint_0,active,C4_RANDOM,O_LR_MIX,64,4,1e-05,0.01,8,N2C,4,1,4,1,14,0.579202051509014,6.0920566962196646e-05,0.0002832048205567812,0.4638009646025099,0.000260129778590781,7.019920984042947e-05,0.0009128423099434233,0.0063696898543975,0.37856349919331456,0.0010363196496817608,0.000266768771430998,0.10840614636954211,0.5328118928103126,0.4510659019725959,768,221184,0.00035366658865485884,1,0.0002941877156761639,7.959639584321746e-05,2,0.0011135395698386836,0.0002774028430584671
C4_RANDOM|O_LR_MIX|64|4|1e-05|0.01|8,no_x_off_1_minus_joint_0,all,C4_RANDOM,O_LR_MIX,64,4,1e-05,0.01,8,N2C,4,1,4,1,14,0.23567904652136465,1.1915354996821078e-05,3.1324625793816554e-05,0.6167519725482382,0.00012161536723033882,2.8163010778463355e-05,0.0002254228665432876,0.0011898953808627498,0.43525582778762756,0.0005591591140586824,0.00012472460722431965,0.019831405946208785,0.07359555026887879,0.5190999342488651,768,221184,0.00014506058050449901,1,0.00013590969547840704,3.110348160729874e-05,3,0.0005847369728369782,0.00012735512071420198
C4_RANDOM|O_LR_MIX|64|4|1e-05|0.01|8,no_x_off_1_minus_joint_0,active,C4_RANDOM,O_LR_MIX,64,4,1e-05,0.01,8,N2C,4,1,4,1,14,0.23557796209459284,1.1434791024040284e-05,3.013801965718407e-05,0.6159660275676558,0.00012646108215201774,3.101719564752678e-05,0.0002252224913798172,0.001189421840666848,0.4351489347149326,0.0005711918827683122,0.00014179640469655645,0.01971160071577396,0.073314350774121,0.5185211196555735,672,193536,0.0001635945355911297,1,0.0001375827719479653,3.405265421514307e-05,2,0.0005978838456750927,0.00014675066478651752
C4_RANDOM|O_LR_MIX|64|4|1e-05|0.01|8,joint_1_minus_no_x_off_1,all,C4_RANDOM,O_LR_MIX,64,4,1e-05,0.01,8,N2C,4,1,4,1,14,0.4391768246244222,4.795450576152238e-05,0.00018282859450720028,0.5121446606458743,0.0002494439035784193,5.6235633744450004e-05,0.0006190139679274541,0.0033666054843043245,0.42879934290198213,0.0009959815201418952,0.0001923224951252318,0.0717230488733103,0.3043709295321603,0.48543131160285824,768,221184,0.00026025247867774126,0,0.000268791810810559,5.945890932004761e-05,2,0.001042589940478661,0.00019715860334747646
C4_RANDOM|O_LR_MIX|64|4|1e-05|0.01|8,joint_1_minus_no_x_off_1,active,C4_RANDOM,O_LR_MIX,64,4,1e-05,0.01,8,N2C,4,1,4,1,14,0.4316536592254886,4.7218044801468526e-05,0.00016644980411819834,0.5326137275830253,0.00025194193593950704,5.7572128603811476e-05,0.0006157943167149711,0.0033302812797343733,0.43000883640425974,0.0010080698500320301,0.00019864326663651178,0.07057153784092911,0.29615222399813296,0.4881544936145257,736,211968,0.0002659808175788644,0,0.0002702203100985076,6.143709538289124e-05,2,0.0010541421046483944,0.00020321497762831924
C4_RANDOM|O_LR_MIX|64|4|0.01|0.01|8,joint_1_minus_joint_0,all,C4_RANDOM,O_LR_MIX,64,4,0.01,0.01,8,N2C,4,1,4,1,14,0.5653536432191133,6.092362632073492e-05,0.0002832048205567812,0.46381261022317655,0.0002608262280815407,7.027684592129532e-05,0.0009246313815762457,0.0063696898543975,0.38100017154361276,0.001040605202488297,0.00027173560627124295,0.10837879187622924,0.5328118928103126,0.4510089888819829,768,221184,0.0003536810344280145,1,0.0002982835144136971,7.995237571533113e-05,2,0.0011224594486194137,0.00028321788051646215
C4_RANDOM|O_LR_MIX|64|4|0.01|0.01|8,joint_1_minus_joint_0,active,C4_RANDOM,O_LR_MIX,64,4,0.01,0.01,8,N2C,4,1,4,1,14,0.5653536432191133,6.092362632073492e-05,0.0002832048205567812,0.46381261022317655,0.0002608262280815407,7.027684592129532e-05,0.0009246313815762457,0.0063696898543975,0.38100017154361276,0.001040605202488297,0.00027173560627124295,0.10837879187622924,0.5328118928103126,0.4510089888819829,768,221184,0.0003536810344280145,1,0.0002982835144136971,7.995237571533113e-05,2,0.0011224594486194137,0.00028321788051646215
C4_RANDOM|O_LR_MIX|64|4|0.01|0.01|8,no_x_off_1_minus_joint_0,all,C4_RANDOM,O_LR_MIX,64,4,0.01,0.01,8,N2C,4,1,4,1,14,0.22779879479286974,1.1429513679511393e-05,3.1324625793816554e-05,0.6040472758696813,0.00012097504247179682,2.7470716201758584e-05,0.00023576932017975523,0.0011898953808627498,0.44513245098896054,0.0005609683009123017,0.00012831390358060874,0.019586496716138383,0.07359555026887879,0.515884647460043,768,221184,0.00014403391900920826,1,0.0001364115365429279,3.0395917198568932e-05,3,0.0005853568418014033,0.00013081924251935414
C4_RANDOM|O_LR_MIX|64|4|0.01|0.01|8,no_x_off_1_minus_joint_0,active,C4_RANDOM,O_LR_MIX,64,4,0.01,0.01,8,N2C,4,1,4,1,14,0.2276962710775047,1.0943705297702374e-05,3.013801965718407e-05,0.6025940495494886,0.00012487510181428675,3.0219227042221503e-05,0.00023556698623126981,0.001189421840666848,0.4450299693947942,0.0005709252165783216,0.00014589419557511495,0.019465561639462656,0.073314350774121,0.5152748824834303,672,193536,0.00016240994106579652,1,0.00013779353425652204,3.32379058804513e-05,3,0.0005955468610199112,0.00014863349697615756
C4_RANDOM|O_LR_MIX|64|4|0.01|0.01|8,joint_1_minus_no_x_off_1,all,C4_RANDOM,O_LR_MIX,64,4,0.01,0.01,8,N2C,4,1,4,1,14,0.43012327770478065,4.7900350519286114e-05,0.00018282859450720028,0.5118553953042067,0.0002490963404252901,5.637706637600884e-05,0.0006103772266208164,0.0033666054843043245,0.4257974414519081,0.0010007119761071802,0.00019176275595649496,0.07120715074793077,0.3043709295321603,0.4836823266473379,768,221184,0.0002599875331098168,0,0.0002721525140073795,5.9857738523950056e-05,2,0.001036443825796466,0.00019729050325461209
C4_RANDOM|O_LR_MIX|64|4|0.01|0.01|8,joint_1_minus_no_x_off_1,active,C4_RANDOM,O_LR_MIX,64,4,0.01,0.01,8,N2C,4,1,4,1,14,0.4225915194473759,4.714127710542468e-05,0.00016644980411819834,0.5321805863834174,0.000252224251969623,5.769774074173852e-05,0.0006070865530535971,0.0033302812797343733,0.42695769837859204,0.0010090829877620355,0.0001980479246308056,0.07004989701611776,0.29615222399813296,0.4863470112840402,736,211968,0.0002656985561529698,0,0.00027458946809425525,6.182696409000282e-05,2,0.0010450036833543005,0.00020332655291397915
C4_RANDOM|O_LR_MIX|64|FULL|1e-05|0.01|8,joint_1_minus_joint_0,all,C4_RANDOM,O_LR_MIX,64,FULL,1e-05,0.01,8,N2C,4,1,14,1,14,0.6425962331252614,3.938052092268062e-05,0.0002832048205567812,0.37289830357102155,0.00021036178574965542,5.360305706998723e-05,0.0003549330346120781,0.0063696898543975,0.2360554695616872,0.0005732139709616453,0.00015556999282297679,0.07140400525754963,0.5328118928103126,0.36607859131956805,768,221184,0.00025919098116724886,1,0.00022783484382241093,6.363555959589361e-05,1,0.0005970705227404052,0.00015039044684127248
C4_RANDOM|O_LR_MIX|64|FULL|1e-05|0.01|8,joint_1_minus_joint_0,active,C4_RANDOM,O_LR_MIX,64,FULL,1e-05,0.01,8,N2C,4,1,14,1,14,0.6425962331252614,3.938052092268062e-05,0.0002832048205567812,0.37289830357102155,0.00021036178574965542,5.360305706998723e-05,0.0003549330346120781,0.0063696898543975,0.2360554695616872,0.0005732139709616453,0.00015556999282297679,0.07140400525754963,0.5328118928103126,0.36607859131956805,768,221184,0.00025919098116724886,1,0.00022783484382241093,6.363555959589361e-05,1,0.0005970705227404052,0.00015039044684127248
C4_RANDOM|O_LR_MIX|64|FULL|1e-05|0.01|8,no_x_off_1_minus_joint_0,all,C4_RANDOM,O_LR_MIX,64,FULL,1e-05,0.01,8,N2C,4,1,14,1,14,0.23929617701934658,6.201621213092226e-06,3.1324625793816554e-05,0.44494842364006343,8.772999649693137e-05,1.9512057668866602e-05,0.00010222885846116055,0.0011898953808627498,0.29311116818149036,0.00039218654138096105,7.998430629682324e-05,0.010971431367122005,0.07359555026887879,0.38610539225892265,768,221184,0.00010284663549852922,1,0.00010269285138734013,2.306921012844345e-05,3,0.0004233961725083809,8.394642950929571e-05
C4_RANDOM|O_LR_MIX|64|FULL|1e-05|0.01|8,no_x_off_1_minus_joint_0,active,C4_RANDOM,O_LR_MIX,64,FULL,1e-05,0.01,8,N2C,4,1,14,1,14,0.23919662119581941,5.721057240311431e-06,3.013801965718407e-05,0.4356932088007692,8.720247635422775e-05,2.1130392093701924e-05,0.00010202848329769015,0.001189421840666848,0.29288205350525426,0.00040397813646502807,9.066463220798914e-05,0.01085162613668718,0.073314350774121,0.38472722049946817,672,193536,0.0001153500270128785,0,0.00010236021624578937,2.4603899106076515e-05,3,0.0004372993066281274,9.506970988126505e-05
C4_RANDOM|O_LR_MIX|64|FULL|1e-05|0.01|8,joint_1_minus_no_x_off_1,all,C4_RANDOM,O_LR_MIX,64,FULL,1e-05,0.01,8,N2C,4,1,14,1,14,0.4961133624500948,2.8000288356778782e-05,0.00018282859450720028,0.39134446129397726,0.00018649315772032286,4.075627781004911e-05,0.0002680150086481355,0.0033666054843043245,0.28215220211569875,0.0005047184410276288,0.00011528856544611368,0.04767150840442438,0.3043709295321603,0.3957563224033641,768,221184,0.0001916111609642245,1,0.00021412183705971143,4.6951208329820265e-05,4,0.0005420904258686726,0.00011445679881195071
C4_RANDOM|O_LR_MIX|64|FULL|1e-05|0.01|8,joint_1_minus_no_x_off_1,active,C4_RANDOM,O_LR_MIX,64,FULL,1e-05,0.01,8,N2C,4,1,14,1,14,0.4894661036651086,2.7263827396724932e-05,0.00016644980411819834,0.4047172986267588,0.0001872727335570957,4.141975719400183e-05,0.00026479535743565254,0.0033302812797343733,0.2819776749238087,0.0005108181574533426,0.0001182600356669972,0.04651999737204319,0.29615222399813296,0.39633492276835625,736,211968,0.00019435509474736862,1,0.00021611081479241484,4.8120107728140665e-05,4,0.0005532395487389364,0.00011887712188098062
C4_RANDOM|O_LR_MIX|64|FULL|0.01|0.01|8,joint_1_minus_joint_0,all,C4_RANDOM,O_LR_MIX,64,FULL,0.01,0.01,8,N2C,4,1,14,1,14,0.6197752508423863,3.857742297649751e-05,0.0002832048205567812,0.369076408407487,0.00020563232770503105,5.353686641475668e-05,0.0003240468347394128,0.0063696898543975,0.22555099562081282,0.0005854713747243301,0.00016041520267974597,0.06822976018585315,0.5328118928103126,0.35784913137530766,768,221184,0.00025412057617547423,0,0.0002283360773581355,5.809204651850199e-05,0,0.0006078076761469369,0.00015953266536531004
C4_RANDOM|O_LR_MIX|64|FULL|0.01|0.01|8,joint_1_minus_joint_0,active,C4_RANDOM,O_LR_MIX,64,FULL,0.01,0.01,8,N2C,4,1,14,1,14,0.6197752508423863,3.857742297649751e-05,0.0002832048205567812,0.369076408407487,0.00020563232770503105,5.353686641475668e-05,0.0003240468347394128,0.0063696898543975,0.22555099562081282,0.0005854713747243301,0.00016041520267974597,0.06822976018585315,0.5328118928103126,0.35784913137530766,768,221184,0.00025412057617547423,0,0.0002283360773581355,5.809204651850199e-05,0,0.0006078076761469369,0.00015953266536531004
C4_RANDOM|O_LR_MIX|64|FULL|0.01|0.01|8,no_x_off_1_minus_joint_0,all,C4_RANDOM,O_LR_MIX,64,FULL,0.01,0.01,8,N2C,4,1,14,1,14,0.2292555003162035,5.865322414911933e-06,3.1324625793816554e-05,0.43271604525017965,8.894665384638048e-05,1.8749780848143346e-05,0.0001267599116742517,0.0011898953808627498,0.3263897973544315,0.00042894179870080467,9.044250586259766e-05,0.011589184581436316,0.07359555026887879,0.3968264954309771,768,221184,0.00010457414610617507,0,0.00010282322823653357,2.170904344173668e-05,2,0.0004562399794165043,9.660905965280617e-05
C4_RANDOM|O_LR_MIX|64|FULL|0.01|0.01|8,no_x_off_1_minus_joint_0,active,C4_RANDOM,O_LR_MIX,64,FULL,0.01,0.01,8,N2C,4,1,14,1,14,0.22915362833424505,5.379514033102915e-06,3.013801965718407e-05,0.4224877941110093,8.784894136777382e-05,2.0252443780946942e-05,0.0001265575777257663,0.001189421840666848,0.32619411576840646,0.0004359724778522312,0.00010261259818310228,0.011468249504760587,0.073314350774121,0.39550690486612067,672,193536,0.00011731305774804431,0,0.00010421613316385834,2.3712027245124243e-05,3,0.00046433178471756454,0.00010614187362849576
C4_RANDOM|O_LR_MIX|64|FULL|0.01|0.01|8,joint_1_minus_no_x_off_1,all,C4_RANDOM,O_LR_MIX,64,FULL,0.01,0.01,8,N2C,4,1,14,1,14,0.47732873307308094,2.803784204350655e-05,0.00018282859450720028,0.39160680685884924,0.00018338372529439734,4.139293522233543e-05,0.00023084524456563443,0.0033666054843043245,0.2618570994473531,0.000509002955634692,0.00011574336963855114,0.04417502749027119,0.3043709295321603,0.3809665358914303,768,221184,0.00018505599388355312,1,0.00021302380584318868,4.7839441544964315e-05,4,0.0005346181649568502,0.00011537708536155833
C4_RANDOM|O_LR_MIX|64|FULL|0.01|0.01|8,joint_1_minus_no_x_off_1,active,C4_RANDOM,O_LR_MIX,64,FULL,0.01,0.01,8,N2C,4,1,14,1,14,0.4705531613988908,2.7278768629645116e-05,0.00016644980411819834,0.4048281808424614,0.00018379239030523174,4.206212562486193e-05,0.00022755457099841515,0.0033302812797343733,0.2613980381918391,0.0005148733762339016,0.000118723347603386,0.04301777375845818,0.29615222399813296,0.38112414789345245,736,211968,0.00018750912391686853,1,0.0002144253262810506,4.904377671459096e-05,4,0.0005510345924762144,0.0001198389278699344
C5|O_LR_MIX|64|1|1e-05|0.01|8,joint_1_minus_joint_0,all,C5,O_LR_MIX,64,1,1e-05,0.01,8,N2C,4,1,1,1,14,0.5973503503003412,5.024100628388617e-05,0.0002832048205567812,0.42119076856077037,0.00022821150132051762,6.191403068195172e-05,0.0008288702859069556,0.0063696898543975,0.3607315618329018,0.0009458540323477465,0.00023787036759296453,0.08930878268749848,0.5328118928103126,0.409411587126093,768,221184,0.0002739999873551391,1,0.00026435670663181034,6.847367738771767e-05,1,0.001081975039817206,0.0002473519945809493
C5|O_LR_MIX|64|1|1e-05|0.01|8,joint_1_minus_joint_0,active,C5,O_LR_MIX,64,1,1e-05,0.01,8,N2C,4,1,1,1,14,0.5973503503003412,5.024100628388617e-05,0.0002832048205567812,0.42119076856077037,0.00022821150132051762,6.191403068195172e-05,0.0008288702859069556,0.0063696898543975,0.3607315618329018,0.0009458540323477465,0.00023787036759296453,0.08930878268749848,0.5328118928103126,0.409411587126093,768,221184,0.0002739999873551391,1,0.00026435670663181034,6.847367738771767e-05,1,0.001081975039817206,0.0002473519945809493
C5|O_LR_MIX|64|1|1e-05|0.01|8,no_x_off_1_minus_joint_0,all,C5,O_LR_MIX,64,1,1e-05,0.01,8,N2C,4,1,1,1,14,0.22763741062258572,9.863365044028656e-06,3.1324625793816554e-05,0.5611379065070528,0.00011114907943325043,2.521666311279312e-05,0.00024276183783742756,0.0011898953808627498,0.4516851567442789,0.0004866788208150899,0.00012139605920595179,0.012753525005162148,0.07359555026887879,0.4162836373055928,768,221184,0.00010614951266938267,3,0.00011706267895013175,2.6475481508010083e-05,5,0.0005084052188441334,0.00012022159712950192
C5|O_LR_MIX|64|1|1e-05|0.01|8,no_x_off_1_minus_joint_0,active,C5,O_LR_MIX,64,1,1e-05,0.01,8,N2C,4,1,1,1,14,0.22753276166627423,9.3827873234558e-06,3.013801965718407e-05,0.5579670850701796,0.00011289098052556613,2.7649923381960628e-05,0.0002425614483663495,0.001189421840666848,0.45158856273193326,0.0005040995947601611,0.0001379923203472682,0.01263371543022938,0.073314350774121,0.41511750614280124,672,193536,0.00011912470127197476,2,0.00012082064023440762,2.7882983142475266e-05,5,0.0005172572980956596,0.00013666110689576933
C5|O_LR_MIX|64|1|1e-05|0.01|8,joint_1_minus_no_x_off_1,all,C5,O_LR_MIX,64,1,1e-05,0.01,8,N2C,4,1,1,1,14,0.4517434169282471,3.429100070932774e-05,0.00018282859450720028,0.43307989150357495,0.00020734431270902817,4.456117127140603e-05,0.0005372374872417138,0.0033666054843043245,0.3994726414595306,0.0005952095782497717,0.0001655479892201981,0.059558970955295845,0.3043709295321603,0.44235608672889837,768,221184,0.0001985296789135027,0,0.00024102649367362073,4.911790350062235e-05,0,0.0006173909383422314,0.00016834119267914097
C5|O_LR_MIX|64|1|1e-05|0.01|8,joint_1_minus_no_x_off_1,active,C5,O_LR_MIX,64,1,1e-05,0.01,8,N2C,4,1,1,1,14,0.4444337833785629,3.3554594803476354e-05,0.00016644980411819834,0.44898760849486624,0.0002097395781471935,4.539012027566611e-05,0.0005340169273988184,0.0033302812797343733,0.40043963215043477,0.0005969340396657923,0.00017070450531220978,0.05840749201202846,0.29615222399813296,0.444095916620298,736,211968,0.00020157451312748223,0,0.0002434248353762251,5.064647031703092e-05,0,0.0006210289913749928,0.00017460125596978755
C5|O_LR_MIX|64|1|1e-05|0.1|8,joint_1_minus_joint_0,all,C5,O_LR_MIX,64,1,1e-05,0.1,8,N2C,4,1,1,1,14,0.61310498362548,3.941294773036169e-05,0.0002832048205567812,0.3730517984097074,0.00020566114150035686,5.3893582067896595e-05,0.0006498655025621175,0.0063696898543975,0.3194130078047889,0.0008321261583137693,0.00020272897930899945,0.08150634793982518,0.5328118928103126,0.3911188632410199,768,221184,0.00026004075914060927,1,0.0002339413371100048,6.527420713291176e-05,1,0.0009999380945278126,0.0002073192016355755
C5|O_LR_MIX|64|1|1e-05|0.1|8,joint_1_minus_joint_0,active,C5,O_LR_MIX,64,1,1e-05,0.1,8,N2C,4,1,1,1,14,0.61310498362548,3.941294773036169e-05,0.0002832048205567812,0.3730517984097074,0.00020566114150035686,5.3893582067896595e-05,0.0006498655025621175,0.0063696898543975,0.3194130078047889,0.0008321261583137693,0.00020272897930899945,0.08150634793982518,0.5328118928103126,0.3911188632410199,768,221184,0.00026004075914060927,1,0.0002339413371100048,6.527420713291176e-05,1,0.0009999380945278126,0.0002073192016355755
C5|O_LR_MIX|64|1|1e-05|0.1|8,no_x_off_1_minus_joint_0,all,C5,O_LR_MIX,64,1,1e-05,0.1,8,N2C,4,1,1,1,14,0.2334831963378355,7.220327354697837e-06,3.1324625793816554e-05,0.4801041922443278,9.553834535678445e-05,2.1452401224340705e-05,0.00021083727293090502,0.0011898953808627498,0.42093913647195785,0.0004747761005494688,0.00011034563778033912,0.012301530694011261,0.07359555026887879,0.4088403946824204,768,221184,0.0001034777273616434,3,0.00010775942540208092,2.2828531299436225e-05,2,0.0004897782469144147,0.00011130568013326306
C5|O_LR_MIX|64|1|1e-05|0.1|8,no_x_off_1_minus_joint_0,active,C5,O_LR_MIX,64,1,1e-05,0.1,8,N2C,4,1,1,1,14,0.23338116096570913,6.7397631757665125e-06,3.013801965718407e-05,0.4728952614735149,9.628318893956915e-05,2.3347927314335466e-05,0.00021063689748808615,0.001189421840666848,0.4208228082631824,0.0004861262021750029,0.00012536329617578266,0.012181725393789417,0.073314350774121,0.4076241498674116,672,193536,0.00011607127420412625,3,0.0001103293867069184,2.4888220342666855e-05,3,0.0005002127227094165,0.00012819730916118155
C5|O_LR_MIX|64|1|1e-05|0.1|8,joint_1_minus_no_x_off_1,all,C5,O_LR_MIX,64,1,1e-05,0.1,8,N2C,4,1,1,1,14,0.46356504183787284,2.9690667178694394e-05,0.00018282859450720028,0.4029841064383962,0.00018872418040437257,4.1164298270762724e-05,0.0004326156692785821,0.0033666054843043245,0.3584718106224795,0.000613240720252806,0.0001432362885602892,0.05447812703789664,0.3043709295321603,0.4230673388550517,768,221184,0.00018882290592751028,0,0.0002266730044964881,4.697202479647732e-05,1,0.0006526828162502347,0.00014847959689067095
C5|O_LR_MIX|64|1|1e-05|0.1|8,joint_1_minus_no_x_off_1,active,C5,O_LR_MIX,64,1,1e-05,0.1,8,N2C,4,1,1,1,14,0.45644404625658297,2.8954211112469636e-05,0.00016644980411819834,0.4170750630392763,0.0001896176520897925,4.184552078679246e-05,0.00042939598641883356,0.0033302812797343733,0.3590777806842658,0.0006170865885607453,0.00014742287552876497,0.05332661908957711,0.29615222399813296,0.4243405411968254,736,211968,0.00019144561738932108,0,0.0002291076838601974,4.8407302807628506e-05,1,0.0006608737538537625,0.00015280096446306188
C5|O_LR_MIX|64|1|0.01|0.01|8,joint_1_minus_joint_0,all,C5,O_LR_MIX,64,1,0.01,0.01,8,N2C,4,1,1,1,14,0.5711353596767667,4.7479805833424014e-05,0.0002832048205567812,0.409453083868427,0.00021662202089504112,6.059719409872051e-05,0.0008314582524790696,0.0063696898543975,0.3612942757246294,0.0009577458496737659,0.0002526088636653292,0.08880755105210951,0.5328118928103126,0.408261091221071,768,221184,0.0002826497783204436,0,0.0002488370863999989,6.555640760617336e-05,1,0.0011883899451858302,0.0002640725512332343
C5|O_LR_MIX|64|1|0.01|0.01|8,joint_1_minus_joint_0,active,C5,O_LR_MIX,64,1,0.01,0.01,8,N2C,4,1,1,1,14,0.5711353596767667,4.7479805833424014e-05,0.0002832048205567812,0.409453083868427,0.00021662202089504112,6.059719409872051e-05,0.0008314582524790696,0.0063696898543975,0.3612942757246294,0.0009577458496737659,0.0002526088636653292,0.08880755105210951,0.5328118928103126,0.408261091221071,768,221184,0.0002826497783204436,0,0.0002488370863999989,6.555640760617336e-05,1,0.0011883899451858302,0.0002640725512332343
C5|O_LR_MIX|64|1|0.01|0.01|8,no_x_off_1_minus_joint_0,all,C5,O_LR_MIX,64,1,0.01,0.01,8,N2C,4,1,1,1,14,0.21568474455078393,8.68414159644204e-06,3.1324625793816554e-05,0.5265268251623978,0.00010306836303972454,2.3336007627727227e-05,0.0002628471218208824,0.0011898953808627498,0.4699993135349829,0.0005150924870233589,0.0001305459929947335,0.01388750529100975,0.07359555026887879,0.4343965228759326,768,221184,0.00011239486331953173,1,0.00011346814573394357,2.436008170681857e-05,1,0.0005226375170834449,0.00013149478348908452
C5|O_LR_MIX|64|1|0.01|0.01|8,no_x_off_1_minus_joint_0,active,C5,O_LR_MIX,64,1,0.01,0.01,8,N2C,4,1,1,1,14,0.21558399913345905,8.185440547169732e-06,3.013801965718407e-05,0.5211511174656143,0.00010410425766839014,2.5477446606713197e-05,0.0002626311603445056,0.001189421840666848,0.46989970433477557,0.0005236048477580076,0.00014841784716950352,0.013762429383846642,0.073314350774121,0.4332644492707624,672,193536,0.00012621140921616707,3,0.0001117872524470615,2.6215088873338765e-05,2,0.000535472649289949,0.00015010953273692467
C5|O_LR_MIX|64|1|0.01|0.01|8,joint_1_minus_no_x_off_1,all,C5,O_LR_MIX,64,1,0.01,0.01,8,N2C,4,1,1,1,14,0.43264927317000534,3.316088512899138e-05,0.00018282859450720028,0.42588367871897687,0.00020253001612935406,4.455082297255349e-05,0.0005142125894646562,0.0033666054843043245,0.39081861321887534,0.0006918746310195766,0.00016603262200308802,0.05739333382539883,0.3043709295321603,0.43423931504325947,768,221184,0.0002007875965322434,0,0.00023568755874287767,5.0584979485219246e-05,2,0.0007750868298354412,0.0001668707055247035
C5|O_LR_MIX|64|1|0.01|0.01|8,joint_1_minus_no_x_off_1,active,C5,O_LR_MIX,64,1,0.01,0.01,8,N2C,4,1,1,1,14,0.4258296078351273,3.2431660851509144e-05,0.00016644980411819834,0.44141079579531906,0.00020408102615425617,4.538502870045042e-05,0.0005097424874453578,0.0033302812797343733,0.3912325307022854,0.0007019082648483478,0.0001707928858013013,0.056225302884567646,0.29615222399813296,0.4357209106511822,736,211968,0.00020394414665077308,0,0.0002372749622140684,5.213980869959248e-05,2,0.0008027602829214974,0.00017129230047225057
C5|O_LR_MIX|64|1|0.01|0.1|8,joint_1_minus_joint_0,all,C5,O_LR_MIX,64,1,0.01,0.1,8,N2C,4,1,1,1,14,0.6007278258587154,3.8225819552360994e-05,0.0002832048205567812,0.36739063523875093,0.0002026588904083516,5.328984682657998e-05,0.0005333120501511397,0.0063696898543975,0.28935537556793234,0.0007917608909502262,0.0002004607619252596,0.07502426705664485,0.5328118928103126,0.3752441458785755,768,221184,0.0002596978346727985,0,0.00022933496649678867,6.0673930610693744e-05,2,0.0008400518122404433,0.00020762615735635847
C5|O_LR_MIX|64|1|0.01|0.1|8,joint_1_minus_joint_0,active,C5,O_LR_MIX,64,1,0.01,0.1,8,N2C,4,1,1,1,14,0.6007278258587154,3.8225819552360994e-05,0.0002832048205567812,0.36739063523875093,0.0002026588904083516,5.328984682657998e-05,0.0005333120501511397,0.0063696898543975,0.28935537556793234,0.0007917608909502262,0.0002004607619252596,0.07502426705664485,0.5328118928103126,0.3752441458785755,768,221184,0.0002596978346727985,0,0.00022933496649678867,6.0673930610693744e-05,2,0.0008400518122404433,0.00020762615735635847
C5|O_LR_MIX|64|1|0.01|0.1|8,no_x_off_1_minus_joint_0,all,C5,O_LR_MIX,64,1,0.01,0.1,8,N2C,4,1,1,1,14,0.2250690950946195,6.688833051645231e-06,3.1324625793816554e-05,0.4620960247121396,9.286898161215754e-05,2.052483622509101e-05,0.00022033902347325427,0.0011898953808627498,0.4303197915161122,0.0005012314673221993,0.00011575284616181298,0.012966315553701802,0.07359555026887879,0.4197420844111052,768,221184,0.00010783301293563323,1,0.00010298769217848649,2.358600598972017e-05,2,0.0005221182216708095,0.0001172418199921945
C5|O_LR_MIX|64|1|0.01|0.1|8,no_x_off_1_minus_joint_0,active,C5,O_LR_MIX,64,1,0.01,0.1,8,N2C,4,1,1,1,14,0.22496546985208848,6.202821140888765e-06,3.013801965718407e-05,0.45366708745318296,9.279839513137861e-05,2.228081272311781e-05,0.0002201364137842958,0.001189421840666848,0.4302075116333069,0.0005076322790678391,0.00013153812875283378,0.012845311450610237,0.073314350774121,0.41857937272669676,672,193536,0.00012103683722499285,1,0.00010205429279552736,2.545494943057318e-05,2,0.0005273802698465201,0.00013339408745315277
C5|O_LR_MIX|64|1|0.01|0.1|8,joint_1_minus_no_x_off_1,all,C5,O_LR_MIX,64,1,0.01,0.1,8,N2C,4,1,1,1,14,0.45658964020034226,2.9134187233536424e-05,0.00018282859450720028,0.3991897608205989,0.00018257577246268958,4.131202536899393e-05,0.0003307729456912415,0.0033666054843043245,0.31345043519800236,0.0005482955455927574,0.00013663508379483494,0.04878652908349763,0.3043709295321603,0.40035787491411085,768,221184,0.00018613594285393236,0,0.00022000957283874748,4.690421143438658e-05,2,0.0005894210775690671,0.00013985679284231155
C5|O_LR_MIX|64|1|0.01|0.1|8,joint_1_minus_no_x_off_1,active,C5,O_LR_MIX,64,1,0.01,0.1,8,N2C,4,1,1,1,14,0.44952418978663317,2.8380040922406854e-05,0.00016644980411819834,0.4129189976886976,0.00018264096506352502,4.198071443119697e-05,0.0003274472617503414,0.0033302812797343733,0.3135669079302034,0.000552720035200695,0.00014052080427178257,0.04763200216855432,0.29615222399813296,0.40104390403473344,736,211968,0.00018864188300679374,0,0.00022065434886846114,4.831021147829555e-05,2,0.0005998727646377589,0.00014338382921522068
C5|O_LR_MIX|64|2|1e-05|0.01|8,joint_1_minus_joint_0,all,C5,O_LR_MIX,64,2,1e-05,0.01,8,N2C,4,1,2,1,14,0.6210740553365561,3.63636351844748e-05,0.0002832048205567812,0.3583301285298745,0.00019526157333120644,5.033431606939471e-05,0.0003319480377101613,0.0063696898543975,0.22828422909394375,0.0006133654039480809,0.0001720482460871818,0.07871362848413337,0.5328118928103126,0.384359846510627,768,221184,0.0002589763013222433,5,0.00022098355116288785,4.9595230691102785e-05,2,0.000667217280435704,0.00018519665806809299
C5|O_LR_MIX|64|2|1e-05|0.01|8,joint_1_minus_joint_0,active,C5,O_LR_MIX,64,2,1e-05,0.01,8,N2C,4,1,2,1,14,0.6210740553365561,3.63636351844748e-05,0.0002832048205567812,0.3583301285298745,0.00019526157333120644,5.033431606939471e-05,0.0003319480377101613,0.0063696898543975,0.22828422909394375,0.0006133654039480809,0.0001720482460871818,0.07871362848413337,0.5328118928103126,0.384359846510627,768,221184,0.0002589763013222433,5,0.00022098355116288785,4.9595230691102785e-05,2,0.000667217280435704,0.00018519665806809299
C5|O_LR_MIX|64|2|1e-05|0.01|8,no_x_off_1_minus_joint_0,all,C5,O_LR_MIX,64,2,1e-05,0.01,8,N2C,4,1,2,1,14,0.23214198560662636,6.384536351890532e-06,3.1324625793816554e-05,0.4514625561983987,9.014529165601288e-05,1.9656991704705568e-05,0.0001322126251183748,0.0011898953808627498,0.33333588889871846,0.0004239651695259477,9.207418388399753e-05,0.011186826127036168,0.07359555026887879,0.38987704486784613,768,221184,9.95986971272561e-05,1,0.00010001516718832222,2.2212846282556958e-05,3,0.0004590645272952673,9.468039176840401e-05
C5|O_LR_MIX|64|2|1e-05|0.01|8,no_x_off_1_minus_joint_0,active,C5,O_LR_MIX,64,2,1e-05,0.01,8,N2C,4,1,2,1,14,0.23203936820701992,5.903958631317676e-06,3.013801965718407e-05,0.44260294260898114,8.985427768833844e-05,2.1296013201289136e-05,0.00013201223564729674,0.001189421840666848,0.33314947906564857,0.0004425374461875958,0.00010448160569360618,0.0110670165521034,0.073314350774121,0.38852662290602974,672,193536,0.00011163805493811581,2,9.875911337665809e-05,2.0609560298853133e-05,3,0.0004787188235913951,0.0001073370471576893
C5|O_LR_MIX|64|2|1e-05|0.01|8,joint_1_minus_no_x_off_1,all,C5,O_LR_MIX,64,2,1e-05,0.01,8,N2C,4,1,2,1,14,0.47598002291750013,2.635299749882048e-05,0.00018282859450720028,0.3796583448657732,0.00017532223100569412,3.754558397576318e-05,0.00019559329855181615,0.0033666054843043245,0.24103542309569742,0.00048751997791774164,0.0001132930130735734,0.05130795491253712,0.3043709295321603,0.41057336009410095,768,221184,0.0001867350789369258,5,0.00020574909775533524,3.728889635881572e-05,0,0.0005070127624692376,0.00011670644210390552
C5|O_LR_MIX|64|2|1e-05|0.01|8,joint_1_minus_no_x_off_1,active,C5,O_LR_MIX,64,2,1e-05,0.01,8,N2C,4,1,2,1,14,0.4690482440929923,2.5616591592969094e-05,0.00016644980411819834,0.3923006502353303,0.0001757028904266107,3.8069507445430095e-05,0.00019237273870892086,0.0033302812797343733,0.24034290485001047,0.0004906652319194876,0.0001161775736809492,0.05015647596926973,0.29615222399813296,0.41153427184544306,736,211968,0.00018926710445627156,5,0.00021065458416002258,3.795882283930594e-05,0,0.0005110269111533085,0.00012072151623910707
C5|O_LR_MIX|64|2|1e-05|0.1|8,joint_1_minus_joint_0,all,C5,O_LR_MIX,64,2,1e-05,0.1,8,N2C,4,1,2,1,14,0.6386028787873088,3.819868202461416e-05,0.0002832048205567812,0.367260201884959,0.0002110859376305517,5.295800357895297e-05,0.0003144683554591798,0.0063696898543975,0.22219246723175137,0.0005731421780696567,0.00015296564655444217,0.07678789278885309,0.5328118928103126,0.3796290340424205,768,221184,0.00025655517179010205,1,0.00023094089511032848,6.212126959752067e-05,3,0.0006048964887949261,0.00016114302472772203
C5|O_LR_MIX|64|2|1e-05|0.1|8,joint_1_minus_joint_0,active,C5,O_LR_MIX,64,2,1e-05,0.1,8,N2C,4,1,2,1,14,0.6386028787873088,3.819868202461416e-05,0.0002832048205567812,0.367260201884959,0.0002110859376305517,5.295800357895297e-05,0.0003144683554591798,0.0063696898543975,0.22219246723175137,0.0005731421780696567,0.00015296564655444217,0.07678789278885309,0.5328118928103126,0.3796290340424205,768,221184,0.00025655517179010205,1,0.00023094089511032848,6.212126959752067e-05,3,0.0006048964887949261,0.00016114302472772203
C5|O_LR_MIX|64|2|1e-05|0.1|8,no_x_off_1_minus_joint_0,all,C5,O_LR_MIX,64,2,1e-05,0.1,8,N2C,4,1,2,1,14,0.23757627860082786,6.6484907215174665e-06,3.1324625793816554e-05,0.4607003982835511,9.039110627661038e-05,2.05494102693361e-05,0.00010616658568601629,0.0011898953808627498,0.29870296671739105,0.00040169903669052333,8.035125183991369e-05,0.01122203939285812,0.07359555026887879,0.3904901793311613,768,221184,9.93412744291933e-05,1,9.957449744386781e-05,2.478655241965321e-05,3,0.0004292654266581797,8.306929013869427e-05
C5|O_LR_MIX|64|2|1e-05|0.1|8,no_x_off_1_minus_joint_0,active,C5,O_LR_MIX,64,2,1e-05,0.1,8,N2C,4,1,2,1,14,0.23747600189364013,6.167926542586142e-06,3.013801965718407e-05,0.4523892126500451,8.987790576127534e-05,2.2315937651473062e-05,0.00010596621024319741,0.001189421840666848,0.29848035105411413,0.000418411242695762,9.108399795815354e-05,0.011102234092636276,0.073314350774121,0.3891443180099498,672,193536,0.00011134389942418328,1,9.767295219475162e-05,2.683330636718377e-05,3,0.00045089765791282623,9.406726373958392e-05
C5|O_LR_MIX|64|2|1e-05|0.1|8,joint_1_minus_no_x_off_1,all,C5,O_LR_MIX,64,2,1e-05,0.1,8,N2C,4,1,2,1,14,0.4915320591458309,2.6803702276380414e-05,0.00018282859450720028,0.382891153529582,0.00017939745444309324,3.8764836346685365e-05,0.00021914589056139702,0.0033666054843043245,0.2551353008364333,0.00047553970900284404,0.00011137293165358051,0.05075490564524935,0.3043709295321603,0.40835457640807105,768,221184,0.0001869328641265562,1,0.0002008489346323521,4.403793655623479e-05,0,0.0004952995950995096,0.00011302998501583805
C5|O_LR_MIX|64|2|1e-05|0.1|8,joint_1_minus_no_x_off_1,active,C5,O_LR_MIX,64,2,1e-05,0.1,8,N2C,4,1,2,1,14,0.4848220132348298,2.6067246210155653e-05,0.00016644980411819834,0.39573633993603147,0.0001795404826613704,3.9341734431233475e-05,0.00021592620770164846,0.0033302812797343733,0.25463155405272553,0.00047741964413485866,0.00011417415527828633,0.04960339769692982,0.29615222399813296,0.40925897626143,736,211968,0.00018947339985789073,1,0.00020586108026208352,4.508017569668767e-05,0,0.0005062679717316242,0.00011688513483574927
C5|O_LR_MIX|64|2|0.01|0.01|8,joint_1_minus_joint_0,all,C5,O_LR_MIX,64,2,0.01,0.01,8,N2C,4,1,2,1,14,0.5854253605737684,3.7511051764047944e-05,0.0002832048205567812,0.3639395887560561,0.00019900444117996603,5.160219395719075e-05,0.0005004539416467775,0.0063696898543975,0.2802998812311007,0.0007651426658858763,0.0002106362794625057,0.08109964693816102,0.5328118928103126,0.3901418389704428,768,221184,0.0002673388266355943,1,0.00022342814125066607,6.041752931955764e-05,2,0.0008026593610651818,0.00022418099089098912
C5|O_LR_MIX|64|2|0.01|0.01|8,joint_1_minus_joint_0,active,C5,O_LR_MIX,64,2,0.01,0.01,8,N2C,4,1,2,1,14,0.5854253605737684,3.7511051764047944e-05,0.0002832048205567812,0.3639395887560561,0.00019900444117996603,5.160219395719075e-05,0.0005004539416467775,0.0063696898543975,0.2802998812311007,0.0007651426658858763,0.0002106362794625057,0.08109964693816102,0.5328118928103126,0.3901418389704428,768,221184,0.0002673388266355943,1,0.00022342814125066607,6.041752931955764e-05,2,0.0008026593610651818,0.00022418099089098912
C5|O_LR_MIX|64|2|0.01|0.01|8,no_x_off_1_minus_joint_0,all,C5,O_LR_MIX,64,2,0.01,0.01,8,N2C,4,1,2,1,14,0.2193222182775157,6.126069683038547e-06,3.1324625793816554e-05,0.44222981626185737,8.848389111712452e-05,1.8749693766659602e-05,0.00018571762986713334,0.0011898953808627498,0.39506829397160736,0.000480967590791699,0.00011044397900731898,0.012492709866811337,0.07359555026887879,0.41200505881034777,768,221184,0.00010542418114901361,1,9.653229436705019e-05,2.128072965374662e-05,3,0.0004944431327348351,0.00011228290848382692
C5|O_LR_MIX|64|2|0.01|0.01|8,no_x_off_1_minus_joint_0,active,C5,O_LR_MIX,64,2,0.01,0.01,8,N2C,4,1,2,1,14,0.2192231444911978,5.6273686337662384e-06,3.013801965718407e-05,0.4321110048105838,8.75690598965303e-05,2.023594505120734e-05,0.0001855016683907566,0.001189421840666848,0.3949171148516075,0.0004882121873466741,0.00012544411689817262,0.012367633959648228,0.073314350774121,0.41072280281839607,672,193536,0.0001182449153070035,2,9.839577021182484e-05,1.9353468051433493e-05,3,0.0005078722023642928,0.00012740540978849402
C5|O_LR_MIX|64|2|0.01|0.01|8,joint_1_minus_no_x_off_1,all,C5,O_LR_MIX,64,2,0.01,0.01,8,N2C,4,1,2,1,14,0.4461024807564067,2.7388347247413616e-05,0.00018282859450720028,0.3870444572468701,0.00018140721514984276,3.960302013546001e-05,0.0002860340648745021,0.0033666054843043245,0.2914826878985335,0.0005873973932703998,0.00012989363256854004,0.05158905111383548,0.3043709295321603,0.4116965092355243,768,221184,0.00018872189383352693,1,0.00021215230285360118,4.7031469340714e-05,3,0.0006022346880986555,0.00013737514430349997
C5|O_LR_MIX|64|2|0.01|0.01|8,joint_1_minus_no_x_off_1,active,C5,O_LR_MIX,64,2,0.01,0.01,8,N2C,4,1,2,1,14,0.4394916207068169,2.665912296993138e-05,0.00016644980411819834,0.4002038707177022,0.00018182876351084142,4.022210400087461e-05,0.0002815639628552037,0.0033302812797343733,0.2907689823278896,0.0005984665130185282,0.00013308263595655556,0.05042102017300429,0.29615222399813296,0.41261813816003057,736,211968,0.00019135384818254718,1,0.00021487162746250876,4.832113203962269e-05,4,0.0006085048906225325,0.00013010753199112505
C5|O_LR_MIX|64|2|0.01|0.1|8,joint_1_minus_joint_0,all,C5,O_LR_MIX,64,2,0.01,0.1,8,N2C,4,1,2,1,14,0.614375435569345,3.7709125978824026e-05,0.0002832048205567812,0.3648992010940479,0.00020616300870227296,5.3124792255227725e-05,0.00032010872472691356,0.0063696898543975,0.2241762563074791,0.0006061180064129907,0.00016060080797450038,0.07343559906122205,0.5328118928103126,0.37124991763678294,768,221184,0.0002548542867244694,1,0.00022864180844861623,6.281688787560033e-05,3,0.0006313520636596045,0.00017025868494298892
C5|O_LR_MIX|64|2|0.01|0.1|8,joint_1_minus_joint_0,active,C5,O_LR_MIX,64,2,0.01,0.1,8,N2C,4,1,2,1,14,0.614375435569345,3.7709125978824026e-05,0.0002832048205567812,0.3648992010940479,0.00020616300870227296,5.3124792255227725e-05,0.00032010872472691356,0.0063696898543975,0.2241762563074791,0.0006061180064129907,0.00016060080797450038,0.07343559906122205,0.5328118928103126,0.37124991763678294,768,221184,0.0002548542867244694,1,0.00022864180844861623,6.281688787560033e-05,3,0.0006313520636596045,0.00017025868494298892
C5|O_LR_MIX|64|2|0.01|0.1|8,no_x_off_1_minus_joint_0,all,C5,O_LR_MIX,64,2,0.01,0.1,8,N2C,4,1,2,1,14,0.2275675839370243,6.081762888761753e-06,3.1324625793816554e-05,0.44062770077705005,8.782501693600972e-05,1.9178456932838407e-05,0.00014024495804354435,0.0011898953808627498,0.34331220178809924,0.00044153422729061395,9.39132509285011e-05,0.011893689661742224,0.07359555026887879,0.4020059886517787,768,221184,0.00010300639615707242,1,9.93470355335105e-05,2.3359478102247992e-05,3,0.00046098417737276145,9.54623527353665e-05
C5|O_LR_MIX|64|2|0.01|0.1|8,no_x_off_1_minus_joint_0,active,C5,O_LR_MIX,64,2,0.01,0.1,8,N2C,4,1,2,1,14,0.2274650969225711,5.595750978005288e-06,3.013801965718407e-05,0.4308953761015003,8.739299466133151e-05,2.074209353197198e-05,0.00014004234835458587,0.001189421840666848,0.3431324079237454,0.0004546357723604045,0.00010657859134333452,0.011772685558650658,0.073314350774121,0.4007220825119908,672,193536,0.0001155207037637805,1,9.767921510915226e-05,2.519606041631926e-05,3,0.00047374355794505403,0.00010822450041914208
C5|O_LR_MIX|64|2|0.01|0.1|8,joint_1_minus_no_x_off_1,all,C5,O_LR_MIX,64,2,0.01,0.1,8,N2C,4,1,2,1,14,0.47090638079163,2.7818475046711597e-05,0.00018282859450720028,0.39007184029258224,0.00018506315519368813,4.037531550026728e-05,0.00020940499581945687,0.0033666054843043245,0.24940054947726378,0.0004898514784043223,0.00011304987092072908,0.04761514523916663,0.3043709295321603,0.3955222971238885,768,221184,0.00018389496282876746,1,0.00020720969351347682,4.617192427648351e-05,2,0.0005089192091181081,0.00012221891286170742
C5|O_LR_MIX|64|2|0.01|0.1|8,joint_1_minus_no_x_off_1,active,C5,O_LR_MIX,64,2,0.01,0.1,8,N2C,4,1,2,1,14,0.4640589586844786,2.7064328735582027e-05,0.00016644980411819834,0.4032338531364857,0.0001853680280072752,4.100327804643874e-05,0.0002060793118785568,0.0033302812797343733,0.24875781857202386,0.0004944853636135972,0.0001159101473596721,0.046460618324223324,0.29615222399813296,0.39608189712055575,736,211968,0.00018630346906749128,1,0.00021384913557292298,4.730739691443427e-05,2,0.0005094531466950526,0.00012497908488763376
C5|O_LR_MIX|64|4|1e-05|0.01|8,joint_1_minus_joint_0,all,C5,O_LR_MIX,64,4,1e-05,0.01,8,N2C,4,1,4,1,14,0.6304784231529235,3.2937018804758254e-05,0.0002832048205567812,0.3410294017476918,0.00019073776969505922,4.784365128462593e-05,0.0003174407273967594,0.0063696898543975,0.2232400851393855,0.000600279181317575,0.00016231983027910484,0.07270092874771447,0.5328118928103126,0.369388205550284,768,221184,0.0002523852772806228,1,0.00022216345890506984,5.729194487532957e-05,2,0.000633788445029965,0.00017146962196698125
C5|O_LR_MIX|64|4|1e-05|0.01|8,joint_1_minus_joint_0,active,C5,O_LR_MIX,64,4,1e-05,0.01,8,N2C,4,1,4,1,14,0.6304784231529235,3.2937018804758254e-05,0.0002832048205567812,0.3410294017476918,0.00019073776969505922,4.784365128462593e-05,0.0003174407273967594,0.0063696898543975,0.2232400851393855,0.000600279181317575,0.00016231983027910484,0.07270092874771447,0.5328118928103126,0.369388205550284,768,221184,0.0002523852772806228,1,0.00022216345890506984,5.729194487532957e-05,2,0.000633788445029965,0.00017146962196698125
C5|O_LR_MIX|64|4|1e-05|0.01|8,no_x_off_1_minus_joint_0,all,C5,O_LR_MIX,64,4,1e-05,0.01,8,N2C,4,1,4,1,14,0.23508824961454602,5.764167584644837e-06,3.1324625793816554e-05,0.42896845194355643,8.56495348277431e-05,1.8718810610238424e-05,0.00012412497725145186,0.0011898953808627498,0.32297968129270643,0.0004234863437644461,8.86390953997615e-05,0.011047129590655222,0.07359555026887879,0.38743508435474966,768,221184,0.00010062070508350659,1,9.660861535983096e-05,2.2061387464173052e-05,3,0.00046351659621965386,9.08375984823413e-05
C5|O_LR_MIX|64|4|1e-05|0.01|8,no_x_off_1_minus_joint_0,active,C5,O_LR_MIX,64,4,1e-05,0.01,8,N2C,4,1,4,1,14,0.23498691883455333,5.283589864071981e-06,3.013801965718407e-05,0.4187040804334205,8.248782623770272e-05,2.0223806236183832e-05,0.0001239245877803738,0.001189421840666848,0.32278309909381275,0.00043561252457524857,0.00010055579028305074,0.010927320015722454,0.073314350774121,0.38606669204603383,672,193536,0.00011280606403097352,1,9.438090152705876e-05,2.3718814964453834e-05,3,0.00047663423034314634,0.00010294528340218907
C5|O_LR_MIX|64|4|1e-05|0.01|8,joint_1_minus_no_x_off_1,all,C5,O_LR_MIX,64,4,1e-05,0.01,8,N2C,4,1,4,1,14,0.4851452723144969,2.4339447056349288e-05,0.00018282859450720028,0.36486591427834747,0.00016405289869617768,3.684736475803018e-05,0.00019833833890173407,0.0033666054843043245,0.24272092724868605,0.0004954631099033702,0.00010833001231467832,0.04755598027309767,0.3043709295321603,0.3952764894398713,768,221184,0.00018381819843160948,1,0.0002039377765135717,4.345117447222259e-05,0,0.000518763785287794,0.0001117525959438477
C5|O_LR_MIX|64|4|1e-05|0.01|8,joint_1_minus_no_x_off_1,active,C5,O_LR_MIX,64,4,1e-05,0.01,8,N2C,4,1,4,1,14,0.4783463267542489,2.3603041150497903e-05,0.00016644980411819834,0.3765670685903847,0.0001642892996505605,3.734093087040435e-05,0.00019511777905883878,0.0033302812797343733,0.24205160344163826,0.0005001309759063978,0.00011099879028036307,0.04640450132983028,0.29615222399813296,0.3958426230632919,736,211968,0.00018622340305941975,1,0.00020627505348310262,4.44680503886063e-05,0,0.0005301955335198032,0.00011555228546339459
C5|O_LR_MIX|64|4|1e-05|0.1|8,joint_1_minus_joint_0,all,C5,O_LR_MIX,64,4,1e-05,0.1,8,N2C,4,1,4,1,14,0.6422289314301318,3.809970408688227e-05,0.0002832048205567812,0.366784082901443,0.00021198950822879669,5.2608777632206534e-05,0.00035374498800933317,0.0063696898543975,0.23566007107226344,0.0005840398336778931,0.00015498275192308574,0.0736105219639069,0.5328118928103126,0.37169181154348235,768,221184,0.00025668806723906645,1,0.00023933811014911066,6.321399453244267e-05,1,0.000599340350626714,0.00015212158359127984
C5|O_LR_MIX|64|4|1e-05|0.1|8,joint_1_minus_joint_0,active,C5,O_LR_MIX,64,4,1e-05,0.1,8,N2C,4,1,4,1,14,0.6422289314301318,3.809970408688227e-05,0.0002832048205567812,0.366784082901443,0.00021198950822879669,5.2608777632206534e-05,0.00035374498800933317,0.0063696898543975,0.23566007107226344,0.0005840398336778931,0.00015498275192308574,0.0736105219639069,0.5328118928103126,0.37169181154348235,768,221184,0.00025668806723906645,1,0.00023933811014911066,6.321399453244267e-05,1,0.000599340350626714,0.00015212158359127984
C5|O_LR_MIX|64|4|1e-05|0.1|8,no_x_off_1_minus_joint_0,all,C5,O_LR_MIX,64,4,1e-05,0.1,8,N2C,4,1,4,1,14,0.23934585816046539,6.36956619944195e-06,3.1324625793816554e-05,0.45093296177686043,8.880277908307156e-05,2.004682126536553e-05,0.00010304130546023173,0.0011898953808627498,0.29427358955721866,0.0003945011477317319,7.970523010618885e-05,0.011405271205912572,0.07359555026887879,0.3936652046540164,768,221184,0.00010294926054990135,1,0.00010983966001891148,2.532511598326254e-05,3,0.0004418244352081339,8.326721288045499e-05
C5|O_LR_MIX|64|4|1e-05|0.1|8,no_x_off_1_minus_joint_0,active,C5,O_LR_MIX,64,4,1e-05,0.1,8,N2C,4,1,4,1,14,0.23924632314863192,5.889002020510626e-06,3.013801965718407e-05,0.44204195986596917,8.808332406970121e-05,2.1741550218363832e-05,0.00010284093001741284,0.001189421840666848,0.2940458424547271,0.00040983474176058024,9.034568740532517e-05,0.011285465905690727,0.073314350774121,0.3923424050670602,672,193536,0.00011546731213356392,1,0.00010870462811826187,2.74488075827373e-05,3,0.0004585854711154709,9.429346115873902e-05
C5|O_LR_MIX|64|4|1e-05|0.1|8,joint_1_minus_no_x_off_1,all,C5,O_LR_MIX,64,4,1e-05,0.1,8,N2C,4,1,4,1,14,0.4959394271009319,2.8031178365672153e-05,0.00018282859450720028,0.3915602680299388,0.00018116764362568179,4.029121948852978e-05,0.00026424984327988807,0.0033666054843043245,0.2801633075250279,0.0004964891980725338,0.00011446791444797509,0.04892271784365678,0.3043709295321603,0.40091628975951227,768,221184,0.00018891823003530216,1,0.00021036531133660947,4.70795121274164e-05,4,0.0005225328216187509,0.00010911249585201237
C5|O_LR_MIX|64|4|1e-05|0.1|8,joint_1_minus_no_x_off_1,active,C5,O_LR_MIX,64,4,1e-05,0.1,8,N2C,4,1,4,1,14,0.4892898268941767,2.7294722299447395e-05,0.00016644980411819834,0.4049465430602291,0.000181268211695057,4.09344820575059e-05,0.0002610301604201395,0.0033302812797343733,0.27996573872612907,0.0005038912817329759,0.0001174037025420024,0.04777120989533725,0.29615222399813296,0.4016295153528483,736,211968,0.0001915450860235387,1,0.00021270633751223404,4.825399368400762e-05,1,0.000527140926089189,0.00011861747058866121
C5|O_LR_MIX|64|4|0.01|0.01|8,joint_1_minus_joint_0,all,C5,O_LR_MIX,64,4,0.01,0.01,8,N2C,4,1,4,1,14,0.5884093932275227,3.341073265924954e-05,0.0002832048205567812,0.34347305978351045,0.00019732360927037705,4.895249789472021e-05,0.0004420695143585162,0.0063696898543975,0.2634426824836646,0.0007367514005921153,0.0001978606553948896,0.07172722827018298,0.5328118928103126,0.3669062159190966,768,221184,0.00025914079907118405,1,0.00022658013367697638,5.673482620674315e-05,2,0.0007886602161328925,0.00021119157654418076
C5|O_LR_MIX|64|4|0.01|0.01|8,joint_1_minus_joint_0,active,C5,O_LR_MIX,64,4,0.01,0.01,8,N2C,4,1,4,1,14,0.5884093932275227,3.341073265924954e-05,0.0002832048205567812,0.34347305978351045,0.00019732360927037705,4.895249789472021e-05,0.0004420695143585162,0.0063696898543975,0.2634426824836646,0.0007367514005921153,0.0001978606553948896,0.07172722827018298,0.5328118928103126,0.3669062159190966,768,221184,0.00025914079907118405,1,0.00022658013367697638,5.673482620674315e-05,2,0.0007886602161328925,0.00021119157654418076
C5|O_LR_MIX|64|4|0.01|0.01|8,no_x_off_1_minus_joint_0,all,C5,O_LR_MIX,64,4,0.01,0.01,8,N2C,4,1,4,1,14,0.22028997657873325,5.397850531491539e-06,3.1324625793816554e-05,0.41511409655108844,8.460683863135002e-05,1.7569261796635952e-05,0.00017743537578606322,0.0011898953808627498,0.38615860418937686,0.0004756540190234366,0.00010753356560323878,0.012223131352339784,0.07359555026887879,0.4075355143700544,768,221184,0.00010543256060230728,3,9.988000904742837e-05,1.8902680398524553e-05,3,0.0004919049347770466,0.00010970339056582988
C5|O_LR_MIX|64|4|0.01|0.01|8,no_x_off_1_minus_joint_0,active,C5,O_LR_MIX,64,4,0.01,0.01,8,N2C,4,1,4,1,14,0.22019133822995218,4.899149482219231e-06,3.013801965718407e-05,0.4031837217754243,8.315863657419816e-05,1.888687994260888e-05,0.00017721941430968646,0.001189421840666848,0.3860003460312553,0.00048285503263056245,0.00012211793015065242,0.012098055445176675,0.073314350774121,0.4062218584647119,672,193536,0.00011825449182505342,3,9.897908397518969e-05,2.035680085795215e-05,3,0.0004989734715004958,0.00012445738931078312
C5|O_LR_MIX|64|4|0.01|0.01|8,joint_1_minus_no_x_off_1,all,C5,O_LR_MIX,64,4,0.01,0.01,8,N2C,4,1,4,1,14,0.4493693328268634,2.5263672342116926e-05,0.00018282859450720028,0.37172877432652823,0.00017715793093874541,3.854542007928513e-05,0.00024845080023715507,0.0033666054843043245,0.2716589931103544,0.0005518787940597518,0.000121291590959924,0.04461674245272437,0.3043709295321603,0.38286647863974044,768,221184,0.00018211510454122718,1,0.00020703090608218755,4.448269841953603e-05,5,0.0005760707803371731,0.00011401276294474409
C5|O_LR_MIX|64|4|0.01|0.01|8,joint_1_minus_no_x_off_1,active,C5,O_LR_MIX,64,4,0.01,0.01,8,N2C,4,1,4,1,14,0.44280724770462454,2.453444806463469e-05,0.00016644980411819834,0.3839250964021867,0.0001776713636008787,3.911852133356169e-05,0.00024398069821785667,0.0033302812797343733,0.27066822620930303,0.0005617736719586148,0.00012410659253886923,0.04344871151189319,0.29615222399813296,0.38302837828277053,736,211968,0.0001844598071818866,1,0.00021060676120723023,4.566154499143698e-05,5,0.0005796428377878349,0.0001163817454361714
C5|O_LR_MIX|64|4|0.01|0.1|8,joint_1_minus_joint_0,all,C5,O_LR_MIX,64,4,0.01,0.1,8,N2C,4,1,4,1,14,0.6178470634725919,3.7345235186251024e-05,0.0002832048205567812,0.3631343053408005,0.00020351606185758396,5.277472178255939e-05,0.0003076045545448872,0.0063696898543975,0.21975422695005542,0.0005793686077367871,0.00015767963743172674,0.0694072785985783,0.5328118928103126,0.36092382655716554,768,221184,0.00025101851004133576,0,0.00022970790009363182,5.866401710857381e-05,2,0.0005968805941308949,0.0001718052875808241
C5|O_LR_MIX|64|4|0.01|0.1|8,joint_1_minus_joint_0,active,C5,O_LR_MIX,64,4,0.01,0.1,8,N2C,4,1,4,1,14,0.6178470634725919,3.7345235186251024e-05,0.0002832048205567812,0.3631343053408005,0.00020351606185758396,5.277472178255939e-05,0.0003076045545448872,0.0063696898543975,0.21975422695005542,0.0005793686077367871,0.00015767963743172674,0.0694072785985783,0.5328118928103126,0.36092382655716554,768,221184,0.00025101851004133576,0,0.00022970790009363182,5.866401710857381e-05,2,0.0005968805941308949,0.0001718052875808241
C5|O_LR_MIX|64|4|0.01|0.1|8,no_x_off_1_minus_joint_0,all,C5,O_LR_MIX,64,4,0.01,0.1,8,N2C,4,1,4,1,14,0.22877345475785962,5.65631179648567e-06,3.1324625793816554e-05,0.4249361950953731,8.648514338855667e-05,1.848640959892056e-05,0.00012736737386352974,0.0011898953808627498,0.3271709295265766,0.0004280961208641968,8.976321286861682e-05,0.011662395124532102,0.07359555026887879,0.3980779271499851,768,221184,0.00010300572323742264,1,9.808305008918312e-05,2.21270182869688e-05,3,0.0004618561955057367,9.237800937204133e-05
C5|O_LR_MIX|64|4|0.01|0.1|8,no_x_off_1_minus_joint_0,active,C5,O_LR_MIX,64,4,0.01,0.1,8,N2C,4,1,4,1,14,0.22867150819659737,5.1702998857292045e-06,3.013801965718407e-05,0.4141908598709864,8.570309564572597e-05,1.995118229320873e-05,0.00012716476417457126,0.001189421840666848,0.3269756717176915,0.0004414470394048855,0.00010183569070346676,0.011541391021440537,0.073314350774121,0.3967661204765239,672,193536,0.00011551993471275218,0,9.82480382489669e-05,2.3525949898833737e-05,3,0.00047406650342702396,0.00010469953657534189
C5|O_LR_MIX|64|4|0.01|0.1|8,joint_1_minus_no_x_off_1,all,C5,O_LR_MIX,64,4,0.01,0.1,8,N2C,4,1,4,1,14,0.47513364230490723,2.7896510490435743e-05,0.00018282859450720028,0.3906185653029403,0.00018326494280060577,4.086856054721273e-05,0.0002143095918540095,0.0033666054843043245,0.25230432270962955,0.0004960572772469045,0.00011352519113568018,0.04474512571392014,0.3043709295321603,0.38341692602447347,768,221184,0.00018177378937769234,1,0.00020931748059428723,4.726727812047068e-05,0,0.0005215173533678463,0.0001135151836289011
C5|O_LR_MIX|64|4|0.01|0.1|8,joint_1_minus_no_x_off_1,active,C5,O_LR_MIX,64,4,0.01,0.1,8,N2C,4,1,4,1,14,0.4683480284094068,2.7142364179306176e-05,0.00016644980411819834,0.403814763224591,0.00018336860193647928,4.151796853020789e-05,0.0002109839079131094,0.0033302812797343733,0.25170057521555417,0.0004983382490323587,0.00011640613367092543,0.04359059879897684,0.29615222399813296,0.3836532824368665,736,211968,0.00018409007068376072,1,0.0002110354606590911,4.84503748385948e-05,0,0.0005283551575831423,0.0001174089737419118
C5|O_LR_MIX|64|FULL|1e-05|0.01|8,joint_1_minus_joint_0,all,C5,O_LR_MIX,64,FULL,1e-05,0.01,8,N2C,4,1,14,1,14,0.6425153114322668,3.935425221314194e-05,0.0002832048205567812,0.3727739122340493,0.00021035902284953875,5.358767480640741e-05,0.0003545055541175683,0.0063696898543975,0.2359132744135895,0.0005736844907578588,0.00015554345261725684,0.0713869982756282,0.5328118928103126,0.3660349924855369,768,221184,0.00025915002396520784,1,0.00022784613287667445,6.361385765715388e-05,1,0.0005971026383323819,0.00015036403502063518
C5|O_LR_MIX|64|FULL|1e-05|0.01|8,joint_1_minus_joint_0,active,C5,O_LR_MIX,64,FULL,1e-05,0.01,8,N2C,4,1,14,1,14,0.6425153114322668,3.935425221314194e-05,0.0002832048205567812,0.3727739122340493,0.00021035902284953875,5.358767480640741e-05,0.0003545055541175683,0.0063696898543975,0.2359132744135895,0.0005736844907578588,0.00015554345261725684,0.0713869982756282,0.5328118928103126,0.3660349924855369,768,221184,0.00025915002396520784,1,0.00022784613287667445,6.361385765715388e-05,1,0.0005971026383323819,0.00015036403502063518
C5|O_LR_MIX|64|FULL|1e-05|0.01|8,no_x_off_1_minus_joint_0,all,C5,O_LR_MIX,64,FULL,1e-05,0.01,8,N2C,4,1,14,1,14,0.23927390849370792,6.197546953280962e-06,3.1324625793816554e-05,0.4448022414355005,8.773427969108505e-05,1.950413153083039e-05,0.00010229502846720302,0.0011898953808627498,0.2932060143461819,0.00039221566378381883,8.001986630216529e-05,0.01097008548791975,0.07359555026887879,0.3860817095170144,768,221184,0.00010283669579819421,1,0.00010267483974190877,2.3058763196598264e-05,3,0.00042350610897861664,8.397768966198931e-05
C5|O_LR_MIX|64|FULL|1e-05|0.01|8,no_x_off_1_minus_joint_0,active,C5,O_LR_MIX,64,FULL,1e-05,0.01,8,N2C,4,1,14,1,14,0.2391743510545835,5.716969232708106e-06,3.013801965718407e-05,0.4355375176963506,8.724595695638669e-05,2.11213158597175e-05,0.00010209463899612495,0.001189421840666848,0.2929769910969936,0.00040418017818900773,9.070524274294079e-05,0.010850275912986982,0.073314350774121,0.3847032847333208,672,193536,0.00011533862484775938,0,0.00010234418292897741,2.4590251811739117e-05,3,0.00043729806640528326,9.510538760750109e-05
C5|O_LR_MIX|64|FULL|1e-05|0.01|8,joint_1_minus_no_x_off_1,all,C5,O_LR_MIX,64,FULL,1e-05,0.01,8,N2C,4,1,14,1,14,0.4960326391320863,2.79855400721654e-05,0.00018282859450720028,0.3912413834321634,0.00018659976465853752,4.074788733829294e-05,0.000267512549786507,0.0033666054843043245,0.2818875968183675,0.0005044906395321746,0.00011522117414883343,0.04765238757026375,0.3043709295321603,0.39567694637556433,768,221184,0.0001915670493807486,1,0.00021411122812974563,4.6942674044463594e-05,4,0.0005425207033021429,0.00011439703159126852
C5|O_LR_MIX|64|FULL|1e-05|0.01|8,joint_1_minus_no_x_off_1,active,C5,O_LR_MIX,64,FULL,1e-05,0.01,8,N2C,4,1,14,1,14,0.4893849733640356,2.7249134166314017e-05,0.00016644980411819834,0.4046082272581863,0.00018710278026364032,4.141104138893941e-05,0.00026429198994361167,0.0033302812797343733,0.2817095321669078,0.000511085772406248,0.00011818956784643798,0.04650090862699636,0.29615222399813296,0.39625359954200073,736,211968,0.00019430916057156487,1,0.00021618680052609332,4.811135429007518e-05,4,0.0005533207880153942,0.00011881473671731974
C5|O_LR_MIX|64|FULL|1e-05|0.1|8,joint_1_minus_joint_0,all,C5,O_LR_MIX,64,FULL,1e-05,0.1,8,N2C,4,1,14,1,14,0.6425949344795924,3.938017899879987e-05,0.0002832048205567812,0.3728966847108737,0.00021036204317865855,5.3602825162245735e-05,0.0003549257494112166,0.0063696898543975,0.23605304696338397,0.0005732205378541445,0.00015556948696204403,0.07140396516536479,0.5328118928103126,0.3660784885459732,768,221184,0.000259190654070188,1,0.00022783753221311445,6.3635269758562e-05,1,0.000597069829260816,0.000150389979977089
C5|O_LR_MIX|64|FULL|1e-05|0.1|8,joint_1_minus_joint_0,active,C5,O_LR_MIX,64,FULL,1e-05,0.1,8,N2C,4,1,14,1,14,0.6425949344795924,3.938017899879987e-05,0.0002832048205567812,0.3728966847108737,0.00021036204317865855,5.3602825162245735e-05,0.0003549257494112166,0.0063696898543975,0.23605304696338397,0.0005732205378541445,0.00015556948696204403,0.07140396516536479,0.5328118928103126,0.3660784885459732,768,221184,0.000259190654070188,1,0.00022783753221311445,6.3635269758562e-05,1,0.000597069829260816,0.000150389979977089
C5|O_LR_MIX|64|FULL|1e-05|0.1|8,no_x_off_1_minus_joint_0,all,C5,O_LR_MIX,64,FULL,1e-05,0.1,8,N2C,4,1,14,1,14,0.23929606202143852,6.201577439514036e-06,3.1324625793816554e-05,0.44494685332334205,8.773056972199296e-05,1.9511959180396263e-05,0.00010222906899052735,0.0011898953808627498,0.2931114699968378,0.0003921868899898091,7.998437294214094e-05,0.010971395352530127,0.07359555026887879,0.386104758547647,768,221184,0.00010284640997259088,1,0.00010269333538799453,2.3069060805063908e-05,3,0.000423397404967675,8.394637882183273e-05
C5|O_LR_MIX|64|FULL|1e-05|0.1|8,no_x_off_1_minus_joint_0,active,C5,O_LR_MIX,64,FULL,1e-05,0.1,8,N2C,4,1,14,1,14,0.23919650628831965,5.721013260582712e-06,3.013801965718407e-05,0.4356915341360046,8.720342049955377e-05,2.1130279264113244e-05,0.00010202869354770846,0.001189421840666848,0.2928823552760118,0.0004039836246122168,9.066470778927043e-05,0.010851590052308282,0.073314350774121,0.3847265808416803,672,193536,0.00011534976861663766,0,0.0001023601064211816,2.4603689665406447e-05,3,0.0004372960993674802,9.506965080602789e-05
C5|O_LR_MIX|64|FULL|1e-05|0.1|8,joint_1_minus_no_x_off_1,all,C5,O_LR_MIX,64,FULL,1e-05,0.1,8,N2C,4,1,14,1,14,0.4961119709262706,2.800005895552542e-05,0.00018282859450720028,0.3913428581838119,0.00018649830373806484,4.075612151750873e-05,0.00026800581763141524,0.0033666054843043245,0.2821473641630531,0.0005047091626781279,0.00011528730013350135,0.04767139244185202,0.3043709295321603,0.39575584105768596,768,221184,0.0001916107172606716,1,0.00021412172491434687,4.695109220678344e-05,4,0.0005420922388662939,0.00011445545550057098
C5|O_LR_MIX|64|FULL|1e-05|0.1|8,joint_1_minus_no_x_off_1,active,C5,O_LR_MIX,64,FULL,1e-05,0.1,8,N2C,4,1,14,1,14,0.4894647148112738,2.7263602889300664e-05,0.00016644980411819834,0.4047156322755161,0.00018727290992071933,4.141959721817959e-05,0.0002647861347716667,0.0033302812797343733,0.28197276432413443,0.0005108236165856653,0.00011825871369211679,0.04651988449353249,0.29615222399813296,0.39633444192435924,736,211968,0.00019435463791088074,1,0.00021611329974182975,4.8119990288564534e-05,4,0.0005532417145074446,0.00011887572007513865
C5|O_LR_MIX|64|FULL|0.01|0.01|8,joint_1_minus_joint_0,all,C5,O_LR_MIX,64,FULL,0.01,0.01,8,N2C,4,1,14,1,14,0.5883082961355142,4.186778943312938e-05,0.0002832048205567812,0.384494113222184,0.00022497877880170057,5.533136190967434e-05,0.00041721315605078405,0.0063696898543975,0.25592920875155023,0.0007177238928846893,0.00018981866929436555,0.07275980721837724,0.5328118928103126,0.36953775392125776,768,221184,0.00026364894516133446,0,0.000249699665094642,6.06100169581861e-05,2,0.0007683126606903377,0.000202675276556461
C5|O_LR_MIX|64|FULL|0.01|0.01|8,joint_1_minus_joint_0,active,C5,O_LR_MIX,64,FULL,0.01,0.01,8,N2C,4,1,14,1,14,0.5883082961355142,4.186778943312938e-05,0.0002832048205567812,0.384494113222184,0.00022497877880170057,5.533136190967434e-05,0.00041721315605078405,0.0063696898543975,0.25592920875155023,0.0007177238928846893,0.00018981866929436555,0.07275980721837724,0.5328118928103126,0.36953775392125776,768,221184,0.00026364894516133446,0,0.000249699665094642,6.06100169581861e-05,2,0.0007683126606903377,0.000202675276556461
C5|O_LR_MIX|64|FULL|0.01|0.01|8,no_x_off_1_minus_joint_0,all,C5,O_LR_MIX,64,FULL,0.01,0.01,8,N2C,4,1,14,1,14,0.2204090544507543,5.880659170290404e-06,3.1324625793816554e-05,0.43328141293524874,8.988315041408079e-05,1.8126299152855424e-05,0.00016411560069620613,0.0011898953808627498,0.3713817377700509,0.00046240265404421836,0.0001037150248010879,0.012178044257139467,0.07359555026887879,0.4067831879907382,768,221184,0.00010704246959595679,1,0.0001036127613899144,2.0509313499415467e-05,3,0.00047858692815893575,0.00010637154312941574
C5|O_LR_MIX|64|FULL|0.01|0.01|8,no_x_off_1_minus_joint_0,active,C5,O_LR_MIX,64,FULL,0.01,0.01,8,N2C,4,1,14,1,14,0.22031046941603552,5.3819581210180955e-06,3.013801965718407e-05,0.42258375817454347,8.936877412699871e-05,1.9523494064002562e-05,0.00016389963921982937,0.001189421840666848,0.3712111771491728,0.00047121750369408927,0.00011775388351962286,0.012052968349976358,0.073314350774121,0.4054641970368851,672,193536,0.00012009438781779572,1,0.00010094228821394648,2.1922843506595326e-05,3,0.0004916840676483911,0.00012064956366916694
C5|O_LR_MIX|64|FULL|0.01|0.01|8,joint_1_minus_no_x_off_1,all,C5,O_LR_MIX,64,FULL,0.01,0.01,8,N2C,4,1,14,1,14,0.4497629151760156,3.1406871698971046e-05,0.00018282859450720028,0.4144673075645643,0.00019851176575823223,4.346425966145765e-05,0.0002506268339174301,0.0033666054843043245,0.27284604985539795,0.0005550838170583333,0.00012062320559869424,0.04572757350819804,0.3043709295321603,0.3876033241450568,768,221184,0.0001871656441572861,1,0.00022765866493740643,5.1038136447404063e-05,4,0.0006173417107598402,0.00011880998803857402
C5|O_LR_MIX|64|FULL|0.01|0.01|8,joint_1_minus_no_x_off_1,active,C5,O_LR_MIX,64,FULL,0.01,0.01,8,N2C,4,1,14,1,14,0.4432066574433558,3.0677647421488807e-05,0.00016644980411819834,0.4293083956200267,0.00020024954439299336,4.425122350626345e-05,0.00024615673189813176,0.0033302812797343733,0.27187257503210577,0.0005615096019053345,0.00012340914694454252,0.044559542567366855,0.29615222399813296,0.3878938221013798,736,211968,0.00018972993547690454,1,0.0002287444673212451,5.2502002063994917e-05,4,0.0006326434116620533,0.00012340353200765861
C5|O_LR_MIX|64|FULL|0.01|0.1|8,joint_1_minus_joint_0,all,C5,O_LR_MIX,64,FULL,0.01,0.1,8,N2C,4,1,14,1,14,0.6185368012193816,3.8469454896376054e-05,0.0002832048205567812,0.3685595725408782,0.00020672961682027122,5.3396939218748614e-05,0.00032140030241229465,0.0063696898543975,0.22462805526652405,0.0005861044612225924,0.0001604619820357434,0.068158138362501,0.5328118928103126,0.3576612622054836,768,221184,0.0002538779346846913,0,0.00022867990067546677,5.794155892211844e-05,0,0.0006128310121377227,0.00015966406823535246
C5|O_LR_MIX|64|FULL|0.01|0.1|8,joint_1_minus_joint_0,active,C5,O_LR_MIX,64,FULL,0.01,0.1,8,N2C,4,1,14,1,14,0.6185368012193816,3.8469454896376054e-05,0.0002832048205567812,0.3685595725408782,0.00020672961682027122,5.3396939218748614e-05,0.00032140030241229465,0.0063696898543975,0.22462805526652405,0.0005861044612225924,0.0001604619820357434,0.068158138362501,0.5328118928103126,0.3576612622054836,768,221184,0.0002538779346846913,0,0.00022867990067546677,5.794155892211844e-05,0,0.0006128310121377227,0.00015966406823535246
C5|O_LR_MIX|64|FULL|0.01|0.1|8,no_x_off_1_minus_joint_0,all,C5,O_LR_MIX,64,FULL,0.01,0.1,8,N2C,4,1,14,1,14,0.2289440450024824,5.834954736819955e-06,3.1324625793816554e-05,0.431594398933459,8.80444470537157e-05,1.867890048721269e-05,0.0001275090947199664,0.0011898953808627498,0.32735289941434426,0.0004312483942560623,9.066190040107754e-05,0.01157397509068388,0.07359555026887879,0.3965660150491399,768,221184,0.0001044481710525538,0,0.00010254990189372603,2.1579253331694348e-05,2,0.00045678852699395674,9.675990924966105e-05
C5|O_LR_MIX|64|FULL|0.01|0.1|8,no_x_off_1_minus_joint_0,active,C5,O_LR_MIX,64,FULL,0.01,0.1,8,N2C,4,1,14,1,14,0.22884217443722812,5.34894282606349e-06,3.013801965718407e-05,0.4212856070656536,8.75619720382173e-05,2.0171171879828306e-05,0.00012730648503100792,0.001189421840666848,0.3271578226807725,0.0004378114007083545,0.00010286276216913615,0.011452970987592315,0.073314350774121,0.3952433610277965,672,193536,0.0001171684465014735,0,0.00010405868406522307,2.3563588968686736e-05,3,0.00046525682575200875,0.00010627854877005292
C5|O_LR_MIX|64|FULL|0.01|0.1|8,joint_1_minus_no_x_off_1,all,C5,O_LR_MIX,64,FULL,0.01,0.1,8,N2C,4,1,14,1,14,0.4762227156908193,2.7948230473644486e-05,0.00018282859450720028,0.3909805000035412,0.00018360112247334042,4.128242169244051e-05,0.00022670930281231972,0.0033666054843043245,0.25950071416977954,0.0005088944786808254,0.00011526726865951267,0.04404716494987543,0.3043709295321603,0.3804147914881285,768,221184,0.00018470876582933152,1,0.0002130719527782747,4.780869120690344e-05,4,0.000529459913764397,0.00011475831245139436
C5|O_LR_MIX|64|FULL|0.01|0.1|8,joint_1_minus_no_x_off_1,active,C5,O_LR_MIX,64,FULL,0.01,0.1,8,N2C,4,1,14,1,14,0.4694528438565368,2.719408416251492e-05,0.00016644980411819834,0.4041993161845328,0.0001837501747613504,4.194982363827167e-05,0.00022338361887141962,0.0033302812797343733,0.25899131642820145,0.0005139675907377694,0.00011822395369579411,0.04289263803493212,0.29615222399813296,0.380569412307118,736,211968,0.00018715265480721024,1,0.00021550248291364403,4.901532762443769e-05,4,0.000556220956941914,0.000119193163776911
C6|O_LR_MIX|64|1|1e-05|0.01|8,joint_1_minus_joint_0,all,C6,O_LR_MIX,64,1,1e-05,0.01,8,N2C,4,1,1,1,14,0.5890890784676609,4.937427642037844e-05,0.0002832048205567812,0.417541888687309,0.0002195160755200558,6.212733477407013e-05,0.0007057769918917756,0.0063696898543975,0.33286996078989844,0.0008711053322068101,0.00022296533951306536,0.08821333227312336,0.5328118928103126,0.4068929441669184,768,221184,0.0002776135422327114,1,0.00026546656402561073,7.105430316750292e-05,3,0.0009067758346350745,0.00023246707892545597
C6|O_LR_MIX|64|1|1e-05|0.01|8,joint_1_minus_joint_0,active,C6,O_LR_MIX,64,1,1e-05,0.01,8,N2C,4,1,1,1,14,0.5890890784676609,4.937427642037844e-05,0.0002832048205567812,0.417541888687309,0.0002195160755200558,6.212733477407013e-05,0.0007057769918917756,0.0063696898543975,0.33286996078989844,0.0008711053322068101,0.00022296533951306536,0.08821333227312336,0.5328118928103126,0.4068929441669184,768,221184,0.0002776135422327114,1,0.00026546656402561073,7.105430316750292e-05,3,0.0009067758346350745,0.00023246707892545597
C6|O_LR_MIX|64|1|1e-05|0.01|8,no_x_off_1_minus_joint_0,all,C6,O_LR_MIX,64,1,1e-05,0.01,8,N2C,4,1,1,1,14,0.22658109339422114,9.68458906575718e-06,3.1324625793816554e-05,0.5560292687967447,0.00011220084779735087,2.4590691574779506e-05,0.00021801902475685627,0.0011898953808627498,0.4280483299867413,0.0004642259023555223,0.00011520429985681645,0.012823200565410515,0.07359555026887879,0.41741921701588164,768,221184,0.00010677641895236562,1,0.00012318190202673115,2.53623523946927e-05,3,0.0004728464787196242,0.00011890460815040643
C6|O_LR_MIX|64|1|1e-05|0.01|8,no_x_off_1_minus_joint_0,active,C6,O_LR_MIX,64,1,1e-05,0.01,8,N2C,4,1,1,1,14,0.22647595634028483,9.204011345184324e-06,3.013801965718407e-05,0.5526258765316917,0.00011493274095177147,2.69345273385165e-05,0.00021781863528577821,0.001189421840666848,0.427936728137412,0.0004729085089685033,0.0001309160239482564,0.012703390990477749,0.073314350774121,0.4162606289187471,672,193536,0.00011984116559538382,1,0.00012314252981244172,2.7491346313619144e-05,3,0.0004870201730663062,0.00013502186587997775
C6|O_LR_MIX|64|1|1e-05|0.01|8,joint_1_minus_no_x_off_1,all,C6,O_LR_MIX,64,1,1e-05,0.01,8,N2C,4,1,1,1,14,0.44601306596423135,3.483082838002185e-05,0.00018282859450720028,0.43647547007449894,0.0002064117260108935,4.476405827071639e-05,0.00045019035369123174,0.0033666054843043245,0.3656806491601835,0.0005748753333093598,0.00015125012773291294,0.058714810612586564,0.3043709295321603,0.43921002755581184,768,221184,0.00020102710710482848,1,0.00025318974469924115,5.364178231585142e-05,0,0.0005906220384668532,0.0001542758032779016
C6|O_LR_MIX|64|1|1e-05|0.01|8,joint_1_minus_no_x_off_1,active,C6,O_LR_MIX,64,1,1e-05,0.01,8,N2C,4,1,1,1,14,0.43860794347684706,3.4094422474170464e-05,0.00016644980411819834,0.4525848633787497,0.00020973888761253906,4.5601828448859534e-05,0.0004469697938483365,0.0033302812797343733,0.36635205266540216,0.0005763254304327614,0.00015578499767330352,0.05756333166931917,0.29615222399813296,0.44087498908313794,736,211968,0.00020418052515321344,1,0.0002651292778841748,5.5101728138479856e-05,0,0.0005931550566870944,0.0001599243278989291
C6|O_LR_MIX|64|1|1e-05|0.1|8,joint_1_minus_joint_0,all,C6,O_LR_MIX,64,1,1e-05,0.1,8,N2C,4,1,1,1,14,0.6192668267680328,3.960323799296288e-05,0.0002832048205567812,0.3739512825929048,0.0002079775423950511,5.4333728003524146e-05,0.0005448178161313343,0.0063696898543975,0.29246002122443365,0.0007778879203435253,0.00018883299187289135,0.07908137001881928,0.5328118928103126,0.38525664405279486,768,221184,0.00026073774223504175,1,0.00023210881304714797,6.558351153788525e-05,1,0.0008036303344151508,0.0001925958025357302
C6|O_LR_MIX|64|1|1e-05|0.1|8,joint_1_minus_joint_0,active,C6,O_LR_MIX,64,1,1e-05,0.1,8,N2C,4,1,1,1,14,0.6192668267680328,3.960323799296288e-05,0.0002832048205567812,0.3739512825929048,0.0002079775423950511,5.4333728003524146e-05,0.0005448178161313343,0.0063696898543975,0.29246002122443365,0.0007778879203435253,0.00018883299187289135,0.07908137001881928,0.5328118928103126,0.38525664405279486,768,221184,0.00026073774223504175,1,0.00023210881304714797,6.558351153788525e-05,1,0.0008036303344151508,0.0001925958025357302
C6|O_LR_MIX|64|1|1e-05|0.1|8,no_x_off_1_minus_joint_0,all,C6,O_LR_MIX,64,1,1e-05,0.1,8,N2C,4,1,1,1,14,0.23862266825253808,7.64413863429206e-06,3.1324625793816554e-05,0.49399361049048557,9.828668345515726e-05,2.220571255182386e-05,0.00018759431402092734,0.0011898953808627498,0.3970593671827337,0.0004525806685098441,0.00010447669195602923,0.01242047996202475,0.07359555026887879,0.41081227412649163,768,221184,0.00010435872245452477,3,0.0001111655146282236,2.3611294691360898e-05,3,0.00047065699566360973,0.00010713909585660792
C6|O_LR_MIX|64|1|1e-05|0.1|8,no_x_off_1_minus_joint_0,active,C6,O_LR_MIX,64,1,1e-05,0.1,8,N2C,4,1,1,1,14,0.23852283145546221,7.163574455360736e-06,3.013801965718407e-05,0.48753694728551206,0.00010032433902277646,2.420885454574479e-05,0.00018739393857810846,0.001189421840666848,0.39692624448494274,0.000457276743138812,0.00011865592951942844,0.012300674661802905,0.073314350774121,0.4096094518021185,672,193536,0.00011707812573884781,3,0.00011238807400692198,2.5782807076295055e-05,3,0.00047955501762110135,0.00012157561313148524
C6|O_LR_MIX|64|1|1e-05|0.1|8,joint_1_minus_no_x_off_1,all,C6,O_LR_MIX,64,1,1e-05,0.1,8,N2C,4,1,1,1,14,0.4674361657277511,3.031551413396282e-05,0.00018282859450720028,0.4072024747069231,0.00018894080538661188,4.198507263853678e-05,0.0003583134611534072,0.0033666054843043245,0.3262386781441515,0.0005836876508547983,0.0001308960934753553,0.052979837713918995,0.3043709295321603,0.41720905580929446,768,221184,0.0001892445057978789,0,0.0002339124729612333,4.75684645962094e-05,1,0.0006421136927683062,0.0001353679859133599
C6|O_LR_MIX|64|1|1e-05|0.1|8,joint_1_minus_no_x_off_1,active,C6,O_LR_MIX,64,1,1e-05,0.1,8,N2C,4,1,1,1,14,0.4603750518644494,2.9579058067738063e-05,0.00016644980411819834,0.42155139011634,0.0001899276387333288,4.270198099664364e-05,0.00035509377829365864,0.0033302812797343733,0.3265360037577249,0.0005862881671538549,0.00013454615022274698,0.05182832976559946,0.29615222399813296,0.41833683609705413,736,211968,0.0001918855476888361,0,0.00023563202093714646,4.9029674772566315e-05,1,0.0006580604824176264,0.000139119283443259
C6|O_LR_MIX|64|1|0.01|0.01|8,joint_1_minus_joint_0,all,C6,O_LR_MIX,64,1,0.01,0.01,8,N2C,4,1,1,1,14,0.5649391875558423,4.738220921901842e-05,0.0002832048205567812,0.4090320439057704,0.0002151265696048804,6.082468076859643e-05,0.0007328002373489962,0.0063696898543975,0.3391826721525893,0.0009210620488255576,0.0002418085116505779,0.0874324207973297,0.5328118928103126,0.40508792383396464,768,221184,0.00028478930635649266,1,0.0002542560971420176,7.05104336600299e-05,1,0.0010535309621714723,0.0002533762580753753
C6|O_LR_MIX|64|1|0.01|0.01|8,joint_1_minus_joint_0,active,C6,O_LR_MIX,64,1,0.01,0.01,8,N2C,4,1,1,1,14,0.5649391875558423,4.738220921901842e-05,0.0002832048205567812,0.4090320439057704,0.0002151265696048804,6.082468076859643e-05,0.0007328002373489962,0.0063696898543975,0.3391826721525893,0.0009210620488255576,0.0002418085116505779,0.0874324207973297,0.5328118928103126,0.40508792383396464,768,221184,0.00028478930635649266,1,0.0002542560971420176,7.05104336600299e-05,1,0.0010535309621714723,0.0002533762580753753
C6|O_LR_MIX|64|1|0.01|0.01|8,no_x_off_1_minus_joint_0,all,C6,O_LR_MIX,64,1,0.01,0.01,8,N2C,4,1,1,1,14,0.2148324732807975,8.603840229424407e-06,3.1324625793816554e-05,0.5240868016146356,0.00010277868688496604,2.2999755649829718e-05,0.00024452113944564317,0.0011898953808627498,0.4533188894383565,0.000497801793910755,0.00012665684143033952,0.013954636563367795,0.07359555026887879,0.43544517899893687,768,221184,0.00011304732989487439,1,0.00011627052383042876,2.424302858676041e-05,0,0.0005064528284560942,0.0001275642213542684
C6|O_LR_MIX|64|1|0.01|0.01|8,no_x_off_1_minus_joint_0,active,C6,O_LR_MIX,64,1,0.01,0.01,8,N2C,4,1,1,1,14,0.21473132800405006,8.105139180152098e-06,3.013801965718407e-05,0.5185885008713471,0.00010383307711895434,2.5093158631973177e-05,0.00024430517796926644,0.001189421840666848,0.4532088494865922,0.0005066822913835083,0.00014397310252448186,0.013829560656204685,0.073314350774121,0.43431986653323956,672,193536,0.00012695708530227297,1,0.00011571026107996243,2.6189946463560966e-05,3,0.0005186124792162482,0.0001476098250797628
C6|O_LR_MIX|64|1|0.01|0.01|8,joint_1_minus_no_x_off_1,all,C6,O_LR_MIX,64,1,0.01,0.01,8,N2C,4,1,1,1,14,0.42776687994173695,3.352440874130773e-05,0.00018282859450720028,0.4282116742683515,0.00020086216786079704,4.4640609239554e-05,0.00044833881446056545,0.0033666054843043245,0.36492789017538574,0.0006586592444807329,0.00015764679956474018,0.056163337294598124,0.3043709295321603,0.4295610228158897,768,221184,0.00020211607615025628,0,0.0002420044396373269,5.121109974323166e-05,2,0.0007459496841063846,0.0001590329908048168
C6|O_LR_MIX|64|1|0.01|0.01|8,joint_1_minus_no_x_off_1,active,C6,O_LR_MIX,64,1,0.01,0.01,8,N2C,4,1,1,1,14,0.4208681086867628,3.2795184463825495e-05,0.00016644980411819834,0.44387776928318395,0.0002022169589420887,4.5478718718190086e-05,0.00044386871244126705,0.0033302812797343733,0.3650789633344788,0.0006653649465204498,0.0001620424623873731,0.05499530635376694,0.29615222399813296,0.43092859523421856,736,211968,0.00020533038625217783,0,0.000244234522130726,5.279315157751846e-05,2,0.0007653676733499055,0.00016311381554715145
C6|O_LR_MIX|64|1|0.01|0.1|8,joint_1_minus_joint_0,all,C6,O_LR_MIX,64,1,0.01,0.1,8,N2C,4,1,1,1,14,0.6076426642909448,3.799424141189992e-05,0.0002832048205567812,0.36627608897848,0.00020333408400778947,5.3310829867484494e-05,0.0004381597334102996,0.0063696898543975,0.26227511643323176,0.0007114158215390217,0.00018705374988600086,0.0720584881973291,0.5328118928103126,0.3677524867352203,768,221184,0.0002580280855688463,0,0.0002325037425286457,6.0338120715122506e-05,3,0.0007648615243787801,0.00019330903296971083
C6|O_LR_MIX|64|1|0.01|0.1|8,joint_1_minus_joint_0,active,C6,O_LR_MIX,64,1,0.01,0.1,8,N2C,4,1,1,1,14,0.6076426642909448,3.799424141189992e-05,0.0002832048205567812,0.36627608897848,0.00020333408400778947,5.3310829867484494e-05,0.0004381597334102996,0.0063696898543975,0.26227511643323176,0.0007114158215390217,0.00018705374988600086,0.0720584881973291,0.5328118928103126,0.3677524867352203,768,221184,0.0002580280855688463,0,0.0002325037425286457,6.0338120715122506e-05,3,0.0007648615243787801,0.00019330903296971083
C6|O_LR_MIX|64|1|0.01|0.1|8,no_x_off_1_minus_joint_0,all,C6,O_LR_MIX,64,1,0.01,0.1,8,N2C,4,1,1,1,14,0.22890098172481152,6.953333639697641e-06,3.1324625793816554e-05,0.4711439172195434,9.48940411757749e-05,2.1057347827688295e-05,0.00019730910626547562,0.0011898953808627498,0.40721069461069315,0.00048019684071311984,0.00011037762685622137,0.012955232154042071,0.07359555026887879,0.4195626516404233,768,221184,0.00010761961632329925,1,0.00010488010797116944,2.426294161104871e-05,2,0.0004996862607075575,0.00011273969267178673
C6|O_LR_MIX|64|1|0.01|0.1|8,no_x_off_1_minus_joint_0,active,C6,O_LR_MIX,64,1,0.01,0.1,8,N2C,4,1,1,1,14,0.22879909198605347,6.4673217289411755e-06,3.013801965718407e-05,0.4632387459317389,9.495772373790619e-05,2.2889397411800426e-05,0.00019710649657651714,0.001189421840666848,0.40708257680067994,0.00048670284829827173,0.00012539502097501482,0.012834228050950506,0.073314350774121,0.4183987510398552,672,193536,0.00012079295538232546,3,0.00010557375814628296,2.3697370432586556e-05,2,0.0005036946446887068,0.00012824879908697248
C6|O_LR_MIX|64|1|0.01|0.1|8,joint_1_minus_no_x_off_1,all,C6,O_LR_MIX,64,1,0.01,0.1,8,N2C,4,1,1,1,14,0.46180767286550284,2.9243306715024172e-05,0.00018282859450720028,0.3999366268415149,0.00018430159951713073,4.162955731547123e-05,0.00027240033794977397,0.0033666054843043245,0.28445115906020435,0.0005466525586274186,0.00012713232849956367,0.04678309989661204,0.3043709295321603,0.3920513126737116,768,221184,0.00018537388974121342,0,0.00022248375301918023,4.678018821066593e-05,2,0.0005642371966518424,0.00013257066373840426
C6|O_LR_MIX|64|1|0.01|0.1|8,joint_1_minus_no_x_off_1,active,C6,O_LR_MIX,64,1,0.01,0.1,8,N2C,4,1,1,1,14,0.4548232891821859,2.8489160403894605e-05,0.00016644980411819834,0.41371205995537624,0.0001843790797371024,4.231205211447763e-05,0.00026907465400887386,0.0033302812797343733,0.2842470310530677,0.0005492623630235074,0.00013060488570280386,0.04562857298166874,0.29615222399813296,0.3925192353040204,736,211968,0.0001878466971500436,0,0.00022601221664245676,4.818079594050009e-05,2,0.0005726958589810435,0.00013578091188940438
C6|O_LR_MIX|64|2|1e-05|0.01|8,joint_1_minus_joint_0,all,C6,O_LR_MIX,64,2,1e-05,0.01,8,N2C,4,1,2,1,14,0.6194893496581858,3.634974747117308e-05,0.0002832048205567812,0.3582616966845234,0.00019610630438792555,5.032177908168584e-05,0.00032745324813129623,0.0063696898543975,0.22673340388578456,0.0006106564325452647,0.00017050233615959634,0.07949117251125161,0.5328118928103126,0.38625356107213427,768,221184,0.0002587743934202717,5,0.00021953133791906209,4.9996881371111796e-05,2,0.0006516593357179273,0.00018374949689071527
C6|O_LR_MIX|64|2|1e-05|0.01|8,joint_1_minus_joint_0,active,C6,O_LR_MIX,64,2,1e-05,0.01,8,N2C,4,1,2,1,14,0.6194893496581858,3.634974747117308e-05,0.0002832048205567812,0.3582616966845234,0.00019610630438792555,5.032177908168584e-05,0.00032745324813129623,0.0063696898543975,0.22673340388578456,0.0006106564325452647,0.00017050233615959634,0.07949117251125161,0.5328118928103126,0.38625356107213427,768,221184,0.0002587743934202717,5,0.00021953133791906209,4.9996881371111796e-05,2,0.0006516593357179273,0.00018374949689071527
C6|O_LR_MIX|64|2|1e-05|0.01|8,no_x_off_1_minus_joint_0,all,C6,O_LR_MIX,64,2,1e-05,0.01,8,N2C,4,1,2,1,14,0.23118930232651652,6.219728125804842e-06,3.1324625793816554e-05,0.4455975095648472,8.90049676861239e-05,1.92179685270748e-05,0.00013037452227674073,0.0011898953808627498,0.33101065660077966,0.0004249428315110335,9.189143893981161e-05,0.011141808212314563,0.07359555026887879,0.38909178439401115,768,221184,9.911505942914612e-05,1,9.694206154714506e-05,2.1650855582347484e-05,3,0.0004584916086894215,9.419134685375983e-05
C6|O_LR_MIX|64|2|1e-05|0.01|8,no_x_off_1_minus_joint_0,active,C6,O_LR_MIX,64,2,1e-05,0.01,8,N2C,4,1,2,1,14,0.23108626187367198,5.739150405231986e-06,3.013801965718407e-05,0.4363816170725852,8.838921657916337e-05,2.079427242685397e-05,0.00013017413280566267,0.001189421840666848,0.33082200704818526,0.00043918780277554277,0.00010427275432882229,0.011021998637381797,0.073314350774121,0.3877356020607696,672,193536,0.00011108532614027585,3,9.796798703900864e-05,2.0845382656527176e-05,3,0.00047468858880722126,0.00010677813868381024
C6|O_LR_MIX|64|2|1e-05|0.01|8,joint_1_minus_no_x_off_1,all,C6,O_LR_MIX,64,2,1e-05,0.01,8,N2C,4,1,2,1,14,0.4751173004181712,2.6526614370912017e-05,0.00018282859450720028,0.38090691035086627,0.00017773000089950795,3.777213557399283e-05,0.00019270690916915054,0.0033666054843043245,0.23925032126449852,0.0004927577348411935,0.00011069146575618015,0.051806315676766974,0.3043709295321603,0.41256251745435363,768,221184,0.00018632280665042554,5,0.00020462893205855232,3.782710802083728e-05,0,0.0005282511451381831,0.00011461796961988488
C6|O_LR_MIX|64|2|1e-05|0.01|8,joint_1_minus_no_x_off_1,active,C6,O_LR_MIX,64,2,1e-05,0.01,8,N2C,4,1,2,1,14,0.4681727482744228,2.5790208465060632e-05,0.00016644980411819834,0.3936278173725453,0.0001780435622099623,3.830590911314799e-05,0.00018948634932625525,0.0033302812797343733,0.23853301977498445,0.0005027357202005065,0.00011346291561062586,0.05065483673349959,0.29615222399813296,0.4135737452101566,736,211968,0.00018883690728774955,5,0.00021009995061880855,3.852043500837191e-05,0,0.0005488804474900158,0.00011854224060360729
C6|O_LR_MIX|64|2|1e-05|0.1|8,joint_1_minus_joint_0,all,C6,O_LR_MIX,64,2,1e-05,0.1,8,N2C,4,1,2,1,14,0.6370504412752929,3.77055522095784e-05,0.0002832048205567812,0.3648819095710085,0.0002109198360279313,5.245444418062173e-05,0.0003235957297844953,0.0063696898543975,0.22539394639832805,0.0005725796918415915,0.00015260099923693148,0.07823036653010783,0.5328118928103126,0.3831781422109168,768,221184,0.0002562424654319302,1,0.00022681784274802022,6.14707179544739e-05,3,0.0006068582722759725,0.0001601461647392775
C6|O_LR_MIX|64|2|1e-05|0.1|8,joint_1_minus_joint_0,active,C6,O_LR_MIX,64,2,1e-05,0.1,8,N2C,4,1,2,1,14,0.6370504412752929,3.77055522095784e-05,0.0002832048205567812,0.3648819095710085,0.0002109198360279313,5.245444418062173e-05,0.0003235957297844953,0.0063696898543975,0.22539394639832805,0.0005725796918415915,0.00015260099923693148,0.07823036653010783,0.5328118928103126,0.3831781422109168,768,221184,0.0002562424654319302,1,0.00022681784274802022,6.14707179544739e-05,3,0.0006068582722759725,0.0001601461647392775
C6|O_LR_MIX|64|2|1e-05|0.1|8,no_x_off_1_minus_joint_0,all,C6,O_LR_MIX,64,2,1e-05,0.1,8,N2C,4,1,2,1,14,0.23716229973176609,6.398226756539457e-06,3.1324625793816554e-05,0.451946334107506,8.877317998607701e-05,2.01542324812601e-05,0.0001010698115653519,0.0011898953808627498,0.2914448185997441,0.0003922883651368458,7.908722207682675e-05,0.011118971822174094,0.07359555026887879,0.3886928361611596,768,221184,9.878299995632327e-05,1,9.879175183584029e-05,2.4113756619769056e-05,3,0.00042696954194797404,8.131350335310515e-05
C6|O_LR_MIX|64|2|1e-05|0.1|8,no_x_off_1_minus_joint_0,active,C6,O_LR_MIX,64,2,1e-05,0.1,8,N2C,4,1,2,1,14,0.23706184791237506,5.917662577608133e-06,3.013801965718407e-05,0.4431163177643766,8.789544779073892e-05,2.1864305893671917e-05,0.00010086943612253301,0.001189421840666848,0.2912137266711902,0.00040677162897313394,8.963939251462563e-05,0.01099916652195225,0.073314350774121,0.38733379592134515,672,193536,0.00011070587145518898,1,9.738535799107368e-05,2.6064396881601883e-05,3,0.0004373722940149607,9.206065027033921e-05
C6|O_LR_MIX|64|2|1e-05|0.1|8,joint_1_minus_no_x_off_1,all,C6,O_LR_MIX,64,2,1e-05,0.1,8,N2C,4,1,2,1,14,0.490252324923994,2.6937072133990702e-05,0.00018282859450720028,0.38384256635924074,0.00017751300482532077,3.889526378936918e-05,0.000233695038650292,0.0033666054843043245,0.26346845998088225,0.0004887624998095927,0.00011065052469942552,0.05186451110821906,0.3043709295321603,0.41279417371686256,768,221184,0.0001866718617080194,1,0.00020343919976892027,4.455087006759236e-05,0,0.0005401160720664442,0.00011188579361336116
C6|O_LR_MIX|64|2|1e-05|0.1|8,joint_1_minus_no_x_off_1,active,C6,O_LR_MIX,64,2,1e-05,0.1,8,N2C,4,1,2,1,14,0.48352452000112084,2.6200616067765944e-05,0.00016644980411819834,0.3967474164674415,0.00017763820047425157,3.947783263229484e-05,0.00023047535579054343,0.0033302812797343733,0.26307028117730175,0.0004972251621148162,0.00011342033932612461,0.050713003159899524,0.29615222399813296,0.41381112831589567,736,211968,0.0001892010495081132,1,0.00020809349595663483,4.56154106650608e-05,0,0.0005558500519145385,0.0001156911959809908
C6|O_LR_MIX|64|2|0.01|0.01|8,joint_1_minus_joint_0,all,C6,O_LR_MIX,64,2,0.01,0.01,8,N2C,4,1,2,1,14,0.5856209867800252,3.830479343174361e-05,0.0002832048205567812,0.36776995076124563,0.00019989447540212646,5.206863602443547e-05,0.00048557334407835814,0.0063696898543975,0.27610118815373774,0.0007518227345402989,0.0002079983542666993,0.08182692503411329,0.5328118928103126,0.3918872739556434,768,221184,0.00026719417000116105,1,0.0002254342775541665,6.112421843276987e-05,2,0.0007931192519114221,0.00022170323678456173
C6|O_LR_MIX|64|2|0.01|0.01|8,joint_1_minus_joint_0,active,C6,O_LR_MIX,64,2,0.01,0.01,8,N2C,4,1,2,1,14,0.5856209867800252,3.830479343174361e-05,0.0002832048205567812,0.36776995076124563,0.00019989447540212646,5.206863602443547e-05,0.00048557334407835814,0.0063696898543975,0.27610118815373774,0.0007518227345402989,0.0002079983542666993,0.08182692503411329,0.5328118928103126,0.3918872739556434,768,221184,0.00026719417000116105,1,0.0002254342775541665,6.112421843276987e-05,2,0.0007931192519114221,0.00022170323678456173
C6|O_LR_MIX|64|2|0.01|0.01|8,no_x_off_1_minus_joint_0,all,C6,O_LR_MIX,64,2,0.01,0.01,8,N2C,4,1,2,1,14,0.21914587680279243,6.212554283646543e-06,3.1324625793816554e-05,0.4453404590619186,8.889588881739533e-05,1.8912744065830733e-05,0.00018262780423740352,0.0011898953808627498,0.39176809018156483,0.00047798011673496515,0.00010987422827041777,0.012430351514054395,0.07359555026887879,0.4109754944405194,768,221184,0.00010513852666468513,3,9.93905500684142e-05,1.8765558023475932e-05,2,0.0004931180164474552,0.00011286310372954665
C6|O_LR_MIX|64|2|0.01|0.01|8,no_x_off_1_minus_joint_0,active,C6,O_LR_MIX,64,2,0.01,0.01,8,N2C,4,1,2,1,14,0.21904672325808264,5.713853234374234e-06,3.013801965718407e-05,0.4354188080182835,8.777017643195823e-05,2.042228825026006e-05,0.00018241184276102676,0.001189421840666848,0.39161431710641914,0.0004868098776216129,0.00012479297319885699,0.012305275606891286,0.073314350774121,0.40968604981206874,672,193536,0.00011791845303919954,2,9.967826672188888e-05,1.9626767295212706e-05,3,0.0005001602978505079,0.00012699232118099988
C6|O_LR_MIX|64|2|0.01|0.01|8,joint_1_minus_no_x_off_1,all,C6,O_LR_MIX,64,2,0.01,0.01,8,N2C,4,1,2,1,14,0.44642669245052574,2.8011432827758003e-05,0.00018282859450720028,0.3914223335833022,0.0001835253068674926,3.993241965077361e-05,0.0002759698193095667,0.0033666054843043245,0.28630878985259317,0.0005771792214621429,0.0001277829736771966,0.052150005257332134,0.3043709295321603,0.4139287509408353,768,221184,0.00018876764674202523,1,0.00021342021326965817,4.771262294860323e-05,3,0.0006054442284247115,0.00013465965244708795
C6|O_LR_MIX|64|2|0.01|0.01|8,joint_1_minus_no_x_off_1,active,C6,O_LR_MIX,64,2,0.01,0.01,8,N2C,4,1,2,1,14,0.43982070559126785,2.7282208550275764e-05,0.00016644980411819834,0.4048537049585051,0.00018438374658083295,4.056582523424532e-05,0.0002714997172902683,0.0033302812797343733,0.2855250608711237,0.000584807872827102,0.0001308802092873276,0.05098197431650095,0.29615222399813296,0.4149070609037412,736,211968,0.00019140159034793672,1,0.00021815710064479002,4.903190102176797e-05,4,0.0006026117127498928,0.00012810102412026366
C6|O_LR_MIX|64|2|0.01|0.1|8,joint_1_minus_joint_0,all,C6,O_LR_MIX,64,2,0.01,0.1,8,N2C,4,1,2,1,14,0.6154188825105666,3.708702286916908e-05,0.0002832048205567812,0.3618767367192505,0.00020608605317674975,5.240297792014591e-05,0.0003147697940164664,0.0063696898543975,0.22229893475500953,0.0005894497968154201,0.00015914122159484524,0.07483316297676089,0.5328118928103126,0.37476592453629537,768,221184,0.0002543409811464106,1,0.00022684180350412292,6.219781132083921e-05,2,0.0006092085150749628,0.00017224987981986307
C6|O_LR_MIX|64|2|0.01|0.1|8,joint_1_minus_joint_0,active,C6,O_LR_MIX,64,2,0.01,0.1,8,N2C,4,1,2,1,14,0.6154188825105666,3.708702286916908e-05,0.0002832048205567812,0.3618767367192505,0.00020608605317674975,5.240297792014591e-05,0.0003147697940164664,0.0063696898543975,0.22229893475500953,0.0005894497968154201,0.00015914122159484524,0.07483316297676089,0.5328118928103126,0.37476592453629537,768,221184,0.0002543409811464106,1,0.00022684180350412292,6.219781132083921e-05,2,0.0006092085150749628,0.00017224987981986307
C6|O_LR_MIX|64|2|0.01|0.1|8,no_x_off_1_minus_joint_0,all,C6,O_LR_MIX,64,2,0.01,0.1,8,N2C,4,1,2,1,14,0.22819749175389606,5.9277266467729535e-06,3.1324625793816554e-05,0.4350119008311434,8.736613669429642e-05,1.881297453329598e-05,0.00013122442505522915,0.0011898953808627498,0.33208782210998766,0.0004384170872914646,9.054919590158039e-05,0.011753260669329768,0.07359555026887879,0.3996256960407064,768,221184,0.00010220084662267136,1,9.991328165440938e-05,2.286662419450211e-05,2,0.0004620593093741746,9.419710837386135e-05
C6|O_LR_MIX|64|2|0.01|0.1|8,no_x_off_1_minus_joint_0,active,C6,O_LR_MIX,64,2,0.01,0.1,8,N2C,4,1,2,1,14,0.22809528776769925,5.441714736016488e-06,3.013801965718407e-05,0.4249232846299065,8.650974787963735e-05,2.032439936106635e-05,0.00013102181536627067,0.001189421840666848,0.33189740114996696,0.0004501764014534186,0.00010273395702685369,0.011632256566238203,0.073314350774121,0.39832493116857853,672,193536,0.000114600075724465,1,9.780831508714965e-05,2.4632798807466822e-05,3,0.00048013242826157906,0.00010410115582696942
C6|O_LR_MIX|64|2|0.01|0.1|8,joint_1_minus_no_x_off_1,all,C6,O_LR_MIX,64,2,0.01,0.1,8,N2C,4,1,2,1,14,0.4719479105363584,2.7639874215245673e-05,0.00018282859450720028,0.388817649777643,0.0001853568939968274,4.015292206042515e-05,0.00021246374229252712,0.0033666054843043245,0.25121542378419104,0.0005062167419739985,0.00011350410085771656,0.048848101615340034,0.3043709295321603,0.4006104372040134,768,221184,0.00018405208585937279,1,0.00020806103478399562,4.634764189399022e-05,2,0.0005257333271612956,0.00012184975383054431
C6|O_LR_MIX|64|2|0.01|0.1|8,joint_1_minus_no_x_off_1,active,C6,O_LR_MIX,64,2,0.01,0.1,8,N2C,4,1,2,1,14,0.4651158220536961,2.6885727904116103e-05,0.00016644980411819834,0.4019011559624035,0.0001853998786188189,4.0771215326603465e-05,0.000209138058351627,0.0033302812797343733,0.25059712130003997,0.0005091611709445332,0.00011638412642435468,0.04769357470039673,0.29615222399813296,0.4013030293339395,736,211968,0.00018646742353420988,1,0.00021594675405758277,4.749075442835432e-05,2,0.0005296305224033232,0.00012459387546381138
C6|O_LR_MIX|64|4|1e-05|0.01|8,joint_1_minus_joint_0,all,C6,O_LR_MIX,64,4,1e-05,0.01,8,N2C,4,1,4,1,14,0.6300827282948371,3.272261336217894e-05,0.0002832048205567812,0.3399176141037288,0.0001918359977054343,4.790406175766973e-05,0.00032018792402474484,0.0063696898543975,0.22420398673572314,0.0005916691698991126,0.00016137379464437344,0.07360813765630152,0.5328118928103126,0.371685791787298,768,221184,0.0002520898110302066,1,0.00022217803530134243,5.687306675208428e-05,2,0.0006211474735364454,0.00017149009119503031
C6|O_LR_MIX|64|4|1e-05|0.01|8,joint_1_minus_joint_0,active,C6,O_LR_MIX,64,4,1e-05,0.01,8,N2C,4,1,4,1,14,0.6300827282948371,3.272261336217894e-05,0.0002832048205567812,0.3399176141037288,0.0001918359977054343,4.790406175766973e-05,0.00032018792402474484,0.0063696898543975,0.22420398673572314,0.0005916691698991126,0.00016137379464437344,0.07360813765630152,0.5328118928103126,0.371685791787298,768,221184,0.0002520898110302066,1,0.00022217803530134243,5.687306675208428e-05,2,0.0006211474735364454,0.00017149009119503031
C6|O_LR_MIX|64|4|1e-05|0.01|8,no_x_off_1_minus_joint_0,all,C6,O_LR_MIX,64,4,1e-05,0.01,8,N2C,4,1,4,1,14,0.2349756643351486,5.845279366780419e-06,3.1324625793816554e-05,0.4319760713902537,8.38393340012035e-05,1.888373565681194e-05,0.00012135241096749556,0.0011898953808627498,0.3193521286037065,0.0004170260651961282,8.797153613180733e-05,0.01100630381121198,0.07359555026887879,0.3867185190297686,768,221184,0.00010026331407374086,1,9.689681999795085e-05,2.2248312528104058e-05,3,0.00046550205125847773,9.048932841393004e-05
C6|O_LR_MIX|64|4|1e-05|0.01|8,no_x_off_1_minus_joint_0,active,C6,O_LR_MIX,64,4,1e-05,0.01,8,N2C,4,1,4,1,14,0.23487428498298887,5.364701646207564e-06,3.013801965718407e-05,0.42190573721666036,8.29336140503694e-05,2.041229200369642e-05,0.00012115202149641749,0.001189421840666848,0.3191518586897645,0.0004317117589439047,9.979286540538883e-05,0.010886494236279212,0.073314350774121,0.3853448214111501,672,193536,0.00011239761716266981,1,9.492327725798511e-05,2.3932443608946418e-05,3,0.00047450876096082935,0.00010254726046686191
C6|O_LR_MIX|64|4|1e-05|0.01|8,joint_1_minus_no_x_off_1,all,C6,O_LR_MIX,64,4,1e-05,0.01,8,N2C,4,1,4,1,14,0.48464599738365005,2.4110157804249974e-05,0.00018282859450720028,0.3631432417195347,0.00016758245937513653,3.6885229913267844e-05,0.00020487089015990283,0.0033666054843043245,0.2466857222198079,0.0004982589419051556,0.00010803799046527047,0.048328147185709026,0.3043709295321603,0.3984726218677185,768,221184,0.00018384309847928153,1,0.00020920377721642697,4.298031058749365e-05,0,0.0005173421485173142,0.00011254874581273608
C6|O_LR_MIX|64|4|1e-05|0.01|8,joint_1_minus_no_x_off_1,active,C6,O_LR_MIX,64,4,1e-05,0.01,8,N2C,4,1,4,1,14,0.4778399479429992,2.337375189839859e-05,0.00016644980411819834,0.3747335443069788,0.00016764355594524137,3.7380442336739304e-05,0.00020165033031700755,0.0033302812797343733,0.24607019352878,0.0005021867436357603,0.00011069407182880704,0.04717666824244164,0.29615222399813296,0.3991224290400437,736,211968,0.00018624938571786014,1,0.00021140686702681368,4.397671416106306e-05,0,0.0005214658748924911,0.00011638305054397376
C6|O_LR_MIX|64|4|1e-05|0.1|8,joint_1_minus_joint_0,all,C6,O_LR_MIX,64,4,1e-05,0.1,8,N2C,4,1,4,1,14,0.6406695213889014,3.715879412357825e-05,0.0002832048205567812,0.36222672159227676,0.0002084995232400221,5.190717983525774e-05,0.0003541508798178701,0.0063696898543975,0.23579523209669695,0.0005728304641186891,0.0001552525367663108,0.07372489454392968,0.5328118928103126,0.3719804581262361,768,221184,0.00025581798696346563,1,0.00023600299302041196,6.179752946858937e-05,1,0.0006147790708112037,0.00015098612312430378
C6|O_LR_MIX|64|4|1e-05|0.1|8,joint_1_minus_joint_0,active,C6,O_LR_MIX,64,4,1e-05,0.1,8,N2C,4,1,4,1,14,0.6406695213889014,3.715879412357825e-05,0.0002832048205567812,0.36222672159227676,0.0002084995232400221,5.190717983525774e-05,0.0003541508798178701,0.0063696898543975,0.23579523209669695,0.0005728304641186891,0.0001552525367663108,0.07372489454392968,0.5328118928103126,0.3719804581262361,768,221184,0.00025581798696346563,1,0.00023600299302041196,6.179752946858937e-05,1,0.0006147790708112037,0.00015098612312430378
C6|O_LR_MIX|64|4|1e-05|0.1|8,no_x_off_1_minus_joint_0,all,C6,O_LR_MIX,64,4,1e-05,0.1,8,N2C,4,1,4,1,14,0.23915230801146373,6.257310462511045e-06,3.1324625793816554e-05,0.44694173023391587,8.837995701203754e-05,1.9798533033641523e-05,0.00010242099276718977,0.0011898953808627498,0.29338648317289057,0.0003928888250588658,8.010032977811411e-05,0.011362490387514239,0.07359555026887879,0.3929261980214099,768,221184,0.00010263893858365454,1,0.00010842020260272771,2.4450282861274152e-05,3,0.0004352549153073041,8.361935946353885e-05
C6|O_LR_MIX|64|4|1e-05|0.1|8,no_x_off_1_minus_joint_0,active,C6,O_LR_MIX,64,4,1e-05,0.1,8,N2C,4,1,4,1,14,0.23905269241064825,5.77674628357972e-06,3.013801965718407e-05,0.43780860263935617,8.770699191512197e-05,2.1457792239250685e-05,0.00010222061732437088,0.001189421840666848,0.29315769291037297,0.0004090317164864687,9.079722988752548e-05,0.011242685087292393,0.073314350774121,0.3915980553705575,672,193536,0.00011511265845785327,1,0.0001071490826209276,2.6448998300464845e-05,3,0.00044606848446173433,9.469591439654915e-05
C6|O_LR_MIX|64|4|1e-05|0.1|8,joint_1_minus_no_x_off_1,all,C6,O_LR_MIX,64,4,1e-05,0.1,8,N2C,4,1,4,1,14,0.49413612705350635,2.7117138216426624e-05,0.00018282859450720028,0.38512336452408563,0.00018039242114918506,3.977375648028884e-05,0.00026456637062216874,0.0033666054843043245,0.28033105181988227,0.0005088700976583263,0.00011409094102683766,0.04900095808258459,0.3043709295321603,0.40123674676164617,768,221184,0.00018821607512301228,0,0.00020675187953049005,4.3963829796425724e-05,4,0.0005365212759476145,0.00011129642872347901
C6|O_LR_MIX|64|4|1e-05|0.1|8,joint_1_minus_no_x_off_1,active,C6,O_LR_MIX,64,4,1e-05,0.1,8,N2C,4,1,4,1,14,0.4874619281629816,2.6380682150201866e-05,0.00016644980411819834,0.3981084231525179,0.00018063588047826965,4.039452065760232e-05,0.0002613466877624202,0.0033302812797343733,0.2801354316899061,0.0005146844704658817,0.0001170103389721199,0.04784945013426506,0.29615222399813296,0.40195827752316865,736,211968,0.0001908124026368014,1,0.00020873939711590125,4.728995239351182e-05,4,0.0005381004705334743,0.00011557934430773833
C6|O_LR_MIX|64|4|0.01|0.01|8,joint_1_minus_joint_0,all,C6,O_LR_MIX,64,4,0.01,0.01,8,N2C,4,1,4,1,14,0.588593621251071,3.3467493030307556e-05,0.0002832048205567812,0.34376469339443333,0.00019758407495746599,4.9224938037087535e-05,0.0004357485785421404,0.0063696898543975,0.2615524823472159,0.0007258978163574249,0.0001960537385499343,0.0728909009971561,0.5328118928103126,0.3698705083718988,768,221184,0.0002593074140131853,1,0.0002238983819442523,5.733213528780371e-05,2,0.0007825926600013607,0.00020979243435510696
C6|O_LR_MIX|64|4|0.01|0.01|8,joint_1_minus_joint_0,active,C6,O_LR_MIX,64,4,0.01,0.01,8,N2C,4,1,4,1,14,0.588593621251071,3.3467493030307556e-05,0.0002832048205567812,0.34376469339443333,0.00019758407495746599,4.9224938037087535e-05,0.0004357485785421404,0.0063696898543975,0.2615524823472159,0.0007258978163574249,0.0001960537385499343,0.0728909009971561,0.5328118928103126,0.3698705083718988,768,221184,0.0002593074140131853,1,0.0002238983819442523,5.733213528780371e-05,2,0.0007825926600013607,0.00020979243435510696
C6|O_LR_MIX|64|4|0.01|0.01|8,no_x_off_1_minus_joint_0,all,C6,O_LR_MIX,64,4,0.01,0.01,8,N2C,4,1,4,1,14,0.22019810774450604,5.499756651503292e-06,3.1324625793816554e-05,0.4190142482147409,8.456419196658298e-05,1.7776510941710623e-05,0.00017471249246411042,0.0011898953808627498,0.38318419743554705,0.0004706477638862768,0.00010696665666901824,0.01219648900973716,0.07359555026887879,0.40709112645175777,768,221184,0.00010526942415589801,3,9.988000904742837e-05,1.9025457283799072e-05,3,0.000488486330633402,0.00010921923538422777
C6|O_LR_MIX|64|4|0.01|0.01|8,no_x_off_1_minus_joint_0,active,C6,O_LR_MIX,64,4,0.01,0.01,8,N2C,4,1,4,1,14,0.22009942822438103,5.001055602230984e-06,3.013801965718407e-05,0.4073554073654927,8.370336211280271e-05,1.91237361084085e-05,0.00017449653098773369,0.001189421840666848,0.38302352103130993,0.000483199829647229,0.00012147003422582893,0.012071413102574051,0.073314350774121,0.405774320966455,672,193536,0.00011806805017201426,3,9.960503059547103e-05,2.049711729826588e-05,3,0.000501953410129738,0.00012390406910323785
C6|O_LR_MIX|64|4|0.01|0.01|8,joint_1_minus_no_x_off_1,all,C6,O_LR_MIX,64,4,0.01,0.01,8,N2C,4,1,4,1,14,0.44957944265379474,2.517427497785429e-05,0.00018282859450720028,0.37107049665384007,0.00017936209340429834,3.8653177858956415e-05,0.00024623730026718173,0.0033666054843043245,0.2704461524049193,0.0005503075608364743,0.00012004012971466029,0.0454686400458768,0.3043709295321603,0.38650435973108327,768,221184,0.0001823361011256373,1,0.0002070561013703546,4.4901134225662475e-05,4,0.0005630319936612169,0.0001153421667265922
C6|O_LR_MIX|64|4|0.01|0.01|8,joint_1_minus_no_x_off_1,active,C6,O_LR_MIX,64,4,0.01,0.01,8,N2C,4,1,4,1,14,0.4430204697205098,2.4445050700372053e-05,0.00016644980411819834,0.38322499477812194,0.00017975655126579464,3.9230964234088254e-05,0.00024176719824788335,0.0033302812797343733,0.26943761822772744,0.0005578021219241565,0.00012280071993511584,0.04430060910504561,0.29615222399813296,0.38676516344354783,736,211968,0.00018469041231344496,1,0.0002097217614536062,4.609817365869936e-05,4,0.00057343886178919,0.0001197849358560254
C6|O_LR_MIX|64|4|0.01|0.1|8,joint_1_minus_joint_0,all,C6,O_LR_MIX,64,4,0.01,0.1,8,N2C,4,1,4,1,14,0.6178693574628854,3.731527280363608e-05,0.0002832048205567812,0.3629886033232506,0.00020376416247715315,5.2783466969228875e-05,0.00031393002518300756,0.0063696898543975,0.22200220298956608,0.0005841417153907043,0.00015873066931592248,0.06974464203424809,0.5328118928103126,0.3617999227126137,768,221184,0.0002516465463308435,0,0.00022941338088226977,5.8711328188163326e-05,0,0.000599602135729817,0.00015886686610466639
C6|O_LR_MIX|64|4|0.01|0.1|8,joint_1_minus_joint_0,active,C6,O_LR_MIX,64,4,0.01,0.1,8,N2C,4,1,4,1,14,0.6178693574628854,3.731527280363608e-05,0.0002832048205567812,0.3629886033232506,0.00020376416247715315,5.2783466969228875e-05,0.00031393002518300756,0.0063696898543975,0.22200220298956608,0.0005841417153907043,0.00015873066931592248,0.06974464203424809,0.5328118928103126,0.3617999227126137,768,221184,0.0002516465463308435,0,0.00022941338088226977,5.8711328188163326e-05,0,0.000599602135729817,0.00015886686610466639
C6|O_LR_MIX|64|4|0.01|0.1|8,no_x_off_1_minus_joint_0,all,C6,O_LR_MIX,64,4,0.01,0.1,8,N2C,4,1,4,1,14,0.22887681699085924,5.640556589175524e-06,3.1324625793816554e-05,0.4243439693959288,8.621212036480195e-05,1.847470726876377e-05,0.00012698884417637648,0.0011898953808627498,0.326684399666707,0.00042735861758394744,8.973750135152946e-05,0.011667427671270653,0.07359555026887879,0.39816380700908277,768,221184,0.0001030572468051697,1,9.89173938429498e-05,2.2209167545455266e-05,3,0.00045856881143598976,9.226058338173028e-05
C6|O_LR_MIX|64|4|0.01|0.1|8,no_x_off_1_minus_joint_0,active,C6,O_LR_MIX,64,4,0.01,0.1,8,N2C,4,1,4,1,14,0.22877491648982703,5.154544678419058e-06,3.013801965718407e-05,0.4135593063894196,8.487919944992892e-05,1.9937808201600973e-05,0.000126786234487418,0.001189421840666848,0.32648865692628887,0.00043973733036246335,0.00010180630611250975,0.011546423568179087,0.073314350774121,0.39685261466178146,672,193536,0.00011557881879017738,0,9.804091315723896e-05,2.3398015227777188e-05,3,0.0004735303018186241,0.00010456533544355784
C6|O_LR_MIX|64|4|0.01|0.1|8,joint_1_minus_no_x_off_1,all,C6,O_LR_MIX,64,4,0.01,0.1,8,N2C,4,1,4,1,14,0.4751889594927341,2.7809516174207446e-05,0.00018282859450720028,0.3900090243890997,0.00018367644198184925,4.088490507085031e-05,0.0002194537551568053,0.0033666054843043245,0.25531444989283997,0.0005075938297645782,0.00011399778100638677,0.04502995490339097,0.3043709295321603,0.3846353278904019,768,221184,0.00018225518771269755,1,0.00021046353997600356,4.733474390806164e-05,0,0.0005434056906453021,0.00011411846135791679
C6|O_LR_MIX|64|4|0.01|0.1|8,joint_1_minus_no_x_off_1,active,C6,O_LR_MIX,64,4,0.01,0.1,8,N2C,4,1,4,1,14,0.4684041469594802,2.7055369863077876e-05,0.00016644980411819834,0.403167108091378,0.00018376244593728473,4.153502368530799e-05,0.00021612807121590522,0.0033302812797343733,0.2547505502903642,0.0005115248996347742,0.00011689927092731492,0.043875427988447666,0.29615222399813296,0.3849046729933017,736,211968,0.00018459239938115743,1,0.00021137987828942327,4.8520773921298415e-05,0,0.000545954423405277,0.00011803848093740639
C6|O_LR_MIX|64|FULL|1e-05|0.01|8,joint_1_minus_joint_0,all,C6,O_LR_MIX,64,FULL,1e-05,0.01,8,N2C,4,1,14,1,14,0.6425153114322668,3.935425221314194e-05,0.0002832048205567812,0.3727739122340493,0.0002103590228495388,5.358767480640741e-05,0.0003545055541175684,0.0063696898543975,0.23591327441358953,0.0005736844907578575,0.00015554345261725684,0.07138699827562821,0.5328118928103126,0.3660349924855369,768,221184,0.0002591500239652079,1,0.00022784613287667426,6.361385765715388e-05,1,0.0005971026383323829,0.00015036403502063515
C6|O_LR_MIX|64|FULL|1e-05|0.01|8,joint_1_minus_joint_0,active,C6,O_LR_MIX,64,FULL,1e-05,0.01,8,N2C,4,1,14,1,14,0.6425153114322668,3.935425221314194e-05,0.0002832048205567812,0.3727739122340493,0.0002103590228495388,5.358767480640741e-05,0.0003545055541175684,0.0063696898543975,0.23591327441358953,0.0005736844907578575,0.00015554345261725684,0.07138699827562821,0.5328118928103126,0.3660349924855369,768,221184,0.0002591500239652079,1,0.00022784613287667426,6.361385765715388e-05,1,0.0005971026383323829,0.00015036403502063515
C6|O_LR_MIX|64|FULL|1e-05|0.01|8,no_x_off_1_minus_joint_0,all,C6,O_LR_MIX,64,FULL,1e-05,0.01,8,N2C,4,1,14,1,14,0.23927390849370792,6.1975469532809624e-06,3.1324625793816554e-05,0.4448022414355005,8.773427969108508e-05,1.950413153083039e-05,0.000102295028467203,0.0011898953808627498,0.2932060143461818,0.00039221566378381894,8.001986630216528e-05,0.010970085487919749,0.07359555026887879,0.38608170951701437,768,221184,0.00010283669579819421,1,0.00010267483974190871,2.3058763196598257e-05,3,0.00042350610897861675,8.397768966198931e-05
C6|O_LR_MIX|64|FULL|1e-05|0.01|8,no_x_off_1_minus_joint_0,active,C6,O_LR_MIX,64,FULL,1e-05,0.01,8,N2C,4,1,14,1,14,0.2391743510545835,5.716969232708107e-06,3.013801965718407e-05,0.4355375176963506,8.724595695638665e-05,2.1121315859717504e-05,0.00010209463899612494,0.001189421840666848,0.2929769910969936,0.0004041801781890072,9.070524274294079e-05,0.01085027591298698,0.073314350774121,0.3847032847333208,672,193536,0.00011533862484775938,0,0.00010234418292897733,2.4590251811739127e-05,3,0.0004372980664052833,9.510538760750109e-05
C6|O_LR_MIX|64|FULL|1e-05|0.01|8,joint_1_minus_no_x_off_1,all,C6,O_LR_MIX,64,FULL,1e-05,0.01,8,N2C,4,1,14,1,14,0.49603263913208623,2.79855400721654e-05,0.00018282859450720028,0.3912413834321634,0.00018659976465853757,4.074788733829294e-05,0.00026751254978650703,0.0033666054843043245,0.28188759681836756,0.0005044906395321778,0.00011522117414883342,0.04765238757026376,0.3043709295321603,0.39567694637556433,768,221184,0.0001915670493807486,1,0.0002141112281297456,4.69426740444636e-05,4,0.0005425207033021433,0.00011439703159126854
C6|O_LR_MIX|64|FULL|1e-05|0.01|8,joint_1_minus_no_x_off_1,active,C6,O_LR_MIX,64,FULL,1e-05,0.01,8,N2C,4,1,14,1,14,0.4893849733640356,2.7249134166314014e-05,0.00016644980411819834,0.40460822725818624,0.00018710278026364024,4.141104138893941e-05,0.0002642919899436117,0.0033302812797343733,0.28170953216690786,0.0005110857724062471,0.00011818956784643795,0.04650090862699637,0.29615222399813296,0.39625359954200085,736,211968,0.0001943091605715649,1,0.00021618680052609327,4.811135429007518e-05,4,0.0005533207880153946,0.00011881473671731975
C6|O_LR_MIX|64|FULL|1e-05|0.1|8,joint_1_minus_joint_0,all,C6,O_LR_MIX,64,FULL,1e-05,0.1,8,N2C,4,1,14,1,14,0.6425949344795924,3.938017899879986e-05,0.0002832048205567812,0.3728966847108736,0.00021036204317865842,5.360282516224573e-05,0.0003549257494112167,0.0063696898543975,0.236053046963384,0.0005732205378541455,0.00015556948696204408,0.0714039651653648,0.5328118928103126,0.36607848854597325,768,221184,0.000259190654070188,1,0.0002278375322131143,6.363526975856199e-05,1,0.0005970698292608171,0.0001503899799770891
C6|O_LR_MIX|64|FULL|1e-05|0.1|8,joint_1_minus_joint_0,active,C6,O_LR_MIX,64,FULL,1e-05,0.1,8,N2C,4,1,14,1,14,0.6425949344795924,3.938017899879986e-05,0.0002832048205567812,0.3728966847108736,0.00021036204317865842,5.360282516224573e-05,0.0003549257494112167,0.0063696898543975,0.236053046963384,0.0005732205378541455,0.00015556948696204408,0.0714039651653648,0.5328118928103126,0.36607848854597325,768,221184,0.000259190654070188,1,0.0002278375322131143,6.363526975856199e-05,1,0.0005970698292608171,0.0001503899799770891
C6|O_LR_MIX|64|FULL|1e-05|0.1|8,no_x_off_1_minus_joint_0,all,C6,O_LR_MIX,64,FULL,1e-05,0.1,8,N2C,4,1,14,1,14,0.2392960620214385,6.2015774395140356e-06,3.1324625793816554e-05,0.444946853323342,8.773056972199301e-05,1.9511959180396263e-05,0.0001022290689905274,0.0011898953808627498,0.29311146999683785,0.00039218688998980976,7.998437294214095e-05,0.010971395352530128,0.07359555026887879,0.386104758547647,768,221184,0.0001028464099725909,1,0.0001026933353879946,2.3069060805063908e-05,3,0.00042339740496767436,8.394637882183273e-05
C6|O_LR_MIX|64|FULL|1e-05|0.1|8,no_x_off_1_minus_joint_0,active,C6,O_LR_MIX,64,FULL,1e-05,0.1,8,N2C,4,1,14,1,14,0.23919650628831962,5.721013260582711e-06,3.013801965718407e-05,0.4356915341360046,8.720342049955389e-05,2.1130279264113244e-05,0.00010202869354770851,0.001189421840666848,0.29288235527601186,0.00040398362461221754,9.066470778927044e-05,0.010851590052308284,0.073314350774121,0.3847265808416804,672,193536,0.00011534976861663766,0,0.0001023601064211816,2.4603689665406443e-05,3,0.000437296099367481,9.506965080602789e-05
C6|O_LR_MIX|64|FULL|1e-05|0.1|8,joint_1_minus_no_x_off_1,all,C6,O_LR_MIX,64,FULL,1e-05,0.1,8,N2C,4,1,14,1,14,0.4961119709262705,2.800005895552541e-05,0.00018282859450720028,0.3913428581838118,0.0001864983037380651,4.0756121517508716e-05,0.00026800581763141513,0.0033666054843043245,0.28214736416305297,0.0005047091626781306,0.00011528730013350138,0.04767139244185203,0.3043709295321603,0.395755841057686,768,221184,0.0001916107172606716,1,0.00021412172491434644,4.695109220678344e-05,4,0.0005420922388662947,0.00011445545550057102
C6|O_LR_MIX|64|FULL|1e-05|0.1|8,joint_1_minus_no_x_off_1,active,C6,O_LR_MIX,64,FULL,1e-05,0.1,8,N2C,4,1,14,1,14,0.4894647148112738,2.7263602889300653e-05,0.00016644980411819834,0.40471563227551605,0.0001872729099207194,4.1419597218179584e-05,0.0002647861347716666,0.0033302812797343733,0.2819727643241344,0.0005108236165856639,0.00011825871369211679,0.04651988449353249,0.29615222399813296,0.39633444192435924,736,211968,0.0001943546379108807,1,0.00021611329974182992,4.811999028856452e-05,4,0.0005532417145074481,0.00011887572007513869
C6|O_LR_MIX|64|FULL|0.01|0.01|8,joint_1_minus_joint_0,all,C6,O_LR_MIX,64,FULL,0.01,0.01,8,N2C,4,1,14,1,14,0.588308296135514,4.1867789433129385e-05,0.0002832048205567812,0.3844941132221841,0.0002249787788017004,5.533136190967434e-05,0.0004172131560507845,0.0063696898543975,0.25592920875155034,0.0007177238928846915,0.00018981866929436566,0.07275980721837727,0.5328118928103126,0.3695377539212578,768,221184,0.00026364894516133446,0,0.000249699665094642,6.061001695818611e-05,2,0.0007683126606903349,0.00020267527655646106
C6|O_LR_MIX|64|FULL|0.01|0.01|8,joint_1_minus_joint_0,active,C6,O_LR_MIX,64,FULL,0.01,0.01,8,N2C,4,1,14,1,14,0.588308296135514,4.1867789433129385e-05,0.0002832048205567812,0.3844941132221841,0.0002249787788017004,5.533136190967434e-05,0.0004172131560507845,0.0063696898543975,0.25592920875155034,0.0007177238928846915,0.00018981866929436566,0.07275980721837727,0.5328118928103126,0.3695377539212578,768,221184,0.00026364894516133446,0,0.000249699665094642,6.061001695818611e-05,2,0.0007683126606903349,0.00020267527655646106
C6|O_LR_MIX|64|FULL|0.01|0.01|8,no_x_off_1_minus_joint_0,all,C6,O_LR_MIX,64,FULL,0.01,0.01,8,N2C,4,1,14,1,14,0.22040905445075423,5.880659170290402e-06,3.1324625793816554e-05,0.4332814129352487,8.988315041408083e-05,1.812629915285542e-05,0.00016411560069620615,0.0011898953808627498,0.37138173777005096,0.0004624026540442176,0.00010371502480108792,0.012178044257139467,0.07359555026887879,0.4067831879907382,768,221184,0.0001070424695959568,1,0.00010361276138991436,2.0509313499415467e-05,3,0.0004785869281589364,0.00010637154312941571
C6|O_LR_MIX|64|FULL|0.01|0.01|8,no_x_off_1_minus_joint_0,active,C6,O_LR_MIX,64,FULL,0.01,0.01,8,N2C,4,1,14,1,14,0.2203104694160355,5.381958121018094e-06,3.013801965718407e-05,0.4225837581745434,8.93687741269986e-05,1.952349406400256e-05,0.0001638996392198294,0.001189421840666848,0.37121117714917284,0.00047121750369408987,0.00011775388351962286,0.012052968349976358,0.073314350774121,0.4054641970368851,672,193536,0.00012009438781779572,1,0.0001009422882139465,2.1922843506595326e-05,3,0.0004916840676483906,0.00012064956366916695
C6|O_LR_MIX|64|FULL|0.01|0.01|8,joint_1_minus_no_x_off_1,all,C6,O_LR_MIX,64,FULL,0.01,0.01,8,N2C,4,1,14,1,14,0.44976291517601547,3.1406871698971046e-05,0.00018282859450720028,0.4144673075645643,0.00019851176575823214,4.3464259661457655e-05,0.0002506268339174303,0.0033666054843043245,0.27284604985539807,0.0005550838170583326,0.00012062320559869424,0.045727573508198054,0.3043709295321603,0.3876033241450569,768,221184,0.0001871656441572861,1,0.00022765866493740648,5.103813644740405e-05,4,0.000617341710759842,0.00011880998803857402
C6|O_LR_MIX|64|FULL|0.01|0.01|8,joint_1_minus_no_x_off_1,active,C6,O_LR_MIX,64,FULL,0.01,0.01,8,N2C,4,1,14,1,14,0.44320665744335574,3.067764742148881e-05,0.00016644980411819834,0.42930839562002676,0.00020024954439299357,4.425122350626345e-05,0.00024615673189813187,0.0033302812797343733,0.2718725750321058,0.0005615096019053354,0.00012340914694454252,0.04455954256736686,0.29615222399813296,0.38789382210137985,736,211968,0.00018972993547690457,1,0.00022874446732124517,5.2502002063994917e-05,4,0.0006326434116620542,0.00012340353200765861
C6|O_LR_MIX|64|FULL|0.01|0.1|8,joint_1_minus_joint_0,all,C6,O_LR_MIX,64,FULL,0.01,0.1,8,N2C,4,1,14,1,14,0.6185368012193817,3.846945489637604e-05,0.0002832048205567812,0.3685595725408781,0.0002067296168202713,5.339693921874861e-05,0.00032140030241229454,0.0063696898543975,0.224628055266524,0.0005861044612225921,0.00016046198203574334,0.06815813836250098,0.5328118928103126,0.35766126220548355,768,221184,0.00025387793468469125,0,0.00022867990067546647,5.7941558922118426e-05,0,0.0006128310121377219,0.0001596640682353524
C6|O_LR_MIX|64|FULL|0.01|0.1|8,joint_1_minus_joint_0,active,C6,O_LR_MIX,64,FULL,0.01,0.1,8,N2C,4,1,14,1,14,0.6185368012193817,3.846945489637604e-05,0.0002832048205567812,0.3685595725408781,0.0002067296168202713,5.339693921874861e-05,0.00032140030241229454,0.0063696898543975,0.224628055266524,0.0005861044612225921,0.00016046198203574334,0.06815813836250098,0.5328118928103126,0.35766126220548355,768,221184,0.00025387793468469125,0,0.00022867990067546647,5.7941558922118426e-05,0,0.0006128310121377219,0.0001596640682353524
C6|O_LR_MIX|64|FULL|0.01|0.1|8,no_x_off_1_minus_joint_0,all,C6,O_LR_MIX,64,FULL,0.01,0.1,8,N2C,4,1,14,1,14,0.22894404500248244,5.8349547368199535e-06,3.1324625793816554e-05,0.43159439893345897,8.804444705371562e-05,1.8678900487212682e-05,0.00012750909471996637,0.0011898953808627498,0.32735289941434426,0.00043124839425606233,9.066190040107755e-05,0.011573975090683877,0.07359555026887879,0.39656601504913985,768,221184,0.00010444817105255378,0,0.00010254990189372605,2.1579253331694348e-05,2,0.0004567885269939566,9.675990924966105e-05
C6|O_LR_MIX|64|FULL|0.01|0.1|8,no_x_off_1_minus_joint_0,active,C6,O_LR_MIX,64,FULL,0.01,0.1,8,N2C,4,1,14,1,14,0.22884217443722818,5.348942826063488e-06,3.013801965718407e-05,0.42128560706565354,8.756197203821741e-05,2.0171171879828303e-05,0.0001273064850310079,0.001189421840666848,0.3271578226807724,0.0004378114007083545,0.00010286276216913615,0.011452970987592312,0.073314350774121,0.3952433610277964,672,193536,0.00011716844650147349,0,0.00010405868406522307,2.3563588968686736e-05,3,0.00046525682575200827,0.00010627854877005292
C6|O_LR_MIX|64|FULL|0.01|0.1|8,joint_1_minus_no_x_off_1,all,C6,O_LR_MIX,64,FULL,0.01,0.1,8,N2C,4,1,14,1,14,0.47622271569081936,2.7948230473644483e-05,0.00018282859450720028,0.3909805000035412,0.0001836011224733403,4.128242169244052e-05,0.00022670930281231975,0.0033666054843043245,0.25950071416977954,0.0005088944786808255,0.00011526726865951267,0.044047164949875435,0.3043709295321603,0.38041479148812857,768,221184,0.00018470876582933152,1,0.00021307195277827452,4.780869120690344e-05,4,0.0005294599137643978,0.0001147583124513944
C6|O_LR_MIX|64|FULL|0.01|0.1|8,joint_1_minus_no_x_off_1,active,C6,O_LR_MIX,64,FULL,0.01,0.1,8,N2C,4,1,14,1,14,0.4694528438565369,2.7194084162514917e-05,0.00016644980411819834,0.40419931618453275,0.00018375017476135013,4.194982363827167e-05,0.00022338361887141965,0.0033302812797343733,0.2589913164282015,0.0005139675907377705,0.00011822395369579414,0.04289263803493213,0.29615222399813296,0.38056941230711805,736,211968,0.0001871526548072103,1,0.00021550248291364425,4.901532762443768e-05,4,0.0005562209569419144,0.00011919316377691104
C5|O_LR_ORIGIN|16|4|1e-05|0.01|8,joint_1_minus_joint_0,all,C5,O_LR_ORIGIN,16,4,1e-05,0.01,8,N2E,4,1,4,1,14,0.635926019885193,6.636075278302256e-05,0.0002832048205567812,0.4840668378275304,0.00025890140953339295,6.867367629064034e-05,0.000509398411785226,0.0063696898543975,0.2827936477812676,0.0007487862456522944,0.00020440694017243556,0.10110979387660773,0.5328118928103126,0.43562185242749996,768,221184,0.00033034141674524595,1,0.00028039659084995135,7.34363260200507e-05,3,0.0007943213628820109,0.00021736024953004367
C5|O_LR_ORIGIN|16|4|1e-05|0.01|8,joint_1_minus_joint_0,active,C5,O_LR_ORIGIN,16,4,1e-05,0.01,8,N2E,4,1,4,1,14,0.635926019885193,6.636075278302256e-05,0.0002832048205567812,0.4840668378275304,0.00025890140953339295,6.867367629064034e-05,0.000509398411785226,0.0063696898543975,0.2827936477812676,0.0007487862456522944,0.00020440694017243556,0.10110979387660773,0.5328118928103126,0.43562185242749996,768,221184,0.00033034141674524595,1,0.00028039659084995135,7.34363260200507e-05,3,0.0007943213628820109,0.00021736024953004367
C5|O_LR_ORIGIN|16|4|1e-05|0.01|8,no_x_off_1_minus_joint_0,all,C5,O_LR_ORIGIN,16,4,1e-05,0.01,8,N2E,4,1,4,1,14,0.23799200396186346,1.1775810692407519e-05,3.1324625793816554e-05,0.613129852500911,0.00011478807396681977,2.7224298051869205e-05,0.00018508157763121136,0.0011898953808627498,0.3943911918765012,0.0004561292512575394,0.00010748290537766948,0.015397961170498983,0.07359555026887879,0.457410186025382,768,221184,0.00012738013712964064,3,0.00013603114631250418,3.0241081181736786e-05,3,0.000475047363280403,0.00011048234301940729
C5|O_LR_ORIGIN|16|4|1e-05|0.01|8,no_x_off_1_minus_joint_0,active,C5,O_LR_ORIGIN,16,4,1e-05,0.01,8,N2E,4,1,4,1,14,0.23784546119409072,1.1264134026483607e-05,3.013801965718407e-05,0.611352297626303,0.00011844259932842535,2.9938394195668377e-05,0.00018485503582202147,0.001189421840666848,0.3942282013716797,0.00047972262932233705,0.00012210671572580452,0.015254894355714182,0.073314350774121,0.4561525485642742,672,193536,0.00014322802567203933,3,0.00014080441494398387,3.3352668776137336e-05,0,0.0004977017454319364,0.00011993823439605861
C5|O_LR_ORIGIN|16|4|1e-05|0.01|8,joint_1_minus_no_x_off_1,all,C5,O_LR_ORIGIN,16,4,1e-05,0.01,8,N2E,4,1,4,1,14,0.4912070638460256,4.737111073983214e-05,0.00018282859450720028,0.5090198559207809,0.00022720332956733264,4.9734125493760656e-05,0.0002636042735189399,0.0033666054843043245,0.2798208748543049,0.0005288737604573384,0.00012547407339874792,0.06746789411797036,0.3043709295321603,0.47081142378816543,768,221184,0.0002372516685981091,0,0.00024608867185847694,5.2651703553887175e-05,0,0.0005590981219635856,0.00012349245664282758
C5|O_LR_ORIGIN|16|4|1e-05|0.01|8,joint_1_minus_no_x_off_1,active,C5,O_LR_ORIGIN,16,4,1e-05,0.01,8,N2E,4,1,4,1,14,0.4818671916636958,4.524293058919879e-05,0.00016644980411819834,0.5213552125253774,0.00022564132639268879,5.008115507903132e-05,0.00025552545230364093,0.0033302812797343733,0.276997994541482,0.0005289421661795006,0.00012737645836423902,0.06386979698113172,0.29615222399813296,0.46439792294370696,736,211968,0.00023837853423535891,0,0.000252933902241996,5.3922368422596484e-05,0,0.000567515531193015,0.00012727006920914186
C5|O_LR_ORIGIN|256|4|1e-05|0.01|8,joint_1_minus_joint_0,all,C5,O_LR_ORIGIN,256,4,1e-05,0.01,8,N2E,4,1,4,1,14,0.6304600075790664,2.8152190877870168e-05,0.0002832048205567812,0.3152867926281762,0.00017986264912748658,4.5228589776612674e-05,0.00027135980749374634,0.0063696898543975,0.20640186535221672,0.0005579900567235874,0.00014531384862362842,0.06358931807946298,0.5328118928103126,0.34546585466921187,768,221184,0.00022510970315434416,1,0.00022001805215891794,5.506281767170098e-05,2,0.0005807068903142062,0.0001519326697054827
C5|O_LR_ORIGIN|256|4|1e-05|0.01|8,joint_1_minus_joint_0,active,C5,O_LR_ORIGIN,256,4,1e-05,0.01,8,N2E,4,1,4,1,14,0.6304600075790664,2.8152190877870168e-05,0.0002832048205567812,0.3152867926281762,0.00017986264912748658,4.5228589776612674e-05,0.00027135980749374634,0.0063696898543975,0.20640186535221672,0.0005579900567235874,0.00014531384862362842,0.06358931807946298,0.5328118928103126,0.34546585466921187,768,221184,0.00022510970315434416,1,0.00022001805215891794,5.506281767170098e-05,2,0.0005807068903142062,0.0001519326697054827
C5|O_LR_ORIGIN|256|4|1e-05|0.01|8,no_x_off_1_minus_joint_0,all,C5,O_LR_ORIGIN,256,4,1e-05,0.01,8,N2E,4,1,4,1,14,0.23468791394917926,4.751537250300999e-06,3.1324625793816554e-05,0.3894701011588751,7.795465326943916e-05,1.664357249411421e-05,0.00010425345423672836,0.0011898953808627498,0.2959994045391724,0.00040095777187908893,8.10519458504735e-05,0.009831709447864115,0.07359555026887879,0.3655011429433066,768,221184,9.10720314028369e-05,0,9.827400329763737e-05,1.9738385723956786e-05,2,0.0004418071048181014,8.531154313819632e-05
C5|O_LR_ORIGIN|256|4|1e-05|0.01|8,no_x_off_1_minus_joint_0,active,C5,O_LR_ORIGIN,256,4,1e-05,0.01,8,N2E,4,1,4,1,14,0.23460053601425962,4.2470554247341654e-06,3.013801965718407e-05,0.3753933789402203,7.599929786365035e-05,1.7818243406293352e-05,0.00010406685863319206,0.001189421840666848,0.2957932560746891,0.0004225435515612369,9.189424273767065e-05,0.009715745798506,0.073314350774121,0.3640353641737804,672,193536,0.0001019072128983095,0,9.736794661509999e-05,2.1368262330768256e-05,3,0.0004560639075751776,9.495260263900727e-05
C5|O_LR_ORIGIN|256|4|1e-05|0.01|8,joint_1_minus_no_x_off_1,all,C5,O_LR_ORIGIN,256,4,1e-05,0.01,8,N2E,4,1,4,1,14,0.48384670088651444,1.9877629496808026e-05,0.00018282859450720028,0.3297313459772432,0.00015559023312062992,3.443346302872103e-05,0.0001814315733547036,0.0033666054843043245,0.2321455270146404,0.00048549147737487656,0.0001011970078747522,0.04077263815605745,0.3043709295321603,0.3660014628352676,768,221184,0.00016239954482684307,1,0.00017815112581533112,4.062356119746892e-05,0,0.0005114823681471576,0.00010539636899670695
C5|O_LR_ORIGIN|256|4|1e-05|0.01|8,joint_1_minus_no_x_off_1,active,C5,O_LR_ORIGIN,256,4,1e-05,0.01,8,N2E,4,1,4,1,14,0.47771878975681514,1.931375606671892e-05,0.00016644980411819834,0.3406369274530978,0.0001568139475655578,3.494222518194734e-05,0.00017953238893520174,0.0033302812797343733,0.23218328255502457,0.000490285200767394,0.00010418167590497359,0.04013405459217524,0.29615222399813296,0.3681281423959876,736,211968,0.00016549006185210757,1,0.00017986248956258183,4.148001519147272e-05,0,0.0005142479156811251,0.00010967796509277379
C5|O_LR_ORIGIN|64|4|1e-05|0.01|1,joint_1_minus_joint_0,all,C5,O_LR_ORIGIN,64,4,1e-05,0.01,1,N2E,4,0,2,0,2,0.3349099181172375,0.00017615500622910195,0.0002832048205567812,0.7886733654145567,0.0004479865959038101,0.00011801224991373949,0.002040159299173906,0.0063696898543975,0.5659432653833691,0.0013256131214462498,0.0004277742790297845,0.2703706645487857,0.5328118928103126,0.7123490167827141,768,221184,0.000557848679539511,1,0.0005116815245206444,0.00013035769980143452,3,0.0013721335101107843,0.0004481562950308981
C5|O_LR_ORIGIN|64|4|1e-05|0.01|1,joint_1_minus_joint_0,active,C5,O_LR_ORIGIN,64,4,1e-05,0.01,1,N2E,4,1,2,1,2,0.3349099181172375,0.00013279796400839772,0.00023984777833607697,0.7440940954551057,0.000458355099599378,0.0001409964417811575,0.0019137636926068713,0.006243294247830465,0.5536524850876059,0.001397950064477795,0.0005782651815860134,0.24376280389403418,0.5062040321555611,0.6939383965719811,512,147456,0.0007297528065508182,1,0.0005259000388864198,0.00015575991213408685,1,0.0014464988379341264,0.0005860017480690416
C5|O_LR_ORIGIN|64|4|1e-05|0.01|1,no_x_off_1_minus_joint_0,all,C5,O_LR_ORIGIN,64,4,1e-05,0.01,1,N2E,4,0,2,0,2,0.1093398993168943,2.010151592359456e-05,3.1324625793816554e-05,0.8010718290305401,0.000155056807310387,3.488204141825056e-05,0.0005300694743131963,0.0011898953808627498,0.6674396580513817,0.0007424791645155459,0.00020664415702290794,0.03812994329757025,0.07359555026887879,0.7197924737591125,768,221184,0.0002046828379804243,1,0.0001676191304947189,3.820637739612382e-05,3,0.0007657358417877345,0.00020915586629103341
C5|O_LR_ORIGIN|64|4|1e-05|0.01|1,joint_1_minus_no_x_off_1,all,C5,O_LR_ORIGIN,64,4,1e-05,0.01,1,N2E,4,0,2,0,2,0.2746958755405981,0.00011841300806631071,0.00018282859450720028,0.8047808738463783,0.00034421611438007626,8.747099191095402e-05,0.0009528996115707195,0.0033666054843043245,0.5320193909525267,0.001084471379029934,0.00023299607916067128,0.1547488287020336,0.3043709295321603,0.713037055271807,768,221184,0.000369570850283818,1,0.00037586387014142364,9.639767214143412e-05,1,0.001212146800662871,0.00024455535586312746
C5|O_LR_ORIGIN|64|4|1e-05|0.01|1,joint_1_minus_no_x_off_1,active,C5,O_LR_ORIGIN,64,4,1e-05,0.01,1,N2E,4,1,2,1,2,0.27157324460496746,4.9131600694943834e-05,0.00011151949995577308,0.6637507886024447,0.0003129453308061556,9.920391996880593e-05,0.0004024737655496603,0.0025063218094893308,0.40072863020554356,0.0010200136102301773,0.0002650429693718017,0.05558585690034302,0.19572324562232374,0.5329186855842047,384,110592,0.00041597893733154307,1,0.00033303375365952774,0.00010439627480057995,3,0.001074928500372523,0.00026925290580399506
C5|O_LR_ORIGIN|64|4|1e-05|0.01|2,joint_1_minus_joint_0,all,C5,O_LR_ORIGIN,64,4,1e-05,0.01,2,N2E,4,0,4,0,4,0.43022910451906426,0.00011768608777212481,0.0002832048205567812,0.644632566762457,0.00036094175255768266,9.28756641133968e-05,0.0011067360200868188,0.0063696898543975,0.41683375345858176,0.00106420324682253,0.0003225972295632501,0.17316358675091614,0.5328118928103126,0.5700872542565755,768,221184,0.0004402940705086193,1,0.0004286404499104183,0.00010182212095945925,3,0.0011276785649244972,0.0003464749421121155
C5|O_LR_ORIGIN|64|4|1e-05|0.01|2,joint_1_minus_joint_0,active,C5,O_LR_ORIGIN,64,4,1e-05,0.01,2,N2E,4,1,4,1,4,0.43022910451906426,8.0613291241192e-05,0.0002461320240258484,0.5722940949781304,0.0003465617371912657,9.842765686183532e-05,0.0010442368338837086,0.006307190668194389,0.40689422320729696,0.0011194439385744108,0.00039746899018179197,0.15789609703886295,0.5175444030982593,0.5523468598458187,576,165888,0.0005237605293471961,0,0.00039117469701013737,0.00010536803391818122,1,0.0011791121479847154,0.0004035743956243668
C5|O_LR_ORIGIN|64|4|1e-05|0.01|2,no_x_off_1_minus_joint_0,all,C5,O_LR_ORIGIN,64,4,1e-05,0.01,2,N2E,4,0,4,0,4,0.15728808558245763,1.373750163384941e-05,3.1324625793816554e-05,0.6622331742756964,0.00011910182559068938,2.7177966833635393e-05,0.0003383648922969944,0.0011898953808627498,0.5332590793103679,0.0006312274847188952,0.00016024452599948998,0.025034513409256522,0.07359555026887879,0.5832352963745643,768,221184,0.00016089051678002943,3,0.00013117886398136597,3.0270166086353393e-05,2,0.0006614832874013272,0.00016352016728811316
C5|O_LR_ORIGIN|64|4|1e-05|0.01|2,no_x_off_1_minus_joint_0,active,C5,O_LR_ORIGIN,64,4,1e-05,0.01,2,N2E,4,2,4,2,4,0.1557090829433096,6.897001279365528e-06,2.3880221711985114e-05,0.5374164749599146,0.0001163087955487107,3.107637272950221e-05,0.0003197155652766401,0.0011477013058021727,0.5277976500808937,0.0006802897365707392,0.00024313082847584168,0.022133093307144414,0.06946226107444387,0.564477452913892,448,129024,0.00023069815382097854,3,0.00013117886398136597,3.511323938142957e-05,3,0.0007377449432496638,0.0002479797485532169
C5|O_LR_ORIGIN|64|4|1e-05|0.01|2,joint_1_minus_no_x_off_1,all,C5,O_LR_ORIGIN,64,4,1e-05,0.01,2,N2E,4,0,4,0,4,0.34146684332661836,8.368791573358107e-05,0.00018282859450720028,0.6765646703993321,0.0003004750866231476,7.13979841495693e-05,0.0005139100503863424,0.0033666054843043245,0.390703626439078,0.0007007730272780347,0.00017895900859090006,0.1001801706299106,0.3043709295321603,0.5737058762564112,768,221184,0.00029912038533007297,1,0.0003505731666663974,7.709892685408357e-05,3,0.0009009550547503403,0.0001972793640011881
C5|O_LR_ORIGIN|64|4|1e-05|0.01|2,joint_1_minus_no_x_off_1,active,C5,O_LR_ORIGIN,64,4,1e-05,0.01,2,N2E,4,1,4,1,4,0.33376240428462783,5.4723160227216475e-05,0.00015019169102400276,0.6036186244040045,0.0002926755862552354,7.96178714060857e-05,0.0004060911702565094,0.0029439322255840946,0.3714051055629831,0.0007227994981914104,0.00020835999061130078,0.057827848631497474,0.2496762417074272,0.48126015718369125,544,156672,0.00032866212212756893,0,0.00033384565422818686,8.705861551903211e-05,0,0.0007774219663071461,0.00021029396255503878
C5|O_LR_ORIGIN|64|4|1e-05|0.01|4,joint_1_minus_joint_0,all,C5,O_LR_ORIGIN,64,4,1e-05,0.01,4,N2E,4,0,4,0,8,0.5847648461601929,7.041770260020312e-05,0.0002832048205567812,0.4986440087056082,0.00027273653834858916,7.008701776215754e-05,0.0004340973364193497,0.0063696898543975,0.2610564435461044,0.000654057335831647,0.000200860564057629,0.08602746130277678,0.5328118928103126,0.4018200454263944,768,221184,0.0003130031970294543,1,0.00029783963010468934,7.692197486951892e-05,3,0.0007271647454227501,0.0002192438519596475
C5|O_LR_ORIGIN|64|4|1e-05|0.01|4,joint_1_minus_joint_0,active,C5,O_LR_ORIGIN,64,4,1e-05,0.01,4,N2E,4,1,4,1,8,0.5847648461601929,5.3842004035458346e-05,0.0002666291219920364,0.4493728365240888,0.0002653284622140603,6.955724353749143e-05,0.0003926226252963678,0.006328215143274518,0.24908469520617219,0.0006509968557646241,0.00020740948316433813,0.07746289237685851,0.5242473238843943,0.38439589699626675,704,202752,0.0003218721385065176,1,0.000282666524527524,7.81022542093965e-05,3,0.0007014889873613115,0.0002157207962274954
C5|O_LR_ORIGIN|64|4|1e-05|0.01|4,no_x_off_1_minus_joint_0,all,C5,O_LR_ORIGIN,64,4,1e-05,0.01,4,N2E,4,0,4,0,8,0.2114582683976672,6.981140774484678e-06,3.1324625793816554e-05,0.47208505502276804,9.729730251568152e-05,2.0823172593984996e-05,0.0001688758569053678,0.0011898953808627498,0.3767292955979584,0.00046116832566215054,0.00010865924492529523,0.014614402021926737,0.07359555026887879,0.4456200741739202,768,221184,0.00011929886826794223,1,0.00011219203605890232,2.3613122931165548e-05,2,0.0005026638519344519,0.0001132164572526457
C5|O_LR_ORIGIN|64|4|1e-05|0.01|4,no_x_off_1_minus_joint_0,active,C5,O_LR_ORIGIN,64,4,1e-05,0.01,4,N2E,4,2,4,2,8,0.20965730279068653,5.35938937061635e-06,2.5416484448939963e-05,0.459197923406405,9.569998274236639e-05,2.320776933844707e-05,0.00016276162845005996,0.001181621137281116,0.37113925153880495,0.00048406873772505177,0.00013719296548195996,0.013772541617716929,0.0716529144315657,0.4384197568231687,576,165888,0.00014631762980506536,1,0.00011051918498310294,2.5207251518772624e-05,2,0.0005253708135122675,0.00014373421007242242
C5|O_LR_ORIGIN|64|4|1e-05|0.01|4,joint_1_minus_no_x_off_1,all,C5,O_LR_ORIGIN,64,4,1e-05,0.01,4,N2E,4,0,4,0,8,0.4560985893631547,5.4754786495832204e-05,0.00018282859450720028,0.5472540504130883,0.00024258307140660328,5.387671500925285e-05,0.00024102018841241663,0.0033666054843043245,0.2675657975227878,0.0004970003509471793,0.00011907559416558289,0.05319146333035282,0.3043709295321603,0.41804148691266585,768,221184,0.0002183182080707614,1,0.00027181842882741304,5.759608363882956e-05,3,0.0005651643870768928,0.00013445034098470365
C5|O_LR_ORIGIN|64|4|1e-05|0.01|4,joint_1_minus_no_x_off_1,active,C5,O_LR_ORIGIN,64,4,1e-05,0.01,4,N2E,4,1,4,1,8,0.4560985893631547,3.837599610683028e-05,0.00016644980411819834,0.48016244165155136,0.0002283623543639941,5.258791368211603e-05,0.00020469598384246533,0.0033302812797343733,0.24792150685737727,0.0004903493322702417,0.00012190277161921987,0.04497275779632555,0.29615222399813296,0.3896882049390434,704,202752,0.0002221197020989864,1,0.0002622725890135703,5.783787636722735e-05,3,0.0005360546851274138,0.00012741241886657956
C6|O_LR_MIX|16|4|1e-05|0.01|8,joint_1_minus_joint_0,all,C6,O_LR_MIX,16,4,1e-05,0.01,8,N2E,4,1,4,1,14,0.628985058737444,8.288090684164257e-05,0.0002832048205567812,0.540974664732819,0.0002714833588058906,7.384173773619086e-05,0.00047816314049887234,0.0063696898543975,0.2739863357774428,0.000727348146813857,0.0002037534209185043,0.100143644161504,0.5328118928103126,0.43353557492765715,768,221184,0.00032844670904400296,5,0.00029613527547066494,7.942615986147777e-05,3,0.000783815092307082,0.00022485784588653838
C6|O_LR_MIX|16|4|1e-05|0.01|8,joint_1_minus_joint_0,active,C6,O_LR_MIX,16,4,1e-05,0.01,8,N2E,4,1,4,1,14,0.628985058737444,8.288090684164257e-05,0.0002832048205567812,0.540974664732819,0.0002714833588058906,7.384173773619086e-05,0.00047816314049887234,0.0063696898543975,0.2739863357774428,0.000727348146813857,0.0002037534209185043,0.100143644161504,0.5328118928103126,0.43353557492765715,768,221184,0.00032844670904400296,5,0.00029613527547066494,7.942615986147777e-05,3,0.000783815092307082,0.00022485784588653838
C6|O_LR_MIX|16|4|1e-05|0.01|8,no_x_off_1_minus_joint_0,all,C6,O_LR_MIX,16,4,1e-05,0.01,8,N2E,4,1,4,1,14,0.2375243290997444,1.4265251391076496e-05,3.1324625793816554e-05,0.6748337102318062,0.0001245271670332542,2.9760848584370578e-05,0.00017784057342119103,0.0011898953808627498,0.38659927540264133,0.0004623276066613469,0.00010740633947368764,0.016422091144021135,0.07359555026887879,0.47237668128228205,768,221184,0.00013143607584823185,3,0.00014110113434748458,3.4016498012662346e-05,5,0.00048107423027758797,0.00010835213912712225
C6|O_LR_MIX|16|4|1e-05|0.01|8,no_x_off_1_minus_joint_0,active,C6,O_LR_MIX,16,4,1e-05,0.01,8,N2E,4,1,4,1,14,0.23737507443316885,1.37189103322872e-05,3.013801965718407e-05,0.6746871719703245,0.00012911856123745026,3.279632350850499e-05,0.00017765793179439296,0.001189421840666848,0.386477616877527,0.00047655674948222937,0.00012208558898856386,0.016278096438116552,0.073314350774121,0.47120220275348124,672,193536,0.0001478449770798331,3,0.00014383212463557027,3.75605716381971e-05,5,0.0004894834016947363,0.00012309188447287423
C6|O_LR_MIX|16|4|1e-05|0.01|8,joint_1_minus_no_x_off_1,all,C6,O_LR_MIX,16,4,1e-05,0.01,8,N2E,4,1,4,1,14,0.4868074015070348,5.965288456516978e-05,0.00018282859450720028,0.5712071884780625,0.000245648651961179,5.433224189564794e-05,0.0002557626072713464,0.0033666054843043245,0.2756274149617564,0.0005410722440843211,0.000126059036179861,0.0671712237501664,0.3043709295321603,0.4697751554675568,768,221184,0.00023681710375102845,1,0.00027045021771465326,6.065067204192535e-05,0,0.0005674591313944334,0.00013195159104292307
C6|O_LR_MIX|16|4|1e-05|0.01|8,joint_1_minus_no_x_off_1,active,C6,O_LR_MIX,16,4,1e-05,0.01,8,N2E,4,1,4,1,14,0.47793156228762007,5.724892273080696e-05,0.00016644980411819834,0.5864648872684638,0.00024531026070328133,5.4842210096937875e-05,0.00024582899465880857,0.0033302812797343733,0.2716915268753182,0.0005400062494775584,0.00012816496450281553,0.06372847389835959,0.29615222399813296,0.4638838576580121,736,211968,0.00023791167567016497,1,0.0002655380965681682,6.138474275584852e-05,0,0.0005853283052743425,0.0001368293822804494
C6|O_LR_MIX|256|4|1e-05|0.01|8,joint_1_minus_joint_0,all,C6,O_LR_MIX,256,4,1e-05,0.01,8,N2E,4,1,4,1,14,0.6315642884752837,2.981909399412684e-05,0.0002832048205567812,0.32448670042029015,0.00017919535719909273,4.566925340752151e-05,0.00030025572644734036,0.0063696898543975,0.2171133388530232,0.0005533017355034245,0.00014748125402523111,0.06510658860293851,0.5328118928103126,0.3495630460161304,768,221184,0.00022518752338053014,1,0.0002131733740272121,5.465708426168347e-05,2,0.0005768453436611078,0.00015475043298912342
C6|O_LR_MIX|256|4|1e-05|0.01|8,joint_1_minus_joint_0,active,C6,O_LR_MIX,256,4,1e-05,0.01,8,N2E,4,1,4,1,14,0.6315642884752837,2.981909399412684e-05,0.0002832048205567812,0.32448670042029015,0.00017919535719909273,4.566925340752151e-05,0.00030025572644734036,0.0063696898543975,0.2171133388530232,0.0005533017355034245,0.00014748125402523111,0.06510658860293851,0.5328118928103126,0.3495630460161304,768,221184,0.00022518752338053014,1,0.0002131733740272121,5.465708426168347e-05,2,0.0005768453436611078,0.00015475043298912342
C6|O_LR_MIX|256|4|1e-05|0.01|8,no_x_off_1_minus_joint_0,all,C6,O_LR_MIX,256,4,1e-05,0.01,8,N2E,4,1,4,1,14,0.23491129530970745,4.9008516273732916e-06,3.1324625793816554e-05,0.3955422061132931,7.888024646462492e-05,1.6809154183596887e-05,0.00010202965108221541,0.0011898953808627498,0.29282544465181515,0.00039028629975199313,7.986548171897696e-05,0.009773709965573373,0.07359555026887879,0.3644214612265156,768,221184,9.044554553145355e-05,1,0.0001035849263354673,2.1456700546321266e-05,2,0.0004336282488560152,8.29912088651148e-05
C6|O_LR_MIX|256|4|1e-05|0.01|8,no_x_off_1_minus_joint_0,active,C6,O_LR_MIX,256,4,1e-05,0.01,8,N2E,4,1,4,1,14,0.2348235110167314,4.407211545824248e-06,3.013801965718407e-05,0.3824059074204607,7.735594250171657e-05,1.8023283964114684e-05,0.00010184490725309284,0.001189421840666848,0.29261844900086975,0.00040860843519057116,9.05431937282566e-05,0.009658149302595452,0.073314350774121,0.3629547303027211,672,193536,0.00010119870633304403,1,0.00010281017092529964,2.3008742832729028e-05,2,0.00043961512677837894,9.41712727960175e-05
C6|O_LR_MIX|256|4|1e-05|0.01|8,joint_1_minus_no_x_off_1,all,C6,O_LR_MIX,256,4,1e-05,0.01,8,N2E,4,1,4,1,14,0.485204479052186,2.088375691346431e-05,0.00018282859450720028,0.33797319272023657,0.00015066063948633964,3.4675001789852476e-05,0.00021533321430951686,0.0033666054843043245,0.2529061546451666,0.0004911426009134357,0.00010543021628282006,0.04219126493553523,0.3043709295321603,0.3723142748563688,768,221184,0.00016415986737440593,0,0.00018220659781070255,3.9348999023779674e-05,2,0.0005268711301703399,0.00010826640274109093
C6|O_LR_MIX|256|4|1e-05|0.01|8,joint_1_minus_no_x_off_1,active,C6,O_LR_MIX,256,4,1e-05,0.01,8,N2E,4,1,4,1,14,0.4789279053432156,2.045152119749271e-05,0.00016644980411819834,0.3505267483280638,0.00015180246464149204,3.533421861516232e-05,0.00021390041015087455,0.0033302812797343733,0.2534342756776667,0.000500153812255188,0.00010864667528311488,0.04160529321304128,0.29615222399813296,0.3748148545010609,736,211968,0.0001674299397639795,0,0.00018526458843877224,4.078970509049288e-05,2,0.0005390837062037876,0.00011088893666281025
C6|O_LR_MIX|64|4|1e-05|0.01|1,joint_1_minus_joint_0,all,C6,O_LR_MIX,64,4,1e-05,0.01,1,N2E,4,0,2,0,2,0.33623220286488326,0.00017642871398115687,0.0002832048205567812,0.7892858436832182,0.0004483403622334088,0.0001179533808054898,0.002022790213398172,0.0063696898543975,0.5635290106141015,0.0013227093158372654,0.00042612238915065454,0.26971935279170023,0.5328118928103126,0.7114904897611065,768,221184,0.0005568815907263764,1,0.0004959571242646771,0.00013154076309120817,5,0.0013407483954062504,0.00042538123955750676
C6|O_LR_MIX|64|4|1e-05|0.01|1,joint_1_minus_joint_0,active,C6,O_LR_MIX,64,4,1e-05,0.01,1,N2E,4,1,2,1,2,0.33623220286488326,0.00013307167176045262,0.00023984777833607697,0.7448605209398499,0.0004585112004904964,0.00014090813811878296,0.0018963946068311375,0.006243294247830465,0.5511343172165127,0.0013817809248664065,0.0005757873467673184,0.24311149213694874,0.5062040321555611,0.6930107067463153,512,147456,0.0007283021733311161,1,0.0005212099802308445,0.00015753450706874731,5,0.0014386136023975598,0.0005736477592690618
C6|O_LR_MIX|64|4|1e-05|0.01|1,no_x_off_1_minus_joint_0,all,C6,O_LR_MIX,64,4,1e-05,0.01,1,N2E,4,0,2,0,2,0.1096505302853748,2.012339727544203e-05,3.1324625793816554e-05,0.8015077107587902,0.000155056807310387,3.4864091773386176e-05,0.0005277174987359687,0.0011898953808627498,0.6659572608655049,0.0007478031764437558,0.0002061234117772949,0.03805456836205825,0.07359555026887879,0.7190806821133318,768,221184,0.00020438963726019925,1,0.000165983013168472,3.816742468101309e-05,3,0.000787992020405349,0.00020847760154043602
C6|O_LR_MIX|64|4|1e-05|0.01|1,joint_1_minus_no_x_off_1,all,C6,O_LR_MIX,64,4,1e-05,0.01,1,N2E,4,0,2,0,2,0.27626587132212516,0.00011871479310708062,0.00018282859450720028,0.8058057455463735,0.00035464426433789265,8.759529927517049e-05,0.000942639358584109,0.0033666054843043245,0.5291474058024941,0.0010739336986872491,0.00023195846352457654,0.15444563260597213,0.3043709295321603,0.7123381936024488,768,221184,0.00036949471321387077,1,0.0003844116682872154,9.782833367174641e-05,1,0.001224636960247252,0.00024330902601703392
C6|O_LR_MIX|64|4|1e-05|0.01|1,joint_1_minus_no_x_off_1,active,C6,O_LR_MIX,64,4,1e-05,0.01,1,N2E,4,1,2,1,2,0.27312941789941103,4.9406603694360866e-05,0.00011151949995577308,0.6656057937832411,0.0003133718439111615,9.939965419347767e-05,0.00039400831831591253,0.0025063218094893308,0.39649186282437243,0.0009870075173658776,0.0002629967371922545,0.055317470165207286,0.19572324562232374,0.5316305758109028,384,110592,0.0004158512102140094,1,0.00034292412884086163,0.00010665441847328447,3,0.0010751194437564103,0.0002696188533393295
C6|O_LR_MIX|64|4|1e-05|0.01|2,joint_1_minus_joint_0,all,C6,O_LR_MIX,64,4,1e-05,0.01,2,N2E,4,0,4,0,4,0.43058561189347555,0.00011763901299964978,0.0002832048205567812,0.6445036264297174,0.00036804829131844116,9.255802369561553e-05,0.0011037897118380295,0.0063696898543975,0.41627854464766834,0.0010697334628706327,0.0003234926381416638,0.17294701691494055,0.5328118928103126,0.5697306483078581,768,221184,0.00044032342983446496,1,0.0004191717694724054,0.00010334566077503374,3,0.0011327356080346638,0.0003443098584776151
C6|O_LR_MIX|64|4|1e-05|0.01|2,joint_1_minus_joint_0,active,C6,O_LR_MIX,64,4,1e-05,0.01,2,N2E,4,1,4,1,4,0.43058561189347555,8.056621646871696e-05,0.0002461320240258484,0.5721269727325905,0.0003487098418501633,9.800413630479363e-05,0.0010412905256349193,0.006307190668194389,0.4063197928724066,0.0011196636977132198,0.00039866286828634347,0.15767952720288733,0.5175444030982593,0.5519679311787338,576,165888,0.0005237996751149902,1,0.0003839234906439731,0.00011173714648164988,5,0.001146239044152717,0.0004031317394130566
C6|O_LR_MIX|64|4|1e-05|0.01|2,no_x_off_1_minus_joint_0,all,C6,O_LR_MIX,64,4,1e-05,0.01,2,N2E,4,0,4,0,4,0.1571866520437691,1.3735961090865814e-05,3.1324625793816554e-05,0.6621960413493257,0.0001187782638624815,2.6988494791253315e-05,0.0003392662812633952,0.0011898953808627498,0.5339688960844012,0.0006319484364761702,0.00016079447716452712,0.025032282883155985,0.07359555026887879,0.5832093132346341,768,221184,0.0001609558039598829,1,0.00012161902888553767,3.0088851591987114e-05,2,0.0006669489061333013,0.00016288910251068214
C6|O_LR_MIX|64|4|1e-05|0.01|2,no_x_off_1_minus_joint_0,active,C6,O_LR_MIX,64,4,1e-05,0.01,2,N2E,4,2,4,2,4,0.15560304753053225,6.880345475737646e-06,2.3880221711985114e-05,0.5367671700281916,0.0001158504434809977,3.070084923283539e-05,0.0003208934549287585,0.0011477013058021727,0.5287690069809303,0.0006794154898586511,0.00024422534624360365,0.022128236357413157,0.06946226107444387,0.5644155142368179,448,129024,0.000230744742341516,1,0.00012161902888553767,3.349189857991056e-05,3,0.0007501848051878231,0.00024841553570812314
C6|O_LR_MIX|64|4|1e-05|0.01|2,joint_1_minus_no_x_off_1,all,C6,O_LR_MIX,64,4,1e-05,0.01,2,N2E,4,0,4,0,4,0.3424576791795498,8.373205264378408e-05,0.00018282859450720028,0.6767430565955552,0.00030681685667106103,7.143714493453325e-05,0.0005112859368712711,0.0033666054843043245,0.3897048497128395,0.0007105711724048689,0.00017881065287771628,0.10024702058967416,0.3043709295321603,0.5738972605321317,768,221184,0.00029984561789382245,1,0.00035810634796739146,7.788262677596552e-05,1,0.0008760869832391088,0.0001848897804359493
C6|O_LR_MIX|64|4|1e-05|0.01|2,joint_1_minus_no_x_off_1,active,C6,O_LR_MIX,64,4,1e-05,0.01,2,N2E,4,1,4,1,4,0.33477477325683297,5.5000797078649356e-05,0.00015019169102400276,0.605147910625144,0.0002997580701882515,7.972078216955971e-05,0.00040266139523305637,0.0029439322255840946,0.36983336857933924,0.0007212756500399816,0.0002078112540132412,0.05780499905262762,0.2496762417074272,0.48116506737257814,544,156672,0.00032955927403696607,0,0.00034535093686665014,8.798543131536566e-05,4,0.000751332610747952,0.00020555869060424556
C6|O_LR_MIX|64|4|1e-05|0.01|4,joint_1_minus_joint_0,all,C6,O_LR_MIX,64,4,1e-05,0.01,4,N2E,4,0,4,0,8,0.5831502707774574,7.169774787185666e-05,0.0002832048205567812,0.5031557456205802,0.00027425126340488193,6.995568187944057e-05,0.0004517723934474951,0.0063696898543975,0.2663181106279521,0.0006595206179186473,0.00020472621058278745,0.08613771655712649,0.5328118928103126,0.4020774550070388,768,221184,0.0003130778131631724,1,0.000308435435270997,7.906246063412692e-05,3,0.0006972659249622478,0.00021957094073240613
C6|O_LR_MIX|64|4|1e-05|0.01|4,joint_1_minus_joint_0,active,C6,O_LR_MIX,64,4,1e-05,0.01,4,N2E,4,1,4,1,8,0.5831502707774574,5.512204930711189e-05,0.0002666291219920364,0.4546831774957335,0.00025955196223727457,6.94139680290729e-05,0.00041029768232451314,0.006328215143274518,0.2546296153845119,0.0006625653421501445,0.0002116265521008746,0.0775731476312082,0.5242473238843943,0.38466936081902864,704,202752,0.00032195353792511926,1,0.00029926351930613555,8.043732958896884e-05,2,0.0007234576566742001,0.00022609730260433292
C6|O_LR_MIX|64|4|1e-05|0.01|4,no_x_off_1_minus_joint_0,all,C6,O_LR_MIX,64,4,1e-05,0.01,4,N2E,4,0,4,0,8,0.21108879770754757,6.823162601584799e-06,3.1324625793816554e-05,0.4667130178937764,9.495204749708547e-05,2.0435103222714698e-05,0.00016948999523081116,0.0011898953808627498,0.3774136857132699,0.0004719059373097535,0.0001085148635150799,0.014621739558062159,0.07359555026887879,0.44573192764144764,768,221184,0.00011923982836017748,1,0.00011497431056292748,2.379597883108313e-05,2,0.0005134611046837393,0.00011404503032707203
C6|O_LR_MIX|64|4|1e-05|0.01|4,no_x_off_1_minus_joint_0,active,C6,O_LR_MIX,64,4,1e-05,0.01,4,N2E,4,2,4,2,8,0.2091715117094288,5.309480762913626e-06,2.5416484448939963e-05,0.4570548122827354,9.33084987292472e-05,2.279824351494897e-05,0.00016340544089567857,0.001181621137281116,0.37187255781188444,0.0004950532620161723,0.0001370966251295118,0.013795224898438705,0.0716529144315657,0.43878064544158507,576,165888,0.00014631734138461947,1,0.00011264728935446921,2.5936082662389212e-05,2,0.0005353468797467817,0.00014474055635630445
C6|O_LR_MIX|64|4|1e-05|0.01|4,joint_1_minus_no_x_off_1,all,C6,O_LR_MIX,64,4,1e-05,0.01,4,N2E,4,0,4,0,8,0.45524560457980523,5.619618075367422e-05,0.00018282859450720028,0.5544103637185429,0.00024090489406076567,5.444571859078627e-05,0.00025527633127493834,0.0033666054843043245,0.2753652680328469,0.0005077703812738446,0.00012362539456328264,0.053649516728575,0.3043709295321603,0.41983759137787136,768,221184,0.00021971739537397428,1,0.00028593719632723566,5.940434602002306e-05,2,0.0005461843080074044,0.00012876359570791933
C6|O_LR_MIX|64|4|1e-05|0.01|4,joint_1_minus_no_x_off_1,active,C6,O_LR_MIX,64,4,1e-05,0.01,4,N2E,4,1,4,1,8,0.45524560457980523,3.981739036467229e-05,0.00016644980411819834,0.48909672215282846,0.0002292478095423606,5.3208644861970676e-05,0.000218952126704987,0.0033302812797343733,0.25640950831837345,0.0004980638937359978,0.00012686619023489232,0.04543081119454773,0.29615222399813296,0.391667689952342,704,202752,0.00022364608824794596,1,0.0002689822547654166,5.981052623762026e-05,2,0.0005298814637173907,0.0001332900693916775
C0|O_IND|16|0|0.01|0.01|8,joint_1_minus_joint_0,all,C0,O_IND,16,0,0.01,0.01,8,BASELINE,4,0,0,0,0,0.0,0.0002832048205567812,0.0002832048205567812,1.0,0.0005581455941815316,0.00016142319401186002,0.0063696898543975,0.0063696898543975,1.0,0.002582379050133553,0.0007940748517007732,0.5328118928103126,0.5328118928103126,1.0,768,221184,0.0008520225524508333,3,0.0006253072029914429,0.00017014807873181608,1,0.00265467995431835,0.000807989599889411
C0|O_IND|16|0|0.01|0.01|8,joint_1_minus_joint_0,active,C0,O_IND,16,0,0.01,0.01,8,BASELINE,4,0,0,0,0,0.0,0.0002832048205567812,0.0002832048205567812,1.0,0.0005581455941815316,0.00016142319401186002,0.0063696898543975,0.0063696898543975,1.0,0.002582379050133553,0.0007940748517007732,0.5328118928103126,0.5328118928103126,1.0,768,221184,0.0008520225524508333,3,0.0006253072029914429,0.00017014807873181608,1,0.00265467995431835,0.000807989599889411
C0|O_IND|16|0|0.01|0.01|8,no_x_off_1_minus_joint_0,all,C0,O_IND,16,0,0.01,0.01,8,BASELINE,4,0,0,0,0,0.0,3.1324625793816554e-05,3.1324625793816554e-05,1.0,0.00019239647502263557,4.652956287404653e-05,0.0011898953808627498,0.0011898953808627498,1.0,0.001050168151808084,0.00031507467560485037,0.07359555026887879,0.07359555026887879,1.0,768,221184,0.0002931937625310121,0,0.00021723893686397105,4.7474501470740245e-05,3,0.0011116208984858448,0.000316350639232603
C0|O_IND|16|0|0.01|0.01|8,no_x_off_1_minus_joint_0,active,C0,O_IND,16,0,0.01,0.01,8,BASELINE,4,0,0,0,0,0.0,3.013801965718407e-05,3.013801965718407e-05,1.0,0.0001967360011071572,5.132260082048761e-05,0.001189421840666848,0.001189421840666848,1.0,0.0010922714991466462,0.0003589084369797636,0.073314350774121,0.073314350774121,1.0,672,193536,0.0003316583126879841,0,0.00021723893686397105,5.2575980975694214e-05,3,0.0011116208984858448,0.0003601546531202869
C0|O_IND|16|0|0.01|0.01|8,joint_1_minus_no_x_off_1,all,C0,O_IND,16,0,0.01,0.01,8,BASELINE,4,0,0,0,0,0.0,0.00018282859450720028,0.00018282859450720028,1.0,0.00043949090901163057,0.00011772301702362399,0.0033666054843043245,0.0033666054843043245,1.0,0.0022146474814864875,0.0004790001760959228,0.3043709295321603,0.3043709295321603,1.0,768,221184,0.0005695644544003462,1,0.00049312174580471,0.00012791172858058307,3,0.0022769009042929987,0.000498191074314621
C0|O_IND|16|0|0.01|0.01|8,joint_1_minus_no_x_off_1,active,C0,O_IND,16,0,0.01,0.01,8,BASELINE,4,0,0,0,0,0.0,0.00016644980411819834,0.00016644980411819834,1.0,0.00043604018754526963,0.00011692371084136782,0.0033302812797343733,0.0033302812797343733,1.0,0.0022156362068345473,0.0004921761279109129,0.29615222399813296,0.29615222399813296,1.0,736,211968,0.0005789801460038146,1,0.00049312174580471,0.00012869603298613417,3,0.0022769009042929987,0.0005014282963035986
C1_LEGACY_FROZEN|O_IND|16|0|0.01|0.01|8,joint_1_minus_joint_0,all,C1_LEGACY_FROZEN,O_IND,16,0,0.01,0.01,8,BASELINE,4,0,0,6,22,0.0,0.0002832048205567812,0.0002832048205567812,1.0,0.0005581455941815316,0.00016142319401186002,0.0063696898543975,0.0063696898543975,1.0,0.002582379050133553,0.0007940748517007732,0.5328118928103126,0.5328118928103126,1.0,768,221184,0.0008520225524508333,3,0.0006253072029914429,0.00017014807873181608,1,0.00265467995431835,0.000807989599889411
C1_LEGACY_FROZEN|O_IND|16|0|0.01|0.01|8,joint_1_minus_joint_0,active,C1_LEGACY_FROZEN,O_IND,16,0,0.01,0.01,8,BASELINE,4,0,0,6,22,0.0,0.0002832048205567812,0.0002832048205567812,1.0,0.0005581455941815316,0.00016142319401186002,0.0063696898543975,0.0063696898543975,1.0,0.002582379050133553,0.0007940748517007732,0.5328118928103126,0.5328118928103126,1.0,768,221184,0.0008520225524508333,3,0.0006253072029914429,0.00017014807873181608,1,0.00265467995431835,0.000807989599889411
C1_LEGACY_FROZEN|O_IND|16|0|0.01|0.01|8,no_x_off_1_minus_joint_0,all,C1_LEGACY_FROZEN,O_IND,16,0,0.01,0.01,8,BASELINE,4,0,0,6,22,0.0,3.1324625793816554e-05,3.1324625793816554e-05,1.0,0.00019239647502263557,4.652956287404653e-05,0.0011898953808627498,0.0011898953808627498,1.0,0.001050168151808084,0.00031507467560485037,0.07359555026887879,0.07359555026887879,1.0,768,221184,0.0002931937625310121,0,0.00021723893686397105,4.7474501470740245e-05,3,0.0011116208984858448,0.000316350639232603
C1_LEGACY_FROZEN|O_IND|16|0|0.01|0.01|8,no_x_off_1_minus_joint_0,active,C1_LEGACY_FROZEN,O_IND,16,0,0.01,0.01,8,BASELINE,4,0,0,8,22,0.0,3.013801965718407e-05,3.013801965718407e-05,1.0,0.0001967360011071572,5.132260082048761e-05,0.001189421840666848,0.001189421840666848,1.0,0.0010922714991466462,0.0003589084369797636,0.073314350774121,0.073314350774121,1.0,672,193536,0.0003316583126879841,0,0.00021723893686397105,5.2575980975694214e-05,3,0.0011116208984858448,0.0003601546531202869
C1_LEGACY_FROZEN|O_IND|16|0|0.01|0.01|8,joint_1_minus_no_x_off_1,all,C1_LEGACY_FROZEN,O_IND,16,0,0.01,0.01,8,BASELINE,4,0,0,6,22,0.0,0.00018282859450720028,0.00018282859450720028,1.0,0.00043949090901163057,0.00011772301702362399,0.0033666054843043245,0.0033666054843043245,1.0,0.0022146474814864875,0.0004790001760959228,0.3043709295321603,0.3043709295321603,1.0,768,221184,0.0005695644544003462,1,0.00049312174580471,0.00012791172858058307,3,0.0022769009042929987,0.000498191074314621
C1_LEGACY_FROZEN|O_IND|16|0|0.01|0.01|8,joint_1_minus_no_x_off_1,active,C1_LEGACY_FROZEN,O_IND,16,0,0.01,0.01,8,BASELINE,4,0,0,6,22,0.0,0.00016644980411819834,0.00016644980411819834,1.0,0.00043604018754526963,0.00011692371084136782,0.0033302812797343733,0.0033302812797343733,1.0,0.0022156362068345473,0.0004921761279109129,0.29615222399813296,0.29615222399813296,1.0,736,211968,0.0005789801460038146,1,0.00049312174580471,0.00012869603298613417,3,0.0022769009042929987,0.0005014282963035986
C1_LEGACY_EXACT_RULE|O_IND|16|1|0.01|0.01|8,joint_1_minus_joint_0,all,C1_LEGACY_EXACT_RULE,O_IND,16,1,0.01,0.01,8,BASELINE,4,1,1,6,22,15.081096155376251,0.2041970473331052,0.0002832048205567812,26.851862106731183,0.011581622289507246,0.0026658634064627745,0.2617622510959668,0.0063696898543975,6.410536319694866,0.01219462860400123,0.002896363003718031,227.7289269025963,0.5328118928103126,20.6738873157373,768,221184,0.01214499598668998,2,0.013513522176157046,0.002979765245192807,3,0.013286014578723464,0.003107128483156328
C1_LEGACY_EXACT_RULE|O_IND|16|1|0.01|0.01|8,joint_1_minus_joint_0,active,C1_LEGACY_EXACT_RULE,O_IND,16,1,0.01,0.01,8,BASELINE,4,1,1,6,22,15.081096155376251,0.2041970473331052,0.0002832048205567812,26.851862106731183,0.011581622289507246,0.0026658634064627745,0.2617622510959668,0.0063696898543975,6.410536319694866,0.01219462860400123,0.002896363003718031,227.7289269025963,0.5328118928103126,20.6738873157373,768,221184,0.01214499598668998,2,0.013513522176157046,0.002979765245192807,3,0.013286014578723464,0.003107128483156328
C1_LEGACY_EXACT_RULE|O_IND|16|1|0.01|0.01|8,no_x_off_1_minus_joint_0,all,C1_LEGACY_EXACT_RULE,O_IND,16,1,0.01,0.01,8,BASELINE,4,1,1,6,22,5.633555399962631,0.031500587669860004,3.1324625793816554e-05,31.711470568574914,0.004978024735245384,0.0009982819110243239,0.03085158715826152,0.0011898953808627498,5.091952764825882,0.005339997113281142,0.0010552184646577048,31.773443780891277,0.07359555026887879,20.778125538422596,768,221184,0.0044829365249895265,5,0.0053599548663649165,0.0011013016656392092,3,0.006012964511860327,0.0011171310974254474
C1_LEGACY_EXACT_RULE|O_IND|16|1|0.01|0.01|8,no_x_off_1_minus_joint_0,active,C1_LEGACY_EXACT_RULE,O_IND,16,1,0.01,0.01,8,BASELINE,4,1,1,8,22,5.619158607125009,0.031208574651844352,3.013801965718407e-05,32.17952366326656,0.005368552460597234,0.0011197639892666564,0.030816524898837336,0.001189421840666848,5.090071430470306,0.005834258260298728,0.0011982374096067496,31.611927585049326,0.073314350774121,20.764954922540806,672,193536,0.005060373168280242,3,0.006226726269342052,0.0010965161371905728,3,0.006365859620870526,0.0012686606734955185
C1_LEGACY_EXACT_RULE|O_IND|16|1|0.01|0.01|8,joint_1_minus_no_x_off_1,all,C1_LEGACY_EXACT_RULE,O_IND,16,1,0.01,0.01,8,BASELINE,4,1,1,6,22,12.764875348617235,0.1398493282171135,0.00018282859450720028,27.65719501258024,0.00840212675804643,0.0018157517858638957,0.19292691622589853,0.0033666054843043245,7.570077017011376,0.00848057071910899,0.0019872767639846573,163.11255895503376,0.3043709295321603,23.14952665212089,768,221184,0.008288625044249114,2,0.009173981576451246,0.002014260657734017,2,0.008961352629295514,0.0021665940380621823
C1_LEGACY_EXACT_RULE|O_IND|16|1|0.01|0.01|8,joint_1_minus_no_x_off_1,active,C1_LEGACY_EXACT_RULE,O_IND,16,1,0.01,0.01,8,BASELINE,4,1,1,6,22,12.543677777791507,0.13344211874645867,0.00016644980411819834,28.314234217468183,0.008264267294118215,0.0018090457571611988,0.191893155247415,0.0033302812797343733,7.590830324691903,0.008546230513928848,0.00203873088247396,157.51789867573916,0.29615222399813296,23.062556931913093,736,211968,0.00833590865126986,2,0.00885061087664775,0.002015951188957346,2,0.008907539606423253,0.002216487380364679
C0|O_IND|256|0|0.01|0.01|8,joint_1_minus_joint_0,all,C0,O_IND,256,0,0.01,0.01,8,BASELINE,4,0,0,0,0,0.0,0.0002832048205567812,0.0002832048205567812,1.0,0.0005581455941815316,0.00016142319401186002,0.0063696898543975,0.0063696898543975,1.0,0.002582379050133553,0.0007940748517007732,0.5328118928103126,0.5328118928103126,1.0,768,221184,0.0008520225524508333,3,0.0006253072029914429,0.00017014807873181608,1,0.00265467995431835,0.000807989599889411
C0|O_IND|256|0|0.01|0.01|8,joint_1_minus_joint_0,active,C0,O_IND,256,0,0.01,0.01,8,BASELINE,4,0,0,0,0,0.0,0.0002832048205567812,0.0002832048205567812,1.0,0.0005581455941815316,0.00016142319401186002,0.0063696898543975,0.0063696898543975,1.0,0.002582379050133553,0.0007940748517007732,0.5328118928103126,0.5328118928103126,1.0,768,221184,0.0008520225524508333,3,0.0006253072029914429,0.00017014807873181608,1,0.00265467995431835,0.000807989599889411
C0|O_IND|256|0|0.01|0.01|8,no_x_off_1_minus_joint_0,all,C0,O_IND,256,0,0.01,0.01,8,BASELINE,4,0,0,0,0,0.0,3.1324625793816554e-05,3.1324625793816554e-05,1.0,0.00019239647502263557,4.652956287404653e-05,0.0011898953808627498,0.0011898953808627498,1.0,0.001050168151808084,0.00031507467560485037,0.07359555026887879,0.07359555026887879,1.0,768,221184,0.0002931937625310121,0,0.00021723893686397105,4.7474501470740245e-05,3,0.0011116208984858448,0.000316350639232603
C0|O_IND|256|0|0.01|0.01|8,no_x_off_1_minus_joint_0,active,C0,O_IND,256,0,0.01,0.01,8,BASELINE,4,0,0,0,0,0.0,3.013801965718407e-05,3.013801965718407e-05,1.0,0.0001967360011071572,5.132260082048761e-05,0.001189421840666848,0.001189421840666848,1.0,0.0010922714991466462,0.0003589084369797636,0.073314350774121,0.073314350774121,1.0,672,193536,0.0003316583126879841,0,0.00021723893686397105,5.2575980975694214e-05,3,0.0011116208984858448,0.0003601546531202869
C0|O_IND|256|0|0.01|0.01|8,joint_1_minus_no_x_off_1,all,C0,O_IND,256,0,0.01,0.01,8,BASELINE,4,0,0,0,0,0.0,0.00018282859450720028,0.00018282859450720028,1.0,0.00043949090901163057,0.00011772301702362399,0.0033666054843043245,0.0033666054843043245,1.0,0.0022146474814864875,0.0004790001760959228,0.3043709295321603,0.3043709295321603,1.0,768,221184,0.0005695644544003462,1,0.00049312174580471,0.00012791172858058307,3,0.0022769009042929987,0.000498191074314621
C0|O_IND|256|0|0.01|0.01|8,joint_1_minus_no_x_off_1,active,C0,O_IND,256,0,0.01,0.01,8,BASELINE,4,0,0,0,0,0.0,0.00016644980411819834,0.00016644980411819834,1.0,0.00043604018754526963,0.00011692371084136782,0.0033302812797343733,0.0033302812797343733,1.0,0.0022156362068345473,0.0004921761279109129,0.29615222399813296,0.29615222399813296,1.0,736,211968,0.0005789801460038146,1,0.00049312174580471,0.00012869603298613417,3,0.0022769009042929987,0.0005014282963035986
C1_LEGACY_FROZEN|O_IND|256|0|0.01|0.01|8,joint_1_minus_joint_0,all,C1_LEGACY_FROZEN,O_IND,256,0,0.01,0.01,8,BASELINE,4,0,0,6,22,0.0,0.0002832048205567812,0.0002832048205567812,1.0,0.0005581455941815316,0.00016142319401186002,0.0063696898543975,0.0063696898543975,1.0,0.002582379050133553,0.0007940748517007732,0.5328118928103126,0.5328118928103126,1.0,768,221184,0.0008520225524508333,3,0.0006253072029914429,0.00017014807873181608,1,0.00265467995431835,0.000807989599889411
C1_LEGACY_FROZEN|O_IND|256|0|0.01|0.01|8,joint_1_minus_joint_0,active,C1_LEGACY_FROZEN,O_IND,256,0,0.01,0.01,8,BASELINE,4,0,0,6,22,0.0,0.0002832048205567812,0.0002832048205567812,1.0,0.0005581455941815316,0.00016142319401186002,0.0063696898543975,0.0063696898543975,1.0,0.002582379050133553,0.0007940748517007732,0.5328118928103126,0.5328118928103126,1.0,768,221184,0.0008520225524508333,3,0.0006253072029914429,0.00017014807873181608,1,0.00265467995431835,0.000807989599889411
C1_LEGACY_FROZEN|O_IND|256|0|0.01|0.01|8,no_x_off_1_minus_joint_0,all,C1_LEGACY_FROZEN,O_IND,256,0,0.01,0.01,8,BASELINE,4,0,0,6,22,0.0,3.1324625793816554e-05,3.1324625793816554e-05,1.0,0.00019239647502263557,4.652956287404653e-05,0.0011898953808627498,0.0011898953808627498,1.0,0.001050168151808084,0.00031507467560485037,0.07359555026887879,0.07359555026887879,1.0,768,221184,0.0002931937625310121,0,0.00021723893686397105,4.7474501470740245e-05,3,0.0011116208984858448,0.000316350639232603
C1_LEGACY_FROZEN|O_IND|256|0|0.01|0.01|8,no_x_off_1_minus_joint_0,active,C1_LEGACY_FROZEN,O_IND,256,0,0.01,0.01,8,BASELINE,4,0,0,8,22,0.0,3.013801965718407e-05,3.013801965718407e-05,1.0,0.0001967360011071572,5.132260082048761e-05,0.001189421840666848,0.001189421840666848,1.0,0.0010922714991466462,0.0003589084369797636,0.073314350774121,0.073314350774121,1.0,672,193536,0.0003316583126879841,0,0.00021723893686397105,5.2575980975694214e-05,3,0.0011116208984858448,0.0003601546531202869
C1_LEGACY_FROZEN|O_IND|256|0|0.01|0.01|8,joint_1_minus_no_x_off_1,all,C1_LEGACY_FROZEN,O_IND,256,0,0.01,0.01,8,BASELINE,4,0,0,6,22,0.0,0.00018282859450720028,0.00018282859450720028,1.0,0.00043949090901163057,0.00011772301702362399,0.0033666054843043245,0.0033666054843043245,1.0,0.0022146474814864875,0.0004790001760959228,0.3043709295321603,0.3043709295321603,1.0,768,221184,0.0005695644544003462,1,0.00049312174580471,0.00012791172858058307,3,0.0022769009042929987,0.000498191074314621
C1_LEGACY_FROZEN|O_IND|256|0|0.01|0.01|8,joint_1_minus_no_x_off_1,active,C1_LEGACY_FROZEN,O_IND,256,0,0.01,0.01,8,BASELINE,4,0,0,6,22,0.0,0.00016644980411819834,0.00016644980411819834,1.0,0.00043604018754526963,0.00011692371084136782,0.0033302812797343733,0.0033302812797343733,1.0,0.0022156362068345473,0.0004921761279109129,0.29615222399813296,0.29615222399813296,1.0,736,211968,0.0005789801460038146,1,0.00049312174580471,0.00012869603298613417,3,0.0022769009042929987,0.0005014282963035986
C1_LEGACY_EXACT_RULE|O_IND|256|1|0.01|0.01|8,joint_1_minus_joint_0,all,C1_LEGACY_EXACT_RULE,O_IND,256,1,0.01,0.01,8,BASELINE,4,1,1,6,22,3.4616961733858957,0.011514408943782146,0.0002832048205567812,6.376325870719997,0.0028518223322665515,0.0006647809708493157,0.023359058257018995,0.0063696898543975,1.9149988678725403,0.004149893908693694,0.001128867202981696,12.459803680184086,0.5328118928103126,4.835803494075533,768,221184,0.003042400416248217,2,0.0031935399243939624,0.000675945601421678,2,0.00434890444147115,0.0011559328864106974
C1_LEGACY_EXACT_RULE|O_IND|256|1|0.01|0.01|8,joint_1_minus_joint_0,active,C1_LEGACY_EXACT_RULE,O_IND,256,1,0.01,0.01,8,BASELINE,4,1,1,6,22,3.4616961733858957,0.011514408943782146,0.0002832048205567812,6.376325870719997,0.0028518223322665515,0.0006647809708493157,0.023359058257018995,0.0063696898543975,1.9149988678725403,0.004149893908693694,0.001128867202981696,12.459803680184086,0.5328118928103126,4.835803494075533,768,221184,0.003042400416248217,2,0.0031935399243939624,0.000675945601421678,2,0.00434890444147115,0.0011559328864106974
C1_LEGACY_EXACT_RULE|O_IND|256|1|0.01|0.01|8,no_x_off_1_minus_joint_0,all,C1_LEGACY_EXACT_RULE,O_IND,256,1,0.01,0.01,8,BASELINE,4,1,1,6,22,1.2581195090536592,0.0016458910143883135,3.1324625793816554e-05,7.248657692989842,0.0011535402146072365,0.00023410164732307436,0.003251615224008967,0.0011898953808627498,1.653084998775594,0.0018061155414138934,0.0004247919011594475,1.6462154006193872,0.07359555026887879,4.729525285873215,768,221184,0.0010795838654416479,4,0.0012357132749788878,0.00023419464520020548,1,0.001961507964859114,0.00044309466603394067
C1_LEGACY_EXACT_RULE|O_IND|256|1|0.01|0.01|8,no_x_off_1_minus_joint_0,active,C1_LEGACY_EXACT_RULE,O_IND,256,1,0.01,0.01,8,BASELINE,4,1,1,8,22,1.2544332557053488,0.0016349211456864981,3.013801965718407e-05,7.365310320377211,0.0012351932179605165,0.0002629652384057613,0.0032494688808619022,0.001189421840666848,1.6528682472277945,0.0019027432170496594,0.0004835849173558327,1.6369048185828545,0.073314350774121,4.725167596084181,672,193536,0.0012170171317823191,2,0.0012696435332668994,0.0002589584461790569,1,0.002138603085626978,0.000505098499697726
C1_LEGACY_EXACT_RULE|O_IND|256|1|0.01|0.01|8,joint_1_minus_no_x_off_1,all,C1_LEGACY_EXACT_RULE,O_IND,256,1,0.01,0.01,8,BASELINE,4,1,1,6,22,2.9686470764920587,0.008341849036413338,0.00018282859450720028,6.754747243025153,0.002180075973632761,0.00047652403206669417,0.015393936307152377,0.0033666054843043245,2.1383496967333717,0.0030564155780013706,0.0007411099851623584,9.091043607477014,0.3043709295321603,5.465190253844648,768,221184,0.0021625512571195426,3,0.002372033958569851,0.0005051220548540281,4,0.0031178262834109485,0.0007029693012687186
C1_LEGACY_EXACT_RULE|O_IND|256|1|0.01|0.01|8,joint_1_minus_no_x_off_1,active,C1_LEGACY_EXACT_RULE,O_IND,256,1,0.01,0.01,8,BASELINE,4,1,1,6,22,2.9123572680499072,0.008051513717798078,0.00016644980411819834,6.954999840949401,0.0021116621108622246,0.00047739334339609113,0.015305906723514708,0.0033302812797343733,2.1438237265223923,0.003092043429071181,0.0007612591602515205,8.754143123735844,0.29615222399813296,5.43687467429253,736,211968,0.002169390932544552,3,0.0023773866895573457,0.0005166672481851946,4,0.003178498122639678,0.0007262805396708627
D_DIRECT|O_IND|16|0|0.0|0.0|0,joint_1_minus_joint_0,all,D_DIRECT,O_IND,16,0,0.0,0.0,0,DIRECT,4,0,0,0,0,46.59893708551731,2.262731910020653,0.0002832048205567812,89.3853263372317,0.04702963976041658,0.014279909194763345,1.888289305473501,0.0063696898543975,17.217699483137228,0.04499173280766519,0.012511988846727766,2170.931088200489,0.5328118928103126,63.8316489908697,768,221184,0.05941487505275806,1,0.0517809350050634,0.015300976575524936,1,0.04895577792856495,0.013301720011027364
D_DIRECT|O_IND|16|0|0.0|0.0|0,joint_1_minus_joint_0,active,D_DIRECT,O_IND,16,0,0.0,0.0,0,DIRECT,4,0,0,0,0,46.59893708551731,2.262731910020653,0.0002832048205567812,89.3853263372317,0.04702963976041658,0.014279909194763345,1.888289305473501,0.0063696898543975,17.217699483137228,0.04499173280766519,0.012511988846727766,2170.931088200489,0.5328118928103126,63.8316489908697,768,221184,0.05941487505275806,1,0.0517809350050634,0.015300976575524936,1,0.04895577792856495,0.013301720011027364
D_DIRECT|O_IND|16|0|0.0|0.0|0,no_x_off_1_minus_joint_0,all,D_DIRECT,O_IND,16,0,0.0,0.0,0,DIRECT,4,0,0,0,0,40.66526850397032,1.6526054676325805,3.1324625793816554e-05,229.6897668143058,0.04189040417048623,0.010490020906636222,1.5873881653828028,0.0011898953808627498,36.52474392396881,0.04247270189853247,0.009980470882198646,1653.6491087699958,0.07359555026887879,149.89802202130087,768,221184,0.045148277123770564,1,0.04684078471326831,0.011187295611693869,4,0.04717803861909363,0.010695980118681767
D_DIRECT|O_IND|16|0|0.0|0.0|0,no_x_off_1_minus_joint_0,active,D_DIRECT,O_IND,16,0,0.0,0.0,0,DIRECT,4,0,0,0,0,40.47781027921348,1.6346140310677086,3.013801965718407e-05,232.8896859962326,0.046799470756594776,0.011797697234527012,1.584540858869004,0.001189421840666848,36.49923539397437,0.04613740075633821,0.011339965231989466,1638.437998024487,0.073314350774121,149.4928801539072,672,193536,0.05095814376861375,1,0.04695829080110278,0.012568466810189818,4,0.04777495001065242,0.012122959070268455
D_DIRECT|O_IND|16|0|0.0|0.0|0,joint_1_minus_no_x_off_1,all,D_DIRECT,O_IND,16,0,0.0,0.0,0,DIRECT,4,0,0,0,0,39.788797889607075,1.6642726276388171,0.00018282859450720028,95.40918254302144,0.042016831889569596,0.010443639315871627,1.44452050412402,0.0033666054843043245,20.714084430994827,0.04173377212382105,0.00937652720457021,1582.7532958121785,0.3043709295321603,72.11158277174822,768,221184,0.04311797689906379,5,0.046962530925576264,0.01033170780161744,4,0.04524926120254631,0.010075773218964466
D_DIRECT|O_IND|16|0|0.0|0.0|0,joint_1_minus_no_x_off_1,active,D_DIRECT,O_IND,16,0,0.0,0.0,0,DIRECT,4,0,0,0,0,39.5341031579066,1.6355808226579083,0.00016644980411819834,99.12754731405633,0.04210208351003812,0.010694985118442538,1.4413989496154114,0.0033302812797343733,20.804229814000973,0.04222429612427792,0.009718226618099885,1562.5812089490803,0.29615222399813296,72.63798688246561,736,211968,0.04431528911147635,5,0.047068826102455025,0.010656199648478148,4,0.04559188187515807,0.010491409589626428
D_DIRECT|O_LR_ORIGIN|256|0|0.0|0.0|0,joint_1_minus_joint_0,all,D_DIRECT,O_LR_ORIGIN,256,0,0.0,0.0,0,DIRECT,4,0,0,0,0,0.7341214002516128,5.589921952476232e-06,0.0002832048205567812,0.14049230938671733,7.858547127011102e-05,1.9978069376592965e-05,1.8630255056686047e-05,0.0063696898543975,0.054081690317224165,0.00014683317709723016,3.587305706017632e-05,0.006673624163476724,0.5328118928103126,0.11191644783543729,768,221184,9.466260423291434e-05,0,8.82723444708222e-05,2.0365743848595115e-05,0,0.00015238031939279528,3.5965873620679865e-05
D_DIRECT|O_LR_ORIGIN|256|0|0.0|0.0|0,joint_1_minus_joint_0,active,D_DIRECT,O_LR_ORIGIN,256,0,0.0,0.0,0,DIRECT,4,0,0,0,0,0.7341214002516128,5.589921952476232e-06,0.0002832048205567812,0.14049230938671733,7.858547127011102e-05,1.9978069376592965e-05,1.8630255056686047e-05,0.0063696898543975,0.054081690317224165,0.00014683317709723016,3.587305706017632e-05,0.006673624163476724,0.5328118928103126,0.11191644783543729,768,221184,9.466260423291434e-05,0,8.82723444708222e-05,2.0365743848595115e-05,0,0.00015238031939279528,3.5965873620679865e-05
D_DIRECT|O_LR_ORIGIN|256|0|0.0|0.0|0,no_x_off_1_minus_joint_0,all,D_DIRECT,O_LR_ORIGIN,256,0,0.0,0.0,0,DIRECT,4,0,0,0,0,0.27293752055044423,7.962166774812431e-07,3.1324625793816554e-05,0.15943097029823725,2.9853311247628016e-05,6.818353447585609e-06,3.0870004832498828e-06,0.0011898953808627498,0.05093472426270632,5.836921283882582e-05,1.3016157528072298e-05,0.0009820682945011162,0.07359555026887879,0.11551677792416458,768,221184,3.262833919418288e-05,1,3.08650135107846e-05,6.845989800309981e-06,0,6.285793561930425e-05,1.3126359754721982e-05
D_DIRECT|O_LR_ORIGIN|256|0|0.0|0.0|0,no_x_off_1_minus_joint_0,active,D_DIRECT,O_LR_ORIGIN,256,0,0.0,0.0,0,DIRECT,4,0,0,0,0,0.2723937546446537,7.83309932155199e-07,3.013801965718407e-05,0.16121648973193653,3.213173348960852e-05,7.635410114276687e-06,3.0710544876900725e-06,0.001189421840666848,0.050813113499585776,6.190399569530955e-05,1.4697091773808374e-05,0.000968923698019902,0.073314350774121,0.11496093636000354,672,193536,3.6602224193324536e-05,1,3.232534771223085e-05,7.662950691453264e-06,0,6.52588213600638e-05,1.4791322412296686e-05
D_DIRECT|O_LR_ORIGIN|256|0|0.0|0.0|0,joint_1_minus_no_x_off_1,all,D_DIRECT,O_LR_ORIGIN,256,0,0.0,0.0,0,DIRECT,4,0,0,0,0,0.5550191707761402,3.3501517746320152e-06,0.00018282859450720028,0.13536618237338233,6.147339136949096e-05,1.3556561885533932e-05,1.098797361312803e-05,0.0033666054843043245,0.057129798282272846,0.00011116296653022358,2.3378941737904186e-05,0.003985335760505509,0.3043709295321603,0.1144276220284125,768,221184,6.37939511584554e-05,1,6.53669142012889e-05,1.39777556062685e-05,5,0.00011541716443944899,2.3633266030368137e-05
D_DIRECT|O_LR_ORIGIN|256|0|0.0|0.0|0,joint_1_minus_no_x_off_1,active,D_DIRECT,O_LR_ORIGIN,256,0,0.0,0.0,0,DIRECT,4,0,0,0,0,0.5472290663343663,3.124114034240646e-06,0.00016644980411819834,0.13700038723498223,6.0874261407684677e-05,1.358221364298327e-05,1.008750424979705e-05,0.0033302812797343733,0.055036576007769414,0.00010983874720000121,2.3269106278459923e-05,0.0037287185665335577,0.29615222399813296,0.11220760776427928,736,211968,6.397010054562659e-05,1,6.428722600504506e-05,1.3780293663692774e-05,5,0.00011283376932688277,2.339517828596562e-05
D_DIRECT|O_LR_MIX|16|0|0.0|0.0|0,joint_1_minus_joint_0,all,D_DIRECT,O_LR_MIX,16,0,0.0,0.0,0,DIRECT,4,0,0,0,0,0.8037565915144166,0.00010123607464830891,0.0002832048205567812,0.597884545969328,0.0003403678006657985,8.455241157538212e-05,0.0003118592478084772,0.0063696898543975,0.22126879471202787,0.0005873423086508241,0.0001468236444277547,0.11123910303748256,0.5328118928103126,0.45692170018856537,768,221184,0.000385176631482094,5,0.000370426317620769,9.147907372440115e-05,5,0.0006550780610784973,0.00014969274329961022
D_DIRECT|O_LR_MIX|16|0|0.0|0.0|0,joint_1_minus_joint_0,active,D_DIRECT,O_LR_MIX,16,0,0.0,0.0,0,DIRECT,4,0,0,0,0,0.8037565915144166,0.00010123607464830891,0.0002832048205567812,0.597884545969328,0.0003403678006657985,8.455241157538212e-05,0.0003118592478084772,0.0063696898543975,0.22126879471202787,0.0005873423086508241,0.0001468236444277547,0.11123910303748256,0.5328118928103126,0.45692170018856537,768,221184,0.000385176631482094,5,0.000370426317620769,9.147907372440115e-05,5,0.0006550780610784973,0.00014969274329961022
D_DIRECT|O_LR_MIX|16|0|0.0|0.0|0,no_x_off_1_minus_joint_0,all,D_DIRECT,O_LR_MIX,16,0,0.0,0.0,0,DIRECT,4,0,0,0,0,0.3005922102750073,1.3326353634596853e-05,3.1324625793816554e-05,0.6522479474135462,0.0001251044947769118,2.779304266287503e-05,5.080549739303904e-05,0.0011898953808627498,0.20663361063681648,0.00024314161585036395,5.329492368627268e-05,0.016187162014945293,0.07359555026887879,0.4689856758622252,768,221184,0.0001323594225169211,4,0.00012927587322221986,2.784484398552295e-05,0,0.0002506554346332341,5.3839324879558664e-05
D_DIRECT|O_LR_MIX|16|0|0.0|0.0|0,no_x_off_1_minus_joint_0,active,D_DIRECT,O_LR_MIX,16,0,0.0,0.0,0,DIRECT,4,0,0,0,0,0.29977557963871376,1.3134576982957285e-05,3.013801965718407e-05,0.6601622542026744,0.00013083674615913844,3.119666491617191e-05,5.04654544758341e-05,0.001189421840666848,0.20598193798413383,0.00025595065219534023,6.011081131864757e-05,0.01597358952569402,0.073314350774121,0.46677411427891663,672,193536,0.0001485704531413135,3,0.00013315289910288873,3.1877783870187055e-05,0,0.0002662230412133081,6.097029197390007e-05
D_DIRECT|O_LR_MIX|16|0|0.0|0.0|0,joint_1_minus_no_x_off_1,all,D_DIRECT,O_LR_MIX,16,0,0.0,0.0,0,DIRECT,4,0,0,0,0,0.6493785850183607,0.00010325034748958279,0.00018282859450720028,0.7514908561978735,0.0003567566945892661,7.680245600504915e-05,0.0003302727201080053,0.0033666054843043245,0.31321333108471977,0.0006200212852388267,0.00013584720722292372,0.11613046291571372,0.3043709295321603,0.617691312557985,768,221184,0.00035327295540809705,5,0.00038303022635753333,8.276550391774974e-05,5,0.0006770723404412378,0.00013692993349515375
D_DIRECT|O_LR_MIX|16|0|0.0|0.0|0,joint_1_minus_no_x_off_1,active,D_DIRECT,O_LR_MIX,16,0,0.0,0.0,0,DIRECT,4,0,0,0,0,0.6389743686512215,9.918516056478055e-05,0.00016644980411819834,0.7719367305285552,0.00035579877964726493,7.758632602008213e-05,0.0003170207821997872,0.0033302812797343733,0.30853426918791266,0.0006199061215118408,0.00013765528396337596,0.11163059333433893,0.29615222399813296,0.6139515743400307,736,211968,0.000358640471364263,5,0.00038467230604869395,8.426061500102375e-05,5,0.0006937051131291899,0.0001401562712461224
D_DIRECT|O_IND|256|0|0.0|0.0|0,joint_1_minus_joint_0,all,D_DIRECT,O_IND,256,0,0.0,0.0,0,DIRECT,4,0,0,0,0,11.678268622009536,0.1513720635738907,0.0002832048205567812,23.11918632081182,0.012530083451834413,0.003698732810088099,0.1204216082583488,0.0063696898543975,4.348035368769516,0.011388183268382852,0.0031836210003683384,135.83439893832036,0.5328118928103126,15.96680155438371,768,221184,0.015377690906996049,1,0.012962909030002998,0.003761869610548508,3,0.012347954229206837,0.0034456769659201524
D_DIRECT|O_IND|256|0|0.0|0.0|0,joint_1_minus_joint_0,active,D_DIRECT,O_IND,256,0,0.0,0.0,0,DIRECT,4,0,0,0,0,11.678268622009536,0.1513720635738907,0.0002832048205567812,23.11918632081182,0.012530083451834413,0.003698732810088099,0.1204216082583488,0.0063696898543975,4.348035368769516,0.011388183268382852,0.0031836210003683384,135.83439893832036,0.5328118928103126,15.96680155438371,768,221184,0.015377690906996049,1,0.012962909030002998,0.003761869610548508,3,0.012347954229206837,0.0034456769659201524
D_DIRECT|O_IND|256|0|0.0|0.0|0,no_x_off_1_minus_joint_0,all,D_DIRECT,O_IND,256,0,0.0,0.0,0,DIRECT,4,0,0,0,0,10.25039746514053,0.10766122983045767,3.1324625793816554e-05,58.62552197044839,0.01130514263461104,0.0026825439404206943,0.0981880909147341,0.0011898953808627498,9.083955932358146,0.010929103118556487,0.0025193816431819237,104.97692661002678,0.07359555026887879,37.76775311760043,768,221184,0.011717741875690768,3,0.012060782825799376,0.0027999350656715705,4,0.011806807024680897,0.0026439649251425398
D_DIRECT|O_IND|256|0|0.0|0.0|0,no_x_off_1_minus_joint_0,active,D_DIRECT,O_IND,256,0,0.0,0.0,0,DIRECT,4,0,0,0,0,10.205533968587062,0.10684664547891119,3.013801965718407e-05,59.54195497347638,0.011977039741501718,0.003024589164074349,0.09798455837680582,0.001189421840666848,9.076342280361063,0.011374715770321954,0.002859112351296641,104.05864150887244,0.073314350774121,37.674246879664075,672,193536,0.013217880934749526,3,0.01232208626225883,0.0031601332341517595,4,0.012243512607475866,0.0029936177656704303
D_DIRECT|O_IND|256|0|0.0|0.0|0,joint_1_minus_no_x_off_1,all,D_DIRECT,O_IND,256,0,0.0,0.0,0,DIRECT,4,0,0,0,0,9.939010793176303,0.10380602833205736,0.00018282859450720028,23.828089748693174,0.011081178877675476,0.00259301538537149,0.09218139835221109,0.0033666054843043245,5.232696338246291,0.010769815016131841,0.002351523378619725,98.57609978970939,0.3043709295321603,17.996341684849032,768,221184,0.011130883829963197,4,0.012082854433313663,0.0026912885114456883,4,0.010976137420321948,0.002386627703830739
D_DIRECT|O_IND|256|0|0.0|0.0|0,joint_1_minus_no_x_off_1,active,D_DIRECT,O_IND,256,0,0.0,0.0,0,DIRECT,4,0,0,0,0,9.87666712341754,0.10171195757415306,0.00016644980411819834,24.719766393149097,0.011125298901199156,0.0026507512933214247,0.09193666597952083,0.0033302812797343733,5.254167540587258,0.01091360177493337,0.002433991539722832,97.34524098436643,0.29615222399813296,18.130085954987784,736,211968,0.011430393507451151,4,0.01258181254697968,0.0027738029236281103,4,0.011176631005380952,0.0024704913573940323
D_DIRECT|O_LR_MIX|256|0|0.0|0.0|0,joint_1_minus_joint_0,all,D_DIRECT,O_LR_MIX,256,0,0.0,0.0,0,DIRECT,4,0,0,0,0,0.734751761718104,6.007373857990209e-06,0.0002832048205567812,0.14564380263151172,8.206871220546186e-05,2.0537351285839186e-05,1.8790473087862384e-05,0.0063696898543975,0.05431374061373783,0.00014855393222772625,3.659579386852854e-05,0.006830821228667898,0.5328118928103126,0.11322687069481945,768,221184,9.587414684556727e-05,5,8.953411947644103e-05,2.1713699381298992e-05,3,0.00015763059755275787,3.901703603661957e-05
D_DIRECT|O_LR_MIX|256|0|0.0|0.0|0,joint_1_minus_joint_0,active,D_DIRECT,O_LR_MIX,256,0,0.0,0.0,0,DIRECT,4,0,0,0,0,0.734751761718104,6.007373857990209e-06,0.0002832048205567812,0.14564380263151172,8.206871220546186e-05,2.0537351285839186e-05,1.8790473087862384e-05,0.0063696898543975,0.05431374061373783,0.00014855393222772625,3.659579386852854e-05,0.006830821228667898,0.5328118928103126,0.11322687069481945,768,221184,9.587414684556727e-05,5,8.953411947644103e-05,2.1713699381298992e-05,3,0.00015763059755275787,3.901703603661957e-05
D_DIRECT|O_LR_MIX|256|0|0.0|0.0|0,no_x_off_1_minus_joint_0,all,D_DIRECT,O_LR_MIX,256,0,0.0,0.0,0,DIRECT,4,0,0,0,0,0.273379217051061,9.052413221272998e-07,3.1324625793816554e-05,0.1699962101078718,3.113367831546338e-05,7.1775071042063066e-06,3.1495801820380087e-06,0.0011898953808627498,0.051448408542776713,5.883969875750353e-05,1.3332628322626608e-05,0.0010118816020616831,0.07359555026887879,0.11725707904868182,768,221184,3.314105877565319e-05,1,3.424120168587352e-05,7.353577205158882e-06,3,6.468535919990796e-05,1.4449643356009949e-05
D_DIRECT|O_LR_MIX|256|0|0.0|0.0|0,no_x_off_1_minus_joint_0,active,D_DIRECT,O_LR_MIX,256,0,0.0,0.0,0,DIRECT,4,0,0,0,0,0.27283908380331645,8.917492240781074e-07,3.013801965718407e-05,0.17201408679610564,3.2959082735780237e-05,8.04635432715857e-06,3.1274558242891923e-06,0.001189421840666848,0.051277593773406176,6.172752612241747e-05,1.5032982701683358e-05,0.0009989593602950026,0.073314350774121,0.11672917437121265,672,193536,3.71922244750274e-05,1,3.564495792440332e-05,8.25573942593257e-06,3,6.688688008244789e-05,1.6276506129673374e-05
D_DIRECT|O_LR_MIX|256|0|0.0|0.0|0,joint_1_minus_no_x_off_1,all,D_DIRECT,O_LR_MIX,256,0,0.0,0.0,0,DIRECT,4,0,0,0,0,0.5583704540865594,6.393197776495939e-06,0.00018282859450720028,0.1869980206242975,8.676562204831604e-05,1.8970024724457104e-05,1.9815519925855965e-05,0.0033666054843043245,0.07671965173412719,0.0001518488829175714,3.367278866646847e-05,0.007144391585665982,0.3043709295321603,0.15320785768391007,768,221184,8.826649960215053e-05,5,9.777845618189494e-05,2.046878543206822e-05,3,0.0001710566169058098,3.739123216180793e-05
D_DIRECT|O_LR_MIX|256|0|0.0|0.0|0,joint_1_minus_no_x_off_1,active,D_DIRECT,O_LR_MIX,256,0,0.0,0.0,0,DIRECT,4,0,0,0,0,0.5505163400255092,6.2125524563057145e-06,0.00016644980411819834,0.1931938913314527,8.815119256251844e-05,1.9282764322352106e-05,1.917591752610494e-05,0.0033302812797343733,0.07588179899445974,0.00015183378285946704,3.418461420484589e-05,0.006865335883847115,0.29615222399813296,0.15225564229236613,736,211968,8.945882922235988e-05,5,9.826328361288642e-05,2.063373069986721e-05,3,0.00016916082589499024,3.742945933239805e-05
D_DIRECT|O_LR_ORIGIN|16|0|0.0|0.0|0,joint_1_minus_joint_0,all,D_DIRECT,O_LR_ORIGIN,16,0,0.0,0.0,0,DIRECT,4,0,0,0,0,0.7978997098288363,9.425915953018962e-05,0.0002832048205567812,0.5769145083446258,0.0003249413280439122,8.107120316254311e-05,0.0002822497942695464,0.0063696898543975,0.21050270146395023,0.0005533455575421178,0.00013839976687849825,0.1061615449201178,0.5328118928103126,0.44637170765884454,768,221184,0.0003766593423763774,4,0.00033833656622874603,7.966017420148751e-05,1,0.0006054500042208796,0.00014517695832166858
D_DIRECT|O_LR_ORIGIN|16|0|0.0|0.0|0,joint_1_minus_joint_0,active,D_DIRECT,O_LR_ORIGIN,16,0,0.0,0.0,0,DIRECT,4,0,0,0,0,0.7978997098288363,9.425915953018962e-05,0.0002832048205567812,0.5769145083446258,0.0003249413280439122,8.107120316254311e-05,0.0002822497942695464,0.0063696898543975,0.21050270146395023,0.0005533455575421178,0.00013839976687849825,0.1061615449201178,0.5328118928103126,0.44637170765884454,768,221184,0.0003766593423763774,4,0.00033833656622874603,7.966017420148751e-05,1,0.0006054500042208796,0.00014517695832166858
D_DIRECT|O_LR_ORIGIN|16|0|0.0|0.0|0,no_x_off_1_minus_joint_0,all,D_DIRECT,O_LR_ORIGIN,16,0,0.0,0.0,0,DIRECT,4,0,0,0,0,0.29863814733889604,1.3419462604976088e-05,3.1324625793816554e-05,0.654522554093511,0.00012528227131479542,2.763172447356807e-05,4.6848493510007805e-05,0.0011898953808627498,0.19842364610873672,0.0002179933554539488,5.0820482943608123e-05,0.0156248168472744,0.07359555026887879,0.4607673413528895,768,221184,0.0001302216685042134,3,0.00013401155364016978,2.7489050241973366e-05,2,0.00024124189751809666,4.993970004546754e-05
D_DIRECT|O_LR_ORIGIN|16|0|0.0|0.0|0,no_x_off_1_minus_joint_0,active,D_DIRECT,O_LR_ORIGIN,16,0,0.0,0.0,0,DIRECT,4,0,0,0,0,0.2978648690206753,1.3195882484119873e-05,3.013801965718407e-05,0.6617011108639534,0.00013270342486290177,3.091227458929863e-05,4.658168004535398e-05,0.001189421840666848,0.19789718634154796,0.000232735485638174,5.7320714772787894e-05,0.015439528064593465,0.073314350774121,0.4589047088961065,672,193536,0.00014628589828582212,1,0.00013715344443718117,3.15352484768116e-05,2,0.0002569688471708626,5.6292887848757305e-05
D_DIRECT|O_LR_ORIGIN|16|0|0.0|0.0|0,joint_1_minus_no_x_off_1,all,D_DIRECT,O_LR_ORIGIN,16,0,0.0,0.0,0,DIRECT,4,0,0,0,0,0.6049199372509608,5.578765122039101e-05,0.00018282859450720028,0.5523914885799738,0.0002531812575344541,5.496921304841788e-05,0.00016586295370136058,0.0033666054843043245,0.2219619769285038,0.0004145480231786115,8.97861248721878e-05,0.06323225910631185,0.3043709295321603,0.4557931182968581,768,221184,0.0002535895735346735,3,0.0002718298634281894,5.5503698195891205e-05,1,0.0004979199013542554,9.869751878875487e-05
D_DIRECT|O_LR_ORIGIN|16|0|0.0|0.0|0,joint_1_minus_no_x_off_1,active,D_DIRECT,O_LR_ORIGIN,16,0,0.0,0.0,0,DIRECT,4,0,0,0,0,0.5943132718613671,5.424227365047512e-05,0.00016644980411819834,0.5708569574503817,0.00025499202411381706,5.586030228159937e-05,0.00015279733682731553,0.0033302812797343733,0.21419899771566644,0.0004094277258758461,8.964198815818942e-05,0.05878276277424291,0.29615222399813296,0.4455203004665502,736,211968,0.00025455259240756545,3,0.000272795239088201,5.615884686552667e-05,1,0.00048195849236365733,9.63986470848215e-05
C5|O_LR_ORIGIN|64|4|1e-05|0.01|1,no_x_off_1_minus_joint_0,active,C5,O_LR_ORIGIN,64,4,1e-05,0.01,1,N2E,4,1,2,1,2,0.07680566730205038,9.23495766294826e-06,1.527549092592731e-05,0.7775348543052603,0.00015143279325874145,4.8164065985201097e-05,0.000415419904711202,0.0007901181999807789,0.72509952070173,0.0008804365418880858,0.00035853939130118726,0.028299130113965003,0.04814863584809492,0.7666454268724341,320,92160,0.0003389708248820656,0,0.00016873651349603986,4.99118139565997e-05,2,0.0009104859574349761,0.0003664257972283814
C6|O_LR_MIX|64|4|1e-05|0.01|1,no_x_off_1_minus_joint_0,active,C6,O_LR_MIX,64,4,1e-05,0.01,1,N2E,4,1,2,1,2,0.07661312630793013,9.197201133000243e-06,1.527549092592731e-05,0.775943775783274,0.0001524798294543371,4.804153261028572e-05,0.0004164601960629161,0.0007901181999807789,0.7260068473668904,0.0008725182076850942,0.0003590740291750246,0.028273938744825,0.04814863584809492,0.766304124016652,320,92160,0.0003387059421644108,1,0.00016187200731822496,5.300529284314164e-05,2,0.0009074115943871352,0.0003642802904653405
